hall_1,hall_2,hall_3,flex_t,flex_i,flex_m,flex_r,flex_p,accel_x,accel_y,accel_z,gyro_x,gyro_y,gyro_z,hand,sign
3349.0,3107.0,3165.0,4095.0,3204.0,2675.0,3061.0,2794.0,2.78,8.67,8.36,0.01,-0.01,-0.15,0.0,o
3352.0,3105.0,3165.0,4095.0,3209.0,2673.0,3063.0,2793.0,2.75,8.69,8.37,0.02,-0.01,-0.15,0.0,o
3351.0,3088.0,3162.0,4095.0,3213.0,2673.0,3056.0,2794.0,2.7,8.68,8.25,0.03,0.01,-0.15,0.0,o
3354.0,3109.0,3171.0,4095.0,3216.0,2679.0,3059.0,2798.0,2.73,8.69,8.24,0.02,-0.01,-0.15,0.0,o
3354.0,3115.0,3169.0,4095.0,3215.0,2683.0,3061.0,2795.0,2.8,8.7,8.21,0.0,-0.02,-0.14,0.0,o
3354.0,3109.0,3159.0,4095.0,3216.0,2687.0,3069.0,2791.0,2.81,8.66,8.34,0.0,-0.0,-0.15,0.0,o
3367.0,3104.0,3177.0,4095.0,3216.0,2683.0,3062.0,2798.0,2.75,8.64,8.37,0.01,-0.01,-0.15,0.0,o
3356.0,3105.0,3169.0,4095.0,3218.0,2687.0,3068.0,2799.0,2.84,8.68,8.37,0.01,-0.01,-0.14,0.0,o
3355.0,3114.0,3170.0,4095.0,3227.0,2688.0,3059.0,2797.0,2.8,8.63,8.39,0.02,0.0,-0.15,0.0,o
3339.0,3097.0,3162.0,4095.0,3215.0,2682.0,3059.0,2790.0,2.7,8.68,8.32,0.03,-0.01,-0.15,0.0,o
3344.0,3101.0,3163.0,4095.0,3221.0,2682.0,3058.0,2790.0,2.8,8.68,8.34,0.02,-0.0,-0.14,0.0,o
3359.0,3111.0,3177.0,4095.0,3226.0,2686.0,3065.0,2799.0,2.86,8.71,8.2,0.02,-0.01,-0.15,0.0,o
3370.0,3100.0,3173.0,4095.0,3215.0,2675.0,3062.0,2788.0,2.86,8.68,8.34,-0.01,-0.01,-0.16,0.0,o
3351.0,3103.0,3156.0,4095.0,3221.0,2682.0,3059.0,2795.0,2.76,8.65,8.4,0.02,0.0,-0.16,0.0,o
3359.0,3101.0,3165.0,4095.0,3221.0,2678.0,3058.0,2797.0,2.72,8.66,8.34,0.01,-0.01,-0.15,0.0,o
3362.0,3113.0,3170.0,4095.0,3218.0,2684.0,3062.0,2799.0,2.75,8.7,8.37,0.03,-0.01,-0.15,0.0,o
3357.0,3119.0,3180.0,4095.0,3215.0,2688.0,3065.0,2799.0,2.75,8.67,8.31,0.03,0.0,-0.15,0.0,o
3357.0,3102.0,3184.0,4095.0,3216.0,2688.0,3055.0,2791.0,2.77,8.68,8.29,0.02,-0.0,-0.15,0.0,o
3363.0,3104.0,3167.0,4095.0,3221.0,2685.0,3063.0,2800.0,2.77,8.72,8.27,0.02,-0.02,-0.14,0.0,o
3365.0,3110.0,3152.0,4095.0,3214.0,2671.0,3016.0,2752.0,2.82,8.75,8.26,-0.07,0.03,-0.12,0.0,o
3799.0,3119.0,3139.0,3463.0,2986.0,2524.0,2750.0,2521.0,2.77,8.55,8.62,0.04,-0.03,-0.17,0.0,o
3867.0,3116.0,3152.0,3413.0,2957.0,2509.0,2714.0,2487.0,2.78,8.55,8.38,-0.1,-0.05,-0.13,0.0,o
3938.0,3107.0,3139.0,3367.0,2943.0,2493.0,2689.0,2458.0,2.72,8.51,8.72,-0.04,0.05,-0.13,0.0,o
3984.0,3120.0,3138.0,3345.0,2935.0,2482.0,2690.0,2465.0,2.87,8.39,8.7,-0.03,0.02,-0.18,0.0,o
4030.0,3116.0,3148.0,3335.0,2943.0,2491.0,2707.0,2481.0,2.81,8.52,8.72,0.06,-0.08,-0.21,0.0,o
4030.0,3114.0,3143.0,3349.0,2944.0,2501.0,2723.0,2493.0,2.85,8.52,8.51,0.08,-0.01,-0.18,0.0,o
4007.0,3117.0,3149.0,3433.0,2980.0,2519.0,2771.0,2534.0,2.85,8.43,8.68,0.18,0.03,-0.26,0.0,o
3943.0,3123.0,3156.0,3535.0,3007.0,2549.0,2815.0,2587.0,2.7,8.65,8.46,0.26,0.03,-0.32,0.0,o
3856.0,3133.0,3167.0,3643.0,3041.0,2559.0,2857.0,2644.0,2.66,8.63,8.42,0.28,0.04,-0.34,0.0,o
3783.0,3121.0,3171.0,3775.0,3070.0,2607.0,2954.0,2721.0,2.27,8.86,8.23,0.3,-0.09,-0.28,0.0,o
3759.0,3121.0,3188.0,3979.0,3129.0,2640.0,3041.0,2788.0,2.51,8.83,8.04,0.15,-0.06,-0.2,0.0,o
3710.0,3122.0,3189.0,4095.0,3168.0,2672.0,3114.0,2839.0,2.45,8.94,7.96,0.14,-0.01,-0.18,0.0,o
3663.0,3124.0,3186.0,4095.0,3199.0,2694.0,3153.0,2876.0,2.66,8.94,7.92,0.2,0.05,-0.19,0.0,o
3606.0,3120.0,3190.0,4095.0,3222.0,2711.0,3190.0,2914.0,2.54,8.94,7.99,0.28,0.02,-0.28,0.0,o
3575.0,3104.0,3207.0,4095.0,3268.0,2742.0,3250.0,2941.0,2.46,8.98,7.81,0.37,-0.07,-0.3,0.0,o
3524.0,3119.0,3212.0,4095.0,3309.0,2751.0,3317.0,2970.0,2.28,9.12,7.47,0.42,-0.07,-0.34,0.0,o
3527.0,3106.0,3203.0,4095.0,3339.0,2779.0,3382.0,3003.0,2.17,9.24,7.16,0.41,0.04,-0.23,0.0,o
3514.0,3112.0,3212.0,4095.0,3365.0,2809.0,3423.0,3034.0,2.05,9.41,6.96,0.23,0.06,-0.15,0.0,o
3524.0,3114.0,3221.0,4095.0,3404.0,2836.0,3463.0,3054.0,2.15,9.34,6.9,0.05,0.06,-0.08,0.0,o
3488.0,3118.0,3211.0,4095.0,3396.0,2843.0,3467.0,3050.0,2.18,9.28,7.12,-0.01,-0.03,-0.08,0.0,o
4095.0,3132.0,3152.0,3379.0,2909.0,2512.0,2735.0,2533.0,2.81,8.42,8.7,-0.15,0.02,-0.07,0.0,o
4095.0,3126.0,3163.0,3409.0,2929.0,2524.0,2753.0,2551.0,2.92,8.43,8.83,0.04,-0.04,-0.14,0.0,o
4095.0,3121.0,3142.0,3453.0,2954.0,2541.0,2783.0,2591.0,2.85,8.47,8.78,0.13,0.01,-0.2,0.0,o
4095.0,3131.0,3161.0,3500.0,2973.0,2555.0,2816.0,2624.0,2.91,8.51,8.56,0.13,-0.02,-0.2,0.0,o
4095.0,3122.0,3167.0,3569.0,2992.0,2559.0,2867.0,2667.0,2.77,8.61,8.59,0.18,0.01,-0.24,0.0,o
4095.0,3120.0,3185.0,3649.0,2994.0,2587.0,2903.0,2704.0,2.82,8.64,8.36,0.16,-0.04,-0.22,0.0,o
4095.0,3135.0,3174.0,3789.0,3024.0,2603.0,2961.0,2752.0,2.6,8.82,8.33,0.25,0.06,-0.27,0.0,o
4095.0,3123.0,3175.0,3850.0,3041.0,2626.0,3015.0,2800.0,2.59,8.82,8.22,0.18,-0.09,-0.21,0.0,o
4027.0,3127.0,3169.0,3998.0,3065.0,2638.0,3059.0,2819.0,2.57,8.76,8.07,0.18,0.04,-0.14,0.0,o
4017.0,3125.0,3187.0,4063.0,3071.0,2640.0,3069.0,2829.0,2.61,8.82,8.02,0.01,0.01,-0.12,0.0,o
3951.0,3120.0,3189.0,4095.0,3120.0,2672.0,3103.0,2860.0,2.67,8.73,8.23,0.09,0.05,-0.15,0.0,o
3844.0,3120.0,3180.0,4095.0,3152.0,2687.0,3136.0,2890.0,2.75,8.82,8.03,0.19,-0.05,-0.26,0.0,o
3803.0,3110.0,3184.0,4095.0,3174.0,2705.0,3174.0,2905.0,2.65,8.8,8.14,0.28,0.03,-0.27,0.0,o
3747.0,3125.0,3184.0,4095.0,3216.0,2738.0,3226.0,2942.0,2.49,9.03,7.8,0.24,-0.04,-0.27,0.0,o
3728.0,3133.0,3184.0,4095.0,3249.0,2751.0,3248.0,2951.0,2.41,8.97,7.81,0.17,0.01,-0.22,0.0,o
3712.0,3123.0,3179.0,4095.0,3303.0,2787.0,3311.0,2974.0,2.3,9.06,7.52,0.12,-0.05,-0.17,0.0,o
3691.0,3117.0,3195.0,4095.0,3328.0,2803.0,3338.0,2983.0,2.49,9.0,7.6,0.01,0.03,-0.11,0.0,o
3698.0,3113.0,3200.0,4095.0,3342.0,2816.0,3350.0,2992.0,2.48,9.0,7.62,0.12,-0.01,-0.13,0.0,o
3689.0,3113.0,3198.0,4095.0,3339.0,2823.0,3359.0,2992.0,2.48,9.11,7.59,-0.01,-0.05,-0.15,0.0,o
3699.0,3105.0,3187.0,4095.0,3333.0,2813.0,3351.0,2985.0,2.43,9.01,7.72,0.01,-0.0,-0.14,0.0,o
3971.0,3120.0,3181.0,4095.0,3113.0,2644.0,3088.0,2832.0,2.49,9.0,7.79,0.03,-0.08,-0.16,0.0,o
3900.0,3117.0,3185.0,4095.0,3154.0,2678.0,3152.0,2903.0,2.51,8.97,7.92,0.03,-0.03,-0.15,0.0,o
3882.0,3114.0,3199.0,4095.0,3206.0,2726.0,3226.0,2962.0,2.38,8.91,7.94,0.06,-0.06,-0.18,0.0,o
3822.0,3093.0,3215.0,4095.0,3248.0,2758.0,3317.0,3045.0,2.48,9.04,7.76,0.09,-0.16,-0.19,0.0,o
3821.0,3103.0,3206.0,4095.0,3287.0,2790.0,3393.0,3071.0,2.55,9.04,7.82,0.06,-0.1,-0.18,0.0,o
3798.0,3065.0,3215.0,4095.0,3329.0,2826.0,3473.0,3134.0,2.45,8.95,7.67,0.1,-0.07,-0.18,0.0,o
3792.0,3069.0,3213.0,4095.0,3333.0,2826.0,3506.0,3152.0,2.53,9.01,7.77,0.05,0.01,-0.14,0.0,o
3789.0,3071.0,3221.0,4095.0,3362.0,2863.0,3583.0,3159.0,2.45,9.01,7.77,0.07,-0.05,-0.09,0.0,o
3786.0,3085.0,3216.0,4095.0,3369.0,2865.0,3623.0,3184.0,2.67,8.98,7.58,0.01,0.02,-0.13,0.0,o
3819.0,3065.0,3221.0,4095.0,3369.0,2868.0,3617.0,3188.0,2.64,9.09,7.6,0.01,0.01,-0.12,0.0,o
3814.0,3058.0,3202.0,4095.0,3344.0,2844.0,3521.0,3136.0,2.58,8.96,7.7,-0.0,0.01,-0.14,0.0,o
3856.0,3091.0,3215.0,4095.0,3321.0,2822.0,3405.0,3043.0,2.49,8.99,7.77,-0.0,0.05,-0.15,0.0,o
3886.0,3095.0,3206.0,4095.0,3280.0,2780.0,3307.0,3003.0,2.57,8.94,7.7,-0.0,-0.01,-0.15,0.0,o
3916.0,3089.0,3212.0,4095.0,3230.0,2747.0,3253.0,2992.0,2.49,9.01,7.68,-0.07,0.02,-0.14,0.0,o
3942.0,3105.0,3197.0,3935.0,3187.0,2719.0,3215.0,2970.0,2.71,8.88,7.67,-0.02,0.05,-0.14,0.0,o
3991.0,3107.0,3198.0,3795.0,3161.0,2698.0,3183.0,2943.0,2.52,9.01,7.79,-0.01,0.02,-0.13,0.0,o
4032.0,3088.0,3181.0,3677.0,3145.0,2693.0,3184.0,2949.0,2.69,8.93,7.82,-0.05,0.02,-0.17,0.0,o
4035.0,3098.0,3191.0,3569.0,3123.0,2689.0,3182.0,2951.0,2.57,8.91,7.86,-0.01,-0.03,-0.14,0.0,o
4066.0,3094.0,3197.0,3516.0,3120.0,2690.0,3180.0,2949.0,2.57,8.95,7.81,-0.08,-0.07,-0.14,0.0,o
4095.0,3109.0,3189.0,3431.0,3095.0,2679.0,3159.0,2940.0,2.6,8.89,7.9,-0.05,0.01,-0.13,0.0,o
4095.0,3149.0,3041.0,3155.0,2772.0,2307.0,2394.0,2220.0,2.39,8.9,7.98,-0.07,-0.05,-0.15,0.0,o
4095.0,3143.0,3043.0,3142.0,2772.0,2320.0,2405.0,2223.0,2.36,8.89,8.22,-0.0,-0.0,-0.14,0.0,o
4095.0,3175.0,3051.0,3129.0,2775.0,2291.0,2375.0,2191.0,2.34,8.85,7.98,-0.02,0.01,-0.15,0.0,o
4095.0,3162.0,3026.0,3117.0,2780.0,2293.0,2370.0,2188.0,2.38,8.87,8.2,0.0,0.02,-0.15,0.0,o
4095.0,3166.0,3031.0,3120.0,2786.0,2301.0,2384.0,2196.0,2.43,8.84,8.13,0.02,0.01,-0.17,0.0,o
4095.0,3154.0,3035.0,3120.0,2790.0,2311.0,2390.0,2202.0,2.32,8.88,8.17,0.03,-0.03,-0.16,0.0,o
4095.0,3181.0,3034.0,3120.0,2787.0,2309.0,2401.0,2215.0,2.39,8.87,8.09,0.04,0.01,-0.16,0.0,o
4095.0,3167.0,3024.0,3141.0,2789.0,2323.0,2429.0,2246.0,2.4,8.88,8.09,0.03,0.03,-0.14,0.0,o
4095.0,3190.0,3034.0,3184.0,2810.0,2354.0,2477.0,2288.0,2.35,8.95,8.02,0.06,-0.03,-0.15,0.0,o
4095.0,3178.0,3046.0,3207.0,2821.0,2359.0,2496.0,2295.0,2.27,8.91,8.02,0.02,0.03,-0.14,0.0,o
4095.0,3184.0,3040.0,3232.0,2819.0,2379.0,2502.0,2311.0,2.32,8.94,7.99,0.01,-0.02,-0.13,0.0,o
4095.0,3182.0,3038.0,3233.0,2832.0,2380.0,2511.0,2309.0,2.39,8.9,8.09,-0.01,-0.01,-0.15,0.0,o
4095.0,3174.0,3031.0,3232.0,2832.0,2375.0,2511.0,2310.0,2.33,8.9,8.13,0.01,-0.06,-0.13,0.0,o
4095.0,3184.0,3038.0,3251.0,2835.0,2375.0,2512.0,2304.0,2.43,8.83,8.13,-0.0,-0.04,-0.16,0.0,o
4095.0,3183.0,3046.0,3216.0,2833.0,2355.0,2480.0,2285.0,2.36,8.92,8.07,0.03,-0.11,-0.16,0.0,o
4095.0,3169.0,3043.0,3199.0,2833.0,2334.0,2454.0,2267.0,2.44,8.9,8.06,0.0,-0.01,-0.15,0.0,o
4095.0,3177.0,3024.0,3145.0,2827.0,2303.0,2419.0,2227.0,2.64,8.87,8.0,-0.01,0.08,-0.18,0.0,o
4095.0,3168.0,3028.0,3108.0,2831.0,2279.0,2379.0,2191.0,2.39,8.91,8.12,0.06,-0.01,-0.22,0.0,o
4095.0,3159.0,3023.0,3099.0,2829.0,2249.0,2343.0,2154.0,2.33,8.9,8.05,-0.0,0.01,-0.24,0.0,o
4095.0,3179.0,3010.0,3091.0,2830.0,2228.0,2320.0,2128.0,2.14,8.9,8.13,-0.01,-0.01,-0.16,0.0,o
4095.0,3194.0,3041.0,3234.0,2891.0,2325.0,2446.0,2226.0,2.47,8.84,8.17,0.08,0.1,-0.14,0.0,o
4095.0,3184.0,3030.0,3280.0,2886.0,2349.0,2496.0,2279.0,2.55,8.9,8.06,0.07,0.02,-0.18,0.0,o
4095.0,3190.0,3049.0,3364.0,2918.0,2373.0,2551.0,2322.0,2.29,8.94,8.07,0.06,0.05,-0.13,0.0,o
4095.0,3197.0,3056.0,3391.0,2926.0,2388.0,2559.0,2339.0,2.36,8.92,7.97,-0.01,0.02,-0.12,0.0,o
4095.0,3199.0,3045.0,3409.0,2927.0,2389.0,2559.0,2343.0,2.34,8.93,8.11,0.01,0.04,-0.12,0.0,o
4095.0,3191.0,3046.0,3393.0,2915.0,2382.0,2550.0,2323.0,2.4,8.84,8.09,-0.0,-0.0,-0.14,0.0,o
4095.0,3200.0,3054.0,3381.0,2903.0,2380.0,2524.0,2310.0,2.39,8.86,8.18,0.01,-0.02,-0.14,0.0,o
4095.0,3202.0,3056.0,3314.0,2891.0,2341.0,2480.0,2272.0,2.42,8.86,8.14,-0.01,-0.06,-0.16,0.0,o
4095.0,3184.0,3049.0,3284.0,2875.0,2315.0,2451.0,2251.0,2.4,8.85,8.18,-0.0,-0.02,-0.1,0.0,o
4095.0,3197.0,3043.0,3235.0,2858.0,2298.0,2416.0,2213.0,2.59,8.79,7.97,-0.03,-0.06,-0.16,0.0,o
4095.0,3178.0,3038.0,3202.0,2844.0,2275.0,2401.0,2192.0,2.48,8.82,8.14,-0.01,-0.04,-0.17,0.0,o
4095.0,3170.0,3041.0,3180.0,2845.0,2266.0,2390.0,2187.0,2.41,8.82,8.08,-0.04,-0.03,-0.16,0.0,o
4095.0,3181.0,3043.0,3181.0,2848.0,2274.0,2390.0,2193.0,2.43,8.72,8.37,-0.03,-0.01,-0.11,0.0,o
4095.0,3186.0,3039.0,3171.0,2844.0,2261.0,2385.0,2179.0,2.57,8.78,8.18,-0.0,-0.03,-0.17,0.0,o
4095.0,3182.0,3035.0,3162.0,2847.0,2253.0,2365.0,2159.0,2.4,8.79,8.06,-0.02,0.04,-0.16,0.0,o
4095.0,3189.0,3038.0,3168.0,2855.0,2262.0,2381.0,2159.0,2.53,8.75,8.18,0.02,-0.03,-0.17,0.0,o
4095.0,3187.0,3042.0,3167.0,2861.0,2265.0,2384.0,2169.0,2.45,8.78,8.2,0.03,-0.0,-0.17,0.0,o
4095.0,3187.0,3039.0,3169.0,2863.0,2262.0,2395.0,2176.0,2.41,8.86,8.11,0.01,-0.04,-0.16,0.0,o
4095.0,3197.0,3038.0,3183.0,2869.0,2287.0,2403.0,2188.0,2.42,8.78,8.31,0.01,-0.01,-0.13,0.0,o
4095.0,3183.0,3031.0,3179.0,2864.0,2287.0,2404.0,2192.0,2.5,8.83,8.18,0.02,-0.01,-0.14,0.0,o
4095.0,3237.0,3060.0,3470.0,2955.0,2458.0,2701.0,2471.0,2.64,8.89,8.12,0.01,-0.02,-0.13,0.0,o
4095.0,3216.0,3071.0,3481.0,2945.0,2445.0,2698.0,2480.0,2.61,8.8,8.19,0.04,0.04,-0.16,0.0,o
4095.0,3222.0,3057.0,3497.0,2957.0,2447.0,2704.0,2496.0,2.62,8.84,8.09,0.01,-0.0,-0.14,0.0,o
4095.0,3223.0,3057.0,3506.0,2960.0,2454.0,2707.0,2501.0,2.57,8.8,8.15,0.0,-0.0,-0.14,0.0,o
4095.0,3245.0,3067.0,3520.0,2961.0,2448.0,2688.0,2481.0,2.56,8.79,8.12,-0.0,0.01,-0.12,0.0,o
4095.0,3227.0,3079.0,3517.0,2959.0,2431.0,2652.0,2447.0,2.66,8.79,8.28,0.01,0.03,-0.12,0.0,o
4095.0,3227.0,3057.0,3482.0,2943.0,2391.0,2601.0,2401.0,2.61,8.8,8.18,0.04,0.0,-0.14,0.0,o
4095.0,3216.0,3068.0,3452.0,2928.0,2371.0,2551.0,2357.0,2.66,8.8,8.06,-0.01,-0.0,-0.14,0.0,o
4095.0,3216.0,3055.0,3401.0,2901.0,2338.0,2512.0,2307.0,2.62,8.77,8.15,-0.02,0.01,-0.14,0.0,o
4095.0,3213.0,3053.0,3358.0,2898.0,2323.0,2463.0,2289.0,2.6,8.71,8.2,-0.01,0.02,-0.14,0.0,o
4095.0,3215.0,3052.0,3317.0,2890.0,2304.0,2432.0,2252.0,2.59,8.76,8.21,-0.02,0.02,-0.15,0.0,o
4095.0,3217.0,3057.0,3280.0,2880.0,2288.0,2414.0,2230.0,2.49,8.79,8.24,-0.06,-0.01,-0.09,0.0,o
4095.0,3215.0,3042.0,3241.0,2874.0,2278.0,2394.0,2198.0,2.7,8.74,8.28,-0.04,0.01,-0.13,0.0,o
4095.0,3228.0,3029.0,3200.0,2868.0,2267.0,2378.0,2188.0,2.65,8.72,8.32,-0.04,-0.02,-0.13,0.0,o
4095.0,3232.0,3024.0,3184.0,2879.0,2259.0,2370.0,2178.0,2.77,8.61,8.42,-0.04,0.0,-0.15,0.0,o
4095.0,3228.0,3021.0,3163.0,2867.0,2257.0,2365.0,2166.0,2.73,8.61,8.32,-0.02,-0.04,-0.19,0.0,o
4095.0,3239.0,3013.0,3138.0,2864.0,2256.0,2349.0,2154.0,2.63,8.66,8.47,0.0,-0.04,-0.18,0.0,o
4095.0,3233.0,3011.0,3149.0,2871.0,2261.0,2352.0,2158.0,2.65,8.68,8.39,0.02,-0.03,-0.16,0.0,o
4095.0,3229.0,3007.0,3155.0,2875.0,2271.0,2363.0,2171.0,2.68,8.62,8.39,0.04,0.01,-0.15,0.0,o
4095.0,3221.0,3025.0,3185.0,2889.0,2294.0,2410.0,2204.0,2.7,8.73,8.38,0.05,0.01,-0.15,0.0,o
3811.0,3354.0,2947.0,3920.0,2954.0,2589.0,2907.0,2723.0,0.75,8.28,9.55,0.03,0.1,-0.09,0.0,o
3808.0,3354.0,2949.0,3942.0,2960.0,2583.0,2900.0,2711.0,0.7,8.36,9.3,0.02,0.38,-0.08,0.0,o
3793.0,3348.0,2962.0,3946.0,2959.0,2544.0,2797.0,2621.0,0.22,8.46,9.46,-0.05,0.7,-0.05,0.0,o
3832.0,3327.0,2970.0,3905.0,2943.0,2478.0,2674.0,2495.0,0.34,8.12,9.53,-0.12,0.82,0.01,0.0,o
3866.0,3330.0,2993.0,3826.0,2929.0,2416.0,2581.0,2414.0,-0.27,8.32,9.67,-0.06,0.97,-0.05,0.0,o
3901.0,3312.0,2988.0,3722.0,2897.0,2383.0,2512.0,2353.0,0.08,8.15,9.79,0.06,1.24,0.01,0.0,o
3906.0,3306.0,2997.0,3658.0,2896.0,2373.0,2497.0,2357.0,-0.92,8.27,9.57,-0.05,1.37,0.08,0.0,o
3830.0,3312.0,3008.0,3627.0,2905.0,2395.0,2542.0,2405.0,-1.0,8.34,9.77,-0.0,0.87,0.08,0.0,o
3661.0,3323.0,3016.0,3632.0,2933.0,2419.0,2609.0,2462.0,-0.72,8.18,9.79,0.01,0.41,0.06,0.0,o
3609.0,3323.0,3028.0,3637.0,2942.0,2451.0,2648.0,2497.0,-0.74,8.31,9.68,-0.01,0.03,-0.07,0.0,o
3504.0,3326.0,3029.0,3664.0,2961.0,2481.0,2699.0,2557.0,-0.91,8.32,9.92,0.11,-0.38,-0.09,0.0,o
3518.0,3315.0,3042.0,3681.0,2960.0,2486.0,2721.0,2559.0,-0.58,8.26,9.98,0.21,-1.44,-0.2,0.0,o
3533.0,3331.0,3050.0,3686.0,2960.0,2492.0,2725.0,2559.0,-0.22,8.32,9.89,0.38,-2.07,-0.41,0.0,o
3553.0,3331.0,3026.0,3683.0,2966.0,2507.0,2759.0,2624.0,0.37,8.46,9.55,0.56,-2.05,-0.56,0.0,o
3606.0,3332.0,3021.0,3660.0,2965.0,2514.0,2785.0,2633.0,0.71,8.64,8.92,0.54,-2.48,-0.41,0.0,o
3648.0,3322.0,3024.0,3670.0,2986.0,2540.0,2813.0,2651.0,1.11,8.81,8.37,0.53,-1.61,-0.41,0.0,o
3685.0,3341.0,3032.0,3674.0,2990.0,2542.0,2818.0,2649.0,1.6,8.92,7.94,0.31,-1.47,-0.28,0.0,o
3695.0,3326.0,3015.0,3674.0,2993.0,2539.0,2823.0,2650.0,1.57,9.08,7.81,0.29,-0.86,-0.25,0.0,o
3742.0,3325.0,3015.0,3644.0,2995.0,2542.0,2778.0,2613.0,1.75,9.02,7.58,0.1,-0.6,-0.24,0.0,o
3792.0,3312.0,3005.0,3565.0,2978.0,2496.0,2709.0,2538.0,1.65,9.21,7.85,0.13,-0.32,-0.27,0.0,o
4095.0,3332.0,2970.0,3519.0,2984.0,2542.0,2782.0,2611.0,2.35,8.9,8.04,-0.0,-0.0,-0.14,0.0,o
4095.0,3319.0,2977.0,3521.0,2992.0,2540.0,2786.0,2614.0,2.37,8.9,8.09,0.01,0.0,-0.15,0.0,o
4095.0,3327.0,2983.0,3508.0,2990.0,2535.0,2770.0,2613.0,2.4,8.89,8.1,0.01,-0.02,-0.16,0.0,o
4095.0,3323.0,2988.0,3488.0,2967.0,2503.0,2734.0,2557.0,2.38,8.82,8.1,0.02,-0.01,-0.18,0.0,o
4095.0,3318.0,2986.0,3459.0,2950.0,2471.0,2672.0,2499.0,2.28,9.02,8.03,0.02,-0.03,-0.16,0.0,o
4095.0,3317.0,2974.0,3442.0,2927.0,2445.0,2622.0,2439.0,2.32,8.85,8.11,0.02,-0.01,-0.16,0.0,o
4095.0,3319.0,2987.0,3424.0,2915.0,2432.0,2597.0,2412.0,2.42,8.87,8.05,0.01,0.02,-0.15,0.0,o
4095.0,3312.0,2992.0,3408.0,2902.0,2403.0,2548.0,2366.0,2.4,8.88,8.04,0.02,0.07,-0.19,0.0,o
4095.0,3312.0,2992.0,3402.0,2896.0,2395.0,2539.0,2345.0,2.26,9.0,8.08,0.04,-0.01,-0.18,0.0,o
4095.0,3323.0,2992.0,3393.0,2891.0,2385.0,2513.0,2320.0,2.22,8.85,8.05,0.01,0.01,-0.15,0.0,o
4095.0,3314.0,2967.0,3377.0,2871.0,2366.0,2479.0,2290.0,2.25,8.97,8.11,0.01,-0.07,-0.17,0.0,o
4095.0,3305.0,2980.0,3344.0,2848.0,2351.0,2448.0,2266.0,2.2,8.98,8.14,0.03,0.03,-0.14,0.0,o
4095.0,3308.0,2988.0,3333.0,2837.0,2345.0,2441.0,2256.0,2.09,9.13,7.88,0.05,0.19,-0.07,0.0,o
4095.0,3295.0,2973.0,3317.0,2830.0,2333.0,2429.0,2255.0,2.34,8.96,8.02,0.0,-0.05,-0.16,0.0,o
4095.0,3305.0,2986.0,3329.0,2850.0,2352.0,2458.0,2282.0,2.3,8.89,8.07,0.01,-0.06,-0.18,0.0,o
4095.0,3307.0,2991.0,3344.0,2847.0,2368.0,2496.0,2293.0,2.19,8.85,8.08,-0.0,-0.01,-0.15,0.0,o
4095.0,3312.0,2999.0,3366.0,2875.0,2396.0,2531.0,2333.0,2.29,8.94,8.16,0.02,-0.02,-0.14,0.0,o
4095.0,3312.0,3007.0,3394.0,2880.0,2415.0,2550.0,2359.0,2.33,8.92,8.06,0.01,-0.05,-0.14,0.0,o
4095.0,3314.0,3014.0,3405.0,2890.0,2426.0,2590.0,2387.0,2.33,8.84,8.11,0.02,-0.03,-0.14,0.0,o
4095.0,3330.0,3003.0,3425.0,2907.0,2451.0,2645.0,2458.0,2.34,8.94,8.03,0.05,-0.11,-0.13,0.0,o
4095.0,3328.0,3020.0,3632.0,3002.0,2583.0,2897.0,2741.0,2.56,8.97,7.93,-0.04,-0.02,-0.12,0.0,o
4095.0,3325.0,3023.0,3739.0,3040.0,2608.0,2941.0,2770.0,2.39,8.86,8.14,-0.05,0.05,-0.1,0.0,o
4095.0,3315.0,3018.0,3780.0,3050.0,2617.0,2944.0,2782.0,2.54,8.82,8.27,0.02,0.02,-0.14,0.0,o
4095.0,3339.0,3010.0,3792.0,3054.0,2615.0,2948.0,2774.0,2.48,8.83,8.15,0.03,-0.03,-0.15,0.0,o
4095.0,3323.0,3031.0,3760.0,3039.0,2601.0,2925.0,2759.0,2.51,8.84,8.15,0.04,-0.01,-0.15,0.0,o
4095.0,3322.0,3015.0,3718.0,3034.0,2559.0,2890.0,2727.0,2.46,8.88,8.02,0.05,-0.01,-0.16,0.0,o
4095.0,3310.0,3023.0,3691.0,3017.0,2544.0,2833.0,2675.0,2.4,8.99,7.97,0.03,0.01,-0.15,0.0,o
4095.0,3314.0,3038.0,3632.0,2994.0,2521.0,2766.0,2608.0,2.46,8.83,8.09,0.02,-0.02,-0.16,0.0,o
4095.0,3326.0,3047.0,3610.0,2975.0,2499.0,2741.0,2589.0,2.47,8.8,8.06,0.01,-0.02,-0.16,0.0,o
4095.0,3303.0,3043.0,3575.0,2962.0,2480.0,2725.0,2559.0,2.42,8.91,8.09,0.0,-0.01,-0.14,0.0,o
4095.0,3317.0,3051.0,3543.0,2943.0,2453.0,2687.0,2527.0,2.47,8.82,8.23,0.02,0.03,-0.14,0.0,o
4095.0,3312.0,3057.0,3522.0,2916.0,2430.0,2623.0,2460.0,2.5,8.82,8.04,0.02,-0.0,-0.19,0.0,o
4095.0,3295.0,3056.0,3511.0,2896.0,2401.0,2559.0,2419.0,2.4,8.93,8.1,0.02,0.0,-0.17,0.0,o
4095.0,3299.0,3057.0,3494.0,2886.0,2381.0,2536.0,2383.0,2.45,8.88,8.05,0.02,-0.0,-0.17,0.0,o
4095.0,3312.0,3058.0,3458.0,2871.0,2374.0,2530.0,2371.0,2.43,8.89,8.05,0.01,-0.04,-0.15,0.0,o
4095.0,3293.0,3047.0,3423.0,2859.0,2373.0,2521.0,2365.0,2.45,8.85,8.12,-0.0,-0.01,-0.14,0.0,o
4095.0,3303.0,3045.0,3443.0,2862.0,2379.0,2536.0,2369.0,2.49,8.82,8.18,0.02,-0.01,-0.14,0.0,o
4095.0,3322.0,3065.0,3455.0,2869.0,2395.0,2557.0,2391.0,2.47,8.84,8.13,0.02,0.0,-0.14,0.0,o
4095.0,3303.0,3056.0,3463.0,2883.0,2411.0,2559.0,2416.0,2.46,8.8,8.09,0.03,-0.02,-0.14,0.0,o
4095.0,3307.0,3055.0,3491.0,2894.0,2443.0,2640.0,2467.0,2.49,8.74,8.14,0.02,-0.01,-0.14,0.0,o
3796.0,3138.0,2951.0,3617.0,3111.0,2557.0,2774.0,2559.0,2.86,8.77,7.94,-0.02,-0.05,-0.14,0.0,o
3831.0,3145.0,2957.0,3583.0,3085.0,2531.0,2753.0,2520.0,2.94,8.67,8.13,-0.03,-0.04,-0.14,0.0,o
3851.0,3137.0,2956.0,3525.0,3037.0,2525.0,2735.0,2511.0,2.97,8.77,8.14,-0.04,-0.02,-0.14,0.0,o
3877.0,3139.0,2955.0,3494.0,3019.0,2516.0,2717.0,2517.0,3.05,8.65,8.3,-0.01,0.02,-0.13,0.0,o
3888.0,3133.0,2959.0,3500.0,3021.0,2516.0,2725.0,2527.0,2.94,8.64,8.25,0.03,-0.04,-0.16,0.0,o
3888.0,3136.0,2945.0,3504.0,3029.0,2529.0,2737.0,2530.0,2.97,8.71,8.18,0.03,-0.04,-0.14,0.0,o
3898.0,3136.0,2956.0,3510.0,3031.0,2531.0,2745.0,2544.0,3.01,8.65,8.08,0.0,-0.05,-0.14,0.0,o
3908.0,3140.0,2963.0,3520.0,3026.0,2530.0,2749.0,2544.0,3.0,8.71,8.16,0.04,-0.04,-0.15,0.0,o
3920.0,3142.0,2962.0,3577.0,3050.0,2551.0,2775.0,2591.0,3.13,8.57,8.12,0.05,-0.03,-0.15,0.0,o
3893.0,3157.0,2960.0,3653.0,3094.0,2559.0,2844.0,2674.0,2.98,8.74,8.11,0.16,0.01,-0.21,0.0,o
3915.0,3154.0,2976.0,3715.0,3094.0,2603.0,2903.0,2757.0,3.06,8.69,8.1,0.16,0.08,-0.25,0.0,o
3918.0,3153.0,2990.0,3759.0,3121.0,2626.0,2950.0,2810.0,2.87,8.87,7.81,0.15,-0.06,-0.24,0.0,o
3922.0,3157.0,2987.0,3801.0,3136.0,2628.0,2981.0,2853.0,2.91,8.78,7.75,0.07,0.02,-0.27,0.0,o
3901.0,3139.0,2997.0,3855.0,3130.0,2643.0,2986.0,2875.0,1.78,8.93,8.19,0.18,-0.55,-0.29,0.0,o
3899.0,3151.0,2996.0,3862.0,3151.0,2645.0,2975.0,2862.0,3.55,8.9,7.68,0.24,-1.52,-0.44,0.0,o
3863.0,3140.0,2981.0,3843.0,3121.0,2615.0,2918.0,2726.0,2.45,9.01,7.51,0.31,-1.23,-0.3,0.0,o
3859.0,3137.0,2989.0,3829.0,3133.0,2607.0,2899.0,2691.0,3.43,9.02,6.65,0.36,-1.94,-0.24,0.0,o
3836.0,3118.0,2969.0,3792.0,3103.0,2559.0,2885.0,2677.0,3.85,9.11,6.06,0.23,-1.2,-0.25,0.0,o
3842.0,3104.0,2974.0,3777.0,3108.0,2590.0,2882.0,2673.0,3.88,9.22,5.86,0.14,-0.84,-0.34,0.0,o
3849.0,3126.0,2960.0,3741.0,3120.0,2598.0,2891.0,2673.0,3.96,9.16,5.65,0.01,-0.09,-0.25,0.0,o
3761.0,3087.0,3007.0,4095.0,3390.0,2789.0,3235.0,3209.0,3.13,8.88,7.36,-0.04,0.03,-0.11,0.0,o
3783.0,3114.0,3024.0,4095.0,3381.0,2781.0,3219.0,3163.0,3.16,8.9,7.54,0.02,0.04,-0.13,0.0,o
3806.0,3101.0,3013.0,4095.0,3322.0,2739.0,3139.0,3043.0,3.14,8.91,7.51,0.05,0.07,-0.17,0.0,o
3823.0,3106.0,3017.0,4095.0,3273.0,2723.0,3071.0,2982.0,3.15,8.96,7.52,0.07,-0.02,-0.19,0.0,o
3834.0,3097.0,2999.0,3982.0,3205.0,2678.0,3011.0,2928.0,3.07,8.99,7.45,0.07,0.0,-0.19,0.0,o
3862.0,3106.0,3006.0,3903.0,3188.0,2671.0,2993.0,2913.0,3.0,8.96,7.39,0.02,0.01,-0.16,0.0,o
3856.0,3102.0,3010.0,3891.0,3186.0,2669.0,3008.0,2926.0,3.04,8.96,7.4,0.03,0.04,-0.14,0.0,o
3861.0,3102.0,3014.0,3824.0,3164.0,2661.0,3005.0,2927.0,3.1,8.99,7.35,0.0,0.03,-0.11,0.0,o
3867.0,3116.0,3006.0,3757.0,3138.0,2651.0,2992.0,2927.0,3.29,8.93,7.42,0.01,0.17,-0.15,0.0,o
3879.0,3109.0,3015.0,3649.0,3107.0,2647.0,2998.0,2925.0,3.0,8.94,7.44,0.03,0.15,-0.13,0.0,o
3908.0,3101.0,3008.0,3583.0,3093.0,2645.0,2997.0,2932.0,2.99,8.96,7.51,0.04,0.17,-0.16,0.0,o
3871.0,3105.0,3005.0,3664.0,3107.0,2645.0,2999.0,2928.0,2.9,8.92,7.43,0.01,0.0,-0.15,0.0,o
3841.0,3103.0,3008.0,3719.0,3125.0,2650.0,2961.0,2877.0,3.03,8.98,7.51,0.0,0.03,-0.15,0.0,o
3870.0,3106.0,3003.0,3802.0,3139.0,2639.0,2930.0,2832.0,3.0,8.96,7.46,0.04,-0.03,-0.18,0.0,o
3950.0,3107.0,2992.0,3866.0,3146.0,2627.0,2914.0,2797.0,3.14,8.98,7.44,0.04,-0.02,-0.16,0.0,o
4091.0,3107.0,2998.0,3920.0,3142.0,2630.0,2922.0,2795.0,2.96,8.95,7.44,0.03,0.07,-0.14,0.0,o
4095.0,3120.0,2989.0,3952.0,3152.0,2637.0,2933.0,2799.0,2.88,8.87,7.4,0.03,-0.0,-0.15,0.0,o
4095.0,3113.0,2992.0,3954.0,3152.0,2641.0,2944.0,2809.0,2.92,8.97,7.59,0.07,-0.05,-0.18,0.0,o
4095.0,3120.0,2977.0,4016.0,3170.0,2645.0,2992.0,2832.0,2.99,9.01,7.56,0.12,-0.07,-0.19,0.0,o
4095.0,3091.0,2992.0,4077.0,3210.0,2670.0,3043.0,2896.0,2.94,8.97,7.33,0.1,-0.01,-0.17,0.0,o
4095.0,3115.0,3025.0,3869.0,3248.0,2731.0,3115.0,3023.0,3.04,8.94,7.44,0.03,-0.01,-0.11,0.0,o
4075.0,3113.0,3027.0,3727.0,3201.0,2706.0,3082.0,2990.0,3.0,8.95,7.44,0.02,0.01,-0.13,0.0,o
4095.0,3117.0,3021.0,3605.0,3151.0,2682.0,3031.0,2951.0,3.02,8.91,7.38,0.04,-0.02,-0.12,0.0,o
4095.0,3123.0,3017.0,3525.0,3120.0,2673.0,3038.0,2943.0,2.98,9.0,7.32,0.01,0.01,-0.13,0.0,o
4095.0,3112.0,3008.0,3467.0,3088.0,2657.0,3010.0,2929.0,3.02,9.01,7.36,0.02,-0.0,-0.15,0.0,o
4095.0,3111.0,3027.0,3474.0,3088.0,2643.0,2987.0,2907.0,2.98,8.93,7.42,0.01,-0.01,-0.16,0.0,o
4095.0,3111.0,3023.0,3578.0,3111.0,2639.0,2992.0,2905.0,2.95,9.0,7.41,0.01,0.06,-0.14,0.0,o
4095.0,3110.0,3016.0,3664.0,3123.0,2667.0,3024.0,2947.0,3.06,9.02,7.34,-0.03,0.11,-0.11,0.0,o
4095.0,3117.0,3013.0,3687.0,3119.0,2687.0,3055.0,2991.0,2.99,9.0,7.37,-0.03,0.16,-0.11,0.0,o
4095.0,3121.0,3025.0,3583.0,3110.0,2694.0,3067.0,3011.0,3.05,8.94,7.33,-0.08,0.14,-0.13,0.0,o
4095.0,3119.0,3027.0,3538.0,3117.0,2699.0,3087.0,3030.0,3.0,8.85,7.61,-0.07,0.16,-0.16,0.0,o
4095.0,3118.0,3039.0,3610.0,3135.0,2718.0,3099.0,3042.0,2.79,8.91,7.75,-0.01,0.07,-0.16,0.0,o
4095.0,3120.0,3030.0,3707.0,3155.0,2719.0,3110.0,3059.0,2.8,8.81,7.74,-0.02,0.04,-0.15,0.0,o
4095.0,3121.0,3029.0,3833.0,3183.0,2731.0,3119.0,3058.0,2.84,8.94,7.59,0.01,-0.04,-0.12,0.0,o
4095.0,3115.0,3033.0,3951.0,3172.0,2739.0,3134.0,3085.0,3.15,8.86,7.6,0.01,0.08,-0.14,0.0,o
4095.0,3117.0,3022.0,3975.0,3154.0,2743.0,3154.0,3102.0,2.96,9.0,7.58,0.03,0.02,-0.18,0.0,o
4095.0,3115.0,3022.0,3935.0,3119.0,2751.0,3194.0,3159.0,2.86,8.94,7.57,-0.02,0.03,-0.13,0.0,o
4095.0,3114.0,3046.0,4035.0,3091.0,2761.0,3248.0,3225.0,2.85,8.9,7.86,0.0,-0.06,-0.14,0.0,o
4095.0,3107.0,3039.0,4095.0,3099.0,2781.0,3309.0,3297.0,2.84,8.88,7.7,0.02,-0.13,-0.2,0.0,o
4095.0,3091.0,3046.0,4095.0,3090.0,2779.0,3331.0,3323.0,3.04,8.78,7.81,0.06,-0.06,-0.2,0.0,o
4095.0,3184.0,2992.0,3573.0,2896.0,2450.0,2701.0,2624.0,3.26,8.87,7.53,-0.0,0.01,-0.14,0.0,o
4095.0,3179.0,2999.0,3583.0,2906.0,2448.0,2697.0,2610.0,3.31,8.83,7.53,0.0,0.02,-0.17,0.0,o
4095.0,3159.0,2974.0,3617.0,2920.0,2443.0,2672.0,2582.0,3.26,8.84,7.61,0.04,0.03,-0.27,0.0,o
4095.0,3178.0,2991.0,3612.0,2925.0,2446.0,2682.0,2599.0,2.99,8.88,7.54,0.01,-0.02,-0.24,0.0,o
4095.0,3184.0,2992.0,3644.0,2930.0,2463.0,2715.0,2637.0,3.04,8.89,7.62,-0.01,-0.02,-0.15,0.0,o
4095.0,3173.0,2993.0,3681.0,2961.0,2499.0,2755.0,2704.0,3.44,8.72,7.67,-0.02,0.04,-0.31,0.0,o
4095.0,3184.0,2993.0,3731.0,2992.0,2513.0,2782.0,2738.0,3.31,9.03,7.55,0.09,0.01,-0.42,0.0,o
4095.0,3190.0,3002.0,3810.0,3015.0,2546.0,2837.0,2781.0,5.05,8.92,6.21,-0.18,1.13,-0.57,0.0,o
4089.0,3216.0,3004.0,3862.0,3041.0,2559.0,2859.0,2809.0,1.6,9.24,7.6,-0.31,1.6,-0.56,0.0,o
3969.0,3214.0,3002.0,3879.0,3040.0,2559.0,2868.0,2829.0,1.62,9.12,8.25,-0.19,1.58,-0.58,0.0,o
3943.0,3223.0,3015.0,3878.0,3062.0,2559.0,2871.0,2815.0,0.84,8.74,8.46,-0.27,1.43,-0.49,0.0,o
3989.0,3223.0,2993.0,3878.0,3053.0,2558.0,2848.0,2800.0,-0.28,9.04,8.65,-0.34,0.72,-0.18,0.0,o
4095.0,3230.0,3008.0,3881.0,3041.0,2543.0,2833.0,2787.0,-0.4,8.68,8.66,-0.57,0.82,0.25,0.0,o
4095.0,3236.0,3011.0,3868.0,3009.0,2530.0,2804.0,2748.0,0.96,8.46,9.14,-0.54,0.92,0.16,0.0,o
4095.0,3211.0,2979.0,3838.0,2990.0,2510.0,2766.0,2716.0,0.79,8.31,9.6,-0.42,0.67,0.08,0.0,o
4095.0,3215.0,2989.0,3837.0,2982.0,2483.0,2727.0,2655.0,0.25,8.21,9.89,-0.29,0.86,-0.06,0.0,o
4095.0,3214.0,2992.0,3824.0,2977.0,2480.0,2724.0,2647.0,0.4,8.1,9.97,-0.26,0.64,-0.05,0.0,o
4095.0,3231.0,2999.0,3821.0,2993.0,2509.0,2768.0,2700.0,-0.13,8.01,10.15,-0.08,0.86,-0.07,0.0,o
4095.0,3219.0,3023.0,3835.0,3018.0,2548.0,2864.0,2828.0,-0.35,8.15,9.79,-0.18,0.82,-0.0,0.0,o
4095.0,3217.0,3045.0,3824.0,3034.0,2605.0,2929.0,2911.0,-0.31,8.08,9.96,-0.09,0.57,-0.1,0.0,o
4095.0,3120.0,3009.0,3700.0,3123.0,2625.0,2951.0,2907.0,1.79,9.57,6.35,0.02,0.02,-0.1,0.0,o
4095.0,3119.0,3011.0,3670.0,3120.0,2635.0,2958.0,2910.0,1.85,9.53,6.3,0.04,-0.03,-0.12,0.0,o
4095.0,3115.0,2999.0,3622.0,3103.0,2638.0,2953.0,2914.0,1.86,9.53,6.25,0.01,-0.13,-0.09,0.0,o
4095.0,3121.0,3013.0,3583.0,3084.0,2633.0,2955.0,2919.0,2.0,9.59,6.28,0.03,-0.02,-0.13,0.0,o
4095.0,3118.0,3019.0,3566.0,3049.0,2638.0,2963.0,2930.0,2.13,9.5,6.28,0.02,-0.04,-0.11,0.0,o
4095.0,3133.0,3021.0,3579.0,3061.0,2659.0,2995.0,2963.0,2.07,9.62,6.37,0.06,-0.04,-0.15,0.0,o
4095.0,3120.0,3025.0,3568.0,3059.0,2669.0,3025.0,3012.0,2.13,9.54,6.33,0.06,-0.05,-0.19,0.0,o
4095.0,3111.0,3031.0,3623.0,3057.0,2668.0,3022.0,3013.0,1.74,9.53,6.33,0.1,0.0,-0.16,0.0,o
4095.0,3114.0,3022.0,3703.0,3083.0,2663.0,3013.0,2997.0,1.87,9.65,5.94,0.11,-0.02,-0.17,0.0,o
4095.0,3117.0,3024.0,3792.0,3097.0,2652.0,2994.0,2970.0,1.92,9.58,5.97,0.03,-0.08,-0.14,0.0,o
4095.0,3111.0,3021.0,3819.0,3101.0,2640.0,2979.0,2953.0,1.93,9.66,5.88,0.01,-0.0,-0.11,0.0,o
4095.0,3101.0,3008.0,3824.0,3099.0,2624.0,2960.0,2922.0,1.95,9.57,6.03,-0.02,0.03,-0.12,0.0,o
4095.0,3118.0,3027.0,3824.0,3103.0,2621.0,2951.0,2910.0,1.99,9.5,6.17,-0.03,0.02,-0.13,0.0,o
4095.0,3103.0,3011.0,3863.0,3106.0,2622.0,2928.0,2895.0,1.84,9.61,6.17,-0.04,0.02,-0.11,0.0,o
4095.0,3114.0,3024.0,3867.0,3107.0,2615.0,2927.0,2886.0,2.08,9.45,6.39,-0.05,0.04,-0.08,0.0,o
4095.0,3111.0,3014.0,3855.0,3107.0,2618.0,2935.0,2887.0,2.17,9.52,6.45,-0.0,0.04,-0.11,0.0,o
4095.0,3119.0,3020.0,3886.0,3108.0,2631.0,2951.0,2896.0,2.26,9.53,6.32,0.03,0.01,-0.16,0.0,o
4095.0,3115.0,3010.0,3906.0,3131.0,2647.0,2965.0,2928.0,2.19,9.57,6.21,0.02,0.01,-0.16,0.0,o
4095.0,3104.0,3014.0,3958.0,3147.0,2658.0,2993.0,2945.0,2.13,9.57,6.16,0.02,0.06,-0.21,0.0,o
4095.0,3125.0,3017.0,3977.0,3179.0,2667.0,3006.0,2959.0,1.88,9.57,6.19,0.01,0.03,-0.21,0.0,o
4095.0,3121.0,3004.0,4032.0,3234.0,2725.0,3057.0,2995.0,1.91,9.47,6.49,0.02,-0.0,-0.14,0.0,o
4095.0,3120.0,3003.0,4021.0,3229.0,2721.0,3061.0,2992.0,1.95,9.49,6.51,0.01,-0.0,-0.13,0.0,o
4095.0,3117.0,2993.0,4049.0,3231.0,2711.0,3059.0,2990.0,2.02,9.5,6.52,0.0,-0.01,-0.14,0.0,o
4095.0,3120.0,3006.0,4041.0,3239.0,2723.0,3066.0,2992.0,1.97,9.45,6.55,0.01,-0.01,-0.14,0.0,o
4095.0,3123.0,3007.0,4048.0,3234.0,2719.0,3057.0,2987.0,2.02,9.47,6.57,-0.01,0.0,-0.13,0.0,o
4095.0,3131.0,3005.0,4055.0,3239.0,2729.0,3065.0,2993.0,1.97,9.45,6.64,-0.0,-0.0,-0.14,0.0,o
4095.0,3119.0,2995.0,4049.0,3248.0,2726.0,3060.0,2992.0,2.04,9.46,6.63,0.02,0.0,-0.16,0.0,o
4095.0,3113.0,2998.0,4019.0,3233.0,2722.0,3057.0,2990.0,1.93,9.45,6.61,0.03,0.01,-0.18,0.0,o
4095.0,3120.0,3005.0,4027.0,3233.0,2721.0,3056.0,2992.0,1.91,9.42,6.63,0.04,0.04,-0.15,0.0,o
4095.0,3109.0,3008.0,4032.0,3232.0,2723.0,3059.0,2994.0,1.97,9.45,6.59,0.07,-0.0,-0.17,0.0,o
4095.0,3120.0,3007.0,4039.0,3245.0,2713.0,3062.0,2991.0,1.97,9.54,6.45,0.12,-0.08,-0.2,0.0,o
4095.0,3110.0,2986.0,4048.0,3230.0,2688.0,3003.0,2881.0,1.91,9.56,6.32,0.07,-0.05,-0.16,0.0,o
4095.0,3106.0,2993.0,4068.0,3224.0,2679.0,2978.0,2843.0,1.93,9.45,6.41,0.05,-0.0,-0.12,0.0,o
4095.0,3109.0,2976.0,4050.0,3221.0,2682.0,2983.0,2847.0,1.95,9.51,6.35,-0.0,-0.01,-0.14,0.0,o
4095.0,3103.0,2982.0,4066.0,3232.0,2681.0,2980.0,2842.0,1.92,9.51,6.42,-0.0,-0.04,-0.13,0.0,o
4095.0,3101.0,2974.0,4041.0,3225.0,2677.0,2981.0,2850.0,2.03,9.48,6.46,-0.02,-0.0,-0.13,0.0,o
4095.0,3115.0,2986.0,4031.0,3221.0,2685.0,3010.0,2896.0,2.04,9.51,6.51,0.01,0.16,-0.08,0.0,o
4095.0,3103.0,3010.0,3979.0,3200.0,2699.0,3038.0,2949.0,1.97,9.5,6.54,-0.0,0.14,-0.08,0.0,o
4095.0,3102.0,3005.0,3967.0,3207.0,2706.0,3059.0,2983.0,2.0,9.55,6.6,0.02,0.09,-0.15,0.0,o
4095.0,3108.0,3007.0,3984.0,3214.0,2718.0,3087.0,2992.0,2.04,9.51,6.42,0.01,-0.05,-0.15,0.0,o
4095.0,3109.0,2972.0,4095.0,3223.0,2704.0,3012.0,2929.0,2.01,9.47,6.38,0.09,0.19,-0.09,0.0,o
4095.0,3136.0,2989.0,4095.0,3229.0,2710.0,3024.0,2928.0,2.11,9.49,6.34,0.09,0.2,-0.08,0.0,o
4095.0,3119.0,2980.0,4095.0,3222.0,2709.0,3010.0,2925.0,2.22,9.52,6.31,0.07,0.22,-0.08,0.0,o
4095.0,3131.0,2981.0,4095.0,3227.0,2709.0,3024.0,2928.0,2.16,9.5,6.29,0.07,0.24,-0.09,0.0,o
4095.0,3120.0,2981.0,4095.0,3219.0,2705.0,3009.0,2928.0,2.15,9.54,6.28,0.05,0.25,-0.09,0.0,o
4095.0,3115.0,2985.0,4095.0,3229.0,2706.0,3021.0,2933.0,2.21,9.51,6.3,0.04,0.24,-0.09,0.0,o
4095.0,3113.0,2977.0,4095.0,3222.0,2704.0,3013.0,2928.0,2.15,9.5,6.39,0.02,0.25,-0.1,0.0,o
4095.0,3116.0,2972.0,4095.0,3229.0,2707.0,3019.0,2927.0,2.07,9.47,6.45,0.03,0.24,-0.11,0.0,o
4095.0,3119.0,2963.0,4095.0,3222.0,2704.0,3018.0,2928.0,1.96,9.45,6.47,0.04,0.23,-0.11,0.0,o
4095.0,3120.0,2969.0,4095.0,3220.0,2699.0,3015.0,2928.0,1.95,9.48,6.43,0.05,0.22,-0.09,0.0,o
4095.0,3115.0,2975.0,4095.0,3229.0,2707.0,3024.0,2930.0,2.07,9.52,6.43,0.05,0.2,-0.09,0.0,o
4095.0,3118.0,2977.0,4095.0,3229.0,2707.0,3019.0,2928.0,2.05,9.54,6.36,0.06,0.17,-0.11,0.0,o
4095.0,3110.0,2980.0,4095.0,3232.0,2709.0,3024.0,2929.0,1.93,9.48,6.34,0.07,0.15,-0.12,0.0,o
4095.0,3129.0,2979.0,4095.0,3234.0,2708.0,3021.0,2931.0,1.98,9.57,6.36,0.05,0.15,-0.12,0.0,o
4095.0,3110.0,2971.0,4094.0,3219.0,2704.0,3018.0,2927.0,1.88,9.53,6.49,0.1,0.11,-0.13,0.0,o
4095.0,3117.0,2975.0,4091.0,3217.0,2706.0,3011.0,2928.0,1.87,9.56,6.24,0.13,0.07,-0.15,0.0,o
4095.0,3115.0,2981.0,4095.0,3228.0,2705.0,3024.0,2929.0,1.83,9.58,6.04,0.11,0.04,-0.15,0.0,o
4095.0,3102.0,2975.0,4095.0,3232.0,2709.0,3014.0,2923.0,1.88,9.57,5.9,0.07,-0.01,-0.15,0.0,o
4095.0,3110.0,2976.0,4082.0,3219.0,2706.0,3015.0,2926.0,1.87,9.58,5.95,0.02,-0.04,-0.13,0.0,o
4095.0,3120.0,2982.0,4095.0,3232.0,2706.0,3023.0,2930.0,2.15,9.57,6.22,-0.02,-0.04,-0.11,0.0,o
4095.0,3121.0,3015.0,3981.0,3206.0,2655.0,2876.0,2716.0,2.21,9.51,6.48,0.05,0.01,-0.16,0.0,o
4095.0,3134.0,3009.0,3920.0,3179.0,2617.0,2781.0,2618.0,2.12,9.5,6.38,0.04,0.01,-0.16,0.0,o
4095.0,3139.0,2998.0,3869.0,3163.0,2559.0,2705.0,2511.0,2.09,9.41,6.4,0.02,-0.0,-0.18,0.0,o
4095.0,3133.0,2989.0,3829.0,3139.0,2547.0,2673.0,2495.0,2.04,9.51,6.39,0.01,-0.03,-0.15,0.0,o
4095.0,3149.0,2997.0,3825.0,3150.0,2537.0,2656.0,2478.0,2.18,9.45,6.44,0.0,-0.02,-0.15,0.0,o
4095.0,3136.0,2988.0,3811.0,3135.0,2532.0,2644.0,2452.0,2.11,9.49,6.39,0.0,0.02,-0.15,0.0,o
4095.0,3135.0,2992.0,3799.0,3135.0,2526.0,2631.0,2446.0,2.13,9.49,6.43,-0.01,0.04,-0.16,0.0,o
4095.0,3137.0,2992.0,3806.0,3137.0,2527.0,2627.0,2435.0,2.09,9.39,6.53,0.03,0.07,-0.17,0.0,o
4095.0,3136.0,2983.0,3824.0,3131.0,2528.0,2641.0,2454.0,2.07,9.4,6.62,0.02,0.04,-0.17,0.0,o
4095.0,3143.0,2987.0,3873.0,3159.0,2559.0,2725.0,2545.0,2.07,9.41,6.64,0.08,0.03,-0.18,0.0,o
4095.0,3162.0,2994.0,3915.0,3183.0,2611.0,2837.0,2703.0,2.07,9.52,6.37,0.11,-0.01,-0.19,0.0,o
4095.0,3135.0,3026.0,3954.0,3199.0,2660.0,2947.0,2846.0,1.99,9.59,6.19,0.05,-0.06,-0.17,0.0,o
4095.0,3136.0,3050.0,3969.0,3216.0,2698.0,3055.0,3008.0,1.95,9.6,6.17,-0.01,-0.07,-0.12,0.0,o
4095.0,3120.0,3031.0,3986.0,3227.0,2734.0,3151.0,3131.0,2.04,9.53,6.29,-0.06,-0.06,-0.09,0.0,o
4095.0,3104.0,3050.0,4021.0,3247.0,2764.0,3225.0,3210.0,2.18,9.49,6.49,-0.03,-0.02,-0.11,0.0,o
4095.0,3101.0,3046.0,4037.0,3247.0,2769.0,3255.0,3228.0,2.18,9.45,6.5,-0.02,-0.02,-0.14,0.0,o
4095.0,3097.0,3037.0,4053.0,3263.0,2782.0,3273.0,3264.0,2.12,9.5,6.58,0.04,0.01,-0.16,0.0,o
4095.0,3099.0,3043.0,4060.0,3265.0,2789.0,3274.0,3248.0,2.12,9.56,6.43,0.04,-0.02,-0.14,0.0,o
4095.0,3094.0,3038.0,4048.0,3267.0,2754.0,3141.0,3041.0,2.01,9.52,6.39,0.01,0.08,-0.12,0.0,o
4095.0,3104.0,3024.0,4059.0,3249.0,2727.0,3026.0,2861.0,2.26,9.54,6.37,0.02,-0.0,-0.17,0.0,o
4095.0,3107.0,2974.0,3838.0,3238.0,2640.0,2796.0,2595.0,2.28,9.38,6.57,-0.02,0.03,-0.16,0.0,o
4095.0,3107.0,2974.0,3838.0,3238.0,2640.0,2796.0,2595.0,2.28,9.38,6.57,-0.02,0.03,-0.16,0.0,o
4095.0,3093.0,2970.0,3822.0,3236.0,2625.0,2769.0,2559.0,1.93,9.44,6.74,-0.0,0.02,-0.15,0.0,o
4095.0,3107.0,2969.0,3815.0,3239.0,2629.0,2774.0,2559.0,2.1,9.39,6.68,-0.01,-0.01,-0.14,0.0,o
4095.0,3104.0,2970.0,3824.0,3238.0,2645.0,2802.0,2625.0,2.11,9.3,6.79,0.01,-0.02,-0.13,0.0,o
4095.0,3102.0,2983.0,3894.0,3264.0,2698.0,2915.0,2762.0,2.14,9.47,6.73,0.02,0.04,-0.15,0.0,o
4095.0,3115.0,2996.0,3958.0,3280.0,2736.0,3027.0,2919.0,2.15,9.39,6.61,0.01,-0.01,-0.18,0.0,o
4095.0,3109.0,3002.0,4080.0,3297.0,2763.0,3108.0,3024.0,2.13,9.48,6.54,0.01,-0.1,-0.16,0.0,o
4095.0,3093.0,2998.0,4095.0,3328.0,2783.0,3143.0,3068.0,1.97,9.44,6.68,-0.03,0.03,-0.11,0.0,o
4095.0,3095.0,2997.0,4095.0,3346.0,2793.0,3152.0,3084.0,2.26,9.4,6.68,-0.01,0.0,-0.12,0.0,o
4095.0,3106.0,3010.0,4095.0,3350.0,2790.0,3167.0,3084.0,2.13,9.39,6.77,0.02,-0.02,-0.14,0.0,o
4095.0,3102.0,3001.0,4095.0,3363.0,2796.0,3168.0,3082.0,2.11,9.35,6.76,0.03,0.02,-0.14,0.0,o
4095.0,3105.0,3002.0,4095.0,3363.0,2800.0,3161.0,3082.0,2.19,9.43,6.68,0.03,-0.01,-0.15,0.0,o
4095.0,3108.0,3005.0,4095.0,3362.0,2797.0,3155.0,3071.0,2.11,9.45,6.65,0.03,0.01,-0.14,0.0,o
4095.0,3095.0,3003.0,4095.0,3347.0,2768.0,3115.0,3024.0,2.14,9.41,6.68,0.03,0.02,-0.14,0.0,o
4095.0,3088.0,3014.0,4095.0,3306.0,2747.0,3055.0,2953.0,2.18,9.41,6.63,0.02,-0.02,-0.15,0.0,o
4095.0,3109.0,2998.0,3958.0,3237.0,2690.0,2957.0,2863.0,2.1,9.4,6.7,0.02,-0.05,-0.15,0.0,o
4095.0,3110.0,2997.0,3804.0,3195.0,2638.0,2870.0,2773.0,2.07,9.4,6.74,0.03,-0.03,-0.15,0.0,o
4095.0,3117.0,2997.0,3696.0,3153.0,2607.0,2810.0,2718.0,2.09,9.38,6.64,0.01,-0.02,-0.09,0.0,o
4095.0,3117.0,2986.0,3632.0,3120.0,2559.0,2751.0,2651.0,2.17,9.39,6.69,0.01,-0.05,-0.12,0.0,o
4095.0,3129.0,2995.0,4095.0,3249.0,2698.0,2962.0,2800.0,2.76,8.51,8.64,-0.69,-0.12,0.14,0.0,o
4095.0,3127.0,2993.0,4027.0,3255.0,2695.0,2967.0,2789.0,2.95,8.05,9.14,-0.61,-0.02,0.14,0.0,o
4095.0,3136.0,2988.0,4049.0,3263.0,2704.0,2973.0,2784.0,3.46,7.84,9.81,-0.23,0.09,0.0,0.0,o
4095.0,3120.0,2990.0,4083.0,3266.0,2704.0,2981.0,2784.0,3.44,7.7,10.01,0.36,0.14,-0.11,0.0,o
4095.0,3125.0,2976.0,4095.0,3265.0,2691.0,2982.0,2801.0,3.04,7.94,9.65,0.93,0.41,-0.3,0.0,o
4095.0,3126.0,2987.0,4095.0,3255.0,2688.0,2989.0,2831.0,2.99,8.4,8.73,0.97,0.15,-0.45,0.0,o
4095.0,3131.0,2996.0,4095.0,3273.0,2683.0,2999.0,2849.0,2.37,8.76,8.11,1.07,0.19,-0.26,0.0,o
4095.0,3129.0,3004.0,4095.0,3271.0,2679.0,3007.0,2864.0,2.79,8.94,7.37,0.74,-0.1,-0.31,0.0,o
4095.0,3130.0,3002.0,4095.0,3268.0,2679.0,3006.0,2883.0,2.55,9.05,7.24,1.01,0.37,-0.32,0.0,o
4095.0,3146.0,3011.0,4095.0,3251.0,2675.0,3006.0,2889.0,2.9,9.23,6.86,1.08,0.41,-0.41,0.0,o
4095.0,3141.0,3011.0,4095.0,3262.0,2670.0,3014.0,2919.0,2.29,9.53,6.28,0.89,0.31,-0.42,0.0,o
4095.0,3136.0,3007.0,4095.0,3254.0,2663.0,3015.0,2923.0,2.01,9.55,5.96,0.89,0.52,-0.45,0.0,o
4095.0,3135.0,3024.0,4095.0,3243.0,2656.0,3015.0,2929.0,2.15,9.55,5.36,0.56,0.05,-0.36,0.0,o
4095.0,3142.0,3025.0,4095.0,3243.0,2665.0,3021.0,2933.0,1.65,9.87,5.3,0.73,0.65,-0.37,0.0,o
4095.0,3152.0,3025.0,4095.0,3251.0,2655.0,3019.0,2931.0,1.51,10.06,4.58,0.22,-0.1,-0.12,0.0,o
4095.0,3136.0,3021.0,4095.0,3237.0,2657.0,3009.0,2929.0,1.28,9.98,4.58,-0.12,-0.04,-0.04,0.0,o
4095.0,3136.0,3024.0,4095.0,3248.0,2672.0,3014.0,2944.0,1.16,9.74,4.69,-0.59,-0.36,0.18,0.0,o
4095.0,3139.0,3023.0,4095.0,3255.0,2677.0,3017.0,2937.0,2.21,9.63,5.23,-0.66,-0.14,0.01,0.0,o
4095.0,3150.0,3023.0,4095.0,3261.0,2685.0,3018.0,2943.0,2.0,9.7,6.0,-0.61,-0.33,0.02,0.0,o
4095.0,3147.0,3018.0,4095.0,3258.0,2688.0,3009.0,2927.0,2.75,9.16,5.89,-0.93,-0.39,0.06,0.0,o
4095.0,3120.0,3028.0,4095.0,3277.0,2706.0,3082.0,3009.0,2.33,9.45,6.16,-0.25,-0.12,-0.06,0.0,o
4095.0,3141.0,3031.0,4095.0,3281.0,2707.0,3087.0,3007.0,2.36,9.5,6.36,-0.17,0.01,-0.13,0.0,o
4095.0,3132.0,3025.0,4095.0,3297.0,2704.0,3071.0,3006.0,2.29,9.41,6.42,-0.13,0.03,-0.14,0.0,o
4095.0,3131.0,3033.0,4095.0,3280.0,2704.0,3069.0,3011.0,2.11,9.53,6.33,-0.13,-0.05,-0.13,0.0,o
4095.0,3120.0,3024.0,4085.0,3249.0,2690.0,3030.0,2953.0,2.43,9.32,6.44,-0.21,-0.09,-0.19,0.0,o
4095.0,3127.0,3023.0,3854.0,3186.0,2626.0,2921.0,2850.0,2.1,9.61,6.51,-0.26,-0.09,-0.21,0.0,o
4095.0,3120.0,3014.0,3726.0,3135.0,2559.0,2817.0,2736.0,2.3,9.13,6.68,-0.25,0.03,-0.13,0.0,o
4095.0,3132.0,2992.0,3635.0,3083.0,2530.0,2746.0,2656.0,2.21,9.35,6.9,-0.21,-0.04,-0.16,0.0,o
4095.0,3127.0,2993.0,3583.0,3046.0,2502.0,2701.0,2594.0,2.48,9.2,7.07,-0.08,-0.08,-0.2,0.0,o
4095.0,3132.0,2989.0,3549.0,3015.0,2479.0,2653.0,2547.0,2.03,9.29,7.11,0.02,0.02,-0.18,0.0,o
4095.0,3118.0,2979.0,3504.0,2995.0,2463.0,2638.0,2530.0,2.33,9.3,7.01,0.04,-0.03,-0.16,0.0,o
4095.0,3119.0,2975.0,3498.0,2989.0,2471.0,2640.0,2541.0,2.26,9.37,6.85,0.06,-0.1,-0.16,0.0,o
4095.0,3120.0,2988.0,3502.0,2981.0,2471.0,2651.0,2559.0,2.21,9.32,6.81,0.01,-0.01,-0.15,0.0,o
4095.0,3119.0,2971.0,3505.0,2989.0,2487.0,2688.0,2608.0,2.25,9.3,6.93,0.05,-0.01,-0.13,0.0,o
4095.0,3122.0,2999.0,3605.0,3041.0,2541.0,2787.0,2736.0,2.33,9.28,6.85,0.03,-0.04,-0.12,0.0,o
4095.0,3115.0,3014.0,3761.0,3132.0,2614.0,2951.0,2911.0,2.33,9.33,6.93,0.1,-0.11,-0.2,0.0,o
4095.0,3135.0,3029.0,4046.0,3216.0,2687.0,3105.0,3085.0,2.34,9.37,6.73,0.22,-0.14,-0.26,0.0,o
4095.0,3117.0,3026.0,4095.0,3259.0,2715.0,3177.0,3177.0,2.5,9.34,6.57,0.18,-0.08,-0.31,0.0,o
4095.0,3114.0,3055.0,4095.0,3305.0,2755.0,3248.0,3245.0,2.01,9.53,6.58,0.3,0.06,-0.28,0.0,o
4095.0,3117.0,3055.0,4095.0,3330.0,2769.0,3283.0,3260.0,1.99,9.34,6.63,0.36,0.26,-0.18,0.0,o
3264.0,3601.0,3090.0,4003.0,3239.0,2691.0,2990.0,3025.0,2.76,8.72,8.07,0.02,0.07,-0.2,0.0,o
3281.0,3600.0,3088.0,3991.0,3248.0,2698.0,2994.0,3027.0,2.53,8.77,8.06,0.02,-0.01,-0.17,0.0,o
3264.0,3600.0,3070.0,4000.0,3241.0,2694.0,2991.0,3024.0,2.8,8.69,8.22,-0.01,-0.01,-0.13,0.0,o
3261.0,3572.0,3071.0,3998.0,3248.0,2700.0,2991.0,3027.0,2.8,8.76,8.11,0.03,-0.04,-0.14,0.0,o
3280.0,3583.0,3081.0,4002.0,3248.0,2699.0,2995.0,3027.0,2.91,8.79,8.01,0.01,0.0,-0.12,0.0,o
3285.0,3600.0,3081.0,3987.0,3245.0,2705.0,2992.0,3030.0,2.91,8.74,8.12,0.01,-0.02,-0.14,0.0,o
3274.0,3621.0,3083.0,3999.0,3243.0,2703.0,3001.0,3031.0,2.9,8.74,8.07,0.0,-0.01,-0.14,0.0,o
3282.0,3583.0,3071.0,4005.0,3248.0,2704.0,2991.0,3031.0,2.93,8.74,8.14,-0.0,-0.03,-0.15,0.0,o
3279.0,3613.0,3082.0,3999.0,3249.0,2701.0,2994.0,3034.0,2.91,8.71,8.19,0.01,-0.02,-0.16,0.0,o
3266.0,3604.0,3068.0,4013.0,3248.0,2704.0,2987.0,3026.0,2.82,8.71,8.23,0.0,-0.01,-0.16,0.0,o
3261.0,3616.0,3084.0,4010.0,3261.0,2710.0,2997.0,3032.0,2.85,8.71,8.18,0.02,-0.04,-0.15,0.0,o
3271.0,3583.0,3062.0,3999.0,3268.0,2706.0,3003.0,3041.0,2.87,8.72,8.08,0.02,-0.03,-0.14,0.0,o
3257.0,3600.0,3056.0,3987.0,3273.0,2704.0,3003.0,3056.0,2.83,8.77,7.99,0.02,-0.03,-0.15,0.0,o
3255.0,3580.0,3071.0,3985.0,3258.0,2722.0,3008.0,3049.0,2.86,8.78,8.04,-0.01,-0.01,-0.14,0.0,o
3262.0,3583.0,3067.0,3983.0,3271.0,2711.0,3009.0,3055.0,2.98,8.74,8.11,-0.02,-0.04,-0.14,0.0,o
3270.0,3566.0,3067.0,3977.0,3268.0,2709.0,3006.0,3056.0,2.96,8.66,8.22,-0.01,-0.04,-0.15,0.0,o
3248.0,3570.0,3067.0,3966.0,3266.0,2705.0,3005.0,3056.0,2.9,8.7,8.27,0.02,-0.0,-0.17,0.0,o
3258.0,3568.0,3062.0,3951.0,3265.0,2705.0,3010.0,3049.0,2.87,8.72,8.2,0.04,0.01,-0.17,0.0,o
3262.0,3568.0,3063.0,3931.0,3267.0,2704.0,3003.0,3045.0,2.82,8.75,8.16,0.06,0.05,-0.18,0.0,o
3264.0,3568.0,3062.0,3945.0,3269.0,2704.0,2998.0,3045.0,2.91,8.76,8.06,0.03,-0.02,-0.17,0.0,o
3361.0,3403.0,3045.0,3911.0,3200.0,2656.0,2961.0,2987.0,2.68,8.86,7.87,0.06,-0.0,-0.13,0.0,o
3362.0,3413.0,3037.0,4095.0,3252.0,2687.0,3024.0,3028.0,2.74,8.98,7.76,0.08,-0.03,-0.16,0.0,o
3348.0,3418.0,3022.0,4095.0,3278.0,2704.0,3043.0,3041.0,2.69,9.01,7.66,0.06,-0.0,-0.18,0.0,o
3329.0,3437.0,3029.0,4095.0,3311.0,2723.0,3059.0,3051.0,2.59,8.97,7.68,0.05,0.0,-0.18,0.0,o
3313.0,3431.0,3020.0,4095.0,3329.0,2731.0,3091.0,3062.0,2.42,8.98,7.73,0.09,0.01,-0.19,0.0,o
3312.0,3431.0,3023.0,4095.0,3345.0,2742.0,3089.0,3069.0,2.58,9.0,7.69,0.08,0.01,-0.19,0.0,o
3317.0,3442.0,3008.0,4095.0,3345.0,2736.0,3094.0,3071.0,2.6,9.03,7.53,0.1,-0.03,-0.21,0.0,o
3321.0,3433.0,3015.0,4095.0,3358.0,2745.0,3101.0,3083.0,2.59,9.11,7.49,0.02,-0.01,-0.22,0.0,o
3326.0,3441.0,3017.0,4093.0,3317.0,2725.0,3064.0,3062.0,2.52,9.06,7.52,-0.01,0.03,-0.18,0.0,o
3357.0,3418.0,3019.0,3910.0,3273.0,2688.0,3022.0,3020.0,2.38,9.05,7.69,-0.01,0.04,-0.16,0.0,o
3348.0,3418.0,3024.0,3734.0,3194.0,2653.0,2976.0,3008.0,2.34,9.02,7.63,-0.04,-0.0,-0.15,0.0,o
3369.0,3407.0,3024.0,3619.0,3133.0,2610.0,2927.0,2945.0,2.49,8.99,7.78,-0.03,0.02,-0.15,0.0,o
3378.0,3405.0,3029.0,3472.0,3071.0,2559.0,2877.0,2910.0,2.51,9.07,7.75,0.01,-0.07,-0.23,0.0,o
3376.0,3399.0,3030.0,3474.0,3042.0,2558.0,2859.0,2870.0,2.42,9.06,7.61,-0.04,-0.04,-0.24,0.0,o
3397.0,3390.0,3035.0,3446.0,3024.0,2541.0,2835.0,2846.0,2.29,9.07,7.67,-0.02,-0.05,-0.18,0.0,o
3396.0,3377.0,3047.0,3429.0,3018.0,2535.0,2827.0,2841.0,2.25,9.05,7.66,-0.09,-0.09,-0.1,0.0,o
3437.0,3370.0,3055.0,3371.0,2983.0,2495.0,2775.0,2757.0,2.45,9.0,7.76,-0.13,-0.22,-0.11,0.0,o
3453.0,3351.0,3024.0,3312.0,2946.0,2470.0,2718.0,2684.0,2.54,8.84,7.84,-0.06,-0.15,-0.17,0.0,o
3490.0,3331.0,3040.0,3284.0,2907.0,2450.0,2673.0,2640.0,2.56,8.9,7.9,-0.04,-0.16,-0.28,0.0,o
3530.0,3334.0,3037.0,3248.0,2886.0,2430.0,2639.0,2609.0,2.55,8.92,7.78,0.04,-0.06,-0.32,0.0,o
3455.0,3389.0,2955.0,3879.0,3406.0,2777.0,3165.0,3098.0,2.28,9.18,7.59,0.01,-0.02,-0.2,0.0,o
3471.0,3382.0,2962.0,3835.0,3376.0,2767.0,3161.0,3088.0,2.1,9.14,7.46,-0.1,0.04,-0.09,0.0,o
3467.0,3378.0,2964.0,3837.0,3376.0,2768.0,3162.0,3082.0,2.22,9.06,7.77,-0.13,0.03,-0.08,0.0,o
3463.0,3387.0,2960.0,3794.0,3355.0,2766.0,3136.0,3079.0,2.44,9.05,7.8,-0.08,-0.02,-0.1,0.0,o
3472.0,3374.0,2958.0,3753.0,3330.0,2752.0,3129.0,3061.0,2.46,9.03,7.75,-0.13,-0.03,-0.12,0.0,o
3472.0,3383.0,2957.0,3756.0,3323.0,2737.0,3110.0,3033.0,2.38,8.88,7.9,-0.05,-0.06,-0.14,0.0,o
3490.0,3376.0,2961.0,3776.0,3322.0,2727.0,3090.0,3012.0,2.42,8.92,7.95,0.01,-0.06,-0.16,0.0,o
3477.0,3378.0,2962.0,3749.0,3284.0,2701.0,3041.0,2966.0,2.4,8.92,7.76,-0.01,-0.02,-0.13,0.0,o
3503.0,3353.0,2961.0,3717.0,3217.0,2649.0,2973.0,2917.0,2.43,9.07,7.83,0.01,-0.03,-0.11,0.0,o
3533.0,3364.0,2988.0,3654.0,3166.0,2613.0,2912.0,2876.0,2.67,8.96,7.78,-0.03,-0.03,-0.14,0.0,o
3563.0,3359.0,2991.0,3542.0,3113.0,2559.0,2857.0,2827.0,2.31,9.02,7.84,-0.1,-0.11,-0.12,0.0,o
3555.0,3359.0,3003.0,3568.0,3107.0,2559.0,2826.0,2801.0,2.59,8.89,7.9,-0.08,-0.04,-0.14,0.0,o
3567.0,3376.0,3019.0,3531.0,3062.0,2537.0,2782.0,2785.0,2.3,8.88,7.96,-0.1,-0.12,-0.12,0.0,o
3530.0,3359.0,3027.0,3523.0,3071.0,2530.0,2765.0,2795.0,2.72,8.85,8.03,-0.04,0.15,-0.17,0.0,o
3536.0,3374.0,3035.0,3490.0,3057.0,2508.0,2732.0,2763.0,2.47,8.84,8.17,-0.01,0.01,-0.16,0.0,o
3549.0,3365.0,3034.0,3472.0,3054.0,2509.0,2705.0,2734.0,2.51,8.96,8.09,0.07,0.09,-0.2,0.0,o
3526.0,3359.0,3050.0,3426.0,3017.0,2495.0,2682.0,2694.0,2.49,8.9,7.97,0.01,-0.07,-0.16,0.0,o
3529.0,3376.0,3054.0,3423.0,3024.0,2494.0,2675.0,2688.0,2.43,8.89,7.98,0.01,-0.04,-0.15,0.0,o
3541.0,3363.0,3050.0,3417.0,3031.0,2505.0,2694.0,2706.0,2.49,8.83,8.0,-0.0,0.03,-0.13,0.0,o
3531.0,3376.0,3057.0,3502.0,3060.0,2530.0,2732.0,2773.0,2.56,8.7,8.24,0.04,0.09,-0.13,0.0,o
3583.0,3358.0,3018.0,3981.0,3248.0,2643.0,2941.0,2925.0,2.2,9.15,7.5,0.05,0.02,-0.15,0.0,o
3573.0,3353.0,3021.0,4026.0,3264.0,2655.0,2958.0,2934.0,2.26,9.14,7.39,0.03,0.0,-0.12,0.0,o
3568.0,3362.0,3009.0,4033.0,3269.0,2653.0,2962.0,2937.0,2.38,9.12,7.49,0.01,0.0,-0.12,0.0,o
3568.0,3366.0,3005.0,4095.0,3283.0,2671.0,2980.0,2950.0,2.43,9.13,7.41,0.03,0.01,-0.15,0.0,o
3555.0,3376.0,2999.0,4095.0,3333.0,2695.0,3024.0,2992.0,2.49,9.12,7.49,0.05,0.02,-0.2,0.0,o
3535.0,3385.0,2982.0,4095.0,3376.0,2726.0,3071.0,3039.0,2.38,9.15,7.52,0.1,-0.01,-0.23,0.0,o
3536.0,3373.0,2987.0,4095.0,3426.0,2755.0,3133.0,3091.0,2.27,9.16,7.42,0.14,0.01,-0.27,0.0,o
3535.0,3387.0,2988.0,4095.0,3446.0,2768.0,3141.0,3104.0,2.06,9.27,7.26,0.11,-0.0,-0.23,0.0,o
3534.0,3380.0,2975.0,4095.0,3465.0,2782.0,3154.0,3104.0,2.14,9.25,7.27,0.1,0.02,-0.21,0.0,o
3526.0,3375.0,2965.0,4095.0,3471.0,2782.0,3155.0,3105.0,2.18,9.22,7.13,0.05,-0.01,-0.16,0.0,o
3505.0,3383.0,2971.0,4095.0,3478.0,2781.0,3164.0,3105.0,2.16,9.33,7.16,0.07,0.03,-0.18,0.0,o
3521.0,3376.0,2962.0,4095.0,3477.0,2795.0,3171.0,3119.0,2.21,9.15,7.28,0.08,-0.0,-0.17,0.0,o
3540.0,3407.0,2976.0,4095.0,3509.0,2835.0,3263.0,3189.0,1.8,9.33,7.45,0.35,0.17,-0.22,0.0,o
3568.0,3422.0,2949.0,4095.0,3503.0,2842.0,3277.0,3194.0,2.0,9.42,6.7,0.16,0.03,-0.18,0.0,o
3600.0,3407.0,2945.0,4095.0,3507.0,2871.0,3300.0,3226.0,1.87,9.42,6.87,-0.0,-0.02,-0.13,0.0,o
3621.0,3401.0,2937.0,4095.0,3507.0,2882.0,3346.0,3259.0,2.1,9.36,6.8,-0.03,-0.09,-0.12,0.0,o
3620.0,3414.0,2943.0,4095.0,3511.0,2890.0,3359.0,3264.0,2.08,9.33,7.02,-0.09,0.01,-0.11,0.0,o
3632.0,3405.0,2945.0,4095.0,3504.0,2877.0,3322.0,3251.0,2.2,9.28,7.13,-0.02,0.02,-0.12,0.0,o
3631.0,3391.0,2955.0,4095.0,3501.0,2864.0,3306.0,3233.0,2.15,9.3,7.19,0.01,-0.03,-0.16,0.0,o
3626.0,3383.0,2943.0,4095.0,3500.0,2867.0,3310.0,3243.0,2.01,9.32,7.14,0.04,0.0,-0.1,0.0,o
3650.0,3349.0,3067.0,3877.0,3108.0,2591.0,2877.0,2922.0,3.11,8.67,8.12,-0.01,-0.11,-0.16,0.0,o
3650.0,3349.0,3067.0,3877.0,3108.0,2591.0,2877.0,2922.0,3.11,8.67,8.12,-0.01,-0.11,-0.16,0.0,o
3645.0,3363.0,3058.0,3920.0,3138.0,2617.0,2919.0,2960.0,3.06,8.68,8.19,0.01,-0.1,-0.22,0.0,o
3635.0,3329.0,3062.0,4095.0,3207.0,2665.0,3018.0,3060.0,3.18,8.65,8.25,0.11,-0.06,-0.31,0.0,o
3633.0,3328.0,3038.0,4095.0,3285.0,2707.0,3105.0,3151.0,3.08,8.7,8.21,0.24,-0.05,-0.39,0.0,o
3618.0,3314.0,3039.0,4095.0,3387.0,2775.0,3216.0,3251.0,3.21,8.59,8.01,0.35,0.04,-0.48,0.0,o
3648.0,3331.0,3034.0,4095.0,3410.0,2823.0,3279.0,3280.0,2.44,9.06,7.97,0.59,0.12,-0.43,0.0,o
3664.0,3342.0,3029.0,4095.0,3421.0,2864.0,3348.0,3331.0,2.11,9.09,7.31,0.29,0.1,-0.34,0.0,o
3734.0,3313.0,3012.0,4095.0,3419.0,2896.0,3439.0,3405.0,2.13,9.2,7.31,0.12,-0.02,-0.18,0.0,o
3780.0,3323.0,3019.0,4095.0,3435.0,2922.0,3483.0,3452.0,2.31,9.11,7.4,0.0,-0.06,-0.12,0.0,o
3799.0,3293.0,3015.0,4095.0,3457.0,2944.0,3525.0,3487.0,2.55,9.1,7.42,0.0,-0.07,-0.06,0.0,o
3809.0,3290.0,3012.0,4095.0,3487.0,2959.0,3568.0,3514.0,2.66,9.1,7.35,0.02,-0.04,-0.14,0.0,o
3803.0,3284.0,3008.0,4095.0,3495.0,2960.0,3574.0,3520.0,2.58,9.16,7.35,0.02,-0.1,-0.13,0.0,o
3793.0,3271.0,2999.0,4095.0,3479.0,2962.0,3566.0,3525.0,2.69,9.09,7.38,-0.01,-0.08,-0.16,0.0,o
3818.0,3280.0,2997.0,4095.0,3487.0,2969.0,3575.0,3535.0,2.57,9.07,7.47,-0.02,0.01,-0.13,0.0,o
3825.0,3264.0,3001.0,4095.0,3472.0,2967.0,3569.0,3520.0,2.55,9.07,7.43,-0.02,-0.0,-0.09,0.0,o
3847.0,3269.0,2995.0,4095.0,3484.0,2958.0,3563.0,3519.0,2.55,9.15,7.37,-0.05,-0.02,-0.1,0.0,o
3876.0,3257.0,2992.0,4095.0,3447.0,2923.0,3479.0,3436.0,2.7,8.93,7.3,-0.2,0.04,-0.03,0.0,o
3919.0,3258.0,3024.0,4095.0,3389.0,2847.0,3285.0,3232.0,2.84,9.03,7.46,-0.2,0.11,-0.07,0.0,o
3915.0,3271.0,3031.0,4095.0,3314.0,2767.0,3121.0,3062.0,2.74,8.94,7.73,-0.21,0.19,-0.15,0.0,o
4087.0,3263.0,2838.0,4095.0,3283.0,2713.0,3013.0,2974.0,2.23,9.65,5.54,-0.23,-0.22,-0.63,0.0,o
4066.0,3281.0,2825.0,4053.0,3280.0,2707.0,3021.0,2975.0,0.93,9.58,6.38,-0.32,0.01,-0.73,0.0,o
4049.0,3296.0,2832.0,4076.0,3283.0,2715.0,3020.0,2987.0,0.53,9.78,7.25,-0.36,0.03,-0.57,0.0,o
4053.0,3280.0,2829.0,4095.0,3290.0,2716.0,3033.0,2986.0,0.05,9.47,7.1,0.04,0.11,-0.22,0.0,o
4049.0,3281.0,2825.0,4095.0,3290.0,2720.0,3026.0,2983.0,0.7,9.76,5.84,0.25,-0.03,0.02,0.0,o
4068.0,3266.0,2832.0,4079.0,3281.0,2719.0,3024.0,2988.0,1.12,9.83,5.25,0.13,0.12,0.0,0.0,o
4075.0,3275.0,2838.0,4057.0,3280.0,2709.0,3010.0,2960.0,1.03,9.88,5.33,0.04,0.07,-0.02,0.0,o
4083.0,3280.0,2834.0,4067.0,3277.0,2701.0,2977.0,2910.0,1.39,9.76,5.42,-0.07,0.08,-0.05,0.0,o
4095.0,3265.0,2846.0,4071.0,3283.0,2700.0,2960.0,2874.0,1.16,9.76,5.8,-0.11,0.35,-0.1,0.0,o
4095.0,3271.0,2850.0,3982.0,3259.0,2669.0,2921.0,2855.0,0.81,9.7,6.04,-0.06,0.32,-0.09,0.0,o
4095.0,3267.0,2881.0,3774.0,3173.0,2583.0,2800.0,2784.0,0.76,9.8,5.91,-0.04,0.11,-0.08,0.0,o
4095.0,3261.0,2899.0,3619.0,3067.0,2519.0,2705.0,2719.0,1.07,9.55,6.05,-0.04,-0.01,-0.1,0.0,o
4095.0,3273.0,2921.0,3534.0,3021.0,2496.0,2679.0,2702.0,1.27,9.65,5.73,0.09,-0.11,-0.3,0.0,o
4095.0,3254.0,2943.0,3447.0,2988.0,2476.0,2655.0,2694.0,1.65,9.67,5.85,0.01,-0.33,-0.66,0.0,o
4095.0,3248.0,2949.0,3397.0,2992.0,2484.0,2676.0,2689.0,0.77,9.76,6.17,0.05,-0.31,-0.73,0.0,o
4095.0,3248.0,2947.0,3394.0,2994.0,2495.0,2699.0,2700.0,0.21,9.93,5.84,0.17,-0.26,-0.52,0.0,o
4095.0,3243.0,2946.0,3405.0,2998.0,2496.0,2706.0,2703.0,0.44,9.85,5.83,0.06,-0.01,-0.27,0.0,o
4095.0,3227.0,2959.0,3397.0,2994.0,2494.0,2701.0,2705.0,0.17,9.85,5.83,0.1,0.13,-0.11,0.0,o
4095.0,3233.0,2947.0,3412.0,2998.0,2495.0,2702.0,2697.0,0.31,9.71,5.17,0.21,-0.33,-0.05,0.0,o
4095.0,3235.0,2952.0,3433.0,2999.0,2494.0,2704.0,2701.0,1.07,9.69,4.95,0.3,-0.08,-0.39,0.0,o
4095.0,3250.0,2774.0,4095.0,3442.0,2819.0,3149.0,3060.0,1.41,9.59,6.62,-0.26,0.17,0.02,0.0,o
4095.0,3264.0,2783.0,4095.0,3431.0,2814.0,3139.0,3040.0,1.66,9.7,7.07,-0.21,0.33,0.19,0.0,o
4095.0,3255.0,2774.0,4095.0,3413.0,2805.0,3120.0,2963.0,2.31,9.15,7.07,-0.48,0.29,0.34,0.0,o
4095.0,3238.0,2783.0,4095.0,3373.0,2789.0,3086.0,2955.0,1.66,9.3,7.29,-0.09,0.45,-0.03,0.0,o
4095.0,3253.0,2827.0,4069.0,3275.0,2704.0,2949.0,2871.0,1.56,9.62,6.48,-0.02,-0.03,-0.34,0.0,o
4095.0,3269.0,2861.0,3790.0,3168.0,2614.0,2807.0,2789.0,1.28,9.6,6.17,-0.05,-0.15,-0.5,0.0,o
4095.0,3287.0,2890.0,3554.0,3031.0,2512.0,2658.0,2701.0,1.39,9.72,6.28,-0.23,-0.26,-0.56,0.0,o
4095.0,3270.0,2903.0,3510.0,3012.0,2497.0,2639.0,2677.0,1.31,9.67,6.68,-0.55,-0.33,-0.46,0.0,o
4095.0,3285.0,2911.0,3536.0,3023.0,2511.0,2658.0,2704.0,0.99,9.31,7.45,-0.37,-0.06,-0.29,0.0,o
4095.0,3295.0,2912.0,3583.0,3038.0,2527.0,2679.0,2736.0,0.66,9.26,7.56,0.08,0.08,-0.17,0.0,o
4095.0,3287.0,2909.0,3651.0,3071.0,2559.0,2733.0,2765.0,0.59,9.27,7.37,0.24,0.12,-0.04,0.0,o
4095.0,3285.0,2891.0,3781.0,3135.0,2608.0,2802.0,2829.0,0.72,9.45,7.29,0.32,0.01,0.08,0.0,o
4095.0,3282.0,2863.0,3970.0,3189.0,2645.0,2897.0,2899.0,1.12,9.52,6.95,0.3,-0.18,0.25,0.0,o
4095.0,3285.0,2811.0,4095.0,3246.0,2711.0,2999.0,2982.0,1.68,9.59,6.67,-0.04,-0.11,0.3,0.0,o
4095.0,3263.0,2767.0,4095.0,3280.0,2752.0,3082.0,3029.0,2.02,9.42,6.85,-0.15,0.07,0.01,0.0,o
4095.0,3267.0,2747.0,4095.0,3289.0,2765.0,3109.0,3063.0,2.03,9.4,7.02,-0.07,-0.06,-0.15,0.0,o
4095.0,3271.0,2746.0,4095.0,3282.0,2759.0,3107.0,3054.0,1.77,9.43,7.08,-0.06,-0.01,-0.34,0.0,o
4095.0,3255.0,2800.0,4095.0,3249.0,2721.0,3019.0,2970.0,1.3,9.48,7.06,0.03,0.01,-0.35,0.0,o
4095.0,3243.0,2839.0,3924.0,3199.0,2650.0,2871.0,2827.0,1.14,9.4,7.04,-0.0,-0.09,-0.39,0.0,o
4095.0,3246.0,2868.0,3808.0,3155.0,2596.0,2781.0,2751.0,0.87,9.53,7.09,-0.06,-0.21,-0.29,0.0,o
4095.0,3251.0,2826.0,4095.0,3280.0,2762.0,3151.0,3111.0,1.64,8.92,7.14,-0.18,0.51,0.47,0.0,o
4095.0,3251.0,2826.0,4095.0,3280.0,2762.0,3151.0,3111.0,1.64,8.92,7.14,-0.18,0.51,0.47,0.0,o
4095.0,3253.0,2793.0,4095.0,3315.0,2801.0,3211.0,3152.0,2.35,9.45,6.19,-0.11,0.31,0.36,0.0,o
4095.0,3253.0,2768.0,4095.0,3378.0,2864.0,3313.0,3216.0,3.29,9.43,5.94,-0.07,0.11,0.22,0.0,o
4095.0,3248.0,2743.0,4095.0,3397.0,2899.0,3374.0,3245.0,3.6,9.29,6.35,-0.14,0.02,0.12,0.0,o
4095.0,3226.0,2723.0,4095.0,3427.0,2928.0,3440.0,3281.0,3.46,8.99,6.56,0.08,0.12,-0.2,0.0,o
4095.0,3219.0,2718.0,4095.0,3439.0,2928.0,3463.0,3270.0,3.51,9.35,6.39,0.09,0.32,-0.2,0.0,o
4095.0,3217.0,2736.0,4095.0,3440.0,2940.0,3472.0,3258.0,3.27,9.26,6.57,0.1,0.37,-0.3,0.0,o
4095.0,3216.0,2755.0,4095.0,3427.0,2909.0,3419.0,3210.0,2.78,9.28,6.52,-0.15,0.24,-0.24,0.0,o
4095.0,3219.0,2778.0,4095.0,3386.0,2870.0,3334.0,3142.0,2.38,9.12,7.1,-0.12,0.12,-0.25,0.0,o
4095.0,3211.0,2797.0,4095.0,3345.0,2805.0,3205.0,3054.0,2.27,9.08,7.25,-0.14,-0.02,-0.3,0.0,o
4095.0,3209.0,2827.0,4047.0,3296.0,2736.0,3060.0,2974.0,2.39,9.12,7.27,-0.02,-0.13,-0.27,0.0,o
4095.0,3226.0,2864.0,3875.0,3226.0,2691.0,2954.0,2885.0,2.46,9.22,7.08,-0.12,-0.25,-0.13,0.0,o
4095.0,3226.0,2899.0,3725.0,3184.0,2640.0,2863.0,2807.0,2.76,9.13,7.09,-0.09,-0.23,-0.13,0.0,o
4095.0,3242.0,2923.0,3613.0,3121.0,2586.0,2768.0,2753.0,3.0,9.12,7.03,-0.13,-0.28,-0.12,0.0,o
4095.0,3247.0,2945.0,3599.0,3109.0,2559.0,2739.0,2741.0,3.0,9.13,7.05,-0.16,-0.2,-0.15,0.0,o
4095.0,3248.0,2941.0,3636.0,3113.0,2559.0,2754.0,2750.0,3.09,8.98,7.29,-0.23,-0.28,-0.2,0.0,o
4095.0,3232.0,2927.0,3687.0,3126.0,2598.0,2800.0,2778.0,3.14,8.89,7.79,-0.13,-0.25,-0.26,0.0,o
4095.0,3241.0,2928.0,3778.0,3162.0,2625.0,2836.0,2832.0,2.94,8.79,7.69,0.1,-0.32,-0.41,0.0,o
4095.0,3245.0,2879.0,3898.0,3215.0,2679.0,2960.0,2947.0,2.79,9.13,7.36,0.21,-0.28,-0.46,0.0,o
4095.0,3259.0,2800.0,4095.0,3328.0,2800.0,3155.0,3024.0,1.12,9.6,6.31,-0.12,-0.11,-0.06,0.0,o
4095.0,3259.0,2800.0,4095.0,3328.0,2800.0,3155.0,3024.0,1.12,9.6,6.31,-0.12,-0.11,-0.06,0.0,o
4095.0,3260.0,2850.0,4063.0,3289.0,2718.0,2995.0,2896.0,1.1,9.59,6.53,0.02,0.05,-0.12,0.0,o
4095.0,3248.0,2871.0,3921.0,3251.0,2674.0,2909.0,2846.0,1.15,9.73,6.32,-0.07,-0.08,-0.12,0.0,o
4095.0,3261.0,2896.0,3731.0,3176.0,2617.0,2823.0,2774.0,1.06,9.67,6.41,-0.21,-0.1,-0.11,0.0,o
4095.0,3237.0,2942.0,3479.0,3046.0,2528.0,2713.0,2699.0,1.12,9.65,6.37,-0.39,-0.1,-0.06,0.0,o
4095.0,3231.0,2959.0,3393.0,2986.0,2488.0,2640.0,2641.0,1.39,9.37,6.89,-0.26,0.01,-0.23,0.0,o
4095.0,3232.0,2970.0,3345.0,2927.0,2445.0,2559.0,2559.0,1.17,9.47,7.2,-0.28,-0.08,-0.27,0.0,o
4095.0,3214.0,2977.0,3347.0,2926.0,2451.0,2559.0,2559.0,1.01,9.33,7.22,-0.14,-0.16,-0.24,0.0,o
4095.0,3230.0,2965.0,3447.0,3005.0,2496.0,2649.0,2647.0,1.19,9.21,7.31,-0.01,-0.12,-0.23,0.0,o
4095.0,3241.0,2928.0,3600.0,3120.0,2590.0,2773.0,2755.0,1.1,9.48,7.31,0.13,-0.07,-0.21,0.0,o
4095.0,3266.0,2877.0,3823.0,3226.0,2663.0,2886.0,2829.0,1.08,9.57,7.01,0.14,-0.04,-0.21,0.0,o
4095.0,3253.0,2832.0,4032.0,3312.0,2715.0,2976.0,2894.0,0.96,9.58,6.84,0.09,-0.0,-0.17,0.0,o
4095.0,3261.0,2798.0,4095.0,3360.0,2751.0,3042.0,2948.0,0.97,9.52,6.81,0.0,-0.04,-0.12,0.0,o
4095.0,3264.0,2771.0,4095.0,3415.0,2795.0,3110.0,3003.0,0.93,9.47,6.89,0.03,0.07,-0.15,0.0,o
4095.0,3258.0,2736.0,4095.0,3456.0,2826.0,3152.0,3042.0,1.16,9.45,7.04,0.06,0.01,-0.13,0.0,o
4095.0,3267.0,2703.0,4095.0,3505.0,2871.0,3222.0,3094.0,1.01,9.49,7.09,0.21,0.1,-0.11,0.0,o
4095.0,3269.0,2688.0,4095.0,3507.0,2882.0,3254.0,3126.0,1.09,9.66,6.65,0.09,-0.02,-0.11,0.0,o
4095.0,3259.0,2690.0,4095.0,3511.0,2882.0,3258.0,3130.0,0.96,9.54,6.73,0.02,0.05,-0.1,0.0,o
4095.0,3266.0,2679.0,4095.0,3509.0,2887.0,3265.0,3136.0,1.14,9.55,6.71,0.02,-0.0,-0.14,0.0,o
4095.0,3233.0,2749.0,4095.0,3347.0,2805.0,3149.0,3047.0,1.56,9.47,6.59,-0.01,-0.02,-0.19,0.0,o
4095.0,3232.0,2767.0,4095.0,3356.0,2809.0,3152.0,3056.0,1.44,9.48,6.76,-0.02,-0.03,-0.2,0.0,o
4095.0,3227.0,2765.0,4095.0,3365.0,2810.0,3152.0,3056.0,1.42,9.47,6.73,-0.01,-0.03,-0.17,0.0,o
4095.0,3241.0,2768.0,4095.0,3361.0,2810.0,3152.0,3056.0,1.56,9.46,6.78,-0.03,-0.03,-0.14,0.0,o
4095.0,3227.0,2766.0,4095.0,3345.0,2800.0,3145.0,3047.0,1.67,9.47,6.9,-0.01,-0.01,-0.14,0.0,o
4095.0,3227.0,2766.0,4095.0,3339.0,2800.0,3141.0,3056.0,1.8,9.31,6.88,0.02,0.01,-0.14,0.0,o
4095.0,3231.0,2752.0,4095.0,3326.0,2781.0,3153.0,3058.0,1.58,9.5,6.9,0.19,0.13,-0.19,0.0,o
4095.0,3215.0,2739.0,4089.0,3299.0,2751.0,3127.0,3039.0,1.64,9.56,6.5,0.06,-0.02,-0.14,0.0,o
4095.0,3231.0,2742.0,4039.0,3296.0,2736.0,3095.0,3021.0,1.57,9.53,6.71,-0.01,-0.03,-0.14,0.0,o
4095.0,3211.0,2737.0,4022.0,3290.0,2734.0,3071.0,3008.0,1.58,9.53,6.58,-0.02,-0.09,-0.12,0.0,o
4095.0,3222.0,2753.0,4050.0,3287.0,2736.0,3084.0,3007.0,1.62,9.53,6.72,-0.05,0.02,-0.1,0.0,o
4095.0,3216.0,2746.0,4053.0,3290.0,2739.0,3088.0,3011.0,1.8,9.41,6.81,-0.03,0.02,-0.11,0.0,o
4095.0,3221.0,2748.0,4071.0,3293.0,2739.0,3088.0,3010.0,1.81,9.51,6.82,-0.01,-0.05,-0.15,0.0,o
4095.0,3215.0,2751.0,4083.0,3291.0,2741.0,3087.0,3009.0,1.65,9.46,6.83,-0.05,-0.01,-0.13,0.0,o
4095.0,3216.0,2765.0,4095.0,3291.0,2745.0,3088.0,3011.0,1.61,9.4,6.88,-0.01,0.04,-0.12,0.0,o
4095.0,3221.0,2750.0,4095.0,3295.0,2749.0,3102.0,3022.0,1.55,9.45,6.81,0.03,-0.01,-0.14,0.0,o
4095.0,3222.0,2754.0,4089.0,3298.0,2743.0,3089.0,3023.0,1.65,9.49,6.68,0.01,-0.03,-0.11,0.0,o
4095.0,3230.0,2743.0,4095.0,3307.0,2751.0,3089.0,3018.0,1.81,9.47,6.68,-0.02,-0.02,-0.11,0.0,o
4095.0,3219.0,2747.0,4095.0,3302.0,2754.0,3092.0,3024.0,1.82,9.45,6.85,-0.01,-0.02,-0.14,0.0,o
4095.0,3220.0,2756.0,4095.0,3306.0,2755.0,3118.0,3021.0,1.75,9.4,6.89,0.01,-0.01,-0.14,0.0,o
4095.0,2013.0,1891.0,4081.0,3270.0,2746.0,3372.0,3231.0,1.48,9.12,7.43,0.1,1.41,-0.32,0.0,o
4095.0,1069.0,1862.0,4095.0,3280.0,2749.0,3390.0,3234.0,1.22,9.08,7.71,-0.18,1.75,-0.09,0.0,o
4095.0,915.0,1833.0,4095.0,3312.0,2759.0,3404.0,3243.0,0.92,8.83,8.57,0.01,0.91,-0.19,0.0,o
4095.0,884.0,1821.0,4095.0,3327.0,2768.0,3399.0,3216.0,1.21,8.97,8.53,0.18,0.42,-0.34,0.0,o
4095.0,886.0,1817.0,4095.0,3344.0,2769.0,3403.0,3223.0,1.04,9.02,8.49,0.25,-0.03,-0.47,0.0,o
4095.0,855.0,1807.0,4095.0,3350.0,2775.0,3408.0,3226.0,0.93,9.17,8.04,0.25,-0.19,-0.44,0.0,o
4095.0,852.0,1805.0,4095.0,3362.0,2775.0,3394.0,3204.0,0.76,9.23,7.79,0.15,-0.15,-0.35,0.0,o
4095.0,877.0,1809.0,4095.0,3391.0,2785.0,3411.0,3210.0,0.79,9.14,7.87,0.14,0.05,-0.26,0.0,o
4095.0,859.0,1783.0,4095.0,3391.0,2790.0,3406.0,3199.0,0.52,9.24,7.62,0.15,0.14,-0.18,0.0,o
4095.0,846.0,1770.0,4095.0,3418.0,2793.0,3399.0,3203.0,0.57,9.26,7.64,0.07,0.05,-0.15,0.0,o
4095.0,851.0,1761.0,4095.0,3429.0,2797.0,3406.0,3211.0,0.64,9.23,7.63,0.11,0.0,-0.15,0.0,o
4095.0,848.0,1746.0,4095.0,3429.0,2798.0,3412.0,3213.0,0.81,9.27,7.68,0.06,0.05,-0.14,0.0,o
4095.0,847.0,1741.0,4095.0,3440.0,2815.0,3417.0,3216.0,0.81,9.25,7.69,0.13,0.07,-0.17,0.0,o
4095.0,855.0,1750.0,4095.0,3439.0,2800.0,3411.0,3193.0,0.73,9.34,7.43,0.04,0.0,-0.14,0.0,o
4095.0,869.0,1764.0,4085.0,3430.0,2793.0,3392.0,3173.0,0.66,9.31,7.53,0.03,0.05,-0.21,0.0,o
4095.0,865.0,1776.0,4010.0,3415.0,2768.0,3376.0,3164.0,0.66,9.28,7.51,-0.03,-0.04,-0.16,0.0,o
4095.0,854.0,1783.0,3953.0,3391.0,2743.0,3349.0,3151.0,0.58,9.29,7.75,0.0,0.04,-0.13,0.0,o
4095.0,869.0,1817.0,3884.0,3370.0,2717.0,3312.0,3136.0,0.74,9.4,7.5,-0.11,-0.05,-0.05,0.0,o
4095.0,855.0,1845.0,3847.0,3357.0,2693.0,3276.0,3088.0,0.68,9.21,7.66,-0.16,0.02,-0.03,0.0,o
4095.0,865.0,1913.0,3840.0,3336.0,2673.0,3206.0,3025.0,0.83,9.16,7.81,-0.19,-0.05,-0.04,0.0,o
4095.0,905.0,1579.0,4034.0,3283.0,2774.0,3490.0,3387.0,0.98,9.17,7.78,-0.08,-0.11,-0.17,0.0,o
4095.0,906.0,1623.0,4067.0,3291.0,2768.0,3458.0,3311.0,0.58,9.11,8.11,-0.05,0.03,-0.19,0.0,o
4095.0,893.0,1747.0,4059.0,3281.0,2735.0,3313.0,3149.0,0.52,9.03,8.17,-0.05,0.05,-0.11,0.0,o
4095.0,869.0,1866.0,4022.0,3275.0,2692.0,3205.0,3056.0,0.47,9.06,8.18,0.01,-0.01,-0.07,0.0,o
4095.0,874.0,1951.0,3966.0,3246.0,2673.0,3136.0,2997.0,0.87,9.14,8.05,0.02,0.0,-0.05,0.0,o
4095.0,883.0,2030.0,3908.0,3250.0,2667.0,3071.0,2925.0,1.08,9.23,7.98,0.02,-0.03,-0.07,0.0,o
4095.0,870.0,2089.0,3855.0,3248.0,2659.0,3037.0,2886.0,1.15,9.19,7.99,-0.08,-0.04,0.02,0.0,o
4095.0,865.0,2032.0,3863.0,3269.0,2679.0,3087.0,2928.0,0.93,8.88,8.18,0.0,0.15,-0.05,0.0,o
4095.0,865.0,1903.0,3934.0,3297.0,2705.0,3165.0,3008.0,0.95,9.03,8.17,0.05,-0.05,-0.14,0.0,o
4095.0,864.0,1757.0,3931.0,3300.0,2715.0,3216.0,3066.0,0.93,9.14,7.87,0.09,-0.18,-0.19,0.0,o
4095.0,859.0,1713.0,3984.0,3312.0,2721.0,3238.0,3101.0,1.06,9.22,7.82,0.04,-0.07,-0.2,0.0,o
4095.0,855.0,1655.0,4019.0,3316.0,2736.0,3279.0,3129.0,0.97,9.15,7.99,-0.01,-0.03,-0.15,0.0,o
4095.0,860.0,1579.0,4026.0,3331.0,2743.0,3332.0,3167.0,0.92,9.04,8.06,0.09,0.09,-0.17,0.0,o
4095.0,851.0,1534.0,4042.0,3333.0,2747.0,3358.0,3190.0,0.56,9.1,8.07,0.4,0.31,-0.07,0.0,o
4095.0,862.0,1504.0,4095.0,3360.0,2761.0,3383.0,3210.0,1.02,9.04,7.74,0.56,0.3,-0.11,0.0,o
4095.0,859.0,1456.0,4095.0,3365.0,2779.0,3412.0,3221.0,0.84,9.59,7.46,0.7,0.19,-0.22,0.0,o
4095.0,854.0,1637.0,4095.0,3361.0,2782.0,3407.0,3145.0,1.14,9.52,6.87,0.16,-0.09,-0.18,0.0,o
4095.0,859.0,1921.0,4095.0,3361.0,2779.0,3399.0,3081.0,0.79,9.73,7.04,-0.09,-0.09,-0.05,0.0,o
4095.0,860.0,2028.0,4095.0,3353.0,2760.0,3344.0,3050.0,0.76,9.33,7.2,-0.2,0.03,0.08,0.0,o
4095.0,844.0,2094.0,4056.0,3344.0,2741.0,3318.0,3035.0,0.88,9.3,7.42,-0.2,0.11,-0.0,0.0,o
4095.0,894.0,1285.0,4095.0,3222.0,2741.0,3517.0,3527.0,0.92,9.73,6.62,-0.16,0.06,0.02,0.0,o
4095.0,913.0,1504.0,4095.0,3235.0,2714.0,3426.0,3245.0,1.26,9.35,6.9,-0.32,0.02,-0.01,0.0,o
4095.0,897.0,1724.0,4095.0,3218.0,2699.0,3326.0,3094.0,1.28,9.51,7.09,-0.37,-0.05,-0.07,0.0,o
4095.0,903.0,1922.0,4013.0,3200.0,2657.0,3242.0,2990.0,1.33,9.38,7.17,-0.27,-0.09,-0.07,0.0,o
4095.0,894.0,2043.0,3867.0,3123.0,2624.0,3186.0,2928.0,1.56,9.3,7.29,-0.33,-0.07,-0.01,0.0,o
4095.0,911.0,2100.0,3837.0,3113.0,2614.0,3171.0,2938.0,1.9,9.19,7.64,-0.2,0.09,-0.13,0.0,o
4095.0,933.0,2103.0,3811.0,3107.0,2611.0,3170.0,2959.0,1.6,9.27,7.82,-0.18,0.09,-0.16,0.0,o
4095.0,937.0,2076.0,3823.0,3102.0,2618.0,3188.0,2992.0,1.39,9.14,8.0,-0.1,-0.02,-0.25,0.0,o
4095.0,988.0,1931.0,3774.0,3083.0,2630.0,3255.0,3091.0,1.1,9.03,8.15,-0.13,-0.26,-0.18,0.0,o
4095.0,1220.0,1799.0,3813.0,3099.0,2653.0,3321.0,3200.0,1.25,9.07,8.1,0.12,-0.31,-0.27,0.0,o
4095.0,1271.0,1745.0,3920.0,3147.0,2673.0,3347.0,3243.0,1.13,9.04,8.03,0.28,-0.49,-0.22,0.0,o
4095.0,1257.0,1776.0,4075.0,3191.0,2699.0,3357.0,3246.0,1.3,9.38,7.47,0.38,-0.58,-0.08,0.0,o
4095.0,1344.0,1819.0,4095.0,3223.0,2707.0,3344.0,3223.0,2.1,9.19,7.05,0.21,-0.24,-0.11,0.0,o
4095.0,1476.0,1835.0,4095.0,3230.0,2719.0,3328.0,3216.0,1.56,9.45,7.04,0.19,-0.04,-0.07,0.0,o
4095.0,1467.0,1847.0,4095.0,3245.0,2722.0,3345.0,3216.0,1.85,9.33,6.89,0.16,0.06,-0.04,0.0,o
4095.0,1476.0,1837.0,4095.0,3258.0,2735.0,3365.0,3242.0,1.79,9.51,6.98,0.12,-0.07,-0.01,0.0,o
4095.0,1429.0,1794.0,4095.0,3279.0,2746.0,3397.0,3263.0,2.46,9.24,7.08,0.17,0.06,0.11,0.0,o
4095.0,1402.0,1796.0,4095.0,3275.0,2746.0,3406.0,3281.0,2.23,9.45,7.09,0.11,0.18,-0.06,0.0,o
4095.0,1200.0,1787.0,4095.0,3274.0,2741.0,3402.0,3271.0,2.25,9.34,6.85,0.01,0.34,-0.05,0.0,o
4095.0,989.0,1777.0,4095.0,3265.0,2739.0,3415.0,3295.0,1.94,9.47,6.7,-0.35,0.62,-0.11,0.0,o
4095.0,906.0,1518.0,3946.0,3347.0,2832.0,3611.0,3613.0,1.3,9.17,7.91,-0.03,-0.25,-0.42,0.0,o
4095.0,892.0,1434.0,3987.0,3375.0,2833.0,3617.0,3663.0,1.24,9.27,7.81,0.17,-0.19,-0.39,0.0,o
4095.0,895.0,1371.0,4021.0,3371.0,2841.0,3623.0,3695.0,1.43,9.23,7.56,0.21,-0.31,-0.36,0.0,o
4095.0,895.0,1345.0,4095.0,3402.0,2857.0,3643.0,3728.0,0.9,9.52,7.52,0.26,-0.66,-0.37,0.0,o
4095.0,895.0,1342.0,4095.0,3458.0,2873.0,3679.0,3722.0,1.69,9.34,7.16,0.23,-0.8,-0.39,0.0,o
4095.0,905.0,1353.0,4095.0,3479.0,2891.0,3690.0,3711.0,0.74,9.62,7.17,0.2,-0.81,-0.31,0.0,o
4095.0,953.0,1417.0,4095.0,3482.0,2896.0,3694.0,3664.0,1.71,9.33,6.82,0.12,-0.82,-0.24,0.0,o
4095.0,1771.0,1535.0,4095.0,3446.0,2870.0,3663.0,3537.0,1.16,9.56,6.81,0.17,-0.63,-0.18,0.0,o
4095.0,2384.0,1661.0,4095.0,3395.0,2825.0,3555.0,3392.0,1.67,9.42,6.64,0.07,-0.31,-0.05,0.0,o
4095.0,2512.0,1747.0,4095.0,3342.0,2781.0,3468.0,3283.0,1.41,9.54,6.68,0.0,0.12,0.0,0.0,o
4095.0,2485.0,1850.0,4095.0,3315.0,2746.0,3376.0,3184.0,1.67,9.36,6.79,-0.07,0.21,0.08,0.0,o
4095.0,2304.0,1951.0,4095.0,3265.0,2701.0,3272.0,3087.0,1.47,9.45,6.91,-0.08,0.25,0.04,0.0,o
4095.0,1667.0,2081.0,4095.0,3245.0,2673.0,3173.0,2963.0,1.76,9.38,6.86,-0.09,0.17,0.07,0.0,o
4095.0,1023.0,2127.0,4007.0,3211.0,2635.0,3089.0,2877.0,1.95,9.32,7.09,-0.09,0.31,-0.06,0.0,o
4095.0,929.0,2123.0,3905.0,3167.0,2606.0,3008.0,2819.0,1.98,9.4,7.25,-0.1,0.1,-0.04,0.0,o
4095.0,927.0,2053.0,3843.0,3147.0,2590.0,2998.0,2801.0,2.06,9.31,7.13,-0.07,0.27,-0.13,0.0,o
4095.0,929.0,1981.0,3792.0,3121.0,2559.0,2994.0,2807.0,2.0,9.18,7.24,-0.17,0.34,-0.13,0.0,o
4095.0,942.0,1837.0,3749.0,3107.0,2580.0,3063.0,2864.0,1.57,9.28,7.44,-0.17,0.6,-0.25,0.0,o
4095.0,976.0,1603.0,3716.0,3088.0,2593.0,3120.0,2993.0,1.51,9.21,7.69,-0.15,0.26,-0.26,0.0,o
4095.0,1008.0,1247.0,3701.0,3089.0,2609.0,3184.0,3070.0,1.48,9.18,7.65,-0.08,0.41,-0.31,0.0,o
4095.0,1424.0,908.0,4095.0,3408.0,2849.0,3598.0,3646.0,0.43,9.5,6.93,0.26,-0.21,-0.38,0.0,o
4095.0,1439.0,919.0,4095.0,3423.0,2863.0,3621.0,3691.0,0.41,9.61,6.78,0.25,-0.4,-0.34,0.0,o
4095.0,1456.0,919.0,4095.0,3414.0,2853.0,3632.0,3673.0,-0.07,9.61,6.66,0.2,-0.5,-0.26,0.0,o
4095.0,2055.0,928.0,4095.0,3390.0,2853.0,3653.0,3553.0,0.71,9.65,6.38,0.07,-0.77,-0.21,0.0,o
4095.0,2432.0,960.0,4095.0,3376.0,2835.0,3614.0,3400.0,0.66,9.74,6.33,0.05,-0.39,-0.12,0.0,o
4095.0,2640.0,976.0,4095.0,3347.0,2832.0,3605.0,3344.0,0.8,9.62,6.23,-0.0,-0.22,-0.07,0.0,o
4095.0,2752.0,979.0,4095.0,3369.0,2827.0,3562.0,3231.0,0.73,9.69,6.3,-0.06,-0.03,-0.08,0.0,o
4095.0,2703.0,1009.0,4095.0,3351.0,2819.0,3504.0,3126.0,0.69,9.6,6.52,-0.1,-0.02,-0.02,0.0,o
4095.0,2670.0,1125.0,4095.0,3344.0,2799.0,3471.0,2994.0,0.82,9.62,6.52,-0.14,-0.16,0.04,0.0,o
4095.0,2649.0,1203.0,4095.0,3353.0,2807.0,3463.0,2961.0,1.01,9.46,6.82,-0.17,-0.02,0.03,0.0,o
4095.0,2624.0,1238.0,4095.0,3342.0,2795.0,3429.0,2921.0,1.09,9.51,6.82,-0.16,-0.04,0.01,0.0,o
4095.0,2593.0,1273.0,4095.0,3351.0,2790.0,3405.0,2898.0,0.9,9.26,7.15,-0.18,0.12,0.18,0.0,o
4095.0,2545.0,1279.0,4095.0,3312.0,2773.0,3379.0,2895.0,1.22,9.47,6.91,-0.31,0.2,0.12,0.0,o
4095.0,2608.0,1259.0,4095.0,3266.0,2762.0,3361.0,2910.0,1.42,9.23,7.17,-0.25,0.63,0.2,0.0,o
4095.0,2452.0,1189.0,4013.0,3243.0,2758.0,3376.0,2991.0,1.21,9.4,7.33,-0.23,0.97,0.09,0.0,o
4095.0,2221.0,1088.0,3971.0,3228.0,2757.0,3403.0,3071.0,1.55,9.17,7.65,-0.24,0.46,0.06,0.0,o
4095.0,1961.0,991.0,3952.0,3227.0,2758.0,3440.0,3169.0,1.64,9.26,7.87,-0.07,0.29,-0.15,0.0,o
4095.0,1632.0,971.0,4016.0,3225.0,2768.0,3453.0,3264.0,1.72,9.1,7.82,-0.02,0.03,-0.23,0.0,o
4095.0,1310.0,945.0,4094.0,3248.0,2775.0,3467.0,3301.0,1.3,9.21,7.78,0.1,0.14,-0.34,0.0,o
4095.0,968.0,936.0,4095.0,3242.0,2786.0,3472.0,3331.0,1.3,9.27,7.52,0.08,0.06,-0.35,0.0,o
4095.0,861.0,895.0,4095.0,3323.0,2866.0,3728.0,3599.0,0.95,9.25,7.9,0.11,-0.48,-0.24,0.0,o
4095.0,862.0,895.0,4095.0,3338.0,2852.0,3717.0,3569.0,1.06,9.32,7.76,0.15,-0.55,-0.31,0.0,o
4095.0,976.0,898.0,4095.0,3330.0,2835.0,3664.0,3457.0,0.73,9.26,7.93,0.29,-0.45,-0.34,0.0,o
4095.0,1853.0,915.0,4095.0,3317.0,2827.0,3632.0,3335.0,0.22,9.37,7.72,0.37,-0.41,-0.12,0.0,o
4095.0,2255.0,953.0,4095.0,3317.0,2819.0,3600.0,3251.0,1.13,9.24,7.34,0.31,-0.52,-0.02,0.0,o
4095.0,2321.0,958.0,4095.0,3328.0,2815.0,3547.0,3203.0,0.79,9.5,7.02,0.17,-0.29,-0.11,0.0,o
4095.0,2361.0,970.0,4095.0,3334.0,2815.0,3523.0,3165.0,1.02,9.4,6.9,0.02,-0.23,0.0,0.0,o
4095.0,2339.0,970.0,4095.0,3333.0,2834.0,3490.0,3110.0,1.14,9.49,7.08,0.0,0.15,-0.09,0.0,o
4095.0,2323.0,981.0,4095.0,3337.0,2815.0,3462.0,3034.0,1.26,9.41,7.03,-0.07,0.15,0.01,0.0,o
4095.0,2227.0,1005.0,4095.0,3344.0,2802.0,3421.0,3003.0,1.33,9.37,7.08,-0.17,0.22,-0.01,0.0,o
4095.0,2128.0,1021.0,4095.0,3325.0,2794.0,3370.0,2977.0,1.13,9.41,7.21,-0.2,0.42,0.02,0.0,o
4095.0,2035.0,1022.0,4095.0,3302.0,2778.0,3338.0,2967.0,1.46,9.18,7.45,-0.11,0.46,-0.1,0.0,o
4095.0,1938.0,1031.0,4095.0,3292.0,2757.0,3282.0,2967.0,1.06,9.51,7.53,-0.0,0.48,-0.24,0.0,o
4095.0,1904.0,1023.0,4095.0,3267.0,2736.0,3229.0,2969.0,0.91,9.31,7.54,-0.08,0.26,-0.15,0.0,o
4095.0,1904.0,1007.0,4095.0,3267.0,2737.0,3216.0,2975.0,0.96,9.23,7.67,-0.11,0.34,-0.12,0.0,o
4095.0,1939.0,1007.0,4095.0,3253.0,2736.0,3216.0,2962.0,0.83,9.21,7.72,-0.18,0.58,-0.08,0.0,o
4095.0,1891.0,997.0,4095.0,3255.0,2741.0,3243.0,3004.0,0.84,9.19,7.93,-0.11,0.65,-0.12,0.0,o
4095.0,1321.0,960.0,4062.0,3255.0,2759.0,3353.0,3095.0,0.79,9.16,8.04,-0.13,0.33,-0.23,0.0,o
4095.0,1008.0,935.0,3952.0,3229.0,2767.0,3447.0,3216.0,0.74,9.18,8.14,-0.04,-0.12,-0.33,0.0,o
4095.0,1041.0,931.0,3904.0,3216.0,2790.0,3520.0,3295.0,0.6,9.19,7.98,0.0,-0.04,-0.36,0.0,o
4095.0,855.0,3038.0,4095.0,3443.0,2901.0,3527.0,3343.0,1.09,9.21,8.0,0.02,0.0,-0.21,0.0,o
4095.0,859.0,3129.0,4095.0,3437.0,2908.0,3529.0,3374.0,0.92,9.17,7.93,0.03,-0.07,-0.19,0.0,o
4095.0,877.0,3556.0,4095.0,3423.0,2898.0,3525.0,3392.0,0.89,9.24,7.77,0.01,-0.1,-0.2,0.0,o
4095.0,853.0,3952.0,4095.0,3436.0,2907.0,3531.0,3406.0,0.97,9.07,7.88,0.06,0.01,-0.3,0.0,o
4095.0,850.0,4022.0,4095.0,3403.0,2889.0,3507.0,3383.0,0.77,9.21,7.91,0.25,0.06,-0.35,0.0,o
4095.0,848.0,4033.0,4095.0,3353.0,2855.0,3439.0,3338.0,0.56,9.41,7.69,0.23,0.05,-0.34,0.0,o
4095.0,851.0,4048.0,4095.0,3344.0,2847.0,3402.0,3265.0,-0.11,9.65,7.24,-0.09,-0.35,-0.1,0.0,o
4095.0,849.0,3974.0,4095.0,3330.0,2832.0,3393.0,3259.0,1.16,8.87,7.57,-0.34,-0.45,-0.16,0.0,o
4095.0,848.0,3994.0,4095.0,3269.0,2789.0,3324.0,3229.0,0.55,9.34,8.02,-0.19,-0.13,-0.18,0.0,o
4095.0,846.0,3965.0,4071.0,3247.0,2751.0,3280.0,3198.0,0.78,9.11,8.07,-0.17,-0.07,-0.19,0.0,o
4095.0,851.0,4001.0,4018.0,3237.0,2741.0,3262.0,3178.0,0.7,9.18,8.21,-0.1,-0.35,-0.12,0.0,o
4095.0,851.0,3989.0,4064.0,3247.0,2741.0,3255.0,3178.0,0.92,9.07,8.25,-0.03,-0.54,-0.12,0.0,o
4095.0,856.0,4016.0,4048.0,3255.0,2747.0,3262.0,3173.0,0.84,9.14,8.04,0.05,-0.57,-0.06,0.0,o
4095.0,860.0,4032.0,4095.0,3265.0,2752.0,3271.0,3174.0,1.54,9.05,8.01,0.22,-0.25,-0.13,0.0,o
4095.0,848.0,4037.0,4095.0,3271.0,2774.0,3291.0,3170.0,1.52,8.99,7.94,0.45,0.13,-0.06,0.0,o
4095.0,865.0,4051.0,4095.0,3318.0,2813.0,3335.0,3222.0,0.98,9.65,7.39,0.39,0.32,0.02,0.0,o
4095.0,858.0,4045.0,4095.0,3371.0,2871.0,3377.0,3246.0,1.21,9.15,7.3,0.09,0.36,-0.02,0.0,o
4095.0,853.0,4050.0,4095.0,3401.0,2874.0,3408.0,3265.0,1.16,9.38,7.34,0.08,0.03,-0.11,0.0,o
4095.0,850.0,4026.0,4095.0,3395.0,2875.0,3397.0,3264.0,1.46,9.09,7.64,0.3,0.36,-0.11,0.0,o
4095.0,850.0,4064.0,4095.0,3386.0,2861.0,3406.0,3271.0,1.07,9.58,7.34,0.38,0.41,-0.07,0.0,o
4095.0,860.0,4095.0,3886.0,3514.0,2906.0,3459.0,3179.0,2.1,8.89,8.23,-0.06,0.05,-0.1,0.0,o
4095.0,848.0,4095.0,3874.0,3414.0,2845.0,3375.0,3152.0,1.86,8.94,8.22,0.03,0.03,-0.2,0.0,o
4095.0,855.0,4095.0,4003.0,3405.0,2865.0,3434.0,3195.0,1.92,8.75,8.35,0.37,-0.12,-0.34,0.0,o
4095.0,852.0,4095.0,4095.0,3453.0,2926.0,3535.0,3294.0,1.86,9.08,7.77,0.41,-0.29,-0.56,0.0,o
4095.0,858.0,4081.0,4095.0,3471.0,2960.0,3632.0,3393.0,1.53,9.37,7.58,0.26,-0.37,-0.56,0.0,o
4095.0,858.0,3985.0,4095.0,3423.0,2953.0,3650.0,3440.0,1.9,9.11,7.69,0.1,-0.24,-0.54,0.0,o
4095.0,851.0,3959.0,4095.0,3411.0,2944.0,3664.0,3470.0,1.58,9.2,7.92,0.2,-0.15,-0.49,0.0,o
4095.0,848.0,3984.0,4095.0,3419.0,2942.0,3657.0,3471.0,1.21,9.47,7.71,0.25,-0.09,-0.4,0.0,o
4095.0,851.0,3981.0,4095.0,3415.0,2931.0,3635.0,3456.0,1.16,9.3,7.37,0.17,-0.06,-0.24,0.0,o
4095.0,849.0,4003.0,4095.0,3435.0,2929.0,3649.0,3443.0,0.92,9.43,7.11,0.15,-0.18,-0.2,0.0,o
4095.0,841.0,4009.0,4095.0,3431.0,2935.0,3632.0,3441.0,1.16,9.35,6.91,0.09,-0.16,-0.18,0.0,o
4095.0,846.0,4029.0,4095.0,3440.0,2945.0,3623.0,3426.0,1.0,9.48,6.8,0.06,0.01,-0.14,0.0,o
4095.0,866.0,4030.0,4095.0,3434.0,2928.0,3614.0,3407.0,1.26,9.46,6.86,-0.11,-0.06,-0.05,0.0,o
4095.0,855.0,4028.0,4095.0,3440.0,2928.0,3631.0,3423.0,1.4,9.41,7.39,-0.04,-0.01,-0.17,0.0,o
4095.0,851.0,4017.0,4095.0,3441.0,2931.0,3632.0,3431.0,1.52,9.33,7.38,-0.02,-0.05,-0.18,0.0,o
4095.0,848.0,4047.0,4095.0,3465.0,2937.0,3634.0,3434.0,1.29,9.35,7.53,0.02,0.03,-0.2,0.0,o
4095.0,850.0,4013.0,4095.0,3440.0,2932.0,3632.0,3431.0,1.17,9.3,7.53,0.1,0.01,-0.19,0.0,o
4095.0,846.0,4032.0,4095.0,3434.0,2935.0,3634.0,3440.0,1.18,9.33,7.35,0.17,0.04,-0.22,0.0,o
4095.0,842.0,4015.0,4095.0,3428.0,2921.0,3623.0,3433.0,1.08,9.39,6.89,0.26,0.01,-0.26,0.0,o
4095.0,851.0,4041.0,4095.0,3382.0,2899.0,3627.0,3431.0,1.03,9.56,6.73,0.23,0.03,-0.26,0.0,o
4095.0,951.0,4095.0,4095.0,3435.0,2895.0,3600.0,3227.0,2.89,9.67,4.09,0.03,-0.04,-0.21,0.0,o
4095.0,951.0,4095.0,4095.0,3435.0,2895.0,3600.0,3227.0,2.89,9.67,4.09,0.03,-0.04,-0.21,0.0,o
4095.0,951.0,4095.0,4095.0,3438.0,2894.0,3598.0,3221.0,2.49,9.59,4.48,0.04,-0.03,-0.24,0.0,o
4095.0,947.0,4095.0,4095.0,3437.0,2893.0,3579.0,3226.0,2.0,9.65,4.34,0.21,-0.56,-0.23,0.0,o
4095.0,962.0,4095.0,4095.0,3429.0,2886.0,3567.0,3207.0,1.3,9.84,4.05,0.13,-1.52,0.08,0.0,o
4095.0,990.0,4095.0,4095.0,3431.0,2885.0,3565.0,3196.0,2.81,9.66,3.25,-0.02,-3.14,0.34,0.0,o
4095.0,994.0,4095.0,4095.0,3440.0,2895.0,3570.0,3194.0,3.91,9.29,2.95,-0.16,-1.79,-0.16,0.0,o
4095.0,989.0,4095.0,4095.0,3433.0,2895.0,3575.0,3187.0,2.84,9.65,2.97,0.05,-1.04,-0.21,0.0,o
4095.0,988.0,4095.0,4095.0,3431.0,2898.0,3568.0,3187.0,3.04,9.47,2.64,-0.01,-0.38,-0.2,0.0,o
4095.0,990.0,4095.0,4095.0,3437.0,2906.0,3583.0,3201.0,2.48,9.56,2.76,0.03,0.26,-0.24,0.0,o
4095.0,1065.0,4070.0,4095.0,3419.0,2918.0,3636.0,3226.0,2.29,9.58,2.72,-0.06,0.33,-0.18,0.0,o
4095.0,1213.0,3968.0,4095.0,3437.0,2929.0,3673.0,3275.0,2.44,9.58,2.96,-0.05,0.33,-0.21,0.0,o
4095.0,1280.0,3952.0,4095.0,3434.0,2933.0,3699.0,3314.0,2.97,9.5,3.07,-0.09,0.47,-0.33,0.0,o
4095.0,1287.0,3931.0,4095.0,3439.0,2933.0,3700.0,3325.0,2.38,9.68,3.51,-0.07,0.96,-0.44,0.0,o
4095.0,1301.0,3982.0,4095.0,3418.0,2909.0,3663.0,3312.0,1.97,9.58,3.46,0.0,0.7,-0.46,0.0,o
4095.0,1385.0,3984.0,3951.0,3405.0,2882.0,3633.0,3313.0,1.72,9.83,3.53,-0.13,0.63,-0.3,0.0,o
4095.0,1569.0,3954.0,3846.0,3363.0,2849.0,3583.0,3310.0,1.93,9.62,3.95,-0.24,0.07,-0.1,0.0,o
4095.0,1644.0,3965.0,3793.0,3339.0,2833.0,3614.0,3328.0,2.05,9.83,4.0,-0.2,-0.03,-0.14,0.0,o
4095.0,1802.0,3977.0,3702.0,3312.0,2800.0,3549.0,3319.0,2.33,9.61,3.98,-0.12,-0.24,-0.22,0.0,o
4095.0,1943.0,4048.0,3738.0,3308.0,2768.0,3456.0,3258.0,2.14,9.72,4.01,0.01,-0.13,-0.31,0.0,o
4095.0,2133.0,4095.0,4095.0,3568.0,2990.0,3648.0,3197.0,1.16,9.84,4.29,0.02,-0.04,-0.15,0.0,o
4095.0,2120.0,4095.0,4095.0,3551.0,2991.0,3637.0,3183.0,1.36,9.9,4.34,-0.06,-0.07,-0.09,0.0,o
4095.0,2118.0,4095.0,4095.0,3564.0,2988.0,3648.0,3201.0,1.54,9.72,4.53,-0.05,0.26,-0.05,0.0,o
4095.0,2021.0,4095.0,4095.0,3537.0,2976.0,3635.0,3227.0,1.75,9.86,4.54,-0.08,0.52,-0.14,0.0,o
4095.0,1840.0,4095.0,4095.0,3498.0,2947.0,3582.0,3202.0,1.06,9.8,4.88,-0.05,0.49,-0.21,0.0,o
4095.0,1758.0,4095.0,4095.0,3458.0,2896.0,3457.0,3099.0,0.45,9.94,5.17,0.05,-0.19,-0.1,0.0,o
4095.0,1715.0,4095.0,4095.0,3386.0,2830.0,3377.0,3003.0,1.81,9.76,4.66,0.03,-0.98,-0.11,0.0,o
4095.0,2183.0,4095.0,4095.0,3344.0,2801.0,3376.0,2955.0,1.55,9.83,4.47,-0.0,-0.36,-0.17,0.0,o
4095.0,2626.0,4095.0,3985.0,3290.0,2775.0,3366.0,2943.0,1.61,9.85,4.35,-0.08,-0.04,-0.14,0.0,o
4095.0,2679.0,4095.0,3938.0,3306.0,2781.0,3375.0,2965.0,1.62,9.83,4.37,-0.12,0.54,-0.14,0.0,o
4095.0,2754.0,4095.0,4017.0,3340.0,2815.0,3447.0,3042.0,1.55,9.78,4.61,-0.21,0.76,-0.12,0.0,o
4095.0,2653.0,4095.0,4095.0,3351.0,2841.0,3552.0,3157.0,1.13,9.75,5.23,-0.1,0.61,-0.15,0.0,o
4095.0,2301.0,3942.0,4095.0,3392.0,2906.0,3649.0,3274.0,1.44,9.84,5.4,0.04,0.0,-0.21,0.0,o
4095.0,1973.0,3920.0,4095.0,3425.0,2935.0,3690.0,3338.0,1.51,9.85,5.28,0.12,-0.12,-0.25,0.0,o
4095.0,1929.0,3970.0,4095.0,3445.0,2949.0,3663.0,3298.0,1.14,9.96,5.07,0.13,-0.21,-0.23,0.0,o
4095.0,1905.0,4091.0,4095.0,3478.0,2954.0,3605.0,3204.0,1.12,9.79,4.97,0.09,-0.15,-0.1,0.0,o
4095.0,2090.0,4095.0,4095.0,3483.0,2928.0,3583.0,3183.0,1.37,9.73,4.62,0.03,-0.05,-0.14,0.0,o
4095.0,2214.0,4095.0,4095.0,3472.0,2918.0,3579.0,3193.0,1.23,9.92,4.6,0.02,0.1,-0.13,0.0,o
4095.0,2326.0,4095.0,4095.0,3439.0,2890.0,3568.0,3218.0,1.12,9.84,4.75,0.07,0.19,-0.14,0.0,o
4095.0,2342.0,4095.0,4095.0,3434.0,2897.0,3583.0,3234.0,1.17,9.97,4.85,0.02,-0.03,-0.14,0.0,o
4095.0,4095.0,905.0,4095.0,3752.0,3046.0,3404.0,3303.0,2.61,9.08,7.41,-0.0,0.16,-0.08,0.0,o
4095.0,4095.0,896.0,4095.0,3634.0,2965.0,3331.0,3216.0,2.68,8.93,7.71,-0.05,0.11,-0.01,0.0,o
4095.0,4095.0,911.0,4078.0,3526.0,2861.0,3264.0,3183.0,2.94,8.98,7.83,-0.15,0.04,-0.17,0.0,o
4095.0,4095.0,907.0,3910.0,3470.0,2810.0,3197.0,3160.0,2.85,8.88,7.99,-0.19,-0.15,-0.19,0.0,o
4095.0,4095.0,918.0,3809.0,3450.0,2782.0,3167.0,3143.0,2.34,8.98,8.05,-0.08,-0.17,-0.16,0.0,o
4095.0,4095.0,894.0,3802.0,3451.0,2785.0,3173.0,3134.0,3.0,8.69,7.96,-0.04,-0.2,-0.21,0.0,o
4095.0,4095.0,903.0,3781.0,3472.0,2800.0,3203.0,3159.0,2.62,8.77,7.95,0.02,-0.01,-0.16,0.0,o
4095.0,4095.0,905.0,3826.0,3503.0,2830.0,3263.0,3196.0,2.62,9.14,7.8,0.19,0.01,-0.17,0.0,o
4095.0,4095.0,908.0,3827.0,3520.0,2845.0,3275.0,3199.0,2.8,8.87,7.53,0.02,-0.14,-0.13,0.0,o
4095.0,4095.0,901.0,3926.0,3568.0,2853.0,3278.0,3188.0,2.66,8.8,8.08,0.13,-0.19,-0.22,0.0,o
4095.0,4095.0,896.0,4095.0,3675.0,2905.0,3303.0,3178.0,2.88,8.91,7.74,0.4,-0.4,-0.29,0.0,o
4095.0,4095.0,903.0,4095.0,3756.0,2992.0,3357.0,3178.0,2.9,9.22,7.24,0.48,-0.33,-0.32,0.0,o
4095.0,4095.0,901.0,4095.0,3786.0,3023.0,3424.0,3260.0,2.87,9.04,7.0,0.59,0.14,-0.27,0.0,o
4095.0,4095.0,903.0,4095.0,3814.0,3055.0,3451.0,3299.0,2.67,9.24,6.95,0.61,0.27,-0.37,0.0,o
4095.0,4095.0,911.0,4095.0,3834.0,3063.0,3456.0,3303.0,2.08,9.53,6.56,0.4,0.34,-0.26,0.0,o
4095.0,4095.0,903.0,4095.0,3806.0,3027.0,3387.0,3250.0,2.22,9.65,5.82,-0.09,0.08,-0.14,0.0,o
4095.0,4095.0,896.0,4095.0,3664.0,2925.0,3251.0,3131.0,2.33,9.34,6.31,-0.42,0.23,-0.01,0.0,o
4095.0,4095.0,919.0,4095.0,3569.0,2864.0,3191.0,3088.0,2.49,9.16,7.02,-0.27,0.05,-0.06,0.0,o
4095.0,4095.0,908.0,4094.0,3543.0,2858.0,3156.0,3069.0,2.27,9.28,7.2,-0.1,-0.07,-0.05,0.0,o
4095.0,4095.0,900.0,4095.0,3599.0,2883.0,3190.0,3086.0,2.42,9.03,7.29,0.09,-0.12,-0.18,0.0,o
4095.0,4095.0,926.0,4095.0,3506.0,2915.0,3429.0,3344.0,2.48,9.43,6.27,-0.14,0.14,-0.11,0.0,o
4095.0,4095.0,917.0,4095.0,3503.0,2926.0,3443.0,3431.0,2.82,9.29,6.38,-0.2,0.11,-0.14,0.0,o
4095.0,4095.0,912.0,4095.0,3504.0,2920.0,3449.0,3447.0,2.49,9.48,6.4,-0.14,0.26,-0.12,0.0,o
4095.0,4095.0,912.0,4095.0,3479.0,2916.0,3447.0,3447.0,2.69,9.33,6.45,-0.15,0.27,-0.13,0.0,o
4095.0,4095.0,931.0,4095.0,3469.0,2894.0,3430.0,3374.0,2.52,9.5,6.48,-0.11,0.42,-0.16,0.0,o
4095.0,4095.0,922.0,4095.0,3455.0,2871.0,3407.0,3264.0,2.58,9.48,6.62,-0.21,0.26,-0.05,0.0,o
4095.0,4095.0,930.0,4095.0,3426.0,2834.0,3326.0,3189.0,2.55,9.42,6.84,-0.36,0.22,-0.15,0.0,o
4095.0,4095.0,939.0,4066.0,3419.0,2826.0,3296.0,3171.0,2.39,9.13,6.96,-0.53,-0.09,-0.11,0.0,o
4095.0,4095.0,930.0,4023.0,3419.0,2815.0,3326.0,3227.0,2.42,8.94,7.4,-0.39,0.02,-0.19,0.0,o
4095.0,4095.0,933.0,4082.0,3425.0,2835.0,3360.0,3311.0,2.13,8.97,7.73,-0.02,0.13,-0.22,0.0,o
4095.0,4095.0,917.0,4095.0,3436.0,2862.0,3385.0,3335.0,2.36,8.94,7.75,0.23,0.12,-0.22,0.0,o
4095.0,4095.0,927.0,4095.0,3457.0,2879.0,3396.0,3350.0,2.25,9.16,7.71,0.39,0.12,-0.19,0.0,o
4095.0,4095.0,912.0,4095.0,3467.0,2890.0,3385.0,3346.0,2.25,9.28,7.3,0.29,-0.07,-0.12,0.0,o
4095.0,4095.0,923.0,4095.0,3461.0,2887.0,3395.0,3333.0,2.53,9.36,7.04,0.06,-0.14,-0.11,0.0,o
4095.0,4095.0,921.0,4095.0,3472.0,2895.0,3405.0,3339.0,2.38,9.27,7.09,-0.0,0.09,-0.08,0.0,o
4095.0,4095.0,918.0,4095.0,3472.0,2895.0,3401.0,3333.0,2.48,9.13,6.94,0.04,-0.02,-0.13,0.0,o
4095.0,4095.0,919.0,4095.0,3459.0,2890.0,3392.0,3324.0,2.59,9.25,7.04,-0.02,-0.01,-0.13,0.0,o
4095.0,4095.0,915.0,4095.0,3478.0,2896.0,3407.0,3325.0,2.63,9.31,7.2,0.04,-0.09,-0.21,0.0,o
4095.0,4095.0,931.0,4095.0,3473.0,2896.0,3399.0,3343.0,2.22,9.22,7.42,0.14,-0.18,-0.21,0.0,o
4095.0,4095.0,935.0,4095.0,3466.0,2882.0,3393.0,3289.0,2.22,9.36,6.85,0.15,-0.36,-0.1,0.0,o
4095.0,4095.0,927.0,4095.0,3344.0,2826.0,3355.0,3290.0,2.41,9.45,5.93,0.24,-0.08,-0.16,0.0,o
4095.0,4095.0,927.0,4095.0,3344.0,2826.0,3355.0,3290.0,2.41,9.45,5.93,0.24,-0.08,-0.16,0.0,o
4095.0,4095.0,939.0,4095.0,3351.0,2830.0,3370.0,3297.0,2.21,9.46,5.88,0.11,0.2,-0.12,0.0,o
4095.0,4095.0,931.0,4095.0,3355.0,2834.0,3377.0,3306.0,2.46,9.44,5.87,0.01,-0.04,-0.12,0.0,o
4095.0,4095.0,940.0,4095.0,3365.0,2832.0,3374.0,3303.0,2.92,9.46,5.97,-0.13,-0.16,-0.12,0.0,o
4095.0,4095.0,927.0,4095.0,3362.0,2832.0,3374.0,3300.0,3.09,9.38,6.75,-0.15,-0.17,-0.19,0.0,o
4095.0,4095.0,934.0,4095.0,3358.0,2833.0,3381.0,3303.0,2.77,9.17,7.14,-0.03,-0.03,-0.22,0.0,o
4095.0,4095.0,939.0,4095.0,3370.0,2838.0,3376.0,3303.0,2.1,9.22,6.88,0.05,0.05,-0.16,0.0,o
4095.0,4095.0,928.0,4095.0,3365.0,2834.0,3378.0,3303.0,2.15,9.26,6.71,0.07,0.11,-0.02,0.0,o
4095.0,4095.0,939.0,4095.0,3350.0,2832.0,3376.0,3295.0,2.47,9.39,6.89,0.2,-0.58,-0.05,0.0,o
4095.0,4095.0,934.0,4095.0,3351.0,2832.0,3377.0,3289.0,3.38,9.36,6.22,0.32,-1.5,-0.37,0.0,o
4095.0,4095.0,931.0,4095.0,3353.0,2833.0,3376.0,3254.0,2.96,9.49,5.35,0.34,-1.48,-0.51,0.0,o
4095.0,4095.0,935.0,4095.0,3337.0,2832.0,3375.0,3231.0,2.68,9.57,4.96,0.19,-0.26,-0.39,0.0,o
4095.0,4095.0,933.0,4095.0,3312.0,2831.0,3349.0,3231.0,2.34,9.62,4.95,0.05,0.69,-0.16,0.0,o
4095.0,4095.0,934.0,4095.0,3315.0,2827.0,3369.0,3248.0,1.75,9.45,5.92,0.06,0.19,-0.06,0.0,o
4095.0,4095.0,942.0,4095.0,3327.0,2833.0,3377.0,3247.0,3.4,9.23,5.81,0.35,-1.64,-0.29,0.0,o
4095.0,4095.0,938.0,4095.0,3328.0,2821.0,3377.0,3248.0,4.71,9.5,4.05,0.26,-0.14,-0.5,0.0,o
4095.0,4095.0,938.0,4095.0,3331.0,2821.0,3370.0,3218.0,1.13,10.03,4.55,-0.03,2.28,-0.22,0.0,o
4095.0,4095.0,933.0,4095.0,3328.0,2821.0,3363.0,3238.0,1.57,9.72,5.37,-0.08,0.71,0.13,0.0,o
4095.0,4095.0,944.0,4095.0,3334.0,2828.0,3365.0,3229.0,2.49,9.31,6.27,-0.09,-0.62,-0.12,0.0,o
4095.0,4095.0,934.0,4095.0,3424.0,2911.0,3503.0,3344.0,1.98,9.5,6.34,0.11,-0.51,-0.11,0.0,o
4095.0,4095.0,932.0,4095.0,3440.0,2914.0,3523.0,3343.0,2.77,9.58,5.88,-0.09,-1.2,-0.12,0.0,o
4095.0,4095.0,935.0,4095.0,3437.0,2906.0,3507.0,3333.0,3.05,9.37,6.17,-0.15,-0.8,-0.26,0.0,o
4095.0,4095.0,931.0,4095.0,3448.0,2910.0,3509.0,3327.0,2.86,9.33,6.07,0.06,-0.3,-0.23,0.0,o
4095.0,4095.0,939.0,4095.0,3470.0,2915.0,3506.0,3327.0,2.62,9.45,5.74,0.07,-0.07,-0.21,0.0,o
4095.0,4095.0,914.0,4095.0,3472.0,2918.0,3501.0,3325.0,2.86,9.47,5.69,-0.06,0.29,-0.16,0.0,o
4095.0,4095.0,930.0,4095.0,3506.0,2933.0,3520.0,3329.0,2.62,9.45,5.85,-0.15,0.7,-0.1,0.0,o
4095.0,4095.0,931.0,4095.0,3510.0,2941.0,3510.0,3324.0,2.61,9.46,6.05,-0.25,0.89,-0.09,0.0,o
4095.0,4095.0,933.0,4095.0,3513.0,2941.0,3521.0,3328.0,2.2,9.39,6.7,-0.35,0.74,-0.13,0.0,o
4095.0,4095.0,929.0,4095.0,3536.0,2951.0,3527.0,3350.0,2.21,9.33,6.69,-0.28,-0.05,-0.2,0.0,o
4095.0,4095.0,935.0,4095.0,3529.0,2945.0,3529.0,3345.0,2.64,9.32,7.01,-0.44,-0.2,-0.34,0.0,o
4095.0,4095.0,929.0,4095.0,3520.0,2954.0,3534.0,3349.0,2.31,9.01,7.74,-0.49,-0.37,-0.35,0.0,o
4095.0,4095.0,943.0,4095.0,3514.0,2932.0,3495.0,3315.0,2.22,8.95,7.74,-0.47,-0.25,-0.31,0.0,o
4095.0,4095.0,931.0,4095.0,3443.0,2867.0,3404.0,3255.0,2.09,8.4,8.01,-0.01,0.04,-0.35,0.0,o
4095.0,4095.0,941.0,3721.0,3271.0,2719.0,3201.0,3191.0,1.29,9.36,7.8,0.43,0.51,-0.27,0.0,o
4095.0,4095.0,946.0,3583.0,3244.0,2662.0,3115.0,3145.0,1.92,9.25,6.96,0.2,0.03,-0.16,0.0,o
4095.0,4095.0,948.0,3555.0,3239.0,2643.0,3099.0,3136.0,2.15,9.38,6.83,0.0,-0.2,0.01,0.0,o
4095.0,4095.0,947.0,3619.0,3262.0,2657.0,3105.0,3120.0,2.47,9.29,7.25,-0.13,-0.12,-0.04,0.0,o
4095.0,4095.0,946.0,3730.0,3316.0,2710.0,3158.0,3168.0,2.04,9.19,7.41,0.05,0.04,-0.1,0.0,o
4095.0,4095.0,935.0,4095.0,3430.0,2790.0,3257.0,3247.0,2.37,9.15,7.32,0.18,0.12,-0.17,0.0,o
4095.0,4095.0,944.0,4095.0,3625.0,2965.0,3403.0,3210.0,2.09,9.22,7.15,-0.04,0.06,-0.11,0.0,o
4095.0,4095.0,960.0,4095.0,3599.0,2953.0,3387.0,3200.0,2.28,9.18,7.57,-0.1,0.22,-0.04,0.0,o
4095.0,4095.0,957.0,4095.0,3600.0,2949.0,3389.0,3207.0,2.03,8.99,8.08,0.04,0.5,-0.02,0.0,o
4095.0,4095.0,944.0,4095.0,3583.0,2945.0,3397.0,3207.0,1.7,9.14,7.68,0.26,0.05,-0.07,0.0,o
4095.0,4095.0,955.0,4095.0,3601.0,2954.0,3403.0,3214.0,2.17,9.41,6.72,0.3,-0.2,-0.11,0.0,o
4095.0,4095.0,962.0,4095.0,3597.0,2949.0,3393.0,3210.0,2.55,9.32,6.7,0.15,-0.12,-0.12,0.0,o
4095.0,4095.0,960.0,4095.0,3612.0,2951.0,3404.0,3203.0,2.53,9.62,6.52,0.15,-0.1,-0.13,0.0,o
4095.0,4095.0,951.0,4095.0,3634.0,2960.0,3413.0,3216.0,2.33,9.4,6.24,0.16,-0.07,-0.24,0.0,o
4095.0,4095.0,955.0,4095.0,3631.0,2969.0,3410.0,3218.0,1.52,9.6,6.14,0.02,-0.15,-0.19,0.0,o
4095.0,4095.0,955.0,4095.0,3643.0,2971.0,3418.0,3222.0,1.9,9.46,5.84,-0.08,-0.2,-0.11,0.0,o
4095.0,4095.0,963.0,4095.0,3628.0,2971.0,3414.0,3216.0,2.34,9.42,6.29,-0.35,-0.2,-0.04,0.0,o
4095.0,4095.0,959.0,4095.0,3634.0,2976.0,3435.0,3217.0,3.35,9.21,7.25,-0.46,-0.17,-0.06,0.0,o
4095.0,4095.0,966.0,4095.0,3652.0,2969.0,3430.0,3210.0,3.07,8.92,8.25,-0.4,-0.06,-0.14,0.0,o
4095.0,4095.0,954.0,4095.0,3632.0,2970.0,3421.0,3216.0,2.64,8.94,8.11,-0.15,-0.12,-0.22,0.0,o
4095.0,4095.0,962.0,4095.0,3647.0,2989.0,3420.0,3218.0,2.21,8.88,8.04,-0.09,0.02,-0.2,0.0,o
4095.0,4095.0,954.0,4095.0,3643.0,2977.0,3425.0,3226.0,2.5,8.96,7.83,-0.04,0.06,-0.15,0.0,o
4095.0,4095.0,961.0,4095.0,3647.0,2976.0,3431.0,3227.0,2.43,9.08,7.84,-0.01,0.19,-0.16,0.0,o
4095.0,4095.0,959.0,4095.0,3650.0,2978.0,3430.0,3220.0,2.39,9.05,7.64,0.08,0.06,-0.19,0.0,o
4095.0,4095.0,965.0,4095.0,3661.0,2970.0,3419.0,3218.0,2.31,9.15,7.41,0.03,0.03,-0.18,0.0,o
4095.0,4095.0,959.0,4095.0,3649.0,2981.0,3427.0,3227.0,2.11,9.15,7.48,0.02,0.06,-0.16,0.0,o
4095.0,4095.0,989.0,4095.0,3536.0,2895.0,3356.0,3116.0,2.16,9.17,7.5,-0.0,-0.01,-0.15,0.0,o
4095.0,4095.0,987.0,4095.0,3531.0,2897.0,3362.0,3116.0,2.26,9.16,7.39,-0.02,-0.05,-0.13,0.0,o
4095.0,4095.0,991.0,4095.0,3533.0,2894.0,3360.0,3115.0,2.46,9.16,7.53,-0.06,-0.02,-0.16,0.0,o
4095.0,4095.0,992.0,4095.0,3529.0,2890.0,3355.0,3104.0,2.25,9.11,7.61,-0.02,0.01,-0.19,0.0,o
4095.0,4095.0,978.0,4095.0,3539.0,2895.0,3366.0,3120.0,2.02,9.08,7.72,-0.03,-0.01,-0.19,0.0,o
4095.0,4095.0,989.0,4095.0,3536.0,2896.0,3350.0,3118.0,1.98,9.0,7.71,-0.04,-0.04,-0.16,0.0,o
4095.0,4095.0,986.0,4095.0,3526.0,2892.0,3351.0,3119.0,1.96,9.03,7.86,-0.01,0.02,-0.12,0.0,o
4095.0,4095.0,991.0,4095.0,3536.0,2899.0,3367.0,3117.0,2.07,9.17,7.4,-0.0,-0.02,-0.1,0.0,o
4095.0,4095.0,992.0,4095.0,3540.0,2896.0,3366.0,3115.0,2.3,9.15,7.67,-0.12,0.03,-0.03,0.0,o
4095.0,4095.0,993.0,4095.0,3536.0,2895.0,3354.0,3104.0,2.42,9.02,7.84,-0.07,0.07,-0.12,0.0,o
4095.0,4095.0,981.0,4095.0,3542.0,2911.0,3354.0,3106.0,2.15,8.98,7.93,-0.05,-0.0,-0.13,0.0,o
4095.0,4095.0,985.0,4095.0,3517.0,2896.0,3366.0,3118.0,2.15,9.0,7.89,-0.04,-0.02,-0.15,0.0,o
4095.0,4095.0,983.0,4095.0,3486.0,2881.0,3360.0,3107.0,2.44,8.87,8.01,-0.09,0.07,-0.11,0.0,o
4095.0,4095.0,980.0,4095.0,3481.0,2880.0,3374.0,3118.0,2.46,8.92,8.21,-0.09,0.18,-0.11,0.0,o
4095.0,4095.0,976.0,4095.0,3450.0,2870.0,3376.0,3149.0,2.49,8.97,8.08,-0.01,0.16,-0.17,0.0,o
4095.0,4095.0,976.0,4095.0,3443.0,2867.0,3380.0,3165.0,2.07,9.01,8.03,0.02,0.06,-0.17,0.0,o
4095.0,4095.0,979.0,4095.0,3451.0,2877.0,3403.0,3175.0,2.04,8.89,8.2,0.01,-0.01,-0.2,0.0,o
4095.0,4095.0,974.0,4095.0,3451.0,2882.0,3399.0,3196.0,1.92,8.98,8.01,0.03,-0.15,-0.18,0.0,o
4095.0,4095.0,985.0,4095.0,3466.0,2885.0,3396.0,3203.0,2.2,8.92,8.06,-0.01,-0.09,-0.12,0.0,o
4095.0,4095.0,976.0,4095.0,3472.0,2891.0,3407.0,3207.0,2.55,8.89,8.12,-0.02,0.05,-0.1,0.0,o
4095.0,4095.0,997.0,4055.0,3456.0,2798.0,3145.0,2951.0,1.88,9.31,7.08,-0.14,0.11,-0.09,0.0,o
4095.0,4095.0,1007.0,3905.0,3403.0,2752.0,3099.0,2940.0,1.86,9.31,7.21,-0.14,0.05,-0.11,0.0,o
4095.0,4095.0,1007.0,3743.0,3361.0,2720.0,3102.0,2960.0,1.93,9.21,7.25,-0.2,0.01,-0.1,0.0,o
4095.0,4095.0,982.0,3706.0,3342.0,2726.0,3137.0,3043.0,1.9,9.21,7.5,-0.14,0.14,-0.15,0.0,o
4095.0,4095.0,973.0,3679.0,3355.0,2761.0,3234.0,3153.0,1.89,9.27,7.55,0.01,-0.02,-0.19,0.0,o
4095.0,4095.0,951.0,3841.0,3392.0,2823.0,3342.0,3248.0,1.96,9.17,7.54,0.05,0.01,-0.26,0.0,o
4095.0,4095.0,945.0,4095.0,3458.0,2915.0,3463.0,3349.0,1.69,9.22,7.54,0.2,-0.05,-0.33,0.0,o
4095.0,4095.0,950.0,4095.0,3519.0,2984.0,3548.0,3431.0,1.73,9.42,7.19,0.19,-0.05,-0.27,0.0,o
4095.0,4095.0,945.0,4095.0,3533.0,3013.0,3569.0,3437.0,1.54,9.44,7.14,0.14,0.06,-0.18,0.0,o
4095.0,4095.0,941.0,4095.0,3551.0,3019.0,3581.0,3429.0,1.36,9.42,7.12,0.09,0.02,-0.04,0.0,o
4095.0,4095.0,944.0,4095.0,3555.0,3015.0,3568.0,3409.0,1.81,9.25,7.12,-0.06,0.03,-0.05,0.0,o
4095.0,4095.0,931.0,4095.0,3565.0,3019.0,3579.0,3417.0,1.84,9.36,7.33,-0.0,-0.07,-0.13,0.0,o
4095.0,4095.0,944.0,4095.0,3567.0,3010.0,3568.0,3401.0,1.91,9.4,7.1,-0.02,-0.05,-0.13,0.0,o
4095.0,4095.0,944.0,4095.0,3562.0,3009.0,3563.0,3398.0,1.77,9.27,7.55,-0.06,0.02,-0.13,0.0,o
4095.0,4095.0,945.0,4095.0,3567.0,3011.0,3563.0,3394.0,1.67,9.16,7.63,0.05,0.03,-0.13,0.0,o
4095.0,4095.0,946.0,4095.0,3568.0,3007.0,3559.0,3390.0,1.65,9.27,7.39,0.06,0.05,-0.09,0.0,o
4095.0,4095.0,955.0,4095.0,3550.0,2997.0,3535.0,3359.0,1.78,9.29,7.17,0.11,0.07,-0.06,0.0,o
4095.0,4095.0,945.0,4095.0,3506.0,2965.0,3500.0,3326.0,1.88,9.36,7.12,0.1,0.05,-0.03,0.0,o
4095.0,4095.0,960.0,4095.0,3456.0,2912.0,3441.0,3283.0,1.94,9.35,7.0,0.1,0.05,-0.18,0.0,o
4095.0,4095.0,958.0,4049.0,3349.0,2832.0,3375.0,3257.0,1.84,9.45,6.94,0.05,0.02,-0.21,0.0,o
4095.0,4095.0,1104.0,4095.0,3431.0,2800.0,3190.0,3031.0,2.72,8.69,8.55,0.04,-0.19,-0.16,0.0,o
4095.0,4095.0,1090.0,4095.0,3440.0,2811.0,3221.0,3061.0,2.72,9.0,8.07,0.12,-0.04,-0.09,0.0,o
4095.0,4095.0,1092.0,4095.0,3439.0,2816.0,3246.0,3086.0,2.57,9.08,7.37,0.13,0.15,0.03,0.0,o
4095.0,4095.0,1109.0,3951.0,3318.0,2741.0,3171.0,3058.0,2.09,9.55,6.72,-0.1,0.21,0.12,0.0,o
4095.0,4095.0,1155.0,3803.0,3242.0,2677.0,3083.0,2983.0,2.32,9.24,6.93,-0.26,0.09,0.09,0.0,o
4095.0,4095.0,1167.0,3756.0,3222.0,2655.0,3046.0,2965.0,2.31,8.97,7.69,-0.17,0.12,-0.09,0.0,o
4095.0,4095.0,1157.0,3853.0,3264.0,2689.0,3088.0,2997.0,2.42,8.82,8.12,0.02,-0.08,-0.22,0.0,o
4095.0,4095.0,1120.0,4021.0,3322.0,2736.0,3155.0,3066.0,2.48,8.84,8.03,0.09,-0.31,-0.24,0.0,o
4095.0,4095.0,1089.0,4095.0,3349.0,2767.0,3184.0,3083.0,2.7,9.08,7.76,0.13,-0.26,-0.26,0.0,o
4095.0,4095.0,1106.0,4074.0,3351.0,2771.0,3186.0,3086.0,2.8,9.11,7.38,0.02,0.04,-0.16,0.0,o
4095.0,4095.0,1108.0,3945.0,3335.0,2761.0,3187.0,3088.0,2.14,9.23,7.26,-0.03,0.08,-0.09,0.0,o
4095.0,4095.0,1110.0,3945.0,3333.0,2758.0,3170.0,3071.0,2.01,8.92,7.7,-0.13,0.05,0.03,0.0,o
4095.0,4095.0,1111.0,3983.0,3341.0,2759.0,3183.0,3081.0,2.51,8.84,8.12,-0.02,-0.06,0.01,0.0,o
4095.0,4095.0,1122.0,3999.0,3351.0,2767.0,3174.0,3067.0,3.3,8.9,7.74,0.03,-0.16,0.01,0.0,o
4095.0,4095.0,1117.0,4017.0,3345.0,2759.0,3175.0,3057.0,3.48,9.02,7.44,0.01,-0.08,-0.14,0.0,o
4095.0,4095.0,1120.0,4016.0,3349.0,2769.0,3183.0,3069.0,3.17,9.06,7.47,-0.09,0.03,-0.16,0.0,o
4095.0,4095.0,1123.0,3967.0,3333.0,2765.0,3184.0,3066.0,2.89,8.77,8.08,-0.18,0.12,-0.18,0.0,o
4095.0,4095.0,1133.0,3917.0,3324.0,2754.0,3183.0,3087.0,2.54,8.71,8.31,-0.03,-0.04,-0.23,0.0,o
4095.0,4095.0,1108.0,3893.0,3333.0,2754.0,3189.0,3091.0,2.52,8.71,8.17,0.06,-0.06,-0.25,0.0,o
4095.0,4095.0,1079.0,3891.0,3353.0,2763.0,3207.0,3125.0,2.63,8.83,8.07,0.18,-0.05,-0.29,0.0,o
4095.0,4095.0,1051.0,4095.0,3583.0,2955.0,3399.0,3228.0,2.12,9.13,7.48,0.12,-0.12,-0.23,0.0,o
4095.0,4095.0,1049.0,4095.0,3602.0,2965.0,3402.0,3227.0,2.09,9.21,7.31,0.04,-0.0,-0.2,0.0,o
4095.0,4095.0,1047.0,4095.0,3626.0,2969.0,3414.0,3228.0,2.04,9.23,7.3,0.0,0.02,-0.22,0.0,o
4095.0,4095.0,1049.0,4095.0,3610.0,2965.0,3399.0,3228.0,2.05,9.11,7.65,-0.08,-0.04,-0.21,0.0,o
4095.0,4095.0,1050.0,4095.0,3583.0,2960.0,3398.0,3217.0,1.99,9.06,7.87,-0.06,-0.05,-0.22,0.0,o
4095.0,4095.0,1066.0,4095.0,3578.0,2946.0,3410.0,3210.0,1.98,9.09,8.15,-0.03,-0.09,-0.2,0.0,o
4095.0,4095.0,1071.0,4095.0,3600.0,2958.0,3395.0,3216.0,1.5,9.06,7.56,0.12,-0.12,-0.21,0.0,o
4095.0,4095.0,1066.0,4095.0,3617.0,2962.0,3408.0,3217.0,1.9,9.1,7.24,-0.07,-0.31,-0.03,0.0,o
4095.0,4095.0,1069.0,4095.0,3639.0,2987.0,3405.0,3222.0,2.2,9.12,7.71,-0.04,-0.08,-0.14,0.0,o
4095.0,4095.0,1057.0,4095.0,3659.0,2991.0,3411.0,3222.0,2.4,9.05,7.73,-0.03,-0.14,-0.16,0.0,o
4095.0,4095.0,1072.0,4095.0,3691.0,2997.0,3408.0,3218.0,2.42,9.0,7.79,-0.07,-0.04,-0.15,0.0,o
4095.0,4095.0,1058.0,4095.0,3685.0,2999.0,3410.0,3223.0,2.27,9.0,8.08,-0.04,-0.01,-0.14,0.0,o
4095.0,4095.0,1070.0,4095.0,3693.0,3005.0,3414.0,3219.0,2.18,8.97,7.91,0.03,-0.02,-0.17,0.0,o
4095.0,4095.0,1069.0,4095.0,3696.0,3001.0,3408.0,3219.0,2.14,9.03,7.71,0.0,-0.03,-0.19,0.0,o
4095.0,4095.0,1077.0,4095.0,3667.0,2992.0,3407.0,3211.0,2.27,9.05,7.91,-0.01,-0.05,-0.21,0.0,o
4095.0,4095.0,1082.0,4095.0,3664.0,2977.0,3383.0,3184.0,2.11,9.05,7.82,0.03,-0.06,-0.21,0.0,o
4095.0,4095.0,1094.0,4095.0,3663.0,2974.0,3377.0,3183.0,2.23,9.12,7.78,-0.03,-0.03,-0.12,0.0,o
4095.0,4095.0,1071.0,4095.0,3678.0,2987.0,3396.0,3184.0,2.26,9.0,7.75,-0.04,0.08,-0.09,0.0,o
4095.0,4095.0,1072.0,4095.0,3690.0,2997.0,3410.0,3200.0,2.18,8.99,7.91,-0.04,0.1,-0.08,0.0,o
4095.0,4095.0,1073.0,4095.0,3671.0,2995.0,3402.0,3200.0,2.14,9.08,8.04,-0.08,0.1,-0.1,0.0,o
2960.0,2961.0,2859.0,4095.0,4095.0,2875.0,3062.0,2807.0,3.98,-2.47,12.88,-0.35,-0.19,0.19,0.0,p
2966.0,2975.0,2856.0,4095.0,4095.0,2887.0,3071.0,2815.0,4.57,-2.89,13.25,-0.41,0.0,0.13,0.0,p
2960.0,2983.0,2857.0,4095.0,4095.0,2908.0,3070.0,2816.0,4.38,-3.23,13.36,0.01,-0.04,-0.21,0.0,p
2960.0,2991.0,2864.0,4095.0,4095.0,2919.0,3071.0,2819.0,4.18,-2.98,12.79,0.13,-0.02,-0.23,0.0,p
2969.0,2973.0,2857.0,4095.0,4095.0,2913.0,3071.0,2811.0,4.36,-2.71,13.01,0.08,-0.02,-0.33,0.0,p
2965.0,2983.0,2861.0,4095.0,4095.0,2924.0,3081.0,2817.0,4.18,-2.66,12.72,0.16,-0.01,-0.29,0.0,p
2967.0,2979.0,2852.0,4095.0,4095.0,2919.0,3082.0,2814.0,4.26,-2.68,12.98,-0.03,0.04,-0.29,0.0,p
2961.0,2976.0,2860.0,4095.0,4095.0,2899.0,3082.0,2816.0,4.07,-2.79,12.94,0.01,-0.01,-0.35,0.0,p
2959.0,2974.0,2861.0,4095.0,4095.0,2905.0,3069.0,2818.0,4.24,-2.47,12.77,0.0,0.03,-0.22,0.0,p
2960.0,2971.0,2853.0,4095.0,4095.0,2899.0,3067.0,2814.0,4.24,-2.55,12.93,-0.06,0.01,-0.2,0.0,p
2960.0,2973.0,2848.0,4095.0,4095.0,2906.0,3067.0,2815.0,4.15,-2.87,13.04,-0.08,-0.01,-0.12,0.0,p
2961.0,2987.0,2865.0,4095.0,4095.0,2916.0,3071.0,2818.0,4.3,-2.69,13.18,0.03,0.02,-0.06,0.0,p
2962.0,2983.0,2851.0,4095.0,4095.0,2915.0,3082.0,2815.0,4.2,-2.6,12.78,0.08,-0.07,-0.18,0.0,p
2950.0,2990.0,2860.0,4095.0,4095.0,2928.0,3071.0,2816.0,4.4,-2.62,12.8,-0.04,-0.02,-0.1,0.0,p
2977.0,2980.0,2864.0,4095.0,4095.0,2921.0,3083.0,2812.0,4.47,-2.96,12.92,-0.02,0.0,-0.18,0.0,p
2970.0,2973.0,2858.0,4095.0,4095.0,2919.0,3071.0,2816.0,4.2,-2.76,12.99,0.01,0.03,-0.17,0.0,p
2972.0,2971.0,2860.0,4095.0,4095.0,2930.0,3081.0,2817.0,4.15,-2.51,12.82,-0.02,0.02,-0.1,0.0,p
2960.0,2983.0,2845.0,4095.0,4095.0,2934.0,3066.0,2812.0,4.27,-2.83,13.0,-0.07,-0.01,-0.16,0.0,p
2960.0,2985.0,2851.0,4095.0,4095.0,2950.0,3071.0,2807.0,4.45,-2.91,13.03,-0.05,-0.07,-0.28,0.0,p
2960.0,2960.0,2890.0,4095.0,4095.0,2850.0,2902.0,2622.0,3.99,-2.43,13.04,-0.03,-0.0,-0.2,0.0,p
2957.0,2953.0,2890.0,4095.0,4095.0,2849.0,2902.0,2621.0,3.89,-2.43,13.24,0.08,0.07,-0.15,0.0,p
2956.0,2957.0,2880.0,4095.0,4095.0,2849.0,2898.0,2622.0,3.84,-2.34,13.16,0.01,-0.03,-0.13,0.0,p
2962.0,2960.0,2884.0,4095.0,4095.0,2845.0,2901.0,2624.0,3.85,-2.26,12.69,-0.22,0.02,0.11,0.0,p
2965.0,2954.0,2880.0,4095.0,4095.0,2855.0,2902.0,2632.0,3.86,-2.82,13.43,-0.41,-0.04,-0.08,0.0,p
2965.0,2950.0,2891.0,4095.0,4095.0,2837.0,2902.0,2639.0,3.62,-2.86,13.28,-0.11,0.03,-0.0,0.0,p
2949.0,2948.0,2880.0,4095.0,4095.0,2819.0,2909.0,2640.0,3.75,-2.81,13.24,-0.19,-0.03,-0.07,0.0,p
2955.0,2960.0,2882.0,4095.0,4095.0,2797.0,2906.0,2643.0,3.71,-2.96,13.0,0.02,-0.03,0.01,0.0,p
2959.0,2960.0,2880.0,4095.0,4095.0,2778.0,2911.0,2648.0,3.5,-2.8,12.66,-0.12,-0.17,0.22,0.0,p
2962.0,2947.0,2865.0,4095.0,4095.0,2779.0,2906.0,2653.0,4.03,-3.06,13.04,-0.24,-0.13,0.36,0.0,p
2963.0,2954.0,2886.0,4095.0,4095.0,2795.0,2911.0,2666.0,4.18,-3.49,13.43,0.05,-0.04,-0.15,0.0,p
2947.0,2961.0,2886.0,4095.0,4095.0,2786.0,2913.0,2660.0,3.71,-3.07,12.78,0.1,0.02,-0.19,0.0,p
2953.0,2945.0,2881.0,4095.0,4095.0,2787.0,2910.0,2666.0,3.64,-3.18,13.38,0.18,-0.03,-0.36,0.0,p
2960.0,2963.0,2885.0,4095.0,4095.0,2781.0,2919.0,2672.0,3.68,-2.96,13.21,0.34,-0.01,-0.38,0.0,p
2955.0,2961.0,2899.0,4095.0,4095.0,2771.0,2909.0,2672.0,4.03,-2.82,13.06,0.47,-0.0,-0.31,0.0,p
2947.0,2954.0,2886.0,4095.0,4095.0,2766.0,2915.0,2670.0,4.02,-2.61,13.17,0.41,-0.02,-0.33,0.0,p
2957.0,2955.0,2879.0,4095.0,4095.0,2760.0,2914.0,2677.0,4.12,-2.37,13.28,0.49,0.12,-0.45,0.0,p
2949.0,2958.0,2885.0,4095.0,4095.0,2752.0,2923.0,2673.0,3.94,-2.02,12.92,0.4,-0.01,-0.47,0.0,p
2943.0,2948.0,2894.0,4095.0,4095.0,2763.0,2918.0,2679.0,3.72,-1.7,13.18,0.21,-0.05,-0.37,0.0,p
2960.0,2955.0,2880.0,4095.0,4095.0,2757.0,2925.0,2678.0,3.71,-1.67,13.04,-0.02,0.03,-0.14,0.0,p
2955.0,2957.0,2883.0,4095.0,4095.0,2823.0,2947.0,2736.0,3.88,-3.58,13.45,0.39,0.0,-0.36,0.0,p
2970.0,2957.0,2883.0,4095.0,4095.0,2823.0,2949.0,2736.0,3.69,-3.14,12.86,0.48,0.02,-0.41,0.0,p
2960.0,2963.0,2895.0,4095.0,4095.0,2827.0,2955.0,2736.0,3.8,-2.81,12.82,0.32,0.03,-0.34,0.0,p
2949.0,2957.0,2878.0,4095.0,4095.0,2817.0,2948.0,2733.0,3.91,-2.77,13.14,0.17,-0.01,-0.35,0.0,p
2967.0,2959.0,2896.0,4095.0,4095.0,2819.0,2950.0,2736.0,3.82,-2.73,13.22,0.31,-0.03,-0.35,0.0,p
2965.0,2962.0,2896.0,4095.0,4095.0,2821.0,2960.0,2740.0,3.94,-2.5,13.09,0.2,-0.0,-0.33,0.0,p
2963.0,2959.0,2894.0,4095.0,4095.0,2821.0,2958.0,2737.0,3.88,-2.29,13.16,0.38,-0.02,-0.32,0.0,p
2959.0,2949.0,2890.0,4095.0,4095.0,2813.0,2959.0,2734.0,3.85,-2.06,12.89,0.12,-0.05,-0.24,0.0,p
2945.0,2944.0,2887.0,4095.0,4095.0,2815.0,2951.0,2736.0,4.03,-2.06,13.35,0.07,0.0,-0.21,0.0,p
2962.0,2963.0,2890.0,4095.0,4095.0,2822.0,2950.0,2736.0,3.9,-2.08,13.18,0.18,-0.02,-0.26,0.0,p
2966.0,2957.0,2888.0,4095.0,4095.0,2815.0,2960.0,2734.0,3.75,-1.9,13.09,-0.01,-0.02,-0.17,0.0,p
2959.0,2950.0,2892.0,4095.0,4095.0,2817.0,2976.0,2737.0,3.8,-1.84,13.0,-0.06,-0.01,-0.04,0.0,p
2960.0,2963.0,2890.0,4095.0,4095.0,2822.0,2955.0,2735.0,3.81,-2.0,12.88,-0.34,-0.01,0.17,0.0,p
2955.0,2961.0,2887.0,4095.0,4095.0,2817.0,2954.0,2736.0,3.92,-2.42,13.33,-0.39,0.07,0.25,0.0,p
2960.0,2948.0,2889.0,4095.0,4095.0,2819.0,2960.0,2742.0,4.09,-2.99,13.62,-0.25,0.08,-0.06,0.0,p
2961.0,2959.0,2889.0,4095.0,4095.0,2827.0,2970.0,2745.0,3.88,-2.99,13.36,-0.03,-0.02,-0.28,0.0,p
2945.0,2956.0,2887.0,4095.0,4095.0,2818.0,2960.0,2743.0,3.61,-2.75,13.2,-0.03,0.0,-0.32,0.0,p
2958.0,2950.0,2885.0,4095.0,4095.0,2813.0,2960.0,2750.0,3.65,-2.66,13.23,-0.03,-0.07,-0.24,0.0,p
2960.0,2960.0,2899.0,4095.0,4095.0,2810.0,2961.0,2752.0,3.78,-2.63,13.11,-0.01,-0.01,-0.11,0.0,p
2959.0,2973.0,2894.0,4095.0,4095.0,2816.0,2958.0,2752.0,3.93,-2.71,13.11,0.05,-0.03,-0.15,0.0,p
2953.0,2954.0,2880.0,4095.0,4095.0,2823.0,2966.0,2750.0,3.7,-0.88,12.83,0.75,-0.01,-0.38,0.0,p
2965.0,2960.0,2895.0,4095.0,4095.0,2829.0,2967.0,2752.0,3.93,-0.52,13.07,0.51,0.01,-0.29,0.0,p
2967.0,2947.0,2903.0,4095.0,4095.0,2820.0,2970.0,2746.0,3.95,-0.61,13.43,0.35,0.04,-0.32,0.0,p
2956.0,2954.0,2894.0,4095.0,4095.0,2837.0,2975.0,2757.0,3.92,-0.35,13.32,0.34,0.04,-0.25,0.0,p
2960.0,2974.0,2895.0,4095.0,4095.0,2833.0,2981.0,2751.0,3.68,-0.04,13.2,0.12,-0.01,-0.09,0.0,p
2964.0,2956.0,2894.0,4095.0,4095.0,2833.0,2971.0,2750.0,3.26,-0.1,12.68,-0.36,-0.09,0.32,0.0,p
2959.0,2957.0,2885.0,4095.0,4095.0,2836.0,2970.0,2749.0,3.83,-0.68,13.21,-1.01,0.24,0.45,0.0,p
2964.0,2954.0,2885.0,4095.0,4095.0,2842.0,2974.0,2749.0,4.22,-1.78,13.78,-0.9,-0.03,0.13,0.0,p
2961.0,2958.0,2889.0,4095.0,4095.0,2849.0,2971.0,2758.0,4.37,-2.12,13.62,-0.58,0.01,0.08,0.0,p
2971.0,2962.0,2888.0,4095.0,4095.0,2832.0,2976.0,2757.0,3.72,-2.14,13.69,-0.28,-0.06,-0.13,0.0,p
2965.0,2951.0,2887.0,4095.0,4095.0,2807.0,2977.0,2758.0,3.63,-2.05,13.26,-0.2,0.09,0.01,0.0,p
2962.0,2957.0,2892.0,4095.0,4095.0,2810.0,2975.0,2769.0,3.74,-2.26,13.53,-0.14,-0.01,-0.07,0.0,p
2955.0,2953.0,2899.0,4095.0,4095.0,2783.0,2965.0,2747.0,3.78,-2.54,13.11,-0.09,-0.02,-0.1,0.0,p
2961.0,2969.0,2883.0,4095.0,4095.0,2774.0,2949.0,2743.0,3.85,-2.6,13.56,-0.11,0.05,-0.21,0.0,p
2959.0,2957.0,2889.0,4095.0,4095.0,2771.0,2928.0,2743.0,3.68,-2.54,13.34,0.18,-0.02,-0.26,0.0,p
2958.0,2974.0,2891.0,4095.0,4095.0,2774.0,2896.0,2727.0,3.78,-2.39,13.46,0.23,-0.07,-0.29,0.0,p
2962.0,2974.0,2895.0,4095.0,4095.0,2779.0,2890.0,2731.0,3.7,-2.25,13.36,0.38,-0.03,-0.22,0.0,p
2960.0,2970.0,2886.0,4095.0,4095.0,2749.0,2893.0,2719.0,3.86,-1.88,12.88,0.14,-0.03,-0.27,0.0,p
2973.0,2961.0,2886.0,4095.0,4095.0,2681.0,2863.0,2708.0,4.02,-1.96,13.31,-0.07,-0.05,-0.21,0.0,p
2961.0,2966.0,2885.0,4095.0,4095.0,2655.0,2839.0,2692.0,3.75,-1.87,12.98,-0.12,0.03,-0.17,0.0,p
2978.0,2960.0,2866.0,4095.0,4095.0,3094.0,3254.0,2943.0,3.6,-1.44,13.83,0.17,-0.08,-0.23,0.0,p
2973.0,2955.0,2864.0,4095.0,4095.0,3103.0,3255.0,2947.0,3.85,-1.43,13.14,0.05,-0.15,-0.13,0.0,p
2970.0,2960.0,2880.0,4095.0,4095.0,3013.0,3207.0,2925.0,3.86,-1.48,13.38,-0.28,-0.18,-0.16,0.0,p
2975.0,2951.0,2882.0,4095.0,4095.0,2864.0,3088.0,2871.0,4.15,-1.92,13.26,-0.25,-0.15,-0.13,0.0,p
2970.0,2961.0,2891.0,4095.0,4095.0,2778.0,2972.0,2826.0,3.88,-1.63,13.39,-0.11,-0.04,-0.18,0.0,p
2965.0,2958.0,2886.0,4095.0,4095.0,2711.0,2890.0,2751.0,3.87,-1.68,13.46,-0.06,0.08,-0.15,0.0,p
2969.0,2944.0,2896.0,4095.0,4095.0,2678.0,2826.0,2716.0,3.92,-1.79,13.34,-0.04,0.03,-0.13,0.0,p
2974.0,2961.0,2894.0,4095.0,4095.0,2611.0,2772.0,2669.0,3.99,-1.98,13.33,0.06,0.05,-0.19,0.0,p
2967.0,2962.0,2896.0,4095.0,4095.0,2592.0,2775.0,2663.0,4.01,-1.86,13.22,0.04,-0.01,-0.23,0.0,p
2962.0,2961.0,2894.0,4095.0,4095.0,2592.0,2786.0,2672.0,3.85,-1.81,13.3,-0.05,0.1,-0.23,0.0,p
2963.0,2965.0,2895.0,4095.0,4095.0,2559.0,2782.0,2671.0,3.78,-1.71,13.51,-0.01,0.1,-0.14,0.0,p
2961.0,2966.0,2896.0,4095.0,4095.0,2555.0,2770.0,2643.0,3.76,-1.98,13.57,-0.04,0.06,-0.17,0.0,p
2960.0,2971.0,2898.0,4095.0,4095.0,2587.0,2785.0,2659.0,3.65,-1.98,13.6,0.25,0.05,-0.16,0.0,p
2971.0,2958.0,2896.0,4095.0,4095.0,2609.0,2791.0,2658.0,3.79,-1.67,13.12,0.03,-0.05,-0.18,0.0,p
2960.0,2962.0,2896.0,4095.0,4095.0,2671.0,2810.0,2679.0,3.9,-1.64,13.71,0.31,-0.01,-0.17,0.0,p
2960.0,2960.0,2883.0,4095.0,4095.0,2704.0,2821.0,2685.0,3.48,-1.53,12.73,-0.07,0.01,-0.13,0.0,p
2954.0,2959.0,2882.0,4095.0,4095.0,2741.0,2818.0,2683.0,3.9,-1.52,13.86,-0.08,0.02,-0.16,0.0,p
2954.0,2959.0,2896.0,4095.0,4095.0,2759.0,2827.0,2684.0,3.68,-1.76,13.29,-0.09,-0.02,-0.16,0.0,p
2958.0,2963.0,2885.0,4095.0,4095.0,2768.0,2826.0,2691.0,3.74,-1.71,13.72,0.12,0.03,-0.18,0.0,p
2955.0,2965.0,2893.0,4095.0,4067.0,2768.0,2830.0,2694.0,3.71,-1.53,13.18,0.04,0.04,-0.1,0.0,p
2960.0,2957.0,2882.0,4095.0,4095.0,2825.0,2898.0,2735.0,3.87,-1.11,13.43,0.04,0.03,-0.14,0.0,p
2956.0,2969.0,2889.0,4095.0,4095.0,2823.0,2899.0,2735.0,3.85,-1.13,13.45,-0.0,0.02,-0.15,0.0,p
2954.0,2951.0,2887.0,4095.0,4095.0,2818.0,2902.0,2734.0,3.76,-1.15,13.44,0.03,0.03,-0.14,0.0,p
2965.0,2960.0,2893.0,4095.0,4095.0,2827.0,2905.0,2738.0,3.75,-1.13,13.48,-0.02,-0.01,-0.14,0.0,p
2960.0,2957.0,2883.0,4095.0,4095.0,2815.0,2900.0,2736.0,3.85,-1.22,13.61,0.08,-0.02,-0.18,0.0,p
2958.0,2970.0,2886.0,4095.0,4095.0,2807.0,2911.0,2736.0,3.72,-1.08,13.45,0.05,-0.03,-0.15,0.0,p
2961.0,2963.0,2895.0,4095.0,4095.0,2809.0,2910.0,2736.0,3.77,-1.03,13.45,0.02,-0.01,-0.14,0.0,p
2963.0,2961.0,2885.0,4095.0,4095.0,2810.0,2913.0,2739.0,3.85,-1.21,13.54,0.03,-0.02,-0.13,0.0,p
2961.0,2964.0,2895.0,4095.0,4095.0,2803.0,2919.0,2737.0,3.95,-1.11,13.58,0.11,-0.07,-0.22,0.0,p
2960.0,2953.0,2890.0,4095.0,4095.0,2799.0,2910.0,2737.0,3.77,-1.02,13.39,0.09,-0.03,-0.17,0.0,p
2966.0,2967.0,2893.0,4095.0,4095.0,2799.0,2923.0,2749.0,3.9,-0.91,13.58,0.11,-0.06,-0.19,0.0,p
2971.0,2950.0,2886.0,4095.0,4095.0,2786.0,2922.0,2741.0,3.87,-0.91,13.36,0.06,-0.02,-0.17,0.0,p
2959.0,2953.0,2892.0,4095.0,4095.0,2789.0,2928.0,2749.0,3.99,-0.87,13.41,-0.01,-0.01,-0.17,0.0,p
2969.0,2962.0,2887.0,4095.0,4095.0,2787.0,2929.0,2743.0,3.82,-0.91,13.58,0.08,-0.04,-0.18,0.0,p
2969.0,2973.0,2886.0,4095.0,4095.0,2800.0,2934.0,2761.0,3.77,-0.94,13.52,0.01,0.0,-0.12,0.0,p
2962.0,2966.0,2887.0,4095.0,4095.0,2797.0,2931.0,2754.0,4.05,-0.92,13.57,0.09,-0.0,-0.15,0.0,p
2960.0,2957.0,2878.0,4095.0,4095.0,2785.0,2931.0,2752.0,3.94,-0.91,13.32,0.02,-0.01,-0.17,0.0,p
2975.0,2959.0,2894.0,4095.0,4095.0,2791.0,2934.0,2755.0,3.95,-0.75,13.54,0.01,0.01,-0.19,0.0,p
2966.0,2951.0,2884.0,4095.0,4095.0,2783.0,2930.0,2749.0,3.8,-0.85,13.23,-0.11,0.04,-0.13,0.0,p
2964.0,2964.0,2896.0,4095.0,4095.0,2785.0,2942.0,2753.0,3.91,-0.89,13.78,-0.06,0.05,-0.15,0.0,p
2963.0,2955.0,2890.0,4095.0,4095.0,2784.0,2945.0,2762.0,3.93,-0.88,13.5,-0.09,0.04,-0.13,0.0,p
2961.0,2960.0,2885.0,4095.0,4095.0,2786.0,2941.0,2749.0,3.95,-0.93,13.51,0.02,-0.01,-0.17,0.0,p
2960.0,2974.0,2887.0,4095.0,4095.0,2791.0,2942.0,2756.0,3.81,-0.96,13.42,-0.02,0.01,-0.14,0.0,p
2953.0,2958.0,2875.0,4095.0,4095.0,2784.0,2938.0,2755.0,4.01,-1.01,13.79,0.04,-0.02,-0.17,0.0,p
2960.0,2957.0,2881.0,4095.0,4095.0,2790.0,2928.0,2768.0,3.78,-0.98,13.34,0.11,-0.01,-0.18,0.0,p
2968.0,2960.0,2896.0,4095.0,4095.0,2787.0,2946.0,2758.0,4.07,-0.88,13.65,0.09,-0.01,-0.19,0.0,p
2955.0,2963.0,2896.0,4095.0,4095.0,2789.0,2957.0,2755.0,3.89,-0.91,13.49,0.2,-0.02,-0.23,0.0,p
2960.0,2961.0,2891.0,4095.0,4095.0,2750.0,2945.0,2752.0,3.93,-0.67,13.16,0.05,-0.01,-0.15,0.0,p
2969.0,2959.0,2891.0,4095.0,4095.0,2694.0,2934.0,2756.0,3.83,-0.67,13.38,-0.19,-0.01,-0.14,0.0,p
2964.0,2960.0,2887.0,4095.0,4095.0,2672.0,2944.0,2761.0,4.02,-0.83,13.58,-0.07,0.01,-0.12,0.0,p
2973.0,2969.0,2887.0,4095.0,4095.0,2669.0,2944.0,2753.0,3.83,-0.83,13.46,-0.08,-0.02,-0.18,0.0,p
2958.0,2957.0,2887.0,4095.0,4095.0,2666.0,2937.0,2754.0,3.92,-1.08,13.68,0.04,-0.01,-0.12,0.0,p
2961.0,2955.0,2896.0,4095.0,4095.0,2665.0,2933.0,2753.0,4.01,-0.81,13.37,-0.0,-0.0,-0.1,0.0,p
2960.0,2965.0,2896.0,4095.0,4095.0,2661.0,2954.0,2757.0,3.95,-0.96,13.52,0.1,-0.02,-0.15,0.0,p
2967.0,2958.0,2879.0,4095.0,4095.0,2666.0,2946.0,2751.0,3.91,-0.85,13.28,-0.06,0.02,-0.09,0.0,p
2971.0,2957.0,2896.0,4095.0,4095.0,2671.0,2946.0,2755.0,4.0,-0.93,13.45,-0.01,-0.03,-0.16,0.0,p
2975.0,2965.0,2899.0,4095.0,4095.0,2688.0,2941.0,2763.0,4.01,-1.01,13.44,-0.11,0.03,-0.14,0.0,p
2972.0,2967.0,2896.0,4095.0,4095.0,2710.0,2935.0,2754.0,4.3,-1.12,13.73,0.02,-0.02,-0.2,0.0,p
2969.0,2967.0,2881.0,4095.0,4095.0,2757.0,2941.0,2753.0,3.8,-0.95,13.3,0.13,-0.01,-0.22,0.0,p
2967.0,2951.0,2881.0,4095.0,4095.0,2786.0,2937.0,2758.0,3.96,-0.86,13.51,-0.02,0.03,-0.15,0.0,p
2971.0,2960.0,2891.0,4095.0,4095.0,2858.0,2985.0,2810.0,3.56,-2.43,13.36,-0.04,0.06,-0.09,0.0,p
2965.0,2957.0,2886.0,4095.0,4095.0,2872.0,2986.0,2790.0,3.75,-2.67,13.35,-0.0,0.06,-0.04,0.0,p
2965.0,2963.0,2896.0,4095.0,4095.0,2827.0,2983.0,2800.0,3.72,-2.6,13.54,0.07,-0.02,-0.14,0.0,p
2971.0,2962.0,2877.0,4095.0,4095.0,2813.0,2992.0,2803.0,3.49,-2.21,13.17,0.06,-0.03,-0.19,0.0,p
2965.0,2967.0,2892.0,4095.0,4095.0,2850.0,2988.0,2802.0,3.57,-2.04,13.16,-0.11,0.02,-0.15,0.0,p
2973.0,2957.0,2878.0,4095.0,4095.0,2896.0,2975.0,2783.0,3.56,-2.33,13.26,-0.11,0.01,-0.13,0.0,p
2979.0,2955.0,2883.0,4095.0,4095.0,2942.0,2983.0,2802.0,3.6,-2.62,13.32,-0.08,0.01,-0.12,0.0,p
2973.0,2969.0,2895.0,4095.0,4095.0,2950.0,2981.0,2803.0,3.7,-2.81,13.48,0.0,-0.01,-0.16,0.0,p
2976.0,2954.0,2885.0,4095.0,4095.0,2807.0,2987.0,2800.0,3.64,-2.6,13.49,0.15,-0.05,-0.18,0.0,p
2983.0,2954.0,2891.0,4095.0,4095.0,2719.0,2988.0,2800.0,3.67,-2.33,13.34,0.15,-0.08,-0.23,0.0,p
2967.0,2953.0,2886.0,4095.0,4095.0,2672.0,2982.0,2800.0,3.64,-1.96,12.91,0.12,0.0,-0.15,0.0,p
2951.0,2966.0,2883.0,4095.0,4095.0,2672.0,2981.0,2795.0,3.53,-2.15,13.35,-0.02,-0.04,-0.2,0.0,p
2967.0,2965.0,2882.0,4095.0,4095.0,2670.0,2981.0,2798.0,3.65,-2.25,13.16,-0.0,-0.02,-0.18,0.0,p
2963.0,2960.0,2886.0,4095.0,4095.0,2671.0,2991.0,2800.0,3.68,-2.34,13.3,-0.06,0.02,-0.18,0.0,p
2977.0,2957.0,2897.0,4095.0,4095.0,2703.0,2978.0,2800.0,3.61,-2.65,13.53,-0.11,-0.01,-0.19,0.0,p
2959.0,2951.0,2889.0,4095.0,4095.0,2725.0,2983.0,2800.0,3.68,-2.51,13.31,0.03,-0.01,-0.19,0.0,p
2966.0,2960.0,2891.0,4095.0,4095.0,2784.0,2985.0,2806.0,3.7,-2.41,13.24,-0.03,0.02,-0.16,0.0,p
2992.0,2959.0,2883.0,4095.0,4095.0,2841.0,2981.0,2805.0,3.84,-2.35,13.3,0.1,-0.02,-0.19,0.0,p
2981.0,2959.0,2887.0,4095.0,4095.0,2880.0,2987.0,2807.0,3.68,-2.19,12.84,-0.0,0.01,-0.14,0.0,p
2994.0,2952.0,2884.0,4095.0,4095.0,2893.0,2981.0,2803.0,3.78,-2.27,13.31,-0.06,0.02,-0.16,0.0,p
2967.0,2954.0,2873.0,4095.0,4095.0,2732.0,3001.0,2832.0,3.89,-2.94,13.53,0.2,-0.2,-0.21,0.0,p
2965.0,2958.0,2892.0,4095.0,4095.0,2725.0,2994.0,2817.0,3.88,-2.22,13.04,0.42,-0.22,-0.18,0.0,p
2960.0,2951.0,2881.0,4095.0,4095.0,2703.0,3003.0,2823.0,3.85,-1.91,12.9,0.3,-0.12,-0.02,0.0,p
2962.0,2960.0,2888.0,4095.0,4095.0,2702.0,3004.0,2827.0,4.24,-2.03,13.01,0.2,-0.15,0.0,0.0,p
2959.0,2947.0,2877.0,4095.0,4095.0,2692.0,2998.0,2822.0,4.46,-2.5,13.13,0.13,-0.18,-0.14,0.0,p
2965.0,2951.0,2880.0,4095.0,4095.0,2697.0,2999.0,2823.0,4.31,-2.2,13.29,0.19,-0.17,-0.26,0.0,p
2967.0,2957.0,2889.0,4095.0,4095.0,2699.0,3007.0,2830.0,4.13,-1.58,12.68,0.21,-0.15,-0.21,0.0,p
2964.0,2958.0,2882.0,4095.0,4095.0,2695.0,3004.0,2831.0,4.38,-1.44,12.67,0.01,-0.08,-0.12,0.0,p
2967.0,2947.0,2880.0,4095.0,4095.0,2698.0,3005.0,2829.0,4.5,-1.74,12.93,0.0,-0.01,-0.06,0.0,p
2969.0,2949.0,2881.0,4095.0,4095.0,2693.0,3003.0,2823.0,4.51,-2.15,13.2,-0.02,-0.01,-0.08,0.0,p
2968.0,2951.0,2875.0,4095.0,4095.0,2709.0,2999.0,2829.0,4.2,-2.07,13.22,0.02,-0.09,-0.13,0.0,p
2970.0,2959.0,2880.0,4095.0,4095.0,2716.0,3003.0,2831.0,4.28,-1.86,12.96,-0.08,-0.07,-0.13,0.0,p
2965.0,2956.0,2885.0,4095.0,4095.0,2727.0,3009.0,2837.0,4.51,-1.82,13.07,-0.06,0.02,-0.06,0.0,p
2961.0,2949.0,2886.0,4095.0,4095.0,2723.0,3004.0,2832.0,4.6,-1.94,12.87,0.05,0.03,-0.13,0.0,p
2961.0,2959.0,2880.0,4095.0,4095.0,2725.0,3002.0,2833.0,4.5,-2.01,12.87,-0.03,0.07,-0.13,0.0,p
2960.0,2957.0,2893.0,4095.0,4095.0,2733.0,3014.0,2835.0,4.32,-2.0,12.83,-0.09,0.08,-0.15,0.0,p
2962.0,2972.0,2880.0,4095.0,4095.0,2736.0,3009.0,2831.0,4.17,-2.22,12.87,-0.29,0.07,-0.09,0.0,p
2967.0,2955.0,2887.0,4095.0,4095.0,2734.0,3003.0,2838.0,4.21,-2.62,13.32,-0.39,0.09,-0.07,0.0,p
2966.0,2951.0,2885.0,4095.0,4095.0,2732.0,3010.0,2843.0,4.06,-3.09,13.47,-0.18,0.05,-0.15,0.0,p
2962.0,2943.0,2878.0,4095.0,4095.0,2704.0,2999.0,2833.0,3.97,-2.7,13.22,0.06,0.06,-0.11,0.0,p
3022.0,2960.0,2886.0,4095.0,4095.0,2979.0,3009.0,2851.0,3.96,-2.55,13.12,0.08,0.02,-0.14,0.0,p
3002.0,2960.0,2881.0,4095.0,4095.0,2965.0,3008.0,2843.0,4.09,-2.42,13.12,0.19,-0.01,-0.14,0.0,p
3006.0,2967.0,2882.0,4095.0,4095.0,2969.0,3013.0,2850.0,4.07,-2.5,12.8,0.04,-0.02,-0.15,0.0,p
3012.0,2958.0,2880.0,4095.0,4095.0,2976.0,3007.0,2847.0,4.24,-2.56,13.1,-0.05,0.01,-0.15,0.0,p
3003.0,2956.0,2881.0,4095.0,4095.0,2961.0,3008.0,2841.0,4.09,-2.59,13.02,0.01,-0.01,-0.17,0.0,p
2987.0,2958.0,2885.0,4095.0,4095.0,2957.0,3011.0,2838.0,4.15,-2.47,13.0,0.01,-0.0,-0.12,0.0,p
2997.0,2951.0,2877.0,4095.0,4095.0,2951.0,3007.0,2839.0,4.29,-2.76,13.01,-0.04,-0.02,-0.13,0.0,p
3015.0,2952.0,2881.0,4095.0,4095.0,2955.0,3011.0,2843.0,4.3,-2.83,13.27,0.06,-0.03,-0.24,0.0,p
3001.0,2950.0,2896.0,4095.0,4095.0,2922.0,3011.0,2842.0,4.13,-2.49,12.9,0.07,0.01,-0.23,0.0,p
2999.0,2950.0,2893.0,4095.0,4095.0,2911.0,3015.0,2842.0,4.06,-2.38,13.12,0.03,-0.04,-0.2,0.0,p
2996.0,2964.0,2882.0,4095.0,4095.0,2906.0,3015.0,2844.0,4.15,-2.49,12.91,0.02,0.01,-0.12,0.0,p
2986.0,2957.0,2882.0,4095.0,4095.0,2902.0,3023.0,2837.0,4.17,-2.9,13.33,0.03,-0.0,-0.12,0.0,p
2987.0,2948.0,2876.0,4095.0,4095.0,2890.0,3019.0,2838.0,3.91,-2.01,12.9,0.07,-0.06,-0.18,0.0,p
2982.0,2951.0,2881.0,4095.0,4095.0,2883.0,3015.0,2843.0,4.15,-1.96,12.63,-0.03,0.01,-0.03,0.0,p
2995.0,2960.0,2879.0,4095.0,4095.0,2889.0,3021.0,2850.0,4.23,-3.31,13.29,-0.14,-0.04,-0.12,0.0,p
2995.0,2962.0,2872.0,4095.0,4095.0,2890.0,3024.0,2849.0,4.55,-2.98,13.3,0.05,0.01,-0.07,0.0,p
2992.0,2963.0,2880.0,4095.0,4095.0,2893.0,3024.0,2846.0,4.36,-1.55,12.5,0.12,0.03,-0.21,0.0,p
2992.0,2960.0,2877.0,4095.0,4095.0,2885.0,3024.0,2849.0,4.21,-2.18,12.69,-0.21,0.04,-0.17,0.0,p
2991.0,2960.0,2886.0,4095.0,4095.0,2883.0,3027.0,2849.0,4.15,-3.26,13.52,-0.14,0.03,-0.19,0.0,p
2988.0,2951.0,2879.0,4095.0,4095.0,2880.0,3022.0,2848.0,4.06,-3.39,13.33,0.13,0.01,-0.17,0.0,p
2971.0,2954.0,2874.0,4095.0,4095.0,2832.0,3037.0,2863.0,4.24,-3.32,12.76,-0.06,-0.02,0.05,0.0,p
2971.0,2954.0,2874.0,4095.0,4095.0,2832.0,3037.0,2863.0,4.24,-3.32,12.76,-0.06,-0.02,0.05,0.0,p
2973.0,2966.0,2886.0,4095.0,4095.0,2832.0,3041.0,2864.0,4.34,-3.4,13.03,-0.16,0.01,-0.05,0.0,p
2975.0,2947.0,2875.0,4095.0,4095.0,2831.0,3031.0,2863.0,4.15,-3.4,13.4,0.04,-0.11,-0.33,0.0,p
2990.0,2954.0,2883.0,4095.0,4095.0,2837.0,3039.0,2864.0,3.77,-2.81,12.31,0.19,-0.04,-0.27,0.0,p
2967.0,2955.0,2879.0,4095.0,4095.0,2834.0,3038.0,2862.0,3.78,-2.7,12.45,-0.15,0.01,-0.07,0.0,p
2985.0,2960.0,2889.0,4095.0,4095.0,2838.0,3043.0,2868.0,4.13,-3.15,13.04,-0.1,0.04,0.03,0.0,p
2973.0,2958.0,2878.0,4095.0,4095.0,2837.0,3034.0,2863.0,4.07,-3.5,13.02,0.01,0.03,-0.03,0.0,p
2981.0,2960.0,2877.0,4095.0,4095.0,2833.0,3041.0,2865.0,3.95,-3.56,12.97,-0.06,0.02,-0.06,0.0,p
2977.0,2955.0,2883.0,4095.0,4095.0,2832.0,3035.0,2863.0,4.11,-3.33,13.2,0.01,-0.05,-0.25,0.0,p
2965.0,2945.0,2886.0,4095.0,4095.0,2830.0,3031.0,2862.0,3.99,-3.16,12.68,0.14,0.03,-0.21,0.0,p
2987.0,2951.0,2883.0,4095.0,4095.0,2831.0,3041.0,2867.0,3.96,-3.21,12.63,-0.02,0.07,-0.21,0.0,p
2983.0,2955.0,2886.0,4095.0,4095.0,2821.0,3033.0,2862.0,3.97,-3.47,12.98,-0.09,0.05,-0.18,0.0,p
2984.0,2960.0,2883.0,4095.0,4095.0,2802.0,3025.0,2862.0,3.98,-3.06,13.01,0.04,0.04,-0.22,0.0,p
2969.0,2955.0,2877.0,4095.0,4095.0,2797.0,3026.0,2859.0,3.64,-3.2,12.9,0.01,-0.01,-0.21,0.0,p
2971.0,2949.0,2886.0,4095.0,4095.0,2800.0,3025.0,2859.0,3.74,-2.92,13.17,0.06,-0.01,-0.13,0.0,p
2963.0,2955.0,2874.0,4095.0,4095.0,2799.0,3027.0,2863.0,3.86,-3.18,12.75,0.12,-0.03,-0.14,0.0,p
2962.0,2960.0,2891.0,4095.0,4095.0,2806.0,3024.0,2864.0,3.96,-3.35,12.85,-0.05,-0.05,-0.13,0.0,p
2975.0,2951.0,2880.0,4095.0,4095.0,2809.0,3029.0,2863.0,4.08,-3.29,12.97,0.05,-0.01,-0.14,0.0,p
2981.0,2961.0,2879.0,4095.0,4095.0,2804.0,3027.0,2861.0,3.9,-3.12,12.72,0.05,0.0,-0.14,0.0,p
2977.0,3047.0,2896.0,4095.0,4095.0,3525.0,2917.0,2512.0,2.38,5.36,12.65,-0.02,0.03,-0.15,0.0,p
2983.0,3050.0,2901.0,4095.0,4095.0,3536.0,2926.0,2511.0,2.54,5.23,12.51,0.01,0.04,-0.15,0.0,p
2969.0,3045.0,2880.0,4095.0,4095.0,3533.0,2922.0,2510.0,2.56,5.08,12.37,0.06,0.05,-0.17,0.0,p
2981.0,3041.0,2903.0,4095.0,4095.0,3549.0,2923.0,2512.0,2.65,5.09,12.42,0.07,0.01,-0.19,0.0,p
3002.0,3024.0,2902.0,4095.0,4095.0,3542.0,2925.0,2513.0,2.52,5.3,12.34,0.05,0.02,-0.16,0.0,p
2974.0,3028.0,2889.0,4095.0,4095.0,3555.0,2925.0,2511.0,2.46,5.3,12.3,0.0,-0.03,-0.18,0.0,p
2979.0,3043.0,2899.0,4095.0,4095.0,3498.0,2922.0,2514.0,2.3,5.33,12.4,-0.07,-0.04,-0.14,0.0,p
2981.0,3031.0,2893.0,4095.0,4095.0,3275.0,2912.0,2512.0,2.65,5.12,12.5,-0.14,-0.06,-0.1,0.0,p
2974.0,3053.0,2896.0,4095.0,4095.0,3191.0,2916.0,2512.0,2.4,5.2,12.41,0.0,-0.05,-0.15,0.0,p
2965.0,3043.0,2900.0,4095.0,4095.0,3116.0,2906.0,2512.0,2.59,5.12,12.52,-0.07,-0.02,-0.14,0.0,p
2971.0,3056.0,2899.0,4095.0,4095.0,3107.0,2921.0,2514.0,2.47,5.15,12.4,0.06,-0.03,-0.17,0.0,p
2988.0,3056.0,2890.0,4095.0,4095.0,3046.0,2921.0,2513.0,2.71,5.11,12.56,-0.13,-0.06,-0.16,0.0,p
2990.0,3055.0,2895.0,4095.0,4095.0,3027.0,2919.0,2512.0,2.67,5.07,12.44,0.11,-0.03,-0.19,0.0,p
2974.0,3056.0,2889.0,4095.0,4095.0,3007.0,2915.0,2512.0,2.51,5.15,12.47,0.03,-0.06,-0.17,0.0,p
2983.0,3062.0,2889.0,4095.0,4095.0,3008.0,2919.0,2515.0,2.62,5.25,12.44,0.05,-0.02,-0.14,0.0,p
2977.0,3061.0,2895.0,4095.0,4095.0,2992.0,2928.0,2515.0,2.5,5.19,12.33,-0.03,-0.04,-0.14,0.0,p
2977.0,3046.0,2893.0,4095.0,4095.0,2956.0,2918.0,2512.0,2.57,5.08,12.53,0.03,-0.0,-0.16,0.0,p
2976.0,3056.0,2896.0,4095.0,4095.0,2927.0,2921.0,2512.0,2.55,5.24,12.48,-0.01,-0.04,-0.13,0.0,p
2969.0,3053.0,2895.0,4095.0,4095.0,2870.0,2925.0,2513.0,2.64,5.12,12.54,-0.0,-0.05,-0.15,0.0,p
2966.0,3045.0,2896.0,4095.0,4095.0,2845.0,2917.0,2512.0,2.51,5.11,12.46,0.04,-0.01,-0.14,0.0,p
2989.0,3023.0,2894.0,4095.0,4095.0,3343.0,2929.0,2529.0,2.46,5.3,12.47,0.04,0.0,-0.13,0.0,p
2989.0,3024.0,2896.0,4095.0,4095.0,3234.0,2927.0,2525.0,2.56,5.33,12.26,-0.0,-0.01,-0.14,0.0,p
2986.0,3021.0,2891.0,4095.0,4095.0,3190.0,2928.0,2526.0,2.56,5.38,12.17,-0.03,-0.01,-0.14,0.0,p
2986.0,3041.0,2895.0,4095.0,4095.0,3111.0,2927.0,2523.0,2.49,5.31,12.37,-0.06,-0.03,-0.15,0.0,p
2988.0,3026.0,2903.0,4095.0,4095.0,3056.0,2928.0,2523.0,2.51,5.22,12.37,-0.1,-0.06,-0.11,0.0,p
2981.0,3025.0,2895.0,4095.0,4095.0,3017.0,2928.0,2528.0,2.68,5.25,12.54,-0.01,-0.02,-0.15,0.0,p
2971.0,3037.0,2896.0,4095.0,4095.0,2978.0,2927.0,2522.0,2.6,5.18,12.45,0.01,-0.02,-0.15,0.0,p
2982.0,3024.0,2909.0,4095.0,4095.0,2942.0,2931.0,2523.0,2.59,5.18,12.58,0.04,-0.03,-0.2,0.0,p
2974.0,3031.0,2897.0,4095.0,4095.0,2917.0,2928.0,2523.0,2.49,5.27,12.34,0.03,0.0,-0.16,0.0,p
2971.0,3024.0,2889.0,4095.0,4095.0,2870.0,2928.0,2531.0,2.6,5.2,12.36,0.03,-0.01,-0.15,0.0,p
2984.0,3033.0,2895.0,4095.0,4095.0,2835.0,2925.0,2522.0,2.64,5.19,12.34,-0.01,-0.03,-0.15,0.0,p
2990.0,3019.0,2887.0,4095.0,4095.0,2779.0,2926.0,2519.0,2.34,5.13,12.43,-0.06,-0.02,-0.16,0.0,p
2972.0,3035.0,2900.0,4095.0,4095.0,2800.0,2927.0,2523.0,2.44,5.15,12.73,0.03,-0.0,-0.17,0.0,p
2971.0,3017.0,2898.0,4095.0,4095.0,2815.0,2928.0,2523.0,2.59,5.21,12.45,0.04,0.01,-0.14,0.0,p
2975.0,3025.0,2899.0,4095.0,4095.0,2858.0,2925.0,2522.0,2.49,5.13,12.43,0.12,0.05,-0.19,0.0,p
2983.0,3030.0,2896.0,4095.0,4095.0,2983.0,2930.0,2527.0,2.51,5.33,12.41,-0.01,0.03,-0.13,0.0,p
2974.0,3030.0,2885.0,4095.0,4095.0,3070.0,2925.0,2525.0,2.56,5.19,12.4,0.02,-0.0,-0.16,0.0,p
2982.0,3025.0,2887.0,4095.0,4095.0,3207.0,2926.0,2525.0,2.37,5.27,12.41,0.01,0.08,-0.13,0.0,p
2987.0,3024.0,2897.0,4095.0,4095.0,3267.0,2913.0,2522.0,2.45,5.26,12.38,-0.12,0.08,-0.06,0.0,p
2992.0,3013.0,2903.0,4095.0,4095.0,3261.0,2913.0,2526.0,2.51,4.94,12.34,-0.39,0.01,-0.11,0.0,p
2967.0,3015.0,2895.0,4095.0,4095.0,3071.0,2922.0,2533.0,2.59,4.87,12.65,-0.09,0.01,-0.09,0.0,p
2987.0,3019.0,2896.0,4095.0,4095.0,3088.0,2928.0,2535.0,2.53,4.75,12.7,-0.05,-0.02,-0.14,0.0,p
2979.0,3012.0,2886.0,4095.0,4095.0,3098.0,2929.0,2542.0,2.52,4.81,12.91,-0.04,-0.03,-0.13,0.0,p
2974.0,3013.0,2896.0,4095.0,4095.0,3105.0,2916.0,2538.0,2.47,4.86,12.72,-0.06,0.02,-0.12,0.0,p
2985.0,3023.0,2898.0,4095.0,4095.0,3113.0,2928.0,2535.0,2.5,4.75,12.84,-0.01,-0.02,-0.14,0.0,p
2989.0,3024.0,2896.0,4095.0,4095.0,3120.0,2928.0,2544.0,2.61,4.66,12.75,-0.02,-0.0,-0.12,0.0,p
2989.0,3021.0,2896.0,4095.0,3973.0,3137.0,2927.0,2543.0,2.52,4.74,12.6,0.03,-0.02,-0.17,0.0,p
2992.0,3023.0,2899.0,4095.0,3834.0,3141.0,2926.0,2544.0,2.57,4.66,12.68,-0.02,0.0,-0.12,0.0,p
2989.0,3031.0,2896.0,4095.0,3744.0,3149.0,2928.0,2542.0,2.57,4.67,12.78,0.02,-0.03,-0.16,0.0,p
2998.0,3027.0,2897.0,4095.0,3773.0,3152.0,2927.0,2543.0,2.53,4.63,12.92,-0.01,0.03,-0.12,0.0,p
2990.0,3023.0,2896.0,4095.0,3780.0,3152.0,2927.0,2541.0,2.62,4.7,12.79,0.06,-0.02,-0.18,0.0,p
2993.0,3018.0,2899.0,4095.0,3943.0,3155.0,2931.0,2544.0,2.54,4.71,12.79,0.1,0.06,-0.15,0.0,p
2982.0,3017.0,2896.0,4095.0,4095.0,3153.0,2924.0,2541.0,2.48,4.74,12.67,0.05,0.02,-0.15,0.0,p
2992.0,3015.0,2898.0,4095.0,4095.0,3187.0,2929.0,2543.0,2.76,4.73,12.74,0.13,0.0,-0.18,0.0,p
3007.0,3019.0,2897.0,4095.0,4095.0,3232.0,2927.0,2539.0,2.42,4.89,12.64,0.24,0.02,-0.26,0.0,p
3001.0,3008.0,2899.0,4095.0,4095.0,3287.0,2929.0,2537.0,2.37,4.79,12.42,0.14,0.0,-0.23,0.0,p
3002.0,3014.0,2896.0,4095.0,4095.0,3392.0,2939.0,2542.0,2.33,5.18,12.52,0.1,0.05,-0.17,0.0,p
3007.0,3008.0,2898.0,4095.0,4095.0,3519.0,2946.0,2545.0,2.46,4.98,12.48,-0.06,-0.02,-0.11,0.0,p
3024.0,3010.0,2897.0,4095.0,4095.0,3733.0,2956.0,2551.0,2.41,4.97,12.63,-0.04,-0.04,-0.14,0.0,p
3020.0,3010.0,2887.0,4095.0,4095.0,3877.0,2942.0,2550.0,2.52,4.82,12.58,-0.16,-0.11,-0.13,0.0,p
2974.0,3002.0,2883.0,4095.0,4095.0,3536.0,2889.0,2533.0,2.57,4.83,12.74,0.05,-0.03,-0.12,0.0,p
2978.0,3028.0,2894.0,4095.0,4095.0,3419.0,2880.0,2539.0,2.63,4.66,12.71,-0.06,-0.05,-0.11,0.0,p
2970.0,3031.0,2891.0,4095.0,4095.0,3389.0,2865.0,2527.0,2.64,4.64,12.84,0.11,0.04,-0.27,0.0,p
2971.0,3023.0,2891.0,4095.0,4095.0,3437.0,2879.0,2532.0,2.6,4.8,12.77,0.09,0.01,-0.24,0.0,p
2960.0,3023.0,2883.0,4095.0,4095.0,3505.0,2887.0,2538.0,2.49,5.0,12.48,0.09,0.02,-0.19,0.0,p
2970.0,3018.0,2896.0,4095.0,4095.0,3520.0,2891.0,2533.0,2.54,4.92,12.56,-0.07,-0.02,-0.13,0.0,p
2971.0,3012.0,2899.0,4095.0,4095.0,3500.0,2887.0,2539.0,2.53,4.6,12.7,-0.09,0.0,-0.1,0.0,p
2976.0,3015.0,2895.0,4095.0,4095.0,3408.0,2894.0,2535.0,2.62,4.59,12.84,0.05,-0.01,-0.21,0.0,p
2975.0,3034.0,2893.0,4095.0,4095.0,3344.0,2895.0,2534.0,2.51,4.82,12.61,-0.06,-0.06,-0.13,0.0,p
2973.0,3025.0,2884.0,4095.0,4095.0,3328.0,2889.0,2529.0,2.59,4.71,12.72,0.09,-0.01,-0.2,0.0,p
2973.0,3012.0,2895.0,4095.0,4095.0,3370.0,2896.0,2533.0,2.4,4.87,12.69,-0.0,-0.01,-0.15,0.0,p
2980.0,3003.0,2896.0,4095.0,4095.0,3379.0,2892.0,2532.0,2.46,4.81,12.58,-0.08,-0.02,-0.15,0.0,p
2965.0,3003.0,2880.0,4095.0,4095.0,3399.0,2890.0,2527.0,2.57,4.67,12.76,-0.06,-0.02,-0.15,0.0,p
2973.0,3003.0,2893.0,4095.0,4095.0,3406.0,2885.0,2530.0,2.52,4.74,12.75,-0.04,-0.01,-0.16,0.0,p
2974.0,3006.0,2898.0,4095.0,4095.0,3405.0,2889.0,2530.0,2.5,4.74,12.71,-0.08,-0.03,-0.13,0.0,p
2973.0,3006.0,2878.0,4095.0,4095.0,3405.0,2879.0,2526.0,2.55,4.62,12.89,0.03,0.02,-0.14,0.0,p
2976.0,3007.0,2897.0,4095.0,4095.0,3408.0,2895.0,2527.0,2.54,4.58,12.91,0.09,0.04,-0.16,0.0,p
2963.0,3013.0,2896.0,4095.0,4095.0,3402.0,2889.0,2528.0,2.52,4.8,12.59,0.05,0.0,-0.13,0.0,p
2977.0,3011.0,2884.0,4095.0,4095.0,3419.0,2886.0,2527.0,2.44,4.84,12.57,0.04,0.02,-0.13,0.0,p
2975.0,2997.0,2896.0,4095.0,4095.0,3431.0,2881.0,2531.0,2.48,4.73,12.67,-0.17,-0.01,-0.08,0.0,p
2773.0,2989.0,2896.0,4095.0,4095.0,3968.0,2926.0,2533.0,1.81,2.95,13.86,-0.13,0.11,-0.13,0.0,p
2293.0,2992.0,2898.0,4095.0,4095.0,3971.0,2931.0,2535.0,2.04,3.03,13.77,0.07,0.07,-0.1,0.0,p
2313.0,2975.0,2893.0,4095.0,4095.0,3979.0,2930.0,2545.0,1.8,3.35,13.5,0.08,0.09,-0.12,0.0,p
2329.0,2970.0,2901.0,4095.0,4095.0,3984.0,2930.0,2544.0,1.96,3.54,13.38,0.08,0.05,-0.13,0.0,p
2331.0,2977.0,2899.0,4095.0,4095.0,3986.0,2933.0,2543.0,1.88,3.94,13.28,0.02,0.13,-0.06,0.0,p
2585.0,2981.0,2895.0,4095.0,4095.0,3968.0,2932.0,2544.0,1.67,3.61,13.42,0.1,0.07,-0.12,0.0,p
2771.0,2965.0,2896.0,4095.0,4095.0,3984.0,2937.0,2542.0,1.66,3.57,13.31,-0.02,0.04,-0.05,0.0,p
2825.0,2977.0,2887.0,4095.0,4095.0,3984.0,2944.0,2541.0,1.74,3.38,13.33,0.12,0.04,-0.07,0.0,p
2823.0,2979.0,2897.0,4095.0,4095.0,3978.0,2939.0,2545.0,1.72,3.43,13.52,0.04,0.01,-0.07,0.0,p
2800.0,2971.0,2894.0,4095.0,4095.0,3984.0,2933.0,2545.0,1.89,3.59,13.49,0.12,0.02,-0.11,0.0,p
2741.0,2976.0,2880.0,4095.0,4095.0,3971.0,2935.0,2544.0,1.73,3.78,13.33,0.1,0.04,-0.08,0.0,p
2714.0,2979.0,2884.0,4095.0,4095.0,3983.0,2928.0,2544.0,1.73,3.79,13.31,0.07,-0.01,-0.09,0.0,p
2521.0,2974.0,2891.0,4095.0,4095.0,3972.0,2935.0,2545.0,1.81,3.84,13.35,0.04,0.03,-0.09,0.0,p
2581.0,2986.0,2896.0,4095.0,4095.0,3984.0,2940.0,2555.0,2.12,3.75,13.21,-0.02,0.01,-0.11,0.0,p
2679.0,2991.0,2902.0,4095.0,4095.0,3974.0,2944.0,2551.0,2.07,3.7,13.39,-0.01,-0.0,-0.21,0.0,p
2754.0,2981.0,2899.0,4095.0,4095.0,3971.0,2943.0,2549.0,1.9,3.68,13.55,0.04,0.02,-0.24,0.0,p
2759.0,2980.0,2887.0,4095.0,4095.0,3947.0,2934.0,2548.0,1.47,3.59,13.54,0.04,-0.06,-0.28,0.0,p
2751.0,2979.0,2894.0,4095.0,4095.0,3951.0,2935.0,2547.0,1.44,3.59,13.55,0.07,0.01,-0.17,0.0,p
2793.0,2975.0,2891.0,4095.0,4095.0,3950.0,2939.0,2546.0,1.48,3.7,13.38,0.04,-0.11,-0.21,0.0,p
3055.0,2983.0,2906.0,4095.0,4095.0,3924.0,2943.0,2553.0,1.74,3.65,13.38,0.05,-0.09,-0.23,0.0,p
3087.0,3036.0,2896.0,4095.0,4095.0,3648.0,2928.0,2558.0,1.8,3.96,13.21,0.06,-0.01,-0.16,0.0,p
3069.0,3050.0,2896.0,4095.0,4095.0,3653.0,2929.0,2554.0,1.87,3.92,13.27,-0.01,-0.03,-0.15,0.0,p
3069.0,3031.0,2886.0,4095.0,4095.0,3648.0,2922.0,2554.0,1.84,3.82,13.24,0.01,-0.0,-0.17,0.0,p
3056.0,3040.0,2887.0,4095.0,4095.0,3663.0,2928.0,2559.0,1.74,3.88,13.21,0.01,0.01,-0.13,0.0,p
3066.0,3054.0,2902.0,4095.0,4095.0,3641.0,2928.0,2555.0,1.85,3.94,13.4,-0.01,0.02,-0.11,0.0,p
3059.0,3040.0,2896.0,4095.0,4095.0,3635.0,2928.0,2558.0,1.78,3.87,13.37,0.08,0.02,-0.16,0.0,p
3047.0,3040.0,2889.0,4095.0,4095.0,3639.0,2930.0,2559.0,1.88,3.96,13.29,0.01,0.0,-0.15,0.0,p
3043.0,3042.0,2901.0,4095.0,4095.0,3641.0,2929.0,2558.0,1.77,3.93,13.23,0.03,0.02,-0.17,0.0,p
3055.0,3038.0,2896.0,4095.0,4095.0,3645.0,2928.0,2554.0,1.8,3.85,13.3,0.03,-0.0,-0.18,0.0,p
3042.0,3024.0,2887.0,4095.0,4095.0,3617.0,2928.0,2553.0,1.74,3.91,13.25,0.06,0.02,-0.13,0.0,p
3047.0,3037.0,2895.0,4095.0,4095.0,3629.0,2928.0,2559.0,1.82,4.02,13.24,0.07,-0.01,-0.18,0.0,p
3035.0,3040.0,2900.0,4095.0,4095.0,3639.0,2932.0,2559.0,1.7,3.99,13.19,-0.04,-0.01,-0.13,0.0,p
3050.0,3030.0,2887.0,4095.0,4095.0,3634.0,2933.0,2558.0,1.71,3.99,13.33,-0.03,-0.01,-0.15,0.0,p
3043.0,3038.0,2895.0,4095.0,4095.0,3641.0,2928.0,2559.0,1.63,3.85,13.39,-0.07,0.0,-0.09,0.0,p
3057.0,3039.0,2905.0,4095.0,4095.0,3637.0,2929.0,2559.0,1.78,3.83,13.43,-0.05,0.01,-0.1,0.0,p
3061.0,3034.0,2895.0,4095.0,4095.0,3629.0,2931.0,2554.0,1.81,3.85,13.13,-0.01,0.01,-0.09,0.0,p
3066.0,3022.0,2903.0,4095.0,4095.0,3606.0,2930.0,2559.0,1.96,3.86,13.37,-0.01,-0.02,-0.16,0.0,p
3071.0,3044.0,2895.0,4095.0,4095.0,3623.0,2930.0,2558.0,1.76,3.87,13.25,-0.07,-0.01,-0.15,0.0,p
3115.0,3034.0,2902.0,4095.0,4095.0,3620.0,2939.0,2554.0,1.78,3.77,13.45,-0.02,-0.06,-0.18,0.0,p
3103.0,3043.0,2882.0,4095.0,4095.0,3613.0,2933.0,2559.0,1.74,3.78,13.45,-0.02,0.04,-0.14,0.0,p
3800.0,2992.0,2897.0,4095.0,4095.0,3605.0,2951.0,2559.0,1.6,3.96,13.27,0.04,-0.0,-0.13,0.0,p
3812.0,2981.0,2886.0,4095.0,4095.0,3599.0,2946.0,2553.0,1.69,3.95,13.3,0.01,-0.01,-0.16,0.0,p
3787.0,2986.0,2898.0,4095.0,4095.0,3607.0,2944.0,2550.0,1.65,3.82,13.3,-0.01,0.03,-0.14,0.0,p
3804.0,2992.0,2896.0,4095.0,4095.0,3615.0,2953.0,2558.0,1.75,3.8,13.41,-0.04,-0.03,-0.16,0.0,p
3812.0,2987.0,2898.0,4095.0,4095.0,3600.0,2945.0,2555.0,1.53,3.89,13.3,0.0,0.04,-0.12,0.0,p
3915.0,2987.0,2890.0,4095.0,4095.0,3615.0,2956.0,2558.0,1.9,3.79,13.45,-0.09,0.02,-0.07,0.0,p
3739.0,2987.0,2899.0,4095.0,4095.0,3646.0,2955.0,2559.0,1.75,3.84,13.35,-0.0,-0.03,-0.16,0.0,p
3714.0,2978.0,2889.0,4095.0,4095.0,3631.0,2942.0,2556.0,1.73,3.74,13.54,0.0,-0.07,-0.18,0.0,p
3875.0,2991.0,2901.0,4095.0,4095.0,3633.0,2957.0,2555.0,1.61,3.79,13.48,0.09,-0.02,-0.18,0.0,p
3834.0,2987.0,2900.0,4095.0,4095.0,3583.0,2953.0,2551.0,1.65,3.85,13.22,-0.02,-0.05,-0.09,0.0,p
3446.0,2990.0,2895.0,4095.0,4095.0,3514.0,2960.0,2559.0,1.85,3.75,13.31,0.04,-0.05,-0.17,0.0,p
3409.0,2998.0,2894.0,4095.0,4095.0,3504.0,2948.0,2559.0,1.68,3.73,13.37,0.01,0.01,-0.13,0.0,p
3344.0,2994.0,2895.0,4095.0,4095.0,3466.0,2957.0,2557.0,1.74,3.81,13.34,0.01,0.0,-0.12,0.0,p
3303.0,2992.0,2893.0,4095.0,4095.0,3439.0,2959.0,2559.0,1.83,3.84,13.27,0.01,-0.0,-0.14,0.0,p
3309.0,2995.0,2897.0,4095.0,4095.0,3441.0,2955.0,2559.0,1.69,3.79,13.34,-0.01,-0.01,-0.19,0.0,p
3313.0,2999.0,2893.0,4095.0,4095.0,3472.0,2960.0,2559.0,1.62,3.76,13.53,-0.01,-0.03,-0.16,0.0,p
3314.0,2997.0,2897.0,4095.0,4095.0,3511.0,2960.0,2559.0,1.63,3.7,13.57,0.04,-0.03,-0.14,0.0,p
3295.0,3008.0,2893.0,4095.0,4095.0,3562.0,2958.0,2551.0,1.91,3.74,13.36,-0.0,-0.02,-0.13,0.0,p
3285.0,3006.0,2906.0,4095.0,4095.0,3620.0,2959.0,2558.0,1.79,3.71,13.34,-0.01,-0.04,-0.13,0.0,p
3273.0,3003.0,2895.0,4095.0,4095.0,3654.0,2962.0,2559.0,1.88,3.65,13.42,0.08,0.02,-0.17,0.0,p
3350.0,2995.0,2896.0,4095.0,4095.0,3583.0,2965.0,2551.0,-0.57,3.56,12.91,0.32,-0.12,0.89,0.0,p
3331.0,2986.0,2893.0,4095.0,4095.0,3576.0,2960.0,2557.0,-0.92,3.23,14.17,0.16,0.39,0.14,0.0,p
3347.0,2992.0,2896.0,4095.0,4095.0,3568.0,2961.0,2556.0,-1.08,3.15,13.88,0.37,0.0,0.13,0.0,p
3341.0,2992.0,2901.0,4095.0,4095.0,3550.0,2961.0,2551.0,-1.06,3.59,13.52,-0.03,-0.44,0.25,0.0,p
3349.0,2983.0,2889.0,4095.0,4095.0,3552.0,2956.0,2551.0,-0.47,3.55,13.89,-0.05,-0.26,0.21,0.0,p
3378.0,2974.0,2896.0,4095.0,4095.0,3552.0,2959.0,2554.0,0.03,3.64,13.43,-0.13,-0.22,0.21,0.0,p
3381.0,2973.0,2896.0,4095.0,4095.0,3567.0,2965.0,2559.0,0.46,3.35,13.58,-0.11,-0.32,-0.11,0.0,p
3385.0,2987.0,2899.0,4095.0,4095.0,3569.0,2967.0,2559.0,0.4,3.06,13.7,-0.12,-0.34,-0.26,0.0,p
3403.0,2982.0,2887.0,4095.0,4095.0,3559.0,2971.0,2557.0,0.5,2.94,13.81,-0.04,-0.28,-0.21,0.0,p
3406.0,2992.0,2890.0,4095.0,4095.0,3561.0,2963.0,2559.0,0.35,3.47,13.5,0.03,-0.09,-0.05,0.0,p
3421.0,2990.0,2903.0,4095.0,4095.0,3580.0,2961.0,2559.0,0.79,3.45,13.47,-0.06,0.12,-0.05,0.0,p
3436.0,2993.0,2896.0,4095.0,4095.0,3581.0,2973.0,2559.0,0.61,3.44,13.46,0.01,-0.16,-0.34,0.0,p
3440.0,2983.0,2894.0,4095.0,4095.0,3568.0,2963.0,2559.0,0.79,3.2,13.67,-0.15,-0.19,-0.32,0.0,p
3433.0,2981.0,2895.0,4095.0,4095.0,3575.0,2960.0,2558.0,0.28,3.01,14.22,0.03,-0.19,-0.45,0.0,p
3412.0,2994.0,2899.0,4095.0,4095.0,3578.0,2968.0,2559.0,0.48,3.12,13.68,0.22,0.08,-0.17,0.0,p
3417.0,2976.0,2896.0,4095.0,4095.0,3575.0,2960.0,2559.0,0.5,3.46,13.61,0.08,0.0,-0.1,0.0,p
3406.0,2979.0,2895.0,4095.0,4095.0,3598.0,2970.0,2559.0,0.44,3.48,13.44,-0.04,0.12,0.02,0.0,p
3387.0,2992.0,2899.0,4095.0,4095.0,3568.0,2962.0,2559.0,0.24,3.12,14.16,-0.04,-0.11,-0.33,0.0,p
3326.0,2991.0,2896.0,4095.0,4095.0,3554.0,2960.0,2559.0,0.45,3.33,13.39,0.08,0.08,-0.19,0.0,p
3301.0,2995.0,2895.0,4095.0,4095.0,3551.0,2963.0,2559.0,0.64,3.22,13.71,-0.13,-0.1,-0.31,0.0,p
3186.0,3030.0,2900.0,4095.0,4095.0,3639.0,2967.0,2581.0,0.11,2.91,13.86,-0.01,-0.0,-0.13,0.0,p
3186.0,3030.0,2900.0,4095.0,4095.0,3639.0,2967.0,2581.0,0.11,2.91,13.86,-0.01,-0.0,-0.13,0.0,p
3190.0,3019.0,2901.0,4095.0,4095.0,3648.0,2969.0,2559.0,0.17,2.83,13.81,-0.01,-0.03,-0.15,0.0,p
3184.0,3024.0,2897.0,4095.0,4095.0,3650.0,2969.0,2559.0,0.14,2.72,13.82,-0.02,-0.02,-0.14,0.0,p
3186.0,3022.0,2901.0,4095.0,4095.0,3642.0,2964.0,2559.0,0.11,2.75,13.92,0.01,0.0,-0.18,0.0,p
3195.0,3006.0,2898.0,4095.0,4095.0,3645.0,2957.0,2559.0,0.18,2.84,13.8,0.08,-0.0,-0.17,0.0,p
3195.0,3014.0,2896.0,4095.0,4095.0,3649.0,2975.0,2559.0,-0.02,2.96,13.79,0.0,0.0,-0.15,0.0,p
3194.0,3022.0,2897.0,4095.0,4095.0,3660.0,2972.0,2559.0,0.21,2.73,13.91,0.01,-0.02,-0.16,0.0,p
3199.0,3018.0,2893.0,4095.0,4095.0,3648.0,2967.0,2559.0,0.12,2.81,13.92,-0.0,-0.0,-0.18,0.0,p
3191.0,3008.0,2910.0,4095.0,4095.0,3662.0,2969.0,2559.0,0.14,2.78,13.75,0.06,-0.04,-0.18,0.0,p
3215.0,3018.0,2901.0,4095.0,4095.0,3663.0,2972.0,2559.0,0.16,2.82,13.87,0.02,-0.05,-0.19,0.0,p
3210.0,3002.0,2895.0,4095.0,4095.0,3663.0,2969.0,2559.0,0.11,2.83,13.69,0.03,-0.03,-0.15,0.0,p
3190.0,3011.0,2889.0,4095.0,4095.0,3655.0,2965.0,2559.0,0.22,2.84,13.77,0.0,-0.03,-0.14,0.0,p
3195.0,3008.0,2898.0,4095.0,4095.0,3655.0,2962.0,2559.0,0.09,2.75,13.85,-0.0,-0.05,-0.21,0.0,p
3196.0,3012.0,2896.0,4095.0,4095.0,3652.0,2969.0,2559.0,0.04,2.88,13.75,-0.03,0.04,-0.13,0.0,p
3195.0,3019.0,2895.0,4095.0,4095.0,3664.0,2965.0,2559.0,0.09,2.69,14.03,-0.01,-0.04,-0.15,0.0,p
3174.0,3027.0,2895.0,4095.0,4095.0,3581.0,2966.0,2559.0,0.27,2.79,13.59,-0.14,0.08,-0.11,0.0,p
3131.0,3034.0,2882.0,4095.0,4095.0,3475.0,2957.0,2559.0,0.3,2.61,13.92,-0.13,0.0,-0.15,0.0,p
3126.0,3040.0,2896.0,4095.0,4095.0,3477.0,2961.0,2559.0,-0.05,2.53,14.06,-0.01,0.0,-0.19,0.0,p
3139.0,3043.0,2891.0,4095.0,4095.0,3522.0,2960.0,2559.0,0.11,2.59,13.9,0.06,-0.05,-0.18,0.0,p
3122.0,3024.0,2897.0,4095.0,4095.0,3606.0,2973.0,2582.0,0.37,1.93,14.07,-0.04,0.01,-0.13,0.0,p
3125.0,3015.0,2900.0,4095.0,4095.0,3600.0,2965.0,2583.0,0.36,1.9,13.92,0.06,0.02,-0.16,0.0,p
3120.0,3024.0,2896.0,4095.0,4095.0,3611.0,2963.0,2587.0,0.05,2.09,13.68,-0.02,-0.04,-0.23,0.0,p
3132.0,3024.0,2898.0,4095.0,4095.0,3615.0,2966.0,2585.0,0.05,2.3,13.8,-0.07,-0.06,-0.21,0.0,p
3133.0,3024.0,2899.0,4095.0,4095.0,3610.0,2967.0,2591.0,0.41,2.24,14.23,-0.15,-0.02,-0.12,0.0,p
3130.0,3031.0,2907.0,4095.0,4095.0,3612.0,2977.0,2592.0,0.48,1.7,14.52,-0.06,0.0,-0.09,0.0,p
3131.0,3029.0,2893.0,4095.0,4095.0,3610.0,2974.0,2592.0,0.3,1.34,14.45,0.02,0.02,-0.07,0.0,p
3131.0,3024.0,2892.0,4095.0,4095.0,3603.0,2971.0,2583.0,0.22,1.36,14.29,0.17,-0.02,-0.14,0.0,p
3134.0,3024.0,2903.0,4095.0,4095.0,3600.0,2971.0,2588.0,0.2,1.77,13.85,0.17,0.03,-0.14,0.0,p
3123.0,3025.0,2901.0,4095.0,4095.0,3602.0,2971.0,2585.0,0.3,2.16,13.67,0.05,-0.03,-0.2,0.0,p
3122.0,3024.0,2894.0,4095.0,4095.0,3583.0,2972.0,2585.0,0.13,2.49,13.67,-0.04,-0.0,-0.19,0.0,p
3120.0,3008.0,2896.0,4095.0,4095.0,3566.0,2960.0,2582.0,0.19,2.55,13.87,-0.1,0.04,-0.08,0.0,p
3115.0,3018.0,2901.0,4095.0,4095.0,3536.0,2966.0,2559.0,0.36,1.96,14.3,-0.12,0.04,-0.08,0.0,p
3120.0,3023.0,2892.0,4095.0,4095.0,3502.0,2966.0,2594.0,0.52,1.38,14.42,0.0,0.06,-0.09,0.0,p
3117.0,3024.0,2893.0,4095.0,4095.0,3522.0,2963.0,2587.0,0.35,1.39,14.1,0.07,-0.02,-0.17,0.0,p
3120.0,3029.0,2892.0,4095.0,4095.0,3514.0,2971.0,2585.0,0.21,1.72,13.97,0.11,-0.06,-0.24,0.0,p
3103.0,3015.0,2883.0,4095.0,4095.0,3504.0,2969.0,2586.0,0.02,1.93,13.87,0.07,-0.1,-0.24,0.0,p
3099.0,3015.0,2887.0,4095.0,4095.0,3494.0,2966.0,2559.0,0.04,2.18,14.13,0.08,-0.05,-0.17,0.0,p
3107.0,3034.0,2893.0,4095.0,4095.0,3501.0,2967.0,2585.0,0.29,2.16,14.18,0.03,-0.07,-0.22,0.0,p
3101.0,3033.0,2905.0,4095.0,4095.0,3515.0,2974.0,2586.0,0.42,2.01,14.22,0.02,-0.02,-0.18,0.0,p
2970.0,2928.0,2897.0,4095.0,4095.0,3569.0,2982.0,2691.0,4.69,1.95,12.86,-0.07,-0.09,-0.26,0.0,p
2971.0,2925.0,2896.0,4095.0,4095.0,3577.0,2981.0,2694.0,4.73,1.93,13.04,0.02,-0.03,-0.24,0.0,p
2971.0,2934.0,2887.0,4095.0,4095.0,3571.0,2989.0,2697.0,4.65,1.89,12.91,-0.01,-0.06,-0.25,0.0,p
2986.0,2928.0,2886.0,4095.0,4095.0,3571.0,2991.0,2698.0,4.69,2.0,12.9,-0.02,-0.05,-0.24,0.0,p
2974.0,2938.0,2896.0,4095.0,4095.0,3583.0,2987.0,2700.0,4.93,2.08,12.68,-0.09,-0.11,-0.29,0.0,p
2975.0,2944.0,2895.0,4095.0,4095.0,3565.0,2983.0,2698.0,4.77,1.92,12.94,-0.1,-0.11,-0.34,0.0,p
2969.0,2937.0,2895.0,4095.0,4095.0,3534.0,2983.0,2698.0,4.66,1.79,12.98,-0.05,-0.0,-0.25,0.0,p
2975.0,2931.0,2889.0,4095.0,4095.0,3536.0,2990.0,2703.0,4.72,1.72,13.06,-0.06,-0.02,-0.22,0.0,p
2971.0,2945.0,2885.0,4095.0,4095.0,3535.0,2987.0,2703.0,4.62,1.69,13.11,0.01,-0.01,-0.21,0.0,p
2972.0,2932.0,2889.0,4095.0,4095.0,3546.0,2987.0,2700.0,4.36,1.92,12.62,-0.08,0.02,-0.1,0.0,p
2983.0,2942.0,2895.0,4095.0,4095.0,3551.0,2982.0,2704.0,4.9,1.7,13.1,-0.13,0.01,-0.1,0.0,p
2975.0,2935.0,2885.0,4095.0,4095.0,3545.0,2976.0,2694.0,4.74,1.72,13.0,-0.05,0.01,-0.15,0.0,p
2976.0,2927.0,2885.0,4095.0,4095.0,3549.0,2979.0,2703.0,4.62,1.64,13.15,-0.03,-0.03,-0.17,0.0,p
2971.0,2942.0,2903.0,4095.0,4095.0,3550.0,2985.0,2704.0,4.75,1.66,12.92,0.05,0.01,-0.14,0.0,p
2971.0,2929.0,2887.0,4095.0,4095.0,3557.0,2989.0,2704.0,4.76,1.7,13.01,-0.01,-0.02,-0.17,0.0,p
2962.0,2928.0,2890.0,4095.0,4095.0,3536.0,2989.0,2709.0,4.72,1.59,13.08,-0.01,-0.04,-0.17,0.0,p
2986.0,2929.0,2894.0,4095.0,4095.0,3545.0,2988.0,2704.0,4.63,1.78,12.95,0.09,-0.01,-0.16,0.0,p
2967.0,2930.0,2893.0,4095.0,4095.0,3549.0,2992.0,2709.0,4.74,1.81,12.97,-0.03,-0.03,-0.12,0.0,p
2965.0,2928.0,2885.0,4095.0,4095.0,3540.0,2991.0,2707.0,4.83,1.65,13.01,0.07,-0.03,-0.18,0.0,p
2955.0,2934.0,2895.0,4095.0,4095.0,3509.0,2989.0,2705.0,4.85,1.77,12.96,0.01,-0.03,-0.16,0.0,p
2995.0,2921.0,2895.0,4095.0,4095.0,3724.0,3030.0,2661.0,4.89,2.55,12.75,-0.14,-0.06,-0.06,0.0,p
3014.0,2915.0,2906.0,4095.0,4095.0,3804.0,3035.0,2667.0,4.94,2.4,13.02,0.02,-0.01,-0.16,0.0,p
3010.0,2933.0,2895.0,4095.0,4095.0,3829.0,3042.0,2668.0,4.63,2.72,12.42,0.1,-0.05,-0.2,0.0,p
3010.0,2915.0,2901.0,4095.0,4095.0,3855.0,3039.0,2670.0,4.68,2.83,12.63,-0.0,-0.05,-0.15,0.0,p
3013.0,2922.0,2896.0,4095.0,4095.0,3862.0,3041.0,2683.0,4.79,2.67,12.49,-0.04,0.0,-0.1,0.0,p
3011.0,2923.0,2906.0,4095.0,4095.0,3897.0,3039.0,2672.0,5.01,2.43,12.88,0.0,0.01,-0.1,0.0,p
3010.0,2911.0,2905.0,4095.0,4095.0,3920.0,3038.0,2672.0,5.04,2.44,12.73,0.07,0.02,-0.16,0.0,p
2994.0,2915.0,2908.0,4095.0,4095.0,3953.0,3043.0,2673.0,4.95,2.61,12.68,-0.02,0.02,-0.12,0.0,p
3001.0,2910.0,2901.0,4095.0,4095.0,3984.0,3043.0,2672.0,4.87,2.5,12.7,-0.0,-0.02,-0.19,0.0,p
2994.0,2912.0,2895.0,4095.0,4095.0,3984.0,3047.0,2672.0,4.78,2.62,12.7,0.01,0.08,-0.17,0.0,p
2987.0,2914.0,2896.0,4095.0,4095.0,3947.0,3044.0,2670.0,4.75,2.58,12.76,0.04,0.01,-0.21,0.0,p
2975.0,2917.0,2894.0,4095.0,4095.0,3811.0,3029.0,2662.0,4.78,2.56,12.84,0.01,0.0,-0.18,0.0,p
2970.0,2926.0,2903.0,4095.0,4095.0,3641.0,3024.0,2672.0,4.75,2.55,12.63,0.01,-0.07,-0.15,0.0,p
2973.0,2923.0,2895.0,4095.0,4095.0,3513.0,3011.0,2666.0,4.81,2.55,12.85,0.03,-0.02,-0.17,0.0,p
2989.0,2926.0,2896.0,4095.0,4095.0,3504.0,3010.0,2672.0,4.77,2.68,12.68,0.09,-0.04,-0.18,0.0,p
2974.0,2923.0,2896.0,4095.0,4095.0,3533.0,3013.0,2668.0,4.69,2.73,12.58,0.02,0.01,-0.11,0.0,p
2971.0,2909.0,2893.0,4095.0,4095.0,3557.0,3021.0,2672.0,4.62,2.63,12.9,-0.01,0.03,-0.13,0.0,p
2985.0,2925.0,2893.0,4095.0,4095.0,3637.0,3024.0,2677.0,4.73,2.58,12.62,0.02,0.03,-0.14,0.0,p
2991.0,2912.0,2891.0,4095.0,4095.0,3677.0,3013.0,2672.0,4.82,2.63,12.85,-0.06,0.06,-0.16,0.0,p
2997.0,2918.0,2897.0,4095.0,4095.0,3719.0,3024.0,2679.0,4.73,2.62,12.67,-0.05,-0.01,-0.15,0.0,p
2985.0,2911.0,2887.0,4095.0,4095.0,3767.0,3023.0,2707.0,4.68,2.77,12.72,-0.02,0.06,-0.15,0.0,p
2999.0,2919.0,2896.0,4095.0,4095.0,3801.0,3024.0,2707.0,4.6,2.83,12.63,-0.01,0.03,-0.16,0.0,p
2992.0,2926.0,2896.0,4095.0,4095.0,3792.0,3022.0,2711.0,4.72,2.71,12.75,-0.03,-0.02,-0.16,0.0,p
3003.0,2918.0,2894.0,4095.0,4095.0,3809.0,3022.0,2710.0,4.72,2.59,12.73,-0.01,-0.03,-0.15,0.0,p
2992.0,2921.0,2881.0,4095.0,4095.0,3760.0,3010.0,2710.0,4.65,2.68,12.77,-0.04,-0.04,-0.13,0.0,p
2987.0,2919.0,2902.0,4095.0,4095.0,3663.0,3014.0,2705.0,4.87,2.6,12.76,-0.06,0.03,-0.09,0.0,p
2992.0,2913.0,2896.0,4095.0,4095.0,3648.0,3022.0,2712.0,4.97,2.5,12.92,0.12,0.1,-0.12,0.0,p
2992.0,2908.0,2893.0,4095.0,4095.0,3698.0,3019.0,2706.0,4.66,2.59,12.63,0.05,0.1,-0.16,0.0,p
3005.0,2924.0,2899.0,4095.0,4095.0,3785.0,3021.0,2709.0,4.7,2.69,12.72,-0.02,0.03,-0.26,0.0,p
3006.0,2921.0,2895.0,4095.0,4095.0,3813.0,3018.0,2706.0,4.39,2.86,12.61,-0.01,-0.04,-0.23,0.0,p
3008.0,2926.0,2890.0,4095.0,4095.0,3842.0,3027.0,2708.0,4.37,2.95,12.67,-0.08,-0.01,-0.18,0.0,p
3004.0,2923.0,2895.0,4095.0,4095.0,3852.0,3026.0,2708.0,4.48,2.54,12.99,-0.04,-0.02,-0.13,0.0,p
3017.0,2917.0,2892.0,4095.0,4095.0,3899.0,3024.0,2689.0,4.33,2.36,13.24,0.04,0.2,0.04,0.0,p
3045.0,2901.0,2896.0,4095.0,4095.0,3971.0,3024.0,2672.0,4.62,2.3,12.97,0.29,0.21,0.02,0.0,p
3053.0,2903.0,2891.0,4095.0,4095.0,3980.0,3035.0,2651.0,4.32,2.87,12.41,0.07,0.17,0.09,0.0,p
3053.0,2906.0,2886.0,4095.0,4095.0,3990.0,3020.0,2647.0,4.69,2.68,12.91,-0.01,0.02,-0.11,0.0,p
3045.0,2909.0,2880.0,4095.0,4095.0,3982.0,3003.0,2637.0,4.92,2.45,12.97,-0.09,-0.02,-0.17,0.0,p
3055.0,2902.0,2893.0,4095.0,4095.0,3997.0,3010.0,2640.0,4.09,2.59,13.3,0.05,-0.15,-0.38,0.0,p
3039.0,2908.0,2899.0,4095.0,4095.0,3999.0,3014.0,2637.0,3.86,2.69,13.0,0.01,-0.08,-0.19,0.0,p
3040.0,2903.0,2891.0,4095.0,4095.0,3987.0,3015.0,2629.0,3.98,2.81,12.74,0.09,-0.1,-0.1,0.0,p
3106.0,2915.0,2894.0,4095.0,4095.0,3716.0,2981.0,2693.0,4.58,2.1,13.05,0.05,-0.02,-0.2,0.0,p
3107.0,2912.0,2886.0,4095.0,4095.0,3705.0,2976.0,2694.0,4.67,2.6,12.87,0.05,-0.05,-0.21,0.0,p
3113.0,2896.0,2891.0,4095.0,4095.0,3687.0,2977.0,2693.0,4.61,2.73,12.53,0.04,-0.02,-0.15,0.0,p
3107.0,2906.0,2895.0,4095.0,4095.0,3679.0,2978.0,2693.0,4.61,2.7,12.71,0.02,-0.02,-0.13,0.0,p
3096.0,2903.0,2884.0,4095.0,4095.0,3680.0,2973.0,2689.0,4.76,2.4,12.88,0.06,-0.03,-0.1,0.0,p
3105.0,2901.0,2895.0,4095.0,4095.0,3685.0,2978.0,2688.0,4.86,2.52,12.63,0.01,-0.06,-0.07,0.0,p
3114.0,2914.0,2896.0,4095.0,4095.0,3691.0,2983.0,2692.0,5.16,2.52,12.4,0.0,0.06,-0.02,0.0,p
3097.0,2917.0,2883.0,4095.0,4095.0,3681.0,2974.0,2688.0,4.99,2.29,12.7,-0.04,0.05,-0.11,0.0,p
3101.0,2910.0,2896.0,4095.0,4095.0,3693.0,2982.0,2689.0,4.87,2.1,13.0,-0.04,0.01,-0.17,0.0,p
3110.0,2909.0,2889.0,4095.0,4095.0,3700.0,2981.0,2701.0,4.64,2.2,13.17,0.03,-0.02,-0.21,0.0,p
3089.0,2898.0,2884.0,4095.0,4095.0,3693.0,2970.0,2689.0,4.62,2.45,12.73,0.08,-0.04,-0.2,0.0,p
3094.0,2915.0,2887.0,4095.0,4095.0,3683.0,2983.0,2693.0,4.85,2.5,12.73,0.03,-0.02,-0.12,0.0,p
3087.0,2913.0,2891.0,4095.0,4095.0,3694.0,2992.0,2688.0,4.98,2.39,12.7,0.04,-0.02,-0.11,0.0,p
3087.0,2911.0,2896.0,4095.0,4095.0,3655.0,2980.0,2691.0,4.97,2.56,12.47,0.0,-0.02,-0.12,0.0,p
3085.0,2914.0,2885.0,4095.0,4095.0,3633.0,2978.0,2695.0,5.0,2.43,12.52,-0.12,-0.02,-0.15,0.0,p
3090.0,2907.0,2894.0,4095.0,4095.0,3638.0,2977.0,2697.0,5.02,2.34,13.0,0.03,0.05,-0.2,0.0,p
3071.0,2899.0,2890.0,4095.0,4095.0,3649.0,2986.0,2699.0,4.54,1.99,13.0,-0.05,-0.06,-0.21,0.0,p
3082.0,2909.0,2891.0,4095.0,4095.0,3636.0,2978.0,2694.0,4.73,2.44,13.09,0.13,0.0,-0.16,0.0,p
3085.0,2913.0,2898.0,4095.0,4095.0,3634.0,2983.0,2693.0,4.77,3.09,11.68,0.06,0.13,-0.07,0.0,p
3085.0,2906.0,2878.0,4095.0,4095.0,3633.0,2973.0,2694.0,4.9,2.35,12.97,-0.21,0.02,-0.16,0.0,p
3039.0,2903.0,2895.0,4095.0,4095.0,3968.0,2997.0,2723.0,4.46,2.39,13.05,0.09,-0.02,-0.28,0.0,p
3042.0,2910.0,2889.0,4095.0,4095.0,3984.0,2992.0,2721.0,3.98,2.92,12.51,0.03,0.04,-0.18,0.0,p
3053.0,2923.0,2906.0,4095.0,4095.0,3999.0,3001.0,2727.0,4.28,2.72,13.1,-0.03,-0.05,-0.26,0.0,p
3056.0,2919.0,2896.0,4095.0,4095.0,4017.0,2998.0,2730.0,4.26,2.55,12.96,0.08,-0.01,-0.2,0.0,p
3055.0,2913.0,2896.0,4095.0,4095.0,4064.0,3002.0,2723.0,4.46,2.45,13.3,-0.03,-0.09,-0.2,0.0,p
3059.0,2911.0,2890.0,4095.0,4095.0,4087.0,2999.0,2730.0,4.5,2.68,12.68,0.15,-0.02,-0.17,0.0,p
3066.0,2909.0,2899.0,4095.0,4095.0,4095.0,3005.0,2731.0,4.15,2.93,12.73,-0.02,-0.04,-0.15,0.0,p
3055.0,2925.0,2895.0,4095.0,4095.0,4079.0,2994.0,2722.0,4.29,2.99,12.46,0.06,-0.01,-0.07,0.0,p
3058.0,2918.0,2899.0,4095.0,4095.0,4091.0,3004.0,2732.0,4.92,2.9,12.47,-0.11,0.01,0.05,0.0,p
3049.0,2913.0,2893.0,4095.0,4095.0,4065.0,2998.0,2731.0,4.86,2.6,12.54,0.01,0.09,-0.08,0.0,p
3047.0,2913.0,2898.0,4095.0,4095.0,4061.0,3008.0,2727.0,4.62,2.18,13.27,-0.15,0.07,-0.15,0.0,p
3047.0,2912.0,2890.0,4095.0,4095.0,4054.0,2998.0,2723.0,4.56,1.85,13.4,-0.08,-0.11,-0.23,0.0,p
3058.0,2916.0,2901.0,4095.0,4095.0,4064.0,2996.0,2730.0,4.32,2.41,13.11,0.05,-0.07,-0.22,0.0,p
3055.0,2913.0,2898.0,4095.0,4095.0,4085.0,2990.0,2726.0,4.45,2.51,12.67,0.01,-0.04,-0.16,0.0,p
3051.0,2907.0,2891.0,4095.0,4095.0,4075.0,3003.0,2723.0,4.72,2.43,13.22,0.09,0.06,-0.1,0.0,p
3056.0,2910.0,2891.0,4095.0,4095.0,4057.0,2995.0,2727.0,4.7,2.69,12.74,0.12,-0.01,-0.15,0.0,p
3047.0,2903.0,2894.0,4095.0,4095.0,4074.0,2997.0,2727.0,4.66,2.98,12.3,0.08,-0.0,-0.14,0.0,p
3053.0,2905.0,2883.0,4095.0,4095.0,4067.0,3002.0,2730.0,4.47,2.62,12.69,-0.08,-0.06,-0.22,0.0,p
3049.0,2919.0,2897.0,4095.0,4095.0,4074.0,2998.0,2733.0,4.6,2.3,13.07,0.01,0.03,-0.14,0.0,p
3055.0,2911.0,2905.0,4095.0,4095.0,4080.0,3005.0,2736.0,4.53,2.57,12.74,-0.02,0.04,-0.11,0.0,p
3006.0,2909.0,2894.0,4095.0,4095.0,3445.0,2992.0,2741.0,4.84,2.58,12.53,0.09,0.0,-0.22,0.0,p
2989.0,2909.0,2896.0,4095.0,4095.0,3486.0,2990.0,2735.0,4.84,2.51,12.77,-0.01,-0.03,-0.21,0.0,p
3003.0,2906.0,2886.0,4095.0,4095.0,3509.0,2992.0,2733.0,4.69,2.37,12.96,0.08,-0.02,-0.21,0.0,p
3000.0,2914.0,2896.0,4095.0,4095.0,3550.0,2992.0,2736.0,4.5,2.75,12.81,0.1,-0.0,-0.16,0.0,p
2998.0,2911.0,2889.0,4095.0,4095.0,3566.0,2992.0,2736.0,4.6,2.7,12.47,0.05,0.02,-0.07,0.0,p
3007.0,2914.0,2896.0,4095.0,4095.0,3562.0,2986.0,2734.0,5.02,2.6,12.74,-0.03,0.01,-0.11,0.0,p
3001.0,2896.0,2891.0,4095.0,4095.0,3573.0,2990.0,2736.0,4.96,2.4,12.76,0.01,-0.03,-0.2,0.0,p
3007.0,2899.0,2891.0,4095.0,4095.0,3581.0,2991.0,2736.0,4.65,2.6,12.78,-0.0,-0.06,-0.21,0.0,p
2999.0,2904.0,2890.0,4095.0,4095.0,3570.0,2990.0,2733.0,4.56,2.71,12.73,0.01,-0.0,-0.14,0.0,p
3015.0,2905.0,2893.0,4095.0,4095.0,3601.0,2991.0,2736.0,4.67,2.63,12.73,-0.02,0.0,-0.09,0.0,p
3002.0,2909.0,2887.0,4095.0,4095.0,3583.0,2986.0,2736.0,4.82,2.48,12.77,0.01,0.01,-0.11,0.0,p
2999.0,2907.0,2891.0,4095.0,4095.0,3599.0,2992.0,2735.0,4.87,2.51,12.7,-0.05,-0.03,-0.15,0.0,p
2999.0,2910.0,2896.0,4095.0,4095.0,3603.0,2992.0,2736.0,4.89,2.48,12.78,-0.02,-0.01,-0.18,0.0,p
2997.0,2905.0,2894.0,4095.0,4095.0,3583.0,2993.0,2729.0,4.66,2.55,12.76,-0.01,0.0,-0.18,0.0,p
2998.0,2914.0,2898.0,4095.0,4095.0,3600.0,2991.0,2738.0,4.67,2.59,12.8,0.0,0.02,-0.15,0.0,p
2991.0,2909.0,2896.0,4095.0,4095.0,3583.0,2987.0,2736.0,4.68,2.49,12.75,-0.05,-0.03,-0.14,0.0,p
2994.0,2923.0,2888.0,4095.0,4095.0,3599.0,2989.0,2736.0,4.81,2.37,12.85,-0.01,-0.04,-0.15,0.0,p
3002.0,2913.0,2905.0,4095.0,4095.0,3583.0,2994.0,2738.0,4.83,2.38,12.71,-0.04,-0.02,-0.16,0.0,p
2993.0,2911.0,2891.0,4095.0,4095.0,3575.0,2992.0,2736.0,4.75,2.24,12.99,0.0,-0.06,-0.18,0.0,p
2989.0,2902.0,2896.0,4095.0,4095.0,3578.0,2996.0,2736.0,4.78,2.43,12.84,0.05,-0.01,-0.16,0.0,p
2993.0,2906.0,2893.0,4095.0,4095.0,3383.0,2992.0,2736.0,4.47,2.26,13.04,0.02,-0.05,-0.2,0.0,p
2988.0,2903.0,2896.0,4095.0,4095.0,3376.0,2989.0,2736.0,4.74,2.54,12.74,0.03,-0.11,-0.16,0.0,p
2989.0,2911.0,2893.0,4095.0,4095.0,3328.0,2987.0,2736.0,4.9,2.71,12.32,0.07,0.02,-0.09,0.0,p
2991.0,2913.0,2890.0,4095.0,4095.0,3291.0,2991.0,2723.0,5.08,2.69,12.54,-0.03,-0.0,-0.13,0.0,p
2983.0,2916.0,2887.0,4095.0,4095.0,3262.0,2990.0,2726.0,5.15,2.68,12.45,0.01,0.0,-0.16,0.0,p
2979.0,2903.0,2890.0,4095.0,4095.0,3265.0,2985.0,2725.0,4.97,2.42,12.87,-0.03,-0.08,-0.22,0.0,p
2994.0,2920.0,2887.0,4095.0,4095.0,3279.0,2992.0,2730.0,4.72,2.33,12.9,0.08,0.01,-0.2,0.0,p
2986.0,2910.0,2905.0,4095.0,4095.0,3283.0,2992.0,2733.0,4.64,2.61,12.68,0.1,0.01,-0.12,0.0,p
2996.0,2912.0,2893.0,4095.0,4095.0,3312.0,2996.0,2727.0,4.86,2.81,12.4,0.07,-0.01,-0.1,0.0,p
2987.0,2907.0,2882.0,4095.0,4095.0,3290.0,2981.0,2733.0,5.12,2.89,12.31,-0.02,-0.0,-0.12,0.0,p
2982.0,2910.0,2887.0,4095.0,4095.0,3306.0,2989.0,2730.0,5.23,2.58,12.55,-0.08,0.01,-0.13,0.0,p
2994.0,2921.0,2895.0,4095.0,4095.0,3317.0,2993.0,2735.0,4.94,2.6,12.62,-0.01,-0.0,-0.17,0.0,p
2990.0,2918.0,2889.0,4095.0,4095.0,3328.0,2992.0,2726.0,4.88,2.46,12.85,-0.07,-0.01,-0.13,0.0,p
2990.0,2911.0,2895.0,4095.0,4095.0,3303.0,2997.0,2715.0,5.0,2.16,13.08,0.04,-0.06,-0.18,0.0,p
2992.0,2911.0,2898.0,4095.0,4095.0,3330.0,3002.0,2699.0,4.61,2.49,12.72,0.11,0.01,-0.14,0.0,p
2991.0,2915.0,2896.0,4095.0,4095.0,3341.0,3003.0,2687.0,4.8,2.69,12.5,0.11,0.01,-0.18,0.0,p
2998.0,2912.0,2893.0,4095.0,4095.0,3357.0,3008.0,2665.0,4.93,2.76,12.54,0.08,-0.01,-0.2,0.0,p
2993.0,2925.0,2891.0,4095.0,4095.0,3370.0,3011.0,2655.0,5.04,2.78,12.41,0.06,-0.04,-0.23,0.0,p
2980.0,2915.0,2887.0,4095.0,4095.0,3357.0,3002.0,2649.0,5.35,2.56,12.65,0.03,-0.15,-0.24,0.0,p
2995.0,2919.0,2896.0,4095.0,4095.0,3373.0,2992.0,2649.0,5.04,2.47,12.84,0.01,-0.11,-0.26,0.0,p
3006.0,2906.0,2877.0,4095.0,4095.0,3633.0,2982.0,2691.0,4.89,3.0,12.61,0.01,-0.04,-0.13,0.0,p
3020.0,2906.0,2883.0,4095.0,4095.0,3632.0,2981.0,2689.0,4.91,3.05,12.36,0.03,0.05,-0.1,0.0,p
3008.0,2913.0,2879.0,4095.0,4095.0,3626.0,2985.0,2691.0,5.34,3.03,12.35,-0.09,-0.01,-0.11,0.0,p
3019.0,2920.0,2891.0,4095.0,4095.0,3611.0,2977.0,2691.0,4.81,2.89,12.73,0.0,0.04,-0.2,0.0,p
3018.0,2901.0,2892.0,4095.0,4095.0,3631.0,2991.0,2695.0,4.81,2.93,12.65,0.06,0.04,-0.2,0.0,p
3003.0,2909.0,2890.0,4095.0,4095.0,3615.0,2987.0,2697.0,4.59,3.13,12.47,-0.01,-0.02,-0.19,0.0,p
3019.0,2902.0,2878.0,4095.0,4095.0,3618.0,2986.0,2693.0,4.69,3.04,12.7,-0.02,0.0,-0.17,0.0,p
3007.0,2919.0,2887.0,4095.0,4095.0,3623.0,2991.0,2695.0,4.72,2.92,12.64,0.02,0.02,-0.15,0.0,p
3023.0,2913.0,2895.0,4095.0,4095.0,3629.0,2989.0,2699.0,4.91,2.96,12.53,0.0,0.03,-0.12,0.0,p
3020.0,2917.0,2885.0,4095.0,4095.0,3631.0,2992.0,2703.0,4.7,3.0,12.73,-0.03,-0.05,-0.18,0.0,p
3018.0,2910.0,2880.0,4095.0,4095.0,3632.0,2986.0,2694.0,4.63,2.85,12.73,-0.03,0.01,-0.13,0.0,p
3018.0,2911.0,2886.0,4095.0,4095.0,3675.0,2991.0,2704.0,4.91,3.0,12.63,-0.03,-0.02,-0.09,0.0,p
3015.0,2902.0,2887.0,4095.0,4095.0,3739.0,2987.0,2689.0,4.58,2.83,12.57,-0.1,-0.06,-0.01,0.0,p
3022.0,2909.0,2886.0,4095.0,4095.0,3846.0,2969.0,2698.0,4.84,2.77,13.02,-0.16,-0.22,-0.09,0.0,p
3015.0,2917.0,2889.0,4095.0,4095.0,3891.0,2955.0,2701.0,5.28,2.73,12.49,0.1,-0.26,-0.22,0.0,p
3009.0,2909.0,2894.0,4095.0,4095.0,3930.0,2958.0,2705.0,4.97,3.0,12.58,-0.01,-0.02,-0.17,0.0,p
3017.0,2912.0,2897.0,4095.0,4095.0,3935.0,2960.0,2708.0,5.04,2.79,12.43,0.02,0.01,-0.14,0.0,p
3024.0,2917.0,2890.0,4095.0,4095.0,3945.0,2965.0,2711.0,4.9,2.73,12.64,-0.02,0.01,-0.15,0.0,p
3009.0,2906.0,2896.0,4095.0,4095.0,3903.0,2967.0,2709.0,4.9,2.89,12.49,0.04,-0.03,-0.16,0.0,p
3015.0,2905.0,2897.0,4095.0,4095.0,3913.0,2976.0,2705.0,5.06,2.89,12.33,-0.03,-0.0,-0.09,0.0,p
2996.0,2925.0,2895.0,4095.0,4095.0,3881.0,2995.0,2750.0,4.72,2.85,12.38,-0.08,0.03,-0.23,0.0,p
2998.0,2922.0,2887.0,4095.0,4095.0,3867.0,3003.0,2738.0,4.76,2.66,12.94,-0.05,0.0,-0.24,0.0,p
2998.0,2921.0,2896.0,4095.0,4095.0,3888.0,3002.0,2742.0,4.54,2.77,12.7,-0.05,-0.05,-0.2,0.0,p
2992.0,2915.0,2885.0,4095.0,4095.0,3870.0,2996.0,2738.0,4.74,2.73,12.87,0.02,-0.01,-0.14,0.0,p
2996.0,2935.0,2874.0,4095.0,4095.0,3874.0,2997.0,2741.0,4.8,2.72,12.65,0.06,0.02,-0.12,0.0,p
2999.0,2914.0,2887.0,4095.0,4095.0,3877.0,2995.0,2741.0,5.02,2.76,12.65,0.06,0.01,-0.13,0.0,p
2997.0,2913.0,2886.0,4095.0,4095.0,3850.0,2991.0,2739.0,5.0,2.78,12.49,0.03,-0.04,-0.15,0.0,p
2992.0,2922.0,2896.0,4095.0,4095.0,3853.0,2995.0,2746.0,4.85,2.89,12.69,0.04,-0.05,-0.19,0.0,p
2992.0,2917.0,2889.0,4095.0,4095.0,3822.0,2994.0,2736.0,4.96,2.88,12.48,0.06,-0.02,-0.14,0.0,p
2999.0,2911.0,2895.0,4095.0,4095.0,3821.0,2997.0,2748.0,5.01,2.91,12.48,0.03,0.0,-0.13,0.0,p
2990.0,2918.0,2887.0,4095.0,4095.0,3794.0,2990.0,2737.0,4.95,2.85,12.44,-0.03,-0.01,-0.14,0.0,p
2992.0,2914.0,2891.0,4095.0,4095.0,3821.0,2992.0,2749.0,4.9,2.8,12.67,-0.02,-0.06,-0.19,0.0,p
2989.0,2917.0,2896.0,4095.0,4095.0,3815.0,2992.0,2742.0,4.87,2.62,12.79,0.01,-0.04,-0.16,0.0,p
2992.0,2913.0,2896.0,4095.0,4095.0,3805.0,2996.0,2747.0,4.75,2.73,12.71,0.06,-0.06,-0.13,0.0,p
2980.0,2915.0,2891.0,4095.0,4095.0,3792.0,2990.0,2742.0,4.96,2.91,12.46,0.11,0.01,-0.1,0.0,p
2994.0,2923.0,2882.0,4095.0,4095.0,3791.0,2986.0,2736.0,5.24,3.56,11.43,0.06,0.16,-0.04,0.0,p
2992.0,2915.0,2901.0,4095.0,4095.0,3777.0,2991.0,2737.0,4.77,3.79,11.71,-0.22,0.05,-0.03,0.0,p
3005.0,2915.0,2894.0,4095.0,4095.0,3783.0,2994.0,2738.0,4.81,2.62,13.09,-0.3,0.07,0.02,0.0,p
2997.0,2925.0,2887.0,4095.0,4095.0,3765.0,3003.0,2735.0,4.86,1.78,13.48,-0.09,-0.03,-0.07,0.0,p
2992.0,2915.0,2896.0,4095.0,4095.0,3774.0,2995.0,2741.0,4.72,1.84,13.01,0.0,0.07,0.12,0.0,p
2966.0,2907.0,2895.0,4095.0,4095.0,3345.0,3056.0,2754.0,3.43,5.38,12.26,0.04,-0.03,-0.2,0.0,p
2963.0,2916.0,2892.0,4095.0,4095.0,3231.0,3086.0,2757.0,3.33,5.2,11.99,0.0,-0.18,-0.21,0.0,p
2944.0,2925.0,2907.0,4095.0,4095.0,3234.0,3088.0,2752.0,3.66,5.43,12.01,0.04,-0.08,-0.22,0.0,p
2970.0,2921.0,2905.0,4095.0,4095.0,3235.0,3091.0,2755.0,3.52,5.41,11.87,0.11,-0.03,-0.22,0.0,p
2959.0,2923.0,2907.0,4095.0,4095.0,3156.0,3091.0,2743.0,3.48,5.43,11.69,0.01,-0.08,-0.29,0.0,p
2974.0,2902.0,2896.0,4095.0,4095.0,3091.0,3055.0,2721.0,3.55,5.48,11.93,0.01,-0.04,-0.29,0.0,p
2957.0,2909.0,2897.0,4095.0,4095.0,3137.0,2980.0,2672.0,3.15,5.5,11.81,0.06,-0.1,-0.28,0.0,p
2966.0,2905.0,2895.0,4095.0,4095.0,3164.0,2954.0,2647.0,3.47,5.51,11.7,-0.09,-0.09,-0.08,0.0,p
2965.0,2938.0,2898.0,4095.0,4095.0,3142.0,2918.0,2624.0,3.02,5.32,12.03,-0.07,-0.15,-0.07,0.0,p
2969.0,2907.0,2895.0,4095.0,4095.0,3152.0,2880.0,2617.0,4.54,5.13,12.1,-0.2,-0.07,-0.04,0.0,p
2960.0,2912.0,2896.0,4095.0,4095.0,3106.0,2868.0,2629.0,3.52,5.22,11.68,0.01,-0.1,-0.21,0.0,p
2974.0,2915.0,2897.0,4095.0,4095.0,3125.0,2880.0,2624.0,3.75,5.37,12.11,-0.03,-0.02,-0.11,0.0,p
2971.0,2913.0,2897.0,4095.0,4095.0,3139.0,2895.0,2643.0,3.02,5.41,11.83,0.12,0.0,-0.21,0.0,p
2973.0,2909.0,2885.0,4095.0,4095.0,3225.0,2896.0,2639.0,4.06,5.16,12.36,0.04,0.01,-0.17,0.0,p
2977.0,2917.0,2897.0,4095.0,4095.0,3568.0,2864.0,2646.0,3.67,5.49,11.74,0.14,0.02,-0.24,0.0,p
2961.0,2897.0,2896.0,4095.0,4095.0,3634.0,2880.0,2650.0,3.8,5.45,12.04,0.05,0.05,-0.21,0.0,p
2960.0,2915.0,2893.0,4095.0,4095.0,3429.0,2911.0,2650.0,3.56,5.56,11.51,0.29,0.18,-0.41,0.0,p
2961.0,2911.0,2896.0,4095.0,4095.0,3216.0,2949.0,2650.0,3.64,5.5,11.73,-0.14,-0.11,-0.21,0.0,p
2949.0,2914.0,2898.0,4095.0,4095.0,3234.0,2960.0,2651.0,3.51,5.39,12.19,0.12,-0.07,-0.28,0.0,p
2963.0,2906.0,2896.0,4095.0,4095.0,3315.0,2944.0,2647.0,3.63,5.5,11.82,0.0,0.07,-0.17,0.0,p
2966.0,2912.0,2896.0,4095.0,4095.0,3136.0,2945.0,2733.0,3.85,5.63,11.45,-0.08,0.09,0.13,0.0,p
2965.0,2915.0,2903.0,4095.0,4095.0,3163.0,2946.0,2736.0,4.24,5.51,11.72,0.11,0.21,-0.09,0.0,p
2973.0,2902.0,2897.0,4095.0,4095.0,3145.0,2946.0,2727.0,4.08,5.44,11.62,0.02,-0.07,-0.21,0.0,p
2962.0,2917.0,2886.0,4095.0,4095.0,3091.0,2949.0,2715.0,4.06,5.54,11.62,-0.02,-0.07,-0.28,0.0,p
2969.0,2907.0,2893.0,4095.0,4095.0,3044.0,2949.0,2701.0,3.9,5.45,11.72,-0.01,-0.08,-0.34,0.0,p
2962.0,2911.0,2889.0,4095.0,4095.0,3027.0,2940.0,2677.0,3.76,5.68,11.51,-0.07,-0.12,-0.32,0.0,p
2963.0,2906.0,2886.0,4095.0,4095.0,3045.0,2915.0,2654.0,3.7,5.49,11.47,-0.14,-0.17,-0.2,0.0,p
2975.0,2912.0,2887.0,4095.0,4095.0,3047.0,2922.0,2654.0,3.55,5.41,11.73,-0.13,-0.03,-0.16,0.0,p
2965.0,2919.0,2884.0,4095.0,4095.0,3045.0,2915.0,2654.0,3.96,5.15,12.25,-0.02,0.02,-0.18,0.0,p
2960.0,2907.0,2877.0,4095.0,4095.0,3088.0,2909.0,2647.0,3.77,5.41,11.61,0.11,0.02,-0.2,0.0,p
2975.0,2910.0,2889.0,4095.0,4095.0,3174.0,2903.0,2663.0,4.16,5.41,11.84,0.02,0.04,-0.16,0.0,p
2978.0,2909.0,2891.0,4095.0,4095.0,3280.0,2896.0,2669.0,3.53,5.43,11.69,0.24,0.09,-0.3,0.0,p
2985.0,2917.0,2887.0,4095.0,4095.0,3375.0,2893.0,2666.0,3.99,5.31,11.98,-0.06,-0.11,-0.24,0.0,p
2992.0,2902.0,2888.0,4095.0,4095.0,3563.0,2890.0,2672.0,3.8,5.16,12.13,0.08,-0.01,-0.28,0.0,p
3007.0,2910.0,2906.0,4095.0,4095.0,3730.0,2887.0,2672.0,3.6,5.43,12.04,0.16,0.15,-0.25,0.0,p
3022.0,2915.0,2884.0,4095.0,4095.0,3765.0,2890.0,2672.0,3.43,5.53,11.67,0.08,-0.01,-0.18,0.0,p
2992.0,2906.0,2897.0,4095.0,4095.0,3634.0,2909.0,2675.0,3.57,5.71,11.71,0.12,0.01,-0.12,0.0,p
2975.0,2903.0,2891.0,4095.0,4095.0,3376.0,2914.0,2679.0,3.68,5.71,11.53,-0.01,-0.13,-0.1,0.0,p
2965.0,2908.0,2909.0,4095.0,4095.0,3293.0,2938.0,2682.0,3.86,5.62,11.62,0.07,-0.03,-0.19,0.0,p
2960.0,2925.0,2896.0,4095.0,4095.0,3327.0,2957.0,2688.0,3.76,5.63,11.65,0.1,-0.03,-0.18,0.0,p
3003.0,2915.0,2889.0,4095.0,4095.0,3662.0,2995.0,2713.0,2.98,6.29,11.83,0.18,0.08,-0.17,0.0,p
3018.0,2901.0,2893.0,4095.0,4095.0,3843.0,2993.0,2707.0,2.78,6.4,11.07,-0.05,0.06,-0.09,0.0,p
3045.0,2909.0,2893.0,4095.0,4095.0,3966.0,2997.0,2722.0,2.89,6.35,11.78,0.07,-0.02,-0.3,0.0,p
3039.0,2906.0,2901.0,4095.0,4095.0,4049.0,2987.0,2721.0,2.88,6.33,11.33,0.06,-0.05,-0.25,0.0,p
3100.0,2912.0,2911.0,4095.0,4095.0,4095.0,2959.0,2717.0,2.45,6.54,11.27,0.06,-0.04,-0.22,0.0,p
3415.0,2907.0,2901.0,4095.0,4095.0,4095.0,2931.0,2725.0,3.15,6.41,11.37,-0.12,0.02,-0.09,0.0,p
3349.0,2896.0,2893.0,4095.0,4095.0,4095.0,2931.0,2714.0,2.57,6.32,11.54,0.0,0.0,-0.19,0.0,p
3135.0,2897.0,2899.0,4095.0,4095.0,4095.0,2945.0,2714.0,2.75,6.4,11.56,-0.06,-0.06,-0.11,0.0,p
3055.0,2906.0,2902.0,4095.0,4095.0,4095.0,2960.0,2733.0,2.73,6.34,11.48,-0.0,-0.1,-0.18,0.0,p
2998.0,2897.0,2899.0,4095.0,4095.0,3924.0,2973.0,2727.0,2.81,6.38,11.29,-0.08,-0.23,-0.02,0.0,p
2992.0,2909.0,2899.0,4095.0,4095.0,3889.0,2993.0,2736.0,2.97,6.27,11.55,0.01,-0.05,-0.12,0.0,p
2991.0,2911.0,2894.0,4095.0,4095.0,3802.0,2994.0,2736.0,2.99,6.17,11.51,-0.04,-0.08,-0.11,0.0,p
2991.0,2918.0,2896.0,4095.0,4095.0,3696.0,2999.0,2740.0,2.99,6.28,11.57,0.03,-0.05,-0.17,0.0,p
2978.0,2912.0,2897.0,4095.0,4095.0,3583.0,3002.0,2741.0,3.1,6.26,11.39,-0.03,-0.12,-0.14,0.0,p
2975.0,2930.0,2903.0,4095.0,4095.0,3494.0,3024.0,2735.0,3.15,6.24,11.46,0.0,0.0,-0.16,0.0,p
2960.0,2913.0,2896.0,4095.0,4095.0,3435.0,3025.0,2738.0,2.81,6.28,11.3,0.04,0.02,-0.2,0.0,p
2963.0,2911.0,2884.0,4095.0,4095.0,3455.0,3041.0,2748.0,3.07,6.26,11.53,-0.02,0.02,-0.13,0.0,p
2986.0,2912.0,2898.0,4095.0,4095.0,3658.0,3005.0,2743.0,3.05,6.19,11.45,0.03,0.07,-0.14,0.0,p
3011.0,2903.0,2890.0,4095.0,4095.0,4046.0,2954.0,2767.0,2.91,6.25,11.45,-0.0,0.1,-0.07,0.0,p
3013.0,2907.0,2899.0,4095.0,4095.0,4095.0,2967.0,2754.0,3.0,6.3,11.46,0.02,-0.03,-0.15,0.0,p
2978.0,2899.0,2906.0,4095.0,4095.0,3398.0,3010.0,2707.0,3.42,5.83,11.72,-0.02,0.03,-0.11,0.0,p
2978.0,2899.0,2906.0,4095.0,4095.0,3398.0,3010.0,2707.0,3.42,5.83,11.72,-0.02,0.03,-0.11,0.0,p
2992.0,2915.0,2901.0,4095.0,4095.0,3475.0,3019.0,2717.0,3.54,5.74,11.78,0.04,0.13,-0.16,0.0,p
2995.0,2901.0,2900.0,4095.0,4095.0,3558.0,3019.0,2715.0,3.12,5.85,11.67,0.02,0.09,-0.15,0.0,p
3006.0,2907.0,2909.0,4095.0,4095.0,3680.0,3022.0,2723.0,3.19,5.83,11.82,0.03,0.11,-0.15,0.0,p
3027.0,2907.0,2922.0,4095.0,4095.0,3769.0,3028.0,2726.0,2.69,5.97,11.83,0.16,0.14,-0.2,0.0,p
3039.0,2910.0,2903.0,4095.0,4095.0,3856.0,3026.0,2719.0,2.92,6.13,11.4,-0.01,0.06,-0.07,0.0,p
3040.0,2910.0,2905.0,4095.0,4095.0,3919.0,3029.0,2731.0,3.01,5.83,11.86,0.04,0.12,-0.05,0.0,p
3002.0,2899.0,2898.0,4095.0,4095.0,3775.0,3035.0,2731.0,3.33,5.69,11.95,-0.04,-0.03,-0.04,0.0,p
2982.0,2912.0,2905.0,4095.0,4095.0,3461.0,3053.0,2733.0,3.28,5.85,11.77,0.03,-0.06,-0.08,0.0,p
2983.0,2914.0,2911.0,4095.0,4095.0,3314.0,3059.0,2731.0,3.56,5.83,11.93,0.05,-0.12,-0.18,0.0,p
2977.0,2913.0,2908.0,4095.0,4095.0,3309.0,3070.0,2736.0,3.15,5.93,11.56,0.16,-0.0,-0.25,0.0,p
2965.0,2911.0,2907.0,4095.0,4095.0,3335.0,3067.0,2736.0,3.05,6.07,11.4,0.0,0.01,-0.16,0.0,p
2977.0,2914.0,2910.0,4095.0,4095.0,3385.0,3065.0,2738.0,3.1,5.97,11.68,-0.01,0.01,-0.14,0.0,p
2978.0,2923.0,2897.0,4095.0,4095.0,3437.0,3051.0,2748.0,3.41,5.79,11.81,-0.03,-0.09,-0.17,0.0,p
2969.0,2918.0,2906.0,4095.0,4095.0,3466.0,3027.0,2746.0,3.23,5.84,11.8,0.04,0.0,-0.17,0.0,p
2985.0,2912.0,2910.0,4095.0,4095.0,3535.0,3023.0,2742.0,3.29,5.9,11.63,-0.04,-0.06,-0.12,0.0,p
2978.0,2912.0,2909.0,4095.0,4095.0,3607.0,3015.0,2758.0,3.19,5.96,11.68,0.02,0.04,-0.19,0.0,p
2981.0,2906.0,2906.0,4095.0,4095.0,3673.0,3013.0,2752.0,3.16,5.94,11.6,-0.03,-0.02,-0.15,0.0,p
2978.0,2910.0,2909.0,4095.0,4095.0,3691.0,3018.0,2750.0,3.16,5.92,11.77,0.02,-0.02,-0.2,0.0,p
2971.0,2921.0,2907.0,4095.0,4095.0,3472.0,2976.0,2704.0,3.17,5.79,11.63,0.05,-0.03,-0.1,0.0,p
2975.0,2909.0,2896.0,4095.0,4095.0,3470.0,2977.0,2708.0,3.45,5.95,11.46,-0.01,0.04,-0.03,0.0,p
2970.0,2898.0,2896.0,4095.0,4095.0,3477.0,2972.0,2718.0,3.49,5.67,11.81,0.0,-0.04,-0.13,0.0,p
2975.0,2907.0,2896.0,4095.0,4095.0,3472.0,2981.0,2717.0,3.53,5.66,11.87,0.02,0.01,-0.08,0.0,p
2973.0,2923.0,2905.0,4095.0,4095.0,3475.0,2993.0,2733.0,3.55,5.64,11.52,0.04,0.03,-0.11,0.0,p
2976.0,2902.0,2894.0,4095.0,4095.0,3451.0,2992.0,2724.0,3.57,5.68,11.76,-0.0,0.0,-0.14,0.0,p
2965.0,2923.0,2891.0,4095.0,4095.0,3414.0,2992.0,2725.0,3.39,5.74,11.55,-0.01,0.08,-0.11,0.0,p
2976.0,2913.0,2907.0,4095.0,4095.0,3412.0,2992.0,2736.0,3.54,5.66,11.83,-0.05,0.08,-0.12,0.0,p
2978.0,2914.0,2903.0,4095.0,4095.0,3425.0,2994.0,2729.0,3.04,5.53,12.12,-0.01,-0.02,-0.17,0.0,p
2976.0,2910.0,2914.0,4095.0,4095.0,3440.0,2994.0,2735.0,3.24,5.6,11.98,0.02,0.01,-0.07,0.0,p
2973.0,2917.0,2903.0,4095.0,4095.0,3446.0,2993.0,2733.0,3.69,5.54,11.79,0.03,0.0,-0.15,0.0,p
2971.0,2921.0,2903.0,4095.0,4095.0,3440.0,2992.0,2723.0,3.65,5.7,11.86,-0.06,0.03,-0.13,0.0,p
2972.0,2912.0,2902.0,4095.0,4095.0,3434.0,2992.0,2723.0,3.42,5.81,11.49,0.07,0.12,-0.14,0.0,p
2969.0,2907.0,2899.0,4095.0,4095.0,3451.0,3005.0,2732.0,3.45,5.77,11.61,-0.05,0.04,-0.15,0.0,p
2988.0,2911.0,2899.0,4095.0,4095.0,3446.0,3006.0,2735.0,3.43,5.52,12.01,-0.05,-0.06,-0.22,0.0,p
2969.0,2918.0,2905.0,4095.0,4095.0,3440.0,3007.0,2737.0,3.11,5.5,12.2,0.0,-0.05,-0.22,0.0,p
2965.0,2915.0,2907.0,4095.0,4095.0,3418.0,3003.0,2731.0,3.03,5.66,11.88,0.02,-0.05,-0.14,0.0,p
2975.0,2909.0,2896.0,4095.0,4095.0,3393.0,3004.0,2735.0,3.27,5.77,11.64,-0.0,0.01,-0.05,0.0,p
2979.0,2917.0,2910.0,4095.0,4095.0,3383.0,3008.0,2743.0,3.6,5.51,11.89,-0.04,0.01,-0.1,0.0,p
2962.0,2919.0,2896.0,4095.0,4095.0,3358.0,3002.0,2733.0,3.56,5.34,12.15,-0.01,-0.07,-0.19,0.0,p
2962.0,2901.0,2906.0,4095.0,4095.0,3252.0,3061.0,2771.0,3.71,5.17,11.97,-0.01,0.01,-0.05,0.0,p
2981.0,2913.0,2903.0,4095.0,4095.0,3242.0,3061.0,2781.0,3.9,4.96,12.11,-0.02,0.02,-0.12,0.0,p
2975.0,2903.0,2903.0,4095.0,4095.0,3238.0,3056.0,2775.0,3.96,4.59,12.71,0.02,-0.04,-0.2,0.0,p
2969.0,2909.0,2893.0,4095.0,4095.0,3235.0,3055.0,2777.0,3.66,4.87,12.23,0.07,-0.09,-0.23,0.0,p
2967.0,2909.0,2896.0,4095.0,4095.0,3230.0,3055.0,2773.0,3.37,5.14,11.72,0.08,0.04,-0.16,0.0,p
2970.0,2897.0,2896.0,4095.0,4095.0,3225.0,3056.0,2775.0,3.42,4.98,12.37,-0.04,0.03,-0.07,0.0,p
2972.0,2910.0,2902.0,4095.0,4095.0,3220.0,3057.0,2780.0,3.61,4.79,12.46,0.08,0.07,-0.01,0.0,p
2961.0,2909.0,2911.0,4095.0,4095.0,3218.0,3055.0,2783.0,3.71,5.55,11.65,0.13,0.09,0.03,0.0,p
2975.0,2909.0,2901.0,4095.0,4095.0,3245.0,3057.0,2774.0,4.09,5.46,11.13,0.03,0.11,0.03,0.0,p
2983.0,2906.0,2903.0,4095.0,4095.0,3281.0,3049.0,2770.0,3.84,4.83,12.14,-0.19,0.18,-0.02,0.0,p
2975.0,2905.0,2907.0,4095.0,4095.0,3333.0,3051.0,2786.0,4.0,4.35,13.22,0.0,0.22,-0.09,0.0,p
2974.0,2917.0,2914.0,4095.0,4095.0,3311.0,3060.0,2783.0,3.41,4.69,12.58,-0.02,-0.04,-0.15,0.0,p
2966.0,2909.0,2910.0,4095.0,4095.0,3216.0,3061.0,2778.0,3.09,5.01,12.17,0.03,0.15,-0.11,0.0,p
2960.0,2901.0,2899.0,4095.0,4095.0,3184.0,3066.0,2778.0,3.51,4.9,12.48,0.05,0.13,-0.1,0.0,p
2963.0,2925.0,2907.0,4095.0,4095.0,3219.0,3065.0,2778.0,3.18,5.36,11.87,0.24,0.27,-0.27,0.0,p
2977.0,2923.0,2899.0,4095.0,4095.0,3257.0,3061.0,2785.0,3.49,5.48,11.68,-0.12,-0.11,-0.26,0.0,p
2978.0,2914.0,2907.0,4095.0,4095.0,3315.0,3025.0,2782.0,3.12,5.36,12.08,-0.1,-0.09,-0.35,0.0,p
2974.0,2912.0,2902.0,4095.0,4095.0,3367.0,3027.0,2781.0,3.08,5.56,12.09,-0.24,-0.07,-0.01,0.0,p
2983.0,2923.0,2909.0,4095.0,4095.0,3383.0,3052.0,2783.0,2.94,5.33,11.75,-0.17,0.04,-0.16,0.0,p
2965.0,2912.0,2900.0,4095.0,4095.0,3303.0,3056.0,2777.0,3.02,4.8,12.23,-0.42,-0.06,-0.16,0.0,p
2958.0,2913.0,2893.0,4095.0,4095.0,3252.0,3024.0,2752.0,4.18,4.29,12.86,-0.05,0.0,-0.2,0.0,p
2970.0,2913.0,2897.0,4095.0,4095.0,3263.0,3024.0,2749.0,3.81,4.15,12.44,-0.03,-0.06,-0.19,0.0,p
2976.0,2903.0,2897.0,4095.0,4095.0,3251.0,3024.0,2752.0,4.18,4.12,12.7,-0.01,-0.09,-0.09,0.0,p
2962.0,2912.0,2898.0,4095.0,4095.0,3229.0,3025.0,2752.0,4.4,3.96,12.59,0.09,0.02,-0.14,0.0,p
2973.0,2909.0,2906.0,4095.0,4095.0,3228.0,3027.0,2752.0,4.32,4.23,12.25,0.09,-0.01,-0.18,0.0,p
2966.0,2909.0,2896.0,4095.0,4095.0,3227.0,3026.0,2752.0,4.24,4.35,12.28,0.03,-0.01,-0.22,0.0,p
2967.0,2913.0,2891.0,4095.0,4095.0,3216.0,3024.0,2753.0,4.27,4.16,12.48,0.06,-0.05,-0.28,0.0,p
2953.0,2906.0,2897.0,4095.0,4095.0,3200.0,3024.0,2743.0,3.91,4.45,12.41,0.07,-0.04,-0.23,0.0,p
2963.0,2913.0,2906.0,4095.0,4095.0,3201.0,3024.0,2751.0,3.94,4.73,12.22,0.08,0.02,-0.14,0.0,p
2960.0,2913.0,2896.0,4095.0,4095.0,3201.0,3026.0,2751.0,3.85,4.81,11.84,0.1,0.01,-0.11,0.0,p
2961.0,2915.0,2906.0,4095.0,4095.0,3231.0,3034.0,2758.0,4.25,4.71,12.18,0.03,-0.0,-0.16,0.0,p
2969.0,2918.0,2895.0,4095.0,4095.0,3235.0,3023.0,2753.0,4.07,4.58,12.12,0.04,-0.01,-0.15,0.0,p
2967.0,2911.0,2898.0,4095.0,4095.0,3236.0,3029.0,2752.0,4.16,4.6,12.25,0.02,-0.02,-0.2,0.0,p
2957.0,2909.0,2887.0,4095.0,4095.0,3239.0,3024.0,2752.0,4.06,4.59,12.06,0.01,-0.04,-0.19,0.0,p
2960.0,2911.0,2896.0,4095.0,4095.0,3248.0,3033.0,2759.0,4.13,4.53,12.14,-0.07,-0.04,-0.14,0.0,p
2960.0,2911.0,2901.0,4095.0,4095.0,3248.0,3029.0,2757.0,4.3,4.42,12.35,-0.01,-0.03,-0.17,0.0,p
2974.0,2912.0,2899.0,4095.0,4095.0,3239.0,3026.0,2755.0,4.18,4.43,12.27,0.0,-0.07,-0.22,0.0,p
2964.0,2917.0,2896.0,4095.0,4095.0,3249.0,3031.0,2763.0,4.05,4.6,12.24,0.03,-0.07,-0.22,0.0,p
2960.0,2916.0,2901.0,4095.0,4095.0,3246.0,3024.0,2755.0,3.9,4.7,12.02,0.04,0.01,-0.16,0.0,p
2963.0,2913.0,2910.0,4095.0,4095.0,3253.0,3028.0,2755.0,4.13,4.71,12.06,-0.01,0.01,-0.14,0.0,p
2963.0,2909.0,2896.0,4095.0,4095.0,3235.0,3039.0,2763.0,4.08,4.63,12.24,-0.02,-0.05,-0.22,0.0,p
2960.0,2916.0,2898.0,4095.0,4095.0,3227.0,3030.0,2761.0,3.91,4.55,12.44,-0.01,0.0,-0.18,0.0,p
2966.0,2915.0,2900.0,4095.0,4095.0,3234.0,3033.0,2766.0,3.99,4.62,12.23,0.05,-0.0,-0.14,0.0,p
2957.0,2917.0,2899.0,4095.0,4095.0,3223.0,3035.0,2761.0,4.09,4.66,12.2,0.04,0.0,-0.12,0.0,p
2960.0,2913.0,2896.0,4095.0,4095.0,3213.0,3031.0,2764.0,4.13,4.78,11.83,0.05,-0.03,-0.16,0.0,p
2979.0,2925.0,2901.0,4095.0,4095.0,3214.0,3034.0,2768.0,4.25,4.76,11.99,0.0,-0.06,-0.19,0.0,p
2962.0,2915.0,2897.0,4095.0,4095.0,3205.0,3034.0,2762.0,4.07,4.72,12.08,-0.05,0.0,-0.14,0.0,p
2965.0,2911.0,2892.0,4095.0,4095.0,3201.0,3029.0,2768.0,4.07,4.58,12.29,-0.01,-0.06,-0.22,0.0,p
2971.0,2926.0,2899.0,4095.0,4095.0,3216.0,3031.0,2763.0,3.89,4.68,12.28,0.02,-0.03,-0.14,0.0,p
2965.0,2909.0,2903.0,4095.0,4095.0,3213.0,3030.0,2761.0,3.94,4.72,12.05,0.03,0.03,-0.01,0.0,p
2972.0,2917.0,2895.0,4095.0,4095.0,3216.0,3038.0,2768.0,4.25,4.69,11.89,-0.01,0.1,0.03,0.0,p
2962.0,2915.0,2896.0,4095.0,4095.0,3223.0,3039.0,2766.0,4.41,4.43,12.28,-0.0,0.09,-0.04,0.0,p
2960.0,2903.0,2896.0,4095.0,4095.0,3223.0,3031.0,2765.0,4.07,4.24,12.53,0.04,0.07,0.04,0.0,p
2969.0,2897.0,2897.0,4095.0,4095.0,3355.0,2960.0,2768.0,4.63,4.23,12.79,0.1,-0.09,-0.2,0.0,p
2975.0,2896.0,2896.0,4095.0,4095.0,3541.0,2940.0,2773.0,4.1,4.37,12.37,0.23,0.03,-0.29,0.0,p
2966.0,2901.0,2901.0,4095.0,4095.0,3642.0,2943.0,2753.0,3.79,4.84,11.84,0.13,0.01,-0.2,0.0,p
2951.0,2901.0,2889.0,4095.0,4095.0,3521.0,2960.0,2757.0,4.1,4.98,11.97,0.01,0.07,-0.11,0.0,p
2959.0,2896.0,2891.0,4095.0,4095.0,3375.0,2963.0,2742.0,4.1,4.68,11.92,-0.03,-0.02,-0.04,0.0,p
2963.0,2907.0,2896.0,4095.0,4095.0,3313.0,2975.0,2737.0,4.51,4.4,12.43,-0.06,-0.05,-0.07,0.0,p
2962.0,2910.0,2907.0,4095.0,4095.0,3358.0,2978.0,2736.0,4.44,4.57,12.14,0.09,0.02,-0.15,0.0,p
2986.0,2907.0,2893.0,4095.0,4095.0,3527.0,2960.0,2736.0,3.8,4.18,12.83,-0.48,-0.74,-1.57,0.0,p
2990.0,2901.0,2896.0,4095.0,4095.0,3492.0,2960.0,2736.0,0.64,4.72,13.08,-0.4,-0.25,-1.06,0.0,p
2982.0,2903.0,2880.0,4095.0,4095.0,3487.0,2961.0,2737.0,1.53,4.54,13.17,-0.37,-0.16,-0.31,0.0,p
2978.0,2914.0,2909.0,4095.0,4095.0,3490.0,2967.0,2737.0,4.64,4.09,11.94,-0.38,0.41,0.32,0.0,p
2983.0,2896.0,2895.0,4095.0,4095.0,3504.0,2960.0,2735.0,5.02,3.06,13.26,-0.38,0.38,-0.31,0.0,p
2994.0,2916.0,2897.0,4095.0,4095.0,3557.0,2963.0,2747.0,3.05,3.18,13.69,-0.23,-0.26,-0.72,0.0,p
2987.0,2912.0,2885.0,4095.0,4095.0,3603.0,2973.0,2743.0,1.05,4.16,13.65,-0.01,-0.04,-0.41,0.0,p
2989.0,2901.0,2899.0,4095.0,4095.0,3727.0,2963.0,2745.0,2.2,4.02,13.03,-0.05,-0.07,0.07,0.0,p
2996.0,2915.0,2883.0,4095.0,4095.0,3935.0,2950.0,2740.0,3.45,3.76,13.1,-0.1,0.09,0.27,0.0,p
3003.0,2902.0,2894.0,4095.0,4095.0,4063.0,2947.0,2739.0,4.16,3.24,13.22,0.06,0.02,0.08,0.0,p
2992.0,2917.0,2896.0,4095.0,4095.0,4095.0,2960.0,2739.0,3.86,3.63,13.02,0.15,-0.05,-0.11,0.0,p
2991.0,2908.0,2899.0,4095.0,4095.0,4007.0,2967.0,2751.0,3.41,3.91,12.51,0.09,-0.08,-0.12,0.0,p
2989.0,2902.0,2905.0,4095.0,4095.0,3634.0,2992.0,2753.0,3.65,3.77,12.8,0.02,-0.1,-0.15,0.0,p
2969.0,2925.0,2895.0,4095.0,4095.0,3456.0,3003.0,2755.0,3.74,3.72,12.96,0.02,-0.1,-0.16,0.0,p
2960.0,2914.0,2897.0,4095.0,4095.0,3321.0,3015.0,2754.0,3.75,3.65,12.96,0.05,-0.15,-0.24,0.0,p
2965.0,2911.0,2896.0,4095.0,4095.0,3292.0,3017.0,2754.0,3.66,3.88,12.67,0.03,-0.14,-0.28,0.0,p
2957.0,2909.0,2889.0,4095.0,4095.0,3319.0,3024.0,2753.0,3.89,3.85,12.92,0.1,-0.14,-0.35,0.0,p
2960.0,2911.0,2901.0,4095.0,4095.0,3461.0,3004.0,2763.0,3.74,3.98,12.79,0.12,-0.13,-0.38,0.0,p
2967.0,2912.0,2881.0,4095.0,4095.0,3733.0,2976.0,2763.0,3.69,4.22,12.32,0.1,-0.14,-0.36,0.0,p
2981.0,2903.0,2895.0,4095.0,4095.0,3978.0,2958.0,2756.0,3.95,4.09,12.77,0.04,-0.04,-0.24,0.0,p
3055.0,2902.0,2895.0,4095.0,4095.0,4095.0,2971.0,2778.0,4.51,3.28,12.98,-0.01,0.12,-0.18,0.0,p
3066.0,2911.0,2902.0,4095.0,4095.0,4095.0,2971.0,2768.0,3.94,3.47,12.47,-0.1,-0.1,-0.3,0.0,p
3045.0,2902.0,2896.0,4095.0,4095.0,4095.0,2992.0,2774.0,3.86,3.29,12.7,-0.22,-0.04,-0.18,0.0,p
2992.0,2917.0,2905.0,4095.0,4095.0,4036.0,2992.0,2773.0,3.87,3.01,13.29,-0.27,-0.15,-0.11,0.0,p
2982.0,2925.0,2901.0,4095.0,4095.0,3411.0,3015.0,2775.0,4.28,2.62,13.43,-0.07,-0.13,-0.06,0.0,p
2969.0,2921.0,2897.0,4095.0,4095.0,3311.0,3021.0,2775.0,4.28,2.83,13.09,0.08,-0.09,-0.15,0.0,p
2975.0,2912.0,2896.0,4095.0,4095.0,3298.0,3025.0,2774.0,4.3,3.18,12.8,0.16,-0.02,-0.14,0.0,p
2975.0,2927.0,2896.0,4095.0,4095.0,3355.0,3033.0,2779.0,4.14,3.17,12.87,0.22,0.01,-0.12,0.0,p
2975.0,2911.0,2896.0,4095.0,4095.0,3602.0,3012.0,2778.0,4.25,3.31,12.71,0.19,0.03,-0.14,0.0,p
2980.0,2914.0,2891.0,4095.0,4095.0,3808.0,3004.0,2779.0,4.0,3.39,12.73,0.13,0.05,-0.1,0.0,p
2989.0,2925.0,2901.0,4095.0,4095.0,3907.0,3010.0,2778.0,3.91,3.37,12.95,0.1,-0.0,-0.08,0.0,p
2974.0,2912.0,2896.0,4095.0,4095.0,3925.0,3008.0,2781.0,3.88,3.42,13.05,0.23,0.12,0.0,0.0,p
2977.0,2907.0,2903.0,4095.0,4095.0,3927.0,3022.0,2784.0,4.14,3.65,12.58,0.19,0.12,0.12,0.0,p
2976.0,2915.0,2903.0,4095.0,4095.0,3777.0,3025.0,2781.0,4.07,3.71,12.72,0.31,0.11,0.16,0.0,p
2981.0,2912.0,2895.0,4095.0,4095.0,3821.0,3023.0,2773.0,4.5,3.66,12.67,0.38,0.18,0.07,0.0,p
2998.0,2916.0,2894.0,4095.0,4095.0,3987.0,2993.0,2783.0,4.4,3.8,12.4,0.35,0.13,-0.09,0.0,p
3010.0,2912.0,2900.0,4095.0,4095.0,4095.0,2983.0,2783.0,4.11,3.8,12.53,0.21,0.12,-0.09,0.0,p
3017.0,2901.0,2905.0,4095.0,4095.0,4095.0,2988.0,2785.0,3.93,3.9,12.94,0.38,0.08,-0.19,0.0,p
3009.0,2915.0,2895.0,4095.0,4095.0,4095.0,2998.0,2784.0,3.72,4.27,12.26,0.26,0.13,-0.05,0.0,p
2992.0,2896.0,2897.0,4095.0,4095.0,4090.0,2999.0,2781.0,3.82,4.61,12.38,0.35,0.16,-0.1,0.0,p
2965.0,2914.0,2896.0,4095.0,4095.0,3637.0,3052.0,2790.0,4.39,3.95,12.63,-0.01,0.02,-0.18,0.0,p
2962.0,2914.0,2887.0,4095.0,4095.0,3649.0,3054.0,2790.0,3.98,3.86,12.81,0.1,-0.04,-0.27,0.0,p
2960.0,2914.0,2899.0,4095.0,4095.0,3641.0,3043.0,2785.0,4.06,4.12,12.38,0.11,0.02,-0.17,0.0,p
2967.0,2907.0,2910.0,4095.0,4095.0,3637.0,3051.0,2786.0,4.23,4.45,11.88,0.04,0.1,-0.09,0.0,p
2960.0,2913.0,2896.0,4095.0,4095.0,3632.0,3049.0,2782.0,4.37,4.06,12.45,-0.12,0.07,-0.15,0.0,p
2979.0,2915.0,2896.0,4095.0,4095.0,3647.0,3051.0,2787.0,3.94,3.89,12.79,0.01,0.04,-0.21,0.0,p
2963.0,2928.0,2899.0,4095.0,4095.0,3648.0,3049.0,2790.0,4.34,4.14,12.12,0.01,-0.01,-0.12,0.0,p
2960.0,2923.0,2909.0,4095.0,4095.0,3647.0,3041.0,2783.0,4.88,4.14,12.09,-0.24,0.05,-0.23,0.0,p
2961.0,2910.0,2897.0,4095.0,4095.0,3611.0,3043.0,2785.0,4.2,3.81,12.85,-0.18,-0.08,-0.43,0.0,p
2976.0,2915.0,2899.0,4095.0,4095.0,3598.0,3052.0,2786.0,3.17,4.11,12.63,-0.07,0.04,-0.31,0.0,p
2960.0,2918.0,2896.0,4095.0,4095.0,3571.0,3052.0,2785.0,3.43,4.03,12.73,-0.1,-0.04,-0.18,0.0,p
2971.0,2906.0,2886.0,4095.0,4095.0,3575.0,3050.0,2797.0,4.08,3.76,12.63,-0.13,-0.04,-0.16,0.0,p
2957.0,2925.0,2880.0,4095.0,4095.0,3564.0,3042.0,2794.0,4.24,3.68,12.98,-0.04,-0.02,-0.2,0.0,p
2962.0,2917.0,2898.0,4095.0,4095.0,3558.0,3050.0,2786.0,3.79,3.86,12.57,-0.1,-0.07,-0.14,0.0,p
2963.0,2917.0,2899.0,4095.0,4095.0,3539.0,3041.0,2789.0,3.87,3.81,12.96,-0.0,-0.01,-0.19,0.0,p
2967.0,2909.0,2896.0,4095.0,4095.0,3535.0,3042.0,2789.0,3.75,3.76,12.73,-0.01,-0.06,-0.15,0.0,p
2970.0,2916.0,2896.0,4095.0,4095.0,3531.0,3037.0,2794.0,4.03,3.71,12.81,-0.02,0.02,0.01,0.0,p
2989.0,2918.0,2889.0,4095.0,4095.0,3523.0,3035.0,2796.0,3.98,3.61,12.84,0.13,0.01,-0.07,0.0,p
2973.0,2912.0,2883.0,4095.0,4095.0,3477.0,3029.0,2793.0,4.34,3.79,12.52,0.0,-0.02,-0.06,0.0,p
2962.0,2910.0,2887.0,4095.0,4095.0,3472.0,3027.0,2787.0,4.31,3.81,12.43,0.07,-0.01,-0.15,0.0,p
2974.0,2910.0,2899.0,4095.0,4095.0,3555.0,3013.0,2809.0,3.98,4.4,12.85,0.21,-0.23,-0.58,0.0,p
2993.0,2897.0,2897.0,4095.0,4095.0,3568.0,3038.0,2832.0,3.81,4.32,13.2,0.78,-0.09,-0.88,0.0,p
2995.0,2913.0,2893.0,4095.0,4095.0,3583.0,3137.0,2887.0,3.05,4.97,13.03,1.52,-0.24,-1.16,0.0,p
2992.0,2907.0,2913.0,4095.0,4095.0,3583.0,3225.0,2943.0,3.37,5.97,10.78,1.78,-0.25,-1.14,0.0,p
3007.0,2906.0,2914.0,4095.0,4095.0,3578.0,3267.0,2951.0,3.1,7.51,8.97,1.06,-0.15,-0.72,0.0,p
3005.0,2911.0,2910.0,4095.0,4095.0,3568.0,3262.0,2957.0,3.26,7.73,8.8,0.01,-0.32,-0.29,0.0,p
3008.0,2910.0,2910.0,4095.0,4095.0,3583.0,3271.0,2958.0,3.17,7.21,10.49,-0.18,-0.06,-0.35,0.0,p
2999.0,2915.0,2911.0,4095.0,4095.0,3552.0,3223.0,2937.0,2.63,6.91,10.53,-0.32,-0.07,-0.11,0.0,p
2997.0,2918.0,2912.0,4095.0,4095.0,3573.0,3229.0,2945.0,3.14,6.73,11.3,-0.35,0.01,-0.0,0.0,p
2999.0,2907.0,2896.0,4095.0,4095.0,3617.0,3216.0,2935.0,2.58,6.65,11.03,-0.19,0.26,0.22,0.0,p
2982.0,2907.0,2910.0,4095.0,4095.0,3537.0,3152.0,2890.0,2.93,6.43,11.26,-0.36,0.68,0.38,0.0,p
2987.0,2898.0,2896.0,4095.0,4095.0,3449.0,2999.0,2783.0,3.25,6.24,11.34,-0.53,0.37,0.42,0.0,p
2989.0,2911.0,2895.0,4095.0,4095.0,3510.0,2961.0,2768.0,3.66,5.8,11.95,-0.48,0.02,0.25,0.0,p
2977.0,2923.0,2896.0,4095.0,4095.0,3501.0,2957.0,2755.0,3.93,5.44,12.04,-0.2,-0.25,-0.12,0.0,p
2973.0,2902.0,2896.0,4095.0,4095.0,3494.0,2954.0,2743.0,3.5,5.69,11.79,-0.13,-0.13,-0.18,0.0,p
2974.0,2919.0,2897.0,4095.0,4095.0,3500.0,2969.0,2750.0,3.64,5.75,11.58,-0.01,-0.11,-0.23,0.0,p
2961.0,2910.0,2883.0,4095.0,4095.0,3437.0,2965.0,2738.0,3.09,5.83,11.7,-0.08,0.08,-0.07,0.0,p
2965.0,2912.0,2896.0,4095.0,4095.0,3428.0,2971.0,2732.0,3.44,5.77,11.62,-0.06,-0.03,-0.09,0.0,p
2959.0,2918.0,2898.0,4095.0,4095.0,3398.0,2961.0,2708.0,3.35,5.73,11.84,-0.17,0.03,0.04,0.0,p
2967.0,2918.0,2896.0,4095.0,4095.0,3397.0,2959.0,2694.0,3.69,5.43,11.85,-0.14,0.0,-0.14,0.0,p
2971.0,2988.0,2896.0,4095.0,4095.0,3376.0,3066.0,2854.0,5.16,0.14,13.04,-0.04,-0.02,-0.16,0.0,p
2965.0,2978.0,2894.0,4095.0,4095.0,3359.0,3056.0,2849.0,5.07,0.06,13.1,0.05,-0.01,-0.2,0.0,p
2955.0,2978.0,2883.0,4095.0,4095.0,3365.0,3056.0,2854.0,4.81,0.21,12.97,0.0,-0.04,-0.19,0.0,p
2960.0,2970.0,2896.0,4095.0,4095.0,3353.0,3054.0,2847.0,5.06,0.21,13.0,0.02,-0.0,-0.16,0.0,p
2972.0,2969.0,2885.0,4095.0,4095.0,3367.0,3067.0,2854.0,5.21,0.34,12.77,0.01,0.0,-0.17,0.0,p
2965.0,2962.0,2885.0,4095.0,4095.0,3373.0,3061.0,2855.0,5.17,0.33,12.77,-0.01,-0.0,-0.23,0.0,p
2965.0,2979.0,2895.0,4095.0,4095.0,3367.0,3056.0,2854.0,4.95,0.24,12.98,-0.11,0.01,-0.23,0.0,p
2967.0,2961.0,2897.0,4095.0,4095.0,3362.0,3059.0,2859.0,4.92,0.12,12.93,-0.07,-0.01,-0.22,0.0,p
2963.0,2987.0,2886.0,4095.0,4095.0,3335.0,3059.0,2854.0,5.06,0.04,13.01,-0.1,0.03,-0.17,0.0,p
2960.0,2973.0,2883.0,4095.0,4095.0,3290.0,3055.0,2851.0,5.14,-0.27,13.11,-0.05,0.02,-0.18,0.0,p
2961.0,2983.0,2897.0,4095.0,4095.0,3254.0,3071.0,2851.0,5.0,-0.14,12.94,-0.05,0.02,-0.18,0.0,p
2961.0,2979.0,2883.0,4095.0,4095.0,3261.0,3053.0,2854.0,5.03,0.0,13.01,0.0,0.05,-0.19,0.0,p
2973.0,2973.0,2885.0,4095.0,4095.0,3269.0,3053.0,2854.0,5.02,-0.04,13.09,-0.01,0.07,-0.2,0.0,p
2967.0,2976.0,2889.0,4095.0,4095.0,3274.0,3057.0,2853.0,4.84,0.2,12.94,-0.02,0.05,-0.17,0.0,p
2963.0,2973.0,2895.0,4095.0,4095.0,3278.0,3056.0,2853.0,4.78,0.12,13.14,-0.04,0.08,-0.16,0.0,p
2975.0,2979.0,2887.0,4095.0,4095.0,3287.0,3055.0,2854.0,4.62,-0.08,13.26,-0.02,0.03,-0.17,0.0,p
2962.0,2961.0,2890.0,4095.0,4095.0,3282.0,3059.0,2851.0,4.75,-0.01,13.19,0.0,0.01,-0.17,0.0,p
2967.0,2977.0,2882.0,4095.0,4095.0,3296.0,3056.0,2858.0,4.74,0.04,13.08,0.04,0.02,-0.13,0.0,p
2970.0,2975.0,2896.0,4095.0,4095.0,3271.0,3058.0,2859.0,4.77,0.02,13.04,-0.05,-0.04,-0.08,0.0,p
2956.0,2971.0,2893.0,4095.0,4095.0,3228.0,3053.0,2853.0,4.98,-0.21,13.23,-0.02,-0.02,-0.13,0.0,p
2966.0,2973.0,2896.0,4095.0,4095.0,3468.0,3069.0,2863.0,4.64,-0.13,12.94,0.01,0.04,-0.13,0.0,p
2959.0,2967.0,2896.0,4095.0,4095.0,3461.0,3063.0,2861.0,5.05,-0.07,12.98,-0.04,0.08,-0.11,0.0,p
2959.0,2976.0,2890.0,4095.0,4095.0,3458.0,3069.0,2861.0,4.72,-0.11,13.11,-0.03,-0.01,-0.15,0.0,p
2973.0,2966.0,2896.0,4095.0,4095.0,3452.0,3079.0,2865.0,4.88,-0.28,13.21,0.01,0.06,-0.1,0.0,p
2960.0,2967.0,2889.0,4095.0,4095.0,3450.0,3069.0,2854.0,4.85,-0.16,13.02,0.05,-0.02,-0.12,0.0,p
2975.0,2958.0,2893.0,4095.0,4095.0,3482.0,3063.0,2851.0,4.78,-0.09,12.86,0.0,0.01,-0.06,0.0,p
2962.0,2957.0,2895.0,4095.0,4095.0,3506.0,3056.0,2817.0,4.59,0.01,12.49,-0.27,0.04,0.1,0.0,p
2960.0,2969.0,2896.0,4095.0,4095.0,3536.0,3066.0,2806.0,5.26,-0.69,13.72,-0.08,0.21,0.22,0.0,p
2975.0,2960.0,2895.0,4095.0,4095.0,3559.0,3067.0,2800.0,5.18,-0.82,13.43,0.16,-0.18,-0.26,0.0,p
2982.0,2941.0,2883.0,4095.0,4095.0,3695.0,3069.0,2800.0,4.75,-0.32,13.48,0.67,0.14,-0.57,0.0,p
2976.0,2943.0,2897.0,4095.0,4095.0,3939.0,3087.0,2805.0,4.56,0.48,13.11,0.89,0.06,-0.69,0.0,p
2993.0,2935.0,2893.0,4095.0,4095.0,4095.0,3094.0,2819.0,4.06,1.1,12.94,0.77,-0.02,-0.65,0.0,p
2992.0,2927.0,2887.0,4095.0,4095.0,4095.0,3087.0,2811.0,4.7,1.17,12.88,0.28,-0.12,-0.5,0.0,p
3012.0,2931.0,2884.0,4095.0,4095.0,4095.0,3088.0,2815.0,4.37,1.38,12.72,0.22,0.03,-0.21,0.0,p
3047.0,2928.0,2893.0,4095.0,4095.0,4095.0,3093.0,2814.0,4.1,1.64,12.93,-0.01,0.02,-0.01,0.0,p
3040.0,2914.0,2889.0,4095.0,4095.0,4095.0,3094.0,2815.0,4.68,1.3,13.11,-0.18,0.04,0.0,0.0,p
3034.0,2926.0,2893.0,4095.0,4095.0,4095.0,3088.0,2818.0,4.5,1.22,12.82,-0.33,0.03,0.07,0.0,p
3013.0,2914.0,2901.0,4095.0,4095.0,4095.0,3083.0,2825.0,4.57,0.89,13.28,-0.45,0.01,0.13,0.0,p
2995.0,2919.0,2892.0,4095.0,4095.0,4092.0,3083.0,2826.0,4.47,0.64,13.4,-0.25,-0.13,0.13,0.0,p
2987.0,2928.0,2896.0,4095.0,4095.0,3975.0,3071.0,2832.0,5.02,0.27,13.53,-0.08,0.05,0.02,0.0,p
2982.0,2927.0,2883.0,4095.0,4095.0,3469.0,3015.0,2837.0,4.38,0.06,13.01,-0.47,-0.11,0.04,0.0,p
2965.0,2927.0,2879.0,4095.0,4095.0,3441.0,3008.0,2843.0,4.8,-0.33,13.51,-0.39,-0.0,0.05,0.0,p
2987.0,2928.0,2896.0,4095.0,4095.0,3470.0,3019.0,2847.0,4.92,-0.74,14.01,0.05,-0.06,-0.26,0.0,p
2981.0,2920.0,2887.0,4095.0,4095.0,3599.0,3014.0,2836.0,5.04,-0.55,13.81,0.9,0.1,-0.56,0.0,p
2993.0,2927.0,2891.0,4095.0,4095.0,3781.0,3034.0,2843.0,3.93,0.53,12.5,0.76,-0.05,-0.44,0.0,p
2995.0,2906.0,2895.0,4095.0,4095.0,3891.0,3041.0,2839.0,4.61,0.99,12.79,0.29,0.07,-0.13,0.0,p
3008.0,2934.0,2891.0,4095.0,4095.0,4095.0,3040.0,2839.0,4.65,0.66,12.9,0.1,0.02,-0.14,0.0,p
3035.0,2927.0,2886.0,4095.0,4095.0,4095.0,3047.0,2845.0,4.7,0.59,13.42,0.17,0.07,-0.27,0.0,p
3035.0,2911.0,2879.0,4095.0,4095.0,4095.0,3049.0,2842.0,4.61,0.83,13.2,0.29,0.01,-0.3,0.0,p
3026.0,2913.0,2888.0,4095.0,4095.0,4095.0,3047.0,2839.0,4.16,1.18,12.82,-0.09,0.03,-0.12,0.0,p
3024.0,2918.0,2889.0,4095.0,4095.0,4095.0,3044.0,2847.0,4.63,0.94,13.26,-0.21,-0.03,-0.07,0.0,p
3034.0,2919.0,2890.0,4095.0,4095.0,4095.0,3047.0,2845.0,4.47,0.67,12.93,-0.36,-0.15,-0.0,0.0,p
3012.0,2924.0,2896.0,4095.0,4095.0,4095.0,3053.0,2851.0,4.71,0.5,13.56,-0.11,0.03,-0.12,0.0,p
3014.0,2912.0,2897.0,4095.0,4095.0,4095.0,3046.0,2847.0,4.09,0.54,12.84,-0.2,-0.03,0.02,0.0,p
3009.0,2921.0,2887.0,4095.0,4095.0,4085.0,3047.0,2847.0,4.61,0.58,12.64,-0.65,-0.09,0.44,0.0,p
2995.0,2914.0,2890.0,4095.0,4095.0,4031.0,3044.0,2851.0,4.62,-0.21,13.63,-0.53,-0.05,0.11,0.0,p
3007.0,2909.0,2892.0,4095.0,4095.0,3971.0,3050.0,2857.0,4.83,-0.74,13.14,-0.42,-0.14,0.01,0.0,p
3008.0,2906.0,2882.0,4095.0,4095.0,4001.0,3041.0,2850.0,4.81,-0.74,13.56,-0.15,-0.04,-0.21,0.0,p
3003.0,2918.0,2887.0,4095.0,4095.0,4026.0,3038.0,2855.0,5.06,-0.82,13.52,0.07,0.04,-0.27,0.0,p
2999.0,2922.0,2883.0,4095.0,4095.0,4018.0,3053.0,2857.0,4.74,-0.41,14.05,0.87,0.16,-0.66,0.0,p
2990.0,2918.0,2897.0,4095.0,4095.0,3998.0,3039.0,2821.0,4.63,0.27,13.1,0.11,-0.01,-0.16,0.0,p
2985.0,2925.0,2896.0,4095.0,4095.0,4063.0,3050.0,2832.0,4.81,0.46,13.11,0.09,0.02,-0.18,0.0,p
2992.0,2927.0,2909.0,4095.0,4095.0,4035.0,3056.0,2835.0,4.41,0.6,12.66,-0.17,-0.05,0.05,0.0,p
2985.0,2929.0,2899.0,4095.0,4095.0,4046.0,3053.0,2840.0,4.74,0.13,13.52,-0.08,-0.0,-0.13,0.0,p
2992.0,2919.0,2887.0,4095.0,4095.0,4034.0,3050.0,2835.0,4.85,0.13,12.7,-0.31,0.1,-0.05,0.0,p
2983.0,2922.0,2898.0,4095.0,4095.0,4003.0,3041.0,2833.0,4.77,-0.12,13.95,-0.26,0.02,-0.11,0.0,p
2987.0,2919.0,2896.0,4095.0,4095.0,4028.0,3053.0,2838.0,4.17,-0.21,13.14,0.08,0.09,-0.1,0.0,p
2983.0,2913.0,2887.0,4095.0,4095.0,3988.0,3056.0,2839.0,4.56,-0.11,13.48,-0.04,-0.04,-0.11,0.0,p
2974.0,2926.0,2885.0,4095.0,4095.0,3965.0,3053.0,2840.0,4.57,-0.11,13.13,0.19,-0.05,-0.18,0.0,p
2978.0,2927.0,2885.0,4095.0,4095.0,3904.0,3055.0,2842.0,4.78,0.11,13.1,0.0,-0.1,-0.16,0.0,p
2981.0,2922.0,2899.0,4095.0,4095.0,3875.0,3049.0,2851.0,5.04,-0.06,13.29,0.1,-0.11,-0.28,0.0,p
2973.0,2916.0,2893.0,4095.0,4095.0,3849.0,3051.0,2843.0,4.59,0.15,12.93,0.05,0.12,-0.25,0.0,p
2987.0,2912.0,2882.0,4095.0,4095.0,3830.0,3044.0,2842.0,4.41,0.12,13.27,-0.13,0.13,-0.07,0.0,p
2975.0,2914.0,2896.0,4095.0,4095.0,3857.0,3056.0,2845.0,4.38,-0.07,13.37,-0.06,0.08,-0.12,0.0,p
2988.0,2927.0,2890.0,4095.0,4095.0,3844.0,3056.0,2846.0,4.41,-0.16,13.22,-0.09,0.0,-0.09,0.0,p
2983.0,2913.0,2899.0,4095.0,4095.0,3849.0,3056.0,2839.0,4.56,-0.17,13.6,0.01,-0.03,-0.15,0.0,p
2973.0,2914.0,2880.0,4095.0,4095.0,3830.0,3055.0,2845.0,4.19,0.03,12.85,0.01,-0.02,-0.12,0.0,p
2990.0,2923.0,2896.0,4095.0,4095.0,3843.0,3060.0,2850.0,4.56,0.6,13.05,-0.2,-0.08,-0.0,0.0,p
2995.0,2914.0,2897.0,4095.0,4095.0,3846.0,3071.0,2849.0,3.72,0.19,12.9,-0.44,-0.13,0.1,0.0,p
2971.0,2922.0,2884.0,4095.0,4095.0,3819.0,3062.0,2847.0,4.18,-0.6,13.34,-0.48,-0.04,0.39,0.0,p
2977.0,2960.0,2893.0,4095.0,4095.0,3068.0,3020.0,2890.0,4.99,-0.49,13.07,-0.05,-0.14,-0.3,0.0,p
2977.0,2960.0,2893.0,4095.0,4095.0,3068.0,3020.0,2890.0,4.99,-0.49,13.07,-0.05,-0.14,-0.3,0.0,p
2960.0,2951.0,2896.0,4095.0,4095.0,3104.0,3024.0,2889.0,4.55,-0.61,12.93,0.12,0.03,-0.18,0.0,p
2963.0,2970.0,2905.0,4095.0,4095.0,3119.0,3028.0,2894.0,4.83,-0.76,12.97,-0.05,0.01,-0.11,0.0,p
2965.0,2957.0,2883.0,4095.0,4095.0,3117.0,3031.0,2896.0,5.06,-0.78,12.95,-0.05,0.09,-0.02,0.0,p
2966.0,2953.0,2893.0,4095.0,4095.0,3119.0,3029.0,2897.0,4.97,-1.03,12.95,-0.08,-0.06,-0.15,0.0,p
2964.0,2950.0,2887.0,4095.0,4095.0,3123.0,3026.0,2895.0,4.85,-1.15,13.29,-0.11,-0.02,-0.19,0.0,p
2959.0,2965.0,2891.0,4095.0,4095.0,3130.0,3027.0,2897.0,4.56,-0.92,12.93,0.04,0.01,-0.17,0.0,p
2963.0,2963.0,2889.0,4095.0,4095.0,3123.0,3024.0,2897.0,4.77,-0.8,12.82,-0.05,0.02,-0.03,0.0,p
2962.0,2941.0,2883.0,4095.0,4095.0,3119.0,3025.0,2896.0,4.97,-1.19,13.09,-0.11,0.04,-0.14,0.0,p
2960.0,2946.0,2897.0,4095.0,4095.0,3121.0,3031.0,2896.0,4.92,-1.13,13.24,0.03,-0.01,-0.21,0.0,p
2974.0,2951.0,2894.0,4095.0,4095.0,3134.0,3019.0,2897.0,4.81,-1.0,13.06,0.13,-0.07,-0.24,0.0,p
2961.0,2951.0,2891.0,4095.0,4095.0,3135.0,3024.0,2886.0,4.91,-0.83,12.85,0.16,-0.05,-0.24,0.0,p
2964.0,2945.0,2891.0,4095.0,4095.0,3136.0,3027.0,2891.0,4.88,-0.78,12.85,0.0,0.03,-0.13,0.0,p
2980.0,2944.0,2894.0,4095.0,4095.0,3142.0,3024.0,2894.0,4.85,-0.78,13.04,0.01,-0.03,-0.18,0.0,p
2961.0,2931.0,2896.0,4095.0,4095.0,3141.0,3025.0,2895.0,4.64,-1.05,13.02,-0.02,0.06,-0.15,0.0,p
2965.0,2960.0,2889.0,4095.0,4095.0,3151.0,3031.0,2896.0,4.94,-0.77,13.07,0.06,0.07,-0.12,0.0,p
2958.0,2953.0,2894.0,4095.0,4095.0,3142.0,3026.0,2895.0,4.86,-0.84,12.79,-0.04,-0.04,-0.16,0.0,p
2962.0,2957.0,2879.0,4095.0,4095.0,3145.0,3024.0,2895.0,4.9,-1.01,13.35,0.04,-0.0,-0.19,0.0,p
2972.0,2944.0,2887.0,4095.0,4095.0,3143.0,3035.0,2890.0,4.87,-0.75,12.75,0.04,-0.01,-0.18,0.0,p
2973.0,2935.0,2892.0,4095.0,4095.0,3265.0,3071.0,2913.0,5.15,-0.83,13.01,0.04,0.02,-0.12,0.0,p
2970.0,2928.0,2892.0,4095.0,4095.0,3260.0,3067.0,2910.0,5.27,-0.99,13.08,0.03,-0.02,-0.18,0.0,p
2971.0,2937.0,2887.0,4095.0,4095.0,3258.0,3071.0,2915.0,5.27,-0.65,13.03,0.11,0.0,-0.23,0.0,p
2969.0,2947.0,2896.0,4095.0,4095.0,3246.0,3071.0,2910.0,5.15,-0.06,12.47,0.1,0.05,-0.2,0.0,p
2959.0,2938.0,2894.0,4095.0,4095.0,3245.0,3071.0,2917.0,4.95,-0.08,12.68,-0.08,0.04,-0.18,0.0,p
2967.0,2934.0,2887.0,4095.0,4095.0,3237.0,3061.0,2919.0,4.98,-0.49,12.99,-0.06,0.01,-0.19,0.0,p
2966.0,2938.0,2890.0,4095.0,4095.0,3235.0,3081.0,2918.0,5.03,-0.6,13.08,-0.01,0.03,-0.16,0.0,p
2964.0,2955.0,2893.0,4095.0,4095.0,3245.0,3069.0,2922.0,5.06,-0.59,12.93,-0.03,-0.01,-0.14,0.0,p
2973.0,2945.0,2891.0,4095.0,4095.0,3234.0,3071.0,2918.0,5.12,-0.53,12.92,0.03,-0.01,-0.15,0.0,p
2960.0,2935.0,2893.0,4095.0,4095.0,3232.0,3071.0,2919.0,5.22,-0.46,12.74,0.02,0.01,-0.12,0.0,p
2967.0,2941.0,2898.0,4095.0,4095.0,3239.0,3087.0,2919.0,5.25,-0.55,12.84,0.0,-0.08,-0.2,0.0,p
2974.0,2937.0,2894.0,4095.0,4095.0,3229.0,3071.0,2915.0,5.14,-0.66,13.0,0.06,-0.03,-0.22,0.0,p
2971.0,2933.0,2884.0,4095.0,4095.0,3231.0,3081.0,2919.0,5.25,-0.64,12.94,0.01,-0.04,-0.18,0.0,p
2960.0,2937.0,2885.0,4095.0,4095.0,3230.0,3071.0,2913.0,5.12,-0.42,12.9,0.14,-0.03,-0.18,0.0,p
2974.0,2931.0,2896.0,4095.0,4095.0,3222.0,3081.0,2918.0,5.21,-0.29,12.67,0.01,-0.02,-0.15,0.0,p
2973.0,2941.0,2896.0,4095.0,4095.0,3223.0,3071.0,2925.0,5.29,-0.3,12.77,0.02,-0.03,-0.19,0.0,p
2964.0,2943.0,2896.0,4095.0,4095.0,3222.0,3069.0,2914.0,5.07,-0.39,12.69,-0.08,-0.03,-0.11,0.0,p
2967.0,2946.0,2887.0,4095.0,4095.0,3229.0,3071.0,2916.0,5.11,-0.51,13.09,-0.08,0.05,-0.09,0.0,p
2987.0,2947.0,2891.0,4095.0,4095.0,3229.0,3085.0,2921.0,5.13,-0.63,12.89,0.01,0.04,-0.04,0.0,p
2955.0,2924.0,2891.0,4095.0,4095.0,3232.0,3071.0,2916.0,5.2,-0.6,12.96,0.03,0.02,-0.08,0.0,p
2970.0,2928.0,2899.0,4095.0,4095.0,3376.0,3036.0,2833.0,5.16,-0.44,13.0,-0.16,-0.14,-0.05,0.0,p
2974.0,2927.0,2885.0,4095.0,4095.0,3363.0,3031.0,2824.0,5.22,-0.58,13.08,-0.01,-0.03,-0.19,0.0,p
2972.0,2929.0,2880.0,4095.0,4095.0,3405.0,3034.0,2823.0,5.2,-0.38,12.94,0.11,-0.05,-0.18,0.0,p
2980.0,2923.0,2881.0,4095.0,4095.0,3423.0,3043.0,2829.0,5.27,-0.4,12.63,0.12,-0.04,-0.22,0.0,p
2976.0,2927.0,2896.0,4095.0,4095.0,3453.0,3047.0,2831.0,5.2,-0.57,13.09,0.05,0.04,-0.17,0.0,p
2963.0,2921.0,2886.0,4095.0,4095.0,3437.0,3047.0,2825.0,5.49,-0.74,13.52,0.22,0.11,-0.31,0.0,p
2976.0,2925.0,2895.0,4095.0,4095.0,3441.0,3045.0,2821.0,5.51,-0.47,13.23,0.41,0.08,-0.48,0.0,p
2982.0,2926.0,2880.0,4095.0,4095.0,3431.0,3055.0,2827.0,5.27,0.17,12.83,0.63,-0.0,-0.59,0.0,p
2976.0,2928.0,2883.0,4095.0,4095.0,3423.0,3053.0,2821.0,4.84,0.91,12.46,0.63,-0.07,-0.54,0.0,p
2973.0,2928.0,2880.0,4095.0,4095.0,3426.0,3045.0,2818.0,4.59,1.44,12.13,0.17,-0.05,-0.25,0.0,p
2967.0,2922.0,2885.0,4095.0,4095.0,3423.0,3043.0,2815.0,4.95,1.17,12.83,-0.08,-0.01,-0.09,0.0,p
2971.0,2927.0,2886.0,4095.0,4095.0,3332.0,3055.0,2819.0,4.64,0.89,12.43,-0.36,-0.1,0.2,0.0,p
2972.0,2925.0,2882.0,4095.0,4095.0,3310.0,3042.0,2821.0,5.03,0.47,13.07,-0.68,0.14,0.3,0.0,p
2963.0,2943.0,2891.0,4095.0,4095.0,3311.0,3047.0,2827.0,5.95,-0.7,13.74,-0.1,-0.13,-0.07,0.0,p
2975.0,2928.0,2894.0,4095.0,4095.0,3349.0,3049.0,2830.0,4.74,0.11,12.67,0.12,0.02,-0.06,0.0,p
2965.0,2928.0,2881.0,4095.0,4095.0,3438.0,3055.0,2832.0,5.48,0.23,12.99,-0.22,0.07,0.02,0.0,p
2992.0,2927.0,2880.0,4095.0,4095.0,3615.0,3047.0,2825.0,5.1,-0.02,12.83,0.15,0.0,-0.06,0.0,p
2981.0,2924.0,2887.0,4095.0,4095.0,3778.0,3049.0,2828.0,5.09,-0.11,12.97,-0.13,0.02,-0.14,0.0,p
2992.0,2928.0,2895.0,4095.0,4095.0,3918.0,3063.0,2837.0,5.31,-0.11,13.18,0.13,-0.02,-0.15,0.0,p
2986.0,2927.0,2881.0,4095.0,4095.0,3969.0,3065.0,2831.0,4.96,0.02,12.7,0.05,-0.1,-0.18,0.0,p
2960.0,2939.0,2896.0,4095.0,4095.0,3598.0,3115.0,2894.0,5.69,-0.15,12.81,0.07,-0.15,-0.34,0.0,p
2966.0,2929.0,2880.0,4095.0,4095.0,3567.0,3108.0,2896.0,5.39,-0.0,12.36,-0.02,-0.18,-0.37,0.0,p
2951.0,2928.0,2896.0,4095.0,4095.0,3568.0,3113.0,2898.0,5.59,0.15,12.71,-0.04,0.11,-0.06,0.0,p
2970.0,2927.0,2885.0,4095.0,4095.0,3568.0,3110.0,2896.0,5.54,-0.19,12.81,0.07,0.07,-0.18,0.0,p
2966.0,2928.0,2896.0,4095.0,4095.0,3575.0,3115.0,2898.0,5.49,-0.06,12.56,0.05,0.2,-0.05,0.0,p
2955.0,2928.0,2886.0,4095.0,4095.0,3571.0,3106.0,2898.0,5.41,0.03,12.73,-0.12,0.04,-0.16,0.0,p
2977.0,2938.0,2897.0,4095.0,4095.0,3568.0,3117.0,2891.0,5.3,0.02,12.57,-0.09,0.11,0.03,0.0,p
2982.0,2927.0,2889.0,4095.0,4095.0,3557.0,3109.0,2892.0,5.17,0.03,12.92,-0.04,0.04,-0.01,0.0,p
2953.0,2927.0,2879.0,4095.0,4095.0,3556.0,3106.0,2891.0,5.52,-0.51,12.84,0.04,-0.02,-0.08,0.0,p
2960.0,2934.0,2881.0,4095.0,4095.0,3557.0,3118.0,2895.0,5.45,-0.31,12.92,0.04,-0.08,-0.13,0.0,p
2960.0,2933.0,2883.0,4095.0,4095.0,3550.0,3119.0,2897.0,5.48,-0.31,12.73,0.03,-0.08,-0.2,0.0,p
2955.0,2931.0,2879.0,4095.0,4095.0,3550.0,3122.0,2900.0,5.58,-0.26,12.95,0.06,-0.02,-0.22,0.0,p
2963.0,2928.0,2896.0,4095.0,4095.0,3571.0,3120.0,2902.0,5.39,-0.04,12.64,0.12,-0.01,-0.16,0.0,p
2962.0,2925.0,2891.0,4095.0,4095.0,3573.0,3118.0,2897.0,5.32,-0.01,12.75,0.08,0.11,-0.16,0.0,p
2963.0,2927.0,2897.0,4095.0,4095.0,3605.0,3120.0,2897.0,5.34,-0.04,12.75,0.11,0.08,-0.2,0.0,p
2963.0,2928.0,2900.0,4095.0,4095.0,3639.0,3120.0,2901.0,5.28,0.16,12.43,-0.03,0.09,-0.12,0.0,p
2971.0,2928.0,2886.0,4095.0,4095.0,3664.0,3120.0,2895.0,5.36,-0.08,12.8,-0.17,0.0,-0.16,0.0,p
2971.0,2933.0,2896.0,4095.0,4095.0,3695.0,3117.0,2896.0,5.35,-0.35,13.01,-0.03,0.16,-0.1,0.0,p
2958.0,2928.0,2893.0,4095.0,4095.0,3693.0,3120.0,2891.0,5.03,-0.25,13.09,0.01,-0.01,-0.22,0.0,p
2972.0,2923.0,2887.0,4095.0,4095.0,3689.0,3115.0,2893.0,4.9,-0.02,12.68,0.0,-0.03,-0.12,0.0,p
2962.0,2925.0,2891.0,4095.0,4095.0,3573.0,3118.0,2897.0,5.32,-0.01,12.75,0.08,0.11,-0.16,0.0,p
2960.0,2935.0,2895.0,4095.0,4095.0,2601.0,2863.0,2735.0,1.13,-1.25,13.99,0.05,-0.04,-0.17,0.0,q
2960.0,2935.0,2895.0,4095.0,4095.0,2601.0,2863.0,2735.0,1.13,-1.25,13.99,0.05,-0.04,-0.17,0.0,q
2975.0,2930.0,2893.0,4095.0,4095.0,2602.0,2861.0,2740.0,1.09,-1.17,14.01,-0.05,-0.0,-0.16,0.0,q
2960.0,2933.0,2891.0,4095.0,4095.0,2602.0,2864.0,2740.0,0.96,-1.27,14.17,-0.02,-0.02,-0.17,0.0,q
2961.0,2938.0,2896.0,4095.0,4095.0,2604.0,2867.0,2742.0,1.03,-1.36,14.21,-0.02,-0.02,-0.14,0.0,q
2960.0,2929.0,2889.0,4095.0,4095.0,2596.0,2871.0,2743.0,1.14,-1.34,14.19,0.06,-0.05,-0.17,0.0,q
2973.0,2935.0,2897.0,4095.0,4095.0,2592.0,2863.0,2742.0,1.1,-1.19,14.07,-0.0,-0.02,-0.15,0.0,q
2960.0,2944.0,2885.0,4095.0,4095.0,2586.0,2865.0,2748.0,1.1,-1.34,14.13,0.04,-0.03,-0.17,0.0,q
2960.0,2942.0,2882.0,4095.0,4095.0,2585.0,2861.0,2738.0,1.07,-1.28,14.16,0.02,-0.0,-0.16,0.0,q
2960.0,2931.0,2880.0,4095.0,4095.0,2589.0,2859.0,2736.0,1.04,-1.24,14.14,0.05,-0.01,-0.18,0.0,q
2960.0,2933.0,2886.0,4095.0,4095.0,2591.0,2864.0,2742.0,1.03,-1.22,14.07,0.0,-0.0,-0.14,0.0,q
2961.0,2929.0,2891.0,4095.0,4095.0,2596.0,2865.0,2737.0,1.07,-1.22,14.06,-0.01,0.02,-0.14,0.0,q
2963.0,2931.0,2887.0,4095.0,4095.0,2591.0,2865.0,2742.0,1.12,-1.28,14.14,0.01,-0.0,-0.13,0.0,q
2955.0,2932.0,2893.0,4095.0,4095.0,2591.0,2863.0,2740.0,1.07,-1.32,14.16,0.1,0.02,-0.16,0.0,q
2960.0,2929.0,2890.0,4095.0,4095.0,2590.0,2860.0,2743.0,1.16,-1.27,14.12,0.1,-0.06,-0.17,0.0,q
2960.0,2933.0,2880.0,4095.0,4080.0,2587.0,2857.0,2736.0,1.02,-1.07,13.89,0.04,0.03,-0.14,0.0,q
2960.0,2927.0,2883.0,4095.0,3893.0,2583.0,2859.0,2736.0,1.09,-1.08,14.13,-0.05,0.0,-0.16,0.0,q
2959.0,2927.0,2881.0,4095.0,3899.0,2587.0,2862.0,2738.0,1.08,-1.32,14.37,0.03,-0.02,-0.16,0.0,q
2954.0,2929.0,2890.0,4095.0,3904.0,2584.0,2862.0,2742.0,1.09,-1.19,14.14,0.06,0.03,-0.14,0.0,q
2962.0,2939.0,2887.0,4095.0,3895.0,2559.0,2863.0,2745.0,1.07,-1.02,13.85,-0.06,0.06,-0.07,0.0,q
2970.0,2929.0,2879.0,4095.0,4095.0,2479.0,2719.0,2689.0,1.07,-1.29,14.31,0.02,0.05,-0.13,0.0,q
2970.0,2929.0,2879.0,4095.0,4095.0,2479.0,2719.0,2689.0,1.07,-1.29,14.31,0.02,0.05,-0.13,0.0,q
2961.0,2924.0,2882.0,4095.0,4095.0,2477.0,2722.0,2689.0,1.16,-1.19,14.24,0.06,-0.06,-0.19,0.0,q
2974.0,2926.0,2889.0,4095.0,4095.0,2496.0,2766.0,2690.0,1.11,-0.92,13.89,0.3,-0.21,-0.31,0.0,q
2973.0,2927.0,2885.0,4095.0,4095.0,2507.0,2768.0,2698.0,1.03,-0.95,14.13,-0.01,-0.04,-0.2,0.0,q
2970.0,2921.0,2883.0,4095.0,4095.0,2512.0,2786.0,2703.0,1.19,-1.02,14.16,0.05,-0.03,-0.2,0.0,q
2960.0,2926.0,2883.0,4095.0,4095.0,2514.0,2796.0,2708.0,1.25,-0.98,14.09,-0.06,0.07,-0.12,0.0,q
2973.0,2923.0,2890.0,4095.0,4095.0,2511.0,2801.0,2709.0,1.22,-1.02,14.22,-0.12,0.02,-0.14,0.0,q
2965.0,2931.0,2880.0,4095.0,4095.0,2521.0,2807.0,2714.0,1.08,-1.15,14.23,-0.04,0.03,-0.16,0.0,q
2960.0,2922.0,2887.0,4095.0,4095.0,2517.0,2803.0,2713.0,1.1,-1.22,14.22,0.07,0.01,-0.18,0.0,q
2962.0,2921.0,2891.0,4095.0,4095.0,2514.0,2807.0,2715.0,1.13,-1.23,14.24,0.08,0.01,-0.18,0.0,q
2963.0,2927.0,2875.0,4095.0,4095.0,2511.0,2805.0,2720.0,1.03,-0.93,14.1,0.18,0.03,-0.18,0.0,q
2962.0,2918.0,2895.0,4095.0,4095.0,2512.0,2818.0,2720.0,1.16,-0.94,13.97,-0.03,0.07,-0.08,0.0,q
2951.0,2935.0,2885.0,4095.0,4095.0,2521.0,2819.0,2718.0,1.19,-1.0,14.22,0.07,-0.01,-0.18,0.0,q
2967.0,2927.0,2881.0,4095.0,4095.0,2526.0,2820.0,2720.0,0.96,-0.88,14.23,0.02,0.04,-0.13,0.0,q
2961.0,2924.0,2880.0,4095.0,4095.0,2530.0,2821.0,2714.0,1.1,-0.85,14.13,0.11,-0.05,-0.17,0.0,q
2965.0,2932.0,2878.0,4095.0,4095.0,2530.0,2817.0,2714.0,1.09,-1.04,14.33,0.03,0.01,-0.16,0.0,q
2975.0,2935.0,2891.0,4095.0,4095.0,2539.0,2826.0,2720.0,1.12,-0.99,14.26,0.16,-0.08,-0.19,0.0,q
2970.0,2934.0,2889.0,4095.0,4095.0,2541.0,2830.0,2715.0,1.0,-0.65,13.8,-0.11,0.04,-0.0,0.0,q
2960.0,2929.0,2882.0,4095.0,4095.0,2537.0,2818.0,2707.0,1.14,-0.97,14.11,0.03,-0.07,-0.18,0.0,q
2961.0,2927.0,2895.0,4095.0,4095.0,2559.0,2835.0,2688.0,1.51,-0.83,14.13,0.04,-0.1,-0.26,0.0,q
2951.0,2929.0,2887.0,4095.0,4095.0,2543.0,2832.0,2691.0,1.28,-0.69,14.24,0.06,-0.0,-0.16,0.0,q
2963.0,2928.0,2895.0,4095.0,4095.0,2542.0,2832.0,2681.0,1.41,-0.86,14.36,0.15,-0.02,-0.21,0.0,q
2961.0,2929.0,2896.0,4095.0,4095.0,2534.0,2831.0,2684.0,1.41,-0.67,14.03,0.07,0.02,-0.17,0.0,q
2963.0,2928.0,2890.0,4095.0,4095.0,2526.0,2819.0,2686.0,1.57,-0.6,14.0,0.05,-0.04,-0.18,0.0,q
2962.0,2931.0,2889.0,4095.0,4095.0,2525.0,2815.0,2688.0,1.46,-0.63,14.17,-0.0,-0.04,-0.16,0.0,q
2959.0,2927.0,2885.0,4095.0,4095.0,2531.0,2813.0,2689.0,1.31,-0.53,14.08,-0.09,0.05,-0.03,0.0,q
2962.0,2934.0,2880.0,4095.0,4095.0,2550.0,2826.0,2704.0,1.61,-0.77,14.07,0.11,-0.03,-0.18,0.0,q
2960.0,2917.0,2883.0,4095.0,4095.0,2559.0,2832.0,2698.0,1.56,-0.6,13.83,-0.12,0.09,-0.0,0.0,q
2959.0,2927.0,2887.0,4095.0,4095.0,2589.0,2842.0,2704.0,1.63,-0.96,14.21,-0.07,-0.12,-0.17,0.0,q
2967.0,2923.0,2883.0,4095.0,4095.0,2612.0,2855.0,2704.0,1.49,-0.78,14.44,0.03,-0.01,-0.23,0.0,q
2953.0,2928.0,2874.0,4095.0,4095.0,2645.0,2853.0,2704.0,1.56,-0.62,14.26,0.32,-0.14,-0.35,0.0,q
2967.0,2929.0,2882.0,4095.0,4095.0,2667.0,2860.0,2713.0,1.69,-0.69,14.37,0.53,-0.23,-0.46,0.0,q
2962.0,2912.0,2881.0,4095.0,4095.0,2643.0,2858.0,2711.0,1.64,0.09,13.49,0.16,0.02,-0.18,0.0,q
2959.0,2927.0,2880.0,4095.0,4095.0,2624.0,2863.0,2718.0,1.62,-0.11,13.68,-0.09,0.01,-0.03,0.0,q
2971.0,2930.0,2898.0,4095.0,4095.0,2602.0,2862.0,2719.0,1.55,-0.42,14.09,-0.31,0.14,0.03,0.0,q
2961.0,2919.0,2885.0,4095.0,4095.0,2597.0,2861.0,2722.0,1.56,-0.61,14.03,-0.24,0.1,0.0,0.0,q
2961.0,2923.0,2881.0,4095.0,4095.0,2559.0,2848.0,2725.0,1.46,-0.76,14.31,-0.24,0.09,-0.0,0.0,q
2957.0,2925.0,2896.0,4095.0,4095.0,2559.0,2851.0,2731.0,1.08,-0.72,13.68,-0.41,0.25,0.21,0.0,q
2960.0,2926.0,2890.0,4095.0,4095.0,2589.0,2853.0,2734.0,1.34,-1.3,14.48,-0.5,0.17,0.1,0.0,q
2960.0,2917.0,2890.0,4095.0,4095.0,2647.0,2850.0,2717.0,1.02,-1.69,14.63,-0.02,-0.03,-0.17,0.0,q
2964.0,2926.0,2882.0,4095.0,4095.0,2649.0,2849.0,2719.0,1.2,-1.64,14.78,0.42,-0.2,-0.4,0.0,q
2953.0,2901.0,2881.0,4095.0,4095.0,2650.0,2849.0,2713.0,1.46,-1.41,14.94,1.07,-0.34,-0.69,0.0,q
2942.0,2910.0,2875.0,4095.0,4095.0,2649.0,2850.0,2709.0,1.15,-0.28,13.98,0.99,-0.17,-0.57,0.0,q
2958.0,2914.0,2881.0,4095.0,4095.0,2643.0,2862.0,2717.0,1.39,0.12,13.71,0.62,-0.25,-0.45,0.0,q
2955.0,2923.0,2879.0,4095.0,4095.0,2653.0,2864.0,2713.0,1.39,0.5,13.44,0.49,0.15,-0.19,0.0,q
2956.0,2915.0,2891.0,4095.0,4095.0,2651.0,2865.0,2711.0,1.09,0.57,13.43,0.01,-0.02,-0.05,0.0,q
2962.0,2922.0,2885.0,4095.0,4095.0,2647.0,2861.0,2711.0,1.13,0.37,13.15,-0.65,0.19,0.19,0.0,q
2960.0,2924.0,2895.0,4095.0,4095.0,2655.0,2865.0,2718.0,1.41,-0.44,14.12,-0.75,-0.02,0.04,0.0,q
2960.0,2919.0,2896.0,4095.0,4095.0,2641.0,2864.0,2718.0,1.14,-0.62,13.97,-0.8,0.15,0.2,0.0,q
2955.0,2922.0,2885.0,4095.0,4095.0,2652.0,2858.0,2719.0,1.33,-1.12,14.32,-1.0,0.16,0.24,0.0,q
2962.0,2920.0,2873.0,4095.0,4095.0,2653.0,2861.0,2725.0,1.32,-1.8,14.5,-0.63,0.13,0.18,0.0,q
2960.0,2916.0,2897.0,4095.0,4095.0,2654.0,2854.0,2723.0,1.06,-2.0,15.04,-0.34,0.18,0.04,0.0,q
2957.0,2928.0,2883.0,4095.0,4095.0,2647.0,2844.0,2719.0,1.42,-2.12,14.52,0.35,-0.11,-0.25,0.0,q
2965.0,2921.0,2884.0,4095.0,4095.0,2653.0,2855.0,2721.0,1.23,-1.68,14.55,0.6,-0.22,-0.47,0.0,q
2973.0,2942.0,2879.0,4095.0,4095.0,2654.0,2860.0,2720.0,1.47,-1.22,14.08,0.84,-0.21,-0.55,0.0,q
2955.0,2931.0,2880.0,4095.0,4095.0,2650.0,2863.0,2719.0,1.25,-0.64,14.09,0.64,-0.26,-0.49,0.0,q
2960.0,2919.0,2878.0,4095.0,4095.0,2653.0,2864.0,2719.0,1.44,-0.47,14.11,0.57,-0.1,-0.45,0.0,q
2957.0,2921.0,2892.0,4095.0,4095.0,2651.0,2865.0,2718.0,1.33,-0.06,13.82,0.27,-0.07,-0.27,0.0,q
2955.0,2913.0,2881.0,4095.0,4095.0,2643.0,2864.0,2714.0,1.19,0.08,13.41,-0.19,0.04,0.01,0.0,q
2960.0,2928.0,2896.0,4095.0,4095.0,2621.0,2864.0,2735.0,1.45,-0.22,13.13,-0.22,-0.15,-0.18,0.0,q
2966.0,2913.0,2886.0,4095.0,4095.0,2610.0,2864.0,2733.0,1.63,-0.67,13.64,-0.78,0.08,0.15,0.0,q
2950.0,2927.0,2886.0,4095.0,4095.0,2617.0,2864.0,2736.0,1.41,-1.42,14.46,-0.74,-0.01,0.06,0.0,q
2966.0,2917.0,2871.0,4095.0,4095.0,2613.0,2863.0,2735.0,1.54,-1.74,14.19,-0.38,0.08,0.09,0.0,q
2951.0,2921.0,2884.0,4095.0,4095.0,2612.0,2850.0,2725.0,1.39,-1.76,14.17,-0.2,0.08,0.1,0.0,q
2959.0,2923.0,2888.0,4095.0,4095.0,2624.0,2854.0,2731.0,1.73,-2.23,14.7,0.26,-0.09,-0.19,0.0,q
2957.0,2927.0,2895.0,4095.0,4095.0,2621.0,2855.0,2732.0,1.76,-1.77,14.66,0.82,-0.24,-0.55,0.0,q
2951.0,2918.0,2887.0,4095.0,4095.0,2634.0,2864.0,2729.0,1.72,-1.11,14.06,0.97,-0.25,-0.55,0.0,q
2949.0,2921.0,2885.0,4095.0,4095.0,2625.0,2864.0,2725.0,1.76,-0.39,13.75,0.75,0.01,-0.22,0.0,q
2950.0,2916.0,2881.0,4095.0,4095.0,2629.0,2862.0,2727.0,1.58,0.04,13.67,0.53,0.23,-0.08,0.0,q
2946.0,2913.0,2887.0,4095.0,4095.0,2631.0,2861.0,2726.0,1.42,0.29,13.26,-0.05,0.08,-0.09,0.0,q
2968.0,2939.0,2890.0,4095.0,4095.0,2636.0,2866.0,2735.0,1.46,-0.28,13.9,-0.45,-0.07,-0.18,0.0,q
2960.0,2912.0,2898.0,4095.0,4095.0,2639.0,2867.0,2731.0,1.59,-0.63,14.32,-0.28,-0.18,-0.2,0.0,q
2960.0,2926.0,2889.0,4095.0,4095.0,2631.0,2870.0,2727.0,1.72,-0.71,14.38,-0.19,0.08,-0.05,0.0,q
2958.0,2921.0,2886.0,4095.0,4095.0,2634.0,2870.0,2737.0,2.06,-0.85,14.41,0.3,-0.14,-0.3,0.0,q
2960.0,2927.0,2890.0,4095.0,4095.0,2633.0,2867.0,2727.0,1.76,-0.42,14.34,0.01,-0.16,-0.24,0.0,q
2962.0,2934.0,2879.0,4095.0,4095.0,2637.0,2870.0,2736.0,2.19,-0.47,14.12,0.22,-0.31,-0.41,0.0,q
2956.0,2922.0,2885.0,4095.0,4095.0,2645.0,2875.0,2733.0,1.83,-0.2,14.02,-0.04,-0.03,-0.16,0.0,q
2955.0,2928.0,2897.0,4095.0,4095.0,2647.0,2869.0,2730.0,2.11,-0.45,13.96,0.12,0.01,-0.2,0.0,q
2954.0,2918.0,2896.0,4095.0,4095.0,2650.0,2871.0,2733.0,1.88,-0.33,14.09,-0.05,0.05,-0.14,0.0,q
2955.0,2918.0,2893.0,4095.0,4095.0,2645.0,2893.0,2727.0,1.76,-0.49,13.86,-0.07,0.05,0.02,0.0,q
2957.0,2926.0,2893.0,4095.0,4095.0,2641.0,2894.0,2731.0,1.77,-0.77,14.29,0.17,0.11,-0.1,0.0,q
2967.0,2917.0,2895.0,4095.0,4095.0,2647.0,2906.0,2734.0,1.73,-0.48,14.26,0.22,0.0,-0.2,0.0,q
2958.0,2917.0,2896.0,4095.0,4095.0,2643.0,2909.0,2743.0,1.96,-0.24,13.76,-0.02,-0.1,-0.22,0.0,q
2947.0,2918.0,2889.0,4095.0,4095.0,2640.0,2906.0,2746.0,1.85,-0.4,14.13,-0.02,-0.11,-0.27,0.0,q
2947.0,2912.0,2891.0,4095.0,4095.0,2630.0,2911.0,2751.0,2.05,-0.55,14.2,0.0,-0.07,-0.26,0.0,q
2959.0,2917.0,2891.0,4095.0,4095.0,2629.0,2911.0,2748.0,1.74,-0.31,14.0,0.02,0.04,-0.19,0.0,q
2965.0,2923.0,2895.0,4095.0,4095.0,2622.0,2916.0,2752.0,2.0,-0.4,13.96,-0.04,0.02,-0.14,0.0,q
2955.0,2922.0,2899.0,4095.0,4095.0,2624.0,2916.0,2749.0,1.78,-0.5,14.21,-0.04,0.01,-0.18,0.0,q
2955.0,2927.0,2891.0,4095.0,4095.0,2619.0,2914.0,2755.0,1.91,-0.49,14.16,-0.06,0.03,-0.14,0.0,q
2944.0,2913.0,2889.0,4095.0,4095.0,2618.0,2912.0,2753.0,1.92,-0.54,14.03,-0.0,0.09,-0.12,0.0,q
2960.0,2914.0,2902.0,4095.0,4095.0,2615.0,2921.0,2753.0,1.84,-0.53,14.06,-0.02,0.06,-0.14,0.0,q
2955.0,2935.0,2894.0,4095.0,4095.0,2613.0,2923.0,2756.0,1.9,-0.65,14.1,-0.08,0.1,-0.1,0.0,q
2949.0,2913.0,2896.0,4095.0,4095.0,2608.0,2915.0,2751.0,1.64,-0.67,14.23,0.03,0.02,-0.19,0.0,q
2950.0,2921.0,2896.0,4095.0,4095.0,2593.0,2916.0,2747.0,1.57,-0.57,14.16,-0.01,0.11,-0.13,0.0,q
2951.0,2933.0,2896.0,4095.0,4095.0,2583.0,2927.0,2743.0,1.74,-0.6,13.97,0.07,0.06,-0.17,0.0,q
2951.0,2928.0,2889.0,4095.0,4095.0,2559.0,2929.0,2747.0,1.63,-0.51,14.06,-0.01,0.03,-0.16,0.0,q
2955.0,2937.0,2896.0,4095.0,4095.0,2559.0,2928.0,2747.0,1.55,-0.57,14.16,0.07,-0.03,-0.18,0.0,q
2960.0,2929.0,2896.0,4095.0,4095.0,2555.0,2928.0,2743.0,1.68,-0.59,14.2,0.03,-0.01,-0.19,0.0,q
2946.0,2911.0,2893.0,4095.0,4095.0,2559.0,2923.0,2739.0,1.71,-0.58,14.08,0.04,-0.03,-0.18,0.0,q
2955.0,2928.0,2895.0,4095.0,4095.0,2559.0,2890.0,2747.0,1.84,-0.71,14.05,0.07,-0.02,-0.18,0.0,q
2955.0,2928.0,2896.0,4095.0,4095.0,2559.0,2880.0,2741.0,1.85,-0.65,14.07,0.03,-0.03,-0.19,0.0,q
2953.0,2928.0,2906.0,4095.0,4095.0,2559.0,2869.0,2738.0,1.73,-0.57,14.01,0.03,0.07,-0.17,0.0,q
2957.0,2930.0,2896.0,4095.0,4095.0,2547.0,2835.0,2726.0,1.63,-0.74,14.07,-0.15,-0.55,-0.07,0.0,q
2954.0,2929.0,2891.0,4095.0,4095.0,2537.0,2820.0,2730.0,1.98,-0.51,14.02,0.0,-0.14,-0.12,0.0,q
2966.0,2911.0,2891.0,4095.0,4095.0,2535.0,2813.0,2719.0,1.89,-0.68,14.14,-0.1,0.07,-0.1,0.0,q
2949.0,2917.0,2878.0,4095.0,4095.0,2534.0,2816.0,2715.0,1.96,-0.64,14.11,0.02,-0.03,-0.16,0.0,q
2959.0,2927.0,2896.0,4095.0,4095.0,2529.0,2825.0,2719.0,1.88,-0.68,14.08,-0.02,-0.01,-0.17,0.0,q
2960.0,2910.0,2893.0,4095.0,4095.0,2539.0,2831.0,2718.0,1.89,-0.75,14.2,-0.01,-0.03,-0.15,0.0,q
2947.0,2922.0,2882.0,4095.0,4095.0,2544.0,2833.0,2722.0,1.99,-0.75,14.16,0.02,-0.04,-0.14,0.0,q
2960.0,2922.0,2890.0,4095.0,4095.0,2557.0,2842.0,2731.0,2.03,-0.68,14.04,0.05,-0.02,-0.18,0.0,q
2945.0,2928.0,2880.0,4095.0,4095.0,2559.0,2837.0,2725.0,1.95,-0.64,14.1,0.08,-0.04,-0.2,0.0,q
2956.0,2911.0,2885.0,4095.0,4095.0,2559.0,2847.0,2736.0,1.96,-0.56,14.12,0.1,-0.03,-0.21,0.0,q
2938.0,2926.0,2896.0,4095.0,4095.0,2559.0,2846.0,2738.0,1.98,-0.52,14.07,0.06,-0.03,-0.19,0.0,q
2954.0,2921.0,2878.0,4095.0,4095.0,2559.0,2835.0,2734.0,2.0,-0.57,13.96,-0.07,0.06,-0.13,0.0,q
2953.0,2923.0,2893.0,4095.0,4095.0,2559.0,2843.0,2733.0,1.96,-0.6,14.02,0.0,0.07,-0.18,0.0,q
2960.0,2925.0,2889.0,4095.0,4095.0,2559.0,2842.0,2736.0,1.82,-0.62,14.09,-0.03,0.04,-0.17,0.0,q
2947.0,2914.0,2887.0,4095.0,4095.0,2559.0,2835.0,2735.0,1.75,-0.65,14.1,-0.05,0.07,-0.14,0.0,q
2951.0,2925.0,2896.0,4095.0,4095.0,2559.0,2839.0,2736.0,1.98,-0.74,14.17,0.01,0.03,-0.17,0.0,q
2961.0,2928.0,2891.0,4095.0,4095.0,2559.0,2845.0,2738.0,1.73,-0.65,14.16,0.05,0.02,-0.16,0.0,q
2960.0,2928.0,2910.0,4095.0,4095.0,2657.0,2951.0,2608.0,2.53,-0.37,14.01,-0.04,-0.03,-0.18,0.0,q
2955.0,2918.0,2909.0,4095.0,4095.0,2659.0,2954.0,2624.0,2.41,-0.31,13.87,-0.04,0.18,-0.13,0.0,q
2958.0,2925.0,2900.0,4095.0,4095.0,2656.0,2960.0,2659.0,2.39,-0.26,13.73,-0.16,0.25,-0.07,0.0,q
2949.0,2923.0,2899.0,4095.0,4095.0,2655.0,2959.0,2672.0,2.2,-0.56,14.19,-0.15,0.27,-0.08,0.0,q
2959.0,2928.0,2896.0,4095.0,4095.0,2644.0,2966.0,2681.0,2.17,-0.62,14.22,-0.09,0.18,-0.07,0.0,q
2943.0,2923.0,2897.0,4095.0,4095.0,2636.0,2971.0,2685.0,2.18,-0.62,14.2,0.07,0.07,-0.15,0.0,q
2950.0,2912.0,2903.0,4095.0,4095.0,2634.0,2974.0,2679.0,2.09,-0.6,14.04,-0.01,0.06,-0.12,0.0,q
2960.0,2921.0,2896.0,4095.0,4095.0,2640.0,3002.0,2672.0,2.1,-0.59,14.2,0.19,-0.24,-0.26,0.0,q
2947.0,2910.0,2901.0,4095.0,4095.0,2646.0,3006.0,2639.0,2.24,-0.34,13.8,0.05,-0.15,-0.21,0.0,q
2958.0,2923.0,2911.0,4095.0,4095.0,2672.0,3040.0,2582.0,2.31,-0.56,13.98,0.01,-0.17,-0.22,0.0,q
2949.0,2910.0,2914.0,4095.0,4095.0,2693.0,3066.0,2555.0,2.3,-0.58,14.17,0.08,-0.15,-0.19,0.0,q
2959.0,2922.0,2923.0,4095.0,4095.0,2707.0,3084.0,2559.0,2.13,-0.31,13.85,-0.09,-0.06,-0.07,0.0,q
2940.0,2925.0,2913.0,4095.0,4095.0,2710.0,3086.0,2559.0,2.3,-0.53,13.99,-0.0,-0.04,-0.13,0.0,q
2954.0,2909.0,2912.0,4095.0,4095.0,2718.0,3071.0,2610.0,2.33,-0.57,14.11,-0.03,0.06,-0.13,0.0,q
2949.0,2917.0,2906.0,4095.0,4095.0,2718.0,3063.0,2627.0,2.34,-0.51,13.98,0.03,-0.01,-0.19,0.0,q
2958.0,2917.0,2915.0,4095.0,4095.0,2717.0,3055.0,2640.0,2.44,-0.52,13.98,0.01,-0.07,-0.17,0.0,q
2951.0,2912.0,2902.0,4095.0,4095.0,2708.0,3031.0,2641.0,2.33,-0.48,14.03,0.01,-0.08,-0.19,0.0,q
2962.0,2913.0,2903.0,4095.0,4095.0,2706.0,3037.0,2658.0,2.33,-0.49,14.13,0.06,-0.04,-0.19,0.0,q
2943.0,2914.0,2907.0,4095.0,4095.0,2712.0,3024.0,2639.0,2.49,-0.43,14.09,0.14,-0.01,-0.24,0.0,q
2961.0,2907.0,2925.0,4095.0,4095.0,2717.0,3071.0,2559.0,2.21,-0.41,14.03,0.15,-0.04,-0.17,0.0,q
2970.0,2929.0,2879.0,4095.0,4095.0,2479.0,2719.0,2689.0,1.07,-1.29,14.31,0.02,0.05,-0.13,0.0,q
2955.0,2921.0,2896.0,4095.0,4095.0,2606.0,2837.0,2673.0,1.83,-0.43,14.28,0.07,0.04,-0.14,0.0,q
2960.0,2911.0,2889.0,4095.0,4095.0,2607.0,2839.0,2675.0,1.77,-0.38,14.2,0.04,-0.07,-0.13,0.0,q
2950.0,2929.0,2895.0,4095.0,4095.0,2609.0,2855.0,2674.0,1.86,-0.42,14.09,0.08,0.11,-0.12,0.0,q
2950.0,2917.0,2879.0,4095.0,4095.0,2611.0,2849.0,2677.0,1.7,-0.34,14.02,0.05,0.07,-0.15,0.0,q
2963.0,2918.0,2895.0,4095.0,4095.0,2615.0,2847.0,2683.0,1.7,-0.33,14.03,-0.01,0.07,-0.09,0.0,q
2954.0,2913.0,2885.0,4095.0,4095.0,2611.0,2852.0,2684.0,1.56,-0.22,13.97,-0.06,0.12,-0.09,0.0,q
2960.0,2923.0,2886.0,4095.0,4095.0,2598.0,2857.0,2693.0,1.49,-0.45,14.22,-0.08,0.23,-0.02,0.0,q
2955.0,2915.0,2878.0,4095.0,4095.0,2559.0,2846.0,2688.0,1.61,-0.47,14.12,-0.08,0.18,-0.08,0.0,q
2960.0,2912.0,2896.0,4095.0,4095.0,2537.0,2826.0,2679.0,1.11,-0.73,14.53,0.15,0.13,-0.17,0.0,q
2963.0,2931.0,2877.0,4095.0,4095.0,2538.0,2843.0,2682.0,1.29,-0.3,14.03,-0.06,0.07,-0.09,0.0,q
2945.0,2931.0,2876.0,4095.0,4095.0,2533.0,2798.0,2663.0,1.34,-0.39,14.12,0.13,-0.06,-0.24,0.0,q
2960.0,2928.0,2886.0,4095.0,4095.0,2542.0,2799.0,2643.0,1.15,-0.31,14.09,0.02,-0.12,-0.24,0.0,q
2955.0,2918.0,2883.0,4095.0,4095.0,2544.0,2782.0,2640.0,1.38,-0.33,14.01,0.02,-0.08,-0.21,0.0,q
2951.0,2921.0,2887.0,4095.0,4095.0,2535.0,2773.0,2631.0,1.27,-0.42,14.2,-0.01,-0.01,-0.16,0.0,q
2949.0,2929.0,2882.0,4095.0,4095.0,2544.0,2782.0,2629.0,1.39,-0.48,14.47,0.04,-0.07,-0.16,0.0,q
2960.0,2923.0,2889.0,4095.0,4095.0,2544.0,2770.0,2624.0,1.47,-0.27,14.17,0.17,0.0,-0.17,0.0,q
2945.0,2923.0,2882.0,4095.0,4095.0,2544.0,2775.0,2625.0,1.59,-0.27,14.11,0.1,-0.04,-0.15,0.0,q
2961.0,2926.0,2896.0,4095.0,4095.0,2539.0,2765.0,2621.0,1.44,-0.14,14.09,0.1,-0.04,-0.19,0.0,q
2956.0,2911.0,2894.0,4095.0,4095.0,2534.0,2755.0,2609.0,1.36,-0.09,14.11,0.03,0.03,-0.14,0.0,q
2945.0,2923.0,2880.0,4095.0,4095.0,2481.0,2798.0,2649.0,3.16,-1.28,13.7,-0.04,0.1,-0.28,0.0,q
2965.0,2933.0,2885.0,4095.0,4095.0,2491.0,2799.0,2646.0,3.03,-1.19,13.8,-0.0,-0.01,-0.25,0.0,q
2962.0,2928.0,2890.0,4095.0,4095.0,2506.0,2811.0,2652.0,3.11,-1.34,14.04,0.2,-0.11,-0.24,0.0,q
2959.0,2927.0,2890.0,4095.0,4095.0,2513.0,2800.0,2651.0,3.25,-1.53,14.15,0.45,-0.25,-0.32,0.0,q
2962.0,2928.0,2877.0,4095.0,4095.0,2527.0,2804.0,2653.0,3.51,-0.91,13.64,0.44,-0.08,-0.28,0.0,q
2959.0,2923.0,2880.0,4095.0,4095.0,2529.0,2805.0,2655.0,3.24,-0.57,13.53,0.24,-0.09,-0.32,0.0,q
2959.0,2931.0,2885.0,4095.0,4095.0,2534.0,2802.0,2658.0,3.32,-0.39,13.72,0.05,0.02,-0.21,0.0,q
2963.0,2919.0,2886.0,4095.0,4095.0,2545.0,2807.0,2663.0,3.42,-0.34,13.75,0.04,0.07,-0.14,0.0,q
2965.0,2909.0,2887.0,4095.0,4095.0,2543.0,2809.0,2653.0,3.19,-0.3,13.88,0.23,0.03,-0.16,0.0,q
2951.0,2915.0,2871.0,4095.0,4095.0,2544.0,2818.0,2654.0,3.15,0.07,13.45,0.08,0.12,-0.05,0.0,q
2951.0,2925.0,2885.0,4095.0,4095.0,2542.0,2818.0,2657.0,3.34,-0.13,13.52,0.02,0.01,-0.05,0.0,q
2959.0,2918.0,2886.0,4095.0,4095.0,2538.0,2814.0,2652.0,3.23,-0.46,13.64,-0.14,0.01,-0.09,0.0,q
2959.0,2926.0,2883.0,4095.0,4095.0,2533.0,2817.0,2655.0,3.48,-0.87,13.74,-0.33,0.06,-0.03,0.0,q
2955.0,2928.0,2882.0,4095.0,4095.0,2544.0,2819.0,2661.0,3.57,-1.15,14.19,-0.16,-0.07,-0.27,0.0,q
2966.0,2927.0,2897.0,4095.0,4095.0,2542.0,2826.0,2660.0,3.2,-0.66,13.77,0.07,-0.01,-0.25,0.0,q
2955.0,2925.0,2879.0,4095.0,4095.0,2534.0,2819.0,2646.0,2.79,-0.34,13.49,0.09,-0.04,-0.23,0.0,q
2965.0,2922.0,2886.0,4095.0,4095.0,2539.0,2822.0,2659.0,3.01,-0.28,13.41,-0.1,0.07,0.04,0.0,q
2958.0,2918.0,2880.0,4095.0,4095.0,2542.0,2819.0,2654.0,3.09,-0.69,13.39,-0.44,0.1,0.15,0.0,q
2960.0,2931.0,2881.0,4095.0,4095.0,2541.0,2829.0,2661.0,3.62,-1.39,13.94,-0.36,-0.06,-0.01,0.0,q
2965.0,2928.0,2896.0,4095.0,4095.0,2507.0,2825.0,2662.0,3.81,-1.38,14.08,-0.03,-0.14,-0.31,0.0,q
2961.0,2914.0,2885.0,4095.0,4078.0,2522.0,2830.0,2671.0,3.53,-0.71,13.51,-0.01,-0.04,-0.23,0.0,q
2961.0,2914.0,2885.0,4095.0,4078.0,2522.0,2830.0,2671.0,3.53,-0.71,13.51,-0.01,-0.04,-0.23,0.0,q
2956.0,2918.0,2880.0,4095.0,4095.0,2519.0,2831.0,2672.0,3.4,-0.79,13.83,-0.02,0.0,-0.23,0.0,q
2955.0,2920.0,2871.0,4095.0,4095.0,2522.0,2829.0,2671.0,3.34,-0.96,13.85,0.0,-0.02,-0.19,0.0,q
2956.0,2919.0,2879.0,4095.0,4095.0,2529.0,2833.0,2671.0,3.39,-0.78,13.85,0.04,-0.01,-0.13,0.0,q
2957.0,2928.0,2892.0,4095.0,4095.0,2531.0,2849.0,2672.0,3.33,-0.74,13.75,0.07,-0.03,-0.12,0.0,q
2955.0,2917.0,2874.0,4095.0,4095.0,2527.0,2824.0,2667.0,3.54,-0.68,13.47,0.08,-0.01,-0.08,0.0,q
2965.0,2917.0,2881.0,4095.0,4095.0,2532.0,2832.0,2674.0,3.72,-0.54,13.42,0.04,-0.03,-0.16,0.0,q
2960.0,2930.0,2887.0,4095.0,4095.0,2530.0,2832.0,2676.0,3.53,-0.45,13.41,0.05,0.03,-0.19,0.0,q
2963.0,2928.0,2885.0,4095.0,4095.0,2528.0,2832.0,2669.0,3.63,-0.85,13.52,-0.1,-0.02,-0.19,0.0,q
2960.0,2922.0,2891.0,4095.0,4095.0,2530.0,2830.0,2674.0,3.48,-0.74,13.62,-0.09,0.03,-0.15,0.0,q
2961.0,2925.0,2878.0,4095.0,4095.0,2529.0,2826.0,2672.0,3.45,-0.92,13.8,-0.09,0.01,-0.17,0.0,q
2963.0,2913.0,2880.0,4095.0,4095.0,2521.0,2822.0,2666.0,3.38,-0.9,13.8,-0.06,0.0,-0.14,0.0,q
2957.0,2927.0,2879.0,4095.0,4095.0,2531.0,2832.0,2674.0,3.32,-0.86,13.6,-0.12,-0.05,-0.12,0.0,q
2951.0,2926.0,2882.0,4095.0,4095.0,2530.0,2830.0,2662.0,3.46,-1.04,13.82,-0.15,0.05,-0.07,0.0,q
2944.0,2927.0,2874.0,4095.0,4095.0,2531.0,2832.0,2672.0,3.5,-0.98,13.55,0.06,0.02,-0.1,0.0,q
2966.0,2927.0,2886.0,4095.0,4095.0,2541.0,2832.0,2675.0,3.42,-1.04,13.61,0.02,-0.0,-0.14,0.0,q
2965.0,2918.0,2884.0,4095.0,4095.0,2538.0,2825.0,2675.0,3.37,-0.91,13.55,0.04,0.04,-0.12,0.0,q
2955.0,2910.0,2881.0,4095.0,4095.0,2535.0,2832.0,2672.0,3.46,-1.03,13.64,-0.03,-0.0,-0.16,0.0,q
2955.0,2926.0,2871.0,4095.0,4095.0,2542.0,2832.0,2672.0,3.43,-0.96,13.53,-0.02,0.02,-0.18,0.0,q
2957.0,2917.0,2889.0,4095.0,4075.0,2559.0,2839.0,2682.0,3.5,-0.6,13.5,0.14,-0.02,-0.17,0.0,q
2959.0,2925.0,2879.0,4095.0,4005.0,2541.0,2838.0,2694.0,3.63,-0.54,13.53,0.02,0.01,-0.12,0.0,q
2950.0,2924.0,2881.0,4095.0,4022.0,2535.0,2838.0,2673.0,3.61,-0.59,13.57,-0.01,-0.05,-0.05,0.0,q
2950.0,2931.0,2881.0,4095.0,4048.0,2537.0,2838.0,2676.0,3.65,-0.6,13.65,-0.0,-0.01,-0.16,0.0,q
2942.0,2924.0,2870.0,4095.0,3990.0,2544.0,2837.0,2678.0,3.54,-0.56,13.58,-0.01,-0.01,-0.15,0.0,q
2961.0,2925.0,2880.0,4095.0,4025.0,2538.0,2836.0,2674.0,3.79,-0.62,13.58,0.03,-0.05,-0.19,0.0,q
2946.0,2927.0,2885.0,4095.0,4015.0,2534.0,2845.0,2678.0,3.54,-0.57,13.66,0.01,-0.03,-0.17,0.0,q
2964.0,2925.0,2895.0,4095.0,4032.0,2544.0,2846.0,2682.0,3.61,-0.64,13.64,0.01,-0.0,-0.14,0.0,q
2960.0,2933.0,2883.0,4095.0,4046.0,2543.0,2846.0,2687.0,3.52,-0.61,13.49,-0.06,-0.0,-0.13,0.0,q
2949.0,2919.0,2887.0,4095.0,4043.0,2543.0,2847.0,2684.0,3.68,-0.65,13.68,-0.06,-0.0,-0.14,0.0,q
2960.0,2929.0,2885.0,4095.0,4046.0,2540.0,2864.0,2678.0,3.61,-0.75,13.73,0.03,-0.02,-0.17,0.0,q
2966.0,2928.0,2880.0,4095.0,4047.0,2541.0,2847.0,2677.0,3.59,-0.66,13.66,0.09,-0.01,-0.2,0.0,q
2960.0,2918.0,2882.0,4095.0,4048.0,2544.0,2839.0,2675.0,3.58,-0.59,13.51,0.02,-0.03,-0.15,0.0,q
2960.0,2918.0,2886.0,4095.0,4048.0,2547.0,2848.0,2672.0,3.62,-0.64,13.73,0.03,-0.01,-0.15,0.0,q
2962.0,2916.0,2871.0,4095.0,4019.0,2543.0,2846.0,2679.0,3.63,-0.69,13.66,0.04,0.01,-0.15,0.0,q
2960.0,2931.0,2893.0,4095.0,3999.0,2544.0,2846.0,2679.0,3.6,-0.46,13.49,0.05,0.01,-0.12,0.0,q
2958.0,2927.0,2889.0,4095.0,4018.0,2553.0,2847.0,2683.0,3.54,-0.57,13.56,0.0,0.0,-0.13,0.0,q
2958.0,2923.0,2893.0,4095.0,4053.0,2544.0,2839.0,2679.0,3.65,-0.7,13.71,0.0,0.02,-0.11,0.0,q
2962.0,2925.0,2877.0,4095.0,4095.0,2546.0,2845.0,2681.0,3.66,-0.64,13.66,0.12,-0.02,-0.22,0.0,q
2954.0,2921.0,2880.0,4095.0,4095.0,2549.0,2842.0,2679.0,3.4,-0.51,13.35,-0.13,0.02,-0.09,0.0,q
2947.0,2911.0,2878.0,4095.0,4095.0,2557.0,2869.0,2688.0,3.65,-0.46,13.04,-0.11,0.06,-0.06,0.0,q
2959.0,2914.0,2880.0,4095.0,4095.0,2551.0,2873.0,2699.0,3.51,-0.88,13.44,-0.66,0.04,0.04,0.0,q
2955.0,2920.0,2887.0,4095.0,4095.0,2557.0,2887.0,2695.0,3.47,-1.23,13.8,-0.54,0.05,0.1,0.0,q
2969.0,2915.0,2884.0,4095.0,4095.0,2557.0,2864.0,2697.0,3.91,-1.66,14.13,-0.17,0.04,-0.05,0.0,q
2944.0,2925.0,2881.0,4095.0,4095.0,2555.0,2871.0,2699.0,3.52,-1.61,13.23,-0.04,0.03,-0.06,0.0,q
2949.0,2910.0,2882.0,4095.0,4095.0,2558.0,2867.0,2699.0,3.17,-1.45,12.82,-0.35,-0.07,0.14,0.0,q
2959.0,2933.0,2881.0,4095.0,4095.0,2555.0,2868.0,2702.0,4.49,-1.58,12.56,-1.19,0.18,0.56,0.0,q
2947.0,2918.0,2891.0,4095.0,4095.0,2551.0,2879.0,2701.0,3.8,-3.1,14.78,-0.45,0.08,-0.06,0.0,q
2947.0,2919.0,2891.0,4095.0,4095.0,2555.0,2878.0,2704.0,3.48,-2.95,13.86,0.24,0.08,-0.16,0.0,q
2954.0,2929.0,2883.0,4095.0,4095.0,2551.0,2880.0,2703.0,3.41,-2.41,13.49,0.56,-0.1,-0.49,0.0,q
2961.0,2931.0,2896.0,4095.0,4095.0,2559.0,2879.0,2702.0,3.53,-2.21,13.88,0.66,0.02,-0.5,0.0,q
2954.0,2919.0,2889.0,4095.0,4095.0,2559.0,2882.0,2702.0,3.65,-1.86,13.68,1.19,-0.2,-0.64,0.0,q
2943.0,2929.0,2886.0,4095.0,4095.0,2558.0,2885.0,2699.0,3.3,-1.06,12.51,0.66,-0.17,-0.44,0.0,q
2959.0,2926.0,2873.0,4095.0,4095.0,2559.0,2882.0,2699.0,3.4,-0.56,12.63,-0.31,-0.06,-0.04,0.0,q
2959.0,2921.0,2879.0,4095.0,4095.0,2559.0,2877.0,2704.0,3.86,-1.03,14.19,-0.22,0.09,-0.02,0.0,q
2944.0,2921.0,2889.0,4095.0,4095.0,2559.0,2880.0,2700.0,3.76,-1.4,14.47,0.55,0.03,-0.43,0.0,q
2956.0,2927.0,2887.0,4095.0,4095.0,2559.0,2880.0,2703.0,3.58,-1.05,13.81,0.81,-0.13,-0.49,0.0,q
2957.0,2925.0,2894.0,4095.0,4095.0,2559.0,2883.0,2702.0,3.56,-0.35,13.62,0.94,-0.19,-0.43,0.0,q
2958.0,2933.0,2887.0,4095.0,4095.0,2556.0,2879.0,2707.0,3.63,0.34,12.99,0.42,-0.07,-0.11,0.0,q
2970.0,2923.0,2876.0,4095.0,4095.0,2559.0,2882.0,2692.0,3.71,0.72,12.87,0.16,-0.0,-0.08,0.0,q
2960.0,2922.0,2886.0,4095.0,4095.0,2551.0,2889.0,2704.0,4.47,-3.46,14.14,-0.74,0.31,-0.04,0.0,q
2947.0,2934.0,2891.0,4095.0,4095.0,2549.0,2889.0,2709.0,3.37,-3.73,14.45,0.45,0.0,-0.68,0.0,q
2946.0,2939.0,2880.0,4095.0,4095.0,2553.0,2886.0,2705.0,2.85,-3.17,13.7,0.78,0.15,-0.81,0.0,q
2946.0,2921.0,2881.0,4095.0,4095.0,2555.0,2885.0,2700.0,3.26,-2.61,13.33,0.96,-0.23,-0.68,0.0,q
2953.0,2928.0,2886.0,4095.0,4095.0,2559.0,2893.0,2701.0,3.18,-1.85,12.89,0.48,-0.03,-0.36,0.0,q
2960.0,2925.0,2883.0,4095.0,4095.0,2559.0,2891.0,2704.0,3.77,-1.77,13.51,0.43,-0.0,-0.35,0.0,q
2949.0,2919.0,2883.0,4095.0,4095.0,2556.0,2893.0,2704.0,3.4,-1.45,13.18,0.33,-0.02,-0.28,0.0,q
2942.0,2923.0,2879.0,4095.0,4095.0,2559.0,2896.0,2703.0,3.48,-1.24,13.22,-0.0,-0.02,-0.18,0.0,q
2954.0,2917.0,2880.0,4095.0,4095.0,2559.0,2895.0,2701.0,3.52,-1.24,13.7,0.01,-0.03,-0.22,0.0,q
2948.0,2922.0,2877.0,4095.0,4095.0,2559.0,2892.0,2702.0,3.57,-1.45,13.66,0.03,-0.0,-0.22,0.0,q
2947.0,2929.0,2875.0,4095.0,4095.0,2559.0,2889.0,2704.0,3.48,-1.48,14.18,0.24,-0.02,-0.32,0.0,q
2955.0,2923.0,2885.0,4095.0,4095.0,2559.0,2896.0,2701.0,3.38,-1.06,13.58,0.51,-0.03,-0.34,0.0,q
2958.0,2928.0,2885.0,4095.0,4095.0,2559.0,2896.0,2704.0,3.67,-0.56,13.24,0.44,-0.01,-0.25,0.0,q
2965.0,2930.0,2886.0,4095.0,4095.0,2559.0,2896.0,2703.0,3.81,-0.95,14.08,0.52,-0.03,-0.47,0.0,q
2949.0,2930.0,2890.0,4095.0,4095.0,2559.0,2895.0,2700.0,3.65,-0.46,13.71,0.64,0.02,-0.44,0.0,q
2949.0,2928.0,2878.0,4095.0,4095.0,2559.0,2889.0,2702.0,3.45,0.33,13.17,0.58,-0.17,-0.42,0.0,q
2951.0,2929.0,2880.0,4095.0,4095.0,2559.0,2892.0,2700.0,3.33,0.46,12.52,-0.1,-0.03,-0.03,0.0,q
2967.0,2925.0,2883.0,4095.0,4095.0,2559.0,2885.0,2704.0,3.59,0.42,13.33,-0.68,0.04,-0.04,0.0,q
2959.0,2925.0,2876.0,4095.0,4095.0,2559.0,2898.0,2707.0,3.5,-0.44,13.28,-0.65,0.14,0.18,0.0,q
2947.0,2924.0,2895.0,4095.0,4095.0,2559.0,2898.0,2704.0,3.5,-0.91,12.95,-1.19,0.09,0.45,0.0,q
2960.0,2930.0,2885.0,4095.0,4095.0,2559.0,2896.0,2714.0,3.75,-1.05,13.1,0.26,0.09,-0.51,0.0,q
2964.0,2919.0,2889.0,4095.0,4095.0,2587.0,2897.0,2711.0,3.94,-1.87,13.32,-0.1,-0.16,-0.58,0.0,q
2944.0,2925.0,2881.0,4095.0,4095.0,2559.0,2898.0,2713.0,3.82,-1.91,14.14,-0.04,-0.18,-0.6,0.0,q
2960.0,2928.0,2890.0,4095.0,4095.0,2585.0,2903.0,2718.0,2.96,-0.71,13.48,0.2,-0.02,-0.27,0.0,q
2960.0,2926.0,2874.0,4095.0,4095.0,2583.0,2907.0,2721.0,3.48,-0.64,13.58,0.16,0.14,-0.09,0.0,q
2963.0,2919.0,2879.0,4095.0,4095.0,2559.0,2902.0,2720.0,3.83,-0.87,13.85,0.49,0.11,-0.16,0.0,q
2949.0,2928.0,2880.0,4095.0,4095.0,2580.0,2907.0,2715.0,3.74,-0.76,13.58,0.6,-0.01,-0.39,0.0,q
2959.0,2928.0,2886.0,4095.0,4095.0,2559.0,2903.0,2721.0,3.91,-0.4,13.53,0.71,-0.12,-0.43,0.0,q
2944.0,2918.0,2880.0,4095.0,4095.0,2559.0,2907.0,2704.0,3.55,0.13,13.09,0.56,-0.06,-0.27,0.0,q
2949.0,2914.0,2877.0,4095.0,4095.0,2559.0,2908.0,2707.0,3.62,0.42,13.29,0.13,0.13,-0.0,0.0,q
2960.0,2935.0,2883.0,4095.0,4095.0,2559.0,2902.0,2715.0,4.03,0.08,13.88,0.24,0.01,-0.18,0.0,q
2947.0,2923.0,2883.0,4095.0,4095.0,2559.0,2905.0,2707.0,3.53,0.39,13.19,0.06,-0.05,-0.17,0.0,q
2960.0,2928.0,2882.0,4095.0,4095.0,2559.0,2903.0,2710.0,3.83,0.71,13.07,-0.27,-0.03,0.06,0.0,q
2957.0,2930.0,2885.0,4095.0,4095.0,2559.0,2912.0,2717.0,3.82,0.02,13.91,-0.31,-0.07,-0.25,0.0,q
2951.0,2929.0,2894.0,4095.0,4095.0,2581.0,2896.0,2720.0,4.1,-0.39,14.0,0.02,0.05,-0.25,0.0,q
2960.0,2918.0,2889.0,4095.0,4095.0,2559.0,2897.0,2711.0,4.04,-0.45,13.88,-0.08,-0.47,-0.75,0.0,q
2949.0,2931.0,2879.0,4095.0,4095.0,2559.0,2908.0,2719.0,3.83,0.25,13.52,0.16,-0.07,-0.41,0.0,q
2943.0,2927.0,2881.0,4095.0,4095.0,2559.0,2911.0,2711.0,3.16,1.15,12.8,0.06,-0.09,-0.23,0.0,q
2950.0,2911.0,2879.0,4095.0,4095.0,2559.0,2902.0,2713.0,3.31,1.03,12.83,-0.13,0.28,0.29,0.0,q
2955.0,2923.0,2880.0,4095.0,4095.0,2559.0,2907.0,2719.0,3.61,0.17,12.94,-0.62,0.18,0.39,0.0,q
2960.0,2933.0,2885.0,4095.0,4095.0,2619.0,2917.0,2721.0,5.05,0.31,12.62,-0.03,0.13,-0.09,0.0,q
2958.0,2928.0,2891.0,4095.0,4095.0,2613.0,2914.0,2722.0,4.79,-0.07,13.01,-0.25,0.01,-0.2,0.0,q
2960.0,2923.0,2880.0,4095.0,4095.0,2614.0,2911.0,2724.0,4.65,-0.59,13.55,-0.18,-0.05,-0.28,0.0,q
2944.0,2918.0,2894.0,4095.0,4095.0,2613.0,2911.0,2719.0,4.58,-0.63,13.66,-0.05,-0.13,-0.31,0.0,q
2960.0,2927.0,2891.0,4095.0,4095.0,2613.0,2913.0,2726.0,4.94,-0.18,13.28,0.17,-0.13,-0.28,0.0,q
2954.0,2927.0,2885.0,4095.0,4095.0,2619.0,2907.0,2730.0,4.73,0.42,12.65,0.12,-0.08,-0.16,0.0,q
2959.0,2919.0,2881.0,4095.0,4095.0,2615.0,2907.0,2725.0,4.81,0.11,12.95,-0.01,-0.12,-0.07,0.0,q
2961.0,2923.0,2882.0,4095.0,4095.0,2614.0,2919.0,2729.0,5.09,0.01,12.94,0.04,-0.09,-0.05,0.0,q
2957.0,2914.0,2880.0,4095.0,4095.0,2614.0,2913.0,2731.0,5.82,-0.18,12.41,0.03,0.08,-0.05,0.0,q
2954.0,2925.0,2887.0,4095.0,4095.0,2621.0,2911.0,2725.0,5.36,-0.09,12.98,-0.17,-0.02,-0.28,0.0,q
2957.0,2928.0,2895.0,4095.0,4095.0,2617.0,2911.0,2724.0,4.63,-0.13,13.26,-0.09,-0.11,-0.28,0.0,q
2953.0,2910.0,2891.0,4095.0,4095.0,2622.0,2915.0,2727.0,4.75,0.09,12.93,-0.09,-0.09,-0.14,0.0,q
2972.0,2942.0,2887.0,4095.0,4095.0,2617.0,2924.0,2735.0,5.6,-0.34,12.78,-0.07,-0.01,-0.06,0.0,q
2954.0,2927.0,2880.0,4095.0,4095.0,2614.0,2913.0,2730.0,5.7,-0.4,12.76,-0.02,-0.04,-0.2,0.0,q
2944.0,2920.0,2877.0,4095.0,4095.0,2617.0,2917.0,2735.0,5.0,-0.37,13.1,0.05,-0.03,-0.24,0.0,q
2954.0,2928.0,2880.0,4095.0,4095.0,2619.0,2913.0,2725.0,4.84,-0.24,13.14,0.14,-0.06,-0.2,0.0,q
2966.0,2938.0,2896.0,4095.0,4095.0,2623.0,2928.0,2731.0,4.83,-0.22,13.11,0.13,-0.09,-0.15,0.0,q
2963.0,2924.0,2866.0,4095.0,4095.0,2615.0,2905.0,2725.0,5.3,0.04,12.94,0.18,-0.1,-0.11,0.0,q
2958.0,2927.0,2881.0,4095.0,4095.0,2624.0,2915.0,2731.0,5.54,-0.03,12.53,0.14,-0.01,-0.06,0.0,q
2950.0,2938.0,2884.0,4095.0,4095.0,2625.0,2914.0,2733.0,5.84,-0.33,12.99,0.21,0.09,-0.04,0.0,q
2954.0,2924.0,2896.0,4095.0,4095.0,2619.0,2900.0,2747.0,5.01,0.13,13.1,-0.08,-0.01,-0.13,0.0,q
2950.0,2939.0,2889.0,4095.0,4095.0,2611.0,2911.0,2750.0,5.04,-0.01,13.09,0.02,-0.03,-0.11,0.0,q
2950.0,2931.0,2896.0,4095.0,4095.0,2614.0,2915.0,2749.0,5.35,0.31,12.75,0.02,-0.03,-0.14,0.0,q
2958.0,2930.0,2887.0,4095.0,4095.0,2621.0,2907.0,2748.0,5.29,0.16,12.8,-0.02,-0.01,-0.16,0.0,q
2958.0,2928.0,2893.0,4095.0,4095.0,2624.0,2913.0,2745.0,5.13,0.1,13.03,0.01,-0.04,-0.21,0.0,q
2960.0,2938.0,2897.0,4095.0,4095.0,2622.0,2903.0,2750.0,5.07,0.24,12.86,0.06,-0.0,-0.17,0.0,q
2959.0,2929.0,2896.0,4095.0,4095.0,2620.0,2915.0,2752.0,5.13,0.16,12.96,-0.01,-0.04,-0.17,0.0,q
2946.0,2931.0,2886.0,4095.0,4095.0,2617.0,2901.0,2751.0,5.26,0.16,12.93,0.04,-0.02,-0.17,0.0,q
2951.0,2921.0,2876.0,4095.0,4095.0,2624.0,2907.0,2742.0,5.2,0.37,12.69,0.05,0.03,-0.16,0.0,q
2951.0,2923.0,2870.0,4095.0,4095.0,2625.0,2901.0,2746.0,5.12,0.18,12.9,-0.06,-0.01,-0.17,0.0,q
2943.0,2929.0,2894.0,4095.0,4095.0,2622.0,2915.0,2749.0,5.2,0.15,12.84,0.04,0.03,-0.18,0.0,q
2946.0,2934.0,2893.0,4095.0,4095.0,2623.0,2911.0,2738.0,5.01,0.1,13.14,-0.05,-0.02,-0.18,0.0,q
2944.0,2928.0,2883.0,4095.0,4095.0,2624.0,2910.0,2750.0,5.12,0.31,12.73,0.03,0.02,-0.11,0.0,q
2960.0,2915.0,2881.0,4095.0,4095.0,2629.0,2913.0,2755.0,5.34,0.37,12.89,0.01,0.04,-0.1,0.0,q
2956.0,2928.0,2893.0,4095.0,4095.0,2625.0,2914.0,2750.0,5.13,0.06,12.84,0.0,-0.03,-0.21,0.0,q
2960.0,2928.0,2885.0,4095.0,4095.0,2627.0,2913.0,2750.0,5.14,0.21,13.13,0.01,-0.03,-0.22,0.0,q
2949.0,2910.0,2886.0,4095.0,4095.0,2624.0,2906.0,2747.0,5.06,0.15,12.81,-0.07,-0.05,-0.21,0.0,q
2945.0,2923.0,2897.0,4095.0,4095.0,2629.0,2912.0,2747.0,5.26,-0.03,13.23,0.05,-0.02,-0.19,0.0,q
2957.0,2928.0,2897.0,4095.0,4095.0,2624.0,2913.0,2746.0,5.21,0.32,12.71,0.07,0.01,-0.13,0.0,q
2953.0,2927.0,2883.0,4095.0,4095.0,2635.0,2917.0,2750.0,5.16,0.26,12.89,0.02,-0.0,-0.16,0.0,q
2954.0,2937.0,2892.0,4095.0,4095.0,2659.0,2921.0,2754.0,5.35,0.01,12.89,0.09,-0.05,-0.19,0.0,q
2960.0,2935.0,2886.0,4095.0,4095.0,2671.0,2913.0,2752.0,5.37,0.0,12.8,0.11,-0.05,-0.2,0.0,q
2942.0,2928.0,2871.0,4095.0,4095.0,2674.0,2911.0,2753.0,5.54,-0.03,12.92,0.29,-0.01,-0.21,0.0,q
2947.0,2934.0,2892.0,4095.0,4095.0,2677.0,2909.0,2757.0,5.4,0.12,12.84,0.33,-0.01,-0.3,0.0,q
2969.0,2920.0,2880.0,4095.0,4095.0,2673.0,2914.0,2757.0,5.33,0.42,12.68,0.38,0.07,-0.3,0.0,q
2960.0,2944.0,2883.0,4095.0,4095.0,2672.0,2913.0,2758.0,5.18,0.62,12.87,0.43,0.03,-0.32,0.0,q
2950.0,2918.0,2886.0,4095.0,4095.0,2660.0,2921.0,2758.0,5.3,0.91,12.51,0.34,0.05,-0.24,0.0,q
2967.0,2931.0,2889.0,4095.0,4095.0,2668.0,2921.0,2763.0,5.38,1.03,12.62,0.07,-0.01,-0.17,0.0,q
2950.0,2925.0,2889.0,4095.0,4095.0,2659.0,2921.0,2754.0,5.24,0.89,13.02,0.09,0.04,-0.13,0.0,q
2957.0,2929.0,2883.0,4095.0,4095.0,2667.0,2924.0,2761.0,5.15,1.11,12.52,-0.03,0.06,-0.08,0.0,q
2963.0,2930.0,2901.0,4095.0,4095.0,2658.0,2928.0,2766.0,5.21,0.96,12.43,-0.23,0.02,-0.0,0.0,q
2953.0,2934.0,2894.0,4095.0,4095.0,2657.0,2923.0,2767.0,5.13,0.65,12.88,-0.43,0.04,0.01,0.0,q
2961.0,2928.0,2885.0,4095.0,4095.0,2661.0,2918.0,2757.0,5.37,0.43,13.17,-0.23,0.07,-0.02,0.0,q
2953.0,2929.0,2893.0,4095.0,4095.0,2657.0,2912.0,2759.0,5.29,0.38,13.15,0.04,0.02,-0.12,0.0,q
2953.0,2935.0,2879.0,4095.0,4095.0,2661.0,2918.0,2762.0,5.32,0.41,12.76,0.12,-0.0,-0.19,0.0,q
2960.0,2934.0,2903.0,4095.0,4095.0,2654.0,2921.0,2761.0,5.25,0.5,12.67,-0.05,0.01,-0.16,0.0,q
2947.0,2929.0,2880.0,4095.0,4095.0,2659.0,2925.0,2764.0,4.94,0.47,12.63,-0.22,0.02,-0.04,0.0,q
2947.0,2935.0,2889.0,4095.0,4095.0,2659.0,2923.0,2767.0,5.13,0.17,13.01,-0.35,0.05,0.03,0.0,q
2960.0,2935.0,2891.0,4095.0,4095.0,2654.0,2928.0,2765.0,4.94,0.07,12.67,-0.32,0.0,0.11,0.0,q
2957.0,2930.0,2885.0,4095.0,4095.0,2659.0,2911.0,2755.0,5.61,-0.22,13.25,-0.37,0.06,0.06,0.0,q
2959.0,2929.0,2885.0,4095.0,4095.0,2652.0,2931.0,2771.0,4.94,0.58,12.79,0.1,0.01,-0.17,0.0,q
2955.0,2927.0,2883.0,4095.0,4095.0,2651.0,2942.0,2762.0,4.93,0.89,12.7,0.04,-0.02,-0.11,0.0,q
2967.0,2941.0,2891.0,4095.0,4095.0,2651.0,2928.0,2769.0,5.4,0.37,12.56,-0.05,0.03,-0.09,0.0,q
2961.0,2928.0,2897.0,4095.0,4095.0,2653.0,2931.0,2771.0,5.48,-0.59,13.2,-0.12,0.01,-0.2,0.0,q
2960.0,2928.0,2891.0,4095.0,4095.0,2653.0,2930.0,2771.0,4.68,-0.15,13.74,0.08,-0.04,-0.32,0.0,q
2950.0,2931.0,2891.0,4095.0,4095.0,2645.0,2927.0,2768.0,4.19,1.07,13.0,0.22,0.03,-0.03,0.0,q
2962.0,2927.0,2896.0,4095.0,4095.0,2653.0,2932.0,2774.0,5.11,1.53,12.22,0.1,0.06,0.08,0.0,q
2954.0,2925.0,2889.0,4095.0,4095.0,2651.0,2932.0,2768.0,5.52,0.22,12.5,-0.15,-0.04,-0.07,0.0,q
2947.0,2926.0,2879.0,4095.0,4095.0,2647.0,2938.0,2770.0,5.59,-0.66,13.44,-0.1,-0.02,-0.22,0.0,q
2957.0,2923.0,2882.0,4095.0,4095.0,2655.0,2934.0,2775.0,4.94,0.07,13.1,0.04,-0.03,-0.26,0.0,q
2955.0,2940.0,2891.0,4095.0,4095.0,2654.0,2929.0,2769.0,4.92,0.57,12.9,0.01,0.0,-0.16,0.0,q
2952.0,2923.0,2880.0,4095.0,4095.0,2657.0,2928.0,2778.0,5.17,0.45,12.8,-0.02,0.03,-0.14,0.0,q
2967.0,2927.0,2896.0,4095.0,4095.0,2647.0,2929.0,2771.0,5.15,0.22,12.92,-0.02,0.02,-0.16,0.0,q
2961.0,2941.0,2896.0,4095.0,4095.0,2653.0,2931.0,2773.0,5.06,0.15,13.11,0.02,-0.04,-0.23,0.0,q
2959.0,2930.0,2890.0,4095.0,4095.0,2645.0,2928.0,2768.0,4.86,0.14,13.07,0.01,-0.06,-0.22,0.0,q
2955.0,2928.0,2896.0,4095.0,4095.0,2654.0,2932.0,2770.0,5.05,0.16,13.27,0.09,-0.0,-0.15,0.0,q
2954.0,2923.0,2885.0,4095.0,4095.0,2647.0,2925.0,2771.0,4.86,0.6,12.8,0.12,-0.05,-0.12,0.0,q
2955.0,2935.0,2895.0,4095.0,4095.0,2653.0,2932.0,2774.0,5.22,0.82,12.64,0.08,0.01,-0.05,0.0,q
2955.0,2929.0,2896.0,4095.0,4095.0,2651.0,2933.0,2770.0,5.41,0.36,12.4,-0.02,0.02,-0.11,0.0,q
2962.0,2932.0,2893.0,4095.0,4095.0,2697.0,2903.0,2774.0,4.73,-1.34,13.08,0.06,-0.07,-0.19,0.0,q
2965.0,2925.0,2886.0,4095.0,4095.0,2694.0,2901.0,2779.0,4.82,-1.25,12.92,0.12,-0.04,-0.12,0.0,q
2975.0,2938.0,2885.0,4095.0,4095.0,2699.0,2906.0,2775.0,4.72,-1.27,12.96,0.1,-0.1,-0.08,0.0,q
2957.0,2934.0,2895.0,4095.0,4095.0,2692.0,2902.0,2768.0,5.16,-1.3,13.21,0.08,0.06,-0.06,0.0,q
2960.0,2933.0,2884.0,4095.0,4095.0,2685.0,2901.0,2779.0,5.08,-1.17,12.66,0.29,-0.04,-0.25,0.0,q
2965.0,2931.0,2881.0,4095.0,4095.0,2679.0,2901.0,2773.0,5.41,-0.92,12.91,0.02,0.15,-0.37,0.0,q
2969.0,2935.0,2883.0,4095.0,4095.0,2685.0,2911.0,2786.0,5.05,-1.22,13.19,0.29,-0.08,-0.54,0.0,q
2964.0,2929.0,2890.0,4095.0,4095.0,2683.0,2908.0,2779.0,4.61,-0.54,12.76,0.15,0.01,-0.3,0.0,q
2949.0,2928.0,2894.0,4095.0,4095.0,2693.0,2917.0,2783.0,4.8,-0.77,13.61,0.23,0.0,-0.34,0.0,q
2967.0,2937.0,2882.0,4095.0,4095.0,2693.0,2914.0,2779.0,4.88,-0.52,13.18,0.62,0.01,-0.34,0.0,q
2959.0,2931.0,2895.0,4095.0,4095.0,2691.0,2914.0,2775.0,5.05,-0.05,12.58,0.5,-0.06,-0.35,0.0,q
2961.0,2918.0,2896.0,4095.0,4095.0,2690.0,2915.0,2770.0,5.27,0.13,13.04,0.64,-0.1,-0.44,0.0,q
2963.0,2930.0,2891.0,4095.0,4095.0,2695.0,2917.0,2785.0,4.84,0.75,12.22,0.29,0.04,-0.31,0.0,q
2957.0,2932.0,2895.0,4095.0,4095.0,2703.0,2927.0,2782.0,4.91,0.69,12.89,-0.11,0.03,-0.16,0.0,q
2960.0,2934.0,2895.0,4095.0,4095.0,2701.0,2918.0,2773.0,4.64,0.42,13.35,0.09,-0.04,-0.2,0.0,q
2961.0,2928.0,2881.0,4095.0,4095.0,2702.0,2915.0,2779.0,4.91,0.47,13.35,0.25,0.02,-0.23,0.0,q
2961.0,2922.0,2883.0,4095.0,4095.0,2699.0,2917.0,2775.0,4.99,0.71,12.85,0.33,-0.05,-0.19,0.0,q
2963.0,2928.0,2891.0,4095.0,4095.0,2704.0,2923.0,2779.0,5.14,0.84,12.64,0.14,0.01,-0.09,0.0,q
2958.0,2939.0,2890.0,4095.0,4095.0,2700.0,2923.0,2778.0,5.15,0.85,12.99,0.09,-0.04,-0.19,0.0,q
2966.0,2929.0,2884.0,4095.0,4095.0,2703.0,2928.0,2790.0,4.92,0.92,12.77,-0.01,0.01,-0.15,0.0,q
2955.0,2927.0,2886.0,4095.0,4095.0,2657.0,2960.0,2785.0,4.88,-1.56,12.82,0.7,-0.04,-0.75,0.0,q
2949.0,2946.0,2887.0,4095.0,4095.0,2663.0,2960.0,2793.0,4.71,-0.8,12.7,0.34,0.04,-0.49,0.0,q
2958.0,2928.0,2896.0,4095.0,4095.0,2669.0,2960.0,2785.0,4.97,-0.77,12.94,0.39,-0.02,-0.31,0.0,q
2955.0,2951.0,2893.0,4095.0,4095.0,2667.0,2962.0,2789.0,4.6,-0.54,12.79,0.29,-0.03,-0.24,0.0,q
2960.0,2929.0,2885.0,4095.0,4095.0,2661.0,2960.0,2786.0,5.13,-0.33,12.79,0.03,0.01,-0.13,0.0,q
2949.0,2929.0,2882.0,4095.0,4095.0,2662.0,2960.0,2789.0,4.97,-0.4,12.8,0.03,-0.04,-0.18,0.0,q
2957.0,2928.0,2892.0,4095.0,4095.0,2669.0,2960.0,2794.0,4.96,-0.83,12.75,-0.19,0.02,-0.03,0.0,q
2965.0,2933.0,2893.0,4095.0,4095.0,2666.0,2957.0,2791.0,4.86,-0.9,12.84,-0.37,-0.11,0.13,0.0,q
2954.0,2928.0,2899.0,4095.0,4095.0,2665.0,2955.0,2783.0,5.21,-0.88,12.83,-0.59,-0.03,0.21,0.0,q
2951.0,2935.0,2879.0,4095.0,4095.0,2659.0,2959.0,2787.0,5.04,-1.04,13.18,-0.31,0.01,0.18,0.0,q
2949.0,2928.0,2887.0,4095.0,4095.0,2663.0,2960.0,2793.0,5.23,-1.37,12.9,-0.24,0.19,-0.06,0.0,q
2960.0,2929.0,2887.0,4095.0,4095.0,2665.0,2961.0,2791.0,5.21,-1.91,13.19,-0.0,0.19,-0.26,0.0,q
2958.0,2940.0,2883.0,4095.0,4095.0,2662.0,2959.0,2796.0,4.93,-1.65,12.87,0.1,0.07,-0.33,0.0,q
2949.0,2935.0,2887.0,4095.0,4091.0,2661.0,2959.0,2789.0,4.53,-1.49,12.97,0.03,0.02,-0.22,0.0,q
2951.0,2929.0,2897.0,4095.0,4095.0,2663.0,2960.0,2791.0,4.86,-1.47,13.12,0.08,-0.0,-0.1,0.0,q
2958.0,2930.0,2895.0,4095.0,4095.0,2669.0,2965.0,2794.0,4.92,-1.49,13.16,0.27,-0.01,-0.24,0.0,q
2953.0,2944.0,2883.0,4095.0,4095.0,2660.0,2957.0,2797.0,4.81,-1.17,12.5,0.17,-0.06,-0.24,0.0,q
2949.0,2933.0,2894.0,4095.0,4095.0,2656.0,2944.0,2799.0,4.75,-0.97,12.55,-0.28,-0.03,-0.04,0.0,q
2951.0,2928.0,2887.0,4095.0,4095.0,2666.0,2935.0,2790.0,4.89,-1.41,13.14,-0.25,0.07,0.04,0.0,q
2950.0,2921.0,2883.0,4095.0,3984.0,2667.0,2934.0,2790.0,4.85,-1.79,13.04,-0.19,0.03,-0.01,0.0,q
2966.0,2928.0,2894.0,4095.0,4095.0,2599.0,2736.0,2590.0,4.74,0.41,12.88,0.09,-0.02,-0.11,0.0,q
2959.0,2932.0,2891.0,4095.0,4095.0,2598.0,2736.0,2559.0,4.83,0.17,12.88,-0.02,-0.02,-0.13,0.0,q
2943.0,2935.0,2881.0,4095.0,4095.0,2599.0,2739.0,2589.0,4.91,-0.13,13.02,-0.08,0.04,-0.12,0.0,q
2959.0,2929.0,2884.0,4095.0,4095.0,2597.0,2745.0,2593.0,4.89,-0.26,13.41,-0.04,-0.05,-0.25,0.0,q
2958.0,2941.0,2894.0,4095.0,4095.0,2606.0,2736.0,2590.0,4.46,0.01,13.35,0.01,0.01,-0.26,0.0,q
2944.0,2942.0,2881.0,4095.0,4095.0,2595.0,2736.0,2589.0,4.51,0.32,13.25,0.05,-0.01,-0.21,0.0,q
2957.0,2943.0,2887.0,4095.0,4095.0,2605.0,2749.0,2597.0,4.1,0.68,12.72,-0.0,-0.05,-0.14,0.0,q
2965.0,2943.0,2893.0,4095.0,4095.0,2607.0,2744.0,2595.0,4.8,0.27,13.46,-0.06,0.1,-0.13,0.0,q
2946.0,2938.0,2882.0,4095.0,4095.0,2608.0,2744.0,2595.0,4.55,0.34,12.74,0.1,-0.03,-0.21,0.0,q
2944.0,2934.0,2880.0,4095.0,4095.0,2605.0,2741.0,2597.0,4.35,0.11,13.01,-0.09,-0.09,-0.14,0.0,q
2955.0,2939.0,2886.0,4095.0,4095.0,2609.0,2748.0,2603.0,5.0,-0.57,13.6,-0.09,-0.03,-0.02,0.0,q
2959.0,2937.0,2891.0,4095.0,4095.0,2598.0,2743.0,2603.0,4.89,-0.61,13.0,-0.18,-0.12,0.0,0.0,q
2949.0,2939.0,2870.0,4095.0,4095.0,2589.0,2746.0,2599.0,5.28,-0.5,13.6,-0.05,-0.03,-0.1,0.0,q
2954.0,2930.0,2888.0,4095.0,4095.0,2586.0,2739.0,2595.0,4.64,-0.12,13.28,0.24,-0.08,-0.23,0.0,q
2957.0,2943.0,2887.0,4095.0,4095.0,2559.0,2751.0,2598.0,4.98,0.06,13.17,0.36,-0.0,-0.27,0.0,q
2967.0,2941.0,2881.0,4095.0,4095.0,2535.0,2747.0,2606.0,4.91,0.41,12.41,0.4,0.03,-0.27,0.0,q
2960.0,2944.0,2886.0,4095.0,4095.0,2521.0,2747.0,2608.0,5.05,0.23,13.32,0.18,0.05,-0.33,0.0,q
2961.0,2934.0,2890.0,4095.0,4095.0,2515.0,2752.0,2608.0,4.67,0.29,12.97,0.18,0.07,-0.25,0.0,q
2959.0,2941.0,2889.0,4095.0,4095.0,2515.0,2743.0,2612.0,4.88,0.6,13.03,-0.01,-0.0,-0.17,0.0,q
2960.0,2939.0,2880.0,4095.0,4095.0,2517.0,2751.0,2607.0,4.67,0.62,13.03,0.07,-0.0,-0.24,0.0,q
2967.0,2931.0,2890.0,4095.0,4095.0,2523.0,2768.0,2620.0,3.53,0.17,13.25,-0.69,-0.09,0.33,0.0,q
2961.0,2933.0,2893.0,4095.0,4095.0,2518.0,2768.0,2619.0,3.25,-0.17,14.12,-0.43,0.25,0.78,0.0,q
2958.0,2933.0,2895.0,4095.0,4095.0,2523.0,2768.0,2618.0,4.57,-1.22,14.19,0.05,0.01,0.33,0.0,q
2945.0,2928.0,2879.0,4095.0,4095.0,2519.0,2768.0,2614.0,5.91,-1.15,12.9,0.36,0.08,0.01,0.0,q
2959.0,2929.0,2889.0,4095.0,4095.0,2532.0,2771.0,2623.0,5.63,-0.86,12.56,-0.01,-0.33,-0.61,0.0,q
2960.0,2944.0,2893.0,4095.0,4095.0,2529.0,2768.0,2622.0,4.61,-0.35,13.03,-0.0,-0.01,-0.38,0.0,q
2966.0,2933.0,2881.0,4095.0,4095.0,2527.0,2771.0,2623.0,3.8,-0.04,13.24,-0.05,-0.09,-0.3,0.0,q
2960.0,2939.0,2895.0,4095.0,4095.0,2531.0,2772.0,2624.0,4.13,-0.45,13.46,-0.08,0.06,-0.1,0.0,q
2955.0,2941.0,2896.0,4095.0,4095.0,2534.0,2774.0,2624.0,4.74,-0.87,13.23,0.02,-0.01,-0.06,0.0,q
2960.0,2948.0,2891.0,4095.0,4095.0,2534.0,2779.0,2621.0,4.78,-0.8,13.29,-0.03,-0.1,-0.19,0.0,q
2944.0,2928.0,2883.0,4095.0,4095.0,2522.0,2768.0,2621.0,4.99,-0.61,13.14,0.1,0.01,-0.14,0.0,q
2956.0,2926.0,2885.0,4095.0,4095.0,2529.0,2773.0,2624.0,4.67,-0.24,12.81,0.03,0.0,-0.16,0.0,q
2954.0,2949.0,2891.0,4095.0,4095.0,2529.0,2779.0,2630.0,4.23,-0.46,12.92,-0.1,-0.07,0.02,0.0,q
2959.0,2955.0,2886.0,4095.0,4095.0,2531.0,2774.0,2631.0,4.32,-0.27,13.02,-0.44,0.11,0.16,0.0,q
2966.0,2938.0,2874.0,4095.0,4069.0,2541.0,2782.0,2635.0,5.35,-1.09,13.59,-0.24,0.15,-0.05,0.0,q
2959.0,2939.0,2894.0,4095.0,3946.0,2544.0,2787.0,2637.0,4.85,-1.87,13.51,0.09,-0.04,-0.51,0.0,q
2960.0,2930.0,2902.0,4095.0,3954.0,2544.0,2782.0,2638.0,4.79,-1.31,13.5,0.18,-0.05,-0.51,0.0,q
2950.0,2935.0,2886.0,4095.0,3985.0,2549.0,2786.0,2638.0,4.75,-0.62,12.88,0.31,-0.03,-0.48,0.0,q
2951.0,2931.0,2881.0,4095.0,4031.0,2544.0,2781.0,2637.0,4.47,-0.19,13.01,0.12,-0.04,-0.34,0.0,q
2957.0,2934.0,2891.0,4095.0,4042.0,2544.0,2784.0,2638.0,4.81,-0.4,13.16,0.18,-0.01,-0.4,0.0,q
2948.0,2933.0,2879.0,4095.0,4095.0,2592.0,2814.0,2657.0,5.1,0.47,12.89,-0.29,-0.07,-0.57,0.0,q
2958.0,2928.0,2880.0,4095.0,4095.0,2594.0,2811.0,2651.0,4.0,0.1,13.71,-0.52,-0.55,-0.96,0.0,q
2946.0,2931.0,2894.0,4095.0,4095.0,2593.0,2819.0,2651.0,3.4,0.05,14.55,-0.2,-0.4,-0.57,0.0,q
2961.0,2934.0,2883.0,4095.0,4095.0,2589.0,2814.0,2655.0,3.44,0.41,13.89,0.3,-0.13,-0.16,0.0,q
2955.0,2935.0,2887.0,4095.0,4095.0,2603.0,2819.0,2657.0,4.67,0.56,12.85,0.24,0.06,0.22,0.0,q
2950.0,2931.0,2881.0,4095.0,4095.0,2595.0,2806.0,2649.0,5.28,0.33,13.13,0.27,0.09,0.23,0.0,q
2960.0,2939.0,2891.0,4095.0,4095.0,2604.0,2815.0,2659.0,5.42,0.29,13.02,0.22,-0.08,-0.03,0.0,q
2954.0,2928.0,2880.0,4095.0,4095.0,2599.0,2813.0,2653.0,5.27,0.7,12.79,0.06,-0.2,-0.34,0.0,q
2960.0,2944.0,2883.0,4095.0,4095.0,2604.0,2812.0,2651.0,4.75,0.53,13.1,-0.07,-0.48,-0.55,0.0,q
2960.0,2931.0,2880.0,4095.0,4095.0,2602.0,2814.0,2647.0,4.59,0.88,13.01,0.07,-0.19,-0.19,0.0,q
2954.0,2928.0,2887.0,4095.0,4095.0,2607.0,2811.0,2640.0,4.27,1.43,12.85,0.41,0.27,0.54,0.0,q
2962.0,2931.0,2887.0,4095.0,4095.0,2605.0,2819.0,2646.0,4.01,1.74,12.26,0.25,0.59,0.96,0.0,q
2949.0,2928.0,2881.0,4095.0,4095.0,2591.0,2812.0,2642.0,5.63,0.63,12.04,-0.22,0.41,0.89,0.0,q
2953.0,2928.0,2882.0,4095.0,4095.0,2586.0,2811.0,2646.0,5.89,-0.19,12.47,-0.66,-0.06,0.55,0.0,q
2946.0,2932.0,2885.0,4095.0,4095.0,2589.0,2815.0,2645.0,5.87,-0.41,13.13,-0.89,-0.55,-0.67,0.0,q
2967.0,2939.0,2878.0,4095.0,4095.0,2599.0,2816.0,2647.0,4.98,-0.73,12.67,-0.72,-0.76,-0.85,0.0,q
2960.0,2930.0,2877.0,4095.0,4095.0,2599.0,2807.0,2637.0,5.01,-1.27,13.86,-0.35,0.04,-0.21,0.0,q
2959.0,2943.0,2881.0,4095.0,4095.0,2605.0,2813.0,2640.0,4.61,-1.12,13.35,0.07,-0.05,-0.13,0.0,q
2958.0,2938.0,2897.0,4095.0,4095.0,2602.0,2799.0,2645.0,4.51,-0.82,13.16,0.15,0.26,0.32,0.0,q
2961.0,2940.0,2886.0,4095.0,4095.0,2604.0,2813.0,2646.0,4.02,0.03,12.7,0.17,0.07,0.58,0.0,q
2960.0,2929.0,2882.0,4095.0,4095.0,2592.0,2801.0,2672.0,4.51,-0.12,13.4,-0.06,-0.06,-0.24,0.0,q
2960.0,2929.0,2876.0,4095.0,4095.0,2605.0,2800.0,2671.0,4.31,0.15,12.99,-0.02,0.03,-0.13,0.0,q
2975.0,2931.0,2882.0,4095.0,4095.0,2619.0,2800.0,2672.0,4.74,0.16,13.02,-0.1,0.01,-0.04,0.0,q
2959.0,2944.0,2883.0,4095.0,4095.0,2623.0,2806.0,2672.0,4.59,0.03,13.2,0.02,-0.05,-0.17,0.0,q
2960.0,2941.0,2891.0,4095.0,4095.0,2623.0,2800.0,2672.0,4.86,0.13,12.93,-0.0,-0.01,-0.18,0.0,q
2959.0,2928.0,2900.0,4095.0,4095.0,2619.0,2804.0,2672.0,4.58,-0.21,12.96,-0.08,-0.13,-0.27,0.0,q
2962.0,2937.0,2877.0,4095.0,4095.0,2594.0,2801.0,2669.0,4.72,-0.42,13.52,-0.04,-0.03,-0.17,0.0,q
2970.0,2944.0,2896.0,4095.0,4095.0,2559.0,2819.0,2671.0,4.7,-0.4,13.4,0.18,-0.07,-0.19,0.0,q
2968.0,2939.0,2891.0,4095.0,4095.0,2555.0,2806.0,2671.0,4.69,0.0,13.03,0.15,0.02,-0.04,0.0,q
2959.0,2930.0,2886.0,4095.0,4095.0,2544.0,2800.0,2662.0,4.9,-0.15,13.19,0.13,-0.06,-0.18,0.0,q
2957.0,2923.0,2891.0,4095.0,4095.0,2534.0,2803.0,2672.0,4.86,0.14,13.0,0.13,0.03,-0.13,0.0,q
2947.0,2943.0,2890.0,4095.0,4095.0,2527.0,2802.0,2661.0,4.76,0.18,12.92,0.09,-0.03,-0.21,0.0,q
2967.0,2934.0,2889.0,4095.0,4095.0,2522.0,2810.0,2669.0,4.72,0.21,13.05,0.03,0.01,-0.18,0.0,q
2957.0,2934.0,2882.0,4095.0,4095.0,2521.0,2799.0,2665.0,4.64,0.19,12.99,0.06,0.05,-0.15,0.0,q
2956.0,2928.0,2880.0,4095.0,4095.0,2526.0,2800.0,2668.0,4.82,0.06,13.47,0.05,0.02,-0.22,0.0,q
2951.0,2925.0,2896.0,4095.0,4095.0,2526.0,2801.0,2672.0,4.52,-0.21,13.48,0.21,0.0,-0.3,0.0,q
2944.0,2938.0,2879.0,4095.0,4095.0,2515.0,2799.0,2663.0,4.75,0.09,13.43,0.27,0.02,-0.21,0.0,q
2955.0,2928.0,2895.0,4095.0,4095.0,2521.0,2800.0,2675.0,4.64,0.44,13.38,0.43,-0.02,-0.43,0.0,q
2957.0,2929.0,2881.0,4095.0,4095.0,2523.0,2802.0,2672.0,4.76,0.77,13.2,0.6,0.14,-0.37,0.0,q
2952.0,2935.0,2880.0,4095.0,4095.0,2525.0,2800.0,2672.0,4.83,1.32,13.29,0.85,0.09,-0.57,0.0,q
2958.0,2931.0,2884.0,4095.0,4095.0,2603.0,2823.0,2688.0,4.79,-0.67,12.82,-0.05,-0.11,-0.43,0.0,q
2967.0,2950.0,2889.0,4095.0,4095.0,2603.0,2817.0,2683.0,4.86,-0.48,12.28,-0.34,-0.02,-0.27,0.0,q
2956.0,2944.0,2895.0,4095.0,4095.0,2605.0,2817.0,2682.0,6.31,-0.77,12.09,-0.83,0.22,-0.02,0.0,q
2960.0,2914.0,2885.0,4095.0,4095.0,2603.0,2817.0,2681.0,4.16,-1.62,14.76,-0.38,-0.09,-0.85,0.0,q
2963.0,2935.0,2886.0,4095.0,4095.0,2604.0,2816.0,2686.0,3.22,-1.28,14.16,0.51,0.24,-0.35,0.0,q
2961.0,2932.0,2889.0,4095.0,4095.0,2603.0,2827.0,2690.0,3.72,-0.69,13.67,0.61,-0.12,-0.34,0.0,q
2964.0,2943.0,2894.0,4095.0,4095.0,2583.0,2819.0,2687.0,4.37,-0.66,13.08,0.74,-0.01,-0.11,0.0,q
2960.0,2941.0,2885.0,4095.0,4095.0,2559.0,2820.0,2686.0,5.01,-0.26,13.07,0.54,-0.02,-0.05,0.0,q
2960.0,2933.0,2887.0,4095.0,4095.0,2559.0,2825.0,2687.0,4.83,-0.07,13.02,0.55,-0.11,-0.26,0.0,q
2977.0,2935.0,2893.0,4095.0,4095.0,2559.0,2827.0,2690.0,4.53,0.37,12.84,0.26,0.07,-0.08,0.0,q
2961.0,2933.0,2895.0,4095.0,4095.0,2559.0,2829.0,2691.0,4.87,0.36,13.46,0.31,-0.11,-0.24,0.0,q
2971.0,2939.0,2895.0,4095.0,4095.0,2559.0,2830.0,2688.0,4.74,0.58,12.55,0.28,-0.03,-0.12,0.0,q
2957.0,2931.0,2882.0,4095.0,4095.0,2559.0,2832.0,2685.0,4.87,0.71,12.96,0.01,-0.03,-0.12,0.0,q
2956.0,2938.0,2885.0,4095.0,4095.0,2582.0,2832.0,2693.0,4.82,0.61,13.03,-0.08,-0.03,-0.05,0.0,q
2959.0,2929.0,2890.0,4095.0,4095.0,2583.0,2829.0,2691.0,4.71,0.38,13.27,-0.14,-0.07,-0.17,0.0,q
2964.0,2929.0,2885.0,4095.0,4095.0,2585.0,2833.0,2701.0,4.81,0.18,13.24,-0.02,-0.12,-0.18,0.0,q
2960.0,2927.0,2898.0,4095.0,4095.0,2559.0,2832.0,2690.0,4.47,0.53,13.21,-0.05,-0.02,-0.11,0.0,q
2961.0,2929.0,2884.0,4095.0,4095.0,2581.0,2823.0,2698.0,4.9,0.63,12.88,-0.09,-0.02,-0.08,0.0,q
2961.0,2945.0,2887.0,4095.0,4095.0,2591.0,2837.0,2694.0,5.2,0.48,12.58,-0.07,0.05,-0.05,0.0,q
2957.0,2941.0,2887.0,4095.0,4095.0,2559.0,2832.0,2695.0,5.41,-0.07,12.74,-0.46,0.06,-0.22,0.0,q
2960.0,2943.0,2886.0,4095.0,4095.0,2623.0,2834.0,2704.0,4.81,-0.49,13.6,0.58,0.05,-0.34,0.0,q
2969.0,2934.0,2880.0,4095.0,4095.0,2614.0,2832.0,2701.0,4.52,0.42,12.67,0.48,-0.04,-0.2,0.0,q
2967.0,2934.0,2889.0,4095.0,4095.0,2614.0,2832.0,2702.0,4.83,1.03,11.99,-0.01,-0.01,0.11,0.0,q
2951.0,2928.0,2892.0,4095.0,4095.0,2613.0,2832.0,2695.0,5.16,0.85,11.66,-0.6,-0.06,0.45,0.0,q
2956.0,2945.0,2881.0,4095.0,4095.0,2614.0,2832.0,2701.0,5.42,-0.51,12.96,-1.03,0.01,0.27,0.0,q
2950.0,2926.0,2893.0,4095.0,4095.0,2614.0,2826.0,2698.0,4.78,-1.55,13.52,-0.89,-0.18,0.09,0.0,q
2953.0,2934.0,2883.0,4095.0,4095.0,2614.0,2832.0,2701.0,5.21,-2.22,15.16,-0.03,0.16,-0.38,0.0,q
2947.0,2928.0,2879.0,4095.0,4095.0,2609.0,2831.0,2698.0,5.08,-1.61,13.12,1.05,-0.14,-0.67,0.0,q
2960.0,2917.0,2896.0,4095.0,4095.0,2621.0,2834.0,2704.0,4.82,0.08,12.34,0.66,0.09,-0.34,0.0,q
2961.0,2934.0,2887.0,4095.0,4095.0,2617.0,2836.0,2705.0,5.04,0.73,11.36,0.09,-0.01,-0.06,0.0,q
2964.0,2935.0,2891.0,4095.0,4095.0,2618.0,2839.0,2704.0,4.72,0.45,11.93,-0.72,-0.01,0.34,0.0,q
2961.0,2930.0,2885.0,4095.0,4095.0,2617.0,2835.0,2704.0,5.45,-1.13,13.25,-1.1,-0.07,0.28,0.0,q
2959.0,2928.0,2883.0,4095.0,4095.0,2623.0,2832.0,2697.0,5.46,-2.64,14.68,-0.13,-0.09,-0.26,0.0,q
2959.0,2929.0,2880.0,4095.0,4095.0,2614.0,2831.0,2701.0,5.08,-1.69,13.07,0.64,0.06,-0.3,0.0,q
2953.0,2928.0,2883.0,4095.0,4095.0,2624.0,2832.0,2703.0,4.81,-0.46,11.99,0.28,-0.07,-0.17,0.0,q
2965.0,2931.0,2883.0,4095.0,4095.0,2622.0,2833.0,2704.0,5.38,-0.25,12.22,-0.1,0.05,0.1,0.0,q
2953.0,2929.0,2867.0,4095.0,4095.0,2619.0,2833.0,2699.0,5.28,-1.02,13.15,-0.12,-0.04,-0.17,0.0,q
2958.0,2941.0,2882.0,4095.0,4095.0,2619.0,2834.0,2705.0,5.23,-1.77,14.4,0.44,-0.02,-0.6,0.0,q
2960.0,2923.0,2878.0,4095.0,4095.0,2624.0,2833.0,2710.0,4.75,-0.79,13.07,1.14,0.01,-0.61,0.0,q
2961.0,2938.0,2898.0,4095.0,4095.0,2625.0,2843.0,2708.0,5.08,0.57,11.65,0.6,-0.05,-0.24,0.0,q
2959.0,2935.0,2880.0,4095.0,4095.0,2545.0,2868.0,2711.0,5.23,-0.51,13.17,-0.01,0.01,-0.09,0.0,q
2958.0,2927.0,2880.0,4095.0,4095.0,2538.0,2874.0,2713.0,5.13,-0.66,12.96,0.07,-0.12,-0.29,0.0,q
2962.0,2941.0,2886.0,4095.0,4095.0,2540.0,2877.0,2712.0,4.93,-0.32,12.73,0.04,-0.03,-0.15,0.0,q
2955.0,2943.0,2893.0,4095.0,4095.0,2544.0,2870.0,2709.0,4.83,-0.03,12.53,-0.3,-0.08,0.03,0.0,q
2958.0,2928.0,2891.0,4095.0,4095.0,2559.0,2873.0,2714.0,5.17,-0.6,12.58,-0.71,0.01,0.35,0.0,q
2955.0,2928.0,2885.0,4095.0,4095.0,2585.0,2870.0,2709.0,5.12,-1.5,13.4,-0.51,-0.04,0.14,0.0,q
2960.0,2934.0,2885.0,4095.0,4095.0,2601.0,2870.0,2718.0,5.29,-1.73,13.46,-0.16,0.24,-0.16,0.0,q
2960.0,2933.0,2895.0,4095.0,4095.0,2609.0,2876.0,2725.0,5.25,-1.69,13.17,0.15,-0.0,-0.4,0.0,q
2959.0,2935.0,2886.0,4095.0,4095.0,2617.0,2866.0,2715.0,4.75,-1.03,12.56,0.21,0.05,-0.33,0.0,q
2957.0,2930.0,2889.0,4095.0,4095.0,2621.0,2868.0,2727.0,4.95,-1.14,13.07,0.14,0.02,-0.4,0.0,q
2954.0,2936.0,2886.0,4095.0,4095.0,2641.0,2865.0,2723.0,4.83,-1.24,13.08,0.26,0.16,-0.29,0.0,q
2966.0,2919.0,2885.0,4095.0,4095.0,2656.0,2879.0,2724.0,4.81,-0.9,12.66,0.05,-0.02,-0.17,0.0,q
2966.0,2948.0,2883.0,4095.0,4095.0,2665.0,2875.0,2729.0,5.07,-0.89,13.06,0.11,0.06,-0.23,0.0,q
2961.0,2933.0,2894.0,4095.0,4095.0,2667.0,2874.0,2715.0,4.9,-0.97,12.85,0.08,-0.01,-0.2,0.0,q
2962.0,2928.0,2893.0,4095.0,4095.0,2666.0,2870.0,2727.0,5.01,-0.8,13.25,0.13,0.03,-0.26,0.0,q
2963.0,2929.0,2894.0,4095.0,4095.0,2672.0,2865.0,2731.0,4.8,-0.52,12.39,0.02,0.04,-0.14,0.0,q
2960.0,2925.0,2887.0,4095.0,4095.0,2675.0,2853.0,2719.0,5.1,-0.76,13.32,-0.06,-0.01,-0.26,0.0,q
2975.0,2931.0,2889.0,4095.0,4095.0,2678.0,2853.0,2723.0,4.75,-0.69,12.73,0.05,0.02,-0.17,0.0,q
2973.0,2931.0,2881.0,4095.0,4095.0,2665.0,2854.0,2722.0,4.87,-0.8,13.26,0.1,-0.02,-0.18,0.0,q
2974.0,2943.0,2887.0,4095.0,4095.0,2649.0,2855.0,2726.0,4.8,-0.5,12.64,0.08,0.03,-0.05,0.0,q
2967.0,2928.0,2888.0,4095.0,4095.0,2657.0,2894.0,2745.0,4.56,-1.08,13.07,0.03,-0.01,-0.12,0.0,q
2956.0,2933.0,2880.0,4095.0,4095.0,2657.0,2891.0,2737.0,5.0,-1.17,12.98,-0.03,-0.06,-0.08,0.0,q
2961.0,2935.0,2893.0,4095.0,4095.0,2671.0,2904.0,2751.0,5.04,-1.5,13.18,-0.02,-0.16,-0.2,0.0,q
2959.0,2934.0,2887.0,4095.0,4095.0,2676.0,2910.0,2762.0,5.08,-0.74,12.67,0.12,-0.04,-0.18,0.0,q
2966.0,2955.0,2893.0,4095.0,4095.0,2678.0,2915.0,2763.0,4.91,-0.82,12.65,-0.07,-0.04,-0.16,0.0,q
2960.0,2944.0,2882.0,4095.0,4095.0,2682.0,2917.0,2764.0,5.18,-1.21,13.14,0.01,-0.04,-0.14,0.0,q
2955.0,2931.0,2883.0,4095.0,4095.0,2683.0,2917.0,2764.0,5.28,-0.86,12.48,0.11,0.0,-0.16,0.0,q
2960.0,2923.0,2883.0,4095.0,4095.0,2682.0,2913.0,2765.0,5.19,-1.1,12.76,-0.15,-0.01,-0.17,0.0,q
2959.0,2951.0,2883.0,4095.0,4095.0,2683.0,2914.0,2757.0,4.98,-1.24,12.92,-0.12,-0.0,-0.2,0.0,q
2960.0,2941.0,2881.0,4095.0,4095.0,2676.0,2897.0,2749.0,4.93,-1.29,13.0,-0.16,0.0,-0.09,0.0,q
2960.0,2943.0,2877.0,4095.0,4095.0,2674.0,2896.0,2750.0,4.93,-1.73,13.5,-0.03,-0.03,-0.22,0.0,q
2954.0,2937.0,2887.0,4095.0,4095.0,2677.0,2907.0,2752.0,4.83,-1.24,12.86,0.13,-0.05,-0.16,0.0,q
2951.0,2933.0,2883.0,4095.0,4095.0,2681.0,2910.0,2753.0,5.12,-0.55,12.54,0.11,-0.01,-0.04,0.0,q
2957.0,2945.0,2893.0,4095.0,4095.0,2678.0,2907.0,2754.0,5.36,-1.05,12.55,-0.01,0.03,-0.02,0.0,q
2959.0,2944.0,2878.0,4095.0,4095.0,2672.0,2903.0,2753.0,5.28,-1.73,13.08,0.04,-0.01,-0.15,0.0,q
2963.0,2934.0,2893.0,4095.0,4095.0,2674.0,2909.0,2753.0,5.05,-1.5,12.97,0.13,-0.02,-0.18,0.0,q
2958.0,2935.0,2890.0,4095.0,4095.0,2676.0,2907.0,2762.0,4.96,-1.02,12.91,0.04,-0.09,-0.2,0.0,q
2961.0,2932.0,2887.0,4095.0,4095.0,2681.0,2913.0,2763.0,5.19,-0.91,12.55,0.12,0.01,-0.13,0.0,q
2954.0,2927.0,2883.0,4095.0,4095.0,2675.0,2913.0,2757.0,5.18,-1.0,12.71,-0.02,-0.02,-0.12,0.0,q
2970.0,2937.0,2889.0,4095.0,4095.0,2677.0,2911.0,2764.0,5.09,-1.19,12.94,-0.01,0.01,-0.13,0.0,q
2946.0,2941.0,2882.0,4095.0,4095.0,2710.0,2928.0,2778.0,5.42,0.26,12.81,-0.03,-0.04,-0.26,0.0,q
2960.0,2923.0,2885.0,4095.0,4095.0,2709.0,2928.0,2775.0,5.56,0.5,12.62,0.11,0.03,-0.14,0.0,q
2957.0,2933.0,2880.0,4095.0,4095.0,2710.0,2933.0,2771.0,5.64,0.71,12.54,0.11,-0.01,-0.11,0.0,q
2958.0,2939.0,2881.0,4095.0,4095.0,2709.0,2935.0,2780.0,5.53,1.12,12.22,0.12,0.04,-0.08,0.0,q
2945.0,2926.0,2891.0,4095.0,4095.0,2710.0,2933.0,2781.0,5.48,0.75,12.52,-0.07,0.0,-0.05,0.0,q
2960.0,2938.0,2889.0,4095.0,4095.0,2707.0,2930.0,2785.0,5.58,0.53,12.73,-0.11,-0.01,0.01,0.0,q
2943.0,2945.0,2877.0,4095.0,4095.0,2704.0,2924.0,2777.0,5.44,0.57,12.84,0.0,-0.07,-0.09,0.0,q
2955.0,2930.0,2889.0,4095.0,4095.0,2703.0,2927.0,2779.0,5.35,0.48,12.19,-0.06,0.02,0.19,0.0,q
2961.0,2944.0,2886.0,4095.0,4095.0,2704.0,2928.0,2781.0,5.37,0.44,12.87,-0.02,-0.0,0.35,0.0,q
2957.0,2943.0,2893.0,4095.0,4095.0,2704.0,2928.0,2782.0,5.59,0.04,12.62,0.14,-0.0,0.46,0.0,q
2959.0,2939.0,2883.0,4095.0,4095.0,2693.0,2925.0,2782.0,5.59,0.2,12.36,0.17,0.19,0.82,0.0,q
2946.0,2943.0,2899.0,4095.0,4095.0,2695.0,2926.0,2783.0,6.14,-0.01,12.13,-0.18,-0.06,0.48,0.0,q
2958.0,2935.0,2885.0,4095.0,4095.0,2690.0,2928.0,2784.0,5.68,-0.66,12.1,-0.33,-0.01,0.54,0.0,q
2954.0,2943.0,2883.0,4095.0,4095.0,2693.0,2917.0,2782.0,5.66,-1.2,12.56,-0.43,-0.07,0.61,0.0,q
2949.0,2931.0,2879.0,4095.0,4095.0,2693.0,2918.0,2785.0,5.31,-1.98,12.98,-0.11,0.11,0.97,0.0,q
2960.0,2943.0,2888.0,4095.0,4095.0,2699.0,2927.0,2793.0,5.56,-1.71,12.97,0.21,0.19,0.95,0.0,q
2962.0,2939.0,2890.0,4095.0,4095.0,2699.0,2927.0,2790.0,5.97,-1.69,12.39,0.32,0.25,0.51,0.0,q
2955.0,2938.0,2891.0,4095.0,4095.0,2698.0,2928.0,2782.0,5.66,-1.49,12.38,0.12,0.34,0.09,0.0,q
2951.0,2934.0,2885.0,4095.0,4095.0,2693.0,2935.0,2782.0,4.92,-1.92,12.67,-0.03,0.22,-0.24,0.0,q
2970.0,2935.0,2885.0,4095.0,4095.0,2685.0,2929.0,2786.0,4.77,-2.31,13.36,0.03,0.35,-0.08,0.0,q
2957.0,2930.0,2883.0,4095.0,4095.0,2698.0,2935.0,2779.0,4.99,-1.16,13.22,0.08,-0.01,-0.44,0.0,q
2958.0,2941.0,2890.0,4095.0,4095.0,2704.0,2942.0,2785.0,4.61,-0.88,12.78,0.1,0.07,-0.23,0.0,q
2955.0,2928.0,2882.0,4095.0,4095.0,2704.0,2940.0,2785.0,4.64,-0.83,12.97,-0.07,0.02,-0.19,0.0,q
2958.0,2928.0,2885.0,4095.0,4095.0,2704.0,2940.0,2791.0,4.41,-1.07,13.26,0.0,0.03,-0.03,0.0,q
2953.0,2932.0,2898.0,4095.0,4095.0,2711.0,2943.0,2788.0,4.7,-1.23,13.37,0.01,0.0,-0.06,0.0,q
2960.0,2935.0,2893.0,4095.0,4095.0,2705.0,2940.0,2786.0,4.84,-1.15,13.03,0.06,-0.05,-0.19,0.0,q
2958.0,2928.0,2887.0,4095.0,4095.0,2704.0,2940.0,2783.0,4.76,-1.16,13.08,0.02,-0.0,-0.13,0.0,q
2959.0,2927.0,2880.0,4095.0,4095.0,2699.0,2941.0,2787.0,4.61,-1.03,13.24,0.13,-0.07,-0.19,0.0,q
2953.0,2949.0,2886.0,4095.0,4095.0,2705.0,2938.0,2791.0,4.67,-0.85,12.82,0.07,-0.02,-0.1,0.0,q
2961.0,2935.0,2881.0,4095.0,4095.0,2702.0,2941.0,2785.0,4.92,-0.95,13.11,-0.02,-0.06,-0.18,0.0,q
2957.0,2939.0,2879.0,4095.0,4095.0,2704.0,2939.0,2791.0,4.76,-0.97,12.76,-0.02,-0.02,-0.12,0.0,q
2953.0,2929.0,2883.0,4095.0,4095.0,2704.0,2943.0,2800.0,5.14,-1.19,13.26,-0.06,-0.05,-0.25,0.0,q
2960.0,2939.0,2889.0,4095.0,4095.0,2697.0,2941.0,2787.0,4.92,-1.19,12.86,0.11,-0.0,-0.22,0.0,q
2962.0,2933.0,2880.0,4095.0,4095.0,2691.0,2939.0,2790.0,4.84,-0.74,12.78,-0.11,-0.02,-0.19,0.0,q
2962.0,2947.0,2885.0,4095.0,4095.0,2695.0,2941.0,2784.0,4.87,-0.95,13.06,-0.12,-0.06,-0.22,0.0,q
2954.0,2939.0,2893.0,4095.0,4095.0,2697.0,2943.0,2793.0,4.82,-1.02,13.02,-0.03,-0.02,-0.1,0.0,q
2966.0,2943.0,2893.0,4095.0,4095.0,2693.0,2939.0,2799.0,5.06,-1.07,13.01,0.08,-0.07,-0.22,0.0,q
2961.0,2938.0,2889.0,4095.0,4095.0,2686.0,2945.0,2793.0,5.04,-1.09,12.7,0.05,-0.03,-0.14,0.0,q
2960.0,2941.0,2887.0,4095.0,4095.0,2662.0,2939.0,2791.0,5.1,-1.16,12.98,0.03,-0.06,-0.16,0.0,q
2961.0,2935.0,2892.0,4095.0,4095.0,2654.0,2943.0,2785.0,4.83,-0.87,12.93,0.08,0.0,-0.24,0.0,q
3082.0,3103.0,2359.0,4095.0,4095.0,2373.0,2731.0,2720.0,3.58,1.26,13.6,-0.03,-0.03,-0.21,0.0,q
3089.0,3106.0,2367.0,4095.0,4095.0,2371.0,2736.0,2723.0,3.4,1.05,13.78,-0.04,-0.06,-0.22,0.0,q
3086.0,3095.0,2374.0,4095.0,4095.0,2375.0,2735.0,2719.0,3.4,1.1,13.77,-0.04,-0.11,-0.16,0.0,q
3085.0,3098.0,2369.0,4095.0,4095.0,2377.0,2736.0,2711.0,3.63,1.21,13.71,0.03,-0.08,-0.12,0.0,q
3081.0,3100.0,2362.0,4095.0,4095.0,2379.0,2738.0,2721.0,3.56,1.29,13.58,0.17,-0.06,-0.21,0.0,q
3091.0,3093.0,2365.0,4095.0,4095.0,2383.0,2736.0,2716.0,3.67,1.4,13.31,0.09,-0.01,-0.12,0.0,q
3088.0,3092.0,2362.0,4095.0,4095.0,2383.0,2736.0,2729.0,3.7,1.53,13.38,0.08,-0.02,-0.16,0.0,q
3093.0,3088.0,2357.0,4095.0,4095.0,2385.0,2738.0,2717.0,3.65,1.43,13.43,-0.02,-0.0,-0.16,0.0,q
3088.0,3088.0,2363.0,4095.0,4095.0,2386.0,2736.0,2717.0,3.68,1.26,13.7,-0.02,0.03,-0.16,0.0,q
3083.0,3097.0,2354.0,4095.0,4095.0,2386.0,2739.0,2721.0,3.51,1.22,13.83,0.23,-0.04,-0.3,0.0,q
3095.0,3088.0,2357.0,4095.0,4095.0,2386.0,2736.0,2717.0,3.3,1.51,13.37,0.1,-0.01,-0.17,0.0,q
3083.0,3088.0,2353.0,4095.0,4095.0,2390.0,2737.0,2715.0,3.6,1.64,13.5,0.0,-0.0,-0.11,0.0,q
3089.0,3096.0,2362.0,4095.0,4095.0,2392.0,2741.0,2722.0,3.62,1.47,13.41,-0.05,0.03,-0.03,0.0,q
3088.0,3086.0,2354.0,4095.0,4095.0,2391.0,2741.0,2717.0,3.69,1.44,13.44,-0.15,-0.01,-0.06,0.0,q
3113.0,3087.0,2357.0,4095.0,4095.0,2389.0,2740.0,2718.0,3.67,1.36,13.4,-0.18,0.0,-0.07,0.0,q
3105.0,3095.0,2353.0,4095.0,4095.0,2387.0,2736.0,2719.0,3.83,0.95,14.04,-0.1,-0.1,-0.22,0.0,q
3113.0,3091.0,2371.0,4095.0,4095.0,2401.0,2742.0,2718.0,3.19,1.09,13.35,-0.04,-0.05,-0.13,0.0,q
3110.0,3093.0,2364.0,4095.0,4095.0,2396.0,2739.0,2719.0,3.87,1.14,13.5,-0.23,-0.09,0.05,0.0,q
3121.0,3093.0,2365.0,4095.0,4095.0,2399.0,2738.0,2720.0,3.63,1.07,13.46,-0.09,-0.06,-0.0,0.0,q
3123.0,3087.0,2366.0,4095.0,4095.0,2402.0,2738.0,2724.0,3.91,0.92,13.75,-0.03,0.03,-0.03,0.0,q
3110.0,3092.0,2333.0,4095.0,4095.0,2445.0,2777.0,2759.0,3.66,1.74,13.07,0.06,-0.07,-0.2,0.0,q
3107.0,3095.0,2343.0,4095.0,4095.0,2447.0,2779.0,2758.0,3.67,1.36,13.04,-0.14,-0.01,-0.11,0.0,q
3115.0,3086.0,2334.0,4095.0,4095.0,2442.0,2768.0,2756.0,4.17,0.09,13.42,-0.23,0.01,-0.11,0.0,q
3117.0,3095.0,2339.0,4095.0,4095.0,2446.0,2770.0,2757.0,4.33,-0.74,14.42,-0.19,0.07,-0.1,0.0,q
3107.0,3092.0,2325.0,4095.0,4095.0,2441.0,2775.0,2752.0,3.86,0.07,14.07,0.2,0.14,-0.12,0.0,q
3110.0,3093.0,2332.0,4095.0,4095.0,2447.0,2773.0,2757.0,3.04,1.29,13.69,0.18,0.1,-0.02,0.0,q
3113.0,3088.0,2337.0,4095.0,4095.0,2446.0,2777.0,2753.0,3.47,1.85,13.49,0.19,0.04,-0.04,0.0,q
3116.0,3093.0,2345.0,4095.0,4095.0,2449.0,2773.0,2759.0,3.54,1.65,12.91,0.04,-0.05,-0.16,0.0,q
3113.0,3103.0,2338.0,4095.0,4095.0,2447.0,2771.0,2763.0,4.02,1.06,13.17,-0.16,-0.07,-0.21,0.0,q
3111.0,3086.0,2342.0,4095.0,4095.0,2450.0,2774.0,2757.0,3.9,0.34,13.46,-0.23,-0.03,-0.2,0.0,q
3111.0,3092.0,2335.0,4095.0,4095.0,2447.0,2768.0,2754.0,4.14,-0.31,14.08,-0.21,-0.01,-0.22,0.0,q
3097.0,3086.0,2342.0,4095.0,4095.0,2449.0,2769.0,2755.0,3.61,-0.04,14.34,0.13,0.04,-0.26,0.0,q
3119.0,3089.0,2340.0,4095.0,4095.0,2459.0,2770.0,2757.0,3.24,0.79,13.81,0.19,-0.03,-0.23,0.0,q
3103.0,3091.0,2326.0,4095.0,4095.0,2450.0,2777.0,2761.0,3.21,1.49,13.59,0.19,-0.05,-0.15,0.0,q
3117.0,3092.0,2326.0,4095.0,4095.0,2451.0,2774.0,2757.0,3.61,1.7,13.13,0.15,-0.05,-0.05,0.0,q
3118.0,3087.0,2343.0,4095.0,4095.0,2454.0,2779.0,2762.0,3.9,1.35,13.03,-0.01,-0.04,-0.08,0.0,q
3114.0,3071.0,2332.0,4095.0,4095.0,2459.0,2777.0,2755.0,4.13,0.81,13.31,-0.08,-0.01,-0.1,0.0,q
3109.0,3084.0,2338.0,4095.0,4095.0,2449.0,2778.0,2755.0,4.07,0.31,13.64,-0.1,-0.01,-0.19,0.0,q
3101.0,3088.0,2339.0,4095.0,4095.0,2458.0,2782.0,2758.0,4.06,0.38,13.94,-0.07,-0.03,-0.29,0.0,q
3113.0,3104.0,2343.0,4095.0,4095.0,2451.0,2783.0,2766.0,3.58,0.77,13.74,0.08,-0.04,-0.33,0.0,q
3104.0,3091.0,2334.0,4095.0,4095.0,2460.0,2780.0,2765.0,3.91,1.17,13.33,0.04,-0.03,-0.13,0.0,q
3107.0,3070.0,2336.0,4095.0,4095.0,2465.0,2780.0,2767.0,3.63,1.25,13.62,-0.04,-0.01,-0.18,0.0,q
3116.0,3104.0,2336.0,4095.0,4095.0,2462.0,2777.0,2765.0,3.69,1.1,13.61,0.03,-0.0,-0.14,0.0,q
3102.0,3088.0,2320.0,4095.0,4095.0,2462.0,2779.0,2767.0,3.74,1.19,13.53,0.01,-0.05,-0.15,0.0,q
3104.0,3091.0,2334.0,4095.0,4095.0,2460.0,2780.0,2765.0,3.91,1.17,13.33,0.04,-0.03,-0.13,0.0,q
3105.0,3071.0,2323.0,4095.0,4095.0,2463.0,2777.0,2763.0,3.88,1.24,13.45,-0.01,-0.02,-0.12,0.0,q
3118.0,3086.0,2327.0,4095.0,4095.0,2466.0,2782.0,2768.0,3.94,1.14,13.52,0.02,-0.0,-0.17,0.0,q
3120.0,3088.0,2339.0,4095.0,4095.0,2463.0,2781.0,2767.0,3.83,1.21,13.47,0.02,-0.01,-0.16,0.0,q
3120.0,3087.0,2347.0,4095.0,4095.0,2463.0,2769.0,2768.0,3.82,1.27,13.43,0.03,-0.03,-0.19,0.0,q
3110.0,3088.0,2333.0,4095.0,4095.0,2459.0,2783.0,2761.0,3.77,1.37,13.44,0.03,0.02,-0.12,0.0,q
3108.0,3090.0,2334.0,4095.0,4095.0,2468.0,2781.0,2763.0,3.79,1.15,13.47,-0.01,0.01,-0.11,0.0,q
3112.0,3071.0,2329.0,4095.0,4095.0,2463.0,2779.0,2767.0,3.86,1.15,13.61,0.03,0.03,-0.08,0.0,q
3109.0,3095.0,2335.0,4095.0,4095.0,2465.0,2785.0,2770.0,3.85,1.26,13.35,0.01,0.0,-0.1,0.0,q
3094.0,3071.0,2336.0,4095.0,4095.0,2459.0,2783.0,2768.0,3.84,1.14,13.46,-0.03,-0.01,-0.08,0.0,q
3106.0,3085.0,2341.0,4095.0,4095.0,2462.0,2781.0,2768.0,3.98,1.25,13.44,-0.03,0.0,-0.1,0.0,q
3119.0,3097.0,2324.0,4095.0,4095.0,2473.0,2783.0,2773.0,3.78,1.13,13.55,0.03,-0.01,-0.19,0.0,q
3107.0,3079.0,2336.0,4095.0,4095.0,2470.0,2789.0,2769.0,3.77,1.09,13.47,-0.01,-0.01,-0.16,0.0,q
3108.0,3089.0,2340.0,4095.0,4095.0,2465.0,2788.0,2770.0,3.68,1.08,13.59,0.01,-0.01,-0.13,0.0,q
3108.0,3085.0,2337.0,4095.0,4095.0,2461.0,2783.0,2768.0,3.95,1.26,13.39,0.02,-0.0,-0.07,0.0,q
3106.0,3082.0,2342.0,4095.0,4095.0,2461.0,2785.0,2773.0,3.89,1.21,13.37,-0.04,-0.01,-0.13,0.0,q
3088.0,3088.0,2321.0,4095.0,4095.0,2443.0,2790.0,2782.0,5.06,1.19,13.21,-0.06,0.03,-0.21,0.0,q
3088.0,3079.0,2320.0,4095.0,4095.0,2438.0,2783.0,2779.0,4.46,1.19,12.96,0.03,0.07,-0.16,0.0,q
3088.0,3083.0,2326.0,4095.0,4095.0,2442.0,2784.0,2781.0,4.77,1.29,13.02,-0.06,0.05,-0.03,0.0,q
3088.0,3066.0,2320.0,4095.0,4095.0,2445.0,2788.0,2786.0,4.58,1.12,13.04,-0.03,0.07,-0.14,0.0,q
3090.0,3088.0,2322.0,4095.0,4095.0,2446.0,2786.0,2787.0,4.59,0.65,13.36,-0.13,0.01,-0.13,0.0,q
3093.0,3071.0,2321.0,4095.0,4095.0,2448.0,2799.0,2785.0,4.7,0.61,13.43,0.02,0.01,-0.22,0.0,q
3083.0,3085.0,2320.0,4095.0,4095.0,2448.0,2786.0,2785.0,4.5,0.81,13.18,-0.0,-0.04,-0.22,0.0,q
3095.0,3087.0,2319.0,4095.0,4095.0,2451.0,2791.0,2785.0,4.64,0.95,13.2,0.04,0.01,-0.16,0.0,q
3093.0,3066.0,2316.0,4095.0,4095.0,2448.0,2787.0,2780.0,4.57,1.1,13.24,0.05,0.04,-0.14,0.0,q
3099.0,3071.0,2321.0,4095.0,4095.0,2450.0,2790.0,2781.0,4.49,1.16,13.11,0.03,-0.04,-0.24,0.0,q
3088.0,3079.0,2321.0,4095.0,4095.0,2448.0,2789.0,2779.0,4.4,1.09,13.28,0.03,-0.04,-0.18,0.0,q
3099.0,3085.0,2317.0,4095.0,4095.0,2455.0,2795.0,2782.0,4.45,1.01,13.19,0.04,-0.06,-0.16,0.0,q
3088.0,3070.0,2316.0,4095.0,4095.0,2454.0,2793.0,2774.0,4.57,0.94,13.28,0.08,-0.04,-0.12,0.0,q
3105.0,3079.0,2314.0,4095.0,4095.0,2448.0,2797.0,2779.0,4.81,1.07,12.91,0.09,-0.03,-0.1,0.0,q
3091.0,3084.0,2320.0,4095.0,4095.0,2453.0,2787.0,2782.0,4.7,1.3,13.2,0.06,-0.09,-0.16,0.0,q
3099.0,3088.0,2310.0,4095.0,4095.0,2451.0,2790.0,2774.0,4.78,1.49,12.8,0.1,0.01,-0.1,0.0,q
3069.0,3070.0,2304.0,4095.0,4095.0,2455.0,2789.0,2781.0,4.81,1.27,12.95,0.0,-0.03,-0.11,0.0,q
3091.0,3088.0,2320.0,4095.0,4095.0,2455.0,2798.0,2781.0,5.02,1.32,12.94,0.02,0.04,-0.12,0.0,q
3087.0,3085.0,2303.0,4095.0,4095.0,2448.0,2788.0,2779.0,4.8,1.18,12.82,-0.06,-0.01,-0.2,0.0,q
3088.0,3063.0,2313.0,4095.0,4095.0,2455.0,2783.0,2783.0,4.65,1.1,13.24,-0.07,0.04,-0.2,0.0,q
3106.0,3071.0,2277.0,4095.0,4095.0,2458.0,2803.0,2799.0,4.46,1.01,13.24,0.04,-0.03,-0.27,0.0,q
3117.0,3067.0,2277.0,4095.0,4095.0,2461.0,2800.0,2800.0,4.41,1.61,12.99,0.02,0.01,-0.16,0.0,q
3101.0,3071.0,2287.0,4095.0,4095.0,2458.0,2801.0,2800.0,4.5,1.4,12.8,-0.03,-0.02,-0.1,0.0,q
3098.0,3088.0,2282.0,4095.0,4095.0,2461.0,2803.0,2799.0,4.79,1.03,13.03,-0.12,0.01,-0.05,0.0,q
3095.0,3071.0,2278.0,4095.0,4095.0,2458.0,2800.0,2793.0,4.98,0.62,13.1,-0.05,0.04,-0.11,0.0,q
3109.0,3081.0,2281.0,4095.0,4095.0,2461.0,2805.0,2800.0,4.69,0.59,13.2,-0.1,-0.01,-0.17,0.0,q
3103.0,3067.0,2271.0,4095.0,4095.0,2456.0,2803.0,2795.0,5.03,0.29,13.71,0.0,0.05,-0.2,0.0,q
3097.0,3054.0,2277.0,4095.0,4095.0,2459.0,2802.0,2799.0,4.46,0.61,13.16,0.22,0.05,-0.24,0.0,q
3104.0,3069.0,2269.0,4095.0,4095.0,2455.0,2810.0,2799.0,4.62,1.05,13.1,0.03,-0.03,-0.12,0.0,q
3104.0,3058.0,2285.0,4095.0,4095.0,2467.0,2805.0,2800.0,4.58,1.16,13.05,0.15,0.04,-0.09,0.0,q
3097.0,3070.0,2282.0,4095.0,4095.0,2461.0,2799.0,2798.0,4.67,1.21,12.92,0.01,0.03,-0.06,0.0,q
3113.0,3062.0,2269.0,4095.0,4095.0,2462.0,2807.0,2800.0,4.77,1.02,13.19,0.02,0.0,-0.17,0.0,q
3109.0,3063.0,2272.0,4095.0,4095.0,2469.0,2809.0,2800.0,4.63,0.87,13.16,-0.0,-0.03,-0.2,0.0,q
3089.0,3057.0,2287.0,4095.0,4095.0,2463.0,2806.0,2795.0,4.62,0.97,13.29,0.02,-0.04,-0.21,0.0,q
3106.0,3063.0,2271.0,4095.0,4095.0,2463.0,2805.0,2795.0,4.53,1.02,13.12,0.06,0.0,-0.16,0.0,q
3118.0,3060.0,2279.0,4095.0,4095.0,2466.0,2809.0,2800.0,4.68,1.1,13.25,0.06,-0.01,-0.2,0.0,q
3099.0,3059.0,2271.0,4095.0,4095.0,2466.0,2804.0,2799.0,4.79,1.26,12.96,0.14,0.04,-0.27,0.0,q
3106.0,3069.0,2281.0,4095.0,4095.0,2468.0,2806.0,2799.0,4.65,1.44,12.79,-0.02,-0.0,-0.16,0.0,q
3111.0,3066.0,2278.0,4095.0,4095.0,2474.0,2813.0,2800.0,4.66,1.13,13.18,-0.09,-0.0,-0.14,0.0,q
3113.0,3056.0,2272.0,4095.0,4095.0,2470.0,2813.0,2801.0,4.58,1.03,13.27,-0.02,0.03,-0.12,0.0,q
3062.0,3062.0,2266.0,4095.0,4095.0,2487.0,2851.0,2847.0,4.34,0.77,13.07,-0.17,-0.01,-0.15,0.0,q
3065.0,3063.0,2270.0,4095.0,4095.0,2480.0,2839.0,2857.0,4.48,0.11,13.59,-0.16,-0.03,-0.16,0.0,q
3071.0,3065.0,2272.0,4095.0,4095.0,2481.0,2853.0,2859.0,4.5,0.11,13.52,0.01,-0.04,-0.16,0.0,q
3071.0,3063.0,2263.0,4095.0,4095.0,2485.0,2849.0,2855.0,4.56,0.33,13.27,0.04,-0.06,-0.16,0.0,q
3079.0,3069.0,2257.0,4095.0,4095.0,2483.0,2854.0,2866.0,4.77,0.53,13.07,0.06,-0.0,-0.14,0.0,q
3065.0,3071.0,2241.0,4095.0,4095.0,2494.0,2863.0,2866.0,4.7,0.38,13.14,-0.03,-0.01,-0.16,0.0,q
3071.0,3081.0,2254.0,4095.0,4095.0,2495.0,2860.0,2864.0,4.66,0.32,13.26,0.02,-0.02,-0.16,0.0,q
3069.0,3059.0,2254.0,4095.0,4095.0,2491.0,2865.0,2867.0,4.61,0.55,13.16,-0.05,-0.04,-0.15,0.0,q
3084.0,3060.0,2245.0,4095.0,4095.0,2491.0,2865.0,2865.0,4.67,0.47,13.3,0.01,-0.02,-0.21,0.0,q
3089.0,3070.0,2250.0,4095.0,4095.0,2497.0,2869.0,2874.0,4.56,0.68,13.12,0.03,0.01,-0.2,0.0,q
3063.0,3070.0,2255.0,4095.0,4095.0,2496.0,2864.0,2865.0,4.44,0.76,13.18,-0.02,0.0,-0.19,0.0,q
3071.0,3062.0,2250.0,4095.0,4095.0,2493.0,2863.0,2864.0,4.23,0.4,13.34,-0.06,-0.08,-0.18,0.0,q
3087.0,3059.0,2256.0,4095.0,4095.0,2498.0,2864.0,2869.0,4.59,0.21,13.43,0.02,-0.04,-0.05,0.0,q
3056.0,3056.0,2252.0,4095.0,4095.0,2491.0,2855.0,2864.0,4.74,0.64,13.11,0.14,-0.02,-0.05,0.0,q
3069.0,3062.0,2256.0,4095.0,4095.0,2491.0,2854.0,2864.0,4.82,0.91,12.85,0.05,0.0,-0.06,0.0,q
3071.0,3062.0,2257.0,4095.0,4095.0,2479.0,2826.0,2848.0,5.66,0.44,14.34,0.27,0.42,-0.75,0.0,q
3061.0,3088.0,2277.0,4095.0,4049.0,2474.0,2787.0,2838.0,4.16,0.8,12.5,0.58,0.22,-0.91,0.0,q
3068.0,3071.0,2297.0,4095.0,4027.0,2469.0,2775.0,2827.0,3.81,1.57,12.77,0.04,0.05,-0.55,0.0,q
3056.0,3085.0,2291.0,4095.0,4080.0,2454.0,2745.0,2815.0,3.83,1.12,13.51,0.07,0.1,-0.2,0.0,q
3061.0,3086.0,2305.0,4095.0,4095.0,2455.0,2747.0,2812.0,3.93,1.26,13.28,0.07,0.1,0.1,0.0,q
3071.0,3060.0,2278.0,4095.0,4095.0,2496.0,2826.0,2845.0,5.11,0.62,13.05,0.01,0.01,-0.21,0.0,q
3056.0,3063.0,2274.0,4095.0,4095.0,2493.0,2826.0,2845.0,4.87,0.61,12.92,-0.02,0.02,-0.16,0.0,q
3059.0,3067.0,2288.0,4095.0,4095.0,2499.0,2831.0,2852.0,4.97,0.74,13.13,-0.05,0.0,-0.21,0.0,q
3070.0,3069.0,2275.0,4095.0,4095.0,2495.0,2831.0,2852.0,4.71,0.72,12.96,0.01,0.04,-0.17,0.0,q
3070.0,3061.0,2275.0,4095.0,4095.0,2491.0,2833.0,2861.0,4.72,0.68,13.12,-0.14,0.02,-0.02,0.0,q
3058.0,3069.0,2281.0,4095.0,4095.0,2493.0,2833.0,2864.0,4.81,0.38,13.35,0.06,0.08,-0.03,0.0,q
3056.0,3056.0,2288.0,4095.0,4095.0,2492.0,2826.0,2861.0,4.75,0.62,12.95,0.08,0.07,-0.04,0.0,q
3055.0,3057.0,2267.0,4095.0,4095.0,2485.0,2827.0,2862.0,4.71,0.71,12.89,-0.04,-0.02,-0.05,0.0,q
3059.0,3058.0,2277.0,4095.0,4095.0,2487.0,2828.0,2859.0,4.69,0.49,12.87,-0.2,-0.04,0.12,0.0,q
3056.0,3071.0,2270.0,4095.0,4095.0,2485.0,2831.0,2863.0,4.76,0.1,13.03,-0.31,-0.08,0.3,0.0,q
3049.0,3055.0,2277.0,4095.0,4095.0,2480.0,2816.0,2854.0,4.63,-0.15,13.18,-0.22,-0.01,0.43,0.0,q
3071.0,3081.0,2282.0,4095.0,4095.0,2487.0,2823.0,2861.0,5.09,-0.37,13.62,-0.06,0.02,0.19,0.0,q
3065.0,3056.0,2275.0,4095.0,4095.0,2487.0,2822.0,2861.0,5.06,-0.26,13.06,0.24,0.01,-0.09,0.0,q
3056.0,3069.0,2273.0,4095.0,4095.0,2484.0,2819.0,2860.0,4.97,0.04,13.0,0.12,-0.02,-0.19,0.0,q
3066.0,3069.0,2281.0,4095.0,4095.0,2497.0,2834.0,2865.0,5.04,-0.11,13.18,0.3,0.0,-0.32,0.0,q
3056.0,3071.0,2271.0,4095.0,4095.0,2496.0,2831.0,2871.0,4.84,0.17,12.94,0.24,0.04,-0.26,0.0,q
3056.0,3071.0,2268.0,4095.0,4095.0,2498.0,2832.0,2874.0,4.76,0.26,13.14,0.2,0.02,-0.24,0.0,q
3062.0,3071.0,2271.0,4095.0,4095.0,2499.0,2832.0,2869.0,4.67,0.34,13.23,0.27,0.09,-0.18,0.0,q
3061.0,3070.0,2273.0,4095.0,4095.0,2500.0,2832.0,2871.0,4.72,0.48,13.07,0.21,-0.0,-0.2,0.0,q
3045.0,3056.0,2262.0,4095.0,4095.0,2496.0,2837.0,2876.0,4.79,0.66,12.97,0.17,0.04,-0.13,0.0,q
3061.0,3057.0,2259.0,4095.0,4095.0,2525.0,2859.0,2891.0,4.74,0.64,13.35,-0.09,0.02,-0.13,0.0,q
3059.0,3056.0,2256.0,4095.0,4095.0,2530.0,2864.0,2894.0,4.63,0.51,13.13,-0.04,0.0,-0.13,0.0,q
3071.0,3058.0,2252.0,4095.0,4095.0,2526.0,2864.0,2891.0,4.77,0.41,13.26,-0.03,-0.03,-0.15,0.0,q
3071.0,3065.0,2255.0,4095.0,4095.0,2525.0,2864.0,2893.0,4.77,0.55,13.06,0.04,0.01,-0.11,0.0,q
3059.0,3050.0,2257.0,4095.0,4095.0,2521.0,2858.0,2889.0,4.84,0.58,13.11,-0.02,-0.02,-0.13,0.0,q
3061.0,3056.0,2261.0,4095.0,4095.0,2527.0,2865.0,2889.0,4.81,0.74,13.03,0.03,0.03,-0.14,0.0,q
3056.0,3065.0,2256.0,4095.0,4095.0,2526.0,2862.0,2885.0,4.75,0.56,12.97,-0.07,-0.01,-0.14,0.0,q
3062.0,3051.0,2258.0,4095.0,4095.0,2522.0,2863.0,2883.0,4.8,0.42,13.21,-0.04,0.01,-0.12,0.0,q
3056.0,3056.0,2253.0,4095.0,4095.0,2522.0,2857.0,2889.0,4.85,0.46,13.12,-0.02,0.03,-0.14,0.0,q
3071.0,3054.0,2247.0,4095.0,4095.0,2531.0,2864.0,2895.0,4.83,0.42,13.03,-0.04,0.02,-0.17,0.0,q
3051.0,3056.0,2256.0,4095.0,4095.0,2528.0,2862.0,2893.0,4.63,0.39,13.3,-0.04,0.01,-0.18,0.0,q
3059.0,3051.0,2259.0,4095.0,4095.0,2523.0,2861.0,2887.0,4.54,0.23,13.29,0.0,-0.01,-0.17,0.0,q
3081.0,3057.0,2256.0,4095.0,4095.0,2524.0,2861.0,2894.0,4.66,0.38,13.35,0.07,-0.0,-0.19,0.0,q
3069.0,3069.0,2256.0,4095.0,4095.0,2533.0,2866.0,2893.0,4.77,0.54,12.95,0.08,-0.01,-0.18,0.0,q
3057.0,3071.0,2257.0,4095.0,4095.0,2531.0,2862.0,2890.0,4.86,0.58,13.02,-0.04,-0.0,-0.17,0.0,q
3065.0,3050.0,2251.0,4095.0,4095.0,2528.0,2864.0,2891.0,4.82,0.53,13.14,0.02,-0.01,-0.2,0.0,q
3071.0,3069.0,2258.0,4095.0,4095.0,2531.0,2864.0,2891.0,4.59,0.45,13.1,-0.01,0.0,-0.16,0.0,q
3070.0,3049.0,2256.0,4095.0,4095.0,2531.0,2864.0,2895.0,4.59,0.44,13.2,-0.02,-0.01,-0.13,0.0,q
3059.0,3056.0,2261.0,4095.0,4095.0,2528.0,2867.0,2890.0,4.76,0.46,13.23,0.03,-0.01,-0.12,0.0,q
3066.0,3053.0,2256.0,4095.0,4095.0,2526.0,2863.0,2880.0,4.75,0.59,12.93,0.03,-0.02,-0.16,0.0,q
3090.0,3055.0,2230.0,4095.0,4095.0,2539.0,2877.0,2901.0,4.59,0.31,13.27,0.04,-0.01,-0.14,0.0,q
3071.0,3055.0,2235.0,4095.0,4095.0,2539.0,2881.0,2901.0,4.59,0.46,13.17,0.04,-0.03,-0.15,0.0,q
3099.0,3065.0,2229.0,4095.0,4095.0,2541.0,2886.0,2909.0,4.63,0.48,13.14,0.02,-0.01,-0.13,0.0,q
3071.0,3062.0,2225.0,4095.0,4095.0,2534.0,2881.0,2905.0,4.6,0.33,13.25,0.02,-0.04,-0.17,0.0,q
3091.0,3060.0,2238.0,4095.0,4095.0,2541.0,2882.0,2902.0,4.62,0.38,13.3,0.07,-0.01,-0.15,0.0,q
3089.0,3052.0,2236.0,4095.0,4095.0,2543.0,2889.0,2907.0,4.51,0.64,13.09,0.05,-0.04,-0.15,0.0,q
3071.0,3055.0,2226.0,4095.0,4095.0,2538.0,2881.0,2900.0,4.68,0.51,13.18,0.01,-0.01,-0.09,0.0,q
3088.0,3071.0,2227.0,4095.0,4095.0,2553.0,2887.0,2903.0,4.74,0.48,13.18,0.04,-0.02,-0.15,0.0,q
3088.0,3066.0,2231.0,4095.0,4095.0,2543.0,2882.0,2902.0,4.65,0.42,13.17,0.01,-0.02,-0.17,0.0,q
3090.0,3056.0,2230.0,4095.0,4095.0,2543.0,2884.0,2927.0,4.66,0.51,13.2,0.05,-0.0,-0.14,0.0,q
3090.0,3056.0,2226.0,4095.0,4095.0,2531.0,2881.0,2906.0,4.67,0.55,13.09,0.01,-0.02,-0.15,0.0,q
3088.0,3050.0,2229.0,4095.0,4095.0,2541.0,2886.0,2903.0,4.65,0.56,13.16,-0.0,-0.02,-0.14,0.0,q
3099.0,3054.0,2227.0,4095.0,4095.0,2544.0,2887.0,2911.0,4.64,0.29,13.32,0.01,-0.01,-0.14,0.0,q
3079.0,3051.0,2229.0,4095.0,4095.0,2544.0,2892.0,2903.0,4.71,0.44,13.16,0.07,-0.01,-0.15,0.0,q
3088.0,3050.0,2229.0,4095.0,4095.0,2542.0,2885.0,2911.0,4.74,0.66,12.99,0.01,-0.01,-0.15,0.0,q
3088.0,3039.0,2230.0,4095.0,4095.0,2544.0,2889.0,2910.0,4.76,0.49,13.14,-0.03,0.01,-0.14,0.0,q
3071.0,3053.0,2235.0,4095.0,4095.0,2543.0,2896.0,2917.0,4.68,0.41,13.25,0.0,0.0,-0.19,0.0,q
3093.0,3067.0,2224.0,4095.0,4095.0,2547.0,2891.0,2921.0,4.56,0.43,13.16,-0.0,0.01,-0.15,0.0,q
3088.0,3054.0,2229.0,4095.0,4095.0,2540.0,2895.0,2915.0,4.65,0.32,13.23,-0.0,-0.01,-0.15,0.0,q
3071.0,3052.0,2224.0,4095.0,4095.0,2544.0,2897.0,2915.0,4.58,0.5,13.17,0.02,-0.0,-0.15,0.0,q
2942.0,3042.0,2559.0,4095.0,4095.0,2749.0,2682.0,2381.0,3.76,-0.3,13.78,-0.07,-0.01,-0.1,0.0,q
2954.0,3053.0,2559.0,4095.0,4095.0,2746.0,2690.0,2384.0,3.87,-0.33,13.78,0.01,-0.04,-0.12,0.0,q
2958.0,3056.0,2559.0,4095.0,4095.0,2746.0,2688.0,2387.0,3.84,-0.03,13.48,0.03,0.03,-0.12,0.0,q
2947.0,3051.0,2556.0,4095.0,4095.0,2752.0,2685.0,2385.0,4.01,-0.37,13.82,0.18,0.06,-0.18,0.0,q
2957.0,3049.0,2559.0,4095.0,4095.0,2746.0,2678.0,2406.0,3.89,-0.12,13.94,0.5,0.18,-0.23,0.0,q
2950.0,3053.0,2559.0,4095.0,4095.0,2746.0,2690.0,2394.0,3.64,0.42,13.47,0.58,0.11,-0.28,0.0,q
2950.0,3045.0,2559.0,4095.0,4095.0,2743.0,2686.0,2390.0,3.54,0.86,13.59,0.53,0.14,-0.25,0.0,q
2960.0,3061.0,2559.0,4095.0,4095.0,2748.0,2692.0,2395.0,3.29,1.0,13.24,0.43,0.06,-0.29,0.0,q
2951.0,3056.0,2559.0,4095.0,4095.0,2738.0,2693.0,2399.0,3.42,1.09,13.47,0.09,-0.07,-0.22,0.0,q
2944.0,3050.0,2559.0,4095.0,4095.0,2736.0,2689.0,2398.0,3.41,1.11,13.47,0.07,0.0,-0.17,0.0,q
2944.0,3052.0,2559.0,4095.0,4095.0,2743.0,2690.0,2399.0,3.24,1.03,13.28,-0.22,-0.12,-0.07,0.0,q
2957.0,3050.0,2559.0,4095.0,4095.0,2736.0,2687.0,2393.0,3.31,0.94,13.15,-0.52,-0.03,0.24,0.0,q
2950.0,3050.0,2559.0,4095.0,4095.0,2745.0,2694.0,2395.0,3.6,0.46,13.86,-0.53,-0.2,0.07,0.0,q
2954.0,3042.0,2555.0,4095.0,4095.0,2731.0,2683.0,2393.0,4.12,0.27,13.19,-0.49,-0.17,0.15,0.0,q
2960.0,3054.0,2559.0,4095.0,4095.0,2735.0,2682.0,2394.0,3.58,-0.26,13.69,-0.57,-0.17,0.1,0.0,q
2954.0,3047.0,2559.0,4095.0,4095.0,2726.0,2676.0,2395.0,2.85,-0.28,12.87,-0.69,-0.19,0.54,0.0,q
2946.0,3056.0,2559.0,4095.0,4095.0,2717.0,2672.0,2394.0,4.12,-1.19,14.05,-0.89,0.05,0.35,0.0,q
2949.0,3056.0,2559.0,4095.0,4095.0,2723.0,2671.0,2405.0,4.14,-1.71,13.78,-0.31,-0.07,0.09,0.0,q
2957.0,3055.0,2559.0,4095.0,4095.0,2729.0,2675.0,2405.0,4.17,-1.82,13.88,-0.07,-0.1,-0.23,0.0,q
2949.0,3058.0,2558.0,4095.0,4095.0,2719.0,2672.0,2402.0,4.15,-1.63,14.15,0.49,0.05,-0.48,0.0,q
2947.0,3039.0,2586.0,4095.0,4095.0,2653.0,2679.0,2435.0,3.91,-0.01,13.7,0.19,-0.07,-0.24,0.0,q
2948.0,3037.0,2594.0,4095.0,4095.0,2626.0,2679.0,2439.0,3.84,0.36,13.65,0.2,-0.08,-0.28,0.0,q
2947.0,3041.0,2591.0,4095.0,4095.0,2626.0,2676.0,2437.0,3.9,0.48,13.47,0.25,-0.05,-0.27,0.0,q
2960.0,3042.0,2594.0,4095.0,4095.0,2671.0,2680.0,2432.0,3.6,0.62,13.22,0.02,-0.02,-0.2,0.0,q
2953.0,3040.0,2589.0,4095.0,4095.0,2663.0,2685.0,2434.0,3.87,0.53,13.88,0.06,0.07,-0.13,0.0,q
2950.0,3045.0,2603.0,4095.0,4095.0,2670.0,2685.0,2437.0,3.68,0.66,13.51,0.22,-0.04,-0.16,0.0,q
2948.0,3049.0,2593.0,4095.0,4095.0,2599.0,2683.0,2436.0,4.23,1.12,13.24,0.23,-0.07,-0.12,0.0,q
2954.0,3038.0,2581.0,4095.0,4095.0,2559.0,2688.0,2434.0,3.94,0.76,13.54,0.29,-0.1,-0.33,0.0,q
2947.0,3051.0,2594.0,4095.0,4095.0,2559.0,2690.0,2445.0,4.0,0.98,13.24,0.15,-0.05,-0.19,0.0,q
2960.0,3039.0,2588.0,4095.0,4095.0,2559.0,2690.0,2439.0,3.9,1.22,13.15,0.02,-0.08,-0.14,0.0,q
2944.0,3043.0,2587.0,4095.0,4095.0,2587.0,2688.0,2437.0,3.6,1.11,13.11,-0.3,0.09,0.09,0.0,q
2959.0,3049.0,2587.0,4095.0,4095.0,2619.0,2683.0,2446.0,3.91,0.73,13.66,-0.41,0.15,0.02,0.0,q
2945.0,3042.0,2590.0,4095.0,4095.0,2640.0,2688.0,2450.0,3.96,0.41,13.6,-0.34,0.08,0.01,0.0,q
2949.0,3028.0,2588.0,4095.0,4095.0,2672.0,2688.0,2448.0,4.13,0.14,14.02,-0.09,0.0,-0.17,0.0,q
2960.0,3038.0,2591.0,4095.0,4021.0,2672.0,2694.0,2448.0,3.84,0.21,13.6,0.11,-0.03,-0.21,0.0,q
2957.0,3037.0,2593.0,4095.0,4081.0,2677.0,2681.0,2448.0,3.83,0.34,13.71,0.1,0.01,-0.17,0.0,q
2955.0,3045.0,2599.0,4095.0,4095.0,2647.0,2688.0,2448.0,3.86,0.51,13.76,0.31,-0.06,-0.26,0.0,q
2958.0,3040.0,2593.0,4095.0,4095.0,2606.0,2695.0,2448.0,3.79,0.7,13.31,0.23,-0.01,-0.25,0.0,q
2954.0,3031.0,2592.0,4095.0,4095.0,2587.0,2687.0,2448.0,3.88,0.96,13.4,0.08,-0.12,-0.34,0.0,q
2951.0,3043.0,2591.0,4095.0,4095.0,2612.0,2698.0,2453.0,3.67,1.03,13.19,0.03,0.07,-0.19,0.0,q
2945.0,3035.0,2581.0,4095.0,4095.0,2617.0,2734.0,2509.0,4.4,-0.55,13.52,-0.13,-0.19,-0.24,0.0,q
2951.0,3044.0,2581.0,4095.0,4095.0,2624.0,2726.0,2512.0,4.5,-0.45,13.71,0.0,-0.16,-0.27,0.0,q
2954.0,3035.0,2581.0,4095.0,4095.0,2621.0,2726.0,2514.0,4.5,-0.41,13.22,0.18,-0.0,-0.24,0.0,q
2945.0,3057.0,2559.0,4095.0,4095.0,2629.0,2730.0,2513.0,4.73,-0.17,13.05,0.17,-0.02,-0.29,0.0,q
2956.0,3038.0,2559.0,4095.0,4095.0,2633.0,2730.0,2521.0,4.7,0.0,12.77,0.01,-0.02,-0.25,0.0,q
2949.0,3041.0,2559.0,4095.0,4095.0,2633.0,2733.0,2523.0,4.54,-0.14,13.18,-0.01,0.01,-0.24,0.0,q
2945.0,3043.0,2583.0,4095.0,4095.0,2635.0,2730.0,2517.0,4.33,-0.49,13.54,0.01,-0.02,-0.3,0.0,q
2955.0,3039.0,2581.0,4095.0,4095.0,2640.0,2733.0,2535.0,4.26,-0.23,13.42,-0.0,-0.03,-0.18,0.0,q
2942.0,3035.0,2559.0,4095.0,4095.0,2637.0,2730.0,2517.0,4.2,0.17,13.14,0.04,-0.03,-0.17,0.0,q
2954.0,3034.0,2584.0,4095.0,4095.0,2651.0,2736.0,2523.0,4.13,0.11,12.87,-0.11,-0.03,-0.05,0.0,q
2958.0,3043.0,2583.0,4095.0,4095.0,2639.0,2732.0,2517.0,4.11,-0.21,13.57,-0.07,0.05,0.06,0.0,q
2944.0,3038.0,2559.0,4095.0,4095.0,2635.0,2734.0,2509.0,4.34,-0.6,13.49,0.04,0.05,0.21,0.0,q
2947.0,3040.0,2559.0,4095.0,4095.0,2635.0,2733.0,2512.0,4.6,-0.37,13.28,0.06,0.05,0.25,0.0,q
2960.0,3049.0,2591.0,4095.0,4095.0,2633.0,2729.0,2510.0,4.84,-0.7,13.1,-0.07,-0.15,0.03,0.0,q
2947.0,3050.0,2559.0,4095.0,4095.0,2639.0,2731.0,2507.0,4.93,-0.42,12.62,-0.34,-0.1,0.04,0.0,q
2951.0,3051.0,2583.0,4095.0,4095.0,2671.0,2715.0,2497.0,4.8,-0.87,12.82,-0.59,0.0,-0.12,0.0,q
2933.0,3047.0,2593.0,4095.0,4095.0,2691.0,2715.0,2481.0,4.71,-1.43,13.69,-0.47,0.11,-0.22,0.0,q
2951.0,3039.0,2582.0,4095.0,4095.0,2718.0,2719.0,2485.0,4.27,-1.29,13.45,0.02,0.11,-0.23,0.0,q
2944.0,3045.0,2590.0,4095.0,4095.0,2721.0,2714.0,2482.0,3.9,-1.05,13.27,-0.07,0.04,-0.13,0.0,q
2944.0,3052.0,2585.0,4095.0,4095.0,2725.0,2714.0,2487.0,4.39,-1.27,13.56,0.13,-0.08,-0.09,0.0,q
2944.0,3028.0,2558.0,4095.0,4095.0,2675.0,2771.0,2545.0,4.65,-0.29,13.18,0.07,-0.0,-0.13,0.0,q
2942.0,3034.0,2559.0,4095.0,4095.0,2678.0,2763.0,2546.0,4.7,-0.27,13.05,0.04,-0.03,-0.16,0.0,q
2951.0,3034.0,2559.0,4095.0,4095.0,2683.0,2768.0,2546.0,4.81,-0.34,13.24,0.01,-0.01,-0.17,0.0,q
2965.0,3030.0,2559.0,4095.0,4095.0,2685.0,2772.0,2547.0,4.64,-0.29,13.24,0.1,-0.01,-0.21,0.0,q
2953.0,3036.0,2559.0,4095.0,4095.0,2685.0,2770.0,2551.0,4.6,-0.19,13.12,0.02,0.0,-0.18,0.0,q
2947.0,3045.0,2559.0,4095.0,4095.0,2676.0,2767.0,2547.0,4.58,-0.02,13.17,0.03,-0.07,-0.23,0.0,q
2949.0,3039.0,2559.0,4095.0,4095.0,2688.0,2768.0,2547.0,4.6,0.22,12.94,0.01,0.02,-0.15,0.0,q
2942.0,3024.0,2559.0,4095.0,4095.0,2683.0,2765.0,2544.0,4.81,-0.02,12.95,-0.09,0.02,-0.14,0.0,q
2939.0,3025.0,2559.0,4095.0,4095.0,2684.0,2761.0,2545.0,4.81,-0.43,13.26,-0.12,0.04,-0.16,0.0,q
2961.0,3034.0,2559.0,4095.0,4095.0,2689.0,2771.0,2551.0,4.62,-0.61,13.44,0.0,0.04,-0.19,0.0,q
2945.0,3033.0,2559.0,4095.0,4095.0,2685.0,2765.0,2545.0,4.34,-0.46,13.33,-0.02,0.01,-0.18,0.0,q
2960.0,3042.0,2559.0,4095.0,4095.0,2689.0,2768.0,2550.0,4.48,-0.31,13.44,0.04,-0.02,-0.16,0.0,q
2944.0,3026.0,2559.0,4095.0,4095.0,2686.0,2768.0,2547.0,4.62,-0.22,13.22,0.07,-0.02,-0.15,0.0,q
2959.0,3038.0,2559.0,4095.0,4095.0,2689.0,2769.0,2550.0,4.66,-0.13,13.03,-0.04,-0.05,-0.16,0.0,q
2942.0,3031.0,2559.0,4095.0,4095.0,2688.0,2770.0,2547.0,4.78,-0.12,13.07,-0.02,-0.03,-0.19,0.0,q
2934.0,3042.0,2559.0,4095.0,4095.0,2693.0,2761.0,2550.0,4.57,-0.19,13.11,-0.04,0.06,-0.13,0.0,q
2951.0,3037.0,2559.0,4095.0,4095.0,2693.0,2768.0,2551.0,4.6,-0.37,13.25,-0.02,0.04,-0.14,0.0,q
2949.0,3031.0,2559.0,4095.0,4095.0,2688.0,2768.0,2549.0,4.47,-0.33,13.37,-0.02,-0.02,-0.19,0.0,q
2944.0,3037.0,2559.0,4095.0,4095.0,2693.0,2768.0,2552.0,4.45,-0.23,13.16,0.05,0.0,-0.16,0.0,q
2951.0,3036.0,2559.0,4095.0,4095.0,2691.0,2774.0,2554.0,4.53,-0.22,13.25,-0.01,-0.05,-0.17,0.0,q
2963.0,3046.0,2602.0,4095.0,4095.0,2609.0,2749.0,2550.0,4.55,-0.62,12.87,-0.11,-0.02,-0.01,0.0,q
2954.0,3029.0,2623.0,4095.0,4095.0,2612.0,2765.0,2547.0,4.59,-0.85,13.16,-0.22,-0.1,0.01,0.0,q
2955.0,3034.0,2645.0,4095.0,4095.0,2617.0,2769.0,2544.0,4.77,-1.04,13.11,-0.2,0.09,0.15,0.0,q
2959.0,3035.0,2654.0,4095.0,4095.0,2618.0,2763.0,2543.0,4.47,-1.18,12.7,-0.33,-0.09,0.26,0.0,q
2957.0,3035.0,2659.0,4095.0,4095.0,2620.0,2770.0,2544.0,4.64,-1.46,13.7,-0.23,0.06,0.18,0.0,q
2958.0,3014.0,2653.0,4095.0,4095.0,2618.0,2773.0,2555.0,4.69,-1.81,13.52,0.17,0.13,0.03,0.0,q
2960.0,3022.0,2663.0,4095.0,4095.0,2618.0,2791.0,2559.0,4.49,-1.79,13.19,0.31,0.09,0.02,0.0,q
2959.0,3013.0,2672.0,4095.0,4095.0,2618.0,2807.0,2589.0,4.55,-1.86,13.69,0.39,0.05,-0.05,0.0,q
2965.0,3007.0,2653.0,4095.0,4095.0,2609.0,2815.0,2604.0,4.52,-1.3,13.15,0.53,0.07,-0.06,0.0,q
2951.0,3015.0,2671.0,4095.0,4095.0,2616.0,2815.0,2605.0,4.71,-0.72,13.11,0.51,-0.01,-0.31,0.0,q
2960.0,3011.0,2677.0,4095.0,4095.0,2624.0,2823.0,2606.0,4.44,-0.23,12.64,0.24,-0.15,-0.42,0.0,q
2960.0,2997.0,2666.0,4095.0,4095.0,2624.0,2823.0,2599.0,4.31,-0.17,12.96,-0.0,-0.11,-0.33,0.0,q
2946.0,3001.0,2664.0,4095.0,4095.0,2615.0,2812.0,2608.0,4.34,-0.44,13.29,0.0,-0.05,-0.21,0.0,q
2951.0,3008.0,2655.0,4095.0,4095.0,2621.0,2813.0,2609.0,4.59,-0.58,13.32,0.08,0.04,-0.18,0.0,q
2945.0,3010.0,2672.0,4095.0,4095.0,2624.0,2819.0,2617.0,4.77,-0.44,13.26,0.16,0.04,-0.27,0.0,q
2960.0,3003.0,2658.0,4095.0,4095.0,2623.0,2822.0,2608.0,4.28,-0.29,12.91,0.04,0.0,-0.27,0.0,q
2955.0,2998.0,2669.0,4095.0,4095.0,2624.0,2817.0,2609.0,4.54,-0.41,13.24,-0.2,-0.1,-0.31,0.0,q
2959.0,3001.0,2666.0,4095.0,4095.0,2624.0,2817.0,2613.0,4.34,-0.37,13.25,0.04,0.05,-0.18,0.0,q
2943.0,3004.0,2658.0,4095.0,4095.0,2627.0,2819.0,2611.0,4.36,-0.57,13.39,-0.13,-0.08,-0.22,0.0,q
2957.0,3017.0,2659.0,4095.0,4095.0,2624.0,2821.0,2608.0,4.44,-0.67,13.51,-0.01,-0.01,-0.1,0.0,q
2949.0,3013.0,2641.0,4095.0,4095.0,2678.0,2832.0,2607.0,4.48,-0.78,14.23,-0.69,0.05,0.17,0.0,q
2947.0,3011.0,2657.0,4095.0,4095.0,2694.0,2839.0,2613.0,4.24,-0.9,13.27,-0.21,-0.06,0.09,0.0,q
2943.0,3008.0,2651.0,4095.0,4095.0,2693.0,2832.0,2608.0,4.29,-1.09,13.58,-0.29,0.05,-0.12,0.0,q
2955.0,3027.0,2653.0,4095.0,4095.0,2722.0,2839.0,2613.0,4.23,-0.96,13.43,-0.15,0.03,-0.07,0.0,q
2947.0,3005.0,2654.0,4095.0,4095.0,2745.0,2834.0,2611.0,4.21,-1.24,13.68,-0.05,-0.12,-0.22,0.0,q
2955.0,3001.0,2647.0,4095.0,4095.0,2766.0,2831.0,2623.0,4.11,-1.11,13.29,0.06,-0.08,-0.24,0.0,q
2944.0,3015.0,2647.0,4095.0,4095.0,2764.0,2831.0,2615.0,4.34,-0.89,13.28,0.06,-0.08,-0.25,0.0,q
2939.0,3007.0,2663.0,4095.0,4095.0,2739.0,2831.0,2612.0,4.37,-0.89,13.34,0.13,-0.1,-0.34,0.0,q
2951.0,3010.0,2653.0,4095.0,4095.0,2719.0,2829.0,2617.0,4.33,-0.72,13.17,0.2,-0.01,-0.26,0.0,q
2942.0,3017.0,2645.0,4095.0,4095.0,2702.0,2833.0,2615.0,4.26,-0.65,13.15,0.05,-0.03,-0.25,0.0,q
2953.0,3009.0,2645.0,4095.0,4095.0,2695.0,2828.0,2613.0,4.3,-0.87,13.55,0.0,-0.04,-0.25,0.0,q
2957.0,3011.0,2670.0,4095.0,4095.0,2702.0,2832.0,2621.0,4.18,-0.77,13.35,0.09,0.0,-0.17,0.0,q
2946.0,3007.0,2647.0,4095.0,4095.0,2704.0,2825.0,2609.0,4.22,-0.66,13.39,0.01,-0.04,-0.19,0.0,q
2945.0,3006.0,2657.0,4095.0,4095.0,2715.0,2831.0,2619.0,4.34,-0.57,13.26,0.01,0.01,-0.13,0.0,q
2954.0,3010.0,2647.0,4095.0,4095.0,2714.0,2833.0,2611.0,4.55,-0.59,13.34,0.03,0.01,-0.19,0.0,q
2947.0,3019.0,2654.0,4095.0,4095.0,2711.0,2831.0,2623.0,4.39,-0.77,13.43,0.08,-0.05,-0.31,0.0,q
2960.0,2998.0,2654.0,4095.0,4095.0,2713.0,2832.0,2622.0,4.21,-0.64,13.21,0.07,0.03,-0.16,0.0,q
2959.0,3018.0,2645.0,4095.0,4095.0,2715.0,2832.0,2619.0,4.32,-0.51,13.25,-0.01,-0.02,-0.15,0.0,q
2944.0,3006.0,2640.0,4095.0,4095.0,2707.0,2829.0,2613.0,4.31,-0.52,13.18,-0.05,0.01,-0.14,0.0,q
2958.0,3010.0,2654.0,4095.0,4095.0,2711.0,2830.0,2621.0,4.36,-0.75,13.39,-0.06,-0.03,-0.18,0.0,q
2949.0,3010.0,2645.0,4095.0,4095.0,2643.0,2848.0,2614.0,4.33,-0.53,13.18,0.1,0.04,-0.09,0.0,q
2945.0,3009.0,2640.0,4095.0,4095.0,2644.0,2837.0,2614.0,4.52,-0.66,13.01,0.03,-0.04,-0.11,0.0,q
2955.0,3019.0,2653.0,4095.0,4095.0,2647.0,2839.0,2620.0,4.7,-1.0,13.18,0.02,-0.02,-0.14,0.0,q
2949.0,3015.0,2651.0,4095.0,4095.0,2653.0,2845.0,2618.0,4.75,-1.11,13.29,0.0,-0.08,-0.22,0.0,q
2957.0,3012.0,2650.0,4095.0,4095.0,2647.0,2843.0,2614.0,4.6,-0.81,13.24,0.07,-0.0,-0.16,0.0,q
2951.0,3014.0,2645.0,4095.0,4095.0,2653.0,2842.0,2614.0,4.52,-0.65,13.01,0.1,0.01,-0.11,0.0,q
2949.0,3009.0,2642.0,4095.0,4095.0,2647.0,2839.0,2608.0,4.68,-0.25,13.16,0.03,0.01,-0.06,0.0,q
2943.0,3005.0,2642.0,4095.0,4095.0,2631.0,2842.0,2612.0,4.51,-0.63,13.04,0.05,0.0,-0.12,0.0,q
2951.0,3008.0,2654.0,4095.0,4095.0,2629.0,2846.0,2615.0,4.4,-0.63,13.45,-0.06,-0.0,-0.15,0.0,q
2946.0,3009.0,2643.0,4095.0,4095.0,2634.0,2858.0,2613.0,4.45,-0.44,12.97,0.02,0.05,-0.07,0.0,q
2953.0,3011.0,2643.0,4095.0,4095.0,2627.0,2846.0,2610.0,4.29,-0.66,13.13,-0.2,0.03,-0.04,0.0,q
2947.0,3012.0,2651.0,4095.0,4095.0,2636.0,2859.0,2618.0,4.58,-0.9,13.4,-0.09,0.04,0.0,0.0,q
2960.0,3015.0,2652.0,4095.0,4095.0,2624.0,2849.0,2618.0,4.39,-0.95,13.21,0.14,0.08,0.07,0.0,q
2950.0,3015.0,2651.0,4095.0,4095.0,2634.0,2857.0,2621.0,4.38,-0.96,13.4,0.26,0.07,0.04,0.0,q
2943.0,3025.0,2640.0,4095.0,4095.0,2629.0,2849.0,2620.0,4.47,-0.91,13.18,0.39,0.12,0.04,0.0,q
2954.0,3014.0,2661.0,4095.0,4095.0,2637.0,2854.0,2627.0,4.19,-0.94,13.02,0.07,0.15,0.14,0.0,q
2959.0,3024.0,2648.0,4095.0,4095.0,2630.0,2853.0,2624.0,4.24,-1.3,13.6,0.0,0.07,0.03,0.0,q
2947.0,3011.0,2643.0,4095.0,4095.0,2634.0,2851.0,2624.0,4.03,-1.84,13.91,0.01,-0.02,-0.01,0.0,q
2965.0,3021.0,2651.0,4095.0,4095.0,2640.0,2855.0,2634.0,4.46,-1.34,13.81,0.14,-0.02,-0.01,0.0,q
2954.0,3006.0,2653.0,4095.0,4095.0,2634.0,2846.0,2627.0,4.38,-0.54,13.11,0.26,-0.1,-0.16,0.0,q
2966.0,2998.0,2754.0,4095.0,4095.0,2591.0,2843.0,2631.0,4.25,-2.43,13.19,0.33,0.12,-0.34,0.0,q
2955.0,2997.0,2749.0,4095.0,4095.0,2587.0,2838.0,2640.0,4.03,-2.11,13.49,0.35,-0.03,-0.65,0.0,q
2958.0,3002.0,2751.0,4095.0,4095.0,2595.0,2848.0,2641.0,4.18,-1.92,13.23,0.65,0.18,-0.44,0.0,q
2944.0,3004.0,2753.0,4095.0,4095.0,2605.0,2858.0,2651.0,4.37,-1.32,13.65,0.7,0.07,-0.58,0.0,q
2966.0,3005.0,2766.0,4095.0,4095.0,2608.0,2862.0,2652.0,3.86,-0.79,12.84,0.75,0.1,-0.55,0.0,q
2966.0,3009.0,2756.0,4095.0,4095.0,2608.0,2861.0,2654.0,3.88,-0.45,12.91,0.16,0.01,-0.39,0.0,q
2955.0,2993.0,2755.0,4095.0,4095.0,2608.0,2864.0,2653.0,3.97,-0.17,13.21,-0.07,-0.04,-0.18,0.0,q
2949.0,3003.0,2755.0,4095.0,4095.0,2604.0,2865.0,2666.0,4.18,-0.63,13.45,-0.06,-0.04,-0.17,0.0,q
2947.0,3003.0,2747.0,4095.0,4095.0,2603.0,2864.0,2669.0,4.28,-0.94,13.36,-0.12,0.07,-0.1,0.0,q
2955.0,3007.0,2755.0,4095.0,4095.0,2602.0,2866.0,2669.0,4.55,-0.74,13.54,0.04,0.02,-0.18,0.0,q
2960.0,2994.0,2758.0,4095.0,4095.0,2608.0,2867.0,2670.0,4.17,-0.58,13.15,0.0,-0.01,-0.22,0.0,q
2961.0,3011.0,2754.0,4095.0,4095.0,2608.0,2867.0,2672.0,4.03,-0.48,13.43,-0.02,0.04,-0.2,0.0,q
2950.0,2991.0,2750.0,4095.0,4095.0,2606.0,2862.0,2670.0,3.98,-0.58,13.32,-0.02,0.03,-0.14,0.0,q
2950.0,2998.0,2755.0,4095.0,4095.0,2605.0,2865.0,2665.0,4.33,-0.72,13.33,-0.06,0.03,-0.15,0.0,q
2951.0,3008.0,2751.0,4095.0,4095.0,2608.0,2871.0,2667.0,3.8,-0.59,13.49,-0.03,0.15,-0.08,0.0,q
2961.0,3014.0,2750.0,4095.0,4095.0,2607.0,2864.0,2667.0,4.0,-0.85,13.18,-0.11,0.0,-0.04,0.0,q
2953.0,3008.0,2752.0,4095.0,4095.0,2608.0,2864.0,2662.0,4.17,-0.77,13.43,-0.07,0.06,-0.02,0.0,q
2951.0,3005.0,2765.0,4095.0,4095.0,2609.0,2862.0,2666.0,4.2,-0.99,12.92,-0.4,-0.03,0.15,0.0,q
2960.0,2997.0,2752.0,4095.0,4095.0,2617.0,2857.0,2659.0,3.93,-1.53,13.87,-0.28,0.01,0.16,0.0,q
2960.0,3019.0,2750.0,4095.0,4095.0,2626.0,2862.0,2667.0,4.54,-1.37,13.03,-0.49,0.01,0.43,0.0,q
2958.0,2989.0,2738.0,4095.0,4095.0,2559.0,2889.0,2685.0,3.61,-0.65,13.29,0.56,-0.25,-0.47,0.0,q
2955.0,2999.0,2741.0,4095.0,4095.0,2559.0,2887.0,2679.0,3.92,-0.32,13.72,0.45,-0.33,-0.58,0.0,q
2962.0,3002.0,2754.0,4095.0,4095.0,2559.0,2892.0,2685.0,3.47,0.28,13.21,0.24,-0.19,-0.42,0.0,q
2960.0,2994.0,2742.0,4095.0,4095.0,2559.0,2893.0,2679.0,3.9,0.48,13.25,0.17,0.03,-0.17,0.0,q
2949.0,2992.0,2743.0,4095.0,4095.0,2559.0,2894.0,2677.0,3.74,0.56,13.13,-0.13,0.01,-0.11,0.0,q
2961.0,2992.0,2742.0,4095.0,4095.0,2559.0,2892.0,2687.0,3.85,0.26,13.46,-0.16,0.16,0.03,0.0,q
2951.0,2987.0,2749.0,4095.0,4095.0,2582.0,2895.0,2692.0,3.43,0.14,13.86,0.04,0.23,0.05,0.0,q
2956.0,2983.0,2743.0,4095.0,4095.0,2559.0,2898.0,2689.0,3.49,-0.28,13.95,0.15,0.16,0.06,0.0,q
2972.0,2983.0,2747.0,4095.0,4095.0,2583.0,2906.0,2703.0,3.64,-0.16,13.73,0.11,0.05,-0.04,0.0,q
2964.0,2992.0,2750.0,4095.0,4095.0,2591.0,2902.0,2703.0,3.75,0.02,13.27,-0.21,-0.15,-0.26,0.0,q
2957.0,2982.0,2754.0,4095.0,4095.0,2583.0,2905.0,2699.0,3.95,-0.38,13.66,-0.4,-0.15,-0.28,0.0,q
2953.0,2983.0,2743.0,4095.0,4095.0,2587.0,2883.0,2698.0,3.25,-0.3,13.7,-0.46,-0.02,-0.15,0.0,q
2961.0,2987.0,2739.0,4095.0,4095.0,2587.0,2864.0,2697.0,3.79,-0.03,13.97,-0.16,0.2,0.14,0.0,q
2967.0,2997.0,2742.0,4095.0,4015.0,2597.0,2862.0,2698.0,3.44,-0.4,13.87,0.3,0.07,-0.02,0.0,q
2958.0,2996.0,2751.0,4095.0,3963.0,2559.0,2838.0,2701.0,3.26,-0.43,13.62,0.23,0.16,0.08,0.0,q
2971.0,2991.0,2748.0,4095.0,3991.0,2559.0,2832.0,2693.0,3.84,-0.6,13.79,0.22,0.02,-0.07,0.0,q
2960.0,2982.0,2755.0,4095.0,4015.0,2586.0,2834.0,2702.0,3.89,-0.71,13.57,0.07,-0.09,-0.25,0.0,q
2959.0,2998.0,2753.0,4095.0,4026.0,2586.0,2844.0,2704.0,3.76,-0.3,13.6,0.04,-0.08,-0.33,0.0,q
2957.0,2992.0,2757.0,4095.0,4030.0,2559.0,2834.0,2701.0,3.81,-0.02,13.47,-0.06,-0.07,-0.36,0.0,q
2956.0,2989.0,2750.0,4095.0,4031.0,2559.0,2839.0,2702.0,3.57,-0.06,13.58,-0.08,-0.0,-0.3,0.0,q
2949.0,2996.0,2753.0,4095.0,3805.0,2597.0,2839.0,2705.0,3.84,-0.51,13.46,-0.15,-0.02,-0.29,0.0,q
2958.0,2992.0,2763.0,4095.0,3815.0,2601.0,2837.0,2704.0,3.82,-0.71,13.7,-0.17,-0.15,-0.45,0.0,q
2954.0,2992.0,2752.0,4095.0,3815.0,2608.0,2846.0,2710.0,3.66,-0.76,13.7,0.05,-0.02,-0.25,0.0,q
2955.0,3002.0,2752.0,4095.0,3824.0,2608.0,2851.0,2713.0,3.68,-0.57,13.67,0.1,-0.02,-0.16,0.0,q
2959.0,3003.0,2752.0,4095.0,3810.0,2608.0,2851.0,2713.0,3.83,-0.41,13.34,0.12,0.03,-0.11,0.0,q
2954.0,2992.0,2754.0,4095.0,3808.0,2608.0,2849.0,2709.0,4.01,-0.45,13.35,0.01,-0.03,-0.18,0.0,q
2957.0,3002.0,2755.0,4095.0,3817.0,2608.0,2848.0,2713.0,4.01,-0.42,13.41,0.03,-0.01,-0.23,0.0,q
2959.0,2992.0,2752.0,4095.0,3812.0,2605.0,2847.0,2711.0,3.84,-0.37,13.38,0.03,0.04,-0.17,0.0,q
2959.0,2989.0,2757.0,4095.0,3795.0,2599.0,2846.0,2706.0,3.84,-0.69,13.64,-0.03,0.01,-0.14,0.0,q
2966.0,2994.0,2737.0,4095.0,3810.0,2608.0,2850.0,2714.0,4.01,-0.64,13.65,-0.03,-0.01,-0.19,0.0,q
2960.0,2983.0,2747.0,4095.0,3795.0,2601.0,2842.0,2704.0,3.95,-0.69,13.56,0.0,-0.01,-0.21,0.0,q
2960.0,2992.0,2752.0,4095.0,3798.0,2607.0,2846.0,2710.0,3.97,-0.64,13.65,0.05,-0.01,-0.24,0.0,q
2961.0,2991.0,2757.0,4095.0,3796.0,2602.0,2843.0,2707.0,3.98,-0.43,13.49,0.11,-0.05,-0.2,0.0,q
2960.0,2998.0,2762.0,4095.0,3819.0,2606.0,2848.0,2708.0,3.62,-0.29,13.35,0.06,-0.01,-0.23,0.0,q
2949.0,2994.0,2750.0,4095.0,3810.0,2608.0,2851.0,2710.0,3.72,-0.17,13.35,-0.05,0.03,-0.15,0.0,q
2966.0,2989.0,2756.0,4095.0,3818.0,2604.0,2846.0,2708.0,3.8,-0.45,13.55,-0.1,-0.03,-0.17,0.0,q
2945.0,2995.0,2747.0,4095.0,3805.0,2602.0,2845.0,2707.0,3.92,-0.79,13.69,-0.13,0.01,-0.13,0.0,q
2959.0,2993.0,2757.0,4095.0,3808.0,2601.0,2844.0,2706.0,4.0,-0.79,13.84,0.12,0.01,-0.17,0.0,q
2949.0,2992.0,2754.0,4095.0,3801.0,2605.0,2849.0,2705.0,3.95,-0.56,13.39,0.04,-0.05,-0.2,0.0,q
2945.0,2999.0,2752.0,4095.0,3805.0,2598.0,2847.0,2716.0,3.88,-0.35,13.43,0.04,0.01,-0.15,0.0,q
2961.0,2991.0,2757.0,4095.0,3796.0,2602.0,2843.0,2707.0,3.98,-0.43,13.49,0.11,-0.05,-0.2,0.0,q
3793.0,878.0,1934.0,3387.0,2464.0,2265.0,2377.0,2257.0,0.46,5.92,11.96,0.48,0.1,-0.23,0.0,s
3801.0,890.0,1929.0,3402.0,2466.0,2268.0,2383.0,2271.0,0.43,6.12,11.9,0.5,0.11,-0.23,0.0,s
3775.0,885.0,1929.0,3397.0,2462.0,2260.0,2382.0,2269.0,0.44,6.08,11.97,0.21,-0.11,-0.2,0.0,s
3791.0,879.0,1923.0,3403.0,2448.0,2268.0,2384.0,2269.0,0.49,6.31,12.08,0.52,-0.22,-0.36,0.0,s
3792.0,887.0,1928.0,3415.0,2469.0,2263.0,2387.0,2276.0,0.16,6.39,11.87,0.31,-0.51,-0.34,0.0,s
3792.0,881.0,1930.0,3415.0,2467.0,2265.0,2390.0,2273.0,0.45,6.87,11.48,0.27,-1.42,-0.35,0.0,s
3777.0,880.0,1921.0,3421.0,2471.0,2256.0,2393.0,2256.0,0.95,6.7,11.09,-0.2,-0.98,-0.03,0.0,s
3805.0,881.0,1936.0,3421.0,2464.0,2269.0,2391.0,2269.0,1.51,6.45,11.56,-0.33,-1.09,-0.12,0.0,s
3788.0,880.0,1924.0,3413.0,2465.0,2264.0,2394.0,2266.0,2.59,6.21,11.54,-0.31,-0.78,-0.07,0.0,s
3792.0,886.0,1925.0,3425.0,2464.0,2273.0,2386.0,2263.0,2.3,6.26,11.82,-0.19,-0.93,-0.25,0.0,s
3786.0,882.0,1926.0,3419.0,2461.0,2263.0,2386.0,2257.0,3.51,5.94,11.82,-0.19,-0.71,-0.32,0.0,s
3790.0,883.0,1927.0,3425.0,2466.0,2262.0,2391.0,2235.0,3.05,6.05,11.79,-0.01,-0.09,-0.27,0.0,s
3793.0,883.0,1925.0,3424.0,2465.0,2267.0,2394.0,2247.0,3.2,6.15,11.05,0.12,1.54,-0.19,0.0,s
3799.0,885.0,1929.0,3429.0,2466.0,2272.0,2395.0,2267.0,1.9,6.23,11.55,0.06,2.22,-0.21,0.0,s
3792.0,880.0,1920.0,3425.0,2462.0,2276.0,2401.0,2275.0,0.54,6.01,12.45,-0.1,1.55,-0.3,0.0,s
3781.0,880.0,1920.0,3423.0,2471.0,2273.0,2402.0,2283.0,0.13,6.18,12.45,0.1,0.65,-0.32,0.0,s
3792.0,882.0,1924.0,3435.0,2477.0,2281.0,2395.0,2283.0,-0.12,6.26,11.87,-0.04,0.22,-0.13,0.0,s
3815.0,880.0,1916.0,3421.0,2474.0,2281.0,2400.0,2290.0,-0.18,6.22,11.86,-0.29,0.2,0.1,0.0,s
3802.0,878.0,1933.0,3405.0,2469.0,2278.0,2389.0,2282.0,0.09,6.02,11.84,-0.62,0.09,0.36,0.0,s
3793.0,881.0,1924.0,3408.0,2466.0,2275.0,2390.0,2288.0,0.46,5.5,12.42,-0.65,-0.08,0.35,0.0,s
3789.0,890.0,1981.0,3378.0,2474.0,2287.0,2417.0,2320.0,0.3,6.65,11.4,0.55,-0.02,-0.35,0.0,s
3792.0,887.0,1982.0,3373.0,2475.0,2279.0,2442.0,2313.0,-0.25,7.0,10.99,0.15,0.02,-0.1,0.0,s
3811.0,885.0,1989.0,3385.0,2474.0,2288.0,2418.0,2318.0,0.03,6.72,11.41,0.12,0.14,-0.1,0.0,s
3781.0,892.0,1989.0,3395.0,2474.0,2291.0,2419.0,2320.0,0.13,6.89,11.38,-0.03,0.04,-0.06,0.0,s
3798.0,880.0,1986.0,3393.0,2480.0,2283.0,2421.0,2314.0,0.28,6.78,11.71,0.06,-0.13,-0.23,0.0,s
3802.0,887.0,1986.0,3394.0,2475.0,2290.0,2429.0,2320.0,0.47,6.89,11.37,-0.13,-0.31,-0.06,0.0,s
3792.0,891.0,2031.0,3391.0,2479.0,2288.0,2419.0,2303.0,0.43,6.76,11.35,-0.16,-0.38,0.01,0.0,s
3801.0,889.0,2141.0,3377.0,2497.0,2293.0,2421.0,2284.0,0.1,6.84,11.12,-0.45,0.09,0.33,0.0,s
3795.0,879.0,2192.0,3381.0,2481.0,2289.0,2417.0,2275.0,0.62,6.44,11.4,-0.83,0.04,0.35,0.0,s
3795.0,889.0,2233.0,3390.0,2479.0,2283.0,2419.0,2287.0,1.01,5.66,11.9,-1.2,0.03,0.55,0.0,s
3795.0,893.0,2236.0,3395.0,2477.0,2282.0,2420.0,2291.0,1.53,5.07,13.21,-0.74,-0.04,0.29,0.0,s
3787.0,902.0,2228.0,3405.0,2476.0,2278.0,2416.0,2293.0,1.76,4.64,14.01,0.18,0.03,-0.23,0.0,s
3793.0,890.0,2224.0,3421.0,2481.0,2286.0,2425.0,2307.0,1.39,5.39,12.88,0.66,0.05,-0.45,0.0,s
3790.0,886.0,2226.0,3410.0,2480.0,2288.0,2422.0,2303.0,1.57,5.38,12.76,0.65,-0.2,-0.58,0.0,s
3808.0,887.0,2223.0,3413.0,2480.0,2291.0,2419.0,2303.0,0.67,6.07,12.26,0.83,-0.26,-0.7,0.0,s
3793.0,880.0,2173.0,3411.0,2480.0,2286.0,2427.0,2269.0,0.74,6.23,11.86,0.71,-0.48,-0.69,0.0,s
3803.0,886.0,2059.0,3365.0,2485.0,2303.0,2421.0,2243.0,0.34,6.75,11.61,0.64,-1.1,-0.69,0.0,s
3807.0,880.0,2000.0,3373.0,2483.0,2301.0,2422.0,2236.0,2.14,6.74,11.2,0.6,-0.89,-0.77,0.0,s
3797.0,880.0,1981.0,3359.0,2481.0,2303.0,2417.0,2224.0,0.55,7.31,10.94,0.53,-1.21,-0.61,0.0,s
3795.0,878.0,1959.0,3353.0,2483.0,2299.0,2415.0,2219.0,2.05,7.53,10.23,0.48,-0.8,-0.52,0.0,s
3795.0,903.0,1615.0,3312.0,2475.0,2273.0,2382.0,2243.0,1.31,7.07,10.99,-0.08,-0.15,-0.02,0.0,s
3786.0,898.0,1648.0,3293.0,2465.0,2272.0,2369.0,2239.0,1.02,7.42,11.0,0.06,-0.26,-0.2,0.0,s
3798.0,902.0,1731.0,3303.0,2474.0,2277.0,2368.0,2229.0,1.12,6.96,10.79,-0.26,-0.27,-0.06,0.0,s
3792.0,894.0,1827.0,3308.0,2471.0,2278.0,2363.0,2186.0,1.13,7.48,11.26,0.08,-0.21,-0.19,0.0,s
3799.0,887.0,1885.0,3308.0,2471.0,2283.0,2370.0,2177.0,1.4,6.9,11.0,-0.26,-0.08,0.03,0.0,s
3799.0,893.0,1920.0,3304.0,2466.0,2278.0,2381.0,2172.0,1.43,7.09,11.33,0.04,0.12,-0.13,0.0,s
3794.0,891.0,1931.0,3312.0,2477.0,2282.0,2387.0,2143.0,1.46,6.78,11.31,-0.09,0.05,-0.04,0.0,s
3791.0,881.0,1940.0,3324.0,2471.0,2288.0,2393.0,2151.0,1.42,7.22,11.14,0.17,0.08,-0.2,0.0,s
3803.0,887.0,1927.0,3321.0,2474.0,2298.0,2400.0,2175.0,1.55,6.73,11.32,0.07,0.1,-0.23,0.0,s
3807.0,887.0,1905.0,3360.0,2478.0,2311.0,2423.0,2210.0,1.17,7.18,11.22,0.53,0.36,-0.48,0.0,s
3798.0,898.0,1818.0,3339.0,2493.0,2321.0,2463.0,2239.0,1.05,7.16,11.04,0.38,0.11,-0.52,0.0,s
3789.0,887.0,1777.0,3344.0,2497.0,2330.0,2470.0,2243.0,0.32,7.75,10.74,0.51,0.08,-0.45,0.0,s
3774.0,886.0,1777.0,3350.0,2499.0,2331.0,2470.0,2261.0,0.16,7.73,10.46,0.37,0.03,-0.33,0.0,s
3787.0,895.0,1801.0,3346.0,2481.0,2316.0,2438.0,2257.0,0.19,7.96,10.05,0.01,-0.22,-0.11,0.0,s
3794.0,885.0,1822.0,3363.0,2460.0,2288.0,2406.0,2262.0,0.38,7.54,10.53,-0.1,-0.15,-0.02,0.0,s
3820.0,891.0,1840.0,3399.0,2455.0,2272.0,2389.0,2256.0,0.98,7.57,10.67,-0.1,-0.38,0.01,0.0,s
3826.0,886.0,1846.0,3405.0,2445.0,2259.0,2389.0,2256.0,0.92,7.52,10.78,0.19,-0.16,-0.25,0.0,s
3835.0,889.0,1849.0,3398.0,2447.0,2253.0,2384.0,2255.0,1.25,7.5,10.44,0.14,-0.2,-0.24,0.0,s
3834.0,887.0,1855.0,3406.0,2451.0,2256.0,2383.0,2256.0,0.49,7.89,10.37,0.26,0.03,-0.32,0.0,s
3840.0,883.0,1858.0,3395.0,2455.0,2251.0,2384.0,2256.0,0.7,7.63,10.41,0.15,0.01,-0.18,0.0,s
3845.0,874.0,2042.0,3460.0,2499.0,2307.0,2426.0,2289.0,0.26,7.05,11.23,0.05,-0.07,-0.11,0.0,s
3861.0,867.0,2057.0,3456.0,2499.0,2309.0,2432.0,2279.0,0.64,6.83,11.24,-0.01,-0.06,0.02,0.0,s
3866.0,880.0,2063.0,3467.0,2506.0,2313.0,2436.0,2285.0,0.51,7.09,11.37,0.1,-0.15,-0.02,0.0,s
3847.0,870.0,2055.0,3447.0,2497.0,2307.0,2422.0,2290.0,0.71,6.87,11.16,0.0,0.3,-0.21,0.0,s
3863.0,878.0,2045.0,3465.0,2503.0,2310.0,2430.0,2310.0,0.49,6.96,11.54,0.11,0.12,-0.3,0.0,s
3857.0,880.0,2026.0,3473.0,2494.0,2305.0,2431.0,2317.0,0.23,6.89,11.47,0.24,0.19,-0.4,0.0,s
3847.0,879.0,2015.0,3472.0,2502.0,2307.0,2432.0,2322.0,-0.08,7.2,11.35,0.11,-0.08,-0.28,0.0,s
3856.0,890.0,1989.0,3472.0,2499.0,2309.0,2438.0,2329.0,0.23,7.12,11.13,0.14,-0.11,-0.25,0.0,s
3870.0,883.0,2011.0,3478.0,2506.0,2317.0,2443.0,2335.0,-0.22,7.41,10.86,-0.1,-0.26,-0.03,0.0,s
3856.0,875.0,2035.0,3471.0,2495.0,2320.0,2434.0,2315.0,0.27,7.11,10.98,-0.17,-0.13,-0.07,0.0,s
3852.0,880.0,2079.0,3471.0,2497.0,2310.0,2444.0,2301.0,0.01,7.04,11.1,-0.24,0.03,0.0,0.0,s
3865.0,891.0,2073.0,3461.0,2497.0,2320.0,2438.0,2302.0,0.49,6.98,10.9,-0.41,-0.12,0.17,0.0,s
3852.0,879.0,2079.0,3463.0,2497.0,2319.0,2438.0,2302.0,0.58,6.54,12.05,-0.14,-0.0,-0.06,0.0,s
3857.0,880.0,2078.0,3471.0,2503.0,2314.0,2439.0,2304.0,0.7,6.62,11.95,-0.17,-0.15,0.02,0.0,s
3859.0,885.0,2068.0,3488.0,2502.0,2318.0,2433.0,2317.0,1.06,6.35,12.69,0.44,0.32,-0.4,0.0,s
3856.0,876.0,2061.0,3479.0,2507.0,2321.0,2446.0,2320.0,1.19,6.61,11.3,0.47,0.14,-0.31,0.0,s
3857.0,886.0,2043.0,3504.0,2502.0,2309.0,2434.0,2340.0,-0.16,7.24,11.31,1.03,0.69,-0.47,0.0,s
3856.0,891.0,2001.0,3491.0,2505.0,2301.0,2442.0,2341.0,-0.85,7.72,10.24,0.69,0.49,-0.13,0.0,s
3844.0,880.0,2006.0,3502.0,2499.0,2299.0,2431.0,2327.0,-0.05,7.74,10.15,0.54,0.16,-0.12,0.0,s
3853.0,890.0,2017.0,3483.0,2497.0,2305.0,2435.0,2329.0,-0.45,8.17,10.06,0.08,-0.13,0.07,0.0,s
3857.0,880.0,2145.0,3412.0,2512.0,2286.0,2384.0,2212.0,1.73,6.85,10.32,-0.96,-0.1,0.7,0.0,s
3854.0,878.0,2160.0,3419.0,2515.0,2272.0,2376.0,2195.0,1.27,6.87,11.46,-0.62,0.04,0.46,0.0,s
3862.0,877.0,2158.0,3415.0,2530.0,2270.0,2385.0,2211.0,1.71,6.38,11.84,-0.45,0.01,0.3,0.0,s
3877.0,880.0,2160.0,3439.0,2515.0,2256.0,2389.0,2225.0,2.01,6.18,12.26,-0.05,0.11,-0.03,0.0,s
3860.0,878.0,2155.0,3451.0,2522.0,2266.0,2383.0,2239.0,1.98,6.43,11.94,0.43,0.07,-0.36,0.0,s
3858.0,879.0,2154.0,3463.0,2525.0,2269.0,2383.0,2271.0,1.31,6.91,11.33,0.42,-0.04,-0.46,0.0,s
3875.0,882.0,2141.0,3473.0,2518.0,2269.0,2384.0,2281.0,1.59,6.93,11.04,0.3,0.04,-0.45,0.0,s
3889.0,877.0,2143.0,3494.0,2522.0,2273.0,2387.0,2290.0,1.19,7.02,11.33,0.25,0.06,-0.42,0.0,s
3879.0,875.0,2119.0,3511.0,2517.0,2274.0,2384.0,2299.0,1.08,7.15,11.43,0.57,0.28,-0.53,0.0,s
3879.0,877.0,2112.0,3505.0,2521.0,2275.0,2395.0,2297.0,0.74,7.47,10.62,0.27,-0.04,-0.41,0.0,s
3875.0,879.0,2122.0,3506.0,2526.0,2283.0,2398.0,2304.0,0.29,7.85,10.36,0.3,-0.05,-0.31,0.0,s
3871.0,878.0,2121.0,3486.0,2525.0,2286.0,2401.0,2295.0,0.64,7.41,10.3,-0.15,-0.01,-0.08,0.0,s
3877.0,880.0,2128.0,3451.0,2525.0,2287.0,2395.0,2273.0,0.38,7.75,10.58,-0.16,0.07,-0.0,0.0,s
3867.0,877.0,2167.0,3420.0,2523.0,2282.0,2399.0,2257.0,1.01,7.03,11.33,-0.26,-0.01,0.08,0.0,s
3877.0,880.0,2204.0,3409.0,2531.0,2290.0,2405.0,2231.0,1.36,7.28,11.08,-0.12,-0.18,-0.01,0.0,s
3868.0,875.0,2218.0,3397.0,2530.0,2291.0,2413.0,2224.0,1.17,7.06,11.21,-0.14,-0.11,-0.07,0.0,s
3882.0,877.0,2243.0,3393.0,2533.0,2298.0,2419.0,2230.0,1.06,7.21,10.97,-0.14,-0.04,-0.04,0.0,s
3888.0,880.0,2236.0,3405.0,2541.0,2298.0,2419.0,2237.0,1.4,6.76,11.55,0.06,-0.03,-0.23,0.0,s
3893.0,881.0,2225.0,3422.0,2537.0,2304.0,2416.0,2252.0,1.19,7.25,11.13,0.18,-0.11,-0.29,0.0,s
3878.0,874.0,2196.0,3441.0,2527.0,2288.0,2410.0,2266.0,1.33,6.98,11.3,0.19,-0.12,-0.31,0.0,s
3890.0,880.0,2157.0,3489.0,2523.0,2329.0,2449.0,2352.0,1.44,6.83,11.4,0.02,-0.03,-0.17,0.0,s
3911.0,883.0,2157.0,3487.0,2527.0,2327.0,2458.0,2351.0,1.42,6.95,11.31,0.05,0.02,-0.19,0.0,s
3889.0,885.0,2160.0,3503.0,2523.0,2327.0,2461.0,2352.0,1.57,6.92,11.26,0.01,-0.06,-0.17,0.0,s
3884.0,879.0,2153.0,3495.0,2528.0,2330.0,2458.0,2351.0,1.39,6.96,11.22,0.07,0.04,-0.19,0.0,s
3893.0,884.0,2160.0,3490.0,2523.0,2330.0,2459.0,2352.0,1.37,6.98,11.21,0.0,0.02,-0.14,0.0,s
3917.0,880.0,2158.0,3498.0,2527.0,2331.0,2455.0,2352.0,1.46,6.94,11.24,0.0,-0.09,-0.16,0.0,s
3888.0,879.0,2161.0,3504.0,2530.0,2330.0,2468.0,2351.0,1.38,6.98,11.29,0.02,-0.03,-0.16,0.0,s
3887.0,879.0,2160.0,3492.0,2519.0,2335.0,2455.0,2352.0,1.45,6.94,11.24,0.02,-0.01,-0.16,0.0,s
3878.0,878.0,2161.0,3495.0,2529.0,2326.0,2459.0,2352.0,1.35,6.97,11.27,0.03,-0.0,-0.17,0.0,s
3902.0,881.0,2162.0,3501.0,2526.0,2332.0,2454.0,2355.0,1.47,6.94,11.25,-0.02,-0.06,-0.15,0.0,s
3904.0,870.0,2159.0,3497.0,2529.0,2331.0,2461.0,2357.0,1.47,6.95,11.3,0.02,-0.04,-0.18,0.0,s
3911.0,880.0,2163.0,3526.0,2530.0,2334.0,2457.0,2356.0,1.41,6.93,11.29,-0.02,-0.04,-0.13,0.0,s
3894.0,875.0,2162.0,3487.0,2526.0,2331.0,2456.0,2352.0,1.48,6.95,11.33,0.04,0.03,-0.16,0.0,s
3881.0,877.0,2160.0,3499.0,2527.0,2337.0,2459.0,2352.0,1.42,6.98,11.2,0.01,-0.05,-0.16,0.0,s
3910.0,874.0,2160.0,3510.0,2527.0,2337.0,2462.0,2358.0,1.35,6.94,11.24,-0.0,0.02,-0.15,0.0,s
3906.0,882.0,2163.0,3504.0,2529.0,2327.0,2464.0,2352.0,1.41,6.92,11.3,0.0,0.0,-0.15,0.0,s
3898.0,880.0,2158.0,3499.0,2527.0,2327.0,2463.0,2352.0,1.42,6.9,11.36,0.02,-0.04,-0.16,0.0,s
3895.0,879.0,2160.0,3506.0,2528.0,2336.0,2465.0,2357.0,1.42,6.93,11.21,0.01,-0.01,-0.15,0.0,s
3895.0,878.0,2158.0,3502.0,2527.0,2326.0,2459.0,2357.0,1.39,6.98,11.15,0.01,-0.03,-0.16,0.0,s
3894.0,875.0,2160.0,3511.0,2526.0,2330.0,2473.0,2353.0,1.37,6.9,11.38,-0.03,-0.03,-0.11,0.0,s
3904.0,877.0,2131.0,3536.0,2537.0,2341.0,2477.0,2363.0,1.12,7.74,10.15,0.06,0.05,-0.21,0.0,s
3904.0,877.0,2131.0,3536.0,2537.0,2341.0,2477.0,2363.0,1.12,7.74,10.15,0.06,0.05,-0.21,0.0,s
3903.0,875.0,2129.0,3539.0,2535.0,2339.0,2472.0,2365.0,0.46,7.85,10.41,0.03,0.06,-0.16,0.0,s
3903.0,876.0,2130.0,3537.0,2537.0,2339.0,2478.0,2367.0,0.28,8.01,10.21,0.12,-0.02,-0.12,0.0,s
3895.0,879.0,2130.0,3547.0,2537.0,2344.0,2479.0,2368.0,0.87,7.81,10.04,0.07,-0.12,-0.06,0.0,s
3893.0,879.0,2134.0,3547.0,2541.0,2343.0,2481.0,2369.0,1.59,7.86,9.94,0.03,-0.13,-0.11,0.0,s
3898.0,870.0,2135.0,3539.0,2537.0,2346.0,2477.0,2374.0,1.65,7.84,9.97,-0.07,0.06,-0.12,0.0,s
3875.0,871.0,2133.0,3539.0,2542.0,2339.0,2480.0,2368.0,1.35,7.88,10.49,-0.07,0.01,-0.18,0.0,s
3888.0,881.0,2126.0,3545.0,2541.0,2341.0,2480.0,2369.0,0.93,7.76,10.6,0.01,-0.03,-0.22,0.0,s
3879.0,880.0,2126.0,3545.0,2542.0,2341.0,2479.0,2368.0,0.54,7.68,10.55,0.04,-0.14,-0.2,0.0,s
3878.0,875.0,2130.0,3535.0,2541.0,2345.0,2480.0,2369.0,0.89,7.78,10.35,0.04,0.01,-0.12,0.0,s
3897.0,875.0,2128.0,3547.0,2544.0,2341.0,2480.0,2372.0,1.04,8.0,10.3,0.08,-0.04,-0.11,0.0,s
3877.0,879.0,2128.0,3542.0,2530.0,2338.0,2477.0,2369.0,1.4,7.88,9.98,0.1,0.03,-0.16,0.0,s
3885.0,878.0,2128.0,3536.0,2544.0,2345.0,2479.0,2368.0,1.21,8.02,10.07,0.05,-0.15,-0.2,0.0,s
3898.0,880.0,2125.0,3537.0,2537.0,2343.0,2475.0,2369.0,0.94,7.92,10.27,0.09,-0.11,-0.22,0.0,s
3885.0,879.0,2135.0,3530.0,2541.0,2342.0,2479.0,2368.0,1.06,7.99,9.93,0.05,-0.2,-0.19,0.0,s
3902.0,872.0,2132.0,3549.0,2542.0,2347.0,2472.0,2375.0,1.19,7.97,9.92,0.04,-0.03,-0.18,0.0,s
3914.0,874.0,2122.0,3555.0,2544.0,2349.0,2480.0,2370.0,1.07,7.92,10.09,-0.0,0.0,-0.14,0.0,s
3892.0,880.0,2097.0,3550.0,2537.0,2341.0,2480.0,2358.0,1.35,7.81,10.22,-0.02,-0.01,-0.14,0.0,s
3885.0,876.0,2069.0,3539.0,2542.0,2340.0,2479.0,2356.0,1.2,7.88,10.14,-0.04,0.08,-0.13,0.0,s
3989.0,894.0,2154.0,3393.0,2509.0,2288.0,2428.0,2286.0,1.25,8.25,9.67,-0.09,0.25,-0.19,0.0,s
3967.0,887.0,2093.0,3408.0,2523.0,2295.0,2421.0,2306.0,1.46,8.07,9.98,-0.09,-0.23,-0.17,0.0,s
4001.0,883.0,2089.0,3408.0,2520.0,2295.0,2429.0,2314.0,1.62,8.05,9.87,-0.02,-0.1,-0.19,0.0,s
3984.0,880.0,2105.0,3411.0,2518.0,2297.0,2431.0,2319.0,1.38,8.06,9.99,-0.05,-0.25,-0.16,0.0,s
3978.0,885.0,2098.0,3408.0,2515.0,2285.0,2432.0,2319.0,2.09,7.89,9.88,-0.01,-0.08,-0.19,0.0,s
3989.0,880.0,2099.0,3427.0,2531.0,2303.0,2438.0,2320.0,1.5,8.16,9.93,0.1,0.05,-0.23,0.0,s
3984.0,885.0,2095.0,3421.0,2521.0,2304.0,2439.0,2319.0,1.82,7.9,9.79,0.02,-0.0,-0.2,0.0,s
3984.0,882.0,2097.0,3422.0,2518.0,2310.0,2445.0,2315.0,1.48,8.18,9.81,0.05,0.02,-0.23,0.0,s
3991.0,880.0,2103.0,3426.0,2518.0,2311.0,2444.0,2320.0,1.54,8.02,9.94,-0.01,-0.05,-0.19,0.0,s
4014.0,880.0,2112.0,3438.0,2523.0,2317.0,2449.0,2323.0,1.54,8.07,9.88,-0.01,-0.05,-0.17,0.0,s
4002.0,884.0,2123.0,3439.0,2530.0,2320.0,2448.0,2321.0,1.4,8.07,9.93,-0.02,-0.01,-0.16,0.0,s
4005.0,883.0,2112.0,3440.0,2523.0,2321.0,2448.0,2322.0,1.69,8.0,9.94,-0.03,-0.14,-0.16,0.0,s
3991.0,880.0,2116.0,3457.0,2527.0,2321.0,2453.0,2331.0,1.51,8.07,9.93,0.04,-0.0,-0.17,0.0,s
3998.0,884.0,2117.0,3455.0,2527.0,2325.0,2453.0,2329.0,1.58,8.08,9.81,-0.0,-0.04,-0.15,0.0,s
3986.0,881.0,2117.0,3440.0,2527.0,2325.0,2448.0,2323.0,1.6,8.05,9.91,0.02,-0.02,-0.16,0.0,s
3995.0,879.0,2114.0,3456.0,2526.0,2326.0,2456.0,2323.0,1.5,8.01,9.95,0.02,-0.04,-0.17,0.0,s
3995.0,884.0,2114.0,3457.0,2522.0,2327.0,2458.0,2326.0,1.47,8.09,9.86,-0.01,0.01,-0.14,0.0,s
4011.0,885.0,2111.0,3455.0,2527.0,2325.0,2464.0,2327.0,1.5,8.07,9.87,0.01,-0.05,-0.15,0.0,s
3999.0,871.0,2121.0,3451.0,2526.0,2323.0,2453.0,2335.0,1.53,8.05,9.91,-0.01,-0.01,-0.16,0.0,s
3990.0,882.0,2114.0,3461.0,2523.0,2324.0,2461.0,2329.0,1.61,7.95,10.04,0.01,-0.07,-0.16,0.0,s
3998.0,870.0,2079.0,3470.0,2539.0,2342.0,2480.0,2311.0,1.48,8.14,9.87,-0.0,-0.01,-0.14,0.0,s
4022.0,870.0,2084.0,3486.0,2544.0,2353.0,2481.0,2317.0,1.69,8.14,9.73,0.05,-0.07,-0.19,0.0,s
4019.0,883.0,2077.0,3477.0,2546.0,2352.0,2486.0,2319.0,1.47,8.13,9.73,-0.03,-0.03,-0.13,0.0,s
4003.0,863.0,2078.0,3482.0,2545.0,2351.0,2490.0,2323.0,1.68,8.12,9.78,0.01,-0.02,-0.13,0.0,s
4016.0,874.0,2080.0,3471.0,2544.0,2349.0,2481.0,2320.0,1.8,8.12,9.64,-0.03,-0.0,-0.14,0.0,s
4000.0,882.0,2085.0,3473.0,2538.0,2349.0,2480.0,2319.0,1.63,8.14,9.89,0.02,-0.02,-0.17,0.0,s
4012.0,878.0,2073.0,3475.0,2541.0,2351.0,2483.0,2321.0,1.66,8.09,9.77,0.0,0.01,-0.17,0.0,s
4010.0,885.0,2069.0,3486.0,2547.0,2351.0,2483.0,2320.0,1.58,8.18,9.74,0.03,0.01,-0.17,0.0,s
3999.0,875.0,2071.0,3482.0,2541.0,2349.0,2481.0,2323.0,1.63,8.09,9.74,-0.02,-0.04,-0.14,0.0,s
3988.0,880.0,2064.0,3484.0,2541.0,2352.0,2491.0,2327.0,1.61,8.08,9.89,0.02,-0.0,-0.16,0.0,s
3997.0,877.0,2075.0,3484.0,2544.0,2353.0,2487.0,2331.0,1.82,8.09,9.7,-0.01,0.06,-0.15,0.0,s
4001.0,879.0,2074.0,3483.0,2544.0,2352.0,2487.0,2327.0,1.55,8.12,9.93,0.03,-0.04,-0.18,0.0,s
4013.0,875.0,2071.0,3493.0,2544.0,2352.0,2482.0,2331.0,1.7,8.12,9.72,-0.0,-0.05,-0.16,0.0,s
4023.0,877.0,2079.0,3469.0,2541.0,2352.0,2493.0,2325.0,1.62,8.06,9.89,0.02,0.01,-0.17,0.0,s
4013.0,874.0,2077.0,3475.0,2542.0,2352.0,2483.0,2332.0,1.64,8.12,9.78,0.0,-0.02,-0.14,0.0,s
4026.0,879.0,2079.0,3486.0,2546.0,2358.0,2495.0,2333.0,1.56,8.08,9.85,0.06,0.05,-0.17,0.0,s
4014.0,874.0,2078.0,3483.0,2547.0,2352.0,2494.0,2333.0,1.44,8.12,9.77,-0.0,-0.02,-0.14,0.0,s
4016.0,882.0,2076.0,3483.0,2542.0,2354.0,2493.0,2334.0,1.65,8.09,9.77,0.06,0.01,-0.22,0.0,s
4019.0,871.0,2093.0,3487.0,2544.0,2356.0,2487.0,2327.0,1.49,8.19,9.72,-0.04,-0.08,-0.11,0.0,s
4015.0,885.0,2096.0,3487.0,2542.0,2358.0,2480.0,2311.0,1.94,7.97,9.77,-0.08,-0.06,-0.1,0.0,s
4016.0,875.0,2039.0,3518.0,2544.0,2352.0,2462.0,2320.0,1.18,8.04,10.0,0.0,-0.06,-0.14,0.0,s
4031.0,869.0,2039.0,3504.0,2545.0,2352.0,2464.0,2321.0,1.14,7.93,10.2,-0.02,-0.04,-0.13,0.0,s
4037.0,875.0,2032.0,3510.0,2551.0,2352.0,2460.0,2320.0,1.16,7.91,10.19,0.03,0.03,-0.14,0.0,s
4050.0,882.0,2045.0,3511.0,2551.0,2352.0,2464.0,2333.0,1.26,7.96,10.11,0.01,-0.05,-0.15,0.0,s
4043.0,880.0,2045.0,3504.0,2543.0,2355.0,2468.0,2331.0,1.16,7.97,10.19,0.06,0.02,-0.17,0.0,s
4039.0,881.0,2043.0,3520.0,2551.0,2353.0,2468.0,2325.0,1.21,7.95,9.99,0.01,-0.05,-0.14,0.0,s
4029.0,867.0,2043.0,3508.0,2551.0,2349.0,2466.0,2327.0,1.12,8.01,10.07,0.02,-0.02,-0.15,0.0,s
4021.0,880.0,2038.0,3504.0,2547.0,2352.0,2465.0,2329.0,1.14,7.95,10.11,-0.01,0.02,-0.13,0.0,s
4031.0,880.0,2034.0,3514.0,2544.0,2349.0,2468.0,2332.0,1.21,7.94,10.17,0.02,-0.09,-0.16,0.0,s
4048.0,885.0,2042.0,3529.0,2548.0,2352.0,2466.0,2333.0,1.21,7.93,10.13,0.0,-0.0,-0.16,0.0,s
4033.0,883.0,2037.0,3516.0,2547.0,2348.0,2471.0,2329.0,1.2,8.0,10.1,0.03,-0.04,-0.17,0.0,s
4033.0,883.0,2057.0,3519.0,2549.0,2355.0,2469.0,2335.0,1.25,7.98,10.02,-0.05,-0.1,-0.12,0.0,s
4017.0,879.0,2035.0,3520.0,2549.0,2351.0,2467.0,2334.0,1.17,7.94,10.25,0.04,0.02,-0.17,0.0,s
4036.0,875.0,2045.0,3523.0,2557.0,2351.0,2480.0,2343.0,1.29,7.95,10.05,-0.0,-0.03,-0.15,0.0,s
4039.0,880.0,2043.0,3519.0,2554.0,2353.0,2464.0,2335.0,1.27,7.96,10.09,0.03,-0.05,-0.16,0.0,s
4029.0,878.0,2034.0,3515.0,2550.0,2347.0,2474.0,2334.0,1.16,7.96,10.09,-0.01,0.05,-0.13,0.0,s
4042.0,877.0,2043.0,3520.0,2548.0,2352.0,2471.0,2338.0,1.39,7.99,10.09,-0.01,-0.05,-0.11,0.0,s
4043.0,880.0,2057.0,3518.0,2553.0,2355.0,2472.0,2338.0,1.39,7.93,10.2,0.02,0.05,-0.16,0.0,s
4032.0,889.0,2039.0,3511.0,2551.0,2352.0,2469.0,2335.0,1.3,7.91,10.15,0.03,-0.03,-0.16,0.0,s
4052.0,880.0,2053.0,3524.0,2557.0,2355.0,2476.0,2341.0,1.18,8.04,9.96,0.02,-0.01,-0.15,0.0,s
4031.0,871.0,2131.0,3504.0,2555.0,2345.0,2479.0,2336.0,2.01,8.15,9.58,0.05,-0.0,-0.18,0.0,s
4031.0,871.0,2131.0,3504.0,2555.0,2345.0,2479.0,2336.0,2.01,8.15,9.58,0.05,-0.0,-0.18,0.0,s
4028.0,880.0,2119.0,3490.0,2549.0,2341.0,2477.0,2338.0,1.75,8.3,9.39,0.05,0.19,-0.13,0.0,s
4052.0,880.0,2103.0,3495.0,2544.0,2346.0,2486.0,2345.0,1.62,8.15,9.68,0.0,0.27,-0.1,0.0,s
4043.0,880.0,2099.0,3506.0,2549.0,2346.0,2489.0,2352.0,1.79,8.16,9.73,0.04,-0.05,-0.16,0.0,s
4041.0,880.0,2096.0,3504.0,2555.0,2351.0,2501.0,2352.0,1.63,8.16,9.72,0.03,0.0,-0.16,0.0,s
4047.0,874.0,2097.0,3503.0,2559.0,2352.0,2502.0,2353.0,1.69,8.14,9.69,0.03,0.0,-0.13,0.0,s
4038.0,880.0,2091.0,3491.0,2547.0,2343.0,2496.0,2352.0,1.8,8.22,9.49,0.05,-0.0,-0.14,0.0,s
4039.0,871.0,2096.0,3506.0,2556.0,2347.0,2502.0,2357.0,1.96,8.23,9.47,-0.02,0.02,-0.14,0.0,s
4041.0,880.0,2087.0,3498.0,2545.0,2343.0,2499.0,2357.0,1.69,8.2,9.78,0.04,-0.01,-0.17,0.0,s
4039.0,880.0,2096.0,3499.0,2557.0,2349.0,2502.0,2356.0,1.87,8.31,9.42,0.03,-0.03,-0.14,0.0,s
4039.0,880.0,2096.0,3504.0,2556.0,2350.0,2505.0,2356.0,1.84,8.26,9.54,0.02,-0.01,-0.12,0.0,s
4020.0,890.0,2096.0,3510.0,2557.0,2348.0,2501.0,2361.0,2.21,8.17,9.59,0.01,-0.03,-0.13,0.0,s
4049.0,876.0,2095.0,3507.0,2559.0,2352.0,2505.0,2360.0,1.81,8.11,9.86,0.02,0.03,-0.16,0.0,s
4025.0,880.0,2096.0,3504.0,2556.0,2351.0,2497.0,2362.0,1.88,8.05,9.83,0.05,-0.0,-0.15,0.0,s
4033.0,875.0,2093.0,3502.0,2547.0,2344.0,2494.0,2357.0,1.7,8.2,9.88,0.07,0.01,-0.13,0.0,s
4033.0,880.0,2090.0,3503.0,2549.0,2349.0,2499.0,2366.0,1.86,8.09,9.63,0.07,0.03,-0.13,0.0,s
4021.0,880.0,2095.0,3503.0,2549.0,2350.0,2499.0,2363.0,1.59,8.38,9.37,0.1,0.04,-0.15,0.0,s
4031.0,881.0,2089.0,3503.0,2551.0,2352.0,2498.0,2358.0,1.53,8.35,9.29,0.08,-0.0,-0.1,0.0,s
4031.0,878.0,2082.0,3501.0,2549.0,2346.0,2498.0,2362.0,1.92,8.32,9.34,0.03,-0.0,-0.07,0.0,s
4039.0,880.0,2117.0,3527.0,2559.0,2354.0,2519.0,2391.0,1.87,8.29,9.51,-0.06,-0.25,-0.21,0.0,s
4039.0,880.0,2117.0,3527.0,2559.0,2354.0,2519.0,2391.0,1.87,8.29,9.51,-0.06,-0.25,-0.21,0.0,s
4048.0,886.0,2112.0,3522.0,2559.0,2359.0,2519.0,2391.0,2.07,8.15,9.39,-0.06,-0.21,-0.2,0.0,s
4023.0,880.0,2119.0,3531.0,2559.0,2357.0,2523.0,2386.0,2.05,8.19,9.6,-0.12,-0.06,-0.17,0.0,s
4038.0,868.0,2114.0,3517.0,2559.0,2358.0,2521.0,2385.0,2.0,8.13,9.77,-0.07,-0.01,-0.16,0.0,s
4034.0,879.0,2121.0,3519.0,2559.0,2359.0,2525.0,2383.0,1.91,8.1,9.8,-0.04,-0.03,-0.13,0.0,s
4027.0,883.0,2120.0,3518.0,2559.0,2352.0,2516.0,2383.0,2.04,8.13,9.9,-0.02,-0.05,-0.12,0.0,s
4035.0,879.0,2117.0,3523.0,2559.0,2361.0,2524.0,2385.0,1.98,7.97,9.66,0.09,-0.03,-0.14,0.0,s
4035.0,880.0,2119.0,3521.0,2559.0,2358.0,2526.0,2385.0,2.03,8.26,8.97,-0.01,-0.01,-0.13,0.0,s
4046.0,871.0,2115.0,3523.0,2559.0,2359.0,2525.0,2389.0,2.29,8.03,9.58,-0.13,0.02,-0.11,0.0,s
4039.0,879.0,2112.0,3520.0,2549.0,2361.0,2519.0,2384.0,2.1,7.97,10.33,-0.11,-0.03,-0.13,0.0,s
4043.0,875.0,2112.0,3523.0,2559.0,2358.0,2521.0,2381.0,2.02,8.05,10.1,0.08,0.01,-0.16,0.0,s
4017.0,883.0,2115.0,3534.0,2559.0,2353.0,2515.0,2384.0,1.86,8.14,9.61,0.08,0.01,-0.11,0.0,s
4036.0,874.0,2118.0,3527.0,2559.0,2363.0,2522.0,2387.0,2.16,8.12,9.49,0.06,0.07,-0.08,0.0,s
4041.0,880.0,2113.0,3531.0,2559.0,2363.0,2525.0,2389.0,2.34,8.09,9.54,0.02,0.03,-0.11,0.0,s
4047.0,885.0,2123.0,3531.0,2559.0,2365.0,2518.0,2387.0,2.24,7.95,9.86,-0.01,-0.02,-0.15,0.0,s
4041.0,875.0,2119.0,3535.0,2559.0,2352.0,2524.0,2394.0,1.86,7.9,10.18,0.05,-0.02,-0.16,0.0,s
4043.0,881.0,2123.0,3524.0,2559.0,2362.0,2525.0,2388.0,1.62,8.37,9.71,0.16,-0.02,-0.09,0.0,s
4032.0,880.0,2114.0,3536.0,2559.0,2365.0,2525.0,2390.0,2.08,8.45,8.84,0.18,-0.03,-0.05,0.0,s
4039.0,885.0,2123.0,3536.0,2559.0,2357.0,2525.0,2389.0,2.51,8.23,8.9,0.01,0.08,0.0,0.0,s
4035.0,857.0,2131.0,3502.0,2559.0,2343.0,2481.0,2295.0,2.3,7.69,10.43,0.17,0.03,-0.32,0.0,s
4029.0,857.0,2119.0,3493.0,2559.0,2334.0,2480.0,2304.0,2.11,8.05,9.85,0.19,-0.04,-0.27,0.0,s
4039.0,863.0,2114.0,3493.0,2559.0,2345.0,2486.0,2304.0,1.88,8.07,9.71,0.12,-0.01,-0.17,0.0,s
4046.0,862.0,2107.0,3490.0,2559.0,2342.0,2485.0,2297.0,2.19,8.02,9.65,0.02,-0.02,-0.12,0.0,s
4032.0,850.0,2099.0,3495.0,2559.0,2349.0,2489.0,2295.0,2.29,8.03,9.55,0.02,-0.0,-0.16,0.0,s
4047.0,858.0,2097.0,3499.0,2559.0,2351.0,2494.0,2291.0,2.17,8.02,9.6,-0.06,-0.03,-0.17,0.0,s
4016.0,852.0,2085.0,3495.0,2559.0,2351.0,2495.0,2295.0,1.96,7.95,10.06,-0.03,-0.07,-0.21,0.0,s
4046.0,880.0,2096.0,3498.0,2559.0,2342.0,2494.0,2299.0,2.06,7.92,9.98,-0.02,-0.13,-0.19,0.0,s
4042.0,848.0,2089.0,3487.0,2559.0,2352.0,2491.0,2302.0,2.06,8.0,10.05,0.04,-0.02,-0.2,0.0,s
4049.0,866.0,2091.0,3500.0,2559.0,2350.0,2494.0,2303.0,1.9,7.92,10.01,0.05,0.02,-0.12,0.0,s
4034.0,860.0,2090.0,3502.0,2559.0,2346.0,2496.0,2309.0,2.25,7.91,9.81,0.07,0.03,-0.12,0.0,s
4031.0,865.0,2087.0,3521.0,2559.0,2349.0,2501.0,2316.0,2.54,8.12,9.59,0.07,0.01,-0.16,0.0,s
4029.0,854.0,2084.0,3507.0,2559.0,2348.0,2497.0,2322.0,2.42,8.02,9.84,0.02,-0.04,-0.28,0.0,s
4030.0,863.0,2094.0,3519.0,2559.0,2353.0,2503.0,2327.0,1.86,8.06,9.76,0.06,-0.09,-0.27,0.0,s
4039.0,863.0,2082.0,3520.0,2559.0,2350.0,2496.0,2323.0,1.52,8.08,9.86,0.04,-0.01,-0.19,0.0,s
4061.0,865.0,2077.0,3526.0,2559.0,2352.0,2501.0,2333.0,2.15,8.1,9.8,0.07,-0.1,-0.13,0.0,s
4042.0,875.0,2063.0,3506.0,2559.0,2352.0,2506.0,2342.0,2.06,8.07,9.74,0.05,0.09,-0.12,0.0,s
4068.0,872.0,2063.0,3500.0,2559.0,2358.0,2521.0,2347.0,2.11,8.11,9.84,0.1,0.02,-0.15,0.0,s
4063.0,859.0,2047.0,3499.0,2559.0,2365.0,2525.0,2349.0,2.02,8.21,9.35,0.07,-0.06,-0.18,0.0,s
4045.0,869.0,2063.0,3482.0,2559.0,2352.0,2519.0,2343.0,1.98,8.23,9.33,-0.01,-0.17,-0.18,0.0,s
4087.0,865.0,1922.0,3449.0,2605.0,2403.0,2587.0,2369.0,1.8,8.2,9.56,0.08,-0.03,-0.16,0.0,s
4095.0,857.0,1911.0,3451.0,2608.0,2412.0,2593.0,2375.0,2.09,8.15,9.42,0.06,-0.01,-0.14,0.0,s
4077.0,860.0,1907.0,3442.0,2599.0,2400.0,2589.0,2378.0,2.0,8.2,9.47,0.0,0.02,-0.14,0.0,s
4095.0,853.0,1913.0,3455.0,2602.0,2407.0,2583.0,2375.0,2.0,8.14,9.81,-0.01,-0.02,-0.14,0.0,s
4081.0,865.0,1907.0,3457.0,2598.0,2402.0,2583.0,2383.0,2.07,8.12,9.73,0.02,-0.08,-0.16,0.0,s
4094.0,850.0,1909.0,3462.0,2597.0,2403.0,2585.0,2384.0,2.09,8.18,9.47,0.04,-0.06,-0.17,0.0,s
4061.0,863.0,1905.0,3458.0,2598.0,2398.0,2559.0,2385.0,2.18,8.15,9.58,-0.02,0.01,-0.14,0.0,s
4080.0,862.0,1908.0,3470.0,2605.0,2399.0,2589.0,2382.0,1.98,8.15,9.67,0.03,0.0,-0.18,0.0,s
4080.0,874.0,1909.0,3474.0,2604.0,2403.0,2585.0,2385.0,1.96,8.16,9.49,0.02,-0.05,-0.18,0.0,s
4085.0,867.0,1913.0,3469.0,2606.0,2402.0,2584.0,2393.0,1.8,8.15,9.58,-0.02,-0.01,-0.14,0.0,s
4095.0,860.0,1907.0,3466.0,2599.0,2401.0,2592.0,2394.0,2.08,8.18,9.63,-0.01,0.02,-0.12,0.0,s
4078.0,859.0,1904.0,3460.0,2595.0,2399.0,2559.0,2390.0,2.18,8.13,9.52,-0.02,-0.02,-0.14,0.0,s
4078.0,858.0,1904.0,3469.0,2593.0,2403.0,2587.0,2395.0,2.14,8.11,9.68,-0.05,-0.07,-0.18,0.0,s
4079.0,863.0,1910.0,3461.0,2602.0,2403.0,2591.0,2390.0,2.06,8.03,9.93,-0.0,-0.04,-0.18,0.0,s
4079.0,855.0,1904.0,3457.0,2598.0,2398.0,2589.0,2394.0,1.94,8.12,9.67,0.02,0.02,-0.15,0.0,s
4095.0,861.0,1910.0,3472.0,2604.0,2402.0,2593.0,2398.0,1.98,8.12,9.63,-0.01,0.04,-0.13,0.0,s
4094.0,856.0,1904.0,3462.0,2598.0,2403.0,2587.0,2394.0,2.12,8.04,9.8,-0.01,0.02,-0.16,0.0,s
4095.0,858.0,1905.0,3469.0,2603.0,2405.0,2590.0,2399.0,1.98,8.06,9.82,0.02,-0.05,-0.17,0.0,s
4095.0,855.0,1911.0,3472.0,2605.0,2398.0,2593.0,2402.0,1.99,8.11,9.65,0.03,-0.0,-0.16,0.0,s
4085.0,854.0,1904.0,3472.0,2603.0,2400.0,2593.0,2405.0,1.99,8.12,9.56,-0.01,-0.01,-0.14,0.0,s
4095.0,857.0,2000.0,3377.0,2559.0,2335.0,2487.0,2304.0,1.96,8.31,9.46,0.16,-0.03,-0.3,0.0,s
4095.0,851.0,1995.0,3360.0,2559.0,2334.0,2480.0,2295.0,1.99,8.43,9.08,-0.09,-0.12,-0.11,0.0,s
4095.0,854.0,1987.0,3357.0,2559.0,2337.0,2479.0,2291.0,1.88,8.34,9.35,-0.14,-0.04,-0.02,0.0,s
4095.0,853.0,1994.0,3361.0,2583.0,2336.0,2484.0,2288.0,2.35,7.99,9.76,-0.11,-0.01,-0.06,0.0,s
4095.0,856.0,1991.0,3364.0,2586.0,2341.0,2489.0,2298.0,2.49,8.19,9.65,0.07,0.08,-0.17,0.0,s
4095.0,848.0,1985.0,3375.0,2559.0,2337.0,2486.0,2292.0,2.24,8.23,9.42,0.03,-0.06,-0.17,0.0,s
4095.0,852.0,2000.0,3382.0,2585.0,2343.0,2495.0,2300.0,2.06,8.11,9.71,0.01,-0.06,-0.17,0.0,s
4095.0,862.0,1990.0,3374.0,2559.0,2347.0,2489.0,2303.0,2.22,8.14,9.61,0.01,-0.07,-0.16,0.0,s
4095.0,861.0,1997.0,3391.0,2559.0,2341.0,2495.0,2308.0,2.03,8.08,9.63,0.03,0.01,-0.14,0.0,s
4095.0,855.0,1995.0,3401.0,2582.0,2346.0,2493.0,2307.0,2.09,8.2,9.44,0.06,-0.0,-0.15,0.0,s
4095.0,867.0,1991.0,3401.0,2586.0,2352.0,2495.0,2305.0,2.05,8.24,9.11,-0.01,-0.05,-0.16,0.0,s
4095.0,854.0,1998.0,3390.0,2559.0,2341.0,2493.0,2309.0,2.15,8.13,9.77,-0.05,-0.03,-0.14,0.0,s
4095.0,849.0,1989.0,3408.0,2559.0,2345.0,2494.0,2310.0,2.12,8.13,9.63,0.05,-0.0,-0.17,0.0,s
4095.0,867.0,1995.0,3414.0,2559.0,2349.0,2494.0,2313.0,2.13,8.39,9.35,0.05,-0.05,-0.18,0.0,s
4095.0,854.0,1991.0,3408.0,2559.0,2351.0,2500.0,2321.0,2.15,8.26,9.32,0.02,0.01,-0.13,0.0,s
4095.0,859.0,1987.0,3409.0,2587.0,2352.0,2502.0,2320.0,2.2,8.2,9.45,0.01,0.04,-0.13,0.0,s
4095.0,848.0,1984.0,3407.0,2559.0,2350.0,2501.0,2318.0,2.32,8.14,9.54,-0.01,0.01,-0.12,0.0,s
4095.0,857.0,1999.0,3413.0,2559.0,2352.0,2496.0,2317.0,2.25,8.13,9.55,0.02,0.02,-0.15,0.0,s
4095.0,850.0,1990.0,3421.0,2559.0,2352.0,2499.0,2318.0,2.33,8.13,9.45,-0.03,-0.02,-0.15,0.0,s
4095.0,855.0,1990.0,3405.0,2559.0,2352.0,2501.0,2318.0,2.28,8.15,9.58,0.01,0.01,-0.19,0.0,s
4095.0,857.0,2025.0,3408.0,2583.0,2346.0,2472.0,2290.0,2.11,8.41,9.02,0.03,-0.01,-0.07,0.0,s
4095.0,854.0,2023.0,3408.0,2585.0,2338.0,2473.0,2275.0,2.28,8.23,9.49,-0.09,-0.1,-0.01,0.0,s
4095.0,859.0,2032.0,3409.0,2589.0,2332.0,2462.0,2287.0,2.5,8.11,9.51,0.03,-0.0,-0.14,0.0,s
4095.0,853.0,2019.0,3408.0,2591.0,2322.0,2465.0,2306.0,2.54,8.15,9.46,0.11,-0.03,-0.26,0.0,s
4095.0,871.0,1989.0,3393.0,2586.0,2320.0,2474.0,2314.0,2.12,8.13,9.54,0.01,-0.07,-0.24,0.0,s
4095.0,878.0,1947.0,3398.0,2594.0,2325.0,2480.0,2320.0,1.92,8.16,9.74,0.22,-0.03,-0.34,0.0,s
4095.0,871.0,1872.0,3411.0,2595.0,2331.0,2496.0,2320.0,2.03,8.2,9.29,0.18,-0.23,-0.33,0.0,s
4095.0,873.0,1793.0,3416.0,2586.0,2325.0,2491.0,2307.0,2.22,8.27,9.42,0.27,-0.05,-0.5,0.0,s
4095.0,883.0,1735.0,3443.0,2590.0,2326.0,2486.0,2332.0,1.88,8.51,9.0,0.26,0.03,-0.39,0.0,s
4095.0,885.0,1688.0,3462.0,2592.0,2337.0,2493.0,2347.0,1.71,8.61,8.79,0.19,0.1,-0.25,0.0,s
4095.0,877.0,1653.0,3472.0,2587.0,2337.0,2491.0,2345.0,1.62,8.71,9.01,0.06,0.08,-0.17,0.0,s
4095.0,877.0,1648.0,3469.0,2585.0,2335.0,2497.0,2343.0,1.65,8.63,8.89,-0.01,-0.02,-0.13,0.0,s
4095.0,885.0,1663.0,3493.0,2588.0,2346.0,2497.0,2347.0,1.68,8.67,8.78,-0.04,-0.08,-0.06,0.0,s
4095.0,885.0,1710.0,3483.0,2583.0,2337.0,2491.0,2341.0,1.85,8.5,8.82,-0.25,-0.1,-0.0,0.0,s
4095.0,889.0,1777.0,3484.0,2586.0,2342.0,2480.0,2322.0,2.16,8.33,9.42,-0.11,0.01,-0.1,0.0,s
4095.0,868.0,1856.0,3495.0,2589.0,2346.0,2469.0,2301.0,1.97,8.46,9.34,-0.01,0.0,-0.15,0.0,s
4095.0,865.0,1875.0,3486.0,2589.0,2369.0,2473.0,2295.0,1.89,8.4,9.06,-0.02,-0.0,-0.14,0.0,s
4095.0,859.0,1878.0,3484.0,2593.0,2352.0,2482.0,2315.0,1.74,8.49,9.18,0.02,0.0,-0.15,0.0,s
4095.0,859.0,1883.0,3490.0,2587.0,2359.0,2480.0,2321.0,1.89,8.44,9.11,-0.07,-0.01,-0.09,0.0,s
4095.0,852.0,1856.0,3485.0,2582.0,2352.0,2482.0,2331.0,1.99,8.44,9.58,0.02,0.07,-0.09,0.0,s
4095.0,877.0,1786.0,3482.0,2619.0,2383.0,2544.0,2380.0,1.82,8.66,9.02,-0.0,-0.02,-0.13,0.0,s
4095.0,877.0,1786.0,3482.0,2619.0,2383.0,2544.0,2380.0,1.82,8.66,9.02,-0.0,-0.02,-0.13,0.0,s
4095.0,878.0,1787.0,3472.0,2621.0,2384.0,2544.0,2381.0,1.64,8.62,9.02,0.08,0.11,-0.16,0.0,s
4093.0,875.0,1788.0,3472.0,2613.0,2383.0,2551.0,2379.0,1.56,8.71,8.66,0.02,0.01,-0.12,0.0,s
4095.0,868.0,1782.0,3461.0,2613.0,2381.0,2544.0,2375.0,1.51,8.69,8.81,0.02,0.05,-0.15,0.0,s
4095.0,865.0,1795.0,3469.0,2609.0,2378.0,2542.0,2373.0,1.7,8.67,8.82,-0.05,-0.08,-0.1,0.0,s
4095.0,874.0,1823.0,3465.0,2608.0,2368.0,2530.0,2365.0,1.78,8.37,8.92,-0.04,0.03,-0.14,0.0,s
4095.0,860.0,1823.0,3461.0,2608.0,2371.0,2527.0,2357.0,1.75,8.62,8.88,-0.05,0.0,-0.11,0.0,s
4095.0,865.0,1831.0,3465.0,2609.0,2367.0,2530.0,2353.0,1.95,8.43,9.05,-0.03,-0.03,-0.13,0.0,s
4095.0,869.0,1824.0,3479.0,2607.0,2368.0,2533.0,2363.0,1.93,8.6,9.17,0.04,-0.01,-0.19,0.0,s
4095.0,859.0,1825.0,3477.0,2608.0,2373.0,2555.0,2370.0,1.96,8.55,9.02,0.03,-0.03,-0.2,0.0,s
4095.0,862.0,1826.0,3479.0,2608.0,2378.0,2539.0,2379.0,1.66,8.61,9.0,0.08,0.04,-0.2,0.0,s
4095.0,862.0,1819.0,3479.0,2608.0,2375.0,2538.0,2375.0,1.47,8.69,8.77,0.03,0.01,-0.16,0.0,s
4095.0,858.0,1829.0,3490.0,2608.0,2374.0,2543.0,2382.0,1.56,8.62,8.7,-0.0,0.03,-0.13,0.0,s
4095.0,855.0,1821.0,3475.0,2613.0,2362.0,2543.0,2377.0,1.63,8.71,8.71,-0.04,-0.01,-0.13,0.0,s
4095.0,871.0,1821.0,3481.0,2610.0,2373.0,2544.0,2380.0,1.93,8.54,8.92,-0.07,-0.08,-0.18,0.0,s
4095.0,862.0,1825.0,3487.0,2613.0,2382.0,2543.0,2383.0,1.66,8.6,9.27,-0.03,-0.11,-0.22,0.0,s
4095.0,864.0,1830.0,3488.0,2611.0,2383.0,2546.0,2383.0,1.41,8.49,9.27,0.03,-0.03,-0.19,0.0,s
4095.0,861.0,1829.0,3483.0,2610.0,2380.0,2544.0,2374.0,1.5,8.7,8.82,0.05,-0.04,-0.14,0.0,s
4095.0,865.0,1825.0,3477.0,2617.0,2368.0,2544.0,2384.0,1.72,8.56,8.99,-0.02,0.01,-0.08,0.0,s
4095.0,863.0,1808.0,3489.0,2609.0,2381.0,2547.0,2397.0,0.99,8.4,8.92,-0.02,-0.25,-0.04,0.0,s
4095.0,867.0,1820.0,3504.0,2610.0,2384.0,2551.0,2400.0,1.57,8.27,9.82,-0.07,0.02,0.08,0.0,s
4095.0,867.0,1822.0,3497.0,2608.0,2384.0,2550.0,2400.0,2.41,8.61,9.22,0.09,0.01,-0.01,0.0,s
4095.0,868.0,1822.0,3498.0,2606.0,2378.0,2549.0,2393.0,2.69,8.73,8.57,0.07,-0.05,-0.06,0.0,s
4095.0,863.0,1819.0,3507.0,2608.0,2378.0,2552.0,2395.0,2.55,8.63,8.89,0.01,-0.07,-0.24,0.0,s
4095.0,862.0,1815.0,3517.0,2611.0,2384.0,2557.0,2403.0,1.82,8.56,9.57,0.02,-0.12,-0.29,0.0,s
4095.0,867.0,1822.0,3504.0,2613.0,2384.0,2549.0,2396.0,1.63,8.75,9.25,0.22,-0.11,-0.27,0.0,s
4095.0,869.0,1820.0,3509.0,2608.0,2376.0,2559.0,2400.0,1.67,8.65,8.19,0.14,-0.0,-0.19,0.0,s
4095.0,854.0,1821.0,3509.0,2608.0,2382.0,2557.0,2401.0,1.59,8.54,8.63,0.04,0.1,-0.23,0.0,s
4095.0,854.0,1813.0,3510.0,2608.0,2382.0,2555.0,2402.0,1.09,8.82,8.51,0.09,0.04,-0.18,0.0,s
4095.0,861.0,1815.0,3501.0,2609.0,2368.0,2554.0,2397.0,1.53,8.87,7.86,-0.01,-0.09,-0.15,0.0,s
4095.0,880.0,1822.0,3503.0,2608.0,2377.0,2554.0,2395.0,1.8,8.86,8.39,-0.2,-0.09,-0.1,0.0,s
4095.0,863.0,1810.0,3507.0,2611.0,2379.0,2555.0,2399.0,2.29,8.62,9.18,-0.14,-0.08,-0.16,0.0,s
4095.0,861.0,1820.0,3505.0,2613.0,2384.0,2554.0,2410.0,2.41,8.51,9.31,-0.06,-0.13,-0.26,0.0,s
4095.0,864.0,1814.0,3515.0,2609.0,2384.0,2559.0,2404.0,1.65,8.54,9.27,0.03,-0.14,-0.38,0.0,s
4095.0,866.0,1814.0,3513.0,2608.0,2382.0,2555.0,2398.0,1.19,8.64,8.98,-0.01,-0.02,-0.3,0.0,s
4095.0,866.0,1808.0,3510.0,2607.0,2375.0,2556.0,2403.0,0.83,8.49,9.21,0.03,0.02,-0.24,0.0,s
4095.0,866.0,1821.0,3510.0,2609.0,2385.0,2558.0,2402.0,1.33,8.54,9.09,0.04,-0.04,-0.12,0.0,s
4095.0,866.0,1809.0,3518.0,2613.0,2389.0,2557.0,2399.0,1.66,8.43,9.07,0.03,0.08,-0.12,0.0,s
4095.0,871.0,1810.0,3509.0,2607.0,2380.0,2559.0,2401.0,1.68,8.56,8.98,0.04,0.02,-0.11,0.0,s
4095.0,865.0,1813.0,3504.0,2624.0,2379.0,2552.0,2407.0,1.61,8.74,9.13,0.11,0.07,-0.15,0.0,s
4095.0,852.0,1815.0,3515.0,2613.0,2396.0,2554.0,2406.0,1.77,8.67,8.51,0.14,-0.01,-0.14,0.0,s
4095.0,866.0,1812.0,3502.0,2603.0,2379.0,2559.0,2403.0,1.74,8.67,8.29,-0.03,-0.07,-0.2,0.0,s
4095.0,863.0,1818.0,3520.0,2613.0,2382.0,2550.0,2411.0,1.46,8.69,8.83,-0.07,-0.04,-0.22,0.0,s
4095.0,865.0,1818.0,3511.0,2613.0,2384.0,2556.0,2410.0,1.58,8.55,9.03,-0.1,-0.09,-0.18,0.0,s
4095.0,877.0,1815.0,3510.0,2612.0,2385.0,2554.0,2409.0,1.86,8.46,9.36,-0.03,-0.13,-0.24,0.0,s
4095.0,867.0,1817.0,3517.0,2611.0,2383.0,2558.0,2410.0,1.58,8.63,9.61,0.01,-0.18,-0.28,0.0,s
4095.0,869.0,1809.0,3504.0,2608.0,2382.0,2559.0,2410.0,0.63,8.72,9.56,0.26,0.13,-0.22,0.0,s
4095.0,874.0,1811.0,3506.0,2610.0,2383.0,2556.0,2403.0,0.83,9.06,6.84,0.37,0.11,-0.03,0.0,s
4095.0,870.0,1821.0,3509.0,2619.0,2381.0,2555.0,2400.0,1.51,8.96,6.76,-0.16,0.1,-0.06,0.0,s
4095.0,867.0,1818.0,3516.0,2616.0,2384.0,2557.0,2410.0,2.12,8.61,9.43,-0.5,0.05,0.01,0.0,s
4095.0,850.0,1809.0,3517.0,2615.0,2378.0,2559.0,2405.0,1.99,8.32,10.01,-0.11,0.03,-0.13,0.0,s
4095.0,858.0,1818.0,3520.0,2619.0,2384.0,2558.0,2411.0,2.17,8.37,9.44,-0.11,0.04,-0.16,0.0,s
4095.0,869.0,1817.0,3513.0,2608.0,2377.0,2558.0,2410.0,1.42,8.53,9.97,-0.14,0.22,-0.07,0.0,s
4095.0,868.0,1799.0,3504.0,2599.0,2368.0,2547.0,2413.0,1.5,8.16,9.93,-0.03,0.11,0.15,0.0,s
4095.0,863.0,1798.0,3513.0,2595.0,2368.0,2553.0,2411.0,1.37,8.42,9.24,0.31,0.07,-0.17,0.0,s
4095.0,869.0,1822.0,3523.0,2589.0,2360.0,2530.0,2394.0,1.47,8.76,8.45,0.13,-0.02,-0.13,0.0,s
4095.0,873.0,1870.0,3471.0,2586.0,2322.0,2474.0,2321.0,1.59,8.77,8.34,0.07,0.07,-0.07,0.0,s
4095.0,867.0,1904.0,3441.0,2597.0,2310.0,2446.0,2286.0,1.5,8.77,8.59,-0.07,0.08,-0.02,0.0,s
4095.0,863.0,1984.0,3408.0,2608.0,2307.0,2433.0,2224.0,1.87,8.51,9.1,-0.14,-0.02,0.03,0.0,s
4095.0,865.0,1712.0,3466.0,2629.0,2375.0,2515.0,2338.0,1.57,8.46,8.8,0.03,0.25,-0.06,0.0,s
4095.0,867.0,1589.0,3475.0,2629.0,2375.0,2543.0,2352.0,1.21,9.08,8.55,0.2,0.49,-0.29,0.0,s
4095.0,852.0,1455.0,3478.0,2633.0,2390.0,2559.0,2368.0,1.04,8.86,8.05,-0.15,0.22,-0.45,0.0,s
4095.0,848.0,1322.0,3495.0,2640.0,2385.0,2559.0,2387.0,0.46,8.94,8.84,-0.08,0.25,-0.7,0.0,s
4095.0,861.0,1345.0,3514.0,2640.0,2397.0,2559.0,2409.0,0.19,8.66,9.03,-0.0,0.3,-0.66,0.0,s
4095.0,861.0,1487.0,3490.0,2627.0,2384.0,2529.0,2359.0,-0.64,9.05,8.83,-0.01,0.12,-0.45,0.0,s
4095.0,862.0,1585.0,3499.0,2622.0,2378.0,2511.0,2336.0,-0.62,8.62,9.05,-0.08,-0.06,-0.23,0.0,s
4095.0,859.0,1616.0,3498.0,2624.0,2379.0,2514.0,2340.0,-0.86,8.76,9.49,0.05,-0.61,-0.04,0.0,s
4095.0,848.0,1605.0,3498.0,2626.0,2381.0,2515.0,2342.0,0.66,8.53,9.12,0.34,-0.83,-0.14,0.0,s
4095.0,853.0,1616.0,3486.0,2629.0,2379.0,2514.0,2342.0,-0.05,9.0,8.42,0.31,-0.72,-0.1,0.0,s
4095.0,860.0,1641.0,3491.0,2626.0,2377.0,2512.0,2335.0,0.72,8.88,8.36,0.28,-0.79,-0.15,0.0,s
4095.0,855.0,1653.0,3490.0,2624.0,2375.0,2512.0,2320.0,1.25,9.2,7.99,0.16,-0.51,-0.08,0.0,s
4095.0,857.0,1659.0,3501.0,2627.0,2382.0,2515.0,2330.0,1.62,9.08,7.64,-0.04,0.54,-0.13,0.0,s
4095.0,848.0,1658.0,3493.0,2627.0,2382.0,2512.0,2332.0,0.42,9.15,8.01,-0.23,1.07,-0.02,0.0,s
4095.0,848.0,1659.0,3490.0,2622.0,2373.0,2514.0,2326.0,0.41,8.81,8.56,-0.28,0.89,-0.03,0.0,s
4095.0,852.0,1680.0,3495.0,2627.0,2384.0,2512.0,2304.0,0.26,8.89,8.64,-0.21,0.73,-0.09,0.0,s
4095.0,843.0,1744.0,3491.0,2624.0,2379.0,2511.0,2294.0,0.19,8.74,8.57,-0.2,0.6,-0.11,0.0,s
4095.0,851.0,1782.0,3504.0,2627.0,2384.0,2511.0,2314.0,-0.25,8.88,8.74,-0.17,0.66,0.07,0.0,s
4095.0,859.0,1790.0,3501.0,2624.0,2373.0,2507.0,2311.0,-0.05,8.53,9.13,-0.18,0.52,-0.07,0.0,s
4095.0,839.0,1805.0,3497.0,2625.0,2368.0,2503.0,2319.0,-0.11,8.71,9.31,-0.15,0.17,-0.09,0.0,s
4095.0,859.0,1913.0,3426.0,2623.0,2373.0,2523.0,2343.0,1.45,8.03,10.29,-0.12,0.21,0.15,0.0,s
4095.0,851.0,1914.0,3443.0,2620.0,2369.0,2522.0,2339.0,1.97,7.84,10.35,-0.08,-0.16,-0.1,0.0,s
4095.0,852.0,1907.0,3446.0,2624.0,2373.0,2522.0,2333.0,1.72,7.88,10.23,0.03,-0.12,-0.16,0.0,s
4095.0,864.0,1919.0,3441.0,2622.0,2368.0,2519.0,2339.0,1.62,7.94,9.9,0.02,0.0,-0.15,0.0,s
4095.0,848.0,1911.0,3446.0,2622.0,2370.0,2519.0,2347.0,1.35,7.95,10.05,0.05,-0.06,-0.21,0.0,s
4095.0,851.0,1908.0,3456.0,2624.0,2379.0,2519.0,2342.0,1.54,7.97,9.99,-0.04,-0.2,-0.19,0.0,s
4095.0,853.0,1905.0,3444.0,2624.0,2371.0,2524.0,2347.0,1.28,7.92,10.05,0.03,-0.11,-0.23,0.0,s
4095.0,855.0,1913.0,3456.0,2627.0,2375.0,2525.0,2350.0,1.29,7.94,10.09,0.06,-0.05,-0.19,0.0,s
4095.0,855.0,1911.0,3450.0,2620.0,2375.0,2529.0,2352.0,1.38,7.95,10.12,-0.0,-0.03,-0.18,0.0,s
4095.0,845.0,1904.0,3421.0,2608.0,2368.0,2512.0,2337.0,1.35,7.99,10.14,-0.11,-0.09,-0.14,0.0,s
4095.0,857.0,1917.0,3394.0,2595.0,2368.0,2496.0,2317.0,1.41,8.02,9.8,-0.15,-0.09,-0.13,0.0,s
4095.0,849.0,1924.0,3379.0,2609.0,2356.0,2497.0,2298.0,1.53,7.87,9.93,-0.12,0.01,-0.07,0.0,s
4095.0,847.0,1917.0,3385.0,2608.0,2343.0,2488.0,2293.0,1.63,7.72,10.31,-0.05,-0.02,-0.08,0.0,s
4095.0,845.0,1926.0,3397.0,2611.0,2347.0,2491.0,2303.0,1.77,7.77,10.36,0.01,-0.11,-0.14,0.0,s
4095.0,861.0,1921.0,3389.0,2599.0,2331.0,2479.0,2299.0,1.53,7.87,10.11,-0.05,-0.18,-0.14,0.0,s
4095.0,853.0,1925.0,3391.0,2613.0,2327.0,2481.0,2304.0,1.98,7.62,10.27,-0.1,-0.13,-0.16,0.0,s
4095.0,854.0,1915.0,3392.0,2608.0,2326.0,2480.0,2307.0,1.63,7.69,10.57,-0.01,-0.17,-0.19,0.0,s
4095.0,853.0,1921.0,3398.0,2608.0,2323.0,2481.0,2311.0,1.9,7.65,10.4,0.06,-0.02,-0.15,0.0,s
4095.0,858.0,1917.0,3411.0,2614.0,2327.0,2485.0,2313.0,1.78,7.87,10.07,0.04,-0.08,-0.15,0.0,s
4095.0,848.0,1915.0,3407.0,2615.0,2323.0,2485.0,2315.0,1.9,7.79,10.14,0.03,0.0,-0.15,0.0,s
4095.0,862.0,1920.0,3376.0,2615.0,2364.0,2484.0,2303.0,1.27,8.64,8.66,-0.25,-0.04,-0.05,0.0,s
4095.0,855.0,1916.0,3359.0,2625.0,2350.0,2489.0,2246.0,1.4,8.32,9.5,-0.01,0.01,-0.24,0.0,s
4095.0,848.0,1897.0,3331.0,2627.0,2351.0,2495.0,2246.0,1.54,8.5,9.19,-0.06,-0.07,-0.12,0.0,s
4095.0,848.0,1894.0,3334.0,2619.0,2345.0,2494.0,2231.0,1.56,8.56,9.14,-0.0,0.02,-0.12,0.0,s
4095.0,855.0,1882.0,3303.0,2621.0,2348.0,2476.0,2246.0,1.38,8.53,9.24,-0.06,0.02,-0.1,0.0,s
4095.0,861.0,1872.0,3305.0,2622.0,2345.0,2475.0,2241.0,1.65,8.27,9.42,-0.02,-0.03,-0.13,0.0,s
4095.0,867.0,1865.0,3308.0,2615.0,2352.0,2479.0,2240.0,1.46,8.52,9.25,0.04,-0.05,-0.11,0.0,s
4095.0,851.0,1858.0,3311.0,2613.0,2352.0,2480.0,2237.0,1.64,8.28,9.45,0.11,-0.14,-0.2,0.0,s
4095.0,853.0,1853.0,3327.0,2625.0,2351.0,2493.0,2257.0,1.53,8.66,9.02,0.11,-0.11,-0.17,0.0,s
4095.0,862.0,1851.0,3349.0,2623.0,2341.0,2480.0,2254.0,1.89,8.22,9.16,0.04,-0.08,-0.16,0.0,s
4095.0,865.0,1851.0,3385.0,2620.0,2346.0,2481.0,2286.0,1.34,8.73,8.95,0.11,0.09,-0.19,0.0,s
4095.0,854.0,1844.0,3391.0,2620.0,2350.0,2478.0,2293.0,1.64,8.27,9.33,0.04,-0.04,-0.18,0.0,s
4095.0,865.0,1851.0,3421.0,2606.0,2349.0,2480.0,2311.0,1.63,8.66,9.08,0.28,-0.04,-0.25,0.0,s
4095.0,865.0,1851.0,3445.0,2621.0,2349.0,2479.0,2320.0,1.75,8.44,9.01,0.2,-0.0,-0.38,0.0,s
4095.0,859.0,1842.0,3457.0,2611.0,2352.0,2492.0,2323.0,1.14,8.87,8.81,0.34,-0.06,-0.45,0.0,s
4095.0,853.0,1842.0,3472.0,2617.0,2352.0,2513.0,2326.0,1.02,8.74,8.56,0.23,-0.03,-0.34,0.0,s
4095.0,863.0,1840.0,3483.0,2609.0,2352.0,2498.0,2331.0,0.85,9.04,8.36,0.15,-0.02,-0.24,0.0,s
4095.0,859.0,1840.0,3472.0,2623.0,2356.0,2499.0,2340.0,0.89,8.86,8.34,-0.01,0.05,-0.07,0.0,s
4095.0,857.0,1842.0,3484.0,2622.0,2351.0,2510.0,2340.0,1.03,8.92,8.55,-0.03,-0.01,-0.05,0.0,s
4095.0,851.0,1845.0,3483.0,2624.0,2358.0,2509.0,2337.0,1.23,8.92,8.58,-0.08,-0.12,0.03,0.0,s
4095.0,870.0,1837.0,3423.0,2645.0,2349.0,2465.0,2270.0,1.58,8.89,8.19,-0.04,0.03,-0.12,0.0,s
4095.0,864.0,1829.0,3425.0,2652.0,2347.0,2470.0,2271.0,1.67,8.91,8.33,-0.02,0.06,-0.13,0.0,s
4095.0,861.0,1831.0,3431.0,2654.0,2354.0,2485.0,2272.0,1.67,8.8,8.63,0.07,0.07,-0.25,0.0,s
4095.0,863.0,1808.0,3444.0,2654.0,2357.0,2491.0,2294.0,1.29,9.02,8.19,0.1,0.08,-0.19,0.0,s
4095.0,850.0,1808.0,3449.0,2661.0,2362.0,2498.0,2288.0,1.3,8.99,8.27,0.05,0.03,-0.22,0.0,s
4095.0,848.0,1808.0,3458.0,2662.0,2369.0,2494.0,2298.0,1.34,8.98,8.25,-0.02,0.02,-0.14,0.0,s
4095.0,850.0,1822.0,3435.0,2657.0,2365.0,2498.0,2291.0,1.38,9.11,8.18,0.01,0.0,-0.16,0.0,s
4095.0,850.0,1820.0,3447.0,2685.0,2369.0,2498.0,2289.0,1.42,8.92,8.32,-0.09,-0.04,-0.11,0.0,s
4095.0,854.0,1822.0,3446.0,2659.0,2367.0,2501.0,2296.0,1.36,8.94,8.37,0.07,0.05,-0.16,0.0,s
4095.0,863.0,1811.0,3441.0,2663.0,2367.0,2502.0,2302.0,1.84,8.5,8.62,0.4,0.48,-0.35,0.0,s
4095.0,850.0,1809.0,3440.0,2658.0,2359.0,2505.0,2291.0,0.98,9.17,8.41,0.69,0.37,-0.56,0.0,s
4095.0,861.0,1818.0,3431.0,2665.0,2356.0,2507.0,2311.0,0.85,9.49,7.84,0.73,-0.04,-0.5,0.0,s
4095.0,858.0,1815.0,3426.0,2658.0,2351.0,2506.0,2318.0,0.77,9.4,7.13,0.41,0.13,-0.33,0.0,s
4095.0,849.0,1810.0,3449.0,2667.0,2353.0,2510.0,2321.0,0.0,9.89,6.6,0.18,-0.01,-0.13,0.0,s
4095.0,850.0,1814.0,3450.0,2660.0,2358.0,2511.0,2321.0,0.75,9.37,6.93,-0.16,-0.19,-0.02,0.0,s
4095.0,855.0,1814.0,3446.0,2662.0,2359.0,2512.0,2321.0,0.59,9.52,7.17,-0.39,-0.23,0.08,0.0,s
4095.0,855.0,1823.0,3453.0,2666.0,2368.0,2509.0,2320.0,1.11,9.32,7.61,-0.4,-0.33,0.05,0.0,s
4095.0,862.0,1821.0,3425.0,2657.0,2358.0,2506.0,2306.0,1.3,9.11,7.86,-0.28,-0.2,0.0,0.0,s
4095.0,858.0,1830.0,3381.0,2656.0,2359.0,2495.0,2291.0,1.29,9.11,7.76,-0.32,-0.08,-0.0,0.0,s
4095.0,849.0,1833.0,3360.0,2659.0,2357.0,2494.0,2271.0,1.21,9.04,8.21,-0.18,0.15,-0.01,0.0,s
4095.0,849.0,1759.0,3376.0,2629.0,2366.0,2517.0,2337.0,1.42,9.22,7.75,0.13,-0.02,-0.26,0.0,s
4095.0,859.0,1753.0,3375.0,2640.0,2370.0,2533.0,2341.0,0.89,9.42,7.79,0.05,-0.04,-0.13,0.0,s
4095.0,859.0,1750.0,3386.0,2635.0,2371.0,2525.0,2347.0,1.39,8.83,7.98,0.03,-0.03,-0.15,0.0,s
4095.0,852.0,1744.0,3392.0,2630.0,2372.0,2530.0,2368.0,1.21,9.24,7.76,0.16,-0.06,-0.24,0.0,s
4095.0,857.0,1745.0,3405.0,2639.0,2383.0,2534.0,2373.0,1.25,9.1,7.66,0.13,-0.15,-0.31,0.0,s
4095.0,855.0,1738.0,3394.0,2640.0,2379.0,2544.0,2379.0,1.23,9.35,7.31,0.14,-0.17,-0.34,0.0,s
4095.0,851.0,1743.0,3401.0,2635.0,2383.0,2551.0,2384.0,0.93,9.43,7.24,0.04,-0.18,-0.24,0.0,s
4095.0,861.0,1737.0,3392.0,2639.0,2382.0,2545.0,2379.0,1.0,9.32,7.49,0.03,-0.16,-0.22,0.0,s
4095.0,866.0,1740.0,3390.0,2636.0,2377.0,2550.0,2383.0,1.19,9.29,7.65,0.0,-0.19,-0.19,0.0,s
4095.0,853.0,1744.0,3401.0,2638.0,2384.0,2555.0,2387.0,1.34,9.3,7.57,0.07,-0.2,-0.24,0.0,s
4095.0,854.0,1738.0,3399.0,2637.0,2386.0,2556.0,2384.0,1.29,9.2,7.57,0.01,-0.17,-0.23,0.0,s
4095.0,855.0,1735.0,3395.0,2637.0,2387.0,2557.0,2387.0,1.24,9.22,7.72,0.06,-0.17,-0.3,0.0,s
4095.0,851.0,1783.0,3381.0,2611.0,2371.0,2503.0,2347.0,0.86,9.39,7.48,0.11,-0.17,-0.32,0.0,s
4095.0,846.0,1856.0,3351.0,2624.0,2318.0,2466.0,2269.0,1.12,9.13,7.25,-0.05,-0.27,-0.16,0.0,s
4095.0,850.0,1843.0,3292.0,2627.0,2303.0,2457.0,2226.0,1.05,9.11,7.4,-0.09,-0.03,-0.12,0.0,s
4095.0,876.0,1825.0,3277.0,2639.0,2306.0,2461.0,2187.0,1.46,9.15,7.79,-0.24,0.02,0.06,0.0,s
4095.0,873.0,1808.0,3279.0,2635.0,2319.0,2469.0,2209.0,1.56,9.02,8.24,-0.01,0.06,-0.05,0.0,s
4095.0,875.0,1808.0,3275.0,2641.0,2319.0,2475.0,2210.0,1.77,9.12,8.08,-0.1,0.04,-0.0,0.0,s
4095.0,866.0,1793.0,3271.0,2637.0,2329.0,2465.0,2187.0,1.41,9.01,8.0,0.01,0.04,-0.1,0.0,s
4095.0,871.0,1745.0,3264.0,2645.0,2322.0,2483.0,2205.0,1.43,9.05,8.03,-0.11,0.1,0.01,0.0,s
4095.0,849.0,1479.0,3459.0,2653.0,2384.0,2531.0,2329.0,1.22,9.14,7.54,-0.0,0.05,-0.13,0.0,s
4095.0,850.0,1456.0,3473.0,2658.0,2382.0,2539.0,2341.0,1.19,9.34,7.6,0.04,0.12,-0.17,0.0,s
4095.0,848.0,1458.0,3485.0,2662.0,2391.0,2548.0,2352.0,1.37,9.14,7.86,-0.01,-0.05,-0.21,0.0,s
4095.0,852.0,1491.0,3480.0,2650.0,2395.0,2533.0,2331.0,0.97,9.36,7.91,0.12,-0.03,-0.29,0.0,s
4095.0,854.0,1535.0,3455.0,2637.0,2371.0,2502.0,2285.0,1.14,9.36,7.26,0.01,-0.06,-0.19,0.0,s
4095.0,846.0,1564.0,3425.0,2640.0,2365.0,2502.0,2269.0,1.04,9.32,7.44,-0.08,0.06,-0.15,0.0,s
4095.0,851.0,1568.0,3401.0,2640.0,2348.0,2497.0,2267.0,0.86,9.38,7.51,0.07,0.09,-0.16,0.0,s
4095.0,848.0,1567.0,3370.0,2641.0,2338.0,2483.0,2259.0,0.98,9.28,7.34,0.07,0.05,-0.19,0.0,s
4095.0,849.0,1564.0,3356.0,2650.0,2349.0,2498.0,2273.0,0.91,9.3,7.65,0.09,0.01,-0.22,0.0,s
4095.0,863.0,1563.0,3346.0,2647.0,2352.0,2509.0,2270.0,1.04,9.33,7.45,-0.04,-0.12,-0.15,0.0,s
4095.0,867.0,1535.0,3343.0,2650.0,2357.0,2512.0,2288.0,0.87,9.37,7.65,0.02,-0.01,-0.18,0.0,s
4095.0,862.0,1535.0,3345.0,2651.0,2355.0,2508.0,2289.0,0.98,9.28,7.24,-0.04,-0.07,-0.12,0.0,s
4095.0,848.0,1535.0,3371.0,2657.0,2365.0,2512.0,2303.0,0.91,9.35,7.45,-0.1,-0.09,-0.12,0.0,s
4095.0,863.0,1553.0,3388.0,2659.0,2371.0,2512.0,2307.0,1.02,9.29,7.83,-0.11,-0.09,-0.1,0.0,s
4095.0,853.0,1535.0,3395.0,2659.0,2368.0,2508.0,2308.0,1.07,9.16,7.88,-0.05,-0.02,-0.1,0.0,s
4095.0,863.0,1555.0,3406.0,2655.0,2371.0,2510.0,2313.0,1.03,9.23,8.0,0.03,-0.0,-0.11,0.0,s
4095.0,859.0,1558.0,3405.0,2661.0,2369.0,2510.0,2315.0,1.17,9.4,7.77,0.07,-0.01,-0.06,0.0,s
4095.0,868.0,1554.0,3424.0,2658.0,2373.0,2513.0,2320.0,1.52,9.07,7.29,0.03,-0.03,-0.04,0.0,s
4095.0,850.0,1553.0,3423.0,2658.0,2370.0,2509.0,2321.0,1.28,9.27,7.5,-0.01,-0.06,-0.17,0.0,s
4095.0,855.0,1554.0,3435.0,2657.0,2374.0,2510.0,2326.0,1.23,9.17,7.72,-0.02,-0.12,-0.19,0.0,s
4095.0,854.0,1426.0,3529.0,2654.0,2404.0,2559.0,2386.0,1.75,9.22,7.85,-0.12,0.09,0.01,0.0,s
4095.0,863.0,1426.0,3559.0,2667.0,2410.0,2559.0,2388.0,1.84,8.99,8.21,-0.05,0.17,-0.14,0.0,s
4095.0,853.0,1424.0,3583.0,2674.0,2413.0,2559.0,2397.0,1.58,9.16,7.97,0.04,0.15,-0.2,0.0,s
4095.0,855.0,1423.0,3629.0,2669.0,2414.0,2553.0,2387.0,1.38,9.21,7.72,-0.0,0.1,-0.17,0.0,s
4095.0,865.0,1431.0,3653.0,2691.0,2413.0,2555.0,2385.0,1.77,9.13,7.59,-0.11,0.4,-0.15,0.0,s
4095.0,853.0,1503.0,3600.0,2667.0,2367.0,2491.0,2317.0,1.51,9.45,7.34,-0.3,1.78,-0.22,0.0,s
4095.0,864.0,1634.0,3493.0,2647.0,2352.0,2463.0,2257.0,0.42,8.9,8.46,-0.73,1.55,0.18,0.0,s
4095.0,852.0,1708.0,3440.0,2645.0,2350.0,2467.0,2247.0,0.76,8.57,9.33,-0.52,0.85,0.05,0.0,s
4095.0,855.0,1702.0,3426.0,2656.0,2351.0,2470.0,2240.0,0.76,8.48,9.6,-0.27,0.32,-0.1,0.0,s
4095.0,851.0,1725.0,3394.0,2659.0,2347.0,2461.0,2235.0,0.52,8.58,9.22,-0.11,0.14,-0.13,0.0,s
4095.0,848.0,1734.0,3361.0,2661.0,2351.0,2476.0,2231.0,0.53,8.64,9.2,-0.1,0.11,-0.08,0.0,s
4095.0,845.0,1744.0,3248.0,2663.0,2349.0,2480.0,2223.0,0.35,8.56,9.14,-0.28,0.1,-0.02,0.0,s
4095.0,848.0,1744.0,3157.0,2673.0,2336.0,2486.0,2199.0,0.75,8.43,9.59,-0.14,-0.06,-0.09,0.0,s
4095.0,849.0,1743.0,3103.0,2671.0,2335.0,2478.0,2214.0,1.02,8.41,9.53,-0.1,-0.04,-0.04,0.0,s
4095.0,858.0,1735.0,3088.0,2672.0,2345.0,2480.0,2219.0,1.07,8.37,9.48,0.01,-0.11,-0.16,0.0,s
4095.0,857.0,1737.0,3088.0,2669.0,2324.0,2482.0,2235.0,0.87,8.4,9.46,0.0,-0.12,-0.17,0.0,s
4095.0,858.0,1735.0,3088.0,2671.0,2347.0,2493.0,2243.0,0.93,8.55,9.32,-0.02,-0.05,-0.15,0.0,s
4095.0,863.0,1731.0,3088.0,2672.0,2342.0,2518.0,2242.0,0.79,8.36,9.51,-0.07,-0.02,-0.14,0.0,s
4095.0,852.0,1733.0,3071.0,2672.0,2352.0,2506.0,2235.0,0.85,8.35,9.68,-0.1,-0.02,-0.13,0.0,s
4095.0,865.0,1733.0,3054.0,2667.0,2354.0,2503.0,2224.0,0.88,8.34,9.56,0.06,-0.07,-0.17,0.0,s
4095.0,895.0,2032.0,3322.0,2640.0,2379.0,2558.0,2327.0,-0.06,7.7,10.54,-0.18,0.0,-0.05,0.0,s
4095.0,912.0,2101.0,3337.0,2640.0,2383.0,2559.0,2339.0,0.12,7.57,10.93,0.09,0.2,0.01,0.0,s
4095.0,919.0,2170.0,3344.0,2640.0,2375.0,2551.0,2321.0,0.46,7.79,10.43,0.13,0.13,0.01,0.0,s
4095.0,941.0,2203.0,3335.0,2640.0,2379.0,2539.0,2306.0,0.3,7.94,9.93,0.15,0.03,-0.05,0.0,s
4095.0,954.0,2245.0,3338.0,2641.0,2382.0,2534.0,2304.0,0.28,8.11,9.97,0.02,-0.03,-0.09,0.0,s
4095.0,970.0,2254.0,3342.0,2640.0,2373.0,2525.0,2303.0,0.36,7.91,10.17,-0.04,-0.01,-0.09,0.0,s
4095.0,970.0,2250.0,3339.0,2640.0,2377.0,2527.0,2306.0,0.35,8.03,10.15,-0.07,-0.03,-0.08,0.0,s
4095.0,947.0,2256.0,3333.0,2644.0,2373.0,2533.0,2303.0,0.63,7.69,10.54,-0.16,-0.1,-0.16,0.0,s
4095.0,961.0,2245.0,3344.0,2646.0,2380.0,2543.0,2321.0,0.37,7.69,10.52,-0.04,-0.1,-0.24,0.0,s
4095.0,974.0,2219.0,3346.0,2651.0,2384.0,2547.0,2335.0,0.08,7.59,10.77,-0.01,-0.19,-0.18,0.0,s
4095.0,947.0,2138.0,3359.0,2655.0,2383.0,2555.0,2350.0,-0.15,7.68,10.68,-0.02,-0.2,0.01,0.0,s
4095.0,935.0,2064.0,3380.0,2661.0,2385.0,2559.0,2358.0,0.57,7.46,10.93,0.13,-0.11,-0.1,0.0,s
4095.0,926.0,1987.0,3382.0,2666.0,2375.0,2559.0,2378.0,0.53,7.88,10.52,0.17,-0.11,-0.05,0.0,s
4095.0,921.0,1936.0,3405.0,2666.0,2385.0,2559.0,2382.0,0.96,7.73,10.35,0.16,-0.09,-0.14,0.0,s
4095.0,912.0,1890.0,3430.0,2667.0,2389.0,2559.0,2368.0,0.73,8.03,10.15,0.21,-0.06,-0.14,0.0,s
4095.0,911.0,1846.0,3440.0,2660.0,2384.0,2559.0,2364.0,1.01,7.91,10.03,0.14,-0.01,-0.19,0.0,s
4095.0,906.0,1791.0,3444.0,2671.0,2381.0,2559.0,2364.0,0.6,8.21,9.82,0.16,-0.01,-0.14,0.0,s
4095.0,896.0,1748.0,3438.0,2669.0,2384.0,2559.0,2369.0,0.77,7.96,9.96,0.06,0.02,-0.16,0.0,s
4095.0,896.0,1679.0,3440.0,2666.0,2384.0,2559.0,2375.0,0.57,8.18,9.8,0.02,-0.02,-0.11,0.0,s
4095.0,897.0,1606.0,3447.0,2664.0,2384.0,2559.0,2384.0,0.85,7.93,10.18,0.05,0.1,-0.12,0.0,s
4095.0,849.0,1920.0,3344.0,2640.0,2352.0,2512.0,2306.0,1.13,7.53,10.64,-0.02,-0.08,-0.15,0.0,s
4095.0,850.0,1914.0,3344.0,2644.0,2353.0,2507.0,2304.0,1.43,7.29,10.96,-0.03,0.03,-0.11,0.0,s
4095.0,854.0,1919.0,3345.0,2647.0,2349.0,2511.0,2305.0,1.38,7.36,10.96,0.06,0.01,-0.12,0.0,s
4095.0,864.0,1918.0,3351.0,2653.0,2352.0,2507.0,2295.0,1.46,7.39,10.79,0.07,-0.11,-0.17,0.0,s
4095.0,853.0,1917.0,3360.0,2655.0,2355.0,2507.0,2289.0,1.31,7.53,10.64,0.09,-0.16,-0.2,0.0,s
4095.0,848.0,1906.0,3355.0,2652.0,2363.0,2503.0,2291.0,1.62,7.32,10.87,0.14,-0.04,-0.24,0.0,s
4095.0,858.0,1910.0,3351.0,2651.0,2363.0,2501.0,2291.0,1.41,7.66,10.42,0.09,-0.03,-0.17,0.0,s
4095.0,862.0,1911.0,3359.0,2653.0,2367.0,2511.0,2297.0,1.54,7.45,10.68,0.12,-0.05,-0.23,0.0,s
4095.0,853.0,1909.0,3366.0,2663.0,2374.0,2518.0,2304.0,1.29,7.68,10.56,0.06,-0.04,-0.17,0.0,s
4095.0,846.0,1903.0,3369.0,2667.0,2375.0,2516.0,2314.0,1.45,7.55,10.58,0.06,0.02,-0.16,0.0,s
4095.0,862.0,1894.0,3364.0,2660.0,2375.0,2517.0,2307.0,1.52,7.69,10.49,0.05,-0.03,-0.17,0.0,s
4095.0,859.0,1891.0,3367.0,2663.0,2382.0,2513.0,2316.0,1.5,7.57,10.51,0.07,-0.02,-0.19,0.0,s
4095.0,848.0,1890.0,3361.0,2672.0,2387.0,2523.0,2323.0,1.27,7.69,10.42,0.12,-0.04,-0.24,0.0,s
4095.0,848.0,1883.0,3353.0,2669.0,2395.0,2515.0,2327.0,1.26,7.66,10.43,0.02,-0.16,-0.18,0.0,s
4095.0,853.0,1884.0,3348.0,2666.0,2391.0,2520.0,2331.0,1.47,7.74,10.35,0.06,-0.1,-0.2,0.0,s
4095.0,850.0,1880.0,3376.0,2662.0,2390.0,2519.0,2323.0,1.34,7.69,10.34,-0.04,-0.07,-0.14,0.0,s
4095.0,848.0,1872.0,3390.0,2669.0,2400.0,2523.0,2332.0,1.47,7.64,10.54,0.06,-0.0,-0.21,0.0,s
4095.0,854.0,1872.0,3391.0,2667.0,2389.0,2519.0,2325.0,1.41,7.73,10.42,0.03,-0.08,-0.18,0.0,s
4095.0,853.0,1874.0,3395.0,2665.0,2396.0,2522.0,2330.0,1.38,7.72,10.37,0.05,-0.06,-0.18,0.0,s
4095.0,852.0,1885.0,3393.0,2665.0,2389.0,2523.0,2343.0,1.29,7.72,10.37,0.03,0.01,-0.15,0.0,s
4095.0,880.0,1195.0,3509.0,2669.0,2419.0,2623.0,2470.0,0.99,8.03,10.13,-0.01,0.01,-0.14,0.0,s
4095.0,880.0,1195.0,3509.0,2669.0,2419.0,2623.0,2470.0,0.99,8.03,10.13,-0.01,0.01,-0.14,0.0,s
4095.0,880.0,1241.0,3519.0,2653.0,2409.0,2559.0,2445.0,1.19,7.88,10.12,-0.03,-0.11,-0.17,0.0,s
4095.0,879.0,1467.0,3531.0,2649.0,2384.0,2512.0,2377.0,1.11,8.01,10.07,-0.06,-0.13,-0.17,0.0,s
4095.0,863.0,1687.0,3541.0,2642.0,2378.0,2493.0,2345.0,1.13,7.89,10.3,-0.02,-0.03,-0.15,0.0,s
4095.0,855.0,1771.0,3547.0,2647.0,2384.0,2490.0,2333.0,1.17,7.84,10.18,-0.03,-0.08,-0.09,0.0,s
4095.0,854.0,1809.0,3539.0,2653.0,2384.0,2493.0,2338.0,1.3,7.87,10.26,0.07,-0.02,-0.19,0.0,s
4095.0,855.0,1833.0,3537.0,2651.0,2379.0,2495.0,2331.0,1.13,7.98,9.99,0.01,-0.05,-0.16,0.0,s
4095.0,854.0,1862.0,3536.0,2642.0,2377.0,2496.0,2329.0,1.25,8.01,10.09,0.04,0.0,-0.22,0.0,s
4095.0,853.0,1911.0,3542.0,2650.0,2382.0,2509.0,2326.0,1.22,7.92,10.12,-0.0,-0.02,-0.2,0.0,s
4095.0,862.0,1919.0,3535.0,2654.0,2381.0,2507.0,2321.0,1.09,7.94,10.33,0.13,0.05,-0.24,0.0,s
4095.0,866.0,1919.0,3543.0,2655.0,2382.0,2505.0,2322.0,1.2,7.96,10.11,0.1,-0.03,-0.24,0.0,s
4095.0,861.0,1922.0,3530.0,2656.0,2384.0,2509.0,2318.0,0.97,8.12,9.82,0.14,-0.01,-0.25,0.0,s
4095.0,872.0,1935.0,3517.0,2657.0,2377.0,2507.0,2298.0,0.83,8.07,9.88,0.01,0.02,-0.19,0.0,s
4095.0,858.0,1933.0,3514.0,2658.0,2377.0,2508.0,2273.0,0.87,8.04,10.12,0.03,-0.0,-0.16,0.0,s
4095.0,871.0,1936.0,3475.0,2657.0,2362.0,2499.0,2294.0,1.06,8.02,10.15,0.05,0.03,-0.17,0.0,s
4095.0,863.0,1929.0,3491.0,2650.0,2358.0,2496.0,2294.0,1.05,8.06,9.89,0.05,-0.01,-0.18,0.0,s
4095.0,863.0,1936.0,3483.0,2653.0,2359.0,2495.0,2308.0,0.89,8.08,9.94,0.06,0.03,-0.21,0.0,s
4095.0,861.0,1927.0,3481.0,2658.0,2361.0,2497.0,2305.0,0.65,8.17,9.8,-0.02,0.01,-0.13,0.0,s
4095.0,861.0,1936.0,3459.0,2655.0,2341.0,2480.0,2282.0,0.67,7.94,10.01,-0.0,0.08,-0.15,0.0,s
4095.0,2836.0,2017.0,3510.0,2678.0,2361.0,2551.0,2333.0,0.44,8.15,9.84,-0.08,-0.1,-0.08,0.0,s
4095.0,2828.0,2014.0,3516.0,2686.0,2370.0,2547.0,2331.0,0.49,8.06,10.02,-0.05,-0.02,-0.08,0.0,s
4095.0,2802.0,2015.0,3520.0,2674.0,2363.0,2543.0,2329.0,0.67,8.01,10.23,0.01,0.03,-0.12,0.0,s
4095.0,2797.0,2015.0,3514.0,2682.0,2367.0,2548.0,2332.0,0.74,8.06,10.18,0.07,-0.08,-0.14,0.0,s
4095.0,2779.0,2021.0,3524.0,2683.0,2370.0,2551.0,2336.0,0.72,8.14,10.02,0.08,-0.03,-0.07,0.0,s
4095.0,2765.0,2010.0,3531.0,2678.0,2366.0,2546.0,2334.0,0.96,8.02,9.64,0.05,0.02,-0.1,0.0,s
4095.0,2758.0,2026.0,3510.0,2678.0,2366.0,2547.0,2338.0,0.74,8.13,9.77,0.01,0.0,-0.21,0.0,s
4095.0,2756.0,2015.0,3523.0,2684.0,2369.0,2548.0,2343.0,0.5,8.13,9.93,0.04,-0.04,-0.23,0.0,s
4095.0,2758.0,2015.0,3535.0,2683.0,2363.0,2547.0,2342.0,0.32,8.14,10.03,0.04,-0.08,-0.2,0.0,s
4095.0,2750.0,2018.0,3520.0,2678.0,2372.0,2547.0,2339.0,0.45,8.08,10.0,0.04,0.02,-0.18,0.0,s
4095.0,2768.0,2023.0,3532.0,2685.0,2377.0,2551.0,2343.0,0.42,8.28,9.87,0.05,0.01,-0.12,0.0,s
4095.0,2767.0,2016.0,3531.0,2683.0,2375.0,2556.0,2349.0,0.59,8.11,9.84,0.06,0.09,-0.16,0.0,s
4095.0,2929.0,2015.0,3514.0,2682.0,2371.0,2550.0,2330.0,0.49,8.42,9.68,0.05,0.12,-0.15,0.0,s
4095.0,3323.0,2027.0,3511.0,2679.0,2375.0,2550.0,2314.0,0.67,8.17,9.7,-0.03,0.06,-0.16,0.0,s
4095.0,3610.0,2055.0,3520.0,2683.0,2383.0,2559.0,2306.0,0.65,8.14,9.97,0.01,0.01,-0.18,0.0,s
4095.0,3727.0,2043.0,3509.0,2685.0,2379.0,2559.0,2314.0,0.58,8.15,9.92,-0.02,-0.04,-0.16,0.0,s
4095.0,3742.0,2064.0,3521.0,2688.0,2384.0,2559.0,2325.0,0.28,8.09,10.01,0.03,-0.02,-0.19,0.0,s
4095.0,3733.0,2064.0,3516.0,2685.0,2384.0,2559.0,2333.0,0.29,8.18,9.85,0.02,-0.09,-0.14,0.0,s
4095.0,3728.0,2064.0,3520.0,2688.0,2384.0,2559.0,2329.0,0.46,8.18,9.75,-0.05,-0.0,-0.06,0.0,s
4095.0,3731.0,2065.0,3528.0,2688.0,2385.0,2559.0,2321.0,0.76,8.09,9.99,-0.0,-0.03,-0.14,0.0,s
4095.0,4095.0,2907.0,3419.0,2559.0,2309.0,2448.0,2246.0,2.43,9.21,6.57,0.39,0.07,0.02,0.0,s
4095.0,4095.0,2900.0,3395.0,2557.0,2303.0,2441.0,2250.0,3.2,9.42,6.04,0.3,0.06,0.02,0.0,s
4095.0,4095.0,2905.0,3394.0,2559.0,2294.0,2453.0,2252.0,3.2,9.43,6.01,0.06,0.04,-0.1,0.0,s
4095.0,4095.0,2910.0,3401.0,2559.0,2304.0,2451.0,2243.0,3.18,9.33,6.26,-0.02,0.05,-0.2,0.0,s
4095.0,4095.0,2897.0,3393.0,2559.0,2306.0,2448.0,2223.0,2.75,9.23,6.68,-0.06,0.03,-0.21,0.0,s
4095.0,4095.0,2906.0,3386.0,2559.0,2300.0,2452.0,2238.0,2.92,9.17,6.69,-0.04,-0.08,-0.21,0.0,s
4095.0,4095.0,2913.0,3375.0,2559.0,2306.0,2448.0,2241.0,2.66,9.16,6.76,-0.07,-0.05,-0.13,0.0,s
4095.0,4095.0,2909.0,3343.0,2559.0,2299.0,2439.0,2223.0,2.47,9.3,6.79,0.02,-0.13,-0.33,0.0,s
4095.0,4095.0,2913.0,3319.0,2559.0,2303.0,2435.0,2237.0,2.74,9.26,6.6,0.01,-0.16,-0.19,0.0,s
4095.0,4095.0,2918.0,3298.0,2559.0,2301.0,2430.0,2233.0,2.86,9.36,6.35,-0.07,-0.19,-0.15,0.0,s
4095.0,4095.0,2913.0,3249.0,2559.0,2303.0,2426.0,2204.0,3.2,9.25,6.57,-0.07,0.0,-0.13,0.0,s
4095.0,4095.0,2899.0,3226.0,2559.0,2302.0,2427.0,2197.0,3.07,9.24,6.6,-0.1,0.0,-0.29,0.0,s
4095.0,4095.0,2917.0,3215.0,2555.0,2305.0,2432.0,2202.0,2.83,9.21,6.82,-0.1,0.04,-0.32,0.0,s
4095.0,4095.0,2911.0,3186.0,2540.0,2301.0,2431.0,2192.0,2.59,9.22,6.98,-0.07,-0.17,-0.36,0.0,s
4095.0,4095.0,2918.0,3201.0,2531.0,2303.0,2438.0,2192.0,2.7,9.14,6.86,-0.07,-0.25,-0.54,0.0,s
4095.0,4095.0,2926.0,3221.0,2530.0,2308.0,2434.0,2185.0,2.69,9.24,6.89,0.05,-0.33,-0.58,0.0,s
4095.0,4095.0,2915.0,3223.0,2524.0,2304.0,2433.0,2188.0,3.27,9.48,6.34,-0.06,-0.02,-0.7,0.0,s
4095.0,4095.0,2907.0,3229.0,2527.0,2298.0,2448.0,2183.0,2.02,9.68,6.2,-0.26,0.97,-0.66,0.0,s
4095.0,4095.0,2914.0,3245.0,2526.0,2314.0,2443.0,2192.0,2.53,9.17,6.83,-0.35,0.97,-0.64,0.0,s
4095.0,4095.0,2914.0,3248.0,2523.0,2307.0,2443.0,2199.0,1.16,9.33,7.24,-0.11,1.97,-1.04,0.0,s
4095.0,4095.0,2914.0,3219.0,2527.0,2370.0,2496.0,2291.0,-3.49,8.44,7.73,0.07,0.01,-0.21,0.0,s
4095.0,4095.0,2902.0,3235.0,2530.0,2370.0,2494.0,2279.0,-3.33,8.31,7.47,0.0,-0.07,-0.15,0.0,s
4095.0,4095.0,2907.0,3219.0,2526.0,2372.0,2494.0,2290.0,-3.68,8.44,7.8,0.04,0.01,-0.08,0.0,s
4095.0,4095.0,2919.0,3231.0,2539.0,2384.0,2509.0,2299.0,-3.42,8.33,7.85,-0.01,-0.02,-0.17,0.0,s
4095.0,4095.0,2907.0,3230.0,2539.0,2374.0,2503.0,2294.0,-3.59,8.55,7.82,0.08,-0.09,-0.21,0.0,s
4095.0,4095.0,2913.0,3243.0,2535.0,2383.0,2503.0,2288.0,-3.33,8.1,7.8,0.08,-0.19,-0.18,0.0,s
4095.0,4095.0,2901.0,3249.0,2532.0,2381.0,2502.0,2270.0,-4.1,8.44,8.0,0.14,-0.03,-0.19,0.0,s
4095.0,4095.0,2895.0,3248.0,2533.0,2371.0,2510.0,2268.0,-3.38,8.32,7.77,0.1,-0.24,-0.06,0.0,s
4095.0,4095.0,2877.0,3242.0,2527.0,2383.0,2499.0,2256.0,-3.87,8.49,7.73,0.06,-0.04,-0.14,0.0,s
4095.0,4095.0,2874.0,3243.0,2542.0,2384.0,2512.0,2250.0,-3.56,8.2,8.13,0.29,-0.47,-0.02,0.0,s
4095.0,4095.0,2879.0,3235.0,2544.0,2384.0,2513.0,2245.0,-3.22,8.66,7.65,0.37,-0.34,-0.12,0.0,s
4095.0,4095.0,2867.0,3246.0,2542.0,2386.0,2513.0,2229.0,-3.74,8.57,7.55,0.41,-0.36,-0.03,0.0,s
4095.0,4095.0,2854.0,3245.0,2541.0,2380.0,2510.0,2205.0,-2.94,8.71,7.26,0.43,-0.56,-0.06,0.0,s
4095.0,4095.0,2859.0,3243.0,2546.0,2382.0,2512.0,2224.0,-2.94,8.85,7.5,0.53,-0.95,-0.07,0.0,s
4095.0,4095.0,2842.0,3252.0,2543.0,2379.0,2509.0,2223.0,-2.87,8.96,7.16,0.57,-0.69,-0.03,0.0,s
4095.0,4095.0,2841.0,3243.0,2554.0,2385.0,2499.0,2224.0,-2.48,8.75,7.09,0.84,-1.53,-0.08,0.0,s
4095.0,4095.0,2810.0,3231.0,2547.0,2374.0,2496.0,2202.0,-2.17,9.42,6.69,0.84,-1.55,-0.1,0.0,s
4095.0,4095.0,2832.0,3234.0,2555.0,2381.0,2500.0,2215.0,-2.22,9.23,6.72,0.74,-1.63,0.01,0.0,s
4095.0,4095.0,2823.0,3216.0,2554.0,2379.0,2498.0,2222.0,-1.44,9.29,6.11,0.75,-1.06,-0.13,0.0,s
4095.0,4095.0,2832.0,3216.0,2556.0,2378.0,2498.0,2215.0,-1.91,9.5,5.82,0.57,-0.66,-0.1,0.0,s
4095.0,4095.0,2928.0,3255.0,2590.0,2410.0,2593.0,2353.0,-0.18,9.49,6.28,-0.05,-0.13,-0.14,0.0,s
4095.0,4095.0,2925.0,3269.0,2555.0,2416.0,2595.0,2354.0,-0.77,9.84,6.34,-0.03,-0.08,-0.2,0.0,s
4095.0,4095.0,2923.0,3273.0,2559.0,2415.0,2595.0,2352.0,-0.14,9.36,6.33,-0.22,-0.2,-0.17,0.0,s
4095.0,4095.0,2912.0,3268.0,2549.0,2407.0,2596.0,2352.0,-0.89,9.71,6.71,-0.06,-0.04,-0.13,0.0,s
4095.0,4095.0,2915.0,3269.0,2559.0,2411.0,2602.0,2351.0,-0.31,9.18,6.79,-0.1,-0.06,-0.12,0.0,s
4095.0,4095.0,2923.0,3279.0,2559.0,2401.0,2603.0,2355.0,-0.8,9.66,6.86,0.12,-0.11,-0.16,0.0,s
4095.0,4095.0,2915.0,3280.0,2559.0,2402.0,2604.0,2352.0,-0.18,9.53,6.38,-0.0,-0.19,-0.06,0.0,s
4095.0,4095.0,2916.0,3306.0,2559.0,2400.0,2606.0,2354.0,-0.4,9.9,6.35,-0.14,-0.04,-0.05,0.0,s
4095.0,4095.0,2919.0,3321.0,2559.0,2397.0,2605.0,2353.0,-0.21,9.52,6.57,-0.25,0.12,-0.08,0.0,s
4095.0,4095.0,2921.0,3354.0,2589.0,2398.0,2621.0,2375.0,-0.54,9.74,7.08,-0.37,-0.05,0.02,0.0,s
4095.0,4095.0,2906.0,3366.0,2587.0,2399.0,2620.0,2375.0,-0.23,9.42,7.33,-0.08,-0.01,-0.07,0.0,s
4095.0,4095.0,2922.0,3401.0,2591.0,2396.0,2622.0,2389.0,-0.17,9.38,7.12,-0.05,-0.03,-0.07,0.0,s
4095.0,4095.0,2907.0,3402.0,2592.0,2403.0,2627.0,2392.0,-0.15,9.58,7.0,-0.02,0.03,-0.1,0.0,s
4095.0,4095.0,2911.0,3437.0,2590.0,2386.0,2623.0,2386.0,-0.07,9.4,6.9,-0.1,0.33,-0.16,0.0,s
4095.0,4095.0,2923.0,3444.0,2559.0,2384.0,2608.0,2381.0,-0.28,9.57,7.09,-0.16,0.43,-0.09,0.0,s
4095.0,4095.0,2926.0,3490.0,2559.0,2355.0,2589.0,2371.0,0.02,9.32,7.28,-0.14,0.4,-0.18,0.0,s
4095.0,4095.0,2915.0,3501.0,2556.0,2343.0,2559.0,2355.0,-0.47,9.62,7.18,-0.12,0.25,-0.16,0.0,s
4095.0,4095.0,2922.0,3520.0,2554.0,2320.0,2543.0,2335.0,-0.08,9.14,7.28,-0.22,0.34,-0.19,0.0,s
4095.0,4095.0,2923.0,3522.0,2559.0,2306.0,2523.0,2332.0,-0.85,9.32,7.45,-0.15,0.3,-0.14,0.0,s
4095.0,4095.0,2925.0,3541.0,2559.0,2288.0,2512.0,2320.0,-0.57,9.05,7.66,-0.14,0.3,-0.17,0.0,s
2832.0,4095.0,2962.0,3131.0,2614.0,2380.0,2544.0,2222.0,0.49,9.56,6.2,0.17,0.28,0.07,0.0,s
2846.0,4095.0,2957.0,3140.0,2608.0,2379.0,2539.0,2215.0,0.4,9.79,6.25,0.05,0.15,0.03,0.0,s
2847.0,4095.0,2957.0,3206.0,2607.0,2374.0,2533.0,2202.0,1.08,9.41,6.12,0.03,0.13,-0.03,0.0,s
2864.0,4095.0,2959.0,3307.0,2612.0,2373.0,2538.0,2211.0,0.75,9.89,6.22,-0.0,-0.18,-0.08,0.0,s
2887.0,4095.0,2960.0,3408.0,2630.0,2387.0,2522.0,2211.0,1.02,9.61,6.34,-0.03,-0.0,-0.17,0.0,s
2893.0,4095.0,2966.0,3430.0,2640.0,2397.0,2515.0,2221.0,0.77,9.74,6.31,-0.02,-0.14,-0.1,0.0,s
2906.0,4095.0,2960.0,3493.0,2645.0,2384.0,2515.0,2218.0,0.72,9.6,6.36,-0.05,0.09,-0.14,0.0,s
2911.0,4095.0,2953.0,3541.0,2656.0,2384.0,2501.0,2234.0,0.79,9.69,6.26,-0.1,-0.12,-0.05,0.0,s
2903.0,4095.0,2955.0,3569.0,2657.0,2384.0,2504.0,2234.0,0.78,9.64,6.45,-0.1,-0.01,-0.12,0.0,s
2908.0,4095.0,2963.0,3611.0,2671.0,2395.0,2486.0,2240.0,0.64,9.68,6.46,-0.06,-0.1,-0.06,0.0,s
2901.0,4095.0,2956.0,3646.0,2688.0,2394.0,2483.0,2245.0,1.03,9.56,6.66,-0.09,0.01,-0.18,0.0,s
2896.0,4095.0,2950.0,3632.0,2688.0,2394.0,2476.0,2254.0,0.83,9.67,6.34,-0.06,-0.07,-0.01,0.0,s
2896.0,4095.0,2944.0,3632.0,2691.0,2394.0,2487.0,2258.0,1.1,9.5,6.69,-0.08,0.13,-0.13,0.0,s
2896.0,4095.0,2960.0,3628.0,2695.0,2405.0,2480.0,2260.0,0.89,9.5,6.66,0.02,0.01,-0.09,0.0,s
2898.0,4095.0,2962.0,3606.0,2698.0,2403.0,2483.0,2256.0,1.02,9.43,6.84,0.02,-0.01,-0.11,0.0,s
2896.0,4095.0,2958.0,3603.0,2693.0,2398.0,2496.0,2263.0,0.92,9.54,6.75,0.14,0.02,-0.15,0.0,s
2891.0,4095.0,2960.0,3541.0,2694.0,2389.0,2502.0,2258.0,1.02,9.65,6.41,0.08,0.09,-0.12,0.0,s
2887.0,4095.0,2950.0,3422.0,2689.0,2391.0,2507.0,2253.0,0.7,9.76,6.39,0.05,0.36,0.01,0.0,s
2880.0,4095.0,2957.0,3351.0,2686.0,2368.0,2502.0,2239.0,1.35,9.49,6.34,-0.02,0.41,0.01,0.0,s
2888.0,4095.0,2957.0,3306.0,2683.0,2377.0,2507.0,2227.0,0.64,9.68,6.59,-0.04,0.59,0.15,0.0,s
2880.0,4095.0,2955.0,3201.0,2675.0,2377.0,2507.0,2186.0,0.1,9.13,8.35,-0.17,0.85,-0.16,0.0,s
2877.0,4095.0,2951.0,3206.0,2677.0,2380.0,2510.0,2189.0,0.83,8.92,8.57,0.04,0.3,-0.2,0.0,s
2875.0,4095.0,2954.0,3200.0,2679.0,2378.0,2514.0,2192.0,0.12,9.29,7.98,-0.01,0.71,-0.22,0.0,s
2865.0,4095.0,2954.0,3198.0,2672.0,2372.0,2511.0,2192.0,0.9,8.57,8.07,-0.08,0.53,-0.19,0.0,s
2864.0,4095.0,2937.0,3197.0,2673.0,2377.0,2511.0,2197.0,-0.66,9.22,8.36,-0.06,1.12,-0.25,0.0,s
2870.0,4095.0,2940.0,3195.0,2673.0,2379.0,2511.0,2196.0,0.25,8.6,8.56,-0.19,0.76,-0.27,0.0,s
2881.0,4095.0,2939.0,3171.0,2676.0,2400.0,2505.0,2189.0,-1.14,9.26,8.42,-0.08,1.47,-0.44,0.0,s
2864.0,4095.0,2933.0,3135.0,2688.0,2397.0,2498.0,2154.0,-0.56,8.53,8.35,-0.1,0.43,-0.37,0.0,s
2864.0,4095.0,2937.0,3124.0,2682.0,2384.0,2497.0,2192.0,-1.53,9.33,7.92,-0.08,0.65,-0.21,0.0,s
2857.0,4095.0,2934.0,3121.0,2679.0,2391.0,2497.0,2192.0,-0.82,8.45,8.36,-0.26,0.54,-0.27,0.0,s
2863.0,4095.0,2934.0,3122.0,2683.0,2394.0,2503.0,2204.0,-1.76,9.11,8.77,-0.08,0.38,-0.23,0.0,s
2859.0,4095.0,2930.0,3132.0,2678.0,2390.0,2509.0,2204.0,-1.44,8.45,8.93,-0.09,0.17,-0.28,0.0,s
2861.0,4095.0,2925.0,3144.0,2676.0,2388.0,2502.0,2187.0,-1.76,8.72,8.87,-0.02,0.05,-0.22,0.0,s
2858.0,4095.0,2930.0,3155.0,2675.0,2384.0,2502.0,2176.0,-1.64,8.81,8.59,0.08,0.16,-0.21,0.0,s
2862.0,4095.0,2943.0,3161.0,2691.0,2384.0,2512.0,2183.0,-1.8,8.69,8.29,-0.01,0.14,-0.13,0.0,s
2863.0,4095.0,2944.0,3183.0,2685.0,2384.0,2512.0,2190.0,-1.97,8.76,8.48,-0.02,-0.05,-0.16,0.0,s
2862.0,4095.0,2939.0,3188.0,2679.0,2371.0,2509.0,2192.0,-1.87,8.69,8.71,0.02,-0.12,-0.14,0.0,s
2864.0,4095.0,2943.0,3184.0,2688.0,2382.0,2507.0,2193.0,-1.86,8.64,8.86,0.07,-0.27,-0.13,0.0,s
2862.0,4095.0,2931.0,3181.0,2677.0,2377.0,2507.0,2195.0,-1.74,8.75,8.91,0.27,-0.65,-0.15,0.0,s
2849.0,4095.0,2939.0,3142.0,2676.0,2375.0,2511.0,2224.0,-1.11,8.77,8.34,0.19,-0.27,-0.16,0.0,s
2879.0,4095.0,2934.0,3160.0,2701.0,2389.0,2557.0,2271.0,-1.13,9.12,7.44,-0.04,-0.16,-0.13,0.0,s
2880.0,4095.0,2925.0,3159.0,2704.0,2397.0,2555.0,2259.0,-1.05,9.07,7.68,0.01,-0.12,-0.19,0.0,s
2871.0,4095.0,2928.0,3141.0,2695.0,2395.0,2547.0,2256.0,-1.62,9.08,8.08,0.02,-0.12,-0.15,0.0,s
2864.0,4095.0,2914.0,3151.0,2698.0,2386.0,2535.0,2255.0,-1.47,8.94,8.33,0.19,-0.06,-0.12,0.0,s
2864.0,4095.0,2928.0,3138.0,2691.0,2390.0,2544.0,2258.0,-1.33,9.02,8.1,0.19,-0.48,0.04,0.0,s
2866.0,4095.0,2923.0,3138.0,2704.0,2389.0,2543.0,2260.0,-0.68,9.34,7.43,0.28,-0.32,-0.06,0.0,s
2866.0,4095.0,2916.0,3141.0,2700.0,2382.0,2531.0,2266.0,-0.33,9.42,6.86,0.12,-0.22,-0.03,0.0,s
2851.0,4095.0,2924.0,3158.0,2703.0,2381.0,2551.0,2271.0,-0.35,9.31,7.31,0.17,-0.08,-0.19,0.0,s
2853.0,4095.0,2937.0,3168.0,2704.0,2388.0,2559.0,2271.0,-0.95,9.51,7.53,0.1,-0.36,-0.18,0.0,s
2857.0,4095.0,2938.0,3187.0,2709.0,2395.0,2559.0,2302.0,-0.58,9.29,7.53,0.01,-0.36,-0.14,0.0,s
2864.0,4095.0,2941.0,3197.0,2707.0,2398.0,2582.0,2297.0,-0.73,9.38,7.57,0.01,-0.14,-0.22,0.0,s
2860.0,4095.0,2930.0,3184.0,2703.0,2385.0,2559.0,2271.0,-0.48,9.0,7.55,0.06,0.04,-0.28,0.0,s
2853.0,4095.0,2939.0,3162.0,2710.0,2401.0,2553.0,2253.0,-0.66,9.14,7.51,0.16,-0.04,-0.53,0.0,s
2864.0,4095.0,2931.0,3102.0,2704.0,2400.0,2539.0,2217.0,-1.24,9.33,7.3,0.22,-0.36,-0.64,0.0,s
2861.0,4095.0,2939.0,3043.0,2703.0,2395.0,2539.0,2224.0,-1.47,9.3,7.07,0.16,-0.32,-0.42,0.0,s
2859.0,4095.0,2937.0,3046.0,2703.0,2403.0,2546.0,2235.0,-1.65,9.53,6.89,0.02,-0.03,-0.1,0.0,s
2863.0,4095.0,2946.0,3071.0,2709.0,2405.0,2551.0,2251.0,-0.73,9.04,7.34,-0.06,0.13,-0.12,0.0,s
2851.0,4095.0,2934.0,3092.0,2709.0,2391.0,2553.0,2257.0,-1.28,9.67,7.31,0.03,-0.05,-0.03,0.0,s
2859.0,4095.0,2942.0,3120.0,2705.0,2402.0,2559.0,2265.0,-0.79,9.46,7.21,0.09,-0.22,-0.25,0.0,s
2845.0,4095.0,2958.0,3120.0,2712.0,2399.0,2559.0,2273.0,-1.25,9.47,7.27,0.02,-0.36,-0.14,0.0,s
3032.0,4095.0,2975.0,3206.0,2720.0,2435.0,2593.0,2266.0,-0.81,9.64,7.08,0.09,0.02,-0.2,0.0,s
3153.0,4095.0,2983.0,3207.0,2721.0,2429.0,2596.0,2270.0,-0.64,9.3,7.17,-0.01,0.1,-0.19,0.0,s
3154.0,4095.0,2983.0,3203.0,2719.0,2433.0,2601.0,2261.0,-0.97,9.61,7.18,0.01,0.17,-0.18,0.0,s
3152.0,4095.0,2981.0,3216.0,2730.0,2435.0,2595.0,2268.0,-0.65,9.28,7.18,-0.1,0.15,-0.06,0.0,s
3162.0,4095.0,2983.0,3212.0,2722.0,2444.0,2595.0,2267.0,-0.96,9.54,7.35,-0.01,0.32,-0.07,0.0,s
3145.0,4095.0,2978.0,3211.0,2726.0,2434.0,2592.0,2266.0,-0.46,9.27,7.19,-0.03,0.23,-0.04,0.0,s
3143.0,4095.0,2983.0,3215.0,2723.0,2437.0,2603.0,2275.0,-0.7,9.55,7.1,-0.01,0.18,-0.07,0.0,s
3154.0,4095.0,2976.0,3216.0,2721.0,2430.0,2605.0,2271.0,-0.52,9.22,7.12,-0.07,0.17,0.01,0.0,s
3167.0,4095.0,2982.0,3211.0,2723.0,2431.0,2617.0,2283.0,-0.76,9.46,7.18,-0.01,0.29,-0.09,0.0,s
3179.0,4095.0,2986.0,3218.0,2722.0,2429.0,2608.0,2285.0,-0.67,9.35,7.28,-0.03,0.23,-0.08,0.0,s
3187.0,4095.0,2991.0,3226.0,2727.0,2432.0,2610.0,2298.0,-0.68,9.42,7.25,0.01,0.17,-0.12,0.0,s
3184.0,4095.0,2983.0,3222.0,2722.0,2429.0,2608.0,2289.0,-0.62,9.29,7.37,0.0,0.19,-0.14,0.0,s
3187.0,4095.0,2975.0,3225.0,2723.0,2433.0,2599.0,2278.0,-0.79,9.54,7.27,0.14,0.22,-0.27,0.0,s
3186.0,4095.0,2975.0,3214.0,2723.0,2443.0,2591.0,2249.0,-0.98,9.62,6.77,0.0,-0.02,-0.25,0.0,s
3184.0,4095.0,2968.0,3198.0,2714.0,2443.0,2559.0,2229.0,-0.82,9.35,6.73,-0.0,0.07,-0.3,0.0,s
3175.0,4095.0,2978.0,3184.0,2721.0,2446.0,2594.0,2211.0,-1.07,9.52,6.82,-0.03,0.16,-0.15,0.0,s
3174.0,4095.0,2973.0,3178.0,2715.0,2442.0,2559.0,2221.0,-1.02,9.3,7.2,0.1,0.37,-0.21,0.0,s
3175.0,4095.0,2967.0,3184.0,2722.0,2437.0,2583.0,2233.0,-1.05,9.67,6.97,0.09,0.09,-0.09,0.0,s
3185.0,4095.0,2975.0,3214.0,2719.0,2411.0,2559.0,2257.0,-0.84,9.38,7.11,0.22,0.31,-0.28,0.0,s
3199.0,4095.0,2991.0,3230.0,2721.0,2418.0,2559.0,2287.0,-1.31,9.63,6.59,0.16,0.09,-0.23,0.0,s
3233.0,4095.0,2975.0,3379.0,2727.0,2433.0,2593.0,2313.0,-1.1,9.47,6.88,-0.01,-0.09,-0.15,0.0,s
3228.0,4095.0,2971.0,3383.0,2725.0,2438.0,2593.0,2313.0,-1.01,9.4,7.06,-0.02,-0.1,-0.16,0.0,s
3216.0,4095.0,2965.0,3376.0,2726.0,2435.0,2594.0,2315.0,-1.01,9.43,7.14,-0.01,-0.09,-0.16,0.0,s
3222.0,4095.0,2970.0,3389.0,2727.0,2439.0,2592.0,2306.0,-1.1,9.42,7.13,0.05,-0.09,-0.19,0.0,s
3232.0,4095.0,2965.0,3381.0,2722.0,2436.0,2598.0,2310.0,-1.11,9.37,6.98,0.0,-0.1,-0.16,0.0,s
3221.0,4095.0,2967.0,3389.0,2726.0,2442.0,2594.0,2314.0,-1.27,9.38,7.22,0.04,-0.03,-0.19,0.0,s
3229.0,4095.0,2967.0,3378.0,2726.0,2442.0,2602.0,2315.0,-1.17,9.42,7.03,0.02,-0.1,-0.14,0.0,s
3227.0,4095.0,2969.0,3386.0,2734.0,2432.0,2596.0,2319.0,-1.16,9.41,7.22,0.03,-0.05,-0.15,0.0,s
3233.0,4095.0,2961.0,3386.0,2730.0,2438.0,2597.0,2319.0,-0.83,9.47,6.95,0.02,-0.12,-0.12,0.0,s
3235.0,4095.0,2971.0,3393.0,2731.0,2438.0,2598.0,2319.0,-0.96,9.34,7.18,0.01,-0.02,-0.18,0.0,s
3223.0,4095.0,2967.0,3383.0,2725.0,2433.0,2593.0,2314.0,-0.94,9.42,7.3,-0.03,-0.03,-0.13,0.0,s
3233.0,4095.0,2975.0,3389.0,2730.0,2438.0,2597.0,2320.0,-0.96,9.28,7.35,0.04,0.03,-0.18,0.0,s
3226.0,4095.0,2969.0,3387.0,2731.0,2437.0,2592.0,2318.0,-0.99,9.42,7.07,0.02,-0.02,-0.15,0.0,s
3230.0,4095.0,2976.0,3389.0,2733.0,2441.0,2601.0,2314.0,-0.94,9.44,7.17,0.03,0.08,-0.22,0.0,s
3223.0,4095.0,2961.0,3382.0,2729.0,2435.0,2554.0,2266.0,-1.25,9.39,7.12,0.0,0.03,-0.15,0.0,s
3226.0,4095.0,2967.0,3377.0,2726.0,2442.0,2542.0,2239.0,-1.12,9.37,6.81,0.02,0.03,-0.14,0.0,s
3223.0,4095.0,2963.0,3378.0,2720.0,2443.0,2540.0,2234.0,-1.07,9.44,7.07,-0.1,0.05,-0.1,0.0,s
3234.0,4095.0,2964.0,3408.0,2734.0,2443.0,2549.0,2243.0,-1.07,9.37,7.4,0.03,0.09,-0.13,0.0,s
3243.0,4095.0,2980.0,3411.0,2729.0,2449.0,2559.0,2275.0,-1.15,9.58,7.21,0.01,-0.03,-0.03,0.0,s
3222.0,4095.0,3000.0,3405.0,2735.0,2447.0,2559.0,2256.0,-0.92,9.2,7.36,0.07,0.01,-0.02,0.0,s
3421.0,4095.0,2976.0,3195.0,2694.0,2398.0,2547.0,2217.0,-1.3,9.29,6.63,-0.07,0.11,-0.04,0.0,s
3446.0,4095.0,2973.0,3183.0,2692.0,2399.0,2547.0,2213.0,-1.44,9.5,6.76,0.02,0.13,-0.11,0.0,s
3461.0,4095.0,2979.0,3184.0,2693.0,2409.0,2583.0,2218.0,-1.31,9.52,6.58,-0.07,0.03,0.04,0.0,s
3451.0,4095.0,2977.0,3175.0,2689.0,2399.0,2549.0,2215.0,-1.26,9.53,6.73,0.04,0.08,-0.12,0.0,s
3470.0,4095.0,2967.0,3180.0,2695.0,2399.0,2550.0,2210.0,-0.93,9.36,6.65,-0.06,-0.01,-0.12,0.0,s
3469.0,4095.0,2969.0,3184.0,2691.0,2407.0,2558.0,2218.0,-1.26,9.63,6.77,0.04,0.02,-0.15,0.0,s
3471.0,4095.0,2975.0,3184.0,2688.0,2399.0,2559.0,2214.0,-1.38,9.5,6.69,-0.1,0.01,0.03,0.0,s
3685.0,4095.0,2986.0,3187.0,2685.0,2398.0,2559.0,2216.0,-0.99,9.41,6.87,0.07,0.07,-0.19,0.0,s
4095.0,4095.0,2977.0,3162.0,2672.0,2405.0,2558.0,2207.0,-1.02,9.48,6.62,0.06,-0.05,-0.16,0.0,s
4095.0,4095.0,2990.0,3159.0,2688.0,2408.0,2559.0,2206.0,-1.11,9.52,6.67,0.08,0.03,-0.22,0.0,s
4095.0,4095.0,2981.0,3162.0,2695.0,2402.0,2553.0,2209.0,-1.2,9.58,6.52,-0.05,-0.11,-0.08,0.0,s
4095.0,4095.0,2987.0,3184.0,2706.0,2413.0,2559.0,2214.0,-1.07,9.5,6.76,-0.05,0.0,-0.14,0.0,s
4095.0,4095.0,2975.0,3190.0,2703.0,2397.0,2545.0,2224.0,-1.28,9.59,6.82,-0.11,-0.02,-0.0,0.0,s
4095.0,4095.0,2975.0,3190.0,2706.0,2403.0,2556.0,2218.0,-0.77,9.28,7.03,0.0,0.11,-0.16,0.0,s
4095.0,4095.0,2979.0,3187.0,2705.0,2399.0,2547.0,2224.0,-0.89,9.56,7.1,0.08,-0.0,-0.17,0.0,s
4095.0,4095.0,2983.0,3193.0,2707.0,2401.0,2550.0,2228.0,-0.98,9.53,6.87,0.13,-0.0,-0.19,0.0,s
4095.0,4095.0,2992.0,3195.0,2705.0,2396.0,2555.0,2234.0,-1.14,9.58,6.43,0.11,-0.09,-0.15,0.0,s
4095.0,4095.0,2983.0,3189.0,2704.0,2386.0,2553.0,2230.0,-1.16,9.51,6.31,0.05,-0.02,-0.23,0.0,s
4095.0,4095.0,2990.0,3203.0,2710.0,2393.0,2550.0,2237.0,-1.36,9.6,6.46,-0.02,-0.02,-0.11,0.0,s
4095.0,4095.0,2974.0,3202.0,2704.0,2393.0,2550.0,2234.0,-1.04,9.38,6.6,-0.01,-0.01,-0.12,0.0,s
4095.0,4095.0,3019.0,3142.0,2677.0,2400.0,2529.0,2218.0,-1.03,9.83,6.47,-0.06,0.06,-0.17,0.0,s
4095.0,4095.0,3019.0,3142.0,2677.0,2400.0,2529.0,2218.0,-1.03,9.83,6.47,-0.06,0.06,-0.17,0.0,s
4095.0,4095.0,3023.0,3088.0,2677.0,2391.0,2512.0,2178.0,-0.63,9.4,6.81,-0.05,0.22,-0.13,0.0,s
4095.0,4095.0,3011.0,3025.0,2672.0,2386.0,2496.0,2164.0,-0.86,9.61,6.67,-0.12,0.07,-0.11,0.0,s
4095.0,4095.0,3007.0,3002.0,2679.0,2393.0,2506.0,2132.0,-0.77,9.39,6.9,0.01,0.25,-0.15,0.0,s
4095.0,4095.0,2999.0,2973.0,2672.0,2385.0,2498.0,2159.0,-0.94,9.51,6.9,-0.09,-0.15,-0.14,0.0,s
4095.0,4095.0,3005.0,2954.0,2674.0,2384.0,2496.0,2160.0,-0.98,9.36,7.03,-0.01,0.04,-0.17,0.0,s
4095.0,4095.0,3007.0,2956.0,2672.0,2385.0,2502.0,2158.0,-0.85,9.37,7.02,0.0,0.01,-0.15,0.0,s
4095.0,4095.0,3009.0,2966.0,2677.0,2383.0,2510.0,2163.0,-0.97,9.46,7.1,0.15,0.08,-0.17,0.0,s
4095.0,4095.0,3004.0,2941.0,2672.0,2379.0,2507.0,2161.0,-0.6,9.35,6.71,0.19,-0.17,-0.14,0.0,s
4095.0,4095.0,3007.0,2947.0,2671.0,2383.0,2512.0,2165.0,-0.82,9.41,6.86,0.32,0.08,-0.19,0.0,s
4095.0,4095.0,3007.0,2963.0,2672.0,2384.0,2527.0,2179.0,-0.81,9.6,6.35,0.2,-0.12,-0.15,0.0,s
4095.0,4095.0,3015.0,3031.0,2688.0,2399.0,2541.0,2195.0,-1.07,9.81,6.21,0.19,-0.02,-0.21,0.0,s
4095.0,4095.0,3019.0,3082.0,2691.0,2399.0,2542.0,2161.0,-0.74,9.47,6.41,-0.07,-0.09,-0.14,0.0,s
4095.0,4095.0,3006.0,3102.0,2704.0,2404.0,2545.0,2171.0,-1.07,9.73,6.42,0.1,0.06,-0.16,0.0,s
4095.0,4095.0,3017.0,3117.0,2697.0,2405.0,2544.0,2171.0,-0.79,9.57,6.39,-0.06,0.04,-0.08,0.0,s
4095.0,4095.0,3013.0,3139.0,2703.0,2405.0,2543.0,2179.0,-0.89,9.69,6.44,0.01,0.02,-0.14,0.0,s
4095.0,4095.0,3008.0,3173.0,2703.0,2410.0,2539.0,2179.0,-0.89,9.63,6.38,-0.07,-0.07,-0.05,0.0,s
4095.0,4095.0,3008.0,3217.0,2702.0,2410.0,2528.0,2189.0,-0.98,9.66,6.57,0.03,0.04,-0.13,0.0,s
4095.0,4095.0,3007.0,3249.0,2704.0,2410.0,2514.0,2193.0,-0.92,9.64,6.51,-0.01,-0.0,-0.02,0.0,s
4095.0,4095.0,3017.0,3010.0,2673.0,2425.0,2555.0,2254.0,-0.62,9.5,6.6,0.07,0.02,-0.18,0.0,s
4095.0,4095.0,3013.0,3067.0,2682.0,2432.0,2559.0,2259.0,-0.73,9.73,6.5,0.04,0.01,-0.12,0.0,s
4095.0,4095.0,3010.0,3094.0,2679.0,2422.0,2556.0,2243.0,-0.56,9.43,6.67,0.03,0.09,-0.16,0.0,s
4095.0,4095.0,2999.0,3083.0,2688.0,2415.0,2555.0,2256.0,-0.6,9.58,6.68,0.06,0.07,-0.16,0.0,s
4095.0,4095.0,3005.0,3084.0,2687.0,2416.0,2555.0,2241.0,-0.75,9.63,6.63,0.1,0.05,-0.2,0.0,s
4095.0,4095.0,2997.0,3103.0,2685.0,2416.0,2549.0,2235.0,-0.69,9.56,6.49,0.02,-0.01,-0.2,0.0,s
4095.0,4095.0,3005.0,3111.0,2678.0,2413.0,2544.0,2218.0,-0.8,9.62,6.42,0.08,0.03,-0.24,0.0,s
4095.0,4095.0,3009.0,3109.0,2682.0,2413.0,2535.0,2219.0,-0.62,9.52,6.44,0.01,-0.01,-0.32,0.0,s
4095.0,4095.0,2999.0,3107.0,2687.0,2406.0,2523.0,2204.0,-1.09,9.73,6.68,0.01,-0.02,-0.31,0.0,s
4095.0,4095.0,2992.0,3095.0,2685.0,2391.0,2521.0,2190.0,-0.92,9.5,6.41,-0.03,-0.03,-0.12,0.0,s
4095.0,4095.0,2992.0,3092.0,2693.0,2381.0,2512.0,2192.0,-1.2,9.66,6.48,-0.04,0.04,-0.12,0.0,s
4095.0,4095.0,2993.0,3087.0,2691.0,2407.0,2528.0,2192.0,-0.63,9.23,6.66,-0.07,-0.01,-0.12,0.0,s
4095.0,4095.0,2995.0,3101.0,2690.0,2402.0,2534.0,2207.0,-0.92,9.65,6.74,0.05,-0.02,-0.13,0.0,s
4095.0,4095.0,2992.0,3120.0,2688.0,2401.0,2542.0,2220.0,-0.79,9.4,6.63,0.01,0.02,-0.08,0.0,s
4095.0,4095.0,2995.0,3126.0,2689.0,2397.0,2544.0,2223.0,-0.73,9.58,6.49,-0.06,-0.04,-0.1,0.0,s
4095.0,4095.0,2986.0,3127.0,2692.0,2396.0,2544.0,2224.0,-0.76,9.49,6.7,-0.0,0.0,-0.18,0.0,s
4095.0,4095.0,2986.0,3136.0,2688.0,2397.0,2542.0,2215.0,-0.84,9.63,6.67,-0.04,-0.05,-0.14,0.0,s
4095.0,4095.0,2989.0,3159.0,2691.0,2397.0,2524.0,2226.0,-0.59,9.27,6.85,-0.02,0.03,-0.16,0.0,s
4095.0,4095.0,2994.0,3163.0,2691.0,2391.0,2538.0,2230.0,-0.8,9.68,6.8,0.05,-0.03,-0.13,0.0,s
4095.0,4095.0,2993.0,3184.0,2701.0,2403.0,2544.0,2237.0,-0.68,9.49,6.75,0.06,0.15,-0.17,0.0,s
4095.0,4095.0,2995.0,3046.0,2711.0,2402.0,2559.0,2242.0,-1.16,9.37,7.11,0.01,0.1,-0.13,0.0,s
4095.0,4095.0,2981.0,3063.0,2698.0,2395.0,2559.0,2253.0,-1.2,9.42,7.01,-0.0,0.02,-0.11,0.0,s
4095.0,4095.0,2990.0,3122.0,2704.0,2405.0,2559.0,2253.0,-1.19,9.28,7.09,0.06,0.0,-0.19,0.0,s
4095.0,4095.0,2985.0,3181.0,2706.0,2414.0,2559.0,2255.0,-1.35,9.54,6.93,0.03,-0.08,-0.14,0.0,s
4095.0,4095.0,2981.0,3198.0,2703.0,2399.0,2555.0,2246.0,-1.19,9.31,7.01,0.04,-0.0,-0.18,0.0,s
4095.0,4095.0,2976.0,3225.0,2704.0,2411.0,2557.0,2246.0,-1.3,9.44,6.98,-0.0,-0.06,-0.11,0.0,s
4095.0,4095.0,2987.0,3245.0,2708.0,2412.0,2551.0,2250.0,-1.21,9.39,7.05,0.04,-0.01,-0.14,0.0,s
4095.0,4095.0,2991.0,3274.0,2713.0,2417.0,2559.0,2250.0,-1.04,9.45,6.99,0.03,-0.14,-0.12,0.0,s
4095.0,4095.0,2991.0,3280.0,2714.0,2416.0,2555.0,2255.0,-1.08,9.47,6.98,0.07,-0.03,-0.17,0.0,s
4095.0,4095.0,2985.0,3268.0,2710.0,2417.0,2547.0,2254.0,-1.26,9.4,6.84,0.02,-0.0,-0.14,0.0,s
4095.0,4095.0,2987.0,3258.0,2708.0,2414.0,2544.0,2255.0,-1.31,9.46,6.88,-0.01,-0.01,-0.16,0.0,s
4095.0,4095.0,2985.0,3248.0,2715.0,2415.0,2550.0,2255.0,-1.23,9.35,7.08,-0.02,0.0,-0.14,0.0,s
4095.0,4095.0,2987.0,3233.0,2719.0,2416.0,2558.0,2256.0,-1.16,9.41,7.02,0.03,-0.04,-0.16,0.0,s
4095.0,4095.0,2985.0,3221.0,2709.0,2416.0,2554.0,2251.0,-1.07,9.4,6.93,-0.0,-0.05,-0.16,0.0,s
4095.0,4095.0,2989.0,3218.0,2717.0,2416.0,2551.0,2256.0,-1.38,9.39,7.12,0.05,-0.1,-0.17,0.0,s
4095.0,4095.0,2987.0,3195.0,2720.0,2416.0,2559.0,2256.0,-1.33,9.4,7.06,0.11,-0.43,-0.13,0.0,s
4095.0,4095.0,2989.0,3184.0,2718.0,2412.0,2559.0,2257.0,-1.23,9.49,6.95,0.16,-0.68,-0.07,0.0,s
4095.0,4095.0,2987.0,3156.0,2705.0,2404.0,2554.0,2256.0,-1.54,9.32,7.45,0.23,-1.19,0.05,0.0,s
4095.0,4095.0,2990.0,3147.0,2707.0,2391.0,2539.0,2257.0,0.03,9.48,6.91,0.47,-1.22,-0.0,0.0,s
4095.0,4095.0,2983.0,3130.0,2709.0,2384.0,2541.0,2257.0,-0.38,9.67,6.25,0.27,-0.7,-0.08,0.0,s
4095.0,4095.0,2929.0,3357.0,2684.0,2343.0,2514.0,2272.0,-1.3,9.0,8.13,-0.21,-0.27,-0.5,0.0,s
4095.0,4095.0,2939.0,3331.0,2688.0,2341.0,2498.0,2253.0,-1.12,9.13,8.44,0.56,-1.16,-0.21,0.0,s
4095.0,4095.0,2949.0,3311.0,2689.0,2339.0,2482.0,2221.0,-0.27,9.42,7.19,0.55,-0.96,-0.25,0.0,s
4095.0,4095.0,2964.0,3316.0,2695.0,2347.0,2484.0,2210.0,-0.7,9.34,6.84,0.31,-0.39,-0.26,0.0,s
4095.0,4095.0,2972.0,3314.0,2703.0,2346.0,2485.0,2176.0,-0.86,9.54,7.0,0.15,-0.21,-0.26,0.0,s
4095.0,4095.0,2954.0,3280.0,2701.0,2341.0,2482.0,2175.0,-1.27,9.41,7.17,0.09,-0.16,-0.26,0.0,s
4095.0,4095.0,2974.0,3241.0,2704.0,2339.0,2484.0,2190.0,-0.98,9.35,6.97,0.06,-0.37,-0.33,0.0,s
4095.0,4095.0,2960.0,3201.0,2695.0,2334.0,2489.0,2192.0,-1.1,9.58,6.91,0.16,-0.29,-0.27,0.0,s
4095.0,4095.0,2963.0,3193.0,2690.0,2334.0,2495.0,2195.0,-0.56,9.37,6.74,0.11,-0.44,-0.2,0.0,s
4095.0,4095.0,2975.0,3205.0,2704.0,2339.0,2498.0,2205.0,-1.09,9.83,6.89,0.13,-0.18,-0.13,0.0,s
4095.0,4095.0,2978.0,3181.0,2704.0,2352.0,2512.0,2223.0,-0.45,9.03,6.91,-0.01,-0.19,0.15,0.0,s
4095.0,4095.0,2990.0,3167.0,2705.0,2369.0,2527.0,2238.0,-0.88,9.74,6.85,0.11,-0.0,-0.06,0.0,s
4095.0,4095.0,2992.0,3152.0,2717.0,2383.0,2537.0,2254.0,-0.65,9.32,6.98,0.16,0.02,-0.12,0.0,s
4095.0,4095.0,2995.0,3143.0,2720.0,2387.0,2543.0,2252.0,-0.75,9.56,6.64,0.16,-0.04,-0.07,0.0,s
4095.0,4095.0,2991.0,3143.0,2715.0,2387.0,2539.0,2244.0,-0.59,9.54,6.41,0.17,-0.01,-0.04,0.0,s
4095.0,4095.0,2985.0,3120.0,2723.0,2384.0,2527.0,2219.0,-0.64,9.62,6.22,0.01,0.17,-0.04,0.0,s
4095.0,4095.0,2960.0,3024.0,2721.0,2373.0,2512.0,2179.0,-0.74,9.73,6.42,-0.12,0.02,-0.17,0.0,s
4095.0,4095.0,2954.0,2947.0,2707.0,2366.0,2516.0,2134.0,-0.41,9.29,6.76,-0.28,-0.23,-0.26,0.0,s
4095.0,3873.0,2938.0,2892.0,2683.0,2357.0,2510.0,2079.0,-0.45,9.76,6.79,-0.17,-0.52,-0.37,0.0,s
4095.0,3767.0,2934.0,2863.0,2672.0,2365.0,2498.0,2108.0,-0.44,9.42,7.01,-0.28,-0.39,-0.33,0.0,s
4081.0,3733.0,2893.0,3134.0,2691.0,2400.0,2589.0,2304.0,-0.04,7.52,10.68,0.03,-0.02,-0.17,0.0,s
4067.0,3755.0,2890.0,3135.0,2689.0,2395.0,2591.0,2304.0,0.02,7.53,10.58,0.0,-0.05,-0.16,0.0,s
4063.0,3728.0,2889.0,3120.0,2686.0,2394.0,2559.0,2304.0,-0.09,7.52,10.81,0.0,-0.01,-0.16,0.0,s
4080.0,3730.0,2893.0,3137.0,2688.0,2389.0,2583.0,2301.0,-0.0,7.5,10.77,0.01,0.02,-0.14,0.0,s
4075.0,3742.0,2891.0,3136.0,2689.0,2397.0,2589.0,2305.0,0.02,7.54,10.79,0.01,0.0,-0.15,0.0,s
4075.0,3728.0,2884.0,3130.0,2688.0,2393.0,2588.0,2304.0,-0.07,7.58,10.73,0.03,0.05,-0.17,0.0,s
4074.0,3733.0,2887.0,3133.0,2689.0,2398.0,2586.0,2306.0,-0.1,7.47,10.75,0.03,-0.07,-0.15,0.0,s
4080.0,3735.0,2885.0,3131.0,2686.0,2390.0,2559.0,2301.0,-0.2,7.62,10.59,0.02,0.02,-0.15,0.0,s
4073.0,3738.0,2890.0,3141.0,2693.0,2392.0,2591.0,2320.0,0.05,7.52,10.69,-0.01,0.01,-0.15,0.0,s
4087.0,3747.0,2896.0,3125.0,2688.0,2396.0,2583.0,2305.0,0.02,7.55,10.72,0.03,0.04,-0.14,0.0,s
4075.0,3747.0,2893.0,3131.0,2689.0,2397.0,2586.0,2307.0,-0.02,7.51,10.7,0.01,-0.06,-0.14,0.0,s
4073.0,3741.0,2892.0,3149.0,2687.0,2397.0,2583.0,2309.0,-0.04,7.58,10.71,0.01,0.01,-0.16,0.0,s
4078.0,3728.0,2887.0,3142.0,2707.0,2395.0,2587.0,2311.0,-0.03,7.54,10.72,0.0,-0.03,-0.15,0.0,s
4067.0,3733.0,2894.0,3136.0,2691.0,2395.0,2585.0,2309.0,-0.1,7.52,10.75,0.02,0.0,-0.14,0.0,s
4085.0,3741.0,2883.0,3135.0,2686.0,2400.0,2585.0,2308.0,-0.09,7.52,10.77,0.01,-0.03,-0.14,0.0,s
4074.0,3727.0,2882.0,3136.0,2687.0,2396.0,2589.0,2309.0,0.12,7.54,10.65,0.03,-0.05,-0.15,0.0,s
4070.0,3724.0,2880.0,3140.0,2688.0,2395.0,2581.0,2305.0,0.0,7.53,10.64,-0.0,0.05,-0.15,0.0,s
4095.0,3734.0,2890.0,3138.0,2687.0,2399.0,2589.0,2306.0,0.11,7.5,10.73,-0.0,0.0,-0.15,0.0,s
4071.0,3743.0,2894.0,3141.0,2688.0,2399.0,2591.0,2307.0,-0.08,7.55,10.79,0.0,0.01,-0.16,0.0,s
4080.0,3741.0,2895.0,3147.0,2689.0,2401.0,2589.0,2306.0,-0.11,7.49,10.84,0.02,-0.01,-0.16,0.0,s
4064.0,3739.0,2891.0,3120.0,2688.0,2400.0,2607.0,2303.0,0.29,7.51,10.66,0.02,0.0,-0.24,0.0,s
4061.0,3749.0,2886.0,3130.0,2695.0,2401.0,2609.0,2307.0,0.32,7.51,10.59,0.03,-0.06,-0.23,0.0,s
4058.0,3744.0,2887.0,3127.0,2686.0,2395.0,2603.0,2303.0,0.43,7.65,10.51,-0.02,-0.12,-0.29,0.0,s
4063.0,3735.0,2887.0,3131.0,2687.0,2399.0,2592.0,2302.0,0.28,7.45,10.73,-0.05,-0.24,-0.34,0.0,s
4063.0,3747.0,2896.0,3137.0,2694.0,2407.0,2608.0,2306.0,-0.09,7.49,10.78,-0.08,-0.27,-0.32,0.0,s
4069.0,3730.0,2893.0,3130.0,2689.0,2400.0,2608.0,2303.0,0.31,7.35,10.89,-0.15,-0.32,-0.31,0.0,s
4063.0,3728.0,2891.0,3135.0,2687.0,2396.0,2606.0,2305.0,0.38,7.3,11.04,-0.1,-0.19,-0.28,0.0,s
4079.0,3733.0,2889.0,3139.0,2692.0,2401.0,2607.0,2301.0,0.67,7.2,11.34,-0.11,-0.26,-0.3,0.0,s
4063.0,3738.0,2895.0,3141.0,2688.0,2405.0,2608.0,2308.0,0.49,7.27,11.23,0.04,-0.2,-0.32,0.0,s
4057.0,3734.0,2894.0,3136.0,2687.0,2410.0,2608.0,2305.0,0.41,7.28,11.1,0.03,-0.18,-0.33,0.0,s
4071.0,3737.0,2898.0,3147.0,2695.0,2403.0,2611.0,2307.0,0.23,7.24,11.14,0.09,-0.12,-0.33,0.0,s
4063.0,3728.0,2899.0,3139.0,2691.0,2402.0,2608.0,2307.0,0.28,7.28,11.08,0.11,-0.22,-0.34,0.0,s
4048.0,3735.0,2890.0,3143.0,2693.0,2395.0,2609.0,2315.0,0.28,7.36,11.02,0.22,-0.48,-0.37,0.0,s
4063.0,3738.0,2894.0,3153.0,2694.0,2406.0,2609.0,2306.0,0.3,7.47,10.85,0.22,-0.62,-0.4,0.0,s
4075.0,3733.0,2899.0,3151.0,2688.0,2411.0,2612.0,2309.0,0.95,7.47,10.75,0.31,-0.86,-0.44,0.0,s
4063.0,3729.0,2894.0,3149.0,2685.0,2403.0,2608.0,2317.0,1.06,7.71,10.36,0.26,-0.58,-0.46,0.0,s
4071.0,3752.0,2894.0,3155.0,2694.0,2405.0,2608.0,2318.0,0.85,7.64,10.46,0.16,-0.34,-0.4,0.0,s
4070.0,3723.0,2894.0,3147.0,2691.0,2401.0,2608.0,2315.0,0.57,7.75,10.67,0.17,-0.44,-0.36,0.0,s
4085.0,3730.0,2890.0,3153.0,2691.0,2407.0,2610.0,2318.0,0.78,7.7,10.62,0.23,-0.78,-0.36,0.0,s
4077.0,3740.0,2894.0,3162.0,2695.0,2409.0,2611.0,2318.0,1.25,7.72,10.49,0.33,-1.19,-0.39,0.0,s
4095.0,3123.0,2890.0,3021.0,2746.0,2165.0,2297.0,2096.0,-1.09,7.9,10.14,0.04,-0.03,-0.16,0.0,s
4095.0,3117.0,2898.0,3026.0,2753.0,2170.0,2302.0,2106.0,-1.36,7.93,10.14,-0.05,0.03,-0.11,0.0,s
4095.0,3114.0,2894.0,3021.0,2749.0,2167.0,2307.0,2102.0,-1.27,7.74,10.45,-0.05,-0.15,-0.11,0.0,s
4095.0,3117.0,2896.0,3027.0,2754.0,2171.0,2304.0,2107.0,-0.83,7.73,10.29,-0.02,-0.04,-0.15,0.0,s
4095.0,3115.0,2894.0,3028.0,2751.0,2163.0,2305.0,2102.0,-1.18,7.91,10.26,0.04,0.05,-0.21,0.0,s
4095.0,3114.0,2893.0,3029.0,2747.0,2170.0,2305.0,2109.0,-1.22,7.96,10.11,-0.03,0.0,-0.14,0.0,s
4095.0,3120.0,2897.0,3043.0,2751.0,2174.0,2307.0,2109.0,-1.12,7.83,10.32,-0.02,-0.01,-0.16,0.0,s
4095.0,3117.0,2890.0,3035.0,2749.0,2166.0,2304.0,2101.0,-1.27,7.8,10.52,0.01,-0.01,-0.15,0.0,s
4095.0,3107.0,2895.0,3038.0,2753.0,2175.0,2310.0,2112.0,-1.26,7.85,10.35,0.04,0.05,-0.09,0.0,s
4095.0,3122.0,2896.0,3049.0,2757.0,2177.0,2314.0,2112.0,-1.09,7.78,10.35,0.06,0.06,-0.11,0.0,s
4095.0,3123.0,2895.0,3042.0,2753.0,2176.0,2310.0,2113.0,-1.1,7.78,10.35,0.17,0.28,-0.04,0.0,s
4095.0,3115.0,2886.0,3039.0,2753.0,2177.0,2314.0,2112.0,-1.13,8.08,10.02,0.13,0.1,-0.06,0.0,s
4095.0,3126.0,2895.0,3050.0,2757.0,2182.0,2311.0,2113.0,-0.92,7.91,10.04,0.0,-0.02,-0.13,0.0,s
4095.0,3118.0,2893.0,3044.0,2754.0,2176.0,2311.0,2113.0,-1.2,8.09,10.19,-0.03,-0.15,-0.22,0.0,s
4095.0,3129.0,2898.0,3047.0,2766.0,2182.0,2314.0,2115.0,-1.19,7.87,10.23,0.0,-0.04,-0.18,0.0,s
4095.0,3120.0,2890.0,3043.0,2755.0,2178.0,2315.0,2119.0,-1.13,7.98,10.16,-0.02,-0.04,-0.18,0.0,s
4095.0,3118.0,2887.0,3034.0,2757.0,2182.0,2315.0,2113.0,-1.13,7.86,10.24,0.03,-0.01,-0.18,0.0,s
4095.0,3114.0,2897.0,3037.0,2765.0,2189.0,2320.0,2117.0,-1.24,7.87,10.37,0.09,-0.1,-0.22,0.0,s
4095.0,3120.0,2896.0,3035.0,2763.0,2183.0,2320.0,2112.0,-1.12,7.96,10.13,0.08,-0.05,-0.22,0.0,s
4095.0,3119.0,2894.0,3039.0,2765.0,2179.0,2319.0,2113.0,-1.19,8.0,10.0,-0.03,-0.01,-0.16,0.0,s
4095.0,3118.0,2890.0,3066.0,2775.0,2177.0,2326.0,2137.0,-0.63,8.12,9.75,-0.05,0.06,-0.15,0.0,s
4095.0,3120.0,2899.0,3067.0,2782.0,2183.0,2338.0,2141.0,-1.03,8.29,9.96,-0.02,-0.1,-0.19,0.0,s
4095.0,3107.0,2894.0,3070.0,2771.0,2179.0,2329.0,2145.0,-0.72,8.1,9.76,0.04,-0.09,-0.15,0.0,s
4095.0,3105.0,2893.0,3065.0,2770.0,2180.0,2325.0,2139.0,-0.96,8.17,9.81,-0.02,-0.07,-0.15,0.0,s
4095.0,3115.0,2897.0,3065.0,2777.0,2178.0,2329.0,2144.0,-1.12,8.17,9.91,-0.08,-0.18,-0.17,0.0,s
4095.0,3118.0,2896.0,3071.0,2780.0,2185.0,2333.0,2139.0,-0.73,7.99,10.13,-0.04,-0.07,-0.18,0.0,s
4095.0,3115.0,2890.0,3071.0,2775.0,2186.0,2334.0,2133.0,-1.14,8.09,10.12,0.02,0.03,-0.14,0.0,s
4095.0,3119.0,2906.0,3079.0,2779.0,2191.0,2334.0,2129.0,-1.0,8.1,9.98,-0.04,0.05,-0.13,0.0,s
4095.0,3117.0,2898.0,3071.0,2785.0,2192.0,2337.0,2128.0,-0.72,8.01,10.06,-0.01,-0.04,-0.17,0.0,s
4095.0,3120.0,2897.0,3071.0,2777.0,2192.0,2335.0,2128.0,-1.19,8.13,10.02,0.02,-0.01,-0.16,0.0,s
4095.0,3119.0,2891.0,3082.0,2780.0,2193.0,2335.0,2129.0,-0.7,8.03,9.93,0.02,-0.09,-0.15,0.0,s
4095.0,3120.0,2895.0,3083.0,2782.0,2192.0,2332.0,2130.0,-1.2,8.23,9.85,0.01,0.11,-0.14,0.0,s
4095.0,3120.0,2896.0,3083.0,2778.0,2189.0,2333.0,2133.0,-0.94,8.07,10.01,-0.09,0.03,-0.16,0.0,s
4095.0,3122.0,2891.0,3090.0,2783.0,2192.0,2333.0,2143.0,-0.95,8.09,10.18,0.02,-0.04,-0.17,0.0,s
4095.0,3118.0,2898.0,3087.0,2779.0,2195.0,2334.0,2141.0,-0.98,8.09,9.88,0.02,0.04,-0.18,0.0,s
4095.0,3116.0,2896.0,3088.0,2784.0,2192.0,2336.0,2141.0,-1.07,8.14,9.99,0.04,-0.06,-0.16,0.0,s
4095.0,3119.0,2895.0,3083.0,2782.0,2192.0,2336.0,2138.0,-0.83,8.07,9.96,-0.02,-0.05,-0.17,0.0,s
4095.0,3106.0,2895.0,3086.0,2780.0,2190.0,2331.0,2137.0,-0.78,8.07,10.13,0.01,-0.01,-0.17,0.0,s
4095.0,3111.0,2896.0,3071.0,2783.0,2192.0,2337.0,2144.0,-0.87,8.11,10.01,-0.08,0.07,-0.15,0.0,s
4095.0,3109.0,2895.0,3089.0,2784.0,2198.0,2338.0,2153.0,-1.03,7.88,10.28,0.04,0.07,-0.16,0.0,s
4095.0,3123.0,2896.0,2885.0,2826.0,2190.0,2345.0,2126.0,-0.76,7.63,10.64,-0.06,-0.04,-0.13,0.0,s
4095.0,3149.0,2896.0,2880.0,2823.0,2187.0,2349.0,2122.0,-0.7,7.55,10.76,-0.02,-0.04,-0.14,0.0,s
4095.0,3122.0,2895.0,2878.0,2829.0,2190.0,2347.0,2118.0,-0.7,7.55,10.79,0.01,-0.05,-0.18,0.0,s
4095.0,3120.0,2896.0,2882.0,2820.0,2183.0,2346.0,2123.0,-0.75,7.62,10.69,0.07,-0.03,-0.18,0.0,s
4095.0,3133.0,2899.0,2893.0,2829.0,2191.0,2346.0,2128.0,-0.88,7.74,10.52,-0.01,0.01,-0.18,0.0,s
4095.0,3125.0,2894.0,2899.0,2829.0,2192.0,2347.0,2128.0,-0.69,7.57,10.69,0.0,-0.0,-0.16,0.0,s
4095.0,3122.0,2894.0,2903.0,2815.0,2192.0,2352.0,2131.0,-0.81,7.69,10.65,0.05,-0.01,-0.15,0.0,s
4095.0,3129.0,2896.0,2909.0,2832.0,2192.0,2351.0,2133.0,-0.8,7.61,10.67,0.03,-0.08,-0.17,0.0,s
4095.0,3125.0,2895.0,2913.0,2831.0,2192.0,2352.0,2130.0,-0.72,7.62,10.68,0.02,-0.07,-0.18,0.0,s
4095.0,3131.0,2896.0,2919.0,2829.0,2192.0,2352.0,2134.0,-0.83,7.64,10.65,0.0,0.01,-0.14,0.0,s
4095.0,3134.0,2896.0,2927.0,2827.0,2211.0,2356.0,2141.0,-0.65,7.7,10.5,0.06,-0.01,-0.14,0.0,s
4095.0,3130.0,2897.0,2929.0,2829.0,2195.0,2353.0,2143.0,-0.77,7.65,10.68,0.03,-0.05,-0.16,0.0,s
4095.0,3121.0,2894.0,2928.0,2832.0,2189.0,2358.0,2142.0,-0.77,7.56,10.73,0.06,-0.04,-0.17,0.0,s
4095.0,3128.0,2890.0,2931.0,2826.0,2191.0,2355.0,2141.0,-0.71,7.73,10.53,0.02,-0.14,-0.16,0.0,s
4095.0,3123.0,2896.0,2937.0,2825.0,2192.0,2352.0,2141.0,-0.59,7.66,10.61,0.03,0.0,-0.14,0.0,s
4095.0,3123.0,2899.0,2945.0,2831.0,2201.0,2357.0,2139.0,-0.68,7.73,10.53,0.07,-0.08,-0.16,0.0,s
4095.0,3135.0,2891.0,2944.0,2821.0,2192.0,2355.0,2141.0,-0.7,7.81,10.51,0.12,0.07,-0.15,0.0,s
4095.0,3132.0,2891.0,2949.0,2825.0,2195.0,2357.0,2147.0,-0.74,7.72,10.47,-0.01,-0.07,-0.17,0.0,s
4095.0,3125.0,2896.0,2959.0,2827.0,2194.0,2359.0,2147.0,-0.53,7.58,10.66,0.08,0.08,-0.16,0.0,s
4095.0,3132.0,2896.0,2963.0,2823.0,2197.0,2355.0,2138.0,-0.93,7.73,10.72,0.19,0.04,-0.13,0.0,s
4095.0,3131.0,2894.0,3187.0,2695.0,2208.0,2427.0,2163.0,-0.61,8.25,9.9,-0.01,-0.04,-0.12,0.0,s
4095.0,3133.0,2896.0,3195.0,2703.0,2218.0,2427.0,2168.0,-0.6,8.23,9.93,0.0,0.03,-0.11,0.0,s
4095.0,3123.0,2893.0,3189.0,2697.0,2204.0,2425.0,2164.0,-0.55,8.29,9.95,-0.04,-0.16,-0.1,0.0,s
4095.0,3123.0,2890.0,3184.0,2695.0,2209.0,2425.0,2163.0,-0.5,8.21,9.83,0.02,0.03,-0.13,0.0,s
4095.0,3133.0,2905.0,3185.0,2701.0,2211.0,2430.0,2165.0,-0.59,8.3,9.85,0.02,0.09,-0.13,0.0,s
4095.0,3136.0,2896.0,3189.0,2699.0,2218.0,2429.0,2166.0,-0.39,8.18,9.94,0.04,0.13,-0.13,0.0,s
4095.0,3130.0,2896.0,3184.0,2703.0,2214.0,2427.0,2162.0,-0.47,8.24,9.79,0.11,0.24,-0.16,0.0,s
4095.0,3126.0,2896.0,3174.0,2695.0,2215.0,2430.0,2160.0,-0.76,8.37,9.79,0.05,0.04,-0.15,0.0,s
4095.0,3127.0,2896.0,3169.0,2701.0,2222.0,2433.0,2166.0,-0.52,8.24,9.74,-0.0,-0.12,-0.15,0.0,s
4095.0,3130.0,2895.0,3170.0,2704.0,2222.0,2431.0,2165.0,-0.57,8.24,9.82,0.0,-0.02,-0.18,0.0,s
4095.0,3136.0,2902.0,3179.0,2704.0,2219.0,2431.0,2167.0,-0.73,8.27,9.87,0.0,-0.07,-0.16,0.0,s
4095.0,3130.0,2896.0,3171.0,2704.0,2221.0,2434.0,2171.0,-0.46,8.21,9.77,0.01,-0.03,-0.15,0.0,s
4095.0,3126.0,2899.0,3171.0,2706.0,2223.0,2433.0,2174.0,-0.6,8.34,9.72,-0.0,0.01,-0.15,0.0,s
4095.0,3132.0,2903.0,3182.0,2709.0,2224.0,2432.0,2173.0,-0.6,8.28,9.82,-0.01,-0.02,-0.14,0.0,s
4095.0,3131.0,2896.0,3175.0,2705.0,2224.0,2432.0,2171.0,-0.57,8.26,9.85,-0.01,-0.04,-0.13,0.0,s
4095.0,3120.0,2893.0,3174.0,2704.0,2222.0,2427.0,2166.0,-0.51,8.22,9.88,0.0,-0.05,-0.15,0.0,s
4095.0,3135.0,2896.0,3178.0,2707.0,2224.0,2429.0,2167.0,-0.4,8.23,9.84,0.01,-0.04,-0.17,0.0,s
4095.0,3127.0,2898.0,3173.0,2710.0,2222.0,2433.0,2165.0,-0.57,8.24,9.88,0.03,-0.05,-0.16,0.0,s
4095.0,3135.0,2894.0,3184.0,2706.0,2224.0,2432.0,2171.0,-0.44,8.19,9.87,0.01,0.0,-0.15,0.0,s
4095.0,3134.0,2896.0,3181.0,2706.0,2225.0,2440.0,2173.0,-0.56,8.3,9.87,0.01,-0.0,-0.14,0.0,s
