hall_1,hall_2,hall_3,flex_t,flex_i,flex_m,flex_r,flex_p,accel_x,accel_y,accel_z,gyro_x,gyro_y,gyro_z,sign
1167.0,2889.0,3071.0,4095.0,3070.0,3311.0,2774.0,3040.0,2.14,9.39,-1.71,0.03,-0.01,0.0,a
1168.0,2889.0,3071.0,4095.0,3059.0,3314.0,2775.0,3041.0,2.25,9.38,-1.75,-0.07,0.02,-0.03,a
1165.0,2889.0,3083.0,4095.0,3054.0,3315.0,2783.0,3040.0,2.22,9.37,-1.75,-0.06,0.0,-0.02,a
1163.0,2884.0,3068.0,4095.0,3056.0,3312.0,2776.0,3038.0,2.18,9.24,-1.61,-0.05,0.01,-0.03,a
1168.0,2883.0,3083.0,4095.0,3063.0,3314.0,2781.0,3041.0,2.28,9.43,-1.65,-0.05,-0.01,-0.02,a
1168.0,2890.0,3082.0,4095.0,3069.0,3315.0,2779.0,3039.0,2.14,9.42,-1.6,-0.03,-0.02,0.02,a
1167.0,2883.0,3071.0,4095.0,3067.0,3315.0,2783.0,3043.0,2.24,9.32,-1.69,0.0,0.01,0.01,a
1174.0,2881.0,3079.0,4095.0,3089.0,3317.0,2779.0,3052.0,2.32,9.33,-1.87,-0.06,-0.06,0.06,a
1190.0,2892.0,3087.0,4095.0,3134.0,3313.0,2781.0,3053.0,2.26,9.31,-1.41,-0.23,0.02,-0.07,a
1214.0,2931.0,3123.0,4095.0,3161.0,3376.0,2782.0,3024.0,2.41,9.12,-1.73,-0.27,0.32,-0.13,a
1264.0,2906.0,3099.0,4095.0,3184.0,3374.0,2752.0,2992.0,1.86,9.05,-1.09,-0.12,0.07,0.05,a
1680.0,2909.0,3099.0,4095.0,3232.0,3390.0,2749.0,2985.0,2.12,9.68,-1.2,-0.05,0.03,0.03,a
1849.0,2908.0,3091.0,4095.0,3248.0,3395.0,2751.0,2991.0,1.9,9.14,-1.24,0.01,0.0,0.05,a
1873.0,2902.0,3100.0,4095.0,3254.0,3407.0,2765.0,3001.0,2.55,9.44,-1.31,0.09,-0.13,0.16,a
1514.0,2902.0,3093.0,4095.0,3235.0,3411.0,2804.0,3009.0,2.43,9.09,-1.5,-0.05,-0.16,-0.0,a
1201.0,2917.0,3086.0,4095.0,3215.0,3418.0,2864.0,3048.0,2.35,9.49,-1.7,0.07,-0.19,0.06,a
1154.0,2928.0,3091.0,4095.0,3163.0,3412.0,2895.0,3124.0,2.28,9.27,-1.28,-0.2,-0.04,0.05,a
1146.0,2928.0,3099.0,4095.0,3101.0,3397.0,2884.0,3151.0,2.73,9.38,-1.52,0.12,-0.06,0.02,a
2963.0,2928.0,3110.0,4095.0,3082.0,3398.0,2769.0,3157.0,2.33,9.3,-1.45,-0.33,0.05,-0.1,a
3090.0,3059.0,3235.0,4095.0,3119.0,3538.0,2917.0,3278.0,2.6,9.46,-1.27,-0.03,-0.03,0.03,a
3087.0,2994.0,3166.0,4095.0,3130.0,3447.0,2801.0,3168.0,2.5,9.18,-1.58,-0.24,0.04,-0.14,a
2958.0,3052.0,3227.0,4095.0,3173.0,3509.0,2864.0,3258.0,2.38,9.45,-1.08,-0.11,-0.06,0.01,a
2765.0,3045.0,3248.0,4095.0,3248.0,3568.0,2898.0,3346.0,2.46,9.56,-1.39,-0.41,0.03,-0.1,a
2797.0,3088.0,3241.0,4095.0,3316.0,3568.0,2850.0,3377.0,2.33,9.71,-0.98,0.09,-0.29,0.01,a
2969.0,3005.0,3161.0,4095.0,3303.0,3506.0,2802.0,3379.0,2.48,9.3,-1.42,-0.01,0.08,-0.14,a
3056.0,2979.0,3106.0,4095.0,3214.0,3444.0,2730.0,3360.0,2.28,9.26,-1.03,-0.07,-0.03,0.2,a
3052.0,2960.0,3056.0,4095.0,3120.0,3412.0,2670.0,3280.0,2.85,9.68,-0.97,0.08,0.01,-0.06,a
3038.0,3088.0,3188.0,4095.0,3101.0,3539.0,2813.0,3417.0,2.35,9.43,-1.16,-0.36,0.26,-0.06,a
3047.0,2962.0,3117.0,4095.0,3103.0,3409.0,2670.0,3210.0,2.54,9.65,-1.02,-0.01,-0.1,0.02,a
3053.0,2862.0,3031.0,4095.0,3053.0,3287.0,2507.0,2992.0,2.09,8.95,-0.86,-0.03,-0.0,0.0,a
3087.0,3045.0,3061.0,4095.0,3066.0,3372.0,2624.0,3055.0,2.55,9.71,-0.92,0.12,-0.2,0.14,a
3152.0,3135.0,2287.0,4095.0,3081.0,3447.0,2736.0,3114.0,2.38,9.14,-0.7,0.25,-0.09,-0.02,a
3248.0,2981.0,3090.0,4095.0,3071.0,3285.0,2558.0,2929.0,2.55,10.06,-1.95,0.07,0.04,0.01,a
3336.0,2976.0,3158.0,4095.0,3061.0,3271.0,2559.0,2925.0,2.72,8.74,-1.1,0.16,-0.15,0.03,a
3534.0,2997.0,3167.0,4095.0,3058.0,3250.0,2559.0,2918.0,2.48,9.95,-1.73,-0.01,0.17,-0.08,a
3843.0,2993.0,3173.0,4095.0,3083.0,3250.0,2559.0,2909.0,2.5,9.14,-1.34,0.01,-0.12,0.09,a
4093.0,2987.0,3162.0,4095.0,3084.0,3241.0,2559.0,2899.0,2.5,9.56,-1.51,0.03,0.05,-0.08,a
4095.0,3057.0,3207.0,4095.0,3085.0,3312.0,2651.0,2963.0,2.5,9.25,-1.5,-0.04,-0.01,0.02,a
4095.0,3039.0,3182.0,4095.0,3085.0,3295.0,2639.0,2943.0,2.49,9.4,-1.53,0.14,0.02,-0.06,a
4095.0,2982.0,3159.0,4095.0,3071.0,3259.0,2596.0,2896.0,2.25,9.25,-1.64,-0.04,0.02,0.02,a
4095.0,3039.0,3216.0,4095.0,3096.0,3317.0,2643.0,2953.0,2.43,9.32,-1.73,0.17,-0.16,0.27,a
4095.0,3027.0,3207.0,4095.0,3083.0,3321.0,2644.0,2953.0,2.49,9.5,-1.81,-0.19,0.06,-0.04,a
4095.0,3023.0,3213.0,4095.0,3069.0,3325.0,2653.0,2959.0,2.54,9.32,-1.58,-0.09,-0.09,0.11,a
4095.0,3095.0,3269.0,4095.0,3057.0,3360.0,2703.0,2993.0,2.86,9.48,-1.63,-0.14,0.31,-0.29,a
4095.0,3054.0,3237.0,4095.0,3058.0,3312.0,2652.0,2954.0,2.5,9.59,-1.4,0.0,0.04,-0.07,a
4095.0,3008.0,3136.0,4095.0,3085.0,3264.0,2590.0,2901.0,2.75,9.52,-1.61,-0.14,0.11,-0.08,a
4095.0,2947.0,3139.0,4095.0,3111.0,3226.0,2546.0,2864.0,2.43,9.32,-1.51,-0.04,0.06,0.01,a
4095.0,3002.0,3107.0,4095.0,3175.0,3286.0,2642.0,2951.0,2.43,9.2,-1.51,-0.21,-0.03,0.17,a
4095.0,3002.0,2970.0,4095.0,3223.0,3333.0,2707.0,3030.0,2.18,9.37,-1.34,0.09,-0.02,0.16,a
3787.0,3003.0,357.0,4095.0,3262.0,3378.0,2780.0,3184.0,2.99,9.51,-1.56,-0.35,-0.21,-0.15,a
3321.0,3007.0,3184.0,4095.0,3305.0,3465.0,2896.0,3370.0,2.21,9.26,-0.88,0.1,-0.08,0.01,a
3355.0,3008.0,3191.0,4095.0,3261.0,3457.0,2855.0,3254.0,2.71,9.48,-1.81,-0.15,0.07,-0.06,a
3699.0,3034.0,221.0,4095.0,3152.0,3391.0,2749.0,3135.0,2.74,8.62,-1.05,-0.15,-0.05,-0.05,a
4009.0,3023.0,3095.0,4095.0,3090.0,3344.0,2689.0,3042.0,2.61,9.54,-1.27,-0.01,0.09,-0.14,a
4095.0,3024.0,1920.0,4095.0,3039.0,3319.0,2658.0,2995.0,2.54,9.67,-1.04,0.05,0.22,-0.31,a
4095.0,3022.0,2387.0,4095.0,3045.0,3318.0,2653.0,2977.0,2.24,9.56,-1.3,0.02,0.02,-0.06,a
4095.0,3021.0,2940.0,4095.0,3045.0,3301.0,2631.0,2960.0,2.41,9.32,-1.46,-0.03,0.09,-0.1,a
4095.0,3019.0,3211.0,4095.0,3056.0,3294.0,2624.0,2947.0,2.31,9.37,-1.1,0.01,0.0,0.01,a
4095.0,3013.0,3214.0,4095.0,3060.0,3295.0,2602.0,2928.0,2.56,9.42,-1.41,-0.03,0.03,0.01,a
4095.0,2994.0,3195.0,4095.0,3070.0,3291.0,2583.0,2919.0,2.09,9.36,-1.25,-0.03,0.08,0.01,a
4095.0,3007.0,3197.0,4095.0,3088.0,3309.0,2598.0,2939.0,2.27,9.42,-1.28,-0.01,0.0,0.03,a
4095.0,3018.0,3200.0,4095.0,3088.0,3318.0,2611.0,2961.0,2.42,9.38,-1.29,0.0,0.06,-0.07,a
4095.0,3018.0,3214.0,4095.0,3093.0,3327.0,2633.0,2990.0,2.13,9.23,-1.31,0.02,-0.09,0.14,a
4095.0,3023.0,3205.0,4095.0,3071.0,3335.0,2654.0,3008.0,2.81,9.37,-1.38,-0.07,-0.03,-0.05,a
4095.0,3022.0,3059.0,4095.0,3019.0,3341.0,2671.0,3031.0,1.98,9.2,-1.21,0.1,0.08,-0.06,a
4095.0,3013.0,1973.0,4095.0,2980.0,3353.0,2701.0,3090.0,2.63,9.76,-1.29,-0.06,-0.01,0.03,a
4095.0,3024.0,410.0,4095.0,2974.0,3362.0,2705.0,3103.0,2.3,9.19,-1.34,0.04,0.07,-0.1,a
4095.0,3023.0,895.0,4095.0,2995.0,3353.0,2708.0,3103.0,2.35,9.31,-1.48,-0.09,-0.07,0.08,a
4095.0,3025.0,332.0,4095.0,3007.0,3360.0,2718.0,3107.0,2.52,9.38,-1.3,0.0,-0.11,0.03,a
4095.0,3024.0,462.0,4095.0,3009.0,3363.0,2721.0,3112.0,2.14,9.35,-1.36,-0.01,-0.04,0.07,a
4095.0,3031.0,248.0,4095.0,3021.0,3369.0,2733.0,3106.0,2.73,9.48,-1.38,-0.05,-0.16,0.12,a
4095.0,3029.0,149.0,4095.0,3026.0,3414.0,2800.0,3127.0,2.66,9.42,-1.32,0.03,0.18,-0.11,a
4095.0,3037.0,140.0,4095.0,3021.0,3441.0,2833.0,3152.0,2.43,9.52,-1.65,0.04,0.01,0.04,a
4095.0,3039.0,126.0,4095.0,3027.0,3472.0,2882.0,3152.0,2.59,9.2,-1.4,-0.04,-0.04,-0.06,a
4095.0,3043.0,3207.0,4095.0,3035.0,3502.0,2931.0,3169.0,2.42,9.31,-1.51,0.02,0.13,-0.08,a
4095.0,3036.0,3030.0,4095.0,3037.0,3508.0,2931.0,3137.0,2.59,9.35,-1.4,0.04,0.03,-0.08,a
4095.0,3037.0,3201.0,4095.0,3043.0,3509.0,2916.0,3098.0,2.49,9.63,-1.43,0.04,0.06,-0.03,a
4095.0,3026.0,2559.0,4095.0,3040.0,3497.0,2894.0,3059.0,2.51,9.5,-1.64,-0.04,-0.06,0.01,a
4095.0,3042.0,3179.0,4095.0,3042.0,3474.0,2843.0,3023.0,2.53,9.23,-1.55,-0.17,0.28,-0.16,a
4095.0,3035.0,3207.0,4095.0,3042.0,3472.0,2806.0,3031.0,2.1,9.37,-1.5,-0.16,0.33,-0.03,a
4095.0,3012.0,3195.0,4095.0,3031.0,3449.0,2758.0,3027.0,2.48,9.62,-1.18,-0.1,0.02,0.08,a
4095.0,3010.0,3196.0,4095.0,3024.0,3440.0,2729.0,3007.0,2.1,9.35,-1.33,-0.05,0.12,-0.11,a
4095.0,3010.0,3187.0,4095.0,3019.0,3424.0,2709.0,2994.0,2.51,9.38,-1.32,0.0,-0.1,0.06,a
4095.0,3021.0,3195.0,4095.0,3006.0,3399.0,2683.0,2979.0,2.3,9.32,-1.3,-0.02,-0.07,0.05,a
4095.0,3010.0,3194.0,4095.0,3005.0,3379.0,2672.0,2983.0,2.63,9.47,-1.4,-0.09,-0.07,0.04,a
4095.0,3024.0,3198.0,4095.0,3005.0,3361.0,2670.0,2985.0,2.57,9.08,-1.17,-0.11,0.01,-0.01,a
4095.0,3039.0,3216.0,4095.0,3010.0,3344.0,2669.0,2992.0,2.33,9.63,-1.23,-0.01,-0.01,0.08,a
4095.0,3083.0,3264.0,4095.0,3039.0,3357.0,2675.0,3003.0,2.55,9.32,-1.22,-0.01,0.0,0.04,a
4095.0,3053.0,3226.0,4095.0,3101.0,3376.0,2695.0,3008.0,2.5,9.19,-1.31,-0.04,0.03,0.11,a
1105.0,3020.0,3196.0,4095.0,3179.0,3392.0,2711.0,3004.0,2.49,9.23,-1.41,-0.13,-0.07,0.15,a
1183.0,3018.0,3200.0,4095.0,3227.0,3408.0,2735.0,3015.0,2.91,9.52,-1.55,-0.01,-0.21,0.15,a
1183.0,3019.0,3205.0,4095.0,3264.0,3436.0,2771.0,3062.0,2.72,9.62,-1.33,-0.08,-0.11,-0.03,a
1184.0,3014.0,3200.0,4095.0,3283.0,3451.0,2800.0,3120.0,2.71,9.35,-1.34,-0.01,-0.05,-0.02,a
1168.0,3037.0,3210.0,4095.0,3327.0,3455.0,2819.0,3200.0,2.8,9.58,-1.36,-0.4,0.12,-0.29,a
1136.0,2987.0,3152.0,4095.0,3310.0,3395.0,2762.0,3181.0,2.19,9.55,-0.8,-0.03,0.22,-0.03,a
2499.0,3047.0,3211.0,4095.0,3285.0,3442.0,2816.0,3255.0,3.0,9.55,-1.18,-0.3,0.13,-0.03,a
3227.0,3013.0,3183.0,4095.0,3301.0,3409.0,2773.0,3245.0,2.96,9.03,-0.65,-0.1,-0.0,-0.02,a
3357.0,3038.0,3202.0,4095.0,3277.0,3422.0,2787.0,3250.0,2.56,9.2,-0.69,-0.13,0.13,-0.05,a
3376.0,2934.0,3104.0,4095.0,3273.0,3322.0,2687.0,3164.0,2.99,9.68,-1.01,0.02,-0.09,0.03,a
3387.0,3028.0,3193.0,4095.0,3281.0,3414.0,2783.0,3296.0,2.17,8.91,-0.7,-0.12,-0.0,-0.09,a
3426.0,3035.0,3200.0,4095.0,3265.0,3412.0,2800.0,3425.0,2.75,9.52,-0.79,0.11,0.0,-0.05,a
3425.0,3081.0,3222.0,4095.0,3254.0,3444.0,2864.0,3539.0,2.36,9.16,-0.96,-0.01,0.0,0.03,a
3403.0,3067.0,3219.0,4095.0,3282.0,3460.0,2887.0,3574.0,2.49,9.54,-0.87,0.01,0.15,-0.09,a
3377.0,3058.0,3215.0,4095.0,3291.0,3455.0,2889.0,3567.0,2.38,9.28,-0.75,-0.01,-0.02,0.06,a
3373.0,3057.0,3206.0,4095.0,3297.0,3461.0,2896.0,3565.0,2.66,9.39,-1.06,-0.11,-0.05,0.01,a
3344.0,3059.0,3213.0,4095.0,3306.0,3455.0,2883.0,3554.0,2.57,9.28,-0.91,-0.09,0.03,0.04,a
3221.0,3058.0,3201.0,4095.0,3348.0,3423.0,2893.0,3536.0,2.51,9.28,-0.71,-0.31,0.1,-0.0,a
2800.0,3041.0,3190.0,4095.0,3358.0,3389.0,2898.0,3535.0,2.78,9.58,-0.94,0.07,-0.09,0.05,a
2847.0,3034.0,3184.0,4095.0,3349.0,3405.0,2911.0,3579.0,2.78,9.06,-0.73,-0.32,0.08,-0.02,a
2877.0,3031.0,3187.0,4095.0,3326.0,3403.0,2905.0,3573.0,2.77,9.55,-0.51,-0.06,-0.0,0.06,a
2909.0,3024.0,3185.0,4095.0,3294.0,3386.0,2903.0,3599.0,2.73,9.47,-0.63,-0.27,0.22,-0.03,a
2940.0,3009.0,3184.0,4095.0,3283.0,3394.0,2896.0,3615.0,3.03,9.22,-0.26,0.05,-0.08,0.1,a
2959.0,3007.0,3174.0,4095.0,3295.0,3402.0,2887.0,3555.0,2.51,9.37,-0.59,-0.18,0.13,0.04,a
2983.0,3004.0,3182.0,4095.0,3312.0,3398.0,2877.0,3555.0,3.23,9.3,-0.08,-0.11,-0.04,0.09,a
3701.0,3089.0,3249.0,4095.0,3308.0,3469.0,2942.0,3583.0,2.22,9.1,-0.4,-0.04,0.36,-0.24,a
3855.0,3031.0,3212.0,4095.0,3313.0,3440.0,2877.0,3457.0,3.06,9.75,-0.36,0.12,-0.3,0.18,a
3913.0,3038.0,3215.0,4095.0,3249.0,3404.0,2832.0,3381.0,2.94,9.07,-0.56,-0.09,-0.09,-0.11,a
3861.0,3011.0,3192.0,4095.0,3248.0,3392.0,2817.0,3375.0,2.85,9.39,-0.38,0.02,-0.02,0.04,a
3857.0,3022.0,3185.0,4095.0,3219.0,3401.0,2839.0,3434.0,2.64,9.21,-0.37,0.04,-0.09,-0.01,a
3983.0,3068.0,3234.0,4095.0,3114.0,3434.0,2877.0,3472.0,3.25,10.0,-0.66,-0.2,0.33,-0.22,a
3952.0,3026.0,3184.0,4095.0,3027.0,3377.0,2840.0,3435.0,1.79,8.71,-0.2,-0.07,0.2,-0.13,a
3936.0,3049.0,3214.0,4095.0,3019.0,3409.0,2864.0,3431.0,3.15,9.69,-0.5,-0.05,-0.08,-0.01,a
3953.0,3036.0,3200.0,4095.0,3035.0,3402.0,2850.0,3326.0,2.23,9.21,0.01,0.05,-0.03,0.06,a
3989.0,3029.0,3205.0,4095.0,3056.0,3402.0,2830.0,3278.0,2.66,9.51,-0.35,-0.12,0.0,-0.0,a
4016.0,3041.0,3213.0,4095.0,3061.0,3408.0,2832.0,3247.0,2.59,9.18,-0.18,-0.0,0.02,-0.02,a
4077.0,3056.0,3243.0,4095.0,3066.0,3418.0,2823.0,3222.0,2.76,9.55,-0.38,-0.02,-0.01,0.04,a
4095.0,3089.0,3250.0,4095.0,3071.0,3423.0,2818.0,3216.0,2.95,9.07,-0.13,-0.01,-0.09,0.02,a
4095.0,3081.0,3255.0,4095.0,3071.0,3405.0,2809.0,3198.0,2.76,9.62,-0.47,0.07,0.12,-0.1,a
4095.0,3061.0,3248.0,4095.0,3083.0,3402.0,2800.0,3187.0,2.59,9.13,-0.15,0.03,-0.13,0.06,a
4095.0,3038.0,3219.0,4095.0,3057.0,3373.0,2772.0,3149.0,2.87,9.68,-0.61,0.11,0.06,-0.07,a
4095.0,3025.0,3216.0,4095.0,3034.0,3358.0,2767.0,3129.0,2.58,9.05,-0.47,0.07,-0.08,-0.02,a
4095.0,3042.0,3232.0,4095.0,2992.0,3373.0,2775.0,3124.0,2.72,9.5,-0.57,0.18,0.01,-0.1,a
4095.0,3182.0,3360.0,4095.0,2960.0,3491.0,2895.0,3207.0,2.35,9.46,-0.54,0.18,0.12,-0.06,a
4095.0,3086.0,3267.0,4095.0,2945.0,3402.0,2781.0,3066.0,3.01,9.48,-1.05,0.16,-0.13,-0.0,a
4095.0,3067.0,3248.0,4095.0,2943.0,3387.0,2756.0,3038.0,2.75,9.08,-0.84,-0.07,0.15,-0.11,a
4095.0,3053.0,3249.0,4095.0,2947.0,3401.0,2759.0,3056.0,2.34,9.39,-0.85,0.07,-0.05,0.09,a
4095.0,3046.0,3234.0,4095.0,2973.0,3408.0,2771.0,3071.0,2.51,9.54,-0.82,-0.04,0.07,-0.08,a
4095.0,3039.0,3232.0,4095.0,2989.0,3410.0,2774.0,3098.0,2.48,9.22,-0.64,-0.03,-0.04,0.07,a
4095.0,3039.0,3238.0,4095.0,2993.0,3410.0,2778.0,3082.0,3.22,9.58,-1.18,-0.14,0.14,-0.19,a
4095.0,3024.0,3236.0,4095.0,3003.0,3407.0,2762.0,3062.0,2.26,9.04,-0.65,-0.16,0.12,0.0,a
4095.0,3019.0,3228.0,4095.0,3013.0,3408.0,2733.0,3050.0,2.79,9.56,-0.68,-0.17,0.16,-0.16,a
4095.0,2986.0,3201.0,4095.0,2985.0,3371.0,2688.0,3015.0,1.9,9.27,-0.38,-0.11,0.12,-0.03,a
4095.0,2993.0,3201.0,4095.0,3002.0,3381.0,2688.0,3022.0,2.48,9.42,-0.47,-0.08,0.02,0.0,a
4095.0,2991.0,3202.0,4095.0,3011.0,3382.0,2701.0,3022.0,2.43,9.4,-0.55,-0.01,0.1,-0.05,a
4095.0,2992.0,3195.0,4095.0,3013.0,3379.0,2697.0,3031.0,2.53,9.33,-0.5,-0.09,-0.07,-0.01,a
4095.0,2987.0,3209.0,4095.0,3019.0,3376.0,2697.0,3027.0,2.69,9.3,-0.28,-0.15,0.15,-0.03,a
4095.0,3033.0,3227.0,4095.0,3042.0,3395.0,2698.0,3039.0,2.27,9.4,-0.36,-0.18,0.22,-0.08,a
4095.0,2949.0,3165.0,4095.0,3024.0,3339.0,2646.0,2995.0,2.34,9.09,-0.12,-0.07,-0.02,0.0,a
4095.0,2894.0,3097.0,4095.0,3025.0,3283.0,2598.0,2953.0,2.52,10.07,-0.63,0.14,0.03,0.04,a
4095.0,2878.0,3083.0,4095.0,3036.0,3269.0,2586.0,2944.0,2.51,9.11,-0.33,-0.06,-0.13,0.04,a
4095.0,2880.0,3084.0,4095.0,3038.0,3269.0,2594.0,2955.0,2.7,9.46,-0.48,0.04,-0.06,0.04,a
4095.0,2885.0,3083.0,4095.0,3043.0,3263.0,2601.0,2967.0,2.7,9.41,-0.33,-0.11,-0.11,-0.01,a
4095.0,2915.0,3105.0,4095.0,3054.0,3297.0,2627.0,3017.0,2.66,9.69,-0.35,0.02,-0.01,0.05,a
4095.0,2914.0,3107.0,4095.0,3056.0,3307.0,2629.0,3022.0,2.51,9.17,-0.46,-0.08,-0.02,0.02,a
4095.0,2944.0,3130.0,4095.0,3055.0,3317.0,2653.0,3032.0,2.88,9.65,-0.52,0.04,-0.11,0.04,a
4095.0,2932.0,3120.0,4095.0,3051.0,3312.0,2641.0,3025.0,2.59,9.27,-0.44,-0.09,0.01,0.04,a
4095.0,2959.0,3138.0,4048.0,3042.0,3335.0,2667.0,3044.0,2.9,9.49,-0.51,0.05,-0.16,0.11,a
4095.0,2928.0,3110.0,4034.0,3035.0,3310.0,2640.0,3024.0,2.65,9.31,-0.42,0.04,0.04,-0.02,a
4095.0,2925.0,3107.0,4016.0,3031.0,3306.0,2640.0,3024.0,2.76,9.34,-0.56,0.04,-0.12,0.07,a
4095.0,2909.0,3088.0,3967.0,3013.0,3281.0,2630.0,3008.0,2.6,9.0,-0.53,0.05,-0.11,0.06,a
4055.0,2900.0,3081.0,3975.0,3018.0,3286.0,2641.0,3034.0,3.02,9.49,-0.72,0.06,-0.17,0.09,a
3983.0,2913.0,3098.0,4010.0,3050.0,3317.0,2686.0,3121.0,2.62,9.5,-0.81,0.03,0.0,0.07,a
3984.0,2921.0,3090.0,4010.0,3056.0,3326.0,2688.0,3134.0,3.01,9.0,-0.78,-0.01,-0.04,-0.02,a
3869.0,2912.0,3081.0,3862.0,2958.0,3312.0,2675.0,3136.0,3.16,9.4,-0.79,0.01,0.06,-0.12,a
3830.0,2899.0,3070.0,3806.0,2928.0,3305.0,2670.0,3151.0,2.45,8.95,-0.84,-0.14,0.23,-0.16,a
3846.0,2907.0,3071.0,3985.0,2946.0,3301.0,2665.0,3125.0,2.93,10.01,-0.68,-0.08,0.05,-0.06,a
3859.0,2911.0,3079.0,4095.0,2950.0,3312.0,2672.0,3119.0,1.95,8.6,-0.41,-0.1,0.02,-0.02,a
3874.0,2903.0,3071.0,4095.0,2959.0,3312.0,2679.0,3139.0,3.05,9.64,-0.8,-0.0,-0.02,0.04,a
3863.0,2915.0,3083.0,4095.0,2975.0,3312.0,2708.0,3173.0,2.56,8.65,-0.6,0.05,-0.1,0.08,a
3788.0,2919.0,3085.0,4095.0,2987.0,3336.0,2754.0,3243.0,2.88,9.84,-0.84,-0.11,0.01,0.01,a
3760.0,2912.0,3088.0,4095.0,3012.0,3351.0,2770.0,3209.0,2.52,8.87,-0.28,-0.06,-0.07,0.14,a
3729.0,2911.0,3089.0,4095.0,3022.0,3363.0,2768.0,3198.0,2.73,9.37,-0.69,-0.12,0.08,0.1,a
3632.0,2911.0,3088.0,4095.0,3024.0,3379.0,2780.0,3197.0,3.17,9.0,-0.42,0.14,-0.31,0.02,a
3581.0,2909.0,3087.0,4095.0,3027.0,3377.0,2799.0,3202.0,2.93,9.49,-0.66,0.01,0.02,-0.04,a
3429.0,2911.0,3086.0,4095.0,3035.0,3431.0,2842.0,3216.0,3.32,8.95,-0.69,-0.08,0.05,-0.15,a
3442.0,2917.0,3099.0,4095.0,3082.0,3475.0,2801.0,3099.0,2.28,9.68,-0.69,-0.24,0.15,-0.02,a
3890.0,2929.0,3103.0,4095.0,3083.0,3504.0,2775.0,2987.0,3.19,9.3,-0.65,0.09,-0.03,-0.02,a
4095.0,2917.0,3110.0,4095.0,3068.0,3545.0,2813.0,2974.0,2.83,9.36,-0.84,-0.01,0.04,0.05,a
4095.0,2921.0,3101.0,4095.0,3067.0,3581.0,2851.0,3007.0,3.29,9.43,-0.69,-0.01,0.05,-0.02,a
4095.0,2928.0,3104.0,4095.0,3071.0,3598.0,2858.0,3022.0,2.57,9.43,-0.65,-0.07,0.06,0.04,a
4095.0,2928.0,3103.0,4095.0,3071.0,3579.0,2838.0,3019.0,2.96,9.26,-0.76,-0.03,-0.06,0.06,a
4095.0,2928.0,3098.0,4095.0,3041.0,3488.0,2739.0,2969.0,3.0,9.34,-0.73,0.08,-0.2,0.04,a
4095.0,2928.0,3104.0,4095.0,3014.0,3421.0,2650.0,2934.0,3.05,9.14,-0.55,-0.16,-0.04,0.01,a
4095.0,2925.0,3104.0,4095.0,3013.0,3376.0,2624.0,2917.0,2.85,9.39,-0.8,0.09,0.02,-0.01,a
4095.0,2923.0,3104.0,4095.0,3027.0,3371.0,2624.0,2906.0,2.92,8.99,-0.48,-0.0,-0.09,0.05,a
4095.0,2930.0,3103.0,4095.0,3088.0,3391.0,2661.0,2870.0,3.17,9.45,-1.16,-0.12,0.07,-0.04,a
1135.0,2928.0,3103.0,4095.0,3179.0,3399.0,2667.0,2864.0,2.76,9.04,-0.48,-0.07,0.04,0.06,a
1495.0,2928.0,3104.0,4095.0,3216.0,3388.0,2651.0,2857.0,2.76,9.87,-1.17,-0.03,0.01,0.01,a
1525.0,2933.0,3110.0,4095.0,3225.0,3376.0,2649.0,2863.0,3.47,8.93,-0.66,0.08,-0.09,0.06,a
1726.0,2931.0,3098.0,4095.0,3249.0,3362.0,2640.0,2879.0,3.09,9.42,-1.0,-0.27,0.11,-0.04,a
2031.0,2912.0,3095.0,4095.0,3289.0,3366.0,2640.0,2885.0,3.06,8.81,-0.34,-0.22,0.05,0.0,a
2451.0,2930.0,3120.0,4095.0,3360.0,3403.0,2667.0,2914.0,3.24,9.73,-0.7,-0.39,0.18,-0.08,a
2765.0,2927.0,3114.0,4095.0,3415.0,3408.0,2672.0,2925.0,2.51,9.22,-0.04,-0.21,0.05,-0.1,a
2779.0,2918.0,3100.0,4095.0,3424.0,3407.0,2672.0,2929.0,2.83,9.62,-0.15,0.04,-0.05,0.09,a
2919.0,2928.0,3114.0,4095.0,3367.0,3379.0,2659.0,2921.0,3.2,9.31,0.11,0.05,0.05,0.06,a
3376.0,2941.0,3107.0,4095.0,3297.0,3398.0,2665.0,2897.0,3.11,9.33,-0.39,-0.03,0.03,0.11,a
3728.0,2943.0,3118.0,4095.0,3264.0,3406.0,2657.0,2889.0,3.04,8.74,0.09,-0.03,0.02,0.06,a
4095.0,2938.0,3120.0,4095.0,3199.0,3391.0,2628.0,2881.0,2.86,9.87,-0.19,-0.13,0.19,0.09,a
4095.0,2944.0,3119.0,4095.0,3147.0,3389.0,2622.0,2882.0,3.79,9.1,-0.18,0.2,-0.17,0.15,a
3259.0,2950.0,3125.0,4095.0,3135.0,3381.0,2608.0,2889.0,3.15,8.56,-0.39,-0.13,0.09,-0.12,a
2731.0,2974.0,3152.0,4095.0,3127.0,3391.0,2615.0,2899.0,3.53,9.83,-0.19,0.18,-0.17,0.07,a
2502.0,2970.0,3139.0,4095.0,3088.0,3361.0,2601.0,2895.0,3.17,9.05,0.11,-0.08,0.08,-0.19,a
2464.0,2960.0,3133.0,4095.0,3087.0,3362.0,2585.0,2889.0,3.24,9.6,-0.45,-0.14,0.19,-0.01,a
2406.0,2963.0,3145.0,4095.0,3111.0,3379.0,2559.0,2893.0,3.08,8.36,0.03,-0.23,0.3,-0.05,a
2307.0,2967.0,3142.0,4095.0,3109.0,3383.0,2559.0,2898.0,3.21,9.94,-0.15,-0.16,0.47,-0.05,a
2352.0,2827.0,3011.0,4095.0,3130.0,3268.0,2423.0,2759.0,2.74,8.97,0.46,-0.05,0.03,0.01,a
2398.0,2800.0,2982.0,4095.0,3132.0,3241.0,2407.0,2747.0,3.14,9.25,-0.14,0.35,-0.43,0.16,a
2154.0,2781.0,2960.0,4095.0,3118.0,3216.0,2441.0,2752.0,3.6,8.94,-0.1,0.31,-0.56,0.2,a
1193.0,2791.0,2960.0,4095.0,3114.0,3248.0,2514.0,2832.0,3.34,9.43,-0.64,-0.05,-0.03,-0.12,a
1167.0,2757.0,2933.0,4095.0,3085.0,3237.0,2605.0,2978.0,3.56,9.49,-0.23,0.12,-0.19,0.03,a
1168.0,2777.0,2950.0,4095.0,3090.0,3267.0,2676.0,3054.0,3.02,8.77,-0.53,0.07,-0.13,-0.09,a
1166.0,2771.0,2938.0,4095.0,3087.0,3278.0,2766.0,3168.0,3.56,9.42,-0.64,-0.02,-0.04,-0.11,a
1161.0,2757.0,2944.0,4095.0,3097.0,3266.0,2800.0,3199.0,2.93,8.71,-0.21,0.04,0.01,-0.06,a
1173.0,2752.0,2944.0,4095.0,3119.0,3253.0,2829.0,3227.0,3.15,9.37,-1.0,-0.06,0.04,-0.05,a
1182.0,2759.0,2992.0,4095.0,3132.0,3313.0,2965.0,3361.0,3.3,9.31,-0.39,0.15,0.06,-0.13,a
1181.0,2867.0,3119.0,4095.0,3152.0,3458.0,3118.0,3504.0,2.82,9.48,-1.24,-0.12,0.18,-0.1,a
1194.0,2846.0,3085.0,4095.0,3152.0,3473.0,3120.0,3489.0,3.42,9.38,-0.79,0.04,-0.08,-0.03,a
1194.0,2864.0,3086.0,4095.0,3168.0,3491.0,3141.0,3458.0,3.12,9.35,-0.88,-0.17,0.06,0.06,a
1196.0,2874.0,3095.0,4095.0,3175.0,3456.0,3054.0,3344.0,3.48,9.57,-0.6,-0.18,0.0,0.06,a
1200.0,2871.0,3098.0,4095.0,3170.0,3325.0,2853.0,3194.0,2.89,9.22,-0.38,-0.12,-0.06,0.02,a
1195.0,2853.0,3087.0,4095.0,3157.0,3281.0,2786.0,3056.0,3.21,9.3,-0.48,-0.08,-0.09,0.11,a
1186.0,2832.0,3087.0,4095.0,3134.0,3265.0,2764.0,2995.0,3.39,9.21,-0.49,-0.03,0.2,0.03,a
1185.0,2755.0,2999.0,4095.0,3106.0,3190.0,2657.0,2877.0,3.18,9.18,-0.72,-0.11,0.06,0.03,a
1178.0,2749.0,2990.0,4095.0,3087.0,3163.0,2590.0,2800.0,3.4,9.36,-0.47,-0.05,0.02,0.01,a
1173.0,2745.0,2993.0,4095.0,3069.0,3138.0,2524.0,2773.0,3.36,9.25,-0.17,-0.11,0.08,-0.02,a
1171.0,2752.0,2992.0,4095.0,3041.0,3127.0,2510.0,2758.0,3.49,9.35,-0.31,0.06,-0.02,-0.06,a
1179.0,2767.0,3024.0,4095.0,2995.0,3147.0,2515.0,2771.0,3.35,9.34,-0.4,0.16,0.17,-0.01,a
1169.0,2826.0,3069.0,4095.0,2973.0,3209.0,2559.0,2822.0,3.12,9.03,-0.62,0.05,0.08,-0.04,a
1173.0,2883.0,3143.0,4095.0,2967.0,3271.0,2629.0,2874.0,3.41,9.55,-0.72,0.25,0.05,0.05,a
1182.0,2877.0,3130.0,4095.0,2963.0,3265.0,2593.0,2854.0,3.22,9.1,-0.63,-0.06,0.16,-0.07,a
1182.0,2867.0,3118.0,4095.0,2965.0,3266.0,2581.0,2855.0,3.11,9.36,-0.87,0.05,-0.01,-0.01,a
1178.0,2891.0,3147.0,4095.0,2991.0,3291.0,2606.0,2883.0,3.49,9.12,-0.6,-0.07,0.01,-0.05,a
1168.0,2886.0,3135.0,4095.0,2986.0,3291.0,2591.0,2873.0,3.02,9.33,-0.54,0.08,0.15,-0.04,a
1172.0,2890.0,3135.0,4095.0,2981.0,3285.0,2587.0,2871.0,3.36,9.24,-0.71,-0.02,0.11,-0.03,a
1178.0,2885.0,3136.0,4095.0,2973.0,3283.0,2587.0,2880.0,3.12,8.83,-0.57,-0.01,0.19,-0.08,a
1168.0,2887.0,3130.0,4095.0,2976.0,3287.0,2559.0,2896.0,3.25,9.55,-0.92,-0.05,0.1,0.01,a
1174.0,2893.0,3130.0,4095.0,2986.0,3296.0,2578.0,2903.0,3.01,9.08,-0.4,0.1,-0.01,0.05,a
1168.0,2886.0,3137.0,4095.0,2989.0,3303.0,2583.0,2918.0,3.06,9.0,-0.59,-0.09,0.1,-0.04,a
1168.0,2910.0,3137.0,4095.0,2992.0,3315.0,2594.0,2928.0,3.53,9.32,-0.71,0.06,0.02,0.0,a
1167.0,2896.0,3138.0,4095.0,2992.0,3316.0,2603.0,2938.0,3.07,9.2,-0.64,-0.03,0.06,-0.08,a
3817.0,2946.0,2452.0,2708.0,4095.0,4095.0,4095.0,4095.0,0.57,9.75,0.65,-0.05,0.0,0.02,b
3819.0,2949.0,2457.0,2711.0,4095.0,4095.0,4095.0,4095.0,0.32,9.68,0.79,-0.01,-0.05,-0.0,b
3841.0,2945.0,2454.0,2707.0,4095.0,4095.0,4095.0,4095.0,0.64,9.51,0.75,-0.03,0.01,-0.01,b
3838.0,2947.0,2454.0,2707.0,4095.0,4095.0,4095.0,4095.0,0.37,9.55,0.61,-0.01,-0.0,-0.01,b
3783.0,2945.0,2457.0,2710.0,4095.0,4095.0,4095.0,4095.0,0.62,9.55,0.64,-0.11,0.03,-0.08,b
2493.0,2939.0,2443.0,2714.0,4095.0,4095.0,4095.0,4095.0,0.56,9.65,0.81,-0.15,-0.12,0.02,b
2580.0,2934.0,2438.0,2717.0,4095.0,4095.0,4095.0,4095.0,0.19,9.64,0.88,0.02,0.1,-0.06,b
2669.0,2930.0,2459.0,2714.0,4095.0,4095.0,4095.0,4095.0,-0.27,9.59,0.91,0.12,0.21,-0.04,b
3071.0,2930.0,2465.0,2718.0,4095.0,4095.0,4095.0,4095.0,0.36,9.65,0.7,-0.0,0.01,-0.02,b
3109.0,2938.0,2480.0,2724.0,4095.0,4095.0,4095.0,4095.0,0.25,9.6,0.26,0.04,-0.09,0.05,b
3439.0,2931.0,2462.0,2731.0,4095.0,4095.0,4095.0,4095.0,0.47,9.44,0.07,0.11,0.03,0.01,b
4095.0,2939.0,2480.0,2732.0,4095.0,4095.0,4095.0,4095.0,0.34,9.67,0.47,-0.09,-0.04,0.03,b
4095.0,2938.0,2481.0,2739.0,4095.0,4095.0,4095.0,4095.0,0.01,9.69,0.97,-0.12,-0.09,0.1,b
4053.0,2943.0,2480.0,2742.0,4095.0,4095.0,4095.0,4095.0,0.76,9.67,0.96,-0.05,-0.08,0.15,b
4062.0,2943.0,2491.0,2749.0,4095.0,4095.0,4095.0,4095.0,0.9,9.97,1.0,0.2,-0.06,0.06,b
4077.0,2949.0,2495.0,2746.0,4095.0,4095.0,4095.0,4095.0,-0.04,9.43,-0.15,-0.05,-0.05,0.02,b
3737.0,2942.0,2511.0,2739.0,4095.0,4095.0,4095.0,4095.0,0.37,9.73,-0.25,-0.04,-0.13,0.12,b
3783.0,2944.0,2502.0,2742.0,4095.0,4095.0,4095.0,4095.0,0.32,9.94,-0.08,0.26,-0.09,0.13,b
3674.0,2946.0,2503.0,2736.0,4095.0,4095.0,4095.0,4095.0,1.09,9.28,0.8,-0.11,0.11,-0.15,b
3734.0,2947.0,2510.0,2726.0,4095.0,4095.0,4095.0,4095.0,0.43,9.86,1.02,0.25,0.05,0.01,b
3779.0,2947.0,2512.0,2727.0,4095.0,4095.0,4095.0,4095.0,0.64,9.29,-0.07,-0.13,-0.1,0.04,b
3770.0,2944.0,2522.0,2694.0,4095.0,4095.0,4095.0,4095.0,1.28,9.97,0.26,0.03,0.11,-0.42,b
3539.0,2947.0,2534.0,2647.0,4095.0,4095.0,4095.0,4095.0,0.13,9.36,0.38,0.15,-0.11,-0.23,b
3450.0,2949.0,2599.0,2559.0,4095.0,4095.0,4095.0,4095.0,0.04,9.7,0.05,0.03,0.34,-0.42,b
3573.0,2951.0,2625.0,2513.0,4095.0,4095.0,4095.0,4095.0,-0.54,9.99,-0.04,0.13,0.08,-0.25,b
3707.0,2960.0,2658.0,2509.0,3985.0,4023.0,4033.0,4095.0,-0.59,9.37,0.47,0.17,-0.32,0.01,b
3779.0,2981.0,2711.0,2500.0,3851.0,3890.0,3984.0,4095.0,-0.05,9.42,-0.07,-0.01,0.4,-0.2,b
3798.0,2990.0,2778.0,2513.0,3788.0,3793.0,3961.0,4095.0,0.23,10.21,0.2,0.17,-0.17,0.06,b
3799.0,2986.0,2783.0,2544.0,3893.0,3850.0,3983.0,4095.0,-0.16,9.44,-0.22,0.04,-0.18,0.01,b
3811.0,2981.0,2763.0,2559.0,3973.0,3887.0,4011.0,4095.0,-0.09,9.79,-0.2,-0.11,0.09,0.01,b
3770.0,2991.0,2526.0,2623.0,4095.0,4032.0,4065.0,4095.0,0.0,9.44,-0.27,-0.32,0.08,0.1,b
3779.0,2990.0,2470.0,2589.0,4095.0,4095.0,4095.0,4095.0,0.41,9.95,-0.16,-0.19,0.16,0.06,b
3819.0,3002.0,2459.0,2559.0,4095.0,4095.0,4095.0,4095.0,0.26,9.55,0.1,-0.19,0.13,-0.12,b
3883.0,2988.0,2448.0,2495.0,4095.0,4095.0,4095.0,4095.0,-0.31,9.67,0.43,-0.08,0.12,-0.04,b
4021.0,2982.0,2447.0,2462.0,4095.0,4095.0,4095.0,4095.0,0.09,9.67,0.49,-0.24,0.13,-0.16,b
4095.0,2992.0,2422.0,2447.0,4095.0,4095.0,4095.0,4095.0,-0.26,9.28,0.93,-0.12,-0.04,0.06,b
4095.0,2992.0,2419.0,2438.0,4095.0,4095.0,4095.0,4095.0,0.06,9.9,0.43,-0.12,0.19,-0.02,b
4095.0,2992.0,2424.0,2444.0,4095.0,4095.0,4095.0,4095.0,0.14,9.69,0.28,-0.0,-0.13,-0.02,b
4095.0,2995.0,2421.0,2432.0,4095.0,4095.0,4095.0,4095.0,-0.16,9.5,0.6,0.06,-0.14,0.06,b
4095.0,2997.0,2416.0,2423.0,4095.0,4095.0,4095.0,4095.0,-0.16,9.67,0.61,-0.12,0.04,-0.0,b
4095.0,3007.0,2416.0,2429.0,4095.0,4095.0,4095.0,4095.0,0.24,9.73,0.61,0.07,-0.22,0.1,b
4095.0,2995.0,2417.0,2435.0,4095.0,4095.0,4095.0,4095.0,0.28,9.7,0.18,0.05,-0.14,0.18,b
4095.0,2998.0,2413.0,2455.0,4095.0,4095.0,4095.0,4095.0,0.31,9.72,0.47,-0.15,-0.03,-0.05,b
3953.0,2999.0,2416.0,2544.0,4095.0,4095.0,4095.0,4095.0,0.24,9.39,0.34,-0.02,-0.22,0.04,b
3677.0,2994.0,2454.0,2579.0,4095.0,4095.0,4095.0,4095.0,0.29,10.12,1.05,-0.12,-0.19,0.16,b
3731.0,3006.0,2448.0,2479.0,4095.0,4095.0,4095.0,4095.0,-0.18,9.25,0.32,-0.33,0.45,-0.18,b
3832.0,2994.0,2495.0,2389.0,4095.0,4095.0,4095.0,4095.0,0.21,10.06,0.57,0.15,0.07,0.06,b
3904.0,3005.0,2513.0,2415.0,4095.0,4095.0,4095.0,4095.0,0.38,9.54,0.71,-0.12,-0.11,-0.08,b
3906.0,2998.0,2525.0,2426.0,4095.0,4095.0,4095.0,4095.0,0.57,9.94,0.61,-0.21,-0.04,-0.06,b
3899.0,2998.0,2559.0,2435.0,4095.0,4095.0,4095.0,4095.0,-0.04,9.64,0.83,0.02,0.07,-0.01,b
3885.0,2997.0,2613.0,2444.0,4095.0,4095.0,4095.0,4095.0,-0.0,9.56,0.5,-0.07,0.12,-0.04,b
3867.0,3003.0,2613.0,2458.0,4095.0,4095.0,4095.0,4095.0,0.45,9.74,0.58,-0.14,-0.11,-0.0,b
3887.0,3007.0,2611.0,2459.0,4095.0,4095.0,4095.0,4095.0,0.03,9.33,0.54,-0.18,0.08,-0.07,b
3874.0,2997.0,2610.0,2463.0,4095.0,4095.0,4095.0,4095.0,-0.07,9.77,1.02,-0.06,0.02,0.01,b
3863.0,2994.0,2607.0,2468.0,4095.0,4095.0,4095.0,4095.0,-0.15,9.28,0.99,0.01,-0.12,0.02,b
3824.0,2993.0,2604.0,2477.0,4095.0,4095.0,4095.0,4095.0,0.49,9.66,0.64,-0.08,-0.04,-0.1,b
3773.0,2998.0,2605.0,2480.0,4095.0,4095.0,4095.0,4095.0,0.34,9.6,0.84,0.05,-0.15,0.01,b
3782.0,2995.0,2595.0,2487.0,4095.0,4095.0,4095.0,4095.0,0.11,9.46,0.74,0.03,0.16,-0.06,b
3747.0,3003.0,2587.0,2480.0,4095.0,4095.0,4095.0,4095.0,0.49,9.98,0.99,-0.01,-0.26,0.02,b
3786.0,2995.0,2593.0,2461.0,4095.0,4095.0,4095.0,4095.0,0.44,9.9,0.99,-0.02,-0.04,0.01,b
3821.0,2997.0,2586.0,2435.0,4095.0,4095.0,4095.0,4095.0,0.14,9.78,0.58,-0.06,0.14,-0.05,b
3903.0,2996.0,2603.0,2416.0,4095.0,4095.0,4095.0,4095.0,-0.3,9.5,0.42,-0.05,0.13,-0.04,b
3907.0,2998.0,2603.0,2437.0,4095.0,4095.0,4095.0,4095.0,0.25,9.47,0.66,-0.15,0.05,-0.13,b
3901.0,3003.0,2609.0,2448.0,4095.0,4095.0,4095.0,4095.0,0.12,9.97,1.31,0.12,-0.17,0.01,b
3879.0,2992.0,2617.0,2446.0,4095.0,4095.0,4095.0,4095.0,-0.34,9.0,0.71,0.06,-0.02,-0.03,b
3789.0,2991.0,2619.0,2422.0,4095.0,4095.0,4095.0,4095.0,0.13,9.93,0.43,-0.12,0.14,-0.06,b
3714.0,2992.0,2626.0,2417.0,4095.0,4095.0,4095.0,4095.0,0.22,9.66,0.69,0.03,-0.2,0.05,b
3730.0,2992.0,2635.0,2419.0,4095.0,4095.0,4095.0,4095.0,0.06,9.08,0.48,-0.25,0.28,-0.22,b
3742.0,2982.0,2640.0,2407.0,4095.0,4095.0,4095.0,4095.0,-0.08,9.73,1.09,0.02,0.03,-0.05,b
3741.0,2991.0,2643.0,2432.0,4095.0,4095.0,4095.0,4095.0,-0.12,9.5,1.1,-0.12,-0.16,-0.02,b
3739.0,2987.0,2656.0,2471.0,4095.0,4095.0,4095.0,4095.0,0.04,9.74,0.81,-0.01,-0.12,0.01,b
3743.0,2983.0,2640.0,2481.0,4095.0,4095.0,4095.0,4095.0,-0.3,9.5,0.95,0.0,0.01,0.04,b
3889.0,2963.0,2593.0,2485.0,4095.0,4095.0,4095.0,4095.0,0.17,9.65,0.81,-0.21,0.01,-0.02,b
3937.0,2963.0,2549.0,2490.0,4095.0,4095.0,4095.0,4095.0,0.08,10.02,0.76,-0.06,0.11,0.03,b
3950.0,2960.0,2543.0,2498.0,4095.0,4095.0,4095.0,4095.0,-0.04,9.31,0.69,-0.0,-0.07,0.01,b
3947.0,2955.0,2527.0,2501.0,4095.0,4095.0,4095.0,4095.0,0.11,9.56,0.91,-0.21,0.12,-0.06,b
2654.0,2962.0,2501.0,2513.0,4095.0,4095.0,4095.0,4095.0,-0.01,9.84,1.38,-0.06,-0.22,0.08,b
2127.0,2966.0,2477.0,2512.0,4095.0,4095.0,4095.0,4095.0,-0.49,9.19,0.83,-0.13,0.13,-0.12,b
1853.0,2973.0,2415.0,2519.0,4095.0,4095.0,4095.0,4095.0,-0.07,9.86,0.96,-0.11,-0.0,-0.03,b
1059.0,2971.0,2411.0,2525.0,4095.0,4095.0,4095.0,4095.0,-0.07,9.58,1.06,0.08,-0.04,0.15,b
1046.0,2975.0,2416.0,2527.0,4095.0,4095.0,4095.0,4095.0,0.18,9.45,0.97,-0.11,0.08,-0.02,b
1058.0,2972.0,2406.0,2527.0,4095.0,4095.0,4095.0,4095.0,0.36,9.62,1.33,-0.08,-0.02,-0.03,b
1051.0,2975.0,2403.0,2530.0,4095.0,4095.0,4095.0,4095.0,-0.07,9.31,1.32,0.05,0.0,0.03,b
1055.0,2979.0,2398.0,2517.0,4095.0,4095.0,4095.0,4095.0,-0.08,9.56,0.88,-0.06,0.11,-0.06,b
1062.0,2962.0,2358.0,2529.0,4095.0,4095.0,4095.0,4095.0,0.04,9.47,1.14,-0.03,-0.05,0.01,b
1045.0,2966.0,2334.0,2525.0,4095.0,4095.0,4095.0,4095.0,0.18,9.55,0.99,0.05,0.14,-0.06,b
1043.0,2960.0,2341.0,2526.0,4095.0,4095.0,4095.0,4095.0,-0.27,9.73,1.07,-0.05,-0.1,-0.0,b
1067.0,2961.0,2339.0,2537.0,4095.0,4095.0,4095.0,4095.0,-0.17,9.81,1.07,0.11,-0.06,0.04,b
1113.0,2973.0,2268.0,2543.0,4095.0,4095.0,4095.0,4095.0,0.19,9.17,1.15,-0.1,-0.05,0.02,b
1078.0,2971.0,2249.0,2543.0,4095.0,4095.0,4095.0,4095.0,0.1,9.55,0.82,-0.05,0.22,-0.06,b
1071.0,2975.0,2274.0,2546.0,4095.0,4095.0,4095.0,4095.0,0.24,9.28,1.09,0.07,0.03,0.07,b
1262.0,2977.0,2674.0,2551.0,4095.0,4095.0,4095.0,4095.0,-0.03,9.0,1.08,-0.03,0.07,0.04,b
1897.0,2947.0,2755.0,2555.0,4095.0,4095.0,4095.0,4095.0,0.11,10.15,0.81,0.06,0.24,0.04,b
2161.0,2900.0,2701.0,2559.0,4095.0,4095.0,4095.0,4095.0,0.4,8.89,0.78,-0.13,-0.1,-0.09,b
2629.0,2736.0,2462.0,2579.0,4095.0,4095.0,4095.0,4095.0,0.1,10.02,0.95,-0.05,-0.01,-0.07,b
3081.0,2704.0,2388.0,2586.0,4095.0,4095.0,4095.0,4095.0,-0.38,9.2,0.73,0.05,0.06,-0.04,b
3147.0,2723.0,2379.0,2590.0,4095.0,4095.0,4095.0,4095.0,0.15,9.58,0.78,-0.18,0.08,-0.04,b
3135.0,2765.0,2387.0,2592.0,4095.0,4095.0,4095.0,4095.0,0.18,9.84,0.97,-0.0,-0.12,-0.04,b
3232.0,2761.0,2391.0,2597.0,4095.0,4095.0,4095.0,4095.0,0.26,9.13,1.06,-0.03,-0.01,-0.07,b
3383.0,2733.0,2385.0,2593.0,4095.0,4095.0,4095.0,4095.0,0.01,9.81,0.94,-0.07,0.24,-0.06,b
3501.0,2553.0,2383.0,2591.0,4095.0,4095.0,4095.0,4095.0,-0.03,9.43,0.77,-0.02,-0.14,-0.05,b
3713.0,2229.0,2365.0,2583.0,4095.0,4095.0,4095.0,4095.0,-0.1,9.51,0.78,-0.12,0.07,-0.08,b
3728.0,2215.0,2367.0,2585.0,4095.0,4095.0,4095.0,4095.0,0.01,9.4,0.99,0.01,0.09,-0.0,b
3714.0,2358.0,2377.0,2559.0,4095.0,4095.0,4095.0,4095.0,-0.21,9.7,0.82,-0.07,0.22,-0.03,b
3727.0,2429.0,2377.0,2544.0,4095.0,4095.0,4095.0,4095.0,-0.15,9.31,1.09,0.05,-0.01,-0.03,b
3651.0,2421.0,2385.0,2497.0,4095.0,4095.0,4095.0,4095.0,0.1,9.63,0.74,-0.02,0.05,-0.04,b
3623.0,2429.0,2387.0,2434.0,4095.0,4095.0,4095.0,4095.0,-0.04,9.81,0.83,0.08,-0.08,0.06,b
3410.0,2449.0,2393.0,2451.0,4095.0,4095.0,4095.0,4095.0,-0.37,9.11,0.91,-0.02,0.01,-0.09,b
3294.0,2469.0,2387.0,2475.0,4095.0,4095.0,4095.0,4095.0,-0.15,9.78,0.87,0.04,0.1,-0.01,b
3245.0,2474.0,2391.0,2477.0,4095.0,4095.0,4095.0,4095.0,-0.11,9.65,0.78,0.03,-0.09,0.02,b
3038.0,2501.0,2384.0,2467.0,4095.0,4095.0,4095.0,4095.0,-0.28,9.44,0.45,-0.12,0.08,-0.02,b
2922.0,2509.0,2400.0,2475.0,4095.0,4095.0,4095.0,4095.0,-0.02,9.73,0.95,0.07,-0.16,0.12,b
2839.0,2527.0,2385.0,2480.0,4095.0,4095.0,4095.0,4095.0,-0.24,9.38,0.73,-0.04,0.06,-0.01,b
2815.0,2519.0,2391.0,2501.0,4095.0,4095.0,4095.0,4095.0,0.4,9.68,0.8,-0.02,-0.05,0.0,b
2391.0,2526.0,2407.0,2460.0,4095.0,4095.0,4095.0,4095.0,0.13,9.4,0.87,0.03,-0.09,0.07,b
2312.0,2534.0,2405.0,2431.0,4095.0,4095.0,4095.0,4095.0,-0.07,9.69,0.45,-0.1,0.06,-0.04,b
2238.0,2545.0,2399.0,2409.0,4095.0,4095.0,4095.0,4095.0,0.38,9.36,1.0,-0.07,-0.23,0.02,b
2160.0,2707.0,2460.0,2372.0,4095.0,4095.0,4095.0,4095.0,0.25,9.96,0.89,-0.15,0.39,-0.13,b
2176.0,2807.0,2554.0,2320.0,4095.0,4095.0,4095.0,4095.0,-1.26,10.07,0.84,0.13,0.2,0.04,b
1989.0,2817.0,2559.0,2366.0,4095.0,4095.0,4095.0,4095.0,-0.01,9.11,0.51,-0.08,-0.3,0.09,b
3143.0,2852.0,2554.0,2415.0,4095.0,4095.0,4095.0,4095.0,0.53,9.89,0.64,-0.17,0.08,-0.01,b
3183.0,2896.0,2534.0,2448.0,4095.0,4095.0,4095.0,4095.0,-0.04,9.83,0.75,0.01,0.34,0.0,b
3180.0,2909.0,2511.0,2461.0,4095.0,4095.0,4095.0,4095.0,-0.42,9.17,0.79,-0.24,0.03,-0.07,b
3059.0,2914.0,2512.0,2465.0,4095.0,4095.0,4095.0,4095.0,-0.26,9.66,0.96,-0.19,0.23,-0.06,b
3120.0,2922.0,2512.0,2475.0,4095.0,4095.0,4095.0,4095.0,-0.0,9.5,1.17,0.11,-0.06,0.04,b
3021.0,2927.0,2510.0,2495.0,4095.0,4095.0,4095.0,4095.0,0.05,9.19,0.83,-0.16,0.05,-0.04,b
2705.0,2919.0,2512.0,2506.0,4095.0,4095.0,4095.0,4095.0,-0.1,9.86,1.27,0.05,-0.05,0.11,b
2414.0,2915.0,2497.0,2500.0,4095.0,4095.0,4095.0,4095.0,-0.14,9.4,0.91,-0.0,0.06,-0.04,b
1665.0,2912.0,2494.0,2499.0,4095.0,4095.0,4095.0,4095.0,0.3,9.52,0.94,-0.07,0.02,-0.13,b
1638.0,2921.0,2496.0,2503.0,4095.0,4095.0,4095.0,4095.0,0.05,9.5,1.14,0.04,-0.1,0.01,b
1808.0,2911.0,2497.0,2508.0,4095.0,4095.0,4095.0,4095.0,-0.51,9.48,1.14,0.09,0.13,-0.01,b
1828.0,2918.0,2506.0,2505.0,4095.0,4095.0,4095.0,4095.0,-0.25,9.62,0.7,0.04,0.03,-0.0,b
1739.0,2902.0,2559.0,2490.0,4095.0,4095.0,4095.0,4095.0,-0.36,9.67,0.89,0.23,-0.27,0.15,b
1509.0,2901.0,2525.0,2500.0,4095.0,4095.0,4095.0,4095.0,0.28,9.33,0.78,-0.14,0.01,-0.09,b
1598.0,2895.0,2512.0,2515.0,4095.0,4095.0,4095.0,4095.0,0.15,9.58,0.71,-0.12,0.08,-0.02,b
1633.0,2906.0,2499.0,2531.0,4095.0,4095.0,4095.0,4095.0,0.0,9.79,0.76,-0.04,-0.07,-0.0,b
1611.0,2923.0,2489.0,2540.0,4095.0,4095.0,4095.0,4095.0,-0.42,9.03,0.83,-0.2,0.1,-0.14,b
1584.0,2916.0,2505.0,2544.0,4095.0,4095.0,4095.0,4095.0,-0.16,9.51,0.96,0.06,0.04,-0.07,b
1598.0,2905.0,2503.0,2544.0,4095.0,4095.0,4095.0,4095.0,-0.14,9.48,1.07,0.03,-0.01,0.02,b
1834.0,2875.0,2459.0,2534.0,4095.0,4095.0,4095.0,4095.0,0.0,10.0,0.93,-0.08,-0.08,0.01,b
2298.0,2846.0,2433.0,2539.0,4095.0,4095.0,4095.0,4095.0,-0.63,9.2,1.06,-0.01,-0.1,0.07,b
1998.0,2848.0,2451.0,2559.0,4095.0,4095.0,4095.0,4095.0,-0.31,9.73,1.03,0.14,0.07,-0.04,b
1710.0,2880.0,2470.0,2559.0,4095.0,4095.0,4095.0,4095.0,-0.32,9.77,0.95,0.12,-0.13,-0.03,b
1631.0,2896.0,2479.0,2589.0,4095.0,4095.0,4095.0,4095.0,-0.15,9.04,0.58,0.0,-0.04,-0.16,b
1393.0,2902.0,2491.0,2595.0,4095.0,4095.0,4095.0,4095.0,-0.25,9.97,0.9,-0.02,-0.09,-0.09,b
1921.0,2917.0,2485.0,2593.0,4095.0,4095.0,4095.0,4095.0,-0.38,9.34,0.79,-0.04,-0.14,0.01,b
2559.0,2940.0,2480.0,2597.0,4095.0,4095.0,4095.0,4095.0,-0.55,9.05,0.57,-0.21,0.19,-0.22,b
2621.0,2946.0,2495.0,2599.0,4095.0,4095.0,4095.0,4095.0,-0.5,9.91,0.95,-0.01,-0.05,-0.0,b
2683.0,2946.0,2527.0,2608.0,4095.0,4095.0,4095.0,4095.0,-0.06,9.4,0.87,0.1,-0.16,0.09,b
2790.0,2959.0,2534.0,2610.0,4095.0,4095.0,4095.0,4095.0,-0.05,9.58,0.77,-0.15,0.13,0.01,b
2756.0,2945.0,2480.0,2639.0,4095.0,4095.0,4095.0,4095.0,0.1,9.57,1.21,-0.07,-0.14,0.15,b
2032.0,2919.0,2438.0,2644.0,4095.0,4095.0,4095.0,4095.0,-0.53,9.31,0.8,-0.03,0.12,0.02,b
1629.0,2899.0,2488.0,2651.0,4095.0,4095.0,4095.0,4095.0,-0.05,9.99,0.79,-0.01,0.12,-0.05,b
1535.0,2885.0,2626.0,2646.0,4095.0,4095.0,4095.0,4095.0,-0.0,9.75,0.96,0.13,-0.18,0.04,b
1273.0,2833.0,3056.0,2649.0,4095.0,4095.0,4095.0,4095.0,-0.42,8.73,0.65,0.09,0.15,-0.11,b
1268.0,2755.0,3063.0,2651.0,4095.0,4095.0,4095.0,4095.0,-0.36,10.45,0.72,-0.1,0.3,-0.08,b
1270.0,2768.0,2859.0,2656.0,4095.0,4095.0,4095.0,4095.0,-0.41,9.32,0.71,0.17,-0.26,0.07,b
1293.0,2784.0,2657.0,2663.0,4095.0,4095.0,4095.0,4095.0,0.17,10.07,0.6,-0.11,0.13,-0.03,b
1181.0,2806.0,2594.0,2665.0,4095.0,4095.0,4095.0,4095.0,-0.11,9.78,0.97,0.09,-0.23,-0.02,b
1418.0,2743.0,2725.0,2671.0,4095.0,4095.0,4095.0,4095.0,-0.39,9.29,0.47,-0.05,0.05,-0.01,b
2092.0,2672.0,2677.0,2663.0,4095.0,4095.0,4095.0,4095.0,-0.09,9.74,0.63,-0.2,0.15,-0.04,b
2407.0,2682.0,2487.0,2655.0,4095.0,4095.0,4095.0,4095.0,-0.63,9.38,0.94,0.04,-0.0,0.03,b
2046.0,2724.0,2410.0,2666.0,4095.0,4095.0,4095.0,4095.0,-0.33,9.5,0.71,-0.21,0.28,-0.13,b
1977.0,2765.0,2409.0,2671.0,4095.0,4095.0,4095.0,4095.0,-0.14,9.85,1.0,0.07,-0.07,0.08,b
1979.0,2771.0,2389.0,2670.0,4095.0,4095.0,4095.0,4095.0,0.0,9.28,0.84,-0.06,-0.02,0.01,b
2434.0,2718.0,2311.0,2657.0,4095.0,4095.0,4095.0,4095.0,-0.25,9.65,0.96,-0.08,-0.05,0.05,b
2700.0,2551.0,2278.0,2651.0,4095.0,4095.0,4095.0,4095.0,-0.44,9.5,0.83,0.05,-0.05,0.02,b
3278.0,2422.0,2286.0,2635.0,4095.0,4095.0,4095.0,4095.0,-0.13,9.37,0.81,0.03,0.06,0.02,b
3310.0,2385.0,2293.0,2651.0,4095.0,4095.0,4095.0,4095.0,0.05,9.71,0.72,-0.06,0.07,-0.05,b
3154.0,2368.0,2304.0,2647.0,4095.0,4095.0,4095.0,4095.0,-0.31,9.57,0.84,0.16,-0.05,0.03,b
3052.0,2368.0,2310.0,2558.0,4095.0,4095.0,4095.0,4095.0,-0.18,9.07,0.39,-0.14,0.09,-0.08,b
2609.0,2384.0,2323.0,2514.0,4095.0,4095.0,4095.0,4095.0,-0.07,9.91,0.66,0.03,0.04,0.01,b
2386.0,2415.0,2331.0,2479.0,4095.0,4095.0,4095.0,4095.0,-0.21,9.39,0.67,0.04,-0.0,-0.01,b
2210.0,2429.0,2343.0,2448.0,4095.0,4095.0,4095.0,4095.0,-0.18,9.61,0.61,-0.03,0.05,-0.05,b
2165.0,2451.0,2369.0,2452.0,4095.0,4095.0,4095.0,4095.0,-0.34,9.8,0.85,0.12,-0.04,0.03,b
1641.0,2619.0,2426.0,2458.0,4095.0,4095.0,4095.0,4095.0,0.0,9.23,0.64,0.15,-0.13,0.04,b
1431.0,2659.0,2458.0,2487.0,4095.0,4095.0,4095.0,4095.0,0.11,10.04,0.58,0.09,-0.01,0.03,b
1382.0,2673.0,2461.0,2495.0,4095.0,4095.0,4095.0,4095.0,-0.15,9.48,0.25,0.12,-0.16,0.02,b
1189.0,2672.0,2460.0,2502.0,4095.0,4095.0,4095.0,4095.0,0.03,9.69,0.11,-0.11,-0.01,0.02,b
1211.0,2679.0,2467.0,2511.0,4095.0,4095.0,4095.0,4095.0,-0.41,9.82,-0.01,0.2,-0.17,0.07,b
1184.0,2683.0,2478.0,2519.0,4095.0,4095.0,4095.0,4095.0,0.21,9.65,0.41,-0.07,-0.04,-0.01,b
1224.0,2679.0,2481.0,2527.0,4095.0,4095.0,4095.0,4095.0,0.35,10.02,0.49,0.16,-0.21,0.1,b
1221.0,2682.0,2480.0,2547.0,4095.0,4095.0,4095.0,4095.0,-0.17,9.4,0.22,0.11,-0.15,0.1,b
1567.0,2691.0,2481.0,2554.0,4095.0,4095.0,4095.0,4095.0,0.18,9.51,-0.11,-0.04,0.04,-0.01,b
2302.0,2688.0,2491.0,2559.0,4095.0,4095.0,4095.0,4095.0,0.25,9.94,0.25,0.02,-0.11,0.06,b
2733.0,2704.0,2495.0,2550.0,4095.0,4095.0,4095.0,4095.0,-0.42,9.54,0.03,-0.01,-0.18,0.06,b
2800.0,2715.0,2502.0,2559.0,4095.0,4095.0,4095.0,4095.0,0.05,9.7,-0.11,-0.07,-0.02,0.0,b
2677.0,2751.0,2512.0,2559.0,4095.0,4095.0,4095.0,4095.0,0.55,10.14,0.42,0.1,-0.12,-0.03,b
3070.0,2800.0,2528.0,2559.0,4095.0,4095.0,4095.0,4095.0,0.2,9.33,0.48,0.07,-0.13,-0.03,b
2957.0,2817.0,2529.0,2559.0,4095.0,4095.0,4095.0,4095.0,-0.08,9.84,0.09,-0.15,0.12,-0.03,b
2907.0,2833.0,2515.0,2559.0,4095.0,4095.0,4095.0,4095.0,0.06,9.75,0.18,0.07,-0.17,0.08,b
2915.0,2840.0,2521.0,2559.0,4095.0,4095.0,4095.0,4095.0,0.3,9.53,-0.05,0.08,-0.24,0.03,b
2946.0,2853.0,2528.0,2583.0,4095.0,4095.0,4095.0,4095.0,0.74,9.66,-0.48,0.06,-0.04,0.04,b
2962.0,2861.0,2529.0,2590.0,4095.0,4095.0,4095.0,4095.0,0.64,9.58,-0.45,0.09,-0.08,-0.01,b
2975.0,2849.0,2529.0,2593.0,4095.0,4095.0,4095.0,4095.0,0.28,9.41,-0.22,-0.12,0.02,-0.05,b
2959.0,2859.0,2536.0,2641.0,4095.0,4095.0,4095.0,4095.0,0.14,10.12,0.06,-0.02,0.08,0.02,b
2944.0,2860.0,2544.0,2761.0,4095.0,4095.0,4095.0,4095.0,0.38,9.48,0.13,-0.07,-0.18,-0.02,b
2918.0,2864.0,2546.0,2919.0,4095.0,4095.0,4095.0,4095.0,0.58,9.92,-0.03,-0.03,-0.24,0.01,b
3024.0,2858.0,2548.0,2947.0,4095.0,4095.0,4095.0,4095.0,0.43,9.7,-0.13,0.02,-0.13,0.01,b
3290.0,2857.0,2555.0,2821.0,4095.0,4095.0,4095.0,4095.0,0.09,9.31,-0.25,0.02,0.06,0.05,b
3279.0,2868.0,2553.0,2652.0,4095.0,4095.0,4095.0,4095.0,0.26,9.79,-0.56,-0.07,0.13,-0.02,b
3285.0,2865.0,2559.0,2640.0,4095.0,4095.0,4095.0,4095.0,0.51,9.59,-0.25,-0.0,-0.04,0.1,b
3267.0,2860.0,2554.0,2646.0,4095.0,4095.0,4095.0,4095.0,0.19,9.29,-0.01,-0.21,0.35,-0.01,b
3350.0,2863.0,2549.0,2623.0,4095.0,4095.0,4095.0,4095.0,0.26,9.59,0.23,-0.21,0.24,-0.1,b
3398.0,2873.0,2534.0,2639.0,4095.0,4095.0,4095.0,4095.0,0.6,9.9,0.47,0.06,-0.12,0.06,b
3379.0,2883.0,2544.0,2642.0,4095.0,4095.0,4095.0,4095.0,0.57,9.42,0.08,-0.04,0.19,-0.16,b
3373.0,2890.0,2555.0,2656.0,4095.0,4095.0,4095.0,4095.0,0.56,9.73,-0.07,-0.1,0.12,-0.1,b
3358.0,2879.0,2544.0,2652.0,4095.0,4095.0,4095.0,4095.0,0.23,9.72,0.2,0.02,-0.04,0.02,b
3280.0,2879.0,2531.0,2619.0,4095.0,4095.0,4095.0,4095.0,0.3,10.01,0.15,-0.12,0.13,-0.19,b
3279.0,2896.0,2521.0,2590.0,4095.0,4095.0,4095.0,4095.0,0.2,9.41,0.15,0.01,-0.11,-0.19,b
3314.0,2923.0,2523.0,2583.0,4095.0,4095.0,4095.0,4095.0,0.24,9.64,0.09,0.07,0.0,-0.09,b
3328.0,2930.0,2533.0,2604.0,4095.0,4095.0,4095.0,4095.0,-0.1,9.75,0.07,0.04,0.04,-0.12,b
3312.0,2950.0,2515.0,2620.0,4095.0,4095.0,4095.0,4095.0,-0.15,9.39,-0.07,-0.15,0.21,-0.12,b
3314.0,2949.0,2509.0,2622.0,4095.0,4095.0,4095.0,4095.0,-0.08,9.82,-0.01,-0.09,0.05,0.02,b
3314.0,2944.0,2489.0,2621.0,4095.0,4095.0,4095.0,4095.0,-0.19,9.66,0.13,-0.06,-0.06,0.09,b
3297.0,2944.0,2471.0,2608.0,4095.0,4095.0,4095.0,4095.0,0.43,9.61,0.14,-0.23,0.14,-0.04,b
3294.0,2930.0,2464.0,2603.0,4095.0,4095.0,4095.0,4095.0,0.28,9.68,0.31,-0.02,-0.03,0.04,b
3271.0,2937.0,2466.0,2606.0,4095.0,4095.0,4095.0,4095.0,-0.06,9.49,0.12,-0.05,0.07,-0.02,b
3218.0,2943.0,2470.0,2608.0,4095.0,4095.0,4095.0,4095.0,0.32,9.87,0.32,-0.07,0.08,0.03,b
3207.0,2935.0,2467.0,2599.0,4095.0,4095.0,4095.0,4095.0,0.23,9.48,0.16,0.03,-0.08,-0.0,b
3215.0,2930.0,2410.0,2603.0,4095.0,4095.0,4095.0,4095.0,0.3,9.83,0.14,-0.24,0.2,-0.19,b
3210.0,2929.0,2337.0,2608.0,4095.0,4095.0,4095.0,4095.0,-0.34,9.74,0.31,-0.01,-0.05,-0.06,b
3190.0,2927.0,2340.0,2611.0,4095.0,4095.0,4095.0,4095.0,-0.02,9.69,0.34,0.04,-0.03,0.0,b
3216.0,2925.0,2347.0,2613.0,4095.0,4095.0,4095.0,4095.0,-0.13,9.63,0.19,-0.18,0.15,0.0,b
3228.0,2919.0,2339.0,2608.0,4095.0,4095.0,4095.0,4095.0,0.11,9.71,0.39,-0.06,-0.04,0.1,b
3158.0,2939.0,2334.0,2604.0,4095.0,4095.0,4095.0,4095.0,-0.04,9.31,0.28,-0.08,0.09,0.01,b
2690.0,2941.0,2337.0,2605.0,4095.0,4095.0,4095.0,4095.0,0.63,10.17,0.73,-0.01,0.17,-0.0,b
2646.0,2930.0,2339.0,2610.0,4095.0,4095.0,4095.0,4095.0,0.06,9.34,0.62,-0.0,-0.04,-0.05,b
2448.0,2933.0,2347.0,2608.0,4095.0,4095.0,4095.0,4095.0,-0.17,9.78,0.46,-0.09,0.14,-0.1,b
2270.0,2928.0,2350.0,2607.0,4095.0,4095.0,4095.0,4095.0,-0.14,9.63,0.56,0.06,0.01,-0.06,b
2236.0,2933.0,2345.0,2597.0,4095.0,4095.0,4095.0,4095.0,0.37,9.47,0.16,-0.06,0.05,-0.08,b
2859.0,2935.0,2330.0,2593.0,4095.0,4095.0,4095.0,4095.0,-0.35,9.76,0.11,-0.06,0.02,-0.01,b
3787.0,2928.0,2319.0,2587.0,4095.0,4095.0,4095.0,4095.0,0.04,9.41,0.58,0.09,-0.04,0.03,b
4095.0,2931.0,2318.0,2589.0,4095.0,4095.0,4095.0,4095.0,0.0,9.91,0.21,-0.12,0.22,-0.14,b
4095.0,2930.0,2319.0,2590.0,4095.0,4095.0,4095.0,4095.0,-0.19,9.78,0.49,0.11,-0.16,0.0,b
4095.0,2935.0,2320.0,2588.0,4095.0,4095.0,4095.0,4095.0,-0.15,9.73,0.27,-0.09,0.13,-0.11,b
3770.0,2932.0,2333.0,2586.0,4095.0,4095.0,4095.0,4095.0,-0.28,9.83,0.39,-0.0,-0.07,0.05,b
3495.0,2932.0,2406.0,2592.0,4095.0,4095.0,4095.0,4095.0,-0.0,9.36,0.44,0.15,-0.17,0.03,b
3636.0,2928.0,2438.0,2599.0,4095.0,4095.0,4095.0,4095.0,0.23,9.79,0.02,-0.19,0.16,-0.07,b
4095.0,2874.0,2416.0,2602.0,4095.0,4095.0,4095.0,4095.0,0.15,10.02,0.31,0.04,-0.01,-0.19,b
4095.0,2292.0,2389.0,2599.0,4095.0,4095.0,4095.0,4095.0,-0.85,9.26,0.36,-0.07,0.12,-0.05,b
4095.0,2114.0,2352.0,2606.0,4095.0,4095.0,4095.0,4095.0,-0.17,9.9,0.27,-0.17,0.23,-0.05,b
4095.0,2384.0,2338.0,2603.0,4095.0,4095.0,4095.0,4095.0,-0.34,9.58,0.36,0.05,-0.18,0.09,b
4095.0,2466.0,2335.0,2602.0,4095.0,4095.0,4095.0,4095.0,-0.22,9.48,0.24,-0.13,0.11,-0.06,b
4095.0,2591.0,2322.0,2608.0,4095.0,4095.0,4095.0,4095.0,0.0,10.0,0.51,-0.06,0.02,-0.02,b
4095.0,2722.0,2331.0,2605.0,4095.0,4095.0,4095.0,4095.0,-0.21,9.36,0.62,0.02,-0.13,0.0,b
4095.0,2750.0,2325.0,2608.0,4095.0,4095.0,4095.0,4095.0,-0.23,9.68,0.15,-0.22,0.17,-0.12,b
4095.0,2754.0,2330.0,2610.0,4095.0,4095.0,4095.0,4095.0,-0.04,9.7,0.42,0.08,-0.21,0.05,b
4095.0,2704.0,2325.0,2618.0,4095.0,4095.0,4095.0,4095.0,-0.45,9.3,0.36,-0.03,0.06,0.03,b
4095.0,2512.0,2320.0,2619.0,4095.0,4095.0,4095.0,4095.0,-0.08,9.87,0.42,-0.16,0.16,-0.05,b
4095.0,1876.0,2303.0,2613.0,4095.0,4095.0,4095.0,4095.0,-0.03,9.61,0.66,0.08,-0.21,0.07,b
4095.0,1870.0,2303.0,2621.0,4095.0,4095.0,4095.0,4095.0,-0.17,9.37,0.27,-0.13,0.14,-0.07,b
4095.0,1869.0,2297.0,2621.0,4095.0,4095.0,4095.0,4095.0,-0.13,10.02,0.58,0.08,-0.04,0.04,b
4095.0,1869.0,2302.0,2628.0,4095.0,4095.0,4095.0,4095.0,-0.08,9.34,0.44,0.0,-0.06,-0.04,b
4095.0,1867.0,2309.0,2624.0,4095.0,4095.0,4095.0,4095.0,-0.16,9.76,0.23,0.01,0.05,-0.04,b
4095.0,1908.0,2320.0,2625.0,4095.0,4095.0,4095.0,4095.0,-0.24,9.7,0.25,0.18,-0.14,0.1,b
4095.0,1920.0,2337.0,2633.0,4095.0,4095.0,4095.0,4095.0,0.1,9.48,0.03,-0.09,-0.02,-0.04,b
4095.0,1882.0,2335.0,2639.0,4095.0,4095.0,4095.0,4095.0,-0.11,9.93,0.35,-0.05,-0.13,0.05,b
4095.0,1973.0,2347.0,2640.0,4095.0,4095.0,4095.0,4095.0,0.39,9.4,0.58,-0.06,-0.1,0.05,b
4095.0,1904.0,2308.0,2640.0,4095.0,4095.0,4095.0,4095.0,-0.44,9.25,-0.09,-0.04,0.11,-0.07,b
4095.0,1887.0,2335.0,2644.0,4095.0,4095.0,4095.0,4095.0,0.04,9.87,0.32,0.09,0.05,0.04,b
4095.0,1904.0,2346.0,2640.0,4095.0,4095.0,4095.0,4095.0,-0.07,9.27,0.15,-0.19,0.12,-0.04,b
4095.0,1904.0,2341.0,2642.0,4095.0,4095.0,4095.0,4095.0,0.01,10.02,0.4,0.05,-0.02,0.01,b
4095.0,1950.0,2343.0,2640.0,4095.0,4095.0,4095.0,4095.0,-0.03,9.12,0.33,-0.02,0.01,-0.06,b
4095.0,2090.0,2320.0,2640.0,4095.0,4095.0,4095.0,4095.0,-0.22,9.89,0.13,-0.1,0.08,-0.04,b
4095.0,2165.0,2323.0,2646.0,4095.0,4095.0,4095.0,4095.0,-0.13,9.38,0.19,0.05,-0.1,0.05,b
4095.0,2432.0,2380.0,2668.0,4095.0,4095.0,4095.0,4095.0,0.16,9.77,0.19,-0.11,0.1,0.0,b
3341.0,2689.0,3216.0,2672.0,4095.0,4095.0,4095.0,4095.0,-0.24,9.96,0.5,-0.07,0.08,0.07,b
3280.0,2781.0,3151.0,2641.0,4095.0,4095.0,4095.0,4095.0,-0.35,9.28,0.39,-0.03,0.14,0.1,b
3295.0,2807.0,2851.0,2630.0,4095.0,4095.0,4095.0,4095.0,0.5,9.97,-0.11,0.11,0.07,0.05,b
3251.0,2825.0,2643.0,2615.0,4095.0,4095.0,4095.0,4095.0,0.55,9.58,0.07,0.03,-0.04,0.05,b
3239.0,2850.0,2318.0,2607.0,4095.0,4095.0,4095.0,4095.0,-0.0,9.45,0.18,-0.1,0.12,-0.08,b
3223.0,2869.0,2309.0,2559.0,4095.0,4095.0,4095.0,4095.0,0.13,9.78,0.37,0.05,0.04,-0.02,b
3218.0,2864.0,2315.0,2527.0,4095.0,4095.0,4095.0,4095.0,0.24,9.52,0.22,-0.03,0.03,-0.06,b
3168.0,2864.0,2311.0,2497.0,4095.0,4095.0,4095.0,4095.0,0.34,9.9,0.11,0.05,-0.07,0.01,b
3159.0,2855.0,2308.0,2499.0,4095.0,4095.0,4095.0,4095.0,0.03,9.45,-0.03,-0.01,0.08,-0.02,b
3136.0,2864.0,2311.0,2477.0,4095.0,4095.0,4095.0,4095.0,0.28,9.54,0.14,-0.06,-0.0,-0.03,b
3182.0,2878.0,2311.0,2486.0,4095.0,4095.0,4095.0,4095.0,0.19,9.52,-0.06,0.16,-0.06,0.04,b
3221.0,2877.0,2320.0,2559.0,4095.0,4095.0,4095.0,4095.0,0.18,9.69,0.07,-0.02,0.05,-0.16,b
3203.0,2880.0,2317.0,2641.0,4095.0,4095.0,4095.0,4095.0,-0.05,9.89,0.08,0.02,-0.09,-0.01,b
1216.0,2816.0,2912.0,3251.0,3825.0,3650.0,3062.0,4095.0,2.64,8.93,1.07,-0.03,-0.02,0.0,c
1255.0,2816.0,2917.0,3253.0,3789.0,3648.0,3065.0,4095.0,2.74,9.39,1.18,-0.08,0.0,0.01,c
1255.0,2807.0,2914.0,3249.0,3781.0,3648.0,3055.0,4095.0,2.92,9.38,1.36,0.01,0.06,-0.03,c
1232.0,2809.0,2907.0,3250.0,3792.0,3643.0,3039.0,4095.0,2.45,8.74,1.24,-0.04,0.01,0.01,c
1216.0,2815.0,2912.0,3246.0,3818.0,3615.0,3010.0,4095.0,2.78,9.81,1.07,0.02,0.03,-0.04,c
1205.0,2815.0,2900.0,3248.0,3821.0,3574.0,2963.0,4095.0,2.87,8.81,1.25,-0.02,-0.08,0.03,c
1214.0,2820.0,2918.0,3248.0,3811.0,3582.0,2970.0,4095.0,2.69,9.45,1.02,-0.01,0.05,-0.07,c
1213.0,2809.0,2906.0,3248.0,3804.0,3583.0,2976.0,4095.0,2.73,9.02,1.16,0.08,-0.05,-0.02,c
1212.0,2816.0,2910.0,3252.0,3813.0,3583.0,2986.0,4095.0,2.72,9.3,1.16,-0.01,-0.05,-0.04,c
1201.0,2813.0,2907.0,3253.0,3763.0,3596.0,2992.0,4095.0,2.75,9.11,1.06,0.01,-0.11,0.04,c
1199.0,2818.0,2914.0,3250.0,3767.0,3583.0,3001.0,4095.0,3.0,9.45,0.9,0.08,-0.01,-0.06,c
1200.0,2816.0,2905.0,3250.0,3795.0,3600.0,3008.0,4095.0,2.76,9.28,0.8,-0.08,-0.01,0.02,c
1200.0,2815.0,2894.0,3250.0,3792.0,3606.0,2992.0,4095.0,2.97,9.22,1.12,-0.11,0.08,-0.06,c
1200.0,2826.0,2885.0,3249.0,3794.0,3611.0,2978.0,4095.0,2.36,9.39,1.01,-0.05,0.24,-0.11,c
1206.0,2831.0,2896.0,3239.0,3796.0,3632.0,3006.0,4095.0,2.79,9.17,1.25,-0.01,-0.12,0.02,c
1203.0,2815.0,2896.0,3235.0,3802.0,3648.0,3029.0,4095.0,2.39,9.34,1.06,-0.03,0.05,-0.0,c
1207.0,2822.0,2925.0,3231.0,3797.0,3646.0,3042.0,4095.0,2.85,9.38,1.12,0.08,-0.14,0.07,c
1200.0,2818.0,2943.0,3227.0,3826.0,3659.0,3063.0,4095.0,2.72,9.24,0.93,-0.16,0.11,-0.08,c
1201.0,2810.0,2935.0,3216.0,3824.0,3670.0,3081.0,4095.0,2.78,9.3,1.19,-0.02,-0.03,0.06,c
1204.0,2817.0,2946.0,3214.0,3830.0,3667.0,3071.0,4095.0,2.84,9.18,1.3,-0.03,-0.02,-0.0,c
1205.0,2815.0,2939.0,3199.0,3835.0,3669.0,3071.0,4095.0,2.79,9.43,1.14,-0.03,0.05,-0.05,c
1200.0,2814.0,2939.0,3185.0,3839.0,3671.0,3071.0,4095.0,2.58,9.01,1.07,-0.06,-0.0,0.0,c
1201.0,2819.0,2951.0,3170.0,3829.0,3678.0,3071.0,4095.0,2.65,9.29,1.02,-0.07,0.03,-0.04,c
1200.0,2817.0,2938.0,3153.0,3834.0,3671.0,3070.0,4095.0,2.94,9.24,1.17,-0.0,-0.01,-0.01,c
1200.0,2815.0,2942.0,3151.0,3836.0,3667.0,3057.0,4095.0,2.67,9.06,1.12,-0.05,0.0,-0.01,c
1200.0,2816.0,2935.0,3150.0,3834.0,3653.0,3047.0,4095.0,2.72,9.37,1.09,-0.08,0.01,-0.02,c
1202.0,2818.0,2940.0,3152.0,3837.0,3638.0,3013.0,4095.0,2.78,9.04,1.41,0.04,-0.03,0.0,c
1202.0,2812.0,2934.0,3159.0,3785.0,3605.0,2966.0,4095.0,2.87,9.37,1.23,-0.07,-0.06,0.01,c
1204.0,2822.0,2935.0,3161.0,3738.0,3583.0,2959.0,4095.0,2.85,9.4,1.13,0.01,0.01,-0.03,c
1197.0,2826.0,2941.0,3146.0,3622.0,3519.0,2864.0,4058.0,2.72,9.14,0.98,-0.07,-0.0,-0.04,c
1195.0,2819.0,2944.0,3071.0,3579.0,3499.0,2829.0,4006.0,2.79,9.36,1.25,-0.1,0.02,-0.0,c
1196.0,2815.0,2949.0,3051.0,3582.0,3501.0,2803.0,3877.0,2.54,8.72,1.1,-0.18,0.14,0.02,c
1206.0,2814.0,2933.0,3061.0,3583.0,3486.0,2775.0,3615.0,2.74,9.4,1.32,-0.02,-0.1,0.09,c
1211.0,2813.0,2922.0,3092.0,3573.0,3475.0,2768.0,3427.0,2.67,8.85,1.39,0.03,0.02,0.0,c
1194.0,2818.0,2930.0,3115.0,3583.0,3504.0,2778.0,3335.0,3.18,9.51,1.19,-0.05,0.08,0.01,c
1602.0,2800.0,2931.0,3126.0,3632.0,3523.0,2793.0,3303.0,2.94,8.85,1.33,-0.17,0.13,-0.04,c
1922.0,2795.0,2932.0,3127.0,3644.0,3530.0,2783.0,3323.0,2.54,9.46,1.13,-0.07,0.01,0.02,c
1808.0,2794.0,2935.0,3134.0,3649.0,3532.0,2785.0,3329.0,3.13,9.03,1.6,-0.01,-0.15,0.07,c
1393.0,2787.0,2947.0,3138.0,3681.0,3527.0,2798.0,3367.0,2.72,9.22,1.33,-0.06,0.15,-0.06,c
1305.0,2770.0,2946.0,3132.0,3691.0,3538.0,2813.0,3399.0,3.32,9.11,1.26,-0.0,-0.07,-0.0,c
1488.0,2768.0,2949.0,3136.0,3691.0,3546.0,2807.0,3418.0,2.94,8.91,1.38,-0.09,0.03,-0.01,c
1747.0,2775.0,2949.0,3134.0,3675.0,3529.0,2798.0,3430.0,2.68,9.36,1.35,0.03,-0.01,0.03,c
1761.0,2781.0,2943.0,3138.0,3691.0,3536.0,2800.0,3440.0,2.72,8.96,1.46,0.01,-0.05,-0.0,c
1761.0,2778.0,2950.0,3136.0,3691.0,3534.0,2798.0,3447.0,2.93,9.1,1.15,0.0,0.04,-0.0,c
1583.0,2778.0,2944.0,3138.0,3700.0,3531.0,2802.0,3491.0,3.0,9.21,1.25,0.02,-0.07,0.01,c
1454.0,2780.0,2948.0,3133.0,3696.0,3531.0,2800.0,3521.0,2.98,8.99,1.3,-0.01,-0.03,-0.04,c
1325.0,2784.0,2926.0,3120.0,3611.0,3523.0,2801.0,3630.0,2.93,9.28,1.3,0.07,0.03,-0.03,c
1279.0,2785.0,2919.0,3118.0,3573.0,3530.0,2806.0,3696.0,2.6,9.0,1.3,-0.01,0.01,0.01,c
1326.0,2773.0,2925.0,3120.0,3583.0,3539.0,2826.0,3693.0,3.0,9.3,1.11,0.02,-0.08,0.0,c
1235.0,2779.0,2925.0,3115.0,3570.0,3540.0,2844.0,3687.0,3.15,9.17,1.25,0.09,-0.14,0.04,c
1223.0,2781.0,2919.0,3114.0,3569.0,3551.0,2849.0,3693.0,3.04,9.08,0.99,-0.12,0.08,-0.07,c
1401.0,2778.0,2918.0,3110.0,3551.0,3551.0,2858.0,3702.0,3.0,9.2,1.19,0.01,-0.05,0.05,c
2640.0,2788.0,2929.0,3094.0,3523.0,3545.0,2859.0,3709.0,3.06,9.08,1.04,-0.06,0.06,-0.06,c
2863.0,2772.0,2928.0,3103.0,3517.0,3555.0,2874.0,3718.0,3.0,9.21,1.18,-0.01,-0.03,0.02,c
2901.0,2778.0,2930.0,3106.0,3531.0,3566.0,2876.0,3728.0,2.77,8.96,1.27,-0.07,0.05,-0.03,c
2966.0,2770.0,2927.0,3106.0,3533.0,3581.0,2895.0,3746.0,2.77,9.4,1.1,-0.05,0.1,-0.01,c
2971.0,2771.0,2928.0,3107.0,3536.0,3603.0,2906.0,3765.0,2.83,8.75,1.31,-0.04,0.02,-0.03,c
2866.0,2775.0,2933.0,3111.0,3552.0,3604.0,2907.0,3770.0,3.07,9.27,1.27,-0.05,-0.02,0.07,c
2581.0,2778.0,2930.0,3107.0,3583.0,3612.0,2909.0,3760.0,3.05,9.15,1.26,-0.1,0.1,0.01,c
1686.0,2772.0,2929.0,3100.0,3643.0,3618.0,2912.0,3760.0,2.97,9.37,1.36,-0.07,0.06,-0.06,c
2428.0,2769.0,2925.0,3102.0,3639.0,3623.0,2913.0,3761.0,3.3,9.04,1.27,0.05,-0.14,0.08,c
2721.0,2782.0,2912.0,3103.0,3646.0,3583.0,2881.0,3750.0,3.03,9.08,1.33,-0.01,0.01,-0.03,c
2687.0,2786.0,2910.0,3101.0,3668.0,3551.0,2845.0,3692.0,3.06,9.22,1.26,-0.07,0.03,-0.03,c
2733.0,2797.0,2917.0,3097.0,3664.0,3563.0,2855.0,3728.0,2.9,8.91,1.35,0.0,0.01,-0.01,c
2211.0,2794.0,2917.0,3102.0,3660.0,3570.0,2865.0,3703.0,2.74,9.09,1.35,-0.04,0.02,-0.1,c
1488.0,2784.0,2917.0,3103.0,3664.0,3596.0,2897.0,3634.0,3.18,9.32,1.41,-0.1,0.06,0.02,c
1375.0,2789.0,2921.0,3102.0,3691.0,3625.0,2962.0,3600.0,2.68,8.63,1.34,-0.02,-0.04,0.02,c
1562.0,2795.0,2928.0,3113.0,3743.0,3653.0,3010.0,3583.0,3.14,9.62,1.27,-0.07,0.04,-0.02,c
1757.0,2800.0,2927.0,3120.0,3756.0,3661.0,3011.0,3583.0,2.93,9.0,1.38,0.05,-0.04,0.05,c
1839.0,2813.0,2928.0,3127.0,3749.0,3663.0,3006.0,3583.0,2.94,9.01,1.3,-0.06,-0.02,-0.01,c
1829.0,2810.0,2931.0,3125.0,3749.0,3657.0,2991.0,3600.0,3.08,9.28,1.41,0.03,0.02,0.0,c
1831.0,2815.0,2933.0,3129.0,3728.0,3659.0,2981.0,3611.0,3.0,9.17,1.28,-0.05,0.01,-0.02,c
1856.0,2812.0,2934.0,3136.0,3709.0,3654.0,2966.0,3633.0,3.11,9.19,1.13,0.08,-0.08,-0.03,c
1202.0,2832.0,2937.0,3133.0,3664.0,3648.0,2961.0,3664.0,3.04,8.97,1.06,-0.1,0.03,-0.02,c
1310.0,2821.0,2934.0,3136.0,3599.0,3651.0,2973.0,3779.0,2.97,9.57,1.24,-0.01,-0.02,-0.06,c
1268.0,2815.0,2933.0,3152.0,3615.0,3660.0,2986.0,3840.0,3.15,8.83,1.27,-0.01,0.04,-0.17,c
1242.0,2817.0,2941.0,3166.0,3631.0,3664.0,2987.0,3877.0,2.83,9.44,1.02,-0.05,0.04,-0.03,c
1219.0,2823.0,2939.0,3174.0,3627.0,3649.0,2978.0,3888.0,2.94,8.82,1.39,-0.02,-0.13,-0.0,c
1197.0,2815.0,2935.0,3173.0,3632.0,3660.0,2978.0,3891.0,2.65,9.53,1.18,-0.02,0.17,-0.02,c
1182.0,2817.0,2935.0,3190.0,3671.0,3674.0,2999.0,3913.0,2.76,8.78,1.35,-0.1,0.03,0.12,c
1195.0,2816.0,2951.0,3203.0,3665.0,3685.0,2997.0,3909.0,2.94,9.48,1.2,-0.02,0.12,-0.01,c
1185.0,2822.0,2944.0,3218.0,3605.0,3686.0,2975.0,3850.0,3.12,8.65,1.43,-0.02,0.07,0.14,c
1195.0,2815.0,2943.0,3219.0,3611.0,3687.0,2964.0,3834.0,3.16,9.28,1.25,-0.09,0.09,-0.02,c
1195.0,2814.0,2945.0,3106.0,3597.0,3674.0,2935.0,3779.0,3.11,9.07,1.3,-0.06,0.08,-0.06,c
1210.0,2819.0,2941.0,2955.0,3569.0,3664.0,2925.0,3773.0,3.01,9.06,1.24,0.01,-0.03,-0.04,c
1201.0,2823.0,2941.0,2930.0,3549.0,3631.0,2890.0,3773.0,2.87,9.08,1.41,-0.07,-0.05,-0.02,c
1195.0,2815.0,2939.0,2977.0,3549.0,3615.0,2887.0,3788.0,2.96,9.12,1.28,0.01,-0.1,-0.03,c
1188.0,2819.0,2947.0,3021.0,3554.0,3600.0,2884.0,3797.0,2.76,9.27,1.43,-0.01,-0.05,-0.01,c
1193.0,2816.0,2933.0,3104.0,3559.0,3611.0,2909.0,3807.0,3.2,8.64,1.29,0.04,-0.16,-0.0,c
1196.0,2823.0,2924.0,3191.0,3579.0,3629.0,2960.0,3907.0,3.08,9.57,1.34,0.08,-0.04,-0.2,c
1182.0,2819.0,2912.0,3225.0,3610.0,3641.0,3009.0,3984.0,2.69,8.65,1.22,-0.08,-0.06,-0.02,c
1174.0,2817.0,2917.0,3246.0,3632.0,3654.0,3027.0,4039.0,3.13,9.7,1.18,0.07,-0.02,-0.18,c
1180.0,2819.0,2916.0,3247.0,3653.0,3661.0,3071.0,4095.0,2.81,8.62,1.13,-0.21,-0.02,-0.09,c
1183.0,2827.0,2912.0,3216.0,3670.0,3679.0,3141.0,4095.0,2.93,9.22,0.92,-0.1,0.09,-0.17,c
1222.0,2816.0,2926.0,3159.0,3696.0,3695.0,3171.0,4095.0,2.3,9.3,1.65,-0.17,0.09,-0.07,c
1200.0,2819.0,2921.0,3120.0,3674.0,3626.0,3102.0,4095.0,2.79,9.54,1.37,0.03,-0.19,0.01,c
1184.0,2823.0,2914.0,3110.0,3689.0,3632.0,3112.0,4095.0,2.46,9.06,1.49,0.01,0.05,-0.05,c
1187.0,2827.0,2914.0,3117.0,3675.0,3616.0,3105.0,4095.0,2.56,9.44,1.36,-0.07,-0.02,0.01,c
1170.0,2826.0,2912.0,3136.0,3624.0,3574.0,3069.0,4095.0,2.76,8.69,1.32,-0.01,-0.16,0.05,c
1183.0,2826.0,2907.0,3155.0,3645.0,3619.0,3093.0,4095.0,2.51,9.42,1.1,-0.07,0.04,-0.02,c
1195.0,2823.0,2903.0,3203.0,3687.0,3661.0,3118.0,4095.0,2.85,9.05,1.19,-0.09,0.01,0.02,c
1245.0,2828.0,2906.0,3255.0,3725.0,3678.0,3087.0,4053.0,2.75,9.53,1.42,-0.21,0.06,0.03,c
1331.0,2829.0,2914.0,3312.0,3771.0,3728.0,3101.0,3994.0,2.61,8.45,1.7,-0.1,0.17,-0.01,c
1275.0,2829.0,2913.0,3331.0,3763.0,3735.0,3110.0,3999.0,2.78,9.88,1.23,-0.05,0.19,-0.05,c
1422.0,2815.0,2922.0,3351.0,3765.0,3741.0,3119.0,4025.0,2.72,8.73,1.79,-0.05,0.05,-0.07,c
1531.0,2826.0,2935.0,3377.0,3757.0,3777.0,3165.0,4032.0,2.42,9.25,1.24,-0.29,0.29,-0.14,c
1597.0,2817.0,2928.0,3376.0,3751.0,3836.0,3265.0,4051.0,2.71,9.1,1.89,-0.07,-0.13,0.0,c
1389.0,2823.0,2928.0,3376.0,3757.0,3840.0,3270.0,4060.0,2.4,9.08,1.96,-0.11,0.07,0.03,c
1234.0,2832.0,2935.0,3385.0,3746.0,3839.0,3241.0,4077.0,2.85,9.46,1.78,0.04,0.01,0.12,c
1233.0,2822.0,2937.0,3386.0,3759.0,3845.0,3234.0,4057.0,2.84,8.88,1.72,-0.09,0.04,0.01,c
1229.0,2818.0,2945.0,3382.0,3696.0,3856.0,3237.0,4023.0,2.93,9.32,1.81,0.08,0.03,0.08,c
3171.0,2821.0,2932.0,3380.0,3573.0,3840.0,3235.0,3952.0,2.85,8.88,1.83,-0.03,0.08,-0.05,c
3007.0,2812.0,2928.0,3376.0,3583.0,3858.0,3274.0,3924.0,2.75,9.53,1.55,-0.02,0.02,-0.02,c
2757.0,2807.0,2923.0,3371.0,3613.0,3870.0,3275.0,3935.0,2.5,8.74,1.81,-0.04,0.03,0.06,c
2529.0,2803.0,2910.0,3376.0,3647.0,3824.0,3216.0,3913.0,2.67,9.28,1.92,-0.05,0.07,0.03,c
2305.0,2810.0,2927.0,3367.0,3664.0,3811.0,3207.0,3779.0,2.45,8.81,1.52,-0.09,0.07,0.18,c
2713.0,2816.0,2933.0,3373.0,3675.0,3779.0,3137.0,3601.0,2.67,9.09,1.32,-0.06,0.1,-0.04,c
2933.0,2821.0,2944.0,3374.0,3671.0,3703.0,3021.0,3603.0,3.0,9.06,1.77,0.04,-0.15,0.11,c
2927.0,2811.0,2925.0,3376.0,3671.0,3632.0,2939.0,3668.0,2.57,9.31,1.98,-0.11,0.15,-0.08,c
2942.0,2807.0,2923.0,3383.0,3682.0,3612.0,2923.0,3679.0,3.18,8.95,1.59,0.02,-0.08,0.05,c
3006.0,2815.0,2925.0,3387.0,3693.0,3562.0,2859.0,3645.0,2.68,8.71,1.74,0.01,-0.05,0.01,c
2971.0,2810.0,2930.0,3383.0,3681.0,3579.0,2874.0,3600.0,2.68,9.33,1.61,-0.06,0.12,-0.06,c
2993.0,2820.0,2937.0,3294.0,3691.0,3599.0,2880.0,3569.0,3.12,8.98,1.94,0.03,-0.0,0.05,c
2927.0,2784.0,2900.0,3175.0,3559.0,3440.0,2706.0,3360.0,2.64,8.85,1.46,-0.18,0.08,-0.02,c
2848.0,2789.0,2923.0,3071.0,3550.0,3435.0,2672.0,3324.0,3.17,9.09,1.74,-0.08,0.14,-0.09,c
2786.0,2796.0,2925.0,2993.0,3560.0,3459.0,2707.0,3348.0,2.7,8.95,1.91,-0.11,0.05,0.0,c
2608.0,2797.0,2930.0,2970.0,3580.0,3472.0,2731.0,3382.0,3.0,8.89,1.97,-0.12,-0.07,-0.01,c
2497.0,2801.0,2925.0,3006.0,3618.0,3469.0,2739.0,3394.0,3.06,9.26,1.92,0.02,-0.02,0.02,c
2451.0,2800.0,2918.0,2874.0,3636.0,3483.0,2768.0,3440.0,3.17,8.63,1.86,-0.09,-0.01,-0.05,c
1819.0,2799.0,2928.0,2865.0,3646.0,3497.0,2804.0,3457.0,2.96,9.25,1.82,-0.0,-0.02,-0.04,c
1535.0,2800.0,2917.0,2991.0,3649.0,3488.0,2806.0,3453.0,2.85,8.73,2.08,-0.01,-0.15,0.09,c
1499.0,2800.0,2915.0,2987.0,3661.0,3495.0,2802.0,3462.0,2.73,9.27,1.69,0.03,0.02,-0.01,c
1483.0,2807.0,2918.0,3006.0,3664.0,3494.0,2807.0,3481.0,3.22,8.71,1.92,-0.01,-0.16,0.06,c
1489.0,2802.0,2915.0,3029.0,3665.0,3499.0,2814.0,3504.0,2.83,9.05,1.8,-0.0,0.03,-0.01,c
1668.0,2817.0,2929.0,3036.0,3677.0,3529.0,2866.0,3511.0,3.37,9.02,1.75,0.06,-0.15,0.06,c
1759.0,2796.0,2928.0,3041.0,3665.0,3600.0,2974.0,3598.0,2.67,8.77,1.72,-0.12,-0.09,0.03,c
1899.0,2799.0,2931.0,3065.0,3702.0,3639.0,3069.0,3649.0,3.31,9.43,1.67,0.06,0.09,-0.07,c
1871.0,2819.0,2934.0,3087.0,3695.0,3686.0,3247.0,3680.0,2.79,8.7,1.78,-0.03,0.04,0.07,c
1601.0,2837.0,2934.0,3116.0,3694.0,3743.0,3429.0,3713.0,3.04,8.94,1.53,-0.16,0.4,-0.28,c
1348.0,2848.0,2929.0,3114.0,3704.0,3735.0,3478.0,3653.0,2.86,8.58,1.83,0.09,-0.1,0.07,c
2157.0,2832.0,2930.0,3106.0,3699.0,3663.0,3331.0,3696.0,3.04,9.63,1.85,-0.18,-0.09,-0.07,c
2266.0,2832.0,2922.0,2983.0,3696.0,3682.0,3294.0,3718.0,3.07,8.93,2.0,0.04,0.01,-0.0,c
1957.0,2832.0,2929.0,2911.0,3667.0,3695.0,3270.0,3700.0,2.66,8.89,1.76,-0.11,0.01,0.04,c
1408.0,2847.0,2928.0,2877.0,3663.0,3715.0,3274.0,3685.0,3.31,9.42,1.85,-0.02,0.02,0.01,c
1562.0,2833.0,2927.0,2935.0,3670.0,3699.0,3206.0,3703.0,2.76,8.47,2.07,-0.02,-0.01,0.02,c
2112.0,2831.0,2910.0,2971.0,3680.0,3629.0,3085.0,3713.0,3.15,9.39,1.86,-0.09,-0.05,0.01,c
1947.0,2833.0,2913.0,3011.0,3685.0,3662.0,3125.0,3733.0,3.26,8.83,1.92,0.01,0.0,0.01,c
1616.0,2841.0,2914.0,3053.0,3694.0,3665.0,3136.0,3749.0,3.0,9.08,1.91,-0.11,-0.03,-0.09,c
1731.0,2849.0,2914.0,3164.0,3691.0,3651.0,2999.0,3749.0,2.85,8.64,1.86,0.0,-0.28,0.04,c
1510.0,2844.0,2914.0,3263.0,3660.0,3635.0,2992.0,3790.0,3.33,9.29,1.99,-0.03,-0.11,-0.12,c
1458.0,2837.0,2902.0,3310.0,3665.0,3635.0,3022.0,3829.0,2.93,8.74,1.8,0.06,-0.06,-0.02,c
1572.0,2829.0,2886.0,3450.0,3665.0,3613.0,3021.0,3902.0,3.01,9.22,1.54,0.06,-0.07,-0.09,c
1319.0,2837.0,2879.0,3526.0,3651.0,3606.0,3098.0,3957.0,2.93,8.9,1.94,-0.15,0.22,-0.11,c
1173.0,2864.0,2882.0,3647.0,3727.0,3721.0,3280.0,4095.0,3.2,9.59,1.63,-0.09,0.12,-0.18,c
1160.0,2864.0,2910.0,3696.0,3785.0,3823.0,3425.0,4095.0,2.53,8.26,1.87,-0.04,0.09,0.02,c
1175.0,2854.0,2941.0,3676.0,3778.0,3836.0,3429.0,4095.0,2.45,9.43,1.49,-0.13,0.33,-0.14,c
1185.0,2878.0,2978.0,3645.0,3801.0,3875.0,3424.0,4095.0,2.83,8.88,2.05,0.04,-0.1,-0.0,c
1206.0,2891.0,2967.0,3583.0,3811.0,3870.0,3394.0,4095.0,2.77,9.14,1.64,-0.18,0.21,-0.04,c
1296.0,2890.0,2982.0,3576.0,3835.0,3891.0,3395.0,4095.0,2.89,8.76,1.99,0.05,-0.11,0.05,c
1712.0,2869.0,2979.0,3561.0,3837.0,3920.0,3463.0,4095.0,2.43,8.99,2.0,-0.05,0.13,-0.07,c
2509.0,2878.0,2971.0,3538.0,3888.0,4019.0,3600.0,4095.0,2.81,9.45,1.97,0.13,0.06,0.02,c
4095.0,2877.0,2977.0,3504.0,3904.0,4095.0,3719.0,4095.0,2.54,8.82,1.75,-0.03,0.07,0.04,c
4095.0,2878.0,2971.0,3472.0,3950.0,4095.0,3806.0,4095.0,3.02,9.46,1.69,-0.01,0.1,-0.06,c
4095.0,2874.0,2963.0,3467.0,3996.0,4095.0,3876.0,4095.0,2.57,8.77,2.19,-0.07,0.01,0.05,c
4095.0,2865.0,2971.0,3454.0,3969.0,4095.0,3888.0,4095.0,2.58,9.12,2.04,-0.08,0.03,-0.02,c
4095.0,2873.0,2966.0,3440.0,3849.0,4095.0,3866.0,4095.0,2.55,9.22,1.72,0.09,-0.03,0.09,c
4095.0,2869.0,2974.0,3441.0,3875.0,4095.0,3860.0,4095.0,2.66,8.78,1.91,-0.04,0.04,-0.06,c
4095.0,2868.0,2965.0,3441.0,3924.0,4095.0,3883.0,4095.0,2.65,9.26,1.8,-0.01,0.07,-0.04,c
4095.0,2878.0,2959.0,3445.0,3933.0,4095.0,3882.0,4095.0,2.88,8.8,2.04,-0.01,-0.05,0.02,c
4095.0,2868.0,2966.0,3443.0,3870.0,4095.0,3890.0,4095.0,2.53,9.11,1.56,-0.1,0.04,0.02,c
4095.0,2868.0,2960.0,3440.0,3850.0,4095.0,3872.0,4095.0,2.68,9.2,2.01,0.09,-0.08,0.03,c
4095.0,2878.0,2959.0,3438.0,3778.0,4095.0,3831.0,4095.0,2.82,9.1,1.93,-0.02,0.06,-0.01,c
4095.0,2869.0,2960.0,3427.0,3773.0,4095.0,3837.0,4095.0,2.94,8.97,2.21,-0.09,0.02,0.0,c
4095.0,2873.0,2944.0,3415.0,3815.0,4095.0,3911.0,4095.0,2.71,9.12,1.9,-0.09,0.07,-0.06,c
4095.0,2864.0,2954.0,3424.0,3802.0,4095.0,3889.0,4095.0,2.77,8.81,1.89,0.1,-0.15,0.07,c
2291.0,2873.0,2962.0,3408.0,3849.0,4089.0,3703.0,4095.0,2.59,9.4,1.81,0.13,-0.3,-0.05,c
1936.0,2866.0,2962.0,3392.0,3859.0,4095.0,3699.0,4095.0,3.04,9.12,1.32,-0.08,0.1,-0.07,c
1730.0,2863.0,2959.0,3391.0,3865.0,4095.0,3799.0,4095.0,2.89,9.04,1.9,-0.02,0.18,-0.03,c
1287.0,2863.0,2954.0,3390.0,3867.0,4095.0,3859.0,4095.0,2.42,9.43,1.9,-0.14,0.13,0.0,c
1296.0,2867.0,2961.0,3393.0,3845.0,4095.0,3798.0,4095.0,2.98,8.86,1.65,-0.02,-0.06,0.02,c
1366.0,2869.0,2955.0,3390.0,3822.0,4095.0,3803.0,4095.0,2.92,9.13,1.84,-0.12,0.19,-0.07,c
1328.0,2864.0,2961.0,3385.0,3793.0,4095.0,3818.0,4095.0,2.69,8.87,1.83,-0.13,0.02,0.02,c
1311.0,2878.0,2966.0,3376.0,3779.0,4095.0,3693.0,4025.0,2.17,8.81,1.82,-0.07,-0.07,0.01,c
1280.0,2880.0,2976.0,3367.0,3693.0,3856.0,3152.0,3632.0,3.3,9.24,2.61,-0.04,-0.37,0.17,c
1443.0,2878.0,2985.0,3370.0,3646.0,3782.0,2999.0,3553.0,3.02,8.96,2.12,-0.04,-0.0,-0.04,c
1600.0,2884.0,2971.0,3371.0,3551.0,3623.0,2783.0,3429.0,3.02,8.89,1.9,0.04,-0.19,0.11,c
1833.0,2881.0,2963.0,3371.0,3551.0,3551.0,2706.0,3392.0,3.12,8.83,1.92,-0.17,0.13,-0.06,c
1828.0,2886.0,2960.0,3362.0,3565.0,3597.0,2759.0,3444.0,3.25,9.15,1.74,-0.0,0.05,-0.04,c
1809.0,2878.0,2947.0,3359.0,3578.0,3622.0,2801.0,3443.0,2.61,8.66,2.08,-0.04,-0.01,0.13,c
1398.0,2877.0,2957.0,3360.0,3612.0,3662.0,2875.0,3408.0,2.72,9.12,1.71,-0.16,0.25,-0.02,c
1378.0,2878.0,2963.0,3359.0,3631.0,3677.0,2912.0,3401.0,3.02,8.75,1.97,-0.05,-0.04,0.09,c
1616.0,2880.0,2951.0,3373.0,3627.0,3583.0,2829.0,3286.0,3.48,8.77,2.0,-0.12,-0.19,0.12,c
1737.0,2863.0,2960.0,3374.0,3644.0,3555.0,2781.0,3165.0,3.64,9.37,2.22,-0.04,-0.13,0.16,c
1744.0,2864.0,2960.0,3361.0,3659.0,3603.0,2846.0,3248.0,2.97,8.42,2.04,-0.01,0.02,-0.12,c
2769.0,2852.0,2947.0,3358.0,3645.0,3617.0,2864.0,3344.0,3.28,9.44,1.93,0.07,-0.05,-0.03,c
3093.0,2861.0,2937.0,3372.0,3642.0,3632.0,2903.0,3344.0,3.11,8.42,2.08,-0.01,-0.05,0.03,c
3130.0,2864.0,2931.0,3361.0,3634.0,3653.0,2928.0,3347.0,3.21,9.29,1.5,-0.06,0.2,-0.1,c
3136.0,2877.0,2939.0,3360.0,3639.0,3664.0,2937.0,3381.0,3.02,8.17,2.27,-0.07,-0.07,0.0,c
3071.0,2877.0,2933.0,3351.0,3635.0,3669.0,2937.0,3366.0,3.23,9.3,2.08,-0.04,-0.05,-0.01,c
3071.0,2874.0,2943.0,3349.0,3647.0,3674.0,2928.0,3371.0,3.31,8.63,2.15,0.13,-0.1,-0.0,c
3092.0,2878.0,2945.0,3357.0,3629.0,3666.0,2909.0,3390.0,2.97,9.27,1.55,-0.05,0.0,-0.07,c
3031.0,2875.0,2947.0,3346.0,3629.0,3675.0,2946.0,3408.0,3.46,8.76,1.88,-0.03,0.06,-0.05,c
3018.0,2885.0,2959.0,3355.0,3637.0,3710.0,3005.0,3431.0,2.98,8.87,1.78,-0.14,0.19,-0.12,c
2017.0,2880.0,2951.0,3360.0,3678.0,3760.0,3039.0,3493.0,2.94,8.96,2.13,-0.17,0.12,-0.08,c
2502.0,2894.0,2942.0,3322.0,3760.0,3734.0,3028.0,3519.0,3.22,9.2,2.33,0.05,-0.07,0.01,c
2121.0,2894.0,2954.0,3328.0,3760.0,3729.0,3027.0,3527.0,3.17,8.63,2.12,-0.02,-0.03,-0.02,c
1915.0,2896.0,2953.0,3328.0,3682.0,3754.0,3056.0,3495.0,3.31,9.45,1.91,0.11,0.05,-0.01,c
1639.0,2897.0,2962.0,3333.0,3697.0,3801.0,3133.0,3554.0,3.43,8.62,2.1,-0.15,0.1,-0.1,c
1574.0,2891.0,2969.0,3324.0,3722.0,3849.0,3232.0,3731.0,2.83,9.19,1.9,0.03,-0.03,-0.02,c
1657.0,2891.0,2975.0,3322.0,3735.0,3856.0,3201.0,3813.0,3.26,8.85,1.99,-0.01,-0.05,-0.18,c
1616.0,2903.0,2928.0,3332.0,3777.0,3783.0,3087.0,3806.0,2.92,9.04,2.62,0.32,-0.37,0.13,c
1531.0,2903.0,2867.0,3295.0,3809.0,3894.0,3276.0,3965.0,2.75,9.24,1.41,0.03,0.15,-0.11,c
1455.0,2895.0,2815.0,3245.0,3843.0,4048.0,3526.0,4095.0,2.51,8.9,1.8,0.15,0.22,-0.09,c
1379.0,2892.0,2864.0,3228.0,3787.0,4066.0,3575.0,4095.0,2.29,9.0,1.15,-0.15,0.29,0.04,c
1383.0,2895.0,2906.0,3245.0,3734.0,4011.0,3408.0,4095.0,3.91,8.99,1.69,0.02,-0.07,-0.04,c
1393.0,2891.0,2949.0,3267.0,3711.0,3966.0,3279.0,4049.0,2.94,8.82,1.99,-0.01,-0.13,0.03,c
1264.0,2900.0,2959.0,3188.0,3662.0,3910.0,3213.0,4063.0,2.66,9.75,1.95,0.01,-0.02,-0.04,c
1245.0,2902.0,2963.0,3082.0,3637.0,3905.0,3203.0,4095.0,3.19,8.69,1.91,0.05,-0.11,0.04,c
1231.0,2905.0,2961.0,3019.0,3583.0,3845.0,3109.0,4095.0,2.49,9.27,1.43,-0.13,0.18,-0.09,c
1214.0,2909.0,2960.0,2987.0,3569.0,3815.0,3071.0,4095.0,3.35,9.15,1.65,0.04,-0.06,0.02,c
3139.0,2965.0,3095.0,2881.0,4095.0,3616.0,2887.0,3901.0,2.11,9.25,0.49,-0.0,-0.08,0.06,d
3139.0,2950.0,3092.0,2883.0,4095.0,3626.0,2891.0,3915.0,2.16,9.57,0.32,-0.07,0.04,-0.09,d
3147.0,2955.0,3093.0,2896.0,4095.0,3632.0,2897.0,3920.0,2.08,9.56,0.55,0.04,0.01,-0.0,d
3149.0,2959.0,3096.0,2900.0,4095.0,3639.0,2899.0,3921.0,1.87,9.54,0.4,-0.05,0.01,-0.03,d
3151.0,2951.0,3091.0,2903.0,4095.0,3643.0,2902.0,3927.0,2.12,9.57,0.28,0.03,-0.0,0.01,d
3146.0,2959.0,3093.0,2911.0,4095.0,3645.0,2903.0,3926.0,2.04,9.16,0.39,-0.04,-0.02,0.01,d
3152.0,2951.0,3093.0,2912.0,4095.0,3646.0,2905.0,3931.0,2.13,9.56,0.35,-0.0,-0.02,-0.03,d
3235.0,2959.0,3102.0,2915.0,4095.0,3638.0,2903.0,3933.0,2.03,9.45,0.28,0.05,0.0,-0.05,d
3285.0,2959.0,3101.0,2917.0,4095.0,3641.0,2902.0,3932.0,1.92,9.42,0.26,-0.02,0.01,-0.03,d
3258.0,2954.0,3102.0,2915.0,4095.0,3629.0,2902.0,3938.0,2.02,9.66,0.4,-0.04,0.03,0.0,d
3273.0,2955.0,3103.0,2921.0,4095.0,3632.0,2907.0,3938.0,2.07,9.37,0.41,0.04,-0.01,0.02,d
3340.0,2944.0,3091.0,2919.0,4095.0,3637.0,2903.0,3944.0,2.15,9.49,0.28,-0.07,0.01,-0.06,d
4095.0,2949.0,3088.0,2869.0,4095.0,3583.0,2861.0,3935.0,2.84,9.45,0.41,0.04,-0.09,-0.09,d
4095.0,2950.0,3088.0,2870.0,4095.0,3563.0,2848.0,3947.0,1.75,9.32,0.41,-0.07,0.06,-0.07,d
4095.0,2954.0,3097.0,2873.0,4095.0,3547.0,2849.0,3938.0,2.17,9.68,0.13,0.03,-0.02,0.01,d
3396.0,2953.0,3101.0,2875.0,4095.0,3521.0,2838.0,3941.0,2.01,9.33,0.21,-0.03,-0.0,0.03,d
3057.0,2939.0,3088.0,2882.0,4095.0,3485.0,2832.0,3929.0,2.05,9.61,0.06,-0.05,-0.01,-0.02,d
3010.0,2944.0,3089.0,2879.0,4095.0,3479.0,2829.0,3920.0,1.79,9.39,0.33,-0.0,0.02,0.01,d
2909.0,2914.0,3087.0,2882.0,4095.0,3465.0,2822.0,3872.0,2.26,9.62,0.29,-0.09,-0.04,0.01,d
2910.0,2925.0,3088.0,2871.0,4095.0,3469.0,2823.0,3866.0,2.1,9.45,0.32,-0.0,0.05,-0.06,d
2867.0,2915.0,3083.0,2836.0,4095.0,3461.0,2814.0,3846.0,1.94,9.74,0.27,0.06,-0.02,-0.02,d
2766.0,2914.0,3087.0,2841.0,4095.0,3472.0,2810.0,3844.0,1.92,9.28,0.17,0.03,0.04,-0.03,d
2484.0,2914.0,3081.0,2830.0,4095.0,3467.0,2810.0,3841.0,2.28,9.49,0.11,-0.12,0.01,-0.0,d
2523.0,2915.0,3090.0,2828.0,4095.0,3469.0,2816.0,3829.0,2.04,9.37,0.4,-0.03,-0.02,0.06,d
2016.0,2927.0,3090.0,2838.0,4095.0,3467.0,2817.0,3843.0,2.29,9.57,0.39,0.0,0.06,-0.16,d
1953.0,2922.0,3088.0,2845.0,4095.0,3470.0,2816.0,3846.0,1.49,9.56,0.06,0.02,0.0,0.03,d
2219.0,2926.0,3090.0,2843.0,4095.0,3479.0,2823.0,3845.0,2.21,9.27,0.27,-0.17,-0.14,0.08,d
2480.0,2907.0,3085.0,2838.0,4095.0,3475.0,2827.0,3825.0,2.1,9.81,0.32,0.11,0.01,0.02,d
2497.0,2908.0,3087.0,2855.0,4095.0,3483.0,2833.0,3839.0,2.05,9.15,0.15,0.03,-0.04,-0.01,d
2318.0,2905.0,3081.0,2863.0,4095.0,3519.0,2821.0,3826.0,2.12,9.47,0.09,0.0,-0.13,0.03,d
2058.0,2943.0,3081.0,2858.0,4095.0,3606.0,2810.0,3644.0,1.58,9.43,0.18,0.2,-0.09,-0.01,d
2997.0,2948.0,3057.0,2851.0,4095.0,3603.0,2804.0,3527.0,2.07,9.91,-0.17,0.02,0.04,0.02,d
2985.0,2953.0,3062.0,2859.0,4095.0,3631.0,2819.0,3549.0,2.06,8.7,-0.06,-0.05,0.06,0.04,d
2224.0,2914.0,3053.0,2850.0,4095.0,3629.0,2811.0,3577.0,2.34,9.73,-0.19,-0.24,0.09,-0.05,d
2734.0,2910.0,3061.0,2843.0,4095.0,3664.0,2823.0,3632.0,2.08,9.42,0.41,0.02,-0.02,0.06,d
2807.0,2923.0,3083.0,2861.0,4095.0,3670.0,2825.0,3657.0,1.76,9.12,0.06,-0.08,0.07,-0.05,d
3083.0,2923.0,3082.0,2864.0,4095.0,3713.0,2853.0,3696.0,2.2,10.01,0.11,-0.01,-0.1,0.1,d
3631.0,2874.0,3065.0,2865.0,4095.0,3761.0,2874.0,3728.0,2.18,9.03,0.19,-0.01,0.06,-0.13,d
3801.0,2771.0,3056.0,2886.0,4095.0,3773.0,2865.0,3671.0,2.34,9.75,0.14,0.14,-0.34,0.01,d
3776.0,2671.0,3071.0,2915.0,4095.0,3854.0,2835.0,3575.0,2.32,9.14,0.34,0.04,-0.24,0.05,d
3707.0,2585.0,3083.0,2929.0,4095.0,3889.0,2845.0,3511.0,2.2,9.42,-0.39,0.04,0.09,-0.04,d
3362.0,2613.0,3096.0,2912.0,4095.0,3861.0,2867.0,3559.0,2.44,8.97,0.0,0.14,0.01,-0.02,d
3255.0,2528.0,3085.0,2907.0,4095.0,3814.0,2880.0,3682.0,1.7,10.1,-0.3,-0.0,0.2,-0.09,d
4019.0,2275.0,3084.0,3057.0,4095.0,3871.0,2934.0,3865.0,2.14,8.57,-0.14,-0.02,-0.06,0.1,d
4095.0,2352.0,3091.0,3152.0,4095.0,3862.0,2937.0,3924.0,1.95,9.45,-0.24,-0.11,0.12,-0.14,d
4095.0,2357.0,3095.0,3126.0,4095.0,3855.0,2897.0,3839.0,2.44,9.55,-0.12,0.12,-0.28,0.11,d
4095.0,2064.0,3093.0,3055.0,4095.0,3697.0,2782.0,3669.0,2.31,10.15,-0.06,0.35,-0.01,-0.23,d
4095.0,1960.0,3071.0,3013.0,4095.0,3600.0,2750.0,3648.0,2.3,9.52,-0.47,-0.01,0.01,-0.02,d
4095.0,1904.0,3063.0,2992.0,4095.0,3674.0,2773.0,3664.0,2.27,9.55,-0.19,0.21,-0.12,0.05,d
4095.0,1835.0,3013.0,3009.0,4095.0,3689.0,2766.0,3606.0,1.89,9.14,-0.55,-0.28,0.11,-0.11,d
3583.0,1798.0,3013.0,2999.0,4095.0,3686.0,2763.0,3621.0,2.34,10.03,-0.25,0.15,-0.03,-0.02,d
3431.0,1789.0,3029.0,2951.0,4095.0,3749.0,2785.0,3677.0,1.37,8.58,-0.35,-0.27,0.12,0.05,d
3893.0,1748.0,3044.0,2961.0,4095.0,3769.0,2792.0,3680.0,2.02,9.82,-0.63,-0.21,0.05,-0.13,d
4095.0,1757.0,3046.0,2933.0,4095.0,3744.0,2766.0,3628.0,2.19,9.32,0.06,0.21,-0.09,0.06,d
4095.0,1747.0,3053.0,2937.0,4095.0,3745.0,2769.0,3630.0,1.76,9.46,-0.32,-0.02,-0.02,0.04,d
4095.0,1755.0,3051.0,2956.0,4095.0,3767.0,2785.0,3645.0,2.19,9.59,-0.78,-0.0,0.02,-0.04,d
4095.0,1764.0,3049.0,2953.0,4095.0,3751.0,2783.0,3683.0,1.62,8.96,-0.09,-0.13,-0.02,-0.01,d
4095.0,1776.0,3049.0,2954.0,4095.0,3750.0,2797.0,3718.0,2.32,10.24,-0.32,0.02,0.0,-0.01,d
3575.0,1767.0,3045.0,2967.0,4095.0,3767.0,2822.0,3792.0,1.7,8.66,0.12,-0.03,0.06,-0.03,d
3136.0,1769.0,3044.0,2960.0,4095.0,3787.0,2842.0,3825.0,2.14,9.96,-0.56,-0.16,0.05,-0.07,d
3002.0,1753.0,3050.0,2925.0,4095.0,3794.0,2850.0,3839.0,1.97,9.07,0.07,0.1,0.05,0.01,d
2965.0,1761.0,3046.0,2930.0,4095.0,3793.0,2850.0,3846.0,1.84,9.73,-0.39,-0.23,0.15,-0.02,d
2940.0,1759.0,3048.0,2938.0,4095.0,3792.0,2852.0,3855.0,2.45,9.74,0.14,-0.12,-0.04,-0.0,d
2537.0,1749.0,3042.0,2917.0,4095.0,3798.0,2850.0,3861.0,1.68,8.66,0.29,-0.19,0.09,-0.04,d
2459.0,1757.0,3043.0,2878.0,4095.0,3728.0,2848.0,3861.0,2.3,10.01,-0.11,0.06,-0.04,-0.09,d
2731.0,1750.0,3045.0,2861.0,4095.0,3743.0,2857.0,3867.0,1.41,8.91,0.6,0.16,-0.05,0.09,d
2922.0,1820.0,3042.0,2869.0,4095.0,3809.0,2875.0,3914.0,2.09,10.33,-0.73,-0.16,0.13,-0.11,d
2859.0,1876.0,3042.0,2894.0,4095.0,3839.0,2901.0,3946.0,1.8,8.47,-0.23,-0.25,0.06,-0.03,d
3189.0,1902.0,3045.0,2895.0,4095.0,3737.0,2866.0,3917.0,2.29,9.8,-0.02,0.09,-0.09,0.03,d
3120.0,1902.0,3053.0,2879.0,4095.0,3699.0,2861.0,3903.0,1.81,9.39,0.11,-0.08,0.05,0.0,d
3937.0,1895.0,3051.0,2867.0,4095.0,3766.0,2874.0,3915.0,2.6,10.12,-0.2,0.12,-0.05,-0.05,d
4095.0,1913.0,3043.0,2870.0,4095.0,3783.0,2881.0,3921.0,1.83,9.34,-0.11,-0.11,0.06,-0.09,d
4095.0,1941.0,3040.0,2882.0,4095.0,3713.0,2851.0,3871.0,2.19,9.69,-0.09,0.1,-0.07,-0.04,d
3608.0,1963.0,3042.0,2957.0,4095.0,3568.0,2785.0,3787.0,1.9,9.34,0.14,0.22,0.05,-0.08,d
3509.0,1885.0,3053.0,2992.0,4095.0,3600.0,2794.0,3805.0,1.72,9.6,-0.27,-0.33,0.24,-0.22,d
3344.0,1769.0,3087.0,3041.0,4095.0,3621.0,2832.0,3796.0,1.82,9.69,-0.01,0.2,-0.14,-0.1,d
3483.0,1797.0,3089.0,2993.0,4095.0,3633.0,2845.0,3749.0,1.24,8.89,-0.06,-0.25,0.16,-0.21,d
3440.0,1853.0,3101.0,2954.0,4095.0,3657.0,2867.0,3760.0,1.54,9.77,-0.36,-0.04,-0.02,0.02,d
3274.0,1892.0,3105.0,2978.0,4095.0,3567.0,2864.0,3735.0,1.7,9.26,-0.14,-0.02,-0.06,-0.06,d
3069.0,1995.0,3106.0,3034.0,4095.0,3455.0,2838.0,3703.0,1.95,10.0,-0.31,-0.01,0.14,0.01,d
2873.0,2784.0,3099.0,3152.0,4095.0,3372.0,2815.0,3653.0,1.86,9.8,0.15,-0.15,0.13,-0.04,d
2926.0,2816.0,3089.0,3166.0,4095.0,3461.0,2847.0,3660.0,2.16,9.09,-0.17,-0.0,0.07,-0.15,d
3162.0,2830.0,3099.0,3156.0,4095.0,3535.0,2864.0,3698.0,1.47,10.01,-0.34,-0.12,0.14,-0.11,d
3541.0,2867.0,3116.0,3184.0,4095.0,3625.0,2874.0,3749.0,1.84,9.17,0.37,0.01,-0.14,0.03,d
3550.0,2880.0,3109.0,3193.0,4095.0,3699.0,2864.0,3778.0,1.1,9.86,0.0,0.01,-0.07,0.01,d
3427.0,2878.0,3114.0,3227.0,4095.0,3778.0,2873.0,3840.0,1.76,9.9,-0.01,0.01,0.07,-0.04,d
3319.0,2864.0,3111.0,3255.0,4095.0,3837.0,2881.0,3860.0,1.35,8.8,0.15,-0.09,-0.02,0.05,d
3290.0,2864.0,3119.0,3265.0,4095.0,3856.0,2881.0,3861.0,1.93,10.23,-0.31,0.01,0.02,0.0,d
3227.0,2850.0,3114.0,3248.0,4095.0,3828.0,2870.0,3842.0,1.43,8.71,0.23,0.01,0.02,-0.02,d
3226.0,2847.0,3093.0,3243.0,4095.0,3825.0,2869.0,3852.0,1.85,10.07,-0.24,-0.1,-0.0,-0.05,d
3211.0,2843.0,3091.0,3246.0,4095.0,3809.0,2876.0,3861.0,1.67,9.42,0.11,-0.06,0.03,0.03,d
3175.0,2843.0,3088.0,3243.0,4095.0,3771.0,2877.0,3854.0,1.68,9.45,0.1,-0.08,0.01,0.01,d
3184.0,2837.0,3086.0,3245.0,4095.0,3794.0,2876.0,3863.0,1.54,9.93,-0.07,-0.06,0.05,-0.04,d
3181.0,2837.0,3088.0,3247.0,4095.0,3797.0,2883.0,3882.0,1.44,9.25,0.52,-0.08,0.03,0.05,d
3195.0,2855.0,3088.0,3239.0,4095.0,3775.0,2890.0,3903.0,1.89,10.25,-0.05,-0.15,0.25,-0.07,d
3190.0,2826.0,3060.0,3216.0,4095.0,3714.0,2860.0,3869.0,1.82,8.75,0.07,-0.01,-0.12,0.09,d
3250.0,2835.0,3063.0,3199.0,4095.0,3583.0,2839.0,3865.0,2.2,10.09,-0.11,-0.12,0.06,-0.02,d
3215.0,2859.0,3086.0,3198.0,4095.0,3575.0,2854.0,3897.0,1.66,9.56,0.35,0.12,0.01,0.01,d
3498.0,2819.0,3038.0,3168.0,4095.0,3537.0,2811.0,3853.0,1.36,9.68,-0.09,-0.15,-0.1,0.01,d
3515.0,2871.0,3084.0,3117.0,4095.0,3635.0,2879.0,3925.0,1.91,9.73,0.54,0.08,-0.02,0.04,d
3559.0,2867.0,3081.0,3071.0,4095.0,3695.0,2895.0,3926.0,1.72,9.33,0.21,-0.12,0.01,-0.0,d
3568.0,2865.0,3087.0,3083.0,4095.0,3721.0,2901.0,3927.0,1.95,9.96,0.27,-0.02,-0.01,-0.0,d
3611.0,2769.0,3009.0,3108.0,4095.0,3595.0,2826.0,3840.0,1.63,9.29,0.6,-0.1,0.14,-0.1,d
3619.0,2770.0,2992.0,2999.0,4095.0,3570.0,2837.0,3855.0,1.77,9.81,-0.04,0.07,-0.0,-0.04,d
3475.0,2791.0,2995.0,2839.0,4095.0,3536.0,2847.0,3858.0,2.12,9.11,0.17,0.07,-0.12,0.06,d
3216.0,2791.0,2993.0,2710.0,4095.0,3468.0,2842.0,3856.0,1.86,9.83,0.3,0.09,-0.09,0.03,d
3328.0,2798.0,3003.0,2669.0,4095.0,3440.0,2819.0,3862.0,1.67,9.4,0.5,-0.05,-0.03,0.06,d
3792.0,2800.0,2989.0,2723.0,4095.0,3469.0,2815.0,3873.0,2.15,9.63,-0.01,-0.17,0.06,-0.03,d
3663.0,2800.0,2992.0,2820.0,4095.0,3488.0,2832.0,3881.0,1.74,9.09,0.44,0.06,-0.21,0.04,d
3440.0,2800.0,2995.0,3051.0,4095.0,3472.0,2835.0,3888.0,1.53,9.48,-0.05,-0.12,-0.08,-0.02,d
3235.0,2808.0,2986.0,3311.0,4095.0,3440.0,2834.0,3894.0,1.79,9.85,0.31,0.09,-0.07,0.07,d
3905.0,2798.0,2993.0,3287.0,4095.0,3472.0,2829.0,3911.0,1.79,9.01,0.51,-0.15,0.26,-0.09,d
3907.0,2793.0,2995.0,3197.0,4095.0,3535.0,2830.0,3909.0,1.39,10.24,-0.07,-0.16,0.22,0.06,d
3780.0,2798.0,2991.0,3158.0,4095.0,3567.0,2830.0,3897.0,1.77,8.94,0.81,0.03,-0.05,0.03,d
3451.0,2803.0,3010.0,3088.0,4095.0,3613.0,2802.0,3898.0,1.69,9.37,-0.03,-0.24,0.26,-0.13,d
3434.0,2797.0,2999.0,3044.0,4095.0,3601.0,2797.0,3877.0,1.86,9.15,0.76,-0.02,0.05,-0.04,d
3429.0,2770.0,3004.0,3049.0,4095.0,3616.0,2810.0,3871.0,1.42,9.38,0.38,-0.2,0.06,-0.12,d
3505.0,2857.0,3091.0,3055.0,4095.0,3712.0,2926.0,3985.0,1.97,10.08,0.52,0.15,-0.1,-0.03,d
3843.0,2765.0,3004.0,3013.0,4095.0,3533.0,2823.0,3879.0,1.01,8.61,0.83,-0.04,-0.0,0.05,d
4095.0,2935.0,3101.0,2957.0,4095.0,3647.0,2913.0,3995.0,2.21,10.1,0.34,-0.05,-0.11,0.1,d
4095.0,2960.0,3095.0,2989.0,4095.0,3713.0,2929.0,4002.0,1.88,8.94,0.42,0.04,-0.1,0.16,d
4095.0,2977.0,3097.0,3025.0,4095.0,3777.0,2906.0,3987.0,2.32,9.39,0.14,0.07,-0.19,0.12,d
4095.0,2975.0,3095.0,3052.0,4095.0,3820.0,2928.0,3985.0,2.09,9.6,0.46,-0.06,0.01,-0.02,d
3751.0,2962.0,3094.0,3055.0,4095.0,3902.0,2990.0,4031.0,1.42,8.87,0.49,-0.08,-0.08,0.05,d
3681.0,2950.0,3088.0,2998.0,4095.0,3969.0,3034.0,4063.0,2.22,9.87,0.33,-0.03,-0.01,-0.07,d
3376.0,2939.0,3089.0,3001.0,4095.0,4069.0,3101.0,4095.0,1.88,8.95,0.49,-0.0,0.07,0.15,d
3281.0,2835.0,2993.0,3030.0,4095.0,3984.0,3024.0,4007.0,2.22,9.81,0.26,-0.23,0.16,-0.15,d
3238.0,2800.0,2986.0,3021.0,4095.0,4050.0,3082.0,4027.0,1.66,9.61,0.47,0.02,0.08,0.03,d
3217.0,2792.0,2991.0,3007.0,4095.0,4069.0,3091.0,3999.0,2.04,9.27,0.5,-0.13,-0.04,-0.0,d
3207.0,2783.0,2978.0,2990.0,4095.0,4047.0,3085.0,4007.0,2.31,10.15,0.36,0.07,0.08,-0.07,d
3200.0,2796.0,2991.0,2992.0,4095.0,4026.0,3030.0,3975.0,1.85,8.97,0.37,-0.07,-0.05,-0.04,d
3195.0,2791.0,2982.0,2999.0,4095.0,4043.0,3050.0,3985.0,1.95,9.62,0.21,-0.1,-0.02,0.01,d
3200.0,2769.0,2988.0,2919.0,4095.0,4070.0,3101.0,4045.0,2.28,9.47,0.58,-0.05,0.12,0.0,d
3195.0,2773.0,2990.0,2939.0,4095.0,4073.0,3145.0,4051.0,1.88,9.38,0.53,-0.06,0.06,-0.03,d
3182.0,2757.0,2992.0,2960.0,4095.0,4084.0,3181.0,4059.0,2.33,9.52,0.47,-0.03,-0.02,0.02,d
3175.0,2768.0,2992.0,2963.0,4095.0,4073.0,3167.0,4059.0,1.64,9.34,0.57,0.05,0.12,-0.14,d
3174.0,2773.0,2998.0,2946.0,4095.0,4068.0,3133.0,4055.0,2.07,9.39,0.51,-0.07,-0.08,0.0,d
3178.0,2777.0,2991.0,2958.0,4095.0,4066.0,3134.0,4078.0,2.09,9.62,0.42,-0.03,0.08,-0.03,d
3179.0,2780.0,2992.0,2956.0,4095.0,4064.0,3121.0,4057.0,2.08,9.36,0.64,-0.03,-0.09,0.05,d
3182.0,2759.0,2992.0,2971.0,4095.0,4083.0,3154.0,4080.0,2.09,9.65,0.54,-0.09,0.1,-0.04,d
3181.0,2766.0,2991.0,2980.0,4095.0,4091.0,3191.0,4066.0,2.25,9.53,0.75,0.05,-0.02,0.04,d
3163.0,2763.0,2989.0,2997.0,4095.0,4095.0,3235.0,4047.0,1.8,9.02,0.25,-0.15,0.06,-0.07,d
3155.0,2767.0,2992.0,3004.0,4095.0,4095.0,3241.0,4055.0,2.0,9.88,0.19,-0.04,0.02,-0.03,d
3162.0,2767.0,2997.0,2998.0,4095.0,4095.0,3216.0,4082.0,1.86,9.4,0.73,-0.0,0.02,-0.02,d
3167.0,2768.0,2991.0,3002.0,4095.0,4095.0,3228.0,4095.0,2.17,9.62,0.35,-0.13,0.04,-0.04,d
3169.0,2768.0,2992.0,2987.0,4095.0,4095.0,3216.0,4095.0,1.97,9.33,0.65,-0.01,-0.07,0.08,d
3239.0,2777.0,2995.0,2981.0,4095.0,4026.0,3110.0,4095.0,2.14,9.45,0.99,-0.06,-0.15,0.01,d
3245.0,2778.0,2992.0,2988.0,4095.0,4016.0,3087.0,4095.0,2.06,9.9,0.53,0.01,0.03,-0.02,d
3247.0,2783.0,2992.0,3007.0,4095.0,3988.0,3052.0,4087.0,1.55,8.85,0.71,-0.07,-0.01,-0.05,d
3431.0,2800.0,2990.0,3083.0,4095.0,3815.0,2906.0,3952.0,2.51,10.08,0.85,0.18,-0.14,-0.0,d
3309.0,2800.0,2997.0,3099.0,4095.0,3844.0,2877.0,3886.0,2.17,9.3,0.73,-0.13,0.05,0.03,d
3173.0,2794.0,2996.0,3085.0,4095.0,3856.0,2838.0,3792.0,1.78,9.38,0.4,-0.09,0.09,-0.05,d
3191.0,2790.0,2999.0,3039.0,4095.0,3758.0,2746.0,3647.0,2.27,9.44,0.82,0.0,-0.18,0.05,d
3216.0,2807.0,2991.0,2999.0,4095.0,3707.0,2690.0,3566.0,1.89,9.44,0.7,-0.14,0.04,-0.02,d
3223.0,2800.0,2993.0,2969.0,4095.0,3708.0,2685.0,3551.0,2.26,9.56,0.48,-0.08,-0.02,-0.04,d
3318.0,2798.0,2994.0,2986.0,4095.0,3539.0,2619.0,3499.0,1.87,9.34,0.91,0.0,0.05,0.06,d
3338.0,2796.0,3010.0,2997.0,4095.0,3559.0,2639.0,3505.0,2.22,9.27,0.81,-0.17,0.15,-0.13,d
3307.0,2791.0,2997.0,3011.0,4095.0,3620.0,2678.0,3564.0,2.05,9.48,0.66,-0.02,0.04,-0.01,d
3289.0,2786.0,3008.0,3021.0,4095.0,3632.0,2697.0,3602.0,1.86,9.3,0.82,-0.0,0.0,-0.01,d
3277.0,2790.0,2997.0,3027.0,4095.0,3648.0,2703.0,3627.0,2.13,9.67,0.62,-0.09,0.01,-0.04,d
3302.0,2785.0,3003.0,3019.0,4095.0,3661.0,2704.0,3631.0,1.98,9.45,0.81,-0.0,0.01,0.09,d
3302.0,2771.0,3005.0,3027.0,4095.0,3654.0,2705.0,3600.0,1.93,9.24,0.59,-0.21,0.08,-0.08,d
3348.0,2773.0,3007.0,3042.0,4095.0,3645.0,2711.0,3608.0,2.07,9.4,0.87,0.06,-0.14,0.19,d
3484.0,2802.0,3021.0,3147.0,4095.0,3600.0,2707.0,3622.0,1.85,9.25,0.8,0.04,-0.31,0.24,d
4095.0,2814.0,3001.0,3248.0,4095.0,3526.0,2703.0,3646.0,3.0,9.73,0.27,0.07,0.12,-0.08,d
4095.0,2810.0,2995.0,3241.0,4095.0,3612.0,2736.0,3694.0,1.77,9.13,0.52,-0.26,0.32,-0.07,d
4095.0,2814.0,3001.0,3242.0,4095.0,3614.0,2725.0,3632.0,2.85,9.26,1.02,-0.2,-0.19,0.08,d
4095.0,2813.0,3007.0,3247.0,4095.0,3527.0,2662.0,3555.0,2.39,9.69,1.28,0.12,0.02,-0.01,d
4095.0,2823.0,3005.0,3248.0,4095.0,3600.0,2718.0,3635.0,2.11,9.09,1.15,-0.07,-0.1,0.04,d
4095.0,2816.0,2996.0,3258.0,4095.0,3632.0,2752.0,3695.0,2.2,9.66,0.45,-0.08,-0.06,0.05,d
4095.0,2817.0,3002.0,3256.0,4095.0,3632.0,2768.0,3697.0,2.92,9.0,0.86,0.2,-0.11,0.05,d
3141.0,2817.0,3006.0,3241.0,4095.0,3562.0,2753.0,3696.0,2.16,9.33,0.76,-0.07,-0.03,-0.03,d
3387.0,2817.0,3002.0,3201.0,4095.0,3583.0,2758.0,3693.0,2.43,9.68,0.82,0.22,-0.04,0.0,d
4095.0,2823.0,3007.0,3144.0,4095.0,3611.0,2760.0,3690.0,2.08,9.05,0.7,-0.19,-0.06,-0.06,d
3984.0,2817.0,2992.0,2974.0,4095.0,3602.0,2754.0,3681.0,2.76,10.1,0.55,0.18,-0.05,-0.08,d
3503.0,2822.0,2993.0,2940.0,4095.0,3583.0,2739.0,3684.0,1.52,8.61,0.73,-0.11,0.04,0.04,d
3425.0,2823.0,2981.0,2960.0,4095.0,3618.0,2766.0,3728.0,3.11,9.93,0.62,0.04,0.01,-0.05,d
3479.0,2850.0,2982.0,3013.0,4095.0,3642.0,2813.0,3763.0,2.06,9.11,0.66,-0.01,0.07,0.1,d
3533.0,2853.0,2977.0,3055.0,4095.0,3645.0,2826.0,3774.0,2.7,9.68,0.44,-0.06,-0.06,-0.11,d
3673.0,2861.0,2994.0,3068.0,4095.0,3650.0,2819.0,3765.0,1.94,8.75,0.83,0.02,-0.0,0.11,d
3838.0,2862.0,2979.0,3123.0,4095.0,3670.0,2835.0,3802.0,2.52,9.93,0.5,-0.03,0.01,-0.16,d
4095.0,2877.0,2977.0,3297.0,4095.0,3725.0,2925.0,3813.0,2.07,8.69,0.65,0.08,-0.02,0.05,d
4095.0,2890.0,2998.0,3329.0,4095.0,3772.0,3009.0,3813.0,2.48,10.19,0.39,0.05,-0.08,-0.08,d
4095.0,2895.0,3056.0,3307.0,4095.0,3833.0,3198.0,3872.0,2.56,9.05,0.77,0.16,-0.17,-0.01,d
4095.0,2864.0,3054.0,3296.0,4095.0,3831.0,3303.0,3903.0,1.88,9.38,0.25,-0.21,0.18,-0.02,d
4095.0,2878.0,3062.0,3285.0,4095.0,3837.0,3265.0,3878.0,2.66,9.56,0.19,0.07,-0.04,0.01,d
4095.0,2903.0,3071.0,3279.0,4095.0,3842.0,3230.0,3845.0,1.92,8.56,0.67,-0.09,-0.11,0.09,d
4095.0,2942.0,3101.0,3247.0,4095.0,3874.0,3241.0,3936.0,2.52,10.34,0.12,-0.01,-0.06,0.01,d
4095.0,2943.0,3102.0,3248.0,4095.0,3883.0,3226.0,4023.0,2.19,8.68,0.53,0.08,0.02,0.04,d
4095.0,2960.0,3098.0,3267.0,4095.0,3872.0,3211.0,4085.0,2.67,10.04,0.26,-0.14,0.11,-0.12,d
4095.0,2966.0,3103.0,3305.0,4095.0,3878.0,3191.0,4066.0,2.18,9.44,0.46,0.15,-0.07,0.01,d
4095.0,2971.0,3098.0,3381.0,4095.0,3878.0,3153.0,3995.0,2.28,9.11,0.33,-0.07,0.03,-0.1,d
4095.0,2960.0,3101.0,3426.0,4095.0,3879.0,3152.0,3985.0,2.21,9.7,0.21,0.02,-0.04,0.06,d
4095.0,2964.0,3094.0,3460.0,4095.0,3874.0,3132.0,3989.0,2.13,8.96,0.49,-0.05,0.01,0.01,d
4095.0,2960.0,3092.0,3483.0,4095.0,3874.0,3131.0,3978.0,2.44,9.65,0.27,-0.06,0.03,-0.06,d
4095.0,2939.0,3101.0,3505.0,4095.0,3878.0,3141.0,3926.0,2.56,9.31,0.42,-0.08,0.01,-0.04,d
4095.0,2950.0,3105.0,3506.0,4095.0,3887.0,3152.0,3933.0,2.31,9.57,0.28,0.02,-0.03,-0.0,d
4095.0,2955.0,3088.0,3505.0,4095.0,3882.0,3155.0,3955.0,2.06,9.24,0.5,0.05,0.0,-0.07,d
4095.0,2942.0,3095.0,3507.0,4095.0,3891.0,3163.0,3980.0,2.34,9.3,0.39,-0.0,-0.06,0.02,d
4095.0,2960.0,3092.0,3504.0,4095.0,3887.0,3173.0,4017.0,2.04,9.26,0.19,-0.02,0.07,-0.03,d
4095.0,2970.0,3093.0,3494.0,4095.0,3882.0,3177.0,4045.0,2.4,9.57,0.22,-0.04,-0.08,-0.0,d
4095.0,2969.0,3089.0,3473.0,4095.0,3881.0,3173.0,4060.0,1.79,8.94,0.55,-0.13,0.11,0.03,d
4095.0,2970.0,3099.0,3485.0,4095.0,3887.0,3181.0,4095.0,2.51,10.05,0.28,0.05,0.11,-0.09,d
4095.0,2961.0,3093.0,3503.0,4095.0,3889.0,3183.0,4095.0,2.28,8.88,0.62,-0.08,-0.06,0.06,d
4095.0,2975.0,3093.0,3489.0,4095.0,3886.0,3179.0,4095.0,2.21,9.62,0.37,-0.02,0.04,-0.08,d
4095.0,2973.0,3088.0,3482.0,4095.0,3888.0,3183.0,4095.0,2.52,9.27,0.52,-0.05,-0.04,0.01,d
4095.0,2974.0,3095.0,3468.0,4095.0,3879.0,3174.0,4095.0,2.13,9.33,0.59,0.1,0.14,-0.13,d
4095.0,2960.0,3091.0,3419.0,4095.0,3839.0,3157.0,4095.0,2.38,9.48,0.33,-0.12,0.16,-0.19,d
4095.0,2974.0,3093.0,3402.0,4095.0,3847.0,3165.0,4095.0,1.97,9.72,0.29,0.14,-0.0,-0.08,d
4095.0,2898.0,3010.0,3392.0,4095.0,3751.0,3087.0,4022.0,2.61,9.18,0.58,-0.14,0.07,-0.19,d
3899.0,2885.0,3004.0,3387.0,4095.0,3760.0,3081.0,4038.0,2.08,9.67,0.28,0.03,0.65,-0.71,d
3869.0,2871.0,2988.0,3373.0,4095.0,3741.0,3062.0,3999.0,0.98,9.83,0.15,0.15,0.2,-0.15,d
3701.0,2846.0,2962.0,3346.0,4095.0,3696.0,3031.0,3934.0,0.96,9.42,0.39,-0.17,0.2,-0.32,d
3583.0,2850.0,2963.0,3344.0,4095.0,3718.0,3043.0,3952.0,1.68,10.28,0.25,0.18,0.01,0.01,d
3573.0,2855.0,2969.0,3355.0,4095.0,3728.0,3042.0,3963.0,0.65,8.68,0.17,-0.03,0.07,-0.04,d
3620.0,2863.0,2979.0,3354.0,4095.0,3738.0,3054.0,3984.0,1.93,10.01,-0.02,-0.03,-0.01,-0.05,d
3702.0,2869.0,2990.0,3346.0,4095.0,3761.0,3058.0,4000.0,1.17,9.21,0.38,-0.03,0.46,-0.26,d
3743.0,2881.0,2986.0,3350.0,4095.0,3771.0,3056.0,4013.0,0.56,10.07,-0.1,-0.14,0.25,-0.05,d
3610.0,2864.0,2992.0,3329.0,4095.0,3760.0,3053.0,3999.0,1.61,9.71,0.47,-0.18,0.33,-0.02,d
3286.0,2867.0,2982.0,3318.0,4095.0,3710.0,3039.0,3996.0,1.34,9.4,1.09,-0.05,0.14,0.04,d
3138.0,2865.0,2997.0,3351.0,4095.0,3664.0,3033.0,4023.0,1.3,9.47,0.83,-0.05,0.09,-0.14,d
3133.0,2899.0,3024.0,3407.0,4095.0,3696.0,3071.0,4095.0,0.85,9.95,0.25,0.11,0.24,-0.21,d
3147.0,2903.0,3050.0,3435.0,4095.0,3725.0,3109.0,4095.0,0.95,9.06,-0.13,0.02,0.05,-0.04,d
3201.0,2903.0,3033.0,3380.0,4095.0,3701.0,3091.0,4069.0,1.23,9.75,-0.2,0.15,-0.17,-0.03,d
3475.0,2896.0,3027.0,3466.0,4095.0,3599.0,3024.0,3970.0,1.19,9.64,0.38,-0.19,-0.22,0.08,d
3425.0,2887.0,3024.0,3620.0,4095.0,3629.0,2971.0,3805.0,0.13,9.66,0.92,-0.2,0.19,-0.04,d
4095.0,2901.0,3015.0,3809.0,4095.0,3649.0,2913.0,3810.0,1.31,10.06,0.67,0.07,-0.4,0.32,d
4095.0,2907.0,3009.0,4044.0,4095.0,3563.0,2768.0,3674.0,1.44,9.11,0.47,-0.12,-0.09,-0.08,d
4095.0,2921.0,3007.0,3937.0,4095.0,3524.0,2668.0,3472.0,1.77,10.29,0.65,0.13,-0.04,0.03,d
4095.0,2917.0,3003.0,3600.0,4095.0,3534.0,2640.0,3406.0,1.38,8.71,0.58,-0.05,-0.11,-0.1,d
4095.0,2891.0,2991.0,3185.0,4095.0,3471.0,2559.0,3344.0,1.39,10.41,0.09,-0.01,0.07,-0.05,d
4095.0,2887.0,2983.0,3104.0,4095.0,3517.0,2627.0,3414.0,0.84,8.72,0.42,-0.02,0.03,-0.04,d
4095.0,2897.0,2978.0,3095.0,4095.0,3583.0,2691.0,3493.0,1.19,9.56,0.19,-0.08,0.08,-0.15,d
3547.0,2895.0,2986.0,3100.0,4095.0,3625.0,2756.0,3568.0,0.78,10.04,0.2,0.03,0.27,-0.08,d
3242.0,2883.0,2977.0,3119.0,4095.0,3632.0,2783.0,3601.0,1.15,9.35,0.54,-0.14,0.0,0.04,d
3232.0,2896.0,2990.0,3136.0,4095.0,3630.0,2770.0,3583.0,1.55,9.84,0.17,-0.12,0.1,-0.05,d
3214.0,2890.0,2992.0,3139.0,4095.0,3643.0,2771.0,3583.0,1.48,9.61,0.45,0.04,0.02,0.05,d
3168.0,2882.0,2979.0,3145.0,4095.0,3654.0,2784.0,3599.0,0.84,9.3,0.63,-0.14,0.16,-0.08,d
3136.0,2894.0,2983.0,3138.0,4095.0,3643.0,2797.0,3583.0,1.66,9.84,0.45,-0.11,0.05,0.01,d
3130.0,2876.0,2973.0,3147.0,4095.0,3653.0,2799.0,3583.0,1.32,9.32,0.54,0.02,-0.06,0.06,d
3131.0,2896.0,2999.0,3152.0,4095.0,3691.0,2830.0,3597.0,0.72,9.22,0.46,-0.34,0.25,-0.22,d
3136.0,2902.0,3019.0,3163.0,4095.0,3700.0,2839.0,3607.0,1.17,9.86,0.62,-0.14,0.01,0.03,d
3120.0,2899.0,3001.0,3157.0,4095.0,3680.0,2846.0,3606.0,0.19,9.49,0.89,-0.03,-0.06,0.23,d
3127.0,2902.0,3010.0,3164.0,4095.0,3695.0,2848.0,3602.0,1.08,9.16,0.79,-0.11,0.01,-0.05,d
3143.0,2911.0,3011.0,3169.0,4095.0,3697.0,2833.0,3583.0,1.19,10.07,0.59,0.03,-0.06,0.07,d
3174.0,2906.0,3019.0,3185.0,4095.0,3687.0,2826.0,3583.0,1.22,9.15,0.98,-0.0,-0.0,-0.03,d
3238.0,2919.0,3021.0,3216.0,4095.0,3673.0,2823.0,3616.0,1.31,10.16,0.55,-0.06,0.04,0.02,d
3280.0,2913.0,3015.0,3279.0,4095.0,3681.0,2835.0,3644.0,1.07,9.07,0.97,0.11,-0.16,0.12,d
3314.0,2917.0,3005.0,3325.0,4095.0,3676.0,2839.0,3637.0,1.1,9.91,0.47,-0.33,0.11,-0.09,d
3277.0,2900.0,2995.0,3355.0,4095.0,3651.0,2826.0,3601.0,1.48,9.66,1.06,0.12,-0.14,-0.03,d
3271.0,2896.0,2994.0,3401.0,4095.0,3632.0,2815.0,3645.0,1.37,9.57,0.84,-0.21,0.07,-0.01,d
3239.0,2897.0,2993.0,3434.0,4095.0,3565.0,2807.0,3677.0,1.24,9.65,0.7,0.08,0.13,0.08,d
3147.0,2896.0,2992.0,3455.0,4095.0,3534.0,2816.0,3691.0,1.26,8.77,0.84,-0.09,-0.11,0.02,d
3153.0,2903.0,2992.0,3438.0,4095.0,3509.0,2810.0,3690.0,1.01,10.21,0.61,0.01,0.09,-0.08,d
3447.0,2896.0,2992.0,3436.0,4095.0,3509.0,2799.0,3611.0,1.43,9.33,1.1,0.1,-0.11,0.06,d
4095.0,2905.0,3003.0,3447.0,4095.0,3530.0,2801.0,3519.0,0.96,9.31,0.58,-0.26,0.02,-0.07,d
4048.0,2902.0,2999.0,3482.0,4095.0,3504.0,2795.0,3516.0,1.48,9.98,0.73,0.24,-0.28,0.15,d
2662.0,2898.0,2993.0,3519.0,4095.0,3472.0,2771.0,3533.0,1.59,9.27,0.45,-0.16,0.08,0.01,d
2609.0,2907.0,2992.0,3609.0,4095.0,3483.0,2781.0,3572.0,2.06,9.9,0.53,-0.06,-0.09,0.1,d
2595.0,2906.0,3005.0,3632.0,4095.0,3502.0,2800.0,3648.0,1.16,8.92,0.97,-0.1,0.12,0.04,d
2489.0,2907.0,3003.0,3567.0,4095.0,3523.0,2847.0,3765.0,1.58,9.86,0.52,-0.08,0.02,-0.05,d
2502.0,2896.0,3013.0,3488.0,4095.0,3563.0,2909.0,3888.0,1.49,9.01,0.55,-0.08,0.02,0.04,d
2545.0,2903.0,3006.0,3291.0,4095.0,3605.0,2960.0,3991.0,1.48,9.52,0.71,-0.06,-0.14,0.06,d
2490.0,2904.0,2995.0,3120.0,4095.0,3648.0,3013.0,4060.0,1.41,9.62,0.68,-0.11,0.15,-0.02,d
2481.0,2903.0,3004.0,2999.0,4095.0,3679.0,3029.0,4058.0,1.79,9.2,0.85,-0.09,0.04,-0.03,d
2862.0,2906.0,2997.0,2817.0,4095.0,3728.0,3053.0,4053.0,1.57,10.05,0.77,-0.15,0.06,0.06,d
4095.0,2897.0,2995.0,2772.0,4095.0,3768.0,3056.0,4049.0,1.77,9.77,0.91,0.03,0.03,-0.05,d
4095.0,2903.0,2997.0,2813.0,4095.0,3776.0,3049.0,4048.0,1.65,9.34,0.74,0.0,-0.01,-0.01,d
4095.0,2899.0,2995.0,2832.0,4095.0,3767.0,3009.0,4061.0,1.41,9.75,0.74,-0.02,0.02,-0.08,d
4095.0,2897.0,2997.0,2862.0,4095.0,3786.0,3034.0,4080.0,1.39,9.54,1.04,0.08,-0.0,0.01,d
4095.0,2905.0,3008.0,2887.0,4095.0,3806.0,3050.0,4068.0,1.32,9.44,0.62,-0.13,-0.01,0.04,d
4095.0,2891.0,3008.0,2896.0,4095.0,3818.0,3054.0,4074.0,1.94,9.68,0.81,0.07,-0.09,0.02,d
4095.0,2899.0,3006.0,2893.0,4095.0,3820.0,3055.0,4071.0,1.28,8.93,1.09,-0.05,0.02,0.04,d
4095.0,2898.0,3003.0,2871.0,4095.0,3815.0,3041.0,4066.0,1.62,9.98,0.64,-0.04,-0.03,-0.04,d
4095.0,2896.0,3002.0,2871.0,4095.0,3775.0,3024.0,4055.0,1.56,9.15,1.15,0.03,0.07,0.01,d
3280.0,2895.0,2999.0,2885.0,4095.0,3695.0,2989.0,4032.0,1.58,9.86,0.76,-0.07,0.07,-0.03,d
3062.0,2891.0,3003.0,2896.0,4095.0,3649.0,2974.0,3995.0,2.06,9.71,0.81,0.12,0.02,-0.02,d
3103.0,2890.0,3005.0,2927.0,4095.0,3648.0,2934.0,3938.0,1.18,8.88,0.58,-0.05,-0.01,-0.05,d
3183.0,2893.0,3010.0,3040.0,4095.0,3597.0,2825.0,3770.0,1.69,10.34,0.75,0.1,-0.12,0.02,d
3362.0,2889.0,2999.0,3086.0,4095.0,3634.0,2834.0,3712.0,1.7,8.8,0.78,-0.13,0.25,-0.12,d
3363.0,2883.0,3009.0,3122.0,4095.0,3642.0,2841.0,3644.0,1.82,10.32,0.57,-0.11,0.12,-0.15,d
3291.0,2883.0,3002.0,3166.0,4095.0,3671.0,2896.0,3631.0,1.4,8.78,1.16,0.15,0.03,-0.12,d
3249.0,2883.0,3002.0,3182.0,4095.0,3691.0,2907.0,3582.0,1.54,9.84,0.29,-0.22,0.09,-0.22,d
3233.0,2881.0,2999.0,3167.0,4095.0,3664.0,2852.0,3552.0,1.37,9.89,0.69,0.02,-0.12,0.05,d
3221.0,2879.0,3007.0,3137.0,4095.0,3662.0,2834.0,3559.0,1.2,9.56,0.62,-0.15,0.13,-0.16,d
3197.0,2878.0,2995.0,3120.0,4095.0,3678.0,2861.0,3597.0,1.92,9.7,0.99,-0.01,-0.1,-0.06,d
3155.0,2880.0,3013.0,3102.0,4095.0,3665.0,2842.0,3581.0,0.84,8.94,1.28,-0.22,0.12,-0.09,d
3139.0,2881.0,3002.0,3082.0,4095.0,3677.0,2845.0,3583.0,1.21,9.86,1.03,-0.03,-0.03,-0.01,d
3133.0,2878.0,3009.0,3093.0,4095.0,3686.0,2867.0,3598.0,0.68,8.9,1.27,-0.06,0.09,-0.02,d
3142.0,2881.0,3011.0,3086.0,4095.0,3684.0,2864.0,3601.0,1.52,9.9,0.67,-0.05,0.03,-0.07,d
3153.0,2887.0,3014.0,3055.0,4095.0,3664.0,2812.0,3570.0,1.34,9.32,1.05,0.17,-0.19,0.14,d
3171.0,2879.0,3005.0,3066.0,4095.0,3666.0,2816.0,3599.0,1.51,9.37,0.78,-0.21,0.16,-0.17,d
3179.0,2881.0,3003.0,3011.0,4095.0,3615.0,2771.0,3577.0,0.9,9.9,0.91,0.1,-0.03,0.05,d
3211.0,2893.0,3005.0,2942.0,4095.0,3515.0,2679.0,3533.0,1.07,8.68,1.16,-0.09,-0.21,0.03,d
3251.0,2886.0,3006.0,2886.0,4095.0,3461.0,2615.0,3508.0,1.28,10.24,0.61,-0.26,-0.02,-0.03,d
3358.0,2903.0,3019.0,2922.0,4095.0,3433.0,2593.0,3510.0,1.17,9.32,1.14,0.12,-0.17,0.15,d
4095.0,2887.0,3021.0,2953.0,4095.0,3350.0,2544.0,3457.0,1.59,9.4,0.73,0.05,-0.26,0.04,d
4095.0,2835.0,2998.0,2997.0,4095.0,3335.0,2543.0,3490.0,1.99,10.04,0.99,0.07,0.06,-0.06,d
2679.0,2834.0,3006.0,3041.0,4095.0,3328.0,2554.0,3541.0,1.04,9.13,1.13,0.04,-0.02,-0.0,d
2141.0,2843.0,3005.0,3104.0,4095.0,3355.0,2603.0,3597.0,1.42,9.95,0.62,-0.19,0.16,-0.1,d
2304.0,2851.0,3009.0,3121.0,4095.0,3395.0,2626.0,3659.0,1.73,9.44,0.84,0.11,-0.09,0.18,d
2656.0,2841.0,3009.0,3131.0,4095.0,3422.0,2646.0,3711.0,1.71,9.56,0.79,-0.15,0.11,-0.13,d
3269.0,2839.0,2992.0,3136.0,4095.0,3467.0,2672.0,3792.0,1.37,9.5,1.23,0.09,0.11,0.01,d
3781.0,2837.0,2992.0,3143.0,4095.0,3502.0,2745.0,3903.0,1.16,8.98,1.04,-0.16,0.09,-0.13,d
4095.0,2827.0,2984.0,3120.0,4095.0,3532.0,2790.0,3920.0,1.55,9.8,0.83,0.03,-0.06,0.06,d
4095.0,2823.0,2993.0,3108.0,4095.0,3551.0,2816.0,3888.0,1.25,9.14,1.03,0.02,-0.08,-0.02,d
4095.0,2850.0,2999.0,3108.0,4095.0,3565.0,2832.0,3859.0,1.27,9.83,0.66,-0.04,-0.05,-0.01,d
4095.0,2864.0,2993.0,3093.0,4095.0,3562.0,2833.0,3853.0,1.74,9.43,0.96,0.15,-0.03,-0.0,d
4095.0,2892.0,3002.0,3063.0,4095.0,3554.0,2845.0,3911.0,1.32,9.59,0.57,-0.12,-0.03,-0.09,d
4095.0,2901.0,2999.0,3049.0,4095.0,3549.0,2845.0,3964.0,1.4,9.8,0.76,0.02,0.11,-0.06,d
4095.0,2896.0,2994.0,3056.0,4095.0,3519.0,2839.0,3987.0,1.24,8.98,1.07,-0.07,0.1,-0.04,d
4095.0,2897.0,2987.0,3065.0,4095.0,3543.0,2862.0,3986.0,1.46,9.83,0.86,-0.06,-0.01,0.03,d
4095.0,2892.0,2987.0,3079.0,4095.0,3566.0,2896.0,3989.0,1.47,9.46,0.89,0.05,-0.07,0.09,d
4095.0,2902.0,2999.0,3067.0,4095.0,3568.0,2911.0,3999.0,1.24,9.09,0.95,-0.1,0.03,-0.08,d
4095.0,2896.0,2986.0,3067.0,4095.0,3576.0,2928.0,4001.0,1.73,10.09,0.74,-0.03,-0.02,-0.0,d
4095.0,2887.0,2981.0,3067.0,4095.0,3600.0,2978.0,4005.0,1.28,9.18,0.71,-0.06,0.09,-0.02,d
4095.0,2891.0,2965.0,3071.0,4095.0,3604.0,2994.0,4055.0,1.4,9.43,0.68,-0.14,0.09,-0.08,d
4095.0,2894.0,2985.0,3065.0,4095.0,3604.0,2955.0,3981.0,1.36,9.67,1.03,0.03,-0.05,0.08,d
4095.0,2893.0,2988.0,3071.0,4095.0,3611.0,2939.0,3866.0,1.18,9.34,0.99,-0.07,-0.13,0.03,d
4095.0,2896.0,3005.0,3088.0,4095.0,3619.0,2961.0,3913.0,1.69,9.69,0.94,-0.04,-0.14,-0.0,d
4095.0,2901.0,2998.0,3089.0,4095.0,3632.0,2983.0,3957.0,1.36,9.22,0.9,0.0,0.04,-0.02,d
4095.0,2896.0,2998.0,3061.0,4095.0,3621.0,2961.0,3987.0,1.37,9.43,0.76,-0.08,-0.06,-0.01,d
4095.0,2893.0,3002.0,3083.0,4095.0,3607.0,2913.0,3965.0,1.68,10.01,0.8,-0.04,-0.14,0.04,d
4095.0,2893.0,2998.0,3088.0,4095.0,3611.0,2902.0,3949.0,1.5,8.89,0.99,-0.04,-0.11,0.07,d
4095.0,2887.0,2997.0,3101.0,4095.0,3574.0,2815.0,3889.0,1.53,9.54,0.86,-0.01,-0.16,0.02,d
4095.0,2881.0,3011.0,3058.0,4095.0,3494.0,2717.0,3813.0,1.54,9.71,0.94,-0.01,0.04,-0.05,d
4095.0,2882.0,3007.0,2991.0,4095.0,3423.0,2667.0,3782.0,1.79,9.36,0.85,-0.25,0.13,-0.12,d
4095.0,2895.0,3015.0,3007.0,4095.0,3441.0,2693.0,3810.0,1.47,9.81,1.0,-0.06,0.09,-0.1,d
4095.0,2882.0,3013.0,3129.0,4095.0,3458.0,2736.0,3835.0,1.24,8.73,1.33,-0.11,0.13,-0.28,d
4088.0,2884.0,3008.0,3139.0,4095.0,3487.0,2759.0,3841.0,1.37,10.04,0.99,-0.08,0.04,0.05,d
3535.0,2893.0,3006.0,3094.0,4095.0,3520.0,2787.0,3861.0,1.3,8.94,1.06,-0.0,0.02,0.08,d
3395.0,2882.0,3017.0,3123.0,4095.0,3556.0,2835.0,3894.0,1.45,9.52,0.96,-0.06,0.05,0.0,d
3348.0,2885.0,3011.0,3147.0,4095.0,3583.0,2861.0,3918.0,1.28,9.66,1.06,-0.02,0.06,-0.01,d
3313.0,2883.0,3003.0,3161.0,4095.0,3600.0,2870.0,3921.0,1.41,9.46,1.3,-0.08,0.03,0.02,d
3233.0,2889.0,3007.0,3197.0,4095.0,3632.0,2906.0,3954.0,1.25,9.38,1.31,-0.08,0.03,0.04,d
3193.0,2882.0,3019.0,3205.0,4095.0,3655.0,2927.0,3973.0,1.4,9.65,1.23,0.06,0.06,-0.06,d
3201.0,2892.0,3002.0,3222.0,4095.0,3694.0,2959.0,4000.0,1.29,9.19,1.18,0.09,-0.03,0.06,d
3185.0,2893.0,3013.0,3226.0,4095.0,3718.0,3024.0,4095.0,1.85,9.91,1.07,0.08,-0.14,-0.04,d
3178.0,2885.0,3005.0,3226.0,4095.0,3739.0,3052.0,4095.0,1.38,9.46,0.81,0.03,0.13,-0.05,d
3167.0,2889.0,3004.0,3225.0,4095.0,3750.0,3063.0,4095.0,1.29,9.16,1.2,-0.08,0.06,-0.07,d
1141.0,2958.0,2997.0,2446.0,3264.0,3362.0,2615.0,3648.0,0.81,9.13,0.3,0.05,-0.02,-0.05,e
1150.0,2960.0,2966.0,2435.0,3251.0,3362.0,2688.0,3682.0,1.28,10.19,0.25,0.07,-0.11,-0.07,e
1165.0,2955.0,2956.0,2435.0,3253.0,3365.0,2739.0,3717.0,0.95,9.24,0.23,0.02,-0.01,-0.03,e
1169.0,2941.0,2956.0,2434.0,3248.0,3370.0,2768.0,3758.0,0.98,9.75,0.06,-0.19,0.03,-0.05,e
1170.0,2929.0,2960.0,2431.0,3248.0,3414.0,2800.0,3792.0,0.91,9.54,0.41,0.04,-0.0,-0.0,e
1171.0,2931.0,2962.0,2433.0,3235.0,3434.0,2774.0,3776.0,1.06,9.67,0.29,-0.01,0.02,-0.03,e
1173.0,2927.0,2964.0,2435.0,3233.0,3424.0,2722.0,3697.0,1.15,9.44,0.47,-0.01,-0.11,0.03,e
1165.0,2923.0,2975.0,2439.0,3234.0,3419.0,2721.0,3710.0,1.27,10.0,0.33,-0.08,0.14,-0.05,e
1164.0,2887.0,2979.0,2437.0,3233.0,3413.0,2722.0,3787.0,0.63,9.16,0.62,0.02,-0.01,0.02,e
1163.0,2883.0,2980.0,2433.0,3231.0,3364.0,2668.0,3759.0,0.88,10.02,0.13,-0.13,0.16,-0.09,e
1160.0,2887.0,2980.0,2436.0,3220.0,3277.0,2592.0,3624.0,0.99,9.39,0.2,0.15,-0.12,0.04,e
1165.0,2888.0,2981.0,2438.0,3200.0,3223.0,2527.0,3435.0,1.24,9.79,0.09,-0.11,-0.06,-0.02,e
1168.0,2896.0,2976.0,2436.0,3200.0,3234.0,2513.0,3387.0,1.12,9.5,0.3,0.03,-0.01,0.05,e
1159.0,2893.0,2979.0,2435.0,3207.0,3253.0,2543.0,3442.0,0.89,9.65,0.23,-0.19,0.13,-0.09,e
1151.0,2881.0,2977.0,2439.0,3215.0,3283.0,2590.0,3535.0,0.9,9.71,0.39,-0.02,0.1,-0.02,e
1149.0,2867.0,2982.0,2433.0,3214.0,3298.0,2602.0,3598.0,1.03,9.6,0.31,-0.17,0.11,-0.07,e
1151.0,2864.0,2985.0,2435.0,3230.0,3323.0,2624.0,3655.0,1.11,10.03,0.27,0.01,0.01,0.03,e
1155.0,2865.0,2992.0,2445.0,3255.0,3349.0,2630.0,3653.0,0.89,9.26,0.58,-0.13,-0.01,0.01,e
1161.0,2866.0,2999.0,2448.0,3265.0,3375.0,2621.0,3583.0,0.98,10.01,0.45,-0.04,-0.03,0.03,e
1163.0,2871.0,3007.0,2451.0,3273.0,3376.0,2607.0,3571.0,0.87,9.32,0.42,-0.15,-0.02,0.02,e
1173.0,2882.0,3010.0,2448.0,3283.0,3387.0,2614.0,3600.0,1.16,9.82,0.24,-0.06,-0.1,0.04,e
1169.0,2895.0,3005.0,2451.0,3291.0,3401.0,2637.0,3608.0,1.22,9.4,0.78,-0.01,-0.08,0.12,e
1166.0,2900.0,3009.0,2449.0,3283.0,3433.0,2669.0,3637.0,1.26,9.81,0.48,-0.11,0.17,-0.03,e
1152.0,2901.0,3006.0,2448.0,3271.0,3454.0,2686.0,3693.0,1.21,9.19,0.46,-0.01,0.09,0.03,e
1141.0,2906.0,3008.0,2455.0,3280.0,3476.0,2704.0,3731.0,1.07,9.56,0.59,-0.18,0.1,-0.06,e
1149.0,2905.0,3015.0,2458.0,3280.0,3487.0,2703.0,3731.0,0.95,9.6,0.75,0.06,0.01,-0.0,e
1143.0,2909.0,3013.0,2459.0,3178.0,3359.0,2559.0,3600.0,0.84,9.41,0.57,-0.0,0.07,-0.15,e
1140.0,2909.0,3012.0,2458.0,3152.0,3315.0,2530.0,3582.0,1.24,9.79,0.5,0.03,-0.04,0.0,e
1144.0,2903.0,3013.0,2457.0,3170.0,3330.0,2551.0,3620.0,1.11,9.5,0.74,0.02,-0.09,-0.03,e
1146.0,2919.0,3007.0,2463.0,3199.0,3366.0,2602.0,3674.0,0.96,9.95,0.59,-0.06,0.02,-0.08,e
1131.0,2914.0,3011.0,2461.0,3213.0,3376.0,2625.0,3709.0,0.88,9.38,0.61,0.07,-0.04,0.01,e
1107.0,2915.0,3008.0,2463.0,3212.0,3358.0,2623.0,3711.0,1.2,9.72,0.22,-0.04,0.08,-0.09,e
1105.0,2919.0,3017.0,2465.0,3203.0,3324.0,2589.0,3661.0,1.26,9.75,0.45,0.2,-0.12,0.06,e
1111.0,2935.0,3001.0,2462.0,3187.0,3276.0,2547.0,3601.0,0.91,9.3,0.4,-0.12,-0.03,-0.14,e
1131.0,2928.0,3019.0,2449.0,3170.0,3225.0,2511.0,3583.0,1.13,10.05,0.18,-0.01,-0.12,-0.18,e
1130.0,2923.0,3015.0,2444.0,3168.0,3216.0,2507.0,3626.0,0.38,9.35,0.77,0.08,-0.01,-0.04,e
1131.0,2922.0,3020.0,2447.0,3171.0,3221.0,2522.0,3641.0,0.9,9.55,0.41,-0.08,0.02,-0.07,e
1134.0,2928.0,3013.0,2446.0,3173.0,3217.0,2515.0,3643.0,0.87,9.66,0.41,0.09,-0.04,0.01,e
1123.0,2928.0,3015.0,2448.0,3178.0,3218.0,2512.0,3642.0,0.79,8.77,0.38,-0.16,0.03,-0.07,e
1125.0,2928.0,3011.0,2448.0,3181.0,3222.0,2507.0,3621.0,0.89,10.25,0.2,-0.04,0.01,-0.06,e
1124.0,2928.0,3008.0,2451.0,3183.0,3222.0,2509.0,3618.0,0.85,9.29,0.59,0.05,-0.04,0.01,e
1121.0,2925.0,3019.0,2450.0,3182.0,3217.0,2499.0,3609.0,0.72,9.68,0.33,-0.14,0.05,-0.04,e
1130.0,2928.0,3011.0,2452.0,3184.0,3223.0,2509.0,3615.0,0.96,9.53,0.46,0.07,-0.01,0.04,e
1125.0,2928.0,3013.0,2458.0,3184.0,3237.0,2527.0,3614.0,0.77,9.28,0.28,-0.18,0.08,0.04,e
1115.0,2939.0,3013.0,2458.0,3180.0,3248.0,2546.0,3654.0,0.84,10.42,0.35,0.1,0.08,-0.02,e
4095.0,2942.0,3012.0,2463.0,3143.0,3280.0,2602.0,3741.0,0.59,9.19,0.22,-0.12,-0.01,0.08,e
4080.0,2933.0,3014.0,2463.0,3154.0,3331.0,2669.0,3792.0,0.96,9.86,-0.01,-0.19,0.1,0.02,e
4095.0,2938.0,3021.0,2458.0,3194.0,3339.0,2677.0,3789.0,1.07,9.55,0.55,-0.18,0.13,0.01,e
4095.0,2919.0,3014.0,2461.0,3231.0,3341.0,2671.0,3755.0,0.91,9.94,0.78,-0.29,0.22,-0.05,e
4095.0,2890.0,2996.0,2446.0,3275.0,3335.0,2670.0,3746.0,0.96,9.58,1.0,0.05,-0.05,0.11,e
4095.0,2896.0,3006.0,2446.0,3287.0,3337.0,2665.0,3717.0,0.78,9.62,0.55,-0.12,0.06,-0.04,e
4095.0,2903.0,2992.0,2448.0,3328.0,3339.0,2661.0,3715.0,1.02,9.8,0.7,-0.03,-0.15,0.17,e
4095.0,2912.0,2987.0,2442.0,3379.0,3344.0,2701.0,3755.0,0.84,9.08,0.68,-0.0,-0.06,-0.04,e
4095.0,2919.0,2977.0,2432.0,3378.0,3344.0,2721.0,3817.0,1.2,9.9,0.37,-0.04,0.15,-0.09,e
3715.0,2902.0,2987.0,2432.0,3377.0,3312.0,2707.0,3675.0,1.04,9.29,0.92,0.0,-0.05,0.07,e
3113.0,2832.0,2977.0,2415.0,3374.0,3235.0,2624.0,3330.0,0.54,9.72,0.43,-0.09,0.1,0.01,e
3088.0,2822.0,2964.0,2411.0,3371.0,3213.0,2559.0,3283.0,1.13,9.55,0.16,0.06,-0.19,0.11,e
3142.0,2836.0,2961.0,2368.0,3226.0,3194.0,2515.0,3312.0,1.72,9.08,0.66,-0.14,0.01,-0.16,e
3209.0,2869.0,2987.0,2377.0,3183.0,3183.0,2508.0,3383.0,0.72,10.05,0.85,-0.08,0.23,-0.14,e
3296.0,2915.0,3034.0,2407.0,3204.0,3223.0,2529.0,3454.0,0.71,9.53,0.99,-0.05,0.04,-0.09,e
3327.0,2914.0,3040.0,2366.0,3175.0,3221.0,2526.0,3474.0,0.53,9.74,0.44,-0.0,-0.01,0.03,e
3411.0,2928.0,3042.0,2399.0,3159.0,3222.0,2535.0,3517.0,0.74,9.37,0.76,0.07,-0.21,-0.01,e
3415.0,2928.0,3040.0,2391.0,3143.0,3219.0,2529.0,3541.0,1.05,9.63,0.42,-0.12,-0.05,0.01,e
3433.0,2933.0,3031.0,2413.0,3152.0,3226.0,2540.0,3571.0,0.81,9.56,0.75,0.02,0.07,-0.04,e
3439.0,2931.0,3027.0,2429.0,3139.0,3234.0,2550.0,3622.0,0.85,9.63,0.58,-0.09,-0.08,-0.03,e
3431.0,2928.0,3033.0,2418.0,3123.0,3229.0,2544.0,3617.0,1.0,9.7,0.53,0.04,-0.04,-0.02,e
3430.0,2926.0,3023.0,2477.0,3120.0,3231.0,2549.0,3623.0,0.81,9.39,0.52,-0.08,-0.05,0.03,e
3440.0,2928.0,3023.0,2481.0,3116.0,3232.0,2544.0,3633.0,0.86,9.84,0.46,-0.14,0.19,-0.08,e
3452.0,2925.0,3023.0,2478.0,3136.0,3237.0,2544.0,3623.0,1.47,9.68,0.88,0.11,-0.02,0.01,e
3467.0,2928.0,3024.0,2480.0,3136.0,3226.0,2528.0,3563.0,0.65,8.9,0.58,-0.1,0.02,-0.08,e
3459.0,2927.0,3026.0,2523.0,3129.0,3211.0,2523.0,3559.0,1.18,9.86,0.4,0.05,-0.02,-0.1,e
3472.0,2923.0,3022.0,2522.0,3121.0,3205.0,2512.0,3555.0,0.65,9.59,0.68,0.07,0.13,-0.06,e
3474.0,2923.0,3024.0,2502.0,3129.0,3209.0,2512.0,3553.0,0.57,9.48,0.46,-0.11,0.08,-0.1,e
3479.0,2925.0,3024.0,2485.0,3126.0,3207.0,2505.0,3539.0,1.05,9.82,0.51,-0.01,0.08,-0.07,e
3482.0,2925.0,3023.0,2480.0,3133.0,3210.0,2515.0,3542.0,0.54,9.01,0.69,-0.09,-0.05,-0.01,e
3486.0,2931.0,3021.0,2467.0,3136.0,3209.0,2524.0,3559.0,0.85,9.89,0.48,-0.03,0.04,-0.07,e
3502.0,2925.0,3027.0,2434.0,3157.0,3225.0,2542.0,3568.0,0.62,9.3,0.91,-0.07,0.02,0.0,e
3508.0,2927.0,3030.0,2415.0,3221.0,3251.0,2588.0,3695.0,0.72,9.88,0.71,-0.23,0.06,0.0,e
3501.0,2923.0,3026.0,2401.0,3257.0,3269.0,2623.0,3776.0,0.92,9.64,0.49,0.12,-0.07,0.03,e
3507.0,2925.0,3019.0,2383.0,3270.0,3276.0,2640.0,3806.0,0.63,9.15,0.61,-0.2,0.1,-0.08,e
3520.0,2928.0,3031.0,2365.0,3246.0,3268.0,2636.0,3792.0,0.73,10.1,0.65,0.08,0.03,-0.02,e
3514.0,2924.0,3031.0,2375.0,3227.0,3259.0,2619.0,3761.0,0.94,9.04,0.74,-0.04,-0.12,0.05,e
3506.0,2932.0,3023.0,2375.0,3219.0,3248.0,2598.0,3726.0,1.08,9.73,0.52,-0.11,0.05,-0.09,e
3513.0,2928.0,3025.0,2359.0,3211.0,3242.0,2588.0,3712.0,0.5,9.61,0.87,0.05,-0.04,0.01,e
3522.0,2931.0,3034.0,2371.0,3201.0,3247.0,2587.0,3697.0,0.56,9.43,0.54,-0.1,0.03,-0.05,e
3521.0,2938.0,3027.0,2378.0,3198.0,3239.0,2583.0,3682.0,0.79,9.83,0.45,0.09,-0.11,-0.02,e
3535.0,2928.0,3021.0,2371.0,3200.0,3238.0,2581.0,3663.0,0.45,9.1,0.64,-0.08,0.03,-0.03,e
3568.0,2928.0,3024.0,2381.0,3197.0,3246.0,2582.0,3619.0,0.8,10.05,0.3,-0.25,0.07,0.03,e
4095.0,2929.0,3009.0,2387.0,3213.0,3267.0,2630.0,3671.0,0.8,9.38,0.69,-0.17,-0.03,0.06,e
4095.0,3055.0,3198.0,2395.0,3251.0,3327.0,2754.0,3719.0,0.82,9.51,0.55,-0.3,-0.03,0.0,e
4095.0,2905.0,3090.0,2399.0,3302.0,3415.0,2871.0,3687.0,0.81,9.66,0.86,-0.19,0.1,-0.02,e
4095.0,3120.0,3245.0,2391.0,3299.0,3439.0,2832.0,3599.0,0.49,9.8,1.01,0.24,-0.19,0.08,e
4095.0,3083.0,3199.0,2395.0,3302.0,3413.0,2743.0,3463.0,0.75,9.46,0.78,-0.22,0.07,0.02,e
4095.0,3009.0,3120.0,2384.0,3302.0,3375.0,2674.0,3404.0,1.27,9.88,1.02,-0.0,0.09,0.03,e
4095.0,2997.0,3114.0,2397.0,3312.0,3367.0,2669.0,3423.0,0.99,9.43,0.76,-0.23,0.13,-0.03,e
4095.0,2915.0,3024.0,2404.0,3344.0,3391.0,2710.0,3499.0,0.89,9.81,0.95,-0.07,0.08,-0.02,e
4095.0,2918.0,3020.0,2410.0,3376.0,3392.0,2717.0,3542.0,0.78,9.32,1.18,-0.05,0.01,-0.01,e
4095.0,2914.0,3026.0,2413.0,3379.0,3380.0,2704.0,3551.0,0.71,10.01,0.9,-0.07,0.1,-0.04,e
4095.0,2911.0,3018.0,2415.0,3408.0,3379.0,2695.0,3559.0,0.95,9.2,1.16,0.01,-0.08,0.08,e
4095.0,2913.0,3009.0,2416.0,3436.0,3373.0,2687.0,3568.0,0.88,9.79,0.94,-0.11,0.09,-0.05,e
4095.0,2912.0,3020.0,2416.0,3437.0,3371.0,2689.0,3569.0,1.03,9.48,1.22,0.07,-0.04,-0.01,e
4095.0,2918.0,3013.0,2416.0,3431.0,3370.0,2686.0,3577.0,0.72,9.25,0.93,-0.12,0.04,-0.07,e
4095.0,2947.0,3054.0,2411.0,3408.0,3355.0,2672.0,3577.0,1.02,10.04,0.94,0.08,0.06,-0.04,e
4095.0,3104.0,3216.0,2415.0,3379.0,3344.0,2660.0,3583.0,0.69,9.33,0.9,-0.0,0.04,-0.07,e
4095.0,3122.0,3251.0,2414.0,3389.0,3342.0,2655.0,3609.0,1.01,9.74,0.93,-0.06,-0.01,-0.02,e
4095.0,3134.0,3239.0,2410.0,3376.0,3327.0,2624.0,3603.0,0.79,9.39,1.19,0.1,-0.0,0.05,e
4095.0,3152.0,3266.0,2403.0,3358.0,3315.0,2613.0,3608.0,0.75,9.8,0.95,-0.15,0.03,-0.06,e
4095.0,3143.0,3261.0,2411.0,3349.0,3313.0,2608.0,3612.0,0.82,9.73,1.1,0.14,-0.04,0.06,e
4095.0,3157.0,3261.0,2414.0,3345.0,3312.0,2603.0,3607.0,0.69,9.3,0.73,-0.11,0.0,-0.02,e
4095.0,3154.0,3273.0,2413.0,3351.0,3312.0,2611.0,3612.0,1.24,9.85,0.89,0.04,-0.05,-0.0,e
4095.0,3150.0,3260.0,2413.0,3352.0,3321.0,2613.0,3617.0,0.53,9.04,1.06,-0.08,0.04,-0.03,e
4095.0,3193.0,3309.0,2378.0,3219.0,3220.0,2487.0,3508.0,0.51,9.37,1.2,-0.07,0.11,-0.14,e
4095.0,3205.0,3328.0,2337.0,3203.0,3213.0,2479.0,3517.0,0.86,8.82,0.95,-0.11,-0.02,-0.01,e
4095.0,3210.0,3309.0,2320.0,3219.0,3227.0,2508.0,3567.0,0.56,10.21,0.95,0.02,-0.05,-0.04,e
4095.0,3205.0,3313.0,2293.0,3215.0,3229.0,2522.0,3629.0,0.93,9.42,1.14,-0.05,-0.02,-0.04,e
4095.0,3182.0,3285.0,2286.0,3189.0,3222.0,2543.0,3697.0,0.78,9.48,1.02,-0.15,0.18,-0.15,e
4095.0,3164.0,3255.0,2306.0,3089.0,3172.0,2530.0,3714.0,1.03,10.39,1.06,0.13,0.09,-0.07,e
4095.0,3194.0,3296.0,2310.0,3002.0,3056.0,2356.0,3424.0,0.02,8.59,1.02,-0.07,0.1,-0.15,e
4095.0,3181.0,3289.0,2331.0,2975.0,3018.0,2308.0,3313.0,0.59,11.03,0.57,-0.43,0.35,-0.15,e
4095.0,3025.0,3142.0,2359.0,2961.0,3030.0,2353.0,3377.0,0.71,9.97,1.1,0.19,-0.04,0.12,e
4095.0,3041.0,3173.0,2370.0,2986.0,3031.0,2352.0,3376.0,0.45,8.54,1.16,-0.22,0.04,-0.12,e
4095.0,3065.0,3181.0,2366.0,2992.0,3035.0,2365.0,3389.0,0.96,10.66,0.96,0.07,-0.07,0.07,e
4095.0,3083.0,3187.0,2361.0,2992.0,3038.0,2379.0,3422.0,0.59,8.95,1.31,0.04,-0.13,0.02,e
4095.0,2998.0,3114.0,2346.0,2965.0,3013.0,2358.0,3374.0,0.59,10.25,0.67,-0.52,0.38,-0.2,e
4095.0,2898.0,2994.0,2317.0,2912.0,2962.0,2320.0,3321.0,0.64,10.05,1.45,0.18,0.03,0.09,e
4095.0,2930.0,3037.0,2320.0,2928.0,2971.0,2330.0,3329.0,-0.49,8.28,1.28,-0.19,0.07,-0.08,e
4095.0,2963.0,3063.0,2330.0,2930.0,2991.0,2339.0,3328.0,1.38,10.61,1.17,-0.06,-0.08,-0.03,e
4095.0,2982.0,3101.0,2339.0,2929.0,2982.0,2317.0,3280.0,0.08,9.08,1.62,-0.01,0.08,0.02,e
4095.0,2999.0,3115.0,2342.0,2931.0,2979.0,2306.0,3261.0,0.58,9.44,1.33,-0.09,-0.01,-0.09,e
4095.0,3008.0,3120.0,2347.0,2934.0,2979.0,2297.0,3248.0,0.99,9.79,1.36,-0.03,-0.13,0.11,e
4095.0,3021.0,3129.0,2352.0,2944.0,2987.0,2302.0,3251.0,0.17,9.1,1.17,-0.08,0.1,-0.06,e
4095.0,3040.0,3148.0,2371.0,2951.0,2982.0,2299.0,3237.0,0.47,10.09,1.14,-0.07,-0.04,0.14,e
4095.0,3037.0,3159.0,2378.0,2976.0,2976.0,2288.0,3213.0,0.29,8.1,1.61,-0.09,-0.07,0.11,e
4095.0,3056.0,3183.0,2381.0,3023.0,2967.0,2293.0,3211.0,1.06,10.11,1.3,-0.23,-0.03,-0.01,e
4095.0,3071.0,3175.0,2384.0,3058.0,2970.0,2293.0,3215.0,0.56,9.35,1.79,-0.11,0.1,0.06,e
4095.0,3042.0,3153.0,2385.0,3107.0,2973.0,2293.0,3208.0,0.52,9.59,1.49,-0.22,0.11,-0.03,e
2543.0,2854.0,2958.0,2386.0,3126.0,2979.0,2263.0,3217.0,0.43,9.42,1.78,-0.11,-0.02,0.04,e
1193.0,2851.0,2963.0,2385.0,3175.0,2985.0,2259.0,3233.0,0.58,9.34,1.82,-0.2,0.07,0.01,e
1218.0,2861.0,2974.0,2385.0,3232.0,3006.0,2258.0,3270.0,0.96,9.64,1.86,-0.04,0.17,0.01,e
1245.0,2862.0,2964.0,2395.0,3280.0,3043.0,2303.0,3353.0,0.41,8.64,1.95,0.03,-0.01,0.01,e
1211.0,2846.0,2973.0,2400.0,3297.0,3086.0,2350.0,3440.0,0.82,9.98,1.4,-0.06,0.1,-0.18,e
1172.0,2848.0,2965.0,2403.0,3284.0,3099.0,2374.0,3483.0,0.25,9.15,1.98,0.33,-0.25,0.02,e
1152.0,2848.0,2950.0,2394.0,3211.0,3145.0,2427.0,3666.0,0.14,9.53,1.7,-0.08,-0.36,0.04,e
1152.0,2878.0,2981.0,2415.0,3207.0,3218.0,2511.0,3854.0,0.96,9.56,1.68,0.05,-0.26,0.19,e
1154.0,2893.0,2999.0,2435.0,3265.0,3260.0,2540.0,3863.0,1.17,9.16,1.54,-0.04,-0.45,0.3,e
1158.0,2887.0,2991.0,2426.0,3287.0,3248.0,2533.0,3856.0,0.8,9.85,1.49,0.04,-0.15,0.18,e
1159.0,2851.0,2951.0,2390.0,3279.0,3243.0,2559.0,3889.0,1.53,9.43,1.73,-0.09,-0.28,0.12,e
1151.0,2842.0,2930.0,2373.0,3285.0,3218.0,2559.0,3945.0,0.75,9.16,1.3,-0.21,0.26,-0.17,e
1151.0,2846.0,2929.0,2356.0,3312.0,3221.0,2624.0,3984.0,1.42,9.73,1.87,-0.07,0.07,-0.07,e
1142.0,2844.0,2923.0,2355.0,3311.0,3229.0,2631.0,4009.0,0.38,9.23,1.76,-0.02,0.06,0.08,e
1139.0,2847.0,2931.0,2311.0,3278.0,3200.0,2695.0,4031.0,1.71,9.75,1.46,-0.08,-0.14,-0.02,e
1141.0,2851.0,2934.0,2320.0,3312.0,3220.0,2747.0,4065.0,0.96,9.2,1.76,0.11,-0.03,0.09,e
1145.0,2839.0,2933.0,2337.0,3329.0,3236.0,2735.0,4060.0,0.66,9.03,1.69,-0.28,0.09,0.0,e
1129.0,2852.0,2928.0,2341.0,3329.0,3243.0,2723.0,4010.0,1.53,9.63,1.95,0.1,-0.13,0.13,e
1132.0,2848.0,2928.0,2351.0,3330.0,3248.0,2723.0,4021.0,0.81,8.99,1.62,-0.13,-0.01,0.06,e
1131.0,2851.0,2918.0,2351.0,3323.0,3245.0,2709.0,3967.0,1.51,9.34,1.84,-0.02,0.16,-0.14,e
1127.0,2849.0,2926.0,2356.0,3319.0,3241.0,2668.0,3824.0,1.47,9.99,2.03,0.08,-0.09,0.03,e
1129.0,2861.0,2914.0,2362.0,3327.0,3241.0,2657.0,3747.0,1.14,8.98,1.87,0.0,-0.02,0.0,e
1132.0,2857.0,2917.0,2368.0,3335.0,3244.0,2651.0,3725.0,1.38,9.72,1.69,-0.16,0.21,-0.11,e
1134.0,2855.0,2930.0,2374.0,3345.0,3245.0,2645.0,3735.0,1.17,9.14,1.89,-0.07,0.08,0.02,e
1141.0,2874.0,2941.0,2384.0,3362.0,3252.0,2643.0,3696.0,0.74,9.7,1.51,-0.09,0.29,-0.08,e
2927.0,2878.0,2976.0,2426.0,3405.0,3228.0,2606.0,3627.0,1.77,9.7,1.93,0.23,-0.22,0.09,e
3091.0,2882.0,2976.0,2441.0,3429.0,3248.0,2626.0,3645.0,1.13,8.83,1.61,-0.2,0.09,-0.08,e
3171.0,2902.0,2984.0,2448.0,3425.0,3267.0,2660.0,3717.0,1.49,9.99,1.96,0.09,0.16,-0.09,e
3344.0,2902.0,2992.0,2454.0,3397.0,3280.0,2674.0,3779.0,0.7,8.96,1.9,-0.06,0.12,-0.11,e
3582.0,2905.0,3003.0,2455.0,3325.0,3282.0,2677.0,3807.0,1.16,9.64,1.53,0.1,0.08,-0.13,e
3609.0,2910.0,3003.0,2465.0,3312.0,3297.0,2688.0,3841.0,1.04,9.11,1.72,-0.06,0.04,-0.06,e
3567.0,2906.0,3003.0,2468.0,3318.0,3305.0,2703.0,3856.0,0.85,9.48,1.75,-0.04,0.03,-0.04,e
3402.0,2907.0,3007.0,2475.0,3355.0,3314.0,2734.0,3910.0,0.6,9.51,1.77,0.08,-0.13,0.11,e
3248.0,2913.0,3007.0,2475.0,3376.0,3326.0,2757.0,3975.0,0.76,9.39,1.71,-0.03,0.06,-0.07,e
3285.0,2910.0,3011.0,2480.0,3402.0,3339.0,2771.0,4051.0,0.94,9.5,1.66,0.01,0.07,-0.06,e
3226.0,2899.0,3007.0,2479.0,3404.0,3359.0,2805.0,4095.0,0.85,9.23,1.32,-0.19,0.2,-0.1,e
3277.0,2903.0,3008.0,2485.0,3370.0,3395.0,2835.0,4095.0,1.27,9.26,1.93,-0.11,0.08,-0.09,e
4095.0,2905.0,3014.0,2494.0,3364.0,3409.0,2834.0,4095.0,0.74,9.61,1.94,-0.06,-0.03,-0.05,e
4095.0,2897.0,3015.0,2502.0,3379.0,3424.0,2841.0,4088.0,0.53,9.43,1.76,-0.07,0.1,-0.02,e
4095.0,2895.0,3013.0,2499.0,3386.0,3419.0,2833.0,3896.0,0.58,8.94,1.94,-0.08,-0.06,-0.04,e
1166.0,2899.0,3014.0,2503.0,3392.0,3408.0,2787.0,3690.0,0.69,9.58,1.68,-0.16,0.18,0.05,e
1139.0,2887.0,2994.0,2495.0,3391.0,3357.0,2704.0,3599.0,0.93,9.39,2.01,0.1,-0.22,0.17,e
1136.0,2892.0,3003.0,2495.0,3401.0,3307.0,2642.0,3602.0,0.84,9.11,2.27,-0.13,-0.0,0.03,e
1140.0,2891.0,3003.0,2496.0,3408.0,3306.0,2633.0,3609.0,1.02,9.8,1.81,-0.03,0.03,0.03,e
1145.0,2895.0,2994.0,2497.0,3408.0,3289.0,2607.0,3568.0,0.98,9.09,2.06,0.02,-0.15,0.05,e
1168.0,2895.0,2995.0,2498.0,3413.0,3282.0,2559.0,3555.0,0.83,9.18,1.82,-0.15,0.06,0.01,e
1157.0,2901.0,2997.0,2503.0,3439.0,3310.0,2595.0,3583.0,1.07,9.75,1.83,0.18,-0.24,0.13,e
1151.0,2899.0,3002.0,2503.0,3440.0,3336.0,2609.0,3582.0,0.99,8.59,1.7,-0.15,-0.1,0.06,e
1147.0,2903.0,2994.0,2506.0,3419.0,3357.0,2618.0,3603.0,1.28,9.78,1.81,-0.04,-0.02,0.08,e
1168.0,2907.0,2997.0,2501.0,3406.0,3388.0,2620.0,3615.0,1.24,9.34,2.35,0.08,-0.14,0.13,e
1187.0,2902.0,2992.0,2503.0,3387.0,3397.0,2618.0,3611.0,0.9,8.72,1.86,0.01,-0.05,-0.02,e
1158.0,2906.0,2996.0,2502.0,3351.0,3409.0,2622.0,3675.0,1.57,10.19,1.7,0.23,-0.08,-0.1,e
1151.0,2917.0,2998.0,2503.0,3322.0,3417.0,2638.0,3754.0,1.19,8.62,1.92,0.06,0.05,-0.05,e
1152.0,2912.0,3002.0,2447.0,3268.0,3398.0,2636.0,3790.0,1.2,9.51,1.33,-0.04,0.21,-0.2,e
1137.0,2911.0,2995.0,2464.0,3238.0,3333.0,2598.0,3788.0,1.36,9.72,1.69,0.28,-0.19,-0.06,e
1136.0,2922.0,2997.0,2462.0,3250.0,3326.0,2605.0,3893.0,0.64,9.31,1.63,0.14,-0.07,-0.07,e
1134.0,2915.0,3003.0,2452.0,3241.0,3267.0,2608.0,3904.0,1.12,9.9,1.14,0.2,-0.08,-0.02,e
1126.0,2911.0,2997.0,2434.0,3248.0,3271.0,2633.0,3937.0,0.86,8.65,1.35,0.11,-0.2,0.09,e
1121.0,2917.0,3008.0,2418.0,3251.0,3282.0,2646.0,3959.0,1.3,10.01,0.94,-0.02,-0.04,-0.07,e
1119.0,2914.0,2997.0,2416.0,3248.0,3293.0,2670.0,4002.0,1.15,9.86,1.28,0.14,-0.17,0.12,e
1104.0,2927.0,3008.0,2447.0,3242.0,3306.0,2672.0,4066.0,0.96,9.26,1.24,-0.44,0.26,-0.1,e
1104.0,2922.0,3003.0,2451.0,3233.0,3314.0,2690.0,4095.0,1.75,10.41,1.15,-0.15,0.32,-0.11,e
1095.0,2928.0,3014.0,2455.0,3262.0,3340.0,2731.0,4095.0,-0.14,8.37,2.17,0.34,-0.26,0.25,e
1095.0,2927.0,3008.0,2448.0,3265.0,3344.0,2742.0,4095.0,1.18,10.37,1.11,-0.06,0.13,-0.06,e
1089.0,2919.0,3021.0,2438.0,3248.0,3350.0,2747.0,4095.0,1.3,9.28,1.07,0.29,-0.15,0.04,e
1086.0,2918.0,3015.0,2443.0,3237.0,3344.0,2738.0,4095.0,0.43,9.38,1.86,-0.07,0.27,-0.16,e
1089.0,2905.0,3007.0,2531.0,3201.0,3325.0,2725.0,4067.0,0.92,10.36,1.5,0.35,0.04,0.25,e
1090.0,2918.0,3007.0,2721.0,3200.0,3323.0,2721.0,4088.0,1.19,8.58,0.59,0.18,-0.22,0.14,e
1098.0,2918.0,3005.0,2717.0,3189.0,3321.0,2714.0,4069.0,2.15,9.69,-0.27,0.01,0.02,0.03,e
1091.0,2914.0,3006.0,2670.0,3184.0,3312.0,2696.0,4035.0,1.92,9.57,0.68,0.17,0.03,-0.03,e
1089.0,2913.0,3007.0,2640.0,3184.0,3307.0,2688.0,4009.0,1.01,9.22,0.78,-0.21,0.09,-0.18,e
1090.0,2906.0,3003.0,2608.0,3184.0,3310.0,2688.0,4005.0,1.3,10.14,0.64,0.1,0.08,-0.1,e
1087.0,2911.0,3008.0,2503.0,3168.0,3306.0,2687.0,3987.0,0.92,8.9,0.89,-0.04,-0.07,-0.12,e
1095.0,2903.0,3003.0,2464.0,3154.0,3295.0,2669.0,3971.0,1.13,9.79,0.59,-0.21,0.18,-0.21,e
1089.0,2907.0,3006.0,2451.0,3145.0,3281.0,2645.0,3922.0,0.95,9.71,1.02,0.12,-0.18,0.06,e
1087.0,2910.0,3005.0,2445.0,3150.0,3279.0,2646.0,3911.0,0.78,9.52,1.03,-0.16,0.1,-0.17,e
1093.0,2909.0,3007.0,2437.0,3149.0,3277.0,2640.0,3887.0,1.47,9.95,1.09,-0.0,-0.06,-0.03,e
1088.0,2911.0,3005.0,2480.0,3155.0,3275.0,2635.0,3829.0,0.53,8.74,0.97,-0.12,0.0,-0.01,e
1102.0,2914.0,3007.0,2500.0,3143.0,3262.0,2608.0,3698.0,0.99,9.81,0.82,-0.0,0.03,-0.07,e
3275.0,2923.0,3005.0,2512.0,3134.0,3259.0,2582.0,3605.0,0.68,9.29,1.24,-0.22,0.07,0.09,e
4095.0,2922.0,3007.0,2529.0,3191.0,3280.0,2640.0,3696.0,0.72,9.56,0.65,-0.26,0.23,-0.0,e
4095.0,2925.0,3007.0,2533.0,3264.0,3335.0,2716.0,3789.0,1.15,9.73,1.42,0.01,-0.12,0.16,e
4095.0,2915.0,3009.0,2522.0,3272.0,3357.0,2736.0,3825.0,0.8,9.82,1.03,-0.24,0.2,-0.01,e
4095.0,2911.0,3009.0,2525.0,3307.0,3408.0,2798.0,3887.0,1.29,9.96,1.41,0.01,-0.09,0.12,e
4095.0,2906.0,3006.0,2525.0,3337.0,3439.0,2829.0,3920.0,0.72,8.67,1.21,-0.27,0.15,-0.01,e
4095.0,2894.0,3011.0,2474.0,3373.0,3472.0,2871.0,3971.0,1.53,9.72,1.29,-0.22,0.2,-0.03,e
4095.0,2907.0,3014.0,2393.0,3369.0,3504.0,2887.0,4054.0,1.07,9.02,1.35,-0.11,-0.05,0.15,e
4095.0,2902.0,3013.0,2411.0,3405.0,3521.0,2896.0,4066.0,0.86,9.42,1.75,-0.25,0.09,-0.11,e
4095.0,2928.0,3010.0,2415.0,3394.0,3504.0,2842.0,3946.0,1.09,9.73,1.57,0.16,-0.25,0.21,e
4095.0,2918.0,3013.0,2417.0,3328.0,3459.0,2771.0,3878.0,1.26,9.04,1.87,0.0,-0.16,0.05,e
4095.0,2930.0,3017.0,2415.0,3283.0,3439.0,2730.0,3853.0,1.58,9.67,1.01,-0.07,0.08,-0.06,e
4095.0,2936.0,3022.0,2417.0,3275.0,3399.0,2669.0,3776.0,1.34,9.23,1.89,0.15,-0.25,0.03,e
4095.0,2928.0,3018.0,2416.0,3229.0,3344.0,2623.0,3702.0,1.21,9.89,1.36,-0.08,0.04,-0.11,e
4095.0,2939.0,3021.0,2414.0,3197.0,3331.0,2613.0,3694.0,1.47,9.71,1.58,0.16,-0.09,0.03,e
4095.0,2928.0,3023.0,2418.0,3197.0,3337.0,2620.0,3698.0,1.35,9.27,1.09,-0.1,-0.04,-0.08,e
4095.0,2928.0,3018.0,2398.0,3199.0,3330.0,2613.0,3701.0,1.25,9.7,1.13,-0.03,0.05,-0.07,e
4095.0,2927.0,3021.0,2389.0,3205.0,3335.0,2623.0,3725.0,0.93,9.27,1.53,-0.1,-0.01,0.03,e
4095.0,2925.0,3018.0,2413.0,3185.0,3315.0,2587.0,3659.0,1.1,9.73,1.33,-0.1,0.24,-0.09,e
4095.0,2928.0,3013.0,2448.0,3171.0,3295.0,2555.0,3583.0,1.37,9.27,1.74,0.02,0.0,0.05,e
4095.0,2922.0,3024.0,2484.0,3181.0,3291.0,2557.0,3583.0,0.87,9.39,1.47,-0.08,0.03,-0.07,e
4095.0,2924.0,3017.0,2415.0,3152.0,3286.0,2593.0,3657.0,1.19,9.74,1.35,0.12,-0.16,-0.13,e
4095.0,2923.0,3013.0,2411.0,3149.0,3290.0,2610.0,3717.0,0.96,9.44,1.51,-0.01,0.11,-0.05,e
4095.0,2918.0,3017.0,2423.0,3141.0,3288.0,2616.0,3710.0,1.09,9.28,1.36,-0.05,0.0,-0.07,e
4095.0,2923.0,3019.0,2416.0,3134.0,3290.0,2608.0,3677.0,1.24,9.64,1.3,0.02,-0.02,-0.05,e
3111.0,3856.0,3338.0,3651.0,3690.0,4095.0,4095.0,4095.0,2.18,9.83,0.62,-0.06,-0.02,-0.03,f
3120.0,4095.0,3354.0,3646.0,3678.0,4095.0,4095.0,4095.0,1.85,9.24,0.92,-0.02,-0.01,-0.06,f
3121.0,4095.0,3369.0,3651.0,3695.0,4095.0,4095.0,4095.0,1.43,9.58,0.98,-0.07,0.05,-0.05,f
3121.0,4095.0,3344.0,3658.0,3697.0,4095.0,4095.0,4095.0,1.89,9.46,1.0,0.02,-0.21,0.04,f
3118.0,4095.0,3331.0,3651.0,3701.0,4095.0,4095.0,4095.0,1.55,9.36,0.98,0.0,0.16,-0.09,f
3117.0,4095.0,3354.0,3645.0,3691.0,4095.0,4095.0,4095.0,1.83,9.68,0.94,0.05,-0.13,0.05,f
3111.0,4095.0,3358.0,3655.0,3695.0,4095.0,4095.0,4095.0,1.5,9.06,0.75,-0.14,0.1,-0.07,f
3119.0,4095.0,3341.0,3711.0,3690.0,4095.0,4095.0,4095.0,1.68,9.77,0.93,0.07,0.06,-0.02,f
3108.0,4095.0,3351.0,3743.0,3683.0,4095.0,4095.0,4095.0,1.83,9.33,0.96,-0.01,-0.09,-0.0,f
3114.0,4095.0,3359.0,3743.0,3655.0,4095.0,4095.0,4095.0,1.7,9.58,0.84,-0.12,0.1,-0.01,f
3115.0,4095.0,3347.0,3732.0,3611.0,4095.0,4093.0,4095.0,1.38,9.58,0.99,0.07,-0.01,-0.02,f
3111.0,4095.0,3346.0,3665.0,3610.0,4095.0,4048.0,4095.0,1.72,9.38,0.91,-0.11,0.04,-0.02,f
3114.0,4095.0,3355.0,3582.0,3607.0,4095.0,4058.0,4095.0,2.04,9.62,1.06,0.03,-0.04,0.01,f
3115.0,4095.0,3347.0,3540.0,3615.0,4095.0,4047.0,4095.0,1.67,9.31,0.79,-0.07,-0.02,-0.03,f
3115.0,4095.0,3338.0,3523.0,3642.0,4095.0,4033.0,4095.0,1.74,9.48,1.15,-0.01,0.01,-0.03,f
3118.0,4095.0,3339.0,3558.0,3618.0,4095.0,4033.0,4095.0,1.42,9.46,0.85,-0.0,0.02,-0.02,f
3113.0,4095.0,3344.0,3665.0,3575.0,4095.0,4020.0,4095.0,1.36,9.49,0.89,0.05,0.08,-0.04,f
3107.0,4095.0,3346.0,3852.0,3583.0,4095.0,4034.0,4095.0,1.81,9.57,0.68,0.01,-0.04,0.03,f
3105.0,4095.0,3338.0,3979.0,3568.0,4095.0,4034.0,4095.0,1.81,9.31,0.76,-0.08,-0.05,-0.03,f
3114.0,4095.0,3335.0,4048.0,3513.0,4095.0,3989.0,4095.0,1.59,9.66,0.96,0.03,0.03,-0.02,f
3115.0,4095.0,3339.0,4031.0,3456.0,4095.0,3919.0,4095.0,1.51,9.42,0.89,-0.06,-0.05,0.02,f
3103.0,4095.0,3342.0,3874.0,3455.0,4095.0,3894.0,4095.0,1.5,9.46,0.68,-0.03,0.09,-0.03,f
3110.0,4095.0,3339.0,3788.0,3474.0,4095.0,3905.0,4095.0,1.65,9.57,0.87,0.0,-0.05,0.04,f
3104.0,4095.0,3335.0,3632.0,3467.0,4095.0,3879.0,4095.0,1.51,9.17,0.91,-0.11,0.07,-0.05,f
3111.0,4095.0,3335.0,3583.0,3463.0,4095.0,3861.0,4095.0,1.77,9.77,1.11,0.05,0.01,0.04,f
3107.0,4095.0,3322.0,3616.0,3475.0,4095.0,3862.0,4095.0,1.55,9.11,0.78,-0.04,-0.06,-0.01,f
3103.0,4095.0,3325.0,3673.0,3493.0,4095.0,3866.0,4095.0,1.63,9.62,0.75,0.02,0.06,-0.02,f
3105.0,4095.0,3319.0,3803.0,3495.0,4095.0,3875.0,4095.0,1.82,9.31,0.84,-0.0,-0.16,-0.05,f
3107.0,4095.0,3326.0,3935.0,3501.0,4095.0,3885.0,4095.0,1.13,9.65,0.77,0.11,0.12,-0.06,f
3103.0,4095.0,3315.0,3984.0,3515.0,4095.0,3888.0,4095.0,2.19,9.45,0.63,0.01,-0.14,0.01,f
3110.0,4095.0,3311.0,4005.0,3573.0,4095.0,3907.0,4095.0,1.38,9.28,0.56,-0.09,0.03,-0.02,f
3119.0,4095.0,3309.0,3884.0,3627.0,4095.0,3914.0,4095.0,1.69,9.79,1.13,-0.19,-0.0,0.02,f
3120.0,4095.0,3295.0,3664.0,3615.0,4095.0,3907.0,4095.0,1.77,9.54,0.75,0.01,-0.12,-0.04,f
3120.0,4095.0,3308.0,3568.0,3653.0,4095.0,3919.0,4095.0,1.56,9.42,0.83,-0.04,0.12,-0.06,f
3109.0,4095.0,3299.0,3298.0,3679.0,4095.0,3920.0,4095.0,1.99,9.45,0.72,-0.05,0.01,-0.04,f
3114.0,4095.0,3298.0,3213.0,3714.0,4095.0,3923.0,4095.0,1.42,9.42,0.82,0.02,-0.01,-0.03,f
3113.0,4095.0,3299.0,3291.0,3751.0,4095.0,3926.0,4095.0,1.51,9.6,0.69,0.04,0.07,0.01,f
3117.0,4095.0,3317.0,3354.0,3783.0,4095.0,3953.0,4095.0,1.83,9.21,0.6,-0.16,-0.1,-0.02,f
3124.0,4095.0,3314.0,3237.0,3798.0,4095.0,3949.0,4095.0,1.5,9.63,0.59,-0.06,0.07,-0.02,f
3122.0,4095.0,3326.0,3062.0,3796.0,4095.0,3953.0,4095.0,1.72,9.29,0.94,-0.11,-0.05,0.01,f
3124.0,4095.0,3337.0,2863.0,3793.0,4095.0,3950.0,4095.0,1.57,9.76,0.75,-0.09,0.03,-0.0,f
3123.0,4095.0,3326.0,2803.0,3809.0,4095.0,3958.0,4095.0,1.59,9.43,0.89,0.02,0.01,-0.02,f
3129.0,4095.0,3339.0,2826.0,3810.0,4095.0,3966.0,4095.0,1.69,9.35,0.76,-0.1,-0.04,0.02,f
3127.0,4095.0,3337.0,2863.0,3791.0,4095.0,3955.0,4095.0,1.72,9.73,0.9,0.01,-0.11,0.1,f
3136.0,4095.0,3359.0,2880.0,3830.0,4095.0,3984.0,4095.0,1.68,9.39,0.65,-0.13,0.1,-0.08,f
3138.0,4095.0,3359.0,2912.0,3833.0,4095.0,3994.0,4095.0,1.74,9.52,1.0,0.01,-0.07,0.07,f
3138.0,4095.0,3362.0,2960.0,3792.0,4095.0,3981.0,4095.0,1.18,9.66,0.85,-0.06,0.06,0.01,f
3141.0,4095.0,3372.0,2960.0,3758.0,4095.0,3984.0,4095.0,2.38,9.4,1.01,-0.03,-0.07,0.02,f
3147.0,4095.0,3361.0,3007.0,3647.0,4095.0,3993.0,4095.0,1.48,9.23,0.54,-0.07,0.02,-0.06,f
3151.0,4095.0,3364.0,3163.0,3599.0,4095.0,3991.0,4095.0,1.61,9.76,1.02,-0.01,-0.06,-0.03,f
3150.0,4095.0,3348.0,3307.0,3521.0,4095.0,3991.0,4095.0,1.67,9.29,0.85,-0.03,-0.08,0.0,f
3151.0,4095.0,3344.0,3373.0,3431.0,4095.0,3915.0,4095.0,1.63,9.37,0.89,0.02,0.09,-0.04,f
3151.0,4095.0,3350.0,3370.0,3419.0,4095.0,3889.0,4095.0,1.87,9.44,0.86,-0.09,-0.04,-0.0,f
3156.0,4095.0,3465.0,3329.0,3417.0,4095.0,4035.0,4095.0,2.39,9.53,0.97,-0.04,0.18,-0.12,f
3163.0,4095.0,3650.0,3234.0,3394.0,4095.0,4095.0,4095.0,1.19,9.5,0.72,-0.06,0.11,-0.05,f
3172.0,4095.0,3760.0,3170.0,3383.0,4095.0,4095.0,4095.0,1.95,9.24,0.92,-0.13,-0.13,-0.07,f
3168.0,4095.0,3728.0,3149.0,3377.0,4095.0,4095.0,4095.0,1.09,9.5,1.1,0.07,0.15,0.02,f
3183.0,4095.0,3687.0,3197.0,3394.0,4095.0,4095.0,4095.0,2.07,9.73,1.03,0.1,-0.16,0.08,f
3183.0,4095.0,3655.0,3262.0,3433.0,4095.0,4095.0,4095.0,1.58,9.15,0.77,-0.02,-0.06,0.04,f
3184.0,4095.0,3644.0,3280.0,3446.0,4095.0,4095.0,4095.0,2.11,9.72,0.73,-0.09,0.05,-0.05,f
3190.0,4095.0,3662.0,3286.0,3453.0,4095.0,4095.0,4095.0,1.41,9.02,0.99,-0.06,-0.11,0.01,f
3200.0,4095.0,3679.0,3296.0,3450.0,4095.0,4095.0,4095.0,1.92,10.05,0.81,-0.08,0.07,-0.1,f
3323.0,4095.0,3871.0,3322.0,3457.0,4095.0,4095.0,4095.0,1.59,9.05,0.89,-0.09,-0.0,-0.0,f
3420.0,4095.0,3888.0,3345.0,3456.0,4095.0,3898.0,4095.0,1.53,9.67,0.47,-0.06,0.04,-0.02,f
3389.0,4095.0,3641.0,3347.0,3472.0,4095.0,3597.0,4095.0,1.73,10.03,1.16,0.09,-0.16,0.25,f
3166.0,4095.0,3422.0,3367.0,3496.0,4095.0,3787.0,4095.0,1.89,8.94,0.9,-0.2,0.14,-0.09,f
3154.0,4095.0,3446.0,3379.0,3514.0,4095.0,3822.0,4095.0,1.86,9.95,1.33,0.02,0.05,0.08,f
3141.0,3632.0,3545.0,3381.0,3520.0,4095.0,3807.0,4095.0,1.68,8.89,0.91,0.07,-0.13,-0.0,f
3138.0,2882.0,3642.0,3390.0,3541.0,4095.0,3980.0,4095.0,1.69,9.76,0.84,-0.15,0.23,-0.11,f
3139.0,2784.0,3614.0,3409.0,3563.0,4095.0,4095.0,4095.0,2.06,9.16,1.09,-0.06,0.01,-0.05,f
3140.0,2771.0,3568.0,3424.0,3570.0,4095.0,3909.0,4095.0,1.47,9.44,0.9,0.02,-0.03,0.02,f
3142.0,2870.0,3536.0,3455.0,3583.0,4095.0,3841.0,4095.0,1.87,9.15,1.07,-0.05,0.04,-0.0,f
3136.0,2903.0,3506.0,3469.0,3601.0,4095.0,3763.0,4095.0,1.57,9.51,0.9,0.01,0.05,0.02,f
3138.0,2911.0,3513.0,3467.0,3605.0,4095.0,3758.0,4095.0,1.82,9.34,1.02,0.0,-0.09,0.06,f
3137.0,2925.0,3489.0,3472.0,3617.0,4095.0,3822.0,4095.0,2.02,9.48,1.12,0.05,0.06,-0.1,f
3135.0,2923.0,3476.0,3472.0,3612.0,4095.0,3869.0,4095.0,2.05,9.68,0.98,0.17,-0.32,0.03,f
3145.0,2855.0,3446.0,3478.0,3605.0,4095.0,3817.0,4095.0,1.38,8.93,0.55,0.01,0.06,-0.1,f
3138.0,2597.0,3415.0,3486.0,3583.0,4095.0,3556.0,4095.0,2.22,10.09,1.06,0.26,-0.3,0.06,f
3136.0,2950.0,3401.0,3494.0,3583.0,4095.0,3611.0,4095.0,1.37,9.0,0.53,-0.08,0.06,-0.04,f
3148.0,3577.0,3429.0,3491.0,3582.0,4095.0,3690.0,4095.0,2.14,9.78,0.7,0.17,-0.11,0.01,f
3190.0,3985.0,3397.0,3489.0,3583.0,4095.0,3701.0,4095.0,1.35,8.89,0.28,-0.18,0.02,-0.06,f
3187.0,4095.0,3441.0,3498.0,3597.0,4095.0,3753.0,4095.0,2.01,9.78,0.51,0.04,0.16,-0.1,f
3177.0,4095.0,3481.0,3502.0,3601.0,4095.0,3811.0,4095.0,1.64,9.35,0.8,-0.05,-0.17,0.1,f
3182.0,4095.0,3519.0,3503.0,3606.0,4095.0,3834.0,4095.0,1.63,9.39,0.4,-0.07,0.18,-0.04,f
3155.0,4095.0,3517.0,3504.0,3601.0,4095.0,3833.0,4095.0,1.96,9.26,0.8,-0.08,-0.17,0.16,f
3157.0,4095.0,3534.0,3475.0,3583.0,4095.0,3814.0,4095.0,1.56,9.6,0.57,0.09,0.01,0.0,f
3147.0,4095.0,3487.0,3478.0,3581.0,4095.0,3777.0,4095.0,2.31,9.13,0.76,-0.03,-0.16,-0.01,f
3139.0,4095.0,3443.0,3496.0,3603.0,4095.0,3735.0,4095.0,1.86,9.84,0.64,0.08,0.02,-0.05,f
3141.0,4095.0,3494.0,3489.0,3601.0,4095.0,3792.0,4095.0,1.97,9.3,0.38,-0.06,-0.08,-0.01,f
3125.0,4095.0,3494.0,3453.0,3583.0,4095.0,3835.0,4095.0,1.99,9.56,0.27,-0.08,0.03,-0.08,f
3122.0,4095.0,3490.0,3421.0,3578.0,4095.0,3888.0,4095.0,1.93,9.29,0.78,0.06,-0.15,0.03,f
3136.0,4095.0,3469.0,3414.0,3597.0,4095.0,3962.0,4095.0,1.73,9.76,0.33,-0.08,0.1,-0.03,f
3127.0,4095.0,3443.0,3407.0,3583.0,4095.0,4095.0,4095.0,1.95,9.44,0.63,0.01,-0.07,0.02,f
3123.0,4095.0,3440.0,3379.0,3578.0,4095.0,4095.0,4095.0,2.05,9.25,0.38,-0.27,0.02,-0.04,f
3129.0,4095.0,3437.0,3378.0,3583.0,4095.0,4095.0,4095.0,2.2,9.7,0.76,0.07,-0.05,-0.01,f
3127.0,4095.0,3440.0,3376.0,3578.0,4095.0,4095.0,4095.0,1.77,9.39,0.67,-0.07,0.01,0.01,f
3132.0,4095.0,3431.0,3399.0,3583.0,4095.0,4095.0,4095.0,2.31,9.46,0.45,0.0,-0.1,-0.04,f
3126.0,4095.0,3422.0,3466.0,3611.0,4095.0,4095.0,4095.0,1.4,9.36,0.44,-0.4,0.11,-0.06,f
3130.0,4095.0,3429.0,3571.0,3606.0,4095.0,4095.0,4095.0,2.25,9.62,0.97,-0.03,-0.02,-0.0,f
3149.0,2831.0,3499.0,3657.0,3614.0,4095.0,3861.0,4095.0,1.66,9.36,1.04,-0.26,0.42,-0.01,f
3185.0,3869.0,3549.0,3805.0,3677.0,4095.0,4048.0,4095.0,2.27,9.23,0.46,-0.04,0.05,-0.14,f
3151.0,4095.0,3530.0,3879.0,3781.0,4095.0,4095.0,4095.0,1.06,9.56,1.11,-0.03,-0.01,-0.0,f
3205.0,4095.0,3505.0,3878.0,3762.0,4095.0,4095.0,4095.0,2.26,9.61,0.79,-0.04,-0.09,0.06,f
3277.0,4095.0,3542.0,3875.0,3735.0,4095.0,3974.0,4095.0,1.51,9.44,0.7,0.23,0.06,0.04,f
3246.0,4095.0,3565.0,3799.0,3728.0,4095.0,4059.0,4095.0,2.07,9.44,0.72,0.03,0.06,0.03,f
3204.0,4095.0,3618.0,3691.0,3726.0,4095.0,4048.0,4095.0,1.63,9.32,0.57,0.06,0.01,-0.04,f
3200.0,4095.0,3568.0,3577.0,3695.0,4095.0,3972.0,4095.0,1.59,9.32,0.3,0.09,0.09,-0.06,f
3183.0,4095.0,3583.0,3493.0,3671.0,4095.0,3988.0,4095.0,2.06,9.53,0.5,0.07,-0.08,-0.02,f
3169.0,4095.0,3563.0,3422.0,3659.0,4095.0,3998.0,4095.0,1.73,9.38,0.45,0.04,-0.07,-0.02,f
3159.0,4095.0,3532.0,3344.0,3652.0,4095.0,3966.0,4095.0,1.65,9.65,0.36,0.0,0.04,0.0,f
3152.0,4095.0,3506.0,3280.0,3637.0,4095.0,3951.0,4095.0,1.76,9.2,0.42,-0.01,-0.04,0.03,f
3151.0,4095.0,3472.0,3202.0,3600.0,4095.0,3935.0,4095.0,2.14,9.7,0.39,-0.08,-0.03,-0.01,f
3151.0,4095.0,3452.0,3159.0,3610.0,4095.0,3925.0,4095.0,1.81,9.28,0.59,0.01,-0.05,0.01,f
3155.0,4095.0,3441.0,3136.0,3602.0,4095.0,3888.0,4095.0,1.93,9.68,0.45,-0.05,0.1,-0.01,f
3152.0,4095.0,3432.0,3111.0,3583.0,4095.0,3899.0,4095.0,2.06,9.49,0.54,0.05,-0.11,0.08,f
3152.0,4095.0,3440.0,3111.0,3568.0,4095.0,4042.0,4095.0,2.05,9.06,0.39,-0.15,-0.02,-0.01,f
3161.0,4095.0,3486.0,3122.0,3574.0,4095.0,4095.0,4095.0,2.04,9.66,0.7,-0.06,0.07,-0.03,f
3174.0,4095.0,3507.0,3163.0,3600.0,4095.0,4095.0,4095.0,1.93,9.02,0.51,-0.05,-0.11,0.03,f
3152.0,4095.0,3508.0,3179.0,3610.0,4095.0,4095.0,4095.0,2.01,9.47,0.48,-0.07,0.01,-0.04,f
3142.0,4095.0,3476.0,3201.0,3606.0,4095.0,3952.0,4095.0,2.19,9.19,0.56,-0.03,-0.07,-0.04,f
3152.0,4095.0,3395.0,3207.0,3620.0,4095.0,3645.0,4095.0,1.82,9.77,0.31,0.01,-0.06,0.05,f
3145.0,4095.0,3363.0,3219.0,3623.0,4095.0,3369.0,4095.0,2.33,9.42,0.38,-0.04,0.08,-0.17,f
3141.0,4095.0,3365.0,3238.0,3617.0,4095.0,3395.0,4095.0,1.73,9.67,0.64,-0.07,0.05,-0.04,f
3145.0,4095.0,3374.0,3248.0,3632.0,4095.0,3411.0,4095.0,1.96,9.07,0.64,-0.06,-0.07,-0.08,f
3137.0,4095.0,3355.0,3248.0,3630.0,4095.0,3417.0,4095.0,1.92,9.9,0.78,0.02,0.01,0.05,f
3141.0,4095.0,3373.0,3250.0,3632.0,4095.0,3457.0,4095.0,1.85,9.48,0.71,-0.02,0.0,-0.02,f
3142.0,4095.0,3366.0,3249.0,3632.0,4095.0,3472.0,4095.0,2.1,9.63,0.51,-0.03,0.01,-0.0,f
3151.0,4095.0,3366.0,3248.0,3639.0,4095.0,3478.0,4095.0,2.08,9.34,0.51,-0.12,-0.02,-0.02,f
3283.0,4095.0,3515.0,3249.0,3632.0,4095.0,3502.0,4095.0,1.66,9.52,0.68,0.06,0.01,0.01,f
3392.0,4095.0,3601.0,3248.0,3633.0,4095.0,3468.0,4095.0,1.88,9.19,0.56,-0.09,0.07,-0.01,f
3405.0,4095.0,3632.0,3248.0,3648.0,4095.0,3382.0,4095.0,1.95,9.83,0.5,0.07,0.02,-0.02,f
3255.0,4095.0,3466.0,3255.0,3650.0,4095.0,3435.0,4095.0,2.04,9.34,0.56,-0.04,-0.03,-0.01,f
3143.0,4095.0,3375.0,3255.0,3647.0,4095.0,3529.0,4095.0,1.98,9.72,0.58,0.06,-0.04,-0.04,f
3145.0,4095.0,3395.0,3263.0,3654.0,4095.0,3538.0,4095.0,1.78,9.34,0.58,-0.01,-0.01,0.01,f
3153.0,4095.0,3418.0,3264.0,3652.0,4095.0,3743.0,4095.0,1.82,9.5,0.66,-0.17,0.13,-0.05,f
3154.0,3664.0,3459.0,3264.0,3655.0,4095.0,4095.0,4095.0,1.85,9.53,0.63,-0.09,0.02,0.02,f
3154.0,3531.0,3440.0,3267.0,3664.0,4095.0,4095.0,4095.0,1.63,9.3,0.72,-0.11,0.05,0.03,f
3152.0,3137.0,3413.0,3269.0,3663.0,4095.0,4095.0,4095.0,1.8,9.89,0.72,0.13,0.14,-0.02,f
3139.0,2944.0,3394.0,3263.0,3650.0,4095.0,4095.0,4095.0,1.6,8.86,0.42,-0.13,-0.02,0.08,f
3141.0,2832.0,3344.0,3263.0,3663.0,4095.0,4095.0,4095.0,1.77,9.56,0.69,0.02,0.11,-0.1,f
3141.0,2699.0,3296.0,3264.0,3658.0,4095.0,4095.0,4095.0,1.92,9.55,0.78,0.04,-0.09,0.01,f
3141.0,3094.0,3275.0,3263.0,3666.0,4095.0,4095.0,4095.0,2.03,9.43,0.54,0.17,-0.19,0.0,f
3142.0,3257.0,3273.0,3262.0,3664.0,4095.0,4095.0,4095.0,2.12,9.21,0.58,-0.13,0.06,-0.04,f
3149.0,2842.0,3287.0,3260.0,3663.0,4095.0,4095.0,4095.0,2.05,9.88,0.36,0.08,-0.02,0.05,f
3166.0,2533.0,3323.0,3262.0,3664.0,4095.0,4095.0,4095.0,1.52,8.98,0.28,-0.08,0.03,-0.03,f
3169.0,2555.0,3331.0,3259.0,3662.0,4095.0,4095.0,4095.0,2.07,9.76,0.56,0.01,-0.02,-0.02,f
3178.0,2501.0,3371.0,3258.0,3664.0,4095.0,4095.0,4095.0,1.84,9.15,0.46,-0.12,-0.01,-0.01,f
3184.0,2462.0,3376.0,3259.0,3670.0,4095.0,4095.0,4095.0,2.19,9.71,0.49,-0.03,0.05,-0.11,f
3188.0,2611.0,3376.0,3263.0,3665.0,4095.0,4095.0,4095.0,1.44,9.5,0.75,0.04,-0.05,0.05,f
3189.0,2542.0,3365.0,3259.0,3667.0,4095.0,4095.0,4095.0,1.98,9.67,0.52,-0.02,0.04,-0.04,f
3235.0,2529.0,3372.0,3264.0,3670.0,4095.0,4095.0,4095.0,1.9,9.01,0.37,-0.14,0.04,-0.03,f
3246.0,2510.0,3376.0,3279.0,3674.0,4095.0,4095.0,4095.0,1.99,9.37,0.53,-0.09,0.0,-0.05,f
3248.0,2480.0,3375.0,3281.0,3673.0,4095.0,4095.0,4095.0,1.69,9.55,0.91,0.0,-0.05,0.02,f
3271.0,2544.0,3379.0,3283.0,3675.0,4095.0,4095.0,4095.0,1.89,9.41,0.34,-0.08,0.07,-0.09,f
3257.0,2711.0,3401.0,3289.0,3679.0,4095.0,4095.0,4095.0,1.91,9.62,0.63,0.1,-0.11,0.05,f
3258.0,3036.0,3413.0,3286.0,3680.0,4095.0,4095.0,4095.0,1.73,9.39,0.65,-0.1,0.07,-0.07,f
3251.0,3715.0,3431.0,3293.0,3681.0,4095.0,4095.0,4095.0,2.13,9.78,0.74,0.06,-0.04,0.01,f
3265.0,3894.0,3430.0,3294.0,3687.0,4095.0,4073.0,4095.0,1.7,8.99,0.51,-0.1,-0.01,-0.01,f
3248.0,3831.0,3421.0,3285.0,3679.0,4095.0,4047.0,4095.0,1.84,9.87,0.71,0.03,0.11,-0.04,f
3248.0,3297.0,3440.0,3286.0,3679.0,4095.0,4095.0,4095.0,2.16,9.05,0.86,-0.04,-0.11,0.06,f
3259.0,3057.0,3443.0,3291.0,3687.0,4095.0,4095.0,4095.0,1.8,9.77,0.31,-0.07,0.09,-0.02,f
3275.0,3067.0,3475.0,3291.0,3685.0,4095.0,4095.0,4095.0,2.0,9.24,0.57,-0.12,-0.05,-0.04,f
3280.0,3393.0,3468.0,3294.0,3685.0,4095.0,4095.0,4095.0,1.91,9.83,0.92,0.12,-0.03,-0.05,f
3278.0,3783.0,3444.0,3291.0,3685.0,4095.0,4095.0,4095.0,1.7,9.47,0.75,-0.02,-0.01,0.02,f
3283.0,4095.0,3436.0,3293.0,3685.0,4095.0,4095.0,4095.0,1.95,9.48,0.45,0.03,0.01,-0.04,f
3273.0,4095.0,3425.0,3291.0,3685.0,4095.0,4095.0,4095.0,1.88,9.38,0.72,-0.06,0.01,0.01,f
3263.0,4011.0,3426.0,3296.0,3691.0,4095.0,4095.0,4095.0,1.86,9.64,0.54,-0.14,0.17,-0.11,f
3262.0,3634.0,3415.0,3303.0,3696.0,4095.0,4095.0,4095.0,1.7,9.16,1.03,0.1,-0.03,-0.01,f
3257.0,3133.0,3426.0,3303.0,3693.0,4095.0,4095.0,4095.0,1.6,9.79,0.42,0.1,0.04,-0.01,f
3197.0,2881.0,3449.0,3312.0,3693.0,4095.0,4095.0,4095.0,2.07,9.28,0.32,-0.03,-0.12,0.08,f
3175.0,3024.0,3457.0,3314.0,3698.0,4095.0,4095.0,4095.0,1.81,9.45,0.6,0.08,0.01,-0.02,f
3155.0,3071.0,3333.0,3334.0,3684.0,4095.0,4095.0,4095.0,2.08,9.99,0.07,0.1,-0.08,-0.12,f
3165.0,3117.0,3344.0,3344.0,3696.0,4095.0,4095.0,4095.0,1.64,9.31,0.42,0.11,-0.11,0.01,f
3169.0,3018.0,3269.0,3344.0,3698.0,4095.0,4095.0,4095.0,2.14,10.06,0.29,0.09,0.05,-0.01,f
3182.0,2928.0,3216.0,3371.0,3696.0,4095.0,4095.0,4095.0,1.92,9.14,0.13,0.06,-0.18,0.05,f
3181.0,3046.0,3376.0,3422.0,3703.0,4095.0,4095.0,4095.0,1.78,9.96,0.11,0.09,0.06,-0.03,f
3200.0,2917.0,3271.0,3510.0,3687.0,4095.0,4095.0,4095.0,1.71,9.13,0.08,-0.03,-0.05,-0.02,f
3204.0,2943.0,3330.0,3721.0,3660.0,4095.0,4095.0,4095.0,1.73,9.68,0.2,0.03,-0.09,0.01,f
3186.0,2833.0,3341.0,4000.0,3669.0,4095.0,4095.0,4095.0,1.71,9.23,0.22,-0.03,-0.02,0.05,f
3136.0,2289.0,3312.0,4059.0,3633.0,4095.0,3711.0,4095.0,2.11,9.67,0.29,0.19,-0.17,0.04,f
3127.0,2545.0,3443.0,4080.0,3647.0,4095.0,3955.0,4095.0,2.1,9.18,-0.24,0.06,-0.01,0.07,f
3125.0,3449.0,3397.0,4084.0,3658.0,4095.0,3979.0,4095.0,1.99,9.81,-0.08,-0.03,-0.03,-0.01,f
3122.0,3392.0,3370.0,4095.0,3685.0,4095.0,3995.0,4095.0,1.92,9.23,-0.13,-0.13,0.04,-0.01,f
3131.0,3440.0,3362.0,4095.0,3725.0,4095.0,4016.0,4095.0,2.0,9.45,-0.04,-0.16,-0.02,-0.08,f
3135.0,3409.0,3365.0,3954.0,3729.0,4095.0,4010.0,4095.0,1.66,9.79,0.18,-0.04,0.03,0.0,f
3127.0,3349.0,3367.0,3811.0,3701.0,4095.0,4007.0,4095.0,1.92,9.51,0.07,0.03,0.04,-0.02,f
3129.0,3238.0,3385.0,3631.0,3653.0,4095.0,4006.0,4095.0,1.97,9.39,0.17,-0.1,-0.07,0.06,f
3129.0,3262.0,3382.0,3392.0,3619.0,4095.0,3955.0,4095.0,2.19,9.55,0.13,-0.09,0.1,-0.05,f
3120.0,3469.0,3383.0,3225.0,3583.0,4095.0,3947.0,4095.0,2.12,9.6,0.23,0.01,-0.12,0.02,f
3121.0,3615.0,3392.0,3081.0,3520.0,4095.0,3952.0,4095.0,1.76,9.45,-0.09,-0.12,0.02,-0.1,f
3136.0,4018.0,3377.0,2965.0,3458.0,4095.0,3942.0,4095.0,2.0,9.51,0.23,0.12,-0.11,0.01,f
3139.0,4018.0,3387.0,2913.0,3438.0,4095.0,3911.0,4095.0,1.67,9.47,0.16,-0.14,0.08,-0.01,f
3140.0,3951.0,3392.0,2935.0,3455.0,4095.0,3920.0,4095.0,2.37,9.47,0.2,0.04,0.05,0.01,f
3136.0,4055.0,3386.0,2995.0,3482.0,4095.0,3915.0,4095.0,2.0,9.54,-0.13,-0.02,-0.02,0.03,f
3145.0,4095.0,3397.0,3018.0,3497.0,4095.0,3923.0,4095.0,2.15,9.45,0.08,-0.13,0.03,-0.04,f
3141.0,4093.0,3401.0,3041.0,3504.0,4095.0,3918.0,4095.0,2.13,9.95,0.36,-0.04,0.08,-0.0,f
3161.0,2867.0,3423.0,3088.0,3525.0,4095.0,3961.0,4095.0,2.04,8.82,-0.05,-0.35,0.13,-0.1,f
3152.0,2403.0,3405.0,3110.0,3531.0,4095.0,3968.0,4095.0,1.97,9.6,0.27,-0.07,0.06,-0.02,f
3134.0,2428.0,3410.0,3120.0,3537.0,4095.0,4034.0,4095.0,2.14,9.73,0.78,-0.03,0.01,-0.08,f
2985.0,2477.0,3408.0,3121.0,3536.0,4095.0,4095.0,4095.0,1.72,9.5,0.11,-0.04,0.03,-0.03,f
2880.0,2499.0,3407.0,3131.0,3541.0,4095.0,4095.0,4095.0,1.88,9.66,0.34,0.06,0.04,-0.01,f
2784.0,2512.0,3397.0,3148.0,3551.0,4095.0,4095.0,4095.0,2.07,9.37,0.41,-0.09,-0.04,-0.03,f
2702.0,2514.0,3404.0,3143.0,3553.0,4095.0,4095.0,4095.0,1.92,9.72,0.35,0.12,0.04,0.02,f
2673.0,2518.0,3399.0,3143.0,3555.0,4095.0,4095.0,4095.0,1.92,9.28,0.02,-0.08,-0.05,-0.0,f
2861.0,2527.0,3404.0,3147.0,3561.0,4095.0,4095.0,4095.0,2.07,9.76,0.23,0.1,-0.07,-0.01,f
3093.0,2501.0,3409.0,3200.0,3555.0,4095.0,4095.0,4095.0,1.65,9.38,0.41,-0.05,0.01,0.06,f
3178.0,2688.0,3414.0,3344.0,3558.0,4095.0,4079.0,4095.0,2.22,9.81,-0.02,0.08,-0.1,0.02,f
3171.0,2798.0,3418.0,3467.0,3543.0,4095.0,4047.0,4095.0,2.27,9.06,0.11,-0.09,-0.03,-0.05,f
3167.0,2784.0,3415.0,3682.0,3526.0,4095.0,4030.0,4095.0,1.7,9.81,0.11,0.03,0.05,-0.01,f
3161.0,2781.0,3411.0,3927.0,3537.0,4095.0,4030.0,4095.0,1.88,9.35,0.15,-0.02,-0.02,-0.0,f
3157.0,2749.0,3425.0,4035.0,3573.0,4095.0,3999.0,4095.0,1.93,9.66,0.15,-0.02,0.05,0.0,f
3143.0,2702.0,3409.0,4050.0,3633.0,4095.0,3984.0,4095.0,2.17,9.48,0.09,-0.08,-0.0,0.0,f
3063.0,2481.0,3402.0,4029.0,3697.0,4095.0,3979.0,4095.0,1.91,9.4,-0.05,-0.02,-0.01,-0.04,f
2705.0,3047.0,3404.0,3978.0,3749.0,4095.0,3970.0,4095.0,1.97,9.71,0.25,0.05,0.06,-0.1,f
2643.0,4095.0,3418.0,3872.0,3748.0,4095.0,3958.0,4095.0,2.27,9.77,0.14,0.13,-0.13,0.01,f
3117.0,4095.0,3435.0,3863.0,3614.0,4095.0,3967.0,4095.0,1.53,9.22,-0.11,0.03,0.08,-0.01,f
3195.0,3520.0,3447.0,3864.0,3565.0,4095.0,3968.0,4095.0,2.43,9.64,0.01,-0.07,-0.07,-0.0,f
3169.0,3007.0,3463.0,3762.0,3538.0,4095.0,4006.0,4095.0,1.94,9.37,0.19,-0.01,-0.04,0.02,f
3147.0,2739.0,3456.0,3583.0,3536.0,4095.0,4034.0,4095.0,1.64,9.55,-0.16,-0.08,0.13,-0.08,f
3145.0,2794.0,3461.0,3465.0,3535.0,4095.0,4049.0,4095.0,2.03,9.43,-0.09,-0.01,-0.06,-0.01,f
3129.0,2895.0,3472.0,3371.0,3522.0,4095.0,4082.0,4095.0,1.91,9.61,-0.18,-0.1,-0.0,-0.05,f
3146.0,2923.0,3462.0,3312.0,3518.0,4095.0,4095.0,4095.0,1.75,9.5,0.35,0.02,-0.01,0.04,f
3137.0,2992.0,3471.0,3309.0,3518.0,4095.0,4095.0,4095.0,2.01,9.68,0.26,-0.14,0.08,-0.03,f
3138.0,3041.0,3483.0,3327.0,3531.0,4095.0,4095.0,4095.0,2.1,9.51,-0.08,0.06,-0.03,0.02,f
3139.0,3033.0,3476.0,3333.0,3536.0,4095.0,4095.0,4095.0,2.04,9.38,0.01,-0.15,0.01,-0.04,f
3139.0,2938.0,3479.0,3340.0,3534.0,4095.0,4095.0,4095.0,1.82,9.96,0.27,-0.06,0.01,0.0,f
3141.0,2899.0,3499.0,3328.0,3536.0,4095.0,4095.0,4095.0,1.73,9.48,-0.05,-0.12,0.08,0.01,f
3141.0,2846.0,3459.0,3342.0,3541.0,4095.0,4095.0,4095.0,2.22,9.5,0.11,0.02,0.01,0.01,f
3130.0,2679.0,3408.0,3364.0,3547.0,4095.0,4095.0,4095.0,1.75,9.31,0.04,-0.17,0.03,-0.05,f
3119.0,2832.0,3346.0,3396.0,3565.0,4095.0,3747.0,4095.0,1.85,9.78,0.45,0.16,-0.1,0.02,f
3129.0,2657.0,3353.0,3402.0,3568.0,4095.0,3843.0,4095.0,1.96,9.44,0.04,-0.08,0.05,-0.07,f
3126.0,2803.0,3377.0,3407.0,3575.0,4095.0,4095.0,4095.0,1.99,9.5,0.1,-0.01,-0.05,-0.01,f
3135.0,2864.0,3390.0,3408.0,3579.0,4095.0,4095.0,4095.0,1.72,9.4,0.0,-0.08,0.08,-0.06,f
3133.0,2822.0,3376.0,3411.0,3575.0,4095.0,4095.0,4095.0,1.76,9.41,0.29,0.05,-0.02,-0.05,f
3136.0,2737.0,3375.0,3397.0,3543.0,4095.0,4095.0,4095.0,1.5,9.5,0.23,0.05,0.0,0.0,f
3136.0,2765.0,3366.0,3314.0,3556.0,4095.0,4095.0,4095.0,1.88,9.55,-0.12,-0.01,0.04,-0.08,f
3145.0,2797.0,3378.0,3233.0,3555.0,4095.0,4095.0,4095.0,2.13,9.45,-0.11,-0.01,-0.04,0.02,f
3141.0,2795.0,3376.0,3215.0,3557.0,4095.0,4085.0,4095.0,1.61,9.39,0.01,-0.01,0.04,-0.06,f
3142.0,2867.0,3374.0,3222.0,3520.0,4095.0,4059.0,4095.0,1.84,9.65,0.01,-0.05,-0.02,-0.04,f
3152.0,2839.0,3398.0,3219.0,3543.0,4095.0,4079.0,4095.0,1.78,9.64,0.01,-0.08,0.03,-0.08,f
4095.0,3025.0,2703.0,3954.0,4095.0,3849.0,3031.0,3024.0,-3.05,8.03,4.08,0.07,-0.02,0.03,g
4095.0,3042.0,2175.0,3954.0,4095.0,3856.0,3041.0,3033.0,-3.33,8.15,3.73,-0.03,-0.06,-0.02,g
4095.0,3061.0,3042.0,3962.0,4095.0,3878.0,3056.0,3050.0,-3.12,8.25,3.81,0.01,-0.17,0.12,g
4095.0,3039.0,2339.0,3965.0,4095.0,3852.0,3041.0,3029.0,-2.72,7.95,3.62,0.05,-0.01,-0.04,g
4095.0,3071.0,1951.0,3962.0,4095.0,3890.0,3069.0,3056.0,-3.23,8.15,3.67,0.01,0.01,0.03,g
4095.0,3023.0,2419.0,3975.0,4095.0,3835.0,3021.0,3008.0,-3.07,8.02,3.54,-0.06,-0.04,0.01,g
4095.0,3003.0,2611.0,3965.0,4095.0,3815.0,3008.0,2997.0,-2.75,8.05,3.45,-0.12,0.11,-0.12,g
4095.0,3004.0,2607.0,3973.0,4095.0,3823.0,3011.0,3001.0,-3.15,8.29,3.85,-0.08,-0.01,0.04,g
4095.0,3010.0,2831.0,3979.0,4095.0,3818.0,3006.0,2993.0,-3.16,8.22,4.06,-0.12,0.0,-0.01,g
4095.0,3011.0,2445.0,3974.0,4095.0,3824.0,3010.0,3002.0,-2.89,8.09,4.07,0.04,0.03,-0.01,g
4095.0,3005.0,1889.0,3975.0,4095.0,3819.0,3009.0,2997.0,-3.16,7.86,3.73,-0.04,-0.0,-0.04,g
4095.0,3008.0,2065.0,3978.0,4095.0,3823.0,3014.0,3001.0,-2.94,8.19,3.77,-0.02,-0.01,-0.01,g
4095.0,3025.0,1859.0,3975.0,4095.0,3842.0,3024.0,3011.0,-3.23,8.02,3.85,-0.01,-0.05,0.01,g
4095.0,3039.0,2100.0,3979.0,4095.0,3852.0,3033.0,3023.0,-2.85,8.2,3.74,0.01,0.03,0.0,g
4095.0,2999.0,2157.0,3983.0,4095.0,3810.0,3007.0,2993.0,-3.12,7.94,3.85,-0.07,-0.04,-0.02,g
4095.0,2996.0,2128.0,3971.0,4095.0,3805.0,2999.0,2986.0,-2.79,8.11,3.73,0.01,0.03,-0.06,g
4095.0,3021.0,1356.0,3975.0,4095.0,3836.0,3022.0,3011.0,-3.35,7.93,3.73,-0.04,0.04,-0.02,g
4095.0,3030.0,2159.0,3949.0,4095.0,3837.0,3025.0,3018.0,-3.22,8.17,3.64,-0.11,0.04,-0.07,g
4095.0,3029.0,2367.0,3947.0,4095.0,3834.0,3024.0,3011.0,-3.0,8.03,3.92,-0.03,0.02,-0.01,g
4095.0,3041.0,2300.0,3941.0,4095.0,3851.0,3033.0,3024.0,-3.33,8.05,3.72,-0.1,0.04,-0.05,g
4095.0,3051.0,2281.0,3922.0,4095.0,3857.0,3043.0,3034.0,-3.13,8.04,4.02,-0.03,-0.01,0.04,g
4095.0,3056.0,2282.0,3923.0,4095.0,3877.0,3056.0,3047.0,-3.09,8.15,4.26,-0.07,-0.04,-0.01,g
4095.0,3054.0,2283.0,3921.0,4095.0,3862.0,3054.0,3045.0,-3.0,8.08,4.09,0.04,-0.0,-0.02,g
4095.0,3055.0,2320.0,3922.0,4095.0,3867.0,3051.0,3042.0,-3.08,7.89,3.74,0.02,-0.03,-0.03,g
4095.0,3047.0,2593.0,3933.0,4095.0,3869.0,3050.0,3043.0,-3.22,8.09,3.62,0.01,0.0,-0.01,g
4095.0,3047.0,2767.0,3911.0,4095.0,3853.0,3047.0,3035.0,-3.01,8.08,3.93,-0.02,-0.01,0.02,g
4095.0,3055.0,2518.0,3923.0,4095.0,3873.0,3058.0,3052.0,-3.04,7.97,3.67,-0.03,-0.01,-0.0,g
4095.0,3042.0,2384.0,3923.0,4095.0,3852.0,3037.0,3025.0,-3.0,7.9,3.82,-0.05,-0.04,0.02,g
4095.0,3034.0,1937.0,3934.0,4095.0,3850.0,3037.0,3024.0,-2.95,8.16,3.81,-0.05,0.04,-0.04,g
4095.0,3089.0,2071.0,3931.0,4095.0,3901.0,3082.0,3068.0,-3.03,8.07,3.84,-0.04,-0.01,-0.0,g
4095.0,3088.0,1984.0,3930.0,4095.0,3907.0,3082.0,3066.0,-3.08,8.0,3.91,-0.06,0.02,-0.02,g
4095.0,3061.0,1872.0,3937.0,4095.0,3894.0,3069.0,3055.0,-3.18,8.11,3.97,-0.05,0.03,-0.01,g
4095.0,3059.0,1971.0,3932.0,4095.0,3877.0,3055.0,3045.0,-3.05,8.06,4.08,-0.05,-0.03,0.03,g
4095.0,3027.0,1805.0,3933.0,4095.0,3842.0,3033.0,3024.0,-3.17,8.03,4.0,-0.02,0.02,0.01,g
4095.0,3024.0,1728.0,3946.0,4095.0,3842.0,3023.0,3014.0,-2.9,8.01,3.83,-0.01,-0.01,-0.01,g
4095.0,3019.0,1667.0,3939.0,4095.0,3834.0,3024.0,3013.0,-3.01,8.16,4.05,0.0,-0.02,0.01,g
4095.0,3039.0,1733.0,3943.0,4095.0,3856.0,3038.0,3028.0,-2.93,8.11,3.94,0.02,-0.03,0.02,g
4095.0,3051.0,2340.0,3936.0,4095.0,3879.0,3056.0,3046.0,-2.96,7.88,3.43,0.02,0.04,-0.03,g
4095.0,3071.0,1750.0,3941.0,4095.0,3901.0,3069.0,3062.0,-3.01,8.06,3.63,-0.08,0.01,-0.0,g
4095.0,3110.0,1964.0,3935.0,4095.0,3948.0,3109.0,3102.0,-3.01,8.09,4.08,-0.06,-0.03,0.03,g
4095.0,3088.0,1900.0,3938.0,4095.0,3911.0,3088.0,3071.0,-2.99,8.24,4.11,0.0,0.05,-0.03,g
4095.0,3094.0,2069.0,3943.0,4095.0,3931.0,3101.0,3091.0,-2.89,7.91,3.58,0.01,0.05,-0.03,g
4095.0,3120.0,2161.0,3927.0,4095.0,3957.0,3120.0,3111.0,-3.06,8.02,3.73,-0.09,-0.04,0.0,g
4095.0,3138.0,2201.0,3921.0,4095.0,3983.0,3137.0,3130.0,-3.02,8.19,3.69,-0.01,0.08,-0.05,g
4095.0,3097.0,2263.0,3951.0,4095.0,3933.0,3099.0,3092.0,-3.24,8.03,3.92,-0.05,0.0,-0.0,g
4095.0,3095.0,2285.0,3978.0,4095.0,3946.0,3099.0,3088.0,-2.86,8.09,3.95,-0.01,-0.0,-0.02,g
4095.0,3067.0,2464.0,3963.0,4095.0,3911.0,3084.0,3067.0,-3.3,7.99,4.19,0.07,-0.05,-0.0,g
4095.0,3058.0,2331.0,3949.0,4095.0,3904.0,3071.0,3061.0,-2.84,8.44,3.94,0.19,-0.11,0.03,g
4095.0,3058.0,2245.0,3941.0,4095.0,3903.0,3086.0,3061.0,-2.82,7.96,3.29,0.01,0.01,-0.01,g
4095.0,3055.0,3102.0,3954.0,4095.0,3913.0,3086.0,3067.0,-2.74,8.14,3.31,-0.07,0.02,-0.01,g
4095.0,3056.0,2525.0,3952.0,4095.0,3898.0,3058.0,3057.0,-3.18,7.98,3.73,-0.21,0.02,-0.06,g
4095.0,3035.0,2559.0,3945.0,4095.0,3870.0,3029.0,3041.0,-3.26,8.15,3.82,-0.06,0.08,-0.01,g
4095.0,3024.0,2514.0,3935.0,4095.0,3839.0,3009.0,3025.0,-2.87,8.21,3.86,-0.12,-0.02,0.02,g
4095.0,3024.0,3071.0,3934.0,4095.0,3807.0,2973.0,3023.0,-3.04,7.98,4.05,-0.0,-0.04,0.01,g
4095.0,3047.0,3166.0,3937.0,4095.0,3745.0,2928.0,3011.0,-2.8,8.43,4.02,0.01,-0.07,-0.06,g
4095.0,3028.0,3165.0,3935.0,4095.0,3754.0,2935.0,3015.0,-3.02,7.86,3.87,0.13,0.05,-0.0,g
3831.0,3056.0,3181.0,3954.0,4095.0,3818.0,3009.0,3039.0,-3.21,8.24,3.65,0.21,-0.09,-0.02,g
3853.0,3044.0,3169.0,3973.0,4095.0,3839.0,3025.0,3031.0,-3.06,8.07,3.52,0.07,-0.12,0.02,g
4095.0,3088.0,3214.0,4015.0,4095.0,3886.0,3088.0,3087.0,-3.11,8.0,3.37,0.13,-0.17,0.03,g
3408.0,3113.0,3243.0,4053.0,4095.0,3942.0,3172.0,3133.0,-2.62,8.31,3.74,0.22,-0.43,0.12,g
3325.0,3113.0,3053.0,4095.0,4095.0,3966.0,3197.0,3135.0,-2.44,8.6,3.17,-0.1,0.12,-0.09,g
3319.0,3103.0,2593.0,4095.0,4095.0,3967.0,3214.0,3131.0,-2.83,7.81,3.87,0.03,-0.2,0.05,g
3334.0,3121.0,2458.0,4095.0,4095.0,4000.0,3248.0,3162.0,-2.63,8.6,3.51,-0.11,-0.01,0.01,g
3326.0,3120.0,2695.0,4095.0,4038.0,4005.0,3251.0,3170.0,-2.97,7.89,4.01,0.03,0.04,-0.0,g
3286.0,3114.0,3225.0,4095.0,4054.0,4043.0,3302.0,3182.0,-2.73,8.58,3.62,-0.1,0.07,0.01,g
4095.0,3098.0,3119.0,4095.0,4095.0,4087.0,3367.0,3211.0,-3.01,7.95,3.68,-0.23,0.25,-0.03,g
4059.0,3118.0,3224.0,4095.0,4095.0,4095.0,3411.0,3228.0,-2.64,8.31,3.58,-0.23,0.28,-0.05,g
3583.0,3151.0,3265.0,4095.0,4095.0,4095.0,3461.0,3255.0,-3.03,7.92,3.68,-0.08,0.09,0.0,g
3429.0,3158.0,3286.0,4095.0,4095.0,4095.0,3515.0,3262.0,-3.05,8.4,3.72,-0.04,0.02,0.03,g
3415.0,3152.0,3290.0,4095.0,4095.0,4095.0,3568.0,3277.0,-2.58,8.18,3.95,-0.01,-0.05,0.0,g
3445.0,3162.0,3287.0,4095.0,4095.0,4095.0,3600.0,3284.0,-2.94,7.92,3.85,0.03,-0.04,-0.01,g
3504.0,3152.0,3280.0,4095.0,4095.0,4095.0,3606.0,3298.0,-2.79,8.08,3.79,-0.01,-0.08,-0.04,g
3619.0,3150.0,3221.0,4095.0,4095.0,4095.0,3633.0,3323.0,-2.68,8.32,3.44,0.01,0.06,-0.08,g
3790.0,3157.0,3280.0,4095.0,4095.0,4095.0,3680.0,3347.0,-2.99,7.92,3.93,-0.04,-0.14,0.08,g
3790.0,3153.0,3270.0,4095.0,4095.0,4095.0,3699.0,3357.0,-2.8,8.64,3.5,-0.08,0.09,-0.08,g
3997.0,3185.0,3312.0,4095.0,4095.0,4095.0,3778.0,3409.0,-2.7,7.92,4.19,-0.17,-0.1,0.02,g
4095.0,3132.0,3248.0,4095.0,4095.0,4095.0,3845.0,3407.0,-2.41,8.52,3.66,-0.23,-0.03,-0.18,g
4095.0,3066.0,3203.0,4095.0,4095.0,4095.0,4095.0,3391.0,-2.86,7.55,4.32,-0.01,0.01,-0.07,g
4095.0,3088.0,3214.0,4095.0,4095.0,4095.0,3930.0,3367.0,-2.77,8.6,3.53,-0.24,0.17,-0.23,g
4095.0,2999.0,3129.0,4095.0,4095.0,4095.0,3802.0,3267.0,-3.45,7.53,4.29,0.09,-0.12,0.05,g
4095.0,2934.0,3019.0,4095.0,4095.0,4095.0,3839.0,3238.0,-3.16,8.18,3.88,-0.01,0.09,-0.03,g
4095.0,2934.0,3062.0,4095.0,4095.0,4095.0,3887.0,3243.0,-2.66,8.0,4.07,-0.04,-0.04,0.0,g
4095.0,2923.0,3045.0,4095.0,4095.0,4095.0,3935.0,3219.0,-2.77,8.43,4.02,0.11,-0.01,0.04,g
4095.0,2958.0,3092.0,4095.0,4095.0,4095.0,3981.0,3233.0,-3.38,7.65,3.9,-0.05,-0.06,0.1,g
4095.0,2927.0,3066.0,4095.0,4095.0,4095.0,3951.0,3205.0,-2.45,8.44,3.8,0.06,-0.18,0.18,g
4095.0,2909.0,3045.0,4095.0,4095.0,4095.0,3894.0,3175.0,-2.9,7.64,4.01,-0.09,0.03,0.0,g
4095.0,2945.0,3091.0,4095.0,4095.0,4095.0,4095.0,3207.0,-2.32,8.76,3.73,0.13,0.03,0.04,g
4095.0,2935.0,3086.0,4095.0,4095.0,4095.0,4075.0,3227.0,-2.6,7.98,3.7,-0.31,0.03,-0.08,g
3971.0,2928.0,3065.0,4095.0,4095.0,4095.0,3920.0,3241.0,-2.57,8.16,4.03,0.02,0.12,-0.07,g
4095.0,2944.0,3083.0,4095.0,4095.0,4095.0,3696.0,3248.0,-3.54,7.72,4.05,0.12,-0.16,0.01,g
4095.0,2963.0,3094.0,4095.0,4047.0,4049.0,3438.0,3246.0,-2.23,8.74,3.94,0.01,-0.12,-0.01,g
4095.0,2994.0,3120.0,4095.0,4071.0,3919.0,3306.0,3188.0,-3.14,7.54,4.11,0.04,0.06,0.05,g
4095.0,3055.0,3184.0,4095.0,4095.0,3862.0,3262.0,3203.0,-2.27,8.99,3.49,-0.04,-0.02,0.07,g
4095.0,3058.0,3189.0,4095.0,4095.0,3882.0,3255.0,3200.0,-2.54,7.45,4.17,-0.01,-0.15,0.11,g
4095.0,3071.0,3195.0,4095.0,4095.0,3889.0,3198.0,3191.0,-2.67,8.92,3.62,-0.08,0.15,-0.08,g
4095.0,3063.0,3197.0,4095.0,4095.0,3914.0,3190.0,3186.0,-2.49,7.9,4.08,-0.02,-0.11,0.09,g
4095.0,3062.0,3190.0,4095.0,4095.0,3924.0,3213.0,3209.0,-2.63,8.68,3.49,0.02,-0.05,-0.1,g
3854.0,3063.0,3197.0,4095.0,4095.0,3887.0,3206.0,3218.0,-2.46,7.72,4.19,-0.06,-0.14,-0.01,g
2987.0,3050.0,3171.0,4095.0,4095.0,3792.0,3141.0,3217.0,-3.43,8.06,3.83,-0.55,0.04,-0.27,g
2579.0,3067.0,3191.0,4095.0,4095.0,3746.0,3104.0,3230.0,-2.32,7.96,4.21,-0.02,-0.22,0.13,g
2526.0,3057.0,3184.0,4095.0,4095.0,3730.0,3082.0,3199.0,-2.86,7.74,4.44,-0.05,0.03,-0.0,g
2401.0,3116.0,3228.0,4095.0,4095.0,3804.0,3142.0,3250.0,-2.55,8.53,3.86,0.01,-0.19,0.11,g
2383.0,3071.0,3194.0,4095.0,4095.0,3780.0,3123.0,3236.0,-1.51,8.0,4.26,0.01,-0.07,-0.03,g
2098.0,3056.0,3187.0,4095.0,4095.0,3741.0,3120.0,3243.0,-2.62,8.1,3.99,-0.19,-0.03,-0.1,g
1985.0,3053.0,3179.0,4095.0,4095.0,3711.0,3113.0,3231.0,-2.43,8.2,4.2,0.06,-0.07,-0.03,g
2033.0,3046.0,3169.0,4095.0,4095.0,3696.0,3109.0,3222.0,-2.35,8.34,4.11,-0.06,0.01,-0.04,g
2170.0,3037.0,3159.0,4095.0,4095.0,3667.0,3095.0,3207.0,-2.17,8.09,4.32,0.02,-0.0,0.04,g
2157.0,3024.0,3145.0,4095.0,4095.0,3665.0,3089.0,3184.0,-2.55,8.43,3.87,-0.2,0.35,-0.2,g
2103.0,3025.0,3139.0,4095.0,4095.0,3696.0,3104.0,3182.0,-2.44,7.97,4.25,0.05,-0.04,0.03,g
1998.0,3025.0,3149.0,4095.0,4095.0,3735.0,3125.0,3184.0,-2.45,8.21,3.82,-0.1,0.18,-0.1,g
2224.0,3023.0,3146.0,4095.0,4095.0,3757.0,3131.0,3186.0,-2.62,7.98,4.28,0.05,0.01,-0.01,g
2390.0,3017.0,3151.0,4095.0,4095.0,3760.0,3133.0,3188.0,-2.6,8.12,4.02,-0.12,0.06,-0.05,g
2718.0,3014.0,3143.0,4095.0,4095.0,3785.0,3147.0,3184.0,-2.62,8.22,4.24,0.02,-0.03,0.07,g
2987.0,3025.0,3151.0,4095.0,4095.0,3805.0,3170.0,3187.0,-2.93,7.89,4.23,-0.06,-0.02,0.01,g
2943.0,3019.0,3142.0,4095.0,4095.0,3815.0,3173.0,3187.0,-2.03,8.47,3.96,0.0,-0.0,-0.02,g
2787.0,3015.0,3143.0,4095.0,4095.0,3815.0,3179.0,3193.0,-2.36,7.83,4.34,0.12,-0.13,0.0,g
2747.0,3019.0,3142.0,4095.0,4095.0,3800.0,3174.0,3196.0,-2.68,8.17,3.9,-0.01,-0.01,-0.11,g
2727.0,3018.0,3139.0,4095.0,4095.0,3803.0,3173.0,3199.0,-2.54,8.24,4.17,0.09,-0.06,0.09,g
2691.0,3009.0,3149.0,4095.0,4095.0,3809.0,3176.0,3199.0,-2.51,8.11,4.16,-0.06,-0.02,0.02,g
2661.0,3015.0,3140.0,4095.0,4095.0,3819.0,3177.0,3197.0,-2.06,8.47,3.84,0.07,0.11,-0.07,g
2864.0,3018.0,3147.0,4095.0,4095.0,3827.0,3195.0,3206.0,-2.77,7.75,4.01,-0.12,0.13,-0.09,g
3009.0,3013.0,3142.0,4095.0,4095.0,3838.0,3194.0,3216.0,-2.54,8.18,4.13,-0.05,-0.07,0.06,g
3071.0,3015.0,3137.0,4095.0,4095.0,3850.0,3200.0,3220.0,-2.61,7.74,4.16,-0.12,0.11,-0.05,g
3165.0,3031.0,3154.0,4095.0,4095.0,3885.0,3220.0,3237.0,-2.52,8.56,3.95,0.1,-0.06,0.09,g
3123.0,3053.0,3173.0,4095.0,4095.0,3915.0,3260.0,3245.0,-2.34,7.94,3.89,-0.24,-0.02,-0.03,g
3611.0,3044.0,3174.0,4095.0,4095.0,3923.0,3257.0,3230.0,-2.1,8.33,4.1,0.01,-0.01,0.02,g
4095.0,3054.0,3169.0,4095.0,4095.0,3957.0,3293.0,3222.0,-2.56,7.91,4.32,-0.01,-0.04,0.02,g
4095.0,3058.0,3193.0,4095.0,4095.0,4007.0,3600.0,3232.0,-2.31,8.59,4.04,-0.04,0.01,-0.04,g
4095.0,3091.0,3207.0,4095.0,4095.0,4063.0,3498.0,3265.0,-2.3,7.97,4.29,0.1,-0.13,0.1,g
4095.0,3088.0,3207.0,4095.0,4095.0,4053.0,3579.0,3268.0,-2.17,8.57,3.91,-0.05,0.06,-0.08,g
4095.0,3087.0,3198.0,4095.0,4095.0,4045.0,3564.0,3271.0,-2.45,7.98,4.13,0.09,-0.04,0.07,g
3925.0,3091.0,3200.0,4095.0,4095.0,4051.0,3574.0,3286.0,-2.37,8.2,3.82,0.05,-0.05,-0.03,g
3703.0,3095.0,3206.0,4095.0,4095.0,4080.0,3601.0,3312.0,-2.22,8.32,3.75,0.03,-0.07,-0.03,g
2981.0,3065.0,3164.0,4095.0,4095.0,4049.0,3708.0,3323.0,-2.16,8.1,4.27,0.07,-0.17,0.06,g
2499.0,3088.0,3183.0,4095.0,4095.0,4095.0,3515.0,3367.0,-2.24,8.46,3.75,-0.05,0.16,-0.12,g
2326.0,3079.0,3186.0,4095.0,4095.0,4095.0,3565.0,3401.0,-2.4,8.16,3.88,0.11,-0.07,0.06,g
2337.0,3125.0,3230.0,4095.0,4095.0,4095.0,3674.0,3439.0,-2.17,8.32,3.75,-0.14,0.06,-0.08,g
2458.0,3120.0,3235.0,4095.0,4095.0,4095.0,3711.0,3425.0,-2.34,8.23,3.72,0.02,0.14,-0.02,g
2512.0,3118.0,3233.0,4095.0,4095.0,4095.0,3727.0,3426.0,-2.42,8.12,3.73,-0.15,0.0,-0.02,g
2529.0,3130.0,3233.0,4095.0,4095.0,4095.0,3729.0,3430.0,-2.35,8.59,3.89,-0.02,0.05,-0.01,g
2591.0,3133.0,3235.0,4095.0,4095.0,4095.0,3746.0,3440.0,-2.43,8.21,4.02,-0.03,-0.06,0.0,g
2599.0,3120.0,3237.0,4095.0,4095.0,4095.0,3856.0,3431.0,-2.29,8.58,3.84,0.01,-0.01,0.0,g
3061.0,3121.0,3232.0,4095.0,4095.0,4095.0,3862.0,3421.0,-2.46,7.63,4.07,-0.06,-0.0,0.06,g
3440.0,3131.0,3246.0,4095.0,4095.0,4095.0,3839.0,3429.0,-2.3,8.65,3.81,-0.09,0.04,0.02,g
3761.0,3141.0,3248.0,4095.0,4095.0,4095.0,3761.0,3439.0,-1.97,8.17,4.08,0.0,-0.08,0.09,g
4037.0,3121.0,3243.0,4095.0,4095.0,4095.0,3767.0,3431.0,-2.66,8.24,3.74,-0.15,0.14,-0.02,g
4095.0,3122.0,3249.0,4095.0,4095.0,4095.0,3773.0,3446.0,-1.79,8.37,3.99,-0.02,-0.13,0.14,g
4095.0,3127.0,3245.0,4095.0,4095.0,4095.0,3785.0,3461.0,-2.08,8.1,4.09,-0.07,0.02,-0.05,g
4095.0,3116.0,3236.0,4095.0,4095.0,4095.0,3815.0,3478.0,-2.21,8.61,3.96,-0.06,0.05,-0.02,g
4095.0,3109.0,3239.0,4095.0,4095.0,4095.0,3824.0,3498.0,-2.1,8.19,4.11,0.06,-0.09,-0.01,g
4095.0,3118.0,3235.0,4095.0,4095.0,4095.0,3799.0,3494.0,-2.0,8.3,3.89,0.05,-0.02,-0.03,g
4095.0,3113.0,3228.0,4095.0,4095.0,4095.0,3793.0,3490.0,-1.98,8.41,3.62,0.12,-0.1,-0.02,g
4095.0,3103.0,3230.0,4095.0,4095.0,4095.0,3792.0,3493.0,-2.29,7.74,4.0,-0.22,-0.15,-0.07,g
4095.0,3099.0,3216.0,4095.0,4095.0,4095.0,3765.0,3483.0,-2.01,8.8,3.97,0.06,-0.0,0.01,g
4095.0,3091.0,3216.0,4095.0,4095.0,4095.0,3764.0,3472.0,-2.46,7.97,4.26,-0.14,-0.04,-0.0,g
4095.0,3091.0,3211.0,4095.0,4095.0,4095.0,3781.0,3473.0,-1.87,8.66,4.05,0.04,0.02,0.03,g
4095.0,3090.0,3209.0,4095.0,4095.0,4095.0,3773.0,3473.0,-1.71,7.99,4.02,0.0,-0.01,-0.06,g
3671.0,3093.0,3211.0,4095.0,4095.0,4095.0,3792.0,3467.0,-1.72,8.55,4.27,0.02,-0.09,-0.13,g
3405.0,3101.0,3206.0,4095.0,4095.0,4095.0,3837.0,3486.0,-2.24,8.36,4.13,0.09,0.29,-0.15,g
3610.0,3095.0,3207.0,4095.0,4095.0,4095.0,3958.0,3485.0,-2.69,8.43,3.54,0.04,0.25,-0.17,g
4095.0,3091.0,3200.0,4095.0,4095.0,4095.0,3995.0,3489.0,-2.08,8.08,3.94,-0.01,-0.07,0.05,g
4095.0,3088.0,3214.0,4095.0,4095.0,4095.0,3956.0,3491.0,-2.37,8.37,3.73,-0.09,0.14,-0.08,g
4095.0,3085.0,3197.0,4095.0,4095.0,4095.0,4031.0,3502.0,-2.19,8.4,3.9,-0.01,0.03,-0.04,g
4095.0,3093.0,3201.0,4095.0,4095.0,4095.0,4095.0,3504.0,-2.35,8.04,3.92,-0.12,0.08,-0.19,g
4095.0,3085.0,3199.0,4095.0,4095.0,4095.0,4095.0,3518.0,-2.32,8.65,3.8,0.04,0.15,-0.1,g
4095.0,3071.0,3195.0,4095.0,4095.0,4095.0,4095.0,3459.0,-2.86,7.99,3.81,0.02,0.03,-0.07,g
4095.0,3067.0,3193.0,4095.0,4095.0,4095.0,4095.0,3358.0,-2.31,8.38,3.61,-0.01,-0.12,-0.08,g
4095.0,3068.0,3198.0,4095.0,4095.0,4095.0,4095.0,3349.0,-2.15,8.26,3.82,-0.0,-0.05,-0.03,g
4095.0,3061.0,3191.0,4095.0,4095.0,4095.0,4095.0,3355.0,-2.85,8.06,3.73,-0.07,0.07,-0.13,g
4095.0,3061.0,3183.0,4095.0,4095.0,4095.0,4014.0,3301.0,-2.76,7.79,3.9,-0.04,-0.1,0.04,g
4095.0,3069.0,3184.0,4095.0,4095.0,4095.0,3597.0,3233.0,-2.44,8.17,3.86,0.0,-0.04,0.0,g
4095.0,3065.0,3193.0,4095.0,4095.0,4095.0,3447.0,3171.0,-2.45,8.34,3.82,-0.03,0.02,-0.02,g
4048.0,3056.0,3188.0,4095.0,4095.0,4095.0,3457.0,3166.0,-2.74,8.11,3.92,0.05,-0.02,0.04,g
3952.0,3056.0,3189.0,4095.0,4095.0,4023.0,3121.0,3069.0,-2.5,8.37,3.45,-0.11,0.02,0.01,g
3905.0,3045.0,3172.0,4095.0,4095.0,3829.0,2873.0,3007.0,-2.21,8.33,3.98,-0.02,-0.25,0.08,g
3909.0,3115.0,3217.0,4095.0,4095.0,3939.0,2933.0,3056.0,-2.21,8.09,3.94,-0.12,-0.01,-0.01,g
3952.0,3107.0,3215.0,4095.0,4095.0,4001.0,3070.0,3146.0,-2.6,8.44,3.74,0.05,0.08,-0.04,g
3974.0,3108.0,3184.0,4095.0,4095.0,4046.0,3232.0,3247.0,-1.93,8.59,3.78,-0.45,0.01,-0.23,g
3961.0,3114.0,3164.0,4095.0,4095.0,4095.0,3379.0,3302.0,-1.86,8.56,3.5,-0.05,-0.14,0.03,g
3600.0,3129.0,3157.0,4095.0,4095.0,4055.0,3421.0,3359.0,-2.85,7.68,4.77,-0.43,-0.16,-0.12,g
3579.0,3121.0,3137.0,4095.0,4095.0,4023.0,3482.0,3375.0,-2.31,8.01,4.35,-0.01,-0.16,0.05,g
3571.0,3119.0,3131.0,4095.0,4095.0,4042.0,3677.0,3418.0,-2.12,8.28,4.14,-0.39,0.06,-0.09,g
3607.0,3113.0,3109.0,4095.0,4095.0,4067.0,3552.0,3523.0,-1.89,8.14,4.66,-0.07,-0.09,0.05,g
3636.0,3120.0,3120.0,4095.0,4095.0,3952.0,3408.0,3622.0,-2.55,8.17,4.41,-0.35,0.11,-0.15,g
3613.0,3115.0,3127.0,4095.0,4095.0,3954.0,3334.0,3614.0,-2.49,7.81,4.61,0.06,-0.12,0.2,g
3571.0,3099.0,3138.0,4095.0,4095.0,3958.0,3312.0,3583.0,-2.58,7.57,4.79,-0.0,-0.1,0.05,g
3552.0,3093.0,3139.0,4095.0,4095.0,3962.0,3273.0,3578.0,-2.01,8.37,4.25,0.22,-0.1,0.27,g
3522.0,3099.0,3133.0,4095.0,4095.0,3962.0,3287.0,3583.0,-2.05,7.87,4.62,0.03,-0.44,0.34,g
3507.0,3098.0,3147.0,4095.0,4095.0,3997.0,3344.0,3583.0,-1.49,8.44,4.34,0.12,-0.17,0.14,g
3493.0,3094.0,3150.0,4095.0,4095.0,3952.0,3250.0,3568.0,-2.05,7.76,4.38,0.02,-0.05,0.16,g
3497.0,3097.0,3136.0,4095.0,4095.0,3920.0,3282.0,3506.0,-1.69,8.66,3.74,-0.31,-0.08,0.14,g
3533.0,3082.0,3123.0,4095.0,4095.0,3959.0,3373.0,3549.0,-1.48,7.67,4.58,-0.15,-0.0,0.09,g
3552.0,3101.0,3158.0,4095.0,4095.0,4032.0,3469.0,3530.0,-1.11,8.22,4.61,-0.35,0.1,0.08,g
3583.0,3107.0,3170.0,4095.0,4095.0,4051.0,3447.0,3621.0,-0.86,8.01,5.51,0.05,-0.09,-0.01,g
3869.0,3098.0,3178.0,4095.0,4095.0,4095.0,3530.0,3633.0,-1.3,8.14,4.76,-0.02,0.19,-0.01,g
4095.0,3114.0,3201.0,4095.0,4095.0,4095.0,3517.0,3600.0,-1.56,8.09,4.69,0.01,-0.15,0.01,g
4095.0,3114.0,3204.0,4095.0,4095.0,4095.0,3511.0,3603.0,-1.38,8.23,4.46,0.01,0.1,-0.1,g
4095.0,3071.0,3181.0,4095.0,4095.0,4095.0,3497.0,3626.0,-1.68,7.96,4.88,0.05,0.1,0.06,g
4095.0,3090.0,3201.0,4095.0,4095.0,4095.0,3583.0,3703.0,-1.62,8.29,4.43,-0.26,-0.09,-0.04,g
4095.0,3159.0,3255.0,4095.0,4095.0,4095.0,3629.0,3785.0,-1.52,7.98,4.86,-0.08,0.07,-0.01,g
4095.0,3189.0,3297.0,4095.0,4095.0,4095.0,3648.0,3825.0,-1.21,7.85,4.75,0.0,0.19,-0.06,g
4095.0,3213.0,3331.0,4095.0,4095.0,4095.0,3492.0,3860.0,-2.24,7.76,4.71,0.02,0.13,-0.09,g
3160.0,3167.0,3265.0,4095.0,4095.0,4095.0,3398.0,3743.0,-1.83,8.08,4.79,-0.14,-0.27,-0.07,g
3176.0,3093.0,3184.0,4095.0,4095.0,4095.0,3315.0,3658.0,-1.55,8.36,4.59,-0.22,0.24,-0.1,g
3186.0,3141.0,3233.0,4095.0,4095.0,4095.0,3348.0,3649.0,-2.09,6.95,4.91,-0.4,0.2,-0.09,g
3158.0,3038.0,3127.0,4095.0,4095.0,3879.0,3138.0,3457.0,-1.56,8.5,5.17,0.01,-0.19,0.04,g
3242.0,3117.0,3194.0,4095.0,4095.0,3856.0,3071.0,3433.0,-1.75,7.35,5.47,0.12,-0.03,0.08,g
3632.0,3084.0,3163.0,4095.0,4095.0,3898.0,3067.0,3362.0,-2.05,8.65,4.31,-0.01,0.25,-0.06,g
4095.0,3071.0,3183.0,4095.0,4095.0,3951.0,3082.0,3329.0,-1.35,7.73,4.93,0.05,-0.24,0.14,g
4095.0,3065.0,3171.0,4095.0,4095.0,3957.0,3055.0,3325.0,-1.87,7.62,4.77,-0.12,0.14,-0.06,g
4095.0,3062.0,3173.0,4095.0,4095.0,3952.0,3022.0,3295.0,-1.48,8.38,4.64,-0.01,0.08,0.01,g
4095.0,3035.0,3150.0,4095.0,4095.0,3940.0,2999.0,3259.0,-1.64,7.74,4.96,-0.09,-0.15,0.12,g
4095.0,3025.0,3137.0,4095.0,4095.0,3953.0,3011.0,3267.0,-1.23,8.02,4.92,-0.17,0.17,-0.12,g
4095.0,3056.0,3171.0,4095.0,4095.0,4015.0,3065.0,3328.0,-1.68,8.12,5.09,0.03,0.2,-0.03,g
4095.0,3046.0,3175.0,4095.0,4095.0,4033.0,3071.0,3339.0,-1.83,7.61,4.87,-0.1,0.06,-0.07,g
4095.0,3085.0,3197.0,4095.0,4095.0,4080.0,3111.0,3376.0,-1.78,8.04,5.0,0.04,0.07,-0.02,g
4095.0,3119.0,3230.0,4095.0,4095.0,4095.0,3155.0,3415.0,-2.14,7.45,5.03,0.01,-0.06,0.03,g
4095.0,3102.0,3219.0,4095.0,4095.0,4095.0,3154.0,3409.0,-1.82,8.59,4.62,-0.02,0.06,0.04,g
4095.0,3088.0,3217.0,4095.0,4095.0,4095.0,3158.0,3407.0,-1.19,7.48,5.09,-0.0,-0.09,0.08,g
4095.0,3071.0,3200.0,4095.0,4095.0,4095.0,3142.0,3400.0,-1.5,8.01,4.61,-0.16,0.11,-0.14,g
3894.0,3128.0,3247.0,4095.0,4095.0,4053.0,3152.0,3432.0,-1.32,8.32,5.22,0.22,-0.26,0.03,g
3376.0,3139.0,3267.0,4095.0,4095.0,4060.0,3213.0,3481.0,-2.0,7.31,5.09,0.01,0.04,-0.01,g
4095.0,3049.0,3181.0,4095.0,4095.0,4011.0,3179.0,3393.0,-1.81,8.42,4.2,0.1,-0.06,0.18,g
4095.0,3046.0,3174.0,4095.0,4095.0,4036.0,3211.0,3410.0,-1.14,7.8,5.12,-0.12,-0.2,0.06,g
4095.0,3034.0,3175.0,4095.0,4095.0,4033.0,3216.0,3419.0,-2.0,7.48,4.63,-0.12,0.35,-0.15,g
3342.0,3046.0,3169.0,4095.0,4095.0,3991.0,3219.0,3430.0,-1.7,8.15,5.01,-0.04,-0.06,-0.04,g
4095.0,3041.0,3182.0,4095.0,4095.0,4043.0,3248.0,3457.0,-1.28,7.93,4.92,0.13,-0.13,0.03,g
4095.0,3042.0,3178.0,4095.0,4095.0,4055.0,3261.0,3473.0,-1.35,7.81,4.78,-0.12,0.04,-0.13,g
3899.0,3041.0,3168.0,4095.0,4095.0,4015.0,3236.0,3471.0,-1.63,8.3,4.27,0.17,-0.13,0.02,g
3215.0,3052.0,3174.0,4095.0,4095.0,3841.0,3145.0,3376.0,-1.9,7.82,5.98,-0.06,-0.38,-0.01,g
4095.0,3063.0,3184.0,4095.0,4095.0,4016.0,3222.0,3376.0,-1.87,8.61,4.15,0.07,0.23,-0.08,g
4095.0,3071.0,3197.0,4095.0,4095.0,4095.0,3334.0,3419.0,-1.42,7.62,5.0,0.07,-0.16,0.12,g
4095.0,3133.0,3227.0,4095.0,4095.0,4095.0,3378.0,3457.0,-1.48,8.53,4.51,-0.14,0.19,-0.03,g
4095.0,3121.0,3237.0,4095.0,4095.0,4095.0,3415.0,3474.0,-1.3,7.94,4.9,-0.01,0.04,-0.0,g
4095.0,3107.0,3230.0,4095.0,4095.0,4095.0,3461.0,3495.0,-1.65,7.84,4.76,-0.14,0.03,-0.07,g
4095.0,3107.0,3232.0,4095.0,4095.0,4095.0,3511.0,3520.0,-1.66,8.18,4.74,-0.03,0.11,0.0,g
4095.0,3105.0,3226.0,4095.0,4095.0,4095.0,3601.0,3571.0,-1.63,7.76,4.97,-0.09,-0.02,0.02,g
4095.0,3094.0,3227.0,4095.0,4095.0,4095.0,3702.0,3635.0,-1.51,7.91,4.48,-0.13,0.12,-0.07,g
4095.0,3093.0,3229.0,4095.0,4095.0,4095.0,3798.0,3709.0,-1.8,7.98,5.01,-0.01,0.07,0.07,g
4095.0,3093.0,3229.0,4095.0,4095.0,4095.0,3856.0,3725.0,-1.49,8.3,4.6,-0.13,0.08,-0.06,g
4095.0,3094.0,3221.0,4095.0,4095.0,4095.0,3904.0,3729.0,-1.52,7.49,4.98,0.09,-0.13,0.05,g
4095.0,3093.0,3212.0,4095.0,4095.0,4095.0,3904.0,3701.0,-1.1,8.11,4.93,-0.03,0.08,-0.14,g
4095.0,3103.0,3223.0,4095.0,4095.0,4095.0,3859.0,3667.0,-1.7,8.34,4.7,0.09,0.08,0.03,g
4095.0,3107.0,3216.0,4095.0,4095.0,4095.0,3821.0,3678.0,-1.5,7.51,4.94,-0.1,-0.17,0.06,g
3873.0,3116.0,3234.0,4095.0,4095.0,4095.0,3819.0,3712.0,-1.54,8.41,4.53,-0.03,0.15,-0.04,g
3397.0,3121.0,3239.0,4095.0,4095.0,4095.0,3810.0,3726.0,-1.52,7.7,4.96,0.05,-0.02,0.07,g
3312.0,3113.0,3239.0,4095.0,4095.0,4095.0,3805.0,3716.0,-1.78,8.03,4.69,-0.09,-0.01,-0.05,g
3277.0,3114.0,3225.0,4095.0,4095.0,4095.0,3837.0,3727.0,-1.22,8.04,4.69,-0.01,0.04,-0.01,g
3242.0,3103.0,3235.0,4095.0,4095.0,4095.0,3873.0,3737.0,-1.81,7.57,4.87,-0.21,0.08,-0.04,g
3415.0,3097.0,3238.0,4095.0,4095.0,4095.0,3877.0,3751.0,-1.43,8.49,4.79,-0.0,0.04,0.01,g
3481.0,3107.0,3247.0,4095.0,4095.0,4095.0,3887.0,3760.0,-2.17,7.4,5.05,0.02,-0.02,0.01,g
3485.0,3113.0,3237.0,4095.0,4095.0,4095.0,3918.0,3786.0,-1.74,8.61,4.26,-0.06,0.1,-0.02,g
3286.0,3106.0,3219.0,4095.0,4095.0,4095.0,3999.0,3771.0,-1.76,7.52,4.75,0.04,-0.17,0.09,g
2843.0,3085.0,3210.0,4095.0,4095.0,4095.0,4095.0,3777.0,-0.84,8.36,4.67,-0.02,0.08,-0.07,g
3250.0,3087.0,3227.0,4095.0,4095.0,4095.0,4095.0,3783.0,-1.97,7.28,4.87,-0.05,0.23,0.03,g
3869.0,3066.0,3209.0,4095.0,4095.0,4095.0,4095.0,3767.0,-1.56,8.54,4.6,-0.12,-0.06,-0.03,g
3951.0,3071.0,3222.0,4095.0,4095.0,4095.0,4095.0,3740.0,-1.49,8.15,4.73,0.1,0.05,0.03,g
4095.0,3094.0,3237.0,4095.0,4095.0,4095.0,3994.0,3651.0,-1.76,7.32,4.73,0.0,-0.14,0.04,g
4095.0,3071.0,3239.0,4095.0,4095.0,4095.0,3728.0,3439.0,-1.21,8.49,4.51,0.03,-0.08,0.05,g
4095.0,3099.0,3259.0,4095.0,4095.0,4095.0,3610.0,3403.0,-1.78,7.71,4.94,0.07,0.0,0.07,g
3171.0,2955.0,3063.0,2829.0,4095.0,3198.0,2621.0,4095.0,2.5,9.18,-2.7,-0.01,0.07,0.0,Hook'em
3174.0,2960.0,3071.0,2822.0,4095.0,3202.0,2624.0,4095.0,2.81,9.41,-2.81,-0.05,0.06,-0.08,Hook'em
3169.0,2934.0,3053.0,2821.0,4095.0,3184.0,2595.0,4095.0,2.24,8.76,-2.43,0.07,-0.03,0.01,Hook'em
3180.0,2887.0,3013.0,2831.0,4095.0,3136.0,2554.0,4095.0,2.72,9.27,-2.66,-0.04,0.07,0.0,Hook'em
3178.0,2930.0,3047.0,2842.0,4095.0,3181.0,2614.0,4095.0,2.65,9.23,-2.85,0.07,-0.02,-0.04,Hook'em
3171.0,2947.0,3059.0,2848.0,4095.0,3182.0,2637.0,4095.0,2.32,8.87,-2.99,0.05,-0.0,0.01,Hook'em
3175.0,2938.0,3056.0,2818.0,4095.0,3159.0,2637.0,4095.0,2.6,9.47,-3.04,-0.15,0.1,-0.04,Hook'em
3211.0,2972.0,3071.0,2809.0,4095.0,3191.0,2666.0,4095.0,2.54,8.43,-2.43,0.16,-0.25,-0.15,Hook'em
3235.0,2951.0,3056.0,2819.0,4095.0,3189.0,2642.0,4095.0,2.09,9.43,-2.96,-0.21,0.32,0.01,Hook'em
3229.0,2955.0,3062.0,2832.0,4095.0,3196.0,2651.0,4095.0,2.67,9.23,-2.71,-0.0,-0.1,-0.1,Hook'em
3233.0,2778.0,2887.0,2873.0,4095.0,3008.0,2429.0,4048.0,1.89,8.44,-2.69,0.09,0.03,-0.04,Hook'em
3233.0,2763.0,2795.0,2991.0,4095.0,3047.0,2327.0,3354.0,2.45,9.37,-2.79,-0.16,0.06,0.23,Hook'em
3225.0,2791.0,2752.0,3162.0,4095.0,3099.0,2386.0,3282.0,3.06,8.97,-2.88,0.04,-0.24,0.0,Hook'em
3211.0,2777.0,2741.0,3210.0,4095.0,3101.0,2416.0,3318.0,2.57,9.05,-2.86,-0.1,0.08,-0.15,Hook'em
3216.0,2775.0,2788.0,2965.0,4095.0,3047.0,2445.0,3520.0,2.21,9.04,-2.67,-0.08,0.04,0.07,Hook'em
3216.0,2782.0,2819.0,2854.0,4095.0,3042.0,2500.0,3727.0,3.06,9.21,-2.63,-0.07,-0.16,-0.17,Hook'em
3235.0,2783.0,2821.0,2811.0,4095.0,3051.0,2503.0,3787.0,1.85,8.99,-2.64,-0.05,0.1,-0.09,Hook'em
3258.0,2787.0,2810.0,2807.0,4095.0,3049.0,2491.0,3867.0,2.84,9.71,-2.75,0.01,-0.07,0.03,Hook'em
3280.0,2800.0,2842.0,2835.0,4095.0,3056.0,2496.0,4094.0,1.84,8.65,-2.39,0.1,-0.05,-0.04,Hook'em
3313.0,2802.0,2846.0,2832.0,4095.0,3058.0,2499.0,4095.0,2.51,9.56,-2.83,-0.08,0.16,0.04,Hook'em
3282.0,2800.0,2843.0,2821.0,4095.0,3050.0,2494.0,4095.0,2.63,9.1,-2.71,-0.06,-0.08,-0.05,Hook'em
3241.0,2807.0,2848.0,2802.0,4095.0,3042.0,2499.0,4095.0,2.7,9.18,-2.72,0.07,-0.05,-0.02,Hook'em
3219.0,2794.0,2864.0,2779.0,4095.0,3033.0,2503.0,4095.0,1.98,9.04,-2.83,-0.15,0.22,-0.12,Hook'em
3199.0,2786.0,2861.0,2763.0,4095.0,3026.0,2491.0,4095.0,2.45,9.4,-2.73,0.07,-0.1,0.05,Hook'em
3190.0,2788.0,2855.0,2755.0,4095.0,3024.0,2482.0,4095.0,2.22,9.13,-2.84,-0.14,0.13,-0.1,Hook'em
3202.0,2788.0,2864.0,2766.0,4095.0,3029.0,2481.0,4095.0,2.26,9.36,-2.86,-0.01,0.04,0.01,Hook'em
3193.0,2789.0,2857.0,2771.0,4095.0,3029.0,2480.0,4095.0,2.4,9.03,-2.5,0.02,-0.03,0.01,Hook'em
3202.0,2787.0,2834.0,2803.0,4095.0,3034.0,2479.0,4095.0,2.49,9.28,-2.89,-0.05,0.07,-0.01,Hook'em
3205.0,2788.0,2826.0,2871.0,4095.0,3050.0,2459.0,4095.0,2.25,8.73,-2.65,-0.05,-0.09,0.0,Hook'em
3202.0,2775.0,2758.0,2960.0,4095.0,3087.0,2395.0,4095.0,2.27,9.38,-3.14,-0.26,0.13,-0.08,Hook'em
3210.0,2782.0,2698.0,3020.0,4095.0,3123.0,2358.0,3997.0,2.22,9.39,-2.53,-0.05,-0.16,-0.01,Hook'em
3205.0,2775.0,2653.0,3005.0,4095.0,3134.0,2358.0,3983.0,1.61,8.47,-2.32,-0.3,0.09,0.05,Hook'em
3227.0,2787.0,2582.0,2947.0,4095.0,3144.0,2354.0,4045.0,2.47,9.97,-2.6,0.08,-0.06,0.19,Hook'em
3217.0,2780.0,2719.0,2914.0,4095.0,3139.0,2350.0,4095.0,2.64,8.46,-2.28,-0.22,-0.09,0.12,Hook'em
3211.0,2779.0,2775.0,2900.0,4095.0,3140.0,2351.0,4095.0,2.79,9.59,-2.77,-0.15,0.09,0.08,Hook'em
3211.0,2794.0,2795.0,2919.0,4095.0,3146.0,2352.0,4095.0,2.71,8.7,-2.18,-0.14,-0.02,0.05,Hook'em
3216.0,2790.0,2794.0,2910.0,4095.0,3137.0,2339.0,4095.0,2.55,9.24,-2.44,-0.17,0.14,-0.01,Hook'em
3219.0,2798.0,2821.0,2928.0,4095.0,3143.0,2336.0,4095.0,2.78,9.28,-2.06,-0.1,-0.06,0.06,Hook'em
3230.0,2800.0,2828.0,2928.0,4095.0,3143.0,2334.0,4095.0,2.55,9.08,-1.93,-0.1,0.08,0.01,Hook'em
3248.0,2807.0,2800.0,2919.0,4095.0,3121.0,2332.0,4095.0,2.91,9.74,-2.31,0.06,0.05,0.05,Hook'em
3313.0,2823.0,2734.0,2902.0,4095.0,3092.0,2345.0,4095.0,2.5,8.68,-1.89,0.01,-0.03,0.05,Hook'em
3325.0,2832.0,2653.0,2880.0,4095.0,3084.0,2353.0,4095.0,2.87,9.31,-2.42,-0.02,0.06,0.01,Hook'em
3311.0,2832.0,2654.0,2885.0,4095.0,3071.0,2362.0,4095.0,3.24,9.19,-2.16,-0.03,-0.11,-0.04,Hook'em
3298.0,2833.0,2658.0,2886.0,4095.0,3064.0,2368.0,4095.0,2.54,8.81,-1.91,-0.15,0.08,-0.15,Hook'em
3303.0,2823.0,2673.0,2890.0,4095.0,3059.0,2369.0,4095.0,2.53,9.62,-2.5,0.05,0.1,-0.04,Hook'em
3360.0,2864.0,2735.0,2935.0,4095.0,3119.0,2416.0,4095.0,2.42,8.78,-2.04,-0.05,0.04,-0.06,Hook'em
3385.0,2870.0,2775.0,2916.0,4095.0,3141.0,2431.0,4095.0,2.76,9.56,-2.43,-0.08,0.21,-0.03,Hook'em
3377.0,2870.0,2788.0,2923.0,4095.0,3166.0,2448.0,4095.0,2.75,9.12,-1.99,0.05,-0.06,0.01,Hook'em
3366.0,2874.0,2802.0,2928.0,4095.0,3189.0,2459.0,4095.0,2.99,9.09,-2.16,-0.02,0.05,-0.03,Hook'em
3310.0,2870.0,2819.0,2938.0,4095.0,3199.0,2465.0,4095.0,2.73,9.14,-2.25,-0.05,0.03,-0.01,Hook'em
3260.0,2870.0,2879.0,2942.0,4095.0,3184.0,2463.0,4095.0,2.81,9.19,-1.87,0.02,0.01,-0.06,Hook'em
3268.0,2867.0,2880.0,2930.0,4095.0,3183.0,2467.0,4095.0,2.71,9.09,-2.25,-0.06,-0.02,-0.05,Hook'em
3278.0,2874.0,2861.0,2917.0,4095.0,3187.0,2463.0,4095.0,2.66,9.3,-2.16,-0.0,0.01,-0.03,Hook'em
3312.0,2874.0,2845.0,2921.0,4095.0,3190.0,2462.0,4095.0,2.58,9.35,-2.07,0.02,0.01,-0.03,Hook'em
3300.0,2883.0,2813.0,2930.0,4095.0,3193.0,2468.0,4095.0,2.55,9.2,-2.29,-0.06,0.04,-0.07,Hook'em
3296.0,2885.0,2800.0,2927.0,4095.0,3189.0,2472.0,4095.0,2.8,9.1,-2.15,-0.05,0.03,-0.06,Hook'em
3311.0,2881.0,2789.0,2915.0,4095.0,3185.0,2474.0,4095.0,2.27,9.06,-2.16,0.03,0.07,0.01,Hook'em
3326.0,2881.0,2788.0,2910.0,4095.0,3187.0,2477.0,4095.0,2.7,9.44,-2.35,-0.05,0.01,-0.06,Hook'em
3323.0,2873.0,2790.0,2903.0,4095.0,3183.0,2480.0,4095.0,2.49,9.15,-2.1,0.07,-0.04,0.02,Hook'em
3351.0,2873.0,2788.0,2904.0,4095.0,3184.0,2480.0,4095.0,2.53,9.21,-2.48,-0.01,0.05,-0.01,Hook'em
3368.0,2876.0,2787.0,2905.0,4095.0,3184.0,2485.0,4095.0,2.71,9.43,-2.24,0.02,-0.04,0.03,Hook'em
3364.0,2871.0,2805.0,2920.0,4095.0,3180.0,2498.0,4095.0,2.61,9.13,-2.39,-0.07,0.11,-0.06,Hook'em
3361.0,2867.0,2805.0,2943.0,4095.0,3185.0,2512.0,4095.0,2.43,9.34,-2.4,-0.04,0.06,-0.05,Hook'em
3356.0,2874.0,2789.0,2982.0,4095.0,3201.0,2530.0,4095.0,2.67,9.24,-2.27,-0.12,-0.02,-0.01,Hook'em
3349.0,2870.0,2673.0,2992.0,4095.0,3205.0,2532.0,4095.0,2.62,9.44,-2.32,-0.18,0.09,-0.03,Hook'em
3346.0,2877.0,2640.0,2997.0,4095.0,3210.0,2541.0,4095.0,2.68,9.07,-1.94,-0.09,-0.17,0.07,Hook'em
3327.0,2891.0,2751.0,3046.0,4095.0,3200.0,2559.0,4095.0,2.45,9.33,-2.03,-0.17,0.15,-0.12,Hook'em
3316.0,2867.0,2768.0,3107.0,4095.0,3203.0,2590.0,4095.0,2.48,9.36,-1.88,-0.09,-0.02,0.06,Hook'em
3312.0,2874.0,2674.0,3026.0,4095.0,3207.0,2550.0,4095.0,2.74,9.24,-1.83,-0.07,-0.03,0.03,Hook'em
3315.0,2875.0,2519.0,2891.0,4095.0,3180.0,2467.0,4095.0,2.68,9.44,-2.12,-0.05,-0.1,-0.02,Hook'em
3325.0,2873.0,2461.0,2858.0,4095.0,3170.0,2435.0,4095.0,2.93,9.05,-1.9,0.03,-0.16,0.03,Hook'em
3328.0,2865.0,2519.0,2859.0,4095.0,3168.0,2442.0,4095.0,2.54,9.25,-2.16,-0.04,0.12,-0.04,Hook'em
3322.0,2868.0,2559.0,2855.0,4095.0,3168.0,2449.0,4095.0,2.67,9.51,-2.0,-0.02,-0.08,0.0,Hook'em
3323.0,2869.0,2637.0,2853.0,4095.0,3168.0,2454.0,4095.0,2.44,9.09,-2.0,-0.02,0.01,-0.06,Hook'em
3312.0,2864.0,2662.0,2848.0,4095.0,3167.0,2460.0,4095.0,2.41,9.37,-2.08,-0.02,0.07,0.0,Hook'em
3310.0,2867.0,2672.0,2854.0,4095.0,3168.0,2463.0,4095.0,2.69,9.11,-2.01,0.03,-0.09,-0.02,Hook'em
3321.0,2862.0,2677.0,2864.0,4095.0,3158.0,2465.0,4095.0,2.75,9.3,-2.06,-0.01,0.06,-0.04,Hook'em
3325.0,2867.0,2675.0,2870.0,4095.0,3161.0,2466.0,4095.0,2.32,9.13,-1.98,0.05,0.01,-0.01,Hook'em
3377.0,2871.0,2679.0,2885.0,4095.0,3169.0,2478.0,4095.0,2.84,9.4,-2.27,-0.01,0.04,0.0,Hook'em
3392.0,2878.0,2619.0,2883.0,4095.0,3169.0,2481.0,4095.0,2.5,8.97,-2.17,0.02,0.02,-0.07,Hook'em
3378.0,2864.0,2559.0,2898.0,4095.0,3177.0,2486.0,4095.0,2.65,9.38,-2.27,-0.09,0.07,-0.04,Hook'em
3377.0,2855.0,2483.0,3007.0,4095.0,3199.0,2480.0,4095.0,2.51,9.27,-2.01,-0.02,0.02,-0.04,Hook'em
3354.0,2854.0,2224.0,3142.0,4095.0,3218.0,2491.0,4095.0,2.51,9.22,-2.17,-0.16,0.13,-0.06,Hook'em
3376.0,2906.0,2063.0,3202.0,4095.0,3280.0,2529.0,4095.0,2.22,9.39,-2.2,-0.13,0.09,-0.12,Hook'em
3387.0,2900.0,2166.0,3216.0,4095.0,3289.0,2540.0,4095.0,2.53,9.07,-1.98,-0.02,-0.19,0.07,Hook'em
3386.0,2897.0,2185.0,3187.0,4095.0,3283.0,2543.0,4095.0,2.17,9.23,-1.94,-0.1,0.15,-0.08,Hook'em
3383.0,2905.0,2233.0,3083.0,4095.0,3266.0,2549.0,4095.0,2.52,9.19,-1.94,-0.03,-0.11,0.06,Hook'em
3376.0,2910.0,2384.0,2997.0,4095.0,3239.0,2559.0,4095.0,2.54,9.29,-2.09,0.05,-0.16,0.15,Hook'em
3377.0,2915.0,2619.0,2941.0,4095.0,3221.0,2583.0,4095.0,2.73,9.21,-1.9,-0.05,-0.01,0.11,Hook'em
3382.0,2911.0,2723.0,2885.0,4095.0,3203.0,2602.0,4095.0,2.67,9.43,-1.98,0.05,-0.01,0.05,Hook'em
3371.0,2918.0,2704.0,2898.0,4095.0,3194.0,2607.0,4095.0,2.76,9.26,-1.94,-0.05,-0.02,0.03,Hook'em
3345.0,2922.0,2609.0,2942.0,4095.0,3191.0,2609.0,4095.0,2.84,9.24,-1.9,-0.01,-0.03,-0.02,Hook'em
3354.0,2916.0,2585.0,2939.0,4095.0,3194.0,2615.0,4095.0,2.76,9.22,-2.07,0.0,-0.01,-0.03,Hook'em
3406.0,2916.0,2597.0,2914.0,4095.0,3206.0,2609.0,4095.0,2.25,9.04,-2.41,0.1,-0.12,0.05,Hook'em
3407.0,2918.0,2603.0,2917.0,4095.0,3211.0,2608.0,4095.0,2.39,9.0,-2.12,-0.06,0.0,-0.04,Hook'em
3397.0,2914.0,2623.0,2915.0,4095.0,3212.0,2608.0,4095.0,2.62,9.37,-2.26,0.0,-0.03,0.01,Hook'em
3415.0,2911.0,2641.0,2897.0,4095.0,3206.0,2608.0,4095.0,2.75,8.9,-2.26,-0.05,-0.02,-0.01,Hook'em
3415.0,2909.0,2625.0,2875.0,4095.0,3190.0,2598.0,4095.0,2.72,9.47,-2.15,0.03,0.02,0.01,Hook'em
3414.0,2915.0,2613.0,2870.0,4095.0,3195.0,2599.0,4095.0,2.57,9.02,-2.17,-0.07,0.03,-0.08,Hook'em
3408.0,2911.0,2625.0,2868.0,4095.0,3193.0,2602.0,4095.0,2.79,9.49,-2.35,-0.03,-0.01,-0.02,Hook'em
3378.0,2913.0,2624.0,2873.0,4095.0,3191.0,2598.0,4095.0,2.38,8.79,-2.09,-0.1,0.03,-0.04,Hook'em
3344.0,2914.0,2620.0,2871.0,4095.0,3191.0,2586.0,4095.0,2.68,9.4,-2.15,-0.01,0.1,0.06,Hook'em
3307.0,2907.0,2672.0,2864.0,4095.0,3190.0,2579.0,4095.0,2.85,9.15,-2.18,0.03,-0.04,-0.01,Hook'em
3274.0,2899.0,2771.0,2863.0,4095.0,3184.0,2583.0,4095.0,2.63,8.96,-1.97,-0.03,-0.04,-0.04,Hook'em
3276.0,2902.0,2873.0,2867.0,4095.0,3184.0,2590.0,4095.0,2.73,9.13,-2.38,-0.07,0.05,-0.08,Hook'em
3271.0,2896.0,2991.0,2880.0,4095.0,3185.0,2559.0,4095.0,2.55,9.49,-2.26,0.09,-0.01,-0.14,Hook'em
3280.0,2896.0,3318.0,2882.0,4095.0,3196.0,2559.0,4095.0,2.21,8.65,-2.36,-0.06,0.04,-0.21,Hook'em
3337.0,2880.0,4095.0,2879.0,4095.0,3202.0,2530.0,4095.0,2.74,9.47,-2.55,-0.05,0.05,-0.06,Hook'em
3659.0,3120.0,4095.0,2842.0,4095.0,3196.0,2490.0,4095.0,2.14,9.0,-2.28,0.07,-0.01,-0.07,Hook'em
3667.0,3125.0,4095.0,2873.0,4095.0,3199.0,2490.0,3998.0,2.33,9.13,-2.13,-0.11,-0.01,0.1,Hook'em
3694.0,3126.0,4095.0,2910.0,4095.0,3208.0,2482.0,3842.0,2.98,9.7,-2.47,-0.1,-0.05,0.06,Hook'em
3397.0,2871.0,4095.0,3012.0,4095.0,3242.0,2458.0,3695.0,2.64,8.87,-1.99,-0.09,-0.13,-0.01,Hook'em
3378.0,2880.0,4095.0,3125.0,4095.0,3264.0,2473.0,3856.0,2.09,9.53,-2.43,-0.16,0.15,0.05,Hook'em
3377.0,2870.0,4095.0,3220.0,4095.0,3283.0,2499.0,4083.0,2.41,8.87,-2.12,-0.07,-0.19,0.13,Hook'em
3344.0,2857.0,3750.0,3250.0,4095.0,3303.0,2512.0,4083.0,2.57,9.33,-2.24,-0.32,0.03,0.05,Hook'em
3267.0,2842.0,3563.0,3249.0,4095.0,3312.0,2506.0,4032.0,2.54,9.57,-2.07,0.12,-0.13,-0.04,Hook'em
3253.0,2817.0,3473.0,3216.0,4095.0,3317.0,2496.0,3994.0,2.82,8.93,-1.74,-0.1,0.03,0.01,Hook'em
3214.0,2802.0,3563.0,3188.0,4095.0,3317.0,2484.0,3890.0,2.69,9.68,-2.39,0.1,-0.04,0.02,Hook'em
3184.0,2800.0,3579.0,3187.0,4095.0,3339.0,2480.0,3821.0,2.4,8.49,-2.25,-0.08,-0.01,0.02,Hook'em
3243.0,2782.0,3455.0,3186.0,4095.0,3370.0,2480.0,3743.0,2.92,9.27,-2.12,-0.04,-0.05,0.08,Hook'em
3303.0,2786.0,3444.0,3203.0,4095.0,3381.0,2500.0,3760.0,2.72,9.24,-1.93,-0.0,0.04,-0.14,Hook'em
3317.0,2752.0,3422.0,3227.0,4095.0,3394.0,2477.0,3817.0,2.37,9.57,-2.29,-0.18,0.2,-0.14,Hook'em
3312.0,2373.0,3218.0,3233.0,4095.0,3398.0,2441.0,3858.0,2.17,9.02,-1.88,-0.03,-0.07,-0.1,Hook'em
3328.0,1842.0,3218.0,3265.0,4095.0,3402.0,2515.0,3861.0,2.4,9.29,-1.84,0.05,0.03,-0.13,Hook'em
3322.0,1869.0,3262.0,3264.0,4095.0,3399.0,2533.0,3867.0,2.25,9.03,-2.14,-0.07,0.13,0.0,Hook'em
3334.0,1846.0,3262.0,3223.0,4095.0,3406.0,2523.0,3856.0,2.74,9.0,-1.86,0.04,-0.17,-0.04,Hook'em
3386.0,1806.0,3270.0,3155.0,4095.0,3401.0,2510.0,3870.0,2.12,9.29,-2.16,-0.19,0.3,-0.06,Hook'em
3461.0,1787.0,3153.0,3121.0,4095.0,3399.0,2529.0,3856.0,2.59,9.25,-1.9,0.06,-0.06,0.04,Hook'em
3482.0,1779.0,3146.0,3159.0,4095.0,3408.0,2597.0,3808.0,2.56,9.2,-1.69,0.01,-0.08,0.05,Hook'em
3449.0,1776.0,3154.0,3198.0,4095.0,3413.0,2618.0,3871.0,2.53,9.38,-2.09,-0.13,0.21,-0.1,Hook'em
3394.0,1765.0,3156.0,3189.0,4095.0,3346.0,2622.0,3899.0,2.6,8.8,-1.94,-0.02,-0.03,-0.11,Hook'em
3335.0,1764.0,3161.0,3150.0,4095.0,3323.0,2629.0,3911.0,2.31,9.32,-1.97,-0.11,0.15,-0.06,Hook'em
3446.0,1886.0,3278.0,3152.0,4095.0,3369.0,2671.0,3917.0,2.22,9.78,-2.45,0.01,0.09,-0.13,Hook'em
3499.0,2064.0,3387.0,3159.0,4095.0,3387.0,2671.0,3902.0,1.89,8.15,-2.19,-0.09,0.01,-0.19,Hook'em
3222.0,2094.0,3137.0,3130.0,4095.0,3287.0,2538.0,3769.0,2.62,10.1,-1.78,-0.25,0.3,-0.06,Hook'em
3168.0,2064.0,2993.0,3133.0,4095.0,3216.0,2465.0,3741.0,2.16,9.1,-0.92,0.19,-0.06,-0.01,Hook'em
3156.0,2025.0,2822.0,3152.0,4095.0,3193.0,2443.0,3764.0,2.39,9.52,-1.94,-0.22,0.09,0.07,Hook'em
3199.0,2017.0,2855.0,3185.0,4095.0,3178.0,2416.0,3670.0,2.4,9.3,-1.67,0.17,-0.26,0.13,Hook'em
3231.0,2016.0,2896.0,3189.0,4095.0,3182.0,2419.0,3648.0,2.26,8.96,-1.77,-0.29,0.21,-0.03,Hook'em
3283.0,2015.0,2914.0,3198.0,4095.0,3182.0,2403.0,3681.0,2.39,9.86,-1.45,0.17,-0.09,0.05,Hook'em
3348.0,2017.0,2969.0,3195.0,4095.0,3163.0,2377.0,3678.0,2.02,8.56,-2.14,-0.11,0.08,0.02,Hook'em
3386.0,2001.0,2998.0,3193.0,4095.0,3175.0,2379.0,3713.0,2.53,10.14,-2.13,0.07,0.0,0.15,Hook'em
3399.0,1995.0,3054.0,3152.0,4095.0,3177.0,2352.0,3747.0,2.74,8.51,-1.64,-0.07,-0.13,0.07,Hook'em
3382.0,1995.0,3066.0,2979.0,4095.0,3129.0,2307.0,3802.0,2.61,9.69,-2.3,-0.0,0.23,0.0,Hook'em
3355.0,2000.0,3477.0,2901.0,4095.0,3119.0,2273.0,4038.0,2.74,9.45,-1.63,0.01,-0.15,0.1,Hook'em
3357.0,2000.0,4095.0,2868.0,4095.0,3121.0,2274.0,4095.0,2.84,8.91,-1.8,-0.11,-0.0,-0.08,Hook'em
3362.0,2009.0,4095.0,2853.0,4095.0,3120.0,2283.0,4095.0,2.93,9.63,-2.15,0.03,0.05,-0.02,Hook'em
3357.0,2011.0,4016.0,2842.0,4095.0,3120.0,2283.0,4095.0,2.53,8.83,-1.86,-0.09,-0.09,-0.03,Hook'em
3363.0,2011.0,3909.0,2804.0,4095.0,3114.0,2261.0,4095.0,2.43,9.29,-1.85,-0.19,0.15,-0.16,Hook'em
3375.0,2014.0,3799.0,2789.0,4095.0,3101.0,2252.0,4095.0,2.55,9.51,-1.56,-0.03,-0.04,0.02,Hook'em
3378.0,2016.0,3731.0,2768.0,4095.0,3098.0,2242.0,4095.0,2.12,9.19,-1.91,-0.12,0.12,0.02,Hook'em
3393.0,2018.0,3757.0,2763.0,4095.0,3100.0,2244.0,4095.0,3.47,9.26,-2.31,-0.14,-0.09,-0.01,Hook'em
3397.0,2015.0,3653.0,2768.0,4095.0,3103.0,2242.0,4095.0,2.28,9.16,-1.49,-0.04,0.05,-0.04,Hook'em
3398.0,2015.0,3716.0,2750.0,4095.0,3101.0,2238.0,4095.0,2.54,9.71,-1.48,-0.07,0.15,-0.2,Hook'em
3399.0,2018.0,3863.0,2719.0,4095.0,3071.0,2213.0,4095.0,2.89,8.55,-2.49,0.03,-0.18,0.01,Hook'em
3398.0,2004.0,3613.0,2743.0,4095.0,3088.0,2211.0,4095.0,2.68,8.63,-2.51,-0.3,-0.05,0.45,Hook'em
3395.0,1995.0,3555.0,2803.0,4095.0,3113.0,2230.0,4095.0,3.05,10.06,-1.3,-0.16,0.07,-0.17,Hook'em
3376.0,1988.0,3724.0,3003.0,4095.0,3171.0,2331.0,4095.0,1.93,9.42,-0.62,-0.16,-0.12,-0.08,Hook'em
3372.0,1991.0,3960.0,3195.0,4095.0,3214.0,2374.0,4095.0,2.77,9.67,-1.5,-0.11,-0.13,-0.04,Hook'em
3398.0,1987.0,4095.0,3039.0,4095.0,3193.0,2331.0,4095.0,2.07,9.33,-1.22,0.06,-0.13,0.06,Hook'em
3430.0,2000.0,4095.0,2880.0,4095.0,3155.0,2287.0,4095.0,2.72,9.87,-1.65,-0.02,0.03,-0.08,Hook'em
3438.0,1995.0,4095.0,2832.0,4095.0,3152.0,2263.0,4095.0,2.52,9.06,-1.18,0.05,-0.17,0.19,Hook'em
3440.0,1998.0,4095.0,2832.0,4095.0,3150.0,2258.0,4095.0,3.14,9.56,-1.69,-0.04,0.1,-0.04,Hook'em
3429.0,2001.0,4095.0,2843.0,4095.0,3153.0,2256.0,4095.0,2.66,8.92,-1.41,0.03,-0.05,0.07,Hook'em
3429.0,2000.0,4095.0,2806.0,4095.0,3147.0,2242.0,4095.0,2.41,9.18,-1.88,-0.06,0.12,-0.1,Hook'em
3431.0,2005.0,4095.0,2749.0,4095.0,3133.0,2212.0,4095.0,3.06,9.86,-1.8,0.02,0.02,0.11,Hook'em
3440.0,2016.0,4095.0,2693.0,4095.0,3122.0,2182.0,4095.0,2.16,8.5,-1.29,-0.16,0.11,0.07,Hook'em
3427.0,2002.0,4095.0,2679.0,4095.0,3109.0,2173.0,4095.0,3.43,9.83,-1.54,0.05,0.15,0.05,Hook'em
3421.0,1978.0,3824.0,2715.0,4095.0,3109.0,2187.0,4095.0,2.62,9.12,-1.17,0.08,0.1,-0.02,Hook'em
3422.0,1966.0,3538.0,2742.0,4095.0,3102.0,2187.0,4095.0,3.01,9.24,-1.73,0.03,-0.03,-0.02,Hook'em
3415.0,1965.0,3482.0,2737.0,4095.0,3104.0,2190.0,4095.0,2.97,9.11,-1.77,0.03,-0.08,-0.03,Hook'em
3376.0,1949.0,3223.0,2726.0,4095.0,3093.0,2183.0,4095.0,2.65,8.94,-1.56,0.05,0.05,-0.1,Hook'em
3360.0,1942.0,3201.0,2733.0,4095.0,3115.0,2209.0,4095.0,2.46,9.3,-1.5,-0.08,0.2,-0.1,Hook'em
3334.0,1946.0,3217.0,2737.0,4095.0,3117.0,2217.0,4095.0,2.62,9.45,-1.52,0.01,0.1,0.09,Hook'em
3341.0,1940.0,3182.0,2748.0,4095.0,3117.0,2219.0,4095.0,3.01,9.4,-1.48,0.04,0.18,-0.03,Hook'em
3367.0,1936.0,3136.0,2749.0,4095.0,3115.0,2224.0,4095.0,2.63,9.23,-1.86,-0.01,0.17,-0.09,Hook'em
3421.0,1929.0,3031.0,2753.0,4095.0,3121.0,2231.0,4095.0,2.63,8.91,-1.97,0.01,-0.01,-0.01,Hook'em
3434.0,1927.0,2955.0,2748.0,4095.0,3125.0,2234.0,4095.0,2.75,9.16,-1.77,-0.07,0.13,-0.03,Hook'em
3431.0,1932.0,2988.0,2751.0,4095.0,3131.0,2241.0,4095.0,2.2,8.96,-2.04,-0.08,0.29,-0.05,Hook'em
3408.0,1927.0,3025.0,2754.0,4095.0,3127.0,2245.0,4095.0,2.07,9.33,-1.79,-0.2,0.25,0.11,Hook'em
3399.0,1919.0,3024.0,2757.0,4095.0,3131.0,2252.0,4095.0,3.17,9.19,-1.38,-0.37,0.17,0.0,Hook'em
3421.0,1924.0,3071.0,2755.0,4095.0,3125.0,2256.0,4095.0,3.66,9.62,-0.55,-0.34,0.12,-0.03,Hook'em
3398.0,1911.0,3136.0,2768.0,4095.0,3129.0,2259.0,4095.0,3.23,9.6,-0.61,-0.24,0.14,-0.06,Hook'em
3393.0,1919.0,3165.0,2767.0,4095.0,3125.0,2259.0,4095.0,3.26,9.51,-0.38,0.05,-0.12,0.07,Hook'em
3365.0,1918.0,3196.0,2763.0,4095.0,3125.0,2259.0,4095.0,3.55,9.81,-0.85,0.07,0.05,-0.16,Hook'em
3344.0,1918.0,3233.0,2765.0,4095.0,3132.0,2267.0,4095.0,2.62,9.2,-0.82,0.22,-0.16,0.04,Hook'em
3369.0,1915.0,3266.0,2763.0,4095.0,3138.0,2259.0,4095.0,2.61,9.31,-1.56,0.12,-0.01,-0.02,Hook'em
3360.0,1919.0,3269.0,2765.0,4095.0,3140.0,2267.0,4095.0,2.99,8.9,-0.82,0.1,-0.16,0.01,Hook'em
3367.0,1917.0,3137.0,2768.0,4095.0,3139.0,2256.0,4095.0,2.57,9.35,-1.54,0.24,0.11,-0.05,Hook'em
3347.0,1925.0,3034.0,2756.0,4095.0,3119.0,2242.0,4095.0,3.28,9.55,-1.6,0.12,-0.05,-0.06,Hook'em
3284.0,1929.0,3015.0,2741.0,4095.0,3089.0,2235.0,4095.0,2.59,9.06,-1.54,0.18,-0.11,-0.04,Hook'em
3169.0,1922.0,2975.0,2705.0,4095.0,3024.0,2197.0,4095.0,2.8,9.18,-1.95,0.1,-0.14,-0.13,Hook'em
3106.0,1904.0,2893.0,2757.0,4095.0,2983.0,2177.0,4095.0,2.69,9.22,-1.74,0.2,-0.1,-0.05,Hook'em
3106.0,1890.0,2834.0,2772.0,4095.0,2985.0,2186.0,4095.0,2.67,8.92,-1.76,0.11,-0.05,-0.04,Hook'em
3110.0,1887.0,2780.0,2819.0,4095.0,3005.0,2207.0,4095.0,3.24,10.02,-2.26,0.21,0.01,-0.03,Hook'em
3120.0,1867.0,2706.0,2835.0,4095.0,3001.0,2215.0,4038.0,2.34,8.37,-1.89,-0.04,0.0,-0.07,Hook'em
3152.0,1843.0,2655.0,2801.0,4095.0,3010.0,2219.0,4019.0,2.48,9.79,-2.11,-0.01,0.14,0.04,Hook'em
3152.0,1849.0,2641.0,2783.0,4095.0,3019.0,2221.0,3984.0,2.75,8.41,-1.78,0.04,-0.04,-0.1,Hook'em
3168.0,1855.0,2624.0,2815.0,4095.0,3048.0,2229.0,3926.0,2.68,9.39,-2.52,0.01,0.07,0.02,Hook'em
3179.0,1859.0,2641.0,2960.0,4095.0,3056.0,2281.0,3954.0,2.61,8.75,-1.87,0.15,-0.14,0.08,Hook'em
3883.0,3061.0,3169.0,2727.0,4095.0,4095.0,2523.0,3504.0,-7.98,5.7,2.24,-0.01,-0.17,0.13,h
3861.0,3071.0,3180.0,2718.0,4095.0,4095.0,2538.0,3507.0,-6.63,6.09,2.13,0.09,-0.18,0.17,h
3939.0,3082.0,3174.0,2719.0,4095.0,4095.0,2535.0,3506.0,-6.99,5.86,1.93,-0.05,0.03,-0.07,h
3967.0,3067.0,3170.0,2725.0,4095.0,4095.0,2537.0,3508.0,-6.97,5.9,2.06,-0.02,-0.06,0.01,h
3843.0,3068.0,3170.0,2723.0,4095.0,4095.0,2533.0,3504.0,-7.24,5.83,2.26,-0.13,0.1,-0.03,h
2593.0,3067.0,3177.0,2721.0,4095.0,4095.0,2550.0,3504.0,-7.03,5.74,2.11,-0.05,-0.03,0.05,h
2704.0,3065.0,3177.0,2719.0,4095.0,4095.0,2546.0,3514.0,-7.2,6.0,2.05,-0.1,0.08,-0.04,h
2512.0,3071.0,3171.0,2729.0,4095.0,4095.0,2538.0,3505.0,-7.17,5.68,2.1,-0.02,-0.01,-0.16,h
2657.0,3008.0,3120.0,2731.0,4095.0,4095.0,2462.0,3426.0,-6.35,5.91,2.61,0.11,-0.09,-0.18,h
2942.0,3007.0,3107.0,2742.0,4095.0,4095.0,2431.0,3406.0,-7.38,5.53,2.14,-0.05,0.03,-0.02,h
3184.0,3027.0,3121.0,2814.0,4095.0,4095.0,2445.0,3389.0,-7.42,5.6,2.03,0.15,-0.04,-0.02,h
3767.0,3031.0,3136.0,2928.0,4095.0,4095.0,2480.0,3371.0,-7.47,5.75,1.59,-0.12,0.16,-0.06,h
3722.0,3044.0,3136.0,2958.0,4095.0,4095.0,2474.0,3365.0,-6.8,6.18,2.03,0.11,-0.19,0.08,h
3634.0,3042.0,3133.0,2962.0,4095.0,3979.0,2429.0,3300.0,-7.05,5.52,2.32,-0.03,-0.19,0.07,h
3434.0,3041.0,3125.0,2992.0,4095.0,3911.0,2423.0,3281.0,-7.15,6.02,2.39,0.01,0.05,0.0,h
3511.0,3039.0,3134.0,2951.0,4095.0,3968.0,2416.0,3296.0,-7.34,5.79,2.16,-0.2,0.06,-0.05,h
3492.0,3030.0,3120.0,2896.0,4095.0,3996.0,2398.0,3312.0,-7.49,5.38,2.36,-0.15,0.08,-0.04,h
3653.0,3023.0,3120.0,2803.0,4095.0,4095.0,2358.0,3318.0,-7.25,6.46,1.89,-0.02,-0.03,0.2,h
3405.0,3014.0,3107.0,2794.0,4095.0,4095.0,2373.0,3376.0,-7.4,5.59,2.3,-0.37,-0.11,-0.03,h
3120.0,3017.0,3118.0,2781.0,4095.0,4095.0,2375.0,3389.0,-6.15,6.57,2.8,0.14,-0.24,0.19,h
207.0,2976.0,3087.0,2806.0,4095.0,4095.0,2370.0,3366.0,-7.27,5.37,2.37,-0.38,0.07,-0.17,h
2068.0,3006.0,3120.0,2801.0,4095.0,4095.0,2401.0,3424.0,-6.76,5.83,2.6,-0.15,0.0,-0.12,h
2033.0,3007.0,3117.0,2818.0,4095.0,4095.0,2404.0,3435.0,-6.91,5.64,2.9,-0.04,0.03,-0.08,h
2161.0,3008.0,3117.0,2859.0,4095.0,4095.0,2381.0,3422.0,-7.12,5.65,2.43,-0.04,0.11,-0.02,h
2662.0,3007.0,3113.0,2907.0,4095.0,4095.0,2374.0,3395.0,-7.23,5.48,2.49,0.04,0.04,0.06,h
2608.0,3011.0,3120.0,2954.0,4095.0,4095.0,2384.0,3372.0,-6.95,5.72,2.21,0.05,-0.12,0.01,h
2587.0,3008.0,3111.0,3005.0,4095.0,4095.0,2433.0,3362.0,-6.84,5.79,2.87,0.05,-0.19,0.05,h
2479.0,3022.0,3115.0,3006.0,4095.0,4095.0,2455.0,3382.0,-6.79,5.84,2.67,0.18,0.03,-0.15,h
2512.0,3024.0,3117.0,2992.0,4095.0,4095.0,2466.0,3408.0,-7.01,5.68,2.43,0.04,-0.09,-0.07,h
3139.0,3009.0,3107.0,2950.0,4095.0,4095.0,2559.0,3407.0,-7.1,6.0,2.86,0.13,-0.17,-0.08,h
3083.0,3018.0,3106.0,2923.0,4095.0,4095.0,2549.0,3434.0,-6.62,5.7,2.53,-0.15,-0.02,-0.14,h
3203.0,3008.0,3113.0,2914.0,4095.0,4095.0,2523.0,3502.0,-7.54,5.23,2.32,-0.29,0.18,-0.01,h
3223.0,3009.0,3119.0,2881.0,4095.0,4095.0,2503.0,3531.0,-7.01,5.95,2.59,-0.06,-0.01,-0.05,h
2773.0,2992.0,3114.0,2839.0,4095.0,4095.0,2465.0,3551.0,-7.47,4.98,2.67,-0.17,0.08,-0.06,h
1876.0,2978.0,3101.0,2787.0,4095.0,4095.0,2409.0,3551.0,-6.72,6.21,2.36,-0.27,0.32,-0.11,h
1195.0,2966.0,3090.0,2742.0,4095.0,4095.0,2381.0,3568.0,-7.51,5.22,2.91,0.11,-0.16,0.06,h
1168.0,2971.0,3094.0,2714.0,4095.0,4095.0,2359.0,3547.0,-6.76,5.82,2.57,-0.2,-0.05,-0.02,h
1165.0,2967.0,3091.0,2699.0,4095.0,4095.0,2363.0,3537.0,-6.75,5.66,2.86,0.14,-0.08,0.05,h
1168.0,2967.0,3090.0,2678.0,4095.0,4095.0,2349.0,3527.0,-7.36,5.01,2.32,-0.21,0.09,-0.16,h
1181.0,2966.0,3091.0,2671.0,4095.0,4095.0,2346.0,3515.0,-7.02,5.98,2.46,-0.05,-0.01,-0.03,h
1170.0,2970.0,3088.0,2678.0,4095.0,4095.0,2350.0,3518.0,-7.62,4.81,2.71,-0.13,0.04,-0.02,h
1176.0,2966.0,3097.0,2655.0,4095.0,4095.0,2333.0,3501.0,-7.39,6.03,2.54,0.0,0.03,0.07,h
1178.0,2971.0,3091.0,2653.0,4095.0,4095.0,2331.0,3503.0,-7.25,4.89,2.94,-0.14,-0.09,-0.0,h
1183.0,2976.0,3088.0,2657.0,4095.0,4095.0,2337.0,3502.0,-7.07,5.94,2.57,-0.01,0.19,-0.03,h
1183.0,2966.0,3091.0,2667.0,4095.0,4095.0,2348.0,3504.0,-7.3,5.09,2.94,0.0,-0.08,0.01,h
1202.0,2975.0,3090.0,2671.0,4095.0,4095.0,2340.0,3502.0,-7.12,5.86,2.57,-0.03,0.13,-0.09,h
2615.0,2977.0,3088.0,2685.0,4095.0,4095.0,2347.0,3511.0,-7.43,5.2,2.6,-0.03,-0.01,0.02,h
2615.0,2977.0,3090.0,2683.0,4095.0,4095.0,2354.0,3519.0,-6.91,6.03,2.51,0.01,-0.03,0.06,h
1365.0,2978.0,3090.0,2703.0,4095.0,4095.0,2368.0,3497.0,-7.09,5.5,2.53,0.03,-0.04,0.01,h
1617.0,2978.0,3093.0,2704.0,4095.0,4095.0,2375.0,3501.0,-7.05,5.6,2.67,0.04,0.09,-0.01,h
3331.0,2978.0,3095.0,2705.0,4095.0,4095.0,2375.0,3520.0,-6.72,5.45,2.49,-0.16,0.25,-0.28,h
2683.0,2987.0,3094.0,2670.0,4095.0,4095.0,2364.0,3488.0,-7.63,5.55,2.96,0.13,-0.09,-0.01,h
2678.0,2976.0,3082.0,2643.0,4095.0,4095.0,2345.0,3494.0,-7.2,5.6,2.6,-0.15,0.03,-0.28,h
2647.0,2982.0,3088.0,2651.0,4095.0,4095.0,2345.0,3504.0,-7.34,5.43,2.44,0.27,-0.03,0.05,h
2626.0,2959.0,3091.0,2658.0,4095.0,4095.0,2347.0,3505.0,-7.42,5.2,1.93,-0.28,0.0,-0.15,h
2634.0,2935.0,3099.0,2666.0,4095.0,4095.0,2339.0,3504.0,-7.14,5.69,2.63,0.07,-0.22,0.17,h
2523.0,2858.0,3121.0,2650.0,4095.0,4095.0,2351.0,3536.0,-7.2,5.17,2.88,-0.1,0.04,-0.03,h
2407.0,2672.0,3111.0,2640.0,4095.0,4095.0,2352.0,3520.0,-7.11,5.36,2.66,0.02,0.1,-0.1,h
2983.0,2503.0,3129.0,2640.0,4095.0,4095.0,2366.0,3559.0,-7.1,5.61,2.85,-0.07,-0.09,0.02,h
2864.0,2325.0,3158.0,2625.0,4095.0,4095.0,2393.0,3631.0,-7.98,4.87,2.2,-0.03,0.13,-0.12,h
2509.0,2210.0,3158.0,2637.0,4095.0,4095.0,2395.0,3531.0,-7.13,5.87,2.34,0.05,-0.24,0.12,h
2194.0,2205.0,3169.0,2650.0,4095.0,4095.0,2401.0,3514.0,-7.54,4.61,2.5,-0.11,-0.07,0.01,h
2037.0,2202.0,3155.0,2647.0,4095.0,4095.0,2395.0,3511.0,-7.08,5.86,2.54,0.04,0.05,0.09,h
2010.0,2238.0,3165.0,2654.0,4095.0,4095.0,2406.0,3531.0,-7.31,5.15,2.54,-0.2,-0.03,0.04,h
1911.0,2412.0,3167.0,2669.0,4095.0,4095.0,2418.0,3538.0,-7.24,5.46,3.07,0.16,-0.09,0.1,h
2305.0,2672.0,3171.0,2672.0,4095.0,4095.0,2418.0,3539.0,-7.16,5.75,2.8,0.06,-0.02,0.13,h
2201.0,2756.0,3168.0,2663.0,4095.0,4095.0,2424.0,3536.0,-6.93,5.47,2.73,0.11,-0.07,0.14,h
1932.0,2887.0,3163.0,2650.0,4095.0,4095.0,2429.0,3559.0,-6.64,6.25,2.51,-0.02,0.11,-0.07,h
2134.0,2842.0,3159.0,2670.0,4095.0,4095.0,2429.0,3563.0,-6.87,5.12,2.58,0.07,-0.09,-0.05,h
3153.0,2784.0,3155.0,2670.0,4095.0,4095.0,2422.0,3552.0,-7.01,5.72,2.32,-0.11,0.16,-0.14,h
3293.0,2755.0,3162.0,2658.0,4095.0,4095.0,2434.0,3567.0,-7.82,5.67,2.59,0.1,-0.08,0.06,h
3419.0,2177.0,3207.0,2650.0,4095.0,4095.0,2468.0,3623.0,-7.79,5.42,2.11,-0.1,-0.06,-0.07,h
3299.0,2151.0,3273.0,2653.0,4095.0,4095.0,2535.0,3691.0,-7.07,5.71,2.72,-0.01,-0.2,0.12,h
4066.0,2198.0,3293.0,2657.0,4095.0,4095.0,2559.0,3712.0,-6.69,5.39,2.56,-0.22,0.22,-0.1,h
4095.0,2419.0,3317.0,2640.0,4095.0,4095.0,2595.0,3741.0,-6.75,5.79,2.61,0.1,0.1,-0.02,h
3009.0,2599.0,3237.0,2634.0,4095.0,4095.0,2501.0,3646.0,-7.08,5.58,2.62,-0.04,-0.0,-0.03,h
1933.0,2650.0,3225.0,2636.0,4095.0,4095.0,2485.0,3638.0,-7.13,5.95,2.7,-0.05,0.06,-0.05,h
1730.0,2659.0,3218.0,2624.0,4095.0,4095.0,2483.0,3654.0,-7.12,5.58,2.73,-0.01,-0.1,0.06,h
1714.0,2657.0,3219.0,2615.0,4095.0,4095.0,2486.0,3658.0,-6.83,5.82,2.58,-0.07,0.09,-0.05,h
1586.0,2662.0,3225.0,2614.0,4095.0,4095.0,2486.0,3665.0,-6.69,5.71,2.4,-0.01,0.14,-0.07,h
1339.0,2677.0,3232.0,2615.0,4095.0,4095.0,2489.0,3664.0,-7.36,5.17,2.22,-0.07,0.28,-0.15,h
2078.0,2756.0,3221.0,2625.0,4095.0,4095.0,2493.0,3665.0,-7.14,6.01,2.57,-0.03,0.14,-0.06,h
1589.0,2750.0,3231.0,2635.0,4095.0,4095.0,2496.0,3654.0,-7.26,5.38,2.48,0.04,-0.18,-0.04,h
1273.0,2745.0,3223.0,2640.0,4095.0,4095.0,2491.0,3647.0,-7.67,5.28,2.69,0.01,-0.07,-0.06,h
1260.0,2768.0,3226.0,2649.0,4095.0,4095.0,2479.0,3607.0,-7.33,5.53,2.33,0.13,-0.08,0.05,h
1679.0,3047.0,3228.0,2640.0,4095.0,4095.0,2493.0,3638.0,-7.61,5.6,2.13,-0.11,-0.22,0.2,h
3383.0,3071.0,3223.0,2559.0,4095.0,4095.0,2510.0,3642.0,-6.69,6.4,2.59,0.03,-0.18,0.24,h
3797.0,3067.0,3233.0,2613.0,4095.0,4095.0,2495.0,3665.0,-6.71,4.74,2.64,0.01,0.16,-0.04,h
3869.0,3086.0,3230.0,2631.0,4095.0,4095.0,2477.0,3606.0,-6.38,6.5,2.43,0.03,0.12,-0.11,h
3850.0,3087.0,3231.0,2634.0,4095.0,4095.0,2485.0,3611.0,-7.67,5.17,2.67,0.11,-0.32,0.21,h
3855.0,3087.0,3225.0,2638.0,4095.0,4095.0,2481.0,3600.0,-6.85,6.37,2.54,-0.12,0.28,-0.17,h
211.0,3059.0,3204.0,2679.0,4095.0,4095.0,2478.0,3583.0,-7.07,5.6,2.33,0.06,0.14,-0.01,h
1930.0,3070.0,3228.0,2624.0,4095.0,4095.0,2497.0,3659.0,-7.12,5.53,2.22,-0.14,-0.18,0.03,h
1533.0,3066.0,3227.0,2592.0,4095.0,4095.0,2512.0,3664.0,-6.99,5.74,2.61,-0.03,-0.06,0.02,h
1563.0,3084.0,3227.0,2559.0,4095.0,4095.0,2523.0,3696.0,-6.97,5.66,2.54,-0.18,0.12,-0.15,h
1535.0,3057.0,3237.0,2579.0,4095.0,4095.0,2537.0,3715.0,-6.96,5.84,2.72,0.22,-0.02,0.05,h
1611.0,3027.0,3232.0,2606.0,4095.0,4095.0,2529.0,3727.0,-6.69,5.87,2.42,-0.13,0.38,-0.35,h
2158.0,2876.0,3241.0,2559.0,4095.0,4095.0,2467.0,3722.0,-7.26,5.48,2.49,0.28,-0.11,0.01,h
3033.0,2661.0,3255.0,2533.0,4095.0,4095.0,2422.0,3646.0,-7.92,5.69,2.05,-0.03,0.02,-0.12,h
2884.0,2627.0,3250.0,2544.0,4095.0,4095.0,2416.0,3596.0,-7.72,5.19,2.09,-0.05,0.03,-0.02,h
2853.0,2693.0,3237.0,2545.0,4095.0,4095.0,2416.0,3559.0,-7.1,5.78,2.04,-0.2,-0.04,-0.12,h
2384.0,2800.0,3246.0,2548.0,4095.0,4095.0,2418.0,3575.0,-6.54,5.95,2.66,0.18,-0.08,0.12,h
2000.0,2763.0,3261.0,2550.0,4095.0,4095.0,2427.0,3618.0,-7.25,5.0,2.14,-0.24,0.11,-0.09,h
1914.0,2746.0,3248.0,2559.0,4095.0,4095.0,2425.0,3618.0,-7.0,6.09,2.39,-0.0,0.03,0.02,h
1421.0,2793.0,3228.0,2559.0,4095.0,4095.0,2426.0,3623.0,-7.31,5.18,2.44,-0.15,0.11,-0.1,h
1261.0,2926.0,3230.0,2589.0,4095.0,4095.0,2437.0,3628.0,-7.14,5.83,2.31,-0.04,0.06,-0.01,h
1843.0,2957.0,3226.0,2589.0,4095.0,4095.0,2436.0,3625.0,-7.29,5.16,2.21,0.01,-0.05,-0.02,h
1247.0,2935.0,3234.0,2587.0,4095.0,4095.0,2439.0,3606.0,-7.44,5.78,2.05,-0.09,0.04,-0.08,h
1245.0,2929.0,3230.0,2591.0,4095.0,4095.0,2439.0,3616.0,-7.18,5.48,2.22,-0.11,0.03,-0.06,h
1523.0,2945.0,3221.0,2591.0,4095.0,4095.0,2429.0,3619.0,-7.12,5.59,2.58,0.03,0.09,-0.01,h
2000.0,2941.0,3229.0,2585.0,4095.0,4095.0,2423.0,3609.0,-7.43,5.62,2.27,-0.15,-0.01,-0.05,h
3167.0,2928.0,3231.0,2581.0,4095.0,4095.0,2401.0,3582.0,-7.89,5.55,2.02,0.0,-0.06,0.1,h
3230.0,2946.0,3228.0,2603.0,4095.0,4095.0,2384.0,3575.0,-6.98,5.11,2.24,-0.01,0.05,-0.04,h
2583.0,2930.0,3226.0,2594.0,4095.0,4095.0,2379.0,3568.0,-7.46,5.55,2.4,-0.14,0.18,-0.22,h
1468.0,2928.0,3235.0,2603.0,4095.0,4095.0,2384.0,3581.0,-7.27,6.09,2.44,0.09,0.04,0.01,h
1610.0,2925.0,3232.0,2615.0,4095.0,4095.0,2386.0,3598.0,-7.41,5.26,2.24,-0.1,-0.0,-0.09,h
1527.0,2919.0,3235.0,2623.0,4095.0,4095.0,2385.0,3583.0,-7.24,5.96,2.27,0.06,0.11,-0.08,h
1361.0,2925.0,3226.0,2615.0,4095.0,4095.0,2401.0,3583.0,-7.58,5.32,2.46,0.0,-0.11,0.09,h
1353.0,2950.0,3231.0,2607.0,4095.0,4095.0,2409.0,3583.0,-7.05,6.03,2.0,-0.12,0.11,-0.06,h
1349.0,2955.0,3229.0,2608.0,4095.0,4095.0,2416.0,3598.0,-7.38,5.34,2.44,0.12,-0.23,0.18,h
1328.0,2960.0,3226.0,2604.0,4095.0,4095.0,2411.0,3562.0,-7.14,5.6,2.1,-0.19,0.05,-0.13,h
1296.0,2975.0,3223.0,2597.0,4095.0,4095.0,2413.0,3573.0,-7.38,5.45,2.52,0.02,-0.08,0.1,h
1293.0,2993.0,3233.0,2599.0,4095.0,4095.0,2416.0,3583.0,-7.1,5.71,2.42,-0.07,0.05,0.03,h
1616.0,3042.0,3236.0,2597.0,4095.0,4095.0,2427.0,3621.0,-7.2,5.53,2.4,0.01,0.11,-0.02,h
1776.0,3051.0,3223.0,2597.0,4095.0,4095.0,2455.0,3648.0,-7.02,5.8,2.03,0.08,-0.05,-0.03,h
2209.0,3092.0,3223.0,2619.0,4095.0,4095.0,2477.0,3630.0,-7.3,5.49,2.18,0.13,-0.01,-0.06,h
2982.0,3110.0,3237.0,2659.0,4095.0,4095.0,2515.0,3579.0,-7.7,5.68,2.21,0.38,-0.07,-0.02,h
3013.0,3151.0,3271.0,2672.0,4095.0,4095.0,2585.0,3568.0,-7.44,5.6,1.96,-0.13,-0.32,0.06,h
3067.0,3147.0,3248.0,2742.0,4095.0,4095.0,2608.0,3490.0,-6.88,5.77,2.42,0.31,-0.25,0.19,h
3041.0,3087.0,3211.0,2894.0,4095.0,3967.0,2603.0,3463.0,-6.74,5.77,2.02,-0.2,0.07,-0.14,h
3026.0,3069.0,3181.0,2896.0,4095.0,3989.0,2591.0,3474.0,-7.25,5.55,2.46,0.04,-0.12,-0.05,h
3002.0,3090.0,3216.0,2873.0,4095.0,4012.0,2623.0,3561.0,-7.24,5.84,2.54,-0.18,0.06,-0.13,h
2969.0,3109.0,3216.0,2894.0,4095.0,3754.0,2617.0,3520.0,-7.38,5.72,2.2,0.17,0.17,-0.02,h
2837.0,3102.0,3211.0,2881.0,4095.0,3699.0,2619.0,3547.0,-7.27,5.32,2.12,-0.09,-0.05,-0.06,h
2754.0,3102.0,3214.0,2859.0,4095.0,3760.0,2624.0,3571.0,-7.35,6.0,2.32,-0.09,0.11,0.12,h
2850.0,3100.0,3216.0,2852.0,4095.0,3788.0,2635.0,3633.0,-7.54,5.48,2.33,-0.08,0.09,0.08,h
2979.0,3091.0,3211.0,2850.0,4095.0,3993.0,2650.0,3710.0,-6.99,5.94,2.21,-0.21,-0.09,0.06,h
2891.0,3099.0,3205.0,2874.0,4095.0,4010.0,2668.0,3753.0,-7.05,5.42,2.12,0.02,-0.04,0.02,h
2810.0,3094.0,3213.0,2944.0,4095.0,3889.0,2688.0,3792.0,-7.21,5.96,2.34,0.02,-0.11,0.03,h
2686.0,3094.0,3216.0,3058.0,4095.0,3911.0,2720.0,3842.0,-7.1,5.91,2.47,0.02,0.02,0.08,h
2672.0,3093.0,3207.0,3065.0,4095.0,4002.0,2727.0,3843.0,-7.15,5.64,2.29,-0.07,0.07,-0.03,h
2521.0,3088.0,3208.0,3143.0,4095.0,4033.0,2739.0,3863.0,-7.16,5.39,2.42,0.11,-0.05,-0.04,h
2491.0,3090.0,3206.0,3242.0,4095.0,4095.0,2767.0,3891.0,-7.17,5.87,2.2,-0.06,0.11,-0.0,h
2611.0,3088.0,3205.0,3226.0,4095.0,4095.0,2784.0,3902.0,-6.82,5.88,2.24,0.12,-0.09,0.13,h
2640.0,3084.0,3207.0,3185.0,4095.0,4095.0,2790.0,3931.0,-6.94,6.0,1.99,-0.28,0.04,0.0,h
2405.0,3065.0,3203.0,3136.0,4095.0,4095.0,2809.0,3906.0,-6.66,6.02,2.62,-0.08,-0.2,-0.03,h
2496.0,3053.0,3200.0,3060.0,4095.0,4095.0,2815.0,3859.0,-6.79,5.94,2.18,-0.23,-0.07,-0.14,h
2331.0,3054.0,3206.0,2990.0,4095.0,4095.0,2800.0,3842.0,-7.1,5.32,2.65,-0.0,0.0,0.04,h
2357.0,3039.0,3206.0,2911.0,4095.0,4095.0,2756.0,3785.0,-6.3,6.08,2.56,-0.26,0.32,-0.33,h
2463.0,3031.0,3200.0,2817.0,4095.0,4095.0,2688.0,3701.0,-7.28,5.22,2.62,0.31,0.09,-0.03,h
2871.0,3011.0,3199.0,2729.0,4095.0,4095.0,2650.0,3630.0,-7.08,5.94,1.85,-0.49,0.14,-0.19,h
3070.0,2982.0,3185.0,2671.0,4095.0,4095.0,2618.0,3582.0,-7.67,5.0,2.14,-0.21,0.17,-0.29,h
2981.0,2959.0,3189.0,2651.0,4095.0,4095.0,2559.0,3547.0,-7.28,5.42,2.52,-0.27,0.08,-0.27,h
3216.0,2901.0,3211.0,2667.0,4095.0,4095.0,2596.0,3600.0,-7.49,5.32,2.58,0.14,0.1,-0.04,h
3242.0,2807.0,3209.0,2714.0,4095.0,4095.0,2623.0,3632.0,-7.72,5.36,2.26,0.03,0.14,-0.23,h
3162.0,2650.0,3198.0,2733.0,4095.0,4095.0,2604.0,3626.0,-7.61,5.18,2.18,-0.01,-0.03,0.06,h
3045.0,2640.0,3200.0,2709.0,4095.0,4095.0,2603.0,3626.0,-7.64,5.37,2.05,-0.14,0.08,0.03,h
3468.0,2640.0,3195.0,2691.0,4095.0,4095.0,2608.0,3611.0,-7.73,4.93,2.44,0.15,-0.11,0.11,h
4095.0,2637.0,3201.0,2717.0,4095.0,4095.0,2608.0,3627.0,-7.24,5.72,2.35,-0.0,0.1,-0.08,h
3926.0,2640.0,3191.0,2703.0,4095.0,4095.0,2611.0,3643.0,-7.84,4.72,2.28,0.15,-0.01,0.09,h
3792.0,2640.0,3197.0,2709.0,4095.0,4095.0,2611.0,3637.0,-7.7,5.69,1.81,0.02,-0.04,0.06,h
3326.0,2688.0,3194.0,2767.0,4095.0,4095.0,2631.0,3681.0,-7.4,5.19,2.08,0.09,0.02,0.07,h
2326.0,2935.0,3184.0,2756.0,4095.0,4095.0,2638.0,3728.0,-7.69,5.41,2.08,-0.11,0.16,0.12,h
2010.0,2986.0,3179.0,2751.0,4095.0,4095.0,2643.0,3760.0,-6.87,5.98,2.19,0.08,-0.09,0.01,h
1857.0,2982.0,3184.0,2736.0,4095.0,4095.0,2641.0,3759.0,-7.32,4.53,2.2,-0.17,-0.13,-0.22,h
1791.0,2981.0,3184.0,2746.0,4095.0,4095.0,2647.0,3741.0,-7.63,5.87,2.12,0.26,0.01,-0.03,h
1808.0,2983.0,3187.0,2781.0,4095.0,4095.0,2627.0,3662.0,-7.67,4.91,1.95,0.17,-0.08,0.06,h
2175.0,2850.0,3046.0,2841.0,4095.0,4095.0,2467.0,3479.0,-7.13,6.11,2.17,-0.02,-0.08,0.25,h
2143.0,2979.0,3180.0,2951.0,4095.0,4095.0,2635.0,3674.0,-7.79,5.29,1.98,-0.18,0.06,-0.04,h
2092.0,2970.0,3182.0,2927.0,4095.0,4095.0,2640.0,3677.0,-6.76,5.58,2.13,-0.03,-0.11,-0.01,h
1993.0,2960.0,3184.0,2909.0,4095.0,4095.0,2645.0,3723.0,-7.37,5.38,2.09,-0.11,0.07,-0.13,h
1922.0,2970.0,3186.0,2902.0,4095.0,4095.0,2658.0,3718.0,-7.65,5.23,1.88,0.11,-0.05,-0.01,h
1906.0,2979.0,3184.0,2910.0,4095.0,4095.0,2649.0,3583.0,-7.31,5.54,2.15,0.17,-0.18,0.22,h
2075.0,2983.0,3182.0,2913.0,4095.0,4095.0,2599.0,3554.0,-7.65,5.38,2.04,-0.15,0.06,0.11,h
2180.0,2971.0,3180.0,2909.0,4095.0,4095.0,2559.0,3499.0,-6.56,6.18,2.21,0.05,-0.25,0.08,h
2203.0,2981.0,3175.0,2825.0,4095.0,4095.0,2538.0,3467.0,-6.93,5.54,2.31,0.01,-0.1,0.14,h
2107.0,2977.0,3186.0,2768.0,4095.0,4095.0,2559.0,3456.0,-7.12,6.07,2.03,-0.11,0.1,-0.08,h
1857.0,2988.0,3178.0,2800.0,4095.0,4095.0,2594.0,3491.0,-7.34,5.39,2.44,0.01,-0.14,0.05,h
2019.0,2974.0,3178.0,2794.0,4095.0,4095.0,2593.0,3563.0,-7.1,6.24,2.18,-0.22,0.09,-0.02,h
2368.0,2946.0,3184.0,2783.0,4095.0,4095.0,2590.0,3649.0,-7.18,5.72,2.37,-0.03,-0.25,0.15,h
2821.0,2919.0,3183.0,2759.0,4095.0,4095.0,2583.0,3658.0,-6.85,5.66,2.32,-0.34,-0.01,-0.14,h
3152.0,2881.0,3183.0,2762.0,4095.0,4095.0,2559.0,3654.0,-6.76,5.84,2.68,0.02,0.04,0.04,h
3088.0,2878.0,3173.0,2765.0,4095.0,4095.0,2516.0,3664.0,-7.24,5.16,2.53,-0.32,0.14,-0.16,h
2978.0,2874.0,3182.0,2799.0,4095.0,4095.0,2549.0,3687.0,-6.93,5.96,2.56,0.15,0.02,-0.0,h
2662.0,2899.0,3175.0,2853.0,4095.0,4095.0,2606.0,3749.0,-7.4,5.16,2.47,-0.16,0.08,-0.02,h
2654.0,2931.0,3172.0,2912.0,4095.0,4095.0,2643.0,3792.0,-7.07,5.84,2.67,0.05,0.05,0.12,h
2787.0,2979.0,3173.0,3038.0,4095.0,4095.0,2683.0,3824.0,-6.59,5.86,2.4,-0.19,0.46,0.22,h
2880.0,2954.0,3147.0,3056.0,4095.0,4095.0,2705.0,3806.0,-7.29,5.73,2.32,-0.11,0.12,0.15,h
3137.0,2937.0,3147.0,3120.0,4095.0,4095.0,2736.0,3833.0,-6.91,5.89,2.32,-0.1,-0.16,-0.28,h
4032.0,2935.0,3146.0,3120.0,4095.0,4095.0,2736.0,3827.0,-7.46,5.76,2.58,0.29,-0.14,0.04,h
3953.0,2934.0,3154.0,2970.0,4095.0,4095.0,2629.0,3798.0,-7.46,5.43,2.09,-0.07,-0.08,-0.13,h
3494.0,2942.0,3152.0,2926.0,4095.0,4095.0,2589.0,3792.0,-6.84,6.24,2.43,0.04,-0.22,0.1,h
2400.0,2941.0,3152.0,2922.0,4095.0,4095.0,2582.0,3796.0,-6.57,5.16,2.83,0.03,0.08,-0.05,h
2055.0,2937.0,3154.0,2886.0,4095.0,4095.0,2594.0,3805.0,-6.99,6.04,1.98,-0.01,0.04,-0.02,h
2094.0,2944.0,3162.0,2882.0,4095.0,4095.0,2583.0,3808.0,-7.42,5.2,2.2,-0.15,-0.09,0.02,h
2112.0,2953.0,3153.0,2895.0,4095.0,4095.0,2559.0,3795.0,-7.19,5.93,2.14,0.0,0.15,-0.03,h
1889.0,2949.0,3153.0,2870.0,4095.0,4095.0,2559.0,3778.0,-7.11,5.43,2.43,0.04,0.03,0.04,h
1930.0,2955.0,3154.0,2863.0,4095.0,4095.0,2559.0,3777.0,-6.66,6.03,2.27,-0.13,0.05,-0.06,h
1843.0,2951.0,3157.0,2863.0,4095.0,4095.0,2554.0,3776.0,-7.29,5.65,2.42,0.03,0.04,-0.01,h
1838.0,2957.0,3153.0,2851.0,4095.0,4095.0,2548.0,3775.0,-7.37,5.63,2.17,-0.05,0.06,-0.07,h
1875.0,2960.0,3159.0,2854.0,4095.0,4095.0,2556.0,3769.0,-7.32,5.74,2.18,-0.02,0.09,0.01,h
2809.0,2970.0,3151.0,2831.0,4095.0,4095.0,2549.0,3754.0,-7.11,5.55,1.87,-0.13,0.1,-0.02,h
2973.0,2997.0,3159.0,2807.0,4095.0,4095.0,2551.0,3728.0,-7.09,5.89,2.43,0.02,-0.02,0.18,h
2741.0,2996.0,3162.0,2786.0,4095.0,4095.0,2549.0,3716.0,-7.13,5.71,2.2,-0.23,-0.05,-0.1,h
2620.0,2881.0,3041.0,2786.0,4095.0,4095.0,2426.0,3602.0,-6.91,6.11,2.35,0.09,-0.28,0.06,h
3222.0,2993.0,3152.0,2806.0,4095.0,4095.0,2528.0,3717.0,-6.79,5.82,2.38,0.03,-0.17,0.04,h
3200.0,3003.0,3152.0,2806.0,4095.0,4095.0,2544.0,3699.0,-7.16,5.91,2.13,0.04,0.11,-0.03,h
3273.0,3006.0,3156.0,2800.0,4095.0,4095.0,2539.0,3697.0,-7.35,5.65,2.5,0.02,0.08,-0.04,h
3329.0,3009.0,3151.0,2781.0,4095.0,4095.0,2534.0,3711.0,-7.29,5.86,2.22,-0.14,0.04,-0.06,h
3153.0,3008.0,3157.0,2789.0,4095.0,4095.0,2541.0,3728.0,-7.16,5.72,2.38,0.03,0.03,0.06,h
3159.0,3012.0,3153.0,2780.0,4095.0,4095.0,2538.0,3709.0,-7.28,5.66,2.16,-0.07,0.07,-0.05,h
3177.0,3015.0,3151.0,2771.0,4095.0,4095.0,2522.0,3687.0,-7.05,5.9,2.27,0.1,-0.06,0.1,h
2786.0,3024.0,3147.0,2751.0,4095.0,4095.0,2525.0,3653.0,-7.15,5.39,1.98,-0.09,-0.02,-0.01,h
2171.0,3013.0,3155.0,2752.0,4095.0,4095.0,2526.0,3648.0,-6.96,5.95,2.19,-0.01,-0.03,0.01,h
2359.0,3009.0,3152.0,2747.0,4095.0,4095.0,2518.0,3662.0,-7.08,5.59,2.23,-0.08,-0.01,0.01,h
2642.0,3019.0,3162.0,2736.0,4095.0,4095.0,2512.0,3659.0,-7.03,6.05,2.28,-0.09,-0.01,-0.0,h
2871.0,3007.0,3150.0,2742.0,4095.0,4095.0,2509.0,3660.0,-7.07,5.61,2.26,-0.01,0.01,0.01,h
2631.0,3007.0,3158.0,2752.0,4095.0,4095.0,2512.0,3675.0,-7.09,5.83,2.21,-0.04,0.17,-0.07,h
1990.0,3005.0,3153.0,2753.0,4095.0,4095.0,2514.0,3681.0,-7.04,5.85,2.14,-0.01,0.11,0.06,h
2171.0,3002.0,3159.0,2746.0,4095.0,4095.0,2512.0,3691.0,-7.27,5.54,2.31,0.07,-0.06,0.01,h
1222.0,2997.0,3152.0,2727.0,4095.0,4095.0,2513.0,3673.0,-7.12,6.16,1.97,0.02,-0.07,-0.05,h
1195.0,2997.0,3159.0,2721.0,4095.0,4095.0,2511.0,3647.0,-7.2,5.64,2.2,0.05,-0.11,0.12,h
1195.0,3001.0,3153.0,2725.0,4095.0,4095.0,2513.0,3654.0,-6.9,5.97,2.16,-0.1,0.13,-0.05,h
1195.0,2993.0,3161.0,2730.0,4095.0,4095.0,2525.0,3660.0,-7.06,5.98,2.22,0.02,0.07,-0.02,h
1195.0,3008.0,3159.0,2736.0,4095.0,4095.0,2530.0,3664.0,-7.07,5.7,2.21,-0.07,-0.01,-0.02,h
1201.0,2998.0,3152.0,2737.0,4095.0,4095.0,2537.0,3667.0,-6.85,6.01,2.2,-0.04,0.05,-0.04,h
1337.0,3003.0,3154.0,2755.0,4095.0,4095.0,2525.0,3687.0,-6.99,5.81,2.18,0.09,0.06,-0.04,h
1669.0,3003.0,3163.0,2763.0,4095.0,4095.0,2524.0,3696.0,-7.03,5.83,1.93,-0.02,0.12,-0.1,h
2495.0,2998.0,3157.0,2767.0,4095.0,4095.0,2525.0,3703.0,-7.72,5.63,1.89,-0.05,0.05,-0.05,h
2407.0,3007.0,3158.0,2733.0,4095.0,4095.0,2524.0,3699.0,-7.3,6.03,2.05,-0.0,0.03,-0.05,h
1582.0,2999.0,3162.0,2706.0,4095.0,4095.0,2490.0,3678.0,-7.0,5.67,2.06,-0.12,0.01,-0.12,h
1517.0,3010.0,3158.0,2667.0,4095.0,4095.0,2464.0,3671.0,-6.94,5.78,2.12,0.1,0.05,-0.1,h
1294.0,3007.0,3152.0,2640.0,4095.0,4095.0,2455.0,3661.0,-7.81,5.33,1.89,-0.01,0.11,-0.06,h
1307.0,3004.0,3154.0,2675.0,4095.0,4095.0,2518.0,3633.0,-7.36,5.91,1.57,0.06,-0.16,0.04,h
1317.0,3019.0,3151.0,2833.0,4095.0,4095.0,2625.0,3618.0,-7.31,5.7,1.86,0.07,-0.06,0.12,h
1287.0,3020.0,3153.0,2891.0,4095.0,4095.0,2630.0,3553.0,-7.2,5.72,1.89,-0.11,-0.02,0.01,h
1461.0,3025.0,3152.0,2931.0,4095.0,4095.0,2624.0,3526.0,-6.88,6.07,2.15,0.03,-0.16,0.07,h
2025.0,3021.0,3143.0,2937.0,4095.0,4095.0,2622.0,3518.0,-7.42,5.43,2.14,-0.03,0.06,0.0,h
2036.0,3014.0,3150.0,2861.0,4095.0,4095.0,2633.0,3495.0,-7.06,6.29,2.26,-0.14,0.02,0.04,h
1329.0,3005.0,3152.0,2839.0,4095.0,4095.0,2617.0,3535.0,-7.1,5.81,2.14,0.03,-0.16,0.09,h
1290.0,3005.0,3153.0,2835.0,4095.0,4095.0,2623.0,3607.0,-7.2,5.75,1.8,-0.24,0.03,0.0,h
1382.0,3007.0,3156.0,2838.0,4095.0,4095.0,2631.0,3619.0,-6.79,6.09,2.36,0.03,-0.06,0.1,h
1707.0,2999.0,3148.0,2823.0,4095.0,4095.0,2624.0,3634.0,-7.1,5.9,2.16,-0.21,0.05,-0.05,h
2091.0,2998.0,3152.0,2823.0,4095.0,4095.0,2632.0,3643.0,-6.83,6.13,2.19,0.02,-0.06,0.08,h
1959.0,2973.0,3136.0,2817.0,4095.0,4095.0,2609.0,3639.0,-7.25,5.71,2.06,-0.23,0.08,-0.04,h
1883.0,2985.0,3162.0,2817.0,4095.0,4095.0,2630.0,3664.0,-6.58,6.07,2.35,-0.07,-0.04,-0.03,h
1690.0,2967.0,3152.0,2810.0,4095.0,4095.0,2621.0,3669.0,-6.95,6.08,2.53,-0.02,-0.02,-0.0,h
1486.0,2963.0,3152.0,2799.0,4095.0,4095.0,2624.0,3678.0,-7.06,5.91,2.26,-0.04,0.09,-0.02,h
1531.0,2961.0,3152.0,2803.0,4095.0,4095.0,2623.0,3681.0,-7.02,5.93,2.34,0.03,0.01,-0.03,h
1517.0,2966.0,3153.0,2791.0,4095.0,4095.0,2611.0,3689.0,-7.04,5.93,2.31,0.0,0.06,-0.05,h
1533.0,2966.0,3155.0,2779.0,4095.0,4095.0,2607.0,3691.0,-6.95,5.79,2.1,0.02,0.03,0.01,h
2448.0,2967.0,3155.0,2771.0,4095.0,4095.0,2599.0,3709.0,-7.15,5.92,2.11,-0.08,-0.0,0.01,h
2543.0,2970.0,3159.0,2752.0,4095.0,4095.0,2591.0,3694.0,-7.05,5.88,2.08,-0.01,-0.0,0.08,h
2650.0,2942.0,3157.0,2711.0,4095.0,4095.0,2583.0,3663.0,-6.73,5.67,2.37,-0.01,-0.09,0.03,h
2608.0,2943.0,3161.0,2721.0,4095.0,4095.0,2582.0,3671.0,-7.04,6.0,2.1,0.05,0.15,0.0,h
2747.0,2917.0,3157.0,2719.0,4095.0,4095.0,2544.0,3667.0,-7.07,5.5,2.29,-0.06,-0.05,-0.02,h
2737.0,2917.0,3153.0,2717.0,4095.0,4095.0,2513.0,3657.0,-6.63,6.57,2.38,0.04,-0.02,-0.02,h
2788.0,2901.0,3154.0,2716.0,4095.0,4095.0,2513.0,3669.0,-7.01,5.68,2.28,0.13,-0.0,0.08,h
3005.0,2910.0,3152.0,2709.0,4095.0,4095.0,2513.0,3678.0,-6.91,6.25,1.95,-0.05,-0.02,-0.04,h
2976.0,2901.0,3137.0,2705.0,4095.0,4095.0,2499.0,3662.0,-6.62,6.02,2.12,0.01,-0.01,-0.05,h
3283.0,3090.0,3090.0,4095.0,4095.0,3622.0,3238.0,4095.0,1.27,8.24,-5.44,0.04,0.25,-0.07,i-love-you
3280.0,3129.0,3134.0,4095.0,4095.0,3664.0,3275.0,4095.0,1.53,8.21,-5.38,0.01,-0.01,0.07,i-love-you
3283.0,3129.0,3134.0,4095.0,4095.0,3664.0,3195.0,4095.0,1.52,8.22,-5.48,-0.18,0.02,0.03,i-love-you
3279.0,3130.0,3131.0,4095.0,4095.0,3663.0,3176.0,4095.0,1.6,8.46,-5.04,-0.27,-0.07,0.14,i-love-you
3277.0,3135.0,3129.0,4095.0,4095.0,3664.0,3190.0,4095.0,2.04,8.47,-4.86,-0.13,-0.04,0.11,i-love-you
3281.0,3136.0,3135.0,4095.0,4095.0,3662.0,3289.0,4095.0,2.19,8.38,-5.04,-0.02,0.13,-0.08,i-love-you
3248.0,3109.0,3106.0,4095.0,4095.0,3630.0,3253.0,4086.0,2.19,8.0,-5.34,-0.1,0.22,-0.29,i-love-you
3246.0,3087.0,3098.0,4095.0,4095.0,3614.0,3247.0,4075.0,1.72,8.33,-4.97,-0.36,-0.01,-0.21,i-love-you
3247.0,3091.0,3095.0,4095.0,4095.0,3611.0,3247.0,4074.0,1.57,8.72,-4.58,-0.4,-0.37,0.1,i-love-you
3247.0,3099.0,3099.0,4095.0,4095.0,3621.0,3248.0,4091.0,1.95,8.72,-4.38,-0.21,-0.33,0.17,i-love-you
3251.0,3106.0,3105.0,4095.0,4095.0,3625.0,3174.0,4091.0,1.43,8.29,-4.18,0.09,-0.31,0.22,i-love-you
3254.0,3099.0,3110.0,4095.0,4095.0,3632.0,2992.0,4080.0,1.36,9.3,-4.81,0.07,-0.23,0.1,i-love-you
3252.0,3110.0,3113.0,4095.0,4095.0,3639.0,2999.0,4091.0,1.23,8.81,-4.61,-0.05,-0.37,0.17,i-love-you
3255.0,3118.0,3121.0,4095.0,4095.0,3650.0,3009.0,4095.0,1.62,8.56,-4.63,-0.03,-0.34,0.16,i-love-you
3263.0,3124.0,3135.0,4095.0,4095.0,3649.0,3018.0,4095.0,1.68,8.68,-4.56,-0.11,-0.25,0.14,i-love-you
3267.0,3162.0,3171.0,4095.0,4095.0,3691.0,3050.0,4095.0,2.01,8.41,-4.58,0.04,-0.27,0.35,i-love-you
3274.0,3174.0,3143.0,4095.0,4095.0,3652.0,2927.0,3887.0,1.89,8.16,-4.92,0.07,-0.15,0.33,i-love-you
3293.0,3170.0,3111.0,4095.0,4095.0,3648.0,2830.0,3630.0,2.15,8.56,-5.57,-0.0,-0.47,0.76,i-love-you
3308.0,3166.0,3110.0,4095.0,4095.0,3648.0,2838.0,3613.0,3.1,8.11,-5.18,-0.05,-0.34,0.3,i-love-you
3297.0,3167.0,3118.0,4095.0,4095.0,3645.0,2864.0,3682.0,2.01,8.33,-5.1,-0.19,0.28,-0.41,i-love-you
3299.0,3159.0,3120.0,4095.0,4095.0,3642.0,2877.0,3757.0,2.13,8.7,-4.93,-0.2,-0.0,-0.04,i-love-you
3328.0,3162.0,3115.0,4095.0,3861.0,3649.0,2889.0,3824.0,2.18,8.16,-4.63,0.07,0.08,-0.22,i-love-you
3329.0,3171.0,3117.0,4095.0,3598.0,3651.0,2894.0,3862.0,1.67,8.68,-4.94,0.02,0.19,-0.1,i-love-you
3350.0,3161.0,3117.0,4095.0,3626.0,3649.0,2895.0,3877.0,1.99,8.37,-4.25,0.1,-0.06,-0.02,i-love-you
3347.0,3158.0,3108.0,4095.0,3559.0,3659.0,2903.0,3898.0,2.04,8.28,-5.18,0.04,0.26,-0.29,i-love-you
3346.0,3157.0,3098.0,4095.0,3534.0,3664.0,2906.0,3905.0,1.73,8.66,-5.07,0.32,0.14,0.08,i-love-you
3341.0,3143.0,3116.0,4095.0,3703.0,3665.0,2906.0,3925.0,1.92,8.44,-5.09,-0.01,0.08,0.03,i-love-you
3337.0,3138.0,3136.0,4095.0,3926.0,3671.0,2908.0,4016.0,2.34,8.58,-5.34,-0.04,0.14,-0.06,i-love-you
3351.0,3119.0,3110.0,4095.0,3891.0,3632.0,2880.0,4017.0,1.93,7.12,-5.05,-0.06,0.05,0.03,i-love-you
3345.0,3123.0,3115.0,4095.0,3953.0,3650.0,2899.0,4077.0,2.47,8.87,-5.61,-0.38,0.15,0.0,i-love-you
3346.0,3134.0,3139.0,4095.0,4022.0,3670.0,2924.0,4095.0,2.0,8.42,-4.53,-0.13,0.09,-0.1,i-love-you
3346.0,3171.0,3177.0,4095.0,4095.0,3733.0,2974.0,4095.0,2.18,8.45,-4.55,-0.05,0.0,0.14,i-love-you
3335.0,3191.0,3204.0,4095.0,4095.0,3760.0,2999.0,4095.0,2.38,8.62,-4.73,-0.03,0.01,0.01,i-love-you
3330.0,3221.0,3234.0,4095.0,4095.0,3797.0,3027.0,4095.0,2.08,8.27,-4.54,-0.06,-0.03,-0.04,i-love-you
3328.0,3004.0,3020.0,4095.0,4095.0,3565.0,2835.0,4044.0,2.69,8.48,-4.68,0.12,-0.07,-0.1,i-love-you
3307.0,3251.0,3264.0,4095.0,4095.0,3834.0,3090.0,4095.0,1.53,8.39,-5.23,-0.12,0.25,-0.4,i-love-you
3285.0,3200.0,3217.0,4095.0,4095.0,3775.0,3053.0,4095.0,1.89,8.39,-5.0,-0.11,-0.01,0.02,i-love-you
3270.0,3137.0,3151.0,4095.0,4095.0,3702.0,2993.0,4095.0,1.98,8.49,-4.86,-0.16,0.04,0.01,i-love-you
3267.0,3155.0,3178.0,4095.0,4095.0,3727.0,3019.0,4095.0,1.97,8.16,-4.82,-0.18,0.04,-0.01,i-love-you
3261.0,3216.0,3247.0,4095.0,4095.0,3807.0,3089.0,4095.0,2.21,9.01,-5.0,-0.32,-0.03,0.11,i-love-you
3264.0,3146.0,3203.0,4095.0,4095.0,3721.0,3045.0,4095.0,2.32,8.38,-4.34,-0.19,-0.3,-0.04,i-love-you
3269.0,3175.0,3258.0,4095.0,4095.0,3747.0,3129.0,4095.0,2.02,8.77,-4.47,-0.25,-0.04,-0.19,i-love-you
3263.0,3024.0,3136.0,4095.0,4095.0,3570.0,3015.0,4095.0,1.84,8.49,-4.15,-0.13,-0.02,-0.21,i-love-you
3267.0,2971.0,3086.0,4095.0,4095.0,3516.0,2995.0,4095.0,1.8,9.57,-4.3,-0.32,0.15,-0.04,i-love-you
3265.0,2978.0,3071.0,4095.0,4095.0,3524.0,2985.0,4095.0,1.78,8.48,-4.25,-0.25,-0.16,-0.0,i-love-you
3274.0,3193.0,3255.0,4095.0,4095.0,3727.0,3142.0,4095.0,2.14,8.23,-4.02,-0.36,-0.12,-0.09,i-love-you
3283.0,3189.0,3198.0,4095.0,4095.0,3696.0,3047.0,4086.0,1.26,8.9,-3.77,0.2,-0.04,0.18,i-love-you
3285.0,3193.0,3155.0,4095.0,4095.0,3695.0,3024.0,3990.0,1.78,9.14,-3.79,-0.18,-0.14,0.33,i-love-you
3299.0,3185.0,3161.0,4095.0,4095.0,3688.0,3054.0,4016.0,0.93,8.51,-3.51,-0.51,-0.33,0.16,i-love-you
3319.0,3172.0,3116.0,4095.0,4095.0,3648.0,2950.0,3858.0,2.12,8.96,-3.15,-0.09,-0.32,0.42,i-love-you
3319.0,3191.0,3136.0,4095.0,4095.0,3661.0,2955.0,3824.0,2.46,8.52,-3.49,-0.04,0.09,0.11,i-love-you
3310.0,3194.0,3174.0,4095.0,4095.0,3666.0,3003.0,3967.0,2.52,9.2,-3.85,-0.17,-0.05,0.23,i-love-you
3312.0,3211.0,3184.0,4095.0,4095.0,3671.0,3015.0,4013.0,2.04,8.68,-3.51,-0.07,-0.12,0.12,i-love-you
3314.0,3199.0,3173.0,4095.0,4095.0,3667.0,3024.0,4022.0,2.22,9.17,-3.82,-0.14,-0.01,0.22,i-love-you
3310.0,3215.0,3163.0,4095.0,4095.0,3671.0,3024.0,3981.0,2.66,8.09,-3.27,-0.11,-0.34,0.16,i-love-you
3303.0,3211.0,3152.0,4095.0,4095.0,3674.0,2999.0,3920.0,2.74,9.16,-3.7,0.02,0.13,0.16,i-love-you
3310.0,3249.0,3174.0,4095.0,4095.0,3726.0,3024.0,3971.0,2.73,8.67,-3.6,0.01,0.04,0.12,i-love-you
3302.0,3227.0,3184.0,4095.0,4095.0,3678.0,3028.0,3999.0,3.02,9.09,-3.87,-0.09,0.05,-0.03,i-love-you
3293.0,3207.0,3201.0,4095.0,4095.0,3664.0,3088.0,4095.0,2.73,8.36,-3.44,-0.13,-0.12,0.01,i-love-you
3291.0,3281.0,3287.0,4095.0,4095.0,3725.0,3165.0,4095.0,2.87,8.73,-3.23,-0.1,-0.06,-0.34,i-love-you
3277.0,3235.0,3257.0,4095.0,4095.0,3685.0,3126.0,4095.0,2.45,8.77,-3.35,0.24,0.03,-0.06,i-love-you
3278.0,3210.0,3223.0,4095.0,4095.0,3664.0,3101.0,4095.0,2.0,8.39,-3.61,-0.12,0.18,-0.21,i-love-you
3274.0,3216.0,3227.0,4095.0,4095.0,3664.0,3114.0,4095.0,3.0,9.02,-3.9,0.07,-0.05,-0.16,i-love-you
3280.0,3216.0,3234.0,4095.0,4095.0,3675.0,3123.0,4095.0,2.23,8.49,-3.63,-0.05,-0.07,-0.09,i-love-you
3264.0,3216.0,3243.0,4095.0,4095.0,3696.0,3169.0,4095.0,2.35,9.2,-3.76,-0.15,-0.0,-0.32,i-love-you
3271.0,3210.0,3253.0,4095.0,4095.0,3699.0,3183.0,4095.0,1.72,8.79,-3.57,-0.04,-0.1,-0.2,i-love-you
3264.0,3156.0,3199.0,4095.0,4095.0,3633.0,3130.0,4095.0,1.74,8.82,-3.54,-0.15,0.05,-0.13,i-love-you
3251.0,3207.0,3245.0,4095.0,4095.0,3678.0,3163.0,4095.0,2.12,9.25,-3.89,0.01,0.03,-0.01,i-love-you
3263.0,3198.0,3217.0,4095.0,4095.0,3642.0,3114.0,4095.0,1.93,9.33,-3.8,-0.11,0.2,-0.1,i-love-you
3264.0,3254.0,3217.0,4095.0,4095.0,3703.0,3062.0,4037.0,1.55,8.36,-3.15,-0.06,-0.05,0.12,i-love-you
3259.0,3280.0,3227.0,4095.0,4095.0,3760.0,3071.0,4057.0,2.28,9.32,-3.82,-0.06,0.32,0.02,i-love-you
3260.0,3298.0,3231.0,4095.0,4095.0,3825.0,3122.0,4095.0,1.78,8.56,-3.21,-0.07,-0.08,0.02,i-love-you
3259.0,3271.0,3239.0,4095.0,4095.0,3824.0,3143.0,4095.0,2.21,9.84,-3.83,0.09,0.02,-0.05,i-love-you
3263.0,3255.0,3264.0,4095.0,4095.0,3831.0,3184.0,4095.0,1.4,8.46,-3.71,0.15,-0.09,-0.11,i-love-you
3255.0,3221.0,3270.0,4095.0,4095.0,3792.0,3209.0,4095.0,2.48,9.5,-3.87,0.16,0.01,-0.05,i-love-you
3259.0,3211.0,3253.0,4095.0,4095.0,3763.0,3202.0,4095.0,1.86,8.31,-3.85,0.11,0.01,0.0,i-love-you
3265.0,3192.0,3264.0,4095.0,4095.0,3777.0,3214.0,4095.0,2.51,9.25,-4.19,0.13,0.04,-0.2,i-love-you
3264.0,3186.0,3264.0,4095.0,4095.0,3791.0,3286.0,4095.0,1.91,8.7,-4.02,-0.15,-0.01,-0.14,i-love-you
3263.0,3179.0,3263.0,4095.0,4095.0,3706.0,3229.0,4095.0,2.03,8.8,-3.95,-0.18,0.1,-0.17,i-love-you
3263.0,3185.0,3264.0,4095.0,4095.0,3665.0,3145.0,4095.0,1.85,8.97,-3.65,0.26,-0.13,0.31,i-love-you
3266.0,3188.0,3253.0,4095.0,4095.0,3665.0,3088.0,4095.0,1.71,8.61,-3.63,0.01,0.02,-0.08,i-love-you
3280.0,3178.0,3205.0,4095.0,4095.0,3631.0,2987.0,4089.0,2.39,9.23,-4.45,-0.03,-0.15,0.27,i-love-you
3307.0,3145.0,3139.0,4095.0,4095.0,3596.0,2951.0,3930.0,1.81,8.63,-3.7,0.07,-0.27,0.03,i-love-you
3295.0,3213.0,3227.0,4095.0,4095.0,3695.0,3068.0,4095.0,1.93,9.35,-4.17,-0.21,0.09,0.1,i-love-you
3287.0,3184.0,3186.0,4095.0,4095.0,3626.0,3034.0,4089.0,2.62,8.47,-3.1,-0.0,-0.38,-0.01,i-love-you
3285.0,3203.0,3203.0,4095.0,4095.0,3669.0,3056.0,4095.0,1.59,10.0,-4.21,-0.0,0.38,0.28,i-love-you
3305.0,3088.0,3088.0,4095.0,4095.0,3605.0,2930.0,3918.0,2.55,8.58,-3.68,0.07,-0.32,0.02,i-love-you
3338.0,3183.0,3159.0,4095.0,4095.0,3856.0,2976.0,3888.0,2.06,8.33,-4.04,-0.03,-0.09,0.2,i-love-you
3342.0,3198.0,3179.0,4095.0,4095.0,3909.0,3001.0,3885.0,3.06,8.88,-4.61,0.13,0.13,0.13,i-love-you
3335.0,3209.0,3187.0,4095.0,4095.0,3956.0,3038.0,3951.0,2.51,8.37,-3.93,-0.15,-0.14,0.04,i-love-you
3347.0,3192.0,3223.0,4095.0,4095.0,4088.0,3126.0,4073.0,2.37,9.01,-4.02,-0.24,0.07,-0.12,i-love-you
3328.0,3088.0,3171.0,4095.0,4095.0,4033.0,3088.0,4095.0,2.53,9.06,-4.26,-0.09,0.2,-0.32,i-love-you
3312.0,3041.0,3261.0,4095.0,4095.0,4082.0,3295.0,4095.0,2.2,8.72,-3.58,-0.2,-0.17,-0.2,i-love-you
3280.0,2768.0,3282.0,4095.0,4095.0,3885.0,3395.0,4095.0,1.66,8.89,-4.09,-0.03,0.21,-0.15,i-love-you
3279.0,2640.0,3107.0,4095.0,4095.0,3710.0,3274.0,4095.0,2.37,9.42,-3.78,0.24,-0.06,0.21,i-love-you
3289.0,2835.0,3107.0,4095.0,4095.0,3802.0,3267.0,4095.0,2.2,8.86,-3.82,-0.1,-0.2,0.03,i-love-you
3303.0,3088.0,3237.0,4095.0,4095.0,3989.0,3360.0,4095.0,1.95,8.6,-4.01,-0.08,0.08,-0.03,i-love-you
3312.0,3041.0,3149.0,4095.0,4095.0,3881.0,3258.0,4095.0,2.12,8.58,-3.85,-0.14,0.07,0.01,i-love-you
3305.0,3127.0,3216.0,4095.0,4095.0,3856.0,3216.0,4095.0,2.37,8.96,-3.99,-0.12,-0.01,0.0,i-love-you
3295.0,3119.0,3216.0,4095.0,4095.0,3723.0,3013.0,4095.0,2.09,9.12,-3.39,-0.04,0.04,0.08,i-love-you
3286.0,3114.0,3151.0,4095.0,4095.0,3618.0,2869.0,3974.0,1.61,9.25,-3.59,-0.07,0.18,0.02,i-love-you
3287.0,3103.0,3159.0,4095.0,4095.0,3625.0,2877.0,3899.0,2.87,9.5,-3.82,0.01,-0.15,0.15,i-love-you
3290.0,3111.0,3149.0,4095.0,4095.0,3627.0,2887.0,3954.0,1.97,8.39,-3.67,0.03,-0.06,0.04,i-love-you
3305.0,3110.0,3135.0,4095.0,4095.0,3583.0,2835.0,3945.0,2.59,8.88,-3.81,-0.03,0.05,0.01,i-love-you
3306.0,3114.0,3120.0,4095.0,4095.0,3555.0,2815.0,3913.0,2.56,8.64,-3.92,-0.01,-0.08,-0.06,i-love-you
3307.0,3115.0,3215.0,4095.0,4095.0,3571.0,2836.0,4022.0,2.41,8.61,-4.1,0.18,-0.21,0.09,i-love-you
3292.0,3102.0,3266.0,4095.0,4095.0,3563.0,2866.0,4095.0,1.98,8.64,-3.92,-0.1,0.1,-0.23,i-love-you
3289.0,3097.0,3254.0,4095.0,4095.0,3582.0,2899.0,4095.0,1.86,8.5,-3.98,0.09,-0.1,0.03,i-love-you
3282.0,3107.0,3275.0,4095.0,4095.0,3605.0,2971.0,4095.0,2.6,8.93,-3.94,-0.08,-0.04,-0.19,i-love-you
3280.0,3098.0,3263.0,4095.0,4095.0,3583.0,2986.0,4095.0,2.06,8.67,-3.87,0.01,-0.06,0.0,i-love-you
3279.0,3099.0,3265.0,4095.0,4095.0,3581.0,3015.0,4095.0,2.79,9.42,-3.78,0.01,0.03,-0.09,i-love-you
3280.0,3097.0,3262.0,4095.0,4095.0,3578.0,3053.0,4095.0,1.85,8.3,-3.83,-0.01,-0.08,0.01,i-love-you
3277.0,3101.0,3258.0,4095.0,4095.0,3600.0,3102.0,4095.0,2.12,9.14,-4.12,-0.18,0.11,-0.13,i-love-you
3275.0,3103.0,3251.0,4095.0,4095.0,3607.0,3111.0,4095.0,2.26,8.67,-3.9,0.02,-0.14,0.02,i-love-you
3258.0,3119.0,3257.0,4095.0,4095.0,3620.0,3120.0,4095.0,1.8,8.9,-4.57,-0.24,0.18,0.08,i-love-you
3273.0,3163.0,3276.0,4095.0,4095.0,3627.0,3151.0,4095.0,2.06,8.82,-3.09,-0.08,-0.24,0.09,i-love-you
3278.0,3145.0,3266.0,4095.0,4095.0,3565.0,3117.0,4095.0,1.74,8.67,-3.97,0.13,0.36,-0.04,i-love-you
3280.0,3146.0,3264.0,4095.0,4095.0,3568.0,3101.0,4095.0,2.3,9.33,-4.09,0.05,0.03,0.06,i-love-you
3300.0,3147.0,3263.0,4095.0,4095.0,3571.0,3053.0,4095.0,2.64,9.14,-3.86,-0.01,-0.16,0.04,i-love-you
3321.0,3136.0,3248.0,4095.0,4095.0,3562.0,3047.0,4095.0,2.06,8.15,-3.93,-0.14,0.09,-0.07,i-love-you
3369.0,3138.0,3248.0,4009.0,4095.0,3570.0,3054.0,4095.0,1.87,9.07,-3.97,0.09,0.07,-0.06,i-love-you
3431.0,3142.0,3239.0,3771.0,4095.0,3582.0,3057.0,4095.0,2.19,9.19,-3.94,0.05,0.09,-0.07,i-love-you
3423.0,3157.0,3248.0,3931.0,4095.0,3599.0,3084.0,4095.0,1.78,8.21,-3.89,-0.06,-0.05,-0.0,i-love-you
3396.0,3166.0,3266.0,4095.0,4095.0,3605.0,3105.0,4095.0,2.61,9.32,-4.64,-0.11,0.17,-0.15,i-love-you
3402.0,3206.0,3287.0,4095.0,4095.0,3634.0,3121.0,4095.0,2.27,8.28,-4.09,-0.05,-0.12,-0.02,i-love-you
3393.0,3201.0,3300.0,4095.0,4095.0,3623.0,3088.0,4095.0,1.91,9.16,-3.9,-0.07,0.07,-0.22,i-love-you
3398.0,3189.0,3309.0,4095.0,4095.0,3622.0,3088.0,4095.0,1.91,9.02,-3.78,0.1,-0.09,0.07,i-love-you
3391.0,3211.0,3302.0,4095.0,4095.0,3609.0,3088.0,4095.0,1.76,8.39,-3.91,-0.06,-0.03,-0.17,i-love-you
3387.0,3185.0,3306.0,4095.0,4095.0,3599.0,3094.0,4095.0,2.09,9.45,-4.36,-0.02,0.11,-0.07,i-love-you
3382.0,3197.0,3314.0,4095.0,4095.0,3606.0,3085.0,4095.0,1.77,8.4,-3.83,-0.07,-0.07,-0.05,i-love-you
3381.0,3201.0,3323.0,4095.0,4095.0,3628.0,3091.0,4095.0,2.26,9.07,-3.97,-0.12,0.09,-0.12,i-love-you
3378.0,3203.0,3322.0,4095.0,4095.0,3631.0,3083.0,4095.0,2.06,9.39,-3.75,-0.11,-0.03,0.0,i-love-you
3365.0,3207.0,3299.0,4095.0,4095.0,3614.0,3049.0,4095.0,1.7,8.98,-3.68,-0.0,0.11,0.01,i-love-you
3354.0,3212.0,3279.0,4095.0,4095.0,3607.0,3082.0,4095.0,1.79,8.58,-3.97,0.13,-0.08,0.25,i-love-you
3381.0,3229.0,3257.0,4095.0,4095.0,3578.0,3015.0,4095.0,2.49,8.83,-4.56,0.08,-0.07,0.15,i-love-you
3393.0,3231.0,3206.0,4095.0,4095.0,3579.0,2928.0,3983.0,1.99,8.66,-4.21,-0.09,0.01,0.04,i-love-you
3389.0,3229.0,3197.0,4095.0,4095.0,3580.0,2963.0,4019.0,2.22,9.2,-3.82,-0.06,-0.06,0.08,i-love-you
3389.0,3223.0,3233.0,4095.0,4095.0,3600.0,3024.0,4095.0,2.17,8.98,-3.78,-0.11,0.02,-0.02,i-love-you
3390.0,3232.0,3198.0,4095.0,4095.0,3607.0,3015.0,4045.0,2.24,8.61,-3.71,-0.05,-0.14,0.12,i-love-you
3398.0,3222.0,3174.0,4095.0,4095.0,3619.0,2977.0,4001.0,2.06,9.11,-3.79,-0.16,0.01,-0.02,i-love-you
3403.0,3237.0,3184.0,4095.0,4095.0,3632.0,2992.0,4016.0,2.19,8.62,-4.07,0.01,-0.06,0.08,i-love-you
3386.0,3227.0,3191.0,4095.0,4095.0,3623.0,2997.0,4032.0,2.13,8.85,-3.94,-0.05,-0.01,-0.04,i-love-you
3387.0,3228.0,3184.0,4095.0,4095.0,3627.0,3002.0,4045.0,2.09,8.74,-3.99,0.08,-0.07,0.07,i-love-you
3414.0,3216.0,3127.0,4095.0,4095.0,3620.0,2969.0,4015.0,2.66,8.58,-4.38,-0.02,-0.23,-0.06,i-love-you
3344.0,3211.0,2888.0,4095.0,4095.0,3583.0,2834.0,3939.0,2.05,8.77,-4.23,-0.07,0.0,0.03,i-love-you
3255.0,3200.0,2459.0,4095.0,4095.0,3568.0,2755.0,3730.0,2.83,8.8,-3.79,0.08,-0.2,0.01,i-love-you
3255.0,3194.0,2438.0,4095.0,4095.0,3568.0,2762.0,3658.0,1.98,8.56,-3.95,-0.03,0.07,-0.01,i-love-you
3216.0,3184.0,2748.0,4095.0,4095.0,3573.0,2791.0,3703.0,2.4,8.95,-4.19,-0.07,-0.01,-0.08,i-love-you
3216.0,3194.0,2750.0,4095.0,4095.0,3579.0,2799.0,3727.0,2.28,8.83,-4.13,0.04,-0.07,-0.01,i-love-you
3197.0,3194.0,2822.0,4095.0,4095.0,3575.0,2805.0,3754.0,1.82,8.57,-3.93,-0.0,0.01,-0.06,i-love-you
3184.0,3185.0,3164.0,4095.0,4095.0,3583.0,2885.0,3934.0,1.96,8.98,-4.43,-0.12,-0.01,-0.06,i-love-you
3229.0,3205.0,3275.0,4095.0,4095.0,3616.0,2962.0,4095.0,2.36,8.41,-3.81,0.13,-0.28,-0.03,i-love-you
3237.0,3143.0,3232.0,4095.0,4095.0,3577.0,2999.0,4095.0,1.85,9.02,-4.28,-0.11,0.11,-0.09,i-love-you
3359.0,3201.0,3285.0,4095.0,4095.0,3572.0,3021.0,4095.0,1.91,9.01,-4.07,0.12,-0.15,-0.01,i-love-you
3363.0,3200.0,3247.0,4095.0,4095.0,3549.0,2925.0,4095.0,1.8,8.58,-4.06,0.1,-0.04,0.14,i-love-you
3243.0,3207.0,3175.0,4095.0,4095.0,3553.0,2864.0,4095.0,2.03,8.86,-4.6,0.03,-0.01,-0.01,i-love-you
3184.0,3208.0,3120.0,4095.0,4095.0,3543.0,2809.0,4095.0,2.51,8.42,-4.35,-0.05,-0.21,-0.0,i-love-you
3167.0,3200.0,3203.0,4095.0,4095.0,3510.0,2769.0,4095.0,2.06,8.58,-3.79,-0.18,-0.03,-0.02,i-love-you
3182.0,3185.0,3184.0,4095.0,4095.0,3507.0,2781.0,4095.0,2.15,9.0,-4.5,-0.07,0.06,-0.07,i-love-you
3187.0,3189.0,3261.0,4095.0,4095.0,3504.0,2796.0,4095.0,2.45,8.76,-3.87,-0.12,-0.13,0.01,i-love-you
3189.0,3185.0,3219.0,4095.0,4095.0,3498.0,2806.0,4095.0,1.66,8.27,-4.26,-0.05,0.08,-0.01,i-love-you
3184.0,3184.0,3248.0,4095.0,4095.0,3499.0,2803.0,4047.0,2.3,9.11,-4.18,-0.07,0.02,-0.02,i-love-you
3184.0,3191.0,3246.0,4095.0,4095.0,3505.0,2811.0,4048.0,1.8,8.68,-4.0,0.05,-0.04,-0.01,i-love-you
3175.0,3190.0,3248.0,4095.0,4095.0,3507.0,2817.0,4059.0,1.99,8.47,-3.98,-0.04,-0.06,-0.0,i-love-you
3170.0,3187.0,3323.0,4095.0,4095.0,3516.0,2825.0,4095.0,2.06,9.36,-4.36,-0.02,0.05,-0.05,i-love-you
3177.0,3206.0,3348.0,4095.0,4095.0,3504.0,2834.0,4095.0,1.82,8.76,-4.47,-0.0,-0.04,-0.05,i-love-you
3177.0,3193.0,3367.0,4095.0,4095.0,3533.0,2849.0,4095.0,1.98,8.87,-4.22,-0.11,0.01,-0.02,i-love-you
3173.0,3197.0,3356.0,4095.0,4095.0,3568.0,2874.0,4095.0,1.86,8.76,-4.2,-0.05,0.02,-0.11,i-love-you
3163.0,3190.0,3331.0,4095.0,4095.0,3568.0,2911.0,4095.0,2.14,8.47,-3.79,-0.17,-0.05,-0.07,i-love-you
3171.0,3193.0,3326.0,4095.0,4095.0,3520.0,2928.0,4095.0,1.61,8.96,-4.05,0.07,0.03,-0.1,i-love-you
3171.0,3193.0,3338.0,4095.0,4095.0,3522.0,2916.0,4095.0,2.31,9.13,-3.98,0.01,0.03,-0.03,i-love-you
3175.0,3189.0,3327.0,4095.0,4095.0,3487.0,2915.0,4095.0,1.79,8.74,-4.15,0.01,-0.04,-0.03,i-love-you
3193.0,3184.0,3327.0,4095.0,4095.0,3492.0,2925.0,4095.0,1.52,8.95,-4.15,-0.02,0.15,-0.05,i-love-you
3184.0,3183.0,3319.0,4095.0,4095.0,3485.0,2927.0,4095.0,2.48,9.24,-4.47,-0.12,-0.0,-0.13,i-love-you
3188.0,3184.0,3334.0,4095.0,4095.0,3482.0,2919.0,4095.0,1.33,8.41,-4.29,-0.04,-0.02,0.07,i-love-you
3202.0,3181.0,3339.0,4095.0,4095.0,3468.0,2874.0,4095.0,2.15,8.25,-3.71,0.05,0.18,-0.18,i-love-you
3214.0,3176.0,3313.0,4095.0,4095.0,3441.0,2829.0,4095.0,2.06,9.7,-4.22,0.09,0.05,0.01,i-love-you
3179.0,3182.0,3306.0,4095.0,4095.0,3459.0,2843.0,4095.0,2.15,8.76,-3.61,0.07,-0.13,-0.08,i-love-you
3195.0,3187.0,3317.0,4095.0,4095.0,3474.0,2865.0,4095.0,1.19,8.56,-4.17,-0.05,0.13,-0.12,i-love-you
3234.0,3184.0,3311.0,4095.0,4095.0,3467.0,2876.0,4095.0,1.76,8.79,-4.36,0.02,-0.02,-0.03,i-love-you
3311.0,3027.0,3011.0,4095.0,4095.0,3303.0,2671.0,3829.0,2.14,8.82,-4.56,0.16,-0.12,0.06,i-love-you
3293.0,3035.0,2816.0,4095.0,4095.0,3322.0,2645.0,3746.0,1.64,8.58,-4.61,-0.03,-0.0,0.0,i-love-you
3301.0,2992.0,2662.0,4095.0,4095.0,3290.0,2608.0,3681.0,1.72,8.76,-4.58,-0.06,-0.05,0.02,i-love-you
3311.0,3005.0,2642.0,4095.0,4095.0,3307.0,2639.0,3702.0,1.6,8.78,-4.31,-0.07,0.06,-0.05,i-love-you
3328.0,3184.0,2671.0,4095.0,4095.0,3469.0,2807.0,3878.0,1.42,8.93,-4.25,-0.1,0.06,-0.05,i-love-you
3366.0,3123.0,2527.0,4095.0,4095.0,3393.0,2741.0,3738.0,1.64,8.71,-4.23,0.12,0.03,0.16,i-love-you
3350.0,3187.0,2787.0,4095.0,4095.0,3484.0,2843.0,3899.0,1.91,8.62,-4.22,-0.07,-0.0,0.03,i-love-you
3344.0,3198.0,2926.0,4095.0,4095.0,3492.0,2875.0,3906.0,1.87,8.96,-4.63,-0.09,0.07,0.05,i-love-you
3376.0,3216.0,3053.0,4095.0,4095.0,3528.0,2917.0,3931.0,2.03,8.58,-4.24,0.01,-0.15,0.12,i-love-you
3418.0,3209.0,3079.0,4095.0,4095.0,3541.0,2931.0,3899.0,1.82,8.41,-3.98,-0.18,-0.03,0.0,i-love-you
3453.0,3242.0,3096.0,4095.0,4095.0,3567.0,2959.0,3894.0,1.89,9.14,-4.56,-0.01,0.07,0.22,i-love-you
3469.0,3215.0,3129.0,4095.0,4095.0,3598.0,2992.0,3925.0,2.04,8.32,-4.23,-0.18,-0.06,-0.06,i-love-you
3445.0,3231.0,3166.0,4095.0,4095.0,3641.0,3015.0,3947.0,2.35,8.78,-4.5,-0.19,0.04,-0.04,i-love-you
3407.0,3233.0,3177.0,4095.0,4095.0,3695.0,3035.0,3952.0,1.84,8.4,-3.81,0.12,-0.05,0.09,i-love-you
3391.0,3221.0,3155.0,4095.0,4095.0,3703.0,3039.0,3954.0,1.5,8.56,-4.05,-0.19,0.13,-0.11,i-love-you
3376.0,3210.0,3166.0,4095.0,4095.0,3691.0,3026.0,3935.0,2.25,9.09,-4.37,0.02,-0.03,-0.02,i-love-you
3354.0,3215.0,3203.0,4095.0,4095.0,3722.0,3056.0,3978.0,2.14,8.78,-4.24,-0.0,-0.06,-0.03,i-love-you
3327.0,3136.0,3152.0,4095.0,4095.0,3696.0,3094.0,3995.0,1.96,8.45,-4.48,-0.1,0.04,-0.16,i-love-you
3312.0,3125.0,3117.0,4095.0,4095.0,3694.0,3058.0,3934.0,1.89,8.88,-4.39,-0.04,0.11,-0.19,i-love-you
3309.0,3118.0,3047.0,4095.0,4095.0,3689.0,2983.0,3810.0,1.78,8.82,-4.01,0.22,-0.08,0.12,i-love-you
3130.0,3126.0,4095.0,3314.0,3085.0,3008.0,2377.0,4095.0,4.13,8.51,-1.26,-0.03,-0.03,-0.04,i
3136.0,3095.0,4095.0,3217.0,3066.0,3055.0,2406.0,4095.0,4.17,9.52,-1.64,-0.01,0.04,-0.05,i
3263.0,3131.0,4095.0,3305.0,3067.0,3101.0,2443.0,4095.0,4.04,7.59,-0.67,-0.07,-0.11,-0.18,i
4095.0,3174.0,4095.0,3344.0,3055.0,3120.0,2448.0,4095.0,4.44,10.03,-1.73,0.35,0.01,0.12,i
4095.0,3163.0,4095.0,3411.0,3055.0,3129.0,2480.0,4095.0,3.89,8.4,-1.39,-0.1,0.0,-0.15,i
3508.0,3143.0,4095.0,3519.0,3050.0,3129.0,2494.0,4095.0,4.42,9.09,-1.75,0.09,-0.2,0.07,i
3639.0,3139.0,4095.0,3539.0,3055.0,3122.0,2492.0,4095.0,4.15,8.34,-1.53,-0.14,0.09,-0.17,i
4095.0,3184.0,4095.0,3191.0,3059.0,3117.0,2389.0,4095.0,4.48,8.73,-1.59,-0.03,-0.0,-0.13,i
4095.0,3198.0,4095.0,2954.0,3068.0,3063.0,2334.0,4095.0,3.38,8.68,-1.47,-0.06,0.06,-0.23,i
4095.0,3179.0,4095.0,2873.0,3071.0,3044.0,2310.0,4095.0,3.98,9.27,-1.54,-0.02,-0.05,0.1,i
4095.0,3207.0,4095.0,2837.0,3066.0,3030.0,2311.0,4095.0,3.77,9.04,-1.43,-0.0,-0.07,-0.12,i
4095.0,3191.0,4095.0,2843.0,3071.0,3030.0,2318.0,4095.0,3.9,8.83,-1.55,0.02,-0.01,0.05,i
4095.0,3191.0,4095.0,2834.0,3066.0,3029.0,2305.0,4095.0,4.07,8.92,-1.81,-0.02,0.07,-0.06,i
3417.0,3153.0,4095.0,2809.0,3067.0,3024.0,2302.0,4095.0,3.81,8.8,-1.54,-0.1,0.02,0.1,i
3109.0,3071.0,4095.0,2801.0,3069.0,3021.0,2295.0,4095.0,4.46,9.14,-1.58,-0.09,0.17,-0.08,i
2819.0,2793.0,4095.0,2821.0,3082.0,3019.0,2289.0,4095.0,3.85,8.76,-1.41,0.01,0.15,-0.01,i
2787.0,2795.0,3997.0,2849.0,3069.0,3024.0,2282.0,4095.0,3.85,9.34,-1.53,-0.01,0.1,-0.11,i
2783.0,2800.0,3961.0,2878.0,3071.0,3029.0,2301.0,4095.0,3.61,8.66,-1.41,-0.03,0.03,-0.04,i
2773.0,2803.0,3775.0,2885.0,3083.0,3029.0,2304.0,4095.0,3.77,8.48,-1.34,-0.15,0.11,0.03,i
2765.0,2800.0,3440.0,2890.0,3071.0,3029.0,2288.0,4095.0,3.77,8.82,-1.29,-0.14,0.0,0.1,i
2785.0,2785.0,3222.0,2950.0,3068.0,3059.0,2279.0,4095.0,3.97,9.28,-1.33,0.1,-0.2,0.08,i
2766.0,2791.0,3213.0,3179.0,3053.0,3097.0,2374.0,3869.0,4.18,9.04,-1.4,0.2,-0.24,-0.02,i
2482.0,2797.0,3263.0,3583.0,3024.0,3057.0,2493.0,3729.0,4.7,8.83,-1.51,0.29,-0.25,-0.2,i
2492.0,2807.0,3322.0,3967.0,3008.0,3049.0,2551.0,3712.0,3.79,8.91,-1.88,0.37,-0.02,-0.03,i
2479.0,2817.0,3259.0,3515.0,3014.0,3046.0,2487.0,3725.0,4.13,9.27,-2.21,0.34,-0.21,-0.07,i
2444.0,2832.0,3098.0,2911.0,3026.0,2992.0,2338.0,3757.0,3.89,8.43,-2.46,0.06,-0.12,-0.23,i
2437.0,2841.0,3041.0,2783.0,3045.0,2978.0,2304.0,3852.0,3.2,8.79,-2.42,-0.15,0.08,0.1,i
2442.0,2832.0,3824.0,2730.0,3056.0,2985.0,2221.0,4048.0,4.22,9.22,-2.22,-0.26,-0.01,-0.04,i
2460.0,2832.0,4095.0,2705.0,3059.0,2992.0,2219.0,4095.0,3.63,8.68,-1.76,-0.09,0.0,-0.0,i
2473.0,2837.0,4095.0,2656.0,3061.0,2998.0,2201.0,4095.0,3.66,8.75,-1.62,-0.22,0.12,-0.06,i
2743.0,3120.0,4095.0,2626.0,3071.0,2994.0,2197.0,4095.0,4.31,9.29,-2.03,-0.12,0.05,0.0,i
3487.0,3216.0,4095.0,2599.0,3081.0,3003.0,2205.0,4095.0,3.76,8.36,-1.48,-0.14,0.05,0.06,i
2897.0,3216.0,4095.0,2593.0,3082.0,3002.0,2195.0,4095.0,3.74,9.09,-1.81,-0.22,0.21,0.11,i
2862.0,3191.0,4095.0,2603.0,3078.0,3001.0,2197.0,4095.0,4.14,9.04,-1.32,0.02,0.01,0.07,i
4095.0,3271.0,4095.0,2595.0,3071.0,2992.0,2202.0,4095.0,3.87,8.52,-1.47,-0.2,0.19,-0.03,i
4095.0,3273.0,4095.0,2588.0,3081.0,2982.0,2211.0,4095.0,3.97,8.92,-1.49,-0.01,0.08,0.19,i
2802.0,3153.0,4095.0,2547.0,3070.0,2945.0,2211.0,4095.0,3.92,8.14,-0.99,0.22,-0.2,0.16,i
2843.0,3153.0,4095.0,2558.0,3053.0,2955.0,2215.0,4095.0,4.64,9.77,-1.92,0.12,0.04,-0.15,i
2963.0,3183.0,4095.0,2748.0,3040.0,2992.0,2287.0,4095.0,3.39,8.31,-1.14,0.17,-0.09,-0.17,i
3735.0,3187.0,4095.0,2832.0,3043.0,3015.0,2337.0,4095.0,3.86,9.24,-1.92,-0.01,0.02,-0.02,i
4095.0,3202.0,4095.0,2921.0,3051.0,3027.0,2355.0,4095.0,4.42,8.93,-1.85,0.17,-0.11,-0.15,i
4095.0,3215.0,4095.0,3069.0,3055.0,3054.0,2381.0,4095.0,3.9,9.02,-2.11,-0.11,0.05,0.05,i
4095.0,3218.0,4095.0,3127.0,3055.0,3058.0,2384.0,4095.0,3.9,8.9,-1.81,0.08,-0.04,-0.13,i
4095.0,3216.0,4095.0,3022.0,3057.0,3055.0,2351.0,4095.0,3.71,9.08,-1.86,-0.06,0.02,-0.05,i
4095.0,3216.0,4095.0,2811.0,3059.0,3035.0,2315.0,4095.0,3.9,8.96,-1.79,0.07,-0.1,-0.02,i
4095.0,3211.0,4095.0,2736.0,3059.0,3024.0,2289.0,4095.0,3.85,8.75,-1.9,-0.06,0.01,0.2,i
4095.0,3225.0,4095.0,2709.0,3066.0,3023.0,2290.0,4095.0,4.35,8.66,-2.02,0.0,-0.11,0.04,i
4095.0,3298.0,4095.0,2709.0,3065.0,3023.0,2298.0,4095.0,3.95,8.8,-2.02,-0.01,-0.03,0.12,i
4095.0,3574.0,4095.0,2704.0,3071.0,3019.0,2305.0,4095.0,4.24,8.65,-1.88,-0.17,0.1,-0.07,i
2901.0,3166.0,4095.0,2692.0,3083.0,3022.0,2310.0,4095.0,4.24,9.37,-2.31,-0.11,0.03,0.08,i
2559.0,2831.0,4095.0,2684.0,3083.0,3018.0,2314.0,4095.0,4.0,8.7,-1.72,-0.05,0.04,-0.03,i
2559.0,2838.0,4095.0,2704.0,3086.0,3017.0,2317.0,4095.0,3.93,8.73,-1.82,-0.07,0.1,0.11,i
2727.0,3006.0,4095.0,2711.0,3089.0,3014.0,2320.0,4095.0,4.42,8.9,-1.89,-0.03,-0.02,-0.01,i
2864.0,3142.0,4095.0,2722.0,3090.0,3017.0,2318.0,4095.0,3.82,8.55,-1.53,-0.01,0.03,0.04,i
4095.0,3346.0,4095.0,2723.0,3091.0,3009.0,2319.0,4095.0,3.92,8.97,-1.98,-0.04,0.17,-0.0,i
4095.0,3214.0,4095.0,2724.0,3093.0,3003.0,2316.0,4095.0,4.48,8.75,-1.92,0.05,-0.05,-0.0,i
2854.0,3138.0,4095.0,2726.0,3092.0,3003.0,2322.0,4095.0,4.04,8.48,-1.87,-0.13,0.08,-0.01,i
2754.0,3066.0,4095.0,2731.0,3093.0,3011.0,2322.0,4095.0,4.39,8.59,-1.72,-0.05,-0.02,0.0,i
2633.0,2919.0,4095.0,2757.0,3095.0,3010.0,2326.0,4095.0,3.77,8.87,-1.87,0.01,-0.01,-0.02,i
2881.0,3152.0,4095.0,2897.0,3094.0,3047.0,2370.0,4095.0,3.84,8.68,-1.59,-0.06,-0.05,-0.02,i
2923.0,3152.0,4095.0,3069.0,3085.0,3083.0,2415.0,4095.0,4.38,9.04,-1.94,0.06,-0.05,-0.06,i
2949.0,3162.0,4095.0,3152.0,3087.0,3089.0,2445.0,4095.0,4.19,8.27,-1.51,-0.02,0.02,-0.12,i
4037.0,3191.0,4095.0,2973.0,3092.0,3088.0,2415.0,4095.0,3.7,8.79,-1.86,-0.11,0.07,0.06,i
4095.0,3207.0,4095.0,2833.0,3092.0,3056.0,2380.0,4095.0,4.29,8.94,-1.81,0.05,-0.02,-0.01,i
4095.0,3215.0,4095.0,2800.0,3094.0,3046.0,2355.0,4095.0,4.16,8.65,-1.82,-0.07,-0.01,0.01,i
4095.0,3222.0,4095.0,2765.0,3094.0,3039.0,2350.0,4095.0,3.99,8.86,-2.01,-0.03,0.06,0.02,i
4095.0,3229.0,4095.0,2746.0,3099.0,3044.0,2337.0,4095.0,4.23,8.7,-1.79,-0.04,0.03,-0.02,i
4095.0,3233.0,4095.0,2751.0,3099.0,3043.0,2335.0,4095.0,4.1,8.88,-1.93,-0.04,0.04,-0.03,i
4095.0,3244.0,4095.0,2739.0,3101.0,3038.0,2332.0,4095.0,4.23,8.68,-1.54,0.01,-0.02,-0.04,i
4095.0,3203.0,4095.0,2750.0,3102.0,3036.0,2339.0,4095.0,4.23,8.95,-1.7,0.03,0.04,-0.02,i
3527.0,3190.0,4095.0,2757.0,3099.0,3031.0,2343.0,4095.0,3.82,8.65,-1.85,0.06,-0.0,0.04,i
3309.0,3184.0,4095.0,2739.0,3099.0,3024.0,2325.0,4095.0,4.7,8.72,-2.12,-0.13,0.09,-0.07,i
4045.0,3203.0,4095.0,2734.0,3099.0,3030.0,2333.0,4095.0,4.24,8.93,-1.95,-0.08,-0.01,0.04,i
4095.0,3193.0,4095.0,2758.0,3104.0,3033.0,2341.0,4095.0,4.2,8.77,-1.65,-0.09,0.0,-0.03,i
4095.0,3199.0,4095.0,2795.0,3107.0,3045.0,2352.0,4095.0,4.05,9.01,-1.92,-0.04,0.08,-0.0,i
4095.0,3209.0,4095.0,2892.0,3108.0,3060.0,2374.0,4095.0,4.13,8.73,-1.72,0.02,-0.0,0.0,i
4095.0,3201.0,4095.0,3090.0,3101.0,3096.0,2415.0,4095.0,4.56,8.76,-2.01,-0.11,0.09,-0.09,i
4095.0,3202.0,4095.0,3259.0,3095.0,3109.0,2425.0,4095.0,4.09,8.63,-1.75,0.0,0.08,-0.15,i
4095.0,3205.0,4095.0,3091.0,3098.0,3098.0,2384.0,4095.0,3.87,8.99,-1.5,-0.08,-0.02,-0.0,i
4095.0,3207.0,4095.0,2861.0,3107.0,3061.0,2349.0,4095.0,4.06,8.98,-1.61,0.02,-0.09,-0.07,i
4095.0,3219.0,4095.0,2790.0,3109.0,3044.0,2331.0,4095.0,3.87,8.78,-1.78,0.0,-0.03,0.09,i
4095.0,3213.0,4095.0,2742.0,3106.0,3024.0,2310.0,4095.0,4.28,8.58,-2.01,-0.1,-0.07,0.06,i
4095.0,3226.0,4095.0,2704.0,3106.0,3024.0,2300.0,4095.0,4.29,8.76,-1.89,-0.05,0.01,0.09,i
4095.0,3217.0,4095.0,2704.0,3106.0,3022.0,2301.0,4095.0,3.98,8.56,-1.67,-0.16,0.09,-0.04,i
4095.0,3230.0,4095.0,2725.0,3108.0,3023.0,2305.0,4095.0,4.18,8.94,-1.6,-0.07,0.01,0.08,i
4095.0,3234.0,4095.0,2759.0,3111.0,3024.0,2321.0,4095.0,4.26,8.66,-1.56,-0.05,0.04,0.01,i
4095.0,3223.0,4095.0,2868.0,3118.0,3041.0,2341.0,4095.0,4.33,8.73,-1.54,-0.13,0.11,-0.01,i
4095.0,3219.0,4095.0,3017.0,3119.0,3067.0,2384.0,4095.0,4.32,8.92,-1.5,-0.03,0.04,-0.01,i
4095.0,3216.0,4095.0,3135.0,3114.0,3088.0,2402.0,4095.0,4.34,8.72,-1.42,-0.05,-0.03,-0.02,i
4095.0,3225.0,4095.0,3168.0,3111.0,3090.0,2403.0,4095.0,4.31,8.68,-1.36,-0.07,-0.04,-0.06,i
4095.0,3229.0,4095.0,3184.0,3119.0,3097.0,2415.0,4095.0,4.18,8.84,-1.36,-0.04,-0.05,0.03,i
4095.0,3229.0,4095.0,3191.0,3120.0,3100.0,2415.0,4095.0,4.12,8.92,-1.53,0.01,-0.01,-0.04,i
4095.0,3232.0,4095.0,3130.0,3121.0,3097.0,2409.0,4095.0,4.3,8.8,-1.49,-0.01,-0.11,-0.04,i
4095.0,3241.0,4095.0,3046.0,3124.0,3090.0,2398.0,4095.0,4.1,8.79,-1.72,0.05,0.02,-0.12,i
4095.0,3248.0,4095.0,2999.0,3120.0,3088.0,2395.0,4095.0,4.2,8.61,-1.71,-0.01,-0.16,0.03,i
4095.0,3269.0,4095.0,2983.0,3122.0,3091.0,2410.0,4095.0,4.21,8.93,-1.76,0.03,0.03,-0.05,i
4095.0,3260.0,4095.0,2950.0,3125.0,3085.0,2409.0,4095.0,4.14,8.81,-1.76,-0.04,0.02,0.05,i
4095.0,3251.0,4095.0,2910.0,3125.0,3085.0,2400.0,4095.0,4.18,8.55,-1.65,-0.02,0.07,-0.03,i
4095.0,3263.0,4095.0,2877.0,3125.0,3069.0,2382.0,4095.0,4.26,8.8,-1.73,-0.01,0.01,0.06,i
4095.0,3268.0,4095.0,2852.0,3125.0,3060.0,2366.0,4095.0,4.32,8.46,-1.53,-0.02,0.03,-0.03,i
4095.0,3253.0,4095.0,2823.0,3125.0,3056.0,2361.0,4095.0,4.27,8.88,-1.62,-0.06,0.02,0.0,i
4095.0,3260.0,4095.0,2833.0,3126.0,3056.0,2365.0,4095.0,4.13,8.84,-1.58,0.04,0.03,-0.01,i
4095.0,3253.0,4095.0,2866.0,3125.0,3060.0,2371.0,4095.0,4.33,8.54,-1.74,-0.04,0.04,-0.03,i
4095.0,3237.0,4095.0,2935.0,3123.0,3071.0,2395.0,4095.0,4.49,8.81,-1.67,0.03,0.13,-0.06,i
4095.0,3235.0,4095.0,3056.0,3120.0,3095.0,2422.0,4095.0,4.14,8.54,-1.52,-0.08,0.02,-0.07,i
4095.0,3245.0,4095.0,3068.0,3122.0,3098.0,2426.0,4095.0,4.15,8.9,-1.71,-0.05,-0.06,-0.02,i
4095.0,3261.0,4095.0,3062.0,3126.0,3102.0,2425.0,4095.0,4.07,8.88,-1.69,0.02,-0.03,-0.01,i
4095.0,3245.0,4095.0,2949.0,3129.0,3088.0,2402.0,4095.0,4.09,8.62,-1.79,-0.01,-0.02,-0.06,i
4095.0,3250.0,4095.0,2862.0,3124.0,3071.0,2375.0,4095.0,3.95,8.82,-1.88,0.04,0.04,0.07,i
4095.0,3251.0,4095.0,2796.0,3125.0,3055.0,2351.0,4095.0,4.37,8.51,-1.73,-0.06,0.03,0.01,i
4095.0,3261.0,4095.0,2758.0,3120.0,3047.0,2347.0,4095.0,4.17,8.85,-1.9,-0.02,0.11,0.0,i
4095.0,3271.0,4095.0,2767.0,3120.0,3044.0,2350.0,4095.0,4.3,8.48,-1.5,-0.08,0.05,-0.04,i
4095.0,3248.0,4095.0,2822.0,3122.0,3056.0,2367.0,4095.0,4.41,8.9,-1.54,-0.09,0.05,0.01,i
4095.0,3249.0,4095.0,2895.0,3125.0,3067.0,2388.0,4095.0,4.36,8.77,-1.44,-0.05,0.02,-0.07,i
4095.0,3237.0,4095.0,3008.0,3129.0,3094.0,2416.0,4095.0,4.13,8.87,-1.56,-0.07,0.06,-0.06,i
4095.0,3223.0,4095.0,3083.0,3131.0,3102.0,2426.0,4095.0,4.22,8.6,-1.34,-0.03,-0.06,0.03,i
4095.0,3248.0,4095.0,3106.0,3131.0,3105.0,2432.0,4095.0,4.19,8.73,-1.65,-0.07,-0.02,-0.02,i
4095.0,3243.0,4095.0,2935.0,3133.0,3089.0,2413.0,4095.0,4.17,8.71,-1.62,-0.03,0.05,0.0,i
4095.0,3248.0,4095.0,2787.0,3130.0,3067.0,2370.0,4095.0,4.29,8.62,-1.43,-0.09,-0.05,0.07,i
4095.0,3242.0,4095.0,2684.0,3120.0,3056.0,2352.0,4095.0,4.26,9.0,-1.48,-0.0,0.04,0.07,i
4095.0,3230.0,4095.0,2654.0,3116.0,3046.0,2352.0,4095.0,4.35,8.55,-1.26,-0.04,-0.0,-0.02,i
4095.0,3243.0,4095.0,2671.0,3111.0,3039.0,2355.0,4095.0,4.53,8.93,-1.59,-0.0,-0.01,-0.04,i
4095.0,3237.0,4095.0,2676.0,3099.0,3024.0,2351.0,4095.0,4.29,8.58,-1.51,0.07,-0.12,-0.03,i
4095.0,3238.0,4095.0,2687.0,3090.0,3008.0,2347.0,4095.0,3.98,8.62,-1.87,-0.06,0.04,-0.05,i
4095.0,3254.0,4095.0,2722.0,3071.0,2992.0,2346.0,4095.0,4.19,8.7,-1.69,-0.0,-0.05,-0.01,i
4095.0,3263.0,4095.0,2767.0,3058.0,2991.0,2354.0,4095.0,4.12,8.63,-1.72,-0.09,0.08,-0.01,i
4095.0,3251.0,4095.0,2832.0,3063.0,3005.0,2366.0,4095.0,4.23,8.81,-1.6,-0.04,0.09,-0.03,i
4095.0,3247.0,4095.0,2873.0,3088.0,3024.0,2394.0,4095.0,4.25,9.0,-1.54,-0.08,0.1,0.04,i
4095.0,3248.0,4095.0,2799.0,3092.0,3039.0,2387.0,4095.0,4.57,8.73,-1.6,-0.09,0.05,-0.06,i
4095.0,3249.0,4095.0,2634.0,3097.0,3024.0,2357.0,4095.0,3.97,8.06,-1.08,-0.14,0.06,-0.02,i
4095.0,3248.0,4095.0,2559.0,3094.0,3015.0,2343.0,4095.0,4.32,8.83,-1.36,-0.08,0.02,-0.01,i
4095.0,3246.0,4095.0,2559.0,3101.0,3014.0,2335.0,4095.0,4.03,8.53,-1.11,-0.02,-0.02,-0.01,i
4095.0,3266.0,4095.0,2638.0,3105.0,3021.0,2365.0,4095.0,4.28,9.0,-1.51,-0.05,0.0,0.04,i
4095.0,3251.0,4095.0,2682.0,3107.0,3026.0,2379.0,4095.0,4.28,8.39,-1.3,-0.0,-0.05,0.0,i
4095.0,3248.0,4095.0,2812.0,3115.0,3050.0,2415.0,4095.0,4.22,8.88,-1.56,-0.1,0.04,0.02,i
4095.0,3238.0,4095.0,2939.0,3119.0,3071.0,2442.0,4095.0,4.23,8.34,-1.17,-0.02,-0.04,-0.03,i
4095.0,3264.0,4095.0,2981.0,3123.0,3091.0,2454.0,4095.0,4.21,9.01,-1.62,-0.1,0.04,0.01,i
4095.0,3235.0,4095.0,2892.0,3124.0,3083.0,2435.0,4095.0,4.3,8.66,-1.32,0.01,-0.07,-0.03,i
4095.0,3223.0,4095.0,2779.0,3120.0,3057.0,2400.0,4095.0,4.41,8.6,-1.27,-0.1,-0.04,-0.02,i
4095.0,3239.0,4095.0,2721.0,3122.0,3043.0,2377.0,4095.0,4.11,8.84,-1.33,-0.02,0.05,-0.01,i
4095.0,3249.0,4095.0,2694.0,3120.0,3035.0,2370.0,4095.0,4.39,8.69,-1.29,-0.03,-0.03,-0.02,i
4095.0,3265.0,4095.0,2682.0,3119.0,3025.0,2356.0,4095.0,4.4,8.86,-1.37,-0.02,0.05,0.0,i
4095.0,3263.0,4095.0,2698.0,3118.0,3024.0,2362.0,4095.0,4.19,8.63,-1.34,-0.05,-0.02,-0.01,i
4095.0,3282.0,4095.0,2746.0,3121.0,3033.0,2379.0,4095.0,4.37,8.5,-1.19,-0.05,-0.0,0.02,i
4095.0,3248.0,4095.0,2821.0,3120.0,3043.0,2405.0,4095.0,4.3,8.94,-1.49,-0.1,0.08,-0.05,i
4095.0,3249.0,4095.0,3014.0,3109.0,3050.0,2407.0,4095.0,4.49,8.45,-0.92,0.02,-0.18,-0.14,i
4095.0,3235.0,4095.0,3214.0,3094.0,3037.0,2412.0,4095.0,4.19,8.99,-1.39,-0.01,0.05,-0.08,i
4095.0,3245.0,4095.0,3217.0,3090.0,3027.0,2398.0,4095.0,4.27,8.74,-1.35,0.06,-0.15,0.02,i
4095.0,3234.0,4095.0,3175.0,3088.0,3021.0,2378.0,4095.0,4.34,8.77,-1.37,0.01,-0.06,-0.08,i
4095.0,3243.0,4095.0,3117.0,3088.0,3011.0,2357.0,4095.0,4.02,8.8,-1.49,0.04,-0.08,0.01,i
4095.0,3251.0,4095.0,3055.0,3088.0,3011.0,2352.0,4095.0,4.27,8.57,-1.48,-0.01,-0.07,-0.06,i
4095.0,3232.0,4095.0,3014.0,3088.0,3013.0,2349.0,4095.0,3.93,8.93,-1.7,0.02,0.07,-0.06,i
4005.0,3216.0,4095.0,2959.0,3098.0,3018.0,2349.0,4095.0,3.9,8.64,-1.57,-0.05,-0.08,0.05,i
3312.0,3188.0,4095.0,2895.0,3104.0,3013.0,2351.0,4095.0,4.4,8.88,-1.65,-0.02,0.06,-0.04,i
3579.0,3227.0,4095.0,2705.0,3119.0,3015.0,2346.0,4095.0,4.04,8.6,-1.47,-0.06,-0.0,0.08,i
4095.0,3216.0,4095.0,2587.0,3118.0,3007.0,2319.0,4095.0,4.56,9.15,-1.68,-0.02,-0.01,-0.14,i
4095.0,3235.0,4095.0,2585.0,3121.0,3009.0,2315.0,4095.0,4.24,8.71,-1.33,0.08,-0.12,0.05,i
4095.0,3232.0,4095.0,2559.0,3120.0,3003.0,2307.0,4095.0,4.14,8.68,-1.6,-0.04,0.05,-0.06,i
4095.0,3220.0,4095.0,2593.0,3121.0,3007.0,2311.0,4095.0,4.2,9.03,-1.66,0.02,-0.01,0.06,i
4095.0,3232.0,4095.0,2609.0,3120.0,3005.0,2323.0,4095.0,4.23,8.6,-1.66,-0.02,0.01,-0.03,i
4095.0,3223.0,4095.0,2621.0,3120.0,3004.0,2329.0,4095.0,4.2,8.78,-1.79,0.02,0.06,0.0,i
4095.0,3223.0,4095.0,2621.0,3122.0,3005.0,2336.0,4095.0,4.26,8.47,-1.53,-0.02,-0.03,0.03,i
4095.0,3230.0,4095.0,2624.0,3124.0,2999.0,2336.0,4095.0,4.86,9.71,-2.6,-0.25,0.28,-0.14,i
3206.0,3177.0,4095.0,2665.0,3109.0,3001.0,2338.0,4095.0,3.18,7.1,-0.34,-0.3,0.12,-0.3,i
3397.0,3179.0,4095.0,2800.0,3117.0,3043.0,2362.0,4095.0,4.27,9.62,-1.62,-0.35,0.22,0.1,i
3151.0,3267.0,4095.0,2991.0,3120.0,3181.0,2479.0,4095.0,4.41,8.72,-0.96,-0.18,-0.31,-0.03,i
2874.0,3263.0,4095.0,3273.0,3103.0,3175.0,2501.0,4095.0,3.45,7.83,-0.57,-0.46,0.38,-0.32,i
2877.0,3295.0,4095.0,3216.0,3088.0,3202.0,2527.0,4095.0,4.24,10.25,-1.07,0.01,0.22,0.16,i
3741.0,3313.0,4095.0,3258.0,3083.0,3227.0,2550.0,4095.0,3.28,8.11,-0.18,-0.04,0.01,-0.06,i
4095.0,3336.0,4095.0,3043.0,3083.0,3229.0,2512.0,4095.0,4.59,9.14,-1.12,0.16,-0.09,-0.02,i
4095.0,3317.0,4095.0,2895.0,3083.0,3230.0,2498.0,4095.0,3.98,8.63,-0.91,0.15,-0.35,0.2,i
4095.0,3355.0,4095.0,2778.0,3086.0,3238.0,2526.0,4095.0,4.31,8.77,-1.34,0.05,-0.13,0.08,i
4095.0,3358.0,4095.0,2727.0,3086.0,3215.0,2517.0,4095.0,4.13,8.56,-1.13,0.06,-0.05,-0.01,i
4095.0,3287.0,4095.0,2725.0,3069.0,3120.0,2431.0,4095.0,3.98,9.0,-1.31,0.17,-0.1,0.08,i
3925.0,3203.0,4095.0,2747.0,3010.0,3065.0,2388.0,4095.0,4.2,8.41,-1.24,0.15,-0.17,-0.03,i
3517.0,3185.0,4095.0,2772.0,2976.0,3056.0,2395.0,4095.0,4.18,9.0,-1.65,0.08,0.02,0.03,i
3371.0,3170.0,4095.0,2816.0,2969.0,3041.0,2384.0,4095.0,4.0,8.72,-1.36,-0.08,-0.17,0.1,i
3267.0,3159.0,4095.0,2831.0,2991.0,3045.0,2385.0,4095.0,4.15,8.62,-1.33,-0.15,-0.09,0.15,i
3503.0,3183.0,4095.0,2800.0,3029.0,3040.0,2395.0,4095.0,4.31,8.76,-1.42,-0.14,0.12,0.03,i
3600.0,3179.0,4095.0,2795.0,3043.0,3038.0,2406.0,4095.0,4.05,8.74,-1.1,-0.11,0.0,0.07,i
3600.0,3181.0,4095.0,2821.0,3067.0,3056.0,2415.0,4095.0,4.36,9.18,-1.48,-0.07,0.09,0.02,i
3452.0,3166.0,4095.0,2918.0,3071.0,3085.0,2433.0,4095.0,4.15,8.28,-1.04,-0.14,0.11,-0.02,i
3680.0,3179.0,4095.0,2985.0,3071.0,3092.0,2450.0,4095.0,4.53,9.15,-1.58,0.03,0.1,-0.05,i
3775.0,3172.0,4095.0,3024.0,3071.0,3095.0,2447.0,4095.0,4.36,8.43,-1.05,-0.12,-0.01,-0.14,i
3739.0,3173.0,4095.0,3030.0,3104.0,3105.0,2437.0,4095.0,4.33,8.95,-0.87,-0.02,-0.01,-0.03,i
3646.0,3183.0,4095.0,3010.0,3120.0,3102.0,2425.0,4095.0,4.24,8.64,-1.01,-0.02,-0.02,-0.03,i
3557.0,3181.0,4095.0,2973.0,3120.0,3092.0,2415.0,4095.0,4.37,8.99,-1.25,0.05,-0.01,-0.07,i
3364.0,3165.0,4095.0,2935.0,3125.0,3085.0,2403.0,4095.0,4.22,8.69,-1.32,0.06,-0.01,-0.07,i
3317.0,3185.0,4095.0,2938.0,3127.0,3082.0,2393.0,4095.0,4.21,8.58,-1.4,-0.04,-0.05,-0.1,i
3342.0,3175.0,4095.0,2960.0,3132.0,3071.0,2407.0,4095.0,4.02,8.95,-1.43,-0.06,-0.01,0.01,i
3574.0,3183.0,4095.0,2987.0,3137.0,3088.0,2412.0,4095.0,4.27,8.95,-1.23,0.0,-0.02,0.06,i
3579.0,3193.0,4095.0,2992.0,3146.0,3091.0,2411.0,4095.0,4.35,8.76,-1.41,0.03,0.08,-0.06,i
3726.0,3195.0,4095.0,2973.0,3131.0,3071.0,2405.0,4095.0,4.28,8.77,-1.44,-0.06,-0.03,-0.05,i
3575.0,3191.0,4095.0,2975.0,3137.0,3058.0,2395.0,4095.0,4.08,8.45,-1.19,-0.06,-0.0,-0.07,i
3637.0,3181.0,4095.0,2989.0,3131.0,3051.0,2390.0,4095.0,4.17,9.05,-1.49,-0.19,0.15,-0.02,i
3971.0,3184.0,4095.0,2992.0,3134.0,3063.0,2416.0,4095.0,3.97,8.58,-1.05,-0.15,0.06,0.1,i
3573.0,3161.0,4095.0,3014.0,3138.0,3107.0,2458.0,4095.0,4.28,9.02,-1.18,-0.05,-0.02,0.08,i
2023.0,3138.0,4095.0,3156.0,3146.0,3193.0,2547.0,4095.0,4.19,8.76,-0.81,-0.04,-0.02,-0.19,i
4095.0,3186.0,4095.0,3278.0,3136.0,3155.0,2453.0,4069.0,3.92,8.78,-1.03,0.21,0.12,-0.21,i
4095.0,3195.0,4095.0,3395.0,3111.0,3141.0,2458.0,4069.0,4.21,8.68,-1.34,-0.08,-0.21,0.09,i
4095.0,3211.0,4095.0,3200.0,3120.0,3169.0,2483.0,4095.0,4.12,8.87,-1.45,-0.12,0.01,-0.08,i
4095.0,3205.0,4095.0,2890.0,3139.0,3119.0,2391.0,4095.0,4.17,8.78,-1.12,-0.1,-0.1,-0.09,i
4095.0,3185.0,4095.0,2765.0,3134.0,3067.0,2406.0,4095.0,4.16,8.83,-1.14,0.05,-0.23,-0.08,i
4095.0,3199.0,4095.0,2717.0,3127.0,3044.0,2397.0,4095.0,3.88,8.91,-1.29,-0.17,0.14,-0.08,i
4095.0,3203.0,4095.0,2704.0,3134.0,3039.0,2357.0,4095.0,3.78,9.18,-1.19,0.02,-0.0,0.1,i
4095.0,3216.0,4095.0,2714.0,3138.0,3045.0,2355.0,4095.0,4.12,8.74,-1.25,-0.15,0.06,-0.0,i
4095.0,3222.0,4095.0,2731.0,3138.0,3046.0,2357.0,4095.0,4.12,9.12,-1.4,-0.01,0.09,0.05,i
4095.0,3230.0,4095.0,2725.0,3124.0,3030.0,2359.0,4095.0,4.47,8.66,-0.83,-0.09,-0.05,-0.03,i
4095.0,3248.0,4095.0,2726.0,3106.0,3008.0,2352.0,4095.0,3.99,9.25,-1.3,-0.02,0.16,-0.02,i
4095.0,3265.0,4095.0,2736.0,3102.0,3007.0,2355.0,4095.0,4.13,8.67,-1.02,-0.03,-0.08,0.02,i
4095.0,3270.0,4095.0,2725.0,3097.0,2997.0,2355.0,4095.0,3.91,8.96,-1.27,-0.08,0.18,-0.06,i
4095.0,3280.0,4095.0,2745.0,3100.0,2998.0,2355.0,4095.0,4.34,8.98,-0.95,0.06,-0.07,0.07,i
4095.0,3294.0,4095.0,2754.0,3107.0,2998.0,2358.0,4095.0,3.91,8.64,-0.98,-0.04,0.11,-0.08,i
4095.0,3270.0,4095.0,2753.0,3105.0,2999.0,2362.0,4095.0,4.26,9.2,-1.16,0.05,-0.0,0.01,i
4095.0,3275.0,4095.0,2759.0,3109.0,3002.0,2363.0,4095.0,3.68,8.5,-1.09,-0.07,0.02,-0.03,i
4095.0,3275.0,4095.0,2762.0,3104.0,3002.0,2366.0,4095.0,4.54,9.1,-1.42,-0.04,0.02,-0.09,i
4095.0,3306.0,4095.0,2736.0,3088.0,2982.0,2369.0,4095.0,3.49,8.46,-0.72,0.04,0.01,0.03,i
4095.0,3225.0,4095.0,2727.0,3068.0,2965.0,2361.0,4095.0,4.62,9.45,-1.29,-0.02,0.05,-0.09,i
3952.0,3208.0,4095.0,2736.0,3065.0,2962.0,2358.0,4095.0,3.65,8.34,-0.83,0.03,-0.0,0.02,i
2974.0,3174.0,4095.0,2769.0,3070.0,2971.0,2371.0,4095.0,4.23,8.94,-1.44,-0.05,0.14,0.06,i
1633.0,3113.0,4095.0,2844.0,3098.0,2997.0,2401.0,4095.0,3.85,8.32,-0.86,-0.0,-0.08,0.2,i
1281.0,2801.0,4095.0,2826.0,3113.0,3043.0,2430.0,4095.0,4.41,9.28,-1.57,0.05,-0.11,-0.03,i
1247.0,2809.0,4094.0,2829.0,3120.0,3082.0,2448.0,4095.0,4.18,8.3,-0.88,0.04,-0.22,-0.18,i
1243.0,2800.0,3306.0,3008.0,3046.0,3152.0,2534.0,4095.0,4.15,9.57,-1.43,0.05,-0.04,-0.0,i
1323.0,2786.0,3311.0,3119.0,3057.0,3193.0,2591.0,4095.0,3.65,8.46,-0.83,-0.15,-0.02,0.03,i
1393.0,2800.0,3354.0,3013.0,3071.0,3188.0,2559.0,4095.0,4.15,9.19,-1.41,-0.04,0.09,0.05,i
1639.0,2807.0,3377.0,2960.0,3089.0,3181.0,2593.0,4095.0,4.26,8.4,-1.14,-0.14,-0.04,0.12,i
1748.0,2807.0,3519.0,2992.0,3136.0,3189.0,2630.0,4095.0,4.94,9.44,-1.62,-0.01,0.12,-0.17,i
2274.0,2795.0,3583.0,3027.0,3197.0,3187.0,2625.0,4038.0,3.23,8.07,-0.49,0.09,-0.06,-0.18,i
3027.0,2823.0,3519.0,3102.0,3235.0,3161.0,2608.0,3933.0,4.05,9.64,-1.62,-0.22,0.04,0.04,i
3034.0,2831.0,3311.0,3166.0,3263.0,3163.0,2618.0,3888.0,3.71,8.14,-0.88,-0.07,-0.09,-0.13,i
3024.0,2861.0,3280.0,3222.0,3283.0,3184.0,2633.0,3907.0,4.0,9.17,-1.26,-0.2,0.15,-0.01,i
2959.0,2857.0,3234.0,3235.0,3305.0,3194.0,2638.0,3935.0,4.07,8.62,-0.82,-0.16,-0.02,-0.08,i
2800.0,2848.0,3203.0,3271.0,3345.0,3242.0,2667.0,3965.0,3.92,8.77,-0.81,-0.11,-0.01,0.05,i
2752.0,2835.0,3198.0,3274.0,3339.0,3253.0,2672.0,3964.0,3.93,8.58,-0.91,-0.05,-0.1,0.13,i
2705.0,2873.0,3239.0,3274.0,3299.0,3277.0,2666.0,3966.0,3.94,8.88,-1.15,-0.01,-0.03,0.1,i
2864.0,2914.0,3238.0,3280.0,3226.0,3303.0,2702.0,3979.0,3.99,8.87,-0.89,-0.2,0.06,0.12,i
1981.0,2927.0,3179.0,3219.0,3214.0,3302.0,2734.0,3982.0,4.04,8.88,-0.8,-0.15,-0.04,0.09,i
4095.0,2901.0,3171.0,3131.0,3307.0,3248.0,2736.0,3995.0,4.3,8.59,-0.57,-0.08,0.05,-0.01,i
4095.0,2897.0,3191.0,3055.0,3313.0,3204.0,2729.0,3986.0,4.3,9.17,-0.6,0.01,0.12,0.01,i
4095.0,2902.0,3267.0,3023.0,3245.0,3199.0,2769.0,3981.0,4.2,8.5,-0.45,0.11,-0.18,0.07,i
4095.0,2903.0,3343.0,3050.0,3253.0,3210.0,2864.0,4075.0,4.27,9.27,-1.04,-0.06,0.07,0.09,i
4095.0,2885.0,2880.0,3030.0,3254.0,3216.0,2897.0,4095.0,4.31,8.9,-1.12,0.18,-0.19,0.16,i
4095.0,2874.0,2508.0,3049.0,3234.0,3216.0,2815.0,4095.0,4.46,8.37,-1.19,-0.15,0.11,-0.03,i
4095.0,3380.0,4095.0,3046.0,3191.0,3190.0,2653.0,4095.0,4.64,8.86,-1.27,-0.05,0.11,-0.08,i
1835.0,2885.0,4095.0,3129.0,3159.0,3138.0,2622.0,4095.0,3.67,8.78,-0.49,-0.03,-0.1,-0.1,i
1822.0,2890.0,4095.0,3219.0,3124.0,3135.0,2638.0,4095.0,4.58,8.98,-1.08,0.11,-0.17,0.01,i
1840.0,2884.0,4095.0,3211.0,3124.0,3126.0,2618.0,4095.0,4.12,8.35,-0.66,0.09,-0.17,-0.08,i
3280.0,3240.0,4095.0,2969.0,3120.0,3120.0,2501.0,4095.0,4.35,8.82,-1.36,0.0,0.02,0.04,i
4095.0,3283.0,4095.0,2879.0,3138.0,3141.0,2467.0,4095.0,4.48,8.65,-0.99,-0.0,-0.09,-0.03,i
3501.0,3247.0,4095.0,2781.0,3151.0,3152.0,2479.0,4095.0,3.95,8.39,-1.06,-0.11,0.11,-0.11,i
1835.0,2893.0,4095.0,2775.0,3179.0,3149.0,2471.0,4095.0,4.59,9.06,-1.04,0.01,-0.06,-0.14,i
2172.0,2849.0,3569.0,2743.0,3265.0,3150.0,2443.0,4095.0,3.95,8.89,-1.03,-0.1,0.01,0.01,i
3107.0,2883.0,3729.0,2757.0,3347.0,3182.0,2445.0,4095.0,4.02,8.77,-0.92,-0.2,-0.0,-0.18,i
3119.0,2891.0,3658.0,2752.0,3325.0,3211.0,2463.0,4095.0,4.2,8.5,-1.37,-0.06,0.03,-0.01,i
3138.0,2886.0,3635.0,2750.0,3246.0,3235.0,2448.0,4013.0,4.5,9.27,-1.01,-0.2,0.19,-0.13,i
3174.0,2874.0,3458.0,2704.0,3202.0,3262.0,2437.0,3875.0,3.93,8.74,-1.19,-0.04,0.04,-0.06,i
3203.0,2807.0,3294.0,2710.0,3216.0,3209.0,2458.0,3816.0,4.65,8.75,-0.86,-0.05,-0.2,0.04,i
3248.0,2305.0,3215.0,2753.0,3233.0,3137.0,2480.0,3874.0,3.91,8.85,-0.85,-0.1,0.04,-0.01,i
3263.0,1982.0,3111.0,2790.0,3232.0,3200.0,2506.0,3979.0,3.82,9.11,-0.87,0.06,0.0,0.17,i
3245.0,2075.0,3174.0,2854.0,3265.0,3226.0,2519.0,4041.0,4.41,9.13,-1.09,-0.11,-0.01,0.03,i
3225.0,2135.0,3153.0,2925.0,3286.0,3241.0,2544.0,4028.0,3.96,8.73,-0.9,-0.01,0.08,-0.12,i
3235.0,2096.0,3134.0,3057.0,3296.0,3261.0,2645.0,4046.0,4.37,9.16,-0.99,-0.14,0.13,-0.09,i
3230.0,2555.0,3184.0,3298.0,3310.0,3291.0,2746.0,4095.0,4.13,9.0,-0.83,0.03,-0.07,0.01,i
3223.0,2587.0,3179.0,3344.0,3312.0,3287.0,2754.0,4095.0,4.55,8.1,-0.72,-0.03,-0.2,-0.11,i
3210.0,2547.0,3259.0,3399.0,3315.0,3271.0,2755.0,4095.0,4.43,8.99,-1.76,-0.16,0.12,0.17,i
3088.0,2471.0,3259.0,3354.0,3344.0,3182.0,2761.0,4095.0,4.32,8.5,-0.42,-0.25,-0.17,-0.06,i
2800.0,2241.0,3227.0,3373.0,3404.0,3120.0,2746.0,4091.0,3.92,9.18,-0.87,-0.06,0.05,0.15,i
2858.0,2143.0,3223.0,3427.0,3370.0,3109.0,2701.0,4020.0,4.16,8.79,-0.72,-0.06,0.04,-0.02,i
2983.0,2012.0,3246.0,3457.0,3248.0,3129.0,2677.0,3893.0,3.81,8.77,-0.63,0.23,0.08,0.2,i
3183.0,2074.0,3234.0,3472.0,3185.0,3142.0,2694.0,3886.0,4.39,8.6,-0.3,-0.01,0.01,-0.01,i
3344.0,2057.0,3226.0,3369.0,3179.0,3168.0,2709.0,3901.0,4.64,9.23,-1.38,-0.01,0.11,0.17,i
3458.0,2127.0,3219.0,3237.0,3165.0,3183.0,2727.0,3927.0,4.53,7.93,-0.54,-0.02,-0.08,-0.09,i
3531.0,2153.0,3196.0,3164.0,3154.0,3185.0,2718.0,3915.0,4.27,9.16,-1.23,0.02,0.16,-0.0,i
3622.0,2327.0,3142.0,3154.0,3166.0,3190.0,2722.0,3924.0,4.47,8.81,-0.77,0.03,-0.11,-0.03,i
3701.0,2429.0,3119.0,3193.0,3181.0,3202.0,2735.0,3920.0,4.15,8.37,-0.79,-0.14,0.04,0.02,i
3719.0,2441.0,3115.0,3202.0,3189.0,3207.0,2736.0,3920.0,4.36,9.08,-1.13,0.01,0.01,-0.02,i
3711.0,2432.0,3090.0,3206.0,3190.0,3210.0,2723.0,3906.0,4.51,8.37,-0.51,0.03,-0.13,0.01,i
3683.0,2425.0,3088.0,3131.0,3189.0,3212.0,2720.0,3915.0,4.17,8.98,-0.91,-0.05,0.04,0.02,i
3664.0,2437.0,3039.0,3031.0,3188.0,3227.0,2690.0,3927.0,4.62,8.51,-0.77,0.06,-0.17,0.0,i
3061.0,3087.0,3185.0,3761.0,4095.0,4095.0,2825.0,3070.0,1.1,10.28,-1.1,0.04,0.06,0.02,k
3069.0,3095.0,3184.0,3776.0,4095.0,4095.0,2827.0,3082.0,0.88,9.2,-0.83,-0.03,-0.1,-0.03,k
3071.0,3109.0,3214.0,3777.0,4095.0,4095.0,2851.0,3100.0,1.1,9.89,-1.06,-0.04,0.04,-0.04,k
3062.0,3105.0,3201.0,3796.0,4095.0,4095.0,2838.0,3094.0,0.85,9.41,-0.87,0.03,-0.04,-0.01,k
3065.0,3101.0,3197.0,3807.0,4095.0,4095.0,2833.0,3088.0,0.79,9.77,-1.0,-0.05,0.06,-0.02,k
3068.0,3091.0,3197.0,3811.0,4095.0,4095.0,2830.0,3083.0,1.03,9.48,-0.81,-0.02,-0.05,-0.01,k
3061.0,3095.0,3198.0,3811.0,4095.0,4095.0,2834.0,3088.0,1.04,9.74,-1.01,-0.02,0.06,-0.01,k
3062.0,3091.0,3210.0,3819.0,4095.0,4095.0,2843.0,3095.0,1.1,9.6,-1.01,-0.02,-0.03,-0.03,k
3068.0,3110.0,3203.0,3815.0,4095.0,4095.0,2842.0,3098.0,0.92,9.54,-0.83,-0.04,-0.02,-0.05,k
3063.0,3119.0,3218.0,3809.0,4095.0,4095.0,2851.0,3106.0,0.91,9.57,-0.97,-0.07,0.03,-0.06,k
3069.0,3110.0,3216.0,3825.0,4095.0,4095.0,2852.0,3102.0,0.68,9.62,-0.94,0.02,0.04,0.04,k
3067.0,3103.0,3214.0,3842.0,4095.0,4095.0,2848.0,3099.0,1.05,9.73,-0.9,-0.01,-0.03,-0.02,k
3062.0,3095.0,3202.0,3847.0,4095.0,4095.0,2837.0,3090.0,0.87,9.73,-1.03,0.01,0.02,-0.01,k
3063.0,3102.0,3199.0,3847.0,4095.0,4095.0,2838.0,3095.0,0.89,9.45,-1.01,-0.04,0.01,-0.06,k
3071.0,3091.0,3199.0,3861.0,4095.0,4095.0,2837.0,3090.0,0.94,9.83,-1.02,-0.01,0.01,0.0,k
3066.0,3087.0,3195.0,3887.0,4095.0,4095.0,2832.0,3083.0,0.79,9.62,-0.88,-0.02,-0.03,0.0,k
3071.0,3088.0,3197.0,3901.0,4095.0,4095.0,2832.0,3086.0,0.84,9.55,-0.98,-0.0,0.02,-0.01,k
3061.0,3090.0,3200.0,3904.0,4095.0,4095.0,2834.0,3085.0,0.89,9.77,-1.1,0.13,0.05,0.08,k
3071.0,3088.0,3197.0,4007.0,4095.0,4095.0,2837.0,3086.0,1.01,9.34,-1.19,-0.24,0.1,-0.24,k
3070.0,3095.0,3209.0,4095.0,4095.0,4095.0,2845.0,3085.0,0.6,9.91,-0.68,0.18,-0.06,0.24,k
3087.0,3088.0,3194.0,4095.0,4095.0,4095.0,2826.0,3055.0,1.09,9.47,-1.38,-0.05,0.2,0.15,k
3097.0,3087.0,3190.0,4095.0,4095.0,4095.0,2822.0,3056.0,1.22,9.76,-1.01,0.15,0.03,-0.1,k
3101.0,3066.0,3189.0,4095.0,4095.0,4095.0,2815.0,3047.0,0.84,9.05,-1.09,-0.12,-0.02,0.05,k
3101.0,3071.0,3191.0,4095.0,4095.0,4095.0,2816.0,3056.0,1.18,9.62,-0.94,0.09,-0.15,0.23,k
3105.0,3083.0,3200.0,4095.0,4095.0,4095.0,2822.0,3056.0,1.35,10.02,-1.12,0.05,0.05,-0.06,k
3102.0,3069.0,3195.0,4095.0,4095.0,4095.0,2825.0,3055.0,0.91,9.27,-1.22,0.02,-0.08,-0.01,k
3110.0,3083.0,3200.0,4095.0,4095.0,4095.0,2834.0,3065.0,1.26,9.63,-1.26,0.06,-0.12,0.13,k
3094.0,3083.0,3200.0,4095.0,4095.0,4095.0,2832.0,3060.0,1.34,9.56,-1.25,-0.19,0.16,-0.23,k
3107.0,3083.0,3197.0,4095.0,4095.0,4095.0,2831.0,3061.0,1.35,9.78,-1.08,-0.01,0.02,0.04,k
3105.0,3088.0,3194.0,4095.0,4095.0,4095.0,2830.0,3059.0,1.13,9.53,-0.93,0.01,0.02,-0.03,k
3106.0,3086.0,3187.0,4095.0,4095.0,4095.0,2831.0,3059.0,1.13,10.0,-1.37,0.04,0.02,0.03,k
3107.0,3070.0,3185.0,4095.0,4095.0,4095.0,2832.0,3057.0,1.08,9.17,-1.2,-0.04,-0.15,0.04,k
3106.0,3083.0,3189.0,4095.0,4095.0,4095.0,2832.0,3056.0,1.2,9.79,-1.23,-0.06,0.1,-0.03,k
3114.0,3071.0,3191.0,4095.0,4095.0,4095.0,2832.0,3055.0,1.28,9.43,-1.12,-0.13,-0.03,-0.06,k
3107.0,3087.0,3198.0,4095.0,4095.0,4095.0,2832.0,3056.0,1.21,9.61,-1.02,-0.02,0.05,-0.0,k
3104.0,3088.0,3191.0,4095.0,4095.0,4095.0,2834.0,3054.0,0.85,9.57,-1.07,-0.08,0.12,0.07,k
3108.0,3065.0,3191.0,4095.0,4095.0,4095.0,2834.0,3041.0,1.02,9.62,-1.04,-0.03,-0.05,0.18,k
3109.0,3071.0,3197.0,4095.0,4095.0,4095.0,2847.0,3029.0,1.18,9.71,-1.25,-0.07,0.25,0.02,k
3110.0,3091.0,3203.0,4095.0,4095.0,4095.0,2864.0,3037.0,1.46,9.57,-1.16,0.05,0.05,0.03,k
3106.0,3084.0,3197.0,4095.0,4095.0,4095.0,2869.0,3032.0,1.68,9.44,-1.28,-0.03,-0.03,0.01,k
3106.0,3088.0,3200.0,4095.0,4095.0,4095.0,2871.0,3026.0,1.4,9.45,-0.92,0.04,-0.13,0.04,k
3105.0,3109.0,3213.0,4095.0,4095.0,4095.0,2891.0,3046.0,1.24,9.63,-0.99,-0.1,0.04,-0.09,k
3099.0,3115.0,3227.0,4048.0,4095.0,4095.0,2898.0,3056.0,1.2,9.59,-1.14,0.03,-0.07,0.15,k
3101.0,3126.0,3241.0,3727.0,4095.0,4095.0,2908.0,3081.0,1.45,9.36,-1.24,-0.01,-0.0,0.07,k
3097.0,3130.0,3239.0,3583.0,4095.0,4095.0,2907.0,3084.0,1.51,9.52,-1.15,0.02,-0.02,0.07,k
3099.0,3125.0,3236.0,3520.0,4095.0,4095.0,2912.0,3071.0,1.64,9.52,-1.28,-0.09,0.05,-0.06,k
3107.0,3121.0,3244.0,3507.0,4095.0,4095.0,2913.0,3079.0,1.41,9.54,-1.18,-0.01,-0.07,0.05,k
3100.0,3123.0,3241.0,3533.0,4095.0,4095.0,2918.0,3071.0,1.6,9.71,-1.04,0.05,-0.03,0.05,k
3102.0,3113.0,3228.0,3583.0,4095.0,4095.0,2903.0,3067.0,1.71,9.71,-1.34,-0.03,0.06,-0.11,k
3110.0,3103.0,3216.0,3518.0,4095.0,4095.0,2894.0,3061.0,1.69,9.31,-1.19,0.04,-0.13,0.05,k
3109.0,3120.0,3236.0,3453.0,4095.0,4095.0,2903.0,3085.0,1.59,9.83,-1.57,0.03,0.13,-0.05,k
3105.0,3105.0,3234.0,3489.0,4095.0,4095.0,2896.0,3066.0,1.05,9.18,-1.37,-0.06,0.05,0.04,k
3105.0,3109.0,3225.0,3809.0,4095.0,4095.0,2909.0,3068.0,1.54,9.87,-1.47,0.08,0.14,-0.04,k
3101.0,3219.0,3331.0,4095.0,4095.0,4095.0,3021.0,3183.0,1.59,9.47,-1.29,-0.12,-0.04,-0.0,k
3105.0,3191.0,3309.0,4095.0,4095.0,4095.0,2989.0,3139.0,1.85,9.41,-1.22,-0.01,0.01,0.07,k
3108.0,3098.0,3216.0,4095.0,4095.0,4095.0,2899.0,3049.0,1.97,9.84,-1.37,0.05,0.01,0.02,k
3097.0,3105.0,3223.0,4095.0,4095.0,4095.0,2911.0,3059.0,1.72,9.78,-1.39,-0.1,0.02,-0.09,k
3100.0,3094.0,3202.0,4095.0,4095.0,4095.0,2896.0,3046.0,1.53,9.48,-1.31,-0.05,-0.03,-0.04,k
3103.0,3091.0,3213.0,4095.0,4095.0,4095.0,2899.0,3053.0,1.37,9.62,-1.45,0.08,0.0,-0.01,k
3105.0,3100.0,3217.0,4095.0,4095.0,4095.0,2898.0,3051.0,1.39,9.4,-1.33,-0.07,-0.04,-0.06,k
3107.0,3099.0,3216.0,4095.0,4095.0,4095.0,2898.0,3051.0,1.53,9.51,-1.41,0.03,-0.06,-0.0,k
3107.0,3098.0,3207.0,4095.0,4095.0,4095.0,2900.0,3051.0,1.58,9.68,-1.35,0.06,0.0,-0.02,k
3103.0,3101.0,3209.0,4095.0,4095.0,4095.0,2897.0,3054.0,1.5,9.66,-1.46,0.0,-0.05,0.03,k
3105.0,3092.0,3206.0,4016.0,4095.0,4095.0,2893.0,3047.0,1.54,9.31,-1.48,-0.13,-0.1,-0.13,k
3111.0,3119.0,3232.0,3888.0,4095.0,4095.0,2910.0,3081.0,1.41,9.52,-1.3,-0.07,-0.14,0.1,k
3112.0,3136.0,3250.0,3806.0,4095.0,4095.0,2933.0,3099.0,1.25,9.5,-1.52,-0.04,-0.07,-0.02,k
3104.0,3114.0,3231.0,3948.0,4095.0,4095.0,2914.0,3068.0,1.72,9.53,-1.54,0.16,-0.07,0.04,k
3095.0,3083.0,3188.0,4095.0,4095.0,4095.0,2875.0,3035.0,1.51,9.52,-1.52,0.03,0.02,-0.02,k
3088.0,2989.0,3106.0,4095.0,4095.0,4095.0,2799.0,2953.0,1.7,9.5,-1.62,0.08,-0.13,0.07,k
3090.0,2980.0,3107.0,4095.0,4095.0,4095.0,2787.0,2928.0,1.31,9.41,-1.69,0.07,-0.07,0.1,k
3088.0,2957.0,3069.0,4095.0,4095.0,4095.0,2768.0,2894.0,1.85,9.53,-1.66,0.01,-0.24,-0.07,k
3088.0,2960.0,3066.0,4095.0,4095.0,4095.0,2768.0,2877.0,1.28,9.48,-1.77,0.01,0.06,-0.02,k
3088.0,2958.0,3065.0,4095.0,4095.0,4095.0,2763.0,2864.0,1.74,9.23,-1.82,-0.23,-0.06,-0.14,k
3094.0,2953.0,3057.0,4095.0,4095.0,4095.0,2765.0,2863.0,1.4,9.61,-1.77,0.01,0.07,-0.03,k
3088.0,2955.0,3056.0,4095.0,4095.0,4095.0,2771.0,2861.0,1.64,9.59,-1.71,-0.26,-0.0,-0.07,k
3088.0,2954.0,3061.0,4095.0,4095.0,4095.0,2770.0,2864.0,1.26,9.43,-1.4,-0.06,-0.03,0.0,k
3088.0,2957.0,3066.0,4095.0,4095.0,4095.0,2774.0,2864.0,1.68,9.67,-1.35,-0.01,0.05,-0.0,k
3088.0,2960.0,3061.0,4095.0,4095.0,4095.0,2775.0,2865.0,1.49,9.31,-1.52,-0.07,0.01,-0.03,k
3090.0,2960.0,3068.0,4095.0,4095.0,4095.0,2771.0,2870.0,1.47,9.54,-1.58,0.09,0.07,-0.03,k
3094.0,2950.0,3069.0,4095.0,4095.0,4095.0,2781.0,2870.0,1.58,9.9,-1.59,0.03,0.05,-0.0,k
3090.0,2965.0,3069.0,4095.0,4095.0,4095.0,2786.0,2877.0,1.89,9.28,-1.69,-0.22,-0.08,-0.13,k
3093.0,2966.0,3071.0,4095.0,4095.0,4095.0,2787.0,2881.0,1.68,9.76,-1.56,0.02,0.06,-0.06,k
3089.0,2972.0,3079.0,4095.0,4095.0,4095.0,2790.0,2884.0,1.24,9.61,-1.44,-0.05,0.07,-0.12,k
3092.0,2971.0,3079.0,4095.0,4095.0,4095.0,2791.0,2883.0,1.23,9.79,-1.6,-0.0,0.05,0.03,k
3097.0,2964.0,3085.0,4095.0,4095.0,4095.0,2790.0,2887.0,1.58,9.03,-1.56,-0.16,0.03,-0.1,k
3090.0,2962.0,3083.0,4095.0,4095.0,4095.0,2777.0,2890.0,1.01,9.5,-1.51,0.06,0.16,0.04,k
3094.0,2965.0,3063.0,4095.0,4095.0,4095.0,2780.0,2896.0,0.86,9.91,-1.6,-0.05,0.12,-0.07,k
3096.0,2972.0,3085.0,4095.0,4095.0,4095.0,2775.0,2896.0,1.66,9.58,-1.46,-0.02,-0.04,0.04,k
3085.0,2973.0,3071.0,4095.0,4095.0,4095.0,2768.0,2896.0,1.15,9.29,-1.55,-0.01,0.08,0.0,k
3086.0,2975.0,3086.0,4095.0,4095.0,4095.0,2768.0,2905.0,1.65,9.73,-1.7,-0.1,0.05,-0.08,k
3088.0,2963.0,3082.0,4095.0,4095.0,4095.0,2766.0,2907.0,1.02,8.29,-1.29,-0.25,0.08,0.01,k
3092.0,2964.0,3082.0,4095.0,4095.0,4095.0,2765.0,2910.0,1.46,10.16,-1.39,0.06,0.49,-0.1,k
3088.0,2963.0,3087.0,4095.0,4095.0,4095.0,2768.0,2912.0,1.1,9.2,-1.24,-0.18,0.09,-0.06,k
3086.0,2960.0,3088.0,4095.0,4095.0,4095.0,2768.0,2911.0,1.47,9.58,-1.35,-0.01,0.01,0.14,k
3088.0,2960.0,3084.0,4095.0,4095.0,4095.0,2767.0,2915.0,1.67,9.17,-0.97,0.05,-0.15,0.02,k
3091.0,2960.0,3071.0,4095.0,4095.0,4095.0,2771.0,2914.0,1.55,9.7,-1.39,0.16,-0.01,-0.03,k
3089.0,2967.0,3079.0,4095.0,4095.0,4095.0,2766.0,2913.0,1.67,9.41,-1.31,0.07,-0.14,-0.04,k
3094.0,2963.0,3069.0,4095.0,4095.0,4095.0,2767.0,2914.0,1.69,9.65,-1.6,0.04,-0.01,-0.04,k
3093.0,2959.0,3079.0,4095.0,4095.0,4095.0,2765.0,2917.0,1.27,9.48,-1.58,0.1,0.17,-0.08,k
3102.0,2960.0,3071.0,4095.0,4095.0,4095.0,2767.0,2918.0,1.54,9.77,-1.87,0.06,-0.16,0.13,k
3093.0,2961.0,3071.0,4095.0,4095.0,4095.0,2765.0,2919.0,1.98,9.6,-2.04,-0.05,-0.26,-0.09,k
3107.0,2971.0,3088.0,4095.0,4095.0,4095.0,2772.0,2922.0,1.31,9.53,-1.83,-0.07,0.01,0.02,k
3107.0,2960.0,3085.0,4095.0,4095.0,4095.0,2757.0,2920.0,1.51,9.39,-1.47,0.16,-0.34,0.18,k
3110.0,2961.0,3085.0,4095.0,4095.0,4095.0,2734.0,2890.0,1.16,9.63,-1.89,-0.03,0.04,-0.11,k
3110.0,2960.0,3079.0,4095.0,4095.0,4095.0,2730.0,2896.0,1.65,9.46,-1.95,0.01,-0.28,0.19,k
3117.0,2961.0,3082.0,4095.0,4095.0,4095.0,2753.0,2928.0,1.23,9.22,-1.52,-0.14,-0.02,-0.05,k
3120.0,2965.0,3070.0,4095.0,4095.0,4095.0,2870.0,3019.0,1.91,9.81,-1.75,0.1,0.1,0.0,k
3120.0,2967.0,3068.0,4095.0,4095.0,4095.0,2928.0,3055.0,1.05,8.91,-2.04,-0.17,0.05,-0.06,k
3118.0,2965.0,3081.0,4095.0,4095.0,4095.0,2933.0,3062.0,1.72,9.79,-1.62,0.06,-0.18,0.26,k
3121.0,2967.0,3071.0,4095.0,4095.0,4095.0,2952.0,3088.0,1.46,9.06,-1.68,-0.1,0.19,-0.19,k
3123.0,2962.0,3070.0,4095.0,4095.0,4095.0,2987.0,3134.0,1.81,9.48,-1.85,-0.1,0.08,-0.02,k
3122.0,2962.0,3070.0,4095.0,4095.0,4095.0,3083.0,3263.0,1.81,9.05,-1.66,-0.3,0.16,-0.09,k
3129.0,2960.0,3068.0,4095.0,4095.0,4095.0,3091.0,3298.0,1.41,9.4,-1.77,-0.04,0.08,-0.04,k
3126.0,2959.0,3066.0,4095.0,4095.0,4095.0,3106.0,3324.0,1.61,9.57,-1.41,-0.07,-0.03,0.18,k
3120.0,2957.0,3055.0,4095.0,4095.0,4095.0,3086.0,3279.0,1.18,9.39,-1.53,-0.04,0.23,-0.06,k
3115.0,2960.0,3065.0,4095.0,4095.0,4095.0,2931.0,3133.0,1.62,9.65,-1.68,0.04,-0.07,0.42,k
3122.0,2958.0,3067.0,4095.0,4095.0,4095.0,2931.0,3110.0,1.82,9.07,-1.62,-0.07,0.06,-0.03,k
3131.0,2967.0,3060.0,4095.0,4095.0,4095.0,2928.0,3117.0,2.06,9.93,-1.6,-0.05,0.1,0.05,k
3135.0,2967.0,3059.0,4095.0,4095.0,4095.0,2855.0,3071.0,2.33,9.46,-1.53,0.02,-0.17,0.05,k
3137.0,2962.0,3063.0,4095.0,4095.0,4095.0,2855.0,3085.0,2.17,9.28,-1.49,-0.13,0.09,-0.14,k
3135.0,2969.0,3056.0,4095.0,4095.0,4095.0,2901.0,3110.0,2.14,9.65,-1.66,-0.07,0.05,-0.05,k
3150.0,2973.0,3066.0,4095.0,4095.0,4095.0,3006.0,3205.0,1.7,9.07,-1.49,-0.27,0.01,-0.16,k
3148.0,2971.0,3059.0,4095.0,4095.0,4095.0,2909.0,3105.0,1.64,9.5,-1.25,0.1,-0.05,0.04,k
3138.0,2972.0,3069.0,4095.0,4095.0,4095.0,2849.0,3062.0,1.65,9.18,-1.15,-0.1,0.04,-0.01,k
3147.0,2975.0,3071.0,4095.0,4095.0,4095.0,2870.0,3047.0,1.86,9.33,-1.04,0.05,-0.12,0.08,k
3134.0,2973.0,3071.0,4095.0,4095.0,4095.0,2809.0,2971.0,2.09,9.65,-1.79,-0.18,0.18,-0.17,k
3134.0,2979.0,3088.0,4095.0,4095.0,4095.0,2788.0,2948.0,2.02,9.35,-1.11,0.04,-0.13,0.04,k
3136.0,2979.0,3088.0,4095.0,4095.0,4095.0,2768.0,2936.0,1.64,9.27,-1.08,-0.01,0.06,-0.15,k
3138.0,2976.0,3088.0,4095.0,4095.0,4095.0,2741.0,2925.0,1.44,9.85,-1.24,0.03,0.04,-0.05,k
3139.0,2978.0,3088.0,4095.0,4095.0,4095.0,2766.0,2940.0,1.9,9.58,-1.23,0.1,-0.1,-0.02,k
3136.0,2975.0,3092.0,4095.0,4095.0,4095.0,2768.0,2938.0,1.93,9.87,-1.65,0.13,0.1,-0.13,k
3137.0,2970.0,3090.0,4095.0,4095.0,4095.0,2777.0,2946.0,1.73,9.24,-1.53,0.08,-0.14,0.06,k
3149.0,2978.0,3088.0,4095.0,4095.0,4095.0,2779.0,2960.0,1.81,9.77,-1.77,-0.16,0.11,-0.09,k
3152.0,3071.0,3183.0,4095.0,4095.0,4095.0,2868.0,3057.0,1.82,9.58,-1.58,0.1,-0.04,-0.0,k
3161.0,3091.0,3198.0,4095.0,4095.0,4095.0,2873.0,3071.0,1.56,9.02,-1.31,-0.17,-0.0,0.02,k
3169.0,3171.0,3280.0,4095.0,4095.0,4095.0,2979.0,3187.0,2.16,9.58,-1.63,-0.07,0.18,-0.03,k
3179.0,3086.0,3186.0,4095.0,4095.0,4095.0,2885.0,3099.0,1.24,9.38,-1.42,-0.02,0.17,-0.13,k
3178.0,3043.0,3157.0,4095.0,4095.0,4095.0,2849.0,3035.0,2.05,9.69,-1.7,-0.13,-0.18,-0.02,k
3157.0,3042.0,3143.0,4095.0,4095.0,4095.0,3085.0,3267.0,2.11,8.75,-1.33,-0.52,-0.24,-0.13,k
3162.0,3091.0,3203.0,4095.0,4095.0,4095.0,3766.0,3711.0,2.49,11.05,-1.36,-0.05,0.32,-0.16,k
3146.0,3174.0,3280.0,4095.0,4095.0,4095.0,4019.0,3639.0,0.08,8.78,-0.35,-0.07,0.17,-0.13,k
3146.0,3022.0,3142.0,4095.0,4095.0,4095.0,3983.0,3458.0,2.05,11.03,-1.62,-0.04,0.14,0.17,k
3145.0,3011.0,3130.0,4095.0,4095.0,4095.0,4095.0,3522.0,1.59,8.69,-0.62,0.12,-0.24,0.12,k
3153.0,3025.0,3136.0,4095.0,4095.0,4095.0,4095.0,3552.0,1.4,9.95,-2.04,0.19,0.12,0.32,k
3152.0,3083.0,3198.0,4095.0,4095.0,4095.0,3907.0,3787.0,2.59,9.84,-1.51,0.03,-0.45,0.35,k
3153.0,3082.0,3194.0,4095.0,4095.0,4095.0,3664.0,3760.0,2.01,8.83,-1.34,-0.01,-0.17,0.04,k
3150.0,3126.0,3237.0,4095.0,4095.0,4095.0,3583.0,3760.0,1.98,9.98,-1.46,0.18,0.07,0.08,k
3154.0,3115.0,3221.0,4095.0,4095.0,4095.0,3434.0,3649.0,2.37,9.62,-1.49,-0.0,-0.16,0.0,k
3154.0,3109.0,3231.0,4095.0,4095.0,4095.0,3462.0,3695.0,2.01,9.81,-1.61,0.07,-0.01,-0.0,k
3159.0,3118.0,3226.0,4095.0,4095.0,4095.0,3408.0,3628.0,1.9,9.13,-1.29,0.06,-0.12,-0.03,k
3149.0,3131.0,3247.0,4095.0,4095.0,4095.0,3417.0,3632.0,2.26,9.89,-1.82,0.04,0.06,-0.05,k
3150.0,3198.0,3311.0,4095.0,4095.0,4095.0,3287.0,3499.0,2.24,9.46,-1.62,0.27,0.03,-0.14,k
3146.0,3187.0,3297.0,4095.0,4095.0,4095.0,3050.0,3301.0,1.58,9.23,-1.97,-0.09,0.07,0.06,k
3141.0,3239.0,3354.0,4095.0,4095.0,4095.0,2955.0,3343.0,2.52,10.19,-1.95,0.17,-0.08,0.15,k
3138.0,3187.0,3311.0,4095.0,4095.0,4095.0,2895.0,3274.0,1.61,8.9,-1.64,0.04,-0.03,0.07,k
3150.0,3198.0,3312.0,4095.0,4095.0,4095.0,2943.0,3312.0,2.66,9.67,-2.03,-0.1,0.05,-0.0,k
3136.0,3203.0,3313.0,4095.0,4095.0,4095.0,2959.0,3303.0,2.04,9.06,-1.46,0.01,-0.03,-0.0,k
3147.0,3107.0,3221.0,4095.0,4095.0,4095.0,2871.0,3221.0,2.2,9.25,-1.8,-0.17,-0.03,-0.04,k
3149.0,3162.0,3281.0,4095.0,4095.0,4095.0,2990.0,3305.0,2.48,10.06,-1.93,-0.05,-0.01,0.03,k
3143.0,3184.0,3301.0,4095.0,4095.0,4095.0,3035.0,3319.0,1.96,9.01,-1.72,0.04,-0.01,-0.07,k
3141.0,3157.0,3270.0,4095.0,4095.0,4095.0,3024.0,3282.0,2.14,9.95,-2.03,-0.22,0.09,-0.07,k
3137.0,3153.0,3264.0,4095.0,4095.0,4095.0,3079.0,3258.0,1.72,9.29,-1.58,-0.01,-0.12,0.11,k
3142.0,3021.0,3141.0,4095.0,4095.0,4095.0,3188.0,3278.0,2.1,9.56,-1.88,-0.23,0.2,-0.11,k
3136.0,3047.0,3167.0,4095.0,4095.0,4095.0,3647.0,3287.0,2.11,9.28,-0.78,0.21,0.1,0.04,k
3140.0,3120.0,3246.0,4095.0,4095.0,4095.0,3458.0,3301.0,1.25,9.12,-1.5,0.05,0.23,0.05,k
3141.0,3120.0,3233.0,4095.0,4095.0,4095.0,3120.0,3287.0,2.73,9.91,-1.89,0.14,0.11,0.14,k
3151.0,3135.0,3249.0,4095.0,4095.0,4095.0,2999.0,3280.0,2.37,8.67,-2.01,-0.02,0.1,-0.11,k
3147.0,3136.0,3242.0,4095.0,4095.0,4095.0,3017.0,3280.0,2.33,9.52,-2.07,0.03,0.06,0.08,k
3152.0,3147.0,3248.0,4095.0,4095.0,4095.0,3024.0,3281.0,2.58,9.22,-1.76,0.02,-0.04,-0.16,k
3143.0,3127.0,3239.0,4095.0,4095.0,4095.0,3021.0,3278.0,1.99,9.64,-2.1,0.02,0.13,-0.01,k
3147.0,3136.0,3252.0,4095.0,4095.0,4095.0,3030.0,3301.0,2.1,9.0,-1.52,-0.01,-0.12,0.0,k
3149.0,3198.0,3301.0,4095.0,4095.0,4095.0,3085.0,3343.0,2.0,9.03,-2.2,-0.13,0.17,-0.22,k
3151.0,3095.0,3215.0,4095.0,4095.0,4095.0,2980.0,3248.0,2.76,9.67,-2.12,-0.02,0.16,-0.02,k
3149.0,3121.0,3233.0,4095.0,4095.0,4095.0,2999.0,3279.0,2.13,9.62,-1.93,-0.17,0.21,-0.24,k
3139.0,3149.0,3267.0,4095.0,4095.0,4095.0,3025.0,3296.0,2.1,9.18,-1.86,-0.08,0.21,-0.07,k
3123.0,3089.0,3202.0,4095.0,4095.0,4095.0,2979.0,3217.0,2.14,9.67,-1.98,0.12,0.0,0.11,k
3130.0,3100.0,3209.0,4095.0,4095.0,4095.0,2981.0,3228.0,1.63,9.13,-1.3,-0.09,0.0,-0.1,k
3123.0,3090.0,3199.0,4095.0,4095.0,4095.0,2977.0,3211.0,1.83,9.37,-1.72,0.03,-0.01,0.03,k
3122.0,3071.0,3198.0,4095.0,4095.0,4095.0,2965.0,3206.0,2.1,8.94,-1.52,0.03,-0.11,0.11,k
3123.0,3071.0,3184.0,4095.0,4095.0,4095.0,2960.0,3202.0,2.54,9.37,-1.84,0.2,-0.04,0.06,k
3126.0,3090.0,3216.0,4095.0,4095.0,4095.0,2967.0,3237.0,1.95,9.24,-1.97,-0.01,-0.05,0.08,k
3123.0,3099.0,3213.0,4046.0,4095.0,4095.0,2955.0,3247.0,2.61,9.37,-2.03,-0.06,0.29,-0.2,k
3127.0,3114.0,3231.0,4095.0,4095.0,4095.0,2960.0,3259.0,1.63,9.47,-2.16,0.01,0.23,-0.04,k
3120.0,3110.0,3216.0,4095.0,4095.0,4095.0,2974.0,3257.0,2.51,9.38,-2.1,-0.05,0.09,-0.21,k
3123.0,3125.0,3247.0,4095.0,4095.0,4095.0,2992.0,3284.0,1.65,8.99,-1.94,0.03,-0.05,-0.05,k
3126.0,3114.0,3223.0,4095.0,4095.0,4095.0,2983.0,3280.0,2.2,9.76,-2.16,-0.01,0.06,-0.06,k
3120.0,3120.0,3234.0,4095.0,4095.0,4095.0,2983.0,3287.0,1.67,9.07,-2.0,-0.0,-0.1,0.17,k
3118.0,3118.0,3232.0,4095.0,4095.0,4095.0,2970.0,3287.0,2.56,9.6,-1.99,-0.13,-0.08,-0.13,k
3117.0,3125.0,3231.0,4095.0,4095.0,4095.0,2979.0,3294.0,1.81,9.88,-2.1,0.26,-0.02,0.0,k
3127.0,3169.0,3280.0,4095.0,4095.0,4095.0,3043.0,3315.0,2.06,8.68,-2.17,-0.03,-0.35,0.2,k
3126.0,3149.0,3264.0,4095.0,4095.0,4095.0,3024.0,3275.0,1.83,9.62,-2.44,-0.19,-0.12,0.02,k
3136.0,3131.0,3235.0,4095.0,4095.0,4095.0,3003.0,3238.0,2.17,9.22,-1.92,0.11,-0.31,0.08,k
3141.0,3132.0,3247.0,4095.0,4095.0,4095.0,2998.0,3234.0,2.23,9.7,-2.42,-0.32,-0.29,-0.09,k
3152.0,3116.0,3223.0,4095.0,4095.0,4095.0,2983.0,3230.0,2.36,9.61,-2.26,-0.08,-0.31,0.03,k
3157.0,3095.0,3215.0,4095.0,4095.0,4095.0,2951.0,3232.0,1.73,8.46,-1.47,-0.38,0.05,-0.2,k
3179.0,3067.0,3189.0,4095.0,4095.0,4095.0,2931.0,3249.0,1.94,9.93,-2.3,-0.19,0.15,-0.12,k
3192.0,3184.0,3307.0,4095.0,4095.0,4095.0,3027.0,3363.0,2.17,9.24,-1.85,-0.0,-0.16,-0.06,k
3191.0,3185.0,3312.0,4095.0,4095.0,4095.0,3021.0,3396.0,1.72,8.55,-1.41,-0.34,0.14,-0.22,k
3173.0,3143.0,3258.0,4095.0,4095.0,4095.0,2980.0,3375.0,2.18,10.22,-1.97,-0.15,0.18,-0.02,k
3151.0,3227.0,3355.0,4095.0,4095.0,4095.0,3042.0,3467.0,1.11,8.82,-1.45,-0.21,0.17,-0.16,k
3119.0,2896.0,3007.0,4095.0,4095.0,4095.0,2710.0,3156.0,2.17,9.17,-1.41,-0.5,0.13,-0.12,k
3107.0,2898.0,3015.0,4095.0,4095.0,4095.0,2722.0,3167.0,1.96,9.79,-1.37,-0.04,0.21,0.01,k
3115.0,2910.0,3019.0,4095.0,4095.0,4095.0,2721.0,3177.0,1.46,9.31,-1.0,-0.05,0.15,-0.04,k
3087.0,2883.0,3009.0,4095.0,4095.0,4095.0,2713.0,3170.0,1.88,9.98,-1.6,-0.21,0.2,-0.23,k
3088.0,2896.0,3010.0,4095.0,4095.0,4095.0,2720.0,3183.0,1.44,9.36,-1.3,0.02,-0.03,0.08,k
3081.0,2896.0,3008.0,4095.0,4095.0,4095.0,2722.0,3184.0,1.93,9.35,-1.33,-0.37,0.05,-0.2,k
3069.0,2891.0,2995.0,4095.0,4095.0,4095.0,2727.0,3184.0,1.71,9.96,-1.33,0.0,0.09,-0.0,k
3067.0,2897.0,3011.0,4095.0,4095.0,4095.0,2725.0,3193.0,1.53,8.67,-0.64,-0.1,-0.15,0.06,k
3071.0,2899.0,3007.0,4095.0,4095.0,4095.0,2733.0,3196.0,1.87,9.99,-1.21,0.04,0.25,-0.18,k
3067.0,2896.0,3011.0,4095.0,4095.0,4095.0,2730.0,3189.0,1.41,8.97,-0.71,0.12,-0.21,0.01,k
3071.0,2902.0,3011.0,4095.0,4095.0,4095.0,2736.0,3199.0,1.47,9.7,-1.36,-0.17,-0.02,-0.07,k
3088.0,2898.0,3010.0,4095.0,4095.0,4095.0,2733.0,3199.0,1.94,9.6,-1.16,-0.01,-0.05,-0.03,k
3086.0,2898.0,3008.0,4095.0,4095.0,4095.0,2727.0,3184.0,0.86,9.03,-0.77,-0.13,-0.03,-0.0,k
3071.0,2897.0,3014.0,4095.0,4095.0,4095.0,2723.0,3145.0,1.97,9.55,-1.24,-0.09,0.03,-0.12,k
3086.0,2896.0,3008.0,4095.0,4095.0,4095.0,2725.0,3152.0,1.55,9.85,-1.13,0.17,0.12,-0.05,k
3069.0,2897.0,3013.0,4095.0,4095.0,4095.0,2736.0,3173.0,1.5,9.21,-1.16,-0.15,-0.1,-0.01,k
3057.0,2896.0,3006.0,4095.0,4095.0,4095.0,2737.0,3184.0,1.25,9.86,-1.62,-0.07,0.09,-0.01,k
3063.0,2897.0,3005.0,4095.0,4095.0,4095.0,2739.0,3190.0,1.74,9.47,-0.96,-0.03,-0.01,-0.03,k
3057.0,2902.0,3003.0,4095.0,4095.0,4095.0,2742.0,3195.0,1.28,9.84,-1.19,-0.18,0.07,-0.04,k
3069.0,2896.0,3010.0,4095.0,4095.0,4095.0,2737.0,3195.0,1.67,9.6,-0.85,0.03,-0.01,0.02,k
3061.0,2907.0,3008.0,4095.0,4095.0,4095.0,2736.0,3189.0,1.25,9.43,-0.96,-0.07,0.02,-0.01,k
3056.0,2883.0,2998.0,4095.0,4095.0,4095.0,2742.0,3184.0,1.68,9.97,-1.14,0.03,0.13,-0.06,k
3069.0,2905.0,3018.0,4095.0,4095.0,4095.0,2760.0,3203.0,1.37,9.53,-0.75,0.04,-0.03,0.05,k
3085.0,2909.0,3033.0,4095.0,4095.0,4095.0,2770.0,3219.0,1.33,9.85,-1.31,-0.01,0.15,-0.16,k
3088.0,2909.0,3034.0,4095.0,4095.0,4095.0,2775.0,3223.0,1.71,9.63,-1.21,0.04,-0.05,0.09,k
3094.0,2913.0,3026.0,4095.0,4095.0,4095.0,2785.0,3223.0,1.56,9.13,-1.33,-0.08,-0.02,-0.12,k
3094.0,2914.0,3026.0,4095.0,4095.0,4095.0,2781.0,3220.0,1.75,9.98,-1.38,-0.02,0.01,0.0,k
3093.0,2905.0,3013.0,4095.0,4095.0,4095.0,2774.0,3211.0,1.09,9.06,-0.74,-0.07,-0.06,-0.02,k
3094.0,2921.0,3024.0,4095.0,4095.0,4095.0,2778.0,3207.0,1.41,9.69,-1.18,-0.04,0.09,-0.05,k
3100.0,2906.0,3024.0,4095.0,4095.0,4095.0,2773.0,3203.0,1.57,9.69,-1.12,0.05,0.01,0.11,k
3088.0,2896.0,3008.0,4095.0,4095.0,4095.0,2767.0,3191.0,1.51,9.17,-1.03,-0.15,0.0,-0.07,k
3083.0,2894.0,3010.0,4095.0,4095.0,4095.0,2762.0,3183.0,1.32,9.98,-1.23,-0.01,0.09,0.03,k
3083.0,2890.0,3007.0,4095.0,4095.0,4095.0,2759.0,3164.0,1.56,9.41,-0.96,-0.04,-0.07,0.04,k
3087.0,2885.0,3007.0,4095.0,4095.0,4095.0,2752.0,3154.0,1.73,9.54,-1.09,-0.07,0.03,0.03,k
3086.0,2895.0,3002.0,4095.0,4095.0,4095.0,2752.0,3152.0,1.48,9.6,-1.04,0.02,0.1,-0.05,k
3068.0,2889.0,2995.0,4095.0,4095.0,4095.0,2750.0,3148.0,1.45,9.37,-0.93,-0.08,0.05,-0.04,k
3062.0,2885.0,3001.0,4095.0,4095.0,4095.0,2745.0,3141.0,1.52,9.7,-1.18,-0.01,0.03,0.01,k
3067.0,2883.0,3002.0,4095.0,4095.0,4095.0,2753.0,3134.0,1.32,9.17,-0.9,0.01,-0.03,-0.01,k
3071.0,2887.0,2998.0,4095.0,4095.0,4095.0,2746.0,3122.0,1.26,9.72,-1.27,-0.11,0.1,0.02,k
3071.0,2892.0,3005.0,4095.0,4095.0,4095.0,2753.0,3119.0,1.81,9.78,-1.08,0.16,-0.04,0.07,k
3086.0,2883.0,3003.0,4095.0,4095.0,4095.0,2762.0,3082.0,1.22,8.32,-1.03,0.03,0.08,-0.01,k
3097.0,2890.0,3003.0,4095.0,4095.0,4095.0,2756.0,3071.0,1.59,10.13,-1.49,0.01,0.25,0.0,k
3097.0,2883.0,3002.0,4095.0,4095.0,4095.0,2749.0,3083.0,1.1,8.55,-0.85,0.18,-0.04,0.03,k
3106.0,2883.0,3001.0,4095.0,4095.0,4095.0,2742.0,3087.0,1.6,9.83,-1.44,-0.18,0.15,-0.09,k
3101.0,2885.0,2995.0,4095.0,4095.0,4095.0,2739.0,3081.0,1.5,9.21,-1.13,0.26,-0.12,0.16,k
3107.0,2895.0,3009.0,4095.0,4095.0,4095.0,2747.0,3098.0,1.65,9.53,-1.44,-0.12,-0.06,-0.06,k
3119.0,2896.0,3011.0,4095.0,4095.0,4095.0,2749.0,3105.0,1.75,9.68,-1.66,0.04,-0.08,0.09,k
3125.0,2898.0,3008.0,4095.0,4095.0,4095.0,2736.0,3105.0,1.92,9.27,-1.31,-0.08,-0.13,0.02,k
3129.0,2895.0,3012.0,4095.0,4095.0,4095.0,2723.0,3098.0,1.75,9.77,-1.54,-0.09,0.01,-0.06,k
3129.0,2890.0,2998.0,4095.0,4095.0,4095.0,2723.0,3095.0,1.81,9.45,-1.51,0.07,-0.09,0.05,k
3131.0,2892.0,3011.0,4095.0,4095.0,4095.0,2726.0,3111.0,1.58,9.45,-1.26,-0.14,0.06,-0.04,k
3126.0,2891.0,2998.0,4095.0,4095.0,4095.0,2732.0,3115.0,2.13,9.97,-1.47,0.09,0.1,-0.07,k
3136.0,2891.0,2997.0,4095.0,4095.0,4095.0,2735.0,3094.0,1.04,9.26,-1.24,0.1,0.12,-0.14,k
3140.0,2893.0,3011.0,4095.0,4095.0,4095.0,2738.0,3071.0,1.5,9.75,-2.02,-0.06,0.29,-0.23,k
3143.0,2879.0,3007.0,4095.0,4095.0,4095.0,2743.0,3088.0,1.91,9.28,-1.63,0.07,-0.03,-0.1,k
3120.0,2878.0,2998.0,4095.0,4095.0,4095.0,2733.0,3088.0,0.58,9.02,-1.53,-0.0,0.15,-0.18,k
3121.0,2881.0,3001.0,4095.0,4095.0,4095.0,2736.0,3097.0,1.83,9.9,-1.88,-0.11,-0.01,-0.05,k
3137.0,2876.0,2993.0,4095.0,4095.0,4095.0,2736.0,3102.0,1.29,9.4,-1.58,0.1,-0.05,0.06,k
3158.0,2878.0,2992.0,4095.0,4095.0,4095.0,2737.0,3107.0,1.55,9.69,-1.68,-0.15,0.07,-0.17,k
3184.0,2879.0,2995.0,4095.0,4095.0,4095.0,2735.0,3111.0,1.38,10.05,-1.55,0.03,-0.09,0.06,k
3098.0,3045.0,3174.0,4095.0,4095.0,3471.0,2791.0,3136.0,0.57,9.33,-2.11,-0.05,-0.0,0.0,l
3103.0,3033.0,3173.0,4095.0,4095.0,3471.0,2797.0,3136.0,0.65,9.47,-2.37,-0.07,0.08,-0.02,l
3098.0,3046.0,3173.0,4095.0,4095.0,3475.0,2801.0,3136.0,0.58,9.45,-2.07,-0.08,-0.01,0.05,l
3102.0,3041.0,3170.0,4095.0,4095.0,3489.0,2810.0,3137.0,0.63,9.66,-2.04,-0.05,0.07,-0.03,l
3109.0,3036.0,3174.0,4095.0,4095.0,3500.0,2815.0,3137.0,0.77,9.41,-1.95,0.01,-0.0,0.03,l
3101.0,3043.0,3181.0,4095.0,4095.0,3504.0,2817.0,3142.0,0.94,9.75,-2.15,0.06,-0.02,-0.01,l
3099.0,3039.0,3177.0,4095.0,4095.0,3502.0,2816.0,3137.0,0.67,9.45,-2.26,-0.0,-0.06,-0.01,l
3106.0,3033.0,3170.0,4095.0,4095.0,3501.0,2821.0,3138.0,0.68,9.52,-2.4,0.02,-0.02,-0.03,l
3103.0,3038.0,3173.0,4095.0,4095.0,3502.0,2822.0,3142.0,0.42,9.48,-2.61,-0.07,0.06,-0.01,l
3103.0,3039.0,3181.0,4095.0,4095.0,3510.0,2822.0,3166.0,0.93,9.39,-2.22,0.03,-0.0,0.02,l
3101.0,3042.0,3184.0,4095.0,4095.0,3520.0,2833.0,3171.0,0.49,9.5,-2.43,-0.08,0.11,0.01,l
3099.0,3039.0,3174.0,4095.0,4095.0,3518.0,2833.0,3171.0,1.14,9.4,-2.03,0.0,-0.06,0.05,l
3099.0,3043.0,3167.0,4095.0,4095.0,3522.0,2832.0,3173.0,0.49,9.54,-2.36,-0.01,0.08,-0.04,l
3106.0,3040.0,3177.0,4095.0,4095.0,3521.0,2833.0,3163.0,0.33,9.59,-2.25,-0.0,-0.12,0.05,l
3098.0,3038.0,3171.0,4095.0,4095.0,3520.0,2830.0,3136.0,0.31,9.72,-2.18,-0.04,-0.07,0.14,l
3105.0,3043.0,3179.0,4095.0,4095.0,3522.0,2832.0,3132.0,1.29,9.22,-2.34,0.01,-0.06,0.02,l
3095.0,3047.0,3185.0,4095.0,4095.0,3527.0,2842.0,3135.0,1.64,9.2,-2.34,-0.06,-0.07,0.07,l
3101.0,3049.0,3181.0,4095.0,4095.0,3531.0,2841.0,3136.0,0.98,9.5,-2.38,-0.08,-0.05,-0.02,l
3102.0,3042.0,3184.0,4095.0,4095.0,3525.0,2848.0,3138.0,0.73,9.45,-2.28,-0.06,-0.03,-0.02,l
3103.0,3045.0,3184.0,4095.0,4095.0,3525.0,2845.0,3137.0,0.91,9.44,-2.55,-0.09,-0.02,-0.0,l
3088.0,3055.0,3188.0,4095.0,4095.0,3526.0,2847.0,3137.0,0.82,9.36,-2.1,-0.07,-0.04,-0.04,l
3095.0,3052.0,3184.0,4095.0,4095.0,3531.0,2851.0,3147.0,0.42,9.73,-2.06,-0.1,0.05,0.0,l
3094.0,3057.0,3197.0,4095.0,4095.0,3538.0,2854.0,3152.0,0.82,9.52,-2.02,-0.09,-0.07,0.06,l
3100.0,3069.0,3201.0,4095.0,4095.0,3548.0,2864.0,3164.0,0.87,9.44,-2.04,-0.08,0.09,-0.07,l
3095.0,3060.0,3199.0,4095.0,4095.0,3551.0,2863.0,3159.0,0.92,9.42,-1.94,-0.09,-0.04,0.03,l
3097.0,3065.0,3201.0,4095.0,4095.0,3551.0,2864.0,3164.0,0.74,9.51,-2.32,-0.1,0.08,-0.09,l
3100.0,3067.0,3199.0,4095.0,4095.0,3535.0,2856.0,3150.0,1.14,9.38,-1.96,-0.0,-0.15,0.07,l
3107.0,3067.0,3202.0,4095.0,4095.0,3531.0,2851.0,3135.0,0.72,9.54,-2.09,0.03,-0.02,-0.0,l
3110.0,3063.0,3197.0,4095.0,4095.0,3516.0,2838.0,3089.0,1.24,9.84,-2.01,0.22,-0.21,0.22,l
3119.0,3069.0,3193.0,4095.0,4095.0,3494.0,2805.0,2986.0,0.91,9.33,-2.18,-0.04,-0.29,0.06,l
3146.0,3070.0,3194.0,4095.0,4095.0,3471.0,2770.0,2939.0,1.24,9.5,-1.95,0.05,-0.2,-0.0,l
3187.0,3071.0,3199.0,4095.0,4095.0,3468.0,2767.0,2941.0,0.8,9.67,-2.52,0.06,0.13,-0.13,l
3279.0,3071.0,3201.0,4095.0,4095.0,3579.0,2768.0,2955.0,0.71,9.03,-2.06,0.18,-0.16,0.17,l
3378.0,3092.0,3201.0,4095.0,4095.0,3682.0,2771.0,2951.0,1.17,9.86,-2.98,0.02,0.31,-0.09,l
3331.0,3104.0,3213.0,4095.0,4095.0,3737.0,2786.0,2957.0,0.99,8.83,-2.22,-0.12,-0.05,-0.0,l
3332.0,3103.0,3207.0,4095.0,4095.0,3731.0,2792.0,2970.0,0.86,9.9,-2.52,-0.03,0.08,0.06,l
3314.0,3089.0,3202.0,4095.0,4095.0,3661.0,2784.0,2977.0,1.07,9.32,-2.09,-0.17,-0.04,-0.14,l
3249.0,3088.0,3197.0,4095.0,4095.0,3536.0,2781.0,2981.0,0.62,9.32,-2.31,-0.11,0.05,-0.02,l
3232.0,3088.0,3203.0,4095.0,4095.0,3395.0,2741.0,2985.0,0.86,9.83,-2.15,0.04,-0.04,0.06,l
3207.0,3083.0,3198.0,4095.0,4095.0,3355.0,2736.0,2991.0,1.04,9.51,-2.22,-0.18,0.13,-0.09,l
3190.0,3071.0,3195.0,4095.0,4095.0,3391.0,2755.0,2989.0,0.98,9.47,-2.32,0.11,-0.01,0.13,l
3184.0,3089.0,3207.0,4095.0,4095.0,3406.0,2800.0,2992.0,0.83,9.23,-2.0,-0.1,-0.07,-0.02,l
3169.0,3090.0,3216.0,4095.0,4095.0,3397.0,2858.0,3026.0,1.24,9.78,-2.39,-0.07,0.02,-0.09,l
3155.0,3105.0,3216.0,4095.0,4095.0,3403.0,2902.0,3061.0,0.48,8.96,-2.08,0.05,-0.04,-0.01,l
3151.0,3095.0,3216.0,4095.0,4095.0,3422.0,3022.0,3090.0,1.43,10.07,-2.47,-0.05,-0.01,-0.13,l
3138.0,3096.0,3216.0,4095.0,4095.0,3447.0,3154.0,3152.0,0.36,8.88,-2.08,0.02,-0.0,-0.05,l
3127.0,3088.0,3203.0,4095.0,4095.0,3444.0,3153.0,3165.0,1.39,9.78,-2.88,-0.14,-0.04,-0.08,l
3126.0,3183.0,3289.0,4095.0,4095.0,3533.0,3315.0,3306.0,0.07,9.84,-1.85,0.03,0.18,-0.32,l
3121.0,3125.0,3247.0,4095.0,4095.0,3466.0,3323.0,3319.0,0.4,9.35,-2.16,0.02,0.23,0.04,l
3120.0,3079.0,3191.0,4095.0,4095.0,3348.0,3166.0,3187.0,1.45,8.78,-2.61,0.14,-0.39,0.21,l
3117.0,2864.0,2983.0,4095.0,4095.0,3233.0,3061.0,3082.0,0.34,9.61,-1.86,-0.04,0.35,-0.18,l
3122.0,3108.0,3216.0,4095.0,4095.0,3469.0,3291.0,3337.0,0.06,8.99,-2.6,-0.41,0.16,0.13,l
3131.0,3070.0,3184.0,4095.0,4095.0,3429.0,3249.0,3376.0,2.49,9.02,-2.15,0.08,-0.54,0.32,l
3145.0,3062.0,3167.0,4095.0,4095.0,3466.0,3163.0,3379.0,0.64,8.98,-2.2,-0.27,0.33,0.19,l
3168.0,2892.0,2982.0,4095.0,4095.0,3309.0,2943.0,3188.0,1.43,9.33,-1.37,0.27,-0.12,0.29,l
3169.0,2871.0,2977.0,4095.0,4095.0,3310.0,2901.0,3119.0,1.35,9.45,-2.54,-0.17,0.09,0.12,l
3193.0,3059.0,3166.0,4095.0,4095.0,3504.0,3055.0,3267.0,2.22,9.4,-2.51,-0.01,-0.18,-0.05,l
3214.0,2992.0,3082.0,4095.0,4095.0,3371.0,2755.0,3053.0,0.49,9.9,-2.7,-0.04,0.42,-0.07,l
3227.0,3063.0,3167.0,4095.0,4095.0,3405.0,2791.0,3087.0,1.81,9.12,-1.86,-0.18,-0.28,0.15,l
3200.0,3055.0,3155.0,4095.0,4095.0,3410.0,2802.0,3051.0,1.43,9.35,-2.02,-0.14,0.11,0.13,l
3179.0,3047.0,3163.0,4095.0,4095.0,3426.0,2813.0,3024.0,1.42,9.57,-2.33,-0.15,0.26,-0.08,l
3169.0,3047.0,3162.0,4095.0,4095.0,3431.0,2825.0,3030.0,1.94,9.35,-1.73,0.07,-0.28,0.26,l
3165.0,3036.0,3152.0,4095.0,4095.0,3446.0,2861.0,3051.0,1.1,9.69,-2.04,-0.05,0.29,-0.14,l
3150.0,3033.0,3156.0,4095.0,4095.0,3476.0,2950.0,3061.0,2.37,9.35,-2.15,0.08,-0.26,0.12,l
3125.0,3029.0,3152.0,4095.0,4095.0,3510.0,3018.0,3090.0,1.29,9.25,-2.33,-0.08,0.06,-0.08,l
3131.0,3030.0,3161.0,4095.0,4095.0,3505.0,2962.0,3070.0,1.73,9.57,-2.35,-0.01,-0.05,-0.17,l
3133.0,3035.0,3165.0,4095.0,4095.0,3490.0,2892.0,3026.0,1.51,9.15,-2.04,-0.03,-0.17,0.05,l
3134.0,3027.0,3171.0,4095.0,4095.0,3488.0,2880.0,3039.0,1.58,9.71,-2.09,0.06,-0.04,-0.08,l
3143.0,3038.0,3167.0,4095.0,4095.0,3457.0,2861.0,3066.0,2.08,9.34,-2.35,0.01,-0.3,-0.01,l
3152.0,3041.0,3166.0,4095.0,4095.0,3376.0,2757.0,3054.0,1.09,9.33,-1.43,-0.11,-0.26,-0.07,l
3166.0,3047.0,3170.0,4095.0,4095.0,3353.0,2737.0,3029.0,1.35,9.13,-2.17,-0.09,0.03,-0.14,l
3178.0,3041.0,3156.0,4095.0,4095.0,3345.0,2736.0,3010.0,1.66,9.67,-2.48,-0.13,-0.09,-0.05,l
3184.0,3053.0,3167.0,4095.0,4095.0,3345.0,2737.0,3021.0,1.34,9.47,-2.32,-0.05,-0.22,-0.09,l
3183.0,3055.0,3167.0,4095.0,4095.0,3341.0,2732.0,3057.0,0.57,9.09,-1.7,-0.21,0.0,-0.28,l
3178.0,3054.0,3173.0,4095.0,4095.0,3342.0,2731.0,3071.0,1.47,9.96,-2.32,-0.23,-0.06,-0.14,l
3184.0,3101.0,3209.0,4095.0,4095.0,3345.0,2714.0,3091.0,0.8,8.94,-1.0,-0.16,-0.3,-0.16,l
3184.0,3120.0,3223.0,4095.0,4095.0,3323.0,2687.0,3025.0,1.05,10.06,-2.0,0.02,0.11,0.09,l
3178.0,3123.0,3234.0,4095.0,4095.0,3330.0,2693.0,3015.0,1.18,9.35,-1.62,0.05,-0.11,0.02,l
3165.0,3131.0,3253.0,4095.0,4095.0,3322.0,2690.0,2978.0,1.07,9.33,-1.94,-0.04,0.12,-0.09,l
3148.0,3131.0,3247.0,4095.0,4095.0,3305.0,2672.0,2938.0,0.97,9.63,-1.63,0.08,0.05,0.18,l
3123.0,3120.0,3237.0,4095.0,4095.0,3312.0,2673.0,2949.0,1.4,9.49,-2.55,-0.03,0.48,-0.11,l
3114.0,3113.0,3234.0,4095.0,4095.0,3338.0,2716.0,3022.0,1.54,9.36,-2.06,-0.0,0.1,-0.08,l
3123.0,3114.0,3234.0,4095.0,4095.0,3362.0,2746.0,3088.0,1.11,9.79,-2.0,-0.0,0.15,-0.01,l
3168.0,3104.0,3237.0,4095.0,4095.0,3376.0,2749.0,3110.0,1.04,9.38,-1.6,0.2,-0.03,0.02,l
3201.0,3105.0,3238.0,4095.0,4095.0,3374.0,2736.0,3119.0,1.08,9.59,-2.36,-0.02,0.11,0.03,l
3217.0,3113.0,3237.0,4095.0,4095.0,3378.0,2746.0,3131.0,1.64,9.34,-2.16,0.06,-0.04,0.02,l
3248.0,3106.0,3235.0,4095.0,4095.0,3375.0,2742.0,3134.0,1.7,9.45,-2.05,-0.01,0.09,0.0,l
3249.0,3113.0,3241.0,4095.0,4095.0,3380.0,2749.0,3135.0,0.88,9.47,-2.05,0.02,0.03,-0.06,l
3245.0,3104.0,3232.0,4095.0,4095.0,3377.0,2739.0,3136.0,1.21,9.88,-2.46,-0.04,0.11,-0.03,l
3235.0,3107.0,3248.0,4095.0,4095.0,3382.0,2739.0,3130.0,1.45,9.15,-2.15,-0.05,-0.1,-0.09,l
3230.0,3106.0,3221.0,4095.0,4095.0,3376.0,2736.0,3123.0,1.02,9.24,-2.25,-0.02,0.05,-0.04,l
3186.0,3115.0,3226.0,4095.0,4095.0,3376.0,2736.0,3131.0,1.09,9.64,-2.44,0.02,0.07,0.07,l
3127.0,3109.0,3236.0,4095.0,4095.0,3379.0,2736.0,3127.0,1.13,9.28,-2.1,-0.0,0.02,0.0,l
3120.0,3110.0,3230.0,4095.0,4095.0,3383.0,2736.0,3125.0,1.61,9.58,-2.38,-0.09,0.03,-0.06,l
3120.0,3104.0,3230.0,4095.0,4095.0,3387.0,2738.0,3135.0,1.3,9.48,-1.93,0.07,0.03,-0.07,l
3118.0,3101.0,3228.0,4095.0,4095.0,3386.0,2736.0,3134.0,0.9,9.66,-2.43,-0.0,0.15,-0.1,l
3125.0,3102.0,3227.0,4095.0,4095.0,3387.0,2738.0,3136.0,1.19,9.17,-2.16,0.07,-0.03,-0.05,l
3162.0,3105.0,3245.0,4095.0,4095.0,3393.0,2738.0,3141.0,1.22,9.26,-2.48,0.01,0.06,-0.18,l
3202.0,3107.0,3232.0,4095.0,4095.0,3397.0,2743.0,3147.0,1.28,9.6,-2.44,0.17,0.04,0.18,l
3227.0,3105.0,3233.0,4095.0,4095.0,3398.0,2749.0,3152.0,1.35,9.36,-2.5,0.02,-0.03,-0.01,l
3178.0,3106.0,3226.0,4095.0,4095.0,3401.0,2751.0,3151.0,1.37,9.57,-2.55,0.02,-0.06,0.01,l
3167.0,3100.0,3230.0,4095.0,4095.0,3402.0,2752.0,3152.0,1.26,9.25,-2.35,0.09,-0.07,0.04,l
3163.0,3109.0,3233.0,4095.0,4095.0,3408.0,2753.0,3158.0,1.08,9.41,-2.74,-0.12,0.04,-0.1,l
3181.0,3109.0,3241.0,4095.0,4095.0,3414.0,2761.0,3159.0,1.41,9.37,-2.58,0.03,-0.02,-0.11,l
3234.0,3106.0,3233.0,4095.0,4095.0,3408.0,2763.0,3157.0,0.89,9.0,-2.55,-0.02,0.06,-0.01,l
3247.0,3110.0,3236.0,4095.0,4095.0,3405.0,2755.0,3154.0,0.93,9.79,-2.58,0.02,0.12,-0.04,l
3243.0,3105.0,3235.0,4095.0,4095.0,3407.0,2754.0,3153.0,1.04,8.91,-2.69,-0.06,-0.07,0.01,l
3164.0,3104.0,3230.0,4095.0,4095.0,3403.0,2753.0,3137.0,1.24,9.62,-2.81,-0.18,0.01,-0.07,l
3127.0,3101.0,3237.0,4095.0,4095.0,3392.0,2736.0,3114.0,1.09,9.43,-2.23,-0.01,-0.31,0.01,l
3126.0,3110.0,3230.0,4095.0,4095.0,3381.0,2736.0,3087.0,1.09,9.2,-2.87,-0.28,-0.25,-0.19,l
3131.0,3113.0,3239.0,4095.0,4095.0,3376.0,2738.0,3084.0,1.16,9.71,-2.66,-0.05,-0.16,-0.13,l
3135.0,3105.0,3231.0,4095.0,4095.0,3376.0,2741.0,3071.0,0.5,9.26,-2.25,-0.17,-0.1,-0.08,l
3138.0,3106.0,3233.0,4095.0,4095.0,3376.0,2741.0,3068.0,0.88,9.45,-2.32,-0.07,-0.13,-0.1,l
3150.0,3105.0,3232.0,4095.0,4095.0,3376.0,2747.0,3071.0,0.65,9.75,-2.34,-0.04,0.12,0.02,l
3153.0,3105.0,3232.0,4095.0,4095.0,3377.0,2749.0,3083.0,0.84,9.37,-2.36,-0.16,-0.06,0.04,l
3157.0,3103.0,3234.0,4095.0,4095.0,3383.0,2751.0,3088.0,1.2,9.68,-2.31,-0.05,0.1,-0.26,l
3156.0,3104.0,3236.0,4095.0,4095.0,3383.0,2748.0,3083.0,0.22,8.85,-2.11,-0.16,0.2,0.34,l
3152.0,3102.0,3225.0,3611.0,4095.0,3386.0,2747.0,3069.0,0.62,9.52,-2.29,-0.29,0.11,0.09,l
3143.0,3110.0,3223.0,3241.0,4095.0,3382.0,2743.0,3061.0,1.62,9.7,-1.77,0.09,-0.1,0.24,l
3145.0,3106.0,3238.0,3423.0,4095.0,3382.0,2743.0,3070.0,0.72,9.08,-2.03,-0.07,-0.05,0.03,l
3135.0,3111.0,3234.0,3839.0,4095.0,3383.0,2743.0,3085.0,1.61,9.77,-2.16,-0.05,-0.21,0.02,l
3143.0,3103.0,3237.0,3888.0,4095.0,3392.0,2741.0,3090.0,0.97,9.22,-1.74,0.02,-0.01,0.09,l
3135.0,3106.0,3220.0,3755.0,4095.0,3404.0,2780.0,3103.0,1.14,9.66,-2.05,-0.11,-0.03,0.06,l
3131.0,3110.0,3231.0,3378.0,4095.0,3504.0,2955.0,3081.0,1.24,10.01,-2.69,0.09,0.3,0.25,l
3140.0,3110.0,3216.0,3343.0,4095.0,3665.0,3248.0,3212.0,1.36,8.81,-1.88,-0.51,-0.17,-0.1,l
3153.0,3120.0,3215.0,3276.0,4095.0,3705.0,3258.0,3249.0,2.23,10.47,-2.36,0.28,0.02,0.14,l
3152.0,3119.0,3200.0,3328.0,4095.0,3710.0,3229.0,3264.0,1.06,8.4,-1.54,-0.35,-0.02,-0.1,l
3141.0,3120.0,3211.0,3340.0,4095.0,3694.0,3195.0,3243.0,2.46,10.54,-2.17,0.01,0.05,-0.04,l
3131.0,3114.0,3217.0,3319.0,4095.0,3522.0,3045.0,3184.0,0.87,9.33,-1.48,0.06,0.02,0.09,l
3115.0,3102.0,3209.0,3326.0,4095.0,3427.0,3001.0,3149.0,1.37,9.8,-1.97,-0.07,0.01,-0.08,l
3105.0,3066.0,3219.0,3323.0,4095.0,3354.0,2990.0,3129.0,2.24,9.63,-2.28,0.03,-0.08,-0.03,l
3107.0,3071.0,3211.0,3329.0,4095.0,3396.0,2987.0,3136.0,1.18,8.96,-1.8,0.04,-0.07,0.07,l
3107.0,3065.0,3200.0,3340.0,4095.0,3431.0,3016.0,3150.0,1.42,9.7,-1.93,-0.15,0.03,-0.06,l
3106.0,3056.0,3211.0,3344.0,4095.0,3462.0,3054.0,3163.0,1.1,9.48,-1.81,0.01,-0.0,0.06,l
3110.0,3071.0,3211.0,3362.0,4095.0,3474.0,2982.0,3107.0,1.24,9.5,-2.08,-0.25,0.17,-0.02,l
3116.0,3071.0,3214.0,3365.0,4095.0,3458.0,2898.0,3061.0,1.71,9.95,-1.71,0.01,0.03,0.12,l
3101.0,3066.0,3211.0,3376.0,4095.0,3392.0,2837.0,3031.0,1.44,9.33,-1.75,-0.14,0.14,-0.1,l
3097.0,3069.0,3209.0,3408.0,4095.0,3412.0,2862.0,3037.0,1.84,9.84,-1.77,-0.01,-0.05,-0.02,l
3104.0,3071.0,3207.0,3460.0,4095.0,3430.0,2878.0,3045.0,1.15,9.35,-1.68,-0.0,-0.1,0.1,l
3102.0,3071.0,3211.0,3497.0,4095.0,3439.0,2879.0,3035.0,1.45,9.52,-1.67,-0.06,0.05,-0.09,l
3103.0,3071.0,3219.0,3536.0,4095.0,3437.0,2843.0,2992.0,1.71,9.09,-1.85,-0.01,0.0,0.07,l
3114.0,3079.0,3216.0,3712.0,4095.0,3437.0,2789.0,2962.0,1.58,9.45,-1.95,-0.03,-0.02,0.01,l
3101.0,3071.0,3216.0,3952.0,4095.0,3431.0,2763.0,2951.0,1.7,9.9,-1.89,-0.03,0.02,-0.03,l
3102.0,3082.0,3216.0,4095.0,4095.0,3434.0,2756.0,2963.0,1.4,9.17,-1.5,0.01,-0.21,-0.01,l
3107.0,3071.0,3216.0,4095.0,4095.0,3415.0,2721.0,2946.0,1.26,9.68,-2.18,-0.05,0.25,-0.18,l
3108.0,3071.0,3221.0,4095.0,4095.0,3424.0,2725.0,2958.0,1.56,9.03,-1.63,0.11,-0.12,0.08,l
3103.0,3071.0,3207.0,4095.0,4095.0,3424.0,2727.0,2965.0,1.29,9.94,-1.86,-0.07,0.07,-0.08,l
3102.0,3070.0,3219.0,4095.0,4095.0,3430.0,2736.0,2975.0,1.32,9.07,-2.05,-0.05,-0.08,-0.01,l
3095.0,3081.0,3214.0,4095.0,4095.0,3431.0,2736.0,2991.0,1.56,9.98,-1.86,-0.04,0.09,-0.09,l
3106.0,3071.0,3215.0,4095.0,4095.0,3439.0,2747.0,3015.0,1.19,9.13,-1.64,0.0,-0.16,0.02,l
3101.0,3088.0,3216.0,4095.0,4095.0,3442.0,2763.0,3035.0,1.0,9.43,-2.17,-0.03,0.1,-0.02,l
3106.0,3071.0,3219.0,4095.0,4095.0,3442.0,2768.0,3053.0,1.77,9.17,-1.86,0.04,-0.15,-0.06,l
3099.0,3070.0,3220.0,4095.0,4095.0,3447.0,2801.0,3071.0,1.75,9.54,-2.04,0.02,-0.22,-0.03,l
3099.0,3071.0,3219.0,4095.0,4095.0,3463.0,2839.0,3106.0,0.95,9.55,-1.83,0.09,-0.02,-0.09,l
3103.0,3071.0,3213.0,4095.0,4095.0,3467.0,2833.0,3098.0,0.73,9.12,-2.08,-0.11,0.0,0.0,l
3099.0,3069.0,3216.0,4095.0,4095.0,3467.0,2837.0,3103.0,1.61,9.87,-2.04,-0.06,-0.02,-0.07,l
3101.0,3071.0,3220.0,4095.0,4095.0,3470.0,2839.0,3109.0,0.94,9.42,-2.01,-0.01,-0.0,-0.04,l
3099.0,3085.0,3225.0,4095.0,4095.0,3472.0,2843.0,3118.0,1.17,9.16,-1.85,-0.08,-0.11,0.0,l
3104.0,3082.0,3212.0,4095.0,4095.0,3464.0,2841.0,3118.0,1.45,9.66,-2.31,-0.01,0.03,-0.01,l
3106.0,3071.0,3215.0,4095.0,4095.0,3456.0,2843.0,3120.0,1.0,9.24,-1.74,-0.09,-0.07,-0.16,l
3103.0,3086.0,3216.0,4095.0,4095.0,3457.0,2849.0,3123.0,1.06,9.81,-2.21,-0.04,0.18,-0.02,l
3107.0,3086.0,3217.0,4095.0,4095.0,3458.0,2841.0,3121.0,1.4,9.39,-1.84,-0.02,-0.24,-0.25,l
3115.0,3071.0,3227.0,4095.0,4095.0,3440.0,2835.0,3131.0,0.37,10.11,-2.2,-0.15,0.01,-0.17,l
3124.0,3088.0,3215.0,4095.0,4095.0,3437.0,2852.0,3141.0,1.46,9.39,-1.73,0.11,-0.46,0.23,l
3115.0,3090.0,3213.0,4095.0,4095.0,3440.0,2862.0,3146.0,0.42,9.17,-2.17,-0.3,0.08,-0.18,l
3123.0,3088.0,3216.0,4095.0,4095.0,3441.0,2870.0,3151.0,1.72,10.68,-2.19,0.19,0.07,0.08,l
3122.0,3097.0,3214.0,4095.0,4095.0,3472.0,2921.0,3158.0,0.68,8.26,-1.48,-0.17,-0.23,-0.05,l
3120.0,3096.0,3213.0,4095.0,4095.0,3504.0,2960.0,3152.0,1.16,9.94,-2.19,-0.13,0.15,-0.09,l
3123.0,3105.0,3207.0,4095.0,4095.0,3533.0,2982.0,3168.0,1.3,9.73,-1.51,0.05,-0.1,-0.05,l
3117.0,3098.0,3216.0,4095.0,4095.0,3569.0,2990.0,3168.0,0.64,8.82,-1.52,-0.25,-0.15,-0.09,l
3120.0,3099.0,3217.0,4095.0,4095.0,3696.0,2998.0,3167.0,0.98,10.15,-2.06,0.13,0.11,0.09,l
3120.0,3088.0,3216.0,4095.0,4095.0,3753.0,3015.0,3173.0,1.19,9.06,-1.85,-0.01,-0.19,0.08,l
3115.0,3095.0,3217.0,4095.0,4095.0,3734.0,2992.0,3136.0,0.37,9.66,-2.06,-0.06,0.19,0.07,l
3120.0,3093.0,3215.0,4095.0,4095.0,3712.0,2960.0,3097.0,1.35,9.58,-1.35,0.02,-0.2,0.2,l
3111.0,3090.0,3210.0,4095.0,4095.0,3691.0,2951.0,3060.0,1.06,9.56,-1.73,-0.01,0.04,0.03,l
3113.0,3098.0,3217.0,4095.0,4095.0,3693.0,2951.0,3066.0,1.26,9.67,-2.19,-0.06,0.18,-0.04,l
3116.0,3092.0,3205.0,4095.0,4095.0,3663.0,2928.0,3099.0,1.65,9.55,-1.44,0.09,-0.13,0.09,l
3119.0,3095.0,3212.0,4095.0,4095.0,3607.0,2874.0,3083.0,0.88,9.19,-1.85,-0.04,0.15,-0.02,l
3110.0,3102.0,3215.0,4095.0,4095.0,3567.0,2818.0,3044.0,1.3,10.1,-2.45,0.14,0.18,0.12,l
3115.0,3098.0,3216.0,4095.0,4095.0,3514.0,2754.0,2995.0,1.81,9.18,-1.63,0.19,-0.0,-0.0,l
3110.0,3090.0,3219.0,4095.0,4095.0,3494.0,2735.0,2975.0,0.81,9.37,-2.35,0.01,0.36,0.04,l
3111.0,3089.0,3215.0,4095.0,4095.0,3511.0,2766.0,2992.0,2.0,9.74,-2.32,0.12,-0.12,0.06,l
3109.0,3088.0,3217.0,4095.0,4095.0,3520.0,2781.0,2999.0,1.41,9.18,-1.92,0.0,0.09,-0.05,l
3106.0,3088.0,3213.0,4095.0,4095.0,3536.0,2810.0,3022.0,1.44,9.77,-2.3,-0.07,0.2,-0.03,l
3107.0,3093.0,3215.0,4095.0,4095.0,3575.0,2876.0,3071.0,1.28,9.09,-1.87,0.17,0.01,0.02,l
3107.0,3095.0,3218.0,4095.0,4095.0,3629.0,2939.0,3117.0,1.04,9.26,-2.57,-0.2,0.15,-0.06,l
3099.0,3088.0,3216.0,4095.0,4095.0,3681.0,3004.0,3126.0,1.8,9.89,-2.49,0.1,-0.08,-0.05,l
3099.0,3087.0,3219.0,4095.0,4095.0,3698.0,3022.0,3123.0,1.02,9.14,-2.07,-0.07,-0.06,-0.16,l
3102.0,3083.0,3217.0,4095.0,4095.0,3698.0,3024.0,3123.0,1.16,9.59,-2.58,-0.04,-0.05,0.05,l
3104.0,3088.0,3214.0,4095.0,4095.0,3703.0,3027.0,3129.0,1.7,8.88,-1.94,-0.03,-0.13,-0.22,l
3102.0,3088.0,3217.0,4095.0,4095.0,3700.0,3031.0,3130.0,0.9,9.53,-2.34,-0.08,0.12,-0.12,l
3103.0,3087.0,3213.0,4095.0,4095.0,3691.0,3034.0,3120.0,1.1,8.88,-2.37,0.04,-0.3,0.08,l
3119.0,3091.0,3205.0,4095.0,4095.0,3665.0,3006.0,3156.0,1.26,9.64,-2.43,-0.39,-0.05,-0.14,l
3127.0,3102.0,3201.0,4095.0,4095.0,3664.0,2991.0,3186.0,0.85,9.82,-2.34,0.03,0.02,0.04,l
3135.0,3095.0,3193.0,4095.0,4095.0,3621.0,2906.0,3151.0,1.06,9.3,-1.77,-0.1,-0.08,0.08,l
3135.0,3085.0,3183.0,4095.0,4095.0,3615.0,2883.0,3095.0,1.3,9.68,-2.01,0.03,0.06,0.0,l
3117.0,3060.0,3174.0,4095.0,4095.0,3553.0,2889.0,3008.0,1.08,9.64,-1.94,0.0,0.12,0.04,l
3105.0,3051.0,3182.0,4095.0,4095.0,3538.0,2978.0,2955.0,1.05,9.09,-2.05,0.14,0.03,0.05,l
3104.0,3041.0,3178.0,4095.0,4095.0,3563.0,3023.0,2960.0,1.2,9.67,-2.36,-0.02,0.17,-0.05,l
3101.0,3040.0,3177.0,4095.0,4095.0,3575.0,3031.0,2981.0,1.66,9.57,-2.37,-0.01,-0.02,-0.03,l
3100.0,3041.0,3182.0,4095.0,4095.0,3574.0,3054.0,3005.0,1.31,9.06,-2.06,-0.06,0.0,-0.02,l
3098.0,3045.0,3173.0,4095.0,4095.0,3626.0,3094.0,3043.0,1.11,9.55,-2.16,0.03,-0.03,0.01,l
3103.0,3056.0,3181.0,4095.0,4095.0,3692.0,3125.0,3083.0,0.91,9.13,-2.14,-0.11,-0.02,0.04,l
3094.0,3047.0,3170.0,4095.0,4095.0,3713.0,3138.0,3102.0,1.39,9.44,-2.19,-0.02,0.01,0.0,l
3094.0,3012.0,3170.0,4095.0,4095.0,3600.0,3116.0,3130.0,1.31,9.93,-2.19,-0.2,0.2,-0.27,l
3091.0,2938.0,3171.0,4095.0,4095.0,3504.0,3147.0,3156.0,1.58,8.83,-2.29,0.08,-0.08,-0.01,l
3088.0,2923.0,3171.0,4095.0,4095.0,3505.0,3152.0,3158.0,1.16,10.04,-2.36,-0.07,0.21,-0.06,l
3087.0,2907.0,3175.0,4095.0,4095.0,3487.0,3177.0,3154.0,0.97,9.21,-1.94,0.15,-0.1,0.07,l
3088.0,2893.0,3170.0,4095.0,4095.0,3518.0,3233.0,3187.0,1.29,9.04,-2.14,-0.16,0.02,-0.09,l
3083.0,2896.0,3173.0,4095.0,4095.0,3628.0,3277.0,3209.0,1.56,10.24,-2.25,0.15,-0.01,0.09,l
3088.0,2896.0,3174.0,4095.0,4095.0,3611.0,3281.0,3200.0,1.05,8.73,-1.98,-0.06,-0.07,0.02,l
3088.0,2899.0,3181.0,4095.0,4095.0,3581.0,3216.0,3157.0,1.47,9.9,-2.62,0.03,0.1,0.09,l
3088.0,2941.0,3184.0,4095.0,4095.0,3580.0,3152.0,3120.0,1.12,9.09,-1.95,0.2,-0.07,0.1,l
3087.0,2964.0,3184.0,4095.0,4095.0,3568.0,3055.0,3069.0,1.45,9.73,-2.77,-0.06,0.16,0.0,l
3087.0,2967.0,3181.0,4095.0,4095.0,3567.0,3015.0,3059.0,1.43,9.03,-2.42,0.13,-0.13,0.12,l
3088.0,2993.0,3175.0,4095.0,4095.0,3568.0,2960.0,3053.0,1.47,9.66,-2.59,-0.19,0.15,-0.13,l
3090.0,3009.0,3183.0,4095.0,4095.0,3575.0,2928.0,3053.0,1.15,9.5,-2.03,0.13,-0.05,0.13,l
3091.0,3019.0,3197.0,4095.0,4095.0,3583.0,2918.0,3054.0,1.59,9.59,-2.64,-0.1,0.02,-0.02,l
3093.0,3023.0,3190.0,4095.0,4095.0,3597.0,2928.0,3085.0,1.78,9.46,-2.41,0.03,-0.11,0.05,l
3088.0,3029.0,3184.0,4095.0,4095.0,3610.0,2922.0,3087.0,0.46,9.43,-2.02,-0.12,0.19,-0.08,l
3088.0,3030.0,3183.0,4095.0,4095.0,3622.0,2925.0,3059.0,1.83,9.65,-2.74,0.0,-0.1,0.28,l
3088.0,3029.0,3182.0,4095.0,4095.0,3629.0,2923.0,3051.0,2.06,8.41,-2.31,-0.22,-0.2,-0.06,l
3091.0,3024.0,3184.0,4095.0,4095.0,3627.0,2915.0,3050.0,1.14,10.11,-2.44,-0.01,0.27,0.04,l
3087.0,3021.0,3184.0,4095.0,4095.0,3623.0,2915.0,3051.0,1.81,9.34,-2.01,0.0,-0.22,0.0,l
3088.0,3030.0,3189.0,4095.0,4095.0,3619.0,2915.0,3051.0,1.98,9.66,-2.61,-0.08,0.13,-0.17,l
3087.0,3029.0,3183.0,4095.0,4095.0,3610.0,2903.0,3045.0,1.8,8.91,-2.03,-0.04,-0.08,-0.21,l
3091.0,3033.0,3187.0,4095.0,4095.0,3609.0,2908.0,3056.0,1.26,9.8,-2.37,-0.17,-0.03,-0.32,l
3088.0,3040.0,3181.0,4095.0,4095.0,3626.0,2935.0,3088.0,0.48,9.6,-2.08,0.02,-0.01,-0.03,l
3088.0,3040.0,3189.0,4095.0,4095.0,3642.0,2970.0,3109.0,1.65,9.19,-2.23,-0.02,-0.19,-0.02,l
3094.0,3040.0,3189.0,4095.0,4095.0,3633.0,2971.0,3120.0,1.11,9.7,-2.33,0.03,0.06,-0.01,l
3103.0,3034.0,3184.0,4095.0,4095.0,3613.0,2979.0,3137.0,1.37,9.4,-2.24,0.02,-0.11,0.01,l
3104.0,3035.0,3184.0,4095.0,4095.0,3582.0,2975.0,3149.0,1.13,9.15,-2.25,-0.09,-0.08,-0.16,l
3111.0,3039.0,3185.0,4095.0,4095.0,3572.0,2971.0,3152.0,0.89,9.8,-2.53,-0.12,0.11,-0.07,l
3113.0,3042.0,3184.0,4095.0,4095.0,3561.0,2962.0,3157.0,1.39,9.03,-1.88,-0.01,-0.23,-0.14,l
3111.0,3042.0,3184.0,4095.0,4095.0,3553.0,2959.0,3164.0,0.74,9.89,-2.15,-0.13,0.24,-0.08,l
3103.0,3043.0,3188.0,4095.0,4095.0,3543.0,2957.0,3156.0,1.24,9.22,-2.08,0.12,-0.15,-0.08,l
3103.0,3042.0,3183.0,4095.0,4095.0,3526.0,2924.0,3152.0,1.3,9.24,-2.33,-0.05,-0.01,-0.17,l
3103.0,3041.0,3186.0,4095.0,4095.0,3523.0,2910.0,3153.0,0.88,9.64,-2.33,-0.02,-0.06,-0.08,l
3103.0,3047.0,3189.0,4095.0,4095.0,3522.0,2901.0,3143.0,0.61,9.36,-2.27,-0.18,-0.01,-0.15,l
3107.0,3034.0,3184.0,4095.0,4095.0,3523.0,2900.0,3140.0,0.29,9.18,-2.07,-0.09,0.03,0.02,l
3110.0,3043.0,3192.0,4095.0,4095.0,3530.0,2905.0,3142.0,0.91,9.58,-2.23,0.04,-0.01,0.04,l
3105.0,3037.0,3187.0,4095.0,4095.0,3530.0,2901.0,3146.0,0.89,9.14,-2.22,-0.01,-0.0,0.03,l
3107.0,3049.0,3181.0,4095.0,4095.0,3536.0,2901.0,3155.0,0.78,9.5,-2.32,-0.01,0.01,0.05,l
3107.0,3034.0,3191.0,4095.0,4095.0,3531.0,2889.0,3163.0,0.94,9.26,-2.15,-0.01,-0.07,-0.1,l
3097.0,3041.0,3185.0,4095.0,4095.0,3517.0,2881.0,3159.0,0.53,9.7,-2.55,-0.15,0.16,0.03,l
3099.0,3040.0,3191.0,4095.0,4095.0,3518.0,2894.0,3163.0,1.18,9.39,-2.19,0.0,-0.12,-0.01,l
3101.0,3041.0,3189.0,4095.0,4095.0,3506.0,2883.0,3159.0,0.79,9.51,-2.16,-0.06,0.04,-0.0,l
3090.0,3035.0,3184.0,4095.0,4095.0,3505.0,2880.0,3158.0,1.07,9.56,-2.18,-0.03,-0.02,-0.02,l
3091.0,3038.0,3187.0,4095.0,4095.0,3504.0,2865.0,3151.0,0.86,9.42,-2.21,-0.12,0.0,-0.03,l
3091.0,3041.0,3191.0,4095.0,4095.0,3506.0,2866.0,3142.0,0.62,9.78,-2.1,-0.02,0.09,0.01,l
3099.0,3042.0,3187.0,4095.0,4095.0,3515.0,2874.0,3142.0,1.3,9.08,-2.0,-0.08,-0.22,0.05,l
3089.0,3049.0,3191.0,4095.0,4095.0,3511.0,2871.0,3139.0,0.62,10.01,-2.39,0.02,0.28,-0.0,l
3100.0,3046.0,3193.0,4095.0,4095.0,3509.0,2867.0,3139.0,1.28,9.38,-1.93,0.04,-0.17,-0.02,l
3095.0,3050.0,3198.0,4095.0,4095.0,3514.0,2869.0,3141.0,0.57,9.43,-2.21,-0.01,0.03,0.06,l
3098.0,3046.0,3199.0,4095.0,4095.0,3519.0,2873.0,3141.0,0.67,9.45,-2.34,-0.03,0.07,0.05,l
3097.0,3056.0,3205.0,4095.0,4095.0,3522.0,2883.0,3145.0,0.79,9.5,-2.19,-0.07,-0.01,0.04,l
3094.0,3053.0,3200.0,4095.0,4095.0,3520.0,2893.0,3151.0,1.19,9.65,-2.27,0.04,-0.14,0.05,l
3105.0,3060.0,3201.0,4095.0,4095.0,3520.0,2893.0,3156.0,0.38,9.33,-1.97,0.03,0.04,0.02,l
3115.0,3062.0,3202.0,4095.0,4095.0,3520.0,2892.0,3159.0,1.03,9.55,-2.39,-0.05,0.11,-0.04,l
3111.0,3065.0,3213.0,4095.0,4095.0,3519.0,2897.0,3162.0,1.21,9.48,-2.3,0.01,-0.02,0.05,l
3120.0,3057.0,3203.0,4095.0,4095.0,3519.0,2896.0,3157.0,0.96,9.34,-2.16,-0.1,0.05,-0.03,l
3111.0,3063.0,3202.0,4095.0,4095.0,3529.0,2896.0,3158.0,0.76,9.62,-2.2,-0.03,0.05,-0.01,l
3118.0,3068.0,3200.0,4095.0,4095.0,3529.0,2896.0,3154.0,1.02,9.5,-2.13,-0.02,0.04,-0.01,l
3115.0,3062.0,3207.0,4095.0,4095.0,3533.0,2899.0,3152.0,0.98,9.29,-2.32,-0.07,-0.02,0.04,l
3111.0,3064.0,3209.0,4095.0,4095.0,3531.0,2901.0,3148.0,1.05,9.67,-2.29,-0.09,0.08,-0.0,l
3109.0,3065.0,3202.0,4095.0,4095.0,3536.0,2903.0,3136.0,1.07,9.28,-1.96,0.05,-0.06,0.04,l
3117.0,3062.0,3211.0,4095.0,4095.0,3543.0,2911.0,3137.0,0.98,9.51,-2.15,-0.1,0.06,-0.06,l
3120.0,3066.0,3205.0,4095.0,4095.0,3541.0,2909.0,3136.0,1.22,9.85,-2.4,0.01,0.07,-0.0,l
3110.0,3065.0,3213.0,4095.0,4095.0,3539.0,2914.0,3135.0,1.09,9.31,-2.21,-0.04,-0.02,-0.01,l
3113.0,3071.0,3203.0,4095.0,4095.0,3539.0,2910.0,3134.0,0.99,9.64,-2.31,-0.04,0.07,-0.02,l
3118.0,3065.0,3197.0,4095.0,4095.0,3540.0,2910.0,3134.0,0.94,9.3,-2.08,-0.01,0.0,-0.05,l
3119.0,3070.0,3207.0,4095.0,4095.0,3543.0,2913.0,3136.0,1.13,9.53,-2.35,-0.11,0.04,-0.03,l
3111.0,3061.0,3211.0,4095.0,4095.0,3546.0,2911.0,3131.0,1.04,9.47,-2.16,0.04,0.01,-0.01,l
3115.0,3062.0,3207.0,4095.0,4095.0,3542.0,2911.0,3135.0,0.87,9.33,-1.95,-0.08,-0.01,-0.03,l
3113.0,3069.0,3206.0,4095.0,4095.0,3543.0,2912.0,3133.0,1.32,9.74,-2.32,-0.04,0.02,0.03,l
3105.0,3069.0,3202.0,4095.0,4095.0,3549.0,2910.0,3131.0,0.92,9.29,-2.03,0.08,-0.08,0.05,l
3107.0,3056.0,3195.0,4095.0,4095.0,3543.0,2914.0,3113.0,1.37,9.69,-2.29,-0.05,0.0,0.04,l
3107.0,3061.0,3195.0,4095.0,4095.0,3565.0,2928.0,3100.0,1.24,9.27,-2.5,-0.06,-0.03,-0.1,l
3107.0,3066.0,3207.0,4095.0,4095.0,3568.0,2937.0,3104.0,0.77,9.45,-2.31,-0.05,0.05,-0.08,l
3114.0,3058.0,3190.0,4095.0,4095.0,3568.0,2934.0,3105.0,0.8,9.57,-2.16,-0.09,-0.01,-0.05,l
3686.0,2848.0,3018.0,2443.0,3376.0,3472.0,2752.0,2929.0,2.24,9.45,-0.96,0.2,0.08,-0.03,m
3538.0,2842.0,3017.0,2449.0,3338.0,3462.0,2738.0,2925.0,2.26,9.89,-1.39,0.04,0.09,-0.07,m
3274.0,2847.0,3014.0,2458.0,3281.0,3468.0,2735.0,2929.0,2.29,9.17,-0.95,-0.06,-0.16,0.01,m
3219.0,2844.0,3015.0,2461.0,3247.0,3468.0,2731.0,2935.0,2.59,9.7,-1.35,0.1,0.25,-0.2,m
3201.0,2784.0,2946.0,2467.0,3246.0,3405.0,2671.0,2879.0,1.57,9.43,-1.22,-0.02,0.08,-0.03,m
3211.0,2754.0,2938.0,2469.0,3262.0,3395.0,2645.0,2864.0,1.9,9.94,-1.59,-0.14,0.05,-0.01,m
3201.0,2757.0,2928.0,2467.0,3278.0,3396.0,2650.0,2864.0,2.05,9.16,-1.03,-0.12,-0.08,0.1,m
3201.0,2758.0,2932.0,2467.0,3280.0,3393.0,2649.0,2863.0,2.46,9.32,-1.02,-0.01,0.1,-0.09,m
3208.0,2763.0,2942.0,2461.0,3285.0,3398.0,2653.0,2869.0,2.14,9.41,-1.15,0.01,0.03,0.07,m
3194.0,2755.0,2928.0,2449.0,3280.0,3348.0,2628.0,2869.0,2.73,9.49,-1.21,-0.09,0.08,-0.16,m
3231.0,2754.0,2928.0,2454.0,3279.0,3315.0,2589.0,2871.0,1.78,9.6,-1.22,-0.2,0.06,-0.03,m
3059.0,2755.0,2931.0,2443.0,3307.0,3347.0,2610.0,2875.0,2.5,9.92,-1.02,-0.31,0.11,-0.03,m
3045.0,2753.0,2928.0,2425.0,3328.0,3398.0,2662.0,2896.0,1.88,9.36,-0.92,-0.04,-0.11,0.2,m
3023.0,2761.0,2928.0,2442.0,3329.0,3472.0,2720.0,2916.0,3.07,9.69,-0.86,-0.17,-0.09,0.07,m
2895.0,2779.0,2928.0,2450.0,3345.0,3583.0,2786.0,2914.0,1.95,8.9,-0.52,0.13,-0.07,0.16,m
2832.0,2796.0,2934.0,2417.0,3374.0,3671.0,2867.0,2912.0,1.51,9.68,-1.23,-0.29,0.25,-0.17,m
2800.0,2800.0,2938.0,2416.0,3405.0,3696.0,2882.0,2911.0,2.83,8.81,-0.57,0.01,-0.24,-0.04,m
2778.0,2793.0,2928.0,2422.0,3408.0,3677.0,2870.0,2919.0,1.98,9.65,-0.83,-0.29,0.31,-0.09,m
2759.0,2800.0,2930.0,2403.0,3408.0,3650.0,2870.0,2929.0,2.62,9.07,-0.21,-0.12,-0.18,0.01,m
2730.0,2811.0,2933.0,2401.0,3408.0,3632.0,2868.0,2948.0,1.72,9.63,-0.24,-0.17,-0.03,0.0,m
2750.0,2809.0,2930.0,2405.0,3393.0,3636.0,2850.0,2948.0,2.61,9.49,-0.54,-0.07,-0.16,-0.1,m
2753.0,2816.0,2934.0,2414.0,3373.0,3631.0,2826.0,2944.0,2.0,8.85,-0.43,0.27,-0.11,0.02,m
2751.0,2818.0,2927.0,2416.0,3309.0,3601.0,2754.0,2928.0,2.44,10.13,-0.97,-0.14,0.15,-0.17,m
2691.0,2817.0,2927.0,2414.0,3264.0,3636.0,2750.0,2928.0,1.96,9.44,-0.46,-0.05,-0.27,0.13,m
2661.0,2817.0,2929.0,2391.0,3280.0,3664.0,2763.0,2923.0,1.5,9.55,-1.06,0.07,0.4,-0.11,m
2631.0,2810.0,2928.0,2399.0,3282.0,3644.0,2734.0,2923.0,2.28,9.66,-0.97,-0.27,-0.07,0.19,m
2624.0,2806.0,2927.0,2368.0,3303.0,3578.0,2725.0,2900.0,2.71,8.95,-0.05,-0.11,-0.11,0.12,m
2514.0,2806.0,2941.0,2367.0,3337.0,3570.0,2732.0,2898.0,3.11,9.35,-0.33,-0.27,0.2,-0.02,m
2414.0,2791.0,2928.0,2379.0,3376.0,3554.0,2737.0,2903.0,2.44,9.49,0.15,0.01,-0.11,0.06,m
2559.0,2795.0,2928.0,2377.0,3399.0,3531.0,2761.0,2915.0,2.0,9.28,-0.27,-0.16,-0.06,0.01,m
2623.0,2804.0,2930.0,2388.0,3408.0,3517.0,2770.0,2929.0,2.99,9.66,-0.46,0.02,-0.08,-0.08,m
2639.0,2811.0,2934.0,2387.0,3411.0,3518.0,2771.0,2949.0,2.07,9.15,-0.6,-0.17,-0.03,0.01,m
2655.0,2800.0,2929.0,2374.0,3421.0,3519.0,2778.0,2970.0,3.05,9.73,-0.51,-0.18,-0.17,0.11,m
2581.0,2799.0,2930.0,2359.0,3417.0,3530.0,2790.0,2985.0,2.05,9.23,-0.14,-0.07,0.06,-0.03,m
2581.0,2799.0,2928.0,2383.0,3423.0,3515.0,2783.0,2983.0,2.31,9.64,-0.18,-0.02,0.05,0.02,m
2592.0,2804.0,2933.0,2378.0,3418.0,3506.0,2779.0,2960.0,2.55,9.21,-0.45,-0.01,-0.22,0.22,m
2591.0,2802.0,2928.0,2381.0,3413.0,3497.0,2773.0,2947.0,2.52,9.2,-0.37,-0.13,0.03,-0.03,m
2583.0,2817.0,2929.0,2359.0,3408.0,3499.0,2769.0,2958.0,2.65,9.71,-0.43,-0.04,-0.04,0.11,m
2559.0,2810.0,2929.0,2358.0,3403.0,3501.0,2773.0,2973.0,2.71,9.09,-0.26,-0.08,-0.13,-0.0,m
2519.0,2819.0,2925.0,2343.0,3374.0,3494.0,2780.0,2987.0,3.0,10.02,-0.34,-0.05,0.08,0.06,m
2535.0,2829.0,2928.0,2345.0,3399.0,3507.0,2798.0,2992.0,2.57,9.0,-0.22,-0.12,-0.08,0.02,m
2755.0,2804.0,2928.0,2357.0,3458.0,3479.0,2798.0,2982.0,2.6,9.99,-0.38,-0.22,0.23,-0.04,m
2733.0,2800.0,2933.0,2374.0,3485.0,3470.0,2806.0,2975.0,2.99,8.51,0.25,0.28,-0.39,0.27,m
2789.0,2800.0,2929.0,2370.0,3503.0,3430.0,2800.0,2975.0,2.62,9.65,-0.56,0.0,0.39,-0.03,m
2781.0,2809.0,2931.0,2350.0,3500.0,3457.0,2795.0,2978.0,2.89,8.18,0.09,-0.1,-0.37,0.12,m
2829.0,2801.0,2932.0,2336.0,3501.0,3446.0,2782.0,2960.0,2.93,9.8,-0.3,-0.07,0.31,-0.1,m
3153.0,2803.0,2928.0,2327.0,3506.0,3440.0,2768.0,2945.0,2.66,9.5,-0.33,-0.23,-0.07,0.1,m
3525.0,2802.0,2929.0,2320.0,3487.0,3483.0,2781.0,2922.0,3.02,8.9,-0.26,-0.1,-0.12,0.03,m
4095.0,2803.0,2933.0,2322.0,3440.0,3529.0,2815.0,2911.0,2.59,9.15,0.08,-0.12,0.2,0.09,m
4095.0,2813.0,2939.0,2327.0,3413.0,3546.0,2818.0,2899.0,3.66,9.91,-0.06,-0.01,0.02,-0.01,m
4095.0,2813.0,2934.0,2331.0,3414.0,3566.0,2806.0,2911.0,2.55,8.84,0.41,0.15,-0.17,0.19,m
3062.0,2815.0,2934.0,2364.0,3408.0,3530.0,2767.0,2944.0,3.23,9.34,-0.36,-0.05,0.3,-0.16,m
2549.0,2809.0,2923.0,2399.0,3424.0,3502.0,2750.0,2981.0,3.68,9.09,-0.15,0.17,-0.16,0.17,m
2375.0,2810.0,2929.0,2411.0,3417.0,3477.0,2741.0,2983.0,3.06,9.16,-0.24,-0.15,0.1,-0.21,m
2325.0,2813.0,2929.0,2419.0,3425.0,3503.0,2751.0,2991.0,3.17,9.64,-0.23,0.09,0.03,0.02,m
2302.0,2817.0,2934.0,2419.0,3409.0,3539.0,2770.0,2990.0,2.5,8.95,-0.03,-0.27,-0.06,-0.07,m
2226.0,2817.0,2935.0,2418.0,3406.0,3602.0,2794.0,3023.0,3.46,10.15,-0.51,-0.07,0.26,-0.13,m
2219.0,2807.0,2937.0,2429.0,3422.0,3634.0,2809.0,3067.0,3.2,8.78,0.23,-0.1,-0.26,0.14,m
2301.0,2819.0,2937.0,2418.0,3440.0,3623.0,2803.0,3137.0,3.11,9.37,-0.29,-0.16,0.19,-0.26,m
2155.0,2819.0,2940.0,2422.0,3426.0,3583.0,2752.0,3173.0,3.3,9.46,-0.27,-0.02,-0.13,0.13,m
2965.0,2832.0,2931.0,2414.0,3410.0,3471.0,2673.0,3203.0,2.43,9.0,0.09,-0.12,-0.14,-0.09,m
3042.0,2843.0,2941.0,2419.0,3414.0,3479.0,2679.0,3190.0,3.27,8.99,0.06,0.1,-0.02,0.03,m
3059.0,2844.0,2935.0,2433.0,3440.0,3518.0,2714.0,3136.0,3.01,9.72,0.42,-0.16,0.3,-0.07,m
2757.0,2834.0,2933.0,2446.0,3459.0,3537.0,2771.0,3025.0,2.93,8.81,0.19,0.17,-0.25,0.05,m
2103.0,2786.0,2928.0,2478.0,3471.0,3562.0,2832.0,2987.0,2.93,9.67,-0.51,-0.01,0.29,-0.26,m
2095.0,2799.0,2919.0,2483.0,3431.0,3547.0,2817.0,3015.0,3.32,9.07,-0.18,0.17,-0.3,-0.01,m
2880.0,2800.0,2931.0,2512.0,3353.0,3477.0,2690.0,3020.0,2.11,8.93,-0.11,-0.02,-0.05,-0.03,m
3024.0,2800.0,2928.0,2540.0,3344.0,3472.0,2672.0,3028.0,3.34,9.83,-0.34,-0.01,0.15,-0.12,m
3013.0,2809.0,2929.0,2535.0,3383.0,3503.0,2673.0,3049.0,2.11,9.17,-0.26,0.16,0.08,-0.01,m
2994.0,2812.0,2938.0,2551.0,3406.0,3489.0,2647.0,3061.0,3.01,9.48,-0.36,-0.03,0.16,-0.16,m
2992.0,2819.0,2934.0,2559.0,3412.0,3481.0,2640.0,3062.0,3.02,9.07,-0.16,0.05,-0.11,-0.02,m
3005.0,2813.0,2934.0,2554.0,3406.0,3472.0,2607.0,3101.0,2.65,9.24,-0.49,0.09,0.1,-0.07,m
3026.0,2811.0,2941.0,2549.0,3409.0,3469.0,2597.0,3136.0,2.93,9.29,-0.11,-0.01,-0.06,-0.0,m
3026.0,2802.0,2943.0,2559.0,3408.0,3452.0,2585.0,3141.0,2.53,9.11,-0.44,0.07,-0.08,0.04,m
3027.0,2807.0,2939.0,2559.0,3420.0,3437.0,2559.0,3098.0,3.34,9.44,-0.3,-0.06,-0.19,0.14,m
3051.0,2800.0,2933.0,2554.0,3405.0,3440.0,2555.0,3007.0,3.31,9.31,-0.31,0.04,-0.05,-0.06,m
3047.0,2800.0,2941.0,2558.0,3405.0,3450.0,2550.0,3027.0,1.84,10.38,-0.74,0.14,0.34,0.11,m
3054.0,2802.0,2935.0,2530.0,3376.0,3450.0,2547.0,3022.0,3.25,8.09,-0.3,-0.35,-0.4,-0.0,m
3088.0,2800.0,2934.0,2538.0,3376.0,3470.0,2555.0,2998.0,3.05,9.77,-0.8,0.06,0.08,0.08,m
3095.0,2782.0,2931.0,2527.0,3382.0,3463.0,2557.0,2969.0,2.71,9.02,-0.05,-0.18,0.06,0.17,m
3099.0,2787.0,2939.0,2514.0,3387.0,3456.0,2559.0,2967.0,2.53,9.37,-0.45,0.01,0.11,0.07,m
3088.0,2791.0,2934.0,2503.0,3386.0,3446.0,2559.0,3009.0,3.24,8.79,-0.33,0.14,0.07,0.27,m
3068.0,2790.0,2935.0,2507.0,3377.0,3443.0,2558.0,3034.0,3.34,9.11,-0.45,-0.25,0.01,-0.09,m
3062.0,2787.0,2933.0,2509.0,3371.0,3423.0,2558.0,3016.0,3.52,9.22,-0.06,0.18,-0.01,0.02,m
3056.0,2782.0,2930.0,2518.0,3351.0,3410.0,2537.0,3021.0,2.62,9.24,-0.36,-0.08,0.13,-0.26,m
3067.0,2781.0,2943.0,2533.0,3344.0,3420.0,2521.0,3035.0,3.44,10.04,-0.32,0.24,0.01,-0.04,m
3089.0,2777.0,2943.0,2530.0,3335.0,3424.0,2531.0,3030.0,2.91,8.62,-0.16,-0.13,-0.09,-0.06,m
3090.0,2785.0,2931.0,2539.0,3344.0,3421.0,2553.0,3016.0,3.05,9.5,-0.32,0.14,0.24,-0.17,m
3089.0,2780.0,2938.0,2544.0,3334.0,3429.0,2555.0,3022.0,3.11,9.35,-0.13,-0.05,-0.1,-0.06,m
3106.0,2784.0,2935.0,2533.0,3327.0,3445.0,2559.0,3042.0,2.95,9.72,-0.78,0.06,0.04,-0.14,m
3115.0,2774.0,2939.0,2544.0,3328.0,3459.0,2538.0,3043.0,2.74,8.86,-0.78,-0.05,-0.2,0.01,m
3132.0,2769.0,2939.0,2546.0,3328.0,3474.0,2544.0,3009.0,3.12,9.58,-0.99,-0.17,0.07,-0.16,m
3147.0,2777.0,2933.0,2510.0,3343.0,3485.0,2559.0,2896.0,2.47,9.61,-0.59,0.15,0.17,0.02,m
3153.0,2789.0,2946.0,2497.0,3343.0,3475.0,2623.0,2848.0,2.6,9.21,-0.48,-0.32,0.05,-0.25,m
3141.0,2819.0,2934.0,2416.0,3311.0,3450.0,2692.0,2844.0,1.85,9.8,-0.2,0.08,-0.22,0.01,m
3195.0,2869.0,2967.0,2369.0,3271.0,3555.0,2899.0,2928.0,3.56,9.07,-0.07,0.1,-0.67,-0.27,m
3212.0,2886.0,2992.0,2352.0,3284.0,3619.0,3005.0,2960.0,2.44,9.5,-0.51,0.35,0.22,-0.34,m
3211.0,2880.0,2983.0,2357.0,3281.0,3626.0,3007.0,2955.0,2.22,8.97,-0.62,-0.35,0.1,0.01,m
3214.0,2872.0,2977.0,2349.0,3286.0,3632.0,2851.0,2891.0,3.37,9.96,-0.8,0.17,0.28,-0.21,m
3213.0,2859.0,2983.0,2323.0,3283.0,3620.0,2787.0,2886.0,2.29,8.38,-0.91,-0.65,0.09,0.17,m
3216.0,2823.0,2960.0,2329.0,3313.0,3601.0,2768.0,2867.0,2.82,9.76,-1.15,-0.16,0.07,0.13,m
3219.0,2850.0,2989.0,2347.0,3331.0,3630.0,2765.0,2864.0,1.63,9.24,0.32,-0.03,-0.18,0.25,m
3211.0,2854.0,2967.0,2366.0,3285.0,3578.0,2719.0,2830.0,2.69,9.99,-0.29,0.19,0.14,-0.32,m
3208.0,2849.0,2979.0,2394.0,3281.0,3600.0,2754.0,2832.0,2.63,9.11,-0.59,0.08,-0.43,0.19,m
3218.0,2864.0,2973.0,2426.0,3297.0,3619.0,2791.0,2873.0,3.11,8.92,-0.88,0.15,-0.02,-0.1,m
3217.0,2870.0,2979.0,2464.0,3297.0,3629.0,2800.0,2928.0,2.31,9.88,-1.25,0.01,0.11,0.07,m
3216.0,2864.0,2975.0,2473.0,3293.0,3629.0,2768.0,2911.0,2.53,8.67,-0.25,-0.14,-0.09,-0.1,m
3220.0,2838.0,2978.0,2483.0,3295.0,3641.0,2769.0,2917.0,2.32,10.69,-1.55,-0.29,0.46,-0.12,m
3215.0,2816.0,2971.0,2493.0,3293.0,3662.0,2795.0,2931.0,2.94,8.65,-0.39,-0.19,-0.41,0.19,m
3218.0,2801.0,2973.0,2493.0,3306.0,3677.0,2800.0,2908.0,2.99,8.97,-0.36,0.11,0.2,-0.33,m
3218.0,2801.0,2977.0,2450.0,3283.0,3663.0,2733.0,2865.0,2.08,9.53,-0.55,-0.18,0.1,-0.1,m
3218.0,2771.0,2982.0,2433.0,3233.0,3599.0,2674.0,2827.0,2.9,8.94,0.2,0.16,-0.16,-0.18,m
3231.0,2770.0,2982.0,2457.0,3215.0,3573.0,2671.0,2831.0,1.88,10.17,-1.02,-0.3,0.1,0.11,m
3231.0,2771.0,2983.0,2495.0,3229.0,3621.0,2704.0,2869.0,2.78,9.0,0.23,-0.1,-0.28,0.01,m
3232.0,2767.0,2975.0,2523.0,3251.0,3668.0,2753.0,2931.0,1.58,9.9,-0.45,-0.31,0.35,0.0,m
3225.0,2711.0,2947.0,2503.0,3271.0,3671.0,2800.0,2946.0,2.64,9.01,-0.19,-0.04,0.04,0.2,m
3232.0,2713.0,2950.0,2486.0,3265.0,3648.0,2788.0,2961.0,2.4,9.74,-0.32,-0.11,0.24,-0.13,m
3216.0,2723.0,2952.0,2480.0,3294.0,3627.0,2762.0,2974.0,2.33,9.46,0.08,-0.45,-0.05,-0.08,m
3202.0,2735.0,2960.0,2512.0,3334.0,3664.0,2771.0,3013.0,2.55,9.01,0.05,-0.26,0.04,-0.21,m
3159.0,2725.0,2963.0,2519.0,3337.0,3694.0,2796.0,3056.0,2.49,8.93,0.19,-0.46,0.44,-0.79,m
3110.0,2704.0,2941.0,2548.0,3307.0,3657.0,2768.0,3063.0,0.45,9.69,0.91,-0.11,-0.02,0.17,m
3122.0,2734.0,2942.0,2593.0,3326.0,3713.0,2769.0,2997.0,2.22,9.7,0.85,-0.24,-0.17,-0.1,m
3159.0,2734.0,2950.0,2512.0,3327.0,3686.0,2764.0,2946.0,2.24,9.9,0.3,0.36,-0.26,0.42,m
3178.0,2735.0,2957.0,2527.0,3266.0,3522.0,2699.0,2895.0,2.46,8.84,0.85,-0.06,0.17,-0.13,m
3162.0,2736.0,2958.0,2538.0,3251.0,3419.0,2662.0,2901.0,1.8,9.83,0.37,0.03,0.09,0.14,m
3190.0,2730.0,2958.0,2545.0,3280.0,3351.0,2630.0,2878.0,2.36,9.33,0.39,0.05,-0.22,0.18,m
3207.0,2736.0,2960.0,2559.0,3299.0,3317.0,2608.0,2852.0,2.55,9.39,0.27,-0.16,-0.13,0.02,m
3216.0,2738.0,2963.0,2598.0,3315.0,3338.0,2618.0,2871.0,2.25,9.57,0.39,0.36,-0.18,0.28,m
3214.0,2741.0,2967.0,2612.0,3342.0,3377.0,2640.0,2861.0,2.41,9.44,0.27,-0.03,0.15,-0.17,m
3212.0,2751.0,2965.0,2559.0,3286.0,3447.0,2688.0,2878.0,3.09,9.56,0.09,-0.07,0.02,-0.51,m
3182.0,2741.0,2965.0,2559.0,3266.0,3600.0,2785.0,2961.0,1.0,10.06,-0.29,0.65,0.78,-0.76,m
3137.0,2694.0,2939.0,2559.0,3239.0,3680.0,2949.0,3006.0,0.74,8.55,0.78,-0.17,0.25,-0.48,m
3145.0,2697.0,2936.0,2559.0,3266.0,3726.0,2977.0,3024.0,0.96,10.03,-0.09,0.05,-0.24,0.23,m
3149.0,2694.0,2942.0,2526.0,3265.0,3682.0,2833.0,2981.0,1.68,9.29,0.12,-0.05,0.12,0.03,m
3150.0,2675.0,2944.0,2509.0,3231.0,3631.0,2739.0,2946.0,0.75,9.48,-0.55,-0.14,-0.12,0.3,m
3158.0,2669.0,2939.0,2506.0,3234.0,3602.0,2736.0,2938.0,2.38,9.32,0.38,-0.3,-0.29,0.2,m
3178.0,2672.0,2949.0,2497.0,3248.0,3577.0,2759.0,2956.0,0.78,9.67,-0.03,-0.13,0.33,0.05,m
3184.0,2670.0,2945.0,2518.0,3261.0,3557.0,2789.0,2966.0,1.63,8.96,0.53,-0.27,-0.16,0.23,m
3220.0,2721.0,2954.0,2534.0,3306.0,3530.0,2820.0,2992.0,2.26,10.6,0.24,0.03,0.07,0.1,m
3246.0,2749.0,2948.0,2543.0,3344.0,3540.0,2830.0,3007.0,1.98,9.14,0.4,-0.05,-0.07,0.17,m
2965.0,2754.0,2955.0,2544.0,3408.0,3542.0,2802.0,3021.0,2.37,8.94,0.58,-0.11,-0.28,-0.05,m
2832.0,2745.0,2947.0,2543.0,3450.0,3539.0,2782.0,3018.0,2.27,10.26,0.09,-0.02,0.11,0.07,m
2857.0,2742.0,2949.0,2547.0,3448.0,3514.0,2785.0,3011.0,1.71,8.96,0.51,0.12,-0.17,0.01,m
2805.0,2749.0,2955.0,2559.0,3469.0,3508.0,2785.0,3010.0,2.22,9.83,0.07,-0.21,0.16,-0.14,m
2190.0,2753.0,2955.0,2559.0,3487.0,3504.0,2775.0,3005.0,2.01,9.09,0.75,0.27,-0.08,0.13,m
2138.0,2753.0,2955.0,2559.0,3473.0,3472.0,2743.0,2976.0,2.07,9.35,0.23,-0.04,0.13,-0.01,m
2059.0,2765.0,2960.0,2553.0,3445.0,3484.0,2756.0,2967.0,2.3,10.03,0.06,0.38,0.01,0.14,m
2480.0,2761.0,2951.0,2547.0,3443.0,3521.0,2779.0,2977.0,2.08,8.95,0.62,-0.06,-0.01,-0.02,m
3458.0,2752.0,2955.0,2554.0,3470.0,3549.0,2786.0,2992.0,2.04,10.24,-0.6,0.07,-0.01,0.11,m
3454.0,2736.0,2949.0,2559.0,3484.0,3551.0,2759.0,3003.0,2.43,8.37,0.25,-0.08,-0.35,0.04,m
3667.0,2736.0,2952.0,2582.0,3464.0,3551.0,2747.0,3005.0,2.55,10.51,0.02,0.43,0.34,0.02,m
3726.0,2736.0,2955.0,2586.0,3462.0,3540.0,2741.0,3006.0,1.56,9.73,0.44,0.36,0.02,0.28,m
4043.0,2736.0,2960.0,2559.0,3413.0,3534.0,2720.0,2962.0,2.84,9.95,-1.18,0.22,-0.05,-0.16,m
4095.0,2753.0,2960.0,2551.0,3388.0,3530.0,2704.0,2943.0,2.9,8.14,-1.1,0.37,-0.59,0.16,m
2224.0,2766.0,2965.0,2534.0,3309.0,3542.0,2702.0,2927.0,2.83,9.78,-1.62,0.01,0.45,-0.34,m
2128.0,2767.0,2961.0,2530.0,3317.0,3558.0,2707.0,2925.0,1.73,9.72,-0.84,0.25,0.09,-0.05,m
2197.0,2769.0,2963.0,2559.0,3350.0,3565.0,2704.0,2928.0,2.11,9.17,-0.91,-0.17,-0.03,-0.06,m
2255.0,2814.0,3005.0,2559.0,3367.0,3581.0,2734.0,2963.0,2.45,9.75,-1.2,0.2,0.05,0.1,m
2150.0,2815.0,3003.0,2590.0,3367.0,3536.0,2721.0,2959.0,2.67,8.9,-0.72,-0.07,-0.13,0.05,m
2407.0,2821.0,3018.0,2591.0,3345.0,3516.0,2711.0,2951.0,2.01,9.97,-1.52,0.01,0.16,0.02,m
2962.0,2829.0,3008.0,2559.0,3351.0,3495.0,2704.0,2944.0,2.6,8.88,-0.97,-0.2,-0.32,0.04,m
4095.0,2781.0,2969.0,2545.0,3311.0,3399.0,2663.0,2905.0,3.01,9.79,-1.22,-0.12,0.06,-0.19,m
4095.0,2772.0,2966.0,2535.0,3313.0,3355.0,2677.0,2942.0,2.3,9.21,-0.74,-0.15,-0.12,-0.03,m
4095.0,2768.0,2961.0,2579.0,3335.0,3382.0,2682.0,2992.0,2.12,9.33,-0.54,-0.32,-0.03,-0.13,m
3274.0,2769.0,2960.0,2623.0,3351.0,3422.0,2702.0,3046.0,2.19,10.01,-0.61,0.17,-0.04,0.02,m
2341.0,2773.0,2961.0,2683.0,3349.0,3451.0,2738.0,3116.0,1.75,9.29,-0.59,0.07,0.14,-0.21,m
2064.0,2816.0,3003.0,2752.0,3370.0,3559.0,2839.0,3187.0,2.22,9.97,-1.14,0.15,0.01,0.02,m
2822.0,2759.0,2969.0,2773.0,3374.0,3529.0,2829.0,3162.0,2.3,8.85,-1.23,-0.16,-0.06,-0.2,m
3105.0,2752.0,2965.0,2755.0,3403.0,3539.0,2810.0,3135.0,1.75,9.82,-2.0,-0.33,-0.27,0.29,m
3123.0,2742.0,2960.0,2736.0,3421.0,3546.0,2782.0,3102.0,2.9,8.76,0.03,0.01,-0.43,0.36,m
3136.0,2803.0,3024.0,2734.0,3440.0,3605.0,2800.0,3136.0,0.86,10.19,-0.64,0.02,0.37,0.39,m
3154.0,2798.0,3024.0,2704.0,3431.0,3583.0,2773.0,3109.0,3.79,8.45,-0.68,-0.2,-0.23,-0.06,m
3137.0,2821.0,3012.0,2647.0,3397.0,3503.0,2678.0,3091.0,3.13,10.07,-1.07,-0.06,-0.16,-0.01,m
3125.0,2800.0,2974.0,2626.0,3295.0,3343.0,2545.0,3002.0,2.13,10.14,-0.58,-0.13,0.46,0.02,m
3152.0,2803.0,2977.0,2630.0,3309.0,3378.0,2580.0,3017.0,2.23,8.14,-0.21,-0.36,-0.42,-0.04,m
3170.0,2800.0,2974.0,2639.0,3315.0,3402.0,2598.0,3033.0,3.14,10.65,-0.62,0.36,0.27,0.04,m
3180.0,2798.0,2979.0,2667.0,3329.0,3422.0,2608.0,3053.0,2.28,8.99,-0.61,0.03,0.24,0.02,m
3183.0,2837.0,3015.0,2687.0,3343.0,3510.0,2699.0,3120.0,3.37,9.98,-1.51,0.38,-0.15,-0.09,m
3190.0,2797.0,2983.0,2687.0,3391.0,3498.0,2731.0,3089.0,2.74,8.05,-0.75,-0.23,-0.15,0.03,m
3141.0,2832.0,3008.0,2614.0,3399.0,3529.0,2779.0,3120.0,2.76,9.96,-1.32,-0.06,0.17,-0.02,m
2243.0,2781.0,2978.0,2559.0,3426.0,3504.0,2733.0,3059.0,1.83,8.63,-0.38,0.01,-0.05,-0.09,m
2453.0,2789.0,2988.0,2544.0,3439.0,3499.0,2715.0,3041.0,2.67,10.23,-1.2,-0.22,0.2,0.07,m
2439.0,2782.0,2985.0,2543.0,3452.0,3498.0,2707.0,3023.0,2.67,8.68,-0.43,0.25,-0.21,0.01,m
2485.0,2791.0,2976.0,2544.0,3440.0,3511.0,2715.0,3017.0,2.21,9.71,-1.29,-0.21,0.39,-0.03,m
2503.0,2839.0,3029.0,2544.0,3440.0,3598.0,2759.0,3067.0,3.26,9.76,-0.41,0.32,-0.16,0.13,m
2489.0,2807.0,2992.0,2544.0,3430.0,3569.0,2731.0,3029.0,2.11,8.71,-0.78,-0.31,0.08,-0.04,m
2448.0,2800.0,2988.0,2559.0,3429.0,3581.0,2721.0,3041.0,3.16,10.02,-1.11,0.07,0.17,-0.03,m
2441.0,2805.0,2982.0,2559.0,3433.0,3581.0,2704.0,3056.0,2.37,8.55,-0.38,-0.08,-0.21,0.12,m
2427.0,2800.0,2980.0,2591.0,3425.0,3577.0,2683.0,3056.0,2.53,10.0,-1.07,-0.14,0.36,-0.2,m
2406.0,2795.0,2981.0,2608.0,3424.0,3581.0,2675.0,3059.0,2.87,9.19,-0.44,0.04,-0.24,0.24,m
2414.0,2800.0,2981.0,2608.0,3426.0,3582.0,2682.0,3066.0,2.53,8.99,-0.96,-0.16,0.07,-0.19,m
2407.0,2800.0,2983.0,2621.0,3434.0,3597.0,2695.0,3082.0,2.78,9.7,-0.93,0.05,0.0,0.08,m
2367.0,2783.0,2979.0,2638.0,3440.0,3627.0,2704.0,3094.0,2.75,8.67,-0.29,-0.03,-0.04,-0.07,m
2346.0,2786.0,2989.0,2675.0,3445.0,3634.0,2701.0,3102.0,2.82,9.59,-0.91,-0.06,0.16,-0.1,m
2320.0,2783.0,2977.0,2674.0,3451.0,3645.0,2694.0,3102.0,2.55,9.23,-0.76,0.05,-0.15,0.04,m
2384.0,2778.0,2980.0,2688.0,3447.0,3649.0,2701.0,3107.0,2.39,9.36,-0.97,-0.2,0.1,-0.15,m
2416.0,2783.0,2981.0,2688.0,3443.0,3647.0,2686.0,3099.0,2.54,9.76,-0.62,0.1,0.05,0.01,m
2459.0,2785.0,2987.0,2693.0,3429.0,3647.0,2682.0,3089.0,2.3,9.08,-0.8,-0.11,-0.01,-0.02,m
2431.0,2779.0,2976.0,2698.0,3434.0,3646.0,2679.0,3088.0,2.94,9.65,-0.92,-0.05,0.05,-0.07,m
2429.0,2775.0,2982.0,2699.0,3429.0,3650.0,2677.0,3069.0,2.32,9.02,-0.38,0.02,-0.16,0.04,m
1771.0,3062.0,3199.0,2840.0,3287.0,3796.0,2768.0,3120.0,2.85,8.84,-1.88,0.17,0.06,-0.01,n
1783.0,3098.0,3223.0,2845.0,3293.0,3827.0,2798.0,3148.0,2.9,9.24,-1.91,-0.07,-0.03,-0.0,n
1775.0,3101.0,3219.0,2843.0,3295.0,3827.0,2800.0,3149.0,2.82,8.99,-1.33,0.02,-0.02,-0.09,n
1779.0,3091.0,3225.0,2839.0,3296.0,3830.0,2799.0,3143.0,2.32,9.43,-1.72,-0.06,0.06,-0.1,n
1777.0,3094.0,3223.0,2844.0,3294.0,3827.0,2794.0,3146.0,2.64,9.27,-1.42,-0.05,-0.13,0.03,n
1778.0,3088.0,3221.0,2845.0,3290.0,3824.0,2794.0,3145.0,2.65,9.29,-1.53,-0.08,0.02,-0.11,n
1776.0,3091.0,3230.0,2846.0,3291.0,3840.0,2799.0,3149.0,2.25,9.36,-2.15,-0.08,-0.07,0.07,n
1771.0,3110.0,3237.0,2833.0,3280.0,3841.0,2815.0,3161.0,2.72,8.92,-1.95,-0.24,-0.08,-0.03,n
1774.0,3071.0,3203.0,2846.0,3293.0,3805.0,2772.0,3125.0,2.89,9.6,-0.73,-0.19,0.04,0.05,n
1779.0,3034.0,3167.0,2848.0,3293.0,3761.0,2738.0,3091.0,2.5,9.61,-0.47,0.0,0.0,-0.01,n
1776.0,3023.0,3155.0,2845.0,3294.0,3742.0,2726.0,3071.0,2.64,9.51,-1.1,0.03,-0.08,0.02,n
1773.0,3062.0,3201.0,2847.0,3294.0,3795.0,2771.0,3120.0,2.62,9.22,-1.31,0.13,0.0,-0.02,n
1761.0,3071.0,3209.0,2847.0,3287.0,3807.0,2780.0,3133.0,2.4,9.46,-1.56,0.09,0.04,-0.01,n
1748.0,3109.0,3231.0,2846.0,3290.0,3835.0,2801.0,3152.0,2.41,8.86,-1.52,0.22,-0.01,0.08,n
1741.0,2945.0,3071.0,2843.0,3277.0,3664.0,2641.0,3005.0,2.77,9.69,-1.97,0.06,0.27,-0.03,n
1740.0,2956.0,3094.0,2848.0,3277.0,3682.0,2666.0,3024.0,2.96,8.71,-1.63,0.01,-0.22,0.07,n
1743.0,2967.0,3110.0,2846.0,3277.0,3685.0,2670.0,3026.0,2.83,9.44,-1.94,-0.02,0.1,-0.13,n
1744.0,2973.0,3104.0,2839.0,3275.0,3683.0,2672.0,3026.0,2.75,9.44,-1.9,-0.12,-0.06,-0.03,n
1603.0,2957.0,3088.0,2832.0,3270.0,3687.0,2663.0,3006.0,2.28,8.66,-1.11,-0.01,-0.03,-0.03,n
1264.0,2958.0,3088.0,2794.0,3290.0,3711.0,2662.0,2983.0,2.94,10.08,-2.03,-0.24,0.13,-0.08,n
1285.0,2977.0,3110.0,2796.0,3329.0,3792.0,2706.0,2999.0,2.38,8.27,-1.07,-0.01,-0.28,0.09,n
1296.0,2989.0,3117.0,2705.0,3333.0,3808.0,2730.0,3007.0,2.82,9.75,-1.6,-0.34,0.29,-0.3,n
1282.0,2989.0,3120.0,2624.0,3327.0,3781.0,2750.0,2995.0,2.08,9.09,-1.01,0.0,-0.16,0.15,n
1306.0,2983.0,3121.0,2670.0,3331.0,3763.0,2760.0,2992.0,3.42,10.1,-1.5,0.01,-0.01,0.01,n
1327.0,2987.0,3120.0,2690.0,3341.0,3758.0,2770.0,2997.0,1.96,8.51,-1.11,-0.09,-0.15,0.07,n
1347.0,2993.0,3112.0,2688.0,3328.0,3728.0,2787.0,2986.0,2.9,9.71,-1.59,-0.17,0.02,-0.08,n
1407.0,2983.0,3111.0,2670.0,3335.0,3715.0,2787.0,2979.0,2.59,8.61,-0.93,-0.08,-0.26,0.04,n
1600.0,2992.0,3111.0,2692.0,3339.0,3692.0,2788.0,2976.0,2.94,10.05,-1.51,-0.32,0.13,-0.22,n
1904.0,2998.0,3115.0,2672.0,3341.0,3696.0,2774.0,2992.0,2.58,9.22,-0.76,0.03,-0.24,0.0,n
2218.0,3002.0,3109.0,2655.0,3329.0,3690.0,2763.0,2992.0,2.25,9.61,-1.47,-0.11,0.04,-0.08,n
2371.0,2941.0,3049.0,2665.0,3335.0,3625.0,2695.0,2906.0,2.71,9.13,-1.15,0.01,-0.29,0.11,n
2414.0,3005.0,3111.0,2659.0,3344.0,3678.0,2761.0,2954.0,1.67,9.37,-0.99,-0.19,0.12,-0.2,n
2477.0,2990.0,3086.0,2646.0,3359.0,3662.0,2719.0,2917.0,2.74,9.75,-0.81,0.08,-0.22,0.15,n
2631.0,3013.0,3103.0,2629.0,3343.0,3695.0,2707.0,2935.0,2.5,9.54,-1.15,0.04,-0.01,-0.1,n
2672.0,2977.0,3093.0,2681.0,3310.0,3700.0,2589.0,2960.0,3.34,9.38,-0.62,0.33,-0.5,0.07,n
2815.0,2868.0,3037.0,2768.0,3319.0,3664.0,2490.0,2917.0,2.73,9.63,-1.66,-0.1,0.05,-0.14,n
2927.0,2860.0,3023.0,2771.0,3328.0,3671.0,2503.0,2930.0,1.93,8.85,-1.37,0.07,-0.21,0.16,n
2951.0,2980.0,3179.0,2797.0,3328.0,3814.0,2666.0,3087.0,2.71,9.74,-1.57,0.0,0.06,-0.17,n
2971.0,2961.0,3165.0,2822.0,3328.0,3770.0,2648.0,3082.0,2.38,9.36,-1.07,0.01,-0.01,0.13,n
2982.0,2962.0,3158.0,2827.0,3332.0,3735.0,2645.0,3082.0,2.2,9.48,-1.64,0.02,0.07,0.07,n
3009.0,2961.0,3150.0,2834.0,3340.0,3695.0,2640.0,3088.0,2.57,9.12,-1.17,0.03,-0.06,0.11,n
3031.0,2962.0,3159.0,2854.0,3338.0,3663.0,2633.0,3098.0,2.44,9.5,-1.62,-0.04,0.04,-0.03,n
3056.0,2961.0,3152.0,2883.0,3344.0,3661.0,2621.0,3101.0,2.9,9.22,-1.22,0.05,0.06,-0.06,n
3066.0,2963.0,3150.0,2894.0,3347.0,3673.0,2627.0,3101.0,2.61,9.33,-1.69,-0.07,0.04,-0.0,n
3086.0,2963.0,3152.0,2863.0,3348.0,3709.0,2624.0,3100.0,2.3,8.67,-1.21,0.02,-0.15,0.05,n
3098.0,2962.0,3152.0,2851.0,3347.0,3739.0,2624.0,3120.0,2.83,9.67,-1.61,0.12,0.2,-0.23,n
3114.0,2974.0,3165.0,2839.0,3350.0,3776.0,2649.0,3138.0,2.12,9.17,-1.42,-0.16,-0.09,0.15,n
3105.0,2974.0,3158.0,2867.0,3365.0,3791.0,2663.0,3154.0,3.62,10.5,-2.04,-0.1,0.14,-0.13,n
3056.0,2960.0,3152.0,2865.0,3407.0,3760.0,2666.0,3101.0,1.43,8.0,-0.65,-0.24,-0.04,-0.32,n
2854.0,2964.0,3154.0,2853.0,3441.0,3661.0,2673.0,3087.0,2.71,9.73,-1.53,-0.16,-0.15,0.12,n
2801.0,2975.0,3154.0,2813.0,3447.0,3626.0,2673.0,3099.0,2.68,8.7,-0.79,0.12,0.05,-0.27,n
2544.0,2980.0,3147.0,2775.0,3461.0,3577.0,2674.0,3107.0,1.73,9.74,-1.47,-0.31,0.21,-0.05,n
2608.0,2986.0,3152.0,2742.0,3485.0,3583.0,2665.0,3107.0,2.21,9.59,-1.02,0.05,-0.01,0.09,n
2769.0,2992.0,3149.0,2690.0,3446.0,3638.0,2658.0,3101.0,2.45,9.28,-1.25,-0.22,-0.07,0.12,n
3393.0,2988.0,3146.0,2638.0,3355.0,3725.0,2657.0,3091.0,3.21,9.73,-1.25,0.15,-0.15,0.14,n
3744.0,2941.0,3098.0,2619.0,3344.0,3696.0,2608.0,3026.0,1.8,9.07,-0.94,-0.43,-0.05,-0.0,n
3766.0,2990.0,3152.0,2624.0,3355.0,3763.0,2672.0,3099.0,3.3,9.59,-0.78,0.01,-0.06,0.1,n
3370.0,2987.0,3150.0,2663.0,3372.0,3707.0,2672.0,3095.0,1.63,9.39,-0.78,0.08,0.34,-0.35,n
3297.0,2991.0,3154.0,2663.0,3340.0,3673.0,2688.0,3091.0,2.67,9.55,-0.97,-0.0,-0.16,-0.01,n
2832.0,2991.0,3153.0,2662.0,3248.0,3680.0,2690.0,3110.0,2.05,8.9,-0.97,0.02,-0.02,-0.12,n
2605.0,2987.0,3153.0,2661.0,3241.0,3707.0,2699.0,3119.0,2.23,9.83,-1.29,-0.05,0.12,0.07,n
2480.0,2993.0,3153.0,2673.0,3270.0,3714.0,2699.0,3121.0,2.32,9.35,-0.86,0.02,-0.04,-0.0,n
2368.0,2986.0,3153.0,2677.0,3280.0,3717.0,2692.0,3117.0,2.51,9.41,-1.26,-0.02,0.0,0.04,n
2143.0,2986.0,3157.0,2674.0,3287.0,3735.0,2690.0,3118.0,2.63,9.38,-1.19,0.06,-0.02,-0.12,n
1925.0,2989.0,3161.0,2663.0,3290.0,3742.0,2688.0,3119.0,2.29,9.32,-0.95,-0.07,-0.14,0.0,n
1757.0,2987.0,3148.0,2624.0,3299.0,3757.0,2685.0,3114.0,2.17,9.81,-1.3,0.05,0.06,0.01,n
1658.0,2991.0,3155.0,2619.0,3312.0,3764.0,2688.0,3111.0,2.21,8.96,-1.11,-0.16,-0.1,0.01,n
1634.0,2992.0,3157.0,2630.0,3321.0,3776.0,2689.0,3110.0,2.71,9.84,-1.62,-0.09,0.06,-0.05,n
1772.0,2994.0,3153.0,2659.0,3338.0,3785.0,2686.0,3095.0,1.75,8.73,-1.28,-0.28,-0.06,0.05,n
2304.0,2994.0,3152.0,2690.0,3347.0,3769.0,2674.0,3069.0,2.72,9.61,-1.6,-0.33,0.1,-0.08,n
2657.0,2990.0,3153.0,2704.0,3376.0,3749.0,2664.0,3056.0,2.68,9.0,-0.49,-0.03,-0.29,0.2,n
2654.0,2993.0,3151.0,2729.0,3391.0,3728.0,2657.0,3031.0,2.61,9.55,-0.52,-0.32,0.03,0.12,n
2011.0,3025.0,3152.0,2719.0,3394.0,3706.0,2673.0,2994.0,2.85,9.32,0.0,-0.23,-0.19,-0.02,n
1886.0,3037.0,3154.0,2720.0,3379.0,3698.0,2695.0,3002.0,2.34,9.92,-0.64,0.05,0.12,0.22,n
2931.0,3037.0,3147.0,2738.0,3419.0,3673.0,2709.0,2997.0,2.94,8.86,-0.32,-0.07,-0.15,-0.09,n
3092.0,3044.0,3153.0,2783.0,3451.0,3676.0,2726.0,3011.0,2.83,9.89,-0.69,0.05,0.13,-0.04,n
3093.0,3047.0,3151.0,2789.0,3453.0,3669.0,2730.0,3024.0,2.24,8.51,-0.8,-0.08,-0.02,-0.19,n
3071.0,3043.0,3152.0,2790.0,3434.0,3675.0,2717.0,3026.0,2.58,9.84,-1.12,-0.02,0.23,-0.01,n
3071.0,3037.0,3151.0,2790.0,3420.0,3692.0,2721.0,3026.0,2.65,9.14,-0.45,0.03,-0.26,0.1,n
3125.0,3039.0,3152.0,2768.0,3364.0,3731.0,2743.0,3007.0,2.38,9.29,-0.98,-0.02,0.14,-0.09,n
3175.0,3031.0,3151.0,2761.0,3358.0,3747.0,2797.0,3056.0,2.87,9.62,-0.68,0.04,-0.08,0.06,n
3154.0,3039.0,3149.0,2743.0,3377.0,3767.0,2943.0,3162.0,2.1,8.99,-0.62,-0.15,-0.17,-0.04,n
3125.0,3088.0,3201.0,2752.0,3407.0,3875.0,3106.0,3245.0,2.75,10.04,-0.9,0.13,0.07,-0.04,n
3106.0,3056.0,3180.0,2759.0,3431.0,3915.0,3180.0,3249.0,2.53,8.46,-0.02,-0.11,-0.26,0.15,n
3088.0,3034.0,3171.0,2704.0,3405.0,3936.0,3229.0,3250.0,3.55,10.49,-1.21,0.14,0.2,-0.14,n
207.0,3019.0,3151.0,2675.0,3346.0,3783.0,3216.0,3230.0,2.14,8.7,-0.65,-0.01,-0.15,0.17,n
2643.0,3043.0,3180.0,2640.0,3305.0,3742.0,3243.0,3263.0,3.22,9.79,-0.79,0.3,0.02,0.26,n
2465.0,3023.0,3149.0,2558.0,3251.0,3569.0,3188.0,3285.0,1.97,9.04,-1.02,-0.08,0.24,-0.09,n
2422.0,2995.0,3131.0,2559.0,3257.0,3534.0,3179.0,3291.0,3.15,9.24,-0.99,0.09,0.01,0.12,n
2417.0,3120.0,3247.0,2599.0,3271.0,3681.0,3281.0,3413.0,3.02,9.59,-1.02,-0.04,0.18,-0.03,n
2409.0,3069.0,3194.0,2603.0,3262.0,3605.0,3223.0,3317.0,3.38,9.35,-0.8,0.13,-0.1,-0.04,n
2389.0,2985.0,3109.0,2635.0,3271.0,3508.0,3135.0,3195.0,2.31,8.91,-0.95,-0.04,0.13,-0.13,n
2320.0,2971.0,3105.0,2678.0,3279.0,3504.0,3015.0,3106.0,3.0,9.82,-1.5,-0.03,0.16,-0.01,n
2326.0,2979.0,3118.0,2701.0,3285.0,3517.0,2880.0,3055.0,2.39,8.66,-0.47,-0.17,-0.18,0.16,n
2346.0,2979.0,3115.0,2707.0,3284.0,3503.0,2849.0,3023.0,3.34,9.89,-0.91,-0.03,0.17,-0.1,n
2358.0,2985.0,3120.0,2705.0,3280.0,3472.0,2834.0,3042.0,2.72,9.49,-0.74,0.05,0.05,-0.01,n
2378.0,2965.0,3097.0,2705.0,3278.0,3435.0,2767.0,3027.0,2.92,9.31,-1.13,-0.29,0.12,-0.15,n
2386.0,2977.0,3114.0,2706.0,3291.0,3471.0,2794.0,3071.0,2.7,9.5,-0.79,-0.03,0.08,0.0,n
2372.0,2980.0,3115.0,2701.0,3299.0,3491.0,2804.0,3083.0,2.45,9.15,-0.27,-0.13,0.14,0.01,n
2335.0,2977.0,3120.0,2691.0,3317.0,3514.0,2832.0,3088.0,3.23,9.41,-0.34,-0.03,0.04,-0.01,n
2320.0,2992.0,3132.0,2647.0,3323.0,3627.0,2959.0,3088.0,3.48,9.3,-0.85,-0.13,0.03,-0.17,n
2368.0,3038.0,3147.0,2587.0,3346.0,3777.0,3111.0,3102.0,2.41,9.88,-0.72,0.13,0.2,-0.05,n
2355.0,3026.0,3141.0,2517.0,3372.0,3798.0,3149.0,3130.0,2.61,9.36,-0.17,0.12,0.03,-0.36,n
2345.0,3035.0,3148.0,2525.0,3360.0,3791.0,3171.0,3168.0,2.55,9.6,-0.48,0.08,0.21,-0.21,n
2343.0,3056.0,3169.0,2507.0,3374.0,3911.0,3212.0,3217.0,2.45,9.47,-1.04,0.04,0.03,-0.34,n
2445.0,2859.0,2992.0,2448.0,3345.0,3842.0,2991.0,2992.0,1.86,9.18,-1.07,0.06,0.02,-0.15,n
2491.0,2859.0,2987.0,2471.0,3306.0,3853.0,2943.0,2987.0,2.62,8.96,-0.79,-0.03,-0.19,0.09,n
2481.0,2871.0,2987.0,2499.0,3278.0,3771.0,2962.0,2999.0,2.25,9.62,-1.1,0.06,0.3,-0.27,n
2139.0,3071.0,3182.0,2517.0,3279.0,3879.0,3191.0,3216.0,2.21,9.46,-0.5,0.16,-0.1,0.17,n
1942.0,3051.0,3163.0,2475.0,3274.0,3807.0,3167.0,3191.0,1.63,9.83,-0.77,-0.37,-0.15,-0.02,n
2170.0,3071.0,3184.0,2453.0,3252.0,3783.0,3142.0,3175.0,1.81,9.86,-0.93,0.1,0.03,0.05,n
2215.0,2871.0,2983.0,2457.0,3248.0,3582.0,2943.0,2974.0,1.92,9.11,-0.41,-0.09,-0.19,0.04,n
2245.0,2931.0,3056.0,2454.0,3270.0,3651.0,2982.0,3027.0,2.09,9.89,-1.04,-0.01,-0.03,0.08,n
2211.0,3053.0,3174.0,2453.0,3263.0,3741.0,3047.0,3140.0,1.94,8.71,-0.52,0.07,-0.22,0.17,n
2219.0,3061.0,3193.0,2474.0,3253.0,3773.0,3041.0,3152.0,2.48,9.92,-1.5,0.05,0.17,0.12,n
2256.0,3064.0,3200.0,2493.0,3267.0,3806.0,3039.0,3152.0,2.45,8.73,-0.79,-0.05,-0.38,0.22,n
2273.0,3053.0,3184.0,2499.0,3270.0,3812.0,3024.0,3152.0,2.88,10.29,-1.25,0.04,0.19,0.1,n
2301.0,3056.0,3187.0,2495.0,3281.0,3819.0,3024.0,3171.0,2.21,8.75,-0.52,-0.19,-0.18,0.07,n
2496.0,2864.0,2992.0,2559.0,3377.0,3634.0,2845.0,2978.0,2.63,10.95,-1.55,-0.25,0.39,-0.18,n
2372.0,2868.0,2986.0,2595.0,3443.0,3663.0,2871.0,2986.0,1.59,8.41,-0.75,-0.22,-0.21,0.03,n
2111.0,2864.0,2977.0,2599.0,3453.0,3653.0,2875.0,2989.0,2.83,9.31,-0.96,-0.11,0.01,0.06,n
1973.0,2870.0,2977.0,2591.0,3424.0,3650.0,2896.0,2987.0,2.89,9.3,-0.24,-0.03,-0.02,0.12,n
2444.0,2863.0,2974.0,2608.0,3391.0,3674.0,2897.0,2979.0,2.29,9.83,-0.68,0.03,0.06,0.09,n
2251.0,2860.0,2979.0,2624.0,3354.0,3728.0,2885.0,2961.0,2.6,9.21,-0.15,-0.06,-0.1,0.14,n
2257.0,2858.0,2986.0,2619.0,3325.0,3745.0,2835.0,2944.0,2.8,9.62,-0.55,-0.13,0.05,0.01,n
2245.0,2862.0,2995.0,2615.0,3328.0,3763.0,2793.0,2943.0,3.2,9.03,-0.22,0.23,-0.17,0.1,n
2234.0,2861.0,2988.0,2613.0,3330.0,3787.0,2767.0,2955.0,2.8,9.69,-1.17,-0.09,0.26,-0.32,n
2231.0,2849.0,2985.0,2631.0,3342.0,3807.0,2751.0,2953.0,2.31,9.11,-0.66,0.07,-0.17,0.07,n
2238.0,2837.0,2986.0,2640.0,3344.0,3810.0,2695.0,2947.0,2.6,9.58,-0.98,-0.09,0.24,-0.25,n
2219.0,2911.0,3049.0,2639.0,3344.0,3856.0,2701.0,3013.0,2.83,9.39,-0.43,0.16,-0.07,0.1,n
1533.0,2896.0,3048.0,2625.0,3323.0,3739.0,2637.0,3011.0,2.25,9.17,-0.46,-0.12,-0.03,-0.13,n
1364.0,2865.0,3021.0,2637.0,3310.0,3675.0,2608.0,2997.0,3.56,9.89,-0.77,0.24,-0.01,0.1,n
1331.0,2962.0,3109.0,2641.0,3311.0,3763.0,2704.0,3095.0,2.89,9.22,-1.36,-0.21,-0.04,-0.32,n
1306.0,2843.0,2987.0,2637.0,3319.0,3638.0,2611.0,2981.0,3.39,9.29,-1.07,-0.21,0.08,-0.29,n
1265.0,2850.0,2991.0,2630.0,3343.0,3687.0,2643.0,2961.0,0.99,8.34,-0.03,-0.35,0.34,-0.26,n
1282.0,2851.0,2989.0,2640.0,3343.0,3703.0,2672.0,2957.0,1.59,10.47,-0.21,-0.2,0.04,0.08,n
1357.0,2850.0,2983.0,2661.0,3360.0,3718.0,2672.0,2951.0,2.1,9.08,-0.07,0.03,-0.04,0.05,n
1413.0,2850.0,2989.0,2677.0,3355.0,3711.0,2678.0,2960.0,2.89,9.74,-0.67,-0.0,0.08,0.18,n
1510.0,2854.0,2990.0,2686.0,3367.0,3711.0,2686.0,2955.0,2.18,8.6,0.06,-0.24,-0.2,-0.08,n
1594.0,2855.0,2983.0,2685.0,3376.0,3719.0,2689.0,2947.0,2.56,10.2,-0.28,-0.02,0.23,0.03,n
1604.0,2864.0,2981.0,2672.0,3376.0,3713.0,2695.0,2945.0,2.0,8.94,-0.03,-0.13,-0.22,0.02,n
1616.0,2857.0,2991.0,2661.0,3376.0,3713.0,2701.0,2938.0,2.42,9.6,-0.46,0.03,0.08,-0.09,n
1600.0,2859.0,2987.0,2627.0,3369.0,3712.0,2704.0,2942.0,2.04,9.16,-0.21,0.02,-0.08,0.2,n
1553.0,2860.0,2986.0,2619.0,3361.0,3711.0,2693.0,2928.0,2.53,9.86,-0.73,-0.03,0.16,-0.02,n
1377.0,2859.0,2979.0,2595.0,3350.0,3711.0,2697.0,2927.0,2.35,9.17,-0.59,0.04,0.17,-0.01,n
1580.0,2863.0,2986.0,2549.0,3359.0,3679.0,2705.0,2930.0,2.32,9.38,-0.22,-0.28,-0.05,-0.05,n
2354.0,2867.0,2986.0,2523.0,3372.0,3632.0,2709.0,2935.0,1.84,10.06,-0.76,-0.3,-0.18,0.29,n
2403.0,2858.0,2979.0,2533.0,3373.0,3583.0,2687.0,2927.0,3.06,8.62,0.74,-0.09,-0.42,0.14,n
2365.0,2871.0,2991.0,2518.0,3344.0,3611.0,2661.0,2917.0,1.77,10.26,-0.25,0.1,0.45,0.06,n
2325.0,2864.0,2983.0,2543.0,3358.0,3664.0,2669.0,2925.0,3.25,9.08,-0.12,0.04,-0.32,0.02,n
2260.0,2866.0,2986.0,2547.0,3363.0,3682.0,2673.0,2931.0,3.23,9.22,-0.32,-0.08,-0.14,-0.01,n
2087.0,2865.0,2991.0,2557.0,3373.0,3691.0,2676.0,2934.0,1.64,9.13,0.05,-0.08,0.07,-0.15,n
1851.0,2876.0,2994.0,2544.0,3359.0,3661.0,2699.0,2953.0,2.85,10.33,-0.29,0.07,0.08,-0.09,n
1635.0,2864.0,2992.0,2557.0,3367.0,3634.0,2714.0,2944.0,2.72,8.9,-0.43,-0.08,-0.09,-0.11,n
1567.0,2879.0,2987.0,2559.0,3371.0,3632.0,2732.0,2939.0,2.71,10.06,-0.66,-0.04,0.11,0.01,n
1595.0,2875.0,2992.0,2559.0,3389.0,3646.0,2753.0,2942.0,2.46,8.85,-0.0,0.04,-0.17,-0.05,n
1974.0,2871.0,2982.0,2592.0,3399.0,3618.0,2757.0,2947.0,2.2,9.62,-0.23,-0.08,0.14,-0.09,n
2406.0,2864.0,2985.0,2612.0,3409.0,3599.0,2744.0,2928.0,2.75,9.24,-0.25,-0.01,-0.22,0.12,n
2623.0,2864.0,2981.0,2643.0,3415.0,3583.0,2720.0,2909.0,2.48,9.36,-0.39,-0.02,0.06,0.03,n
2239.0,2866.0,2990.0,2653.0,3411.0,3639.0,2705.0,2914.0,2.23,9.62,-0.11,0.03,-0.05,0.11,n
2257.0,2869.0,2989.0,2641.0,3409.0,3702.0,2756.0,2943.0,3.41,9.06,-0.05,0.08,-0.14,-0.0,n
2274.0,2865.0,2992.0,2656.0,3412.0,3722.0,2757.0,2989.0,2.21,9.66,-0.67,-0.11,0.2,-0.01,n
2276.0,2864.0,2992.0,2679.0,3427.0,3728.0,2730.0,3006.0,2.95,9.33,-0.3,-0.02,0.06,0.02,n
2657.0,2869.0,2992.0,2715.0,3440.0,3707.0,2691.0,3027.0,2.26,8.9,0.03,-0.09,0.04,0.03,n
2778.0,2864.0,2993.0,2741.0,3446.0,3706.0,2703.0,3042.0,2.87,9.73,-0.73,0.04,0.0,-0.02,n
2815.0,2864.0,2985.0,2750.0,3453.0,3728.0,2709.0,3056.0,2.99,8.94,-0.09,0.03,-0.16,0.11,n
2949.0,2864.0,2986.0,2784.0,3455.0,3728.0,2704.0,3057.0,2.59,10.02,-0.68,-0.17,0.31,-0.25,n
3046.0,2864.0,2992.0,2825.0,3468.0,3699.0,2688.0,3069.0,2.92,9.38,-0.01,0.11,0.0,-0.03,n
3040.0,2874.0,2985.0,2820.0,3469.0,3695.0,2689.0,3085.0,2.43,9.23,-0.65,-0.17,0.05,-0.03,n
3024.0,2867.0,2990.0,2821.0,3468.0,3683.0,2701.0,3087.0,2.78,9.62,-0.42,0.11,-0.0,-0.0,n
3027.0,2867.0,2989.0,2807.0,3457.0,3693.0,2714.0,3081.0,2.52,9.28,-0.16,-0.16,-0.07,-0.1,n
2953.0,2878.0,2991.0,2722.0,3383.0,3647.0,2735.0,2991.0,2.92,9.58,-0.42,0.03,0.15,-0.1,n
1569.0,2878.0,2982.0,2676.0,3397.0,3602.0,2740.0,2944.0,1.79,8.94,0.05,-0.13,0.04,-0.1,n
1661.0,2877.0,2990.0,2647.0,3423.0,3601.0,2735.0,2945.0,2.92,9.86,-0.32,-0.13,0.13,-0.06,n
1901.0,2870.0,2991.0,2623.0,3439.0,3578.0,2724.0,2936.0,2.58,8.9,-0.03,-0.05,-0.07,-0.03,n
2605.0,2874.0,2992.0,2607.0,3505.0,3536.0,2713.0,2911.0,2.38,9.57,0.09,-0.25,0.05,-0.09,n
2666.0,2876.0,2978.0,2609.0,3537.0,3525.0,2718.0,2896.0,2.71,9.58,-0.05,0.08,-0.06,0.05,n
2588.0,2876.0,2975.0,2598.0,3527.0,3523.0,2697.0,2906.0,2.23,8.8,0.15,0.11,-0.03,-0.01,n
2355.0,2873.0,2993.0,2583.0,3450.0,3600.0,2709.0,2925.0,2.42,10.3,-0.99,0.08,0.22,0.01,n
2128.0,2870.0,2992.0,2587.0,3430.0,3655.0,2734.0,2935.0,2.8,8.86,0.05,0.07,-0.23,0.09,n
2109.0,2867.0,2982.0,2591.0,3408.0,3673.0,2746.0,2949.0,1.78,9.43,-0.28,-0.4,0.11,-0.03,n
2205.0,2866.0,2989.0,2559.0,3396.0,3722.0,2769.0,2925.0,3.19,9.5,-0.11,0.13,-0.1,0.11,n
2755.0,2868.0,2983.0,2541.0,3421.0,3795.0,2807.0,2880.0,2.72,8.95,0.13,0.06,-0.2,0.09,n
3019.0,2866.0,2990.0,2525.0,3389.0,3813.0,2798.0,2902.0,2.8,9.77,-0.72,-0.08,0.18,-0.05,n
2730.0,2864.0,2987.0,2559.0,3324.0,3724.0,2726.0,2920.0,3.17,8.94,0.05,0.12,-0.11,0.01,n
2389.0,2867.0,2989.0,2559.0,3312.0,3654.0,2703.0,2914.0,2.33,9.77,-0.56,-0.07,0.29,-0.32,n
2097.0,2873.0,2992.0,2559.0,3312.0,3572.0,2695.0,2875.0,2.88,9.15,-0.1,0.22,-0.27,0.11,n
1962.0,2876.0,2985.0,2535.0,3295.0,3522.0,2671.0,2837.0,2.66,9.43,-0.62,0.01,0.11,-0.05,n
1915.0,2878.0,2991.0,2512.0,3303.0,3536.0,2668.0,2835.0,2.55,9.35,-0.48,0.13,0.01,0.14,n
2023.0,2876.0,2994.0,2533.0,3323.0,3557.0,2634.0,2883.0,2.44,9.44,-0.81,-0.01,0.06,-0.13,n
2126.0,2871.0,2992.0,2602.0,3344.0,3597.0,2559.0,2950.0,2.67,9.54,-0.52,0.01,-0.02,-0.05,n
2033.0,2861.0,2986.0,2671.0,3376.0,3627.0,2544.0,2995.0,1.92,8.28,-0.36,-0.26,-0.04,-0.06,n
1865.0,2864.0,2993.0,2736.0,3389.0,3621.0,2529.0,2973.0,3.03,9.8,-0.77,0.08,0.19,-0.08,n
1855.0,2871.0,2988.0,2754.0,3395.0,3578.0,2559.0,2914.0,2.0,9.38,-0.66,-0.11,0.05,-0.12,n
1716.0,2893.0,2974.0,2690.0,3408.0,3617.0,2694.0,2935.0,2.29,9.43,0.16,-0.23,0.06,-0.17,n
1666.0,2885.0,2983.0,2657.0,3410.0,3667.0,2704.0,2934.0,2.72,9.55,-0.38,0.17,0.01,0.06,n
1611.0,2972.0,3043.0,2525.0,3319.0,3583.0,2759.0,2992.0,2.4,9.62,-0.39,0.4,-0.03,-0.39,n
1535.0,3097.0,3177.0,2480.0,3311.0,3696.0,2988.0,3219.0,2.14,9.34,-0.35,0.08,-0.31,-0.18,n
1570.0,3099.0,3166.0,2509.0,3315.0,3729.0,3025.0,3248.0,2.21,8.94,-0.46,0.05,-0.09,0.11,n
1590.0,3090.0,3171.0,2559.0,3307.0,3744.0,2983.0,3224.0,2.28,9.29,-1.0,-0.15,0.19,0.01,n
1584.0,3088.0,3155.0,2590.0,3259.0,3641.0,2888.0,3170.0,2.27,9.45,-0.69,-0.11,-0.05,0.16,n
1602.0,3063.0,3150.0,2559.0,3248.0,3600.0,2813.0,3132.0,2.19,9.56,-0.29,-0.11,0.18,-0.05,n
1723.0,3003.0,3124.0,2559.0,3247.0,3610.0,2795.0,3120.0,2.44,9.44,-0.66,-0.21,0.24,0.08,n
1774.0,2950.0,3165.0,2643.0,3273.0,3757.0,2887.0,3151.0,2.4,9.34,-0.3,-0.01,-0.03,0.02,n
1887.0,2950.0,3166.0,2686.0,3279.0,3847.0,2934.0,3151.0,2.66,9.57,-0.79,-0.2,0.06,-0.07,n
1987.0,2812.0,2997.0,2736.0,3296.0,3713.0,2797.0,2973.0,2.42,9.59,-0.19,-0.08,0.02,-0.09,n
1986.0,2821.0,2996.0,2752.0,3318.0,3747.0,2787.0,2979.0,2.11,9.37,-0.22,-0.02,-0.03,0.05,n
1907.0,2833.0,2994.0,2783.0,3339.0,3747.0,2772.0,2974.0,2.76,9.68,-0.51,0.01,0.03,0.07,n
1764.0,2836.0,2993.0,2814.0,3345.0,3770.0,2771.0,2975.0,2.31,8.88,-0.09,-0.01,-0.12,0.07,n
1706.0,2842.0,2997.0,2860.0,3354.0,3771.0,2768.0,2979.0,2.78,10.17,-0.81,-0.02,0.2,-0.05,n
1985.0,2849.0,2992.0,2903.0,3363.0,3786.0,2759.0,2979.0,2.5,8.97,-0.17,-0.09,-0.18,0.02,n
2160.0,2862.0,2992.0,2937.0,3362.0,3773.0,2759.0,2977.0,2.44,9.38,-0.38,-0.06,0.06,0.07,n
2548.0,2859.0,2992.0,2993.0,3370.0,3745.0,2703.0,2975.0,2.42,9.39,-0.19,0.05,-0.08,-0.01,n
2690.0,2864.0,2992.0,3014.0,3355.0,3728.0,2654.0,2970.0,2.78,9.33,-0.72,-0.2,-0.02,-0.05,n
2995.0,2864.0,2998.0,3069.0,3359.0,3683.0,2621.0,2982.0,2.39,9.48,-0.36,-0.04,-0.05,0.14,n
3082.0,2871.0,2987.0,3153.0,3328.0,3661.0,2543.0,2954.0,2.44,9.29,-0.38,-0.31,-0.16,0.01,n
3129.0,2866.0,2991.0,3109.0,3290.0,3648.0,2530.0,2907.0,3.28,8.95,0.35,-0.25,-0.36,0.1,n
3133.0,2864.0,2992.0,2962.0,3273.0,3628.0,2559.0,2903.0,2.24,9.33,-0.25,0.01,0.43,-0.05,n
3137.0,2864.0,2997.0,2944.0,3283.0,3632.0,2579.0,2902.0,2.46,9.37,-0.02,-0.07,-0.04,0.15,n
3088.0,2866.0,2999.0,2928.0,3325.0,3676.0,2608.0,2915.0,3.21,9.85,0.1,-0.01,-0.13,0.15,n
2903.0,3024.0,3209.0,3046.0,3248.0,3747.0,2956.0,3507.0,1.14,9.63,-0.15,-0.04,0.0,-0.05,o
2902.0,3021.0,3191.0,3052.0,3247.0,3742.0,2951.0,3504.0,0.91,9.65,0.02,0.02,0.02,-0.05,o
2905.0,3020.0,3189.0,3056.0,3250.0,3740.0,2953.0,3505.0,1.09,9.62,-0.24,-0.0,-0.06,-0.07,o
2899.0,3022.0,3193.0,3056.0,3250.0,3743.0,2947.0,3507.0,1.14,9.54,-0.42,0.01,0.04,-0.01,o
2899.0,3021.0,3195.0,3054.0,3248.0,3741.0,2954.0,3506.0,0.74,9.62,-0.44,-0.05,0.03,-0.03,o
2903.0,3088.0,3253.0,3047.0,3248.0,3821.0,3017.0,3568.0,0.38,9.86,-0.56,-0.18,-0.33,0.2,o
2898.0,3007.0,3179.0,3047.0,3248.0,3729.0,2942.0,3491.0,2.0,9.64,0.31,-0.24,-0.2,0.05,o
2900.0,2987.0,3159.0,3051.0,3248.0,3706.0,2926.0,3474.0,1.58,9.53,0.44,0.03,0.47,-0.12,o
2896.0,2990.0,3158.0,3053.0,3248.0,3709.0,2926.0,3475.0,1.24,9.56,0.22,-0.01,0.05,-0.12,o
2905.0,2992.0,3154.0,3056.0,3249.0,3699.0,2921.0,3473.0,0.82,9.67,0.15,-0.05,-0.08,-0.11,o
2899.0,2981.0,3158.0,3055.0,3250.0,3705.0,2925.0,3473.0,0.65,9.69,0.11,0.04,0.04,-0.08,o
2899.0,2983.0,3151.0,3054.0,3250.0,3693.0,2923.0,3472.0,0.85,9.71,-0.15,0.05,0.04,-0.07,o
2898.0,2987.0,3154.0,3056.0,3250.0,3702.0,2919.0,3469.0,0.88,9.47,-0.16,0.03,0.2,-0.08,o
2882.0,2988.0,3151.0,3054.0,3230.0,3696.0,2917.0,3467.0,1.45,9.38,-0.13,0.18,-0.03,-0.03,o
2795.0,3004.0,3182.0,3085.0,3152.0,3637.0,2877.0,3373.0,0.27,9.79,-0.43,0.04,0.31,-0.25,o
2784.0,3002.0,3185.0,3086.0,3082.0,3559.0,2781.0,3303.0,0.52,9.7,-0.38,-0.23,-0.23,-0.06,o
2775.0,3005.0,3191.0,2995.0,3071.0,3553.0,2766.0,3279.0,0.79,9.33,0.13,-0.23,-0.35,-0.03,o
2768.0,2999.0,3194.0,2960.0,3120.0,3610.0,2830.0,3312.0,0.41,9.8,-0.14,-0.02,0.17,0.05,o
2740.0,2992.0,3197.0,2955.0,3133.0,3639.0,2877.0,3294.0,1.26,10.07,-0.3,-0.28,-0.41,0.08,o
2679.0,3013.0,3214.0,2883.0,3145.0,3669.0,2903.0,3291.0,0.79,9.29,-0.26,-0.66,-0.17,-0.12,o
2646.0,3013.0,3211.0,2800.0,3122.0,3653.0,2896.0,3250.0,1.38,9.59,0.99,-0.11,-0.38,0.01,o
2614.0,3002.0,3206.0,2707.0,3071.0,3615.0,2864.0,3205.0,0.13,9.45,0.93,-0.04,0.25,-0.14,o
2643.0,3001.0,3207.0,2624.0,3056.0,3582.0,2818.0,3173.0,0.71,9.74,0.73,0.07,-0.11,-0.03,o
2705.0,3010.0,3207.0,2524.0,3008.0,3515.0,2723.0,3143.0,0.25,9.53,-0.11,-0.05,0.06,0.04,o
2773.0,3024.0,3238.0,2495.0,3003.0,3534.0,2725.0,3137.0,1.26,9.62,0.24,-0.11,-0.05,-0.04,o
2769.0,2999.0,3194.0,2559.0,3043.0,3545.0,2750.0,3154.0,0.51,9.33,0.4,-0.0,-0.19,0.14,o
2822.0,3035.0,3231.0,2679.0,3055.0,3627.0,2819.0,3234.0,0.99,9.73,0.4,-0.02,0.06,0.12,o
2864.0,3023.0,3223.0,2749.0,3082.0,3632.0,2831.0,3263.0,0.61,9.7,0.45,-0.03,0.03,0.03,o
2871.0,3028.0,3231.0,2796.0,3088.0,3648.0,2850.0,3290.0,0.98,9.53,0.46,-0.01,-0.09,0.04,o
2875.0,3011.0,3211.0,2909.0,3106.0,3642.0,2854.0,3297.0,1.04,9.77,0.33,0.14,0.03,0.09,o
2877.0,3023.0,3221.0,3001.0,3114.0,3667.0,2882.0,3331.0,1.0,9.5,0.27,-0.01,0.05,0.01,o
2864.0,3017.0,3205.0,3082.0,3121.0,3651.0,2873.0,3312.0,1.22,9.69,0.28,-0.03,0.06,-0.04,o
2803.0,2997.0,3186.0,3088.0,3123.0,3646.0,2875.0,3299.0,0.81,9.25,0.22,-0.03,0.01,-0.05,o
2737.0,2995.0,3194.0,3082.0,3146.0,3649.0,2885.0,3306.0,1.08,9.87,0.11,-0.02,0.1,-0.09,o
2723.0,3001.0,3186.0,3087.0,3168.0,3663.0,2911.0,3330.0,0.47,9.51,0.28,-0.07,-0.12,0.0,o
2794.0,2995.0,3184.0,3085.0,3195.0,3686.0,2954.0,3360.0,1.22,9.82,0.29,-0.02,0.03,-0.0,o
2848.0,3003.0,3193.0,3071.0,3215.0,3716.0,2989.0,3392.0,0.82,9.56,0.14,-0.14,0.07,0.01,o
3012.0,3055.0,3234.0,3082.0,3231.0,3811.0,3088.0,3489.0,1.17,9.52,0.23,-0.13,-0.07,-0.04,o
3234.0,3092.0,3258.0,3087.0,3237.0,3916.0,3191.0,3574.0,1.01,9.87,0.46,-0.07,0.07,-0.03,o
3275.0,3151.0,3319.0,3091.0,3241.0,4070.0,3331.0,3716.0,0.87,9.59,0.68,-0.01,-0.06,0.0,o
3306.0,3039.0,3217.0,3152.0,3248.0,3958.0,3280.0,3667.0,0.67,9.76,0.5,-0.02,0.09,-0.05,o
3286.0,3101.0,3268.0,3185.0,3248.0,4031.0,3358.0,3743.0,0.68,9.49,0.3,-0.04,-0.03,-0.03,o
3122.0,3034.0,3205.0,3215.0,3265.0,3967.0,3302.0,3680.0,1.14,9.63,0.47,0.04,0.03,-0.01,o
3095.0,3009.0,3199.0,3246.0,3282.0,3952.0,3292.0,3677.0,0.7,9.63,-0.06,-0.06,0.13,-0.01,o
3024.0,2996.0,3175.0,3252.0,3280.0,3928.0,3254.0,3655.0,0.97,9.5,0.25,-0.12,-0.18,0.03,o
2878.0,2988.0,3155.0,3292.0,3264.0,3850.0,3097.0,3503.0,0.95,9.7,0.52,-0.05,0.02,0.04,o
2852.0,2989.0,3161.0,3277.0,3234.0,3774.0,2974.0,3423.0,0.98,9.69,0.7,-0.08,-0.04,0.01,o
2838.0,2974.0,3154.0,3203.0,3167.0,3664.0,2847.0,3323.0,1.15,9.52,0.55,-0.03,-0.03,-0.03,o
2837.0,2985.0,3175.0,3184.0,3152.0,3648.0,2826.0,3305.0,1.14,9.72,0.6,-0.03,0.06,-0.01,o
2833.0,2975.0,3179.0,3136.0,3169.0,3680.0,2868.0,3330.0,0.8,9.51,0.43,-0.08,-0.04,0.01,o
2837.0,2989.0,3179.0,3088.0,3198.0,3696.0,2890.0,3363.0,1.13,9.67,0.58,-0.02,-0.0,-0.01,o
2880.0,2992.0,3183.0,3023.0,3212.0,3707.0,2897.0,3379.0,0.94,9.62,0.53,-0.1,0.01,-0.01,o
3039.0,2981.0,3181.0,2995.0,3225.0,3711.0,2899.0,3388.0,1.0,9.57,0.56,-0.01,-0.03,-0.08,o
3085.0,2979.0,3171.0,2972.0,3242.0,3712.0,2917.0,3394.0,0.83,9.73,0.34,0.02,0.12,-0.08,o
3085.0,2987.0,3175.0,2975.0,3247.0,3727.0,2931.0,3397.0,0.9,9.51,0.18,-0.25,0.04,-0.04,o
3053.0,3099.0,3280.0,2923.0,3245.0,3888.0,3066.0,3556.0,0.87,9.73,0.98,-0.0,-0.23,-0.01,o
3042.0,3042.0,3229.0,2816.0,3227.0,3839.0,3049.0,3561.0,0.54,9.51,0.55,-0.15,0.17,-0.04,o
3056.0,3041.0,3229.0,2768.0,3211.0,3840.0,3055.0,3570.0,1.14,9.55,0.9,-0.1,-0.17,0.05,o
3061.0,3028.0,3215.0,2791.0,3207.0,3817.0,3040.0,3546.0,0.62,9.71,0.57,-0.13,0.08,-0.02,o
2906.0,3049.0,3248.0,2811.0,3147.0,3647.0,2851.0,3293.0,0.81,9.44,1.06,-0.07,-0.09,-0.07,o
2789.0,3018.0,3236.0,2850.0,3086.0,3566.0,2758.0,3197.0,0.87,9.51,0.79,-0.09,0.14,-0.0,o
2764.0,2991.0,3209.0,2864.0,3091.0,3566.0,2766.0,3201.0,0.99,9.33,0.8,-0.19,-0.17,0.01,o
2545.0,2944.0,3169.0,2864.0,3102.0,3571.0,2768.0,3165.0,0.89,9.59,0.98,-0.06,0.14,0.02,o
2694.0,2732.0,2989.0,2896.0,3166.0,3383.0,2551.0,2899.0,0.58,9.4,1.01,-0.03,0.08,0.08,o
2800.0,2704.0,2987.0,2907.0,3201.0,3387.0,2559.0,2802.0,1.45,9.63,0.76,-0.14,-0.02,-0.0,o
2827.0,2741.0,3023.0,2970.0,3269.0,3415.0,2597.0,2770.0,0.94,9.41,1.24,-0.09,0.04,0.04,o
2693.0,2757.0,3023.0,2980.0,3291.0,3419.0,2597.0,2776.0,0.71,9.71,1.03,0.06,0.17,0.01,o
2623.0,2759.0,3012.0,2992.0,3318.0,3427.0,2601.0,2798.0,1.31,9.52,1.01,-0.2,-0.11,-0.0,o
2598.0,2757.0,3013.0,2989.0,3337.0,3428.0,2599.0,2806.0,1.0,9.4,1.02,-0.2,0.08,-0.02,o
2551.0,2838.0,3091.0,2978.0,3312.0,3499.0,2677.0,2885.0,1.16,9.45,1.34,-0.08,0.04,-0.06,o
2054.0,2903.0,3159.0,2971.0,3151.0,3575.0,2766.0,2951.0,0.65,9.47,1.27,-0.12,-0.06,0.0,o
1361.0,2926.0,3149.0,2975.0,3136.0,3581.0,2832.0,2934.0,1.08,9.56,1.32,0.0,0.01,0.02,o
1301.0,2941.0,3146.0,2962.0,3145.0,3580.0,2875.0,2947.0,1.21,9.3,1.28,-0.09,-0.06,-0.01,o
1379.0,2830.0,3035.0,2949.0,3152.0,3482.0,2736.0,2865.0,1.23,9.41,1.2,0.05,0.06,-0.05,o
1316.0,2939.0,3148.0,2944.0,3152.0,3583.0,2814.0,2995.0,0.87,9.64,1.41,0.06,0.02,-0.02,o
1316.0,2931.0,3146.0,2958.0,3156.0,3598.0,2819.0,2999.0,0.89,9.64,1.01,-0.02,-0.06,-0.03,o
1618.0,2935.0,3137.0,2970.0,3167.0,3600.0,2795.0,3024.0,0.9,9.36,0.82,-0.16,0.02,-0.04,o
1563.0,2912.0,3126.0,2967.0,3196.0,3570.0,2743.0,3069.0,0.78,9.49,1.45,-0.06,0.05,-0.06,o
1812.0,2821.0,3039.0,2954.0,3203.0,3456.0,2635.0,3014.0,0.82,9.47,1.16,0.01,-0.0,0.02,o
1273.0,2807.0,3019.0,2947.0,3184.0,3463.0,2645.0,3014.0,1.01,9.48,1.14,-0.11,-0.02,0.04,o
1266.0,2854.0,3067.0,2960.0,3186.0,3519.0,2703.0,3056.0,0.78,9.51,1.22,-0.05,-0.03,0.03,o
1267.0,2928.0,3131.0,2959.0,3193.0,3600.0,2775.0,3126.0,0.8,9.61,1.14,-0.1,0.04,-0.02,o
1419.0,2976.0,3113.0,2969.0,3196.0,3643.0,2831.0,3189.0,0.99,9.75,1.24,-0.35,-0.05,0.03,o
1680.0,3019.0,3042.0,2986.0,3195.0,3636.0,2878.0,3264.0,0.86,9.11,1.51,-0.38,-0.18,-0.08,o
1802.0,3024.0,3042.0,2984.0,3190.0,3619.0,2897.0,3315.0,1.17,9.48,2.18,0.03,-0.01,-0.01,o
1951.0,2963.0,2987.0,2992.0,3191.0,3577.0,2859.0,3278.0,0.96,9.44,1.78,-0.06,0.12,0.04,o
2352.0,2948.0,2971.0,2992.0,3191.0,3601.0,2865.0,3273.0,1.22,9.43,1.66,-0.02,-0.13,0.01,o
3091.0,2970.0,2974.0,2994.0,3189.0,3669.0,2929.0,3312.0,1.01,9.31,1.63,-0.09,0.05,-0.01,o
3316.0,2981.0,2998.0,2994.0,3195.0,3700.0,2960.0,3344.0,1.25,9.54,1.53,-0.19,0.02,-0.07,o
3698.0,2944.0,3055.0,2969.0,3188.0,3687.0,3002.0,3409.0,0.85,9.22,1.94,-0.11,-0.05,-0.06,o
4083.0,2627.0,3018.0,2944.0,3177.0,3667.0,3012.0,3457.0,1.06,9.37,2.06,0.11,-0.05,0.01,o
4095.0,2478.0,3003.0,2914.0,3171.0,3583.0,3022.0,3492.0,0.79,9.49,1.59,-0.02,0.1,-0.06,o
4095.0,2448.0,2981.0,2903.0,3166.0,3509.0,2982.0,3426.0,1.03,9.37,1.52,-0.01,-0.04,-0.03,o
4095.0,2478.0,3054.0,2895.0,3174.0,3546.0,2992.0,3451.0,0.62,9.22,1.58,-0.05,0.06,-0.01,o
4095.0,2499.0,3115.0,2905.0,3178.0,3619.0,3024.0,3472.0,1.09,9.45,1.55,-0.05,0.05,-0.0,o
4095.0,2412.0,3047.0,2915.0,3175.0,3555.0,2960.0,3395.0,1.15,9.38,1.83,-0.08,-0.05,-0.03,o
4095.0,2432.0,3087.0,2933.0,3184.0,3577.0,2981.0,3408.0,1.07,9.41,1.82,0.02,0.04,-0.05,o
3058.0,2486.0,3139.0,2942.0,3186.0,3632.0,2992.0,3426.0,0.87,9.39,1.76,0.11,0.0,-0.02,o
1501.0,2615.0,3149.0,2959.0,3186.0,3655.0,2986.0,3407.0,0.86,9.5,1.49,0.1,0.03,0.0,o
1270.0,2690.0,3149.0,2967.0,3193.0,3679.0,2972.0,3393.0,1.07,9.34,1.51,-0.02,-0.02,-0.01,o
1127.0,2763.0,3149.0,2974.0,3184.0,3685.0,2947.0,3369.0,0.97,9.54,1.6,-0.0,0.0,-0.02,o
1130.0,2767.0,3154.0,2975.0,3189.0,3684.0,2941.0,3365.0,1.0,9.41,1.53,-0.06,-0.01,-0.02,o
1130.0,2762.0,3168.0,2977.0,3185.0,3678.0,2935.0,3372.0,1.15,9.48,1.48,0.04,-0.08,-0.0,o
1138.0,2758.0,3162.0,2986.0,3198.0,3680.0,2950.0,3383.0,0.96,9.43,1.47,-0.05,-0.06,-0.01,o
1198.0,2786.0,3165.0,2991.0,3198.0,3699.0,2970.0,3392.0,1.08,9.4,1.59,0.01,-0.03,0.0,o
1227.0,2875.0,3178.0,2994.0,3200.0,3778.0,3025.0,3376.0,0.74,9.41,1.27,-0.13,0.18,0.0,o
1210.0,2913.0,3184.0,2992.0,3201.0,3817.0,3056.0,3381.0,1.05,9.4,1.56,-0.13,0.04,-0.01,o
1216.0,2911.0,3191.0,2992.0,3201.0,3815.0,3045.0,3392.0,1.11,9.33,1.82,-0.0,0.06,-0.03,o
1218.0,2913.0,3184.0,2986.0,3199.0,3818.0,3049.0,3407.0,1.09,9.45,1.54,0.01,0.08,-0.09,o
1191.0,2914.0,3200.0,2965.0,3197.0,3807.0,3087.0,3437.0,0.96,9.56,1.63,-0.0,-0.06,-0.07,o
1085.0,2955.0,3203.0,2949.0,3196.0,3847.0,3185.0,3498.0,0.76,9.21,1.33,-0.02,-0.02,-0.02,o
1104.0,2960.0,3202.0,2901.0,3189.0,3860.0,3218.0,3543.0,0.84,9.42,1.64,0.12,-0.11,0.05,o
1499.0,2967.0,3207.0,2936.0,3216.0,3830.0,3174.0,3563.0,0.69,9.51,1.82,0.16,0.06,-0.01,o
1097.0,2983.0,3218.0,2947.0,3225.0,3770.0,3147.0,3533.0,0.96,9.67,1.54,0.09,0.09,0.02,o
1075.0,2993.0,3216.0,2953.0,3229.0,3776.0,3153.0,3481.0,1.04,9.36,0.72,-0.06,-0.01,-0.04,o
1067.0,2997.0,3214.0,2960.0,3238.0,3770.0,3117.0,3458.0,1.06,9.36,1.37,-0.07,-0.04,-0.01,o
1070.0,2995.0,3203.0,2970.0,3237.0,3751.0,3087.0,3431.0,0.79,9.54,1.38,-0.01,0.15,-0.04,o
1072.0,3005.0,3211.0,2993.0,3245.0,3741.0,3059.0,3408.0,0.85,9.54,1.34,0.01,-0.02,0.02,o
1091.0,3003.0,3213.0,3009.0,3246.0,3745.0,3088.0,3385.0,0.96,9.41,1.17,-0.06,0.08,0.03,o
1104.0,2995.0,3207.0,3029.0,3278.0,3793.0,3130.0,3423.0,1.01,9.37,1.15,-0.08,0.03,-0.0,o
1104.0,2993.0,3200.0,3050.0,3281.0,3823.0,3140.0,3446.0,0.82,9.54,1.37,-0.01,0.05,0.0,o
1116.0,2992.0,3201.0,3056.0,3274.0,3804.0,3117.0,3441.0,1.06,9.39,1.48,-0.07,-0.08,-0.0,o
1113.0,3003.0,3194.0,3062.0,3267.0,3771.0,3055.0,3414.0,1.01,9.49,1.35,0.01,0.07,-0.03,o
1135.0,2998.0,3210.0,3069.0,3259.0,3747.0,3043.0,3406.0,0.64,9.48,1.21,-0.02,-0.01,-0.01,o
1200.0,2983.0,3203.0,3065.0,3263.0,3755.0,3071.0,3408.0,0.95,9.42,1.37,0.07,-0.07,-0.01,o
1505.0,2987.0,3208.0,3056.0,3264.0,3779.0,3109.0,3435.0,1.08,9.68,1.2,-0.03,0.1,0.01,o
1924.0,2987.0,3203.0,3071.0,3246.0,3793.0,3126.0,3442.0,1.06,9.25,1.29,-0.11,-0.15,-0.03,o
2390.0,2987.0,3199.0,3071.0,3275.0,3798.0,3124.0,3440.0,1.06,9.68,1.31,0.05,0.3,-0.07,o
2558.0,2977.0,3184.0,3085.0,3333.0,3797.0,3125.0,3431.0,0.5,9.37,1.12,-0.2,0.16,-0.12,o
2529.0,2965.0,3161.0,3090.0,3344.0,3792.0,3115.0,3422.0,0.86,9.38,1.51,-0.12,-0.09,-0.08,o
2507.0,2978.0,3161.0,3099.0,3356.0,3795.0,3103.0,3423.0,0.68,9.53,1.48,-0.02,0.15,-0.04,o
2342.0,2970.0,3172.0,3093.0,3333.0,3774.0,3082.0,3435.0,0.7,9.46,1.41,-0.05,-0.22,0.01,o
2157.0,2971.0,3182.0,3085.0,3317.0,3766.0,3071.0,3447.0,0.87,9.46,1.22,-0.11,-0.0,-0.03,o
1648.0,2966.0,3174.0,3088.0,3263.0,3754.0,3040.0,3445.0,0.91,9.43,1.56,0.01,-0.15,-0.0,o
2184.0,2962.0,3184.0,3103.0,3291.0,3746.0,3028.0,3453.0,0.63,9.5,1.23,-0.08,0.14,-0.04,o
2385.0,2962.0,3183.0,3120.0,3313.0,3706.0,2980.0,3449.0,0.68,9.39,1.66,-0.04,-0.01,-0.0,o
2185.0,2961.0,3184.0,3119.0,3286.0,3685.0,2951.0,3440.0,0.79,9.49,1.47,-0.04,0.08,-0.02,o
1635.0,2969.0,3188.0,3099.0,3245.0,3687.0,2957.0,3440.0,0.95,9.41,1.5,-0.04,-0.1,-0.05,o
1142.0,2975.0,3195.0,3091.0,3238.0,3679.0,2971.0,3436.0,1.07,9.48,1.36,-0.09,0.04,-0.09,o
1098.0,2978.0,3193.0,3088.0,3244.0,3681.0,2997.0,3440.0,0.7,9.41,1.41,-0.03,-0.12,-0.07,o
1088.0,2979.0,3193.0,3056.0,3242.0,3686.0,3007.0,3443.0,0.43,9.46,1.36,-0.05,0.08,-0.04,o
1082.0,2982.0,3186.0,3066.0,3227.0,3674.0,3009.0,3454.0,0.56,9.45,1.59,0.03,0.04,0.02,o
1111.0,2987.0,3187.0,3089.0,3200.0,3668.0,3002.0,3452.0,0.66,9.58,1.46,-0.06,0.01,0.0,o
1070.0,2983.0,3178.0,3114.0,3215.0,3677.0,3004.0,3458.0,0.99,9.32,1.21,-0.15,-0.05,-0.08,o
1053.0,2985.0,3187.0,3126.0,3194.0,3686.0,3015.0,3460.0,0.61,9.37,1.59,-0.17,0.1,-0.1,o
1065.0,2982.0,3183.0,3137.0,3220.0,3723.0,3040.0,3463.0,0.56,9.48,1.71,-0.12,0.03,0.02,o
1073.0,2977.0,3183.0,3152.0,3243.0,3737.0,3051.0,3463.0,0.42,9.5,1.27,-0.18,0.07,-0.03,o
1200.0,2964.0,3179.0,3162.0,3245.0,3755.0,3050.0,3472.0,0.57,9.41,1.46,-0.3,-0.03,-0.04,o
2128.0,2960.0,3174.0,3166.0,3233.0,3763.0,3051.0,3474.0,0.4,9.38,1.98,-0.21,0.04,0.06,o
2552.0,2960.0,3175.0,3165.0,3280.0,3767.0,3024.0,3468.0,0.81,9.42,2.75,-0.13,0.03,0.13,o
2609.0,2961.0,3165.0,3173.0,3310.0,3758.0,3017.0,3459.0,1.03,9.15,2.23,0.02,-0.12,0.02,o
2687.0,2950.0,3165.0,3177.0,3327.0,3761.0,3011.0,3459.0,1.05,9.4,1.73,0.0,0.1,-0.05,o
2692.0,2939.0,3165.0,3184.0,3343.0,3730.0,2959.0,3357.0,0.65,9.28,1.92,-0.03,-0.03,-0.05,o
2672.0,2969.0,3219.0,3190.0,3345.0,3728.0,2950.0,3297.0,0.72,9.43,2.03,-0.04,0.09,-0.05,o
2666.0,2960.0,3217.0,3184.0,3350.0,3725.0,2943.0,3274.0,0.76,9.36,2.13,-0.04,-0.09,-0.02,o
2621.0,2959.0,3219.0,3184.0,3333.0,3733.0,2956.0,3294.0,0.78,9.36,1.98,-0.02,-0.01,-0.02,o
2414.0,2955.0,3216.0,3184.0,3343.0,3713.0,2943.0,3287.0,0.68,9.4,1.92,-0.1,0.12,-0.02,o
2229.0,2951.0,3204.0,3182.0,3302.0,3725.0,2938.0,3282.0,0.77,9.31,1.79,-0.2,-0.01,-0.09,o
2179.0,2950.0,3204.0,3178.0,3269.0,3725.0,2931.0,3302.0,0.45,9.22,2.23,-0.07,0.01,-0.04,o
2288.0,2949.0,3214.0,3183.0,3312.0,3718.0,2911.0,3309.0,0.69,9.42,2.08,-0.1,0.1,0.0,o
2386.0,2960.0,3205.0,3183.0,3331.0,3728.0,2900.0,3323.0,0.88,9.25,2.45,0.03,-0.1,0.03,o
2391.0,2951.0,3203.0,3171.0,3343.0,3724.0,2901.0,3325.0,0.61,9.21,2.19,-0.0,0.14,-0.02,o
2314.0,2953.0,3215.0,3169.0,3344.0,3733.0,2906.0,3332.0,0.8,9.36,2.4,0.22,-0.19,0.03,o
2298.0,2952.0,3213.0,3169.0,3344.0,3734.0,2908.0,3334.0,0.51,9.39,1.79,0.21,0.09,0.04,o
2301.0,2951.0,3203.0,3219.0,3344.0,3759.0,2928.0,3336.0,0.81,9.36,1.72,0.15,-0.07,0.04,o
2369.0,2962.0,3201.0,3257.0,3357.0,3805.0,2990.0,3367.0,1.01,9.62,1.69,0.02,-0.02,-0.04,o
2449.0,2967.0,3194.0,3307.0,3366.0,3856.0,3046.0,3385.0,0.75,9.25,1.62,-0.06,-0.05,-0.06,o
2454.0,2953.0,3186.0,3361.0,3375.0,3875.0,3063.0,3405.0,0.63,9.33,1.57,-0.01,-0.05,-0.05,o
2466.0,2833.0,3125.0,3383.0,3376.0,3898.0,3049.0,3520.0,0.69,9.52,2.07,0.12,-0.1,-0.07,o
2459.0,2896.0,3165.0,3382.0,3385.0,4051.0,3166.0,3745.0,0.77,9.53,1.68,-0.02,0.12,-0.02,o
2452.0,2847.0,3086.0,3376.0,3380.0,3985.0,3121.0,3712.0,0.83,9.27,1.51,-0.05,-0.01,-0.01,o
2445.0,2786.0,3031.0,3351.0,3387.0,3927.0,3071.0,3663.0,0.72,9.47,1.6,0.02,0.06,-0.03,o
2446.0,2771.0,3051.0,3356.0,3399.0,3931.0,3071.0,3669.0,0.65,9.36,1.69,-0.13,0.05,-0.02,o
2493.0,2731.0,3069.0,3347.0,3398.0,3888.0,3033.0,3568.0,0.6,9.47,1.86,0.1,-0.01,0.0,o
2674.0,2711.0,3115.0,3334.0,3398.0,3805.0,2929.0,3410.0,0.7,9.5,1.6,-0.01,0.13,-0.0,o
2736.0,2705.0,3135.0,3325.0,3387.0,3765.0,2894.0,3362.0,0.88,9.29,1.61,0.01,-0.12,0.0,o
2807.0,2705.0,3146.0,3282.0,3374.0,3741.0,2863.0,3345.0,0.7,9.41,1.5,0.03,0.1,-0.06,o
2864.0,2717.0,3155.0,3212.0,3326.0,3715.0,2833.0,3339.0,0.49,9.47,1.39,-0.04,-0.0,-0.06,o
2885.0,2720.0,3177.0,3136.0,3264.0,3684.0,2802.0,3344.0,0.98,9.44,1.7,0.09,-0.06,-0.09,o
2930.0,2719.0,3179.0,3051.0,3227.0,3647.0,2759.0,3338.0,0.47,9.47,1.44,-0.0,0.15,-0.11,o
2992.0,2720.0,3190.0,3051.0,3191.0,3629.0,2754.0,3313.0,0.67,9.55,1.64,-0.04,-0.05,-0.03,o
3031.0,2720.0,3197.0,3036.0,3191.0,3619.0,2741.0,3291.0,0.51,9.39,1.46,-0.06,-0.01,-0.01,o
3067.0,2714.0,3187.0,3031.0,3189.0,3611.0,2732.0,3282.0,0.62,9.48,1.56,-0.02,0.02,-0.0,o
3081.0,2711.0,3184.0,3027.0,3185.0,3606.0,2732.0,3287.0,0.43,9.45,1.56,-0.02,-0.03,-0.03,o
3141.0,2717.0,3035.0,3020.0,3185.0,3611.0,2736.0,3344.0,0.66,9.5,1.58,-0.13,-0.08,0.01,o
3326.0,2724.0,2885.0,3033.0,3193.0,3635.0,2763.0,3409.0,0.58,9.36,1.61,0.01,-0.11,0.03,o
3340.0,2737.0,2905.0,3057.0,3205.0,3666.0,2796.0,3443.0,0.56,9.6,1.4,-0.02,0.04,0.02,o
3280.0,2727.0,2933.0,3081.0,3215.0,3686.0,2801.0,3456.0,0.55,9.49,1.43,-0.14,0.01,0.02,o
3233.0,2725.0,2959.0,3120.0,3229.0,3698.0,2832.0,3463.0,0.63,9.38,1.63,-0.12,-0.06,0.03,o
2944.0,2713.0,2993.0,3158.0,3248.0,3714.0,2842.0,3466.0,0.75,9.71,1.81,-0.18,0.1,0.04,o
2694.0,2692.0,2967.0,3247.0,3312.0,3715.0,2838.0,3461.0,0.62,9.4,1.86,-0.37,0.09,0.01,o
2716.0,2693.0,2914.0,3331.0,3357.0,3727.0,2845.0,3483.0,0.86,9.19,1.79,-0.42,-0.29,-0.0,o
2930.0,2688.0,2914.0,3347.0,3367.0,3760.0,2869.0,3571.0,0.76,9.37,2.33,-0.09,-0.13,-0.05,o
2972.0,2697.0,2888.0,3318.0,3375.0,3776.0,2905.0,3629.0,0.6,9.26,2.1,-0.12,0.21,-0.01,o
2951.0,2714.0,2910.0,3265.0,3376.0,3795.0,2930.0,3629.0,0.75,9.21,2.58,-0.03,-0.06,-0.01,o
2905.0,2735.0,2925.0,3237.0,3363.0,3840.0,2979.0,3614.0,0.69,9.39,2.2,-0.01,0.12,-0.01,o
2886.0,2725.0,2935.0,3197.0,3337.0,3846.0,2998.0,3597.0,0.68,9.19,2.02,-0.05,-0.1,-0.03,o
2915.0,2722.0,2935.0,3200.0,3303.0,3850.0,2992.0,3575.0,0.68,9.27,2.14,0.0,0.05,-0.01,o
2975.0,2714.0,2943.0,3202.0,3327.0,3842.0,2982.0,3583.0,0.59,9.25,2.26,0.05,-0.0,0.0,o
2981.0,2701.0,2947.0,3201.0,3323.0,3839.0,2983.0,3605.0,0.77,9.28,2.14,0.03,-0.02,-0.02,o
2947.0,2705.0,2933.0,3193.0,3312.0,3840.0,2992.0,3619.0,0.43,9.3,1.99,0.01,0.08,-0.05,o
2929.0,2695.0,2933.0,3207.0,3313.0,3839.0,2999.0,3615.0,0.73,9.39,2.11,-0.06,0.05,-0.03,o
2929.0,2694.0,2935.0,3207.0,3265.0,3829.0,2991.0,3583.0,0.59,9.27,2.1,-0.02,-0.03,-0.03,o
2875.0,2691.0,2941.0,3207.0,3230.0,3811.0,2978.0,3569.0,0.51,9.37,2.03,0.01,0.02,-0.03,o
2688.0,2693.0,2939.0,3066.0,3233.0,3796.0,2979.0,3567.0,0.68,9.32,1.94,-0.0,-0.06,-0.04,o
2579.0,2688.0,2938.0,2967.0,3239.0,3781.0,2973.0,3568.0,0.62,9.39,1.99,-0.06,-0.03,-0.01,o
2550.0,2689.0,2942.0,2907.0,3248.0,3775.0,2977.0,3568.0,0.37,9.28,2.1,-0.13,0.03,0.02,o
2546.0,2691.0,2956.0,2831.0,3251.0,3774.0,2979.0,3550.0,0.81,9.37,2.36,-0.01,-0.02,-0.0,o
2529.0,2701.0,3007.0,2843.0,3250.0,3743.0,2942.0,3409.0,0.71,9.3,2.07,-0.07,0.1,-0.01,o
2517.0,2694.0,3082.0,2790.0,3237.0,3701.0,2893.0,3334.0,0.67,9.27,2.09,-0.09,-0.03,-0.01,o
2438.0,2702.0,3099.0,2676.0,3211.0,3661.0,2857.0,3331.0,0.63,9.49,2.15,0.01,0.06,-0.03,o
2419.0,2719.0,3120.0,2657.0,3205.0,3642.0,2846.0,3346.0,0.52,9.36,2.02,-0.24,0.03,0.0,o
2384.0,2741.0,3143.0,2705.0,3170.0,3611.0,2816.0,3295.0,0.68,9.16,2.37,-0.01,-0.08,0.02,o
1708.0,2758.0,3152.0,2736.0,3123.0,3559.0,2773.0,3264.0,0.69,9.5,2.45,0.11,0.16,0.01,o
1535.0,2747.0,3146.0,2713.0,3132.0,3554.0,2777.0,3274.0,0.51,9.05,2.01,-0.11,-0.06,-0.07,o
1296.0,2751.0,3154.0,2631.0,3143.0,3554.0,2782.0,3303.0,0.74,9.38,2.1,0.0,0.08,-0.06,o
1286.0,2747.0,3142.0,2544.0,3131.0,3536.0,2767.0,3312.0,0.36,9.23,2.07,-0.12,0.03,-0.02,o
1273.0,2750.0,3151.0,2484.0,3141.0,3543.0,2778.0,3322.0,0.75,9.29,2.26,-0.04,-0.09,-0.02,o
1392.0,2751.0,3143.0,2469.0,3153.0,3547.0,2780.0,3330.0,0.44,9.14,2.26,-0.11,0.03,0.03,o
1667.0,2750.0,3141.0,2543.0,3171.0,3583.0,2814.0,3347.0,0.57,9.26,2.36,-0.01,-0.05,0.01,o
3088.0,3055.0,3113.0,4095.0,4095.0,4083.0,3101.0,3024.0,-1.23,4.95,7.7,-0.22,-0.15,0.01,p
3089.0,3059.0,3108.0,4095.0,4095.0,4095.0,3109.0,3023.0,-0.17,5.07,7.83,-0.18,0.2,-0.1,p
3088.0,3056.0,3107.0,4095.0,4095.0,4095.0,3120.0,3037.0,-0.4,5.19,8.14,-0.12,0.02,-0.06,p
3099.0,3088.0,3137.0,4095.0,4095.0,4095.0,3150.0,3058.0,-0.79,4.9,7.78,-0.22,-0.05,-0.11,p
3087.0,3065.0,3125.0,4095.0,4095.0,4095.0,3135.0,3055.0,-0.96,4.6,8.48,-0.15,-0.01,-0.07,p
3089.0,3055.0,3119.0,4095.0,4080.0,4095.0,3129.0,3046.0,-1.21,4.95,7.56,-0.1,0.19,-0.05,p
3090.0,3056.0,3106.0,4095.0,4095.0,4095.0,3124.0,3035.0,-0.23,4.78,8.19,0.02,-0.31,0.07,p
3090.0,3061.0,3107.0,4095.0,4095.0,4095.0,3127.0,3041.0,-0.76,4.63,8.02,-0.06,0.07,-0.06,p
3081.0,3040.0,3089.0,4095.0,4095.0,4095.0,3119.0,3029.0,-0.5,4.58,8.3,-0.02,-0.16,-0.02,p
3086.0,3041.0,3088.0,4095.0,4095.0,4095.0,3105.0,3022.0,-0.79,5.04,7.87,0.07,-0.11,-0.04,p
3070.0,3040.0,3086.0,4095.0,4095.0,4095.0,3098.0,3010.0,-1.0,5.02,7.7,-0.17,-0.1,-0.04,p
3071.0,3026.0,3088.0,4095.0,4095.0,4095.0,3106.0,3006.0,-0.27,5.0,7.93,0.0,0.04,0.06,p
3071.0,3035.0,3088.0,4095.0,4095.0,4095.0,3109.0,3006.0,-0.71,4.72,8.1,0.0,-0.04,0.08,p
3088.0,3031.0,3088.0,4095.0,4095.0,4095.0,3114.0,3008.0,-0.39,4.64,7.81,-0.16,0.07,-0.04,p
3062.0,3030.0,3070.0,4095.0,4095.0,4095.0,3118.0,3009.0,-0.28,4.91,8.32,-0.02,-0.03,0.05,p
3066.0,3024.0,3071.0,4095.0,4095.0,4095.0,3109.0,3005.0,-0.93,4.6,7.92,-0.16,0.01,-0.02,p
3070.0,3023.0,3071.0,4095.0,4095.0,4095.0,3111.0,3003.0,-0.38,4.83,8.15,-0.09,0.11,0.04,p
3056.0,3019.0,3059.0,4095.0,4095.0,4095.0,3098.0,2987.0,-0.54,4.42,8.37,-0.04,-0.13,0.05,p
3056.0,3006.0,3061.0,4095.0,4095.0,4095.0,3095.0,2987.0,-0.23,4.6,8.33,-0.06,0.05,-0.05,p
3056.0,3012.0,3058.0,4095.0,4095.0,4095.0,3098.0,2990.0,-0.37,4.66,8.49,0.09,-0.1,0.0,p
3066.0,3013.0,3066.0,4095.0,4095.0,4095.0,3109.0,2993.0,-1.02,4.36,8.17,0.01,0.02,-0.07,p
3087.0,3025.0,3071.0,4095.0,4095.0,4095.0,3120.0,2999.0,-0.22,4.98,7.7,0.04,0.03,-0.02,p
3102.0,3045.0,3106.0,4095.0,4095.0,4095.0,3143.0,3024.0,-0.81,4.71,7.41,-0.14,-0.03,0.01,p
3109.0,3046.0,3107.0,4095.0,4095.0,4095.0,3149.0,3025.0,-0.78,4.8,8.02,-0.18,0.16,0.02,p
3097.0,3050.0,3108.0,4095.0,4095.0,4095.0,3142.0,3024.0,-0.5,4.34,8.51,-0.15,-0.01,0.02,p
3098.0,3054.0,3095.0,4095.0,4095.0,4095.0,3143.0,3024.0,-0.34,4.73,8.12,-0.15,0.11,-0.04,p
3067.0,3025.0,3066.0,4095.0,4095.0,4095.0,3114.0,2993.0,-0.56,4.44,8.31,-0.08,-0.03,0.03,p
3082.0,3023.0,3070.0,4095.0,4095.0,4095.0,3115.0,2996.0,-0.63,4.38,8.42,-0.05,0.03,0.02,p
3071.0,3021.0,3069.0,4095.0,4095.0,4095.0,3119.0,2995.0,-0.42,4.48,8.5,-0.05,-0.06,0.0,p
3069.0,3009.0,3070.0,4095.0,4095.0,4095.0,3114.0,2993.0,-0.36,4.3,8.14,0.0,-0.04,-0.04,p
3051.0,2992.0,3055.0,4095.0,4095.0,4095.0,3093.0,2977.0,-1.02,4.61,7.58,-0.15,0.09,-0.05,p
3053.0,2999.0,3054.0,4095.0,4095.0,4095.0,3101.0,2979.0,-0.24,4.36,8.43,-0.09,-0.04,-0.01,p
3042.0,2994.0,3043.0,4095.0,4095.0,4095.0,3089.0,2973.0,-0.83,4.61,8.01,-0.11,0.18,-0.06,p
3055.0,3001.0,3051.0,4095.0,4095.0,4095.0,3099.0,2978.0,-0.62,4.14,8.64,-0.14,-0.19,0.02,p
3056.0,3003.0,3056.0,4095.0,4095.0,4095.0,3102.0,2982.0,-0.4,4.57,8.0,-0.09,0.34,-0.07,p
3046.0,2999.0,3044.0,4095.0,4087.0,4095.0,3088.0,2967.0,-1.15,4.03,7.81,-0.3,-0.06,-0.04,p
3033.0,2981.0,3027.0,4095.0,4048.0,4095.0,3069.0,2955.0,-0.33,4.42,8.02,-0.43,0.41,-0.07,p
3061.0,3024.0,3058.0,4095.0,4095.0,4095.0,3115.0,2992.0,-0.72,4.05,8.68,-0.57,0.16,-0.13,p
3090.0,3082.0,3126.0,4095.0,4095.0,4095.0,3167.0,3051.0,-1.41,2.96,8.4,-0.92,0.05,-0.23,p
3066.0,3081.0,3138.0,4095.0,4095.0,4095.0,3174.0,3058.0,-0.86,3.12,9.27,-0.29,-0.03,0.09,p
3071.0,2992.0,3041.0,4095.0,4095.0,4095.0,3087.0,2965.0,-0.9,3.29,9.17,-0.24,0.15,0.02,p
3084.0,3039.0,3090.0,4095.0,4095.0,4095.0,3135.0,3019.0,-1.44,3.67,9.24,-0.42,0.3,0.04,p
3121.0,3056.0,3110.0,4095.0,4095.0,4095.0,3154.0,3035.0,-1.15,2.87,9.32,-0.86,-0.48,0.26,p
3090.0,3015.0,3071.0,4095.0,4095.0,4095.0,3120.0,3008.0,0.87,0.9,11.35,-0.39,-0.56,-0.11,p
3109.0,2959.0,3008.0,4095.0,4095.0,4095.0,3050.0,2946.0,-1.23,2.1,7.05,0.81,0.53,-0.13,p
3099.0,3058.0,3120.0,4095.0,4095.0,4095.0,3140.0,3042.0,-1.71,3.08,6.38,0.32,0.25,0.04,p
3102.0,3021.0,3071.0,4095.0,4095.0,4095.0,3099.0,3003.0,0.91,3.82,8.53,0.13,0.08,0.02,p
3136.0,2994.0,3050.0,4095.0,4095.0,4095.0,3083.0,2979.0,-1.47,1.15,10.72,-0.75,-0.18,-0.0,p
3280.0,2984.0,3037.0,4095.0,4095.0,4095.0,3081.0,2978.0,-1.94,2.8,9.28,0.01,0.52,0.05,p
3097.0,2982.0,3020.0,4095.0,4095.0,4095.0,3057.0,2960.0,-1.62,2.37,8.62,-0.13,0.32,0.06,p
3098.0,2960.0,3007.0,4095.0,4095.0,4095.0,3043.0,2945.0,-0.16,3.06,8.86,-0.48,0.04,-0.27,p
3095.0,2955.0,2999.0,4095.0,4095.0,4095.0,3037.0,2938.0,-0.03,2.73,9.52,0.07,-0.11,-0.16,p
3119.0,2941.0,2995.0,4095.0,4095.0,4095.0,3028.0,2928.0,-3.11,2.04,8.77,-0.02,0.32,-0.15,p
3126.0,2957.0,3012.0,4095.0,4095.0,4095.0,3051.0,2944.0,-2.22,2.79,8.24,-0.19,-0.17,-0.08,p
3213.0,2959.0,3011.0,4095.0,4095.0,4095.0,3054.0,2951.0,-1.07,2.35,9.1,-0.23,0.11,0.02,p
3125.0,2959.0,3008.0,4095.0,4095.0,4095.0,3055.0,2950.0,-1.35,2.22,8.78,-0.27,0.21,0.01,p
3106.0,2959.0,3005.0,4095.0,4095.0,4095.0,3047.0,2950.0,-0.85,2.0,9.0,-0.22,0.08,-0.05,p
3107.0,2951.0,3001.0,4095.0,4095.0,4095.0,3043.0,2943.0,-1.79,1.93,8.99,-0.22,0.19,-0.05,p
3105.0,2967.0,3020.0,4095.0,4095.0,4095.0,3063.0,2957.0,-1.53,1.71,9.66,-0.02,-0.11,0.02,p
3142.0,2967.0,3014.0,4095.0,4095.0,4095.0,3071.0,2960.0,-1.71,1.69,9.11,-0.19,0.17,-0.09,p
3106.0,2969.0,3015.0,4095.0,4095.0,4095.0,3070.0,2958.0,-1.42,1.94,9.41,0.18,-0.24,0.01,p
3168.0,2964.0,3019.0,4095.0,4095.0,4095.0,3071.0,2960.0,-1.63,1.99,8.47,0.03,0.12,-0.06,p
3111.0,2969.0,3024.0,4095.0,4095.0,4095.0,3070.0,2959.0,-0.95,2.55,8.25,0.03,0.03,0.01,p
3099.0,2974.0,3015.0,4095.0,4095.0,4095.0,3067.0,2957.0,-1.83,1.91,9.06,-0.15,-0.01,-0.05,p
3153.0,2965.0,3015.0,4095.0,4095.0,4095.0,3063.0,2957.0,-1.31,2.01,9.34,-0.06,0.15,0.02,p
3094.0,2962.0,3013.0,4095.0,4095.0,4095.0,3063.0,2951.0,-1.95,1.53,9.41,-0.1,-0.02,-0.12,p
3091.0,2955.0,3002.0,4095.0,4095.0,4095.0,3041.0,2940.0,-1.66,1.53,9.38,-0.02,-0.08,-0.06,p
3118.0,2959.0,3007.0,4095.0,4048.0,4095.0,2979.0,2935.0,-1.87,2.01,8.95,-0.23,0.3,-0.16,p
3141.0,2975.0,3021.0,4095.0,4095.0,4095.0,2994.0,2949.0,-1.34,2.08,8.6,0.03,-0.06,-0.13,p
3170.0,2960.0,2999.0,4095.0,4048.0,4095.0,3006.0,2953.0,-2.32,1.8,8.35,-0.06,-0.15,-0.04,p
3184.0,2957.0,3013.0,4095.0,4071.0,4095.0,3035.0,2955.0,-1.48,2.08,8.85,-0.16,0.03,-0.04,p
3173.0,2970.0,3011.0,4095.0,4095.0,4095.0,3055.0,2967.0,-2.42,0.99,10.02,-0.04,-0.1,0.02,p
3190.0,2996.0,3043.0,4095.0,4095.0,4095.0,3083.0,3007.0,-1.18,2.2,9.55,0.55,0.01,0.22,p
3136.0,2975.0,3015.0,4095.0,4095.0,4095.0,3054.0,2992.0,-1.78,2.24,8.12,0.12,-0.01,-0.11,p
3146.0,2958.0,2999.0,4095.0,4095.0,4095.0,3031.0,2982.0,-0.65,2.79,8.18,-0.27,-0.12,-0.18,p
3089.0,2918.0,2965.0,4095.0,4029.0,4075.0,3009.0,2959.0,-1.79,1.4,9.7,-0.14,0.22,-0.03,p
3098.0,2938.0,2976.0,4095.0,4058.0,4013.0,3011.0,2945.0,-1.87,1.75,9.49,0.28,0.08,-0.0,p
3042.0,2885.0,2930.0,4095.0,3894.0,3856.0,3027.0,2890.0,-1.85,2.53,8.5,0.6,-0.55,0.05,p
3205.0,2942.0,2982.0,4095.0,3952.0,3907.0,3178.0,2981.0,-1.34,2.85,8.7,0.05,0.09,0.07,p
3143.0,2907.0,2944.0,4095.0,3789.0,3970.0,3194.0,2960.0,-1.3,2.31,8.6,0.19,-0.02,0.04,p
3339.0,2853.0,2905.0,4095.0,3678.0,3957.0,3091.0,2923.0,-1.34,2.68,8.35,-0.17,0.12,-0.06,p
3532.0,2927.0,2971.0,4095.0,3817.0,4095.0,3091.0,2991.0,-1.14,2.39,9.12,-0.21,-0.03,-0.03,p
3494.0,2937.0,2981.0,4095.0,3888.0,4095.0,3107.0,3039.0,-1.9,2.18,9.32,0.01,0.13,-0.01,p
3738.0,3021.0,3061.0,4095.0,4019.0,4095.0,3215.0,3158.0,-1.9,2.42,9.17,-0.01,-0.04,0.03,p
3621.0,3008.0,3054.0,4095.0,4016.0,3951.0,3232.0,3140.0,-1.25,2.65,8.54,-0.14,0.07,-0.03,p
3286.0,2987.0,3030.0,4095.0,3990.0,3920.0,3231.0,3089.0,-1.84,2.05,9.04,-0.29,0.12,-0.05,p
3189.0,2961.0,3011.0,4095.0,3920.0,3856.0,3216.0,3027.0,-1.3,2.26,8.9,-0.16,0.03,-0.05,p
3143.0,2958.0,3006.0,4095.0,3913.0,3801.0,3165.0,2986.0,-1.81,1.74,9.05,-0.05,0.05,0.02,p
3150.0,2949.0,2998.0,4095.0,3904.0,3745.0,2999.0,2928.0,-1.45,2.41,8.57,-0.14,0.13,0.0,p
3179.0,2995.0,3046.0,4095.0,3987.0,3739.0,2927.0,2926.0,-1.5,2.04,8.96,-0.23,0.3,-0.0,p
3090.0,2930.0,2982.0,4095.0,3839.0,3653.0,2826.0,2866.0,-2.01,1.45,9.24,-0.08,0.09,-0.08,p
3139.0,2950.0,3001.0,4095.0,3906.0,3856.0,2853.0,2923.0,-1.77,2.01,9.0,0.0,0.07,0.03,p
3167.0,2960.0,3004.0,4095.0,3922.0,3974.0,2879.0,2948.0,-2.0,1.93,9.0,-0.06,-0.06,-0.06,p
3184.0,2875.0,2933.0,4095.0,3808.0,3987.0,2843.0,2914.0,-2.12,1.85,8.82,-0.17,0.11,-0.08,p
3376.0,2949.0,2999.0,4095.0,3921.0,4095.0,2874.0,2959.0,-1.88,2.36,8.46,-0.07,0.24,0.03,p
3467.0,3001.0,3055.0,4095.0,4045.0,4095.0,2902.0,3007.0,-1.83,1.64,9.17,-0.15,-0.05,-0.05,p
3475.0,3004.0,3062.0,4095.0,4033.0,4095.0,2891.0,3009.0,-2.1,1.89,8.55,-0.17,0.2,-0.02,p
3438.0,3031.0,3067.0,4095.0,4078.0,4095.0,2899.0,3024.0,-2.15,1.6,9.12,-0.16,-0.36,-0.07,p
3216.0,2890.0,2943.0,4095.0,3821.0,4095.0,2773.0,2875.0,-1.82,1.28,9.33,-0.1,0.24,0.06,p
3216.0,2923.0,2969.0,4095.0,3881.0,4095.0,2813.0,2912.0,-2.25,1.82,9.03,0.27,0.02,0.11,p
3261.0,2926.0,2985.0,4095.0,3890.0,4095.0,2827.0,2928.0,-1.92,1.76,8.6,0.05,-0.05,-0.04,p
3274.0,2927.0,2978.0,4095.0,3908.0,4095.0,2839.0,2943.0,-2.05,1.85,8.81,-0.02,0.2,-0.0,p
3290.0,2944.0,2998.0,4095.0,3934.0,4095.0,2855.0,2951.0,-2.37,2.03,8.9,0.05,-0.05,-0.01,p
3282.0,2929.0,2980.0,4095.0,3887.0,4095.0,2825.0,2927.0,-2.33,1.6,9.01,-0.06,0.04,-0.02,p
3271.0,2919.0,2965.0,4095.0,3856.0,4095.0,2798.0,2906.0,-1.96,2.02,8.57,-0.18,0.17,-0.03,p
3459.0,3087.0,3136.0,4095.0,4095.0,4095.0,2946.0,3062.0,-1.83,1.8,9.17,0.08,-0.22,0.03,p
3443.0,3067.0,3125.0,4095.0,4095.0,4095.0,2945.0,3061.0,-2.3,1.65,8.74,-0.01,0.22,0.02,p
3605.0,3071.0,3136.0,4095.0,4095.0,4095.0,2946.0,3023.0,-1.0,2.24,9.02,0.38,-0.69,0.0,p
3639.0,3090.0,3145.0,4095.0,4095.0,4095.0,2960.0,3030.0,-1.99,1.73,9.11,-0.07,0.02,-0.2,p
3568.0,3092.0,3136.0,4095.0,4095.0,4095.0,2971.0,3028.0,-2.31,1.98,8.86,0.11,-0.09,-0.03,p
3643.0,3103.0,3152.0,4095.0,4095.0,4095.0,3117.0,3069.0,-1.22,2.75,8.35,0.07,-0.02,-0.0,p
3520.0,3088.0,3139.0,4095.0,4095.0,4095.0,3115.0,3068.0,-2.43,1.95,9.15,-0.15,-0.08,-0.08,p
3581.0,3086.0,3135.0,4095.0,4095.0,4095.0,3149.0,3057.0,-1.5,2.13,8.92,0.13,0.03,0.07,p
3439.0,3137.0,3184.0,4095.0,4095.0,4095.0,3471.0,3165.0,-1.71,2.3,8.7,-0.14,-0.09,-0.07,p
3323.0,3127.0,3170.0,4095.0,4095.0,4095.0,3522.0,3194.0,-1.4,1.88,8.99,-0.24,0.09,-0.13,p
3315.0,3111.0,3149.0,4095.0,4095.0,4095.0,3562.0,3191.0,-1.96,2.19,8.92,0.03,0.0,0.01,p
3319.0,3107.0,3155.0,4095.0,4095.0,4095.0,3659.0,3265.0,-1.77,1.53,9.2,0.08,-0.18,-0.01,p
3358.0,3127.0,3165.0,4095.0,4095.0,4095.0,3707.0,3344.0,-1.68,2.13,9.18,-0.02,0.07,0.04,p
3381.0,3125.0,3163.0,4095.0,4080.0,4095.0,3714.0,3328.0,-1.75,2.28,8.49,0.04,-0.16,-0.04,p
3412.0,3113.0,3157.0,4095.0,4035.0,4095.0,3658.0,3267.0,-1.29,2.23,8.92,-0.19,0.16,-0.06,p
3405.0,3099.0,3150.0,4095.0,3936.0,4095.0,3516.0,3230.0,-2.36,1.76,9.12,0.02,-0.25,-0.05,p
3558.0,3088.0,3143.0,4095.0,3898.0,4095.0,3485.0,3248.0,-1.86,1.94,8.98,-0.02,0.13,0.06,p
3546.0,3098.0,3150.0,4095.0,3984.0,4095.0,3532.0,3266.0,-1.5,1.81,9.01,-0.15,-0.14,-0.04,p
3463.0,3089.0,3138.0,4095.0,4048.0,4095.0,3518.0,3254.0,-1.73,1.94,9.02,0.01,0.14,0.09,p
3411.0,3081.0,3126.0,4095.0,4023.0,4095.0,3504.0,3247.0,-1.47,1.8,8.92,-0.13,-0.04,-0.08,p
3421.0,3071.0,3140.0,4095.0,4041.0,4095.0,3505.0,3248.0,-1.52,1.78,9.24,0.0,-0.01,-0.06,p
3451.0,3099.0,3152.0,4095.0,4080.0,4095.0,3522.0,3280.0,-2.21,1.77,9.08,0.12,-0.04,-0.04,p
3374.0,3107.0,3159.0,4095.0,4095.0,4095.0,3511.0,3284.0,-1.66,1.79,9.21,-0.06,-0.08,-0.06,p
3478.0,3094.0,3138.0,4095.0,4095.0,4095.0,3407.0,3277.0,-1.91,2.18,8.83,0.21,0.24,0.06,p
3777.0,3062.0,3116.0,4095.0,3949.0,4095.0,3295.0,3230.0,-1.72,1.81,8.92,-0.2,-0.07,-0.08,p
3821.0,3059.0,3116.0,4095.0,3973.0,4095.0,3250.0,3215.0,-1.69,2.01,9.05,0.05,0.1,0.06,p
3761.0,3094.0,3147.0,4095.0,3943.0,4095.0,3302.0,3267.0,-1.84,2.16,8.8,0.0,-0.11,0.01,p
3279.0,3088.0,3139.0,4095.0,3893.0,4095.0,3306.0,3261.0,-1.51,1.71,9.07,-0.28,0.05,-0.11,p
3054.0,3071.0,3121.0,4095.0,3984.0,4095.0,3309.0,3274.0,-1.43,2.21,8.78,0.03,-0.01,-0.04,p
2966.0,3034.0,3071.0,4095.0,4015.0,4095.0,3255.0,3217.0,-1.92,1.97,9.11,0.02,-0.1,-0.01,p
2640.0,3047.0,3088.0,4095.0,4010.0,4095.0,3266.0,3236.0,-1.66,1.73,9.26,-0.06,-0.04,-0.11,p
2478.0,3083.0,3134.0,4095.0,4015.0,4095.0,3303.0,3274.0,-1.87,1.87,8.8,-0.11,0.08,-0.08,p
2468.0,3071.0,3126.0,4095.0,4023.0,4095.0,3280.0,3263.0,-1.27,2.05,8.98,0.02,-0.08,-0.02,p
2492.0,3087.0,3132.0,4095.0,4046.0,4095.0,3281.0,3269.0,-1.31,1.85,9.3,-0.01,-0.09,-0.08,p
2719.0,3105.0,3150.0,4095.0,4059.0,4095.0,3298.0,3279.0,-1.64,2.04,9.18,0.0,0.01,-0.07,p
2882.0,3110.0,3158.0,4095.0,4065.0,4095.0,3309.0,3280.0,-1.73,2.29,8.69,0.02,-0.03,0.01,p
3018.0,3068.0,3120.0,4095.0,4080.0,4095.0,3278.0,3237.0,-1.51,1.87,9.13,-0.07,-0.03,0.03,p
3108.0,3069.0,3120.0,4095.0,4080.0,4095.0,3264.0,3203.0,-1.69,2.02,9.04,-0.08,0.14,0.04,p
3191.0,3046.0,3103.0,4095.0,4073.0,4095.0,3228.0,3159.0,-1.49,1.9,8.94,-0.14,0.15,-0.05,p
3242.0,3036.0,3089.0,4092.0,4053.0,4095.0,3186.0,3119.0,-1.52,1.99,8.87,-0.07,0.27,0.03,p
3294.0,3024.0,3084.0,4095.0,4033.0,4095.0,3107.0,3071.0,-2.2,1.92,9.0,-0.15,0.14,-0.0,p
3284.0,2992.0,3050.0,4073.0,3979.0,4095.0,3023.0,3040.0,-2.18,1.69,9.08,-0.11,0.14,-0.0,p
3312.0,3014.0,3069.0,4059.0,4044.0,4095.0,3040.0,3088.0,-1.85,1.88,8.9,-0.08,0.21,-0.01,p
3372.0,3035.0,3093.0,4095.0,4080.0,4095.0,3061.0,3102.0,-2.36,1.67,8.94,-0.06,0.17,0.02,p
3443.0,3017.0,3087.0,4016.0,4048.0,4095.0,3043.0,3071.0,-1.99,1.79,8.71,-0.14,-0.08,-0.08,p
3437.0,2986.0,3042.0,3869.0,3985.0,4095.0,2960.0,3022.0,-2.34,1.69,9.21,-0.01,0.0,0.0,p
3453.0,3038.0,3096.0,3984.0,4094.0,4095.0,3015.0,3083.0,-2.41,1.55,8.83,-0.18,0.13,-0.07,p
3203.0,2866.0,2918.0,3661.0,3722.0,3904.0,2858.0,2903.0,-2.18,1.6,8.9,-0.04,0.08,-0.03,p
3335.0,2934.0,2995.0,3815.0,3888.0,4095.0,2948.0,2992.0,-2.23,1.5,8.93,-0.05,-0.11,-0.07,p
3363.0,2989.0,3043.0,3902.0,3958.0,4095.0,2995.0,3028.0,-2.2,1.63,8.82,-0.14,0.23,0.01,p
3383.0,3008.0,3058.0,3981.0,4032.0,4095.0,3026.0,3057.0,-1.86,1.6,8.88,-0.07,-0.11,-0.1,p
3345.0,2982.0,3035.0,3935.0,3981.0,4095.0,2996.0,3056.0,-2.53,1.39,9.22,0.02,0.08,0.0,p
3395.0,3037.0,3084.0,4093.0,4095.0,4095.0,3042.0,3081.0,-2.43,1.52,8.83,-0.13,0.06,-0.09,p
3358.0,3001.0,3055.0,4080.0,4037.0,4095.0,3011.0,3047.0,-2.05,1.59,8.94,0.04,-0.03,0.02,p
3358.0,3008.0,3064.0,4048.0,4047.0,4095.0,3018.0,3055.0,-2.45,1.42,9.03,-0.07,-0.11,-0.04,p
3326.0,2992.0,3045.0,4062.0,4016.0,4095.0,3008.0,3039.0,-2.29,1.58,8.81,0.01,0.09,0.05,p
3316.0,2971.0,3030.0,4095.0,3982.0,4095.0,2994.0,3023.0,-2.28,1.56,8.87,-0.03,-0.37,-0.11,p
3335.0,3001.0,3061.0,4095.0,4047.0,4095.0,3018.0,3039.0,-1.88,1.58,8.78,-0.16,0.24,0.0,p
3341.0,2953.0,2999.0,4095.0,4080.0,4095.0,2966.0,2991.0,-2.43,1.7,8.82,0.04,-0.05,-0.01,p
3326.0,2995.0,3053.0,4095.0,4054.0,4095.0,3014.0,3040.0,-2.35,1.36,8.97,-0.28,0.04,-0.1,p
3328.0,3006.0,3063.0,4095.0,4071.0,4095.0,3012.0,3050.0,-2.21,1.44,9.01,-0.09,0.06,0.01,p
3344.0,3022.0,3071.0,4095.0,4091.0,4095.0,3007.0,3079.0,-2.2,0.95,9.79,0.13,-0.22,-0.02,p
3345.0,3021.0,3066.0,4095.0,4080.0,4095.0,3010.0,3088.0,-2.0,1.67,8.31,-0.09,0.1,-0.12,p
3359.0,3013.0,3067.0,4095.0,4095.0,4095.0,3018.0,3088.0,-2.33,1.63,8.89,0.21,-0.28,-0.03,p
3380.0,3041.0,3098.0,4095.0,4095.0,4095.0,3071.0,3106.0,-2.29,1.39,8.72,-0.1,0.18,-0.02,p
3377.0,3009.0,3065.0,4095.0,4095.0,4095.0,3066.0,3060.0,-2.19,1.61,8.75,-0.12,-0.08,-0.09,p
3379.0,3046.0,3095.0,4095.0,4095.0,4095.0,3065.0,3071.0,-2.21,1.32,9.14,-0.17,0.15,-0.02,p
3391.0,3039.0,3102.0,4095.0,4095.0,4095.0,2945.0,3056.0,-1.97,1.34,8.88,-0.15,0.14,-0.05,p
3387.0,3019.0,3071.0,4095.0,4094.0,4095.0,2896.0,3022.0,-2.59,1.09,9.33,-0.0,0.05,-0.03,p
3408.0,3025.0,3081.0,4095.0,4095.0,4095.0,2903.0,3040.0,-2.42,1.17,8.82,-0.09,0.11,-0.02,p
3409.0,3024.0,3088.0,4095.0,4093.0,4095.0,2914.0,3041.0,-2.31,1.39,8.8,-0.13,0.03,-0.05,p
3392.0,3009.0,3063.0,4095.0,4095.0,4095.0,2899.0,3024.0,-2.28,1.28,9.19,0.04,-0.03,0.02,p
3383.0,2994.0,3051.0,4095.0,4043.0,4095.0,2889.0,3012.0,-2.38,1.07,8.77,-0.17,0.13,-0.05,p
3452.0,3018.0,3071.0,4095.0,4077.0,4095.0,2908.0,3025.0,-1.94,1.3,8.81,0.02,-0.14,-0.02,p
3472.0,2991.0,3053.0,4095.0,4016.0,4095.0,2891.0,2999.0,-2.72,1.2,8.9,0.0,0.02,0.0,p
3411.0,2955.0,3007.0,4095.0,3936.0,4095.0,2838.0,2941.0,-1.94,1.26,8.94,-0.06,-0.04,-0.03,p
3439.0,2982.0,3045.0,4095.0,4007.0,4095.0,2870.0,2965.0,-2.77,0.98,9.18,-0.03,0.02,-0.0,p
3458.0,3001.0,3056.0,4095.0,4048.0,4095.0,2880.0,2976.0,-1.83,1.32,8.59,-0.12,0.06,-0.04,p
3519.0,2992.0,3044.0,4087.0,3967.0,4095.0,2835.0,2928.0,-2.58,1.24,9.28,0.2,-0.3,0.08,p
3600.0,2976.0,3040.0,3969.0,3920.0,4095.0,2819.0,2896.0,-2.13,1.31,8.6,-0.16,0.06,-0.05,p
3598.0,2988.0,3043.0,4008.0,3978.0,4095.0,2807.0,2878.0,-2.14,1.22,8.87,0.23,-0.18,0.07,p
3696.0,2986.0,3049.0,3965.0,3959.0,4095.0,2779.0,2869.0,-2.3,1.4,8.96,-0.1,0.02,-0.09,p
3723.0,2990.0,3046.0,3907.0,3952.0,4095.0,2791.0,2879.0,-2.06,1.33,9.15,-0.02,0.08,0.0,p
3731.0,2987.0,3042.0,3899.0,3971.0,4095.0,2785.0,2874.0,-2.24,1.19,9.09,-0.06,-0.01,-0.08,p
3770.0,2992.0,3046.0,3887.0,3982.0,4095.0,2778.0,2874.0,-2.53,1.36,8.81,-0.03,0.1,-0.0,p
3795.0,2981.0,3038.0,3856.0,4018.0,4095.0,2765.0,2859.0,-1.81,1.36,8.84,-0.1,-0.16,-0.06,p
3918.0,3013.0,3067.0,3863.0,4021.0,4095.0,2803.0,2896.0,-2.2,1.19,9.14,0.14,0.01,0.1,p
4095.0,3006.0,3061.0,3866.0,4022.0,4095.0,2790.0,2893.0,-2.17,1.56,9.01,0.02,-0.1,-0.03,p
4095.0,3012.0,3063.0,3872.0,4002.0,4095.0,2799.0,2901.0,-2.27,1.17,9.25,0.01,-0.02,-0.02,p
4095.0,3010.0,3071.0,3855.0,4016.0,4095.0,2799.0,2903.0,-1.85,1.94,8.69,0.09,0.05,-0.04,p
4095.0,3003.0,3069.0,3757.0,3952.0,4095.0,2816.0,2894.0,-1.75,1.4,8.8,-0.32,0.12,-0.2,p
4095.0,2979.0,3043.0,3696.0,3929.0,4095.0,2799.0,2864.0,-2.89,1.3,9.03,0.04,0.03,-0.02,p
4095.0,2944.0,3008.0,3633.0,3862.0,4066.0,2733.0,2826.0,-2.57,0.96,9.42,-0.22,-0.04,-0.16,p
4095.0,2935.0,3002.0,3583.0,3824.0,4095.0,2727.0,2829.0,-2.43,1.31,8.93,0.06,0.14,0.09,p
4095.0,2926.0,2974.0,3573.0,3758.0,4095.0,2704.0,2825.0,-2.36,1.21,9.3,-0.01,-0.23,-0.02,p
3709.0,2931.0,2992.0,4048.0,4095.0,3731.0,3046.0,3197.0,-0.26,2.27,9.43,0.03,-0.09,-0.03,q
3705.0,2934.0,2990.0,4031.0,4095.0,3759.0,3086.0,3217.0,-0.61,3.2,8.86,-0.15,0.05,-0.04,q
3735.0,2919.0,2985.0,4031.0,4095.0,3760.0,3091.0,3212.0,-0.63,2.58,8.86,0.08,-0.09,-0.04,q
3709.0,2923.0,2983.0,4065.0,4095.0,3728.0,3116.0,3237.0,-0.48,3.01,8.79,-0.05,-0.11,-0.01,q
3763.0,2928.0,2978.0,4095.0,4095.0,3714.0,3170.0,3241.0,-0.24,2.85,8.91,-0.05,-0.19,-0.03,q
3759.0,2926.0,2967.0,4095.0,4095.0,3701.0,3216.0,3243.0,-0.27,2.56,8.93,-0.32,-0.05,-0.12,q
3473.0,2933.0,2965.0,4095.0,4095.0,3707.0,3268.0,3310.0,-0.56,2.87,9.13,-0.06,0.03,-0.1,q
3451.0,3008.0,3007.0,3933.0,4095.0,3791.0,3426.0,3463.0,-0.82,2.27,8.94,0.03,-0.15,-0.05,q
3520.0,2992.0,3002.0,3778.0,4095.0,3761.0,3399.0,3456.0,0.09,3.06,9.18,0.08,-0.02,0.06,q
3440.0,2976.0,2982.0,3685.0,4095.0,3713.0,3325.0,3376.0,-0.53,2.6,8.86,0.06,-0.01,0.04,q
3387.0,2943.0,2970.0,3601.0,4095.0,3574.0,3110.0,3223.0,-0.54,2.83,8.74,-0.14,0.17,0.07,q
3369.0,2928.0,2989.0,3569.0,4095.0,3439.0,2800.0,3056.0,-0.16,2.96,9.2,0.02,0.05,0.09,q
3331.0,2912.0,2993.0,3562.0,4095.0,3361.0,2674.0,2977.0,-1.36,2.51,8.95,-0.06,0.16,0.1,q
3347.0,2910.0,2989.0,3632.0,4095.0,3377.0,2704.0,2992.0,-0.31,2.61,9.11,0.14,-0.04,0.03,q
3617.0,2904.0,2987.0,3664.0,4082.0,3467.0,2818.0,3071.0,-0.25,2.82,8.8,0.09,-0.16,-0.04,q
4095.0,2910.0,2975.0,3683.0,4069.0,3535.0,2925.0,3165.0,-0.17,3.09,8.64,0.11,-0.2,-0.05,q
4095.0,2915.0,2974.0,3693.0,4095.0,3568.0,2971.0,3207.0,-0.89,2.73,8.86,-0.05,-0.03,-0.02,q
4095.0,2905.0,2977.0,3690.0,4095.0,3573.0,2971.0,3226.0,-0.28,3.06,8.97,-0.05,-0.05,-0.01,q
4016.0,2912.0,2985.0,3690.0,4095.0,3583.0,2964.0,3248.0,-0.24,2.74,8.93,0.03,-0.13,-0.02,q
3983.0,2927.0,2992.0,3699.0,4095.0,3616.0,2953.0,3277.0,-0.18,2.94,8.83,-0.03,0.13,-0.06,q
4095.0,2919.0,3015.0,3671.0,4095.0,3648.0,2891.0,3296.0,-0.18,3.07,9.1,0.13,-0.03,0.04,q
4095.0,2910.0,3019.0,3662.0,4095.0,3633.0,2832.0,3276.0,-0.41,2.74,8.77,-0.12,-0.04,-0.03,q
4095.0,2905.0,3017.0,3659.0,4095.0,3597.0,2809.0,3263.0,-0.09,3.37,8.7,0.02,0.14,-0.0,q
3421.0,2915.0,3022.0,3657.0,4095.0,3504.0,2771.0,3229.0,-0.28,2.68,9.12,-0.12,-0.15,-0.04,q
3394.0,2907.0,3021.0,3649.0,4095.0,3481.0,2761.0,3218.0,-0.1,3.06,9.03,-0.05,0.1,-0.0,q
3431.0,2906.0,3014.0,3643.0,4095.0,3454.0,2740.0,3191.0,-0.08,2.92,8.88,-0.09,-0.01,-0.04,q
3501.0,2905.0,3011.0,3630.0,4095.0,3462.0,2754.0,3168.0,-0.59,3.08,9.01,-0.02,0.13,-0.02,q
3664.0,2905.0,3011.0,3583.0,4095.0,3491.0,2766.0,3141.0,-0.35,2.79,9.13,0.05,0.03,-0.01,q
3743.0,2905.0,3012.0,3582.0,4095.0,3490.0,2763.0,3131.0,-0.4,2.98,8.49,-0.1,0.04,-0.03,q
3755.0,2900.0,3021.0,3597.0,4095.0,3472.0,2762.0,3149.0,-0.28,2.87,8.92,0.12,-0.07,0.03,q
3839.0,2908.0,3019.0,3583.0,4095.0,3478.0,2778.0,3159.0,-0.39,2.85,8.98,-0.16,-0.01,-0.02,q
3839.0,2896.0,3017.0,3574.0,4095.0,3504.0,2803.0,3173.0,-0.34,3.0,8.86,0.04,0.02,0.02,q
4095.0,2897.0,3017.0,3573.0,4095.0,3537.0,2835.0,3169.0,-0.76,2.69,8.89,-0.1,0.12,-0.05,q
4095.0,2898.0,3015.0,3569.0,4095.0,3547.0,2848.0,3154.0,-0.43,3.03,8.88,-0.06,-0.02,-0.04,q
4095.0,2901.0,3013.0,3564.0,4095.0,3563.0,2857.0,3149.0,-0.27,2.74,9.26,0.1,-0.04,0.01,q
4095.0,2897.0,3019.0,3549.0,4095.0,3567.0,2837.0,3181.0,-0.27,3.02,8.64,0.05,-0.08,-0.02,q
3839.0,2896.0,3014.0,3545.0,4095.0,3543.0,2819.0,3197.0,-0.65,3.09,8.96,0.15,-0.11,-0.02,q
3555.0,2896.0,3020.0,3517.0,4095.0,3536.0,2806.0,3202.0,-0.49,3.0,8.51,-0.05,0.03,-0.05,q
3222.0,2899.0,3013.0,3497.0,4095.0,3511.0,2753.0,3209.0,-0.29,3.28,8.88,-0.09,-0.32,0.08,q
3188.0,2903.0,3019.0,3504.0,4095.0,3507.0,2749.0,3207.0,0.04,2.71,9.23,0.04,0.11,0.02,q
3173.0,2877.0,2991.0,3440.0,4095.0,3455.0,2719.0,3164.0,-0.2,3.3,8.71,0.04,-0.02,0.0,q
3194.0,2885.0,2991.0,3457.0,4095.0,3440.0,2708.0,3143.0,-0.06,2.81,9.28,0.04,0.01,-0.04,q
3325.0,2864.0,2989.0,3443.0,4095.0,3437.0,2709.0,3120.0,-0.39,3.07,8.76,0.02,0.17,-0.03,q
3397.0,2870.0,2989.0,3403.0,4095.0,3446.0,2719.0,3131.0,0.14,3.44,8.66,0.08,-0.04,-0.02,q
3356.0,2874.0,2987.0,3413.0,4095.0,3451.0,2734.0,3155.0,-0.6,3.2,8.55,0.0,-0.06,0.03,q
3339.0,2882.0,2989.0,3412.0,4095.0,3459.0,2753.0,3159.0,-0.46,3.24,8.65,-0.13,0.04,0.0,q
3336.0,2873.0,2991.0,3420.0,4095.0,3482.0,2784.0,3170.0,-0.0,3.23,8.98,0.01,-0.13,-0.02,q
3342.0,2885.0,2990.0,3423.0,4095.0,3513.0,2883.0,3187.0,-0.24,2.99,8.94,-0.04,-0.04,-0.04,q
3303.0,2906.0,3001.0,3430.0,4095.0,3569.0,3015.0,3216.0,-0.16,3.16,8.81,-0.03,-0.1,-0.03,q
3313.0,2918.0,2992.0,3446.0,4095.0,3581.0,3062.0,3216.0,-0.29,3.16,8.83,0.05,-0.06,-0.03,q
3202.0,2915.0,3002.0,3481.0,4095.0,3597.0,3098.0,3259.0,-0.23,3.24,8.62,0.02,-0.02,-0.01,q
3185.0,2921.0,2999.0,3555.0,4095.0,3608.0,3129.0,3299.0,0.17,3.32,8.76,-0.12,-0.18,-0.05,q
3290.0,2928.0,3019.0,3695.0,4095.0,3654.0,3187.0,3325.0,-0.26,3.25,8.73,0.04,0.11,-0.02,q
3391.0,2915.0,3022.0,3696.0,4095.0,3690.0,3213.0,3326.0,-0.1,3.17,8.89,-0.05,-0.01,-0.02,q
3563.0,2883.0,2986.0,3606.0,4095.0,3696.0,3216.0,3301.0,-0.53,3.42,8.51,-0.1,0.08,-0.03,q
3706.0,2878.0,2983.0,3626.0,4095.0,3723.0,3216.0,3312.0,0.07,3.3,8.84,0.03,-0.0,0.0,q
3713.0,2865.0,2990.0,3583.0,4095.0,3750.0,3197.0,3322.0,-0.33,3.18,8.91,-0.02,-0.05,0.02,q
3760.0,2864.0,2982.0,3583.0,4095.0,3753.0,3174.0,3298.0,-0.28,3.36,8.56,-0.13,0.06,-0.01,q
3888.0,2865.0,2992.0,3603.0,4095.0,3742.0,3141.0,3264.0,0.04,3.27,9.02,-0.04,0.04,0.03,q
3922.0,2858.0,2992.0,3607.0,4081.0,3674.0,3056.0,3205.0,-0.25,2.97,8.59,-0.07,-0.01,-0.01,q
3904.0,2855.0,2992.0,3600.0,4079.0,3600.0,2947.0,3141.0,0.19,3.49,8.64,-0.15,0.18,0.03,q
3963.0,2861.0,2983.0,3600.0,4087.0,3607.0,2934.0,3109.0,-0.29,3.02,9.27,0.01,-0.13,0.05,q
4063.0,2854.0,2991.0,3605.0,4095.0,3530.0,2843.0,3040.0,0.03,3.08,8.73,-0.12,0.27,-0.01,q
4095.0,2850.0,2987.0,3627.0,4095.0,3495.0,2785.0,3008.0,-0.07,3.09,9.03,-0.01,0.1,0.02,q
4095.0,2845.0,2985.0,3659.0,4080.0,3452.0,2726.0,2981.0,-0.71,3.15,8.74,-0.1,0.12,-0.0,q
4095.0,2849.0,2982.0,3696.0,4064.0,3390.0,2640.0,2945.0,0.16,3.27,8.74,-0.18,0.14,-0.05,q
4095.0,2844.0,2991.0,3790.0,4073.0,3407.0,2654.0,2959.0,-0.64,3.01,9.06,-0.01,0.01,0.05,q
4095.0,2846.0,2991.0,3878.0,4080.0,3435.0,2675.0,2981.0,-0.57,2.55,8.95,-0.16,0.15,-0.09,q
4095.0,2853.0,2999.0,3938.0,4095.0,3399.0,2645.0,2958.0,-0.28,3.39,8.63,-0.0,0.11,0.01,q
4095.0,2864.0,3009.0,3988.0,4095.0,3413.0,2640.0,2960.0,-0.66,2.69,9.12,0.03,-0.17,-0.01,q
4095.0,2867.0,3008.0,3986.0,4095.0,3402.0,2624.0,2950.0,-0.43,3.04,8.76,-0.16,0.29,-0.06,q
4095.0,2870.0,3014.0,3952.0,4095.0,3399.0,2619.0,2951.0,-0.61,3.03,9.02,0.1,-0.16,0.05,q
4095.0,2864.0,3014.0,3952.0,4095.0,3403.0,2609.0,2949.0,-0.74,2.52,8.86,-0.09,0.06,-0.08,q
4095.0,2871.0,3015.0,3870.0,4095.0,3353.0,2559.0,2929.0,-0.59,3.3,8.54,0.03,-0.05,0.01,q
4095.0,2871.0,3015.0,3788.0,4095.0,3353.0,2559.0,2912.0,-0.32,3.09,9.06,0.14,-0.21,-0.01,q
4095.0,2871.0,3005.0,3803.0,4095.0,3327.0,2544.0,2896.0,-0.57,3.1,8.55,-0.03,0.09,-0.0,q
4095.0,2871.0,3003.0,3769.0,4095.0,3290.0,2516.0,2875.0,-0.17,2.99,8.92,0.07,-0.14,-0.07,q
4095.0,2875.0,3010.0,3763.0,4095.0,3311.0,2537.0,2878.0,-0.53,2.84,9.05,-0.09,0.04,0.02,q
4095.0,2866.0,3011.0,3771.0,4095.0,3312.0,2558.0,2896.0,-0.31,3.34,8.34,-0.07,-0.08,-0.04,q
4095.0,2864.0,3007.0,3763.0,4095.0,3283.0,2523.0,2864.0,-0.25,2.72,9.0,0.09,-0.42,-0.05,q
3690.0,2864.0,2992.0,3751.0,4095.0,3232.0,2483.0,2843.0,0.42,3.64,8.89,-0.08,0.26,-0.07,q
3663.0,2870.0,2995.0,3778.0,4095.0,3189.0,2438.0,2835.0,-0.08,3.11,9.11,-0.16,0.0,-0.03,q
3773.0,2861.0,2987.0,3806.0,4095.0,3157.0,2386.0,2795.0,-0.84,2.87,9.0,-0.34,0.21,-0.02,q
3836.0,2877.0,3002.0,3872.0,4095.0,3152.0,2379.0,2785.0,-0.34,2.75,8.85,-0.47,0.15,-0.01,q
3825.0,2870.0,3009.0,3874.0,4095.0,3166.0,2405.0,2800.0,-0.53,3.19,8.31,-0.59,0.0,-0.05,q
4095.0,2864.0,2995.0,3865.0,4095.0,3152.0,2403.0,2783.0,-0.33,1.37,9.69,-0.73,-0.06,-0.01,q
4095.0,2955.0,3105.0,3894.0,4095.0,3245.0,2503.0,2880.0,-0.74,1.8,9.67,0.03,-0.26,0.15,q
4095.0,2931.0,3066.0,3890.0,4095.0,3226.0,2480.0,2861.0,0.26,2.27,8.25,-0.17,0.04,0.05,q
4095.0,2924.0,3057.0,3894.0,4095.0,3235.0,2491.0,2871.0,-0.1,1.84,9.5,-0.13,-0.22,-0.05,q
4095.0,2926.0,3060.0,3950.0,4095.0,3248.0,2507.0,2893.0,-0.27,1.92,9.04,-0.15,0.23,-0.04,q
4080.0,2931.0,3085.0,4095.0,4095.0,3286.0,2549.0,2929.0,0.33,2.39,9.43,0.38,-0.35,0.01,q
4043.0,2925.0,3070.0,4095.0,4095.0,3302.0,2551.0,2930.0,-0.4,1.67,8.84,-0.26,0.48,0.0,q
4048.0,2926.0,3063.0,4095.0,4095.0,3291.0,2544.0,2933.0,0.54,2.3,9.12,-0.16,-0.27,-0.07,q
4095.0,2923.0,3056.0,4095.0,4095.0,3274.0,2519.0,2916.0,-1.3,1.71,9.32,0.03,0.29,0.01,q
4095.0,2960.0,3101.0,4095.0,4095.0,3302.0,2557.0,2933.0,0.32,1.99,9.27,0.12,0.08,0.14,q
4095.0,2938.0,3081.0,4095.0,4026.0,3287.0,2557.0,2927.0,-1.82,2.03,9.43,0.44,0.18,0.12,q
4095.0,2955.0,3110.0,4095.0,4064.0,3312.0,2583.0,2950.0,0.25,1.9,9.16,0.06,-0.19,-0.01,q
4095.0,2962.0,3126.0,4095.0,4095.0,3328.0,2607.0,2986.0,0.17,2.89,8.61,0.11,-0.12,0.01,q
4095.0,2969.0,3120.0,4095.0,4095.0,3338.0,2614.0,2999.0,0.06,2.05,9.16,-0.05,0.0,-0.09,q
3873.0,2971.0,3116.0,4095.0,4095.0,3365.0,2605.0,2971.0,0.19,2.75,8.64,-0.67,0.42,-0.1,q
3874.0,2969.0,3110.0,4095.0,4095.0,3380.0,2587.0,2945.0,-1.64,1.8,9.75,0.2,0.16,-0.05,q
3677.0,2942.0,3088.0,4095.0,4095.0,3363.0,2558.0,2921.0,-0.36,1.85,8.89,-0.25,0.1,-0.02,q
3637.0,2946.0,3093.0,4095.0,4095.0,3374.0,2559.0,2928.0,-1.03,2.06,8.9,0.0,-0.02,0.06,q
3567.0,2943.0,3079.0,4095.0,4095.0,3361.0,2554.0,2927.0,-0.26,1.93,9.32,0.03,0.09,0.0,q
3606.0,2975.0,3119.0,4095.0,4095.0,3395.0,2599.0,2967.0,0.05,1.9,9.66,0.53,-0.46,0.16,q
3562.0,2950.0,3093.0,4095.0,4095.0,3373.0,2559.0,2957.0,-1.06,1.86,8.71,-0.33,0.23,-0.18,q
3552.0,2958.0,3102.0,4095.0,4095.0,3385.0,2595.0,2970.0,0.59,2.47,9.37,0.19,-0.25,-0.08,q
3549.0,2950.0,3091.0,4095.0,4095.0,3377.0,2582.0,2960.0,-1.3,2.05,9.17,-0.01,-0.24,-0.05,q
3568.0,2945.0,3095.0,4095.0,4095.0,3376.0,2583.0,2961.0,0.01,2.49,8.75,-0.09,0.24,-0.11,q
3569.0,2945.0,3097.0,4095.0,4095.0,3375.0,2585.0,2967.0,-0.27,2.25,9.04,0.14,-0.24,-0.01,q
3525.0,2954.0,3088.0,4095.0,4095.0,3421.0,2606.0,2977.0,-0.51,2.22,9.14,0.08,-0.16,0.06,q
3463.0,2943.0,3069.0,4095.0,4095.0,3490.0,2663.0,3006.0,0.18,2.14,9.02,0.06,-0.28,-0.11,q
3360.0,2963.0,3092.0,4095.0,4095.0,3574.0,2855.0,3091.0,0.1,2.78,9.33,0.18,-0.16,-0.07,q
3403.0,2950.0,3069.0,4095.0,4095.0,3545.0,2839.0,3071.0,-0.62,2.23,9.05,-0.12,0.16,-0.06,q
3430.0,2951.0,3070.0,4095.0,4095.0,3473.0,2762.0,3050.0,-0.1,2.57,9.14,-0.08,0.17,0.01,q
3376.0,2954.0,3071.0,4018.0,4095.0,3467.0,2739.0,3043.0,-0.3,2.46,9.18,0.23,-0.14,0.03,q
3344.0,2937.0,3068.0,3641.0,4095.0,3467.0,2736.0,3068.0,0.13,2.84,9.01,0.2,0.05,0.01,q
3415.0,2928.0,3069.0,3503.0,4095.0,3407.0,2679.0,3019.0,-0.38,2.63,8.39,-0.12,0.06,-0.0,q
3397.0,2926.0,3049.0,3650.0,4095.0,3286.0,2544.0,2937.0,-0.03,2.73,9.22,-0.15,0.57,-0.04,q
3552.0,2928.0,3053.0,3851.0,4095.0,3226.0,2462.0,2877.0,-0.1,2.24,9.52,-0.11,0.16,0.01,q
3753.0,2918.0,3047.0,3920.0,4095.0,3222.0,2448.0,2880.0,-1.76,2.39,8.67,-0.24,0.28,-0.08,q
3831.0,2947.0,3068.0,3929.0,4095.0,3232.0,2470.0,2907.0,-0.08,2.64,8.66,-0.25,0.23,-0.09,q
3899.0,3023.0,3151.0,3999.0,4095.0,3257.0,2513.0,2964.0,-0.61,2.24,8.92,-0.32,-0.55,-0.11,q
3942.0,3009.0,3149.0,3975.0,4095.0,3226.0,2507.0,2971.0,-0.03,2.01,9.34,-0.18,0.12,-0.08,q
3937.0,3008.0,3136.0,3885.0,4095.0,3228.0,2523.0,2975.0,-0.94,2.09,9.37,-0.03,-0.08,-0.01,q
3787.0,3009.0,3136.0,3937.0,4095.0,3242.0,2530.0,2979.0,-0.7,2.25,9.09,-0.04,-0.01,0.01,q
3775.0,3014.0,3131.0,3978.0,4095.0,3248.0,2545.0,2986.0,-0.55,2.28,8.68,-0.3,-0.0,-0.12,q
3691.0,2819.0,2943.0,3838.0,4061.0,3059.0,2355.0,2800.0,-1.77,1.9,8.7,-0.41,0.27,-0.01,q
3698.0,2814.0,2935.0,3840.0,4095.0,3066.0,2356.0,2800.0,0.2,1.85,8.98,-0.72,0.44,-0.15,q
3723.0,2944.0,3069.0,3829.0,4080.0,3211.0,2515.0,2926.0,-2.4,0.83,10.66,-0.11,-0.37,-0.01,q
3623.0,2994.0,3131.0,3940.0,4095.0,3297.0,2612.0,2999.0,0.17,1.46,9.27,0.09,-0.1,0.01,q
3561.0,2985.0,3109.0,4011.0,4095.0,3306.0,2614.0,2992.0,-0.36,1.59,8.39,0.21,-0.51,-0.03,q
3498.0,2978.0,3117.0,4095.0,4095.0,3345.0,2633.0,2995.0,-0.08,0.61,9.89,0.19,-0.16,-0.02,q
3322.0,2987.0,3131.0,4095.0,4095.0,3441.0,2701.0,3015.0,-0.44,2.65,9.29,0.43,-0.06,0.08,q
3387.0,2998.0,3132.0,4095.0,4095.0,3471.0,2731.0,3030.0,-0.28,1.64,9.16,0.17,0.16,-0.02,q
3408.0,3008.0,3136.0,4095.0,4095.0,3474.0,2739.0,3029.0,0.35,2.6,9.24,0.19,-0.22,-0.0,q
3875.0,3009.0,3136.0,4095.0,4095.0,3346.0,2615.0,2960.0,-1.57,1.45,8.89,-0.24,0.27,-0.02,q
4043.0,3002.0,3139.0,4095.0,4095.0,3306.0,2559.0,2949.0,-0.13,1.79,9.34,-0.16,0.01,0.02,q
4095.0,3013.0,3135.0,4095.0,4095.0,3265.0,2559.0,2939.0,-1.28,1.83,8.88,-0.12,0.29,-0.0,q
4095.0,3013.0,3149.0,4095.0,4095.0,3312.0,2627.0,2978.0,-0.03,1.61,9.28,-0.04,-0.02,-0.01,q
4095.0,3015.0,3147.0,4095.0,4095.0,3345.0,2657.0,3001.0,-0.49,2.12,8.68,0.03,-0.28,-0.03,q
4095.0,2999.0,3152.0,4095.0,4095.0,3426.0,2757.0,3011.0,-0.23,1.93,9.1,-0.22,0.12,-0.07,q
4095.0,2999.0,3136.0,4095.0,4095.0,3476.0,2831.0,3023.0,-0.17,1.94,9.23,-0.23,-0.23,-0.06,q
4095.0,3003.0,3125.0,4095.0,4095.0,3536.0,2957.0,3093.0,-1.17,1.64,9.54,0.02,-0.04,0.22,q
4095.0,2847.0,2962.0,4095.0,4095.0,3403.0,2857.0,3003.0,0.27,1.6,8.8,-0.29,0.27,-0.02,q
4095.0,3008.0,3132.0,4095.0,4095.0,3579.0,3029.0,3154.0,-0.26,1.64,8.88,-0.1,0.02,0.0,q
4095.0,2835.0,2954.0,4095.0,4095.0,3431.0,2918.0,2977.0,-0.55,1.35,9.41,-0.24,0.07,-0.04,q
4095.0,3029.0,3152.0,4095.0,4095.0,3660.0,3155.0,3165.0,-0.55,1.03,9.92,0.18,-0.36,-0.02,q
4095.0,3031.0,3152.0,4095.0,4095.0,3643.0,3095.0,3182.0,0.01,1.18,9.86,0.11,0.1,-0.04,q
3568.0,3012.0,3138.0,4095.0,4095.0,3607.0,3027.0,3177.0,-0.08,1.76,8.99,0.06,-0.09,-0.09,q
3297.0,3003.0,3134.0,4095.0,4095.0,3568.0,2957.0,3179.0,-1.04,1.69,8.65,-0.04,0.16,-0.14,q
3270.0,2993.0,3126.0,4095.0,4095.0,3542.0,2922.0,3165.0,-0.3,1.8,8.88,-0.41,0.31,-0.1,q
3267.0,3005.0,3129.0,4095.0,4095.0,3549.0,2931.0,3163.0,-0.33,1.53,9.53,-0.09,-0.28,-0.04,q
3257.0,2993.0,3121.0,4095.0,4095.0,3543.0,2928.0,3161.0,-0.3,0.92,9.77,0.07,0.09,-0.07,q
3291.0,3015.0,3149.0,4095.0,4095.0,3583.0,2974.0,3195.0,-0.44,1.28,9.7,0.44,-0.21,0.1,q
3486.0,3023.0,3163.0,4095.0,4095.0,3619.0,2978.0,3194.0,-0.64,2.33,8.69,0.37,0.12,0.08,q
3757.0,3027.0,3157.0,4095.0,4095.0,3583.0,2925.0,3167.0,-0.26,2.08,8.87,0.21,-0.14,0.08,q
4095.0,2987.0,3107.0,4095.0,4095.0,3501.0,2849.0,3083.0,0.22,2.26,8.96,0.07,0.13,0.03,q
4095.0,3041.0,3159.0,4095.0,4095.0,3617.0,2956.0,3135.0,0.04,1.78,9.22,-0.22,-0.04,-0.08,q
4095.0,3031.0,3168.0,4095.0,4095.0,3634.0,2988.0,3127.0,-1.18,1.91,8.95,-0.16,0.24,-0.06,q
4095.0,3045.0,3161.0,4095.0,4095.0,3646.0,2991.0,3136.0,-0.12,2.1,8.96,-0.26,0.01,-0.09,q
3959.0,3041.0,3156.0,4095.0,4095.0,3634.0,2970.0,3153.0,-0.59,1.91,9.35,0.03,0.01,0.05,q
3463.0,3038.0,3163.0,4095.0,4095.0,3611.0,2950.0,3157.0,0.08,1.63,9.11,-0.22,0.09,-0.12,q
3436.0,3027.0,3152.0,4095.0,4095.0,3577.0,2910.0,3136.0,-0.24,1.77,9.39,0.04,-0.08,0.01,q
3440.0,3036.0,3161.0,4095.0,4095.0,3578.0,2910.0,3134.0,-1.14,1.47,9.28,-0.14,0.09,-0.04,q
3439.0,3008.0,3138.0,4095.0,4095.0,3563.0,2893.0,3114.0,-0.37,2.04,8.8,-0.16,0.12,-0.03,q
3427.0,3039.0,3165.0,4095.0,4095.0,3583.0,2912.0,3147.0,-0.28,1.38,9.13,-0.1,0.02,-0.02,q
3307.0,2992.0,3119.0,4095.0,4095.0,3511.0,2834.0,3119.0,-2.17,1.35,9.11,-0.37,0.18,-0.02,q
3281.0,3027.0,3155.0,4095.0,4095.0,3536.0,2850.0,3155.0,0.52,1.47,10.23,0.04,-0.46,-0.03,q
3365.0,3034.0,3166.0,4095.0,4095.0,3539.0,2866.0,3146.0,-1.55,1.4,9.0,0.07,0.33,0.07,q
3423.0,3047.0,3166.0,4095.0,4095.0,3583.0,2928.0,3142.0,-0.41,1.82,8.92,0.09,-0.09,0.02,q
3443.0,3038.0,3163.0,4095.0,4095.0,3638.0,3089.0,3191.0,-0.14,1.47,9.14,-0.27,-0.11,-0.04,q
3456.0,3042.0,3155.0,4095.0,4095.0,3669.0,3161.0,3248.0,-0.31,1.08,9.81,-0.14,-0.02,-0.08,q
3444.0,2967.0,3088.0,4095.0,4095.0,3583.0,3088.0,3195.0,-0.44,1.5,9.54,0.0,-0.15,-0.07,q
3414.0,3047.0,3167.0,4095.0,4095.0,3685.0,3187.0,3295.0,-0.37,1.22,9.15,-0.03,0.01,-0.07,q
3321.0,3023.0,3139.0,4095.0,4095.0,3617.0,3150.0,3319.0,-1.13,1.84,8.67,-0.09,0.06,-0.05,q
3261.0,3042.0,3152.0,4095.0,4095.0,3614.0,3155.0,3372.0,0.34,1.07,9.63,-0.32,0.14,-0.01,q
3279.0,3053.0,3168.0,4095.0,4095.0,3601.0,3130.0,3345.0,0.39,1.21,9.57,0.03,-0.34,-0.07,q
3285.0,3040.0,3159.0,4095.0,4095.0,3565.0,3049.0,3280.0,-0.27,0.9,9.78,0.02,0.22,-0.15,q
3325.0,3054.0,3170.0,4095.0,4095.0,3583.0,3010.0,3248.0,-0.5,1.7,9.09,0.2,-0.23,-0.05,q
3102.0,2926.0,3017.0,3097.0,4095.0,4095.0,2128.0,3057.0,0.3,9.62,-1.03,0.03,-0.01,0.04,r
3102.0,2912.0,3011.0,3092.0,4095.0,4095.0,2123.0,3052.0,0.63,9.6,-1.41,-0.11,0.11,-0.04,r
3108.0,2928.0,3026.0,3089.0,4095.0,4095.0,2134.0,3062.0,0.37,9.74,-0.98,0.08,-0.03,0.01,r
3102.0,2925.0,3013.0,3093.0,4095.0,4095.0,2128.0,3056.0,0.29,9.52,-1.21,-0.15,0.04,-0.06,r
3111.0,2927.0,3009.0,3097.0,4095.0,4095.0,2128.0,3056.0,0.26,9.91,-0.97,0.07,-0.06,0.01,r
3106.0,2916.0,3015.0,3103.0,4095.0,4095.0,2128.0,3056.0,0.44,9.22,-1.32,-0.13,0.02,-0.01,r
3109.0,2919.0,3005.0,3105.0,4095.0,4095.0,2126.0,3055.0,0.41,9.81,-1.23,-0.08,0.02,-0.01,r
3107.0,3029.0,3125.0,3107.0,4095.0,4095.0,2245.0,3157.0,-0.01,9.6,-0.96,0.04,-0.15,0.07,r
3102.0,3019.0,3125.0,3118.0,4095.0,4095.0,2243.0,3167.0,0.28,9.48,-1.33,-0.29,0.11,-0.03,r
3090.0,3047.0,3151.0,3125.0,4095.0,4095.0,2271.0,3184.0,0.83,9.85,-0.75,0.14,-0.08,-0.01,r
3087.0,3044.0,3142.0,3133.0,4095.0,4095.0,2267.0,3178.0,0.83,8.98,-1.13,-0.12,0.18,-0.16,r
3089.0,3038.0,3138.0,3140.0,4095.0,4095.0,2262.0,3179.0,0.39,10.05,-1.02,-0.02,0.1,-0.18,r
3083.0,3028.0,3136.0,3138.0,4095.0,4095.0,2254.0,3161.0,-0.49,9.64,-1.11,-0.04,-0.12,0.03,r
3071.0,3017.0,3117.0,3136.0,4095.0,4095.0,2236.0,3135.0,0.09,9.59,-1.26,-0.11,0.12,-0.08,r
3088.0,3019.0,3120.0,3135.0,4095.0,4095.0,2240.0,3127.0,0.37,9.68,-1.14,-0.04,-0.02,0.04,r
3088.0,3014.0,3111.0,3152.0,4095.0,4095.0,2229.0,3117.0,0.6,9.15,-1.24,-0.3,0.15,-0.09,r
3088.0,3011.0,3120.0,3155.0,4095.0,4095.0,2224.0,3118.0,0.59,10.07,-0.55,0.15,-0.05,-0.03,r
3088.0,3013.0,3117.0,3166.0,4095.0,4095.0,2224.0,3111.0,0.08,9.38,-1.17,-0.14,0.46,-0.2,r
3091.0,3008.0,3120.0,3158.0,4095.0,4095.0,2235.0,3117.0,0.3,10.26,-1.01,-0.03,-0.04,-0.16,r
3093.0,3009.0,3117.0,3166.0,4095.0,4095.0,2245.0,3130.0,-0.45,9.59,-0.65,0.04,-0.05,-0.02,r
3100.0,3008.0,3120.0,3171.0,4095.0,4095.0,2249.0,3145.0,-0.21,9.99,-1.16,-0.34,0.33,-0.13,r
3097.0,3010.0,3125.0,3182.0,4095.0,4095.0,2261.0,3159.0,-0.34,9.25,-1.01,-0.17,-0.16,0.07,r
3095.0,3015.0,3129.0,3187.0,4095.0,4095.0,2262.0,3163.0,0.18,9.83,-0.75,-0.03,0.12,0.02,r
3090.0,3011.0,3126.0,3194.0,4095.0,4095.0,2263.0,3155.0,0.06,9.43,-0.91,0.02,-0.19,0.06,r
3084.0,3010.0,3121.0,3206.0,4095.0,4095.0,2265.0,3150.0,0.66,9.66,-0.59,-0.1,-0.17,-0.06,r
3071.0,3007.0,3125.0,3216.0,4095.0,4095.0,2256.0,3122.0,-0.27,9.95,-0.51,0.01,-0.07,-0.01,r
3069.0,3008.0,3120.0,3213.0,4095.0,4095.0,2240.0,3085.0,-0.66,9.2,-0.47,0.38,-0.29,0.18,r
3070.0,3010.0,3117.0,3058.0,4095.0,4095.0,2214.0,3016.0,0.36,10.15,-1.06,0.18,0.01,0.1,r
3066.0,3010.0,3120.0,3006.0,4095.0,4095.0,2213.0,3005.0,0.89,9.13,-1.25,0.14,-0.23,0.04,r
3070.0,3005.0,3117.0,2997.0,4095.0,4095.0,2204.0,3003.0,0.96,9.18,-1.7,-0.26,0.12,-0.14,r
3070.0,3005.0,3118.0,2828.0,4095.0,4095.0,2194.0,2975.0,0.19,10.08,-0.91,-0.09,0.04,-0.13,r
3067.0,3005.0,3115.0,2647.0,4095.0,4095.0,2190.0,2928.0,-0.29,9.37,-0.87,0.08,-0.01,-0.07,r
3057.0,2872.0,2977.0,2559.0,4095.0,4095.0,2034.0,2786.0,-0.18,9.9,-1.02,-0.2,0.09,-0.11,r
3056.0,2864.0,2980.0,2496.0,4095.0,4095.0,2037.0,2785.0,-0.05,9.65,-0.99,0.15,0.0,0.04,r
3055.0,2863.0,2978.0,2559.0,4095.0,4095.0,2035.0,2822.0,-0.15,9.58,-1.09,0.09,0.31,-0.04,r
3049.0,2864.0,2979.0,2612.0,4095.0,4095.0,2034.0,2848.0,0.06,9.79,-1.49,-0.05,-0.05,0.06,r
3045.0,2864.0,2981.0,2628.0,4095.0,4095.0,2023.0,2846.0,0.31,9.68,-0.9,0.21,-0.17,0.02,r
3036.0,2866.0,2991.0,2611.0,4095.0,3786.0,2013.0,2832.0,0.68,9.06,-1.46,-0.16,0.18,-0.14,r
3038.0,2869.0,2995.0,2650.0,4095.0,3890.0,2010.0,2819.0,0.56,9.82,-1.24,-0.12,-0.06,-0.06,r
3047.0,2877.0,2986.0,2685.0,4095.0,4095.0,2011.0,2823.0,0.09,9.42,-0.83,-0.11,-0.05,-0.13,r
3043.0,2878.0,2994.0,2704.0,4095.0,4095.0,2019.0,2831.0,-0.16,9.53,-1.35,-0.2,0.07,-0.14,r
3049.0,3003.0,3119.0,2699.0,4095.0,4095.0,2149.0,2906.0,0.04,10.33,-0.79,0.2,-0.38,0.04,r
3050.0,3001.0,3120.0,2707.0,4095.0,4095.0,2147.0,2899.0,-0.56,8.47,-1.22,-0.24,0.33,-0.22,r
3054.0,2997.0,3115.0,2726.0,4095.0,4095.0,2147.0,2910.0,0.28,10.75,-0.9,0.04,-0.08,-0.04,r
3051.0,2992.0,3115.0,2724.0,4095.0,4095.0,2138.0,2913.0,-0.86,9.23,-0.97,-0.26,0.17,-0.13,r
3056.0,2991.0,3109.0,2733.0,4095.0,4095.0,2143.0,2923.0,-0.37,9.64,-0.99,-0.11,0.05,-0.03,r
3056.0,2998.0,3125.0,2737.0,4095.0,4095.0,2149.0,2927.0,-0.11,9.43,-0.99,0.12,-0.1,-0.04,r
3056.0,2994.0,3120.0,2757.0,4095.0,4095.0,2163.0,2941.0,-0.08,9.57,-0.98,-0.03,-0.07,-0.07,r
3058.0,3005.0,3125.0,2762.0,4095.0,4095.0,2176.0,2955.0,-0.27,9.73,-0.87,0.05,0.07,-0.14,r
3056.0,3009.0,3125.0,2767.0,4095.0,4095.0,2182.0,2959.0,-0.46,9.54,-0.88,0.07,0.03,-0.11,r
3056.0,3002.0,3129.0,2769.0,4095.0,4095.0,2179.0,2958.0,-0.36,10.27,-1.21,0.0,-0.01,-0.13,r
3053.0,2999.0,3126.0,2769.0,4095.0,4095.0,2182.0,2956.0,-0.87,9.51,-0.95,0.01,-0.06,-0.05,r
3051.0,2999.0,3124.0,2773.0,4095.0,4095.0,2181.0,2948.0,-0.83,10.17,-1.07,-0.14,0.14,-0.03,r
3038.0,3161.0,3295.0,2773.0,4095.0,4095.0,2354.0,3114.0,-0.79,10.3,-0.85,0.34,-0.2,0.01,r
3053.0,3248.0,3349.0,2767.0,4095.0,4095.0,2431.0,3154.0,-0.54,8.75,-1.43,-0.1,0.06,-0.03,r
3047.0,3082.0,3222.0,2767.0,4095.0,4095.0,2276.0,3024.0,-0.26,10.04,-1.29,0.04,-0.03,0.11,r
3041.0,3071.0,3207.0,2795.0,4095.0,4095.0,2269.0,3027.0,-0.22,9.36,-1.11,0.05,0.15,0.04,r
3053.0,2978.0,3117.0,2818.0,4095.0,4095.0,2166.0,2948.0,0.0,9.55,-1.13,-0.01,0.09,0.01,r
3049.0,3071.0,3203.0,2821.0,4095.0,4095.0,2287.0,3056.0,-0.28,9.83,-1.16,-0.08,0.25,-0.13,r
3055.0,3071.0,3198.0,2826.0,4095.0,4095.0,2287.0,3063.0,-0.5,9.49,-0.87,0.1,0.1,-0.13,r
3049.0,3120.0,3242.0,2832.0,4095.0,4095.0,2338.0,3120.0,-1.19,9.68,-1.33,-0.19,0.28,-0.15,r
3054.0,3151.0,3271.0,2835.0,4095.0,4095.0,2368.0,3149.0,-1.09,9.56,-1.06,0.04,-0.01,0.16,r
3067.0,3041.0,3152.0,2867.0,4095.0,4095.0,2209.0,3041.0,-0.34,9.62,-1.4,-0.22,0.15,0.12,r
3068.0,2928.0,3038.0,2826.0,4095.0,4095.0,2115.0,2957.0,0.05,9.73,-1.22,-0.19,-0.1,0.13,r
3070.0,2959.0,3071.0,2754.0,4095.0,4095.0,2167.0,3024.0,0.04,9.46,-0.74,-0.17,0.17,0.03,r
3063.0,2928.0,3043.0,2706.0,4095.0,4095.0,2139.0,3008.0,-0.16,9.63,-0.88,-0.11,0.38,-0.1,r
3082.0,2961.0,3071.0,2722.0,4095.0,4095.0,2182.0,3041.0,-0.21,9.87,-0.76,0.01,0.09,-0.07,r
3069.0,2917.0,3024.0,2710.0,4095.0,4095.0,2160.0,3042.0,-0.74,9.25,-0.97,-0.08,0.1,-0.06,r
3081.0,2932.0,3035.0,2686.0,4095.0,4095.0,2215.0,3084.0,-0.4,10.01,-1.08,-0.05,-0.04,-0.03,r
3063.0,2942.0,3029.0,2739.0,4095.0,4095.0,2305.0,3149.0,-0.31,9.79,-1.09,-0.1,-0.34,0.03,r
3063.0,2921.0,3019.0,2743.0,4095.0,4095.0,2281.0,3158.0,-0.18,9.67,-1.1,-0.32,0.01,-0.09,r
3071.0,2921.0,3015.0,2779.0,4095.0,4095.0,2271.0,3179.0,0.17,9.75,-0.28,-0.02,-0.48,0.05,r
3055.0,2928.0,3025.0,2754.0,4095.0,4095.0,2275.0,3239.0,-0.93,9.48,-0.6,-0.13,0.39,-0.12,r
3056.0,2931.0,3027.0,2814.0,4095.0,4095.0,2274.0,3277.0,-0.87,9.82,-0.46,0.03,0.1,-0.06,r
3061.0,2923.0,3012.0,2845.0,4095.0,4095.0,2237.0,3247.0,-0.39,9.63,-0.58,-0.03,-0.15,0.02,r
3069.0,2914.0,3022.0,2848.0,4095.0,4095.0,2213.0,3120.0,-0.45,9.65,-0.82,0.15,-0.06,0.02,r
3069.0,2910.0,3024.0,2812.0,4095.0,4095.0,2199.0,2956.0,0.26,9.78,-0.62,-0.02,-0.12,0.03,r
3082.0,2910.0,3023.0,2815.0,4095.0,4095.0,2192.0,2971.0,-0.74,9.53,-0.93,-0.0,0.34,-0.05,r
3067.0,2915.0,3023.0,2871.0,4095.0,4095.0,2186.0,2997.0,-0.34,9.73,-0.92,-0.06,-0.01,-0.03,r
3061.0,2913.0,3025.0,2869.0,4095.0,4095.0,2185.0,2979.0,-0.23,9.65,-0.79,0.16,-0.28,-0.03,r
3054.0,2917.0,3021.0,2791.0,4095.0,4095.0,2221.0,2991.0,-0.27,9.74,-0.88,-0.07,0.1,0.05,r
3046.0,2912.0,3019.0,2868.0,4095.0,4095.0,2251.0,3024.0,-0.6,9.51,-0.89,-0.17,0.02,-0.03,r
3042.0,2923.0,3015.0,2817.0,4095.0,4095.0,2272.0,2949.0,-0.16,10.09,-0.7,0.12,-0.15,0.05,r
3047.0,2911.0,3019.0,2717.0,4095.0,4095.0,2273.0,2951.0,-0.48,9.32,-0.88,-0.06,-0.0,0.02,r
3037.0,2915.0,3018.0,2590.0,4095.0,4095.0,2223.0,2896.0,-0.29,9.89,-0.64,-0.02,0.01,0.01,r
3035.0,2910.0,3017.0,2544.0,4095.0,4095.0,2192.0,2862.0,-0.64,9.53,-0.75,0.03,-0.04,0.05,r
3027.0,2910.0,3006.0,2525.0,4095.0,4095.0,2175.0,2859.0,-0.47,9.67,-1.07,-0.14,0.22,-0.0,r
3037.0,2914.0,3019.0,2481.0,4095.0,4095.0,2175.0,2839.0,0.01,9.54,-0.84,-0.07,-0.18,0.05,r
3028.0,2929.0,3019.0,2535.0,4095.0,4095.0,2189.0,2866.0,0.19,9.36,-0.73,-0.09,-0.11,0.01,r
3024.0,2933.0,3026.0,2581.0,4095.0,4095.0,2194.0,2883.0,-0.44,9.87,-0.87,0.01,0.02,-0.04,r
3021.0,2941.0,3027.0,2608.0,4095.0,4095.0,2193.0,2876.0,-0.47,9.32,-1.0,-0.11,-0.08,-0.06,r
3011.0,2886.0,2987.0,2694.0,4095.0,4095.0,2128.0,2828.0,-0.22,9.71,-0.8,-0.04,-0.17,-0.03,r
3008.0,3146.0,3233.0,2787.0,4095.0,4095.0,2399.0,3022.0,-0.51,9.08,-0.86,-0.01,-0.36,0.09,r
3003.0,3110.0,3212.0,2823.0,4095.0,4095.0,2355.0,2997.0,0.16,9.94,-0.28,0.15,-0.07,-0.02,r
3005.0,3118.0,3205.0,2828.0,4095.0,4095.0,2351.0,2992.0,-0.18,8.9,-0.83,0.09,0.21,-0.05,r
3013.0,3114.0,3209.0,2857.0,4095.0,4095.0,2351.0,3007.0,0.01,10.23,-1.03,-0.04,0.11,-0.08,r
3013.0,3108.0,3206.0,2876.0,4095.0,4095.0,2332.0,3019.0,-0.39,9.76,-0.48,0.12,0.03,-0.11,r
3029.0,3120.0,3219.0,2749.0,4095.0,4095.0,2325.0,3027.0,-0.86,8.69,-1.48,-0.05,0.2,-0.02,r
3038.0,2879.0,2992.0,2613.0,4095.0,4095.0,1998.0,2771.0,-0.24,10.51,-1.19,0.18,0.02,0.05,r
3017.0,2855.0,2991.0,2533.0,4095.0,4095.0,1999.0,2802.0,-0.35,9.04,-1.53,-0.11,0.12,0.06,r
3017.0,2863.0,2989.0,2559.0,4095.0,4095.0,2037.0,2847.0,-0.27,9.33,-1.02,-0.01,0.25,0.03,r
3018.0,2873.0,2990.0,2559.0,4095.0,4095.0,2074.0,2877.0,-0.22,9.83,-0.9,-0.07,0.14,-0.04,r
3011.0,2864.0,2999.0,2559.0,4095.0,4095.0,2109.0,2914.0,-0.15,9.45,-0.99,-0.22,-0.03,0.01,r
3014.0,2880.0,3001.0,2559.0,4095.0,4095.0,2115.0,2925.0,-0.14,9.93,-0.93,-0.06,0.14,-0.04,r
3015.0,2881.0,3001.0,2547.0,4095.0,4095.0,2112.0,2869.0,-0.73,9.22,-0.97,-0.0,0.03,-0.06,r
3007.0,2867.0,2980.0,2511.0,4095.0,4095.0,2109.0,2823.0,-0.13,9.66,-0.63,0.15,-0.17,0.02,r
2983.0,3114.0,3209.0,2543.0,4095.0,4095.0,2386.0,3137.0,-0.1,9.8,-1.33,-0.21,0.3,-0.09,r
2962.0,3099.0,3185.0,2539.0,4095.0,4095.0,2398.0,3145.0,0.02,9.73,-0.99,0.17,-0.3,-0.02,r
2961.0,3012.0,3111.0,2545.0,4095.0,4095.0,2320.0,3088.0,-0.64,9.66,-0.92,-0.12,-0.0,-0.06,r
2962.0,3107.0,3178.0,2559.0,4095.0,4095.0,2404.0,3145.0,-0.67,9.92,-0.6,-0.05,-0.04,-0.02,r
2970.0,3093.0,3163.0,2592.0,4095.0,4095.0,2384.0,3157.0,-0.38,9.48,-0.81,-0.07,0.07,0.01,r
2978.0,3091.0,3165.0,2591.0,4095.0,4095.0,2327.0,3143.0,0.21,9.84,-0.86,-0.03,0.07,-0.04,r
3024.0,3066.0,3165.0,2559.0,4095.0,4095.0,2299.0,3109.0,-0.17,9.62,-0.63,0.04,0.06,-0.06,r
3024.0,2913.0,2993.0,2585.0,4095.0,4095.0,2144.0,2958.0,-0.72,9.19,-1.09,-0.21,0.34,-0.08,r
3015.0,2918.0,2996.0,2587.0,4095.0,4095.0,2146.0,2960.0,-0.46,9.8,-0.85,0.08,0.01,0.02,r
3009.0,2987.0,3088.0,2542.0,4095.0,4095.0,2212.0,2992.0,-0.44,9.34,-0.78,0.25,-0.18,-0.04,r
3003.0,3101.0,3182.0,2555.0,4095.0,4095.0,2350.0,3088.0,0.04,9.65,-0.74,-0.14,0.05,-0.06,r
2999.0,3086.0,3103.0,2513.0,4095.0,4095.0,2347.0,3109.0,-0.38,9.93,-0.92,0.01,0.03,0.03,r
2993.0,3091.0,3056.0,2495.0,4095.0,4095.0,2351.0,3152.0,-0.63,9.42,-0.92,0.11,0.08,-0.01,r
2995.0,3123.0,3041.0,2499.0,4095.0,4095.0,2404.0,3201.0,-0.35,9.63,-1.28,-0.1,0.12,-0.09,r
2991.0,3085.0,2965.0,2530.0,4095.0,4095.0,2359.0,3234.0,-0.51,9.75,-1.11,-0.02,0.09,-0.02,r
2989.0,3054.0,2960.0,2523.0,4095.0,4095.0,2333.0,3239.0,-0.17,9.56,-0.91,-0.01,0.1,-0.02,r
2960.0,3042.0,3051.0,2508.0,4095.0,4095.0,2326.0,3239.0,-0.47,9.59,-1.26,-0.24,0.23,-0.07,r
2939.0,3047.0,3107.0,2511.0,4095.0,4095.0,2320.0,3264.0,-0.18,10.11,-0.51,0.15,-0.26,0.05,r
2935.0,3053.0,3118.0,2533.0,4095.0,4095.0,2330.0,3281.0,-0.78,9.19,-1.03,-0.27,0.12,0.01,r
2939.0,3024.0,3093.0,2539.0,4095.0,4095.0,2303.0,3251.0,-0.48,9.78,-0.66,-0.11,0.09,0.14,r
2973.0,3018.0,3087.0,2550.0,4095.0,4095.0,2290.0,3211.0,-0.3,9.97,-0.59,-0.17,-0.02,0.07,r
2974.0,2997.0,3061.0,2545.0,4095.0,4095.0,2265.0,3162.0,-0.23,9.31,-1.3,-0.35,0.03,-0.05,r
2974.0,2973.0,3040.0,2559.0,4095.0,4095.0,2227.0,3142.0,0.01,9.99,-0.63,-0.11,-0.18,-0.06,r
2970.0,3047.0,3111.0,2611.0,4095.0,4095.0,2307.0,3199.0,-0.15,9.2,-0.28,-0.37,-0.32,-0.08,r
2977.0,3043.0,3105.0,2625.0,4095.0,4095.0,2303.0,3194.0,-0.24,10.04,0.25,-0.01,0.08,-0.13,r
2990.0,3047.0,3108.0,2637.0,4095.0,4095.0,2298.0,3209.0,-0.93,9.32,0.04,0.01,0.14,-0.05,r
3056.0,3042.0,3107.0,2646.0,4095.0,4095.0,2293.0,3200.0,-0.79,10.3,-0.5,-0.18,0.17,-0.08,r
3057.0,3023.0,3088.0,2625.0,4095.0,4095.0,2286.0,3150.0,-1.3,9.92,0.11,0.36,-0.2,0.17,r
3030.0,3008.0,3071.0,2633.0,4095.0,4095.0,2257.0,3083.0,-0.59,9.49,-0.98,-0.23,0.19,0.16,r
2998.0,3037.0,3103.0,2651.0,4095.0,4095.0,2301.0,3126.0,0.39,9.69,-0.54,0.0,-0.16,0.0,r
3001.0,3008.0,3071.0,2657.0,4095.0,4095.0,2282.0,3107.0,-0.02,9.49,-0.28,-0.12,0.23,-0.04,r
3001.0,3039.0,3102.0,2665.0,4095.0,4095.0,2303.0,3150.0,-0.52,9.7,-0.21,-0.09,0.17,-0.07,r
2999.0,3042.0,3110.0,2682.0,4095.0,4095.0,2295.0,3185.0,-0.6,9.74,-0.33,0.14,0.06,-0.03,r
2994.0,3035.0,3119.0,2711.0,4095.0,4095.0,2291.0,3200.0,0.07,9.65,-0.57,-0.11,0.02,-0.07,r
2991.0,3040.0,3120.0,2696.0,4095.0,4095.0,2302.0,3153.0,-0.86,10.03,-0.38,-0.01,-0.28,0.03,r
2983.0,3036.0,3120.0,2690.0,4095.0,4095.0,2294.0,3104.0,-0.08,9.71,0.05,0.29,-0.53,0.1,r
2992.0,3038.0,3109.0,2685.0,4095.0,4095.0,2288.0,3055.0,-0.1,9.41,-0.88,-0.35,0.12,0.07,r
2992.0,3044.0,3116.0,2655.0,4095.0,4095.0,2278.0,3004.0,0.08,10.4,-0.45,0.16,-0.12,-0.09,r
2996.0,3009.0,3091.0,2645.0,4095.0,4095.0,2274.0,2962.0,-0.16,9.05,0.03,0.05,-0.0,-0.06,r
2994.0,3036.0,3113.0,2659.0,4095.0,4095.0,2279.0,2987.0,-0.53,9.94,-0.14,0.03,0.2,-0.01,r
2994.0,3035.0,3111.0,2669.0,4095.0,4095.0,2275.0,2995.0,-0.37,9.81,-0.4,0.2,0.03,0.01,r
3002.0,3035.0,3114.0,2672.0,4095.0,4095.0,2274.0,3003.0,-0.45,9.17,-0.74,-0.13,-0.01,0.01,r
2998.0,3037.0,3105.0,2677.0,4095.0,4095.0,2273.0,3007.0,-0.29,9.74,-0.5,0.04,-0.04,0.06,r
2994.0,3027.0,3118.0,2679.0,4095.0,4095.0,2282.0,3023.0,-0.65,9.64,-0.29,0.18,0.03,0.05,r
2991.0,3026.0,3114.0,2689.0,4095.0,4095.0,2274.0,3025.0,-0.11,9.5,-0.99,-0.0,-0.03,0.03,r
2992.0,3040.0,3118.0,2685.0,4095.0,4095.0,2273.0,3009.0,0.15,10.1,-0.88,0.13,-0.05,-0.11,r
2999.0,3038.0,3117.0,2692.0,4095.0,4095.0,2267.0,2994.0,-0.3,8.97,-0.91,-0.2,-0.03,-0.07,r
2997.0,3037.0,3121.0,2695.0,4095.0,4095.0,2272.0,3014.0,-0.03,10.15,-0.75,-0.25,0.07,-0.1,r
3007.0,3039.0,3129.0,2695.0,4095.0,4095.0,2276.0,3019.0,-0.46,9.22,-0.39,-0.04,0.04,0.01,r
3005.0,3032.0,3120.0,2672.0,4095.0,4095.0,2269.0,3008.0,0.07,9.62,-0.51,-0.12,0.02,-0.07,r
3005.0,3042.0,3119.0,2672.0,4095.0,4095.0,2272.0,3010.0,-0.17,10.56,-0.29,0.21,-0.14,0.01,r
3009.0,3039.0,3120.0,2662.0,4095.0,4095.0,2267.0,2992.0,-0.51,8.95,-0.6,0.08,-0.02,0.0,r
3008.0,3034.0,3120.0,2662.0,4095.0,4095.0,2270.0,2993.0,-0.27,9.82,-0.81,0.07,-0.08,0.02,r
3007.0,3035.0,3127.0,2663.0,4095.0,4095.0,2266.0,2992.0,-0.76,9.73,-0.65,0.4,-0.09,0.1,r
3013.0,3037.0,3123.0,2684.0,4095.0,4095.0,2279.0,2981.0,-0.05,9.4,-1.23,-0.19,0.2,0.01,r
3010.0,3030.0,3120.0,2689.0,4095.0,4095.0,2281.0,2978.0,-0.1,9.72,-0.97,0.02,-0.13,0.1,r
3016.0,3040.0,3125.0,2694.0,4095.0,4095.0,2278.0,2987.0,-0.18,9.28,-1.12,-0.22,0.15,0.01,r
3008.0,3036.0,3123.0,2698.0,4095.0,4095.0,2286.0,2975.0,-0.07,9.68,-0.65,0.27,-0.1,-0.03,r
3014.0,3033.0,3120.0,2707.0,4095.0,4095.0,2289.0,2999.0,0.1,8.88,-1.46,-0.11,0.38,-0.22,r
3010.0,3035.0,3121.0,2763.0,4095.0,4095.0,2298.0,3039.0,-0.17,9.87,-1.16,-0.12,0.01,-0.12,r
3009.0,3037.0,3119.0,2795.0,4095.0,4095.0,2301.0,3054.0,-0.63,9.56,-0.74,0.02,0.26,-0.14,r
2993.0,3047.0,3119.0,2812.0,4095.0,4095.0,2305.0,3061.0,-0.47,9.89,-1.03,0.2,-0.07,-0.03,r
2993.0,3030.0,3127.0,2822.0,4095.0,4095.0,2309.0,3085.0,-0.67,9.52,-0.98,-0.03,0.1,-0.02,r
2989.0,3031.0,3119.0,2741.0,4095.0,4095.0,2322.0,3095.0,-0.65,9.17,-1.41,-0.19,0.06,-0.03,r
3003.0,3003.0,3094.0,2743.0,4095.0,4095.0,2303.0,3097.0,-0.77,9.95,-1.33,0.0,0.25,0.01,r
3008.0,3031.0,3120.0,2782.0,4095.0,4095.0,2333.0,3121.0,-0.81,8.84,-1.45,0.08,0.07,0.01,r
2997.0,2947.0,3028.0,2800.0,4095.0,4095.0,2235.0,3018.0,0.11,9.77,-1.36,-0.16,-0.24,0.07,r
2999.0,2941.0,3026.0,2800.0,4095.0,4095.0,2242.0,2992.0,0.21,9.62,-1.04,0.09,-0.02,0.06,r
3007.0,3031.0,3117.0,2797.0,4095.0,4095.0,2325.0,3061.0,-0.41,9.51,-1.06,-0.06,0.06,0.0,r
3003.0,3036.0,3113.0,2782.0,4095.0,4095.0,2322.0,3053.0,-0.68,10.01,-0.81,-0.07,-0.11,0.03,r
2998.0,3027.0,3120.0,2770.0,4095.0,4095.0,2313.0,3024.0,-0.16,9.02,-1.07,0.32,-0.35,0.19,r
2999.0,3027.0,3109.0,2778.0,4095.0,4095.0,2314.0,3024.0,-0.23,9.5,-1.46,-0.08,0.05,0.03,r
3003.0,3037.0,3120.0,2763.0,4095.0,4095.0,2306.0,3003.0,0.05,9.73,-1.53,0.14,-0.24,0.13,r
3007.0,3040.0,3114.0,2750.0,4095.0,4095.0,2319.0,2987.0,-0.31,9.11,-0.79,0.31,-0.01,0.22,r
3005.0,3050.0,3120.0,2727.0,4095.0,4095.0,2337.0,2966.0,-0.05,9.73,-1.87,0.3,0.49,0.22,r
3007.0,3046.0,3122.0,2729.0,4095.0,4095.0,2336.0,2980.0,1.01,9.88,-1.98,0.17,-0.13,0.03,r
3011.0,3040.0,3116.0,2739.0,4095.0,4095.0,2317.0,2989.0,0.54,9.03,-1.64,-0.24,-0.32,-0.1,r
3010.0,3047.0,3134.0,2751.0,4095.0,4095.0,2324.0,2996.0,0.0,10.17,-1.47,-0.03,0.03,-0.02,r
3002.0,3038.0,3112.0,2753.0,4095.0,4095.0,2323.0,3009.0,-0.67,9.46,-1.65,0.08,0.15,0.04,r
3005.0,3034.0,3120.0,2759.0,4095.0,4095.0,2322.0,3022.0,0.49,9.08,-2.09,-0.36,0.11,-0.07,r
3004.0,3049.0,3117.0,2737.0,4095.0,4095.0,2320.0,3013.0,0.66,10.04,-1.38,0.01,-0.11,-0.01,r
3003.0,3030.0,3120.0,2704.0,4095.0,4095.0,2318.0,3002.0,-0.1,9.22,-1.41,0.0,0.09,-0.02,r
3003.0,3027.0,3120.0,2601.0,4095.0,4095.0,2286.0,2960.0,0.29,9.9,-1.7,-0.17,0.03,-0.06,r
2995.0,3035.0,3115.0,2532.0,4095.0,4095.0,2282.0,2939.0,0.25,9.7,-1.52,0.09,-0.16,0.01,r
2996.0,3026.0,3112.0,2523.0,4095.0,4095.0,2286.0,2939.0,0.04,8.87,-1.77,-0.3,0.22,-0.08,r
2992.0,3026.0,3115.0,2544.0,4095.0,4095.0,2290.0,2951.0,0.13,9.97,-1.54,-0.18,0.09,-0.06,r
3004.0,3038.0,3115.0,2555.0,4095.0,4095.0,2297.0,2965.0,0.21,9.62,-1.07,0.03,-0.04,-0.0,r
3003.0,3045.0,3120.0,2559.0,4095.0,4095.0,2301.0,2979.0,0.24,9.26,-1.44,-0.13,0.02,-0.03,r
3002.0,3038.0,3126.0,2583.0,4095.0,4095.0,2290.0,2969.0,0.2,10.04,-1.5,-0.15,0.06,-0.09,r
3006.0,2965.0,3044.0,2559.0,4095.0,4095.0,2208.0,2873.0,0.05,9.4,-1.05,-0.03,-0.06,-0.01,r
3009.0,3006.0,3090.0,2579.0,4095.0,4095.0,2256.0,2918.0,0.23,9.77,-1.6,-0.29,0.22,-0.12,r
3019.0,3025.0,3107.0,2590.0,4095.0,4095.0,2271.0,2943.0,0.05,9.66,-1.02,-0.13,-0.12,-0.1,r
3014.0,3031.0,3120.0,2581.0,4095.0,4095.0,2285.0,2958.0,-0.27,9.17,-0.98,-0.38,0.03,-0.12,r
3013.0,3039.0,3121.0,2581.0,4095.0,4095.0,2293.0,2954.0,-0.06,10.22,-0.68,0.11,-0.16,0.05,r
3011.0,3041.0,3120.0,2587.0,4095.0,4095.0,2300.0,2956.0,-0.39,9.28,-0.81,-0.04,0.01,0.04,r
3002.0,3034.0,3131.0,2601.0,4095.0,4095.0,2291.0,2960.0,0.46,9.84,-1.6,-0.34,-0.06,-0.06,r
3003.0,3047.0,3121.0,2608.0,4095.0,4095.0,2282.0,2977.0,-0.18,9.86,-0.69,0.12,-0.08,0.06,r
3007.0,3041.0,3120.0,2608.0,4095.0,4095.0,2287.0,2976.0,-0.29,9.05,-0.84,-0.04,0.13,0.08,r
3009.0,3036.0,3121.0,2611.0,4095.0,4095.0,2288.0,2979.0,0.12,10.2,-0.78,-0.01,-0.41,0.24,r
3007.0,3035.0,3120.0,2597.0,4095.0,4095.0,2288.0,2981.0,0.46,9.64,-0.52,0.21,-0.08,0.11,r
3010.0,3034.0,3118.0,2604.0,4095.0,4095.0,2285.0,2981.0,0.24,9.29,-0.94,-0.2,0.44,0.03,r
3007.0,3036.0,3121.0,2622.0,4095.0,4095.0,2283.0,2992.0,0.08,9.95,-1.11,0.17,-0.12,0.14,r
3002.0,3036.0,3120.0,2641.0,4095.0,4095.0,2288.0,3007.0,0.45,9.04,-1.04,0.05,-0.29,0.06,r
3006.0,3034.0,3123.0,2647.0,4095.0,4095.0,2290.0,3006.0,0.51,9.94,-1.66,-0.15,0.21,-0.06,r
2993.0,3038.0,3120.0,2650.0,4095.0,4095.0,2294.0,3008.0,0.38,9.81,-1.12,0.19,-0.01,0.01,r
2987.0,3037.0,3125.0,2683.0,4095.0,4095.0,2288.0,3021.0,-0.36,9.45,-0.73,0.04,0.04,0.04,r
2992.0,3038.0,3120.0,2708.0,4095.0,4095.0,2292.0,3022.0,0.59,10.1,-1.37,0.04,0.05,-0.05,r
2992.0,3033.0,3119.0,2731.0,4095.0,4095.0,2291.0,3018.0,0.88,9.36,-1.07,0.28,-0.14,0.01,r
2995.0,3043.0,3120.0,2725.0,4095.0,4095.0,2295.0,3011.0,0.08,8.9,-1.83,-0.19,0.18,-0.0,r
2990.0,3037.0,3115.0,2731.0,4095.0,4095.0,2293.0,3008.0,0.54,10.65,-1.37,0.07,-0.0,-0.03,r
2992.0,3030.0,3120.0,2741.0,4095.0,4095.0,2295.0,3009.0,0.53,9.06,-1.14,0.2,-0.1,0.04,r
2986.0,3035.0,3120.0,2736.0,4095.0,4095.0,2304.0,3013.0,0.54,9.76,-1.9,-0.17,0.28,-0.12,r
2992.0,3040.0,3119.0,2714.0,4095.0,4095.0,2310.0,3024.0,0.6,10.01,-1.36,0.05,-0.18,-0.01,r
2993.0,3040.0,3119.0,2763.0,4095.0,4095.0,2320.0,3028.0,0.01,8.95,-1.16,-0.05,0.01,-0.01,r
2998.0,3039.0,3126.0,2768.0,4095.0,4095.0,2319.0,3034.0,0.04,10.11,-1.44,-0.08,0.19,-0.05,r
2993.0,3039.0,3120.0,2769.0,4095.0,4095.0,2320.0,3033.0,0.26,9.64,-1.43,0.08,-0.08,0.0,r
2998.0,3039.0,3120.0,2778.0,4095.0,4095.0,2321.0,3037.0,0.02,9.08,-1.51,-0.1,0.06,-0.01,r
2992.0,3030.0,3117.0,2781.0,4095.0,4095.0,2321.0,3041.0,0.11,10.04,-1.52,-0.06,0.09,0.01,r
2995.0,3026.0,3123.0,2755.0,4095.0,4095.0,2323.0,3043.0,0.19,9.17,-1.24,-0.05,-0.13,0.07,r
2997.0,3037.0,3118.0,2766.0,4095.0,4095.0,2321.0,3043.0,0.53,9.82,-1.57,-0.14,0.11,-0.05,r
2997.0,3028.0,3120.0,2763.0,4095.0,4095.0,2320.0,3051.0,0.37,9.66,-1.41,-0.03,-0.08,0.03,r
3001.0,3039.0,3118.0,2752.0,4095.0,4095.0,2320.0,3055.0,0.29,9.26,-1.24,-0.07,-0.08,0.04,r
2998.0,3014.0,3105.0,2750.0,4095.0,4095.0,2318.0,3053.0,0.54,10.08,-1.37,-0.1,0.07,-0.01,r
3005.0,3026.0,3117.0,2741.0,4095.0,4095.0,2320.0,3045.0,0.51,9.73,-0.88,-0.11,-0.06,0.04,r
3021.0,3034.0,3120.0,2746.0,4095.0,4095.0,2321.0,3043.0,0.53,9.24,-1.38,-0.24,0.08,-0.04,r
3014.0,3031.0,3122.0,2736.0,4095.0,4095.0,2320.0,3038.0,0.18,10.58,-0.62,-0.07,0.07,-0.07,r
3021.0,3029.0,3118.0,2716.0,4095.0,4095.0,2320.0,3031.0,-0.13,8.63,-1.32,-0.37,-0.07,-0.02,r
3020.0,3025.0,3125.0,2731.0,4095.0,4095.0,2324.0,3047.0,0.37,9.97,-1.23,-0.06,-0.09,-0.03,r
3025.0,3027.0,3119.0,2737.0,4095.0,4095.0,2323.0,3054.0,0.45,9.45,-1.06,0.14,0.19,0.01,r
3019.0,3034.0,3121.0,2747.0,4095.0,4095.0,2320.0,3062.0,0.55,9.57,-1.34,-0.17,0.14,-0.09,r
3021.0,3031.0,3127.0,2766.0,4095.0,4095.0,2321.0,3066.0,0.58,9.64,-0.68,-0.05,-0.1,-0.1,r
3024.0,3029.0,3120.0,2765.0,4095.0,4095.0,2330.0,3069.0,-0.21,9.22,-0.68,-0.15,0.09,-0.05,r
3026.0,3028.0,3118.0,2772.0,4095.0,4095.0,2336.0,3071.0,0.17,10.22,-0.63,-0.03,0.05,-0.01,r
3027.0,3028.0,3120.0,2777.0,4095.0,4095.0,2329.0,3071.0,0.01,9.61,-0.6,0.08,-0.05,-0.03,r
3026.0,3034.0,3128.0,2773.0,4095.0,4095.0,2333.0,3086.0,0.34,9.66,-1.26,0.05,0.1,-0.1,r
3035.0,3029.0,3120.0,2777.0,4095.0,4095.0,2331.0,3088.0,0.43,9.72,-1.41,0.23,-0.0,0.04,r
3029.0,3030.0,3119.0,2778.0,4095.0,4095.0,2335.0,3086.0,0.15,9.49,-1.25,-0.04,-0.03,0.04,r
3026.0,3024.0,3121.0,2794.0,4095.0,4095.0,2333.0,3086.0,0.3,10.43,-1.07,-0.17,-0.1,0.05,r
3030.0,3024.0,3122.0,2802.0,4095.0,4095.0,2333.0,3085.0,0.28,9.61,-1.14,-0.06,-0.2,0.04,r
3027.0,3027.0,3125.0,2816.0,4095.0,4095.0,2327.0,3105.0,0.11,9.07,-0.79,-0.26,-0.14,0.03,r
3025.0,3031.0,3120.0,2846.0,4095.0,4095.0,2323.0,3105.0,0.11,10.19,-1.0,0.07,-0.1,0.02,r
3023.0,3029.0,3121.0,2870.0,4095.0,4095.0,2325.0,3108.0,0.21,9.42,-1.12,-0.06,-0.37,0.04,r
3023.0,3026.0,3121.0,2869.0,4095.0,4095.0,2317.0,3099.0,0.18,10.24,-1.43,-0.01,-0.13,0.02,r
3026.0,3030.0,3119.0,2874.0,4095.0,4095.0,2306.0,3066.0,0.63,8.92,-1.0,0.33,-0.3,0.16,r
3028.0,3039.0,3129.0,2774.0,4095.0,4095.0,2303.0,3010.0,0.51,9.96,-1.14,-0.07,-0.14,0.03,r
3026.0,3039.0,3127.0,2723.0,4095.0,4095.0,2303.0,2991.0,0.91,9.85,-0.51,0.35,-0.35,0.08,r
3026.0,3038.0,3137.0,2783.0,4095.0,4095.0,2320.0,3009.0,0.85,9.51,-1.23,0.01,0.1,0.0,r
3024.0,3038.0,3126.0,2797.0,4095.0,4095.0,2320.0,3023.0,0.68,10.01,-1.4,0.12,-0.06,0.02,r
3022.0,3031.0,3121.0,2782.0,4095.0,4095.0,2327.0,3031.0,0.59,9.36,-1.62,-0.07,-0.1,0.05,r
3023.0,3028.0,3121.0,2784.0,4095.0,4095.0,2323.0,3034.0,0.75,9.62,-1.69,-0.17,0.04,-0.04,r
3024.0,3024.0,3121.0,2789.0,4095.0,4095.0,2324.0,3040.0,0.48,9.42,-0.59,0.0,-0.09,0.07,r
3030.0,3027.0,3115.0,2788.0,4095.0,4095.0,2320.0,3042.0,-0.27,9.79,-1.18,0.03,0.37,0.05,r
3021.0,3025.0,3114.0,2795.0,4095.0,4095.0,2320.0,3043.0,0.68,9.75,-1.17,0.26,-0.25,0.22,r
3023.0,3021.0,3118.0,2797.0,4095.0,4095.0,2320.0,3049.0,0.74,9.05,-1.99,-0.18,0.11,-0.08,r
3025.0,3024.0,3113.0,2800.0,4095.0,4095.0,2322.0,3050.0,1.57,9.86,-1.72,0.16,-0.16,-0.0,r
3025.0,3021.0,3118.0,2775.0,4095.0,4095.0,2309.0,3065.0,0.8,9.36,-1.73,-0.15,0.36,-0.27,r
3031.0,3018.0,3118.0,2670.0,4095.0,4095.0,2295.0,3041.0,0.28,9.38,-1.48,-0.14,0.32,-0.39,r
3029.0,3025.0,3120.0,2639.0,4095.0,4095.0,2289.0,3025.0,-0.06,9.67,-1.19,0.09,-0.16,-0.17,r
3042.0,3027.0,3120.0,2623.0,4095.0,4095.0,2295.0,3015.0,-0.35,9.48,-1.55,-0.11,-0.01,-0.08,r
3041.0,3022.0,3119.0,2652.0,4095.0,4095.0,2305.0,3020.0,0.28,10.15,-1.67,0.01,-0.16,0.13,r
3035.0,3033.0,3120.0,2675.0,4095.0,4095.0,2310.0,3030.0,0.34,9.28,-1.53,0.03,-0.08,0.14,r
3033.0,3024.0,3121.0,2695.0,4095.0,4095.0,2315.0,3045.0,0.88,9.89,-1.84,-0.02,0.09,0.05,r
3031.0,3022.0,3120.0,2726.0,4095.0,4095.0,2310.0,3050.0,0.69,9.48,-1.54,0.08,-0.1,0.02,r
3039.0,3024.0,3116.0,2730.0,4095.0,4095.0,2311.0,3051.0,0.34,9.52,-1.7,-0.16,0.31,-0.16,r
3035.0,3023.0,3127.0,2732.0,4095.0,4095.0,2319.0,3059.0,0.57,9.86,-1.25,0.04,-0.11,0.01,r
3038.0,3025.0,3120.0,2729.0,4095.0,4095.0,2320.0,3056.0,0.22,9.34,-1.42,-0.04,0.03,-0.04,r
3041.0,3024.0,3121.0,2720.0,4095.0,4095.0,2315.0,3042.0,0.39,9.92,-1.71,-0.02,0.08,-0.01,r
3038.0,3023.0,3118.0,2704.0,4095.0,4095.0,2314.0,3030.0,1.1,9.67,-1.8,-0.12,-0.0,-0.18,r
3040.0,3021.0,3120.0,2645.0,4095.0,4095.0,2295.0,3006.0,1.18,9.3,-1.59,-0.05,-0.29,-0.28,r
3042.0,3024.0,3121.0,2641.0,4095.0,4095.0,2298.0,2978.0,-0.24,9.59,-1.44,-0.21,-0.09,-0.17,r
3031.0,3024.0,3120.0,2666.0,4095.0,4095.0,2310.0,2992.0,-0.58,9.98,-0.87,0.27,-0.03,-0.02,r
3036.0,3019.0,3123.0,2681.0,4095.0,4095.0,2315.0,3003.0,-0.6,9.34,-1.47,-0.13,0.1,-0.05,r
3024.0,3023.0,3125.0,2695.0,4095.0,4095.0,2311.0,3011.0,0.17,10.28,-1.66,0.1,-0.1,0.06,r
3027.0,3019.0,3123.0,2700.0,4095.0,4095.0,2310.0,3017.0,-0.35,8.91,-1.58,-0.05,0.02,0.13,r
2582.0,2636.0,3120.0,2543.0,2817.0,3056.0,2335.0,2631.0,0.4,9.19,2.42,-0.17,0.14,-0.06,s
2559.0,2646.0,3120.0,2542.0,2816.0,3056.0,2342.0,2634.0,0.72,9.17,2.83,-0.02,-0.14,-0.0,s
2559.0,2640.0,3119.0,2539.0,2816.0,3059.0,2348.0,2638.0,0.16,9.19,2.65,0.02,0.09,0.02,s
2559.0,2650.0,3120.0,2546.0,2828.0,3061.0,2350.0,2640.0,0.59,9.09,2.76,0.13,-0.19,0.06,s
2559.0,2647.0,3119.0,2544.0,2831.0,3065.0,2354.0,2649.0,0.53,9.35,2.17,-0.02,0.14,-0.03,s
2559.0,2641.0,3116.0,2544.0,2829.0,3066.0,2355.0,2647.0,0.91,9.16,2.53,-0.05,-0.09,-0.05,s
2559.0,2654.0,3115.0,2546.0,2832.0,3071.0,2354.0,2656.0,0.37,9.23,2.53,-0.08,-0.01,-0.0,s
2559.0,2641.0,3110.0,2546.0,2831.0,3071.0,2361.0,2664.0,0.48,9.17,2.55,-0.04,0.09,-0.06,s
2559.0,2654.0,3121.0,2550.0,2832.0,3082.0,2367.0,2671.0,0.58,9.27,2.69,0.0,-0.1,0.03,s
2584.0,2640.0,3119.0,2548.0,2835.0,3082.0,2363.0,2672.0,0.27,9.16,2.37,0.0,0.07,-0.0,s
2593.0,2646.0,3118.0,2551.0,2833.0,3071.0,2366.0,2672.0,0.77,9.28,2.52,0.04,-0.05,0.03,s
2605.0,2658.0,3117.0,2559.0,2843.0,3086.0,2369.0,2686.0,0.47,9.05,2.52,0.03,-0.02,0.03,s
2615.0,2646.0,3115.0,2634.0,2851.0,3086.0,2379.0,2697.0,1.24,9.56,2.49,0.24,-0.03,0.06,s
2622.0,2633.0,3111.0,2732.0,2865.0,3071.0,2381.0,2695.0,0.35,9.0,2.36,0.16,-0.17,0.13,s
2669.0,2636.0,3119.0,2985.0,2901.0,3102.0,2414.0,2736.0,1.31,9.79,1.95,0.26,-0.22,0.13,s
2704.0,2628.0,3122.0,3220.0,2917.0,3120.0,2435.0,2765.0,0.94,9.1,1.84,-0.2,-0.1,-0.07,s
2800.0,2630.0,3127.0,3505.0,2915.0,3131.0,2434.0,2782.0,1.72,9.49,2.34,0.23,-0.1,-0.04,s
3132.0,2623.0,3128.0,3875.0,2906.0,3158.0,2475.0,2829.0,-0.43,9.35,1.76,-0.19,0.31,-0.13,s
3344.0,2609.0,3125.0,4023.0,2911.0,3184.0,2501.0,2846.0,0.84,9.29,2.37,-0.07,-0.21,-0.04,s
3303.0,2606.0,3122.0,4095.0,2957.0,3213.0,2531.0,2855.0,0.74,9.26,2.37,0.05,0.18,0.0,s
3283.0,2622.0,3123.0,4095.0,2993.0,3270.0,2559.0,2834.0,0.45,9.35,1.84,-0.33,0.27,-0.17,s
3271.0,2658.0,3126.0,4095.0,3011.0,3289.0,2583.0,2801.0,0.62,9.2,2.42,-0.11,-0.31,-0.05,s
3264.0,2665.0,3134.0,4043.0,3024.0,3259.0,2531.0,2770.0,0.75,9.51,2.47,0.11,0.0,0.12,s
3298.0,2669.0,3133.0,3764.0,3001.0,3201.0,2475.0,2755.0,1.09,9.18,2.32,-0.09,-0.05,0.05,s
3309.0,2677.0,3134.0,3452.0,2928.0,3122.0,2365.0,2720.0,0.53,9.5,2.06,0.22,-0.02,-0.0,s
3372.0,2688.0,3129.0,3317.0,2897.0,3115.0,2351.0,2706.0,0.37,8.97,2.06,-0.05,-0.16,0.04,s
3479.0,2695.0,3131.0,3156.0,2883.0,3124.0,2357.0,2691.0,0.66,9.6,1.91,0.07,-0.16,0.01,s
3487.0,2695.0,3136.0,2954.0,2877.0,3147.0,2370.0,2689.0,0.6,9.22,1.83,-0.25,-0.09,0.04,s
3541.0,2701.0,3128.0,2796.0,2866.0,3162.0,2383.0,2699.0,1.13,9.63,2.06,-0.04,-0.21,0.13,s
3654.0,2706.0,3131.0,2735.0,2865.0,3178.0,2411.0,2725.0,0.71,8.85,2.32,-0.37,-0.09,0.04,s
3792.0,2713.0,3133.0,2699.0,2865.0,3198.0,2421.0,2736.0,1.64,9.67,2.51,0.26,0.02,0.06,s
3954.0,2733.0,3133.0,2691.0,2864.0,3213.0,2435.0,2748.0,0.82,8.83,2.19,0.04,-0.03,0.11,s
4039.0,2734.0,3136.0,2724.0,2875.0,3214.0,2437.0,2754.0,1.14,9.49,1.76,-0.08,0.17,0.01,s
4019.0,2727.0,3134.0,2786.0,2885.0,3216.0,2433.0,2763.0,1.33,8.95,2.44,-0.0,0.2,0.13,s
4095.0,2704.0,3130.0,2939.0,2894.0,3216.0,2439.0,2765.0,0.87,9.42,1.73,-0.36,0.36,-0.1,s
4095.0,2702.0,3122.0,2931.0,2891.0,3220.0,2439.0,2768.0,0.61,9.18,2.59,0.2,-0.17,-0.04,s
4095.0,2705.0,3118.0,2851.0,2891.0,3232.0,2448.0,2777.0,0.6,9.17,1.95,-0.3,0.14,-0.03,s
4095.0,2705.0,3127.0,2847.0,2882.0,3247.0,2461.0,2770.0,1.6,9.26,2.75,-0.09,-0.09,0.03,s
4095.0,2704.0,3125.0,2973.0,2858.0,3257.0,2465.0,2768.0,0.64,9.0,2.36,-0.16,0.13,0.04,s
4095.0,2713.0,3131.0,2950.0,2864.0,3265.0,2471.0,2769.0,1.06,9.46,2.46,0.07,-0.05,-0.06,s
4095.0,2705.0,3120.0,2942.0,2864.0,3269.0,2480.0,2773.0,1.17,9.17,2.26,-0.2,0.18,-0.02,s
4095.0,2699.0,3123.0,2912.0,2861.0,3271.0,2480.0,2771.0,0.14,9.19,2.49,0.15,0.06,-0.04,s
4095.0,2695.0,3124.0,2763.0,2868.0,3277.0,2479.0,2784.0,1.55,9.67,2.48,0.11,-0.01,-0.03,s
4095.0,2693.0,3125.0,2726.0,2871.0,3282.0,2484.0,2798.0,0.91,8.88,2.31,-0.12,-0.1,0.02,s
31.0,2699.0,3112.0,2701.0,2864.0,3274.0,2480.0,2800.0,1.01,9.42,2.16,0.02,0.17,0.0,s
36.0,2689.0,3117.0,2695.0,2854.0,3282.0,2480.0,2815.0,1.2,9.05,2.44,0.01,-0.06,-0.02,s
25.0,2693.0,3114.0,2688.0,2843.0,3285.0,2477.0,2827.0,0.81,9.35,1.99,0.08,0.06,0.03,s
20.0,2691.0,3104.0,2757.0,2848.0,3301.0,2490.0,2851.0,1.24,9.24,2.13,0.06,0.06,0.05,s
25.0,2698.0,3120.0,2795.0,2857.0,3315.0,2497.0,2881.0,1.19,9.31,2.06,-0.07,-0.04,-0.02,s
4095.0,2702.0,3121.0,2830.0,2864.0,3341.0,2512.0,2897.0,1.04,8.86,2.31,-0.05,0.09,0.02,s
4095.0,2704.0,3128.0,2908.0,2879.0,3339.0,2510.0,2918.0,0.99,9.68,2.01,0.04,0.33,0.03,s
4095.0,2704.0,3133.0,2942.0,2906.0,3328.0,2518.0,2928.0,0.45,9.1,2.33,-0.27,0.08,0.01,s
4095.0,2714.0,3135.0,3062.0,2902.0,3293.0,2521.0,2911.0,0.2,9.43,2.27,-0.21,0.29,-0.04,s
3988.0,2706.0,3136.0,3165.0,2906.0,3246.0,2497.0,2866.0,1.22,9.37,2.58,-0.08,-0.11,-0.01,s
3819.0,2704.0,3134.0,3329.0,2931.0,3217.0,2480.0,2850.0,1.1,9.31,2.26,-0.3,0.0,-0.05,s
3583.0,2704.0,3130.0,3387.0,2960.0,3199.0,2479.0,2848.0,0.82,9.29,2.64,-0.2,0.28,-0.09,s
3408.0,2707.0,3130.0,3408.0,2983.0,3197.0,2480.0,2863.0,1.37,9.15,2.95,0.04,0.07,0.02,s
3003.0,2711.0,3129.0,3447.0,2991.0,3162.0,2469.0,2864.0,0.9,9.31,2.58,-0.12,0.07,-0.02,s
2895.0,2701.0,3136.0,3430.0,2998.0,3151.0,2444.0,2852.0,1.36,8.85,2.99,-0.02,-0.09,-0.03,s
2822.0,2704.0,3135.0,3451.0,3006.0,3127.0,2442.0,2845.0,1.08,9.09,2.45,-0.24,0.1,-0.08,s
2714.0,2692.0,3131.0,3482.0,3024.0,3114.0,2442.0,2843.0,0.89,9.21,2.92,-0.3,0.11,-0.11,s
1120.0,2687.0,3129.0,3583.0,3031.0,3109.0,2438.0,2838.0,1.3,8.76,3.27,-0.28,0.01,-0.08,s
1107.0,2689.0,3136.0,3639.0,3047.0,3107.0,2438.0,2839.0,0.82,9.15,3.01,-0.17,0.14,-0.07,s
1152.0,2686.0,3135.0,3714.0,3067.0,3123.0,2462.0,2865.0,0.47,9.22,3.14,-0.12,0.13,-0.03,s
1154.0,2690.0,3151.0,3650.0,3088.0,3131.0,2462.0,2870.0,0.79,8.99,3.26,0.07,0.04,-0.04,s
1136.0,2688.0,3151.0,3455.0,3056.0,3135.0,2475.0,2879.0,1.02,8.66,3.33,-0.13,-0.1,-0.01,s
1133.0,2689.0,3139.0,3249.0,3006.0,3133.0,2468.0,2864.0,0.43,9.43,3.25,0.13,0.14,0.05,s
1135.0,2697.0,3151.0,3138.0,2994.0,3127.0,2473.0,2855.0,0.64,8.61,3.54,0.17,-0.01,0.1,s
1136.0,2702.0,3162.0,3071.0,2994.0,3121.0,2465.0,2850.0,0.75,9.09,2.6,-0.11,0.13,0.04,s
1136.0,2702.0,3150.0,3010.0,2992.0,3127.0,2451.0,2849.0,1.79,8.9,3.19,-0.12,0.07,-0.05,s
1129.0,2695.0,3142.0,2960.0,2992.0,3136.0,2461.0,2861.0,0.92,8.55,3.41,-0.13,0.01,-0.03,s
1130.0,2694.0,3146.0,2925.0,2982.0,3157.0,2467.0,2878.0,0.82,9.27,3.22,0.07,0.3,-0.1,s
1137.0,2704.0,3152.0,2917.0,2986.0,3169.0,2479.0,2893.0,0.4,8.91,3.38,0.04,0.01,-0.03,s
1127.0,2710.0,3153.0,2895.0,2975.0,3185.0,2483.0,2906.0,0.94,8.89,2.66,0.02,0.08,-0.03,s
1133.0,2731.0,3169.0,2863.0,2960.0,3216.0,2511.0,2938.0,0.72,9.22,2.9,0.06,0.11,-0.03,s
1138.0,2842.0,3280.0,2845.0,2961.0,3343.0,2642.0,3054.0,0.52,9.03,3.06,-0.04,0.17,-0.1,s
1137.0,2795.0,3229.0,2838.0,2966.0,3306.0,2595.0,3011.0,0.47,9.11,3.23,-0.03,0.04,-0.05,s
1136.0,2885.0,3309.0,2859.0,2978.0,3393.0,2685.0,3105.0,0.13,9.14,3.11,0.03,-0.06,0.04,s
1136.0,2800.0,3232.0,2864.0,2980.0,3312.0,2602.0,3023.0,0.5,9.1,3.07,0.0,0.11,-0.01,s
1135.0,2915.0,3338.0,2864.0,2979.0,3405.0,2709.0,3123.0,0.66,9.1,3.09,0.03,-0.06,0.04,s
1136.0,2882.0,3313.0,2835.0,2961.0,3380.0,2685.0,3103.0,1.07,9.08,2.72,-0.01,-0.17,-0.0,s
1133.0,2873.0,3312.0,2801.0,2958.0,3370.0,2672.0,3090.0,0.5,8.87,2.7,-0.21,-0.12,-0.04,s
1131.0,2870.0,3294.0,2797.0,2957.0,3367.0,2661.0,3088.0,0.76,8.97,3.43,-0.02,-0.09,-0.06,s
1131.0,2849.0,3287.0,2853.0,2960.0,3361.0,2650.0,3038.0,0.52,9.14,3.39,0.01,-0.17,0.09,s
1122.0,2826.0,3280.0,2881.0,2960.0,3341.0,2637.0,3003.0,0.72,9.11,2.85,-0.06,-0.05,0.06,s
1127.0,2805.0,3279.0,2909.0,2961.0,3323.0,2638.0,3001.0,0.98,8.85,2.84,-0.18,0.1,-0.05,s
1139.0,2799.0,3266.0,2950.0,2975.0,3312.0,2645.0,3007.0,0.94,9.04,3.24,-0.1,-0.1,-0.01,s
1168.0,2794.0,3263.0,3024.0,2987.0,3312.0,2655.0,3025.0,0.13,8.92,3.23,-0.23,0.04,-0.04,s
1264.0,2769.0,3266.0,3083.0,3005.0,3315.0,2679.0,3055.0,0.36,9.1,3.19,-0.5,0.16,-0.08,s
1709.0,2733.0,3261.0,3152.0,3018.0,3329.0,2716.0,3096.0,1.01,8.64,3.3,-0.44,-0.11,-0.08,s
1701.0,2731.0,3252.0,3187.0,3030.0,3329.0,2736.0,3123.0,0.62,8.44,3.73,-0.35,-0.09,-0.08,s
1505.0,2675.0,3248.0,3277.0,3037.0,3351.0,2775.0,3152.0,0.08,8.62,4.46,-0.2,0.12,-0.05,s
1423.0,2585.0,3248.0,3283.0,3039.0,3357.0,2855.0,3196.0,0.86,8.66,3.29,-0.01,-0.31,-0.02,s
1456.0,2544.0,3258.0,3298.0,3050.0,3386.0,2873.0,3198.0,1.06,8.4,4.04,-0.01,0.06,-0.07,s
1482.0,2450.0,3248.0,3303.0,3042.0,3395.0,2850.0,3200.0,0.51,8.74,3.6,0.19,-0.21,0.0,s
1379.0,2444.0,3249.0,3274.0,3026.0,3409.0,2855.0,3226.0,1.25,8.9,3.27,-0.0,0.01,-0.13,s
1359.0,2421.0,3251.0,3255.0,3031.0,3348.0,2832.0,3149.0,0.74,8.54,3.72,0.01,0.12,-0.01,s
1404.0,2428.0,3253.0,3262.0,3035.0,3324.0,2810.0,3120.0,-0.26,8.45,4.29,-0.05,0.22,-0.05,s
1392.0,2423.0,3241.0,3247.0,3023.0,3271.0,2752.0,3092.0,0.14,8.94,3.52,0.08,0.07,0.1,s
1397.0,2439.0,3255.0,3248.0,3022.0,3267.0,2719.0,3055.0,1.05,9.0,2.99,-0.16,0.04,0.06,s
1239.0,2444.0,3248.0,3163.0,3007.0,3247.0,2704.0,3023.0,1.16,8.6,3.9,-0.06,0.07,0.01,s
1217.0,2463.0,3248.0,3095.0,2992.0,3216.0,2655.0,3003.0,0.6,8.66,3.79,-0.03,0.25,-0.05,s
1216.0,2461.0,3265.0,3050.0,2987.0,3219.0,2640.0,2992.0,0.23,9.06,3.6,-0.03,0.08,0.06,s
1196.0,2473.0,3259.0,2999.0,2975.0,3222.0,2634.0,2986.0,0.63,8.75,3.6,-0.05,0.12,0.02,s
1200.0,2481.0,3251.0,2978.0,2971.0,3224.0,2630.0,2980.0,0.87,8.76,3.7,-0.0,0.02,0.03,s
1202.0,2481.0,3248.0,2959.0,2960.0,3221.0,2624.0,2991.0,0.65,8.67,3.54,-0.1,0.05,-0.03,s
1215.0,2480.0,3248.0,2964.0,2969.0,3218.0,2625.0,2991.0,0.77,8.71,3.96,0.04,-0.03,-0.0,s
1230.0,2480.0,3239.0,2967.0,2969.0,3216.0,2615.0,2978.0,0.54,8.78,3.84,0.06,-0.08,0.02,s
1250.0,2489.0,3245.0,2980.0,2967.0,3219.0,2624.0,2974.0,0.73,8.59,3.42,-0.04,0.15,-0.02,s
1247.0,2485.0,3251.0,2938.0,2963.0,3223.0,2623.0,2983.0,0.67,8.62,3.58,-0.06,0.07,-0.03,s
1246.0,2482.0,3248.0,2922.0,2960.0,3228.0,2623.0,2978.0,0.64,8.91,3.8,-0.05,0.01,-0.04,s
1251.0,2489.0,3241.0,2897.0,2955.0,3229.0,2622.0,2981.0,0.53,8.82,3.66,0.02,-0.02,0.01,s
1258.0,2480.0,3239.0,2896.0,2955.0,3223.0,2633.0,2985.0,0.58,8.75,3.64,-0.02,-0.09,0.05,s
1342.0,2480.0,3237.0,2895.0,2951.0,3230.0,2640.0,2974.0,1.23,8.81,3.16,-0.04,-0.16,-0.05,s
1473.0,2478.0,3237.0,2910.0,2957.0,3237.0,2653.0,2975.0,0.06,8.92,3.71,-0.05,0.04,-0.02,s
1493.0,2478.0,3237.0,2931.0,2957.0,3246.0,2672.0,2975.0,-0.04,8.77,4.1,0.1,-0.08,0.1,s
1559.0,2461.0,3223.0,2929.0,2949.0,3239.0,2704.0,3010.0,1.23,8.94,2.93,-0.14,-0.15,-0.06,s
1362.0,2463.0,3229.0,2932.0,2953.0,3238.0,2720.0,3023.0,1.19,8.7,3.34,-0.2,-0.05,-0.14,s
1434.0,2469.0,3219.0,2947.0,2954.0,3251.0,2725.0,3020.0,-0.02,8.8,4.16,-0.01,0.22,-0.03,s
1419.0,2474.0,3216.0,2965.0,2960.0,3250.0,2743.0,3045.0,0.42,8.6,3.62,0.13,0.01,-0.09,s
1409.0,2494.0,3226.0,2976.0,2963.0,3265.0,2757.0,3065.0,1.21,8.67,2.9,-0.13,0.11,-0.11,s
1423.0,2491.0,3194.0,2973.0,2960.0,3273.0,2751.0,3119.0,0.8,8.93,3.98,-0.08,0.01,-0.05,s
1339.0,2503.0,3041.0,2973.0,2960.0,3267.0,2749.0,3266.0,-0.22,8.56,4.11,-0.15,0.27,-0.02,s
1275.0,2512.0,2925.0,2975.0,2960.0,3266.0,2737.0,3319.0,0.76,8.56,3.58,-0.05,-0.11,-0.11,s
1284.0,2510.0,2919.0,2964.0,2953.0,3273.0,2724.0,3331.0,0.58,8.66,3.78,-0.12,0.02,-0.03,s
1266.0,2516.0,2911.0,2962.0,2954.0,3270.0,2734.0,3262.0,0.17,8.55,3.96,-0.01,0.11,-0.07,s
1252.0,2559.0,2919.0,2950.0,2954.0,3275.0,2734.0,3167.0,0.2,8.75,3.91,0.02,0.14,-0.0,s
1243.0,2587.0,2930.0,2939.0,2946.0,3269.0,2718.0,3173.0,0.6,8.57,3.78,-0.07,-0.03,-0.02,s
1237.0,2585.0,2929.0,2935.0,2948.0,3267.0,2699.0,3165.0,0.04,8.71,3.76,-0.02,0.1,-0.01,s
1261.0,2559.0,2928.0,2929.0,2950.0,3268.0,2675.0,3184.0,0.45,8.78,3.8,-0.16,0.01,-0.0,s
1264.0,2550.0,2925.0,2934.0,2949.0,3270.0,2679.0,3269.0,0.73,8.73,3.85,0.03,-0.01,0.02,s
1281.0,2544.0,2890.0,2949.0,2946.0,3270.0,2689.0,3312.0,-0.0,8.56,3.99,-0.18,0.08,0.0,s
1376.0,2538.0,2868.0,2959.0,2946.0,3275.0,2693.0,3353.0,0.21,8.57,4.01,-0.06,0.0,-0.03,s
1382.0,2523.0,2865.0,2960.0,2947.0,3275.0,2688.0,3381.0,0.14,8.54,4.07,-0.09,0.15,-0.0,s
1378.0,2518.0,2835.0,2928.0,2941.0,3268.0,2690.0,3419.0,0.71,8.74,3.69,0.06,0.14,-0.04,s
1406.0,2526.0,2827.0,2897.0,2940.0,3279.0,2700.0,3413.0,0.31,8.61,3.96,0.04,-0.01,0.02,s
1583.0,2525.0,2832.0,2887.0,2940.0,3287.0,2704.0,3383.0,0.2,8.57,3.81,-0.12,0.09,-0.05,s
1649.0,2519.0,2832.0,2879.0,2942.0,3284.0,2674.0,3370.0,0.14,8.67,4.22,0.07,0.17,-0.02,s
1655.0,2527.0,2831.0,2865.0,2944.0,3290.0,2670.0,3371.0,0.17,8.8,3.83,0.04,0.04,0.06,s
1648.0,2522.0,2832.0,2857.0,2941.0,3296.0,2678.0,3374.0,0.16,8.54,3.43,-0.09,-0.01,-0.01,s
1651.0,2519.0,2828.0,2866.0,2942.0,3299.0,2675.0,3370.0,0.69,8.67,3.78,-0.15,0.04,-0.08,s
1639.0,2522.0,2826.0,2863.0,2941.0,3296.0,2679.0,3368.0,-0.1,8.67,3.99,0.04,-0.1,-0.03,s
1635.0,2529.0,2832.0,2864.0,2945.0,3306.0,2682.0,3375.0,0.09,8.63,4.09,-0.11,0.02,-0.04,s
1635.0,2522.0,2822.0,2861.0,2946.0,3307.0,2685.0,3379.0,0.01,8.74,3.73,-0.02,-0.07,-0.01,s
1616.0,2525.0,2822.0,2851.0,2943.0,3306.0,2687.0,3376.0,0.41,8.62,3.58,-0.09,0.17,-0.08,s
1625.0,2526.0,2825.0,2869.0,2950.0,3310.0,2683.0,3370.0,-0.26,8.61,4.33,0.03,-0.15,0.06,s
1612.0,2521.0,2826.0,2911.0,2961.0,3286.0,2670.0,3342.0,-0.11,8.63,3.91,0.09,-0.21,0.04,s
1602.0,2519.0,2817.0,2917.0,2959.0,3282.0,2672.0,3343.0,0.57,8.68,3.62,0.07,0.07,0.0,s
1639.0,2513.0,2832.0,3025.0,2978.0,3281.0,2676.0,3362.0,0.17,8.65,3.54,-0.09,-0.06,-0.11,s
1593.0,2514.0,2843.0,3251.0,2992.0,3273.0,2679.0,3344.0,0.46,8.87,4.01,0.09,-0.2,-0.05,s
1463.0,2514.0,2838.0,3291.0,2978.0,3279.0,2684.0,3342.0,-0.68,8.8,3.72,0.01,0.14,0.01,s
1450.0,2512.0,2845.0,3303.0,2973.0,3286.0,2693.0,3333.0,0.51,8.8,3.29,-0.12,-0.09,-0.05,s
1313.0,2511.0,2851.0,3376.0,2953.0,3302.0,2724.0,3291.0,0.45,8.61,3.51,-0.09,-0.17,-0.11,s
1290.0,2518.0,2879.0,3179.0,2944.0,3330.0,2756.0,3224.0,-0.11,8.83,4.0,-0.09,0.17,-0.05,s
1357.0,2512.0,2898.0,3175.0,2963.0,3334.0,2762.0,3201.0,0.46,8.55,4.01,0.01,-0.14,0.01,s
1474.0,2514.0,2912.0,3237.0,2992.0,3312.0,2704.0,3186.0,0.13,8.67,4.04,0.03,0.03,0.01,s
1211.0,2498.0,2928.0,3314.0,2999.0,3246.0,2624.0,3153.0,0.57,8.77,3.75,-0.13,0.11,-0.02,s
1098.0,2496.0,2930.0,3379.0,3006.0,3189.0,2604.0,3126.0,1.02,8.52,3.92,-0.29,-0.5,-0.13,s
1097.0,2503.0,2937.0,3386.0,3017.0,3193.0,2619.0,3161.0,-0.93,8.78,3.93,-0.13,0.21,-0.04,s
1097.0,2494.0,2935.0,3398.0,3010.0,3183.0,2598.0,3137.0,0.23,8.75,4.14,0.14,0.21,0.01,s
1100.0,2498.0,2953.0,3216.0,3007.0,3157.0,2559.0,3093.0,0.16,8.71,4.05,0.09,-0.24,0.13,s
1089.0,2497.0,2992.0,2951.0,2945.0,3167.0,2559.0,3062.0,0.78,8.54,3.49,-0.12,-0.18,0.02,s
1088.0,2504.0,2992.0,2781.0,2919.0,3187.0,2586.0,3071.0,0.67,8.65,3.78,-0.12,0.05,-0.03,s
1075.0,2502.0,2994.0,2687.0,2899.0,3199.0,2601.0,3086.0,0.19,8.7,4.06,-0.01,-0.02,0.07,s
1072.0,2502.0,2990.0,2613.0,2879.0,3215.0,2617.0,3104.0,-0.0,8.76,3.95,-0.04,0.02,0.02,s
1072.0,2503.0,2987.0,2579.0,2864.0,3222.0,2614.0,3124.0,0.08,8.62,3.63,-0.06,0.16,-0.02,s
1073.0,2499.0,2947.0,2538.0,2848.0,3216.0,2608.0,3164.0,0.47,8.76,3.92,0.06,-0.05,0.04,s
1086.0,2512.0,2937.0,2544.0,2847.0,3216.0,2592.0,3169.0,0.38,8.35,3.78,-0.22,0.17,-0.08,s
1089.0,2499.0,3055.0,2626.0,2869.0,3225.0,2559.0,3082.0,0.33,8.57,4.14,0.06,0.06,0.03,s
1093.0,2491.0,3082.0,2791.0,2907.0,3207.0,2585.0,3105.0,-0.83,8.87,4.61,-0.03,-0.03,-0.27,s
1085.0,2475.0,2992.0,2795.0,2919.0,3200.0,2631.0,3184.0,0.4,8.55,3.47,-0.18,-0.3,-0.08,s
1076.0,2483.0,2911.0,2770.0,2919.0,3217.0,2658.0,3227.0,1.25,8.59,3.28,-0.24,-0.09,0.04,s
1075.0,2499.0,2923.0,2790.0,2924.0,3237.0,2666.0,3206.0,-0.2,8.6,4.48,-0.15,-0.2,0.06,s
1072.0,2503.0,2909.0,2850.0,2925.0,3242.0,2682.0,3184.0,-0.97,8.45,4.73,-0.16,0.08,-0.08,s
1078.0,2499.0,2907.0,2961.0,2937.0,3261.0,2727.0,3175.0,1.12,8.65,4.46,0.03,-0.04,-0.02,s
1072.0,2507.0,3146.0,3173.0,2951.0,3282.0,2769.0,3081.0,1.27,8.6,3.85,-0.04,-0.21,-0.04,s
1078.0,2503.0,3183.0,3189.0,2949.0,3280.0,2765.0,3071.0,-0.71,8.35,3.95,-0.27,0.21,-0.1,s
1071.0,2503.0,3176.0,3189.0,2958.0,3271.0,2732.0,3003.0,0.62,8.73,4.4,-0.0,0.23,0.0,s
1082.0,2507.0,3178.0,3151.0,2957.0,3263.0,2678.0,2960.0,0.03,8.22,4.61,-0.18,-0.03,-0.09,s
1087.0,2500.0,3174.0,2825.0,2925.0,3277.0,2689.0,3007.0,0.19,8.35,4.07,-0.01,0.28,-0.11,s
2729.0,2497.0,3174.0,2515.0,2955.0,3287.0,2701.0,3054.0,0.48,9.14,4.24,0.07,-0.04,-0.06,s
3910.0,2489.0,3165.0,2490.0,2950.0,3286.0,2695.0,3055.0,0.18,8.16,4.31,-0.07,-0.17,-0.1,s
3954.0,2495.0,3180.0,2544.0,2961.0,3284.0,2683.0,3047.0,0.03,8.71,4.34,0.12,-0.06,0.09,s
3856.0,2489.0,3181.0,2559.0,2945.0,3273.0,2666.0,3024.0,0.03,8.39,4.41,0.1,-0.05,0.07,s
3757.0,2495.0,3186.0,2587.0,2933.0,3275.0,2660.0,3009.0,0.78,8.72,3.81,-0.02,-0.09,-0.0,s
3703.0,2496.0,3181.0,2672.0,2922.0,3273.0,2661.0,3010.0,0.22,8.51,4.35,0.1,-0.08,0.02,s
3612.0,2501.0,3184.0,2866.0,2912.0,3264.0,2655.0,3013.0,0.22,8.51,3.99,-0.08,-0.01,-0.05,s
3206.0,2512.0,3185.0,3052.0,2942.0,3248.0,2640.0,2997.0,0.43,8.73,3.88,-0.06,-0.06,-0.05,s
3136.0,2502.0,3187.0,3088.0,2957.0,3242.0,2640.0,3007.0,-0.22,8.42,4.41,0.1,-0.14,0.02,s
3039.0,2510.0,3187.0,2943.0,2960.0,3238.0,2640.0,3007.0,0.41,8.55,4.21,0.05,0.02,0.1,s
3026.0,2510.0,3185.0,2753.0,2928.0,3229.0,2631.0,2994.0,0.59,8.77,3.74,0.02,0.1,0.03,s
3061.0,2499.0,3186.0,2653.0,2913.0,3233.0,2642.0,2983.0,0.43,8.62,3.9,-0.05,-0.06,-0.02,s
3134.0,2512.0,3186.0,2607.0,2891.0,3231.0,2640.0,2975.0,-0.13,8.75,3.95,-0.02,0.2,-0.01,s
3136.0,2510.0,3191.0,2546.0,2880.0,3233.0,2631.0,2960.0,0.01,8.57,4.32,0.03,0.09,0.08,s
3152.0,2530.0,3190.0,2502.0,2865.0,3248.0,2639.0,2961.0,-0.09,8.44,3.62,-0.07,0.27,-0.02,s
3189.0,2535.0,3195.0,2487.0,2864.0,3266.0,2647.0,2977.0,0.53,8.88,3.86,0.1,0.13,0.02,s
3220.0,2549.0,3189.0,2493.0,2865.0,3281.0,2653.0,2992.0,0.02,8.34,3.89,-0.03,-0.13,0.0,s
3231.0,2539.0,3184.0,2512.0,2861.0,3290.0,2657.0,3002.0,0.57,8.84,3.78,0.12,0.05,-0.01,s
3219.0,2539.0,3187.0,2543.0,2867.0,3291.0,2657.0,3014.0,0.39,8.61,4.14,0.18,-0.19,0.06,s
3182.0,2535.0,3197.0,2617.0,2890.0,3283.0,2678.0,3024.0,0.26,8.81,3.45,-0.06,0.01,0.01,s
3282.0,2924.0,3039.0,3750.0,3735.0,3153.0,2518.0,2865.0,3.05,9.03,-0.39,0.23,-0.1,0.05,t
3279.0,2957.0,3071.0,3894.0,3740.0,3189.0,2559.0,2918.0,3.16,9.43,-0.54,0.28,0.01,-0.15,t
3287.0,2949.0,3071.0,3977.0,3776.0,3217.0,2586.0,2928.0,3.03,9.19,-0.88,0.06,-0.05,-0.06,t
3289.0,2942.0,3071.0,3975.0,3838.0,3233.0,2586.0,2915.0,3.16,9.11,-0.6,-0.04,-0.06,0.01,t
3289.0,2950.0,3071.0,3983.0,3834.0,3237.0,2581.0,2914.0,3.22,8.96,-1.15,-0.17,-0.06,-0.04,t
3296.0,2953.0,3071.0,4026.0,3769.0,3225.0,2559.0,2925.0,3.76,8.84,-0.64,-0.14,-0.1,-0.05,t
3287.0,2945.0,3071.0,3989.0,3663.0,3198.0,2586.0,2933.0,2.99,9.34,-0.47,-0.05,0.23,-0.27,t
3282.0,2946.0,3067.0,3985.0,3646.0,3184.0,2591.0,2940.0,2.42,9.65,-0.28,-0.1,-0.09,-0.09,t
3282.0,2946.0,3071.0,4006.0,3653.0,3187.0,2599.0,2943.0,2.67,9.28,-0.17,-0.26,0.0,-0.11,t
3280.0,2947.0,3071.0,3980.0,3661.0,3166.0,2598.0,2953.0,2.88,9.62,-0.37,0.13,-0.01,0.07,t
3260.0,2945.0,3067.0,4095.0,3722.0,3159.0,2605.0,2969.0,2.65,9.42,-0.46,-0.14,0.12,-0.18,t
3247.0,2934.0,3061.0,4095.0,3798.0,3162.0,2625.0,2981.0,3.34,9.83,-0.49,-0.31,0.13,-0.28,t
3245.0,3054.0,3171.0,4095.0,3885.0,3315.0,2890.0,3086.0,1.56,8.32,0.43,-0.29,-0.03,-0.27,t
3273.0,3056.0,3171.0,4095.0,3776.0,3507.0,2987.0,3120.0,3.64,9.9,-0.25,-0.33,0.47,-0.15,t
3280.0,3181.0,3281.0,3375.0,3573.0,3841.0,3138.0,3283.0,0.97,8.58,0.05,-0.55,0.81,-0.14,t
3121.0,3150.0,3249.0,3227.0,3504.0,3842.0,3025.0,3297.0,2.24,9.14,1.07,0.18,-0.16,0.42,t
3056.0,3225.0,3335.0,3312.0,3527.0,3693.0,3360.0,3282.0,2.4,9.5,0.38,0.51,-0.52,0.76,t
3097.0,3171.0,3268.0,3583.0,3582.0,3382.0,2784.0,3121.0,4.41,10.11,-0.8,-0.35,-0.28,0.13,t
3129.0,3150.0,3261.0,3861.0,3693.0,3309.0,2779.0,3117.0,3.54,8.3,0.5,-0.19,-0.35,-0.13,t
3146.0,3136.0,3259.0,3924.0,3713.0,3280.0,2768.0,3114.0,3.38,9.41,0.17,-0.07,0.38,-0.21,t
3146.0,3126.0,3253.0,3814.0,3710.0,3307.0,2807.0,3121.0,2.31,8.98,0.38,-0.09,-0.03,0.1,t
3145.0,3031.0,3159.0,3780.0,3686.0,3251.0,2735.0,3035.0,3.07,9.76,0.25,-0.15,0.19,-0.06,t
3146.0,3108.0,3231.0,3842.0,3725.0,3355.0,2823.0,3111.0,2.44,9.22,0.41,-0.11,0.15,0.05,t
3180.0,3125.0,3249.0,3859.0,3849.0,3435.0,2873.0,3133.0,3.53,9.85,0.16,-0.2,-0.07,-0.03,t
3210.0,3120.0,3238.0,4017.0,3981.0,3462.0,2973.0,3134.0,2.69,8.85,0.73,-0.12,-0.35,0.02,t
3239.0,3106.0,3221.0,4095.0,4080.0,3447.0,2971.0,3120.0,2.71,9.0,0.57,-0.19,-0.19,0.02,t
3249.0,3088.0,3212.0,4095.0,4095.0,3399.0,2958.0,3091.0,3.17,9.06,1.16,-0.06,-0.05,0.13,t
3234.0,3149.0,3271.0,4095.0,4086.0,3344.0,2980.0,3130.0,2.44,8.91,0.79,0.81,0.08,0.08,t
3227.0,2923.0,3039.0,4093.0,3963.0,3093.0,2922.0,2901.0,3.64,9.64,-0.37,0.17,-0.08,0.15,t
3231.0,2926.0,3045.0,4095.0,3915.0,3093.0,2832.0,2923.0,3.57,8.62,-0.3,-0.09,0.04,-0.16,t
3232.0,3023.0,3141.0,4046.0,3838.0,3206.0,2928.0,3035.0,3.27,8.87,0.15,0.02,0.09,0.08,t
3234.0,3035.0,3155.0,4004.0,3797.0,3243.0,2975.0,3057.0,4.04,9.15,-0.01,0.06,0.04,-0.15,t
3238.0,3030.0,3163.0,3921.0,3760.0,3258.0,3008.0,3063.0,3.03,8.59,0.12,-0.12,-0.03,-0.04,t
3235.0,3033.0,3165.0,3888.0,3763.0,3264.0,2997.0,3066.0,2.37,9.69,-0.19,-0.05,0.25,-0.06,t
3242.0,2943.0,3070.0,3813.0,3733.0,3202.0,2879.0,2981.0,3.2,8.87,0.44,-0.17,-0.12,0.05,t
3243.0,3007.0,3139.0,3862.0,3755.0,3280.0,2940.0,3044.0,2.38,9.71,-0.27,-0.04,0.06,0.02,t
3225.0,3046.0,3171.0,4071.0,3805.0,3282.0,3043.0,3083.0,3.57,8.96,0.45,0.04,-0.32,-0.3,t
3213.0,3034.0,3165.0,4095.0,3855.0,3266.0,3019.0,3081.0,3.01,9.15,0.07,-0.28,0.15,-0.31,t
3242.0,3039.0,3165.0,4095.0,3888.0,3287.0,2959.0,3097.0,3.52,8.51,-0.04,-0.63,-0.11,-0.25,t
3264.0,3027.0,3157.0,4095.0,3917.0,3287.0,2785.0,3082.0,2.19,9.25,0.2,0.16,0.12,0.03,t
3265.0,3024.0,3151.0,4095.0,3979.0,3299.0,2800.0,3083.0,2.8,9.61,0.4,-0.41,0.1,-0.07,t
3267.0,3034.0,3148.0,4019.0,4023.0,3317.0,2799.0,3082.0,2.26,9.52,0.97,-0.07,-0.16,0.17,t
3271.0,3022.0,3148.0,4017.0,4095.0,3329.0,2738.0,3085.0,3.48,9.02,0.68,-0.5,-0.1,0.04,t
3274.0,3018.0,3133.0,3900.0,4095.0,3315.0,2719.0,3085.0,3.62,9.39,0.25,0.04,-0.37,0.17,t
3275.0,3217.0,3324.0,3983.0,4095.0,3518.0,2887.0,3271.0,3.13,8.45,0.66,-0.8,-0.09,-0.17,t
3264.0,3150.0,3250.0,4042.0,4095.0,3435.0,2831.0,3227.0,2.13,9.87,0.91,-0.22,0.13,-0.04,t
3200.0,3070.0,3184.0,4095.0,4095.0,3266.0,2752.0,3146.0,3.65,8.69,1.66,-0.21,-0.11,-0.31,t
3185.0,2915.0,3029.0,4095.0,4095.0,3106.0,2598.0,3017.0,2.83,9.99,0.78,0.1,0.22,-0.09,t
3213.0,2919.0,3034.0,4095.0,4095.0,3124.0,2541.0,3047.0,3.22,8.45,1.54,-0.27,-0.2,-0.03,t
3229.0,2917.0,3024.0,4095.0,3993.0,3148.0,2758.0,3054.0,3.12,9.94,0.97,-0.19,0.18,-0.1,t
3229.0,2903.0,3022.0,4095.0,3833.0,3168.0,2592.0,3081.0,3.09,8.65,1.58,-0.18,-0.29,-0.2,t
3222.0,2907.0,3028.0,4095.0,3666.0,3187.0,2514.0,3079.0,2.39,9.7,0.54,-0.14,0.29,-0.36,t
3216.0,2918.0,3026.0,4095.0,3695.0,3212.0,2512.0,3043.0,2.23,8.98,1.38,-0.53,0.16,-0.07,t
3217.0,2913.0,3031.0,4095.0,3770.0,3221.0,2540.0,3008.0,2.84,9.34,2.04,-0.26,-0.1,0.06,t
3230.0,2913.0,3031.0,4095.0,3795.0,3238.0,2480.0,3020.0,2.09,9.05,1.5,-0.15,0.03,-0.11,t
3234.0,2915.0,3025.0,4095.0,3819.0,3248.0,2448.0,3006.0,2.14,8.96,1.7,-0.29,-0.25,-0.02,t
3216.0,2913.0,3024.0,4095.0,3837.0,3248.0,2448.0,2988.0,1.92,9.21,1.81,0.06,0.06,0.09,t
3219.0,2917.0,3022.0,4095.0,3811.0,3235.0,2427.0,2933.0,1.97,8.55,2.33,0.5,-0.16,0.18,t
3216.0,2925.0,3051.0,4095.0,3769.0,3173.0,2415.0,2867.0,3.13,9.78,1.49,0.33,-0.27,0.24,t
3211.0,2923.0,3040.0,4095.0,3761.0,3118.0,2416.0,2833.0,3.14,9.01,1.19,0.05,0.04,0.04,t
3209.0,3083.0,3203.0,4095.0,3748.0,3230.0,2681.0,2997.0,3.2,10.34,0.11,0.17,0.38,-0.09,t
3200.0,3066.0,3196.0,4095.0,3728.0,3227.0,2594.0,3015.0,2.69,8.76,1.42,-0.29,-0.26,-0.04,t
3199.0,3071.0,3199.0,4095.0,3696.0,3251.0,2614.0,3038.0,1.96,9.09,1.21,0.14,0.08,0.05,t
3201.0,3088.0,3216.0,4095.0,3665.0,3265.0,2917.0,3059.0,3.19,9.84,0.91,0.03,-0.13,0.1,t
3189.0,3088.0,3205.0,4095.0,3663.0,3276.0,2928.0,3083.0,2.1,8.6,1.89,-0.31,-0.38,0.11,t
3167.0,3089.0,3196.0,4095.0,3670.0,3311.0,2753.0,3241.0,2.6,9.73,1.93,0.0,0.35,0.18,t
3159.0,3009.0,3107.0,4095.0,3851.0,3292.0,2769.0,3267.0,3.44,8.9,1.31,-0.12,-0.26,0.22,t
3166.0,3063.0,3167.0,4095.0,3904.0,3453.0,2982.0,3375.0,3.03,8.65,1.28,-0.25,-0.04,0.03,t
3164.0,3061.0,3165.0,4095.0,3917.0,3553.0,3130.0,3385.0,3.43,9.58,1.42,0.11,0.16,0.05,t
3165.0,3055.0,3162.0,4095.0,3933.0,3579.0,3222.0,3376.0,2.9,7.95,1.08,-0.22,-0.31,0.04,t
3159.0,3057.0,3158.0,4095.0,3953.0,3600.0,3269.0,3397.0,3.15,9.59,1.3,-0.03,0.13,-0.01,t
3149.0,3058.0,3153.0,4095.0,4017.0,3527.0,3386.0,3461.0,2.83,8.71,1.41,-0.14,-0.18,0.03,t
3152.0,3040.0,3136.0,4095.0,4070.0,3509.0,3436.0,3475.0,3.03,8.99,1.28,-0.04,-0.12,0.04,t
3152.0,3152.0,3226.0,4095.0,4036.0,3555.0,3626.0,3683.0,3.52,9.01,1.17,0.05,-0.02,0.05,t
3152.0,3182.0,3267.0,4095.0,3990.0,3621.0,3706.0,3755.0,3.5,9.13,1.06,0.04,0.07,0.09,t
3147.0,3120.0,3202.0,4095.0,3985.0,3582.0,3621.0,3619.0,3.49,9.05,1.19,-0.28,0.12,0.07,t
3135.0,3137.0,3230.0,4095.0,3963.0,3632.0,3862.0,3633.0,2.97,8.76,1.81,-0.25,0.18,-0.02,t
3127.0,3162.0,3262.0,4095.0,3920.0,3664.0,3214.0,3568.0,3.23,8.95,1.72,-0.06,0.26,-0.01,t
3125.0,3151.0,3255.0,4095.0,3883.0,3618.0,3063.0,3465.0,2.82,8.46,1.78,-0.15,-0.02,0.09,t
3115.0,3142.0,3236.0,4095.0,3877.0,3622.0,3260.0,3489.0,3.67,9.38,1.58,-0.17,0.24,-0.01,t
3115.0,3149.0,3242.0,4095.0,3888.0,3610.0,3344.0,3511.0,3.56,8.09,2.09,-0.21,-0.24,0.06,t
3107.0,3137.0,3222.0,4095.0,3863.0,3575.0,2931.0,3498.0,3.32,9.27,1.65,-0.16,0.36,-0.21,t
3111.0,3093.0,3184.0,4095.0,3869.0,3565.0,2915.0,3470.0,3.11,8.79,2.38,0.26,-0.18,0.09,t
3107.0,3120.0,3214.0,4095.0,3856.0,3603.0,2958.0,3503.0,2.09,8.37,1.6,-0.11,0.08,-0.11,t
3094.0,3119.0,3216.0,4095.0,3855.0,3609.0,2999.0,3476.0,4.49,10.38,1.51,0.4,0.07,0.05,t
3095.0,3117.0,3215.0,4095.0,3855.0,3610.0,2975.0,3472.0,2.94,8.25,1.27,-0.42,-0.15,-0.03,t
3098.0,3119.0,3216.0,4095.0,3861.0,3583.0,2963.0,3485.0,4.23,9.41,1.47,-0.03,0.18,-0.03,t
3095.0,3119.0,3207.0,4095.0,3856.0,3583.0,2965.0,3562.0,2.9,8.65,2.03,-0.3,-0.04,0.02,t
3104.0,3135.0,2997.0,4095.0,3861.0,3583.0,2979.0,3758.0,3.68,9.46,1.9,-0.13,0.16,-0.11,t
3103.0,3147.0,2777.0,4095.0,3874.0,3630.0,3041.0,4007.0,3.0,8.66,2.21,0.13,-0.22,0.05,t
3111.0,3147.0,2913.0,4095.0,3889.0,3637.0,3048.0,4039.0,3.44,9.12,2.01,-0.08,0.11,-0.05,t
3110.0,3152.0,2734.0,4095.0,3887.0,3609.0,3034.0,4055.0,3.51,9.09,2.1,0.13,0.01,0.08,t
3109.0,3088.0,2685.0,4095.0,3840.0,3511.0,2974.0,3859.0,2.3,7.99,1.46,0.05,-0.08,-0.03,t
3114.0,3100.0,2867.0,4095.0,3805.0,3474.0,2980.0,3671.0,3.81,10.11,1.64,0.08,0.38,-0.01,t
3120.0,3071.0,2896.0,4095.0,3793.0,3418.0,2810.0,3583.0,2.76,7.92,2.16,-0.05,-0.2,0.12,t
3117.0,3121.0,2956.0,4095.0,3795.0,3461.0,2813.0,3621.0,3.42,9.79,1.43,0.04,0.2,-0.06,t
3120.0,3120.0,2946.0,4095.0,3810.0,3476.0,2832.0,3666.0,3.93,8.34,2.21,0.11,-0.29,0.07,t
3127.0,3125.0,2939.0,4095.0,3813.0,3483.0,2847.0,3696.0,3.73,9.56,1.03,-0.12,0.12,-0.13,t
3129.0,3121.0,2930.0,4095.0,3827.0,3491.0,2884.0,3719.0,3.17,8.55,1.75,0.3,-0.11,0.2,t
3131.0,3111.0,2905.0,4095.0,3814.0,3472.0,2835.0,3689.0,3.33,9.01,1.25,-0.14,-0.04,-0.11,t
3126.0,3108.0,2896.0,4095.0,3820.0,3463.0,2823.0,3659.0,3.69,9.31,1.52,0.04,0.18,0.05,t
3120.0,3111.0,2899.0,4095.0,3830.0,3459.0,2800.0,3636.0,2.97,8.43,1.85,-0.33,0.07,0.0,t
3145.0,3120.0,2898.0,4095.0,3883.0,3465.0,2799.0,3631.0,4.36,9.73,1.63,-0.12,0.26,0.05,t
3179.0,3167.0,2933.0,4095.0,4016.0,3523.0,2853.0,3653.0,2.82,8.08,2.01,-0.3,-0.18,0.08,t
3173.0,3168.0,2995.0,4095.0,4027.0,3490.0,2801.0,3514.0,4.17,9.35,1.63,-0.04,0.09,-0.01,t
3177.0,3166.0,3038.0,4095.0,4025.0,3440.0,2726.0,3440.0,3.05,8.51,2.09,0.18,0.12,0.2,t
3174.0,3058.0,2945.0,4095.0,4039.0,3354.0,2630.0,3386.0,3.12,8.43,2.32,-0.39,0.01,-0.03,t
3181.0,3106.0,3018.0,4095.0,4041.0,3351.0,2634.0,3296.0,3.23,8.62,1.82,0.43,-0.31,0.22,t
3187.0,3114.0,3042.0,4095.0,4022.0,3313.0,2630.0,3263.0,3.14,8.21,1.39,0.11,0.01,0.12,t
3182.0,3130.0,3063.0,4095.0,4015.0,3319.0,2641.0,3280.0,3.77,8.95,1.44,-0.17,0.05,-0.09,t
3167.0,3127.0,3066.0,4095.0,4016.0,3357.0,2667.0,3311.0,3.83,8.38,1.96,0.14,-0.32,0.21,t
3171.0,3113.0,3053.0,4095.0,4011.0,3373.0,2690.0,3296.0,3.52,9.02,1.22,0.06,0.07,0.05,t
3178.0,3136.0,3068.0,4095.0,4026.0,3391.0,2800.0,3227.0,4.05,8.05,1.77,0.37,-0.39,0.18,t
3181.0,3184.0,3099.0,4095.0,4034.0,3442.0,2879.0,3253.0,3.56,8.93,1.15,-0.18,0.06,0.06,t
3167.0,3158.0,3079.0,4095.0,4043.0,3458.0,2928.0,3264.0,4.79,8.98,1.32,-0.01,-0.16,0.05,t
3190.0,3147.0,3063.0,4095.0,4064.0,3460.0,2900.0,3253.0,3.53,7.65,1.52,-0.21,-0.01,-0.05,t
3183.0,3147.0,3083.0,4095.0,4095.0,3456.0,2833.0,3263.0,4.75,9.75,1.47,-0.06,0.28,-0.17,t
3179.0,3095.0,3047.0,4095.0,4095.0,3355.0,2731.0,3194.0,3.86,8.26,1.54,-0.05,-0.23,-0.18,t
3167.0,3136.0,3093.0,4095.0,4095.0,3376.0,2771.0,3248.0,3.61,8.97,1.05,-0.01,0.12,-0.13,t
3156.0,3133.0,3111.0,4095.0,4095.0,3342.0,2995.0,3248.0,3.39,7.86,1.97,0.03,-0.24,-0.38,t
3183.0,3132.0,3120.0,4095.0,3942.0,3299.0,2927.0,3248.0,3.23,9.73,1.38,0.33,0.58,-0.41,t
3198.0,3126.0,3120.0,4095.0,3843.0,3284.0,2768.0,3254.0,2.56,8.62,1.17,-0.3,-0.15,-0.04,t
3200.0,3123.0,3136.0,4095.0,3751.0,3297.0,2736.0,3279.0,4.31,9.0,1.7,-0.23,0.17,-0.47,t
3203.0,3120.0,3142.0,4095.0,3731.0,3311.0,2827.0,3287.0,3.66,9.05,1.67,0.21,0.24,-0.16,t
3197.0,2944.0,2978.0,4095.0,3771.0,3159.0,2593.0,3139.0,3.18,8.58,1.64,-0.3,0.22,-0.49,t
3199.0,2938.0,2989.0,4095.0,3791.0,3178.0,2605.0,3153.0,4.29,10.2,1.61,0.32,-0.06,-0.48,t
3180.0,2896.0,2966.0,4095.0,3815.0,3155.0,2544.0,3120.0,1.87,7.98,1.99,-0.54,0.86,-0.77,t
3179.0,2899.0,2987.0,4095.0,3854.0,3181.0,2535.0,3128.0,2.11,9.33,1.86,-0.45,-0.1,-0.25,t
3183.0,2896.0,2992.0,4095.0,3773.0,3199.0,2538.0,3113.0,0.99,8.38,2.0,-0.23,-0.32,-0.2,t
3182.0,2893.0,2995.0,4095.0,3662.0,3230.0,2534.0,3111.0,2.3,9.35,2.43,0.01,0.31,-0.15,t
3191.0,2899.0,2992.0,4095.0,3571.0,3242.0,2530.0,3104.0,2.14,9.38,2.14,0.06,-0.03,-0.02,t
3191.0,2898.0,2992.0,4095.0,3498.0,3269.0,2550.0,3094.0,2.1,9.32,1.98,-0.05,-0.13,0.07,t
3184.0,2896.0,2994.0,4095.0,3483.0,3263.0,2559.0,3053.0,1.53,8.91,1.84,-0.13,-0.32,0.23,t
3193.0,2896.0,3005.0,4095.0,3493.0,3200.0,2531.0,2931.0,2.78,9.39,1.81,-0.25,-0.11,0.13,t
3187.0,2896.0,3011.0,4095.0,3472.0,3179.0,2516.0,2910.0,2.22,8.38,2.32,-0.53,-0.67,-0.03,t
3174.0,2890.0,2999.0,4095.0,3420.0,3143.0,2494.0,2880.0,3.07,9.08,2.96,0.62,-0.07,0.1,t
3184.0,2883.0,3002.0,4095.0,3397.0,3109.0,2479.0,2895.0,1.31,8.56,2.25,-0.37,0.74,-0.12,t
3184.0,2889.0,3006.0,4095.0,3383.0,3122.0,2493.0,2908.0,2.26,9.35,2.29,0.09,-0.35,0.12,t
3166.0,2891.0,3007.0,4095.0,3350.0,3141.0,2515.0,2911.0,1.53,8.79,2.03,0.26,0.18,0.22,t
3158.0,2893.0,3003.0,4095.0,3325.0,3154.0,2543.0,2919.0,2.7,9.7,1.78,0.33,0.33,0.06,t
3163.0,2896.0,2998.0,4095.0,3328.0,3161.0,2547.0,2925.0,2.83,8.87,2.32,-0.23,-0.26,0.05,t
3159.0,2891.0,2998.0,4095.0,3338.0,3175.0,2546.0,2931.0,2.68,9.48,1.42,0.14,0.2,-0.01,t
3156.0,2896.0,2999.0,4095.0,3365.0,3190.0,2559.0,2945.0,2.7,8.59,1.81,-0.25,-0.41,0.31,t
3154.0,2886.0,3006.0,4095.0,3415.0,3215.0,2681.0,2947.0,2.66,9.56,1.57,-0.05,0.15,0.15,t
3158.0,2893.0,3010.0,4095.0,3473.0,3258.0,2753.0,2966.0,3.67,8.43,2.56,-0.31,-0.06,-0.34,t
3158.0,2896.0,3007.0,4095.0,3491.0,3310.0,2753.0,2992.0,2.31,9.4,2.43,0.44,0.68,-0.54,t
3154.0,2899.0,2992.0,4095.0,3521.0,3471.0,2784.0,3041.0,1.53,9.13,1.79,-0.37,0.17,-0.39,t
3154.0,2900.0,2994.0,4095.0,3546.0,3511.0,2846.0,3101.0,2.12,9.2,2.6,-0.09,0.02,-0.05,t
3152.0,2909.0,3006.0,4095.0,3558.0,3403.0,2832.0,3084.0,1.41,9.31,1.93,-0.04,0.01,0.13,t
3150.0,2896.0,3005.0,4095.0,3555.0,3311.0,2753.0,3047.0,2.05,8.6,2.07,-0.08,-0.21,0.05,t
3150.0,2887.0,3009.0,4095.0,3546.0,3154.0,2617.0,2951.0,2.11,9.45,2.36,-0.08,0.16,-0.07,t
3151.0,2883.0,3008.0,4095.0,3550.0,3120.0,2558.0,2906.0,1.75,8.94,2.52,-0.09,-0.19,0.19,t
3152.0,2882.0,3007.0,4095.0,3504.0,3126.0,2512.0,2894.0,3.04,9.76,1.79,-0.13,-0.03,-0.08,t
3165.0,2883.0,3008.0,4095.0,3481.0,3130.0,2513.0,2906.0,2.42,8.71,2.93,0.11,-0.33,0.28,t
3167.0,2883.0,3008.0,4095.0,3500.0,3133.0,2496.0,2915.0,2.19,9.0,2.14,-0.13,0.36,-0.09,t
3159.0,2881.0,3007.0,4095.0,3531.0,3114.0,2485.0,2919.0,2.66,9.16,2.46,-0.08,0.02,0.15,t
3157.0,2883.0,3011.0,4095.0,3582.0,3100.0,2494.0,2916.0,2.55,8.76,1.8,-0.42,0.03,-0.04,t
3152.0,2889.0,3011.0,4095.0,3669.0,3105.0,2497.0,2915.0,2.94,9.07,2.55,-0.16,-0.3,0.27,t
3153.0,2897.0,3008.0,4095.0,3677.0,3125.0,2511.0,2926.0,1.97,8.58,2.56,-0.28,0.01,-0.05,t
3136.0,2883.0,3012.0,4095.0,3675.0,3166.0,2523.0,2933.0,3.29,9.06,2.83,0.11,-0.27,0.27,t
3134.0,2900.0,3014.0,4095.0,3712.0,3184.0,2542.0,2946.0,2.45,9.13,2.54,-0.07,0.15,0.05,t
3151.0,2895.0,3015.0,4095.0,3813.0,3198.0,2551.0,2954.0,3.3,8.58,2.95,-0.15,-0.33,0.11,t
3152.0,2890.0,3024.0,4095.0,3847.0,3154.0,2531.0,2937.0,2.84,9.02,2.6,0.09,0.01,-0.09,t
3137.0,2894.0,3014.0,4095.0,3758.0,3123.0,2525.0,2917.0,3.25,8.95,2.68,0.31,-0.29,0.18,t
3141.0,2880.0,3003.0,4095.0,3638.0,3123.0,2537.0,2909.0,3.38,9.51,2.1,0.25,-0.09,0.15,t
3155.0,2886.0,3009.0,4095.0,3541.0,3151.0,2543.0,2933.0,3.33,8.37,2.32,0.01,-0.28,0.11,t
3163.0,2883.0,3006.0,4095.0,3511.0,3153.0,2539.0,2941.0,3.52,9.04,1.84,-0.12,-0.01,-0.03,t
3155.0,2886.0,3008.0,4095.0,3518.0,3163.0,2606.0,2953.0,2.6,8.27,1.81,-0.29,-0.04,-0.04,t
3155.0,2890.0,3007.0,4095.0,3524.0,3167.0,2607.0,2958.0,3.71,9.21,1.89,0.01,0.06,0.04,t
3157.0,2890.0,3002.0,4095.0,3536.0,3172.0,2559.0,2961.0,3.62,8.77,2.35,-0.31,-0.32,0.02,t
3153.0,2894.0,3007.0,4095.0,3567.0,3204.0,2597.0,2970.0,2.81,8.52,2.62,-0.13,0.17,-0.26,t
3171.0,2895.0,3010.0,4095.0,3621.0,3268.0,2694.0,2992.0,3.21,8.91,2.69,-0.48,0.12,-0.36,t
3171.0,2887.0,3009.0,4095.0,3683.0,3280.0,2666.0,2995.0,3.35,8.69,2.68,-0.42,-0.05,-0.24,t
3178.0,2901.0,3013.0,4095.0,3728.0,3310.0,2672.0,3022.0,2.64,8.21,3.03,-0.24,0.15,-0.06,t
3184.0,2911.0,3011.0,4095.0,3744.0,3312.0,2671.0,3026.0,2.95,8.77,2.83,-0.19,0.24,-0.17,t
3187.0,2899.0,3021.0,4095.0,3701.0,3314.0,2668.0,3022.0,3.28,8.9,3.57,0.27,-0.31,0.05,t
3225.0,2922.0,3043.0,4095.0,3714.0,3325.0,2677.0,3041.0,1.84,8.39,2.77,-0.29,0.5,-0.24,t
3238.0,2915.0,3031.0,4095.0,3583.0,3298.0,2649.0,3023.0,2.97,8.51,3.49,0.43,-0.2,0.12,t
3246.0,2919.0,3034.0,4095.0,3472.0,3273.0,2624.0,3008.0,2.56,8.5,2.34,0.25,0.08,0.07,t
3243.0,2922.0,3031.0,4095.0,3469.0,3267.0,2609.0,3011.0,3.6,9.87,2.45,0.4,0.17,0.09,t
3246.0,2926.0,3037.0,4095.0,3486.0,3273.0,2610.0,3017.0,1.91,8.48,2.73,-0.2,0.06,0.13,t
3243.0,2915.0,3025.0,4095.0,3503.0,3267.0,2608.0,3010.0,2.67,9.01,2.35,0.26,-0.17,0.22,t
3264.0,2928.0,3053.0,4095.0,3531.0,3296.0,2623.0,3035.0,3.57,8.83,2.18,0.02,-0.21,0.07,t
3258.0,2934.0,3050.0,4095.0,3536.0,3291.0,2625.0,3024.0,3.01,9.02,2.07,-0.04,-0.18,0.01,t
3251.0,2938.0,3055.0,4095.0,3534.0,3302.0,2651.0,3045.0,3.94,9.29,2.35,-0.09,0.47,-0.37,t
3247.0,2929.0,3040.0,4095.0,3537.0,3309.0,2672.0,3047.0,1.87,9.16,2.85,0.2,0.28,0.12,t
3237.0,2923.0,3033.0,4095.0,3573.0,3314.0,2676.0,3053.0,1.46,8.58,2.4,-0.12,0.26,0.1,t
3229.0,2928.0,3047.0,4095.0,3605.0,3331.0,2679.0,3043.0,3.71,8.47,2.66,0.09,-0.13,0.21,t
3206.0,2928.0,3046.0,4095.0,3603.0,3334.0,2682.0,3024.0,3.35,8.49,2.12,0.08,-0.0,0.14,t
3159.0,2937.0,3043.0,4095.0,3692.0,3349.0,2686.0,3024.0,3.94,8.38,2.49,0.01,-0.09,0.13,t
3115.0,2951.0,3071.0,4095.0,3729.0,3367.0,2702.0,3030.0,2.86,8.83,2.08,-0.31,0.27,-0.07,t
3115.0,2954.0,3056.0,4095.0,3728.0,3366.0,2691.0,3019.0,2.47,8.74,2.95,0.29,0.12,0.06,t
3097.0,2954.0,3062.0,4095.0,3693.0,3369.0,2698.0,3017.0,2.6,9.23,1.51,-0.34,0.25,-0.26,t
3115.0,2943.0,3057.0,4095.0,3727.0,3350.0,2678.0,3003.0,3.56,8.28,2.73,-0.23,-0.06,0.07,t
3120.0,2942.0,3053.0,3962.0,3739.0,3353.0,2673.0,3005.0,2.29,8.63,2.85,-0.22,0.22,-0.14,t
3104.0,2913.0,3022.0,3875.0,3763.0,3410.0,2641.0,2971.0,3.15,8.95,3.34,-0.22,-0.04,-0.11,t
3083.0,2901.0,3015.0,4011.0,3710.0,3431.0,2629.0,2951.0,3.04,8.64,2.98,0.14,0.18,-0.04,t
3090.0,2907.0,3021.0,3908.0,3711.0,3328.0,2607.0,2924.0,3.23,8.7,2.64,-0.23,0.16,-0.08,t
3111.0,2911.0,3013.0,3629.0,3781.0,3223.0,2542.0,2884.0,2.77,9.21,2.85,-0.15,0.02,0.05,t
3125.0,2918.0,3020.0,3620.0,3868.0,3196.0,2518.0,2885.0,2.59,8.17,3.28,0.09,-0.14,0.07,t
3117.0,2907.0,3024.0,3616.0,3863.0,3191.0,2510.0,2889.0,2.76,8.72,2.66,-0.19,-0.2,0.05,t
3104.0,2896.0,3015.0,3617.0,3849.0,3209.0,2522.0,2891.0,3.12,8.38,2.8,0.23,-0.24,0.26,t
3095.0,2909.0,3025.0,3615.0,3817.0,3267.0,2559.0,2901.0,3.34,8.72,2.35,0.11,-0.1,0.15,t
3120.0,2935.0,3063.0,3613.0,3875.0,3399.0,2704.0,2997.0,3.71,8.56,2.31,-0.04,-0.18,0.09,t
3133.0,2954.0,3056.0,3531.0,3915.0,3536.0,2827.0,3133.0,3.57,8.69,2.63,0.04,-0.05,0.04,t
3152.0,2960.0,3057.0,3489.0,3998.0,3660.0,2943.0,3194.0,3.09,8.28,2.57,-0.27,-0.16,-0.05,t
3146.0,2959.0,3059.0,3379.0,4095.0,3705.0,2931.0,3220.0,3.11,9.28,2.48,-0.17,0.03,0.06,t
3215.0,2955.0,3055.0,3350.0,4095.0,3717.0,2941.0,3222.0,2.92,8.42,2.92,-0.24,-0.13,0.13,t
3245.0,2973.0,3083.0,3404.0,4095.0,3690.0,3043.0,3214.0,4.22,9.04,2.42,0.08,-0.15,0.07,t
3248.0,2949.0,3066.0,3430.0,4095.0,3633.0,2975.0,3166.0,3.63,8.07,2.52,-0.25,-0.1,0.1,t
3250.0,2935.0,3058.0,3420.0,4095.0,3632.0,2966.0,3137.0,4.92,9.22,2.43,0.25,-0.11,0.1,t
3248.0,2933.0,3053.0,3457.0,4095.0,3583.0,2962.0,3095.0,3.13,8.17,3.08,-0.2,-0.06,-0.04,t
3245.0,3071.0,3185.0,3455.0,4095.0,3652.0,3087.0,3177.0,3.99,9.61,2.63,0.38,0.02,0.13,t
3242.0,2966.0,3071.0,3467.0,4095.0,3507.0,2969.0,3069.0,3.14,7.66,2.9,-0.18,-0.32,0.08,t
3232.0,3088.0,3204.0,3408.0,4021.0,3573.0,3066.0,3173.0,4.24,9.06,2.38,0.54,-0.08,0.06,t
3227.0,3067.0,3195.0,3381.0,3920.0,3570.0,3058.0,3185.0,3.71,7.89,2.43,-0.22,-0.1,0.06,t
3226.0,3120.0,3237.0,3691.0,3888.0,3542.0,3091.0,3226.0,4.05,9.21,2.11,0.22,0.06,0.0,t
3196.0,3126.0,3239.0,4051.0,3867.0,3497.0,3009.0,3222.0,3.51,7.9,2.73,-0.18,0.01,-0.09,t
3198.0,3141.0,3253.0,4095.0,3857.0,3477.0,2983.0,3202.0,3.91,8.82,2.24,-0.14,0.16,-0.13,t
3195.0,3136.0,3261.0,4095.0,3854.0,3441.0,2951.0,3185.0,3.91,8.29,2.63,0.05,-0.08,0.01,t
3199.0,3141.0,3251.0,4095.0,3827.0,3377.0,2897.0,3165.0,3.38,8.88,2.46,0.1,-0.01,-0.11,t
3211.0,3100.0,3200.0,4095.0,3809.0,3310.0,2816.0,3115.0,3.57,8.35,2.46,0.0,-0.07,-0.04,t
3226.0,3139.0,3251.0,4095.0,3757.0,3363.0,2855.0,3174.0,3.64,9.05,2.02,-0.15,0.1,-0.16,t
3237.0,3135.0,3246.0,4095.0,3769.0,3367.0,2854.0,3178.0,3.7,8.17,2.94,-0.06,-0.08,0.02,t
3217.0,2983.0,3088.0,4095.0,3774.0,3245.0,2711.0,3050.0,3.14,8.76,1.96,-0.86,0.35,-0.32,t
3213.0,2960.0,3071.0,4095.0,3815.0,3249.0,2703.0,3054.0,3.83,7.97,3.32,-0.3,-0.11,0.06,t
3202.0,2959.0,3083.0,4095.0,3821.0,3270.0,2714.0,3060.0,3.73,8.71,2.77,0.11,0.37,0.11,t
3195.0,2962.0,3081.0,4095.0,3824.0,3280.0,2717.0,3082.0,4.32,8.48,2.97,-0.03,0.31,-0.15,t
3198.0,2959.0,3063.0,4095.0,3916.0,3299.0,2736.0,3127.0,2.58,8.15,3.32,-0.2,0.49,-0.23,t
3179.0,2939.0,3045.0,4095.0,3995.0,3323.0,2767.0,3130.0,3.22,9.14,3.35,-0.11,0.38,-0.18,t
3168.0,2942.0,3046.0,4095.0,4026.0,3398.0,2829.0,3152.0,3.23,8.25,3.12,-0.0,-0.17,0.05,t
3171.0,2937.0,3041.0,4095.0,4013.0,3472.0,2880.0,3163.0,3.51,8.44,2.87,-0.11,-0.42,0.1,t
3151.0,2938.0,3050.0,4095.0,4041.0,3694.0,3037.0,3216.0,2.88,8.5,3.52,0.09,-0.09,0.11,t
3155.0,2930.0,3065.0,4095.0,4044.0,3731.0,3094.0,3218.0,2.92,8.01,3.23,-0.09,-0.18,0.05,t
3177.0,2991.0,3111.0,4095.0,4085.0,3735.0,3068.0,3254.0,3.68,9.74,2.77,0.17,-0.18,0.21,t
3173.0,2989.0,3107.0,4095.0,4055.0,3703.0,3071.0,3286.0,3.71,8.02,2.86,-0.1,-0.05,0.07,t
3155.0,2970.0,3120.0,4095.0,4031.0,3712.0,3126.0,3350.0,4.16,8.69,2.74,-0.23,0.14,-0.01,t
3149.0,2987.0,3107.0,4095.0,3984.0,3717.0,3162.0,3419.0,3.61,8.18,3.37,-0.09,0.04,-0.0,t
3149.0,2992.0,3021.0,4095.0,3971.0,3613.0,3071.0,3415.0,3.32,8.26,3.32,-0.33,0.08,-0.06,t
3149.0,3005.0,2969.0,4095.0,3969.0,3622.0,3043.0,3434.0,4.04,8.59,3.33,-0.11,0.04,-0.05,t
3138.0,2989.0,2950.0,4095.0,3962.0,3583.0,2979.0,3427.0,2.75,7.63,3.57,-0.33,-0.01,0.01,t
3129.0,2988.0,2947.0,4095.0,3931.0,3577.0,2932.0,3399.0,3.09,8.42,3.7,-0.09,0.16,-0.03,t
3125.0,2991.0,2950.0,4095.0,3914.0,3574.0,2913.0,3366.0,3.64,8.69,4.05,0.22,-0.08,0.17,t
3119.0,2979.0,2955.0,4095.0,3893.0,3577.0,2944.0,3381.0,3.01,7.67,3.28,-0.03,0.1,0.04,t
3120.0,2975.0,2973.0,4095.0,3871.0,3538.0,2960.0,3404.0,4.55,9.03,2.85,0.2,0.2,-0.02,t
3111.0,2971.0,2959.0,4095.0,3867.0,3545.0,2917.0,3371.0,3.66,7.77,3.45,-0.14,-0.17,0.07,t
3105.0,2978.0,2715.0,4095.0,3881.0,3595.0,2863.0,3510.0,3.73,8.57,3.2,-0.3,0.47,-0.22,t
3099.0,2992.0,2320.0,4095.0,3888.0,3632.0,2877.0,3869.0,3.93,7.73,3.96,0.02,-0.03,0.02,t
3102.0,2990.0,2329.0,4095.0,3862.0,3600.0,2839.0,3824.0,3.32,7.81,3.01,-0.14,0.22,-0.15,t
3103.0,2975.0,2501.0,4095.0,3851.0,3581.0,2855.0,3733.0,4.12,9.23,3.17,0.4,0.26,-0.05,t
3095.0,2967.0,2523.0,4095.0,3827.0,3568.0,2829.0,3603.0,2.77,7.81,3.67,-0.23,-0.11,0.01,t
3097.0,2962.0,2603.0,4095.0,3814.0,3513.0,2794.0,3534.0,4.25,9.35,3.65,0.45,0.08,0.11,t
3090.0,2960.0,2636.0,4095.0,3826.0,3533.0,2799.0,3545.0,3.08,7.64,3.75,0.05,-0.29,0.14,t
3092.0,2957.0,2642.0,4095.0,3829.0,3536.0,2800.0,3550.0,3.9,8.76,2.85,0.23,0.13,-0.05,t
3089.0,2960.0,2637.0,4095.0,3824.0,3534.0,2767.0,3549.0,3.59,8.31,3.09,0.1,-0.25,0.18,t
3090.0,2960.0,2674.0,4095.0,3819.0,3506.0,2740.0,3573.0,3.54,8.28,2.83,-0.11,-0.25,-0.09,t
3089.0,2960.0,2786.0,4095.0,3823.0,3534.0,2759.0,3618.0,4.2,9.15,2.71,0.08,0.18,-0.09,t
3091.0,2958.0,2773.0,4095.0,3856.0,3565.0,2790.0,3695.0,3.47,7.87,2.84,-0.31,-0.21,-0.09,t
3194.0,2973.0,2811.0,4095.0,4006.0,3605.0,2822.0,3738.0,3.47,8.32,3.33,0.0,-0.15,-0.03,t
3223.0,2967.0,2890.0,4095.0,4039.0,3627.0,2842.0,3622.0,3.7,8.92,3.03,0.03,0.01,0.03,t
3583.0,2891.0,2992.0,3030.0,4095.0,4095.0,2350.0,3449.0,0.45,9.04,1.61,0.0,-0.02,0.14,u
3382.0,2890.0,2999.0,3031.0,4095.0,4095.0,2340.0,3445.0,0.08,9.71,1.66,-0.17,0.11,0.06,u
3438.0,2897.0,3007.0,3038.0,4095.0,4095.0,2342.0,3441.0,-0.66,9.54,1.64,0.05,-0.49,0.29,u
3423.0,2886.0,2986.0,3060.0,4095.0,4095.0,2322.0,3408.0,1.67,9.23,2.34,-0.22,-0.53,0.23,u
3452.0,2894.0,2992.0,3088.0,4095.0,4095.0,2327.0,3414.0,0.17,9.41,2.54,0.21,0.56,-0.11,u
3470.0,2891.0,2995.0,3086.0,4095.0,4095.0,2333.0,3420.0,1.13,9.12,1.87,-0.15,-0.17,0.07,u
3203.0,2897.0,2998.0,3061.0,4095.0,4095.0,2339.0,3429.0,0.99,9.43,1.9,0.08,0.16,0.0,u
3501.0,2891.0,2997.0,3042.0,4095.0,4095.0,2350.0,3429.0,0.32,8.85,1.9,-0.07,-0.12,-0.03,u
3935.0,2893.0,2998.0,3031.0,4095.0,4095.0,2367.0,3418.0,0.69,9.41,1.81,0.04,0.08,-0.14,u
3927.0,2896.0,2999.0,3042.0,4095.0,4095.0,2373.0,3425.0,0.83,9.09,1.83,0.06,-0.06,0.07,u
3943.0,2895.0,2999.0,3023.0,4095.0,4095.0,2378.0,3421.0,0.84,9.82,1.65,0.05,0.04,-0.21,u
3917.0,2895.0,2993.0,3022.0,4095.0,4095.0,2381.0,3418.0,1.01,9.36,2.06,0.17,-0.09,0.08,u
3760.0,2894.0,2992.0,3023.0,4095.0,4095.0,2368.0,3432.0,0.77,8.87,1.44,-0.04,0.14,-0.09,u
3329.0,2897.0,2997.0,3009.0,4095.0,4095.0,2355.0,3438.0,0.79,9.6,1.3,-0.05,0.01,0.1,u
3299.0,2896.0,2992.0,3009.0,4095.0,4095.0,2354.0,3438.0,0.77,9.34,2.03,-0.01,0.02,-0.06,u
3345.0,2890.0,2996.0,3005.0,4095.0,4095.0,2365.0,3440.0,0.7,9.32,1.71,-0.01,-0.11,-0.12,u
3376.0,2891.0,2994.0,2994.0,4095.0,4095.0,2377.0,3424.0,0.5,9.71,1.71,0.11,-0.18,0.07,u
3376.0,2896.0,2995.0,3007.0,4095.0,4095.0,2372.0,3427.0,0.84,9.0,1.68,-0.05,0.04,-0.05,u
3383.0,2893.0,2996.0,3007.0,4095.0,4095.0,2370.0,3439.0,0.66,9.67,1.7,0.04,0.08,-0.05,u
3379.0,2888.0,2992.0,3007.0,4095.0,4095.0,2367.0,3430.0,0.67,9.5,1.63,0.1,-0.2,0.06,u
3381.0,2895.0,2998.0,2998.0,4095.0,4095.0,2359.0,3437.0,0.74,9.29,1.4,-0.05,0.07,-0.06,u
3366.0,2896.0,2992.0,2992.0,4095.0,4095.0,2354.0,3423.0,0.83,9.6,1.36,-0.02,-0.1,0.07,u
3354.0,2893.0,2999.0,2993.0,4095.0,4095.0,2353.0,3427.0,0.96,9.46,1.52,-0.04,0.09,-0.08,u
3357.0,2891.0,3002.0,2992.0,4095.0,4095.0,2352.0,3427.0,0.66,9.44,1.51,-0.02,0.14,-0.06,u
3376.0,2896.0,2996.0,2997.0,4095.0,4095.0,2355.0,3439.0,0.7,9.39,1.49,-0.16,0.07,-0.04,u
3298.0,2895.0,2993.0,2990.0,4095.0,4095.0,2357.0,3440.0,1.02,9.43,1.58,-0.07,-0.07,0.05,u
3201.0,2894.0,2992.0,2983.0,4095.0,4095.0,2359.0,3440.0,0.54,9.67,1.56,-0.05,-0.0,-0.01,u
3777.0,2896.0,2992.0,2960.0,4095.0,4095.0,2370.0,3408.0,0.81,9.8,1.63,0.04,-0.02,-0.2,u
3826.0,2897.0,2992.0,2962.0,4095.0,4095.0,2386.0,3408.0,0.65,9.36,1.6,0.04,-0.1,0.02,u
3824.0,2891.0,2994.0,2971.0,4095.0,4095.0,2399.0,3426.0,0.81,9.15,1.45,-0.11,0.1,-0.07,u
3670.0,2896.0,2995.0,2976.0,4095.0,4095.0,2395.0,3434.0,0.83,10.01,1.48,0.01,0.08,0.04,u
3665.0,2891.0,2999.0,2977.0,4095.0,4095.0,2401.0,3435.0,0.62,9.22,1.58,-0.04,-0.07,0.02,u
3650.0,2895.0,2997.0,2981.0,4095.0,4095.0,2392.0,3434.0,0.95,9.69,1.5,-0.05,0.12,-0.02,u
3340.0,2895.0,2992.0,2979.0,4095.0,4095.0,2377.0,3438.0,0.55,9.1,1.71,0.12,0.01,0.17,u
3199.0,2901.0,2995.0,2979.0,4095.0,4095.0,2369.0,3446.0,0.75,10.13,1.32,-0.02,0.31,-0.05,u
3474.0,2896.0,3005.0,2966.0,4095.0,4095.0,2375.0,3440.0,0.47,9.16,1.52,0.08,-0.09,-0.12,u
3503.0,2896.0,2990.0,2960.0,4095.0,4095.0,2393.0,3441.0,1.18,9.66,1.28,-0.12,-0.04,-0.12,u
3502.0,2895.0,2994.0,2962.0,4095.0,4095.0,2394.0,3447.0,0.47,9.06,1.4,0.02,0.17,-0.04,u
3491.0,2895.0,2997.0,2931.0,4095.0,4095.0,2384.0,3442.0,0.54,9.49,1.43,0.02,-0.02,-0.13,u
3488.0,2890.0,2998.0,2918.0,4095.0,4095.0,2381.0,3434.0,0.52,9.81,1.42,0.13,0.01,-0.01,u
3493.0,2896.0,2993.0,2928.0,4095.0,4095.0,2383.0,3439.0,0.59,9.17,1.29,-0.02,-0.08,-0.0,u
3446.0,2885.0,2992.0,2925.0,4095.0,4095.0,2374.0,3439.0,0.44,9.68,1.24,-0.03,0.08,-0.03,u
3363.0,2896.0,2995.0,2929.0,4095.0,4095.0,2378.0,3440.0,0.87,9.74,1.16,-0.02,-0.0,0.01,u
3362.0,2896.0,2997.0,2934.0,4095.0,4095.0,2379.0,3443.0,0.51,9.06,1.07,-0.17,0.02,-0.07,u
3354.0,2893.0,2992.0,2941.0,4095.0,4095.0,2384.0,3446.0,0.67,9.97,1.43,-0.04,-0.01,0.01,u
3347.0,2887.0,2992.0,2935.0,4095.0,4095.0,2381.0,3442.0,0.42,9.36,1.51,-0.05,-0.01,-0.03,u
3338.0,2886.0,2993.0,2934.0,4095.0,4095.0,2384.0,3440.0,0.57,9.69,1.31,0.01,0.06,-0.01,u
3233.0,2896.0,2992.0,2915.0,4095.0,4095.0,2381.0,3437.0,0.89,9.43,1.36,0.05,-0.0,0.11,u
3246.0,2894.0,2995.0,2902.0,4095.0,4095.0,2385.0,3438.0,0.61,9.78,1.17,-0.1,0.22,-0.14,u
3242.0,2891.0,2992.0,2911.0,4095.0,4095.0,2386.0,3439.0,0.76,9.35,1.42,0.07,-0.14,0.08,u
3229.0,2895.0,2995.0,2912.0,4095.0,4095.0,2387.0,3440.0,0.51,9.36,0.89,-0.2,0.02,-0.07,u
3231.0,2893.0,3003.0,2911.0,4095.0,4095.0,2384.0,3440.0,0.91,9.81,1.43,-0.05,-0.04,0.05,u
3227.0,2889.0,3002.0,2899.0,4095.0,4095.0,2384.0,3438.0,0.32,9.04,1.43,-0.12,-0.01,-0.08,u
3264.0,2887.0,2998.0,2903.0,4095.0,4095.0,2386.0,3438.0,0.87,10.01,1.62,0.06,0.0,0.1,u
3281.0,2896.0,2991.0,2898.0,4095.0,4095.0,2389.0,3440.0,0.73,9.13,1.31,-0.09,-0.01,-0.01,u
3280.0,2891.0,2995.0,2905.0,4095.0,4095.0,2389.0,3440.0,1.06,9.41,1.48,-0.02,0.01,0.01,u
3295.0,2889.0,2997.0,2912.0,4095.0,4095.0,2387.0,3440.0,0.58,9.5,1.39,-0.07,-0.08,-0.07,u
3314.0,2897.0,3007.0,2925.0,4095.0,4095.0,2390.0,3446.0,0.54,9.49,1.53,0.06,0.12,-0.02,u
3341.0,2897.0,2998.0,2928.0,4095.0,4095.0,2394.0,3445.0,0.72,9.67,1.11,-0.06,0.07,-0.04,u
3438.0,2895.0,2992.0,2928.0,4095.0,4095.0,2391.0,3447.0,1.0,9.57,1.32,0.05,-0.12,0.12,u
3739.0,2884.0,2997.0,2928.0,4095.0,4095.0,2390.0,3441.0,0.96,9.59,1.39,-0.09,-0.04,-0.1,u
3861.0,2891.0,2995.0,2926.0,4095.0,4095.0,2390.0,3440.0,0.6,9.7,1.43,0.06,0.12,-0.04,u
4092.0,2886.0,2992.0,2928.0,4095.0,4095.0,2393.0,3447.0,0.62,9.28,1.47,-0.09,0.07,-0.01,u
3903.0,2885.0,2992.0,2932.0,4095.0,4095.0,2393.0,3445.0,0.82,9.81,1.13,-0.1,0.02,-0.02,u
4095.0,2891.0,2992.0,2923.0,4095.0,4095.0,2390.0,3446.0,0.51,9.57,1.53,0.07,-0.03,0.04,u
4095.0,2890.0,2995.0,2928.0,4095.0,4095.0,2393.0,3444.0,0.79,9.07,1.67,-0.09,-0.09,-0.05,u
4095.0,2893.0,2999.0,2928.0,4095.0,4095.0,2398.0,3443.0,0.93,9.8,1.32,0.1,0.11,-0.04,u
4095.0,2886.0,3008.0,2927.0,4095.0,4095.0,2395.0,3449.0,0.43,9.34,1.18,-0.01,0.08,-0.03,u
3670.0,2896.0,3001.0,2915.0,4095.0,4095.0,2399.0,3449.0,0.66,9.88,1.04,-0.02,-0.01,0.02,u
3577.0,2895.0,2992.0,2913.0,4095.0,4095.0,2400.0,3440.0,0.6,9.56,1.37,0.07,-0.08,0.05,u
3298.0,2894.0,2993.0,2927.0,4095.0,4095.0,2403.0,3440.0,0.68,9.5,1.04,-0.07,0.07,-0.08,u
3248.0,2893.0,2994.0,2925.0,4095.0,4095.0,2403.0,3439.0,0.8,10.06,1.25,0.12,0.13,0.01,u
3259.0,2896.0,2999.0,2927.0,4095.0,4095.0,2404.0,3439.0,0.67,9.37,1.29,-0.05,-0.1,-0.06,u
3265.0,2890.0,3004.0,2929.0,4095.0,4095.0,2406.0,3440.0,0.58,9.57,1.17,-0.02,0.15,-0.07,u
3305.0,2894.0,3002.0,2928.0,4095.0,4095.0,2404.0,3440.0,0.43,9.53,1.41,0.01,-0.02,-0.01,u
3312.0,2896.0,2993.0,2931.0,4095.0,4095.0,2406.0,3447.0,0.7,9.38,1.17,-0.06,-0.02,-0.02,u
3354.0,2896.0,2998.0,2934.0,4095.0,4095.0,2403.0,3441.0,0.9,9.66,1.29,-0.03,0.11,-0.05,u
3227.0,2896.0,2992.0,2928.0,4095.0,4095.0,2407.0,3440.0,0.43,9.25,1.26,-0.03,-0.07,0.01,u
3222.0,2895.0,2995.0,2923.0,4095.0,4095.0,2401.0,3443.0,0.7,9.42,1.49,-0.1,-0.04,-0.01,u
3422.0,2902.0,2992.0,2925.0,4095.0,4095.0,2403.0,3439.0,0.22,9.46,1.28,0.09,-0.04,0.05,u
3678.0,2896.0,2997.0,2910.0,4095.0,4095.0,2403.0,3396.0,0.63,9.6,1.09,-0.07,-0.01,-0.14,u
3696.0,2889.0,2999.0,2910.0,4095.0,4095.0,2398.0,3383.0,1.01,9.25,1.28,0.06,-0.08,0.04,u
3675.0,2892.0,2994.0,2920.0,4095.0,4095.0,2401.0,3393.0,0.61,10.02,0.96,-0.13,0.09,-0.08,u
3676.0,2895.0,2999.0,2924.0,4095.0,4095.0,2400.0,3405.0,0.83,9.46,1.53,0.04,0.01,0.04,u
3610.0,2895.0,2992.0,2928.0,4095.0,4095.0,2385.0,3419.0,0.42,9.14,1.31,-0.15,0.19,-0.0,u
3669.0,2892.0,2998.0,2919.0,4095.0,4095.0,2394.0,3419.0,1.05,10.29,1.11,0.1,-0.17,-0.04,u
3728.0,2892.0,2998.0,2883.0,4095.0,4095.0,2391.0,3387.0,0.24,8.95,1.27,-0.01,-0.11,-0.05,u
3723.0,2887.0,2992.0,2878.0,4095.0,4095.0,2400.0,3383.0,0.49,10.35,1.07,0.0,0.15,-0.05,u
3719.0,2890.0,2991.0,2889.0,4095.0,4095.0,2415.0,3403.0,0.73,9.12,1.48,0.08,-0.14,0.1,u
3715.0,2894.0,2995.0,2897.0,4095.0,4095.0,2411.0,3413.0,0.64,9.3,1.12,-0.03,0.2,-0.07,u
3716.0,2886.0,2997.0,2910.0,4095.0,4095.0,2401.0,3422.0,0.89,9.43,1.01,0.08,0.08,0.07,u
3710.0,2895.0,2998.0,2918.0,4095.0,4095.0,2403.0,3431.0,0.42,9.19,0.68,-0.25,0.0,-0.06,u
3706.0,2895.0,2992.0,2911.0,4095.0,4095.0,2400.0,3421.0,0.8,9.95,1.0,-0.12,-0.04,0.01,u
3709.0,2896.0,2995.0,2903.0,4095.0,4095.0,2411.0,3363.0,0.17,8.65,1.59,-0.14,-0.12,-0.02,u
3702.0,2880.0,2992.0,2919.0,4095.0,4095.0,2409.0,3351.0,0.54,9.73,1.42,-0.14,0.0,-0.04,u
3711.0,2883.0,2993.0,2947.0,4095.0,4095.0,2401.0,3362.0,0.62,9.53,1.53,0.03,-0.04,0.06,u
3707.0,2895.0,3001.0,3011.0,4095.0,4095.0,2407.0,3349.0,0.68,9.31,1.22,-0.19,0.01,-0.02,u
3705.0,2893.0,2996.0,3238.0,4095.0,4095.0,2416.0,3330.0,1.11,9.67,1.42,0.11,-0.09,0.15,u
3701.0,2885.0,2997.0,3162.0,4095.0,4095.0,2417.0,3343.0,0.52,8.67,1.32,-0.17,-0.03,-0.08,u
3701.0,2885.0,2992.0,2970.0,4095.0,4095.0,2384.0,3340.0,0.39,10.66,1.36,-0.11,0.13,-0.16,u
3701.0,2896.0,2997.0,2928.0,4095.0,4095.0,2374.0,3337.0,0.45,9.19,1.9,-0.0,-0.27,0.16,u
3699.0,2886.0,2994.0,2926.0,4095.0,4095.0,2378.0,3328.0,0.69,9.41,1.47,-0.07,0.17,-0.12,u
3695.0,2891.0,2994.0,2912.0,4095.0,4095.0,2386.0,3298.0,0.51,9.7,1.35,0.29,0.16,0.09,u
3582.0,2883.0,2993.0,2919.0,4095.0,4095.0,2389.0,3316.0,1.15,9.3,1.33,-0.08,0.15,0.09,u
3457.0,2889.0,2997.0,2941.0,4095.0,4095.0,2387.0,3347.0,1.06,9.91,1.02,-0.03,0.01,-0.02,u
3473.0,2885.0,2995.0,2976.0,4095.0,4095.0,2389.0,3345.0,0.68,8.86,1.6,-0.08,-0.18,0.01,u
3487.0,2896.0,2994.0,2974.0,4095.0,4095.0,2401.0,3330.0,0.82,9.73,1.56,0.1,0.15,-0.06,u
3520.0,2891.0,2991.0,2927.0,4095.0,4095.0,2417.0,3283.0,0.27,10.17,1.41,0.43,0.15,0.18,u
3529.0,2895.0,2993.0,2969.0,4095.0,4095.0,2447.0,3218.0,0.37,8.51,1.14,0.17,-0.16,0.19,u
3533.0,2893.0,2994.0,3158.0,4095.0,4095.0,2462.0,3200.0,0.88,10.3,0.17,0.13,0.23,0.02,u
3531.0,2887.0,2992.0,3145.0,4095.0,4095.0,2471.0,3216.0,1.45,9.1,0.53,-0.02,-0.27,0.1,u
3530.0,2891.0,2990.0,3018.0,4095.0,4095.0,2470.0,3233.0,2.15,9.79,0.64,-0.03,-0.01,-0.24,u
3523.0,2886.0,2992.0,2951.0,4095.0,4095.0,2466.0,3247.0,0.14,9.52,1.05,0.27,0.1,-0.06,u
3525.0,2891.0,2992.0,2944.0,4095.0,4095.0,2467.0,3265.0,0.44,10.24,0.68,-0.24,-0.01,-0.14,u
3520.0,2887.0,2991.0,2993.0,4095.0,4095.0,2466.0,3289.0,0.11,9.54,0.75,0.19,0.03,0.13,u
3524.0,2893.0,2989.0,3054.0,4095.0,4095.0,2448.0,3280.0,0.8,9.31,0.72,-0.18,-0.08,0.02,u
3502.0,2875.0,2983.0,3151.0,4095.0,4095.0,2403.0,3281.0,1.57,10.32,0.85,0.2,0.0,0.07,u
3499.0,2877.0,2973.0,3203.0,4095.0,4095.0,2383.0,3301.0,0.81,8.9,0.88,-0.17,-0.02,0.03,u
3494.0,2880.0,2977.0,3190.0,4095.0,4095.0,2365.0,3294.0,1.15,10.31,0.78,-0.07,0.08,-0.04,u
3492.0,2875.0,2967.0,3143.0,4095.0,4095.0,2371.0,3280.0,0.91,9.31,0.99,-0.01,-0.06,0.05,u
3495.0,2873.0,2977.0,3099.0,4095.0,4095.0,2373.0,3261.0,0.92,9.59,0.66,-0.25,0.1,-0.11,u
3492.0,2873.0,2976.0,3088.0,4095.0,4095.0,2373.0,3263.0,1.21,9.57,1.03,0.02,-0.09,0.12,u
3498.0,2880.0,2973.0,3088.0,4095.0,4095.0,2370.0,3292.0,0.6,9.28,0.91,-0.24,0.23,-0.14,u
3498.0,2875.0,2979.0,3120.0,4095.0,4095.0,2382.0,3315.0,1.41,9.79,0.95,0.14,-0.08,0.04,u
3502.0,2870.0,2977.0,3138.0,4095.0,4095.0,2386.0,3315.0,0.69,9.25,0.85,-0.12,-0.04,-0.04,u
3503.0,2875.0,2977.0,3082.0,4095.0,4095.0,2391.0,3320.0,1.12,9.99,0.83,0.1,0.04,-0.08,u
3504.0,2881.0,2970.0,2997.0,4095.0,4095.0,2390.0,3273.0,0.16,8.53,0.72,-0.11,0.03,-0.01,u
3505.0,2875.0,2977.0,3013.0,4095.0,4095.0,2422.0,3267.0,1.2,9.98,0.85,-0.12,0.08,0.02,u
3499.0,2874.0,2965.0,3097.0,4095.0,4095.0,2462.0,3498.0,1.46,9.84,1.06,0.13,-0.18,0.08,u
3505.0,2886.0,2960.0,3149.0,4095.0,4095.0,2493.0,3666.0,0.54,8.9,1.15,-0.0,-0.05,0.02,u
3487.0,2883.0,2958.0,3147.0,4095.0,4095.0,2493.0,3607.0,1.08,10.21,0.31,0.01,0.18,-0.05,u
3487.0,2885.0,2960.0,3152.0,4095.0,4095.0,2496.0,3532.0,0.96,9.02,0.8,-0.08,-0.1,0.02,u
3495.0,2883.0,2961.0,3161.0,4095.0,4095.0,2503.0,3518.0,1.16,9.98,0.62,-0.09,0.2,-0.12,u
3504.0,2883.0,2960.0,3197.0,4095.0,4095.0,2507.0,3475.0,1.08,9.92,0.79,0.02,-0.01,-0.02,u
3503.0,2880.0,2951.0,3121.0,4095.0,4095.0,2507.0,3445.0,0.68,9.24,1.14,0.07,-0.14,0.01,u
3499.0,2893.0,2960.0,3053.0,4095.0,4095.0,2475.0,3405.0,1.18,10.11,0.51,-0.17,0.18,-0.12,u
3490.0,2893.0,2959.0,3025.0,4095.0,4095.0,2458.0,3357.0,1.19,9.68,1.02,0.07,-0.12,0.15,u
3477.0,2881.0,2962.0,3006.0,4095.0,4095.0,2465.0,3391.0,0.82,9.44,0.95,-0.19,0.17,-0.1,u
3487.0,2885.0,2977.0,3010.0,4095.0,4095.0,2454.0,3299.0,1.75,10.11,0.75,0.2,0.19,0.05,u
3481.0,2881.0,2978.0,3027.0,4095.0,4095.0,2477.0,3237.0,0.35,8.95,0.64,-0.15,0.06,-0.01,u
3485.0,2880.0,2974.0,2994.0,4095.0,4095.0,2483.0,3246.0,1.11,9.79,0.52,-0.11,-0.11,-0.05,u
3479.0,2879.0,2981.0,2969.0,4095.0,4095.0,2469.0,3246.0,1.25,9.35,0.87,-0.03,-0.19,0.03,u
3483.0,2883.0,2971.0,2969.0,4095.0,4095.0,2462.0,3261.0,1.14,9.87,0.8,-0.03,0.09,-0.11,u
3485.0,2880.0,2975.0,2997.0,4095.0,4095.0,2448.0,3285.0,0.97,9.47,0.98,0.12,-0.04,0.02,u
3490.0,2877.0,2973.0,3015.0,4095.0,4095.0,2438.0,3312.0,1.38,10.05,0.79,-0.05,0.04,-0.12,u
3486.0,2886.0,2971.0,2976.0,4095.0,4095.0,2438.0,3308.0,0.94,9.74,0.67,0.24,0.11,-0.04,u
3489.0,2875.0,2971.0,2907.0,4095.0,4095.0,2436.0,3312.0,0.41,9.34,0.34,-0.19,0.14,-0.09,u
3485.0,2869.0,2982.0,2880.0,4095.0,4095.0,2422.0,3301.0,1.4,10.24,0.68,0.14,-0.21,0.08,u
3485.0,2875.0,2980.0,2851.0,4095.0,4095.0,2428.0,3301.0,0.44,8.96,0.75,-0.26,0.11,-0.07,u
3485.0,2879.0,2978.0,2825.0,4095.0,4095.0,2437.0,3295.0,2.06,10.23,0.35,-0.03,0.0,0.02,u
3486.0,2871.0,2979.0,2832.0,4095.0,4095.0,2438.0,3307.0,0.93,9.18,1.06,-0.02,0.1,-0.09,u
3488.0,2874.0,2977.0,2817.0,4095.0,4095.0,2445.0,3308.0,0.45,9.96,0.61,-0.2,0.17,-0.11,u
3471.0,2874.0,2974.0,2815.0,4095.0,4095.0,2448.0,3314.0,0.83,9.28,1.23,-0.06,-0.06,0.08,u
3602.0,2880.0,2971.0,2811.0,4095.0,4095.0,2451.0,3317.0,1.31,9.69,0.75,0.0,0.07,-0.09,u
3697.0,2878.0,2969.0,2799.0,4095.0,4095.0,2453.0,3307.0,0.84,9.54,0.83,0.12,-0.36,0.12,u
4030.0,2881.0,2982.0,2771.0,4095.0,4095.0,2479.0,3271.0,0.8,9.49,0.76,-0.12,-0.06,-0.2,u
3696.0,2874.0,2983.0,2786.0,4095.0,4095.0,2482.0,3291.0,1.1,10.09,0.89,0.14,0.2,-0.0,u
3376.0,2879.0,2983.0,2799.0,4095.0,4095.0,2470.0,3312.0,0.91,9.37,0.79,0.12,0.07,-0.03,u
3327.0,2882.0,2976.0,2801.0,4095.0,4095.0,2470.0,3325.0,1.06,9.85,0.17,-0.12,0.29,-0.21,u
3354.0,2886.0,2992.0,2807.0,4095.0,4095.0,2480.0,3341.0,0.74,9.46,0.83,0.09,-0.22,0.08,u
3391.0,2889.0,2992.0,2805.0,4095.0,4095.0,2478.0,3344.0,0.64,9.25,0.8,-0.08,-0.02,-0.13,u
3392.0,2894.0,2987.0,2797.0,4095.0,4095.0,2465.0,3342.0,0.69,9.68,0.57,0.05,0.0,-0.06,u
3386.0,2890.0,2992.0,2800.0,4095.0,4095.0,2454.0,3355.0,0.73,9.87,0.34,0.09,0.03,0.02,u
3345.0,2891.0,2992.0,2794.0,4095.0,4095.0,2455.0,3351.0,0.4,8.52,0.45,-0.33,-0.06,-0.04,u
3316.0,2894.0,2991.0,2798.0,4095.0,4095.0,2450.0,3344.0,1.17,10.52,0.29,0.02,0.28,-0.11,u
3184.0,2884.0,2986.0,2795.0,4095.0,4095.0,2443.0,3335.0,0.59,9.26,0.79,-0.09,-0.06,0.06,u
3191.0,2882.0,2987.0,2807.0,4095.0,4095.0,2445.0,3344.0,0.11,9.03,0.69,-0.28,-0.0,-0.04,u
3209.0,2890.0,2988.0,2806.0,4095.0,4095.0,2449.0,3343.0,0.28,10.44,0.31,-0.24,0.11,-0.01,u
3207.0,2879.0,2990.0,2817.0,4095.0,4095.0,2448.0,3356.0,0.76,9.43,1.32,-0.06,-0.25,0.2,u
3205.0,2886.0,2990.0,2829.0,4095.0,4095.0,2450.0,3349.0,1.61,9.47,0.6,-0.15,0.11,-0.11,u
3201.0,2883.0,2992.0,2836.0,4095.0,4095.0,2438.0,3323.0,1.32,10.32,0.95,0.2,0.01,0.08,u
3203.0,2880.0,2981.0,2848.0,4095.0,4095.0,2441.0,3312.0,0.7,8.77,1.16,-0.3,0.15,-0.17,u
3189.0,2883.0,2991.0,2870.0,4095.0,4095.0,2441.0,3283.0,0.81,10.15,0.78,0.02,0.31,-0.06,u
3185.0,2891.0,2985.0,2880.0,4095.0,4095.0,2443.0,3315.0,0.27,8.87,0.91,-0.09,-0.1,0.05,u
3216.0,2884.0,2992.0,2881.0,4095.0,4095.0,2431.0,3402.0,1.18,10.06,0.8,0.08,-0.03,-0.02,u
3285.0,2882.0,2975.0,2867.0,4095.0,4095.0,2435.0,3520.0,0.54,8.61,0.84,0.04,-0.15,0.05,u
3278.0,2884.0,2986.0,2855.0,4095.0,4095.0,2429.0,3568.0,1.48,10.63,0.81,0.2,-0.12,0.08,u
3280.0,2882.0,2972.0,2853.0,4095.0,4095.0,2432.0,3568.0,0.56,9.16,0.96,0.04,-0.02,0.01,u
3280.0,2885.0,2976.0,2853.0,4095.0,4095.0,2426.0,3547.0,0.88,10.11,0.43,-0.12,0.06,-0.06,u
3279.0,2878.0,2973.0,2837.0,4095.0,4095.0,2419.0,3503.0,1.1,9.31,0.94,0.1,-0.08,0.06,u
3275.0,2882.0,2971.0,2837.0,4095.0,4095.0,2417.0,3425.0,0.89,9.57,0.51,-0.11,0.13,-0.08,u
3310.0,2893.0,2992.0,2855.0,4095.0,4095.0,2427.0,3357.0,1.25,9.7,1.02,0.21,-0.07,0.03,u
3322.0,2898.0,2994.0,2859.0,4095.0,4095.0,2433.0,3331.0,0.44,9.05,0.44,-0.09,0.16,-0.14,u
3328.0,2903.0,3007.0,2826.0,4095.0,4095.0,2433.0,3268.0,1.27,10.28,0.61,0.32,-0.14,0.13,u
3311.0,2918.0,3012.0,2795.0,4095.0,4095.0,2439.0,3244.0,1.07,9.39,0.42,0.01,-0.07,0.02,u
3312.0,2918.0,3015.0,2784.0,4095.0,4095.0,2442.0,3261.0,1.07,9.97,0.07,-0.09,0.09,-0.05,u
3310.0,2914.0,3009.0,2788.0,4095.0,4095.0,2447.0,3295.0,0.99,9.53,0.8,0.07,-0.17,0.15,u
3317.0,2913.0,3005.0,2763.0,4095.0,4095.0,2448.0,3316.0,1.16,9.11,0.47,-0.09,0.04,-0.09,u
3350.0,2915.0,3005.0,2749.0,4095.0,4095.0,2445.0,3356.0,0.79,9.96,0.43,0.03,0.07,-0.02,u
3354.0,2915.0,3007.0,2739.0,4095.0,4095.0,2457.0,3345.0,1.11,8.86,0.37,-0.06,-0.1,-0.01,u
3413.0,2911.0,3011.0,2741.0,4095.0,4095.0,2448.0,3353.0,0.78,10.01,0.42,-0.16,0.14,-0.09,u
3867.0,2918.0,3003.0,2730.0,4095.0,4095.0,2449.0,3349.0,0.6,9.31,0.87,0.16,-0.16,0.08,u
4095.0,2918.0,3007.0,2736.0,4095.0,4095.0,2441.0,3325.0,0.77,9.45,0.53,-0.03,0.1,-0.09,u
4095.0,2914.0,3004.0,2736.0,4095.0,4095.0,2443.0,3309.0,1.66,9.59,0.03,-0.02,0.04,0.01,u
4095.0,2921.0,3007.0,2737.0,4095.0,4095.0,2443.0,3312.0,1.04,9.4,0.63,-0.06,-0.02,0.06,u
4095.0,2909.0,3008.0,2736.0,4095.0,4095.0,2448.0,3311.0,1.08,9.78,0.44,-0.03,0.11,-0.04,u
4027.0,2913.0,3011.0,2747.0,4095.0,4095.0,2448.0,3317.0,1.14,9.46,0.52,0.04,-0.01,0.0,u
3899.0,2917.0,3005.0,2751.0,4095.0,4095.0,2454.0,3318.0,0.83,9.2,0.5,-0.15,-0.05,-0.03,u
3628.0,2909.0,3009.0,2749.0,4095.0,4095.0,2454.0,3285.0,1.26,10.39,0.35,0.06,0.11,-0.03,u
3487.0,2907.0,3004.0,2755.0,4095.0,4095.0,2453.0,3269.0,0.85,9.43,0.34,-0.11,0.03,-0.07,u
3458.0,2901.0,3007.0,2756.0,4095.0,4095.0,2451.0,3282.0,1.32,9.71,0.23,-0.28,0.11,-0.18,u
3499.0,2907.0,3002.0,2757.0,4095.0,4095.0,2443.0,3315.0,0.78,9.38,1.16,-0.06,-0.06,-0.13,u
3526.0,2903.0,2994.0,2767.0,4095.0,4095.0,2443.0,3312.0,0.04,8.67,0.74,-0.3,-0.06,-0.17,u
3497.0,2907.0,3006.0,2769.0,4095.0,4095.0,2438.0,3312.0,0.79,10.59,0.59,0.02,0.12,-0.01,u
3425.0,2903.0,2992.0,2768.0,4095.0,4095.0,2444.0,3315.0,0.4,9.08,0.91,-0.03,-0.04,0.02,u
3278.0,2907.0,2998.0,2773.0,4095.0,4095.0,2448.0,3318.0,1.01,9.4,0.46,-0.07,0.05,-0.04,u
3241.0,2912.0,2997.0,2771.0,4095.0,4095.0,2448.0,3313.0,1.07,9.77,0.84,0.15,-0.08,0.08,u
3248.0,2902.0,2997.0,2767.0,4095.0,4095.0,2449.0,3310.0,0.44,8.91,0.84,-0.12,-0.03,-0.06,u
3239.0,2903.0,3005.0,2763.0,4095.0,4095.0,2450.0,3309.0,1.18,10.17,0.81,0.09,-0.05,0.07,u
3248.0,2909.0,2998.0,2761.0,4095.0,4095.0,2448.0,3321.0,0.73,9.32,0.64,0.02,0.05,-0.05,u
3237.0,2911.0,2998.0,2779.0,4095.0,4095.0,2436.0,3315.0,0.9,10.28,0.22,0.12,0.11,-0.06,u
3256.0,2905.0,2992.0,2815.0,4095.0,4095.0,2438.0,3233.0,0.56,9.36,0.62,-0.03,-0.02,-0.08,u
3254.0,2911.0,2997.0,2818.0,4095.0,4095.0,2445.0,3238.0,0.41,9.56,0.52,-0.13,0.08,-0.09,u
3247.0,2909.0,2990.0,2801.0,4095.0,4095.0,2447.0,3253.0,0.7,9.61,0.75,0.2,-0.09,0.07,u
3250.0,2910.0,2994.0,2815.0,4095.0,4095.0,2452.0,3269.0,0.44,9.66,0.17,-0.17,0.11,-0.09,u
3261.0,2910.0,2997.0,2829.0,4095.0,4095.0,2451.0,3278.0,0.67,9.78,0.24,0.05,-0.01,0.0,u
3245.0,2907.0,2998.0,2832.0,4095.0,4095.0,2453.0,3280.0,0.77,9.42,0.36,-0.04,0.0,-0.03,u
3243.0,2909.0,2997.0,2832.0,4095.0,4095.0,2451.0,3280.0,0.72,9.79,0.26,-0.02,0.1,-0.05,u
3198.0,2911.0,2999.0,2833.0,4095.0,4095.0,2452.0,3283.0,0.62,9.4,0.68,0.11,-0.13,0.11,u
3194.0,2914.0,3001.0,2837.0,4095.0,4095.0,2454.0,3294.0,0.41,9.89,0.23,-0.11,0.14,-0.07,u
3191.0,2907.0,2992.0,2838.0,4095.0,4095.0,2455.0,3302.0,1.04,9.54,0.39,0.0,-0.04,0.04,u
3206.0,2910.0,2993.0,2848.0,4095.0,4095.0,2462.0,3311.0,0.54,9.49,0.36,-0.23,0.01,-0.08,u
3195.0,2911.0,2999.0,2841.0,4095.0,4095.0,2459.0,3306.0,0.87,10.03,0.67,0.14,0.02,0.04,u
3189.0,2905.0,3002.0,2835.0,4095.0,4095.0,2458.0,3298.0,0.53,9.1,0.27,0.01,0.08,-0.21,u
3167.0,2907.0,2995.0,2838.0,4095.0,4095.0,2455.0,3295.0,0.94,9.82,0.15,0.05,-0.04,0.01,u
3165.0,2903.0,3004.0,2841.0,4095.0,4095.0,2458.0,3298.0,0.68,9.37,0.53,-0.07,0.04,-0.06,u
3154.0,2911.0,2997.0,2842.0,4095.0,4095.0,2459.0,3306.0,0.58,10.09,0.3,-0.08,0.04,-0.03,u
3156.0,2914.0,2998.0,2848.0,4095.0,4095.0,2459.0,3312.0,0.5,9.41,0.57,-0.01,-0.1,0.06,u
3162.0,2908.0,2992.0,2853.0,4095.0,4095.0,2462.0,3315.0,0.61,9.97,0.24,-0.08,0.07,-0.04,u
3156.0,2901.0,2992.0,2849.0,4095.0,4095.0,2461.0,3318.0,0.9,9.59,0.64,0.07,-0.09,0.08,u
3151.0,2911.0,3004.0,2769.0,4095.0,4095.0,2443.0,3317.0,0.91,9.35,0.16,0.12,0.06,-0.16,u
3145.0,2912.0,3003.0,2754.0,4095.0,4095.0,2446.0,3305.0,0.76,10.0,0.17,0.15,0.07,-0.06,u
3146.0,2911.0,2998.0,2793.0,4095.0,4095.0,2449.0,3313.0,0.56,9.73,-0.2,-0.09,-0.0,-0.0,u
3173.0,2903.0,2997.0,2800.0,4095.0,4095.0,2461.0,3334.0,0.53,9.29,0.14,-0.15,-0.1,0.16,u
3154.0,2913.0,2997.0,2791.0,4095.0,4095.0,2463.0,3341.0,0.72,9.96,0.16,-0.27,0.15,-0.07,u
3235.0,2903.0,2993.0,2785.0,4095.0,4095.0,2466.0,3351.0,0.73,9.62,0.71,-0.02,-0.19,0.05,u
3638.0,2903.0,2995.0,2797.0,4095.0,4095.0,2470.0,3404.0,0.15,9.13,0.83,-0.4,0.11,-0.16,u
3407.0,2902.0,2994.0,2793.0,4095.0,4095.0,2479.0,3414.0,1.16,9.77,0.41,-0.03,0.08,0.01,u
3753.0,2907.0,2995.0,2753.0,4095.0,4095.0,2480.0,3401.0,0.18,9.03,0.62,0.02,-0.06,-0.06,u
4095.0,2901.0,2993.0,2736.0,4095.0,4095.0,2480.0,3354.0,0.59,10.62,0.64,0.1,-0.07,-0.05,u
3150.0,2853.0,2944.0,3071.0,4095.0,4095.0,2343.0,3504.0,-0.2,8.54,0.92,-0.07,-0.14,-0.05,v
3151.0,2858.0,2949.0,3085.0,4095.0,4095.0,2345.0,3518.0,-0.58,10.18,0.68,-0.21,0.22,-0.07,v
3123.0,2832.0,2924.0,3088.0,4095.0,4095.0,2320.0,3499.0,-0.45,9.26,1.4,-0.25,-0.33,0.12,v
3115.0,2822.0,2913.0,3071.0,4095.0,4095.0,2318.0,3503.0,0.08,9.65,1.26,-0.26,0.09,-0.11,v
3120.0,2823.0,2928.0,3057.0,4095.0,4095.0,2319.0,3527.0,-0.04,9.66,1.39,-0.08,-0.14,-0.01,v
3133.0,2826.0,2928.0,3056.0,4095.0,4095.0,2299.0,3571.0,-0.82,8.66,1.78,-0.27,0.01,-0.13,v
3149.0,2837.0,2938.0,3087.0,4095.0,4095.0,2319.0,3613.0,0.05,10.02,1.59,0.08,0.25,-0.04,v
3129.0,2832.0,2928.0,3027.0,4095.0,4095.0,2317.0,3575.0,-0.72,9.16,1.57,0.05,-0.11,0.08,v
3119.0,2832.0,2925.0,3035.0,4095.0,4095.0,2321.0,3571.0,-0.06,9.43,1.07,-0.09,0.03,-0.02,v
3120.0,2826.0,2928.0,3051.0,4095.0,4095.0,2315.0,3578.0,0.26,9.55,1.66,0.12,-0.04,0.02,v
3123.0,2832.0,2928.0,3043.0,4095.0,4095.0,2319.0,3579.0,-0.11,9.22,1.45,-0.11,-0.05,-0.05,v
3126.0,2835.0,2927.0,3040.0,4095.0,4095.0,2320.0,3575.0,-0.0,9.84,1.46,-0.01,-0.12,-0.01,v
3135.0,2842.0,2929.0,3044.0,4095.0,4095.0,2327.0,3583.0,-0.25,9.28,1.46,-0.02,-0.03,-0.07,v
3130.0,2832.0,2927.0,3024.0,4095.0,4095.0,2321.0,3583.0,-0.82,9.33,1.08,-0.03,0.05,0.0,v
3103.0,2832.0,2931.0,3015.0,4095.0,4095.0,2333.0,3571.0,-0.14,9.58,1.68,0.03,-0.06,0.08,v
3088.0,2836.0,2927.0,3021.0,4095.0,4095.0,2338.0,3570.0,-0.31,9.32,1.47,0.0,0.03,0.05,v
3091.0,2832.0,2928.0,3017.0,4095.0,4095.0,2333.0,3567.0,0.13,9.74,1.2,0.03,0.06,-0.0,v
3102.0,2829.0,2928.0,3022.0,4095.0,4095.0,2336.0,3568.0,0.21,9.29,1.32,0.03,-0.05,-0.01,v
3089.0,2828.0,2928.0,3017.0,4095.0,4095.0,2335.0,3565.0,-0.33,9.51,1.24,-0.09,-0.04,0.03,v
3069.0,2823.0,2922.0,3018.0,4095.0,4095.0,2330.0,3555.0,-0.21,9.77,1.19,0.11,-0.06,0.08,v
3018.0,2829.0,2927.0,3018.0,4095.0,4095.0,2335.0,3566.0,-0.19,9.2,1.29,-0.1,-0.04,0.02,v
3019.0,2827.0,2927.0,3024.0,4095.0,4095.0,2335.0,3563.0,0.16,9.52,1.15,0.03,0.16,-0.07,v
3057.0,2826.0,2928.0,3023.0,4095.0,4095.0,2341.0,3566.0,-0.12,9.47,1.15,0.01,-0.06,0.06,v
3062.0,2821.0,2922.0,3024.0,4095.0,4095.0,2337.0,3565.0,-0.1,9.4,1.41,-0.18,-0.04,-0.03,v
3054.0,2827.0,2925.0,3024.0,4095.0,4095.0,2338.0,3562.0,-0.16,9.56,1.37,0.07,0.03,0.06,v
3035.0,2816.0,2919.0,3019.0,4095.0,4095.0,2337.0,3558.0,0.12,9.44,1.42,-0.03,-0.08,-0.03,v
3035.0,2829.0,2921.0,3021.0,4095.0,4095.0,2337.0,3567.0,-0.05,9.56,1.44,-0.03,0.01,-0.04,v
3065.0,2828.0,2923.0,3033.0,4095.0,4095.0,2339.0,3575.0,0.06,9.62,1.47,0.12,-0.1,0.05,v
3111.0,2823.0,2934.0,3031.0,4095.0,4095.0,2339.0,3582.0,-0.22,9.32,1.2,-0.07,-0.07,-0.06,v
3122.0,2832.0,2928.0,3033.0,4095.0,4095.0,2336.0,3602.0,0.17,9.77,1.02,0.06,0.13,-0.13,v
3085.0,2835.0,2927.0,3025.0,4095.0,4095.0,2349.0,3604.0,0.19,9.42,1.24,0.11,-0.18,-0.03,v
3009.0,2842.0,2940.0,3024.0,4095.0,4095.0,2352.0,3619.0,-0.26,9.6,0.92,-0.11,0.02,-0.07,v
3056.0,2845.0,2945.0,3035.0,4095.0,4095.0,2355.0,3629.0,0.02,9.64,1.18,0.07,0.02,0.06,v
3104.0,2844.0,2944.0,3037.0,4095.0,4095.0,2358.0,3629.0,0.06,9.36,1.08,-0.08,-0.03,-0.03,v
3106.0,2848.0,2944.0,3030.0,4095.0,4095.0,2355.0,3628.0,0.03,9.73,0.96,-0.05,0.06,-0.05,v
3107.0,2841.0,2949.0,3029.0,4095.0,4095.0,2358.0,3631.0,-0.19,9.37,1.28,-0.04,-0.13,0.07,v
3130.0,2846.0,2943.0,3024.0,4095.0,4095.0,2357.0,3633.0,-0.02,9.64,1.26,-0.09,0.08,-0.12,v
3136.0,2842.0,2945.0,3021.0,4095.0,4095.0,2352.0,3665.0,-0.13,9.52,1.37,-0.03,0.05,-0.02,v
3134.0,2833.0,2945.0,3024.0,4095.0,4095.0,2355.0,3671.0,-0.46,9.17,1.17,-0.09,-0.04,0.03,v
3137.0,2845.0,2942.0,3024.0,4095.0,4095.0,2352.0,3663.0,0.11,9.9,1.25,0.05,0.09,0.03,v
3129.0,2850.0,2942.0,3025.0,4095.0,4095.0,2349.0,3623.0,-0.04,9.28,1.1,-0.03,-0.11,0.06,v
3132.0,2851.0,2946.0,3055.0,4095.0,4095.0,2349.0,3603.0,-0.06,10.21,1.35,-0.14,0.08,0.0,v
3089.0,2827.0,2926.0,3237.0,4095.0,4095.0,2391.0,3550.0,0.25,9.14,1.54,0.19,-0.42,0.21,v
3119.0,2848.0,2941.0,3426.0,4095.0,4095.0,2446.0,3486.0,-0.62,9.83,0.98,-0.27,0.3,-0.14,v
3107.0,2842.0,2930.0,3472.0,4095.0,4095.0,2444.0,3440.0,0.34,9.05,1.15,-0.15,-0.09,0.13,v
3109.0,2836.0,2937.0,3397.0,4095.0,4095.0,2414.0,3457.0,0.83,9.41,1.17,0.09,0.04,-0.0,v
3117.0,2839.0,2937.0,3336.0,4095.0,4095.0,2334.0,3469.0,0.63,9.63,1.21,0.07,-0.03,-0.04,v
3095.0,2832.0,2928.0,3309.0,4095.0,4095.0,2306.0,3490.0,0.05,9.62,0.98,0.21,-0.03,-0.05,v
3107.0,2839.0,2928.0,3302.0,4095.0,4095.0,2294.0,3558.0,0.08,9.28,1.05,0.12,-0.14,0.05,v
3104.0,2838.0,2928.0,3309.0,4095.0,4095.0,2282.0,3599.0,-0.31,9.68,0.77,-0.15,0.31,-0.21,v
3115.0,2838.0,2937.0,3314.0,4095.0,4095.0,2263.0,3665.0,-0.32,9.71,1.42,0.07,-0.02,0.11,v
3119.0,2842.0,2931.0,3323.0,4095.0,4095.0,2281.0,3681.0,0.12,9.34,1.11,-0.2,-0.08,0.06,v
3110.0,2843.0,2939.0,3328.0,4095.0,4095.0,2309.0,3683.0,0.53,9.58,1.19,0.08,-0.09,0.05,v
3094.0,2828.0,2933.0,3332.0,4095.0,4095.0,2359.0,3533.0,0.4,9.39,0.88,0.32,-0.36,0.09,v
3113.0,2853.0,2944.0,3401.0,4095.0,4048.0,2355.0,3354.0,0.23,9.61,1.42,-0.27,0.17,0.07,v
3101.0,2849.0,2945.0,3433.0,4095.0,3946.0,2362.0,3304.0,0.56,9.72,1.04,-0.01,0.03,-0.06,v
3120.0,2847.0,2933.0,3255.0,4095.0,4067.0,2313.0,3357.0,-0.14,9.2,0.94,-0.04,-0.02,-0.0,v
3135.0,2839.0,2943.0,3237.0,4095.0,4095.0,2240.0,3359.0,0.46,9.97,0.62,-0.04,0.03,0.03,v
3118.0,2827.0,2929.0,3335.0,4095.0,4095.0,2225.0,3457.0,0.5,9.17,0.86,-0.05,-0.02,-0.0,v
3115.0,2815.0,2934.0,3403.0,4095.0,4095.0,2227.0,3520.0,0.27,9.79,0.55,-0.27,0.28,-0.11,v
3123.0,2831.0,2949.0,3449.0,4095.0,4095.0,2243.0,3566.0,0.49,8.97,1.13,0.01,-0.09,-0.02,v
3120.0,2825.0,2944.0,3458.0,4095.0,4095.0,2254.0,3582.0,0.2,9.72,0.79,-0.05,0.07,-0.13,v
3122.0,2821.0,2950.0,3459.0,4095.0,4095.0,2269.0,3599.0,0.45,9.67,1.08,0.16,-0.06,0.0,v
3120.0,2829.0,2951.0,3458.0,4095.0,4095.0,2274.0,3627.0,-0.15,9.5,1.11,-0.11,0.12,-0.07,v
3120.0,2821.0,2949.0,3452.0,4095.0,4095.0,2279.0,3629.0,0.44,9.8,0.95,-0.0,-0.01,-0.06,v
3120.0,2830.0,2946.0,3418.0,4095.0,4095.0,2287.0,3621.0,-0.04,9.29,1.01,0.0,-0.04,-0.03,v
3119.0,2827.0,2956.0,3423.0,4095.0,4095.0,2290.0,3623.0,0.18,10.07,0.67,-0.17,0.18,-0.11,v
3122.0,2831.0,2958.0,3419.0,4095.0,4095.0,2294.0,3625.0,0.2,9.39,0.96,0.03,-0.05,0.04,v
3122.0,2831.0,2956.0,3408.0,4095.0,4095.0,2295.0,3632.0,0.47,9.74,0.75,-0.05,0.09,-0.06,v
3119.0,2835.0,2949.0,3363.0,4095.0,4095.0,2303.0,3630.0,0.52,9.52,1.17,0.07,-0.06,-0.01,v
3121.0,2830.0,2960.0,3344.0,4095.0,4095.0,2305.0,3635.0,-0.0,9.33,0.85,-0.08,0.07,-0.13,v
3127.0,2835.0,2955.0,3358.0,4095.0,4095.0,2314.0,3664.0,-0.1,9.82,0.9,-0.04,0.09,-0.03,v
3120.0,2832.0,2957.0,3369.0,4095.0,4095.0,2315.0,3670.0,-0.87,9.24,0.87,-0.04,-0.1,0.07,v
3118.0,2837.0,2951.0,3370.0,4095.0,4095.0,2303.0,3642.0,0.42,9.92,1.06,0.09,0.01,0.0,v
3119.0,2832.0,2945.0,3373.0,4095.0,4095.0,2292.0,3616.0,0.39,9.34,0.77,0.03,-0.02,0.04,v
3120.0,2830.0,2953.0,3349.0,4095.0,4095.0,2270.0,3570.0,0.13,9.3,0.65,0.01,-0.12,-0.02,v
3117.0,2829.0,2957.0,3327.0,4095.0,4095.0,2249.0,3556.0,0.01,9.82,0.98,0.03,0.03,0.01,v
3125.0,2823.0,2950.0,3318.0,4095.0,4095.0,2239.0,3568.0,-0.32,8.96,0.68,0.0,0.1,-0.05,v
3136.0,2827.0,2950.0,3305.0,4095.0,4095.0,2239.0,3569.0,0.23,10.28,0.61,-0.03,0.2,-0.11,v
3130.0,2831.0,2954.0,3322.0,4095.0,4095.0,2250.0,3583.0,0.22,9.33,0.92,0.05,-0.11,0.05,v
3143.0,2818.0,2947.0,3329.0,4095.0,4095.0,2254.0,3600.0,0.08,9.74,0.73,-0.01,0.05,-0.02,v
3143.0,2832.0,2942.0,3325.0,4095.0,4095.0,2257.0,3607.0,0.18,9.36,0.64,0.01,-0.05,-0.01,v
3133.0,2822.0,2954.0,3327.0,4095.0,4095.0,2256.0,3605.0,0.01,9.54,0.82,-0.02,-0.03,-0.04,v
3138.0,2831.0,2946.0,3327.0,4095.0,4095.0,2256.0,3605.0,0.13,9.73,0.52,0.1,0.08,-0.07,v
3139.0,2831.0,2960.0,3343.0,4095.0,4095.0,2259.0,3616.0,-0.35,9.55,0.47,0.02,0.06,-0.01,v
3127.0,2830.0,2947.0,3339.0,4095.0,4095.0,2259.0,3615.0,-0.17,9.78,0.57,0.15,-0.04,0.02,v
3103.0,2822.0,2947.0,3379.0,4095.0,4095.0,2270.0,3616.0,-0.02,9.35,0.52,0.05,-0.05,-0.01,v
3101.0,2819.0,2933.0,3398.0,4095.0,4095.0,2265.0,3573.0,0.32,10.14,0.5,-0.05,0.03,0.0,v
3126.0,2829.0,2945.0,3326.0,4095.0,4095.0,2250.0,3451.0,0.92,8.83,0.76,-0.13,-0.27,0.05,v
3159.0,2830.0,2938.0,3344.0,4095.0,4095.0,2278.0,3430.0,-0.36,9.66,0.47,-0.07,0.08,0.0,v
3159.0,2828.0,2939.0,3355.0,4095.0,4095.0,2291.0,3453.0,-0.71,10.07,0.62,0.13,0.55,-0.11,v
3194.0,2855.0,2967.0,3388.0,4095.0,4095.0,2338.0,3520.0,-0.48,9.17,0.17,-0.29,-0.09,0.11,v
3185.0,2857.0,2970.0,3408.0,4095.0,4095.0,2354.0,3583.0,0.41,9.78,0.53,-0.08,0.08,0.03,v
3189.0,2852.0,2976.0,3426.0,4095.0,4095.0,2352.0,3677.0,0.08,9.28,0.69,-0.06,-0.04,0.01,v
3184.0,2854.0,2977.0,3433.0,4095.0,4095.0,2358.0,3701.0,0.14,9.72,0.71,-0.12,-0.06,-0.03,v
3170.0,2838.0,2975.0,3435.0,4095.0,4095.0,2352.0,3725.0,-0.08,9.46,0.92,-0.13,-0.0,-0.06,v
3152.0,2843.0,2981.0,3408.0,4095.0,4095.0,2352.0,3746.0,0.23,9.81,0.93,-0.17,0.1,-0.14,v
3143.0,2832.0,2982.0,3312.0,4095.0,4095.0,2347.0,3735.0,0.26,9.68,0.58,-0.23,-0.01,-0.05,v
3149.0,2832.0,2976.0,3199.0,4095.0,4095.0,2334.0,3690.0,-0.07,9.21,0.96,-0.18,-0.06,0.0,v
3157.0,2833.0,2985.0,3101.0,4095.0,4095.0,2307.0,3632.0,-0.5,9.51,1.06,-0.13,0.08,-0.01,v
3153.0,2833.0,2981.0,3023.0,4095.0,4095.0,2266.0,3561.0,0.49,9.77,1.2,-0.05,-0.18,0.08,v
3175.0,2800.0,2983.0,2950.0,4095.0,4095.0,2253.0,3567.0,0.11,9.48,1.01,0.08,0.07,0.04,v
3196.0,2761.0,2983.0,2923.0,4095.0,4095.0,2245.0,3551.0,0.17,9.57,0.77,-0.06,0.04,-0.02,v
3209.0,2672.0,2973.0,2914.0,4095.0,4095.0,2239.0,3536.0,0.39,9.51,1.28,0.07,-0.12,0.05,v
3221.0,2691.0,2978.0,3006.0,4095.0,4095.0,2271.0,3468.0,-0.58,8.79,1.08,-0.07,0.11,0.05,v
3201.0,2781.0,2982.0,3189.0,4095.0,4095.0,2354.0,3396.0,0.01,10.34,0.92,0.0,0.14,-0.03,v
3190.0,2800.0,2986.0,3344.0,4095.0,4095.0,2393.0,3425.0,0.43,9.13,1.04,0.12,-0.19,0.1,v
3183.0,2814.0,2978.0,3299.0,4095.0,4095.0,2351.0,3498.0,0.16,9.55,0.49,-0.17,0.19,-0.05,v
3172.0,2842.0,2992.0,3152.0,4095.0,4095.0,2304.0,3511.0,0.57,9.78,1.02,-0.06,0.06,0.04,v
3180.0,2871.0,2998.0,3105.0,4095.0,4095.0,2304.0,3516.0,0.02,8.96,0.93,-0.16,0.04,-0.03,v
3183.0,2874.0,2999.0,3119.0,4095.0,4095.0,2310.0,3516.0,0.55,9.62,0.93,-0.03,0.1,-0.01,v
3188.0,2880.0,3013.0,3178.0,4095.0,4095.0,2308.0,3493.0,0.19,9.65,0.91,0.04,-0.03,-0.03,v
3201.0,2858.0,3018.0,3197.0,4095.0,4095.0,2278.0,3439.0,0.47,9.37,1.14,-0.04,-0.23,-0.04,v
3205.0,2852.0,3011.0,3201.0,4095.0,4095.0,2288.0,3439.0,-0.17,9.88,0.89,-0.14,0.12,-0.1,v
3206.0,2859.0,3010.0,3231.0,4095.0,4095.0,2288.0,3458.0,0.57,9.78,1.54,0.15,-0.25,0.14,v
3203.0,2857.0,3008.0,3248.0,4095.0,4095.0,2291.0,3465.0,0.21,9.61,0.9,-0.03,0.05,0.0,v
3198.0,2860.0,3005.0,3274.0,4095.0,4095.0,2303.0,3503.0,0.42,9.9,0.89,0.06,0.02,0.08,v
3201.0,2862.0,3010.0,3300.0,4095.0,4095.0,2309.0,3546.0,-0.11,9.28,0.82,-0.16,0.05,0.1,v
3200.0,2862.0,3002.0,3311.0,4095.0,4095.0,2320.0,3570.0,0.95,9.83,0.92,-0.09,0.14,-0.03,v
3200.0,2861.0,3008.0,3350.0,4095.0,4095.0,2349.0,3649.0,0.41,9.28,1.21,-0.01,-0.08,0.1,v
3204.0,2867.0,3021.0,3388.0,4095.0,4095.0,2362.0,3759.0,0.12,9.61,0.98,-0.11,0.26,-0.06,v
3214.0,2865.0,3018.0,3392.0,4095.0,4095.0,2360.0,3776.0,0.75,9.84,1.05,-0.03,-0.03,0.04,v
3209.0,2865.0,3024.0,3405.0,4095.0,4095.0,2372.0,3818.0,0.26,9.29,1.14,-0.09,-0.01,-0.0,v
3210.0,2870.0,3023.0,3392.0,4095.0,4095.0,2379.0,3829.0,0.53,9.73,1.31,-0.07,0.02,-0.05,v
3206.0,2878.0,3021.0,3391.0,4095.0,4095.0,2379.0,3862.0,0.24,9.57,1.24,0.02,0.01,-0.03,v
3203.0,2866.0,3025.0,3399.0,4095.0,4095.0,2368.0,3888.0,0.29,9.67,1.07,-0.11,0.03,-0.04,v
3201.0,2877.0,3025.0,3409.0,4095.0,4095.0,2383.0,3910.0,0.55,9.49,1.35,0.03,0.02,0.0,v
3206.0,2873.0,3026.0,3444.0,4095.0,4095.0,2415.0,3933.0,0.32,9.53,0.68,-0.0,0.14,-0.19,v
3202.0,2877.0,3024.0,3421.0,4095.0,4095.0,2423.0,3895.0,0.64,9.76,1.2,0.03,-0.03,0.02,v
3188.0,2858.0,3010.0,3366.0,4095.0,4095.0,2416.0,3842.0,-0.03,9.34,1.03,-0.17,0.03,-0.03,v
3188.0,2870.0,3015.0,3374.0,4095.0,4095.0,2428.0,3813.0,0.34,9.75,1.26,0.08,-0.03,0.06,v
3186.0,2864.0,3019.0,3472.0,4095.0,4095.0,2587.0,3856.0,0.18,9.4,1.09,0.06,-0.05,0.03,v
3190.0,2866.0,3012.0,3536.0,4095.0,4095.0,2637.0,3878.0,0.65,9.43,1.01,-0.0,-0.01,-0.08,v
3183.0,2853.0,3005.0,3506.0,4095.0,4095.0,2624.0,3877.0,0.02,9.38,0.96,-0.11,0.03,-0.08,v
3191.0,2860.0,3001.0,3435.0,4095.0,4095.0,2591.0,3760.0,0.39,9.7,0.8,0.26,-0.13,-0.03,v
3184.0,2850.0,3008.0,3183.0,4095.0,4095.0,2442.0,3674.0,-0.06,9.73,0.75,-0.11,0.06,-0.01,v
3183.0,2862.0,3006.0,3108.0,4095.0,4095.0,2394.0,3751.0,-0.31,9.14,0.81,-0.4,-0.28,0.19,v
3174.0,2864.0,2999.0,2992.0,4095.0,4095.0,2335.0,3740.0,1.28,9.65,1.45,-0.16,-0.02,0.03,v
3182.0,2864.0,3005.0,3013.0,4095.0,4095.0,2322.0,3573.0,0.73,9.54,1.39,0.29,0.06,0.01,v
3180.0,2868.0,3007.0,3312.0,4095.0,4095.0,2388.0,3503.0,-0.53,8.84,0.71,-0.27,0.01,0.02,v
3171.0,2880.0,3005.0,3684.0,4095.0,4095.0,2403.0,3519.0,0.52,9.45,1.34,0.02,0.12,0.1,v
3169.0,2880.0,2999.0,3479.0,4095.0,4095.0,2350.0,3483.0,0.36,9.05,1.2,0.06,-0.04,0.08,v
3170.0,2891.0,3006.0,3200.0,4095.0,4095.0,2287.0,3414.0,0.77,10.14,0.94,0.07,0.2,-0.03,v
3166.0,2885.0,3002.0,3037.0,4095.0,4095.0,2259.0,3361.0,0.28,9.02,1.15,0.2,0.09,0.11,v
3158.0,2882.0,2998.0,2969.0,4095.0,4095.0,2247.0,3333.0,0.53,9.26,1.06,-0.09,0.07,-0.06,v
3162.0,2884.0,2999.0,2910.0,4095.0,4095.0,2246.0,3312.0,0.62,9.59,0.77,0.25,0.14,0.04,v
3194.0,2912.0,3021.0,2909.0,4095.0,4095.0,2271.0,3329.0,-0.06,9.41,0.46,-0.1,0.01,-0.05,v
3184.0,2913.0,3023.0,2882.0,4095.0,4095.0,2274.0,3297.0,0.87,9.68,0.89,0.3,0.01,0.13,v
3184.0,2906.0,3021.0,2870.0,4095.0,4095.0,2275.0,3306.0,0.18,9.07,0.54,0.1,0.04,-0.07,v
3182.0,2896.0,2992.0,2871.0,4095.0,4095.0,2274.0,3292.0,0.84,10.26,0.1,0.13,-0.0,0.04,v
3169.0,2894.0,2997.0,2942.0,4095.0,4095.0,2283.0,3299.0,0.69,9.06,0.68,0.08,-0.27,0.06,v
3195.0,2891.0,3001.0,3042.0,4095.0,4095.0,2290.0,3317.0,0.56,9.85,0.22,-0.13,0.15,-0.11,v
3202.0,2896.0,2999.0,3286.0,4095.0,4095.0,2309.0,3312.0,0.95,10.26,0.46,0.2,-0.11,0.03,v
3200.0,2897.0,3008.0,3298.0,4095.0,4095.0,2307.0,3339.0,0.1,8.92,0.36,-0.09,0.0,-0.12,v
3203.0,2892.0,3003.0,3247.0,4095.0,4095.0,2299.0,3369.0,0.78,9.99,0.08,-0.05,0.05,-0.12,v
3216.0,2895.0,3003.0,3205.0,4095.0,4095.0,2295.0,3394.0,0.33,9.22,0.81,-0.01,-0.06,-0.05,v
3203.0,2887.0,3008.0,3194.0,4095.0,4095.0,2291.0,3402.0,0.06,9.89,0.47,0.02,0.29,-0.14,v
3198.0,2894.0,3010.0,3211.0,4095.0,4095.0,2294.0,3394.0,0.81,9.78,0.53,-0.02,-0.08,-0.01,v
3202.0,2899.0,3001.0,3175.0,4095.0,4095.0,2290.0,3408.0,0.62,9.57,0.5,0.03,0.02,-0.12,v
3199.0,2894.0,3005.0,3142.0,4095.0,4095.0,2291.0,3408.0,0.23,9.44,0.36,0.05,-0.04,0.0,v
3200.0,2897.0,3006.0,3147.0,4095.0,4095.0,2295.0,3419.0,0.3,9.71,0.12,-0.21,0.18,-0.16,v
3191.0,2895.0,2997.0,3132.0,4095.0,4095.0,2288.0,3421.0,0.45,10.19,0.36,0.1,-0.04,-0.0,v
3194.0,2889.0,2997.0,3133.0,4095.0,4095.0,2277.0,3421.0,-0.27,8.94,0.23,-0.17,-0.03,0.0,v
3198.0,2894.0,3004.0,3132.0,4095.0,4095.0,2260.0,3431.0,0.85,10.03,0.65,0.01,0.18,-0.06,v
3197.0,2882.0,2992.0,3109.0,4095.0,4095.0,2242.0,3421.0,0.75,9.46,0.33,0.04,-0.15,-0.0,v
3216.0,2896.0,3008.0,3112.0,4095.0,4095.0,2252.0,3457.0,-0.19,9.15,0.26,-0.24,0.02,-0.09,v
3216.0,2903.0,3012.0,3145.0,4095.0,4095.0,2259.0,3467.0,0.39,10.19,0.82,0.04,0.07,-0.14,v
3203.0,2894.0,2997.0,3255.0,4095.0,4095.0,2285.0,3369.0,0.79,10.18,1.13,0.29,-0.33,0.03,v
3200.0,2893.0,3004.0,3809.0,4095.0,4095.0,2350.0,3393.0,-0.31,9.46,0.45,-0.02,-0.22,-0.02,v
3194.0,2902.0,3004.0,3967.0,4095.0,4095.0,2373.0,3408.0,0.69,10.17,0.16,0.01,0.13,0.02,v
3211.0,2911.0,3017.0,3600.0,4095.0,4095.0,2351.0,3441.0,-0.49,8.73,0.09,-0.16,-0.12,0.09,v
3219.0,2917.0,3024.0,3502.0,4095.0,4095.0,2323.0,3466.0,0.47,10.11,-0.1,-0.21,0.06,-0.13,v
3218.0,2926.0,3026.0,3442.0,4095.0,4095.0,2315.0,3459.0,0.14,9.85,0.25,0.22,0.09,0.12,v
3223.0,2917.0,3024.0,3427.0,4095.0,4095.0,2281.0,3462.0,-0.6,8.91,0.32,-0.28,-0.02,0.12,v
3222.0,2914.0,3025.0,3307.0,4095.0,4095.0,2273.0,3481.0,0.87,10.11,0.68,0.07,0.16,-0.01,v
3227.0,2915.0,3029.0,3278.0,4095.0,4095.0,2269.0,3487.0,0.11,9.18,0.5,0.14,0.08,-0.01,v
3217.0,2909.0,3022.0,3242.0,4095.0,4095.0,2249.0,3522.0,0.56,10.49,0.58,0.25,0.09,-0.13,v
3216.0,2906.0,3019.0,3184.0,4095.0,4095.0,2275.0,3486.0,0.55,8.72,0.84,0.04,-0.16,-0.01,v
3227.0,2916.0,3023.0,3121.0,4095.0,4095.0,2319.0,3450.0,0.07,10.1,0.02,0.22,0.27,-0.11,v
3229.0,2919.0,3028.0,3343.0,4095.0,4095.0,2319.0,3257.0,-0.04,9.38,-0.23,0.5,-0.2,0.12,v
3231.0,2925.0,3025.0,3984.0,4095.0,4095.0,2342.0,3279.0,-0.24,9.32,-0.71,-0.0,-0.0,-0.12,v
3222.0,2926.0,3024.0,4095.0,4095.0,4095.0,2339.0,3290.0,0.73,10.34,-0.99,0.21,-0.16,0.0,v
3218.0,2927.0,3035.0,4095.0,4095.0,4095.0,2331.0,3303.0,0.1,8.96,-0.01,0.14,-0.18,0.05,v
3222.0,2907.0,3024.0,3693.0,4095.0,4095.0,2320.0,3318.0,0.38,10.38,-0.68,-0.17,0.21,-0.12,v
3216.0,2907.0,3022.0,3606.0,4095.0,4095.0,2311.0,3363.0,1.03,9.73,-0.29,0.29,-0.15,0.11,v
3203.0,2918.0,3024.0,3598.0,4095.0,3939.0,2292.0,3424.0,-0.84,7.72,-0.32,0.1,0.32,-0.17,v
3217.0,2919.0,3021.0,3625.0,4095.0,3570.0,2270.0,3424.0,1.19,10.35,-0.67,0.09,-0.22,0.05,v
3211.0,2914.0,3023.0,3600.0,4095.0,3678.0,2267.0,3446.0,0.0,8.68,-0.57,0.16,-0.26,0.06,v
3207.0,2917.0,3017.0,3467.0,4095.0,3782.0,2277.0,3457.0,0.26,10.01,-1.19,-0.36,0.06,-0.09,v
3189.0,2923.0,3013.0,3459.0,4095.0,3950.0,2288.0,3487.0,0.77,10.33,-0.64,0.17,-0.05,0.04,v
3171.0,2917.0,3019.0,3408.0,4095.0,4095.0,2287.0,3504.0,-0.16,9.05,-0.77,-0.17,-0.0,-0.05,v
3157.0,2909.0,3027.0,3395.0,4095.0,4095.0,2288.0,3526.0,0.55,9.89,-0.68,-0.07,0.04,-0.08,v
3162.0,2910.0,3024.0,3418.0,4095.0,4095.0,2288.0,3557.0,0.43,9.58,-0.22,0.01,-0.14,0.06,v
3163.0,2909.0,3026.0,3423.0,4095.0,4095.0,2287.0,3568.0,-0.08,9.78,-1.23,-0.14,0.14,-0.15,v
3207.0,2905.0,3015.0,3471.0,4095.0,4095.0,2279.0,3568.0,0.58,10.34,-0.9,-0.12,-0.12,0.11,v
3204.0,2897.0,3017.0,3437.0,4095.0,4095.0,2258.0,3614.0,-0.34,8.86,-0.32,-0.16,0.16,-0.06,v
3206.0,2906.0,3021.0,3395.0,4095.0,4095.0,2260.0,3603.0,0.49,10.25,-0.39,-0.01,0.09,-0.07,v
3209.0,2901.0,3020.0,3373.0,4095.0,4095.0,2250.0,3611.0,0.13,9.5,-0.13,0.05,-0.16,0.05,v
3206.0,2903.0,3014.0,3343.0,4095.0,4095.0,2241.0,3598.0,0.15,9.84,-0.55,-0.2,0.16,-0.11,v
3207.0,2897.0,3019.0,3322.0,4095.0,4095.0,2244.0,3583.0,0.63,10.04,-0.5,0.1,-0.05,0.03,v
3195.0,2901.0,3021.0,3291.0,4095.0,4095.0,2267.0,3600.0,-0.89,8.71,-0.22,-0.21,0.14,0.06,v
3194.0,2902.0,3022.0,3182.0,4095.0,4095.0,2297.0,3493.0,0.44,9.96,-0.79,0.08,0.3,0.15,v
3200.0,2909.0,3022.0,3494.0,4095.0,4095.0,2372.0,3478.0,0.65,9.24,-0.35,0.21,-0.26,0.17,v
3205.0,2907.0,3021.0,3927.0,4095.0,4095.0,2391.0,3467.0,0.0,9.49,-0.89,-0.25,-0.09,-0.04,v
3199.0,2908.0,3020.0,3930.0,4095.0,4095.0,2399.0,3479.0,1.19,10.59,-0.62,0.08,0.06,0.03,v
3190.0,2901.0,3011.0,3434.0,4095.0,4095.0,2362.0,3513.0,-0.22,8.91,-0.24,-0.14,-0.04,0.05,v
3189.0,2911.0,3019.0,3266.0,4095.0,4095.0,2340.0,3551.0,0.74,10.3,-0.46,-0.12,-0.01,-0.05,v
3190.0,2900.0,3011.0,3216.0,4095.0,4095.0,2332.0,3551.0,0.75,9.38,-0.1,0.03,-0.06,0.03,v
3185.0,2907.0,3013.0,3198.0,4095.0,4095.0,2317.0,3559.0,0.16,9.41,-0.3,-0.2,0.04,-0.06,v
3184.0,2897.0,3006.0,3194.0,4095.0,4095.0,2323.0,3579.0,0.6,10.54,-0.09,0.03,0.11,-0.05,v
3182.0,2899.0,3023.0,3172.0,4095.0,4095.0,2330.0,3596.0,0.3,9.31,-0.37,-0.04,-0.1,-0.01,v
3179.0,2902.0,3012.0,3216.0,4095.0,4095.0,2349.0,3583.0,0.36,9.73,-0.4,0.01,0.03,-0.07,v
3179.0,2902.0,3017.0,3446.0,4095.0,4095.0,2400.0,3622.0,0.49,9.98,-0.3,0.29,-0.13,0.1,v
3185.0,2903.0,3009.0,3787.0,4095.0,4095.0,2416.0,3627.0,-0.02,9.24,-0.6,-0.11,-0.13,-0.04,v
3142.0,2864.0,2973.0,3806.0,4095.0,4095.0,2391.0,3542.0,0.97,10.35,-0.73,0.08,0.11,-0.04,v
3146.0,2871.0,2979.0,3496.0,4095.0,4095.0,2371.0,3567.0,0.06,8.98,-0.61,-0.24,-0.04,-0.06,v
3147.0,2878.0,2981.0,3321.0,4095.0,4095.0,2345.0,3601.0,0.55,9.95,-0.36,-0.0,0.24,-0.1,v
3146.0,2867.0,2979.0,3293.0,4095.0,4095.0,2324.0,3626.0,0.22,9.56,-0.38,0.0,-0.11,0.02,v
3152.0,2871.0,2978.0,3330.0,4095.0,4095.0,2333.0,3621.0,0.33,9.96,-0.43,-0.13,0.07,-0.08,v
3156.0,2878.0,2982.0,3408.0,4095.0,4095.0,2336.0,3583.0,0.54,9.6,-0.05,0.19,-0.15,0.1,v
3151.0,2869.0,2978.0,3489.0,4095.0,4095.0,2329.0,3596.0,0.42,9.64,-0.44,-0.05,-0.07,-0.12,v
3157.0,2864.0,2976.0,3479.0,4095.0,4095.0,2352.0,3522.0,0.91,9.81,-0.47,0.08,-0.06,-0.08,v
3145.0,2864.0,2970.0,3566.0,4095.0,4095.0,2401.0,3473.0,-0.39,9.23,-0.6,-0.07,0.02,-0.1,v
3152.0,2875.0,2978.0,3600.0,4095.0,4095.0,2414.0,3444.0,0.38,10.16,-0.45,0.08,-0.05,0.03,v
3152.0,2870.0,2979.0,3583.0,4095.0,4095.0,2414.0,3440.0,0.09,9.33,-0.57,0.04,-0.04,-0.02,v
3151.0,2869.0,2983.0,3559.0,4095.0,4095.0,2399.0,3392.0,0.34,9.96,-0.85,-0.13,0.01,-0.06,v
3096.0,2869.0,2974.0,3494.0,4095.0,4095.0,2375.0,3326.0,0.37,9.6,-0.77,0.22,-0.08,0.14,v
3088.0,2874.0,2986.0,3430.0,4095.0,4095.0,2356.0,3311.0,-0.38,9.33,-0.76,-0.25,0.09,-0.02,v
3101.0,2871.0,2985.0,3305.0,4095.0,4095.0,2322.0,3323.0,0.32,10.26,-0.57,-0.06,0.1,0.02,v
3117.0,2869.0,2973.0,3217.0,4095.0,4095.0,2304.0,3356.0,0.11,9.16,-0.46,-0.11,-0.03,0.0,v
3133.0,2864.0,2979.0,3186.0,4095.0,4095.0,2288.0,3377.0,0.57,10.32,-0.55,-0.16,0.16,-0.1,v
3163.0,2863.0,2976.0,3169.0,4095.0,4095.0,2279.0,3363.0,0.31,9.52,-0.42,0.09,-0.07,0.03,v
3150.0,2854.0,2975.0,3199.0,4095.0,4095.0,2272.0,3362.0,-0.12,9.48,-0.46,-0.33,0.07,-0.06,v
3166.0,2859.0,2974.0,3168.0,4095.0,4095.0,2281.0,3378.0,0.52,9.55,-0.16,-0.0,0.01,-0.02,v
3162.0,2855.0,2977.0,3146.0,4095.0,4095.0,2298.0,3387.0,0.71,9.8,-0.84,-0.09,0.16,-0.12,v
3141.0,2859.0,2962.0,3164.0,4095.0,4095.0,2309.0,3406.0,-0.11,9.66,-0.15,0.08,0.04,0.02,v
3136.0,2859.0,2964.0,3179.0,4095.0,4095.0,2310.0,3414.0,-0.32,9.42,-0.37,-0.23,0.06,-0.08,v
3139.0,2859.0,2968.0,3175.0,4095.0,4095.0,2315.0,3420.0,0.51,10.13,-0.15,0.05,-0.02,0.05,v
3137.0,2860.0,2970.0,3177.0,4095.0,4095.0,2311.0,3423.0,-0.03,9.23,-0.1,-0.07,-0.0,0.02,v
3138.0,2858.0,2973.0,3179.0,4095.0,4095.0,2315.0,3428.0,0.17,9.95,-0.41,-0.08,0.09,-0.03,v
3138.0,2864.0,2971.0,3189.0,4095.0,4095.0,2304.0,3433.0,0.47,9.71,0.13,0.11,-0.05,0.03,v
3143.0,2859.0,2969.0,3182.0,4095.0,4095.0,2299.0,3440.0,0.2,9.62,-0.53,-0.05,0.02,-0.04,v
3147.0,2859.0,2973.0,3175.0,4095.0,4095.0,2293.0,3450.0,0.37,9.88,-0.23,0.1,0.03,-0.02,v
3136.0,2870.0,2976.0,3219.0,4095.0,4095.0,2314.0,3467.0,-0.33,9.19,-0.48,-0.02,-0.03,0.01,v
3127.0,2866.0,2977.0,3536.0,4095.0,4095.0,2386.0,3437.0,0.64,10.34,-0.64,0.26,-0.12,-0.05,v
3133.0,2864.0,2978.0,3854.0,4095.0,4095.0,2397.0,3408.0,0.24,9.26,-0.35,-0.06,-0.14,-0.0,v
3129.0,2873.0,2974.0,3613.0,4095.0,4095.0,2405.0,3407.0,0.16,10.08,-0.63,-0.1,0.03,-0.07,v
3136.0,2876.0,2982.0,3374.0,4095.0,4095.0,2352.0,3432.0,0.48,9.46,-0.03,-0.1,-0.12,0.02,v
3139.0,2870.0,2981.0,3297.0,4095.0,4095.0,2331.0,3456.0,-0.23,9.58,-0.45,-0.15,0.2,-0.09,v
3148.0,2867.0,2972.0,3276.0,4095.0,4095.0,2332.0,3468.0,0.85,9.81,-0.23,0.07,0.0,-0.02,v
3143.0,2868.0,2975.0,3280.0,4095.0,4095.0,2335.0,3471.0,0.51,9.32,-0.47,-0.07,-0.03,-0.15,v
3147.0,2876.0,2976.0,3317.0,4095.0,4095.0,2347.0,3477.0,0.35,9.91,-0.54,-0.12,0.09,-0.26,v
3147.0,2873.0,2982.0,3343.0,4095.0,4095.0,2345.0,3487.0,-0.66,9.46,-0.06,0.08,-0.04,-0.09,v
3136.0,2865.0,2980.0,3345.0,4095.0,4095.0,2347.0,3501.0,-1.01,9.65,-0.25,-0.09,0.1,-0.13,v
3145.0,2869.0,2976.0,3381.0,4095.0,4095.0,2354.0,3504.0,-0.35,9.98,-0.36,0.05,0.07,0.01,v
3146.0,2865.0,2975.0,3379.0,4095.0,4095.0,2358.0,3502.0,-0.43,9.2,-0.4,-0.03,-0.01,0.04,v
3147.0,2870.0,2978.0,3392.0,4095.0,4095.0,2367.0,3505.0,-0.31,9.94,-0.32,-0.04,0.14,0.02,v
3146.0,2864.0,2978.0,3529.0,4095.0,4095.0,2411.0,3525.0,-0.46,9.51,-0.26,0.04,-0.06,0.12,v
3152.0,2880.0,2977.0,3713.0,4095.0,4095.0,2423.0,3523.0,0.13,9.68,-0.65,-0.0,0.11,0.01,v
3149.0,2865.0,2978.0,3559.0,4095.0,4095.0,2429.0,3521.0,0.27,9.41,-0.6,0.02,-0.04,0.04,v
2942.0,2882.0,3138.0,2830.0,4095.0,4095.0,4095.0,3408.0,0.34,9.72,-0.24,-0.08,0.05,-0.02,w
2942.0,2864.0,3133.0,2822.0,4095.0,4095.0,4095.0,3408.0,0.27,9.66,0.03,-0.02,0.0,0.03,w
2943.0,2865.0,3134.0,2807.0,4095.0,4095.0,4095.0,3399.0,0.42,9.7,0.1,-0.05,0.0,0.04,w
2935.0,2874.0,3137.0,2811.0,4095.0,4095.0,4095.0,3404.0,0.58,9.73,0.17,0.02,0.01,0.03,w
2939.0,2873.0,3127.0,2813.0,4095.0,4095.0,4095.0,3402.0,0.48,9.61,-0.26,0.01,0.05,-0.01,w
2936.0,2870.0,3131.0,2815.0,4095.0,4095.0,4095.0,3404.0,0.68,9.68,-0.09,0.02,-0.04,0.03,w
2939.0,2865.0,3126.0,2814.0,4095.0,4095.0,4095.0,3402.0,0.59,9.65,-0.32,-0.0,0.01,-0.04,w
2935.0,2864.0,3129.0,2812.0,4095.0,4095.0,4095.0,3405.0,0.39,9.73,-0.24,-0.03,-0.0,-0.04,w
2945.0,2879.0,3134.0,2807.0,4095.0,4095.0,4095.0,3403.0,0.28,9.59,-0.12,-0.06,0.02,-0.03,w
2943.0,2883.0,3130.0,2813.0,4095.0,4095.0,4095.0,3402.0,0.42,9.75,-0.16,-0.01,0.03,-0.0,w
2949.0,2873.0,3136.0,2812.0,4095.0,4095.0,4095.0,3402.0,0.36,9.56,-0.19,-0.02,0.0,-0.01,w
2938.0,2878.0,3134.0,2807.0,4095.0,4095.0,4095.0,3397.0,0.34,9.7,-0.13,-0.09,0.0,-0.01,w
2951.0,2873.0,3131.0,2800.0,4095.0,4095.0,4095.0,3400.0,0.55,9.71,-0.02,0.03,-0.02,0.0,w
2950.0,2869.0,3127.0,2791.0,4095.0,4095.0,4095.0,3399.0,0.33,9.54,-0.37,-0.05,0.0,-0.02,w
2943.0,2870.0,3131.0,2800.0,4095.0,4095.0,4095.0,3395.0,0.66,9.83,-0.14,0.01,-0.03,0.01,w
2942.0,2864.0,3120.0,2796.0,4095.0,4095.0,4095.0,3395.0,0.41,9.53,-0.35,0.01,-0.04,-0.0,w
2945.0,2864.0,3135.0,2800.0,4095.0,4095.0,4095.0,3399.0,0.54,9.81,-0.29,-0.11,0.03,-0.04,w
2940.0,2850.0,3127.0,2803.0,4095.0,4095.0,4095.0,3401.0,0.56,9.47,-0.14,-0.06,-0.07,-0.02,w
2935.0,2848.0,3130.0,2806.0,4095.0,4095.0,4095.0,3403.0,0.37,9.83,0.0,0.02,0.09,-0.07,w
2944.0,2811.0,3139.0,2807.0,4095.0,4095.0,4095.0,3397.0,0.39,9.55,-0.12,-0.03,-0.12,-0.0,w
2935.0,2800.0,3134.0,2806.0,4095.0,4095.0,4095.0,3399.0,0.37,9.81,-0.3,-0.04,0.08,0.02,w
2943.0,2803.0,3122.0,2806.0,4095.0,4095.0,4095.0,3398.0,0.65,9.45,-0.33,-0.05,-0.03,-0.01,w
2943.0,2817.0,3137.0,2805.0,4095.0,4095.0,4095.0,3405.0,0.49,9.64,-0.18,-0.06,0.07,-0.02,w
2948.0,2834.0,3133.0,2803.0,4095.0,4095.0,4095.0,3401.0,0.26,9.7,-0.19,-0.02,-0.01,-0.02,w
2960.0,2845.0,3125.0,2806.0,4095.0,4095.0,4095.0,3404.0,0.46,9.74,-0.01,-0.03,0.03,-0.04,w
2961.0,2843.0,3130.0,2803.0,4095.0,4095.0,4095.0,3399.0,0.44,9.64,-0.25,-0.03,-0.02,0.0,w
2969.0,2860.0,3129.0,2803.0,4095.0,4095.0,4095.0,3398.0,0.46,9.73,-0.39,-0.08,0.03,-0.04,w
2958.0,2827.0,3127.0,2809.0,4095.0,4095.0,4095.0,3397.0,0.46,9.5,-0.3,-0.17,-0.07,-0.06,w
2954.0,2807.0,3133.0,2802.0,4095.0,4095.0,4095.0,3393.0,0.41,9.84,0.18,-0.04,-0.0,-0.01,w
2947.0,2793.0,3133.0,2805.0,4095.0,4095.0,4095.0,3391.0,0.34,9.73,0.42,-0.04,-0.03,-0.01,w
2955.0,2782.0,3126.0,2806.0,4095.0,4095.0,4095.0,3393.0,0.3,9.85,0.19,-0.03,-0.03,0.07,w
2949.0,2782.0,3136.0,2800.0,4095.0,4095.0,4095.0,3381.0,0.64,9.57,-0.21,0.02,-0.04,0.07,w
2960.0,2806.0,3131.0,2784.0,4095.0,4095.0,4095.0,3374.0,0.73,9.69,-0.44,-0.05,0.06,0.03,w
2967.0,2831.0,3134.0,2783.0,4095.0,4095.0,4095.0,3371.0,0.7,9.67,0.06,-0.04,0.03,-0.0,w
2989.0,2839.0,3134.0,2791.0,4095.0,4095.0,4095.0,3365.0,0.75,9.61,0.18,-0.01,-0.05,-0.04,w
2989.0,2859.0,3132.0,2792.0,4095.0,4095.0,4095.0,3348.0,0.39,9.75,0.05,-0.01,0.01,-0.07,w
2989.0,2853.0,3130.0,2794.0,4095.0,4095.0,4095.0,3339.0,0.44,9.66,-0.0,0.02,-0.01,-0.07,w
2983.0,2857.0,3139.0,2796.0,4095.0,4095.0,4095.0,3331.0,0.57,9.77,-0.08,0.03,0.04,-0.06,w
2983.0,2857.0,3131.0,2797.0,4095.0,4095.0,4095.0,3323.0,0.49,9.8,-0.23,0.05,-0.0,0.0,w
2987.0,2869.0,3136.0,2795.0,4095.0,4095.0,4095.0,3323.0,0.35,9.58,-0.24,0.03,-0.03,0.03,w
2982.0,2873.0,3127.0,2780.0,4095.0,4095.0,4095.0,3324.0,0.52,9.53,-0.29,-0.1,0.04,-0.02,w
2992.0,2886.0,3133.0,2783.0,4095.0,4095.0,4095.0,3320.0,0.56,9.64,-0.08,0.01,-0.07,0.02,w
2999.0,2889.0,3133.0,2791.0,4095.0,4095.0,4095.0,3325.0,0.67,9.59,-0.22,-0.03,-0.0,-0.02,w
2991.0,2883.0,3138.0,2790.0,4095.0,4095.0,4095.0,3325.0,0.54,9.86,-0.3,-0.01,0.04,-0.06,w
2993.0,2880.0,3135.0,2799.0,4095.0,4095.0,4095.0,3326.0,0.58,9.59,-0.24,-0.03,-0.07,-0.03,w
2994.0,2864.0,3135.0,2800.0,4095.0,4095.0,4095.0,3325.0,0.17,9.63,-0.39,0.0,0.08,-0.08,w
2987.0,2863.0,3130.0,2799.0,4095.0,4095.0,4095.0,3321.0,0.43,9.73,-0.14,-0.1,0.07,0.01,w
2981.0,2852.0,3134.0,2800.0,4095.0,4095.0,4095.0,3327.0,0.38,9.54,-0.25,-0.04,0.01,0.02,w
2982.0,2864.0,3131.0,2801.0,4095.0,4095.0,4095.0,3326.0,0.55,9.66,-0.14,-0.05,0.04,-0.0,w
2989.0,2863.0,3134.0,2799.0,4095.0,4095.0,4095.0,3327.0,0.54,9.58,-0.02,0.01,-0.03,0.01,w
2992.0,2877.0,3141.0,2800.0,4095.0,4095.0,4095.0,3326.0,0.53,9.62,-0.16,0.01,0.05,-0.03,w
2991.0,2875.0,3131.0,2800.0,4095.0,4095.0,4095.0,3313.0,0.42,9.8,-0.19,0.01,-0.02,-0.0,w
2997.0,2894.0,3131.0,2798.0,4095.0,4095.0,4095.0,3284.0,0.35,9.48,-0.26,-0.0,-0.06,0.03,w
2998.0,2906.0,3130.0,2794.0,4095.0,4095.0,4095.0,3278.0,0.32,9.85,-0.39,0.03,0.07,-0.01,w
3003.0,2915.0,3136.0,2798.0,4095.0,4095.0,4095.0,3280.0,0.64,9.55,-0.33,-0.01,-0.18,0.04,w
3008.0,2931.0,3133.0,2804.0,4095.0,4095.0,4095.0,3280.0,0.63,9.62,-0.38,-0.09,-0.06,-0.05,w
3008.0,2928.0,3127.0,2811.0,4095.0,4095.0,4095.0,3280.0,0.32,9.85,-0.21,0.05,0.01,-0.01,w
3006.0,2926.0,3127.0,2815.0,4095.0,4095.0,4095.0,3286.0,0.47,9.55,-0.29,-0.04,0.02,-0.04,w
3007.0,2919.0,3120.0,2816.0,4095.0,4095.0,4095.0,3286.0,0.57,9.86,-0.2,0.01,0.05,-0.03,w
3006.0,2917.0,3126.0,2821.0,4095.0,4095.0,4095.0,3283.0,0.55,9.54,-0.51,0.05,0.17,-0.14,w
3011.0,2919.0,3122.0,2826.0,4095.0,4095.0,4095.0,3254.0,0.43,9.91,-0.24,-0.01,-0.12,0.08,w
3007.0,2927.0,3124.0,2826.0,4095.0,4095.0,4095.0,3263.0,0.47,9.54,-0.35,-0.07,-0.0,-0.03,w
3006.0,2928.0,3127.0,2827.0,4095.0,4095.0,4095.0,3262.0,0.56,9.75,-0.25,0.04,0.01,0.02,w
3005.0,2928.0,3121.0,2830.0,4095.0,4095.0,4095.0,3260.0,0.6,9.55,-0.35,-0.03,-0.03,-0.01,w
3015.0,2927.0,3122.0,2832.0,4095.0,4095.0,4095.0,3261.0,0.68,9.79,-0.29,0.0,0.07,-0.03,w
3003.0,2932.0,3127.0,2827.0,4095.0,4095.0,4095.0,3245.0,0.46,9.41,-0.51,0.04,0.04,-0.12,w
3007.0,2943.0,3125.0,2832.0,4095.0,4071.0,4095.0,3233.0,0.24,9.99,-0.26,0.08,0.02,-0.04,w
3006.0,2949.0,3120.0,2839.0,4095.0,4095.0,4095.0,3236.0,0.49,9.44,-0.65,-0.13,-0.14,0.01,w
2998.0,2949.0,3120.0,2831.0,4095.0,4095.0,4095.0,3245.0,0.43,9.89,-0.39,-0.03,0.04,0.01,w
2999.0,2940.0,3120.0,2830.0,4095.0,4095.0,4095.0,3242.0,0.51,9.71,-0.37,-0.05,-0.03,0.06,w
3000.0,2949.0,3124.0,2831.0,4095.0,4095.0,4095.0,3248.0,0.4,9.73,-0.4,-0.08,0.04,-0.02,w
2995.0,2943.0,3120.0,2829.0,4095.0,4095.0,4095.0,3251.0,0.68,9.72,-0.19,-0.05,-0.01,0.01,w
2995.0,2943.0,3123.0,2814.0,4095.0,4095.0,4095.0,3253.0,0.34,9.59,-0.39,-0.03,0.02,0.0,w
2992.0,2948.0,3120.0,2814.0,4095.0,4095.0,4095.0,3261.0,0.52,9.73,-0.37,-0.05,-0.0,-0.01,w
2991.0,2949.0,3119.0,2805.0,4095.0,4095.0,4095.0,3257.0,0.61,9.65,-0.53,-0.1,0.08,-0.06,w
2993.0,2954.0,3126.0,2799.0,4095.0,4095.0,4095.0,3263.0,0.44,9.74,-0.24,-0.05,-0.05,0.01,w
2992.0,2939.0,3120.0,2800.0,4095.0,4095.0,4095.0,3266.0,0.59,9.58,-0.2,-0.08,0.09,-0.08,w
2992.0,2955.0,3125.0,2803.0,4095.0,4095.0,4095.0,3274.0,0.21,9.8,-0.43,-0.05,0.04,-0.01,w
2995.0,2946.0,3120.0,2801.0,4095.0,4095.0,4095.0,3273.0,0.3,9.43,-0.35,-0.08,0.01,-0.03,w
2990.0,2945.0,3120.0,2793.0,4095.0,4095.0,4095.0,3279.0,0.6,9.64,-0.3,-0.09,0.1,-0.03,w
2989.0,2942.0,3126.0,2780.0,4095.0,4095.0,4095.0,3279.0,0.69,9.66,-0.08,-0.06,0.1,-0.06,w
2987.0,2960.0,3127.0,2770.0,4095.0,4095.0,4095.0,3272.0,0.48,9.6,-0.1,-0.21,0.1,-0.18,w
2983.0,2961.0,3129.0,2763.0,4095.0,4095.0,4095.0,3270.0,0.23,9.91,0.28,0.02,-0.03,-0.02,w
2989.0,2971.0,3133.0,2766.0,4095.0,4095.0,4095.0,3277.0,0.02,9.52,-0.21,0.03,0.13,-0.06,w
2990.0,2978.0,3144.0,2768.0,4095.0,4095.0,4095.0,3286.0,0.24,9.88,-0.15,-0.03,-0.04,0.06,w
2991.0,2989.0,3152.0,2762.0,4095.0,4095.0,4095.0,3293.0,0.61,9.52,-0.26,-0.08,0.04,0.0,w
2985.0,2987.0,3141.0,2758.0,4095.0,4095.0,4095.0,3290.0,0.49,9.81,-0.07,0.0,0.0,0.01,w
2989.0,2979.0,3150.0,2752.0,4095.0,4095.0,4095.0,3298.0,0.44,9.61,-0.09,-0.01,-0.04,-0.02,w
2987.0,2977.0,3143.0,2751.0,4095.0,4095.0,4095.0,3298.0,0.45,9.55,-0.1,-0.04,-0.01,-0.01,w
2985.0,2987.0,3143.0,2761.0,4095.0,4095.0,4095.0,3302.0,0.14,9.81,-0.12,0.05,-0.01,0.02,w
2987.0,2979.0,3142.0,2761.0,4095.0,4095.0,4095.0,3305.0,0.29,9.61,-0.37,-0.08,-0.02,-0.02,w
2992.0,2973.0,3151.0,2758.0,4095.0,4095.0,4095.0,3311.0,0.51,9.55,-0.22,-0.05,-0.02,-0.03,w
2991.0,2981.0,3152.0,2768.0,4095.0,4095.0,4095.0,3313.0,0.55,9.76,-0.13,-0.05,-0.0,-0.03,w
2971.0,2964.0,3141.0,2777.0,4095.0,4095.0,4095.0,3313.0,0.3,9.62,-0.39,-0.09,-0.06,-0.08,w
2960.0,2957.0,3143.0,2777.0,4095.0,4095.0,4095.0,3323.0,-0.11,9.81,-0.23,-0.09,0.02,-0.01,w
2965.0,2960.0,3148.0,2772.0,4095.0,4095.0,4095.0,3325.0,0.08,9.53,0.12,-0.04,0.04,0.07,w
2965.0,2961.0,3140.0,2773.0,4095.0,4095.0,4095.0,3324.0,0.54,9.6,-0.17,-0.08,0.01,0.0,w
2977.0,2967.0,3152.0,2771.0,4095.0,4095.0,4095.0,3322.0,0.6,9.71,-0.08,-0.08,-0.06,-0.0,w
2974.0,2965.0,3146.0,2769.0,4095.0,4095.0,4095.0,3322.0,0.36,9.64,-0.21,-0.13,0.03,-0.07,w
2963.0,2945.0,3145.0,2768.0,4095.0,4095.0,4095.0,3322.0,0.38,9.56,0.06,-0.12,-0.02,-0.05,w
2960.0,2941.0,3151.0,2766.0,4095.0,4095.0,4095.0,3319.0,0.57,9.83,0.4,-0.16,0.02,-0.05,w
2949.0,2928.0,3152.0,2768.0,4095.0,4095.0,4095.0,3319.0,0.21,9.7,0.53,-0.07,-0.07,0.04,w
2959.0,2944.0,3151.0,2764.0,4095.0,4095.0,4095.0,3306.0,0.06,9.66,-0.26,-0.32,0.27,-0.08,w
2978.0,2956.0,3147.0,2770.0,4095.0,4095.0,4095.0,3281.0,0.34,9.34,0.59,-0.16,-0.12,0.04,w
2978.0,2959.0,3139.0,2797.0,4095.0,4095.0,4095.0,3286.0,0.64,9.76,0.33,-0.12,0.24,-0.1,w
2973.0,2966.0,3152.0,2803.0,4095.0,4095.0,4095.0,3302.0,0.46,9.34,0.69,-0.01,-0.04,-0.03,w
2960.0,2942.0,3146.0,2815.0,4095.0,4095.0,4095.0,3305.0,-0.03,9.86,0.49,-0.07,0.22,-0.16,w
2930.0,2907.0,3152.0,2813.0,4095.0,4095.0,4095.0,3309.0,-0.08,9.68,0.51,-0.11,0.04,-0.04,w
2965.0,2862.0,3151.0,2782.0,4095.0,4095.0,4095.0,3297.0,-0.14,9.42,0.71,-0.03,-0.03,0.2,w
3022.0,2801.0,3149.0,2741.0,4095.0,4095.0,4095.0,3275.0,0.36,10.1,0.51,0.06,0.26,0.06,w
2987.0,2813.0,3155.0,2751.0,4095.0,4095.0,4095.0,3285.0,0.47,8.98,0.48,-0.06,-0.24,0.08,w
2977.0,2833.0,3143.0,2756.0,4095.0,4095.0,4095.0,3283.0,0.88,9.82,0.46,0.11,0.04,0.06,w
2935.0,2871.0,3147.0,2755.0,4095.0,4095.0,4095.0,3292.0,0.52,9.45,0.27,0.04,0.06,-0.02,w
2938.0,2907.0,3141.0,2761.0,4095.0,4095.0,4095.0,3295.0,0.19,9.83,0.4,0.1,0.01,-0.04,w
2944.0,2927.0,3151.0,2761.0,4095.0,4095.0,4095.0,3297.0,0.08,9.56,0.25,0.02,0.01,-0.03,w
2970.0,2954.0,3137.0,2751.0,4095.0,4095.0,4095.0,3303.0,0.03,9.87,0.37,0.12,-0.08,0.04,w
2977.0,2957.0,3142.0,2747.0,4095.0,4095.0,4095.0,3307.0,0.51,9.47,-0.15,-0.06,0.04,-0.08,w
2967.0,2955.0,3148.0,2747.0,4095.0,4095.0,4095.0,3309.0,0.27,9.64,-0.03,-0.05,-0.01,-0.04,w
2965.0,2946.0,3148.0,2751.0,4095.0,4095.0,4095.0,3314.0,0.12,9.56,0.28,-0.01,0.07,-0.01,w
2969.0,2947.0,3143.0,2753.0,4095.0,4095.0,4095.0,3317.0,0.23,9.85,0.22,-0.08,0.09,-0.01,w
2961.0,2953.0,3141.0,2754.0,4095.0,4095.0,4095.0,3327.0,0.46,9.43,0.64,-0.01,-0.09,0.13,w
2963.0,2950.0,3134.0,2739.0,4095.0,4095.0,4095.0,3335.0,0.45,9.96,0.16,0.07,0.32,0.0,w
2963.0,2939.0,3136.0,2743.0,4095.0,4095.0,4095.0,3342.0,0.52,9.33,-0.09,-0.1,-0.14,-0.03,w
2967.0,2934.0,3124.0,2750.0,4095.0,4095.0,4095.0,3348.0,0.67,9.75,0.05,0.01,-0.02,-0.06,w
2960.0,2925.0,3136.0,2721.0,4095.0,4095.0,4095.0,3344.0,0.32,9.49,0.25,0.0,-0.02,-0.07,w
2960.0,2924.0,3137.0,2701.0,4095.0,4095.0,4095.0,3325.0,0.43,9.79,0.48,0.0,0.05,-0.01,w
2960.0,2927.0,3136.0,2673.0,4095.0,4095.0,4095.0,3326.0,0.21,9.53,0.15,-0.05,-0.04,-0.03,w
2965.0,2934.0,3139.0,2631.0,4095.0,4095.0,4095.0,3333.0,0.54,9.85,0.17,-0.02,0.05,-0.09,w
2960.0,2934.0,3132.0,2583.0,4095.0,4095.0,4095.0,3346.0,0.09,9.32,0.02,-0.09,-0.18,-0.11,w
2955.0,2943.0,3138.0,2608.0,4095.0,4095.0,4095.0,3397.0,0.29,9.97,0.4,0.09,-0.11,-0.02,w
2949.0,2954.0,3127.0,2631.0,4095.0,4095.0,4095.0,3397.0,-0.12,9.15,0.2,-0.03,-0.02,0.01,w
2951.0,2963.0,3136.0,2608.0,4095.0,4095.0,4095.0,3387.0,0.27,9.88,0.12,0.23,-0.03,0.07,w
2951.0,2967.0,3130.0,2546.0,4095.0,4095.0,4095.0,3320.0,0.3,9.57,-0.16,0.17,-0.06,0.05,w
2944.0,2981.0,3131.0,2555.0,4095.0,4095.0,4068.0,3306.0,0.63,9.74,-0.35,-0.11,-0.01,-0.01,w
2950.0,2973.0,3126.0,2586.0,4095.0,4095.0,4080.0,3318.0,0.74,9.58,-0.1,-0.02,-0.1,0.0,w
2951.0,2973.0,3136.0,2591.0,4095.0,4095.0,4095.0,3328.0,0.44,9.65,0.05,-0.01,0.11,-0.07,w
2947.0,2981.0,3127.0,2596.0,4095.0,4095.0,4091.0,3335.0,0.05,9.77,0.17,0.13,-0.03,0.09,w
2962.0,2982.0,3121.0,2604.0,4095.0,4095.0,4043.0,3344.0,-0.04,9.6,-0.34,-0.1,0.07,-0.03,w
2961.0,2973.0,3120.0,2643.0,4095.0,4095.0,4000.0,3357.0,0.49,9.7,-0.25,-0.01,-0.2,0.03,w
2966.0,2990.0,3120.0,2711.0,4095.0,4095.0,3948.0,3377.0,0.54,9.53,-0.28,-0.06,-0.24,-0.01,w
2976.0,2995.0,3131.0,2721.0,4095.0,4095.0,3936.0,3388.0,0.61,9.75,0.05,0.02,-0.17,-0.01,w
2995.0,3002.0,3126.0,2723.0,4095.0,4095.0,3959.0,3409.0,0.3,9.42,0.26,0.16,0.01,0.02,w
2997.0,2997.0,3127.0,2704.0,4095.0,4095.0,3981.0,3415.0,0.64,10.16,-0.26,0.03,0.13,-0.02,w
2997.0,2989.0,3116.0,2707.0,4095.0,4095.0,4043.0,3414.0,0.55,9.1,-0.16,0.07,-0.22,0.01,w
2992.0,2987.0,3129.0,2714.0,4095.0,4095.0,4095.0,3436.0,0.4,10.05,-0.78,0.01,0.16,-0.11,w
2989.0,2993.0,3127.0,2718.0,4095.0,4095.0,4095.0,3428.0,0.23,9.22,-0.22,0.02,-0.14,-0.01,w
2987.0,2985.0,3137.0,2706.0,4095.0,4095.0,4095.0,3401.0,0.43,9.92,-0.48,-0.03,0.1,-0.02,w
2981.0,2986.0,3134.0,2691.0,4095.0,4095.0,4095.0,3363.0,0.33,9.29,-0.23,-0.03,-0.03,0.05,w
2974.0,2983.0,3127.0,2689.0,4095.0,4095.0,4095.0,3365.0,0.41,9.85,-0.38,-0.15,0.1,-0.04,w
2973.0,2989.0,3120.0,2687.0,4095.0,4095.0,4095.0,3369.0,0.24,9.45,-0.26,-0.07,-0.02,-0.05,w
2977.0,2973.0,3127.0,2693.0,4095.0,4095.0,4095.0,3367.0,0.49,9.72,-0.26,-0.07,0.06,-0.04,w
2977.0,2976.0,3120.0,2693.0,4095.0,4095.0,4095.0,3383.0,0.2,9.52,-0.16,-0.0,-0.05,-0.01,w
2979.0,2979.0,3125.0,2686.0,4095.0,4095.0,4095.0,3398.0,0.31,9.69,-0.32,-0.02,0.01,-0.01,w
2979.0,2964.0,3121.0,2681.0,4095.0,4095.0,4095.0,3401.0,0.34,9.67,-0.35,0.01,-0.05,-0.0,w
2972.0,2974.0,3128.0,2667.0,4095.0,4095.0,4095.0,3405.0,0.38,9.54,-0.39,-0.04,-0.03,-0.02,w
2970.0,2971.0,3130.0,2554.0,4095.0,4095.0,4095.0,3297.0,0.43,9.68,-0.36,0.08,-0.13,0.03,w
2960.0,2979.0,3137.0,2539.0,4095.0,4095.0,4095.0,3197.0,0.22,9.76,-0.37,0.03,0.2,-0.04,w
2969.0,2993.0,3133.0,2549.0,4095.0,4095.0,4095.0,3183.0,0.39,9.74,-0.33,-0.07,0.04,-0.03,w
2976.0,2990.0,3125.0,2554.0,4095.0,4095.0,4095.0,3221.0,0.33,9.83,-0.35,-0.03,-0.07,0.02,w
2980.0,2981.0,3131.0,2559.0,4095.0,4095.0,4095.0,3242.0,0.34,9.28,-0.27,-0.06,-0.06,0.05,w
2983.0,2991.0,3124.0,2590.0,4095.0,4095.0,4095.0,3259.0,0.52,9.92,-0.29,-0.04,0.08,0.03,w
2985.0,2983.0,3129.0,2598.0,4095.0,4095.0,4095.0,3280.0,0.57,9.43,-0.24,-0.06,-0.11,0.03,w
2987.0,2990.0,3120.0,2610.0,4095.0,4095.0,4095.0,3301.0,0.74,10.05,-0.32,-0.13,-0.02,0.04,w
2993.0,2992.0,3121.0,2615.0,4095.0,4095.0,4095.0,3274.0,0.23,9.38,-0.03,-0.04,0.07,0.01,w
2999.0,2993.0,3131.0,2640.0,4095.0,4095.0,4095.0,3290.0,0.57,9.62,-0.49,-0.12,0.08,-0.01,w
2997.0,2994.0,3124.0,2679.0,4095.0,4095.0,4080.0,3317.0,0.39,9.81,-0.16,0.08,-0.17,0.01,w
2999.0,2991.0,3122.0,2746.0,4095.0,4095.0,4041.0,3348.0,0.42,9.69,-0.39,-0.03,0.05,-0.02,w
3002.0,2996.0,3130.0,2782.0,4095.0,4095.0,4017.0,3361.0,0.74,9.7,-0.21,0.02,-0.17,0.04,w
3000.0,2999.0,3131.0,2829.0,4095.0,4095.0,4021.0,3375.0,0.55,9.45,-0.47,-0.12,0.09,-0.07,w
3003.0,2992.0,3126.0,2832.0,4095.0,4095.0,4041.0,3393.0,0.58,9.99,-0.03,0.07,-0.13,0.04,w
3007.0,3001.0,3134.0,2779.0,4095.0,4095.0,4073.0,3398.0,0.32,9.46,-0.11,-0.05,0.08,-0.07,w
3006.0,2991.0,3127.0,2768.0,4095.0,4095.0,4095.0,3401.0,0.46,10.06,-0.3,0.03,0.02,0.01,w
3006.0,2992.0,3127.0,2749.0,4095.0,4095.0,4095.0,3396.0,0.41,9.39,-0.34,0.0,-0.06,-0.03,w
3001.0,2993.0,3130.0,2754.0,4095.0,4095.0,4095.0,3407.0,0.66,9.83,-0.5,-0.04,0.03,0.0,w
2999.0,2989.0,3136.0,2727.0,4095.0,4095.0,4095.0,3402.0,0.39,9.63,-0.39,0.05,-0.05,0.0,w
2993.0,2979.0,3123.0,2660.0,4095.0,4095.0,4095.0,3349.0,0.49,9.56,-0.7,-0.15,0.15,-0.06,w
2992.0,2977.0,3131.0,2639.0,4095.0,4095.0,4095.0,3372.0,0.72,9.8,-0.05,0.07,-0.11,0.09,w
2992.0,2976.0,3126.0,2640.0,4095.0,4095.0,4095.0,3379.0,0.44,9.5,-0.45,-0.19,0.21,-0.06,w
2997.0,2989.0,3129.0,2647.0,4095.0,4095.0,4095.0,3393.0,0.37,9.81,-0.22,-0.03,-0.08,0.01,w
2989.0,2981.0,3134.0,2657.0,4095.0,4095.0,4095.0,3400.0,0.54,9.36,-0.4,-0.05,-0.02,-0.04,w
2998.0,2976.0,3123.0,2668.0,4095.0,4095.0,4095.0,3407.0,0.64,9.83,-0.51,0.03,-0.11,0.01,w
2998.0,2975.0,3127.0,2670.0,4095.0,4095.0,4095.0,3397.0,0.68,9.59,-0.37,-0.08,-0.13,-0.0,w
3006.0,2976.0,3122.0,2669.0,4095.0,4095.0,4095.0,3406.0,0.4,9.88,-0.27,-0.1,-0.03,-0.06,w
3010.0,2973.0,3131.0,2659.0,4095.0,4095.0,4095.0,3407.0,0.66,9.49,-0.15,-0.03,-0.11,-0.04,w
3011.0,2979.0,3131.0,2637.0,4095.0,4095.0,4095.0,3396.0,0.74,9.58,-0.12,-0.05,-0.02,0.03,w
3015.0,2977.0,3131.0,2598.0,4095.0,4095.0,4095.0,3375.0,0.6,9.62,-0.4,-0.07,0.02,-0.01,w
3014.0,2985.0,3143.0,2608.0,4095.0,4095.0,4095.0,3369.0,0.79,9.47,-0.09,-0.06,-0.07,-0.01,w
3014.0,2992.0,3125.0,2620.0,4095.0,4095.0,4095.0,3355.0,0.46,9.84,-0.42,-0.14,0.24,-0.04,w
3019.0,2983.0,3130.0,2628.0,4095.0,4095.0,4095.0,3373.0,0.71,9.72,0.17,-0.03,-0.04,0.01,w
3013.0,2989.0,3129.0,2643.0,4095.0,4095.0,4095.0,3391.0,-0.08,9.38,-0.72,-0.4,0.47,-0.11,w
3014.0,2985.0,3131.0,2666.0,4095.0,4095.0,4095.0,3410.0,0.72,9.62,0.04,-0.05,-0.07,-0.03,w
3015.0,2982.0,3133.0,2677.0,4095.0,4095.0,4095.0,3420.0,0.58,9.49,0.01,-0.16,0.08,-0.08,w
3023.0,2995.0,3123.0,2675.0,4095.0,4095.0,4095.0,3419.0,0.63,9.5,0.4,0.03,-0.09,-0.02,w
3007.0,2997.0,3124.0,2672.0,4095.0,4095.0,4095.0,3414.0,0.32,9.61,0.16,-0.06,0.07,0.0,w
3009.0,2999.0,3126.0,2683.0,4095.0,4095.0,4095.0,3417.0,0.52,9.78,0.14,0.05,-0.01,0.04,w
3007.0,2994.0,3123.0,2684.0,4095.0,4095.0,4095.0,3423.0,0.6,9.58,-0.07,0.02,-0.07,0.06,w
3008.0,2992.0,3134.0,2688.0,4095.0,4095.0,4095.0,3422.0,0.69,9.69,-0.13,0.05,0.01,0.01,w
3011.0,2992.0,3123.0,2697.0,4095.0,4095.0,4095.0,3427.0,0.67,9.5,-0.16,-0.1,0.01,-0.05,w
3007.0,2993.0,3120.0,2694.0,4095.0,4095.0,4095.0,3428.0,0.79,9.9,0.21,0.07,-0.02,-0.01,w
3003.0,3003.0,3128.0,2658.0,4095.0,4095.0,4095.0,3408.0,0.41,9.42,0.01,-0.05,-0.01,-0.03,w
3011.0,2994.0,3129.0,2558.0,4095.0,4095.0,4095.0,3298.0,0.79,9.92,-0.15,-0.0,0.01,-0.05,w
3005.0,2994.0,3123.0,2496.0,4095.0,4095.0,4095.0,3228.0,0.51,9.54,-0.08,-0.02,0.01,-0.01,w
3007.0,2998.0,3125.0,2478.0,4095.0,4095.0,4095.0,3216.0,0.46,9.72,-0.12,0.02,0.08,-0.0,w
2998.0,2992.0,3133.0,2559.0,4095.0,4095.0,4095.0,3312.0,0.72,9.63,0.02,0.09,-0.04,0.07,w
3001.0,3002.0,3131.0,2631.0,4095.0,4095.0,4095.0,3369.0,0.55,9.67,-0.29,-0.07,0.13,-0.01,w
2995.0,2992.0,3120.0,2723.0,4095.0,4095.0,4095.0,3446.0,0.79,9.7,-0.07,0.04,-0.09,-0.03,w
2994.0,2996.0,3123.0,2692.0,4095.0,4095.0,4095.0,3439.0,0.48,9.46,-0.23,-0.1,0.07,-0.05,w
2992.0,2997.0,3127.0,2670.0,4095.0,4095.0,4095.0,3412.0,0.73,9.89,0.04,-0.02,-0.07,-0.01,w
2993.0,2992.0,3125.0,2679.0,4095.0,4095.0,4095.0,3426.0,0.41,9.53,-0.06,0.04,-0.06,0.03,w
3006.0,2993.0,3134.0,2682.0,4095.0,4095.0,4095.0,3419.0,0.67,9.96,-0.26,0.07,0.01,0.03,w
2996.0,2992.0,3125.0,2673.0,4095.0,4095.0,4095.0,3413.0,0.65,9.46,-0.02,0.0,-0.11,-0.01,w
2995.0,2992.0,3122.0,2672.0,4095.0,4095.0,4095.0,3411.0,0.62,9.78,-0.34,-0.04,0.04,-0.06,w
2995.0,2979.0,3127.0,2672.0,4095.0,4095.0,4095.0,3421.0,0.53,9.84,0.07,0.1,-0.06,-0.0,w
2992.0,2986.0,3131.0,2671.0,4095.0,4095.0,4095.0,3426.0,0.4,9.36,-0.18,-0.03,0.03,-0.01,w
2993.0,2985.0,3125.0,2661.0,4095.0,4095.0,4095.0,3425.0,0.73,9.86,-0.13,-0.05,0.02,-0.02,w
2992.0,2978.0,3127.0,2663.0,4095.0,4095.0,4095.0,3426.0,0.77,9.58,-0.12,0.01,-0.07,0.01,w
2991.0,2977.0,3131.0,2659.0,4095.0,4095.0,4095.0,3423.0,0.56,9.62,-0.5,-0.09,0.07,-0.04,w
2991.0,2979.0,3133.0,2670.0,4095.0,4095.0,4095.0,3435.0,0.68,9.78,0.06,0.04,-0.01,0.02,w
2992.0,2974.0,3120.0,2661.0,4095.0,4095.0,4095.0,3424.0,0.51,9.67,-0.27,-0.12,0.09,-0.01,w
2991.0,2982.0,3136.0,2661.0,4095.0,4095.0,4095.0,3434.0,0.92,9.67,-0.31,-0.09,0.01,-0.03,w
2995.0,2988.0,3121.0,2665.0,4095.0,4095.0,4095.0,3440.0,0.81,9.55,-0.22,-0.06,0.02,-0.09,w
2996.0,2978.0,3127.0,2652.0,4095.0,4095.0,4095.0,3442.0,0.42,9.73,0.04,-0.1,-0.07,-0.09,w
2992.0,2979.0,3121.0,2643.0,4095.0,4095.0,4095.0,3434.0,0.12,9.82,0.22,-0.02,0.01,-0.05,w
2953.0,2952.0,3126.0,2647.0,4095.0,4095.0,4095.0,3439.0,0.25,9.46,-0.17,-0.17,0.14,-0.11,w
2928.0,2903.0,3120.0,2649.0,4095.0,4095.0,4095.0,3445.0,-0.06,10.13,0.17,0.21,0.11,0.14,w
2930.0,2896.0,3131.0,2667.0,4095.0,4095.0,4095.0,3446.0,0.85,9.15,-0.45,-0.1,-0.07,0.08,w
2934.0,2885.0,3122.0,2658.0,4095.0,4095.0,4095.0,3449.0,1.09,9.82,-0.34,-0.05,-0.11,0.01,w
2928.0,2866.0,3129.0,2661.0,4095.0,4095.0,4095.0,3454.0,0.69,9.14,-0.16,-0.06,0.09,-0.06,w
2928.0,2869.0,3122.0,2658.0,4095.0,4095.0,4095.0,3455.0,0.35,10.09,-0.11,-0.04,0.12,-0.03,w
2934.0,2869.0,3132.0,2662.0,4095.0,4095.0,4095.0,3456.0,0.58,9.69,-0.24,-0.16,-0.09,-0.06,w
2939.0,2882.0,3125.0,2660.0,4095.0,4095.0,4095.0,3455.0,0.36,9.61,-0.06,-0.03,-0.06,-0.02,w
2979.0,2906.0,3127.0,2661.0,4095.0,4095.0,4095.0,3451.0,0.61,9.38,-0.23,-0.11,0.05,-0.07,w
3006.0,2943.0,3136.0,2662.0,4095.0,4095.0,4095.0,3456.0,0.49,10.07,0.4,0.1,-0.02,0.08,w
3002.0,2944.0,3130.0,2665.0,4095.0,4095.0,4095.0,3459.0,0.57,9.32,-0.16,-0.08,0.06,-0.07,w
3008.0,2947.0,3127.0,2663.0,4095.0,4095.0,4095.0,3461.0,0.5,9.86,-0.11,-0.01,0.0,-0.07,w
2977.0,2915.0,3135.0,2661.0,4095.0,4095.0,4095.0,3456.0,0.56,9.37,-0.46,-0.18,0.06,-0.09,w
2951.0,2880.0,3127.0,2658.0,4095.0,4095.0,4095.0,3445.0,0.33,9.42,-0.32,-0.19,0.14,-0.15,w
2957.0,2871.0,3131.0,2663.0,4095.0,4095.0,4095.0,3456.0,0.06,9.92,0.47,0.04,0.1,0.05,w
2962.0,2883.0,3139.0,2657.0,4095.0,4095.0,4095.0,3446.0,0.66,9.66,-0.13,-0.09,-0.01,0.02,w
2968.0,2889.0,3132.0,2664.0,4095.0,4095.0,4095.0,3454.0,0.8,9.79,0.17,-0.0,-0.11,0.03,w
2932.0,2814.0,3133.0,2665.0,4095.0,4095.0,4095.0,3459.0,0.26,9.28,-0.11,-0.04,0.08,-0.08,w
2928.0,2786.0,3137.0,2671.0,4095.0,4095.0,4095.0,3469.0,0.43,9.78,0.14,-0.12,-0.05,-0.02,w
2928.0,2800.0,3135.0,2672.0,4095.0,4095.0,4095.0,3470.0,0.41,9.75,0.32,0.08,-0.03,0.05,w
2936.0,2834.0,3142.0,2672.0,4095.0,4095.0,4095.0,3472.0,0.45,9.56,-0.17,-0.03,0.03,-0.0,w
2959.0,2869.0,3122.0,2672.0,4095.0,4095.0,4095.0,3472.0,0.75,9.86,-0.02,-0.02,-0.05,0.01,w
2983.0,2912.0,3134.0,2670.0,4095.0,4095.0,4095.0,3467.0,0.36,9.46,0.01,-0.02,0.09,-0.01,w
2976.0,2934.0,3127.0,2673.0,4095.0,4095.0,4095.0,3465.0,0.62,9.76,0.15,-0.07,-0.06,-0.0,w
2979.0,2944.0,3136.0,2665.0,4095.0,4095.0,4095.0,3478.0,0.44,9.56,0.19,0.1,-0.05,0.06,w
2982.0,2933.0,3137.0,2672.0,4095.0,4095.0,4095.0,3475.0,0.55,9.72,-0.06,-0.06,0.1,-0.02,w
2981.0,2934.0,3136.0,2670.0,4095.0,4095.0,4095.0,3459.0,0.6,9.65,0.03,-0.03,-0.09,0.01,w
2980.0,2911.0,3145.0,2663.0,4095.0,4095.0,4095.0,3451.0,0.62,9.56,0.11,0.01,0.09,-0.04,w
2963.0,2894.0,3137.0,2657.0,4095.0,4095.0,4095.0,3441.0,0.47,9.94,-0.06,0.0,0.07,-0.02,w
2966.0,2895.0,3140.0,2658.0,4095.0,4095.0,4095.0,3434.0,0.56,9.43,-0.03,-0.01,-0.11,0.0,w
2974.0,2896.0,3134.0,2661.0,4095.0,4095.0,4095.0,3440.0,0.71,9.8,-0.08,-0.07,0.12,-0.03,w
2982.0,2897.0,3136.0,2663.0,4095.0,4095.0,4095.0,3440.0,0.55,9.52,-0.09,-0.02,-0.02,0.01,w
2986.0,2909.0,3135.0,2669.0,4095.0,4095.0,4095.0,3440.0,0.54,9.55,-0.07,-0.07,0.03,-0.03,w
2995.0,2919.0,3137.0,2672.0,4095.0,4095.0,4095.0,3440.0,0.6,9.84,0.21,0.05,-0.05,0.02,w
2989.0,2928.0,3134.0,2669.0,4095.0,4095.0,4095.0,3440.0,0.49,9.52,-0.03,-0.08,0.02,-0.02,w
2992.0,2931.0,3139.0,2669.0,4095.0,4095.0,4095.0,3444.0,0.62,9.77,0.0,-0.02,0.01,-0.01,w
2993.0,2913.0,3131.0,2672.0,4095.0,4095.0,4095.0,3446.0,0.6,9.62,-0.0,-0.0,-0.01,0.01,w
3171.0,2876.0,3007.0,2693.0,4095.0,3115.0,2597.0,3087.0,-0.47,9.5,-1.88,-0.05,0.02,-0.02,x
3174.0,2871.0,3008.0,2698.0,4095.0,3120.0,2594.0,3088.0,-0.43,9.59,-1.84,-0.12,0.02,-0.04,x
3171.0,2870.0,3007.0,2701.0,4095.0,3119.0,2594.0,3086.0,-0.42,9.58,-1.48,-0.06,-0.01,0.0,x
3171.0,2874.0,3008.0,2697.0,4095.0,3118.0,2598.0,3087.0,-0.56,9.59,-1.65,-0.06,0.03,-0.04,x
3179.0,2875.0,3009.0,2702.0,4095.0,3120.0,2594.0,3088.0,-0.48,9.66,-1.72,-0.03,0.04,0.02,x
3177.0,2877.0,3015.0,2703.0,4095.0,3120.0,2592.0,3086.0,-0.31,9.49,-1.71,-0.08,0.01,-0.01,x
3173.0,2874.0,3010.0,2694.0,4095.0,3119.0,2592.0,3071.0,-0.25,9.57,-1.7,-0.07,0.03,-0.04,x
3173.0,2864.0,3019.0,2699.0,4095.0,3120.0,2594.0,3085.0,-0.45,9.6,-1.53,-0.08,0.0,-0.02,x
3168.0,2880.0,3013.0,2698.0,4095.0,3120.0,2595.0,3086.0,-0.52,9.55,-1.5,-0.05,0.03,-0.02,x
3175.0,2875.0,3009.0,2699.0,4095.0,3120.0,2595.0,3087.0,-0.35,9.62,-1.68,-0.06,0.03,-0.03,x
3171.0,2873.0,3008.0,2701.0,4095.0,3120.0,2598.0,3087.0,-0.26,9.63,-1.77,-0.05,0.01,-0.02,x
3170.0,2879.0,3012.0,2704.0,4095.0,3120.0,2597.0,3087.0,-0.36,9.61,-1.37,-0.08,-0.03,-0.01,x
3179.0,2871.0,3013.0,2704.0,4095.0,3121.0,2596.0,3088.0,-0.59,9.65,-1.5,-0.03,0.03,-0.03,x
3172.0,2872.0,3008.0,2704.0,4095.0,3121.0,2595.0,3083.0,-0.49,9.49,-1.51,-0.03,-0.02,0.03,x
3170.0,2878.0,3014.0,2704.0,4095.0,3122.0,2595.0,3088.0,-0.44,9.69,-1.41,-0.04,0.01,-0.0,x
3174.0,2877.0,3006.0,2704.0,4095.0,3120.0,2598.0,3087.0,-0.54,9.52,-1.54,-0.02,0.0,0.04,x
3175.0,2868.0,3010.0,2704.0,4095.0,3120.0,2597.0,3088.0,-0.2,9.64,-1.59,-0.04,0.01,0.0,x
3177.0,2875.0,3013.0,2705.0,4095.0,3124.0,2598.0,3089.0,-0.26,9.52,-1.49,0.02,-0.01,0.04,x
3182.0,2877.0,3008.0,2709.0,4095.0,3125.0,2602.0,3091.0,-0.19,9.58,-1.55,-0.04,-0.05,-0.02,x
3179.0,2871.0,3011.0,2709.0,4095.0,3124.0,2597.0,3088.0,-0.32,9.6,-1.81,-0.03,-0.01,-0.06,x
3183.0,2880.0,3008.0,2707.0,4095.0,3130.0,2599.0,3088.0,-0.37,9.55,-1.53,-0.08,-0.03,-0.03,x
3181.0,2881.0,3008.0,2710.0,4095.0,3131.0,2602.0,3092.0,-0.57,9.57,-1.57,-0.03,-0.01,-0.01,x
3179.0,2869.0,3012.0,2707.0,4095.0,3127.0,2594.0,3088.0,-0.37,9.52,-1.92,-0.07,0.03,-0.01,x
3181.0,2870.0,3011.0,2710.0,4095.0,3131.0,2602.0,3089.0,-0.27,9.28,-1.52,-0.15,0.03,-0.04,x
3183.0,2881.0,3011.0,2710.0,4095.0,3125.0,2598.0,3089.0,-0.36,9.75,-1.46,-0.06,0.1,0.05,x
3184.0,2868.0,3015.0,2714.0,4095.0,3125.0,2598.0,3093.0,0.11,9.79,-0.98,-0.07,-0.06,0.05,x
3184.0,2877.0,3010.0,2721.0,4095.0,3125.0,2599.0,3090.0,-0.14,9.56,-1.27,0.04,0.01,-0.07,x
3185.0,2871.0,3011.0,2734.0,4095.0,3117.0,2591.0,3086.0,-0.07,9.68,-1.09,0.19,-0.15,0.13,x
3195.0,2873.0,3013.0,2738.0,4029.0,3120.0,2597.0,3082.0,0.22,9.59,-1.67,0.08,0.23,-0.38,x
3185.0,2873.0,3009.0,2743.0,4030.0,3121.0,2598.0,3083.0,-1.59,9.43,-2.1,0.18,0.36,-0.21,x
3187.0,2864.0,3012.0,2738.0,4041.0,3127.0,2599.0,3083.0,-0.65,9.7,-1.81,-0.16,-0.23,0.03,x
3181.0,2871.0,2998.0,2727.0,4049.0,3123.0,2599.0,3083.0,-0.56,9.44,-1.75,-0.02,0.17,-0.13,x
3195.0,2877.0,3013.0,2727.0,3888.0,3129.0,2603.0,3087.0,-0.72,9.24,-1.88,-0.07,0.0,0.02,x
3189.0,2866.0,3001.0,2721.0,3739.0,3131.0,2606.0,3088.0,-0.38,9.5,-1.69,-0.08,0.0,-0.02,x
3185.0,2878.0,3006.0,2718.0,3699.0,3131.0,2608.0,3089.0,-0.68,9.67,-1.66,-0.02,0.09,0.01,x
3185.0,2875.0,3010.0,2718.0,3748.0,3133.0,2606.0,3091.0,-0.67,9.46,-1.61,-0.11,-0.02,-0.03,x
3172.0,2877.0,3013.0,2710.0,3807.0,3129.0,2606.0,3093.0,-0.53,9.64,-1.64,-0.06,0.06,0.0,x
3184.0,2878.0,3010.0,2711.0,3828.0,3134.0,2606.0,3091.0,-0.43,9.53,-1.55,-0.04,0.01,-0.02,x
3186.0,2875.0,3008.0,2713.0,3824.0,3133.0,2604.0,3094.0,-0.65,9.6,-1.74,-0.04,0.03,-0.05,x
3198.0,2877.0,3003.0,2707.0,3705.0,3130.0,2606.0,3090.0,-0.32,9.73,-1.45,0.0,-0.04,-0.01,x
3233.0,2878.0,3008.0,2714.0,3707.0,3135.0,2605.0,3097.0,-0.65,9.36,-1.56,0.02,-0.03,0.03,x
3251.0,2875.0,3015.0,2717.0,3764.0,3134.0,2607.0,3097.0,-0.67,9.69,-1.6,-0.01,0.05,-0.01,x
3248.0,2885.0,3013.0,2719.0,3789.0,3137.0,2605.0,3097.0,-0.49,9.61,-1.74,0.05,0.04,0.0,x
3241.0,2879.0,3011.0,2718.0,3801.0,3140.0,2605.0,3098.0,-0.35,9.3,-1.75,-0.08,-0.02,-0.03,x
3216.0,2880.0,3011.0,2714.0,3814.0,3139.0,2607.0,3097.0,-0.48,9.7,-1.64,-0.06,0.05,-0.06,x
3222.0,2880.0,3015.0,2705.0,3829.0,3141.0,2605.0,3091.0,-0.52,9.51,-1.63,-0.01,-0.02,-0.02,x
3215.0,2874.0,3012.0,2701.0,3799.0,3136.0,2604.0,3088.0,-0.65,9.48,-1.64,-0.08,-0.01,-0.05,x
3216.0,2871.0,3003.0,2689.0,3792.0,3136.0,2599.0,3088.0,-0.69,9.73,-1.65,0.02,0.07,-0.02,x
3212.0,2874.0,3006.0,2687.0,3741.0,3135.0,2600.0,3088.0,-0.55,9.49,-1.53,0.0,-0.04,0.03,x
3190.0,2850.0,2976.0,2669.0,3674.0,3109.0,2559.0,3056.0,-0.45,9.44,-1.76,0.03,0.0,0.01,x
3214.0,2850.0,2982.0,2672.0,3693.0,3111.0,2582.0,3059.0,-0.39,9.51,-1.73,-0.01,-0.04,0.0,x
3213.0,2847.0,2983.0,2672.0,3734.0,3118.0,2583.0,3059.0,-0.75,9.67,-1.75,0.02,0.03,-0.03,x
3199.0,2843.0,2983.0,2672.0,3749.0,3117.0,2582.0,3061.0,-0.54,9.59,-1.76,0.03,0.02,0.03,x
3162.0,2848.0,2982.0,2669.0,3786.0,3111.0,2559.0,3056.0,-0.56,9.65,-2.01,-0.02,0.09,-0.03,x
3159.0,2853.0,2986.0,2671.0,3877.0,3111.0,2581.0,3061.0,-0.34,9.39,-1.76,-0.14,-0.02,-0.09,x
3154.0,2845.0,2983.0,2669.0,3930.0,3107.0,2581.0,3059.0,-0.45,9.58,-1.76,0.01,0.03,-0.05,x
3152.0,2847.0,2979.0,2660.0,3949.0,3106.0,2582.0,3063.0,-0.8,9.28,-1.71,-0.04,-0.02,0.01,x
3151.0,2844.0,2982.0,2662.0,3954.0,3110.0,2585.0,3062.0,-0.73,9.74,-1.74,-0.01,0.05,0.01,x
3143.0,2851.0,2975.0,2666.0,3958.0,3109.0,2589.0,3062.0,-0.55,9.4,-1.76,0.01,0.01,0.05,x
3141.0,2851.0,2977.0,2667.0,3968.0,3105.0,2587.0,3061.0,-0.2,9.81,-1.82,-0.03,0.03,-0.05,x
3151.0,2843.0,2977.0,2643.0,4069.0,3104.0,2805.0,3059.0,-0.73,9.22,-1.69,-0.11,-0.04,-0.04,x
3141.0,2846.0,2975.0,2606.0,4095.0,3091.0,2867.0,3062.0,-0.54,9.74,-1.66,-0.01,0.02,-0.0,x
3147.0,2849.0,2974.0,2559.0,4095.0,3088.0,2864.0,3067.0,-0.67,9.48,-1.54,-0.03,-0.02,-0.02,x
3147.0,2848.0,2983.0,2606.0,4095.0,3104.0,2867.0,3066.0,-0.47,9.79,-1.67,0.12,0.03,0.02,x
3153.0,2849.0,2980.0,2622.0,4095.0,3115.0,2863.0,3067.0,-0.53,9.13,-1.86,0.03,-0.05,-0.0,x
3153.0,2851.0,2981.0,2646.0,4095.0,3114.0,2816.0,3071.0,-0.67,9.49,-2.31,0.35,-0.07,0.14,x
3152.0,2843.0,2976.0,2672.0,4095.0,3094.0,2578.0,3069.0,-0.45,9.44,-2.92,0.18,-0.08,0.05,x
3165.0,2846.0,2986.0,2693.0,4095.0,3086.0,2559.0,3061.0,-0.77,8.91,-2.21,-0.03,-0.4,0.22,x
3189.0,2887.0,3015.0,2738.0,4095.0,3100.0,2599.0,3088.0,0.45,10.05,-2.32,-0.01,-0.38,0.25,x
3207.0,2890.0,3024.0,2869.0,4095.0,3117.0,2618.0,3071.0,-0.62,9.35,-2.24,-0.41,0.06,-0.11,x
3203.0,2922.0,3050.0,3018.0,4095.0,3157.0,2675.0,3100.0,0.51,9.8,-1.36,-0.29,-0.38,-0.14,x
3211.0,2902.0,3029.0,3070.0,4095.0,3150.0,2692.0,3071.0,-1.02,10.05,-2.21,-0.41,0.39,-0.36,x
3201.0,3049.0,3198.0,3051.0,4095.0,3302.0,2881.0,3235.0,-0.36,7.91,-0.28,-0.26,-0.89,-0.32,x
3233.0,3008.0,3139.0,3013.0,4095.0,3259.0,2836.0,3225.0,-1.23,11.82,-2.41,-0.34,0.45,0.21,x
3246.0,3029.0,3183.0,3071.0,4095.0,3319.0,2906.0,3229.0,-0.12,8.67,-0.74,-0.39,-0.67,0.3,x
3237.0,3019.0,3168.0,3166.0,4095.0,3347.0,2940.0,3265.0,0.06,12.14,-2.18,-0.77,0.9,-0.31,x
3179.0,2722.0,2934.0,3202.0,4095.0,3141.0,2800.0,3105.0,-1.77,8.31,-0.2,-0.47,-0.77,0.1,x
3173.0,2704.0,2931.0,3226.0,4095.0,3168.0,2801.0,3091.0,-0.27,9.0,-0.56,0.18,-0.14,0.3,x
3178.0,2783.0,3005.0,3301.0,4095.0,3271.0,2897.0,3184.0,0.17,9.42,-0.55,-0.32,-0.57,0.27,x
3169.0,2657.0,2945.0,3298.0,4095.0,3215.0,2926.0,3152.0,0.25,10.16,0.06,-0.11,0.04,-0.03,x
3173.0,2654.0,3015.0,3303.0,4095.0,3281.0,2996.0,3226.0,-0.45,9.27,-0.29,-0.05,0.13,0.05,x
3172.0,2547.0,3010.0,3321.0,4095.0,3319.0,2957.0,3213.0,-0.25,9.78,-0.39,-0.09,-0.14,0.0,x
3167.0,2480.0,2999.0,3238.0,4095.0,3248.0,2922.0,3177.0,0.0,9.54,-0.02,-0.05,0.12,-0.05,x
3157.0,2507.0,3011.0,3177.0,4095.0,3264.0,2773.0,3083.0,-0.92,10.1,-0.2,0.03,0.39,0.03,x
3155.0,2629.0,3010.0,3120.0,4095.0,3237.0,2658.0,2979.0,0.12,9.94,-0.31,0.1,-0.38,0.36,x
3154.0,2559.0,2931.0,3035.0,4095.0,3102.0,2497.0,2869.0,0.15,9.66,-0.52,-0.2,0.13,-0.02,x
3150.0,2559.0,2941.0,3047.0,4095.0,3079.0,2464.0,2868.0,-0.18,9.92,-0.35,-0.16,0.09,0.02,x
3149.0,2558.0,2928.0,3088.0,4095.0,3068.0,2411.0,2832.0,-0.47,9.53,0.31,0.07,-0.19,0.09,x
3150.0,2612.0,2922.0,3113.0,4095.0,3071.0,2379.0,2834.0,-0.2,9.89,-0.26,-0.22,0.13,-0.03,x
3152.0,2633.0,2918.0,3122.0,4095.0,3059.0,2368.0,2877.0,0.05,9.68,-0.02,0.11,-0.19,0.19,x
3151.0,2637.0,2912.0,3130.0,4095.0,3080.0,2399.0,2915.0,-0.12,9.62,-0.38,-0.26,-0.01,-0.08,x
3150.0,2641.0,2908.0,3134.0,4095.0,3095.0,2438.0,2946.0,0.71,9.73,0.19,0.06,-0.29,0.06,x
3145.0,2627.0,2911.0,3163.0,4095.0,3104.0,2497.0,2963.0,-0.35,9.97,0.23,-0.26,0.23,-0.23,x
3139.0,2621.0,3002.0,3145.0,4095.0,3170.0,2684.0,3103.0,0.23,9.81,-0.24,-0.07,-0.12,-0.13,x
3140.0,2559.0,2992.0,3054.0,4095.0,3173.0,2762.0,3147.0,-0.29,9.39,-0.26,-0.15,0.01,-0.14,x
3142.0,2559.0,2994.0,3050.0,4095.0,3191.0,2768.0,3162.0,-0.5,9.61,0.11,-0.03,0.08,0.09,x
3139.0,2607.0,3024.0,2944.0,4095.0,3227.0,2811.0,3186.0,0.09,10.17,0.26,0.01,0.06,0.07,x
3127.0,2603.0,3015.0,2928.0,4095.0,3217.0,2859.0,3166.0,-0.03,9.09,0.2,-0.1,-0.06,-0.06,x
3127.0,2603.0,3018.0,3087.0,4095.0,3228.0,2771.0,3182.0,0.04,9.75,0.04,0.1,0.09,0.06,x
3125.0,2607.0,3008.0,3138.0,4095.0,3235.0,2703.0,3163.0,-0.37,9.46,0.26,0.02,-0.04,0.01,x
3122.0,2599.0,3009.0,3055.0,4095.0,3227.0,2704.0,3171.0,0.23,10.21,-0.09,-0.05,0.21,-0.13,x
3120.0,2531.0,2941.0,2817.0,4095.0,3184.0,2651.0,3136.0,-0.49,9.36,0.11,-0.0,0.03,0.01,x
3110.0,2543.0,2949.0,2709.0,4095.0,3198.0,2705.0,3149.0,-0.05,9.77,-0.5,-0.39,0.29,-0.25,x
3117.0,2619.0,3009.0,2637.0,4095.0,3267.0,2832.0,3187.0,-0.29,9.5,0.25,0.15,-0.1,0.05,x
3118.0,2629.0,3021.0,2668.0,4095.0,3303.0,2839.0,3153.0,-0.21,9.92,-0.03,0.01,0.08,0.04,x
3123.0,2640.0,3024.0,2670.0,4095.0,3307.0,2772.0,3087.0,0.11,9.42,-0.0,0.07,-0.08,0.11,x
3117.0,2609.0,2959.0,2667.0,4095.0,3211.0,2525.0,2890.0,-0.54,9.38,-0.12,-0.26,0.08,0.01,x
3111.0,2611.0,2913.0,2669.0,4095.0,3190.0,2559.0,2842.0,0.58,10.12,0.23,0.09,-0.2,0.18,x
3145.0,2675.0,2966.0,2697.0,4095.0,3260.0,2616.0,2959.0,0.1,9.6,0.0,-0.06,-0.11,0.04,x
3151.0,2696.0,2983.0,2705.0,4095.0,3285.0,2672.0,2999.0,0.35,9.82,-0.01,-0.03,-0.09,-0.04,x
3137.0,2772.0,3059.0,2734.0,4095.0,3331.0,2879.0,3086.0,-0.01,9.67,-0.21,0.06,0.03,0.05,x
3141.0,2766.0,3060.0,2803.0,4095.0,3296.0,2700.0,3105.0,-0.12,9.76,-0.13,-0.12,0.07,-0.09,x
3143.0,2681.0,2979.0,2820.0,4095.0,3200.0,2603.0,3041.0,0.36,10.03,-0.02,0.01,0.21,-0.1,x
3137.0,2611.0,2921.0,2815.0,4095.0,3124.0,2510.0,3011.0,-1.32,9.34,0.11,0.09,0.41,-0.11,x
3147.0,2655.0,2951.0,2805.0,3923.0,3153.0,2544.0,3058.0,0.16,9.71,0.02,0.11,0.09,0.04,x
3145.0,2640.0,2939.0,2778.0,3824.0,3136.0,2526.0,3041.0,0.21,9.54,0.03,-0.02,0.04,0.01,x
3140.0,2646.0,2940.0,2768.0,3838.0,3145.0,2548.0,3045.0,0.07,9.77,-0.13,-0.11,0.03,-0.11,x
3149.0,2770.0,3066.0,2767.0,3947.0,3273.0,2683.0,3162.0,-0.21,9.76,-0.21,-0.1,0.09,-0.03,x
3137.0,2638.0,2926.0,2800.0,4019.0,3152.0,2548.0,3060.0,-0.35,9.53,-0.26,-0.15,0.11,-0.09,x
3136.0,2618.0,2896.0,2858.0,4059.0,3103.0,2528.0,3060.0,0.22,9.35,0.26,0.09,-0.36,-0.1,x
3141.0,2672.0,2899.0,2992.0,4048.0,3071.0,2511.0,3047.0,-0.84,9.5,-0.23,0.06,0.18,-0.0,x
3152.0,2686.0,2913.0,3051.0,4043.0,3055.0,2483.0,2990.0,0.21,9.76,0.07,0.05,-0.18,0.0,x
3185.0,2736.0,2906.0,3066.0,4095.0,3058.0,2419.0,2754.0,-0.55,9.74,-0.02,-0.13,0.08,0.02,x
3210.0,2762.0,2910.0,3003.0,4095.0,3111.0,2454.0,2748.0,-0.61,9.27,-0.5,0.04,0.12,0.12,x
3197.0,2782.0,2928.0,2913.0,4095.0,3164.0,2511.0,2811.0,0.49,10.14,-0.34,-0.03,0.06,0.07,x
3190.0,2786.0,2928.0,2861.0,4095.0,3194.0,2608.0,2917.0,-0.33,9.24,-0.11,-0.31,-0.02,-0.13,x
3187.0,2787.0,2926.0,2814.0,4095.0,3207.0,2663.0,2928.0,0.0,10.2,0.05,-0.03,0.0,0.03,x
3187.0,2804.0,2924.0,2762.0,4095.0,3213.0,2714.0,2925.0,0.26,9.41,-0.14,-0.16,-0.21,0.06,x
3190.0,2801.0,2923.0,2686.0,4095.0,3184.0,2755.0,2902.0,-0.12,9.45,0.13,0.1,0.08,0.05,x
3183.0,2805.0,2914.0,2658.0,4009.0,3199.0,2782.0,2890.0,0.23,9.77,0.23,0.01,0.06,0.05,x
3179.0,2805.0,2928.0,2654.0,3703.0,3209.0,2775.0,2890.0,0.25,9.45,-0.04,0.06,-0.17,0.02,x
3175.0,2807.0,2925.0,2682.0,3671.0,3220.0,2777.0,2896.0,0.34,10.23,-0.11,-0.07,0.12,0.0,x
3181.0,2815.0,2923.0,2693.0,3874.0,3234.0,2798.0,2906.0,-0.12,9.32,0.02,-0.09,-0.12,0.06,x
3183.0,2801.0,2919.0,2695.0,4095.0,3248.0,2807.0,2915.0,0.28,9.74,-0.26,-0.17,0.12,-0.07,x
3182.0,2800.0,2925.0,2698.0,4095.0,3248.0,2797.0,2923.0,0.09,9.58,0.06,-0.08,0.01,0.03,x
3174.0,2800.0,2924.0,2708.0,4095.0,3247.0,2799.0,2928.0,0.03,9.53,0.14,-0.16,0.07,-0.02,x
3180.0,2799.0,2921.0,2711.0,4095.0,3253.0,2788.0,2938.0,0.11,9.57,0.48,-0.11,0.01,-0.02,x
3182.0,2794.0,2922.0,2723.0,4095.0,3252.0,2784.0,2942.0,0.05,9.56,0.61,0.04,0.02,0.04,x
3182.0,2800.0,2927.0,2735.0,4095.0,3252.0,2783.0,2943.0,-0.18,9.45,0.24,-0.12,-0.09,-0.02,x
3182.0,2799.0,2918.0,2746.0,4095.0,3243.0,2774.0,2953.0,-0.05,9.47,0.11,0.11,-0.12,-0.01,x
3184.0,2800.0,2928.0,2829.0,4095.0,3217.0,2756.0,2982.0,-0.29,10.07,0.23,0.35,0.06,0.1,x
3182.0,2797.0,2919.0,2851.0,4095.0,3248.0,2939.0,2999.0,0.03,9.58,-0.24,-0.22,-0.25,0.06,x
3189.0,2803.0,2927.0,2879.0,4095.0,3295.0,3059.0,3018.0,1.22,9.36,-0.15,0.11,-0.43,0.16,x
3190.0,2800.0,2928.0,2896.0,4095.0,3311.0,3041.0,3024.0,0.22,9.89,-0.16,-0.12,0.34,-0.14,x
3191.0,2790.0,2928.0,2913.0,4095.0,3328.0,3019.0,3015.0,0.59,9.83,0.27,-0.12,-0.14,0.06,x
3190.0,2788.0,2933.0,2901.0,4095.0,3333.0,3041.0,3021.0,-1.1,8.93,0.11,-0.21,0.18,-0.06,x
3186.0,2766.0,2931.0,2847.0,4095.0,3286.0,3135.0,3053.0,0.25,10.43,0.25,-0.23,0.01,-0.07,x
3189.0,2754.0,2925.0,2864.0,4095.0,3291.0,3252.0,3069.0,0.51,8.81,0.56,-0.34,-0.71,0.07,x
3183.0,2757.0,2921.0,2798.0,4095.0,3265.0,3293.0,3069.0,0.19,9.79,0.08,-0.02,0.19,-0.01,x
3181.0,2767.0,2919.0,2803.0,4095.0,3226.0,3274.0,3071.0,0.14,9.37,0.54,-0.17,-0.11,0.06,x
3179.0,2757.0,2918.0,2797.0,4095.0,3173.0,3216.0,3071.0,0.78,9.86,0.42,-0.12,-0.13,-0.06,x
3170.0,2749.0,2902.0,2771.0,4095.0,3152.0,3209.0,3058.0,0.04,9.21,0.82,0.03,-0.02,0.02,x
3169.0,2741.0,2896.0,2757.0,4095.0,3135.0,3225.0,3106.0,-0.05,9.77,0.43,-0.15,0.1,-0.05,x
3178.0,2755.0,2890.0,2733.0,4095.0,3088.0,3161.0,3122.0,0.65,9.57,0.71,-0.02,-0.31,0.1,x
3178.0,2762.0,2896.0,2719.0,4095.0,3051.0,3039.0,3104.0,0.42,9.45,0.59,-0.22,0.08,0.04,x
3178.0,2773.0,2908.0,2742.0,4095.0,3026.0,2879.0,3051.0,0.68,9.7,0.64,-0.17,0.07,-0.06,x
3181.0,2773.0,2905.0,2763.0,4095.0,3005.0,2719.0,3056.0,-0.02,9.31,1.04,0.02,0.02,0.06,x
3186.0,2771.0,2907.0,2811.0,4095.0,3005.0,2559.0,3067.0,0.98,9.95,0.73,0.08,0.1,0.06,x
3184.0,2763.0,2907.0,2831.0,4095.0,2999.0,2497.0,2998.0,0.43,9.41,0.77,-0.03,-0.03,0.02,x
3182.0,2773.0,2909.0,2834.0,4095.0,2994.0,2485.0,2958.0,0.61,9.57,0.62,-0.13,0.11,-0.06,x
3184.0,2768.0,2907.0,2843.0,4095.0,2989.0,2451.0,2930.0,0.58,9.68,0.79,-0.07,0.15,-0.12,x
3184.0,2771.0,2908.0,2855.0,4095.0,2981.0,2442.0,2949.0,0.49,9.46,1.03,-0.15,-0.19,-0.02,x
3190.0,2768.0,2901.0,2864.0,4095.0,2983.0,2469.0,2995.0,0.36,9.8,0.66,0.08,0.2,-0.08,x
3187.0,2768.0,2907.0,2864.0,4095.0,2976.0,2519.0,3050.0,-0.16,9.36,1.07,-0.0,-0.02,0.03,x
3188.0,2773.0,2902.0,2849.0,4095.0,2978.0,2766.0,3015.0,0.0,9.56,0.5,-0.2,-0.16,0.1,x
3187.0,2771.0,2896.0,2823.0,4095.0,2979.0,2900.0,3007.0,1.17,9.18,1.02,0.06,-0.46,0.07,x
3200.0,2811.0,2913.0,2817.0,4095.0,2981.0,2956.0,3007.0,0.53,10.11,0.78,-0.05,0.36,-0.02,x
3201.0,2811.0,2892.0,2848.0,4095.0,2991.0,3037.0,3070.0,0.41,9.16,0.9,0.15,-0.18,0.09,x
3205.0,2820.0,2891.0,2859.0,4095.0,2995.0,3029.0,3088.0,0.43,9.48,0.35,-0.15,0.17,-0.1,x
3209.0,2818.0,2880.0,2846.0,4095.0,2991.0,3025.0,3071.0,0.73,9.65,0.67,-0.01,-0.07,-0.0,x
3207.0,2822.0,2832.0,2862.0,4095.0,2991.0,3056.0,3125.0,-0.63,9.47,0.93,-0.29,0.27,-0.19,x
3216.0,2815.0,2825.0,2879.0,4095.0,2991.0,3037.0,3140.0,0.99,9.46,0.77,-0.04,-0.2,0.0,x
3216.0,2814.0,2830.0,2886.0,4095.0,2991.0,2880.0,3118.0,0.54,9.48,0.74,-0.15,-0.07,-0.08,x
3217.0,2802.0,2848.0,2890.0,4095.0,2993.0,2718.0,3093.0,0.29,9.5,1.15,0.04,-0.01,0.08,x
3216.0,2797.0,2853.0,2864.0,4095.0,2993.0,2723.0,3071.0,0.67,10.07,0.86,0.08,0.1,0.0,x
3217.0,2791.0,2858.0,2869.0,4095.0,3007.0,2735.0,3138.0,-0.17,9.37,0.67,-0.03,0.19,-0.1,x
3217.0,2787.0,2890.0,2876.0,4095.0,3011.0,2559.0,3043.0,0.53,9.88,0.62,-0.01,0.21,-0.05,x
3221.0,2789.0,2915.0,2860.0,4095.0,3008.0,2538.0,2971.0,0.25,9.22,1.15,-0.02,-0.0,0.03,x
3220.0,2791.0,2917.0,2861.0,4095.0,2992.0,2491.0,2935.0,0.48,10.25,0.62,0.13,0.42,0.03,x
3209.0,2783.0,2916.0,2829.0,3921.0,2997.0,2480.0,2965.0,0.19,9.33,0.87,0.07,-0.04,0.06,x
3195.0,2790.0,2910.0,2826.0,3946.0,3015.0,2509.0,3003.0,0.41,9.8,0.37,-0.02,0.26,-0.08,x
3205.0,2781.0,2922.0,2801.0,4095.0,3025.0,2541.0,3010.0,0.48,9.39,1.11,0.05,0.09,0.13,x
3220.0,2795.0,2922.0,2798.0,4095.0,3035.0,2547.0,3003.0,0.18,9.6,0.62,0.04,0.31,-0.07,x
3221.0,2791.0,2907.0,2782.0,4095.0,3019.0,2544.0,2993.0,0.85,9.79,0.54,0.19,0.03,0.12,x
3223.0,2785.0,2915.0,2782.0,4095.0,3024.0,2543.0,2992.0,-0.05,9.29,0.41,-0.08,0.41,-0.22,x
3216.0,2800.0,2928.0,2801.0,4095.0,3034.0,2549.0,2990.0,0.9,9.99,0.73,0.12,0.02,0.1,x
3196.0,2782.0,2905.0,2801.0,4095.0,3023.0,2544.0,2974.0,-0.18,9.3,0.37,-0.02,0.37,-0.12,x
3214.0,2800.0,2927.0,2815.0,4095.0,3051.0,2559.0,2977.0,0.73,9.62,0.54,0.01,0.14,0.05,x
3233.0,2816.0,2937.0,2862.0,4095.0,3071.0,2586.0,2995.0,-0.16,9.44,0.48,0.03,0.24,-0.1,x
3238.0,2826.0,2954.0,2955.0,4095.0,3099.0,2608.0,3014.0,0.85,10.39,0.27,0.12,0.11,-0.08,x
3223.0,2811.0,2938.0,3054.0,4095.0,3104.0,2614.0,2997.0,-0.32,9.29,0.41,0.08,0.09,-0.09,x
3250.0,2818.0,2943.0,3005.0,4095.0,3126.0,2635.0,3011.0,0.8,9.76,0.19,-0.03,0.0,-0.14,x
3280.0,2818.0,2943.0,2951.0,4095.0,3114.0,2621.0,3027.0,0.43,9.69,0.39,0.13,0.12,-0.03,x
3325.0,2811.0,2943.0,2953.0,4095.0,3089.0,2583.0,3039.0,-0.22,9.5,0.04,0.02,0.17,-0.09,x
3341.0,2821.0,2948.0,2963.0,4095.0,3088.0,2584.0,3046.0,0.58,9.79,-0.11,-0.01,0.02,0.01,x
3295.0,2813.0,2945.0,2978.0,4095.0,3104.0,2589.0,3052.0,-0.22,9.39,0.36,0.05,0.17,0.01,x
3279.0,2817.0,2943.0,2977.0,4095.0,3110.0,2599.0,3053.0,0.51,9.98,0.12,0.18,-0.11,0.04,x
3293.0,2819.0,2943.0,2956.0,4095.0,3118.0,2601.0,3046.0,0.15,9.18,0.19,0.17,-0.1,0.04,x
3306.0,2813.0,2944.0,2928.0,4095.0,3124.0,2614.0,3041.0,0.52,10.14,-0.42,0.06,0.16,-0.07,x
3327.0,2815.0,2947.0,2928.0,4095.0,3125.0,2606.0,3036.0,0.15,9.4,-0.06,0.04,-0.05,0.05,x
3354.0,2821.0,2942.0,2931.0,4095.0,3125.0,2610.0,3034.0,0.77,10.25,-0.3,0.19,-0.01,-0.02,x
3369.0,2813.0,2935.0,2937.0,4095.0,3123.0,2608.0,3034.0,0.08,9.28,-0.16,0.0,-0.09,0.01,x
3356.0,2813.0,2933.0,2941.0,4095.0,3130.0,2616.0,3041.0,0.07,9.74,-0.62,-0.08,0.11,-0.05,x
3347.0,2816.0,2943.0,2951.0,4095.0,3130.0,2608.0,3042.0,0.59,9.65,-0.39,0.0,0.07,0.03,x
3266.0,2813.0,2942.0,2950.0,4095.0,3127.0,2593.0,3046.0,-0.31,9.3,-0.17,-0.16,0.11,-0.09,x
3255.0,2816.0,2947.0,2940.0,4095.0,3127.0,2601.0,3039.0,0.62,9.54,-0.12,0.08,-0.08,-0.04,x
3248.0,2815.0,2947.0,2963.0,4095.0,3120.0,2612.0,3045.0,0.12,10.02,-0.27,0.23,-0.05,0.05,x
3248.0,2810.0,2951.0,2992.0,4095.0,3114.0,2621.0,3047.0,-0.05,9.72,-0.31,0.04,-0.19,0.02,x
3245.0,2810.0,2947.0,3010.0,4095.0,3121.0,2639.0,3041.0,0.5,9.84,-0.46,0.14,0.02,-0.03,x
3247.0,2826.0,2945.0,3024.0,4095.0,3131.0,2637.0,3035.0,0.64,9.51,-0.68,0.18,0.06,-0.07,x
3239.0,2817.0,2953.0,3031.0,4095.0,3136.0,2640.0,3036.0,0.11,9.89,-0.97,-0.1,0.27,-0.09,x
3231.0,2819.0,2962.0,2959.0,4095.0,3141.0,2627.0,3021.0,0.33,9.77,-0.39,0.03,0.05,0.05,x
3238.0,2818.0,2958.0,2866.0,4095.0,3147.0,2624.0,3008.0,0.58,9.42,-0.7,-0.04,-0.06,-0.01,x
3242.0,2819.0,2959.0,2858.0,4095.0,3150.0,2608.0,3010.0,0.24,9.51,-0.45,0.14,0.08,-0.02,x
3248.0,2815.0,2960.0,2878.0,4095.0,3149.0,2604.0,3011.0,-0.22,9.59,-0.51,-0.08,0.13,-0.1,x
3239.0,2821.0,2959.0,2859.0,4095.0,3153.0,2603.0,3013.0,0.46,9.87,-0.64,-0.01,-0.01,-0.01,x
3233.0,2815.0,2959.0,2847.0,4095.0,3155.0,2604.0,3007.0,-0.23,9.41,-0.57,-0.01,-0.01,0.02,x
3236.0,2826.0,2953.0,2842.0,4095.0,3159.0,2607.0,3006.0,0.47,9.65,-0.61,-0.0,0.04,-0.06,x
3237.0,2822.0,2959.0,2831.0,4095.0,3166.0,2608.0,3005.0,0.15,9.39,-0.47,0.07,-0.1,0.04,x
3235.0,2818.0,2967.0,2823.0,4095.0,3173.0,2608.0,3011.0,0.2,9.98,-1.11,-0.07,0.13,-0.14,x
4095.0,2985.0,3056.0,4095.0,2916.0,3205.0,2711.0,3937.0,-0.13,9.46,-2.52,-0.02,-0.01,0.02,y
4095.0,2978.0,3054.0,4095.0,2914.0,3202.0,2714.0,3941.0,0.09,9.43,-2.47,-0.04,0.04,-0.01,y
4095.0,2977.0,3047.0,4095.0,2917.0,3203.0,2719.0,3941.0,0.18,9.47,-2.53,0.0,-0.04,0.03,y
4095.0,2985.0,3055.0,4095.0,2918.0,3203.0,2715.0,3940.0,0.06,9.41,-2.67,-0.02,0.04,-0.02,y
4095.0,2969.0,3057.0,4095.0,2911.0,3202.0,2715.0,3931.0,0.19,9.36,-2.64,0.0,0.05,0.07,y
4095.0,2973.0,3053.0,4095.0,2912.0,3201.0,2714.0,3938.0,0.26,9.44,-2.55,-0.05,-0.06,0.09,y
4095.0,2977.0,3047.0,4095.0,2911.0,3205.0,2715.0,3935.0,0.26,9.46,-2.56,-0.02,0.03,-0.03,y
4095.0,2977.0,3056.0,4095.0,2914.0,3205.0,2719.0,3939.0,0.24,9.42,-2.58,-0.03,-0.01,0.02,y
4095.0,2977.0,3053.0,4095.0,2920.0,3211.0,2719.0,3943.0,0.1,9.45,-2.62,-0.02,0.03,-0.07,y
4095.0,2976.0,3055.0,4095.0,2913.0,3209.0,2718.0,3943.0,0.24,9.41,-2.58,-0.01,-0.03,-0.02,y
4095.0,2973.0,3056.0,4095.0,2916.0,3211.0,2721.0,3943.0,0.04,9.49,-2.79,-0.04,0.01,-0.03,y
4095.0,2970.0,3050.0,4095.0,2915.0,3214.0,2718.0,3934.0,0.08,9.3,-2.73,-0.03,0.04,-0.03,y
4095.0,2976.0,3053.0,4095.0,2917.0,3213.0,2721.0,3939.0,0.34,9.51,-2.55,-0.06,0.02,-0.01,y
4095.0,2971.0,3056.0,4095.0,2919.0,3216.0,2718.0,3936.0,0.08,9.4,-2.43,-0.05,-0.04,0.01,y
4095.0,2962.0,3053.0,4095.0,2919.0,3210.0,2721.0,3936.0,0.05,9.45,-2.61,0.01,0.04,-0.0,y
4095.0,2971.0,3056.0,4095.0,2927.0,3207.0,2721.0,3950.0,0.32,9.43,-2.58,0.05,-0.01,0.05,y
4095.0,2966.0,3055.0,4095.0,2935.0,3214.0,2720.0,3953.0,0.25,9.39,-2.69,-0.02,0.02,-0.12,y
4095.0,2963.0,3052.0,4095.0,2935.0,3215.0,2719.0,3905.0,0.57,9.5,-2.65,-0.03,-0.0,-0.17,y
4095.0,2975.0,2992.0,4095.0,2929.0,3216.0,2714.0,3680.0,-0.33,9.72,-2.72,0.08,-0.12,0.16,y
4095.0,2979.0,2967.0,4095.0,2912.0,3215.0,2711.0,3664.0,0.29,10.14,-3.37,-0.13,0.09,-0.15,y
4095.0,2973.0,2958.0,3894.0,2909.0,3216.0,2711.0,3671.0,-0.15,8.93,-2.31,-0.0,-0.38,0.26,y
4095.0,2970.0,2928.0,3502.0,2901.0,3216.0,2706.0,3657.0,0.43,9.85,-2.72,-0.08,0.31,-0.17,y
4095.0,2973.0,2713.0,3153.0,2899.0,3203.0,2683.0,3440.0,-0.11,8.68,-2.0,0.09,-0.51,0.25,y
4095.0,2977.0,2704.0,3031.0,2906.0,3207.0,2695.0,3376.0,0.32,9.91,-2.8,0.04,0.15,-0.1,y
4095.0,2969.0,2705.0,3120.0,2917.0,3206.0,2703.0,3430.0,0.13,8.96,-2.59,0.1,-0.06,0.13,y
4095.0,2960.0,2715.0,3461.0,2928.0,3205.0,2702.0,3559.0,0.17,9.42,-2.87,0.07,0.08,0.08,y
4095.0,2951.0,2822.0,3894.0,2960.0,3211.0,2708.0,3631.0,0.65,9.37,-2.95,0.01,-0.02,0.03,y
4095.0,2953.0,2951.0,4095.0,2948.0,3219.0,2718.0,3647.0,0.94,9.72,-2.99,-0.16,0.22,-0.29,y
4095.0,2958.0,2979.0,4095.0,2894.0,3214.0,2726.0,3670.0,-1.26,8.68,-2.93,-0.23,0.19,-0.19,y
4095.0,2960.0,3022.0,4095.0,2881.0,3200.0,2743.0,3734.0,0.73,10.01,-2.71,-0.03,-0.17,0.12,y
4095.0,2961.0,3031.0,4095.0,2896.0,2841.0,2751.0,3777.0,-0.26,9.18,-2.43,0.04,0.05,0.0,y
4095.0,2960.0,3050.0,4095.0,2898.0,3207.0,2753.0,3813.0,0.18,9.14,-2.76,-0.08,0.03,-0.04,y
4095.0,2950.0,3071.0,4095.0,2901.0,3201.0,2768.0,3918.0,0.73,10.12,-2.91,0.03,-0.0,-0.04,y
4095.0,2957.0,3084.0,4095.0,2902.0,3022.0,2782.0,3951.0,-0.16,9.08,-2.79,-0.14,0.1,-0.06,y
4095.0,2955.0,3071.0,4095.0,2902.0,3205.0,2786.0,3986.0,0.58,9.83,-2.68,0.07,-0.08,0.09,y
4095.0,2962.0,3082.0,4095.0,2907.0,3210.0,2792.0,4010.0,-0.41,8.71,-2.77,-0.19,0.08,-0.13,y
4095.0,2958.0,3085.0,4095.0,2911.0,3206.0,2800.0,4015.0,0.02,9.7,-2.71,0.05,-0.01,0.05,y
4095.0,2960.0,3084.0,4095.0,2910.0,3019.0,2805.0,4016.0,-0.44,8.87,-2.55,-0.11,0.04,-0.05,y
4095.0,2952.0,3105.0,4095.0,2919.0,3216.0,2833.0,4058.0,0.42,9.4,-2.89,-0.01,0.01,-0.14,y
4095.0,2947.0,3106.0,4095.0,2921.0,2873.0,2864.0,4095.0,-0.27,9.09,-2.41,0.19,-0.0,0.13,y
4095.0,2942.0,3114.0,4095.0,2923.0,3217.0,2896.0,4095.0,0.14,9.93,-3.17,-0.03,0.15,-0.01,y
4095.0,2941.0,3110.0,4095.0,2926.0,1886.0,2928.0,4095.0,0.28,9.37,-3.13,-0.01,-0.07,0.04,y
4095.0,2943.0,3111.0,4095.0,2928.0,3216.0,2943.0,4095.0,0.3,9.54,-3.04,-0.1,0.14,-0.07,y
4095.0,2937.0,3114.0,4095.0,2930.0,2832.0,2941.0,4095.0,0.19,9.01,-2.52,-0.02,-0.14,0.07,y
4095.0,2942.0,3136.0,4095.0,2951.0,3238.0,2928.0,4095.0,0.06,9.83,-2.54,-0.12,0.15,0.07,y
4095.0,2917.0,3179.0,4095.0,2971.0,2809.0,2930.0,4095.0,0.49,9.2,-2.5,-0.12,-0.12,0.08,y
3712.0,2887.0,3248.0,4095.0,3016.0,3273.0,2943.0,4095.0,0.69,10.06,-3.29,-0.24,0.26,0.02,y
3313.0,2812.0,3314.0,4095.0,3133.0,3270.0,2989.0,4095.0,0.09,9.08,-1.91,-0.32,-0.06,-0.27,y
3199.0,2849.0,3395.0,4095.0,3162.0,3257.0,2953.0,4095.0,0.51,9.9,-2.72,-0.12,0.13,0.07,y
3143.0,2913.0,3376.0,4095.0,3213.0,3161.0,2950.0,4095.0,0.7,9.75,-2.25,-0.21,0.05,-0.14,y
3145.0,2877.0,3401.0,4095.0,3193.0,3233.0,2927.0,4095.0,0.12,9.34,-1.83,-0.15,-0.12,0.04,y
3137.0,2817.0,3489.0,4095.0,3170.0,3214.0,2914.0,4095.0,0.16,10.15,-2.65,-0.23,0.29,-0.1,y
3131.0,2849.0,3566.0,4095.0,3178.0,3235.0,2861.0,4095.0,0.08,9.12,-2.09,-0.21,-0.15,-0.02,y
3106.0,2831.0,3635.0,4095.0,3138.0,3225.0,2821.0,4095.0,0.05,9.64,-1.9,-0.01,0.13,0.0,y
3106.0,2814.0,3645.0,4095.0,3159.0,3222.0,2841.0,4095.0,0.19,9.53,-1.84,0.02,0.11,0.01,y
3089.0,2834.0,3663.0,4095.0,3184.0,3233.0,2862.0,4095.0,0.15,9.5,-1.81,-0.01,-0.06,0.09,y
3086.0,2847.0,3639.0,4095.0,3205.0,3237.0,2852.0,4095.0,0.34,9.58,-2.32,-0.24,0.2,-0.07,y
3088.0,2814.0,3643.0,4095.0,3200.0,3231.0,2832.0,4095.0,-0.14,9.04,-1.95,-0.26,-0.1,-0.09,y
3136.0,2674.0,3654.0,4095.0,3204.0,3193.0,2831.0,4095.0,0.17,9.79,-1.57,-0.22,-0.02,0.07,y
3143.0,2493.0,3618.0,4095.0,3235.0,3156.0,2855.0,4095.0,0.3,9.48,-1.6,-0.28,0.0,-0.02,y
3153.0,2483.0,3625.0,4095.0,3233.0,3169.0,2864.0,4095.0,0.58,9.4,-1.38,-0.09,-0.21,0.14,y
3154.0,2483.0,3650.0,4095.0,3239.0,3171.0,2857.0,4095.0,0.27,9.82,-1.47,-0.16,0.2,-0.01,y
3046.0,2495.0,3643.0,4095.0,3251.0,3193.0,2863.0,4095.0,0.28,9.4,-1.4,-0.07,-0.1,0.12,y
3069.0,2533.0,3674.0,4095.0,3265.0,3216.0,2825.0,4095.0,0.39,9.83,-1.71,-0.1,0.24,-0.01,y
3119.0,2624.0,3657.0,4095.0,3264.0,3235.0,2793.0,4095.0,0.58,9.4,-1.6,0.19,-0.06,0.13,y
3090.0,2783.0,3535.0,4095.0,3222.0,3253.0,2727.0,4095.0,0.43,9.8,-1.59,-0.04,0.11,0.05,y
3088.0,2704.0,3456.0,4095.0,3171.0,3226.0,2675.0,4095.0,0.84,9.67,-1.54,0.14,-0.2,0.18,y
3094.0,2549.0,3312.0,4095.0,3107.0,3171.0,2610.0,4080.0,0.7,10.04,-1.57,-0.15,0.07,-0.05,y
3114.0,2458.0,3237.0,4095.0,3055.0,3141.0,2592.0,4009.0,0.47,9.49,-1.62,-0.06,-0.11,0.05,y
3151.0,2416.0,3313.0,4095.0,3024.0,3131.0,2624.0,3999.0,0.47,9.21,-1.74,-0.23,0.08,-0.2,y
3157.0,2413.0,3377.0,4095.0,3025.0,3138.0,2649.0,3991.0,0.46,9.72,-1.53,-0.06,0.03,-0.01,y
3145.0,2416.0,3293.0,4095.0,3010.0,3152.0,2659.0,4016.0,0.76,9.96,-1.4,0.06,-0.06,0.05,y
3151.0,2410.0,3411.0,4095.0,2981.0,3137.0,2642.0,4014.0,0.36,9.09,-1.61,-0.15,0.04,-0.15,y
3155.0,2414.0,3507.0,4095.0,2989.0,3146.0,2678.0,4014.0,0.64,10.34,-1.41,0.1,-0.09,0.11,y
3165.0,2417.0,3781.0,4095.0,2960.0,3143.0,2766.0,4063.0,0.67,9.51,-1.63,-0.03,-0.09,-0.1,y
3161.0,2416.0,3853.0,4095.0,2931.0,3147.0,2815.0,4095.0,0.97,10.13,-1.82,-0.06,-0.07,0.01,y
3177.0,2462.0,4095.0,4095.0,2896.0,3134.0,2957.0,4095.0,-0.13,8.88,-1.04,0.03,-0.1,-0.15,y
3150.0,2481.0,4095.0,4095.0,2929.0,3136.0,3026.0,4095.0,0.31,9.91,-1.7,0.08,0.12,0.11,y
3166.0,2485.0,4095.0,4095.0,2922.0,3136.0,3025.0,4095.0,0.57,9.22,-1.46,-0.01,-0.09,-0.12,y
3167.0,2485.0,4095.0,4095.0,2891.0,3136.0,3048.0,4095.0,0.61,9.94,-1.84,-0.03,0.02,-0.06,y
3167.0,2495.0,4095.0,4095.0,2884.0,3136.0,3049.0,4095.0,0.38,9.39,-1.48,0.11,-0.16,0.09,y
3170.0,2494.0,4095.0,4095.0,2880.0,3132.0,2999.0,4095.0,0.29,9.78,-2.1,-0.14,0.14,-0.09,y
3167.0,2486.0,4095.0,4095.0,2897.0,3131.0,2892.0,4095.0,0.64,9.81,-1.31,0.09,-0.16,0.1,y
3176.0,2489.0,4095.0,4095.0,2896.0,3130.0,2853.0,4087.0,0.01,9.43,-1.67,-0.06,-0.01,-0.05,y
3159.0,2482.0,4095.0,4095.0,2899.0,3133.0,2832.0,4083.0,0.87,10.35,-1.81,0.04,-0.03,-0.0,y
3165.0,2475.0,4095.0,4095.0,2906.0,3135.0,2789.0,4074.0,-0.16,8.72,-1.74,0.0,-0.1,0.03,y
3166.0,2471.0,3968.0,4095.0,2916.0,3137.0,2757.0,4049.0,0.76,10.2,-1.75,-0.04,0.04,-0.0,y
3165.0,2495.0,3723.0,4095.0,2918.0,3148.0,2716.0,4032.0,0.26,9.25,-1.63,0.08,-0.14,0.1,y
3163.0,2510.0,3616.0,4095.0,2927.0,3143.0,2727.0,4021.0,0.47,9.62,-1.91,-0.01,0.06,-0.05,y
3167.0,2509.0,3643.0,4095.0,2927.0,3149.0,2730.0,4043.0,0.46,9.2,-1.78,-0.03,0.0,0.02,y
3163.0,2512.0,3691.0,4095.0,2941.0,3152.0,2718.0,4057.0,0.59,9.77,-2.1,0.04,0.08,0.0,y
3153.0,2556.0,4095.0,4095.0,2966.0,3165.0,2640.0,3965.0,0.26,9.27,-1.84,0.04,0.01,0.13,y
3161.0,2559.0,4095.0,4095.0,2972.0,3168.0,2649.0,3958.0,0.79,9.58,-2.16,-0.1,0.03,0.0,y
3158.0,2583.0,4095.0,4095.0,2973.0,3165.0,2633.0,3926.0,0.79,9.67,-1.58,-0.05,0.01,-0.09,y
3155.0,2559.0,3973.0,4095.0,2998.0,3163.0,2646.0,3936.0,-0.03,8.93,-2.01,-0.23,0.14,-0.06,y
3151.0,2481.0,3440.0,4095.0,3013.0,3163.0,2585.0,3755.0,1.15,10.16,-1.61,-0.08,0.16,-0.08,y
3152.0,2457.0,3286.0,4095.0,3017.0,3154.0,2584.0,3762.0,-0.03,8.81,-1.47,-0.21,-0.07,-0.13,y
3153.0,2455.0,3264.0,4095.0,3053.0,3159.0,2624.0,3841.0,0.07,9.62,-1.72,-0.06,0.07,0.02,y
3152.0,2449.0,3260.0,4095.0,3057.0,3159.0,2635.0,3909.0,0.37,9.26,-1.52,-0.09,0.06,-0.03,y
3148.0,2489.0,3250.0,4095.0,3199.0,3164.0,2589.0,3910.0,0.89,9.86,-2.04,-0.08,0.04,-0.01,y
3120.0,2519.0,3236.0,4095.0,3299.0,3128.0,2448.0,3734.0,1.06,9.86,-1.71,-0.07,0.04,0.12,y
3071.0,2479.0,3211.0,4095.0,3264.0,3120.0,2429.0,3645.0,0.36,9.38,-1.65,-0.15,-0.05,-0.1,y
3053.0,2015.0,3169.0,4095.0,3285.0,3151.0,2339.0,3514.0,0.36,9.94,-1.43,-0.11,0.27,-0.12,y
3021.0,1929.0,3141.0,4095.0,3323.0,3125.0,2283.0,3458.0,0.44,9.79,-0.9,-0.19,0.01,-0.21,y
3027.0,1943.0,3152.0,4095.0,3319.0,3146.0,2316.0,3474.0,0.21,9.55,-1.04,-0.16,-0.26,-0.1,y
3030.0,1941.0,3153.0,4095.0,3317.0,3152.0,2322.0,3475.0,0.09,9.79,-1.2,-0.18,0.31,-0.19,y
3038.0,1933.0,3140.0,4095.0,3305.0,3156.0,2338.0,3473.0,0.12,9.2,-0.98,-0.08,-0.26,-0.01,y
3052.0,1919.0,3152.0,4095.0,3317.0,3163.0,2369.0,3516.0,0.07,9.59,-0.89,0.01,-0.01,0.04,y
3069.0,1899.0,3134.0,4095.0,3269.0,3139.0,2381.0,3487.0,0.07,9.58,-1.13,-0.04,0.04,-0.1,y
3115.0,1863.0,3133.0,4095.0,3254.0,3151.0,2417.0,3503.0,0.04,9.71,-1.49,-0.2,0.03,-0.06,y
3120.0,1851.0,3147.0,4095.0,3120.0,3172.0,2480.0,3573.0,0.11,9.58,-0.93,0.16,-0.07,0.04,y
3134.0,1879.0,3143.0,4095.0,3055.0,3165.0,2467.0,3521.0,0.31,9.73,-1.01,-0.14,0.13,-0.04,y
3133.0,1886.0,3141.0,4095.0,3052.0,3168.0,2476.0,3541.0,0.24,9.94,-1.18,0.08,-0.08,0.06,y
3130.0,1886.0,3152.0,4095.0,3040.0,3159.0,2464.0,3546.0,-0.3,9.15,-0.91,-0.07,0.04,-0.13,y
3133.0,1885.0,3145.0,4095.0,3049.0,3156.0,2452.0,3505.0,0.25,10.14,-1.12,-0.01,0.16,0.07,y
3130.0,1881.0,3144.0,4095.0,3039.0,3152.0,2448.0,3555.0,0.1,9.33,-0.93,-0.11,-0.03,-0.09,y
3132.0,1872.0,3152.0,4095.0,3034.0,3161.0,2471.0,3600.0,0.08,9.82,-1.06,-0.01,0.06,0.03,y
3136.0,1866.0,3151.0,4095.0,2998.0,3165.0,2483.0,3635.0,0.35,9.8,-0.61,0.21,-0.19,0.06,y
3133.0,1849.0,3161.0,4095.0,2960.0,3152.0,2522.0,3697.0,-0.31,9.13,-1.47,-0.12,-0.01,-0.18,y
3134.0,1857.0,3173.0,4095.0,2957.0,3152.0,2548.0,3739.0,0.16,9.83,-1.34,0.06,-0.01,0.06,y
3147.0,1899.0,3173.0,4095.0,2954.0,3149.0,2583.0,3807.0,-0.21,9.39,-0.97,0.19,-0.05,0.03,y
3141.0,1925.0,3183.0,4095.0,2959.0,3152.0,2592.0,3869.0,0.03,9.72,-1.11,-0.09,0.15,-0.01,y
3151.0,1979.0,3186.0,4095.0,2928.0,3150.0,2611.0,3898.0,0.3,9.61,-1.18,0.08,-0.21,-0.01,y
3151.0,2064.0,3209.0,4095.0,2937.0,3142.0,2642.0,4014.0,-0.48,9.18,-1.28,-0.12,0.09,-0.03,y
3159.0,2113.0,3216.0,4095.0,2929.0,3137.0,2641.0,4048.0,0.12,10.23,-1.41,0.04,0.16,0.03,y
3153.0,2118.0,3217.0,4095.0,2928.0,3131.0,2631.0,4057.0,0.44,9.74,-1.25,-0.1,-0.08,0.0,y
3158.0,2127.0,3213.0,4095.0,2925.0,3125.0,2645.0,4095.0,0.2,9.34,-1.08,-0.0,-0.09,0.01,y
3161.0,2160.0,3213.0,4095.0,2930.0,3133.0,2654.0,4095.0,-0.14,9.51,-1.55,-0.2,0.28,-0.18,y
3159.0,2165.0,3216.0,4095.0,2931.0,3133.0,2651.0,4095.0,-0.11,10.04,-0.8,0.12,-0.12,0.08,y
3157.0,2174.0,3215.0,4095.0,2928.0,3130.0,2659.0,4095.0,-0.47,9.04,-1.11,-0.1,-0.01,-0.04,y
3153.0,2175.0,3218.0,4095.0,2927.0,3127.0,2667.0,4095.0,0.99,10.13,-1.53,-0.12,0.21,-0.07,y
3154.0,2179.0,3216.0,4095.0,2926.0,3131.0,2667.0,4095.0,0.37,9.51,-0.59,0.08,-0.25,0.04,y
3155.0,2180.0,3217.0,4095.0,2928.0,3130.0,2670.0,4095.0,-0.14,9.62,-1.25,-0.08,0.16,-0.08,y
3155.0,2191.0,3210.0,4095.0,2934.0,3134.0,2671.0,4095.0,0.48,9.93,-1.14,0.04,-0.09,-0.02,y
3157.0,2192.0,3211.0,4095.0,2941.0,3137.0,2672.0,4095.0,0.23,9.46,-1.15,-0.06,-0.06,-0.03,y
3158.0,2203.0,3197.0,4095.0,2933.0,3129.0,2695.0,4095.0,0.41,10.0,-1.19,-0.01,0.03,-0.06,y
3162.0,2208.0,3211.0,4095.0,2942.0,3134.0,2698.0,4095.0,-0.27,9.28,-1.13,0.05,0.01,0.01,y
3150.0,2271.0,3178.0,4095.0,2944.0,3134.0,2746.0,4095.0,0.1,9.96,-1.38,-0.14,0.15,-0.16,y
3155.0,2342.0,3168.0,4095.0,2949.0,3137.0,2830.0,4095.0,-0.15,9.24,-0.74,0.03,-0.08,0.05,y
3165.0,2421.0,3159.0,4095.0,2944.0,3136.0,2896.0,4095.0,0.24,10.13,-1.67,-0.29,0.3,-0.14,y
3171.0,2453.0,3159.0,4095.0,2954.0,3138.0,2896.0,4095.0,0.19,9.61,-0.66,0.15,-0.01,0.06,y
3167.0,2471.0,3157.0,4095.0,2956.0,3142.0,2903.0,4095.0,-0.39,9.45,-1.0,0.01,-0.02,0.05,y
3170.0,2529.0,3169.0,4095.0,2960.0,3135.0,2925.0,4095.0,0.13,10.13,-1.68,-0.23,0.27,-0.13,y
3163.0,2515.0,3174.0,4095.0,2972.0,3148.0,2879.0,4095.0,-0.38,9.47,-0.91,-0.01,-0.11,0.05,y
3159.0,2437.0,3179.0,4095.0,2973.0,3135.0,2738.0,4095.0,-0.2,9.78,-1.09,-0.04,-0.0,0.05,y
3152.0,2377.0,3167.0,4095.0,2974.0,3130.0,2622.0,3755.0,0.66,9.75,-0.93,0.08,-0.34,0.26,y
3162.0,2370.0,3175.0,4095.0,2960.0,3132.0,2640.0,3920.0,-0.09,9.53,-1.13,0.14,0.13,-0.23,y
3153.0,2366.0,3168.0,4095.0,2955.0,3135.0,2683.0,4095.0,0.38,10.02,-1.49,-0.05,0.15,0.05,y
3153.0,2365.0,3171.0,4095.0,2951.0,3139.0,2682.0,4095.0,-0.17,9.14,-1.23,-0.03,-0.24,0.02,y
3152.0,2353.0,3177.0,4095.0,2960.0,3145.0,2671.0,4095.0,0.24,9.85,-0.87,0.05,0.09,-0.0,y
3155.0,2346.0,3167.0,4095.0,2960.0,3145.0,2686.0,4095.0,0.13,9.64,-1.16,-0.12,0.04,-0.06,y
3152.0,2373.0,3169.0,4095.0,2975.0,3151.0,2683.0,4095.0,0.24,9.99,-1.51,-0.05,0.01,0.04,y
3154.0,2391.0,3170.0,4095.0,2981.0,3152.0,2698.0,4095.0,-0.05,9.26,-0.68,0.15,-0.19,0.11,y
3150.0,2468.0,3165.0,4095.0,2983.0,3168.0,2725.0,4095.0,-0.32,10.07,-1.41,-0.17,0.24,-0.0,y
3152.0,2649.0,3170.0,4095.0,3017.0,3173.0,2785.0,4095.0,0.35,9.43,-0.95,-0.04,-0.09,0.09,y
3167.0,2815.0,3163.0,4095.0,3133.0,3174.0,2810.0,4095.0,-0.15,9.24,-0.94,-0.22,0.12,-0.06,y
3157.0,2830.0,3176.0,4095.0,3063.0,3165.0,2813.0,4095.0,0.52,9.64,-1.22,0.02,-0.12,0.05,y
3157.0,2820.0,3184.0,4095.0,3024.0,3152.0,2757.0,4095.0,0.45,9.67,-0.9,0.04,0.04,0.02,y
3165.0,2827.0,3184.0,4095.0,3024.0,3152.0,2737.0,4095.0,-0.17,9.45,-1.09,-0.06,0.03,-0.01,y
3169.0,2819.0,3194.0,4095.0,3043.0,3157.0,2704.0,4095.0,0.41,10.09,-1.22,0.04,0.03,-0.0,y
3167.0,2817.0,3184.0,4095.0,3115.0,3155.0,2691.0,4095.0,0.11,9.44,-0.86,-0.08,-0.02,-0.03,y
3184.0,2810.0,3196.0,4095.0,3185.0,3152.0,2695.0,4095.0,0.14,9.58,-1.15,-0.19,0.08,-0.02,y
3204.0,2809.0,3206.0,4095.0,3200.0,3154.0,2685.0,4095.0,0.45,9.48,-1.0,-0.13,0.01,-0.04,y
3219.0,2817.0,3214.0,4095.0,3250.0,3152.0,2673.0,4064.0,0.23,9.72,-0.75,0.09,0.07,0.1,y
3215.0,2828.0,3246.0,4095.0,3265.0,3159.0,2694.0,4095.0,-0.07,8.43,-0.85,-0.3,-0.12,-0.09,y
3205.0,2827.0,3259.0,4095.0,3271.0,3181.0,2704.0,4095.0,1.0,10.64,-1.06,-0.25,0.17,-0.14,y
3184.0,2815.0,3274.0,4095.0,3334.0,3186.0,2715.0,4095.0,-0.22,8.93,-0.42,-0.46,0.02,-0.17,y
3175.0,2782.0,3269.0,4095.0,3348.0,3194.0,2730.0,4095.0,0.23,9.09,-0.2,-0.11,0.0,-0.08,y
3142.0,2758.0,3276.0,4095.0,3351.0,3200.0,2741.0,4095.0,0.22,9.89,-0.45,-0.34,0.28,-0.15,y
2901.0,2717.0,3280.0,4095.0,3357.0,3202.0,2739.0,4095.0,-0.62,9.64,0.0,-0.3,0.1,-0.07,y
2707.0,2635.0,3273.0,4095.0,3379.0,3210.0,2743.0,4095.0,0.09,10.21,-0.25,-0.09,0.22,-0.09,y
2667.0,2559.0,3285.0,4095.0,3380.0,3215.0,2752.0,4044.0,0.02,9.26,-0.01,0.22,-0.21,0.13,y
2742.0,2550.0,3308.0,4095.0,3354.0,3216.0,2746.0,3979.0,-0.23,9.86,-0.4,-0.04,0.35,0.03,y
3310.0,2685.0,3297.0,4095.0,3285.0,3239.0,2747.0,3825.0,0.66,10.68,-0.46,0.15,-0.06,0.25,y
3535.0,2785.0,3257.0,4095.0,3283.0,3251.0,2768.0,3812.0,-0.18,8.82,-0.37,-0.09,-0.11,0.0,y
3562.0,2787.0,3263.0,4095.0,3248.0,3248.0,2765.0,3856.0,0.76,10.3,-0.75,-0.01,0.02,-0.03,y
3568.0,2791.0,3258.0,4095.0,3185.0,3255.0,2768.0,3893.0,-0.34,9.13,-0.15,0.02,-0.16,-0.01,y
3520.0,2786.0,3268.0,4095.0,3216.0,3248.0,2763.0,3929.0,-0.17,9.79,-0.51,-0.16,0.25,-0.16,y
3536.0,2784.0,3263.0,4095.0,3232.0,3251.0,2764.0,3929.0,0.64,9.92,-0.23,0.22,-0.22,0.14,y
3543.0,2784.0,3279.0,4095.0,3211.0,3262.0,2765.0,3967.0,0.62,9.6,-0.71,-0.11,-0.11,0.03,y
3519.0,2781.0,3261.0,4095.0,3248.0,3259.0,2783.0,4095.0,-0.45,9.35,-0.19,-0.19,0.06,-0.03,y
3458.0,2726.0,3263.0,4095.0,3238.0,3245.0,2807.0,4095.0,0.86,10.48,-0.04,0.07,0.01,-0.04,y
3473.0,2723.0,3261.0,4095.0,3184.0,3249.0,2816.0,4095.0,-0.1,8.94,-0.12,0.18,-0.29,0.12,y
3479.0,2730.0,3248.0,4095.0,3143.0,3249.0,2809.0,4095.0,0.14,9.98,-0.83,-0.12,0.2,-0.08,y
3479.0,2722.0,3255.0,4095.0,3126.0,3252.0,2800.0,4095.0,0.72,9.86,-0.51,0.17,-0.11,0.03,y
3486.0,2724.0,3266.0,4095.0,3145.0,3255.0,2799.0,4095.0,-0.38,9.02,-0.44,-0.12,0.03,-0.06,y
3500.0,2719.0,3250.0,4095.0,3099.0,3248.0,2774.0,4095.0,0.24,10.04,-0.37,0.15,0.04,0.03,y
3501.0,2725.0,3263.0,4095.0,3092.0,3250.0,2752.0,4095.0,0.24,9.3,-0.53,0.04,-0.04,0.05,y
3514.0,2736.0,3265.0,4095.0,3086.0,3249.0,2711.0,4095.0,-0.02,9.69,-0.95,-0.05,0.09,-0.03,y
3503.0,2726.0,3253.0,4095.0,3089.0,3248.0,2704.0,4095.0,0.29,9.9,-0.57,0.1,-0.03,0.01,y
3509.0,2726.0,3254.0,4095.0,3071.0,3242.0,2723.0,4095.0,-0.01,9.35,-0.46,0.0,-0.1,0.07,y
3500.0,2731.0,3275.0,4095.0,3059.0,3235.0,2726.0,4095.0,0.41,9.79,-0.89,-0.11,0.14,-0.11,y
3569.0,2743.0,3279.0,4095.0,3047.0,3247.0,2726.0,4095.0,0.22,10.12,-0.7,0.11,0.09,0.05,y
3581.0,2745.0,3280.0,4095.0,3089.0,3259.0,2736.0,4095.0,0.13,9.53,-0.9,-0.15,-0.03,-0.08,y
3568.0,2737.0,3279.0,4095.0,3088.0,3258.0,2751.0,4095.0,0.51,9.84,-0.87,-0.02,0.01,0.02,y
3546.0,2746.0,3280.0,4095.0,3118.0,3259.0,2754.0,4095.0,-0.18,9.42,-0.32,-0.07,0.09,-0.07,y
3513.0,2742.0,3282.0,4095.0,3135.0,3254.0,2746.0,4095.0,0.01,10.16,-0.57,-0.08,0.06,-0.03,y
3484.0,2731.0,3275.0,4095.0,3155.0,3255.0,2747.0,4095.0,0.34,9.58,-0.93,-0.12,-0.06,-0.26,y
3440.0,2722.0,3271.0,4095.0,3250.0,3249.0,2756.0,4095.0,-0.79,8.76,-0.21,-0.27,-0.07,-0.13,y
3435.0,2725.0,3267.0,4095.0,3230.0,3250.0,2762.0,4095.0,0.66,10.18,-0.87,-0.07,0.2,-0.04,y
3391.0,2710.0,3255.0,4095.0,3241.0,3255.0,2767.0,4095.0,-0.06,9.4,-0.09,-0.14,-0.21,0.02,y
3251.0,2693.0,3259.0,4095.0,3270.0,3261.0,2782.0,4095.0,0.38,9.82,-0.11,-0.07,-0.08,-0.05,y
3200.0,2713.0,3247.0,4095.0,3279.0,3260.0,2773.0,4095.0,0.29,9.83,-0.43,0.03,-0.09,0.01,y
3104.0,2826.0,3265.0,4095.0,3330.0,3280.0,2758.0,4050.0,-0.01,10.1,0.07,-0.2,-0.05,-0.0,y
3136.0,2836.0,3242.0,4095.0,3335.0,3274.0,2735.0,3783.0,-0.18,10.33,-0.46,0.0,0.0,0.02,y
3152.0,2731.0,3243.0,4095.0,3339.0,3270.0,2767.0,3879.0,-0.29,9.55,-0.23,-0.06,-0.16,-0.03,y
3323.0,2446.0,3239.0,4095.0,3343.0,3236.0,2826.0,3973.0,-0.12,9.52,-0.14,-0.21,0.0,-0.11,y
3363.0,2442.0,3248.0,4095.0,3337.0,3247.0,2843.0,3969.0,0.16,9.96,-0.06,0.06,-0.0,0.02,y
3457.0,2443.0,3239.0,4095.0,3332.0,3246.0,2852.0,3963.0,-0.21,9.77,-0.36,0.07,0.02,0.01,y
3463.0,2443.0,3249.0,4095.0,3325.0,3249.0,2878.0,3968.0,-0.13,9.22,-0.26,-0.02,-0.13,0.04,y
3535.0,2451.0,3243.0,4095.0,3313.0,3248.0,2943.0,3985.0,0.03,9.91,-0.45,-0.19,0.16,-0.14,y
3571.0,2471.0,3255.0,4095.0,3297.0,3254.0,2989.0,3984.0,0.24,9.9,0.05,0.19,-0.21,0.11,y
3607.0,2471.0,3263.0,4095.0,3233.0,3262.0,2992.0,3973.0,-0.11,9.02,-0.14,-0.11,-0.15,-0.05,y
3621.0,2480.0,3264.0,4095.0,3225.0,3263.0,3020.0,3991.0,0.1,9.79,-0.24,-0.09,0.18,-0.03,y
3628.0,2482.0,3262.0,4095.0,3232.0,3267.0,3046.0,4012.0,0.05,9.64,-0.01,0.05,-0.08,0.06,y
3619.0,2483.0,3258.0,4095.0,3210.0,3269.0,3046.0,4003.0,0.23,9.65,-0.15,-0.03,0.09,-0.05,y
3610.0,2491.0,3265.0,4095.0,3187.0,3271.0,3053.0,3996.0,0.33,9.78,-0.4,0.07,-0.06,0.01,y
3634.0,2512.0,3278.0,4095.0,3152.0,3285.0,3071.0,4004.0,-0.15,9.57,-0.5,-0.05,0.07,0.03,y
3647.0,2533.0,3269.0,4095.0,3175.0,3298.0,3083.0,4039.0,-0.2,9.83,-0.05,0.02,0.12,0.02,y
3664.0,2559.0,3274.0,4095.0,3193.0,3301.0,3087.0,4093.0,0.2,9.82,-0.37,0.09,0.01,0.05,y
3655.0,2606.0,3264.0,4095.0,3189.0,3310.0,3021.0,4095.0,0.01,9.41,-0.41,-0.14,0.08,-0.03,y
3639.0,2585.0,3270.0,4095.0,3146.0,3287.0,2942.0,4048.0,0.29,9.94,-0.2,-0.02,0.03,-0.03,y
3643.0,2585.0,3264.0,4095.0,3137.0,3287.0,2873.0,3920.0,0.11,9.32,-0.14,0.1,-0.09,0.01,y
3623.0,2559.0,3246.0,4095.0,3165.0,3287.0,2817.0,3831.0,-0.23,9.47,-0.27,-0.08,0.07,-0.06,y
3630.0,2559.0,3248.0,4095.0,3162.0,3291.0,2819.0,3866.0,0.34,10.3,-0.43,0.07,-0.03,0.06,y
3615.0,2559.0,3234.0,4095.0,3146.0,3289.0,2821.0,3894.0,-0.22,9.17,-0.24,-0.0,-0.07,0.03,y
3618.0,2581.0,3237.0,4095.0,3152.0,3290.0,2782.0,3883.0,0.24,9.8,-0.31,0.0,0.15,-0.01,y
3632.0,2593.0,3229.0,4095.0,3155.0,3291.0,2763.0,3891.0,0.63,9.79,-0.28,0.05,-0.06,0.03,y
3628.0,2606.0,3233.0,4095.0,3175.0,3293.0,2732.0,3899.0,-0.16,9.2,-0.21,-0.07,0.01,-0.03,y
3620.0,2594.0,3223.0,4095.0,3184.0,3296.0,2749.0,3922.0,0.41,10.13,-0.45,0.01,0.08,-0.06,y
3627.0,2594.0,3207.0,4095.0,3189.0,3285.0,2768.0,4017.0,0.38,9.8,-0.38,0.08,-0.16,0.03,y
3617.0,2602.0,3206.0,4095.0,3187.0,3284.0,2799.0,4095.0,-0.35,8.78,-0.36,-0.21,0.02,-0.14,y
3628.0,2601.0,3209.0,4095.0,3197.0,3292.0,2795.0,4095.0,0.5,10.36,-0.59,0.09,0.16,0.02,y
3614.0,2594.0,3205.0,4095.0,3178.0,3289.0,2800.0,4095.0,-0.05,9.05,-0.17,0.01,-0.18,-0.05,y
3614.0,2594.0,3207.0,4095.0,3163.0,3293.0,2819.0,4095.0,0.34,10.07,-0.77,-0.05,0.19,-0.07,y
3614.0,2591.0,3210.0,4095.0,3163.0,3281.0,2818.0,4095.0,0.05,9.68,-0.52,0.06,-0.13,0.04,y
3609.0,2607.0,3200.0,4095.0,3148.0,3292.0,2829.0,4095.0,-0.43,9.63,-0.37,-0.06,-0.0,-0.11,y
3615.0,2608.0,3187.0,4095.0,3162.0,3302.0,2883.0,4095.0,0.17,9.82,-0.55,-0.04,-0.02,-0.01,y
3614.0,2618.0,3198.0,4095.0,3150.0,3301.0,2875.0,4095.0,-0.02,9.57,-0.39,0.1,-0.07,0.04,y
3616.0,2617.0,3199.0,4095.0,3153.0,3299.0,2879.0,4095.0,-0.42,9.18,-0.54,-0.28,0.06,-0.09,y
