hall_1,hall_2,hall_3,flex_t,flex_i,flex_m,flex_r,flex_p,accel_x,accel_y,accel_z,gyro_x,gyro_y,gyro_z,sign
1555.0,3731.0,3221.0,2767.0,3025.0,3254.0,2487.0,4095.0,2.83,8.92,2.08,-0.09,-0.06,0.08,j
1553.0,3738.0,3216.0,2735.0,3021.0,3258.0,2503.0,4095.0,2.83,9.07,2.12,0.1,0.0,0.05,j
1562.0,3730.0,3235.0,2737.0,3035.0,3248.0,2479.0,4095.0,2.94,9.02,1.85,-0.07,-0.12,0.07,j
1552.0,3729.0,3215.0,2746.0,3035.0,3249.0,2491.0,4095.0,3.34,8.82,1.95,0.07,0.01,0.15,j
1533.0,3718.0,3207.0,2736.0,3021.0,3249.0,2480.0,4095.0,3.37,9.06,1.2,-0.19,-0.06,0.11,j
1503.0,3698.0,3191.0,2721.0,3006.0,3234.0,2456.0,4095.0,4.92,8.78,2.13,-0.3,-0.28,0.26,j
1507.0,3673.0,3190.0,2732.0,2993.0,3193.0,2451.0,4095.0,7.34,8.57,1.86,-0.47,0.06,-0.73,j
1459.0,3628.0,3126.0,2870.0,2951.0,3239.0,2382.0,4095.0,6.83,8.03,0.2,-1.2,-0.39,-2.55,j
1722.0,3583.0,3132.0,2795.0,3034.0,3103.0,2387.0,4095.0,8.23,6.09,-1.27,-3.04,-0.76,-6.18,j
1607.0,3559.0,3143.0,2782.0,3033.0,3110.0,2418.0,4095.0,-0.47,0.33,-3.53,-5.65,-0.3,-6.61,j
1594.0,3554.0,3139.0,2903.0,2915.0,3071.0,2393.0,4095.0,-3.9,-3.94,-1.54,-7.73,1.89,-5.11,j
1599.0,3751.0,3114.0,3059.0,2988.0,3062.0,2384.0,4095.0,-10.51,-10.88,-1.64,-8.43,4.32,-3.37,j
1499.0,3959.0,3094.0,2752.0,2948.0,3051.0,2384.0,4095.0,-17.82,-14.88,1.78,-7.67,3.85,-0.61,j
1611.0,4095.0,3104.0,2790.0,3053.0,3082.0,2370.0,4095.0,-29.54,-14.39,3.3,-3.37,0.67,4.98,j
4063.0,4095.0,3082.0,2598.0,2903.0,3028.0,2267.0,4095.0,-21.75,-6.6,2.56,-2.46,2.75,8.05,j
1625.0,4095.0,3129.0,2786.0,3017.0,3139.0,2371.0,4095.0,-10.34,-6.53,3.78,0.16,-3.91,8.73,j
1587.0,4095.0,3138.0,2640.0,2910.0,3170.0,2363.0,4095.0,-2.75,1.46,1.66,1.53,-1.99,7.36,j
1585.0,4021.0,3055.0,2649.0,2922.0,3151.0,2367.0,4095.0,0.04,7.73,-0.15,0.6,-0.96,4.59,j
1510.0,4041.0,3123.0,2649.0,2919.0,3159.0,2357.0,4095.0,5.17,3.83,4.25,-0.38,-1.3,2.4,j
1507.0,4014.0,3118.0,2581.0,2847.0,3152.0,2370.0,4095.0,1.42,5.94,4.49,0.25,-0.27,0.83,j
1494.0,3891.0,3081.0,2886.0,3021.0,3114.0,2401.0,4095.0,3.05,8.59,3.31,-0.07,-0.09,0.03,j
1509.0,3908.0,3088.0,2777.0,3023.0,3107.0,2407.0,4095.0,3.66,8.39,3.46,-0.02,0.01,0.16,j
1515.0,3888.0,3081.0,2806.0,3035.0,3126.0,2416.0,4095.0,3.65,8.34,2.97,-0.05,-0.26,0.09,j
1517.0,3901.0,3088.0,2781.0,3037.0,3130.0,2416.0,4095.0,4.41,8.41,2.38,-0.28,-0.19,-0.14,j
1526.0,3872.0,3098.0,2768.0,3031.0,3121.0,2419.0,4095.0,4.89,8.45,1.82,-0.85,-0.25,-0.84,j
1488.0,3755.0,2961.0,2881.0,3009.0,3083.0,2377.0,4095.0,5.71,8.72,1.99,-1.58,-0.39,-2.29,j
1933.0,3787.0,3024.0,2838.0,3049.0,3143.0,2487.0,4095.0,5.14,6.78,0.21,-4.09,-0.44,-4.3,j
1720.0,3775.0,3183.0,3120.0,3152.0,3740.0,2852.0,4095.0,3.23,2.85,1.4,-5.68,-0.26,-3.92,j
1780.0,4095.0,3101.0,3203.0,3195.0,3146.0,2672.0,4095.0,-3.05,0.05,1.95,-6.91,3.63,-3.2,j
1871.0,4095.0,3089.0,2789.0,2955.0,3115.0,2782.0,4095.0,-6.05,-3.66,2.48,-7.47,3.65,-0.77,j
1688.0,4095.0,3061.0,2789.0,2925.0,3335.0,2799.0,4095.0,-12.83,-8.88,0.58,-8.32,4.59,1.67,j
1502.0,4095.0,3277.0,2863.0,2960.0,3323.0,3137.0,4095.0,-17.64,-11.62,4.26,-6.0,4.07,4.37,j
1380.0,4095.0,3060.0,2809.0,2918.0,3209.0,2476.0,4095.0,-15.11,-5.37,1.14,-3.2,4.02,4.85,j
1361.0,4095.0,3050.0,2743.0,2884.0,3308.0,2544.0,4095.0,-12.33,-1.89,0.05,-2.18,1.7,3.75,j
1968.0,4095.0,3029.0,2826.0,2941.0,3141.0,2498.0,4095.0,-10.93,0.02,0.5,-0.88,1.23,3.44,j
1354.0,4095.0,3017.0,2837.0,2957.0,3161.0,2484.0,4095.0,-8.2,1.6,-1.37,-0.08,-0.45,1.1,j
1343.0,4095.0,3005.0,2843.0,2960.0,3138.0,2479.0,4095.0,-8.63,1.9,-0.77,-0.26,-0.42,0.44,j
1343.0,4095.0,2999.0,2831.0,2970.0,3115.0,2466.0,4095.0,-7.78,2.44,-0.79,0.4,-0.92,-0.42,j
3890.0,4095.0,2979.0,2769.0,2942.0,3105.0,2457.0,4095.0,-9.15,2.65,-0.74,0.06,-0.12,-0.13,j
1338.0,4095.0,2998.0,2758.0,2917.0,3117.0,2473.0,4095.0,-9.06,3.11,-1.52,0.3,-0.35,-0.0,j
1300.0,4095.0,3035.0,2615.0,2863.0,3033.0,2400.0,4095.0,4.22,7.78,3.62,-0.09,0.01,0.1,j
1322.0,4095.0,3056.0,2631.0,2879.0,3053.0,2415.0,4095.0,4.59,7.77,3.45,-0.09,-0.04,0.07,j
1412.0,4095.0,3110.0,2687.0,2927.0,3116.0,2473.0,4095.0,4.81,7.76,3.18,-0.07,-0.0,0.02,j
1456.0,4095.0,3146.0,2714.0,2960.0,3148.0,2505.0,4095.0,5.39,7.76,2.93,-0.22,-0.07,-0.07,j
1488.0,4095.0,3167.0,2717.0,2961.0,3159.0,2513.0,4095.0,7.19,8.19,1.59,-1.02,0.18,-0.83,j
1503.0,4095.0,3171.0,2669.0,2928.0,3134.0,2434.0,4095.0,7.78,7.61,-0.88,-3.31,-0.26,-3.38,j
1862.0,4095.0,3234.0,2914.0,3035.0,3171.0,2582.0,4095.0,5.97,3.3,-2.18,-6.94,1.82,-4.85,j
1777.0,4095.0,3130.0,2783.0,2959.0,3061.0,2484.0,4095.0,-1.22,-1.59,-1.91,-8.73,5.08,-3.32,j
2494.0,4095.0,3107.0,3178.0,3321.0,3100.0,2549.0,4095.0,-8.98,-7.37,-3.71,-8.73,6.18,-1.17,j
1370.0,4095.0,3106.0,2736.0,2977.0,3136.0,2522.0,4095.0,-25.32,-16.11,-0.7,-7.61,5.35,2.82,j
1454.0,4095.0,3090.0,2706.0,2885.0,3141.0,2494.0,4095.0,-24.76,-12.62,7.68,-3.5,0.51,6.77,j
2559.0,4095.0,3039.0,2691.0,2930.0,3166.0,2429.0,4095.0,-13.62,-7.06,8.2,1.4,-0.44,8.73,j
1483.0,4095.0,3051.0,2613.0,2850.0,3233.0,2398.0,4095.0,-0.3,-0.38,-1.31,1.71,-2.6,7.59,j
1490.0,4095.0,3066.0,2703.0,2937.0,3153.0,2415.0,4095.0,0.35,3.45,3.06,0.04,0.92,4.17,j
1486.0,4095.0,3071.0,2719.0,2953.0,3187.0,2436.0,4095.0,-0.56,4.98,7.34,-0.08,-0.14,1.67,j
1477.0,4095.0,3061.0,2711.0,2966.0,3152.0,2423.0,4095.0,-0.41,6.84,3.54,0.47,-0.61,0.29,j
1437.0,4095.0,3038.0,2721.0,2992.0,3143.0,2415.0,4095.0,-3.34,7.1,2.52,0.19,-0.03,-0.63,j
1422.0,4095.0,3043.0,2723.0,2987.0,3142.0,2425.0,4095.0,-6.43,8.06,2.34,0.1,-0.21,-0.41,j
1488.0,4095.0,3083.0,2768.0,3039.0,3187.0,2475.0,4095.0,-4.92,8.33,1.52,0.3,-0.19,-0.1,j
1501.0,4095.0,3090.0,2768.0,3046.0,3207.0,2483.0,4095.0,-4.05,8.17,2.05,0.04,-0.07,-0.27,j
1489.0,3790.0,3197.0,2858.0,3093.0,3377.0,2763.0,4095.0,2.82,7.87,4.58,-0.05,0.07,0.06,j
1448.0,3759.0,3170.0,2841.0,3071.0,3345.0,2737.0,4095.0,2.58,7.73,3.67,-0.05,-0.05,-0.07,j
1454.0,3745.0,3186.0,2853.0,3060.0,3350.0,2739.0,4095.0,2.8,7.77,3.64,-0.37,-0.31,-0.17,j
1424.0,3667.0,3174.0,2820.0,3056.0,3337.0,2711.0,4095.0,4.24,8.34,3.29,-0.63,-0.4,-0.53,j
1378.0,3521.0,3170.0,2711.0,3008.0,3278.0,2666.0,4095.0,7.24,8.99,1.71,-1.88,-1.08,-3.17,j
1535.0,3559.0,3280.0,2811.0,3115.0,3378.0,2736.0,4095.0,4.26,3.96,-1.91,-5.08,-0.38,-5.73,j
2247.0,3534.0,3259.0,2741.0,2938.0,3321.0,2755.0,4095.0,4.06,-1.45,-0.88,-8.73,2.48,-5.13,j
1404.0,2321.0,3115.0,2867.0,2954.0,3107.0,2597.0,4095.0,-10.47,-7.97,-2.75,-8.73,6.21,-0.98,j
4095.0,2160.0,3104.0,2797.0,2817.0,3163.0,2624.0,4095.0,-23.73,-15.17,-1.75,-8.73,5.41,4.5,j
2971.0,2144.0,3039.0,2800.0,2871.0,3171.0,2609.0,4095.0,-26.51,-11.54,5.1,-3.99,3.45,6.72,j
1527.0,2193.0,3056.0,2802.0,2974.0,3245.0,2534.0,4095.0,-13.13,-4.83,6.44,0.6,-0.33,8.17,j
1456.0,2202.0,3047.0,2657.0,2855.0,3217.0,2610.0,4095.0,-2.76,3.44,-2.26,0.43,1.18,5.25,j
1318.0,2197.0,3051.0,2675.0,2861.0,3222.0,2667.0,4095.0,-3.42,4.9,0.59,-0.36,-0.51,1.59,j
1328.0,2193.0,3045.0,2771.0,2963.0,3222.0,2610.0,4095.0,-6.18,4.22,3.35,-0.17,-0.16,0.33,j
1360.0,2197.0,3070.0,2739.0,2946.0,3216.0,2557.0,4095.0,-5.79,5.46,1.26,0.24,-0.53,0.04,j
1343.0,2192.0,3063.0,2763.0,2992.0,3216.0,2772.0,4095.0,-7.97,5.6,0.58,0.21,-0.11,-0.13,j
1345.0,2193.0,3059.0,2763.0,3002.0,3225.0,2551.0,4095.0,-8.13,6.16,-0.05,0.27,-0.12,-0.0,j
1345.0,2195.0,3071.0,2741.0,2997.0,3231.0,2522.0,4095.0,-7.89,6.62,-0.49,0.24,-0.29,0.13,j
1344.0,2194.0,3085.0,2739.0,3007.0,3219.0,2512.0,4095.0,-7.2,6.34,-0.21,0.08,0.01,0.0,j
1335.0,2185.0,3081.0,2674.0,2951.0,3216.0,2517.0,4095.0,-6.75,6.1,-0.24,0.12,0.02,-0.21,j
1504.0,2352.0,3344.0,2736.0,3031.0,3354.0,2637.0,4095.0,5.1,6.79,4.74,0.0,-0.09,0.01,j
1477.0,2332.0,3317.0,2715.0,3008.0,3344.0,2619.0,4095.0,4.82,6.73,4.42,-0.11,-0.06,-0.03,j
1450.0,2299.0,3312.0,2710.0,2990.0,3318.0,2606.0,4095.0,5.01,6.73,4.49,0.0,0.18,0.01,j
1393.0,2277.0,3280.0,2670.0,2968.0,3290.0,2559.0,4095.0,6.39,6.72,4.43,-0.14,0.15,-0.12,j
1400.0,2275.0,3289.0,2641.0,2932.0,3268.0,2589.0,4095.0,10.21,7.86,2.7,-0.77,0.18,-1.88,j
1429.0,2305.0,3297.0,2659.0,2928.0,3279.0,2656.0,4095.0,10.09,5.13,-2.24,-3.72,0.17,-4.78,j
2047.0,2275.0,3271.0,2639.0,2927.0,3239.0,2637.0,4095.0,2.98,-0.62,-7.75,-8.18,3.95,-5.32,j
1488.0,2243.0,3234.0,2757.0,2945.0,3211.0,2677.0,4095.0,-8.64,-7.03,-7.98,-8.73,8.31,-1.78,j
1309.0,2129.0,3181.0,2848.0,2907.0,3143.0,2609.0,4095.0,-29.77,-16.15,-1.65,-8.73,6.62,3.5,j
1519.0,2147.0,3139.0,2944.0,2907.0,3193.0,2595.0,4095.0,-29.08,-12.87,6.1,-4.43,1.52,6.12,j
1274.0,2135.0,3115.0,2959.0,2951.0,3251.0,2589.0,4095.0,-12.39,-7.14,6.67,-1.13,0.69,8.65,j
1263.0,2125.0,3119.0,2864.0,2916.0,3386.0,2579.0,4095.0,-0.6,0.36,1.79,-0.11,-1.14,4.05,j
1303.0,2103.0,3110.0,2855.0,2919.0,3361.0,2559.0,4095.0,-5.07,1.93,3.08,-0.22,0.51,1.36,j
1296.0,2103.0,3093.0,2715.0,2797.0,3387.0,2543.0,4095.0,-7.82,2.32,3.3,0.26,-0.87,0.13,j
1296.0,2110.0,3091.0,2838.0,2942.0,3407.0,2548.0,4095.0,-8.74,4.22,0.92,0.5,-0.36,0.39,j
1328.0,2110.0,3106.0,2883.0,2983.0,3451.0,2581.0,4095.0,-7.78,4.79,1.2,0.13,0.13,0.24,j
1316.0,2110.0,3099.0,2831.0,2947.0,3504.0,2559.0,4095.0,-7.53,4.92,1.64,0.18,-0.2,0.09,j
1318.0,2097.0,3099.0,2864.0,2997.0,3500.0,2547.0,4095.0,-7.75,5.18,1.35,0.23,0.06,-0.03,j
1328.0,2096.0,3091.0,2890.0,3035.0,3495.0,2544.0,4095.0,-8.02,5.37,1.17,0.09,-0.1,-0.06,j
1314.0,2087.0,3091.0,2830.0,2969.0,3490.0,2537.0,4095.0,-7.94,5.28,1.46,-0.06,-0.1,-0.08,j
1350.0,2134.0,3133.0,2719.0,2945.0,3156.0,2515.0,4095.0,4.47,7.07,4.74,-0.02,-0.05,-0.0,j
1351.0,2131.0,3145.0,2736.0,2955.0,3165.0,2524.0,4095.0,3.93,6.77,4.67,0.02,-0.08,0.09,j
1350.0,2135.0,3132.0,2725.0,2939.0,3172.0,2526.0,4095.0,4.72,6.94,4.24,0.05,-0.37,0.11,j
1347.0,2137.0,3133.0,2721.0,2947.0,3151.0,2523.0,4095.0,5.95,6.82,3.62,-0.21,-0.19,-0.09,j
1328.0,2129.0,3122.0,2650.0,2899.0,3133.0,2493.0,4095.0,9.16,7.78,1.74,-0.9,0.45,-0.98,j
1350.0,2160.0,3131.0,2559.0,2853.0,3146.0,2495.0,4095.0,12.29,6.72,-2.11,-3.55,1.19,-4.57,j
1309.0,2178.0,3146.0,2559.0,2858.0,3122.0,2500.0,4095.0,2.88,-0.2,-7.0,-8.13,3.48,-6.13,j
1210.0,2122.0,3091.0,2615.0,2821.0,3049.0,2484.0,4095.0,-5.49,-8.45,-7.18,-8.73,5.04,-4.1,j
1283.0,2150.0,3135.0,2797.0,2832.0,3055.0,2556.0,4095.0,-16.84,-16.94,-6.6,-8.73,4.96,-0.78,j
2218.0,2164.0,3120.0,2890.0,2865.0,3067.0,2559.0,4095.0,-23.89,-17.96,2.92,-6.61,2.67,3.29,j
1691.0,2224.0,3123.0,2925.0,2924.0,3141.0,2539.0,4095.0,-23.44,-13.8,4.73,-1.94,-0.73,6.13,j
4095.0,2218.0,3108.0,2730.0,2877.0,3152.0,2619.0,4095.0,-14.29,-7.34,2.77,0.85,-1.04,8.18,j
1488.0,2240.0,3112.0,2739.0,2919.0,3219.0,2499.0,4095.0,-6.48,-3.19,1.02,1.1,-0.86,6.68,j
1425.0,2253.0,3117.0,2777.0,2967.0,3351.0,2511.0,4095.0,-3.84,0.48,2.83,0.19,-1.4,3.5,j
1513.0,2261.0,3127.0,2805.0,3006.0,3280.0,2526.0,4095.0,-3.91,2.79,5.03,0.7,-0.36,1.94,j
1458.0,2266.0,3127.0,2831.0,3034.0,3203.0,2523.0,4095.0,-3.91,4.96,2.99,0.61,-0.19,0.9,j
1456.0,2271.0,3127.0,2778.0,2967.0,3209.0,2526.0,4095.0,-6.23,6.13,2.24,0.32,-0.22,0.16,j
1421.0,2268.0,3121.0,2802.0,3021.0,3201.0,2527.0,4095.0,-6.03,6.68,2.42,0.16,0.14,-0.08,j
1420.0,2257.0,3123.0,2752.0,2962.0,3203.0,2531.0,4095.0,-6.17,6.9,2.0,0.18,-0.19,-0.16,j
1421.0,2271.0,3122.0,2765.0,2988.0,3204.0,2539.0,4095.0,-6.71,6.72,2.2,-0.01,0.07,-0.18,j
1222.0,2269.0,3161.0,2651.0,2820.0,3168.0,2543.0,4095.0,4.05,7.38,4.37,0.07,0.7,0.13,j
1150.0,2243.0,3051.0,2629.0,2785.0,3184.0,2530.0,4095.0,3.95,7.81,4.01,0.0,0.25,-0.02,j
1133.0,2240.0,3152.0,2627.0,2795.0,3159.0,2519.0,4095.0,3.83,7.12,4.91,-0.07,0.03,-0.01,j
1156.0,2254.0,3163.0,2639.0,2803.0,3168.0,2535.0,4095.0,4.33,7.83,4.46,0.13,0.1,0.1,j
1152.0,2251.0,3147.0,2633.0,2801.0,3150.0,2531.0,4095.0,4.53,7.15,4.36,-0.2,-0.25,-0.22,j
1149.0,2253.0,3143.0,2627.0,2791.0,3151.0,2533.0,4095.0,5.19,6.37,3.78,-0.18,-0.22,-0.25,j
1141.0,2256.0,3119.0,2608.0,2768.0,3141.0,2533.0,4095.0,7.13,6.83,1.99,-0.9,0.14,-1.14,j
1160.0,2285.0,3143.0,2814.0,2763.0,3142.0,2518.0,4095.0,8.65,5.64,-0.09,-2.67,0.36,-4.41,j
1386.0,2289.0,3153.0,2512.0,2800.0,3157.0,2515.0,4095.0,-0.22,1.52,-1.87,-5.43,2.17,-5.39,j
1210.0,2297.0,3124.0,2554.0,2801.0,3120.0,2541.0,4095.0,-3.36,-1.27,1.37,-7.23,3.88,-3.89,j
1258.0,2291.0,3150.0,2641.0,2823.0,3120.0,2649.0,4095.0,-13.16,-6.82,3.84,-6.3,4.16,-1.46,j
4095.0,2262.0,3120.0,2702.0,2834.0,3071.0,2834.0,4095.0,-13.35,-6.49,6.34,-4.91,3.16,0.29,j
3813.0,2327.0,3169.0,2771.0,2878.0,3147.0,2606.0,4095.0,-13.09,-5.76,3.51,-4.15,3.74,1.96,j
3472.0,2343.0,3183.0,2790.0,2897.0,3157.0,2606.0,4095.0,-17.07,-5.54,1.45,-3.81,3.03,3.55,j
2277.0,2361.0,3171.0,2891.0,2996.0,3196.0,2656.0,4095.0,-17.67,-4.96,1.61,-2.21,1.14,3.84,j
4095.0,2363.0,3151.0,2814.0,2922.0,3200.0,3005.0,4095.0,-13.93,-2.3,0.73,-1.26,0.26,4.83,j
2685.0,2352.0,3152.0,2765.0,2897.0,3216.0,2614.0,4095.0,-10.66,0.4,0.49,-0.49,-0.5,4.81,j
1728.0,2352.0,3150.0,2734.0,2879.0,3219.0,2551.0,4095.0,-6.88,2.95,0.45,-0.0,-0.87,3.76,j
1395.0,2358.0,3140.0,2736.0,2899.0,3214.0,2549.0,4095.0,-3.29,4.01,2.5,-0.1,-1.12,2.03,j
1424.0,2353.0,3142.0,2742.0,2902.0,3216.0,2544.0,4095.0,-3.6,4.71,2.86,0.11,-0.98,0.67,j
1246.0,2321.0,3135.0,2852.0,2960.0,3175.0,2525.0,4095.0,3.9,7.58,4.18,-0.04,-0.04,-0.02,j
1236.0,2305.0,3120.0,2865.0,2954.0,3163.0,2519.0,4095.0,4.08,7.54,4.34,-0.07,-0.03,0.02,j
1238.0,2319.0,3134.0,2880.0,2953.0,3169.0,2525.0,4095.0,4.33,7.52,4.21,-0.08,-0.01,0.02,j
1239.0,2315.0,3125.0,2877.0,2959.0,3167.0,2523.0,4095.0,4.33,7.47,3.98,-0.08,-0.03,-0.05,j
1239.0,2323.0,3135.0,2880.0,2965.0,3164.0,2529.0,4095.0,4.55,7.62,3.54,-0.52,-0.12,-0.22,j
1235.0,2320.0,3138.0,2841.0,2935.0,3150.0,2523.0,4095.0,4.7,7.3,4.28,-0.77,-0.15,-0.47,j
1237.0,2320.0,3137.0,2797.0,2915.0,3132.0,2498.0,4095.0,6.54,8.99,4.07,-1.36,-0.29,-1.81,j
1287.0,2289.0,3083.0,2608.0,2935.0,3069.0,2447.0,4095.0,6.9,7.37,2.12,-3.66,-0.25,-4.69,j
1511.0,2301.0,3065.0,2608.0,2896.0,3071.0,2510.0,4095.0,0.92,3.32,0.99,-7.1,4.95,-3.86,j
1617.0,2423.0,3120.0,2788.0,2960.0,3163.0,2727.0,4095.0,-10.16,-0.73,-0.28,-8.73,8.73,1.41,j
1408.0,2480.0,3122.0,2897.0,3032.0,3219.0,3425.0,4095.0,-19.39,-8.69,6.93,-6.8,7.02,8.73,j
1393.0,2508.0,3107.0,2690.0,2949.0,3253.0,2645.0,4095.0,-12.94,-3.73,13.32,-0.82,3.27,8.73,j
1461.0,2529.0,3143.0,2587.0,2911.0,3295.0,2653.0,4095.0,4.04,5.11,0.91,2.45,-0.7,3.42,j
1764.0,2559.0,3184.0,2704.0,3038.0,3328.0,2695.0,4095.0,-4.92,7.2,0.84,0.22,-0.52,-0.41,j
1215.0,2743.0,3351.0,2542.0,2847.0,3491.0,2864.0,4095.0,-8.43,5.64,3.32,0.32,-0.23,-0.13,j
1348.0,2515.0,3143.0,2593.0,2883.0,3296.0,2658.0,4095.0,-5.97,7.03,2.27,0.2,-0.35,0.01,j
1347.0,2485.0,3133.0,2591.0,2865.0,3275.0,2624.0,4095.0,-6.99,6.64,2.95,0.17,-0.12,0.05,j
1342.0,2464.0,3115.0,2617.0,2884.0,3257.0,2608.0,4095.0,-5.97,6.75,1.94,0.17,-0.06,0.27,j
1274.0,2554.0,3182.0,2581.0,2851.0,3330.0,2694.0,4095.0,-5.43,6.7,1.94,0.06,-0.2,0.13,j
1264.0,2484.0,3127.0,2608.0,2880.0,3280.0,2634.0,4095.0,-5.96,6.66,2.27,0.0,-0.04,-0.0,j
1600.0,2533.0,3232.0,2877.0,3088.0,3282.0,2559.0,4095.0,4.3,7.49,3.35,-0.11,-0.05,0.04,j
1605.0,2539.0,3237.0,2882.0,3092.0,3280.0,2583.0,4095.0,4.89,7.13,3.9,-0.12,-0.04,0.1,j
1598.0,2537.0,3233.0,2882.0,3093.0,3280.0,2587.0,4095.0,5.32,7.2,3.2,-0.11,-0.04,0.04,j
1485.0,2459.0,3162.0,2811.0,3015.0,3216.0,2511.0,4095.0,7.37,6.83,1.89,-0.04,0.1,-0.18,j
1403.0,2350.0,3037.0,2910.0,2880.0,3069.0,2422.0,4095.0,7.64,6.51,0.12,-0.8,0.6,-0.73,j
1415.0,2384.0,3047.0,2622.0,2881.0,3063.0,2295.0,4095.0,7.9,6.51,1.32,-2.6,0.33,-2.94,j
1392.0,2373.0,3042.0,2705.0,2832.0,3059.0,2443.0,4095.0,5.46,3.29,1.98,-4.75,1.31,-4.94,j
1360.0,2366.0,3047.0,2655.0,2890.0,3049.0,2474.0,4095.0,-0.67,-1.82,2.56,-6.5,1.91,-4.53,j
1424.0,2384.0,3060.0,2695.0,2921.0,3060.0,2535.0,4095.0,-4.29,-4.52,2.01,-6.18,3.19,-2.82,j
1935.0,2383.0,3063.0,2629.0,2833.0,3047.0,2528.0,4095.0,-7.76,-7.8,1.86,-6.82,3.67,-1.87,j
1475.0,2357.0,3055.0,2623.0,2802.0,3037.0,2539.0,4095.0,-11.98,-10.02,2.11,-6.1,3.26,0.41,j
1245.0,2367.0,3058.0,2595.0,2773.0,3039.0,2529.0,4095.0,-16.26,-10.93,2.02,-4.64,2.6,2.37,j
1715.0,2373.0,3053.0,2549.0,2719.0,3056.0,2527.0,4095.0,-16.34,-9.87,3.71,-3.57,1.89,4.08,j
4095.0,2384.0,3041.0,2689.0,2870.0,3090.0,2531.0,4095.0,-17.87,-7.77,1.29,-1.88,0.44,5.24,j
4095.0,2399.0,3066.0,2704.0,2911.0,3145.0,2554.0,4095.0,-13.95,-5.04,0.74,-0.68,-0.22,6.56,j
1511.0,2405.0,3059.0,2656.0,2865.0,3159.0,2550.0,4095.0,-11.75,-1.96,0.74,-0.15,-1.35,5.86,j
1261.0,2415.0,3085.0,2642.0,2864.0,3189.0,2529.0,4095.0,-5.4,0.03,2.62,0.28,-1.7,4.81,j
1293.0,2416.0,3088.0,2626.0,2851.0,3169.0,2528.0,4095.0,-2.02,3.59,2.3,0.52,-1.44,2.54,j
1312.0,2430.0,3061.0,2672.0,2902.0,3162.0,2544.0,4095.0,-1.95,5.55,1.82,0.21,-0.62,1.2,j
1310.0,2418.0,3071.0,2631.0,2865.0,3175.0,2528.0,4095.0,-3.02,6.88,1.74,0.01,-0.26,0.2,j
1424.0,2406.0,3091.0,2737.0,2983.0,3152.0,2527.0,4095.0,4.49,7.23,4.88,-0.21,-0.11,0.02,j
1420.0,2401.0,3087.0,2731.0,2989.0,3146.0,2508.0,4095.0,4.24,7.23,4.75,-0.07,0.13,-0.02,j
1414.0,2399.0,3087.0,2743.0,2992.0,3138.0,2518.0,4095.0,4.88,7.32,4.26,-0.18,0.1,-0.07,j
1418.0,2397.0,3081.0,2757.0,2999.0,3139.0,2538.0,4095.0,6.11,8.06,4.25,-0.52,0.32,-0.91,j
1455.0,2391.0,3058.0,2688.0,2983.0,3091.0,2425.0,4095.0,5.02,7.55,3.0,-1.85,-0.02,-2.95,j
1434.0,2403.0,2905.0,2676.0,2964.0,3070.0,2471.0,4095.0,4.78,6.37,2.35,-3.89,0.64,-3.49,j
4095.0,2417.0,3054.0,2667.0,2919.0,3117.0,2510.0,4095.0,0.53,4.06,-0.1,-6.96,6.09,-2.24,j
1601.0,2589.0,3195.0,2923.0,3057.0,3262.0,2685.0,4095.0,-8.63,-1.68,0.92,-8.66,7.31,0.64,j
1754.0,2607.0,3184.0,3047.0,3222.0,3269.0,2720.0,4095.0,-23.83,-8.66,3.6,-6.77,6.94,7.2,j
1454.0,2489.0,3071.0,2637.0,2830.0,3266.0,2769.0,4095.0,-14.44,-1.59,7.43,-1.9,3.86,5.2,j
4095.0,2422.0,2986.0,2625.0,2855.0,3102.0,2591.0,4095.0,-5.14,1.2,5.14,0.84,0.22,2.39,j
4095.0,2433.0,2999.0,2465.0,2705.0,3120.0,2522.0,4095.0,-7.35,4.18,2.6,0.24,0.49,1.38,j
1217.0,2434.0,2976.0,2518.0,2736.0,3104.0,2514.0,4095.0,-7.21,3.8,3.47,0.69,-0.29,0.29,j
4095.0,2435.0,2992.0,2634.0,2874.0,3121.0,2514.0,4095.0,-8.27,4.13,2.52,0.33,-0.13,0.18,j
1264.0,2441.0,2997.0,2535.0,2755.0,3114.0,2517.0,4095.0,-7.68,4.49,2.63,0.11,-0.25,-0.03,j
1203.0,2449.0,2992.0,2540.0,2753.0,3111.0,2513.0,4095.0,-8.17,4.12,3.19,-0.01,0.05,-0.04,j
1213.0,2432.0,2989.0,2594.0,2811.0,3111.0,2512.0,4095.0,-8.38,4.32,2.46,0.09,-0.01,0.09,j
1287.0,2447.0,2994.0,2592.0,2817.0,3114.0,2515.0,4095.0,-8.23,4.32,2.86,-0.04,0.01,0.2,j
1322.0,2437.0,2991.0,2608.0,2832.0,3108.0,2511.0,4095.0,-7.81,4.72,2.45,0.01,0.0,0.27,j
1387.0,2433.0,2989.0,2595.0,2815.0,3101.0,2517.0,4095.0,-7.69,4.5,2.99,-0.04,-0.04,0.09,j
1211.0,2382.0,2928.0,2899.0,2850.0,3083.0,2301.0,4095.0,4.71,7.58,3.71,-0.16,-0.01,-0.06,j
1189.0,2368.0,2992.0,2887.0,2833.0,3071.0,2279.0,4095.0,4.56,7.27,4.04,-0.06,0.25,-0.05,j
1215.0,2389.0,3013.0,2903.0,2855.0,3091.0,2308.0,4095.0,4.52,7.59,3.55,-0.25,0.13,0.0,j
1207.0,2400.0,3012.0,2858.0,2811.0,3090.0,2189.0,4095.0,5.46,8.01,3.57,-0.67,0.13,-0.2,j
1206.0,2387.0,2930.0,2582.0,2808.0,3071.0,2356.0,4095.0,6.45,8.22,2.96,-1.78,-0.2,-1.77,j
1243.0,2336.0,2933.0,2491.0,2768.0,3023.0,2559.0,4095.0,8.07,7.32,2.63,-4.02,0.84,-3.9,j
1296.0,2511.0,3094.0,2669.0,2871.0,3179.0,2582.0,4095.0,1.31,1.73,3.73,-6.35,3.85,-3.9,j
1644.0,2559.0,3143.0,2869.0,2960.0,3234.0,2671.0,4095.0,-0.17,1.29,9.2,-4.12,3.57,-0.81,j
1287.0,2554.0,3104.0,2847.0,2957.0,3194.0,2639.0,4095.0,-5.12,-0.04,3.55,-4.28,4.21,0.42,j
1115.0,2527.0,3030.0,2713.0,2800.0,3135.0,2559.0,4095.0,-11.93,-3.72,5.48,-4.54,4.72,2.3,j
1814.0,2539.0,3034.0,2761.0,2864.0,3150.0,2550.0,4095.0,-13.11,-4.56,6.7,-3.13,3.09,4.97,j
4095.0,2559.0,3056.0,2754.0,2878.0,3187.0,2593.0,4095.0,-8.72,-1.88,8.43,-0.74,2.63,5.32,j
4075.0,2489.0,2991.0,2665.0,2863.0,3153.0,2508.0,4095.0,-8.72,0.82,5.29,1.34,1.02,5.21,j
1149.0,2448.0,2934.0,2491.0,2704.0,3113.0,2462.0,4095.0,-7.23,4.82,2.6,1.38,1.6,4.47,j
1154.0,2491.0,2970.0,2545.0,2781.0,3141.0,2480.0,4095.0,-4.58,7.1,0.46,0.68,0.41,2.41,j
1136.0,2502.0,2992.0,2558.0,2801.0,3174.0,2496.0,4095.0,-4.8,7.72,1.64,0.32,-0.45,0.98,j
1136.0,2496.0,2983.0,2587.0,2829.0,3166.0,2485.0,4095.0,-4.5,7.62,1.94,0.21,0.05,0.52,j
1136.0,2507.0,2988.0,2587.0,2832.0,3164.0,2488.0,4095.0,-4.84,7.97,1.51,-0.07,0.0,0.0,j
1124.0,2493.0,2975.0,2559.0,2819.0,3149.0,2478.0,4095.0,-4.88,7.83,1.79,0.05,-0.33,-0.13,j
1115.0,2490.0,2978.0,2581.0,2832.0,3140.0,2464.0,4095.0,-5.72,7.69,1.42,-0.05,0.03,-0.09,j
1045.0,2434.0,2975.0,2666.0,2851.0,3095.0,2320.0,4095.0,4.35,8.02,3.27,0.07,0.03,0.0,j
1045.0,2434.0,2975.0,2666.0,2851.0,3095.0,2320.0,4095.0,4.35,8.02,3.27,0.07,0.03,0.0,j
1045.0,2435.0,2974.0,2663.0,2842.0,3095.0,2355.0,4095.0,4.98,8.05,3.02,-0.07,-0.18,-0.16,j
1040.0,2437.0,2970.0,2647.0,2831.0,3095.0,2384.0,4095.0,4.59,7.82,2.83,-0.13,-0.03,-0.27,j
1037.0,2441.0,2982.0,2640.0,2832.0,3099.0,2383.0,4095.0,6.32,8.64,2.29,-0.9,0.25,-1.04,j
1037.0,2423.0,2957.0,2579.0,2832.0,3071.0,2385.0,4095.0,3.71,7.86,-0.05,-3.02,1.4,-3.26,j
1040.0,2415.0,2960.0,2559.0,2818.0,3059.0,2521.0,4095.0,2.15,6.37,2.15,-4.48,1.44,-3.82,j
1273.0,2431.0,2975.0,2672.0,2826.0,3053.0,2799.0,4095.0,-0.32,2.7,5.99,-5.56,2.51,-2.84,j
2640.0,2407.0,2930.0,2794.0,2832.0,2986.0,2704.0,4095.0,-4.18,0.38,7.26,-4.97,2.36,-1.32,j
2047.0,2591.0,3080.0,2839.0,2837.0,3157.0,3195.0,4095.0,-5.18,-0.24,7.06,-3.89,2.74,0.12,j
1291.0,2514.0,2987.0,2864.0,2860.0,3063.0,2499.0,4095.0,-9.67,-1.58,4.82,-4.24,4.95,2.86,j
1277.0,2513.0,2992.0,2743.0,2787.0,3069.0,2605.0,4095.0,-12.94,-3.19,5.12,-3.75,3.62,4.9,j
1711.0,2483.0,2966.0,2785.0,2835.0,3088.0,2451.0,4095.0,-11.44,-1.35,7.85,-0.71,3.34,4.92,j
1775.0,2487.0,2960.0,2841.0,2979.0,3088.0,2450.0,4095.0,-12.21,1.25,3.91,0.37,2.57,5.52,j
4095.0,2497.0,2970.0,2762.0,2931.0,3102.0,2417.0,4095.0,-8.28,4.24,2.26,0.84,1.65,4.25,j
1357.0,2493.0,2961.0,2758.0,2955.0,3102.0,2423.0,4095.0,-4.56,6.1,-0.11,0.48,0.13,2.43,j
1302.0,2490.0,2963.0,2753.0,2938.0,3110.0,2431.0,4095.0,-5.03,6.79,1.58,0.3,0.4,1.45,j
1297.0,2489.0,2960.0,2733.0,2928.0,3099.0,2457.0,4095.0,-3.81,7.58,1.54,0.25,-0.04,0.51,j
1289.0,2486.0,2961.0,2741.0,2938.0,3107.0,2436.0,4095.0,-5.64,8.09,0.89,0.35,-0.03,0.3,j
1285.0,2481.0,2960.0,2742.0,2933.0,3095.0,2431.0,4095.0,-6.1,7.82,0.32,0.18,0.08,0.14,j
1297.0,2498.0,2986.0,2746.0,2881.0,3083.0,2446.0,4095.0,2.22,8.65,4.61,0.09,-0.51,0.05,j
1323.0,2516.0,3009.0,2765.0,2909.0,3103.0,2469.0,4095.0,2.96,8.43,3.79,0.05,-0.32,0.14,j
1303.0,2518.0,2999.0,2768.0,2899.0,3099.0,2458.0,4095.0,3.52,8.29,3.82,-0.01,0.06,-0.05,j
1309.0,2507.0,3001.0,2763.0,2907.0,3100.0,2455.0,4095.0,3.24,7.91,3.6,-0.14,0.25,-0.26,j
1296.0,2515.0,2995.0,2746.0,2903.0,3084.0,2459.0,4095.0,3.47,8.7,3.47,-0.58,0.44,-0.78,j
1489.0,2490.0,2975.0,2810.0,2981.0,3056.0,2609.0,4095.0,3.88,8.55,2.86,-1.54,0.38,-2.51,j
1563.0,2494.0,2964.0,2433.0,2654.0,3042.0,2406.0,4095.0,1.56,6.52,2.52,-3.43,0.89,-3.98,j
1202.0,2559.0,3039.0,2679.0,2832.0,3079.0,2771.0,4095.0,1.02,3.59,4.53,-4.83,1.66,-4.0,j
1595.0,2643.0,3101.0,2992.0,3088.0,3168.0,2858.0,4095.0,-5.67,0.34,5.77,-4.79,4.61,-1.66,j
1588.0,2637.0,3065.0,2944.0,3024.0,3148.0,2598.0,4095.0,-6.46,0.7,5.13,-3.37,3.75,-0.08,j
1529.0,2638.0,3070.0,2800.0,2928.0,3140.0,2596.0,4095.0,-12.39,-0.26,1.42,-3.98,4.9,1.93,j
1280.0,2625.0,3057.0,2638.0,2768.0,3139.0,2559.0,4095.0,-15.39,-0.82,2.39,-3.88,4.6,4.31,j
2082.0,2621.0,3056.0,2650.0,2832.0,3167.0,2547.0,4095.0,-11.8,1.35,4.92,-1.8,3.01,5.25,j
2651.0,2620.0,3063.0,2707.0,2922.0,3186.0,2559.0,4095.0,-9.83,3.56,2.91,-0.73,1.96,5.71,j
1535.0,2617.0,3067.0,2663.0,2882.0,3201.0,2559.0,4095.0,-7.73,5.92,1.38,0.49,1.85,3.83,j
1374.0,2611.0,3049.0,2677.0,2922.0,3197.0,2542.0,4095.0,-3.73,7.42,-1.01,0.07,1.1,2.11,j
1368.0,2605.0,3056.0,2682.0,2937.0,3212.0,2536.0,4095.0,-4.36,7.95,-0.71,-0.0,0.01,0.86,j
1369.0,2602.0,3047.0,2690.0,2935.0,3184.0,2539.0,4095.0,-4.52,7.94,0.18,-0.04,0.21,0.18,j
1366.0,2610.0,3053.0,2679.0,2919.0,3186.0,2537.0,4095.0,-4.98,8.05,0.07,-0.03,-0.09,-0.0,j
1370.0,2610.0,3046.0,2679.0,2924.0,3187.0,2532.0,4095.0,-5.36,8.36,-0.97,0.05,0.08,0.09,j
1268.0,2513.0,2977.0,2800.0,2923.0,3093.0,2423.0,4095.0,3.61,8.45,2.81,-0.05,-0.04,0.04,j
1269.0,2517.0,2992.0,2736.0,2919.0,3088.0,2422.0,4095.0,4.17,8.49,2.57,-0.08,-0.26,0.05,j
1281.0,2528.0,2995.0,2746.0,2926.0,3099.0,2442.0,4095.0,3.14,8.2,2.43,-0.2,-0.02,-0.02,j
1263.0,2525.0,2989.0,2724.0,2917.0,3091.0,2438.0,4095.0,4.07,8.17,2.48,-0.37,-0.17,-0.06,j
1277.0,2521.0,2999.0,2709.0,2921.0,3091.0,2436.0,4095.0,5.24,8.41,1.77,-0.84,0.3,-0.8,j
1299.0,2548.0,3009.0,2672.0,2893.0,3098.0,2469.0,4095.0,4.73,7.81,1.47,-1.77,0.09,-2.35,j
1285.0,2525.0,3001.0,2654.0,2885.0,3086.0,2457.0,4095.0,3.13,6.57,2.06,-3.03,0.42,-3.18,j
1315.0,2526.0,2995.0,2669.0,2875.0,3079.0,2477.0,4095.0,-0.18,4.5,2.92,-3.74,2.4,-3.26,j
1371.0,2558.0,3029.0,2736.0,2898.0,3069.0,2512.0,4095.0,-1.75,3.48,5.27,-4.24,1.57,-3.33,j
1416.0,2624.0,3063.0,2814.0,2928.0,3120.0,2559.0,4095.0,-5.89,0.35,6.02,-4.3,3.35,-1.88,j
1413.0,2669.0,3137.0,2928.0,3012.0,3205.0,2616.0,4095.0,-7.52,-0.59,5.85,-3.57,3.44,-0.67,j
1285.0,2590.0,3024.0,2816.0,2903.0,3109.0,2535.0,4095.0,-9.68,-0.95,3.38,-3.99,5.5,0.85,j
1238.0,2555.0,3007.0,2766.0,2869.0,3071.0,2480.0,4095.0,-15.68,-2.01,-0.53,-4.63,5.78,3.58,j
1523.0,2625.0,3057.0,2889.0,2981.0,3132.0,2731.0,4095.0,-17.12,-0.49,1.9,-2.91,2.95,3.98,j
1535.0,2535.0,2990.0,2873.0,2994.0,3085.0,2459.0,4095.0,-13.54,1.83,2.53,-1.65,2.82,4.23,j
2098.0,2518.0,2981.0,2814.0,2971.0,3094.0,2448.0,4095.0,-9.2,4.58,-0.59,-0.65,1.46,4.13,j
1691.0,2528.0,2975.0,2768.0,2944.0,3114.0,2507.0,4095.0,-6.94,5.94,-1.1,-0.56,1.07,3.35,j
1626.0,2537.0,2971.0,2768.0,2962.0,3116.0,2515.0,4095.0,-4.87,6.86,-1.43,-0.47,0.63,2.02,j
1572.0,2521.0,2984.0,2771.0,2967.0,3125.0,2513.0,4095.0,-4.96,7.07,-0.67,-0.52,-0.04,0.91,j
1618.0,2538.0,2985.0,2767.0,2961.0,3125.0,2515.0,4095.0,-4.19,6.76,0.23,-0.2,-0.17,0.44,j
1687.0,2672.0,3134.0,3008.0,3139.0,3292.0,2753.0,4095.0,3.04,7.75,4.42,0.1,-0.09,0.15,j
1722.0,2679.0,3163.0,3030.0,3162.0,3289.0,2775.0,4095.0,2.89,7.71,4.53,-0.04,0.05,0.11,j
1712.0,2674.0,3150.0,3024.0,3149.0,3278.0,2765.0,4095.0,2.94,7.68,4.79,-0.22,-0.01,-0.07,j
1702.0,2669.0,3139.0,3011.0,3136.0,3274.0,2746.0,4095.0,2.94,7.59,5.08,-0.17,0.09,-0.02,j
1663.0,2659.0,3135.0,2997.0,3137.0,3249.0,2737.0,4095.0,2.79,7.49,5.08,-0.23,0.27,-0.02,j
1663.0,2625.0,3117.0,3001.0,3130.0,3230.0,2717.0,4095.0,2.45,7.6,4.73,-0.42,0.08,-0.19,j
1669.0,2640.0,3120.0,2987.0,3127.0,3227.0,2730.0,4095.0,3.33,7.47,4.47,-0.84,-0.37,-0.49,j
1623.0,2599.0,3091.0,2893.0,3071.0,3134.0,2672.0,4095.0,5.46,8.73,3.18,-1.95,-0.61,-2.35,j
1643.0,2559.0,3057.0,2978.0,3051.0,3098.0,2546.0,4095.0,5.52,5.11,3.22,-5.33,-1.14,-4.05,j
2336.0,2608.0,3049.0,3254.0,3121.0,3149.0,2629.0,4095.0,-2.83,-0.82,4.72,-6.96,2.82,-2.3,j
1574.0,2630.0,3026.0,3362.0,3134.0,3139.0,2663.0,4095.0,-7.2,-1.6,5.73,-6.65,5.14,2.45,j
1584.0,2671.0,2992.0,3189.0,3081.0,3159.0,2794.0,4095.0,-19.63,-9.7,6.04,-6.46,7.67,8.73,j
1299.0,2747.0,3088.0,2784.0,2807.0,3283.0,2665.0,4095.0,-15.46,-5.04,11.59,-0.24,4.88,8.73,j
1378.0,2640.0,2990.0,2647.0,2891.0,3204.0,2549.0,4095.0,-6.31,2.36,5.56,2.9,1.35,5.83,j
1301.0,2713.0,3088.0,2579.0,2804.0,3290.0,2608.0,4095.0,-1.78,7.06,-0.49,1.87,0.06,2.81,j
1259.0,2697.0,3041.0,2688.0,2910.0,3250.0,2463.0,4095.0,-3.19,7.3,0.45,0.35,-0.65,0.89,j
1266.0,2687.0,3055.0,2688.0,2911.0,3253.0,2587.0,4095.0,-5.63,8.0,1.84,0.3,-0.17,0.31,j
1264.0,2699.0,3056.0,2707.0,2922.0,3266.0,2577.0,4095.0,-4.37,7.88,1.29,0.37,-0.15,0.24,j
1257.0,2691.0,3058.0,2708.0,2925.0,3250.0,2559.0,4095.0,-4.53,8.39,0.23,0.13,-0.21,0.05,j
1257.0,2704.0,3047.0,2716.0,2925.0,3259.0,2583.0,4095.0,-5.11,8.34,0.61,-0.03,0.11,-0.02,j
1043.0,2660.0,3058.0,2545.0,2788.0,3148.0,2544.0,4095.0,3.4,7.99,3.94,0.04,0.02,0.05,j
1040.0,2659.0,3056.0,2535.0,2779.0,3155.0,2541.0,4095.0,3.26,7.99,3.65,-0.21,-0.01,-0.01,j
1039.0,2649.0,3058.0,2515.0,2781.0,3146.0,2528.0,4095.0,3.88,7.93,3.95,-0.08,-0.02,0.01,j
1042.0,2643.0,3045.0,2461.0,2767.0,3114.0,2480.0,4095.0,6.62,9.44,2.67,-0.71,0.03,-1.05,j
1152.0,2733.0,3146.0,2509.0,2829.0,3165.0,2519.0,4095.0,5.69,7.26,-3.91,-4.95,-0.51,-4.39,j
1744.0,2738.0,3120.0,2605.0,2807.0,3152.0,2559.0,4095.0,2.26,-0.32,-0.38,-8.73,1.69,-5.67,j
1246.0,2753.0,3092.0,3094.0,2919.0,3186.0,2635.0,4095.0,-14.06,-8.0,7.27,-8.73,8.19,3.61,j
1275.0,2732.0,3056.0,2925.0,2814.0,3197.0,2624.0,4095.0,-18.1,-9.43,12.83,-4.82,5.64,8.73,j
1333.0,2703.0,3027.0,2688.0,2935.0,3201.0,2672.0,4095.0,-6.09,-1.47,12.66,2.09,1.25,8.37,j
1296.0,2742.0,3090.0,2613.0,2880.0,3278.0,2613.0,4095.0,-0.44,5.79,3.49,1.63,0.06,3.03,j
1065.0,2681.0,3018.0,2608.0,2875.0,3187.0,2559.0,4095.0,-3.99,6.36,3.55,0.61,-0.21,0.58,j
1158.0,2712.0,3046.0,2559.0,2815.0,3218.0,2583.0,4095.0,-5.04,5.34,4.26,0.37,-0.31,0.09,j
1231.0,2722.0,3053.0,2657.0,2899.0,3225.0,2591.0,4095.0,-5.67,5.95,4.02,0.25,-0.23,-0.04,j
1214.0,2709.0,3041.0,2647.0,2883.0,3216.0,2601.0,4095.0,-5.36,6.68,3.48,0.25,-0.02,-0.06,j
1203.0,2711.0,3042.0,2647.0,2879.0,3222.0,2583.0,4095.0,-6.06,6.9,3.32,0.11,-0.05,-0.06,j
1205.0,2706.0,3045.0,2653.0,2882.0,3216.0,2605.0,4095.0,-5.89,6.63,3.78,0.02,-0.03,-0.01,j
1200.0,2711.0,3055.0,2656.0,2889.0,3221.0,2598.0,4095.0,-5.52,6.74,3.43,0.02,0.01,-0.01,j
1186.0,2705.0,3031.0,2657.0,2876.0,3210.0,2583.0,4095.0,-6.0,6.5,3.58,0.04,0.03,0.04,j
1185.0,2701.0,3040.0,2656.0,2881.0,3215.0,2559.0,4095.0,-5.18,6.6,3.32,-0.03,0.06,-0.03,j
1187.0,2699.0,3034.0,2661.0,2885.0,3210.0,2581.0,4095.0,-6.0,6.69,3.46,0.04,0.07,0.02,j
1343.0,2762.0,1963.0,2853.0,2965.0,3230.0,2624.0,4095.0,2.36,8.31,3.45,0.04,-0.15,0.07,j
1137.0,2749.0,2026.0,2741.0,2854.0,3225.0,2618.0,4095.0,2.91,8.85,2.9,-0.12,-0.03,0.04,j
1151.0,2751.0,2869.0,2742.0,2863.0,3218.0,2630.0,4095.0,2.91,8.16,3.18,-0.11,-0.03,-0.01,j
1226.0,2786.0,1675.0,2756.0,2861.0,3217.0,2635.0,4095.0,5.21,8.77,1.93,-0.41,0.46,-0.69,j
1343.0,2722.0,620.0,2662.0,2821.0,3177.0,2559.0,4095.0,6.73,7.7,-0.93,-2.71,0.75,-4.07,j
1083.0,2736.0,3084.0,2558.0,2731.0,3152.0,2544.0,4095.0,2.16,2.9,-1.83,-4.19,1.75,-4.21,j
1062.0,2736.0,3083.0,2634.0,2746.0,3152.0,2559.0,4095.0,-2.74,-2.95,-2.47,-7.83,5.54,-5.44,j
2002.0,2733.0,3066.0,2929.0,2915.0,3135.0,2559.0,4095.0,-13.47,-7.05,2.24,-6.63,3.02,-2.25,j
1253.0,2771.0,3103.0,2831.0,2847.0,3185.0,2614.0,4095.0,-24.57,-6.79,2.04,-6.53,8.11,3.51,j
1600.0,2747.0,3062.0,3042.0,3050.0,3202.0,2776.0,4095.0,-19.4,-2.63,4.62,-3.95,2.08,6.77,j
2055.0,2762.0,3082.0,2855.0,2917.0,3244.0,2998.0,4095.0,-11.45,0.95,6.96,-1.56,1.57,5.99,j
1307.0,2767.0,3088.0,2782.0,2890.0,3243.0,3173.0,4095.0,-6.09,3.98,1.21,0.47,0.19,3.43,j
1409.0,2781.0,3098.0,2783.0,2916.0,3265.0,2704.0,4095.0,-4.28,4.94,0.28,0.02,0.11,1.67,j
1391.0,2799.0,3106.0,2813.0,2938.0,3281.0,3147.0,4095.0,-4.93,5.58,1.31,-0.13,-0.6,0.47,j
1306.0,2758.0,3071.0,2766.0,2907.0,3246.0,3113.0,4095.0,-5.66,5.78,1.83,0.12,-0.25,0.1,j
1345.0,2774.0,3102.0,2788.0,2927.0,3265.0,2862.0,4095.0,-6.27,6.69,0.71,0.16,-0.11,0.04,j
1357.0,2778.0,3088.0,2794.0,2930.0,3263.0,2960.0,4095.0,-6.45,7.04,0.21,0.1,-0.3,-0.1,j
1325.0,2781.0,3091.0,2795.0,2935.0,3263.0,2811.0,4095.0,-6.42,7.31,0.39,0.07,-0.05,-0.05,j
1323.0,2770.0,3088.0,2790.0,2929.0,3263.0,2783.0,4095.0,-7.04,7.15,0.35,0.06,-0.11,0.05,j
1334.0,2769.0,3093.0,2794.0,2931.0,3262.0,2736.0,4095.0,-6.43,7.26,0.54,-0.04,0.06,0.01,j
1117.0,2748.0,3101.0,2806.0,2901.0,3187.0,2579.0,4095.0,2.85,7.79,4.82,-0.04,0.01,-0.01,j
1127.0,2744.0,3091.0,2821.0,2906.0,3195.0,2583.0,4095.0,2.92,7.52,5.06,0.02,-0.01,0.11,j
1123.0,2742.0,3095.0,2794.0,2882.0,3189.0,2589.0,4095.0,2.99,7.88,4.83,0.08,-0.01,0.05,j
1114.0,2752.0,3091.0,2789.0,2877.0,3181.0,2559.0,4095.0,2.84,7.66,4.74,-0.06,-0.01,-0.22,j
1082.0,2726.0,3035.0,2695.0,2849.0,3151.0,2521.0,4095.0,5.92,10.0,4.12,-0.25,-0.4,-1.89,j
1014.0,2704.0,3016.0,2609.0,2765.0,3146.0,2519.0,4095.0,5.35,7.37,4.04,-2.18,0.39,-4.01,j
1477.0,2713.0,3023.0,2491.0,2775.0,3141.0,2555.0,4095.0,2.89,7.01,2.96,-4.34,2.92,-4.54,j
1447.0,2694.0,3007.0,2559.0,2789.0,3146.0,2721.0,4095.0,-7.97,-0.14,2.91,-6.82,6.48,-1.78,j
1170.0,2736.0,3038.0,2559.0,2843.0,3222.0,2715.0,4095.0,-11.87,-1.5,5.96,-4.15,7.62,5.42,j
1289.0,2729.0,3024.0,2519.0,2807.0,3239.0,2690.0,4095.0,-11.84,3.25,1.32,-2.65,7.36,6.18,j
1120.0,2671.0,2954.0,2433.0,2727.0,3213.0,2690.0,4095.0,-5.11,5.36,6.69,-0.11,0.38,4.19,j
1095.0,2654.0,2960.0,2449.0,2759.0,3195.0,2589.0,4095.0,-3.55,7.35,1.47,1.56,0.74,2.49,j
1104.0,2660.0,2976.0,2524.0,2845.0,3201.0,2586.0,4095.0,-3.97,8.2,0.05,0.24,-0.23,0.39,j
1118.0,2661.0,2970.0,2559.0,2880.0,3197.0,2595.0,4095.0,-5.19,7.78,1.87,0.16,-0.2,-0.01,j
1077.0,2642.0,2943.0,2559.0,2875.0,3183.0,2584.0,4095.0,-4.5,8.01,1.36,0.12,-0.1,0.21,j
1093.0,2651.0,2959.0,2578.0,2876.0,3195.0,2582.0,4095.0,-4.67,8.24,1.15,-0.06,-0.16,-0.1,j
1104.0,2671.0,2963.0,2586.0,2886.0,3191.0,2599.0,4095.0,-4.5,8.0,1.56,-0.03,-0.05,0.02,j
1104.0,2672.0,2973.0,2599.0,2891.0,3199.0,2593.0,4095.0,-4.92,8.35,1.11,-0.08,-0.02,-0.03,j
1104.0,2672.0,2973.0,2601.0,2883.0,3197.0,2580.0,4095.0,-4.83,7.7,1.75,-0.1,0.03,-0.01,j
1095.0,2666.0,2973.0,2594.0,2893.0,3198.0,2583.0,4095.0,-4.78,7.84,1.45,0.07,-0.16,0.0,j
1092.0,2688.0,2991.0,2639.0,2849.0,3152.0,2486.0,4095.0,2.88,8.6,3.7,0.05,0.06,-0.01,j
1103.0,2685.0,2992.0,2608.0,2825.0,3152.0,2498.0,4095.0,3.0,8.51,3.51,-0.07,-0.03,0.01,j
1101.0,2675.0,2999.0,2608.0,2821.0,3145.0,2482.0,4095.0,2.96,8.35,3.4,0.01,-0.07,0.04,j
1104.0,2688.0,2993.0,2637.0,2854.0,3144.0,2486.0,4095.0,3.2,8.3,2.79,-0.31,-0.01,0.0,j
1097.0,2690.0,2992.0,2559.0,2774.0,3117.0,2457.0,4095.0,6.7,10.24,3.39,-0.85,0.05,-1.45,j
1167.0,2714.0,3012.0,2499.0,2793.0,3110.0,2478.0,4095.0,5.98,8.51,-0.03,-3.75,0.97,-5.06,j
1377.0,2733.0,3027.0,2609.0,2874.0,3120.0,2547.0,4095.0,-1.71,1.98,3.22,-6.79,3.38,-4.0,j
1255.0,2726.0,3023.0,2708.0,2919.0,3151.0,2668.0,4095.0,-7.45,-0.72,12.63,-3.0,5.26,1.3,j
4095.0,2723.0,3022.0,2651.0,2958.0,3184.0,2595.0,4095.0,-11.47,1.45,4.99,-1.92,6.72,6.18,j
1181.0,2725.0,3055.0,2557.0,2875.0,3259.0,2645.0,4095.0,-6.73,3.8,7.21,1.77,4.74,7.54,j
1065.0,2669.0,2981.0,2451.0,2778.0,3195.0,2559.0,4095.0,-2.26,7.92,1.45,2.29,2.47,3.41,j
1053.0,2688.0,3017.0,2475.0,2814.0,3216.0,2591.0,4095.0,-1.05,9.46,-1.37,0.9,0.32,1.3,j
1049.0,2688.0,3023.0,2495.0,2832.0,3211.0,2592.0,4095.0,-1.78,9.13,1.57,0.25,-0.13,0.22,j
1045.0,2677.0,3024.0,2511.0,2852.0,3216.0,2591.0,4095.0,-3.2,9.32,0.62,0.1,-0.02,0.11,j
1047.0,2687.0,3018.0,2514.0,2847.0,3206.0,2605.0,4095.0,-2.48,9.36,1.36,-0.1,-0.01,-0.12,j
1051.0,2684.0,3014.0,2529.0,2846.0,3205.0,2591.0,4095.0,-3.3,9.03,1.15,0.1,0.11,0.12,j
1054.0,2679.0,3011.0,2527.0,2851.0,3210.0,2589.0,4095.0,-2.98,9.13,0.49,-0.06,0.09,-0.03,j
1046.0,2685.0,3007.0,2527.0,2850.0,3202.0,2598.0,4095.0,-2.82,8.77,1.27,-0.03,0.05,0.04,j
1047.0,2683.0,3021.0,2525.0,2855.0,3203.0,2591.0,4095.0,-2.98,8.96,0.77,-0.01,0.09,-0.01,j
1049.0,2684.0,3001.0,2532.0,2854.0,3213.0,2590.0,4095.0,-2.74,9.01,0.88,0.08,0.08,0.04,j
1058.0,2686.0,2990.0,2945.0,2896.0,3121.0,2480.0,4095.0,3.06,9.03,2.26,-0.24,-0.04,0.16,j
1049.0,2688.0,2983.0,2951.0,2910.0,3117.0,2487.0,4095.0,2.97,8.78,2.13,-0.19,-0.15,0.17,j
1059.0,2691.0,2992.0,2943.0,2911.0,3123.0,2483.0,4095.0,4.61,8.8,1.56,-0.31,-0.03,-0.05,j
1050.0,2691.0,2977.0,2727.0,2799.0,3090.0,2444.0,4095.0,8.64,12.26,-1.24,-1.82,-0.46,-3.13,j
1074.0,2650.0,2944.0,2501.0,2785.0,3013.0,2368.0,4095.0,7.45,7.86,-3.33,-4.93,-0.7,-6.6,j
4095.0,2659.0,2947.0,2591.0,2791.0,3024.0,2486.0,4095.0,3.58,-1.39,1.41,-8.42,-0.14,-6.59,j
1215.0,2767.0,3054.0,2716.0,2775.0,3113.0,2656.0,4095.0,-6.44,-4.46,4.16,-7.32,2.44,-2.51,j
1574.0,2750.0,3025.0,2890.0,2815.0,3106.0,2647.0,4095.0,-10.97,-8.78,4.67,-5.93,3.32,0.65,j
1061.0,2686.0,2978.0,2739.0,2735.0,3098.0,2719.0,4095.0,-16.77,-10.62,4.59,-5.65,5.57,5.57,j
1871.0,2672.0,2961.0,2788.0,2842.0,3130.0,3089.0,4095.0,-12.33,-5.64,7.96,-1.3,2.61,7.02,j
4095.0,2645.0,2944.0,2683.0,2893.0,3150.0,2516.0,4095.0,-10.22,1.12,2.26,0.38,3.87,5.57,j
1040.0,2624.0,2938.0,2626.0,2814.0,3136.0,2505.0,4095.0,-7.02,3.83,1.37,0.24,0.63,3.18,j
1162.0,2598.0,2902.0,2621.0,2821.0,3091.0,2495.0,4095.0,-6.46,5.51,0.07,0.27,0.73,1.51,j
1136.0,2608.0,2934.0,2585.0,2838.0,3105.0,2466.0,4095.0,-6.78,5.6,0.23,0.6,-0.44,0.76,j
1133.0,2610.0,2923.0,2559.0,2839.0,3107.0,2726.0,4095.0,-7.43,6.05,-0.75,0.14,0.11,0.42,j
1141.0,2626.0,2930.0,2592.0,2854.0,3120.0,2591.0,4095.0,-6.44,6.04,-0.07,0.07,-0.18,0.2,j
1104.0,2615.0,2933.0,2583.0,2839.0,3113.0,2580.0,4095.0,-7.09,6.17,-0.51,0.08,-0.04,0.11,j
1098.0,2615.0,2918.0,2559.0,2838.0,3107.0,2559.0,4095.0,-6.98,6.12,-0.45,0.05,-0.05,-0.02,j
1088.0,2624.0,2928.0,2586.0,2846.0,3115.0,2608.0,4095.0,-7.26,6.23,-0.5,0.11,0.01,0.05,j
1083.0,2615.0,2928.0,2582.0,2847.0,3111.0,2511.0,4095.0,-7.08,6.24,-0.87,0.02,0.12,0.01,j
1194.0,2706.0,3051.0,2602.0,2864.0,3206.0,2518.0,4095.0,1.49,8.98,3.21,-0.24,-0.03,-0.03,j
1184.0,2697.0,3024.0,2601.0,2879.0,3187.0,2509.0,4095.0,2.02,9.02,3.35,0.04,-0.08,0.15,j
1186.0,2687.0,3021.0,2606.0,2871.0,3182.0,2512.0,4095.0,1.9,8.59,2.96,-0.14,-0.07,0.1,j
1183.0,2687.0,3019.0,2608.0,2869.0,3184.0,2505.0,4095.0,3.28,9.28,2.95,-0.17,-0.14,0.13,j
1188.0,2678.0,2998.0,2544.0,2865.0,3146.0,2483.0,4095.0,5.64,10.95,2.64,-0.59,-0.26,-1.02,j
1293.0,2644.0,2952.0,2589.0,2938.0,3055.0,2454.0,4095.0,4.17,9.23,0.18,-3.38,-0.52,-4.59,j
1503.0,2638.0,2975.0,2462.0,2754.0,3055.0,2480.0,4095.0,1.63,1.9,1.16,-6.54,-0.65,-5.48,j
1312.0,2608.0,2928.0,2704.0,2879.0,2803.0,2466.0,4095.0,-6.43,-0.92,4.98,-4.75,2.51,-2.57,j
1283.0,2688.0,2982.0,2686.0,2832.0,2241.0,2554.0,4095.0,-6.41,-0.31,2.93,-4.73,3.82,-0.17,j
1265.0,2673.0,2993.0,2801.0,2990.0,3097.0,2559.0,4095.0,-12.38,-2.98,4.44,-3.75,5.21,4.01,j
1233.0,2663.0,2992.0,2641.0,2866.0,3104.0,2509.0,4095.0,-17.35,-0.74,5.52,-2.17,5.21,5.23,j
1585.0,2671.0,3022.0,2608.0,2847.0,3175.0,2548.0,4095.0,-12.71,2.68,7.83,-0.43,3.93,5.67,j
1346.0,2638.0,2950.0,2547.0,2790.0,3133.0,2492.0,4095.0,-8.08,5.18,5.33,1.24,2.17,4.11,j
1098.0,2624.0,2941.0,2497.0,2736.0,3127.0,2474.0,4095.0,-3.99,7.14,-0.07,0.73,1.13,1.99,j
1059.0,2606.0,2911.0,2515.0,2769.0,3095.0,2454.0,4095.0,-5.58,6.89,0.2,-0.06,0.13,0.68,j
1098.0,2613.0,2923.0,2538.0,2784.0,3103.0,2478.0,4095.0,-6.02,7.09,1.19,0.1,-0.33,0.23,j
1127.0,2655.0,2988.0,2552.0,2798.0,3161.0,2527.0,4095.0,-5.64,7.09,0.53,0.08,-0.33,0.2,j
1073.0,2647.0,2960.0,2534.0,2782.0,3152.0,2507.0,4095.0,-4.87,7.74,0.06,-0.09,0.15,-0.02,j
1086.0,2662.0,2972.0,2527.0,2778.0,3162.0,2511.0,4095.0,-5.49,7.8,0.2,-0.0,-0.23,-0.04,j
1082.0,2657.0,2990.0,2535.0,2779.0,3168.0,2514.0,4095.0,-6.0,7.53,0.06,-0.13,0.06,-0.01,j
1079.0,2581.0,2875.0,2585.0,2768.0,3022.0,2383.0,4095.0,3.12,7.97,4.44,-0.15,-0.03,-0.01,j
1086.0,2559.0,2874.0,2609.0,2774.0,3021.0,2384.0,4095.0,3.12,7.7,3.78,0.05,0.05,-0.04,j
1083.0,2615.0,2906.0,2559.0,2774.0,3049.0,2409.0,4095.0,5.6,7.63,2.99,-0.24,0.1,-0.61,j
1077.0,2601.0,2896.0,2413.0,2711.0,3008.0,2363.0,4095.0,8.38,9.06,-0.45,-2.72,0.71,-4.51,j
1229.0,2673.0,2982.0,2385.0,2704.0,3079.0,2518.0,4095.0,-0.77,1.18,-2.86,-8.01,5.33,-6.53,j
1261.0,2653.0,2954.0,2680.0,2912.0,3084.0,2619.0,4095.0,-16.58,-5.87,7.37,-7.08,7.69,0.23,j
1216.0,2679.0,2983.0,2624.0,2928.0,3127.0,2894.0,4095.0,-21.81,-1.06,1.62,-2.79,5.74,5.36,j
1126.0,2671.0,2992.0,2581.0,2863.0,3184.0,2539.0,4095.0,-12.54,1.62,5.32,-1.68,3.78,6.99,j
1412.0,2741.0,3088.0,2559.0,2832.0,3285.0,2654.0,4095.0,-0.98,4.99,5.52,0.94,-0.3,2.57,j
1323.0,2736.0,3086.0,2581.0,2865.0,3280.0,2603.0,4095.0,-4.29,6.75,1.65,0.79,0.22,0.86,j
1314.0,2731.0,3071.0,2591.0,2852.0,3275.0,2602.0,4095.0,-5.49,6.82,2.29,0.29,-0.55,-0.04,j
1328.0,2730.0,3056.0,2615.0,2875.0,3275.0,2610.0,4095.0,-6.17,7.28,1.99,0.13,-0.05,0.03,j
1386.0,2727.0,3071.0,2640.0,2910.0,3270.0,2608.0,4095.0,-5.21,7.52,1.74,0.17,-0.19,0.1,j
1293.0,2742.0,3067.0,2637.0,2894.0,3271.0,2608.0,4095.0,-6.01,7.4,1.28,0.06,-0.11,-0.09,j
1281.0,2739.0,3067.0,2638.0,2909.0,3270.0,2606.0,4095.0,-5.31,7.22,2.08,-0.03,-0.28,-0.08,j
1229.0,2733.0,3071.0,2639.0,2901.0,3270.0,2605.0,4095.0,-6.08,7.21,1.45,0.01,-0.08,-0.02,j
1229.0,2736.0,3058.0,2643.0,2913.0,3273.0,2608.0,4095.0,-5.71,7.1,1.8,0.02,0.05,-0.04,j
1214.0,2736.0,3063.0,2642.0,2912.0,3264.0,2605.0,4095.0,-5.43,7.19,1.79,-0.01,-0.2,-0.04,j
1213.0,2731.0,3069.0,2641.0,2913.0,3265.0,2608.0,4095.0,-6.49,7.37,1.74,-0.02,0.1,0.1,j
1205.0,2736.0,3069.0,2641.0,2907.0,3259.0,2606.0,4095.0,-5.31,7.56,1.65,0.0,0.01,0.13,j
1001.0,2721.0,3026.0,2629.0,2779.0,3184.0,2510.0,4095.0,4.42,6.8,4.25,0.15,0.19,0.12,j
999.0,2718.0,3024.0,2618.0,2764.0,3187.0,2512.0,4095.0,5.32,6.54,4.78,-0.03,-0.11,-0.03,j
1002.0,2717.0,3017.0,2594.0,2750.0,3169.0,2509.0,4095.0,6.47,6.68,4.14,-0.01,0.25,-0.28,j
993.0,2717.0,3021.0,2537.0,2742.0,3152.0,2485.0,4095.0,8.49,6.58,2.55,-0.97,0.92,-1.89,j
1001.0,2714.0,3023.0,2470.0,2755.0,3132.0,2482.0,4095.0,5.62,4.68,-0.75,-3.78,2.86,-4.58,j
1242.0,2718.0,3029.0,2551.0,2761.0,3138.0,2522.0,4095.0,-6.05,-1.04,1.4,-5.97,3.71,-3.74,j
1205.0,2747.0,3045.0,2610.0,2764.0,3143.0,2559.0,4095.0,-11.06,-0.11,4.96,-5.61,6.89,-0.3,j
1259.0,2736.0,3023.0,2655.0,2794.0,3170.0,2587.0,4095.0,-15.78,-1.62,9.25,-3.23,4.47,4.4,j
1077.0,2713.0,3021.0,2608.0,2774.0,3219.0,2624.0,4095.0,-13.51,1.48,9.52,-0.47,3.57,6.52,j
4095.0,2725.0,3030.0,2663.0,2901.0,3227.0,3367.0,4095.0,-6.58,3.52,10.04,1.68,2.24,6.34,j
1037.0,2727.0,3035.0,2544.0,2796.0,3237.0,2591.0,4095.0,-5.15,5.52,4.4,1.78,0.39,3.49,j
1018.0,2731.0,3024.0,2512.0,2758.0,3232.0,2581.0,4095.0,-1.89,6.8,1.2,0.77,0.36,1.57,j
1002.0,2720.0,3019.0,2514.0,2750.0,3222.0,2590.0,4095.0,-2.74,7.35,2.3,0.08,-0.79,0.44,j
1008.0,2712.0,3022.0,2523.0,2759.0,3227.0,2585.0,4095.0,-3.62,7.3,3.11,0.03,0.0,-0.01,j
999.0,2726.0,3019.0,2519.0,2763.0,3217.0,2580.0,4095.0,-3.65,8.34,2.42,0.18,-0.15,-0.17,j
998.0,2721.0,3029.0,2523.0,2766.0,3219.0,2559.0,4095.0,-4.09,8.51,2.06,0.05,-0.13,-0.13,j
1003.0,2729.0,3026.0,2512.0,2763.0,3218.0,2559.0,4095.0,-4.36,8.6,1.94,0.06,-0.08,-0.15,j
1008.0,2723.0,3023.0,2517.0,2767.0,3207.0,2559.0,4095.0,-4.12,8.21,2.03,0.03,-0.21,-0.07,j
1010.0,2727.0,3024.0,2526.0,2770.0,3217.0,2559.0,4095.0,-4.57,8.28,2.08,0.02,-0.03,-0.05,j
1015.0,2719.0,3024.0,2515.0,2768.0,3218.0,2559.0,4095.0,-3.98,7.97,2.15,0.02,-0.19,-0.05,j
1014.0,2559.0,2883.0,2559.0,2825.0,2992.0,2384.0,4095.0,5.8,7.35,1.02,-0.16,-0.02,-0.13,j
1019.0,2559.0,2898.0,2559.0,2826.0,3002.0,2384.0,4095.0,4.84,8.66,1.27,-0.11,0.24,-0.15,j
1019.0,2557.0,2887.0,2559.0,2826.0,2998.0,2384.0,4095.0,5.26,8.47,2.52,-0.22,0.29,-0.12,j
1019.0,2559.0,2882.0,2559.0,2831.0,2993.0,2385.0,4095.0,5.48,9.43,1.95,-0.31,0.14,-0.34,j
1014.0,2559.0,2893.0,2511.0,2784.0,2989.0,2377.0,4095.0,7.69,9.27,0.76,-1.3,0.2,-1.35,j
1023.0,2559.0,2896.0,2462.0,2741.0,3011.0,2251.0,4095.0,9.54,6.42,-1.53,-3.73,1.85,-4.16,j
1109.0,2716.0,3053.0,2529.0,2800.0,3164.0,2495.0,4095.0,-0.14,0.66,-4.06,-5.96,3.81,-4.94,j
1072.0,2720.0,3057.0,2490.0,2714.0,3126.0,2527.0,4095.0,-5.41,-3.89,-2.17,-7.87,4.36,-4.69,j
1074.0,2731.0,3049.0,2597.0,2747.0,3138.0,2547.0,4095.0,-16.83,-5.41,1.43,-7.52,5.2,-0.53,j
1207.0,2765.0,3088.0,2663.0,2768.0,3202.0,2589.0,4095.0,-25.68,-9.75,7.77,-5.47,3.49,6.3,j
3186.0,2772.0,3079.0,2752.0,2829.0,3271.0,2655.0,4095.0,-16.47,-3.73,10.3,-0.66,2.46,7.34,j
1168.0,2790.0,3079.0,2626.0,2763.0,3275.0,2750.0,4095.0,-6.01,2.7,5.5,2.03,2.32,5.17,j
1094.0,2791.0,3088.0,2579.0,2732.0,3261.0,2724.0,4095.0,-2.75,5.78,1.4,0.86,-0.85,1.58,j
1065.0,2765.0,3086.0,2587.0,2733.0,3274.0,2629.0,4095.0,-5.37,5.85,3.03,0.32,0.28,0.58,j
1038.0,2761.0,3059.0,2559.0,2721.0,3254.0,2608.0,4095.0,-6.87,5.84,2.92,0.03,-0.52,-0.2,j
1035.0,2758.0,3047.0,2583.0,2730.0,3253.0,2605.0,4095.0,-7.32,5.87,2.3,0.17,-0.05,-0.05,j
1023.0,2765.0,3055.0,2559.0,2722.0,3257.0,2606.0,4095.0,-7.13,6.27,1.32,-0.06,-0.12,-0.14,j
1017.0,2745.0,3046.0,2551.0,2704.0,3248.0,2589.0,4095.0,-7.07,6.39,2.05,-0.02,-0.02,-0.04,j
1008.0,2736.0,3046.0,2551.0,2705.0,3238.0,2587.0,4095.0,-6.82,6.04,1.96,0.04,-0.03,0.02,j
1008.0,2731.0,3040.0,2550.0,2703.0,3237.0,2587.0,4095.0,-6.81,6.41,1.36,-0.03,0.07,0.05,j
967.0,2707.0,2994.0,2559.0,2794.0,3157.0,2496.0,4095.0,3.7,7.73,4.25,-0.01,-0.03,0.05,j
964.0,2703.0,3007.0,2559.0,2785.0,3163.0,2487.0,4095.0,4.32,7.67,4.39,-0.02,0.03,0.0,j
962.0,2704.0,2997.0,2559.0,2790.0,3164.0,2481.0,4095.0,5.96,7.63,4.36,-0.08,0.14,-0.27,j
963.0,2704.0,2982.0,2545.0,2787.0,3150.0,2482.0,4095.0,8.03,8.21,2.75,-0.85,0.87,-1.76,j
1039.0,2642.0,2924.0,2497.0,2801.0,3055.0,2415.0,4095.0,5.4,6.73,1.02,-2.69,1.78,-2.99,j
1104.0,2644.0,2932.0,2468.0,2814.0,3051.0,2451.0,4095.0,2.63,1.59,-0.62,-5.58,6.12,-5.94,j
1009.0,2663.0,2951.0,2431.0,2701.0,3043.0,2480.0,4095.0,-12.24,-3.65,-0.21,-5.25,2.42,-3.24,j
1019.0,2672.0,2945.0,2503.0,2725.0,3055.0,2529.0,4095.0,-7.97,-0.24,4.93,-3.97,3.35,-0.13,j
1012.0,2685.0,2947.0,2587.0,2751.0,3089.0,2512.0,4095.0,-15.88,-3.34,6.9,-3.6,3.13,3.82,j
4095.0,2678.0,2960.0,2725.0,2866.0,3139.0,2505.0,4095.0,-14.19,-0.93,9.37,-0.93,3.1,5.03,j
4095.0,2624.0,2918.0,2596.0,2832.0,3123.0,2469.0,4095.0,-10.62,2.09,6.75,1.39,1.12,5.59,j
1398.0,2643.0,2934.0,2534.0,2770.0,3131.0,2477.0,4095.0,-8.58,5.29,3.92,1.73,1.37,4.1,j
1063.0,2665.0,2960.0,2550.0,2786.0,3159.0,2499.0,4095.0,-3.4,6.22,2.09,0.77,-0.36,2.41,j
1058.0,2661.0,2954.0,2544.0,2791.0,3163.0,2499.0,4095.0,-2.3,7.15,2.6,0.5,0.39,1.48,j
1042.0,2660.0,2943.0,2540.0,2789.0,3147.0,2499.0,4095.0,-2.85,7.44,3.4,0.03,-0.41,0.35,j
1041.0,2671.0,2947.0,2542.0,2788.0,3153.0,2498.0,4095.0,-3.98,7.85,3.03,0.1,0.04,0.09,j
1045.0,2667.0,2945.0,2544.0,2795.0,3151.0,2498.0,4095.0,-3.76,8.34,1.9,0.18,-0.17,-0.24,j
1045.0,2655.0,2944.0,2549.0,2797.0,3139.0,2496.0,4095.0,-5.49,8.29,1.42,-0.01,0.05,-0.12,j
1039.0,2661.0,2946.0,2544.0,2803.0,3143.0,2487.0,4095.0,-4.84,8.41,1.58,-0.02,-0.04,-0.0,j
1041.0,2660.0,2949.0,2544.0,2797.0,3143.0,2495.0,4095.0,-4.22,8.09,1.62,-0.03,-0.05,-0.03,j
1039.0,2663.0,2958.0,2615.0,2807.0,3145.0,2455.0,4095.0,4.08,8.55,2.56,-0.08,0.12,0.06,j
1040.0,2669.0,2947.0,2624.0,2809.0,3139.0,2466.0,4095.0,4.31,8.77,2.66,-0.09,0.06,-0.08,j
1039.0,2665.0,2960.0,2640.0,2814.0,3141.0,2461.0,4095.0,4.16,7.71,2.52,-0.12,-0.17,-0.19,j
1038.0,2661.0,2962.0,2559.0,2816.0,3152.0,2455.0,4095.0,7.13,7.5,0.35,-0.08,0.36,-0.57,j
1023.0,2662.0,2951.0,2401.0,2672.0,3129.0,2438.0,4095.0,8.42,7.83,-0.99,-1.35,0.21,-3.34,j
1040.0,2663.0,2951.0,2360.0,2658.0,3094.0,2450.0,4095.0,5.84,4.58,-2.52,-4.34,1.76,-6.36,j
1138.0,2670.0,2967.0,2465.0,2738.0,3055.0,2485.0,4095.0,-0.45,-1.47,-1.39,-7.4,4.01,-7.39,j
1046.0,2662.0,2959.0,2613.0,2752.0,3051.0,2515.0,4095.0,-11.96,-5.36,1.31,-6.44,4.33,-2.71,j
1116.0,2714.0,3008.0,2542.0,2751.0,3117.0,2559.0,4095.0,-20.46,-5.62,2.55,-6.29,6.18,2.51,j
1081.0,2655.0,2978.0,2511.0,2749.0,3111.0,2482.0,4095.0,-18.95,-4.75,5.62,-3.9,3.71,6.79,j
4095.0,2654.0,2979.0,2555.0,2814.0,3159.0,2851.0,4095.0,-12.5,1.9,3.76,-0.81,3.23,4.95,j
1451.0,2667.0,2979.0,2386.0,2662.0,3167.0,2518.0,4095.0,-6.05,5.42,1.25,0.33,1.18,2.73,j
989.0,2662.0,2978.0,2387.0,2660.0,3173.0,3298.0,4095.0,-6.87,6.07,0.18,0.21,0.26,1.04,j
973.0,2661.0,2978.0,2403.0,2667.0,3184.0,2543.0,4095.0,-6.77,6.22,0.09,-0.01,0.16,0.31,j
977.0,2657.0,2975.0,2415.0,2672.0,3167.0,2543.0,4095.0,-7.52,6.17,-0.04,0.1,-0.15,0.29,j
1014.0,2671.0,2981.0,2415.0,2670.0,3178.0,2544.0,4095.0,-6.65,6.56,-0.52,-0.03,0.21,0.14,j
1010.0,2667.0,2981.0,2413.0,2670.0,3173.0,2551.0,4095.0,-6.78,6.45,-0.56,-0.07,-0.04,0.17,j
1146.0,2670.0,2977.0,2415.0,2665.0,3178.0,2544.0,4095.0,-6.64,6.35,-0.47,0.01,0.03,-0.0,j
1232.0,2662.0,2988.0,2423.0,2675.0,3174.0,2539.0,4095.0,-6.78,6.63,-0.78,-0.01,0.03,-0.0,j
1213.0,2666.0,2990.0,2426.0,2677.0,3170.0,2544.0,4095.0,-6.62,6.74,-0.69,-0.09,0.02,-0.19,j
1151.0,2672.0,2992.0,2546.0,2770.0,3175.0,2485.0,4095.0,2.95,8.16,3.73,-0.07,-0.02,-0.04,j
1157.0,2685.0,2976.0,2537.0,2768.0,3184.0,2493.0,4095.0,3.11,8.23,3.85,-0.07,-0.04,-0.01,j
1145.0,2681.0,2983.0,2538.0,2768.0,3174.0,2493.0,4095.0,4.02,8.1,4.04,-0.08,-0.13,0.03,j
1150.0,2677.0,2992.0,2543.0,2769.0,3174.0,2484.0,4095.0,5.07,7.73,3.98,-0.14,-0.03,-0.35,j
1147.0,2683.0,2983.0,2544.0,2784.0,3166.0,2480.0,4095.0,5.39,6.83,2.99,-0.35,0.08,-0.96,j
1155.0,2688.0,2987.0,2543.0,2769.0,3170.0,2485.0,4095.0,5.21,7.52,2.48,-0.93,1.35,-2.2,j
1403.0,2677.0,2983.0,2654.0,2896.0,3162.0,2479.0,4095.0,3.57,7.1,1.15,-1.91,2.69,-3.99,j
1390.0,2700.0,3010.0,2666.0,2933.0,3172.0,2512.0,4095.0,-1.82,3.63,-1.84,-3.66,6.14,-5.04,j
1455.0,2710.0,3009.0,2699.0,2949.0,3146.0,2533.0,4095.0,-10.68,1.33,-1.87,-4.04,5.68,-2.54,j
1401.0,2749.0,3050.0,2610.0,2866.0,3191.0,2583.0,4095.0,-16.26,2.05,1.29,-3.17,6.12,1.44,j
1396.0,2731.0,3031.0,2647.0,2864.0,3206.0,2556.0,4095.0,-15.78,3.52,3.37,-2.45,4.43,4.05,j
3506.0,2726.0,3024.0,2585.0,2802.0,3222.0,2550.0,4095.0,-11.03,5.94,3.13,-0.33,2.25,3.93,j
1402.0,2734.0,3035.0,2580.0,2725.0,3230.0,2559.0,4095.0,-6.7,7.24,0.45,0.52,1.83,2.75,j
1143.0,2732.0,3026.0,2512.0,2749.0,3227.0,2559.0,4095.0,-6.19,7.91,-1.45,0.41,0.95,2.06,j
1136.0,2727.0,3021.0,2510.0,2750.0,3241.0,2559.0,4095.0,-3.58,8.51,-1.46,0.12,0.56,1.04,j
1136.0,2714.0,3025.0,2509.0,2754.0,3239.0,2580.0,4095.0,-4.27,8.54,-0.75,0.03,-0.18,0.41,j
1133.0,2726.0,3022.0,2511.0,2758.0,3235.0,2590.0,4095.0,-4.18,8.56,-0.87,-0.13,0.27,0.11,j
1126.0,2717.0,3022.0,2509.0,2754.0,3231.0,2588.0,4095.0,-3.76,8.47,-0.82,-0.11,-0.04,-0.03,j
1125.0,2715.0,3019.0,2503.0,2754.0,3235.0,2583.0,4095.0,-4.5,8.2,-1.19,-0.04,-0.01,-0.02,j
1121.0,2715.0,3019.0,2499.0,2738.0,3234.0,2559.0,4095.0,-3.85,8.34,-1.41,0.01,0.04,-0.05,j
1110.0,2694.0,2981.0,2609.0,2779.0,3163.0,2490.0,4095.0,4.39,7.01,4.98,0.01,0.08,0.05,j
1110.0,2694.0,2981.0,2609.0,2779.0,3163.0,2490.0,4095.0,4.39,7.01,4.98,0.01,0.08,0.05,j
1109.0,2681.0,2974.0,2610.0,2781.0,3154.0,2495.0,4095.0,4.4,7.32,4.53,-0.07,-0.04,-0.01,j
1111.0,2681.0,2987.0,2610.0,2779.0,3159.0,2487.0,4095.0,5.18,6.92,4.36,-0.12,0.26,-0.19,j
1107.0,2692.0,2977.0,2513.0,2754.0,3111.0,2451.0,4095.0,8.25,8.52,2.01,-1.07,0.74,-2.52,j
1419.0,2694.0,2981.0,2379.0,2608.0,3071.0,2468.0,4095.0,9.17,3.57,-1.6,-5.04,0.46,-5.33,j
1182.0,2741.0,3024.0,2543.0,2693.0,3129.0,2551.0,4095.0,-1.66,-2.21,-4.0,-7.68,6.84,-4.64,j
1254.0,2750.0,3021.0,2857.0,2942.0,3136.0,2675.0,4095.0,-20.68,-4.72,-4.62,-8.41,8.73,1.38,j
1178.0,2718.0,2971.0,2852.0,2892.0,3114.0,2530.0,4095.0,-17.46,-4.8,10.16,-5.1,5.39,4.43,j
1164.0,2704.0,2983.0,2971.0,2989.0,3141.0,2531.0,4095.0,-14.84,-1.37,7.53,-0.27,2.01,3.4,j
1072.0,2704.0,2985.0,2832.0,2890.0,3152.0,2546.0,4095.0,-8.25,3.57,2.22,-0.18,2.35,2.51,j
4095.0,2714.0,2989.0,2843.0,2922.0,3158.0,2547.0,4095.0,-8.27,2.83,2.5,0.65,-1.29,0.18,j
1612.0,2693.0,2983.0,2777.0,2858.0,3150.0,2555.0,4095.0,-9.8,2.28,2.51,-0.02,0.66,0.62,j
4095.0,2711.0,2979.0,2823.0,2917.0,3152.0,2559.0,4095.0,-7.59,3.27,0.34,0.41,-0.29,0.13,j
2891.0,2702.0,2986.0,2774.0,2864.0,3155.0,2559.0,4095.0,-9.03,3.36,0.43,0.01,0.08,0.11,j
1535.0,2692.0,2969.0,2762.0,2861.0,3174.0,2559.0,4095.0,-8.73,3.68,0.45,0.11,0.13,0.1,j
2635.0,2698.0,2983.0,2764.0,2861.0,3146.0,2559.0,4095.0,-8.71,3.6,0.76,-0.02,0.01,0.05,j
1519.0,2690.0,2992.0,2766.0,2861.0,3166.0,2559.0,4095.0,-8.79,3.51,0.62,0.12,-0.04,0.02,j
1358.0,2694.0,2982.0,2761.0,2858.0,3166.0,2558.0,4095.0,-8.67,3.47,1.0,0.06,0.05,0.04,j
1356.0,2689.0,2971.0,2764.0,2852.0,3167.0,2559.0,4095.0,-8.31,3.95,0.35,0.07,0.15,0.01,j
1046.0,2654.0,2939.0,2795.0,2714.0,3107.0,2433.0,4095.0,3.6,8.14,3.69,-0.05,0.03,-0.02,j
1051.0,2650.0,2938.0,2800.0,2715.0,3111.0,2439.0,4095.0,4.0,7.6,4.05,-0.06,0.04,-0.02,j
1050.0,2653.0,2943.0,2813.0,2729.0,3120.0,2448.0,4095.0,4.3,7.62,3.26,-0.12,0.09,-0.15,j
1040.0,2651.0,2939.0,2719.0,2586.0,3114.0,2438.0,4095.0,7.71,8.19,1.41,-1.26,0.71,-1.51,j
1139.0,2673.0,2941.0,2692.0,2673.0,3089.0,2474.0,4095.0,12.58,5.46,-2.68,-4.96,2.55,-5.61,j
1349.0,2684.0,2974.0,2439.0,2699.0,3082.0,2480.0,4095.0,-3.32,-3.61,-11.73,-8.73,8.73,-7.16,j
1095.0,2663.0,2949.0,2661.0,2797.0,3056.0,2511.0,4095.0,-19.21,-10.61,5.45,-6.67,8.39,-0.5,j
1663.0,2654.0,2958.0,2396.0,2683.0,3071.0,2551.0,4095.0,-23.86,-3.7,4.71,-1.01,3.24,3.21,j
4095.0,2639.0,2954.0,2489.0,2823.0,3099.0,2462.0,4095.0,-9.62,2.34,2.35,-1.34,3.51,5.39,j
1583.0,2643.0,2959.0,2356.0,2691.0,3115.0,2455.0,4095.0,-8.43,2.96,2.14,-0.24,-0.13,2.17,j
1311.0,2647.0,2958.0,2349.0,2685.0,3114.0,2452.0,4095.0,-8.31,3.18,1.87,-0.08,0.46,0.93,j
1202.0,2655.0,2961.0,2355.0,2701.0,3120.0,2467.0,4095.0,-7.03,3.96,0.88,0.24,-0.31,0.11,j
1168.0,2652.0,2960.0,2366.0,2693.0,3117.0,2471.0,4095.0,-8.7,3.54,0.7,0.01,0.09,-0.13,j
1172.0,2650.0,2953.0,2381.0,2698.0,3114.0,2483.0,4095.0,-9.19,3.94,0.13,0.27,0.01,-0.14,j
1172.0,2655.0,2965.0,2381.0,2699.0,3115.0,2490.0,4095.0,-8.74,4.54,0.01,-0.09,-0.01,-0.15,j
1181.0,2662.0,2977.0,2391.0,2706.0,3125.0,2492.0,4095.0,-8.75,4.24,0.25,0.09,0.03,0.0,j
1340.0,2658.0,2963.0,2398.0,2695.0,3120.0,2489.0,4095.0,-8.45,4.39,-0.36,-0.1,-0.04,0.1,j
1375.0,2658.0,2969.0,2405.0,2709.0,3126.0,2499.0,4095.0,-8.2,4.16,0.25,-0.09,0.1,0.04,j
1310.0,2659.0,2967.0,2409.0,2707.0,3129.0,2491.0,4095.0,-7.79,4.08,0.74,-0.06,0.06,-0.04,j
1285.0,2662.0,2960.0,2416.0,2708.0,3120.0,2502.0,4095.0,-8.41,4.27,-0.09,0.07,0.09,-0.09,j
1039.0,2670.0,2969.0,2559.0,2755.0,3120.0,2461.0,4095.0,3.55,7.53,4.91,-0.14,-0.09,0.1,j
1021.0,2666.0,2965.0,2559.0,2765.0,3126.0,2468.0,4095.0,3.52,7.63,4.57,-0.11,0.04,0.19,j
1018.0,2657.0,2960.0,2559.0,2755.0,3121.0,2455.0,4095.0,4.78,7.73,4.7,-0.25,-0.02,-0.02,j
1041.0,2689.0,2970.0,2543.0,2770.0,3123.0,2466.0,4095.0,6.62,8.23,3.48,-0.89,-0.21,-1.49,j
1424.0,2657.0,2955.0,2722.0,2890.0,3115.0,2448.0,4095.0,6.22,6.12,2.01,-2.41,-0.5,-2.9,j
897.0,2608.0,2898.0,2386.0,2619.0,3017.0,2414.0,4095.0,6.99,4.01,1.04,-4.45,0.56,-4.39,j
1296.0,2623.0,2907.0,2611.0,2777.0,3023.0,2431.0,4095.0,-3.23,-2.47,-0.03,-6.92,4.37,-4.43,j
1170.0,2642.0,2922.0,2586.0,2704.0,3038.0,2478.0,4095.0,-8.51,-3.69,1.92,-6.24,6.24,-1.48,j
1165.0,2692.0,2973.0,2662.0,2775.0,3099.0,2539.0,4095.0,-19.7,-4.32,0.93,-6.5,6.15,2.54,j
1393.0,2665.0,2947.0,2859.0,2976.0,3099.0,2506.0,4095.0,-20.81,-5.03,4.74,-4.47,4.16,6.59,j
1195.0,2646.0,2934.0,2764.0,2853.0,3118.0,2502.0,4095.0,-16.95,-2.87,8.71,-0.39,1.32,6.43,j
944.0,2624.0,2910.0,2502.0,2661.0,3099.0,2496.0,4095.0,-8.28,1.79,3.06,1.41,2.11,6.24,j
925.0,2637.0,2910.0,2495.0,2672.0,3120.0,2474.0,4095.0,-5.59,5.6,-0.64,0.97,-0.12,3.39,j
918.0,2639.0,2921.0,2487.0,2672.0,3120.0,2470.0,4095.0,-4.1,6.08,-0.19,0.09,0.39,1.78,j
919.0,2634.0,2920.0,2466.0,2675.0,3124.0,2485.0,4095.0,-4.36,6.95,0.54,0.03,-0.65,0.47,j
923.0,2631.0,2919.0,2483.0,2685.0,3122.0,2481.0,4095.0,-4.89,7.27,0.31,-0.11,-0.0,0.01,j
914.0,2627.0,2919.0,2474.0,2679.0,3121.0,2484.0,4095.0,-4.83,7.76,-0.14,0.04,-0.23,0.01,j
921.0,2635.0,2914.0,2480.0,2693.0,3120.0,2480.0,4095.0,-5.09,7.94,-0.68,0.03,-0.06,0.02,j
912.0,2633.0,2911.0,2480.0,2695.0,3127.0,2483.0,4095.0,-5.09,8.08,-0.23,0.12,-0.04,0.03,j
917.0,2637.0,2919.0,2485.0,2690.0,3130.0,2485.0,4095.0,-5.4,7.97,-1.01,0.04,-0.04,-0.08,j
981.0,2729.0,3005.0,2559.0,2745.0,3161.0,2491.0,4095.0,3.74,7.99,3.96,-0.09,-0.05,-0.07,j
976.0,2730.0,3002.0,2583.0,2740.0,3156.0,2489.0,4095.0,3.58,7.71,4.04,-0.15,-0.02,-0.07,j
974.0,2730.0,3011.0,2580.0,2738.0,3153.0,2481.0,4095.0,3.79,7.84,4.21,-0.07,0.05,-0.06,j
971.0,2720.0,2997.0,2559.0,2739.0,3159.0,2487.0,4095.0,4.33,7.52,3.81,-0.3,0.2,-0.24,j
972.0,2721.0,3003.0,2559.0,2725.0,3151.0,2479.0,4095.0,5.82,7.13,3.2,-0.61,0.21,-1.13,j
987.0,2727.0,2998.0,2517.0,2732.0,3123.0,2459.0,4095.0,6.49,5.67,2.32,-1.11,0.97,-2.35,j
1094.0,2727.0,2998.0,2512.0,2723.0,3095.0,2455.0,4095.0,5.23,3.24,1.57,-3.1,0.72,-4.35,j
1648.0,2730.0,2999.0,2670.0,2820.0,3116.0,2480.0,4095.0,-2.14,-0.75,0.96,-4.06,2.19,-4.65,j
1301.0,2736.0,3014.0,2662.0,2782.0,3110.0,2497.0,4095.0,-6.96,-0.64,1.97,-4.29,3.81,-3.06,j
1072.0,2698.0,2975.0,2614.0,2740.0,3087.0,2462.0,4095.0,-17.47,-0.94,0.92,-4.72,5.87,-0.17,j
1072.0,2704.0,2960.0,2650.0,2787.0,3105.0,2481.0,4095.0,-23.77,-0.51,4.78,-4.19,5.83,3.92,j
4095.0,2723.0,2987.0,2725.0,2883.0,3150.0,2512.0,4095.0,-20.92,1.45,8.91,-2.23,3.76,6.11,j
1039.0,2716.0,2986.0,2582.0,2774.0,3166.0,2526.0,4095.0,-13.37,2.1,8.07,0.35,2.63,5.34,j
958.0,2695.0,2962.0,2544.0,2763.0,3155.0,2480.0,4095.0,-6.12,4.53,1.2,0.52,1.02,3.87,j
944.0,2690.0,2960.0,2542.0,2751.0,3150.0,2480.0,4095.0,-2.47,6.26,-0.61,0.02,-0.18,1.85,j
937.0,2688.0,2957.0,2525.0,2751.0,3149.0,2480.0,4095.0,-2.08,6.01,0.36,-0.07,-0.21,0.58,j
930.0,2689.0,2957.0,2532.0,2757.0,3152.0,2480.0,4095.0,-3.84,7.19,0.63,-0.18,-0.04,-0.07,j
930.0,2702.0,2960.0,2547.0,2762.0,3152.0,2481.0,4095.0,-4.15,7.83,0.57,0.01,-0.18,-0.15,j
930.0,2683.0,2951.0,2544.0,2768.0,3155.0,2485.0,4095.0,-5.2,8.4,0.44,0.03,0.14,0.03,j
928.0,2688.0,2955.0,2558.0,2765.0,3157.0,2486.0,4095.0,-4.77,8.43,0.01,0.07,0.01,-0.13,j
1071.0,2749.0,3006.0,2717.0,2843.0,3171.0,2512.0,4095.0,4.2,7.23,4.62,-0.12,-0.07,-0.04,j
1071.0,2749.0,3006.0,2717.0,2843.0,3171.0,2512.0,4095.0,4.2,7.23,4.62,-0.12,-0.07,-0.04,j
1070.0,2750.0,3003.0,2720.0,2847.0,3166.0,2507.0,4095.0,4.4,7.24,4.79,-0.04,0.06,0.05,j
1072.0,2752.0,3002.0,2721.0,2839.0,3170.0,2512.0,4095.0,4.31,7.22,4.4,-0.07,-0.07,-0.1,j
1063.0,2750.0,3004.0,2714.0,2848.0,3171.0,2509.0,4095.0,4.66,7.17,4.09,-0.23,0.07,-0.24,j
1061.0,2750.0,3005.0,2657.0,2833.0,3153.0,2493.0,4095.0,7.52,8.67,3.49,-0.71,0.44,-1.73,j
1056.0,2705.0,2972.0,2468.0,2673.0,3102.0,2463.0,4095.0,10.33,7.19,1.94,-3.51,1.13,-5.29,j
960.0,2715.0,2972.0,2452.0,2658.0,3097.0,2499.0,4095.0,1.88,0.46,2.21,-6.45,5.38,-5.27,j
1794.0,2725.0,2973.0,2706.0,2843.0,3082.0,2542.0,4095.0,-12.9,0.19,0.08,-5.68,7.24,-0.25,j
1177.0,2712.0,2959.0,2586.0,2768.0,3122.0,2529.0,4095.0,-22.87,-5.23,4.99,-4.58,7.81,6.13,j
4095.0,2691.0,2960.0,2594.0,2818.0,3151.0,2542.0,4095.0,-12.15,0.73,8.44,0.88,3.58,7.84,j
1161.0,2613.0,2875.0,2475.0,178.0,3049.0,2407.0,4095.0,-2.36,6.87,0.17,1.61,1.34,5.16,j
1092.0,2619.0,2878.0,2485.0,124.0,3071.0,2419.0,4095.0,0.05,8.04,1.08,0.81,-0.11,1.44,j
1104.0,2621.0,2883.0,2509.0,134.0,3067.0,2415.0,4095.0,-3.67,8.64,1.08,0.4,-0.02,0.48,j
1110.0,2623.0,2884.0,2537.0,139.0,3065.0,2407.0,4095.0,-3.57,8.67,0.96,0.09,-0.18,-0.18,j
1104.0,2615.0,2897.0,2551.0,139.0,3067.0,2416.0,4095.0,-4.74,8.78,0.94,0.12,-0.4,-0.15,j
1107.0,2624.0,2890.0,2559.0,144.0,3071.0,2416.0,4095.0,-4.99,8.81,0.05,0.01,0.1,-0.03,j
1107.0,2619.0,2890.0,2559.0,134.0,3079.0,2419.0,4095.0,-3.8,8.74,0.56,-0.02,-0.1,-0.02,j
1105.0,2627.0,2893.0,2559.0,138.0,3066.0,2419.0,4095.0,-4.45,8.49,0.4,-0.06,0.07,-0.04,j
1106.0,2619.0,2895.0,2583.0,141.0,3063.0,2415.0,4095.0,-4.43,8.43,0.5,-0.02,0.03,0.04,j
1072.0,2634.0,2891.0,2835.0,2805.0,3088.0,2432.0,4095.0,4.24,7.73,4.05,-0.09,-0.07,0.04,j
1065.0,2635.0,2897.0,2845.0,2805.0,3089.0,2447.0,4095.0,4.64,7.85,3.55,0.17,0.11,0.17,j
1065.0,2642.0,2909.0,2835.0,2810.0,3090.0,2437.0,4095.0,5.2,7.68,3.11,-0.08,0.15,-0.08,j
1069.0,2640.0,2899.0,2656.0,2807.0,3071.0,2435.0,4095.0,6.6,7.85,2.73,-0.27,0.4,-0.7,j
1054.0,2631.0,2887.0,2733.0,2798.0,3056.0,2415.0,4095.0,9.54,8.33,-0.12,-2.72,0.32,-4.52,j
1192.0,2661.0,2929.0,2496.0,2829.0,3057.0,2465.0,4095.0,11.7,1.81,-1.81,-6.58,1.38,-7.34,j
1271.0,2684.0,2959.0,2512.0,2727.0,3067.0,2523.0,4095.0,-8.33,-3.54,-4.11,-7.26,5.95,-4.62,j
1770.0,2704.0,2981.0,2688.0,2815.0,3136.0,2607.0,4095.0,-17.77,-6.55,4.84,-7.49,6.27,1.94,j
1091.0,2679.0,2955.0,2621.0,2802.0,3143.0,3049.0,4095.0,-25.37,-7.79,8.85,-4.61,5.4,8.73,j
4095.0,2670.0,2949.0,2655.0,2860.0,3181.0,2798.0,4095.0,-11.96,1.56,9.99,0.25,2.84,8.12,j
1779.0,2656.0,2931.0,2447.0,2714.0,3169.0,2502.0,4095.0,-1.92,5.46,3.16,1.91,0.44,4.07,j
1020.0,2661.0,2938.0,2506.0,37.0,3170.0,2509.0,4095.0,-2.13,7.3,-0.67,0.44,0.53,1.47,j
1008.0,2655.0,2941.0,2429.0,27.0,3175.0,2522.0,4095.0,-4.56,7.63,2.06,0.12,-0.74,0.2,j
1001.0,2660.0,2950.0,2455.0,32.0,3179.0,2530.0,4095.0,-6.21,7.62,1.72,0.11,-0.02,0.2,j
987.0,2656.0,2939.0,2451.0,26.0,3181.0,2522.0,4095.0,-4.39,7.99,0.74,0.1,-0.47,-0.09,j
990.0,2666.0,2943.0,2460.0,27.0,3177.0,2524.0,4095.0,-4.65,7.68,0.9,0.05,-0.2,0.01,j
990.0,2658.0,2937.0,2463.0,24.0,3174.0,2526.0,4095.0,-4.62,7.86,0.97,0.06,-0.21,-0.1,j
992.0,2666.0,2937.0,2452.0,29.0,3173.0,2528.0,4095.0,-5.25,8.05,0.71,0.11,-0.0,-0.04,j
989.0,2667.0,2945.0,2464.0,30.0,3183.0,2535.0,4095.0,-4.84,8.14,1.05,0.05,-0.18,-0.04,j
983.0,2657.0,2947.0,2464.0,23.0,3172.0,2522.0,4095.0,-5.2,8.14,0.83,0.04,0.08,-0.02,j
1042.0,2741.0,2998.0,2581.0,2770.0,3171.0,2541.0,4095.0,4.51,8.06,3.04,-0.06,0.12,-0.02,j
1057.0,2747.0,3005.0,2585.0,2781.0,3187.0,2539.0,4095.0,4.67,8.02,3.01,-0.06,-0.02,0.0,j
1043.0,2747.0,3002.0,2591.0,2786.0,3190.0,2530.0,4095.0,4.95,7.76,3.15,-0.03,0.31,-0.01,j
1018.0,2737.0,3003.0,2559.0,2770.0,3180.0,2531.0,4095.0,5.62,7.6,2.89,-0.03,-0.04,-0.27,j
1018.0,2736.0,2997.0,2548.0,2762.0,3161.0,2523.0,4095.0,7.48,8.33,1.71,-0.4,0.15,-1.58,j
1097.0,2750.0,3008.0,2517.0,2823.0,3166.0,2517.0,4095.0,6.92,6.49,-1.06,-2.69,-0.19,-4.53,j
1181.0,2741.0,3007.0,2429.0,2749.0,3135.0,2519.0,4095.0,5.94,3.34,-2.22,-5.76,2.03,-5.92,j
1104.0,2759.0,3024.0,2531.0,2779.0,3162.0,2589.0,4095.0,-10.67,-1.52,-2.01,-8.62,6.55,-3.42,j
993.0,2736.0,2996.0,2546.0,2752.0,3165.0,2583.0,4095.0,-22.99,-3.85,5.67,-5.52,7.39,4.42,j
1047.0,2679.0,2960.0,2559.0,2810.0,3153.0,2522.0,4095.0,-17.45,0.75,8.64,-1.41,5.34,8.46,j
997.0,2610.0,2866.0,2448.0,2686.0,3069.0,2437.0,4095.0,-5.33,4.73,10.06,1.19,1.36,5.47,j
961.0,2597.0,2853.0,2447.0,2719.0,3055.0,2418.0,4095.0,0.39,6.91,2.36,1.48,0.16,2.09,j
961.0,2630.0,2894.0,2445.0,0.0,3100.0,2461.0,4095.0,-3.92,7.44,1.55,0.32,-0.57,0.28,j
944.0,2632.0,2893.0,2448.0,2715.0,3113.0,2458.0,4095.0,-5.11,7.76,2.46,0.26,-0.18,-0.01,j
946.0,2631.0,2896.0,2457.0,2727.0,3099.0,2467.0,4095.0,-4.13,7.99,1.57,0.21,-0.27,-0.03,j
947.0,2630.0,2897.0,2469.0,2735.0,3120.0,2469.0,4095.0,-4.21,8.45,1.38,0.16,0.05,-0.04,j
945.0,2640.0,2906.0,2474.0,2731.0,3114.0,2477.0,4095.0,-4.41,8.25,1.54,0.04,-0.0,-0.08,j
949.0,2638.0,2898.0,2480.0,2736.0,3116.0,2475.0,4095.0,-5.04,8.34,1.51,0.03,-0.01,0.01,j
944.0,2629.0,2899.0,2481.0,2736.0,3110.0,2491.0,4095.0,-4.41,8.31,1.54,-0.01,0.02,0.05,j
944.0,2631.0,2901.0,2485.0,2738.0,3111.0,2480.0,4095.0,-4.62,8.35,1.59,0.02,0.06,0.06,j
981.0,2661.0,2911.0,2539.0,2745.0,3086.0,2420.0,4095.0,4.82,7.26,3.08,-0.15,-0.05,-0.04,j
978.0,2655.0,2911.0,2538.0,2743.0,3088.0,2416.0,4095.0,5.18,7.5,3.23,-0.08,0.13,-0.02,j
993.0,2670.0,2909.0,2543.0,2751.0,3085.0,2426.0,4095.0,5.12,7.11,3.41,-0.23,0.35,-0.17,j
982.0,2674.0,2927.0,2525.0,2731.0,3089.0,2421.0,4095.0,5.92,6.49,2.85,-0.51,0.05,-0.7,j
976.0,2669.0,2915.0,2461.0,2707.0,3062.0,2422.0,4095.0,10.14,6.44,1.24,-1.51,0.32,-3.38,j
899.0,2656.0,2914.0,2368.0,2686.0,3059.0,2431.0,4095.0,10.44,2.09,-3.25,-4.87,2.55,-7.3,j
1133.0,2658.0,2907.0,2506.0,2771.0,3006.0,2455.0,4095.0,-9.31,-4.39,-5.58,-7.04,4.75,-6.63,j
1005.0,2672.0,2919.0,2638.0,2774.0,3035.0,2483.0,4095.0,-19.11,-3.31,4.9,-6.83,7.18,1.02,j
982.0,2663.0,2918.0,2581.0,2705.0,3054.0,2480.0,4095.0,-28.24,-4.46,6.59,-4.89,3.78,6.35,j
1255.0,2653.0,2902.0,2559.0,2677.0,3105.0,2480.0,4095.0,-13.87,-1.34,13.41,-0.04,1.71,6.52,j
1709.0,2638.0,2901.0,2532.0,0.0,3090.0,2451.0,4095.0,-6.11,3.44,5.17,1.69,1.7,4.45,j
929.0,2641.0,2896.0,2512.0,0.0,3088.0,2475.0,4095.0,-2.55,5.77,0.64,0.27,-1.05,1.59,j
908.0,2640.0,2892.0,2527.0,0.0,3105.0,2480.0,4095.0,-4.54,5.1,3.54,-0.26,-0.42,0.75,j
912.0,2640.0,2896.0,2545.0,0.0,3093.0,2486.0,4095.0,-4.37,5.87,3.9,0.13,-0.29,0.27,j
944.0,2638.0,2893.0,2556.0,0.0,3094.0,2480.0,4095.0,-4.61,7.21,2.04,0.25,-0.03,0.1,j
935.0,2647.0,2895.0,2559.0,0.0,3101.0,2480.0,4095.0,-5.22,7.27,2.5,0.11,0.12,0.04,j
937.0,2631.0,2896.0,2551.0,0.0,3095.0,2480.0,4095.0,-4.8,7.84,2.32,0.1,0.09,0.02,j
940.0,2652.0,2885.0,2555.0,0.0,3094.0,2467.0,4095.0,-4.94,7.61,2.35,0.09,-0.12,0.06,j
937.0,2643.0,2893.0,2551.0,0.0,3095.0,2480.0,4095.0,-5.74,7.47,2.68,0.01,0.27,0.08,j
937.0,2640.0,2890.0,2547.0,0.0,3093.0,2479.0,4095.0,-4.98,7.7,2.26,0.09,-0.0,0.11,j
979.0,2672.0,2913.0,2559.0,2770.0,3103.0,2455.0,4095.0,4.27,6.71,2.76,-1.02,0.27,-0.82,j
992.0,2663.0,2912.0,2500.0,2720.0,3098.0,2464.0,4095.0,2.86,7.22,4.13,-1.27,0.07,-1.09,j
981.0,2672.0,2922.0,2555.0,2755.0,3103.0,2469.0,4095.0,2.51,6.68,5.57,-0.93,0.24,-0.69,j
978.0,2669.0,2909.0,2523.0,2779.0,3091.0,2458.0,4095.0,5.88,6.86,2.81,-1.56,1.13,-1.89,j
1611.0,2645.0,2749.0,2470.0,2748.0,3059.0,2448.0,4095.0,4.09,3.98,-1.8,-5.13,4.49,-5.66,j
1231.0,2659.0,2902.0,2559.0,2697.0,3081.0,2938.0,4095.0,-11.01,0.89,1.95,-7.05,7.43,-2.27,j
980.0,2654.0,2899.0,2528.0,2672.0,3114.0,2499.0,4095.0,-23.48,0.76,4.47,-3.19,8.37,5.8,j
4095.0,2626.0,2878.0,2681.0,2864.0,3101.0,2485.0,4095.0,-17.86,3.45,5.84,-1.43,4.11,6.89,j
3494.0,2623.0,2862.0,2704.0,2886.0,3090.0,2470.0,4095.0,-8.63,3.93,7.3,0.27,0.6,3.57,j
930.0,2637.0,2883.0,2608.0,0.0,3104.0,2480.0,4095.0,-1.12,5.21,2.4,0.81,0.53,1.98,j
944.0,2672.0,2911.0,2608.0,0.0,3149.0,2512.0,4095.0,-3.9,6.28,1.98,0.15,-0.62,0.56,j
943.0,2677.0,2928.0,2598.0,0.0,3153.0,2518.0,4095.0,-4.3,7.07,2.01,0.29,0.05,0.15,j
943.0,2676.0,2919.0,2604.0,0.0,3158.0,2519.0,4095.0,-4.41,8.03,1.25,0.14,-0.34,-0.01,j
944.0,2686.0,2927.0,2608.0,0.0,3169.0,2543.0,4095.0,-5.11,8.45,1.33,0.07,0.3,-0.0,j
941.0,2688.0,2933.0,2608.0,0.0,3155.0,2527.0,4095.0,-4.95,8.05,1.62,0.05,0.1,0.06,j
942.0,2685.0,2929.0,2605.0,0.0,3149.0,2538.0,4095.0,-5.03,8.14,0.92,-0.0,0.2,0.05,j
939.0,2683.0,2928.0,2604.0,0.0,3169.0,2539.0,4095.0,-4.65,7.87,1.28,-0.09,0.08,-0.03,j
936.0,2681.0,2926.0,2602.0,0.0,3159.0,2528.0,4095.0,-5.3,7.93,1.52,0.02,0.11,-0.04,j
939.0,2687.0,2928.0,2606.0,0.0,3166.0,2530.0,4095.0,-5.29,7.95,1.13,0.07,0.03,0.03,j
939.0,2686.0,2946.0,2607.0,0.0,3165.0,2528.0,4095.0,-5.31,8.19,0.92,-0.0,0.09,0.07,j
923.0,2690.0,2939.0,2372.0,2612.0,3119.0,2438.0,4095.0,4.76,6.36,2.31,-0.94,-0.1,-0.94,j
930.0,2673.0,2925.0,2434.0,2684.0,3071.0,2431.0,4095.0,5.05,6.36,1.02,-1.43,0.83,-2.12,j
944.0,2672.0,2911.0,2447.0,2681.0,3053.0,2413.0,4095.0,4.28,5.08,-0.65,-3.74,0.69,-4.91,j
1109.0,2667.0,2911.0,2651.0,2813.0,3055.0,2432.0,4095.0,1.76,1.44,1.57,-6.35,3.35,-5.51,j
1008.0,2686.0,2919.0,2691.0,2778.0,3061.0,2448.0,4095.0,-15.16,-0.91,4.09,-5.5,7.41,-1.14,j
967.0,2672.0,2910.0,2615.0,2770.0,3071.0,2448.0,4095.0,-22.8,2.3,3.68,-3.87,7.05,4.01,j
947.0,2660.0,2919.0,2672.0,2804.0,3109.0,2474.0,4095.0,-17.52,2.72,9.22,-1.07,4.61,6.39,j
3654.0,2630.0,2877.0,2717.0,0.0,3085.0,2448.0,4095.0,-8.59,5.1,7.3,-0.01,1.32,4.21,j
963.0,2644.0,2884.0,2607.0,1.0,3095.0,2460.0,4095.0,-2.37,5.08,2.06,1.03,0.44,1.88,j
964.0,2644.0,2892.0,2604.0,0.0,3101.0,2466.0,4095.0,-3.79,5.96,-0.14,0.1,-0.29,0.4,j
957.0,2646.0,2890.0,2672.0,0.0,3095.0,2459.0,4095.0,-4.89,6.74,1.17,-0.19,-0.15,0.05,j
958.0,2650.0,2893.0,2679.0,0.0,3114.0,2465.0,4095.0,-5.74,7.29,1.4,-0.09,0.01,-0.02,j
959.0,2640.0,2887.0,2681.0,0.0,3104.0,2467.0,4095.0,-5.14,7.64,0.92,0.14,0.15,0.05,j
957.0,2640.0,2888.0,2679.0,0.0,3099.0,2474.0,4095.0,-5.34,7.74,0.78,-0.13,-0.03,-0.08,j
960.0,2650.0,2895.0,2681.0,0.0,3111.0,2467.0,4095.0,-5.72,7.73,1.16,-0.09,0.08,-0.04,j
958.0,2647.0,2889.0,2678.0,0.0,3111.0,2464.0,4095.0,-5.72,7.38,1.32,-0.03,0.01,-0.0,j
956.0,2641.0,2885.0,2672.0,0.0,3105.0,2464.0,4095.0,-5.65,7.59,0.89,0.02,0.05,-0.03,j
956.0,2640.0,2889.0,2653.0,0.0,3104.0,2462.0,4095.0,-5.27,7.55,0.91,-0.06,-0.06,-0.13,j
954.0,2654.0,2892.0,2640.0,0.0,3103.0,2455.0,4095.0,-5.93,7.6,1.16,-0.02,-0.01,-0.08,j
957.0,2646.0,2893.0,2637.0,0.0,3101.0,2463.0,4095.0,-5.75,7.47,1.3,-0.01,-0.0,0.0,j
996.0,2734.0,2976.0,2631.0,27.0,3146.0,2480.0,4095.0,3.98,8.32,4.19,0.03,0.35,-0.04,j
991.0,2723.0,2965.0,2630.0,29.0,3152.0,2480.0,4095.0,3.74,7.95,3.99,-0.05,-0.07,-0.01,j
987.0,2733.0,2965.0,2631.0,30.0,3154.0,2496.0,4095.0,3.85,7.93,3.6,0.01,0.15,0.03,j
994.0,2731.0,2966.0,2605.0,33.0,3144.0,2487.0,4095.0,6.37,8.82,2.43,-0.49,0.28,-0.57,j
1019.0,2743.0,2987.0,2462.0,52.0,3143.0,2511.0,4095.0,8.39,7.96,-1.68,-3.7,0.99,-5.58,j
1200.0,2710.0,2947.0,2471.0,2782.0,3094.0,2498.0,4095.0,5.66,2.2,0.3,-7.24,1.71,-6.6,j
963.0,2733.0,2955.0,2655.0,2775.0,3127.0,2590.0,4095.0,-10.74,-2.77,4.86,-7.65,8.05,0.19,j
1003.0,2727.0,2950.0,2512.0,2912.0,3173.0,2599.0,4095.0,-26.85,-7.41,7.35,-3.87,8.53,7.27,j
1078.0,2654.0,2913.0,2452.0,2869.0,3137.0,2422.0,4095.0,-11.57,2.12,4.79,0.75,4.73,8.14,j
1032.0,2530.0,2775.0,2477.0,0.0,2964.0,2331.0,4095.0,0.24,6.9,2.95,0.27,-0.47,2.25,j
916.0,2609.0,2871.0,2446.0,0.0,3071.0,2410.0,4095.0,-4.01,6.64,3.61,0.09,-0.56,0.12,j
931.0,2622.0,2877.0,2448.0,0.0,3083.0,2432.0,4095.0,-6.1,6.47,3.45,0.25,-0.38,-0.14,j
922.0,2619.0,2879.0,2477.0,0.0,3086.0,2438.0,4095.0,-6.14,6.92,1.82,0.25,0.05,-0.25,j
924.0,2614.0,2875.0,2480.0,0.0,3071.0,2439.0,4095.0,-6.03,7.42,2.26,0.16,-0.16,-0.05,j
918.0,2615.0,2877.0,2495.0,0.0,3086.0,2446.0,4095.0,-6.38,7.14,2.23,0.01,0.12,0.02,j
907.0,2623.0,2879.0,2491.0,0.0,3086.0,2448.0,4095.0,-5.6,7.25,2.15,-0.02,0.01,-0.03,j
910.0,2622.0,2867.0,2494.0,0.0,3070.0,2443.0,4095.0,-5.81,6.94,2.21,-0.04,-0.09,0.01,j
907.0,2615.0,2880.0,2496.0,0.0,3088.0,2448.0,4095.0,-5.84,7.13,2.15,-0.07,-0.02,-0.01,j
907.0,2621.0,2879.0,2501.0,0.0,3071.0,2458.0,4095.0,-5.95,6.97,2.42,-0.11,0.02,-0.02,j
912.0,2624.0,2877.0,2516.0,0.0,3088.0,2454.0,4095.0,-5.92,7.03,2.37,-0.05,0.04,0.02,j
969.0,2706.0,2983.0,2559.0,2838.0,3161.0,2442.0,4095.0,3.01,9.02,1.67,-0.06,0.12,-0.04,j
960.0,2686.0,2964.0,2559.0,2833.0,3136.0,2425.0,4095.0,3.55,8.3,2.39,0.07,0.03,0.12,j
975.0,2694.0,2980.0,2582.0,2847.0,3141.0,2441.0,4095.0,4.51,8.7,1.27,-0.21,-0.03,-0.04,j
979.0,2698.0,2979.0,2555.0,2832.0,3127.0,2418.0,4095.0,7.26,9.39,0.19,-1.27,0.02,-1.33,j
1005.0,2690.0,2960.0,2443.0,2778.0,3120.0,2430.0,4095.0,9.68,6.93,-2.71,-5.34,0.58,-5.73,j
1520.0,2700.0,2972.0,2447.0,2723.0,3127.0,2479.0,4095.0,-1.28,-1.81,-3.8,-8.73,5.31,-5.74,j
1106.0,2704.0,2800.0,2749.0,2843.0,3166.0,2599.0,4095.0,-19.35,-6.4,9.8,-6.88,6.53,1.65,j
1121.0,2694.0,2970.0,2485.0,2815.0,3143.0,2498.0,4095.0,-19.14,-0.08,7.4,-2.05,4.52,8.05,j
1258.0,2701.0,2966.0,2500.0,49.0,3184.0,2512.0,4095.0,-11.03,3.16,8.05,0.03,4.81,7.6,j
1175.0,2622.0,2889.0,2524.0,22.0,3088.0,2433.0,4095.0,-2.06,5.76,5.12,0.96,-0.62,1.89,j
1219.0,2593.0,2863.0,2679.0,231.0,3059.0,2416.0,4095.0,-3.77,6.68,2.76,0.53,0.58,0.71,j
1198.0,2606.0,2860.0,2695.0,200.0,3069.0,2429.0,4095.0,-4.58,6.56,3.26,0.14,-0.56,-0.07,j
1200.0,2602.0,2873.0,2711.0,208.0,3081.0,2434.0,4095.0,-5.73,7.31,2.55,0.1,-0.03,-0.12,j
1196.0,2620.0,2880.0,2715.0,202.0,3109.0,2451.0,4095.0,-4.93,7.68,2.59,0.16,-0.12,-0.07,j
1187.0,2624.0,2883.0,2713.0,201.0,3089.0,2443.0,4095.0,-4.9,7.65,2.32,0.11,0.12,-0.01,j
1184.0,2615.0,2884.0,2718.0,208.0,3089.0,2448.0,4095.0,-5.06,7.31,2.74,0.08,0.03,-0.05,j
1183.0,2621.0,2885.0,2711.0,205.0,3089.0,2449.0,4095.0,-5.17,7.35,2.23,0.11,0.05,0.0,j
1174.0,2611.0,2875.0,2707.0,209.0,3088.0,2441.0,4095.0,-5.34,7.55,2.1,0.02,0.13,-0.05,j
1175.0,2625.0,2878.0,2713.0,198.0,3094.0,2448.0,4095.0,-5.21,7.5,2.46,0.04,-0.03,-0.12,j
1170.0,2625.0,2879.0,2701.0,197.0,3088.0,2444.0,4095.0,-5.49,7.7,2.3,0.03,0.05,-0.02,j
918.0,2613.0,2865.0,2516.0,2762.0,3042.0,2394.0,4095.0,2.8,8.28,4.16,-0.1,-0.05,0.13,j
938.0,2611.0,2864.0,2502.0,2741.0,3034.0,2386.0,4095.0,3.22,8.68,3.5,-0.11,0.01,0.05,j
1006.0,2624.0,2864.0,2545.0,2783.0,3035.0,2384.0,4095.0,4.36,7.87,2.89,-0.33,0.31,-0.09,j
1006.0,2624.0,2861.0,2465.0,2767.0,3033.0,2370.0,4095.0,7.83,8.04,1.85,-1.08,1.06,-1.99,j
994.0,2627.0,2870.0,2411.0,2821.0,3016.0,2373.0,4095.0,8.89,4.36,-0.12,-3.77,2.74,-6.35,j
1008.0,2624.0,2880.0,2394.0,2789.0,3026.0,2421.0,4095.0,-8.68,-0.56,-5.99,-8.1,8.32,-6.42,j
1142.0,2617.0,2878.0,2529.0,2880.0,3048.0,2448.0,4095.0,-23.94,-2.69,3.68,-4.58,6.9,3.25,j
1101.0,2608.0,2864.0,2442.0,1.0,3069.0,2480.0,4095.0,-18.57,2.29,3.56,-3.79,5.22,7.2,j
960.0,2603.0,2856.0,2471.0,0.0,3069.0,2475.0,4095.0,-3.51,3.91,9.64,-0.46,0.74,4.36,j
963.0,2619.0,2864.0,2447.0,0.0,3082.0,2431.0,4095.0,-2.13,6.22,2.12,1.45,-0.15,2.01,j
958.0,2626.0,2879.0,2465.0,0.0,3099.0,2453.0,4095.0,-3.87,7.41,0.21,0.17,-0.18,0.42,j
957.0,2626.0,2880.0,2501.0,0.0,3104.0,2463.0,4095.0,-5.42,7.06,2.09,0.0,-0.17,0.13,j
951.0,2631.0,2885.0,2532.0,0.0,3104.0,2462.0,4095.0,-5.05,7.75,1.38,-0.02,-0.03,-0.09,j
958.0,2630.0,2877.0,2545.0,0.0,3101.0,2461.0,4095.0,-5.71,7.8,1.39,0.08,-0.13,-0.02,j
959.0,2623.0,2880.0,2550.0,0.0,3093.0,2462.0,4095.0,-5.74,7.91,1.03,-0.06,0.07,0.0,j
950.0,2625.0,2883.0,2543.0,0.0,3098.0,2463.0,4095.0,-4.91,7.97,1.46,-0.01,-0.11,0.08,j
953.0,2629.0,2877.0,2555.0,0.0,3097.0,2473.0,4095.0,-5.52,7.82,1.19,-0.03,-0.04,-0.0,j
958.0,2629.0,2885.0,2558.0,0.0,3115.0,2469.0,4095.0,-5.13,7.75,1.37,0.01,0.05,0.06,j
950.0,2627.0,2879.0,2559.0,0.0,3111.0,2475.0,4095.0,-5.18,7.92,1.33,0.01,0.02,0.1,j
951.0,2622.0,2880.0,2559.0,0.0,3101.0,2467.0,4095.0,-4.97,7.9,1.3,-0.05,-0.02,0.05,j
940.0,2600.0,2839.0,2603.0,0.0,3031.0,2391.0,4095.0,3.43,8.22,3.97,0.02,0.36,0.07,j
939.0,2606.0,2841.0,2608.0,0.0,3035.0,2385.0,4095.0,2.93,7.81,4.16,-0.15,0.08,-0.05,j
937.0,2607.0,2834.0,2594.0,0.0,3022.0,2384.0,4095.0,5.37,7.37,3.88,-0.26,0.0,-0.25,j
938.0,2603.0,2838.0,2559.0,0.0,3019.0,2368.0,4095.0,7.61,7.29,1.34,-1.51,0.56,-2.35,j
944.0,2608.0,2851.0,2513.0,0.0,3021.0,2379.0,4095.0,9.01,4.34,0.15,-4.07,2.22,-5.62,j
1363.0,2624.0,2864.0,2613.0,2848.0,3024.0,2475.0,4095.0,-5.08,-2.41,-2.54,-6.16,4.42,-6.11,j
1346.0,2629.0,2863.0,2607.0,2770.0,3005.0,2461.0,4095.0,-12.93,-1.17,-4.14,-6.35,7.05,-1.61,j
1234.0,2640.0,2864.0,2736.0,2896.0,3011.0,2585.0,4095.0,-25.37,-3.0,-3.15,-6.52,5.97,2.77,j
1086.0,2624.0,2854.0,2720.0,2881.0,3017.0,2631.0,4095.0,-24.15,-0.22,4.07,-3.72,3.35,4.73,j
2107.0,2624.0,2859.0,2738.0,0.0,3063.0,2459.0,4095.0,-14.77,-1.06,7.39,-0.63,0.77,4.96,j
3886.0,2641.0,2882.0,2727.0,0.0,3069.0,2795.0,4095.0,-8.58,1.51,2.11,0.27,1.06,3.76,j
1446.0,2611.0,2850.0,2630.0,0.0,3037.0,2441.0,4095.0,-6.45,3.26,0.85,-0.33,-0.71,1.58,j
1600.0,2672.0,2913.0,2651.0,0.0,3136.0,2512.0,4095.0,-6.79,3.93,1.57,-0.24,-0.57,0.82,j
961.0,2672.0,2927.0,2665.0,0.0,3137.0,2518.0,4095.0,-5.23,4.5,2.35,-0.02,-0.17,0.5,j
969.0,2676.0,2933.0,2667.0,0.0,3151.0,2519.0,4095.0,-5.12,5.95,1.78,0.22,-0.6,0.0,j
969.0,2674.0,2927.0,2647.0,0.0,3141.0,2524.0,4095.0,-6.72,6.52,1.13,0.28,-0.03,0.11,j
969.0,2686.0,2935.0,2661.0,0.0,3152.0,2529.0,4095.0,-6.45,7.24,0.66,0.2,-0.33,-0.16,j
967.0,2683.0,2931.0,2662.0,0.0,3158.0,2531.0,4095.0,-6.44,7.03,0.74,0.13,-0.04,0.14,j
971.0,2686.0,2928.0,2647.0,0.0,3150.0,2528.0,4095.0,-6.41,7.12,0.87,0.09,-0.07,0.0,j
974.0,2685.0,2926.0,2640.0,0.0,3136.0,2526.0,4095.0,-6.39,6.83,1.1,0.09,-0.16,0.04,j
902.0,2686.0,2930.0,2589.0,0.0,3120.0,2457.0,4095.0,3.75,8.27,3.65,-0.03,0.08,-0.07,j
906.0,2689.0,2935.0,2627.0,0.0,3135.0,2473.0,4095.0,4.16,7.84,3.67,-0.07,0.08,-0.07,j
909.0,2695.0,2926.0,2636.0,0.0,3125.0,2474.0,4095.0,4.27,7.61,2.97,-0.14,0.32,-0.27,j
907.0,2695.0,2933.0,2639.0,0.0,3120.0,2464.0,4095.0,4.98,7.13,2.19,-0.69,0.55,-0.81,j
907.0,2697.0,2943.0,2634.0,0.0,3120.0,2461.0,4095.0,4.36,5.96,1.96,-1.3,0.64,-1.38,j
905.0,2698.0,2930.0,2641.0,0.0,3119.0,2475.0,4095.0,3.65,5.06,2.04,-2.18,0.64,-2.45,j
906.0,2701.0,2929.0,2631.0,0.0,3110.0,2470.0,4095.0,1.55,4.2,3.17,-3.18,0.98,-3.48,j
912.0,2696.0,2930.0,2667.0,2785.0,3120.0,2469.0,4095.0,-1.83,2.09,6.13,-4.62,2.27,-3.63,j
935.0,2690.0,2925.0,2655.0,2751.0,3102.0,2553.0,4095.0,-8.8,0.51,6.57,-4.24,4.46,-2.14,j
910.0,2695.0,2933.0,2703.0,2767.0,3103.0,2549.0,4095.0,-13.05,-1.2,6.94,-3.83,4.75,0.02,j
919.0,2705.0,2929.0,2738.0,2799.0,3106.0,2896.0,4095.0,-14.59,-0.22,4.72,-2.94,4.23,1.99,j
912.0,2661.0,2898.0,2641.0,2700.0,3057.0,2474.0,4095.0,-14.82,-1.0,5.5,-2.63,3.01,3.39,j
1158.0,2730.0,2961.0,2738.0,2811.0,3172.0,2665.0,4095.0,-12.62,0.53,5.73,-0.62,2.46,3.94,j
1174.0,2688.0,2915.0,2672.0,23.0,3130.0,2535.0,4095.0,-10.56,1.82,3.73,-0.17,2.07,4.08,j
1571.0,2704.0,2937.0,2593.0,8.0,3161.0,2535.0,4095.0,-7.3,4.17,1.04,0.42,1.14,3.06,j
1271.0,2715.0,2943.0,2600.0,16.0,3177.0,2526.0,4095.0,-4.94,5.85,-0.47,0.13,0.57,1.8,j
1044.0,2693.0,2929.0,2580.0,2.0,3174.0,2530.0,4095.0,-4.9,6.21,0.57,-0.2,0.04,0.78,j
1013.0,2698.0,2928.0,2559.0,0.0,3172.0,2529.0,4095.0,-5.57,6.28,1.2,-0.15,-0.24,0.11,j
1039.0,2709.0,2950.0,2559.0,0.0,3186.0,2544.0,4095.0,-5.72,6.65,0.83,0.04,-0.01,0.0,j
1089.0,2710.0,2946.0,2559.0,0.0,3185.0,2544.0,4095.0,-6.66,7.1,-0.08,-0.02,0.03,0.0,j
944.0,2669.0,2903.0,2641.0,0.0,3123.0,2483.0,4095.0,2.56,7.05,4.73,0.2,-0.21,0.13,j
943.0,2655.0,2899.0,2645.0,0.0,3120.0,2479.0,4095.0,2.95,7.76,4.01,0.1,0.11,0.25,j
945.0,2665.0,2899.0,2660.0,0.0,3120.0,2480.0,4095.0,4.07,7.58,4.18,-0.04,0.05,-0.0,j
943.0,2655.0,2897.0,2661.0,0.0,3117.0,2475.0,4095.0,4.58,7.74,3.54,-0.29,0.2,-0.23,j
956.0,2665.0,2898.0,2640.0,0.0,3111.0,2478.0,4095.0,5.64,8.05,3.41,-1.07,0.42,-1.37,j
991.0,2659.0,2896.0,2624.0,0.0,3110.0,2855.0,4095.0,4.39,6.63,3.21,-2.65,1.23,-2.82,j
981.0,2670.0,2910.0,2684.0,0.0,3099.0,2559.0,4095.0,1.27,4.71,3.63,-3.43,0.77,-3.7,j
974.0,2688.0,2935.0,2718.0,2791.0,3102.0,2511.0,4095.0,-0.11,2.13,5.29,-3.79,1.96,-3.59,j
963.0,2689.0,2915.0,2752.0,2813.0,3086.0,2549.0,4095.0,-4.87,1.12,4.49,-3.27,3.64,-1.73,j
1102.0,2695.0,2928.0,2759.0,2768.0,3070.0,2559.0,4095.0,-7.82,0.16,5.96,-3.79,3.12,-0.79,j
959.0,2695.0,2919.0,2815.0,2805.0,3071.0,2544.0,4095.0,-10.29,-0.49,6.14,-3.48,4.14,1.17,j
973.0,2704.0,2936.0,2699.0,2823.0,3108.0,2540.0,4095.0,-13.91,-1.51,4.1,-3.35,3.65,3.26,j
1008.0,2674.0,2917.0,2685.0,2850.0,3111.0,2751.0,4095.0,-14.16,-1.33,6.13,-2.15,3.09,4.54,j
927.0,2645.0,2874.0,2662.0,2823.0,3094.0,2559.0,4095.0,-11.71,-0.03,7.14,-0.35,1.86,3.95,j
1049.0,2622.0,2863.0,2559.0,0.0,3071.0,2469.0,4095.0,-8.36,2.94,2.79,0.43,1.27,3.76,j
3837.0,2610.0,2858.0,2635.0,0.0,3082.0,2467.0,4095.0,-6.79,5.46,0.44,0.36,0.96,2.78,j
1797.0,2630.0,2864.0,2550.0,0.0,3090.0,2455.0,4095.0,-4.95,5.96,0.64,-0.16,-0.04,1.59,j
1587.0,2620.0,2855.0,2543.0,0.0,3088.0,2462.0,4095.0,-5.19,6.13,1.56,-0.15,0.06,0.8,j
1345.0,2618.0,2862.0,2548.0,0.0,3086.0,2463.0,4095.0,-5.0,6.76,1.47,-0.09,-0.24,0.16,j
1143.0,2610.0,2850.0,2543.0,0.0,3084.0,2459.0,4095.0,-5.47,6.86,1.9,-0.01,-0.26,0.22,j
950.0,2682.0,2928.0,2635.0,0.0,3136.0,2474.0,4095.0,3.16,8.7,3.29,-0.11,0.24,-0.14,j
958.0,2686.0,2929.0,2628.0,0.0,3143.0,2480.0,4095.0,2.73,8.98,3.08,-0.17,0.16,-0.09,j
957.0,2690.0,2929.0,2640.0,0.0,3140.0,2479.0,4095.0,3.53,8.27,3.49,-0.37,-0.32,-0.04,j
962.0,2677.0,2921.0,2637.0,0.0,3136.0,2478.0,4095.0,4.15,7.96,3.12,-0.34,0.22,-0.32,j
955.0,2684.0,2925.0,2642.0,0.0,3136.0,2476.0,4095.0,4.1,7.98,2.17,-1.21,-0.08,-1.12,j
967.0,2682.0,2923.0,2594.0,0.0,3136.0,2745.0,4095.0,4.05,7.13,1.96,-2.23,0.76,-2.59,j
1009.0,2684.0,2923.0,2599.0,0.0,3117.0,2481.0,4095.0,2.47,6.23,2.85,-3.4,1.11,-3.89,j
966.0,2690.0,2934.0,2655.0,2845.0,3109.0,2512.0,4095.0,-1.59,2.72,3.4,-4.5,3.14,-3.36,j
1059.0,2747.0,2981.0,2789.0,2885.0,3147.0,2559.0,4095.0,-6.81,1.39,4.91,-4.46,3.75,-1.79,j
1083.0,2769.0,2998.0,2842.0,2911.0,3175.0,2849.0,4095.0,-9.94,0.68,5.22,-3.77,5.06,0.13,j
1072.0,2765.0,2991.0,2829.0,2918.0,3173.0,2700.0,4095.0,-14.07,0.92,2.89,-3.31,4.55,2.63,j
1105.0,2751.0,2986.0,2803.0,2913.0,3181.0,3198.0,4095.0,-14.35,0.12,5.46,-2.96,3.85,4.45,j
974.0,2685.0,2930.0,2752.0,2859.0,3165.0,2546.0,4095.0,-11.38,1.7,7.4,-0.77,2.8,3.73,j
1399.0,2693.0,2928.0,2697.0,0.0,3165.0,2663.0,4095.0,-7.05,4.31,3.0,0.37,1.82,2.86,j
4095.0,2691.0,2929.0,2750.0,0.0,3184.0,3181.0,4095.0,-6.82,5.86,0.27,0.23,0.85,1.36,j
1187.0,2689.0,2944.0,2663.0,0.0,3183.0,2535.0,4095.0,-6.51,5.65,0.96,-0.05,-0.08,0.48,j
1296.0,2704.0,2940.0,2671.0,0.0,3183.0,2547.0,4095.0,-6.56,5.85,1.02,0.11,-0.17,0.27,j
1310.0,2704.0,2949.0,2672.0,0.0,3214.0,2554.0,4095.0,-6.72,6.39,0.18,0.1,0.23,0.09,j
1098.0,2695.0,2944.0,2659.0,0.0,3184.0,2545.0,4095.0,-7.03,6.33,0.48,-0.04,0.02,0.09,j
1191.0,2704.0,2941.0,2666.0,0.0,3186.0,2544.0,4095.0,-7.24,6.69,0.35,0.03,0.12,0.15,j
927.0,2621.0,2853.0,2657.0,0.0,3056.0,2404.0,4095.0,3.12,8.59,3.3,-0.16,-0.17,-0.19,j
929.0,2617.0,2835.0,2666.0,0.0,3039.0,2397.0,4095.0,2.99,8.54,3.17,-0.21,-0.08,-0.16,j
928.0,2619.0,2847.0,2669.0,0.0,3043.0,2400.0,4095.0,3.81,7.88,3.01,-0.32,-0.14,-0.18,j
929.0,2624.0,2847.0,2608.0,0.0,3033.0,2385.0,4095.0,6.26,9.73,2.43,-1.23,0.66,-1.7,j
933.0,2617.0,2857.0,2582.0,0.0,3015.0,2406.0,4095.0,4.31,7.18,0.74,-4.02,0.07,-4.59,j
991.0,2640.0,2850.0,2672.0,2832.0,3008.0,2443.0,4095.0,1.03,3.66,2.7,-5.62,3.29,-4.58,j
958.0,2654.0,2871.0,2918.0,2848.0,3015.0,2492.0,4095.0,-8.11,-0.17,6.34,-4.67,2.97,-2.65,j
960.0,2654.0,2875.0,2949.0,2861.0,3024.0,2506.0,4095.0,-9.5,0.29,4.77,-3.45,3.3,0.14,j
1048.0,2639.0,2875.0,2781.0,2888.0,3035.0,2485.0,4095.0,-15.25,-1.77,3.82,-3.85,4.92,4.98,j
1239.0,2628.0,2869.0,2751.0,2895.0,3056.0,2517.0,4095.0,-10.66,-0.5,9.41,-1.92,4.54,6.98,j
4095.0,2611.0,2873.0,2788.0,0.0,3093.0,2448.0,4095.0,-9.61,3.95,5.68,0.59,2.69,4.66,j
1062.0,2622.0,2862.0,2683.0,0.0,3088.0,2442.0,4095.0,-4.85,6.96,1.5,0.51,1.8,2.21,j
1075.0,2619.0,2864.0,2669.0,0.0,3088.0,2448.0,4095.0,-5.72,7.02,0.58,0.44,0.04,0.93,j
998.0,2621.0,2863.0,2677.0,7.0,3116.0,2445.0,4095.0,-6.17,6.85,1.46,0.14,0.43,0.44,j
978.0,2615.0,2862.0,2687.0,0.0,3098.0,2461.0,4095.0,-5.29,7.31,0.88,0.31,-0.19,0.03,j
990.0,2608.0,2858.0,2671.0,0.0,3088.0,2455.0,4095.0,-6.8,7.39,0.48,0.07,0.11,0.02,j
990.0,2617.0,2862.0,2672.0,3.0,3093.0,2449.0,4095.0,-6.04,7.58,0.55,0.08,-0.12,0.01,j
992.0,2624.0,2862.0,2672.0,0.0,3090.0,2460.0,4095.0,-6.39,7.33,0.18,-0.07,0.06,0.02,j
992.0,2608.0,2862.0,2669.0,0.0,3088.0,2455.0,4095.0,-6.01,7.38,0.7,-0.02,-0.07,-0.01,j
987.0,2617.0,2861.0,2675.0,1.0,3091.0,2462.0,4095.0,-6.25,7.41,0.31,-0.11,-0.0,0.09,j
969.0,2641.0,2877.0,2710.0,1.0,3084.0,2441.0,4095.0,3.03,8.34,3.34,-0.13,0.08,0.0,j
973.0,2643.0,2871.0,2704.0,0.0,3087.0,2442.0,4095.0,3.05,8.31,3.33,-0.21,-0.01,-0.01,j
972.0,2645.0,2867.0,2699.0,8.0,3083.0,2447.0,4095.0,4.43,7.99,2.64,-0.34,0.35,0.09,j
970.0,2645.0,2880.0,2640.0,1.0,3056.0,2421.0,4095.0,5.01,8.58,1.8,-1.41,0.85,-1.46,j
964.0,2640.0,2871.0,2615.0,9.0,3041.0,2432.0,4095.0,5.39,7.58,2.64,-3.49,-0.41,-4.21,j
1408.0,2647.0,2877.0,2720.0,2.0,3045.0,2459.0,4095.0,-0.19,2.17,5.05,-5.09,2.18,-5.05,j
967.0,2655.0,2874.0,2747.0,2880.0,3037.0,2506.0,4095.0,-6.7,0.49,8.28,-2.88,1.59,-2.71,j
973.0,2668.0,2880.0,2747.0,2883.0,3038.0,2514.0,4095.0,-6.39,1.46,5.74,-2.87,3.68,-1.07,j
1008.0,2656.0,2864.0,2770.0,2889.0,3037.0,2522.0,4095.0,-8.49,0.91,5.4,-2.62,2.75,0.25,j
959.0,2640.0,2869.0,2741.0,2897.0,3049.0,2611.0,4095.0,-11.58,0.01,3.82,-3.55,5.19,3.33,j
1007.0,2653.0,2887.0,2727.0,2915.0,3104.0,2550.0,4095.0,-11.78,0.48,5.14,-2.36,3.46,4.49,j
1199.0,2643.0,2878.0,2695.0,3.0,3111.0,2492.0,4095.0,-9.46,2.83,5.22,-0.92,2.91,4.0,j
4095.0,2635.0,2871.0,2711.0,0.0,3117.0,2471.0,4095.0,-8.02,4.42,3.84,0.46,1.32,3.31,j
942.0,2638.0,2871.0,2623.0,0.0,3121.0,2481.0,4095.0,-6.74,6.12,0.78,0.89,1.16,2.24,j
949.0,2637.0,2864.0,2619.0,0.0,3117.0,2475.0,4095.0,-5.37,7.1,-0.29,0.23,0.06,0.83,j
945.0,2637.0,2871.0,2623.0,0.0,3120.0,2480.0,4095.0,-7.29,6.77,0.31,0.14,0.2,0.53,j
947.0,2641.0,2880.0,2625.0,0.0,3125.0,2486.0,4095.0,-5.65,7.14,0.37,0.03,-0.03,0.19,j
944.0,2631.0,2878.0,2624.0,0.0,3129.0,2502.0,4095.0,-6.32,7.0,0.26,0.03,-0.09,0.04,j
947.0,2644.0,2875.0,2640.0,0.0,3130.0,2501.0,4095.0,-6.09,7.2,-0.08,-0.06,0.16,0.05,j
961.0,2640.0,2879.0,2642.0,0.0,3130.0,2493.0,4095.0,-6.18,7.44,0.24,0.05,-0.17,-0.09,j
944.0,2643.0,2877.0,2719.0,0.0,3067.0,2422.0,4095.0,2.12,8.32,4.01,-0.17,0.27,-0.03,j
943.0,2643.0,2874.0,2729.0,0.0,3057.0,2427.0,4095.0,2.47,7.82,4.03,-0.19,-0.07,0.02,j
944.0,2653.0,2879.0,2726.0,0.0,3053.0,2415.0,4095.0,4.75,7.11,3.62,-0.21,0.09,-0.35,j
943.0,2647.0,2875.0,2624.0,0.0,3023.0,2397.0,4095.0,7.96,7.81,1.48,-1.28,-0.07,-4.22,j
946.0,2639.0,2859.0,2509.0,2832.0,2973.0,2398.0,4095.0,2.43,3.83,-3.42,-4.57,-0.86,-7.02,j
1411.0,2634.0,2849.0,2735.0,2907.0,2972.0,2432.0,4095.0,-5.43,-1.42,0.53,-7.7,3.56,-5.0,j
976.0,2640.0,2869.0,2852.0,2880.0,3014.0,2479.0,4095.0,-21.79,-4.49,4.83,-6.83,6.53,1.77,j
975.0,2611.0,2834.0,2817.0,2895.0,3030.0,2453.0,4095.0,-22.4,-4.64,12.22,-3.23,3.53,8.59,j
1023.0,2615.0,2830.0,2769.0,2882.0,3055.0,2426.0,4095.0,-7.4,1.22,11.74,1.28,2.95,7.48,j
977.0,2640.0,2864.0,2700.0,14.0,3097.0,2453.0,4095.0,-2.14,4.96,1.06,1.41,0.22,2.46,j
982.0,2638.0,2863.0,2695.0,16.0,3089.0,2449.0,4095.0,-3.25,5.4,1.16,-0.06,0.25,0.47,j
976.0,2628.0,2855.0,2709.0,0.0,3090.0,2466.0,4095.0,-5.47,6.43,3.72,0.02,-0.21,-0.08,j
974.0,2626.0,2858.0,2722.0,6.0,3111.0,2466.0,4095.0,-6.42,7.0,2.4,0.38,0.07,-0.11,j
974.0,2626.0,2861.0,2730.0,5.0,3100.0,2466.0,4095.0,-5.96,7.71,1.66,0.19,-0.17,-0.07,j
973.0,2626.0,2859.0,2725.0,2.0,3088.0,2462.0,4095.0,-6.11,7.41,2.25,0.13,0.06,0.03,j
967.0,2631.0,2853.0,2722.0,0.0,3088.0,2448.0,4095.0,-5.6,7.52,1.79,-0.03,-0.12,0.02,j
970.0,2627.0,2863.0,2718.0,6.0,3083.0,2451.0,4095.0,-5.54,7.37,1.47,-0.05,0.14,0.04,j
971.0,2631.0,2854.0,2720.0,0.0,3086.0,2448.0,4095.0,-5.98,7.16,1.97,-0.15,-0.1,-0.08,j
983.0,2643.0,2861.0,2736.0,13.0,3106.0,2448.0,4095.0,-5.83,7.07,2.76,-0.02,0.0,0.08,j
982.0,2640.0,2873.0,2731.0,16.0,3087.0,2450.0,4095.0,-5.86,7.23,1.66,0.17,-0.1,0.09,j
965.0,2642.0,2866.0,2759.0,0.0,3056.0,2436.0,4095.0,4.33,7.86,4.22,-0.18,-0.04,-0.0,j
965.0,2642.0,2866.0,2759.0,0.0,3056.0,2436.0,4095.0,4.33,7.86,4.22,-0.18,-0.04,-0.0,j
955.0,2643.0,2865.0,2756.0,0.0,3068.0,2438.0,4095.0,3.87,7.78,4.06,-0.15,0.06,-0.02,j
954.0,2642.0,2862.0,2750.0,0.0,3057.0,2432.0,4095.0,5.34,7.95,3.9,-0.37,0.14,-0.34,j
954.0,2640.0,2864.0,2711.0,0.0,3057.0,2432.0,4095.0,8.12,7.76,2.85,-1.82,0.72,-3.31,j
1201.0,2642.0,2859.0,2733.0,2864.0,3043.0,2437.0,4095.0,5.31,4.05,-0.0,-3.57,0.92,-5.45,j
1591.0,2624.0,2863.0,2704.0,2869.0,3022.0,2451.0,4095.0,-1.06,-0.34,-2.65,-5.59,5.04,-5.24,j
1082.0,2625.0,2858.0,2671.0,2884.0,3029.0,2863.0,4095.0,-16.3,-0.5,-5.86,-6.19,8.39,0.34,j
975.0,2651.0,2887.0,2673.0,2907.0,3071.0,2496.0,4095.0,-23.73,-0.93,4.11,-5.25,6.33,5.33,j
966.0,2610.0,2853.0,2688.0,2881.0,3070.0,2457.0,4095.0,-17.44,0.62,14.05,-1.47,2.16,5.32,j
1161.0,2625.0,2863.0,2755.0,182.0,3088.0,2453.0,4095.0,-6.68,3.41,6.93,1.33,1.36,3.07,j
1035.0,2678.0,2933.0,2650.0,54.0,3154.0,2494.0,4095.0,-4.89,6.01,-0.38,0.6,-0.74,1.04,j
1031.0,2688.0,2927.0,2677.0,49.0,3170.0,2517.0,4095.0,-6.18,5.37,1.8,-0.15,-0.26,0.18,j
1037.0,2683.0,2932.0,2688.0,54.0,3164.0,2524.0,4095.0,-5.89,6.08,2.82,0.17,-0.27,0.17,j
1023.0,2681.0,2928.0,2697.0,48.0,3168.0,2529.0,4095.0,-5.83,6.97,0.8,0.36,-0.22,0.16,j
1023.0,2689.0,2935.0,2697.0,48.0,3181.0,2526.0,4095.0,-6.56,6.9,0.77,-0.0,0.02,-0.07,j
1021.0,2697.0,2943.0,2703.0,54.0,3183.0,2532.0,4095.0,-5.87,7.07,1.65,-0.04,-0.09,-0.01,j
1017.0,2690.0,2935.0,2698.0,48.0,3158.0,2535.0,4095.0,-6.62,6.94,1.33,0.07,-0.17,0.01,j
1019.0,2685.0,2929.0,2694.0,52.0,3169.0,2528.0,4095.0,-6.21,6.97,1.22,-0.07,0.02,0.04,j
1021.0,2688.0,2935.0,2703.0,48.0,3178.0,2530.0,4095.0,-6.45,7.02,1.36,-0.07,-0.24,0.04,j
1206.0,2688.0,2919.0,2848.0,245.0,3121.0,2474.0,4095.0,2.91,7.46,4.43,-0.18,0.36,-0.18,j
1217.0,2702.0,2913.0,2829.0,243.0,3113.0,2469.0,4095.0,4.66,8.11,4.4,-0.15,0.25,-0.43,j
1185.0,2668.0,2883.0,2801.0,206.0,3087.0,2441.0,4095.0,4.29,7.07,3.59,-0.76,-0.37,-2.15,j
1023.0,2683.0,2895.0,2639.0,43.0,3056.0,2459.0,4095.0,6.78,6.13,3.09,-2.57,0.72,-4.46,j
1360.0,2685.0,2895.0,2800.0,240.0,3066.0,2476.0,4095.0,-0.95,1.85,-1.16,-5.28,7.31,-5.21,j
1232.0,2749.0,2959.0,2813.0,166.0,3147.0,2590.0,4095.0,-14.18,-0.75,1.22,-4.73,8.73,0.63,j
1023.0,2720.0,2950.0,2635.0,52.0,3156.0,2535.0,4095.0,-17.04,4.43,0.67,-2.14,7.99,5.08,j
991.0,2651.0,2882.0,2545.0,27.0,3070.0,2448.0,4095.0,-13.53,5.49,2.59,-0.95,2.82,4.06,j
982.0,2645.0,2864.0,2497.0,15.0,3056.0,2428.0,4095.0,-5.89,5.67,2.08,-0.14,1.3,1.89,j
961.0,2625.0,2860.0,2511.0,0.0,3037.0,2413.0,4095.0,-5.48,5.71,1.78,0.0,-0.61,0.5,j
957.0,2629.0,2869.0,2527.0,0.0,3053.0,2423.0,4095.0,-6.5,6.66,1.66,0.13,-0.02,0.11,j
957.0,2625.0,2859.0,2540.0,0.0,3043.0,2426.0,4095.0,-6.23,7.03,0.48,0.1,-0.11,-0.01,j
959.0,2624.0,2859.0,2596.0,0.0,3059.0,2435.0,4095.0,-6.91,7.17,0.0,0.18,0.0,0.02,j
959.0,2615.0,2855.0,2615.0,0.0,3055.0,2435.0,4095.0,-6.04,7.28,-0.0,0.03,-0.15,0.02,j
960.0,2624.0,2864.0,2624.0,0.0,3081.0,2435.0,4095.0,-6.2,7.3,-0.04,-0.02,0.15,0.12,j
960.0,2624.0,2862.0,2626.0,0.0,3061.0,2439.0,4095.0,-5.97,7.12,0.11,-0.09,-0.07,0.09,j
965.0,2628.0,2865.0,2639.0,0.0,3081.0,2443.0,4095.0,-6.39,7.16,0.26,-0.08,0.24,0.08,j
960.0,2635.0,2855.0,2639.0,0.0,3067.0,2450.0,4095.0,-5.62,7.29,-0.36,-0.04,0.08,0.04,j
956.0,2636.0,2858.0,2640.0,0.0,3066.0,2446.0,4095.0,-6.45,7.19,-0.16,-0.09,0.17,0.02,j
960.0,2626.0,2858.0,2640.0,0.0,3056.0,2444.0,4095.0,-6.06,7.33,0.11,-0.12,-0.02,0.0,j
992.0,2649.0,2882.0,2745.0,27.0,3089.0,2446.0,4095.0,2.16,7.97,3.95,-0.16,-0.13,0.13,j
996.0,2657.0,2885.0,2736.0,29.0,3100.0,2452.0,4095.0,2.03,7.83,4.13,0.1,-0.04,0.5,j
1001.0,2657.0,2896.0,2706.0,18.0,3092.0,2438.0,4095.0,7.21,6.83,3.78,-0.14,-0.03,-0.15,j
998.0,2656.0,2889.0,2635.0,26.0,3088.0,2433.0,4095.0,11.72,8.69,3.07,-1.06,1.91,-4.18,j
992.0,2668.0,2902.0,2615.0,16.0,3107.0,2672.0,4095.0,2.5,2.78,-5.89,-4.51,7.87,-8.73,j
946.0,2637.0,2877.0,2559.0,0.0,3083.0,2510.0,4095.0,-20.31,-0.96,-8.86,-5.33,8.73,-1.06,j
1064.0,2672.0,2919.0,2595.0,39.0,3143.0,2550.0,4095.0,-23.3,3.87,-0.87,-3.68,7.91,4.54,j
1008.0,2640.0,2885.0,2538.0,0.0,3120.0,2484.0,4095.0,-5.77,5.58,3.9,-1.02,0.44,4.52,j
958.0,2642.0,2887.0,2518.0,0.0,3123.0,2482.0,4095.0,-2.89,7.52,1.07,0.05,1.55,1.64,j
958.0,2635.0,2890.0,2517.0,0.0,3120.0,2482.0,4095.0,-3.48,7.99,1.01,-0.32,-0.58,0.19,j
954.0,2639.0,2891.0,2554.0,0.0,3120.0,2497.0,4095.0,-6.46,7.92,1.04,0.07,-0.23,-0.03,j
960.0,2639.0,2894.0,2559.0,0.0,3123.0,2491.0,4095.0,-5.27,8.06,-0.06,-0.08,0.27,-0.08,j
957.0,2651.0,2896.0,2559.0,0.0,3130.0,2502.0,4095.0,-5.17,8.24,-0.05,0.01,-0.29,-0.07,j
957.0,2642.0,2896.0,2583.0,0.0,3131.0,2497.0,4095.0,-5.29,8.07,-0.06,-0.06,0.17,0.04,j
959.0,2646.0,2901.0,2587.0,0.0,3131.0,2496.0,4095.0,-4.86,8.31,-0.06,-0.01,-0.13,-0.0,j
959.0,2651.0,2899.0,2586.0,0.0,3136.0,2497.0,4095.0,-4.9,8.1,-0.17,0.01,0.18,0.11,j
962.0,2656.0,2896.0,2594.0,0.0,3120.0,2496.0,4095.0,-4.23,8.26,-0.2,-0.03,-0.02,-0.01,j
960.0,2646.0,2902.0,2597.0,0.0,3131.0,2498.0,4095.0,-5.01,8.18,-0.23,-0.02,0.1,0.06,j
960.0,2657.0,2894.0,2595.0,0.0,3134.0,2496.0,4095.0,-4.74,8.55,-0.43,-0.08,0.06,0.0,j
958.0,2658.0,2906.0,2606.0,0.0,3129.0,2495.0,4095.0,-4.69,8.26,0.04,-0.1,-0.06,0.02,j
1325.0,2454.0,2919.0,3246.0,4095.0,4095.0,4095.0,4095.0,0.4,9.72,0.14,-0.05,-0.04,-0.03,thank-you
1315.0,2449.0,2929.0,3222.0,4095.0,4095.0,4095.0,4095.0,0.22,9.73,-0.04,-0.03,0.02,-0.03,thank-you
1316.0,2448.0,2926.0,3209.0,4095.0,4095.0,4095.0,4095.0,0.28,9.86,0.4,-0.05,-0.05,0.0,thank-you
1317.0,2459.0,2925.0,3200.0,4095.0,4095.0,4095.0,4095.0,1.23,10.13,1.98,-0.15,0.17,-0.09,thank-you
1328.0,2446.0,2931.0,3264.0,4095.0,4095.0,4095.0,4095.0,0.88,9.56,5.32,0.23,0.17,-0.0,thank-you
1189.0,2442.0,2923.0,3102.0,4095.0,4095.0,4095.0,4095.0,2.17,7.69,7.19,1.26,-0.65,-0.36,thank-you
1114.0,2448.0,2928.0,3054.0,4095.0,4095.0,4095.0,4095.0,1.38,6.63,3.08,2.59,-0.37,-0.74,thank-you
1115.0,2442.0,2928.0,3163.0,4095.0,4095.0,4095.0,4095.0,-0.57,5.25,0.95,2.85,-0.37,-0.98,thank-you
1125.0,2426.0,2935.0,3085.0,4095.0,4095.0,4095.0,4095.0,-1.26,2.68,-2.13,3.72,-0.32,-1.17,thank-you
996.0,2429.0,2925.0,3003.0,4095.0,4095.0,4095.0,4095.0,-2.42,2.72,-7.85,4.28,0.77,-0.79,thank-you
1069.0,2426.0,2926.0,2960.0,4095.0,4095.0,4095.0,4095.0,-1.82,1.42,-11.21,3.81,0.38,-0.7,thank-you
1055.0,2434.0,2924.0,3046.0,4095.0,4095.0,4095.0,4095.0,-1.83,1.16,-11.71,3.55,0.94,-0.33,thank-you
1067.0,2439.0,2918.0,3167.0,4095.0,4095.0,4095.0,4095.0,-1.07,0.15,-12.55,2.95,1.15,-0.17,thank-you
1058.0,2434.0,2934.0,3130.0,4095.0,4095.0,4095.0,4095.0,0.24,0.09,-12.46,2.34,0.41,-0.1,thank-you
1058.0,2435.0,2917.0,3045.0,4095.0,4095.0,4095.0,4095.0,-1.02,-0.28,-14.68,1.93,0.09,-0.2,thank-you
1059.0,2437.0,2930.0,3053.0,4095.0,4095.0,4095.0,4095.0,-0.77,-0.24,-15.77,0.99,-0.3,0.13,thank-you
1069.0,2442.0,2931.0,3142.0,4095.0,4095.0,4095.0,4095.0,0.01,-0.26,-15.53,0.42,0.44,0.0,thank-you
1056.0,2435.0,2925.0,3115.0,4095.0,4095.0,4095.0,4095.0,-0.52,-1.04,-15.13,-0.27,0.1,-0.05,thank-you
1052.0,2442.0,2925.0,3104.0,4095.0,4095.0,4095.0,4095.0,-0.35,-1.6,-16.46,-0.98,0.02,0.04,thank-you
1047.0,2436.0,2941.0,3125.0,4095.0,4095.0,4095.0,4095.0,-0.78,-1.41,-18.22,-2.42,0.64,0.06,thank-you
1009.0,2540.0,2911.0,3250.0,4095.0,4095.0,4095.0,4095.0,0.2,9.62,0.49,-0.01,0.08,-0.06,thank-you
1009.0,2538.0,2906.0,3266.0,4095.0,4095.0,4095.0,4095.0,0.47,9.47,0.47,0.04,-0.22,-0.04,thank-you
1008.0,2535.0,2903.0,3248.0,4095.0,4095.0,4095.0,4095.0,0.4,9.87,2.38,0.1,0.24,-0.07,thank-you
1041.0,2510.0,2908.0,3262.0,4095.0,4095.0,4095.0,4095.0,1.62,8.84,5.78,0.56,-0.35,-0.04,thank-you
1040.0,2514.0,2898.0,3273.0,4095.0,4095.0,4095.0,4095.0,1.59,7.64,6.16,1.64,-0.32,-0.43,thank-you
1043.0,2512.0,2901.0,3263.0,4095.0,4095.0,4095.0,4095.0,0.63,5.96,3.65,2.72,-1.09,-0.84,thank-you
1058.0,2495.0,2915.0,3249.0,4095.0,4095.0,4095.0,4095.0,0.01,3.94,0.19,3.98,0.2,-1.04,thank-you
1047.0,2480.0,2914.0,3242.0,4095.0,4095.0,4095.0,4095.0,-1.0,1.36,-1.85,4.37,-0.04,-1.08,thank-you
1175.0,2448.0,2914.0,3090.0,4095.0,4095.0,4095.0,4095.0,-0.25,-2.08,-8.28,5.23,0.52,-1.21,thank-you
1158.0,2469.0,2928.0,3197.0,4095.0,4095.0,4095.0,4095.0,-2.7,-1.73,-11.2,4.42,0.04,-1.19,thank-you
1191.0,2470.0,2926.0,3206.0,4095.0,4095.0,4095.0,4095.0,-2.82,-3.18,-14.2,4.02,-0.31,-1.2,thank-you
1087.0,2477.0,2939.0,3152.0,4095.0,4095.0,4095.0,4095.0,-6.13,-2.12,-20.6,3.3,1.02,-0.78,thank-you
1102.0,2477.0,2947.0,3194.0,4095.0,4095.0,4095.0,4095.0,-3.21,-0.71,-17.93,1.0,-0.05,-0.2,thank-you
1104.0,2480.0,2941.0,3313.0,4095.0,4095.0,4095.0,4095.0,-3.15,0.71,-14.72,0.39,-0.31,-0.13,thank-you
1087.0,2471.0,2949.0,3187.0,4095.0,4095.0,4095.0,4095.0,-3.17,-0.68,-12.32,0.09,0.37,0.03,thank-you
1085.0,2480.0,2943.0,3151.0,4095.0,4095.0,4095.0,4095.0,-2.02,-1.07,-11.29,-0.14,0.05,0.09,thank-you
1086.0,2474.0,2935.0,3121.0,4095.0,4095.0,4095.0,4095.0,-1.34,-1.33,-11.2,-0.26,0.15,0.06,thank-you
1088.0,2480.0,2938.0,3087.0,4095.0,4095.0,4095.0,4095.0,-2.32,-1.12,-14.25,-0.66,-0.04,0.15,thank-you
1085.0,2477.0,2939.0,3089.0,4095.0,4095.0,4095.0,4095.0,-2.94,-0.35,-16.72,-1.46,0.45,0.27,thank-you
1081.0,2469.0,2944.0,3098.0,4095.0,4095.0,4095.0,4095.0,-2.84,-0.57,-17.12,-2.58,0.61,0.37,thank-you
1280.0,2442.0,2927.0,3067.0,4095.0,4095.0,4095.0,4095.0,0.54,9.45,0.5,-0.16,-0.23,-0.03,thank-you
1283.0,2448.0,2933.0,3104.0,4095.0,4095.0,4095.0,4095.0,0.26,9.69,0.69,-0.19,-0.32,-0.03,thank-you
1264.0,2454.0,2928.0,3091.0,4095.0,4095.0,4095.0,4095.0,0.26,9.59,1.39,-0.07,-0.25,-0.02,thank-you
1328.0,2442.0,2919.0,3055.0,4095.0,4095.0,4095.0,4095.0,0.43,9.59,2.59,0.2,-0.04,-0.01,thank-you
2137.0,2377.0,2914.0,2993.0,4095.0,4095.0,4095.0,4095.0,1.96,8.88,7.2,0.43,-0.37,-0.05,thank-you
2331.0,2384.0,2929.0,3056.0,4095.0,4095.0,4095.0,4095.0,3.1,6.64,8.46,2.2,-0.27,-0.5,thank-you
2187.0,2385.0,2924.0,3119.0,4095.0,4095.0,4095.0,4095.0,1.17,4.94,3.57,3.58,-0.09,-0.92,thank-you
1814.0,2363.0,2928.0,3114.0,4095.0,4095.0,4095.0,4095.0,-0.07,2.42,-1.77,4.25,-0.4,-1.05,thank-you
1354.0,2349.0,2921.0,3345.0,4095.0,4095.0,4095.0,4095.0,-1.41,1.06,-5.9,4.56,0.22,-1.27,thank-you
1188.0,2346.0,2937.0,3329.0,4095.0,4095.0,4095.0,4095.0,-1.08,-1.05,-9.83,4.86,1.04,-1.04,thank-you
1090.0,2356.0,2949.0,3260.0,4095.0,4095.0,4095.0,4095.0,-1.08,-1.9,-12.39,3.71,-0.68,-0.88,thank-you
1099.0,2367.0,2933.0,3391.0,4095.0,4095.0,4095.0,4095.0,-3.68,-0.7,-15.79,3.34,-0.17,-1.08,thank-you
1151.0,2375.0,2944.0,3395.0,4095.0,4095.0,4095.0,4095.0,-3.73,-1.16,-16.16,1.94,-0.79,-0.64,thank-you
1143.0,2375.0,2942.0,3146.0,4095.0,4095.0,4095.0,4095.0,-4.71,0.34,-16.22,1.27,-0.05,-0.23,thank-you
1123.0,2383.0,2945.0,3108.0,4095.0,4095.0,4095.0,4095.0,-3.43,0.46,-14.14,0.86,0.7,-0.12,thank-you
1111.0,2384.0,2958.0,3056.0,4095.0,4095.0,4095.0,4095.0,-2.28,-0.12,-12.7,0.16,-0.09,0.06,thank-you
1103.0,2368.0,2924.0,3015.0,4095.0,4095.0,4095.0,4095.0,-2.12,-0.37,-10.92,-0.27,-0.17,0.01,thank-you
1110.0,2368.0,2935.0,3031.0,4095.0,4095.0,4095.0,4095.0,-2.12,-0.37,-10.1,-0.23,-0.08,0.12,thank-you
1117.0,2371.0,2923.0,3014.0,4095.0,4095.0,4095.0,4095.0,-1.79,-0.59,-10.33,-0.14,0.08,-0.03,thank-you
1114.0,2366.0,2926.0,3250.0,4095.0,4095.0,4095.0,4095.0,-2.04,-0.49,-10.39,-0.33,-0.23,0.01,thank-you
1185.0,2468.0,2910.0,3251.0,4095.0,4095.0,4095.0,4095.0,0.21,9.63,0.13,-0.17,-0.74,-0.03,thank-you
1202.0,2448.0,2922.0,3291.0,4095.0,4095.0,4095.0,4095.0,0.92,9.55,1.01,0.12,0.22,-0.09,thank-you
1265.0,2449.0,2915.0,3349.0,4095.0,4095.0,4095.0,4095.0,0.11,9.63,0.96,0.13,0.18,-0.14,thank-you
1602.0,2435.0,2923.0,3188.0,4095.0,4095.0,4095.0,4095.0,0.75,9.52,4.25,0.25,-0.38,-0.07,thank-you
1712.0,2430.0,2923.0,3247.0,4095.0,4095.0,4095.0,4095.0,1.43,8.54,5.65,1.34,0.36,-0.21,thank-you
1775.0,2427.0,2914.0,3209.0,4095.0,4095.0,4095.0,4095.0,1.97,6.69,6.79,2.24,-0.15,-0.59,thank-you
1839.0,2399.0,2927.0,3230.0,4095.0,4095.0,4095.0,4095.0,0.71,3.68,3.84,3.66,-0.54,-1.07,thank-you
1751.0,2383.0,2923.0,3146.0,4095.0,4095.0,4095.0,4095.0,-0.15,1.37,-2.44,4.46,-0.69,-1.28,thank-you
1775.0,2370.0,2934.0,3200.0,4095.0,4095.0,4095.0,4095.0,-1.64,-0.7,-8.84,4.55,0.46,-1.76,thank-you
1737.0,2356.0,2925.0,3325.0,4095.0,4095.0,4095.0,4095.0,-3.8,-0.85,-14.69,3.71,-0.11,-1.36,thank-you
1699.0,2352.0,2929.0,3383.0,4095.0,4095.0,4095.0,4095.0,-3.78,0.83,-13.41,2.57,0.21,-1.15,thank-you
1610.0,2378.0,2955.0,3183.0,4095.0,4095.0,4095.0,4095.0,-4.8,1.23,-15.06,2.05,0.15,-0.74,thank-you
1595.0,2391.0,2962.0,3150.0,4095.0,4095.0,4095.0,4095.0,-4.58,2.51,-15.46,1.52,0.77,-0.33,thank-you
1523.0,2381.0,2960.0,2995.0,4095.0,4095.0,4095.0,4095.0,-3.07,2.36,-14.07,0.89,0.61,-0.14,thank-you
1532.0,2394.0,2967.0,3088.0,4095.0,4095.0,4095.0,4095.0,-3.32,1.98,-12.83,0.19,-0.33,-0.02,thank-you
1520.0,2393.0,2965.0,3049.0,4095.0,4095.0,4095.0,4095.0,-2.63,1.33,-11.03,-0.09,-0.09,0.02,thank-you
1514.0,2384.0,2956.0,3027.0,4095.0,4095.0,4095.0,4095.0,-2.8,0.94,-10.84,-0.02,0.16,0.11,thank-you
1522.0,2384.0,2961.0,3061.0,4095.0,4095.0,4095.0,4095.0,-1.77,0.54,-10.1,-0.1,0.17,0.06,thank-you
1520.0,2394.0,2960.0,3068.0,4095.0,4095.0,4095.0,4095.0,-2.15,0.79,-10.77,-0.13,0.02,-0.03,thank-you
1535.0,2400.0,2958.0,3334.0,4095.0,4095.0,4095.0,4095.0,-2.82,1.13,-14.87,-0.48,-0.0,0.14,thank-you
995.0,2506.0,2963.0,3100.0,4095.0,4095.0,4095.0,4095.0,0.15,9.74,0.28,-0.04,-0.03,-0.01,thank-you
1003.0,2510.0,2969.0,3098.0,4095.0,4095.0,4095.0,4095.0,0.03,9.55,0.34,-0.04,0.01,-0.03,thank-you
995.0,2501.0,2953.0,3097.0,4095.0,4095.0,4095.0,4095.0,0.01,9.65,0.38,-0.05,-0.09,-0.01,thank-you
993.0,2508.0,2954.0,3104.0,4095.0,4095.0,4095.0,4095.0,0.16,9.58,1.11,0.05,0.14,-0.02,thank-you
1351.0,2484.0,2960.0,3103.0,4095.0,4095.0,4095.0,4095.0,0.46,9.39,2.94,0.2,-0.29,-0.03,thank-you
1443.0,2480.0,2967.0,3096.0,4095.0,4095.0,4095.0,4095.0,1.39,8.59,5.66,0.91,0.0,-0.09,thank-you
1454.0,2483.0,2966.0,3119.0,4095.0,4095.0,4095.0,4095.0,1.35,7.68,5.74,1.97,-0.12,-0.38,thank-you
1290.0,2496.0,2963.0,3130.0,4095.0,4095.0,4095.0,4095.0,-0.06,6.24,3.26,3.11,0.16,-0.61,thank-you
1066.0,2477.0,2961.0,3070.0,4095.0,4095.0,4095.0,4095.0,-0.21,4.36,-0.11,3.75,0.42,-0.51,thank-you
1091.0,2482.0,2966.0,3091.0,4095.0,4095.0,4095.0,4095.0,-0.9,2.38,-6.71,4.46,0.1,-0.37,thank-you
1041.0,2478.0,2961.0,3033.0,4095.0,4095.0,4095.0,4095.0,0.03,1.22,-7.81,3.59,-0.6,-0.86,thank-you
999.0,2476.0,2963.0,3001.0,4095.0,4095.0,4095.0,4095.0,-4.11,0.37,-12.05,3.89,0.27,-0.55,thank-you
988.0,2480.0,2973.0,3122.0,4095.0,4095.0,4095.0,4095.0,-0.61,-1.55,-13.1,3.38,1.43,-0.15,thank-you
997.0,2480.0,2970.0,3123.0,4095.0,4095.0,4095.0,4095.0,-0.88,0.02,-14.87,2.65,-0.06,-0.13,thank-you
1001.0,2480.0,2965.0,3135.0,4095.0,4095.0,4095.0,4095.0,-1.31,-0.22,-16.19,1.77,-0.45,-0.25,thank-you
1006.0,2473.0,2981.0,3088.0,4095.0,4095.0,4095.0,4095.0,-1.3,0.49,-14.76,0.88,-0.06,0.01,thank-you
1008.0,2470.0,2987.0,3085.0,4095.0,4095.0,4095.0,4095.0,-1.1,0.3,-13.53,0.5,-0.11,0.09,thank-you
1008.0,2475.0,2983.0,3045.0,4095.0,4095.0,4095.0,4095.0,-1.45,-0.3,-11.89,0.07,0.08,-0.05,thank-you
1005.0,2473.0,2981.0,3067.0,4095.0,4095.0,4095.0,4095.0,-0.79,-0.63,-10.75,0.0,0.04,-0.05,thank-you
1011.0,2475.0,2981.0,3083.0,4095.0,4095.0,4095.0,4095.0,-1.15,-0.56,-10.49,-0.1,-0.14,0.05,thank-you
3818.0,2416.0,2880.0,3139.0,4095.0,4095.0,4095.0,4095.0,0.15,9.65,0.23,-0.01,-0.01,-0.0,thank-you
3831.0,2426.0,2879.0,3143.0,4095.0,4095.0,4095.0,4095.0,0.12,9.67,0.05,0.02,0.16,-0.02,thank-you
3922.0,2422.0,2887.0,3141.0,4095.0,4095.0,4095.0,4095.0,0.05,9.56,0.19,0.04,0.26,-0.03,thank-you
3926.0,2417.0,2889.0,3152.0,4095.0,4095.0,4095.0,4095.0,0.12,9.61,0.15,0.08,0.37,-0.05,thank-you
4095.0,2413.0,2885.0,3147.0,4095.0,4095.0,4095.0,4095.0,0.01,9.66,0.14,0.14,0.33,-0.02,thank-you
4095.0,2411.0,2882.0,3163.0,4095.0,4095.0,4095.0,4095.0,0.3,9.44,1.23,-0.1,-0.31,-0.1,thank-you
4095.0,2384.0,2883.0,3159.0,4095.0,4095.0,4095.0,4095.0,0.21,9.39,2.26,0.36,-0.02,-0.1,thank-you
4095.0,2367.0,2877.0,3161.0,4095.0,4095.0,4095.0,4095.0,0.06,8.11,4.0,0.92,-0.28,-0.17,thank-you
4095.0,2368.0,2880.0,3165.0,4095.0,4095.0,4095.0,4095.0,-0.0,7.36,4.29,2.02,-0.11,-0.19,thank-you
4095.0,2378.0,2870.0,3133.0,4095.0,4095.0,4095.0,4095.0,0.34,6.01,2.92,3.08,-0.34,-0.37,thank-you
4095.0,2377.0,2873.0,3000.0,3963.0,4095.0,4095.0,4095.0,-0.94,4.16,-0.91,4.03,-0.09,-0.4,thank-you
4095.0,2372.0,2877.0,3100.0,4095.0,4095.0,4095.0,4095.0,-1.02,2.77,-5.54,4.29,0.81,-0.26,thank-you
4095.0,2374.0,2877.0,3050.0,4095.0,4095.0,4095.0,4095.0,0.31,0.87,-9.62,5.17,1.16,0.04,thank-you
4095.0,2371.0,2873.0,3025.0,4095.0,4095.0,4095.0,4095.0,-0.25,0.2,-16.31,4.14,1.04,-0.09,thank-you
4095.0,2387.0,2877.0,3012.0,4095.0,4095.0,4095.0,4095.0,0.63,-0.27,-16.26,2.89,0.22,0.04,thank-you
4071.0,2382.0,2886.0,3029.0,4095.0,4095.0,4095.0,4095.0,0.36,0.25,-15.98,1.6,0.06,0.06,thank-you
4046.0,2383.0,2889.0,3054.0,4095.0,4095.0,4095.0,4095.0,0.66,0.57,-13.9,0.6,0.04,-0.01,thank-you
4044.0,2386.0,2885.0,3083.0,4095.0,4095.0,4095.0,4095.0,0.57,0.24,-11.54,0.2,-0.13,-0.03,thank-you
4077.0,2384.0,2887.0,3088.0,4095.0,4095.0,4095.0,4095.0,0.55,0.0,-11.33,0.02,-0.05,0.04,thank-you
4054.0,2384.0,2877.0,3103.0,4095.0,4095.0,4095.0,4095.0,0.4,-0.2,-10.63,-0.09,0.15,0.04,thank-you
4095.0,2378.0,2848.0,3249.0,4095.0,4095.0,4095.0,4095.0,0.64,9.7,-0.24,-0.04,-0.01,-0.05,thank-you
4095.0,2378.0,2848.0,3249.0,4095.0,4095.0,4095.0,4095.0,0.64,9.7,-0.24,-0.04,-0.01,-0.05,thank-you
4095.0,2372.0,2855.0,3205.0,4095.0,4095.0,4095.0,4095.0,0.39,9.86,-0.16,-0.06,-0.03,-0.04,thank-you
4090.0,2375.0,2838.0,3200.0,4095.0,4095.0,4095.0,4095.0,-0.21,9.93,1.0,-0.05,-0.08,-0.04,thank-you
4095.0,2369.0,2843.0,3201.0,4095.0,4095.0,4095.0,4095.0,0.4,9.3,3.57,0.27,-0.0,0.03,thank-you
4095.0,2365.0,2832.0,3201.0,4095.0,4095.0,4095.0,4095.0,0.78,8.26,4.73,1.36,-0.38,0.12,thank-you
4095.0,2371.0,2832.0,3210.0,4095.0,4095.0,4095.0,4095.0,0.82,6.9,3.27,2.12,-0.76,-0.09,thank-you
4095.0,2384.0,2841.0,3210.0,4095.0,4095.0,4095.0,4095.0,-0.33,5.04,1.65,3.47,-0.97,-0.04,thank-you
4095.0,2378.0,2845.0,3152.0,4095.0,4095.0,4095.0,4095.0,-0.55,3.51,-2.72,4.33,-0.74,-0.09,thank-you
3799.0,2384.0,2850.0,2997.0,4095.0,4095.0,4095.0,4095.0,0.87,1.73,-7.58,4.91,0.8,-0.13,thank-you
3667.0,2391.0,2866.0,3018.0,4095.0,4095.0,4095.0,4095.0,0.63,0.12,-11.82,4.13,0.43,0.06,thank-you
3662.0,2395.0,2874.0,3024.0,4095.0,4095.0,4095.0,4095.0,1.03,0.4,-14.88,3.24,0.08,0.0,thank-you
3573.0,2388.0,2865.0,3065.0,4095.0,4095.0,4095.0,4095.0,1.8,0.18,-14.7,2.41,-0.22,0.04,thank-you
3391.0,2384.0,2870.0,3070.0,4095.0,4095.0,4095.0,4095.0,0.22,0.47,-15.43,1.4,-0.07,-0.2,thank-you
3350.0,2381.0,2864.0,3087.0,4095.0,4095.0,4095.0,4095.0,0.95,0.65,-13.88,0.7,-0.02,-0.09,thank-you
3346.0,2391.0,2864.0,3071.0,4095.0,4095.0,4095.0,4095.0,0.87,1.54,-12.99,0.22,-0.21,-0.03,thank-you
3347.0,2382.0,2867.0,3085.0,4095.0,4095.0,4095.0,4095.0,0.66,1.04,-11.47,-0.14,-0.1,-0.11,thank-you
3342.0,2386.0,2871.0,3088.0,4095.0,4095.0,4095.0,4095.0,0.28,0.89,-10.98,-0.18,-0.02,0.0,thank-you
3354.0,2383.0,2873.0,3114.0,4095.0,4095.0,4095.0,4095.0,0.38,0.43,-9.9,-0.27,0.28,0.03,thank-you
3350.0,2379.0,2875.0,3115.0,4095.0,4095.0,4095.0,4095.0,0.79,0.77,-10.12,-0.13,0.19,0.05,thank-you
2602.0,2445.0,2874.0,3143.0,4095.0,4095.0,4095.0,4095.0,-0.55,9.79,-0.12,-0.01,0.18,0.01,thank-you
2559.0,2446.0,2871.0,3132.0,4095.0,4095.0,4095.0,4095.0,0.15,9.66,-0.21,-0.02,0.11,-0.02,thank-you
2559.0,2445.0,2864.0,3136.0,4095.0,4095.0,4095.0,4095.0,-0.47,9.76,0.84,-0.04,-0.03,-0.04,thank-you
3599.0,2434.0,2867.0,3149.0,4095.0,4095.0,4095.0,4095.0,-0.58,9.53,4.15,0.3,-0.01,-0.01,thank-you
4057.0,2431.0,2883.0,3159.0,4095.0,4095.0,4095.0,4095.0,0.0,7.9,7.15,1.85,-0.22,0.1,thank-you
3985.0,2423.0,2881.0,3158.0,4095.0,4095.0,4095.0,4095.0,-0.32,5.49,3.17,3.49,-0.43,-0.16,thank-you
3785.0,2436.0,2887.0,3059.0,4049.0,4095.0,4095.0,4095.0,-0.68,3.52,-1.56,3.96,-0.57,0.04,thank-you
3341.0,2433.0,2894.0,3110.0,4095.0,4095.0,4095.0,4095.0,-0.06,3.08,-6.03,4.6,-0.35,-0.25,thank-you
3326.0,2430.0,2906.0,3184.0,4095.0,4095.0,4095.0,4095.0,-0.15,2.56,-8.53,3.8,0.52,-0.58,thank-you
3223.0,2419.0,2894.0,3101.0,4095.0,4095.0,4095.0,4095.0,1.35,-0.49,-10.1,4.68,1.51,-0.49,thank-you
3117.0,2421.0,2894.0,3120.0,4095.0,4095.0,4095.0,4095.0,0.45,-1.58,-12.52,3.11,0.23,0.08,thank-you
3125.0,2429.0,2890.0,3139.0,4095.0,4095.0,4095.0,4095.0,0.55,-2.18,-14.35,3.07,0.55,-0.21,thank-you
3219.0,2495.0,2956.0,3221.0,4095.0,4095.0,4095.0,4095.0,0.57,-2.75,-16.81,1.84,0.24,0.13,thank-you
3363.0,2511.0,2961.0,3207.0,4095.0,4095.0,4095.0,4095.0,0.89,-1.07,-15.89,0.91,0.26,0.22,thank-you
3475.0,2491.0,2944.0,3205.0,4095.0,4095.0,4095.0,4095.0,1.08,-0.3,-14.69,0.2,-0.09,-0.07,thank-you
3453.0,2469.0,2930.0,3195.0,4095.0,4095.0,4095.0,4095.0,1.17,-0.85,-11.32,-0.36,0.25,0.09,thank-you
3509.0,2448.0,2912.0,3216.0,4095.0,4095.0,4095.0,4095.0,0.91,-0.98,-9.87,-0.28,0.05,0.02,thank-you
3583.0,2446.0,2906.0,3246.0,4095.0,4095.0,4095.0,4095.0,0.57,-1.61,-9.11,-0.2,0.01,-0.03,thank-you
3583.0,2439.0,2914.0,3234.0,4095.0,4095.0,4095.0,4095.0,0.91,-1.2,-9.59,-0.04,0.09,0.03,thank-you
3505.0,2433.0,2896.0,3153.0,4095.0,4095.0,4095.0,4095.0,1.16,-1.15,-10.25,0.08,-0.04,-0.11,thank-you
4095.0,2306.0,2887.0,3123.0,4095.0,4095.0,4095.0,4095.0,-0.62,9.69,-0.71,-0.03,-0.02,-0.01,thank-you
4095.0,2320.0,2885.0,3155.0,4095.0,4095.0,4095.0,4095.0,-0.33,9.61,-0.66,-0.04,0.04,0.0,thank-you
4095.0,2306.0,2896.0,3155.0,4095.0,4095.0,4095.0,4095.0,-0.31,9.55,-0.33,-0.06,-0.03,-0.02,thank-you
4095.0,2304.0,2894.0,3164.0,4095.0,4095.0,4095.0,4095.0,-0.87,9.75,0.3,-0.02,-0.06,-0.05,thank-you
4095.0,2274.0,2900.0,3167.0,4095.0,4095.0,4095.0,4095.0,-0.46,9.55,2.66,0.31,-0.11,0.02,thank-you
4095.0,2223.0,2902.0,3175.0,4095.0,4095.0,4095.0,4095.0,-0.76,8.39,5.47,1.23,-0.29,0.09,thank-you
4095.0,2224.0,2905.0,3171.0,4095.0,4095.0,4095.0,4095.0,0.19,6.33,4.68,2.48,-0.55,0.01,thank-you
4095.0,2234.0,2909.0,3184.0,4095.0,4095.0,4095.0,4095.0,-1.0,3.39,0.54,3.88,-0.73,-0.41,thank-you
4095.0,2224.0,2896.0,3173.0,4095.0,4095.0,4095.0,4095.0,-0.34,0.97,-3.63,5.0,-0.17,-0.58,thank-you
4095.0,2252.0,2885.0,3147.0,4095.0,4095.0,4095.0,4095.0,0.58,0.55,-7.98,5.55,0.74,-0.57,thank-you
4095.0,2270.0,2887.0,3140.0,4095.0,4095.0,4095.0,4095.0,-0.8,-1.62,-14.09,4.8,1.12,-0.3,thank-you
4095.0,2309.0,2886.0,3157.0,4095.0,4095.0,4095.0,4095.0,-0.17,-0.84,-17.76,3.17,0.74,0.16,thank-you
4095.0,2320.0,2898.0,3166.0,4095.0,4095.0,4095.0,4095.0,1.45,-0.72,-15.51,2.2,0.66,0.07,thank-you
4095.0,2316.0,2887.0,3166.0,4095.0,4095.0,4095.0,4095.0,0.6,-0.19,-14.54,1.0,-0.18,-0.12,thank-you
4095.0,2306.0,2889.0,3105.0,4095.0,4095.0,4095.0,4095.0,-0.05,-0.4,-13.24,0.6,0.09,-0.02,thank-you
4095.0,2311.0,2886.0,3213.0,4095.0,4095.0,4095.0,4095.0,0.58,-0.67,-12.52,0.15,0.18,0.11,thank-you
4095.0,2318.0,2890.0,3290.0,4095.0,4095.0,4095.0,4095.0,0.42,-1.21,-11.39,-0.05,0.0,0.0,thank-you
4095.0,2309.0,2880.0,3287.0,4095.0,4095.0,4095.0,4095.0,0.57,-0.87,-10.52,-0.15,0.03,0.01,thank-you
4095.0,2320.0,2891.0,3292.0,4095.0,4095.0,4095.0,4095.0,0.79,-1.11,-9.94,-0.13,-0.06,-0.04,thank-you
4095.0,2309.0,2891.0,3287.0,4095.0,4095.0,4095.0,4095.0,0.46,-1.01,-10.29,-0.09,-0.09,-0.09,thank-you
4095.0,2311.0,2847.0,3238.0,4095.0,4095.0,4095.0,4095.0,-0.43,9.63,-1.3,-0.04,0.06,-0.04,thank-you
4095.0,2313.0,2857.0,3250.0,4095.0,4095.0,4095.0,4095.0,-0.23,9.57,-1.05,-0.01,0.02,-0.04,thank-you
4095.0,2311.0,2862.0,3254.0,4095.0,4095.0,4095.0,4095.0,-0.46,9.6,-0.36,0.03,-0.04,-0.04,thank-you
4095.0,2261.0,2874.0,3251.0,4095.0,4095.0,4095.0,4095.0,-0.32,9.82,3.37,0.36,0.03,-0.04,thank-you
4095.0,2245.0,2883.0,3282.0,4095.0,4095.0,4095.0,4095.0,-0.16,8.77,5.72,1.63,-0.57,0.26,thank-you
4095.0,2257.0,2894.0,3127.0,4095.0,4095.0,4095.0,4095.0,0.85,5.48,3.08,3.1,-0.88,-0.24,thank-you
4095.0,2258.0,2870.0,3153.0,4095.0,4095.0,4095.0,4095.0,0.29,3.08,-1.4,4.39,-0.73,-0.82,thank-you
4095.0,2256.0,2883.0,3161.0,4095.0,4095.0,4095.0,4095.0,-0.82,1.44,-5.3,4.92,-0.58,-1.06,thank-you
4095.0,2249.0,2865.0,3219.0,4095.0,4095.0,4095.0,4095.0,-1.46,-0.15,-9.07,4.87,0.89,-1.18,thank-you
4095.0,2261.0,2883.0,3210.0,4095.0,4095.0,4095.0,4095.0,-0.83,-3.42,-14.53,4.5,1.48,-0.96,thank-you
4095.0,2279.0,2879.0,2992.0,4095.0,4095.0,4095.0,4095.0,-1.0,-2.56,-18.0,2.91,1.13,-0.2,thank-you
4095.0,2288.0,2874.0,3027.0,4095.0,4095.0,4095.0,4095.0,-0.25,-1.58,-16.07,1.56,0.21,-0.03,thank-you
4095.0,2286.0,2880.0,3013.0,4095.0,4095.0,4095.0,4095.0,-0.54,0.12,-13.9,0.73,0.12,0.01,thank-you
4095.0,2288.0,2871.0,3002.0,4095.0,4095.0,4095.0,4095.0,-0.75,-0.7,-13.12,0.32,0.06,-0.01,thank-you
4095.0,2282.0,2884.0,3034.0,4095.0,4095.0,4095.0,4095.0,0.22,-0.95,-11.95,-0.27,0.11,0.08,thank-you
4095.0,2285.0,2870.0,3034.0,4095.0,4095.0,4095.0,4095.0,0.1,-0.76,-10.24,-0.3,-0.09,-0.02,thank-you
4095.0,2283.0,2889.0,3116.0,4095.0,4095.0,4095.0,4095.0,-0.41,-0.8,-9.39,-0.21,-0.01,-0.02,thank-you
4095.0,2295.0,2875.0,3132.0,4095.0,4095.0,4095.0,4095.0,-0.36,-0.89,-9.74,0.01,0.02,-0.06,thank-you
4095.0,2288.0,2880.0,3056.0,4095.0,4095.0,4095.0,4095.0,-0.22,-0.91,-10.2,-0.05,0.05,-0.05,thank-you
4095.0,2289.0,2882.0,3095.0,4095.0,4095.0,4095.0,4095.0,-0.26,-0.74,-10.4,0.04,-0.02,-0.07,thank-you
4095.0,2249.0,2857.0,3193.0,4095.0,4095.0,4095.0,4095.0,-0.28,9.61,-0.71,-0.05,0.0,-0.02,thank-you
4095.0,2247.0,2864.0,3216.0,4095.0,4095.0,4095.0,4095.0,-0.58,9.58,-0.33,-0.05,-0.04,-0.03,thank-you
4095.0,2247.0,2865.0,3163.0,4095.0,4095.0,4095.0,4095.0,-0.27,9.68,1.34,0.02,-0.1,-0.07,thank-you
4095.0,2196.0,2862.0,3221.0,4095.0,4095.0,4095.0,4095.0,-0.12,8.99,4.83,0.59,-0.28,-0.0,thank-you
4095.0,2199.0,2842.0,3248.0,4095.0,4095.0,4095.0,4095.0,0.58,7.64,5.3,1.65,-0.68,-0.21,thank-you
4095.0,2199.0,2845.0,3233.0,4095.0,4095.0,4095.0,4095.0,-0.32,5.32,2.66,2.91,-0.63,-0.6,thank-you
4095.0,2173.0,2816.0,3152.0,4095.0,4095.0,4095.0,4095.0,-0.22,2.79,-0.34,4.41,0.12,-0.86,thank-you
4095.0,2175.0,2816.0,3211.0,4095.0,4095.0,4095.0,4095.0,-1.44,1.44,-7.04,5.1,0.75,-0.84,thank-you
4095.0,2187.0,2821.0,3226.0,4095.0,4095.0,4095.0,4095.0,-0.7,-0.78,-9.66,4.61,1.0,-0.48,thank-you
4095.0,2217.0,2832.0,3245.0,4095.0,4095.0,4095.0,4095.0,-1.6,-1.17,-13.46,4.25,1.2,-0.31,thank-you
4095.0,2215.0,2832.0,3070.0,4095.0,4095.0,4095.0,4095.0,0.29,-2.58,-14.25,3.28,0.68,-0.17,thank-you
4095.0,2211.0,2833.0,3111.0,4095.0,4095.0,4095.0,4095.0,-0.18,-2.1,-16.69,2.41,0.45,0.27,thank-you
4095.0,2210.0,2827.0,3199.0,4095.0,4095.0,4095.0,4095.0,0.99,-1.91,-14.98,1.48,0.22,0.08,thank-you
4095.0,2213.0,2827.0,3139.0,4095.0,4095.0,4095.0,4095.0,-0.23,-0.83,-15.09,0.73,-0.19,-0.11,thank-you
4095.0,2240.0,2843.0,3191.0,4095.0,4095.0,4095.0,4095.0,-0.12,-0.97,-13.33,0.04,0.42,0.05,thank-you
4095.0,2238.0,2838.0,3095.0,4095.0,4095.0,4095.0,4095.0,0.74,-1.65,-10.86,-0.2,0.07,-0.02,thank-you
4095.0,2224.0,2834.0,3207.0,4095.0,4095.0,4095.0,4095.0,0.22,-1.86,-9.26,-0.24,-0.2,-0.09,thank-you
4095.0,2229.0,2834.0,3263.0,4095.0,4095.0,4095.0,4095.0,0.02,-1.38,-9.8,-0.1,-0.05,-0.04,thank-you
4095.0,2226.0,2832.0,3214.0,4095.0,4095.0,4095.0,4095.0,0.09,-1.6,-10.22,-0.07,-0.1,-0.1,thank-you
4095.0,2229.0,2843.0,3191.0,4095.0,4095.0,4095.0,4095.0,0.01,-1.52,-10.35,-0.05,-0.01,-0.04,thank-you
4095.0,2261.0,2926.0,3334.0,4095.0,4095.0,4095.0,4095.0,-0.29,10.01,-0.46,-0.01,-0.18,-0.06,thank-you
4095.0,2262.0,2919.0,3312.0,4095.0,4095.0,4095.0,4095.0,-0.64,9.73,-0.73,0.03,0.01,-0.06,thank-you
4095.0,2285.0,2919.0,3328.0,4095.0,4095.0,4095.0,4095.0,-0.33,9.67,-0.53,-0.05,0.13,-0.04,thank-you
4095.0,2260.0,2886.0,3319.0,4095.0,4095.0,4095.0,4095.0,0.01,9.47,0.65,-0.06,-0.21,-0.06,thank-you
4095.0,2224.0,2869.0,3329.0,4095.0,4095.0,4095.0,4095.0,-1.02,9.63,3.52,0.16,-0.24,-0.11,thank-you
4095.0,2225.0,2901.0,3322.0,4095.0,4095.0,4095.0,4095.0,-0.71,8.26,6.55,1.26,0.06,0.07,thank-you
4095.0,2222.0,2897.0,3312.0,4095.0,4095.0,4095.0,4095.0,-0.27,6.06,3.96,2.55,-0.27,0.09,thank-you
4095.0,2187.0,2864.0,3324.0,4095.0,4095.0,4095.0,4095.0,-1.05,4.73,-0.71,3.63,0.09,0.05,thank-you
4095.0,2197.0,2863.0,3303.0,4095.0,4095.0,4095.0,4095.0,0.25,3.78,-4.55,4.23,0.12,0.22,thank-you
4095.0,2191.0,2832.0,3290.0,4095.0,4095.0,4095.0,4095.0,-0.01,3.18,-7.79,4.24,0.36,0.1,thank-you
4095.0,2218.0,2885.0,3289.0,4095.0,4095.0,4095.0,4095.0,0.04,0.89,-9.71,3.98,0.52,0.11,thank-you
4095.0,2222.0,2878.0,3317.0,4095.0,4095.0,4095.0,4095.0,1.0,-1.33,-9.87,3.71,0.64,0.36,thank-you
4095.0,2242.0,2880.0,3305.0,4095.0,4095.0,4095.0,4095.0,2.59,-3.06,-12.73,3.95,0.61,0.27,thank-you
4095.0,2222.0,2884.0,3311.0,4095.0,4095.0,4095.0,4095.0,1.95,-3.77,-17.59,2.69,0.02,0.16,thank-you
4095.0,2218.0,2876.0,3312.0,4095.0,4095.0,4095.0,4095.0,1.22,-2.13,-15.95,1.13,-0.01,0.12,thank-you
4095.0,2215.0,2870.0,3300.0,4095.0,4095.0,4095.0,4095.0,1.67,-0.45,-14.8,0.56,-0.27,0.05,thank-you
4095.0,2235.0,2886.0,3311.0,4095.0,4095.0,4095.0,4095.0,1.02,-1.41,-12.31,0.12,-0.11,-0.17,thank-you
4095.0,2235.0,2891.0,3313.0,4095.0,4095.0,4095.0,4095.0,0.7,-1.24,-11.57,-0.21,-0.04,0.01,thank-you
4095.0,2243.0,2891.0,3328.0,4095.0,4095.0,4095.0,4095.0,1.02,-1.69,-9.97,-0.25,-0.07,-0.04,thank-you
4095.0,2241.0,2908.0,3326.0,4095.0,4095.0,4095.0,4095.0,0.78,-1.53,-9.89,-0.14,-0.12,-0.03,thank-you
4095.0,2223.0,2866.0,3312.0,4095.0,4095.0,4095.0,4095.0,-0.64,9.66,-1.34,-0.0,0.11,0.05,thank-you
4095.0,2217.0,2848.0,3314.0,4095.0,4095.0,4095.0,4095.0,-0.31,9.43,-1.56,0.02,0.29,-0.01,thank-you
4095.0,2219.0,2858.0,3330.0,4095.0,4095.0,4095.0,4095.0,0.01,9.88,-0.47,0.07,0.26,-0.14,thank-you
4095.0,2194.0,2878.0,3346.0,4095.0,4095.0,4095.0,4095.0,-1.75,10.15,2.27,0.46,0.4,-0.15,thank-you
4095.0,2171.0,2867.0,3347.0,4095.0,4095.0,4095.0,4095.0,-0.53,9.19,5.11,1.26,0.16,0.26,thank-you
4095.0,2160.0,2850.0,3333.0,4095.0,4095.0,4095.0,4095.0,0.69,6.71,3.89,2.71,0.01,0.12,thank-you
4095.0,2174.0,2867.0,3299.0,4095.0,4095.0,4095.0,4095.0,0.52,4.54,-0.4,3.94,0.07,-0.25,thank-you
4095.0,2161.0,2863.0,3239.0,4095.0,4095.0,4095.0,4095.0,0.56,1.8,-3.78,4.36,-0.14,-0.29,thank-you
4095.0,2172.0,2862.0,3325.0,4095.0,4095.0,4095.0,4095.0,0.17,0.74,-6.54,4.36,0.54,-0.44,thank-you
4095.0,2175.0,2847.0,3319.0,4095.0,4095.0,4095.0,4095.0,0.42,-2.51,-11.48,4.18,0.12,-0.09,thank-you
4095.0,2202.0,2871.0,3315.0,4095.0,4095.0,4095.0,4095.0,-1.32,-1.36,-15.27,3.38,0.64,0.03,thank-you
4095.0,2194.0,2855.0,3312.0,4095.0,4095.0,4095.0,4095.0,1.15,-2.48,-15.44,2.51,0.2,0.01,thank-you
4095.0,2203.0,2864.0,3306.0,4095.0,4095.0,4095.0,4095.0,0.0,-2.22,-15.42,1.52,-0.2,0.06,thank-you
4095.0,2202.0,2869.0,3329.0,4095.0,4095.0,4095.0,4095.0,0.15,-1.66,-14.06,0.76,-0.02,-0.02,thank-you
4095.0,2195.0,2855.0,3333.0,4095.0,4095.0,4095.0,4095.0,0.02,-1.49,-12.75,0.38,-0.26,-0.05,thank-you
4095.0,2208.0,2863.0,3343.0,4095.0,4095.0,4095.0,4095.0,0.05,-0.88,-12.77,0.01,0.13,0.0,thank-you
4095.0,2197.0,2854.0,3357.0,4095.0,4095.0,4095.0,4095.0,0.14,-1.13,-11.19,-0.22,-0.03,-0.03,thank-you
4095.0,2215.0,2855.0,3363.0,4095.0,4095.0,4095.0,4095.0,0.11,-1.13,-10.21,-0.3,-0.03,-0.03,thank-you
4095.0,2205.0,2856.0,3346.0,4095.0,4095.0,4095.0,4095.0,0.06,-1.51,-9.48,-0.18,-0.1,-0.06,thank-you
4095.0,2209.0,2864.0,3359.0,4095.0,4095.0,4095.0,4095.0,-0.1,-1.35,-9.89,-0.06,0.04,-0.02,thank-you
4095.0,2256.0,2844.0,3361.0,4095.0,4095.0,4095.0,4095.0,-0.32,9.44,-1.19,-0.09,-0.01,-0.07,thank-you
4095.0,2256.0,2845.0,3376.0,4095.0,4095.0,4095.0,4095.0,-0.48,9.65,-1.31,-0.02,-0.08,-0.06,thank-you
4095.0,2239.0,2841.0,3353.0,4095.0,4095.0,4095.0,4095.0,-0.82,9.67,-0.28,0.03,-0.02,-0.06,thank-you
4095.0,2190.0,2851.0,3344.0,4095.0,4095.0,4095.0,4095.0,-0.5,9.47,2.8,0.45,-0.34,0.05,thank-you
4095.0,2188.0,2845.0,3347.0,4095.0,4095.0,4095.0,4095.0,-0.28,8.4,4.5,1.42,-0.27,-0.02,thank-you
4095.0,2169.0,2859.0,3372.0,4095.0,4095.0,4095.0,4095.0,0.82,6.55,1.63,2.53,-0.04,-0.23,thank-you
4095.0,2159.0,2864.0,3393.0,4095.0,4095.0,4095.0,4095.0,0.16,4.06,-1.8,3.24,-0.65,-0.6,thank-you
4095.0,2145.0,2864.0,3376.0,4095.0,4095.0,4095.0,4095.0,-1.3,3.89,-6.03,3.85,-0.31,-0.74,thank-you
4095.0,2159.0,2863.0,3376.0,4095.0,4095.0,4095.0,4095.0,-1.67,2.62,-7.73,4.0,0.65,-0.65,thank-you
4095.0,2159.0,2858.0,3281.0,4095.0,4095.0,4095.0,4095.0,-0.13,0.45,-9.33,4.15,1.38,-0.3,thank-you
4095.0,2159.0,2846.0,3279.0,4095.0,4095.0,4095.0,4095.0,-0.44,-0.94,-11.54,3.9,1.06,-0.31,thank-you
4095.0,2166.0,2857.0,3268.0,4095.0,4095.0,4095.0,4095.0,0.03,-3.13,-15.14,3.35,0.09,-0.26,thank-you
4095.0,2160.0,2864.0,3386.0,4095.0,4095.0,4095.0,4095.0,-0.87,-2.13,-16.8,1.73,0.27,0.12,thank-you
4095.0,2171.0,2858.0,3396.0,4095.0,4095.0,4095.0,4095.0,-0.11,-1.08,-13.2,0.72,0.16,-0.05,thank-you
4095.0,2165.0,2858.0,3491.0,4095.0,4095.0,4095.0,4095.0,-0.95,-1.0,-13.98,0.4,-0.52,-0.23,thank-you
4095.0,2170.0,2869.0,3283.0,4095.0,4095.0,4095.0,4095.0,-0.56,-1.12,-12.11,-0.07,0.16,0.08,thank-you
4095.0,2165.0,2871.0,3310.0,4095.0,4095.0,4095.0,4095.0,0.11,-1.4,-10.98,-0.1,0.11,0.1,thank-you
4095.0,2173.0,2871.0,3341.0,4095.0,4095.0,4095.0,4095.0,-0.16,-1.58,-10.05,-0.14,-0.04,-0.05,thank-you
4095.0,2165.0,2877.0,3331.0,4095.0,4095.0,4095.0,4095.0,-0.43,-1.41,-9.77,-0.1,0.11,0.01,thank-you
4095.0,2173.0,2873.0,3312.0,4095.0,4095.0,4095.0,4095.0,0.12,-1.66,-9.9,-0.01,0.08,-0.0,thank-you
4095.0,2155.0,2867.0,3354.0,4095.0,4095.0,4095.0,4095.0,-0.13,9.49,-1.19,-0.07,0.04,0.0,thank-you
4095.0,2146.0,2864.0,3344.0,4095.0,4095.0,4095.0,4095.0,-0.55,9.67,-1.63,-0.03,-0.0,-0.01,thank-you
4095.0,2151.0,2862.0,3357.0,4095.0,4095.0,4095.0,4095.0,-0.31,9.66,-0.61,0.0,0.05,-0.0,thank-you
4095.0,2141.0,2869.0,3354.0,4095.0,4095.0,4095.0,4095.0,-0.57,9.71,0.72,0.11,-0.29,-0.09,thank-you
4095.0,2128.0,2869.0,3357.0,4095.0,4095.0,4095.0,4095.0,-0.62,8.9,4.51,0.72,-0.07,-0.04,thank-you
4095.0,2135.0,2874.0,3378.0,4095.0,4095.0,4095.0,4095.0,0.92,7.51,3.28,2.16,-0.65,-0.12,thank-you
4095.0,2133.0,2878.0,3327.0,4095.0,4095.0,4095.0,4095.0,-0.83,4.82,2.03,2.73,-1.24,-0.8,thank-you
4095.0,2141.0,2870.0,3333.0,4095.0,4095.0,4095.0,4095.0,-1.61,4.01,-4.57,4.08,0.2,-0.81,thank-you
4095.0,2142.0,2869.0,3387.0,4095.0,4095.0,4095.0,4095.0,-1.73,1.92,-4.69,3.82,0.35,-0.5,thank-you
4095.0,2150.0,2875.0,3344.0,4095.0,4095.0,4095.0,4095.0,-2.06,2.49,-10.73,4.16,1.7,-0.51,thank-you
4095.0,2165.0,2869.0,3372.0,4095.0,4095.0,4095.0,4095.0,0.91,-0.72,-10.26,3.77,0.69,-0.34,thank-you
4095.0,2189.0,2877.0,3317.0,4095.0,4095.0,4095.0,4095.0,-0.88,-1.97,-12.77,3.27,0.01,-0.05,thank-you
4095.0,2135.0,2828.0,3195.0,4095.0,4095.0,4095.0,4095.0,-0.71,-2.72,-15.48,2.73,0.81,0.2,thank-you
4095.0,2145.0,2834.0,3137.0,4095.0,4095.0,4095.0,4095.0,0.1,-1.78,-18.29,1.63,0.18,0.27,thank-you
4095.0,2186.0,2889.0,3115.0,4095.0,4095.0,4095.0,4095.0,0.95,-1.73,-15.28,0.44,0.62,0.03,thank-you
4095.0,2186.0,2877.0,3168.0,4095.0,4095.0,4095.0,4095.0,0.89,-0.33,-11.82,-0.04,0.1,-0.12,thank-you
4095.0,2182.0,2880.0,3142.0,4095.0,4095.0,4095.0,4095.0,-0.42,-0.94,-11.59,-0.19,-0.67,-0.22,thank-you
4095.0,2174.0,2879.0,3166.0,4095.0,4095.0,4095.0,4095.0,-0.36,-1.59,-9.11,-0.26,0.01,-0.11,thank-you
4095.0,2173.0,2874.0,3181.0,4095.0,4095.0,4095.0,4095.0,-0.26,-1.25,-10.17,-0.1,-0.07,0.0,thank-you
4095.0,2174.0,2875.0,3190.0,4095.0,4095.0,4095.0,4095.0,-0.21,-1.4,-9.81,-0.02,0.04,-0.02,thank-you
4095.0,2043.0,2835.0,3312.0,4095.0,4095.0,4095.0,4095.0,-0.11,9.7,-0.71,0.02,0.01,-0.09,thank-you
4095.0,2046.0,2837.0,3297.0,4095.0,4095.0,4095.0,4095.0,-0.33,9.72,-1.07,-0.03,0.04,-0.04,thank-you
4095.0,2077.0,2863.0,3298.0,4095.0,4095.0,4095.0,4095.0,-0.54,9.76,-0.6,-0.04,-0.01,-0.06,thank-you
4095.0,2068.0,2835.0,3280.0,4095.0,4095.0,4095.0,4095.0,-0.39,9.48,-0.24,-0.04,-0.2,-0.05,thank-you
4095.0,2054.0,2847.0,3280.0,4095.0,4095.0,4095.0,4095.0,-0.8,9.38,3.63,0.22,-0.29,-0.1,thank-you
4095.0,2030.0,2861.0,3305.0,4095.0,4095.0,4095.0,4095.0,-0.76,7.16,7.65,1.71,-0.43,0.17,thank-you
4095.0,2031.0,2842.0,3335.0,4095.0,4095.0,4095.0,4095.0,0.26,4.48,4.46,3.76,-0.57,0.14,thank-you
4095.0,1991.0,2736.0,3338.0,4095.0,4095.0,4095.0,4095.0,0.92,2.85,-1.83,5.38,0.14,-0.17,thank-you
4095.0,2057.0,2716.0,3328.0,4095.0,4095.0,4080.0,4095.0,-0.5,0.3,-6.09,5.31,-0.1,-0.46,thank-you
4095.0,2138.0,2700.0,3200.0,4095.0,4095.0,4095.0,4095.0,-1.0,-1.25,-14.02,4.71,0.67,-0.46,thank-you
4095.0,2266.0,2730.0,3223.0,4095.0,4095.0,4095.0,4095.0,0.79,-1.44,-13.94,3.03,0.77,0.1,thank-you
4095.0,2245.0,2710.0,3340.0,4095.0,4095.0,4095.0,4095.0,-0.17,-1.02,-14.77,3.05,0.67,0.06,thank-you
4095.0,2255.0,2707.0,3356.0,4095.0,4095.0,4095.0,4095.0,1.53,-1.64,-14.2,1.74,0.01,0.04,thank-you
4095.0,2240.0,2703.0,3343.0,4095.0,4095.0,4095.0,4095.0,0.08,-1.09,-14.93,1.19,-0.04,0.06,thank-you
4095.0,2245.0,2720.0,3293.0,4095.0,4095.0,4095.0,4095.0,0.51,-0.69,-13.2,0.69,0.19,0.1,thank-you
4095.0,2268.0,2736.0,3296.0,4095.0,4095.0,4095.0,4095.0,0.42,-0.85,-13.42,0.33,0.08,0.1,thank-you
4095.0,2251.0,2735.0,3328.0,4095.0,4095.0,4095.0,4095.0,0.91,-1.39,-11.08,0.03,0.14,0.03,thank-you
4095.0,2245.0,2735.0,3325.0,4095.0,4095.0,4095.0,4095.0,0.82,-1.42,-10.67,0.05,-0.04,0.08,thank-you
4095.0,2246.0,2736.0,3326.0,4095.0,4095.0,4095.0,4095.0,0.99,-1.69,-9.96,-0.04,0.01,-0.04,thank-you
4095.0,2250.0,2739.0,3327.0,4095.0,4095.0,4095.0,4095.0,0.61,-1.64,-10.49,-0.04,-0.08,-0.04,thank-you
4095.0,2297.0,2753.0,3347.0,4095.0,4095.0,4095.0,4095.0,-0.61,8.22,2.88,-0.91,-0.12,0.14,thank-you
4095.0,2279.0,2757.0,3334.0,4095.0,4095.0,4095.0,4095.0,-1.35,8.16,3.17,-0.75,-0.18,0.08,thank-you
4095.0,2283.0,2768.0,3363.0,4095.0,4095.0,4095.0,4095.0,-0.32,7.61,4.02,-0.62,-0.32,-0.01,thank-you
4095.0,2281.0,2766.0,3182.0,4095.0,4095.0,4095.0,4095.0,-1.11,7.49,6.07,-0.23,0.19,-0.08,thank-you
4095.0,2207.0,2741.0,3153.0,4095.0,4095.0,4095.0,4095.0,-1.53,7.15,11.35,0.57,0.32,0.04,thank-you
4095.0,2271.0,2815.0,3183.0,4095.0,4095.0,4095.0,4095.0,-0.64,6.32,11.05,2.57,0.11,0.59,thank-you
4095.0,2275.0,2820.0,3238.0,4095.0,4095.0,4095.0,4095.0,0.23,3.39,7.72,4.1,-0.67,0.2,thank-you
4095.0,2283.0,2841.0,3255.0,4095.0,4095.0,4095.0,4095.0,0.57,1.25,1.98,5.69,0.89,0.15,thank-you
4095.0,2272.0,2842.0,3195.0,4095.0,4095.0,4095.0,4095.0,0.89,1.78,-3.29,6.25,1.12,0.06,thank-you
4095.0,2288.0,2841.0,3150.0,4095.0,4095.0,4095.0,4095.0,0.08,0.16,-7.81,5.89,0.62,0.15,thank-you
4095.0,2291.0,2855.0,3198.0,4095.0,4095.0,4095.0,4095.0,-0.87,-1.97,-11.67,4.43,0.78,0.39,thank-you
4095.0,2295.0,2833.0,3223.0,4095.0,4095.0,4095.0,4095.0,2.28,-3.78,-14.0,3.82,0.22,0.6,thank-you
4095.0,2288.0,2836.0,3271.0,4095.0,4095.0,4095.0,4095.0,1.61,-2.66,-18.8,2.35,-0.52,0.45,thank-you
4095.0,2284.0,2842.0,3263.0,4095.0,4095.0,4095.0,4095.0,0.71,-1.32,-16.87,1.42,-0.56,0.21,thank-you
4095.0,2283.0,2831.0,3237.0,4095.0,4095.0,4095.0,4095.0,1.23,-0.76,-14.78,0.69,0.17,0.09,thank-you
4095.0,2304.0,2864.0,3249.0,4095.0,4095.0,4095.0,4095.0,0.69,-0.54,-13.24,0.22,-0.03,0.15,thank-you
4095.0,2288.0,2875.0,3237.0,4095.0,4095.0,4095.0,4095.0,1.15,-1.01,-11.13,-0.09,0.06,0.09,thank-you
4095.0,2293.0,2871.0,3267.0,4095.0,4095.0,4095.0,4095.0,0.67,-1.03,-9.86,-0.15,0.14,0.03,thank-you
4095.0,2289.0,2875.0,3259.0,4095.0,4095.0,4095.0,4095.0,0.7,-0.91,-10.11,-0.0,0.1,0.01,thank-you
4095.0,2282.0,2874.0,3258.0,4095.0,4095.0,4095.0,4095.0,0.84,-0.87,-10.34,0.05,0.22,0.06,thank-you
4095.0,2167.0,2833.0,3313.0,4095.0,4095.0,4095.0,4095.0,-0.15,9.01,1.54,-0.75,-0.61,-0.07,thank-you
4095.0,2144.0,2819.0,3284.0,4095.0,4095.0,4095.0,4095.0,-0.85,9.12,1.97,-0.49,-0.12,-0.04,thank-you
4095.0,2101.0,2774.0,3249.0,4095.0,4095.0,4095.0,4095.0,-0.41,9.04,2.46,-0.45,-0.11,0.0,thank-you
4095.0,2111.0,2782.0,3362.0,4095.0,4095.0,4095.0,4095.0,-0.6,9.15,2.32,-0.35,-0.09,0.11,thank-you
4095.0,2128.0,2810.0,3253.0,4095.0,4095.0,4095.0,4095.0,-0.46,8.72,3.24,-0.37,-0.09,0.06,thank-you
4095.0,2157.0,2807.0,3253.0,4095.0,4095.0,4095.0,4095.0,0.04,8.69,5.08,-0.37,-0.29,-0.02,thank-you
4095.0,2141.0,2805.0,3267.0,4095.0,4095.0,4095.0,4095.0,-0.11,7.48,10.26,0.16,-0.13,0.03,thank-you
4095.0,2151.0,2815.0,3279.0,4095.0,4095.0,4095.0,4095.0,0.74,5.07,12.68,2.31,-0.26,-0.11,thank-you
4095.0,2148.0,2819.0,3297.0,4095.0,4095.0,4095.0,4095.0,-0.07,4.22,6.68,4.33,0.34,-0.32,thank-you
4095.0,2151.0,2815.0,3312.0,4095.0,4095.0,4095.0,4095.0,0.3,4.3,0.06,5.3,0.81,-0.26,thank-you
4095.0,2122.0,2811.0,3287.0,4095.0,4095.0,4095.0,4095.0,0.86,2.08,-3.5,5.8,1.6,0.11,thank-you
4095.0,2096.0,2791.0,3264.0,4095.0,4095.0,4095.0,4095.0,1.31,0.03,-7.32,5.49,0.95,0.39,thank-you
4095.0,2128.0,2800.0,3313.0,4095.0,4095.0,4095.0,4095.0,1.19,-2.52,-10.14,4.72,0.41,0.63,thank-you
4095.0,2131.0,2813.0,3264.0,4095.0,4095.0,4095.0,4095.0,1.15,-4.33,-16.48,3.46,-0.9,0.76,thank-you
4095.0,2143.0,2821.0,3264.0,4095.0,4095.0,4095.0,4095.0,1.21,-1.15,-17.93,2.31,-0.16,0.57,thank-you
4095.0,2136.0,2810.0,3299.0,4095.0,4095.0,4095.0,4095.0,1.08,-0.54,-15.1,1.37,-0.61,0.22,thank-you
4095.0,2135.0,2813.0,3302.0,4095.0,4095.0,4095.0,4095.0,0.17,-0.08,-13.79,0.78,-0.57,0.14,thank-you
4095.0,2119.0,2787.0,3325.0,4095.0,4095.0,4095.0,4095.0,0.32,-0.3,-13.89,0.5,-0.01,0.22,thank-you
4095.0,2136.0,2797.0,3362.0,4095.0,4095.0,4095.0,4095.0,0.59,-0.54,-11.89,0.03,0.36,0.18,thank-you
4095.0,2142.0,2817.0,3333.0,4095.0,4095.0,4095.0,4095.0,0.58,-0.37,-10.81,-0.04,0.12,0.05,thank-you
4095.0,2161.0,2867.0,3239.0,4095.0,4095.0,4095.0,4095.0,-0.55,9.57,-0.56,-0.05,0.11,-0.14,thank-you
4095.0,2199.0,2885.0,3427.0,4095.0,4095.0,4095.0,4095.0,-0.71,9.75,0.49,-0.03,-0.08,-0.03,thank-you
4095.0,2258.0,2893.0,3218.0,4095.0,4095.0,4095.0,4095.0,0.34,9.7,0.33,0.01,-0.31,-0.02,thank-you
4095.0,2204.0,2864.0,3204.0,4095.0,4095.0,4095.0,4095.0,-0.38,9.88,0.77,0.0,-0.27,-0.15,thank-you
4095.0,2151.0,2864.0,3294.0,4095.0,4095.0,4095.0,4095.0,-0.65,9.89,3.07,0.12,-0.03,-0.17,thank-you
4095.0,2100.0,2864.0,3242.0,4095.0,4095.0,4095.0,4095.0,-0.6,8.3,5.99,1.02,0.12,0.09,thank-you
4095.0,2117.0,2865.0,3152.0,4095.0,4095.0,4095.0,4095.0,0.55,6.8,4.25,2.06,-0.45,-0.08,thank-you
4095.0,2099.0,2849.0,3127.0,4035.0,4095.0,4095.0,4095.0,-0.21,6.43,0.78,2.92,-0.13,-0.24,thank-you
4095.0,2081.0,2829.0,3099.0,4067.0,4095.0,4095.0,4095.0,0.2,5.32,-1.18,3.47,0.21,-0.24,thank-you
4095.0,2094.0,2814.0,3095.0,4095.0,4095.0,4095.0,4095.0,0.01,3.81,-3.99,4.05,0.33,-0.34,thank-you
4095.0,2097.0,2813.0,3136.0,4095.0,4095.0,4095.0,4095.0,-0.1,1.49,-8.11,4.8,0.85,-0.32,thank-you
4095.0,2177.0,2879.0,3088.0,4095.0,4095.0,4095.0,4095.0,-0.39,1.07,-11.29,3.71,1.36,0.12,thank-you
4095.0,2192.0,2880.0,3143.0,4095.0,4095.0,4095.0,4095.0,1.46,-1.48,-11.92,3.81,0.85,0.17,thank-you
4095.0,2210.0,2897.0,3121.0,4095.0,4095.0,4095.0,4095.0,1.25,-1.67,-13.15,2.86,0.39,0.49,thank-you
4095.0,2202.0,2896.0,3127.0,4095.0,4095.0,4095.0,4095.0,1.57,-2.75,-14.65,2.54,0.24,0.24,thank-you
4095.0,2202.0,2900.0,3043.0,4079.0,4095.0,4095.0,4095.0,2.17,-2.24,-14.98,1.42,-0.02,0.32,thank-you
4095.0,2212.0,2906.0,3056.0,4074.0,4095.0,4095.0,4095.0,1.55,-2.34,-12.98,0.78,-0.11,0.07,thank-you
4095.0,2221.0,2909.0,3103.0,4095.0,4095.0,4095.0,4095.0,1.3,-1.81,-13.12,0.25,-0.27,0.05,thank-you
4095.0,2230.0,2918.0,3095.0,4095.0,4095.0,4095.0,4095.0,1.38,-2.12,-11.58,0.03,-0.04,-0.04,thank-you
4095.0,2215.0,2918.0,3088.0,4095.0,4095.0,4095.0,4095.0,1.22,-2.33,-10.41,-0.05,-0.01,-0.04,thank-you
4095.0,2035.0,2896.0,3007.0,4095.0,4095.0,4095.0,4095.0,-0.36,10.19,-1.09,-0.18,-0.0,0.09,thank-you
4095.0,2064.0,2907.0,3001.0,4083.0,4095.0,4095.0,4095.0,-0.32,9.9,-0.92,-0.04,0.08,0.13,thank-you
4095.0,2078.0,2905.0,2989.0,4071.0,4095.0,4095.0,4095.0,0.12,9.35,-0.28,-0.06,-0.16,0.01,thank-you
4095.0,2016.0,2897.0,2989.0,4051.0,4095.0,4095.0,4095.0,-0.92,9.39,1.7,0.21,0.12,-0.12,thank-you
4095.0,1999.0,2926.0,2992.0,4027.0,4095.0,4095.0,4095.0,0.18,7.94,4.31,1.31,-0.09,-0.02,thank-you
4095.0,1995.0,2935.0,3002.0,4003.0,4095.0,4095.0,4095.0,0.5,7.07,2.08,2.75,0.06,-0.18,thank-you
4095.0,2009.0,2935.0,3056.0,4095.0,4095.0,4095.0,4095.0,-0.37,5.95,-1.4,3.75,0.13,-0.24,thank-you
4095.0,2044.0,2926.0,3172.0,4095.0,4095.0,4095.0,4095.0,-0.26,4.59,-3.27,4.11,-0.35,-0.39,thank-you
4095.0,2125.0,2919.0,2915.0,3780.0,4095.0,4095.0,4095.0,-2.07,3.74,-6.66,3.97,0.59,-0.44,thank-you
4095.0,2143.0,2911.0,3023.0,4036.0,4095.0,4095.0,4095.0,0.19,0.29,-8.71,4.23,0.94,-0.27,thank-you
4095.0,2163.0,2898.0,2989.0,3959.0,4095.0,4095.0,4095.0,-0.72,-1.4,-12.38,3.78,1.18,-0.03,thank-you
4095.0,2165.0,2897.0,3136.0,4095.0,4095.0,4095.0,4095.0,0.97,-2.17,-12.91,3.38,1.03,0.23,thank-you
4095.0,2167.0,2897.0,3239.0,4095.0,4095.0,4095.0,4095.0,2.25,-4.06,-14.66,2.48,0.66,0.22,thank-you
4095.0,2163.0,2910.0,3241.0,4095.0,4095.0,4095.0,4095.0,1.18,-2.66,-15.01,1.56,0.3,0.21,thank-you
4095.0,2155.0,2909.0,3251.0,4095.0,4095.0,4095.0,4095.0,1.75,-2.52,-12.91,0.6,-0.18,0.2,thank-you
4095.0,2162.0,2910.0,3264.0,4095.0,4095.0,4095.0,4095.0,1.44,-2.47,-12.85,0.48,0.1,0.12,thank-you
4095.0,2150.0,2911.0,3263.0,4095.0,4095.0,4095.0,4095.0,1.95,-2.77,-11.52,-0.1,0.03,0.05,thank-you
4095.0,2160.0,2905.0,3250.0,4095.0,4095.0,4095.0,4095.0,1.42,-2.4,-10.53,-0.24,-0.12,0.03,thank-you
4095.0,2159.0,2910.0,3264.0,4095.0,4095.0,4095.0,4095.0,1.29,-2.49,-9.7,-0.23,-0.04,-0.09,thank-you
4095.0,2143.0,2899.0,3280.0,4095.0,4095.0,4095.0,4095.0,0.92,-2.54,-9.41,-0.09,-0.01,-0.0,thank-you
4095.0,2030.0,2851.0,3264.0,4095.0,4095.0,4095.0,4095.0,-0.7,9.5,-0.33,-0.07,0.07,-0.04,thank-you
4095.0,2030.0,2851.0,3264.0,4095.0,4095.0,4095.0,4095.0,-0.7,9.5,-0.33,-0.07,0.07,-0.04,thank-you
4095.0,2031.0,2858.0,3269.0,4095.0,4095.0,4095.0,4095.0,-0.51,9.33,0.36,-0.08,-0.05,-0.06,thank-you
4095.0,2000.0,2846.0,3257.0,4095.0,4095.0,4095.0,4095.0,-1.14,9.24,1.83,0.25,0.07,-0.1,thank-you
4095.0,1940.0,2853.0,3261.0,4095.0,4095.0,4095.0,4095.0,-0.41,8.48,3.34,0.93,-0.07,0.11,thank-you
4095.0,1939.0,2860.0,3250.0,4095.0,4095.0,4095.0,4095.0,-1.02,7.36,3.09,1.93,-0.05,0.12,thank-you
4095.0,1947.0,2869.0,3243.0,4095.0,4095.0,4095.0,4095.0,0.08,6.56,0.56,3.19,0.11,0.37,thank-you
4095.0,1949.0,2854.0,3239.0,4095.0,4095.0,4095.0,4095.0,0.01,5.31,-2.01,3.7,-0.29,0.1,thank-you
4095.0,1963.0,2844.0,3211.0,4095.0,4095.0,4095.0,4095.0,0.15,3.7,-4.57,4.09,-0.08,-0.3,thank-you
4095.0,1966.0,2818.0,2939.0,3755.0,4095.0,4095.0,4095.0,-0.69,2.3,-8.83,4.31,0.52,-0.43,thank-you
4095.0,1990.0,2818.0,3085.0,4051.0,4095.0,4095.0,4095.0,-0.02,-0.11,-9.35,4.16,1.07,-0.13,thank-you
4095.0,2006.0,2818.0,3025.0,3950.0,4095.0,4095.0,4095.0,-0.42,-1.28,-12.74,4.13,1.21,0.14,thank-you
4095.0,2023.0,2822.0,3104.0,4089.0,4095.0,4095.0,4095.0,1.98,-4.19,-13.0,3.18,1.28,0.38,thank-you
4095.0,2026.0,2813.0,3099.0,4077.0,4095.0,4095.0,4095.0,0.99,-3.39,-15.52,2.42,0.31,0.54,thank-you
4095.0,2035.0,2834.0,3071.0,4000.0,4095.0,4095.0,4095.0,3.22,-3.48,-13.76,1.26,0.41,0.44,thank-you
4095.0,2025.0,2829.0,3169.0,4095.0,4095.0,4095.0,4095.0,3.01,-2.21,-13.68,0.93,-0.18,0.13,thank-you
4095.0,2022.0,2825.0,3184.0,4095.0,4095.0,4095.0,4095.0,1.75,-2.79,-12.58,0.18,0.0,-0.03,thank-you
4095.0,2030.0,2832.0,3195.0,4095.0,4095.0,4095.0,4095.0,1.76,-2.8,-10.77,-0.02,-0.03,0.01,thank-you
4095.0,2029.0,2822.0,3208.0,4095.0,4095.0,4095.0,4095.0,1.61,-3.2,-9.59,-0.11,-0.18,-0.03,thank-you
4095.0,2026.0,2825.0,3191.0,4095.0,4095.0,4095.0,4095.0,1.47,-3.28,-9.71,-0.02,0.07,0.05,thank-you
4095.0,2265.0,2799.0,3246.0,4095.0,4095.0,4095.0,4095.0,0.26,9.51,0.6,-0.03,0.01,-0.01,thank-you
4095.0,2264.0,2800.0,3235.0,4095.0,4095.0,4095.0,4095.0,0.17,9.61,0.48,0.0,0.01,-0.02,thank-you
4095.0,2267.0,2798.0,3239.0,4095.0,4095.0,4095.0,4095.0,0.27,9.62,0.65,0.02,-0.02,-0.01,thank-you
4095.0,2266.0,2800.0,3251.0,4095.0,4095.0,4095.0,4095.0,0.15,9.74,1.37,0.05,-0.05,-0.03,thank-you
4095.0,2262.0,2802.0,3247.0,4095.0,4095.0,4095.0,4095.0,0.37,9.65,2.16,0.17,-0.05,-0.03,thank-you
4095.0,2235.0,2781.0,3231.0,4095.0,4095.0,4095.0,4095.0,0.56,9.57,3.66,0.5,-0.16,-0.09,thank-you
4095.0,2422.0,2928.0,3333.0,4095.0,4095.0,4095.0,4095.0,1.05,8.7,4.3,1.18,-0.5,-0.16,thank-you
4095.0,2240.0,2781.0,3270.0,4095.0,4095.0,4095.0,4095.0,1.7,7.46,3.39,1.99,-0.26,-0.51,thank-you
4095.0,2253.0,2794.0,3242.0,4095.0,4095.0,4095.0,4095.0,0.54,5.73,1.14,2.83,-0.4,-0.85,thank-you
4095.0,2253.0,2815.0,3248.0,4095.0,4095.0,4095.0,4095.0,-0.39,4.2,-1.72,3.43,-0.06,-1.0,thank-you
4095.0,2254.0,2810.0,3166.0,4095.0,4095.0,4095.0,4095.0,-1.31,2.86,-5.07,3.99,0.5,-0.97,thank-you
4095.0,2227.0,2799.0,3137.0,4095.0,4095.0,4095.0,4095.0,-1.24,1.1,-7.5,4.21,0.39,-0.93,thank-you
4095.0,2266.0,2865.0,3216.0,4095.0,4095.0,4095.0,4095.0,-2.56,0.13,-10.68,3.75,0.44,-1.05,thank-you
4095.0,2279.0,2870.0,3337.0,4095.0,4095.0,4095.0,4095.0,-1.35,-1.24,-12.18,3.34,0.33,-0.97,thank-you
4095.0,2330.0,2911.0,3311.0,4095.0,4095.0,4095.0,4095.0,-4.42,-0.86,-15.69,2.99,-0.04,-0.86,thank-you
4095.0,2317.0,2909.0,3308.0,4095.0,4095.0,4095.0,4095.0,-2.23,-1.55,-15.22,1.96,0.32,-0.43,thank-you
4095.0,2326.0,2911.0,3317.0,4095.0,4095.0,4095.0,4095.0,-2.66,-0.61,-14.95,1.21,0.16,-0.22,thank-you
4095.0,2413.0,2982.0,3405.0,4095.0,4095.0,4095.0,4095.0,-2.09,-0.83,-13.23,0.59,0.11,-0.08,thank-you
4095.0,2302.0,2877.0,3323.0,4095.0,4095.0,4095.0,4095.0,-1.59,-0.96,-12.04,0.27,0.02,-0.03,thank-you
4095.0,2314.0,2879.0,3333.0,4095.0,4095.0,4095.0,4095.0,-1.82,-1.02,-11.17,0.07,-0.09,-0.02,thank-you
4095.0,2259.0,2828.0,3216.0,4095.0,4095.0,4095.0,4095.0,0.43,9.66,-0.13,-0.11,-0.04,-0.02,thank-you
4095.0,2258.0,2845.0,3219.0,4095.0,4095.0,4095.0,4095.0,0.51,9.53,0.63,-0.12,-0.14,-0.02,thank-you
4095.0,2255.0,2834.0,3216.0,4095.0,4095.0,4095.0,4095.0,-0.16,9.64,0.48,-0.0,0.05,-0.02,thank-you
4095.0,2257.0,2848.0,3233.0,4095.0,4095.0,4095.0,4095.0,0.06,9.75,2.1,0.12,0.03,-0.02,thank-you
4095.0,2396.0,3038.0,3403.0,4095.0,4095.0,4095.0,4095.0,0.95,9.45,4.21,0.69,0.17,0.07,thank-you
4095.0,2460.0,3044.0,3399.0,4095.0,4095.0,4095.0,4095.0,1.01,8.85,3.22,1.24,-0.22,-0.15,thank-you
4095.0,2353.0,2928.0,3311.0,4095.0,4095.0,4095.0,4095.0,0.31,8.07,2.24,1.67,-0.48,-0.3,thank-you
4095.0,2286.0,2866.0,3216.0,4095.0,4095.0,4095.0,4095.0,0.76,6.75,0.53,2.27,-0.49,-0.53,thank-you
4095.0,2298.0,2910.0,3202.0,4095.0,4095.0,4095.0,4095.0,0.87,5.2,-1.07,2.89,-0.16,-0.78,thank-you
4095.0,2281.0,2899.0,3238.0,4095.0,4095.0,4095.0,4095.0,-0.87,3.68,-3.9,3.25,0.0,-1.15,thank-you
4095.0,2171.0,2810.0,3088.0,3915.0,4095.0,4095.0,4095.0,-1.59,2.21,-7.4,3.47,0.65,-1.16,thank-you
4095.0,2253.0,2893.0,3361.0,4095.0,4095.0,4095.0,4095.0,-1.0,1.1,-9.54,3.35,0.37,-1.0,thank-you
4095.0,2263.0,2917.0,3339.0,4095.0,4095.0,4095.0,4095.0,-1.91,0.49,-11.63,3.09,0.29,-0.98,thank-you
4095.0,2147.0,2832.0,3219.0,4095.0,4095.0,4095.0,4095.0,-2.35,0.51,-12.24,2.46,0.36,-0.85,thank-you
4095.0,2118.0,2848.0,3154.0,4095.0,4095.0,4095.0,4095.0,-3.24,0.62,-13.43,2.17,0.23,-0.72,thank-you
4095.0,2115.0,2851.0,3250.0,4095.0,4095.0,4095.0,4095.0,-2.21,-0.11,-14.08,1.89,0.39,-0.39,thank-you
4095.0,2123.0,2842.0,3226.0,4095.0,4095.0,4095.0,4095.0,-2.11,0.14,-14.14,1.45,0.45,-0.17,thank-you
4095.0,2087.0,2815.0,3206.0,4095.0,4095.0,4095.0,4095.0,-1.47,-0.19,-13.15,0.88,0.35,-0.19,thank-you
4095.0,2176.0,2864.0,3301.0,4095.0,4095.0,4095.0,4095.0,-1.71,-0.11,-13.1,0.44,-0.1,-0.06,thank-you
4095.0,2152.0,2833.0,3295.0,4095.0,4095.0,4095.0,4095.0,-1.35,-0.55,-11.58,0.07,0.0,-0.06,thank-you
4095.0,2319.0,2912.0,3314.0,4095.0,4095.0,4095.0,4095.0,0.14,9.66,-0.16,-0.04,0.13,-0.1,thank-you
4095.0,2371.0,2941.0,3373.0,4095.0,4095.0,4095.0,4095.0,0.65,9.45,0.21,-0.04,0.11,-0.01,thank-you
4095.0,2414.0,2959.0,3394.0,4095.0,4095.0,4095.0,4095.0,0.73,9.65,0.46,-0.03,-0.08,-0.04,thank-you
4095.0,2400.0,2978.0,3425.0,4095.0,4095.0,4095.0,4095.0,0.79,9.49,2.51,0.11,-0.19,-0.11,thank-you
4095.0,2363.0,2931.0,3379.0,4095.0,4095.0,4095.0,4095.0,1.27,9.04,4.38,0.82,-0.17,-0.14,thank-you
4095.0,2320.0,2897.0,3338.0,4095.0,4095.0,4095.0,4095.0,2.04,8.07,2.99,1.65,-0.58,-0.4,thank-you
4095.0,2303.0,2899.0,3344.0,4095.0,4095.0,4095.0,4095.0,1.61,6.78,2.19,2.4,-0.56,-0.89,thank-you
4095.0,2126.0,2692.0,3274.0,4095.0,4095.0,4016.0,4095.0,-0.21,6.06,-1.7,3.02,-0.51,-1.14,thank-you
4095.0,2208.0,2768.0,3331.0,4095.0,4095.0,4095.0,4095.0,-0.58,4.76,-4.04,3.27,0.72,-0.9,thank-you
4095.0,2347.0,2905.0,3355.0,4095.0,4095.0,4095.0,4095.0,-0.64,3.02,-6.43,3.71,0.12,-1.27,thank-you
4095.0,2478.0,3046.0,3374.0,4095.0,4095.0,4095.0,4095.0,-1.36,2.78,-9.37,2.79,0.76,-0.94,thank-you
4095.0,2238.0,2831.0,3307.0,4095.0,4095.0,4095.0,4095.0,-1.73,1.83,-9.71,2.25,0.03,-0.87,thank-you
4095.0,2190.0,2790.0,3217.0,4095.0,4095.0,4095.0,4095.0,-0.9,0.66,-9.22,2.63,-0.08,-1.06,thank-you
4095.0,2199.0,2795.0,3274.0,4095.0,4095.0,4095.0,4095.0,-3.79,-0.27,-12.74,2.63,0.11,-0.8,thank-you
4095.0,2219.0,2811.0,3291.0,4095.0,4095.0,4095.0,4095.0,-2.33,-0.32,-12.3,2.31,0.24,-0.57,thank-you
4095.0,2279.0,2864.0,3291.0,4095.0,4095.0,4095.0,4095.0,-2.8,-1.32,-14.27,2.57,0.41,-0.52,thank-you
4095.0,2302.0,2879.0,3296.0,4095.0,4095.0,4095.0,4095.0,-2.19,-1.21,-14.76,1.33,0.2,-0.1,thank-you
4095.0,2303.0,2864.0,3297.0,4095.0,4095.0,4095.0,4095.0,-2.01,-1.37,-13.17,0.75,0.03,-0.13,thank-you
4095.0,2325.0,2891.0,3291.0,4095.0,4095.0,4095.0,4095.0,-1.86,-1.18,-12.35,0.24,-0.03,-0.14,thank-you
4095.0,2299.0,2855.0,3278.0,4095.0,4095.0,4095.0,4095.0,-2.15,-1.65,-11.27,-0.0,0.04,-0.04,thank-you
4095.0,2507.0,2894.0,3243.0,4095.0,4095.0,4095.0,4095.0,0.05,9.75,-0.28,-0.04,0.13,-0.02,thank-you
4095.0,2519.0,2910.0,3280.0,4095.0,4095.0,4095.0,4095.0,0.22,9.59,0.55,0.02,0.01,-0.02,thank-you
4095.0,2510.0,2910.0,3285.0,4095.0,4095.0,4095.0,4095.0,0.2,9.56,2.11,0.24,-0.01,-0.03,thank-you
4095.0,2509.0,2931.0,3280.0,4095.0,4095.0,4095.0,4095.0,0.95,9.0,4.29,0.91,0.08,-0.16,thank-you
4095.0,2458.0,2880.0,3218.0,4095.0,4095.0,4095.0,4095.0,0.75,8.27,2.54,1.84,-0.23,-0.32,thank-you
4095.0,2451.0,2882.0,3185.0,4095.0,4095.0,4095.0,4095.0,1.0,7.48,0.52,2.32,0.08,-0.43,thank-you
4095.0,2383.0,2815.0,3216.0,4095.0,4095.0,4095.0,4095.0,0.1,6.2,-0.74,2.75,-0.61,-0.76,thank-you
4095.0,2437.0,2882.0,3217.0,4095.0,4095.0,4095.0,4095.0,0.42,4.67,-2.26,3.05,0.34,-0.92,thank-you
4095.0,2410.0,2859.0,3218.0,4095.0,4095.0,4095.0,4095.0,-1.41,2.48,-5.18,3.73,-0.11,-1.26,thank-you
4095.0,2323.0,2785.0,3200.0,4095.0,4095.0,4095.0,4095.0,-1.29,0.47,-7.61,3.47,0.37,-1.07,thank-you
4095.0,2281.0,2745.0,3219.0,4095.0,4095.0,4095.0,4095.0,-2.22,-0.29,-11.4,3.64,0.11,-1.1,thank-you
4095.0,2269.0,2757.0,3263.0,4095.0,4095.0,4095.0,4095.0,-2.27,-1.21,-12.34,2.78,0.57,-0.87,thank-you
4095.0,2264.0,2753.0,3223.0,4095.0,4095.0,4095.0,4095.0,-2.38,-1.76,-14.05,3.04,0.31,-1.08,thank-you
4095.0,2302.0,2803.0,3362.0,4095.0,4095.0,4095.0,4095.0,-2.61,-1.72,-14.93,2.04,0.47,-0.34,thank-you
4095.0,2389.0,2875.0,3351.0,4095.0,4095.0,4095.0,4095.0,-2.27,-1.55,-14.31,1.58,-0.13,-0.39,thank-you
4095.0,2285.0,2775.0,3351.0,4095.0,4095.0,4095.0,4095.0,-2.04,-1.69,-13.67,0.8,0.02,-0.18,thank-you
4095.0,2259.0,2785.0,3358.0,4095.0,4095.0,4095.0,4095.0,-2.28,-1.62,-12.86,0.34,0.04,-0.09,thank-you
4095.0,2224.0,2753.0,3352.0,4095.0,4095.0,4095.0,4095.0,-1.72,-1.54,-11.73,0.08,-0.1,-0.02,thank-you
4095.0,2245.0,2779.0,3353.0,4095.0,4095.0,4095.0,4095.0,-1.79,-1.69,-10.99,-0.13,-0.06,-0.04,thank-you
4095.0,2352.0,2861.0,3355.0,4095.0,4095.0,4095.0,4095.0,-1.75,-2.12,-10.07,-0.18,-0.1,-0.0,thank-you
4095.0,2313.0,2797.0,3340.0,4095.0,4095.0,4095.0,4095.0,0.73,9.59,-0.81,-0.12,-0.0,-0.05,thank-you
4095.0,2368.0,2877.0,3333.0,4095.0,4095.0,4095.0,4095.0,0.31,9.64,-0.72,-0.08,-0.07,-0.08,thank-you
4095.0,2367.0,2883.0,3337.0,4095.0,4095.0,4095.0,4095.0,0.03,9.57,-0.57,-0.06,0.04,-0.05,thank-you
4095.0,2361.0,2887.0,3341.0,4095.0,4095.0,4095.0,4095.0,0.68,9.48,0.79,0.01,-0.04,-0.05,thank-you
4095.0,2292.0,2787.0,3329.0,4095.0,4095.0,4095.0,4095.0,1.18,9.16,4.25,0.53,-0.08,-0.17,thank-you
4095.0,2307.0,2815.0,3310.0,4095.0,4095.0,4095.0,4095.0,1.12,8.45,4.36,1.44,-0.23,-0.35,thank-you
4095.0,2308.0,2816.0,3305.0,4095.0,4095.0,4095.0,4095.0,1.02,7.42,1.92,2.45,-0.22,-0.67,thank-you
4095.0,2263.0,2756.0,3279.0,4095.0,4095.0,4095.0,4095.0,0.21,5.83,-0.9,2.86,-0.38,-0.87,thank-you
4095.0,2271.0,2785.0,3221.0,4095.0,4095.0,4095.0,4095.0,-0.78,4.7,-4.11,3.27,-0.07,-0.93,thank-you
4095.0,2306.0,2814.0,3296.0,4095.0,4095.0,4095.0,4095.0,-0.29,2.95,-5.48,3.59,0.29,-1.29,thank-you
4095.0,2299.0,2817.0,3159.0,4095.0,4095.0,4095.0,4095.0,-2.88,1.74,-9.07,3.53,0.51,-0.95,thank-you
4095.0,2333.0,2831.0,3156.0,4095.0,4095.0,4095.0,4095.0,-0.47,-0.15,-8.82,3.65,0.57,-1.0,thank-you
4095.0,2351.0,2853.0,3185.0,4095.0,4095.0,4095.0,4095.0,-2.5,-1.23,-11.87,3.33,0.25,-0.61,thank-you
4095.0,2303.0,2800.0,3179.0,4095.0,4095.0,4095.0,4095.0,-2.31,-2.69,-13.3,3.3,0.07,-0.93,thank-you
4095.0,2298.0,2798.0,3190.0,4095.0,4095.0,4095.0,4095.0,-2.43,-2.48,-15.5,2.18,0.27,-0.35,thank-you
4095.0,2279.0,2781.0,3189.0,4095.0,4095.0,4095.0,4095.0,-2.06,-2.1,-15.3,1.4,0.03,-0.25,thank-you
4095.0,2320.0,2855.0,3185.0,4095.0,4095.0,4095.0,4095.0,-2.4,-1.58,-13.93,0.58,0.07,-0.09,thank-you
4095.0,2336.0,2863.0,3196.0,4095.0,4095.0,4095.0,4095.0,-1.68,-1.89,-11.42,0.23,-0.11,-0.13,thank-you
4095.0,2325.0,2862.0,3193.0,4095.0,4095.0,4095.0,4095.0,-1.9,-1.94,-11.11,0.13,-0.05,-0.08,thank-you
4095.0,2350.0,2878.0,3191.0,4095.0,4095.0,4095.0,4095.0,-1.55,-2.41,-10.27,-0.08,-0.04,-0.03,thank-you
4095.0,2587.0,2927.0,3287.0,4095.0,4095.0,4095.0,4095.0,-0.12,9.57,-0.64,-0.07,-0.05,0.01,thank-you
4095.0,2592.0,2921.0,3301.0,4095.0,4095.0,4095.0,4095.0,0.52,9.69,-0.25,-0.03,0.04,-0.04,thank-you
4095.0,2582.0,2931.0,3295.0,4095.0,4095.0,4095.0,4095.0,0.15,9.61,0.73,0.08,-0.08,-0.0,thank-you
4095.0,2479.0,2852.0,3265.0,4095.0,4095.0,4095.0,4095.0,0.71,9.18,4.04,0.55,0.04,-0.08,thank-you
4095.0,2502.0,2897.0,3215.0,4095.0,4095.0,4095.0,4095.0,0.62,8.14,4.35,1.44,-0.09,-0.22,thank-you
4095.0,2511.0,2912.0,3245.0,4095.0,4095.0,4095.0,4095.0,0.76,6.92,2.46,2.38,-0.49,-0.4,thank-you
4095.0,2471.0,2857.0,3216.0,4095.0,4095.0,4095.0,4095.0,-0.02,5.85,-0.67,3.27,0.0,-0.48,thank-you
4095.0,2501.0,2896.0,3115.0,4083.0,4095.0,4095.0,4095.0,0.66,3.97,-3.15,3.62,0.26,-0.51,thank-you
4095.0,2466.0,2857.0,3152.0,4095.0,4095.0,4095.0,4095.0,-0.4,1.9,-5.14,4.44,0.37,-0.82,thank-you
4095.0,2496.0,2902.0,3134.0,4095.0,4095.0,4095.0,4095.0,-1.27,0.69,-10.13,4.21,0.28,-0.7,thank-you
4095.0,2625.0,3002.0,3264.0,4095.0,4095.0,4095.0,4095.0,-0.92,-1.19,-10.64,3.92,-0.65,-0.78,thank-you
4095.0,2559.0,2989.0,3265.0,4095.0,4095.0,4095.0,4095.0,-1.16,-2.95,-13.05,3.7,0.07,-0.68,thank-you
4095.0,2559.0,2962.0,3271.0,4095.0,4095.0,4095.0,4095.0,-3.95,-3.34,-15.73,3.2,-0.48,-0.67,thank-you
4095.0,2589.0,2977.0,3175.0,4095.0,4095.0,4095.0,4095.0,-1.71,-3.61,-14.79,1.96,0.03,-0.3,thank-you
4095.0,2512.0,2925.0,3186.0,4095.0,4095.0,4095.0,4095.0,-2.67,-3.01,-14.47,1.02,-0.21,-0.21,thank-you
4095.0,2495.0,2902.0,3168.0,4095.0,4095.0,4095.0,4095.0,-2.11,-3.02,-12.87,0.32,-0.12,-0.12,thank-you
4095.0,2496.0,2911.0,3167.0,4095.0,4095.0,4095.0,4095.0,-2.03,-2.6,-11.61,0.04,0.02,-0.05,thank-you
4095.0,2497.0,2913.0,3183.0,4095.0,4095.0,4095.0,4095.0,-2.0,-2.59,-10.66,-0.13,-0.02,-0.02,thank-you
4095.0,2535.0,2955.0,3206.0,4095.0,4095.0,4095.0,4095.0,-1.76,-2.64,-10.25,-0.19,0.02,-0.02,thank-you
4095.0,2534.0,2951.0,3194.0,4095.0,4095.0,4095.0,4095.0,-1.79,-2.77,-9.77,-0.21,-0.06,-0.0,thank-you
4095.0,2213.0,2690.0,3266.0,4095.0,4095.0,4095.0,4095.0,0.52,9.71,0.34,0.01,0.02,0.03,thank-you
4095.0,2213.0,2690.0,3266.0,4095.0,4095.0,4095.0,4095.0,0.52,9.71,0.34,0.01,0.02,0.03,thank-you
4095.0,2203.0,2690.0,3264.0,4095.0,4095.0,4095.0,4095.0,0.84,9.31,2.56,0.16,-0.11,0.06,thank-you
4095.0,2174.0,2638.0,3190.0,4095.0,4095.0,4095.0,4095.0,1.13,8.76,4.67,0.93,0.03,0.07,thank-you
4095.0,2186.0,2650.0,3210.0,4095.0,4095.0,4095.0,4095.0,1.2,7.71,3.59,1.72,-0.32,-0.05,thank-you
4095.0,2413.0,2875.0,3102.0,3995.0,4095.0,4095.0,4095.0,1.79,6.32,2.57,2.53,-0.79,-0.32,thank-you
4095.0,2128.0,2595.0,3120.0,4095.0,4095.0,3913.0,4095.0,0.51,4.46,-1.37,3.98,-0.26,-0.68,thank-you
4095.0,2173.0,2640.0,3141.0,4095.0,4095.0,4066.0,4095.0,0.63,2.9,-4.01,3.83,1.04,-0.59,thank-you
4095.0,2172.0,2647.0,3069.0,4038.0,4095.0,4086.0,4095.0,0.96,0.27,-6.43,5.07,0.69,-1.08,thank-you
4095.0,2166.0,2642.0,3100.0,4095.0,4095.0,4095.0,4095.0,-2.76,-0.6,-11.82,4.74,-0.59,-0.84,thank-you
4095.0,2191.0,2672.0,3107.0,4093.0,4095.0,4095.0,4095.0,0.62,-3.55,-11.17,3.49,-0.95,-0.96,thank-you
4095.0,2206.0,2695.0,3146.0,4095.0,4095.0,4095.0,4095.0,-4.9,-3.02,-14.96,3.87,-0.46,-1.21,thank-you
4095.0,2479.0,2952.0,3142.0,4095.0,4095.0,4095.0,4095.0,-2.63,-4.4,-14.94,2.45,-0.03,-0.64,thank-you
4095.0,2224.0,2742.0,3296.0,4095.0,4095.0,4095.0,4095.0,-3.17,-3.17,-16.26,1.53,-0.05,-0.2,thank-you
4095.0,2192.0,2706.0,3286.0,4095.0,4095.0,4095.0,4095.0,-2.06,-3.08,-13.74,0.46,-0.14,-0.12,thank-you
4095.0,2209.0,2723.0,3275.0,4095.0,4095.0,4095.0,4095.0,-2.26,-2.43,-12.26,0.15,-0.13,-0.02,thank-you
4095.0,2189.0,2700.0,3255.0,4095.0,4095.0,4095.0,4095.0,-1.95,-2.7,-11.12,-0.02,-0.03,-0.01,thank-you
4095.0,2197.0,2694.0,3264.0,4095.0,4095.0,4095.0,4095.0,-1.87,-2.78,-10.54,-0.15,-0.02,0.04,thank-you
4095.0,2186.0,2704.0,3262.0,4095.0,4095.0,4095.0,4095.0,-1.73,-3.04,-9.77,-0.29,0.01,-0.0,thank-you
4095.0,2191.0,2704.0,3270.0,4095.0,4095.0,4095.0,4095.0,-1.81,-2.87,-9.46,-0.22,0.03,0.0,thank-you
4095.0,2150.0,2683.0,3308.0,4095.0,4095.0,4095.0,4095.0,0.62,9.56,-0.17,-0.15,-0.29,-0.05,thank-you
4095.0,2150.0,2683.0,3308.0,4095.0,4095.0,4095.0,4095.0,0.62,9.56,-0.17,-0.15,-0.29,-0.05,thank-you
4095.0,2137.0,2674.0,3303.0,4095.0,4095.0,4095.0,4095.0,0.26,9.57,-0.18,-0.04,-0.16,-0.0,thank-you
4095.0,2130.0,2688.0,3311.0,4095.0,4095.0,4095.0,4095.0,0.63,9.6,0.05,0.05,-0.03,-0.0,thank-you
4095.0,2086.0,2620.0,3307.0,4095.0,4095.0,3990.0,4095.0,0.77,9.42,0.93,0.09,0.07,-0.05,thank-you
4095.0,2078.0,2630.0,3319.0,4095.0,4095.0,4016.0,4095.0,0.79,9.54,2.31,0.32,0.05,-0.12,thank-you
4095.0,2078.0,2639.0,3317.0,4095.0,4095.0,4027.0,4095.0,1.87,9.17,4.91,0.86,0.09,-0.23,thank-you
4095.0,2070.0,2643.0,3312.0,4095.0,4095.0,4002.0,4095.0,1.06,7.92,3.89,1.76,-0.35,-0.5,thank-you
4095.0,2063.0,2622.0,3312.0,4095.0,4095.0,3962.0,4095.0,1.32,5.87,3.01,2.39,-0.65,-0.88,thank-you
4095.0,2087.0,2662.0,3303.0,4095.0,4095.0,4095.0,4095.0,-0.51,3.87,-0.76,3.64,-0.71,-1.27,thank-you
4095.0,2029.0,2601.0,3312.0,4095.0,4095.0,3898.0,4095.0,0.31,1.54,-3.69,3.84,-0.24,-1.35,thank-you
4095.0,2014.0,2559.0,3309.0,4095.0,4095.0,3817.0,4095.0,-2.5,-1.57,-8.15,4.56,0.09,-1.89,thank-you
4095.0,2061.0,2625.0,3286.0,4095.0,4095.0,3921.0,4095.0,-3.03,-1.69,-11.65,3.73,0.13,-1.47,thank-you
4095.0,2029.0,2580.0,3287.0,4095.0,4095.0,3823.0,4095.0,-3.7,-2.28,-14.49,3.5,-0.04,-1.68,thank-you
4095.0,2064.0,2621.0,3278.0,4095.0,4095.0,3904.0,4095.0,-6.12,-1.17,-15.6,2.49,0.29,-0.85,thank-you
4095.0,2082.0,2656.0,3284.0,4095.0,4095.0,4015.0,4095.0,-4.02,-1.24,-14.28,1.98,0.29,-0.59,thank-you
4095.0,2099.0,2672.0,3293.0,4095.0,4095.0,4063.0,4095.0,-3.89,-0.98,-14.16,1.39,0.36,-0.43,thank-you
4095.0,2082.0,2665.0,3285.0,4095.0,4095.0,4001.0,4095.0,-3.51,-1.23,-12.84,0.84,-0.04,-0.39,thank-you
4095.0,2089.0,2661.0,3287.0,4095.0,4095.0,3986.0,4095.0,-3.44,-1.3,-12.39,0.31,0.09,-0.17,thank-you
4095.0,2096.0,2679.0,3287.0,4095.0,4095.0,4039.0,4095.0,-3.34,-1.6,-11.78,-0.02,-0.0,-0.08,thank-you
4095.0,2187.0,2672.0,3287.0,4095.0,4095.0,3934.0,4095.0,0.14,9.69,-0.06,0.03,0.05,-0.0,thank-you
4095.0,2187.0,2672.0,3287.0,4095.0,4095.0,3934.0,4095.0,0.14,9.69,-0.06,0.03,0.05,-0.0,thank-you
4095.0,2211.0,2697.0,3297.0,4095.0,4095.0,4010.0,4095.0,0.36,9.7,0.38,0.04,-0.1,-0.03,thank-you
4095.0,2183.0,2683.0,3296.0,4095.0,4095.0,3953.0,4095.0,-0.11,9.59,0.78,0.1,-0.09,-0.04,thank-you
4095.0,2223.0,2733.0,3289.0,4095.0,4095.0,4093.0,4095.0,0.85,9.07,3.48,0.52,0.02,-0.04,thank-you
4095.0,2231.0,2741.0,3370.0,4095.0,4095.0,4093.0,4095.0,2.36,7.83,6.11,1.28,-0.55,-0.4,thank-you
4095.0,2230.0,2740.0,3376.0,4095.0,4095.0,4095.0,4095.0,1.93,5.72,3.79,2.52,-0.2,-1.12,thank-you
4095.0,2240.0,2738.0,3361.0,4095.0,4095.0,4095.0,4095.0,0.63,4.37,-0.23,3.33,-0.26,-1.34,thank-you
4095.0,2198.0,2693.0,3318.0,4095.0,4095.0,3985.0,4095.0,-0.65,3.36,-3.88,3.72,0.34,-1.68,thank-you
4095.0,2150.0,2633.0,3313.0,4095.0,4095.0,3861.0,4095.0,-0.63,1.33,-6.5,4.15,0.39,-1.77,thank-you
4095.0,2143.0,2622.0,3312.0,4095.0,4095.0,3855.0,4095.0,-4.49,0.38,-11.14,4.0,0.86,-1.49,thank-you
4095.0,2198.0,2684.0,3371.0,4095.0,4095.0,3910.0,4095.0,-3.13,-1.23,-12.33,3.47,0.71,-1.25,thank-you
4095.0,2218.0,2707.0,3353.0,4095.0,4095.0,3970.0,4095.0,-3.39,-1.07,-14.28,3.19,0.87,-0.8,thank-you
4095.0,2239.0,2748.0,3355.0,4095.0,4095.0,4027.0,4095.0,-3.3,-1.97,-15.09,2.57,0.98,-0.45,thank-you
4095.0,2303.0,2832.0,3356.0,4095.0,4095.0,4095.0,4095.0,-2.11,-1.78,-14.53,1.47,0.29,-0.29,thank-you
4095.0,2342.0,2883.0,3369.0,4095.0,4095.0,4095.0,4095.0,-2.14,-1.72,-13.41,0.88,0.04,-0.3,thank-you
4095.0,2309.0,2842.0,3355.0,4095.0,4095.0,4095.0,4095.0,-2.03,-1.58,-12.19,0.32,0.08,-0.01,thank-you
4095.0,2285.0,2839.0,3363.0,4095.0,4095.0,4095.0,4095.0,-1.81,-1.55,-11.48,0.13,-0.12,-0.04,thank-you
4095.0,2291.0,2843.0,3366.0,4095.0,4095.0,4095.0,4095.0,-1.79,-1.93,-10.7,0.01,-0.07,-0.05,thank-you
4095.0,2289.0,2833.0,3368.0,4095.0,4095.0,4095.0,4095.0,-1.92,-1.81,-10.43,-0.04,-0.08,0.01,thank-you
4095.0,2221.0,2530.0,3329.0,4095.0,4095.0,3973.0,4095.0,0.26,9.62,-0.28,-0.03,-0.03,-0.02,thank-you
4095.0,2219.0,2517.0,3326.0,4095.0,4095.0,3958.0,4095.0,0.11,9.71,-0.47,0.02,0.03,-0.03,thank-you
4095.0,2224.0,2517.0,3326.0,4095.0,4095.0,3972.0,4095.0,0.15,9.73,-0.5,-0.0,0.0,-0.02,thank-you
4095.0,2221.0,2543.0,3328.0,4095.0,4095.0,3977.0,4095.0,0.04,9.87,0.78,0.0,-0.11,0.01,thank-you
4095.0,2163.0,2512.0,3334.0,4095.0,4095.0,3875.0,4095.0,1.24,9.47,2.8,0.28,-0.18,-0.09,thank-you
4095.0,2179.0,2538.0,3333.0,4095.0,4095.0,3917.0,4095.0,1.63,8.53,3.79,1.08,-0.61,-0.38,thank-you
4095.0,2182.0,2517.0,3341.0,4095.0,4095.0,3893.0,4095.0,0.9,7.28,3.09,1.84,-0.51,-0.78,thank-you
4095.0,2171.0,2512.0,3339.0,4095.0,4095.0,3875.0,4095.0,0.17,6.02,1.35,2.69,-0.37,-0.95,thank-you
4095.0,2224.0,2559.0,3341.0,4095.0,4095.0,4067.0,4095.0,-0.03,4.45,-1.06,3.47,0.05,-1.25,thank-you
4095.0,2224.0,2559.0,3340.0,4095.0,4095.0,4034.0,4095.0,-1.27,2.17,-4.2,3.95,-0.18,-1.59,thank-you
4095.0,2218.0,2559.0,3330.0,4095.0,4095.0,4037.0,4095.0,-2.46,1.24,-8.32,4.07,0.72,-1.4,thank-you
4095.0,2154.0,2498.0,3298.0,4095.0,4095.0,3794.0,4095.0,-2.7,-0.68,-11.74,3.98,1.18,-1.2,thank-you
4095.0,2164.0,2515.0,3322.0,4095.0,4095.0,3837.0,4095.0,-3.02,-1.21,-13.2,3.19,0.44,-0.85,thank-you
4095.0,2186.0,2546.0,3322.0,4095.0,4095.0,3893.0,4095.0,-2.67,-2.3,-13.57,2.87,0.49,-0.94,thank-you
4095.0,2226.0,2606.0,3274.0,4095.0,4095.0,4000.0,4095.0,-2.54,-1.84,-13.12,1.77,-0.12,-0.28,thank-you
4095.0,2227.0,2614.0,3295.0,4095.0,4095.0,4049.0,4095.0,-2.53,-2.49,-13.29,1.55,0.01,-0.66,thank-you
4095.0,2238.0,2623.0,3296.0,4095.0,4095.0,4062.0,4095.0,-3.2,-2.48,-13.89,1.08,0.09,-0.14,thank-you
4095.0,2237.0,2640.0,3297.0,4095.0,4095.0,4084.0,4095.0,-2.31,-2.39,-12.73,0.46,-0.1,-0.18,thank-you
4095.0,2253.0,2646.0,3303.0,4095.0,4095.0,4094.0,4095.0,-2.49,-2.12,-11.96,0.11,-0.01,-0.06,thank-you
4095.0,2249.0,2654.0,3303.0,4095.0,4095.0,4095.0,4095.0,-2.27,-2.43,-10.82,-0.1,-0.1,-0.02,thank-you
4095.0,2234.0,2559.0,3343.0,4095.0,4095.0,3978.0,4095.0,0.78,9.56,-0.06,-0.08,-0.03,-0.03,thank-you
4095.0,2241.0,2598.0,3326.0,4095.0,4095.0,3984.0,4095.0,0.5,9.61,-0.63,-0.01,-0.01,-0.02,thank-you
4095.0,2271.0,2643.0,3314.0,4095.0,4095.0,4079.0,4095.0,0.08,9.66,0.99,0.12,-0.02,0.03,thank-you
4095.0,2271.0,2660.0,3296.0,4095.0,4095.0,4067.0,4095.0,1.58,9.25,3.38,0.72,-0.15,-0.05,thank-you
4095.0,2256.0,2629.0,3287.0,4095.0,4095.0,4007.0,4095.0,1.63,8.2,3.92,1.3,-0.09,-0.27,thank-you
4095.0,2233.0,2610.0,3284.0,4095.0,4095.0,3931.0,4095.0,1.35,6.99,1.92,2.22,-0.55,-0.55,thank-you
4095.0,2210.0,2559.0,3260.0,4095.0,4095.0,3844.0,4095.0,0.43,5.94,-1.68,2.85,-0.17,-0.72,thank-you
4095.0,2258.0,2643.0,3294.0,4095.0,4095.0,4016.0,4095.0,0.44,3.85,-2.31,3.3,0.04,-1.11,thank-you
4095.0,2253.0,2625.0,3296.0,4095.0,4095.0,3984.0,4095.0,-0.42,2.86,-5.36,3.78,-0.02,-1.05,thank-you
4095.0,2255.0,2618.0,3323.0,4095.0,4095.0,3999.0,4095.0,-2.82,0.59,-7.35,4.06,-0.16,-1.17,thank-you
4095.0,2251.0,2640.0,3311.0,4095.0,4095.0,3954.0,4095.0,-1.07,-1.78,-7.81,4.41,-0.18,-1.28,thank-you
4095.0,2261.0,2639.0,3328.0,4095.0,4095.0,3950.0,4095.0,-3.73,-2.83,-15.16,4.1,-0.23,-0.96,thank-you
4095.0,2237.0,2636.0,3323.0,4095.0,4095.0,3917.0,4095.0,-3.66,-3.66,-16.47,3.11,-0.48,-1.04,thank-you
4095.0,2269.0,2693.0,3322.0,4095.0,4095.0,4023.0,4095.0,-4.62,-2.24,-16.48,1.82,-0.1,-0.47,thank-you
4095.0,2282.0,2707.0,3325.0,4095.0,4095.0,4046.0,4095.0,-2.84,-2.68,-13.5,0.76,-0.0,-0.19,thank-you
4095.0,2281.0,2702.0,3303.0,4095.0,4095.0,4035.0,4095.0,-3.4,-2.29,-12.74,0.51,0.19,-0.12,thank-you
4095.0,2255.0,2682.0,3286.0,4095.0,4095.0,3984.0,4095.0,-2.18,-2.46,-11.1,0.08,-0.11,0.05,thank-you
4095.0,2256.0,2689.0,3280.0,4095.0,4095.0,4005.0,4095.0,-2.56,-2.54,-10.15,-0.03,-0.02,-0.02,thank-you
4095.0,2258.0,2691.0,3288.0,4095.0,4095.0,4016.0,4095.0,-2.37,-2.77,-10.02,-0.01,-0.01,0.05,thank-you
4095.0,2273.0,2692.0,3287.0,4095.0,4095.0,4019.0,4095.0,-2.15,-2.72,-9.67,-0.13,-0.05,-0.01,thank-you
4095.0,2259.0,2538.0,3318.0,4095.0,4095.0,4066.0,4095.0,0.42,9.67,-0.42,-0.07,-0.04,-0.02,thank-you
4095.0,2256.0,2533.0,3315.0,4095.0,4095.0,4048.0,4095.0,0.6,9.7,-0.82,-0.05,-0.05,-0.01,thank-you
4095.0,2252.0,2527.0,3319.0,4095.0,4095.0,4032.0,4095.0,0.83,9.74,1.12,-0.01,-0.02,-0.04,thank-you
4095.0,2255.0,2537.0,3323.0,4095.0,4095.0,4037.0,4095.0,0.95,9.28,3.12,0.61,-0.18,-0.1,thank-you
4095.0,2259.0,2559.0,3319.0,4095.0,4095.0,4062.0,4095.0,0.71,8.34,3.07,1.22,-0.15,-0.33,thank-you
4095.0,2269.0,2583.0,3315.0,4095.0,4095.0,4062.0,4095.0,1.1,8.21,0.51,2.08,-0.24,-0.48,thank-you
4095.0,2281.0,2559.0,3316.0,4095.0,4095.0,4067.0,4095.0,0.5,7.3,-1.67,2.28,-0.02,-0.6,thank-you
4095.0,2256.0,2544.0,3323.0,4095.0,4095.0,3990.0,4095.0,-0.6,6.67,-3.08,2.47,-0.1,-0.76,thank-you
4095.0,2253.0,2551.0,3319.0,4095.0,4095.0,3997.0,4095.0,-0.69,5.1,-4.59,2.93,0.36,-0.93,thank-you
4095.0,2249.0,2553.0,3301.0,4095.0,4095.0,3975.0,4095.0,-1.22,4.32,-6.07,2.76,-0.52,-0.7,thank-you
4095.0,2238.0,2557.0,3312.0,4095.0,4095.0,3943.0,4095.0,-2.07,1.93,-7.99,3.09,0.06,-0.98,thank-you
4095.0,2270.0,2617.0,3356.0,4095.0,4095.0,4016.0,4095.0,-2.45,2.93,-11.24,2.39,0.15,-0.1,thank-you
4095.0,2256.0,2590.0,3333.0,4095.0,4095.0,3957.0,4095.0,-1.23,0.46,-10.28,2.57,-0.3,-0.88,thank-you
4095.0,2260.0,2608.0,3340.0,4095.0,4095.0,3990.0,4095.0,-2.54,0.46,-11.66,2.28,0.55,-0.38,thank-you
4095.0,2275.0,2622.0,3367.0,4095.0,4095.0,4013.0,4095.0,-1.63,-0.28,-11.85,2.12,-0.03,-0.36,thank-you
4095.0,2243.0,2608.0,3347.0,4095.0,4095.0,4029.0,4095.0,-1.81,-1.46,-11.34,1.8,-0.18,-0.54,thank-you
4095.0,2224.0,2559.0,3338.0,4095.0,4095.0,3965.0,4095.0,-3.05,-1.49,-12.54,1.59,-0.08,-0.38,thank-you
4095.0,2288.0,2649.0,3341.0,4095.0,4095.0,4095.0,4095.0,-1.96,-2.25,-11.75,1.32,-0.12,-0.24,thank-you
4095.0,2364.0,2725.0,3397.0,4095.0,4095.0,4095.0,4095.0,-2.46,-2.24,-11.88,1.08,-0.11,-0.16,thank-you
4095.0,2320.0,2686.0,3338.0,4095.0,4095.0,4095.0,4095.0,-2.13,-2.96,-11.09,0.84,-0.27,-0.22,thank-you
3877.0,2274.0,2559.0,3359.0,4095.0,4095.0,4055.0,4095.0,0.74,9.64,-0.6,-0.03,-0.07,-0.0,thank-you
3812.0,2289.0,2559.0,3363.0,4095.0,4095.0,4050.0,4095.0,0.43,9.62,-0.58,-0.03,-0.02,-0.04,thank-you
4095.0,2287.0,2579.0,3358.0,4095.0,4095.0,4055.0,4095.0,1.15,9.7,1.11,-0.08,-0.09,0.01,thank-you
4032.0,2269.0,2640.0,3357.0,4095.0,4095.0,4065.0,4095.0,1.56,9.05,3.29,0.47,-0.35,-0.12,thank-you
4095.0,2301.0,2662.0,3365.0,4095.0,4095.0,4095.0,4095.0,2.01,7.69,5.25,1.48,0.27,-0.55,thank-you
4095.0,2271.0,2640.0,3359.0,4095.0,4095.0,4031.0,4095.0,1.2,5.02,5.44,2.63,-0.34,-0.87,thank-you
4095.0,2269.0,2642.0,3344.0,4095.0,4095.0,4016.0,4095.0,1.58,1.52,3.25,4.17,-0.98,-1.65,thank-you
4095.0,2287.0,2657.0,3349.0,4095.0,4095.0,4095.0,4095.0,-0.35,-1.43,-1.46,5.84,0.06,-1.94,thank-you
4095.0,2287.0,2662.0,3315.0,4095.0,4095.0,4095.0,4095.0,-1.89,-5.28,-7.23,6.3,0.34,-1.63,thank-you
4095.0,2266.0,2640.0,3311.0,4095.0,4095.0,4077.0,4095.0,-4.79,-8.63,-18.02,5.83,0.53,-2.1,thank-you
4095.0,2279.0,2643.0,3322.0,4095.0,4095.0,4085.0,4095.0,-5.32,-5.88,-20.71,3.57,-0.06,-0.8,thank-you
4095.0,2194.0,2545.0,3315.0,4095.0,4095.0,3833.0,4095.0,-4.21,-3.81,-19.93,2.13,0.18,-0.4,thank-you
4095.0,2229.0,2602.0,3314.0,4095.0,4095.0,3951.0,4095.0,-3.19,-2.39,-15.05,0.44,-0.34,-0.03,thank-you
4095.0,2271.0,2641.0,3323.0,4095.0,4095.0,4048.0,4095.0,-3.2,-2.12,-12.66,0.26,-0.19,-0.17,thank-you
4095.0,2282.0,2674.0,3324.0,4095.0,4095.0,4095.0,4095.0,-2.43,-2.89,-10.88,-0.18,-0.05,0.12,thank-you
4095.0,2237.0,2629.0,3335.0,4095.0,4095.0,3984.0,4095.0,-2.29,-2.67,-9.46,-0.25,-0.13,0.03,thank-you
4095.0,2213.0,2597.0,3331.0,4095.0,4095.0,3894.0,4095.0,-2.49,-2.81,-8.81,-0.07,-0.07,-0.03,thank-you
4095.0,2220.0,2597.0,3335.0,4095.0,4095.0,3918.0,4095.0,-2.43,-2.67,-9.5,0.07,-0.02,0.03,thank-you
4095.0,2233.0,2608.0,3341.0,4095.0,4095.0,3939.0,4095.0,-2.54,-3.0,-9.68,-0.04,-0.05,-0.04,thank-you
4095.0,2235.0,2608.0,3335.0,4095.0,4095.0,3939.0,4095.0,-2.64,-2.67,-9.67,-0.04,-0.02,0.06,thank-you
4095.0,2334.0,2688.0,3426.0,4095.0,4095.0,4095.0,4095.0,-0.03,9.52,-0.79,-0.05,0.05,-0.04,thank-you
4095.0,2305.0,2669.0,3422.0,4095.0,4095.0,4080.0,4095.0,-0.14,9.61,-1.05,-0.03,-0.05,-0.01,thank-you
4095.0,2303.0,2666.0,3420.0,4095.0,4095.0,4076.0,4095.0,0.11,10.03,-1.24,-0.02,-0.01,0.02,thank-you
4095.0,2311.0,2672.0,3427.0,4095.0,4095.0,4095.0,4095.0,0.61,9.48,2.87,-0.12,0.05,-0.02,thank-you
4095.0,2316.0,2688.0,3383.0,4095.0,4095.0,4095.0,4095.0,1.59,6.53,9.94,1.42,-0.0,-0.3,thank-you
4095.0,2293.0,2651.0,3359.0,4095.0,4095.0,4065.0,4095.0,1.58,3.02,7.91,3.94,-0.67,-0.92,thank-you
3968.0,2274.0,2640.0,3218.0,4095.0,4095.0,4009.0,4095.0,1.4,0.26,1.29,5.28,-0.3,-1.53,thank-you
4095.0,2303.0,2682.0,3287.0,4095.0,4095.0,4095.0,4095.0,-0.78,-4.27,-4.8,6.15,-0.26,-1.96,thank-you
4095.0,2240.0,2622.0,3287.0,4095.0,4095.0,3989.0,4095.0,-3.75,-6.6,-10.17,5.71,0.38,-1.49,thank-you
4095.0,2252.0,2625.0,3282.0,4095.0,4095.0,3972.0,4095.0,-3.57,-10.28,-21.56,5.88,0.38,-1.2,thank-you
4095.0,2284.0,2640.0,3216.0,4095.0,4095.0,3989.0,4095.0,-6.41,-4.05,-25.47,2.41,0.15,-0.51,thank-you
4095.0,2295.0,2681.0,3210.0,4095.0,4095.0,4055.0,4095.0,-2.8,-2.47,-17.71,0.38,-0.25,0.09,thank-you
4095.0,2294.0,2675.0,3202.0,4095.0,4095.0,4073.0,4095.0,-3.27,-1.0,-12.77,-0.23,-0.38,-0.03,thank-you
4095.0,2298.0,2684.0,3280.0,4095.0,4095.0,4083.0,4095.0,-2.9,-1.91,-10.52,-0.36,-0.02,0.06,thank-you
4095.0,2298.0,2684.0,3340.0,4095.0,4095.0,4080.0,4095.0,-2.21,-2.0,-9.05,-0.56,-0.03,0.16,thank-you
4095.0,2301.0,2684.0,3350.0,4095.0,4095.0,4093.0,4095.0,-2.18,-1.69,-8.27,-0.21,-0.02,-0.05,thank-you
4095.0,2288.0,2683.0,3351.0,4095.0,4095.0,4082.0,4095.0,-2.57,-1.59,-9.23,0.03,0.05,0.01,thank-you
4095.0,2294.0,2683.0,3349.0,4095.0,4095.0,4085.0,4095.0,-2.54,-1.67,-10.06,0.11,-0.04,-0.1,thank-you
4095.0,2288.0,2674.0,3353.0,4095.0,4095.0,4071.0,4095.0,-2.7,-1.56,-9.97,-0.02,0.03,-0.01,thank-you
4095.0,2297.0,2689.0,3358.0,4095.0,4095.0,4095.0,4095.0,-2.68,-1.65,-10.06,0.04,-0.06,-0.05,thank-you
4095.0,2331.0,2704.0,3268.0,4095.0,4095.0,4095.0,4095.0,-0.05,9.6,-0.8,-0.06,-0.07,0.04,thank-you
4095.0,2335.0,2709.0,3268.0,4095.0,4095.0,4095.0,4095.0,0.42,9.67,-0.93,-0.05,-0.05,-0.04,thank-you
4095.0,2322.0,2721.0,3282.0,4095.0,4095.0,4095.0,4095.0,1.17,9.65,3.48,-0.19,-0.0,-0.03,thank-you
4095.0,2308.0,2726.0,3295.0,4095.0,4095.0,4095.0,4095.0,3.95,6.02,13.39,1.53,-0.25,-0.34,thank-you
4095.0,2276.0,2679.0,3270.0,4095.0,4095.0,4071.0,4095.0,1.29,1.55,7.41,5.25,-1.01,-1.48,thank-you
4095.0,2235.0,2629.0,3293.0,4095.0,4095.0,3980.0,4095.0,1.02,-2.89,0.1,6.12,-0.97,-1.9,thank-you
4095.0,2325.0,2730.0,3293.0,4095.0,4095.0,4095.0,4095.0,-3.35,-4.86,-8.47,6.66,0.06,-2.5,thank-you
4095.0,2288.0,2672.0,3303.0,4095.0,4095.0,4052.0,4095.0,-3.17,-10.78,-13.81,6.42,1.37,-1.92,thank-you
4095.0,2329.0,2722.0,3264.0,4095.0,4095.0,4095.0,4095.0,-5.56,-8.02,-23.8,4.12,0.15,-0.99,thank-you
4095.0,2398.0,2810.0,3246.0,4095.0,4095.0,4095.0,4095.0,-4.47,-4.1,-21.88,1.39,-0.32,-0.34,thank-you
4095.0,2402.0,2809.0,3268.0,4095.0,4095.0,4095.0,4095.0,-3.86,-0.85,-16.69,0.2,0.11,-0.03,thank-you
4095.0,2397.0,2825.0,3273.0,4095.0,4095.0,4095.0,4095.0,-2.54,-2.1,-11.99,-0.35,-0.13,0.04,thank-you
4095.0,2403.0,2826.0,3280.0,4095.0,4095.0,4095.0,4095.0,-1.87,-2.06,-10.04,-0.53,-0.05,0.11,thank-you
4095.0,2400.0,2827.0,3289.0,4095.0,4095.0,4095.0,4095.0,-1.85,-2.16,-8.23,-0.37,-0.13,0.1,thank-you
4095.0,2401.0,2832.0,3291.0,4095.0,4095.0,4095.0,4095.0,-2.15,-1.82,-8.72,-0.07,0.04,-0.01,thank-you
4095.0,2399.0,2829.0,3295.0,4095.0,4095.0,4095.0,4095.0,-2.32,-1.86,-9.69,0.04,-0.01,-0.02,thank-you
4095.0,2383.0,2829.0,3293.0,4095.0,4095.0,4095.0,4095.0,-2.18,-1.66,-10.02,0.04,-0.06,-0.03,thank-you
4095.0,2395.0,2826.0,3291.0,4095.0,4095.0,4095.0,4095.0,-2.41,-1.63,-9.81,0.01,-0.11,-0.03,thank-you
4095.0,2401.0,2833.0,3297.0,4095.0,4095.0,4095.0,4095.0,-2.42,-1.58,-9.99,0.01,0.02,-0.04,thank-you
4095.0,2383.0,2832.0,3230.0,4095.0,4095.0,4095.0,4095.0,-2.47,-1.73,-10.04,0.01,0.04,0.03,thank-you
4095.0,2368.0,2800.0,3407.0,4095.0,4095.0,4095.0,4095.0,0.3,9.64,-0.73,0.03,-0.08,-0.01,thank-you
4095.0,2368.0,2803.0,3395.0,4095.0,4095.0,4095.0,4095.0,0.21,9.61,-1.17,-0.03,0.05,0.0,thank-you
4095.0,2362.0,2802.0,3406.0,4095.0,4095.0,4095.0,4095.0,0.18,9.66,-1.05,-0.01,-0.03,-0.06,thank-you
4095.0,2361.0,2808.0,3407.0,4095.0,4095.0,4095.0,4095.0,0.2,9.51,0.3,0.03,0.09,-0.02,thank-you
4095.0,2373.0,2823.0,3415.0,4095.0,4095.0,4095.0,4095.0,2.95,8.12,7.54,0.32,0.09,-0.11,thank-you
4095.0,2367.0,2825.0,3423.0,4095.0,4095.0,4095.0,4095.0,3.72,2.59,14.75,2.97,-0.47,-1.13,thank-you
4095.0,2367.0,2825.0,3437.0,4095.0,4095.0,4095.0,4095.0,0.47,-3.01,4.43,6.14,-0.8,-1.7,thank-you
4095.0,2368.0,2817.0,3366.0,4095.0,4095.0,4095.0,4095.0,0.96,-6.41,-5.1,7.3,0.26,-2.38,thank-you
4095.0,2287.0,2726.0,3407.0,4095.0,4095.0,4095.0,4095.0,-1.7,-12.86,-11.28,7.38,1.51,-2.65,thank-you
4095.0,2352.0,2768.0,3425.0,4095.0,4095.0,4095.0,4095.0,-7.92,-13.0,-28.78,5.84,-0.42,-1.53,thank-you
4095.0,2379.0,2797.0,3403.0,4095.0,4095.0,4095.0,4095.0,-4.65,-4.9,-25.46,1.08,0.17,-0.02,thank-you
4095.0,2370.0,2803.0,3409.0,4095.0,4095.0,4095.0,4095.0,-3.4,0.24,-15.01,0.08,-0.26,-0.09,thank-you
4095.0,2383.0,2805.0,3431.0,4095.0,4095.0,4095.0,4095.0,-3.41,-1.92,-11.86,0.02,-0.0,0.08,thank-you
4095.0,2358.0,2807.0,3435.0,4095.0,4095.0,4095.0,4095.0,-1.11,-3.0,-10.14,-0.26,0.08,0.24,thank-you
4095.0,2362.0,2815.0,3439.0,4095.0,4095.0,4095.0,4095.0,-1.62,-2.6,-8.8,-0.22,-0.14,-0.02,thank-you
4095.0,2355.0,2822.0,3443.0,4095.0,4095.0,4095.0,4095.0,-1.9,-2.67,-8.83,0.03,0.03,0.08,thank-you
4095.0,2368.0,2822.0,3445.0,4095.0,4095.0,4095.0,4095.0,-2.02,-2.63,-9.68,0.05,-0.07,-0.02,thank-you
4095.0,2362.0,2827.0,3447.0,4095.0,4095.0,4095.0,4095.0,-2.24,-2.51,-9.88,0.08,0.0,-0.03,thank-you
4095.0,2366.0,2820.0,3446.0,4095.0,4095.0,4095.0,4095.0,-2.09,-2.43,-10.36,0.03,-0.02,0.03,thank-you
4095.0,2363.0,2821.0,3447.0,4095.0,4095.0,4095.0,4095.0,-2.12,-2.58,-10.07,-0.05,-0.05,-0.03,thank-you
4095.0,2343.0,2768.0,3415.0,4095.0,4095.0,4095.0,4095.0,0.4,9.57,-1.26,-0.08,-0.05,-0.01,thank-you
4095.0,2331.0,2771.0,3414.0,4095.0,4095.0,4095.0,4095.0,0.38,9.8,-0.48,-0.03,-0.05,-0.01,thank-you
4095.0,2332.0,2772.0,3414.0,4095.0,4095.0,4095.0,4095.0,0.74,9.85,0.36,0.17,-0.13,-0.0,thank-you
4095.0,2320.0,2773.0,3408.0,4095.0,4095.0,4095.0,4095.0,1.15,9.44,1.08,0.54,-0.19,-0.16,thank-you
4095.0,2323.0,2778.0,3407.0,4095.0,4095.0,4095.0,4095.0,1.24,8.44,1.61,0.97,-0.39,-0.36,thank-you
4095.0,2320.0,2775.0,3410.0,4095.0,4095.0,4095.0,4095.0,0.66,7.35,0.57,1.73,-0.37,-0.73,thank-you
4095.0,2323.0,2774.0,3407.0,4095.0,4095.0,4095.0,4095.0,0.41,6.49,-1.15,2.37,-0.39,-0.82,thank-you
4095.0,2317.0,2768.0,3395.0,4095.0,4095.0,4095.0,4095.0,-1.35,5.14,-3.63,2.9,-0.24,-1.25,thank-you
4095.0,2303.0,2773.0,3391.0,4095.0,4095.0,4095.0,4095.0,-1.27,4.54,-6.43,3.06,-0.04,-1.12,thank-you
4095.0,2306.0,2778.0,3397.0,4095.0,4095.0,4095.0,4095.0,-2.65,3.27,-7.46,3.09,-0.17,-1.13,thank-you
4095.0,2310.0,2769.0,3407.0,4095.0,4095.0,4095.0,4095.0,-2.74,2.16,-8.6,2.97,-0.38,-1.33,thank-you
4095.0,2291.0,2763.0,3407.0,4095.0,4095.0,4095.0,4095.0,-2.76,-0.03,-9.28,3.08,-0.32,-1.15,thank-you
4095.0,2287.0,2774.0,3408.0,4095.0,4095.0,4095.0,4095.0,-4.27,-0.83,-10.15,2.92,-0.53,-1.15,thank-you
4095.0,2287.0,2797.0,3414.0,4095.0,4095.0,4095.0,4095.0,-4.12,-2.83,-9.78,2.69,-0.29,-1.35,thank-you
4095.0,2310.0,2807.0,3415.0,4095.0,4095.0,4095.0,4095.0,-5.41,-3.84,-12.44,2.46,0.13,-1.11,thank-you
4095.0,2302.0,2805.0,3391.0,4095.0,4095.0,4095.0,4095.0,-5.77,-4.56,-13.89,1.86,-0.08,-0.69,thank-you
4095.0,2290.0,2810.0,3362.0,4095.0,4095.0,4095.0,4095.0,-5.19,-3.58,-14.01,0.8,0.24,-0.25,thank-you
4095.0,2291.0,2805.0,3293.0,4095.0,4095.0,4095.0,4095.0,-4.4,-3.18,-11.64,0.16,-0.16,-0.07,thank-you
4095.0,2287.0,2815.0,3361.0,4095.0,4095.0,4095.0,4095.0,-4.47,-3.39,-10.75,-0.01,0.02,0.01,thank-you
4095.0,2286.0,2821.0,3349.0,4095.0,4095.0,4095.0,4095.0,-3.49,-3.64,-9.72,-0.21,0.02,0.06,thank-you
4095.0,2389.0,2749.0,3391.0,4095.0,4095.0,4095.0,4095.0,0.03,9.73,-0.9,-0.07,-0.09,0.02,thank-you
4095.0,2387.0,2755.0,3392.0,4095.0,4095.0,4095.0,4095.0,0.03,9.5,-0.85,-0.06,0.06,0.02,thank-you
4095.0,2391.0,2774.0,3394.0,4095.0,4095.0,4095.0,4095.0,0.43,9.59,-0.6,-0.05,-0.11,0.02,thank-you
4095.0,2363.0,2783.0,3399.0,4095.0,4095.0,4095.0,4095.0,0.61,9.5,2.81,0.08,0.12,-0.01,thank-you
4095.0,2355.0,2772.0,3387.0,4095.0,4095.0,4095.0,4095.0,2.14,7.71,7.13,1.33,-0.28,-0.15,thank-you
4095.0,2353.0,2768.0,3388.0,4095.0,4095.0,4095.0,4095.0,1.61,4.47,6.02,2.81,-1.35,-0.95,thank-you
4095.0,2371.0,2771.0,3386.0,4095.0,4095.0,4095.0,4095.0,0.73,1.18,0.83,4.43,-1.21,-2.01,thank-you
4095.0,2371.0,2794.0,3393.0,4095.0,4095.0,4095.0,4095.0,-0.83,-2.7,-3.53,5.69,0.11,-2.31,thank-you
209.0,2372.0,2806.0,3438.0,4095.0,4095.0,4095.0,4095.0,-2.91,-4.41,-10.06,5.77,0.95,-2.1,thank-you
3979.0,2350.0,2799.0,3417.0,4095.0,4095.0,4095.0,4095.0,-4.44,-5.93,-16.87,4.35,-0.47,-1.85,thank-you
4095.0,2345.0,2779.0,3402.0,4095.0,4095.0,4095.0,4095.0,-7.18,-4.42,-17.54,3.29,-0.07,-1.89,thank-you
4095.0,2333.0,2789.0,3375.0,4095.0,4095.0,4095.0,4095.0,-6.44,-2.96,-16.95,2.01,0.32,-0.53,thank-you
4095.0,2330.0,2781.0,3361.0,4095.0,4095.0,4095.0,4095.0,-4.42,-2.77,-14.19,1.0,-0.04,-0.48,thank-you
4095.0,2320.0,2796.0,3370.0,4095.0,4095.0,4095.0,4095.0,-5.23,-2.69,-13.7,0.64,0.23,-0.24,thank-you
4095.0,2327.0,2791.0,3310.0,4095.0,4095.0,4095.0,4095.0,-2.94,-3.15,-11.28,-0.21,-0.02,0.14,thank-you
4095.0,2334.0,2797.0,3307.0,4095.0,4095.0,4095.0,4095.0,-3.34,-3.04,-9.72,-0.13,-0.07,0.03,thank-you
4095.0,2326.0,2801.0,3311.0,4095.0,4095.0,4095.0,4095.0,-2.75,-3.0,-8.9,-0.21,-0.02,0.08,thank-you
4095.0,2327.0,2785.0,3303.0,4095.0,4095.0,4095.0,4095.0,-3.11,-2.96,-9.15,-0.01,-0.03,-0.05,thank-you
4095.0,2330.0,2797.0,3306.0,4095.0,4095.0,4095.0,4095.0,-2.82,-3.05,-9.18,-0.12,0.0,0.02,thank-you
4095.0,2322.0,2797.0,3273.0,4095.0,4095.0,4095.0,4095.0,-3.2,-2.77,-9.68,0.04,-0.05,-0.06,thank-you
4095.0,2384.0,2689.0,3275.0,4095.0,4095.0,4095.0,4095.0,0.24,9.41,-1.18,-0.07,-0.05,0.03,thank-you
4095.0,2381.0,2700.0,3313.0,4095.0,4095.0,4095.0,4095.0,0.03,9.67,-0.92,-0.04,0.01,-0.05,thank-you
4095.0,2375.0,2683.0,3356.0,4095.0,4095.0,4095.0,4095.0,-0.14,9.73,-0.92,-0.06,-0.09,0.03,thank-you
4095.0,2367.0,2704.0,3344.0,4095.0,4095.0,4095.0,4095.0,0.5,9.8,0.69,-0.06,-0.17,-0.02,thank-you
4095.0,2365.0,2712.0,3343.0,4095.0,4095.0,4095.0,4095.0,-0.29,9.42,1.91,0.44,-0.35,0.09,thank-you
4095.0,2363.0,2725.0,3337.0,4095.0,4095.0,4095.0,4095.0,-0.78,8.96,1.15,0.96,-0.4,0.13,thank-you
4095.0,2366.0,2733.0,3341.0,4095.0,4095.0,4095.0,4095.0,0.76,8.37,0.9,1.32,-0.53,0.1,thank-you
4095.0,2354.0,2720.0,3322.0,4095.0,4095.0,4095.0,4095.0,1.81,7.21,0.36,1.95,-0.78,-0.22,thank-you
4095.0,2368.0,2722.0,3325.0,4095.0,4095.0,4095.0,4095.0,1.98,5.94,-0.88,2.73,-0.76,-0.68,thank-you
4095.0,2365.0,2723.0,3329.0,4095.0,4095.0,4095.0,4095.0,1.05,4.65,-3.09,3.27,-0.1,-1.01,thank-you
4095.0,2363.0,2731.0,3334.0,4095.0,4095.0,4095.0,4095.0,0.25,2.41,-5.39,3.54,0.05,-1.33,thank-you
4095.0,2359.0,2711.0,3338.0,4095.0,4095.0,4095.0,4095.0,-0.64,0.79,-8.78,3.83,0.32,-1.37,thank-you
4095.0,2351.0,2717.0,3344.0,4095.0,4095.0,4095.0,4095.0,-2.07,-1.23,-9.61,3.51,-0.43,-1.38,thank-you
4095.0,2352.0,2709.0,3388.0,4095.0,4095.0,4095.0,4095.0,-2.26,-2.83,-12.14,3.54,0.16,-1.62,thank-you
4095.0,2379.0,2745.0,3338.0,4095.0,4095.0,4095.0,4095.0,-3.73,-3.69,-14.3,2.99,-0.16,-1.11,thank-you
4095.0,2369.0,2742.0,3358.0,4095.0,4095.0,4095.0,4095.0,-4.8,-3.62,-16.29,2.15,-0.06,-0.79,thank-you
4095.0,2374.0,2736.0,3356.0,4095.0,4095.0,4095.0,4095.0,-4.03,-2.74,-15.62,1.06,-0.29,-0.36,thank-you
4095.0,2364.0,2750.0,3375.0,4095.0,4095.0,4095.0,4095.0,-3.36,-2.27,-13.29,0.2,-0.2,-0.14,thank-you
4095.0,2370.0,2751.0,3376.0,4095.0,4095.0,4095.0,4095.0,-3.38,-2.08,-11.39,-0.1,-0.12,-0.04,thank-you
4095.0,2367.0,2743.0,3363.0,4095.0,4095.0,4095.0,4095.0,-2.47,-2.34,-10.37,-0.21,-0.1,0.01,thank-you
4095.0,2353.0,2740.0,3366.0,4095.0,4095.0,4095.0,4095.0,0.18,9.83,-0.6,-0.08,-0.01,-0.02,thank-you
4095.0,2365.0,2741.0,3366.0,4095.0,4095.0,4095.0,4095.0,-0.24,9.64,-0.82,0.04,0.14,0.03,thank-you
4095.0,2353.0,2746.0,3366.0,4095.0,4095.0,4095.0,4095.0,0.65,9.47,0.63,-0.05,-0.04,-0.04,thank-you
4095.0,2368.0,2757.0,3371.0,4095.0,4095.0,4095.0,4095.0,1.06,8.96,4.75,0.39,-0.12,-0.1,thank-you
4095.0,2365.0,2763.0,3374.0,4095.0,4095.0,4095.0,4095.0,1.64,6.8,6.97,1.7,-0.36,-0.45,thank-you
4095.0,2352.0,2763.0,3372.0,4095.0,4095.0,4095.0,4095.0,1.33,3.74,5.26,3.38,-0.82,-1.06,thank-you
4095.0,2355.0,2766.0,3372.0,4095.0,4095.0,4095.0,4095.0,-0.54,0.45,-0.48,5.14,-0.78,-1.67,thank-you
3765.0,2356.0,2737.0,3376.0,4095.0,4095.0,4095.0,4095.0,-0.25,-3.35,-3.98,5.97,-0.29,-1.87,thank-you
4095.0,2357.0,2759.0,3359.0,4095.0,4095.0,4095.0,4095.0,-3.24,-5.62,-9.95,6.51,0.45,-2.15,thank-you
4095.0,2346.0,2759.0,3375.0,4095.0,4095.0,4095.0,4095.0,-3.5,-9.03,-15.5,4.88,0.52,-1.78,thank-you
4095.0,2347.0,2747.0,3280.0,4095.0,4095.0,4095.0,4095.0,-6.4,-7.5,-21.05,3.82,-0.55,-1.51,thank-you
4095.0,2336.0,2753.0,3264.0,4095.0,4095.0,4095.0,4095.0,-6.0,-4.71,-19.86,1.36,0.26,-0.12,thank-you
4095.0,2351.0,2765.0,3344.0,4095.0,4095.0,4095.0,4095.0,-3.51,-2.71,-14.04,-0.05,-0.27,-0.02,thank-you
4095.0,2333.0,2754.0,3354.0,4095.0,4095.0,4095.0,4095.0,-4.07,-2.75,-11.44,0.05,-0.03,0.04,thank-you
4095.0,2352.0,2768.0,3356.0,4095.0,4095.0,4095.0,4095.0,-2.56,-3.45,-10.41,-0.08,0.05,0.17,thank-you
4095.0,2337.0,2774.0,3376.0,4095.0,4095.0,4095.0,4095.0,-2.55,-3.57,-8.89,-0.32,-0.07,0.01,thank-you
4095.0,2337.0,2769.0,3375.0,4095.0,4095.0,4095.0,4095.0,-2.72,-3.19,-8.39,-0.07,-0.06,-0.02,thank-you
4095.0,2323.0,2768.0,3374.0,4095.0,4095.0,4095.0,4095.0,-2.92,-3.35,-9.4,0.07,-0.02,-0.04,thank-you
4095.0,2347.0,2771.0,3381.0,4095.0,4095.0,4095.0,4095.0,-2.85,-3.26,-9.76,-0.11,-0.1,-0.02,thank-you
4095.0,2342.0,2768.0,3378.0,4095.0,4095.0,4095.0,4095.0,-3.38,-3.21,-9.86,-0.1,0.01,-0.02,thank-you
4095.0,2349.0,2723.0,3376.0,4095.0,4095.0,4095.0,4095.0,0.98,8.95,2.84,-0.39,-0.16,-0.01,thank-you
4095.0,2366.0,2729.0,3376.0,4095.0,4095.0,4095.0,4095.0,0.55,9.84,0.49,0.0,-0.22,-0.02,thank-you
4095.0,2352.0,2717.0,3383.0,4095.0,4095.0,4095.0,4095.0,-0.26,9.53,-0.83,-0.1,-0.08,-0.04,thank-you
4095.0,2369.0,2730.0,3431.0,4095.0,4095.0,4095.0,4095.0,0.06,9.6,-0.36,-0.14,-0.14,-0.04,thank-you
4095.0,2383.0,2723.0,3424.0,4095.0,4095.0,4095.0,4095.0,0.16,9.48,0.11,-0.08,-0.05,-0.01,thank-you
4095.0,2365.0,2733.0,3430.0,4095.0,4095.0,4095.0,4095.0,0.25,9.5,1.13,0.04,-0.08,-0.05,thank-you
4095.0,2321.0,2736.0,3427.0,4095.0,4095.0,4095.0,4095.0,0.88,9.66,3.12,0.27,-0.18,-0.07,thank-you
4095.0,2331.0,2753.0,3424.0,4095.0,4095.0,4095.0,4095.0,0.91,9.2,4.27,1.23,-0.1,-0.3,thank-you
4095.0,2335.0,2753.0,3421.0,4095.0,4095.0,4095.0,4095.0,0.83,8.3,2.39,1.85,-0.6,-0.52,thank-you
4095.0,2336.0,2751.0,3419.0,4095.0,4095.0,4095.0,4095.0,0.26,6.51,0.2,2.55,-0.79,-0.96,thank-you
4095.0,2330.0,2742.0,3410.0,4095.0,4095.0,4095.0,4095.0,-0.87,4.45,-1.93,3.3,-0.3,-1.18,thank-you
4095.0,2331.0,2755.0,3408.0,4095.0,4095.0,4095.0,4095.0,-0.2,1.17,-2.66,3.84,-0.04,-1.47,thank-you
4095.0,2322.0,2742.0,3407.0,4095.0,4095.0,4095.0,4095.0,-1.17,-0.96,-6.59,4.86,0.65,-1.94,thank-you
4095.0,2324.0,2737.0,3413.0,4095.0,4095.0,4095.0,4095.0,-3.56,-2.57,-8.54,4.05,0.02,-1.45,thank-you
4095.0,2339.0,2751.0,3333.0,4095.0,4095.0,4095.0,4095.0,-3.51,-4.82,-11.59,3.71,-0.02,-1.74,thank-you
4095.0,2336.0,2768.0,3436.0,4095.0,4095.0,4095.0,4095.0,-5.61,-4.33,-15.74,3.25,-0.73,-0.94,thank-you
4095.0,2329.0,2770.0,3430.0,4095.0,4095.0,4095.0,4095.0,-5.96,-3.83,-14.98,2.36,0.12,-0.73,thank-you
4095.0,2343.0,2767.0,3354.0,4095.0,4095.0,4095.0,4095.0,-4.95,-3.14,-13.56,1.8,0.01,-0.53,thank-you
4095.0,2323.0,2768.0,3281.0,4095.0,4095.0,4095.0,4095.0,-4.48,-4.03,-12.47,1.27,-0.3,-0.46,thank-you
4095.0,2337.0,2768.0,3297.0,4095.0,4095.0,4095.0,4095.0,-5.22,-4.37,-12.56,0.53,-0.35,-0.17,thank-you
4095.0,2386.0,2763.0,3319.0,4095.0,4095.0,4095.0,4095.0,-0.27,9.72,-0.94,0.01,0.0,-0.02,thank-you
4095.0,2383.0,2763.0,3313.0,4095.0,4095.0,4095.0,4095.0,-0.19,9.56,-0.7,-0.05,-0.04,-0.03,thank-you
4095.0,2389.0,2768.0,3323.0,4095.0,4095.0,4095.0,4095.0,0.0,9.54,0.23,0.03,-0.02,-0.04,thank-you
4095.0,2341.0,2763.0,3322.0,4095.0,4095.0,4095.0,4095.0,0.96,9.32,2.91,0.29,-0.0,-0.0,thank-you
4095.0,2335.0,2759.0,3312.0,4095.0,4095.0,4095.0,4095.0,2.38,7.86,5.39,1.16,-0.35,-0.5,thank-you
4095.0,2322.0,2765.0,3310.0,4095.0,4095.0,4095.0,4095.0,1.12,5.63,5.25,2.3,-0.82,-1.05,thank-you
4095.0,2335.0,2763.0,3319.0,4095.0,4095.0,4095.0,4095.0,0.74,2.63,2.35,3.86,-0.49,-1.8,thank-you
4095.0,2327.0,2751.0,3315.0,4095.0,4095.0,4095.0,4095.0,-0.11,-1.01,-1.29,5.25,0.07,-2.21,thank-you
3649.0,2327.0,2753.0,3319.0,4095.0,4095.0,4095.0,4095.0,-2.23,-5.24,-6.28,6.24,0.71,-2.68,thank-you
4095.0,2329.0,2761.0,3310.0,4095.0,4095.0,4095.0,4095.0,-4.96,-7.65,-14.57,5.67,0.17,-2.56,thank-you
4095.0,2320.0,2758.0,3285.0,4095.0,4095.0,4095.0,4095.0,-9.28,-7.02,-21.71,3.66,0.8,-1.35,thank-you
4095.0,2323.0,2754.0,3289.0,4095.0,4095.0,4095.0,4095.0,-6.34,-3.63,-19.73,1.74,0.28,-0.51,thank-you
4095.0,2321.0,2769.0,3299.0,4095.0,4095.0,4095.0,4095.0,-4.36,-1.52,-15.05,0.41,-0.09,-0.14,thank-you
4095.0,2314.0,2772.0,3335.0,4095.0,4095.0,4095.0,4095.0,-4.68,-2.2,-11.79,0.11,-0.12,-0.2,thank-you
4095.0,2326.0,2773.0,3291.0,4095.0,4095.0,4095.0,4095.0,-3.36,-2.43,-10.49,-0.27,-0.06,0.15,thank-you
4095.0,2319.0,2777.0,3284.0,4095.0,4095.0,4095.0,4095.0,-3.07,-2.64,-8.7,-0.29,-0.15,0.01,thank-you
4095.0,2317.0,2778.0,3293.0,4095.0,4095.0,4095.0,4095.0,-3.15,-2.53,-8.48,-0.04,-0.0,-0.03,thank-you
4095.0,2309.0,2769.0,3293.0,4095.0,4095.0,4095.0,4095.0,-3.3,-2.59,-9.39,0.1,0.03,-0.04,thank-you
4095.0,2309.0,2772.0,3297.0,4095.0,4095.0,4095.0,4095.0,-3.23,-2.51,-9.37,-0.04,0.01,-0.02,thank-you
4095.0,2305.0,2773.0,3302.0,4095.0,4095.0,4095.0,4095.0,-3.64,-2.44,-9.65,0.1,0.03,-0.01,thank-you
3952.0,2416.0,2717.0,3344.0,4095.0,4095.0,4095.0,4095.0,-0.14,9.67,-1.2,0.0,-0.03,0.0,thank-you
3952.0,2416.0,2717.0,3344.0,4095.0,4095.0,4095.0,4095.0,-0.14,9.67,-1.2,0.0,-0.03,0.0,thank-you
4095.0,2410.0,2727.0,3267.0,4095.0,4095.0,4095.0,4095.0,0.19,9.8,1.57,-0.13,-0.15,0.0,thank-you
3913.0,2336.0,2731.0,3338.0,4095.0,4095.0,4095.0,4095.0,1.93,8.36,7.75,0.34,-0.16,0.05,thank-you
3913.0,2322.0,2741.0,3330.0,4095.0,4095.0,4095.0,4095.0,3.08,4.92,9.19,2.81,-1.01,-1.03,thank-you
4001.0,2338.0,2752.0,3329.0,4095.0,4095.0,4095.0,4095.0,0.81,0.63,2.83,4.9,-0.97,-1.84,thank-you
4059.0,2329.0,2752.0,3345.0,4095.0,4095.0,4095.0,4095.0,0.7,-4.81,-2.8,6.22,-0.42,-2.51,thank-you
4095.0,2333.0,2754.0,3318.0,4095.0,4095.0,4095.0,4095.0,-2.28,-7.79,-9.89,7.1,0.33,-3.26,thank-you
4095.0,2320.0,2758.0,3326.0,4095.0,4095.0,4095.0,4095.0,-6.39,-10.97,-15.81,4.99,0.99,-2.61,thank-you
4095.0,2321.0,2768.0,3330.0,4095.0,4095.0,4095.0,4095.0,-7.73,-7.29,-21.66,3.19,0.03,-1.65,thank-you
4095.0,2327.0,2763.0,3295.0,4095.0,4095.0,4095.0,4095.0,-6.52,-3.55,-18.0,1.16,0.26,-0.24,thank-you
4095.0,2320.0,2770.0,3311.0,4095.0,4095.0,4095.0,4095.0,-5.27,-2.23,-14.96,0.75,-0.2,-0.42,thank-you
4095.0,2320.0,2768.0,3283.0,4095.0,4095.0,4095.0,4095.0,-4.37,-2.97,-12.34,-0.28,0.0,0.24,thank-you
4095.0,2319.0,2775.0,3309.0,4095.0,4095.0,4095.0,4095.0,-2.87,-3.38,-9.81,-0.45,-0.07,0.2,thank-you
4095.0,2315.0,2769.0,3306.0,4095.0,4095.0,4095.0,4095.0,-2.62,-2.78,-7.97,-0.45,-0.13,0.05,thank-you
4095.0,2325.0,2777.0,3289.0,4095.0,4095.0,4095.0,4095.0,-3.0,-3.02,-8.54,0.11,0.08,-0.04,thank-you
4095.0,2311.0,2768.0,3280.0,4095.0,4095.0,4095.0,4095.0,-3.17,-2.99,-9.55,-0.08,-0.03,-0.02,thank-you
4095.0,2318.0,2768.0,3276.0,4095.0,4095.0,4095.0,4095.0,-3.59,-2.83,-10.31,0.03,0.08,-0.05,thank-you
4095.0,2320.0,2770.0,3251.0,4075.0,4095.0,4095.0,4095.0,-3.9,-2.59,-11.87,-0.24,0.05,0.18,thank-you
4095.0,2307.0,2779.0,3249.0,4062.0,4095.0,4095.0,4095.0,-4.84,-2.31,-13.45,-0.71,-0.14,0.29,thank-you
4095.0,2289.0,2743.0,3283.0,4095.0,4095.0,4095.0,4095.0,-0.4,9.48,-1.86,-0.14,-0.11,-0.01,thank-you
4095.0,2310.0,2743.0,3235.0,4071.0,4095.0,4095.0,4095.0,-0.3,9.57,-0.59,-0.17,-0.1,-0.03,thank-you
4095.0,2319.0,2736.0,3254.0,4095.0,4095.0,4095.0,4095.0,0.1,9.53,-1.15,-0.0,-0.06,0.05,thank-you
4095.0,2309.0,2731.0,3253.0,4095.0,4095.0,4095.0,4095.0,-0.11,9.57,-0.6,-0.09,-0.03,-0.09,thank-you
4095.0,2306.0,2742.0,3257.0,4095.0,4095.0,4095.0,4095.0,0.49,9.59,1.26,-0.11,-0.09,-0.03,thank-you
3949.0,2287.0,2746.0,3261.0,4079.0,4095.0,4095.0,4095.0,1.4,8.07,6.33,0.42,0.04,-0.09,thank-you
3967.0,2285.0,2767.0,3269.0,4079.0,4095.0,4095.0,4095.0,2.57,5.16,8.38,2.52,-0.41,-0.85,thank-you
4095.0,2282.0,2756.0,3269.0,4091.0,4095.0,4095.0,4095.0,1.36,1.16,4.67,4.66,-0.8,-1.42,thank-you
4095.0,2285.0,2757.0,3271.0,4095.0,4095.0,4095.0,4095.0,-0.12,-2.09,-2.09,6.7,-0.42,-2.2,thank-you
4095.0,2281.0,2755.0,3248.0,4095.0,4095.0,4095.0,4095.0,-2.32,-6.45,-7.75,7.31,0.1,-2.31,thank-you
4095.0,2291.0,2755.0,3254.0,4085.0,4095.0,4095.0,4095.0,-5.32,-9.39,-16.77,5.71,0.43,-2.13,thank-you
4095.0,2285.0,2755.0,3282.0,4095.0,4095.0,4095.0,4095.0,-7.06,-7.85,-21.8,3.18,0.15,-1.16,thank-you
4095.0,2279.0,2756.0,3285.0,4095.0,4095.0,4095.0,4095.0,-4.38,-4.27,-18.38,1.08,0.04,-0.03,thank-you
4095.0,2288.0,2767.0,3335.0,4095.0,4095.0,4095.0,4095.0,-4.07,-2.61,-13.73,0.34,-0.14,-0.3,thank-you
4095.0,2297.0,2767.0,3312.0,4095.0,4095.0,4095.0,4095.0,-4.03,-2.57,-12.01,0.09,-0.1,-0.05,thank-you
4095.0,2284.0,2776.0,3355.0,4095.0,4095.0,4095.0,4095.0,-2.47,-2.89,-10.21,-0.21,-0.13,0.01,thank-you
4095.0,2288.0,2765.0,3346.0,4095.0,4095.0,4095.0,4095.0,-3.02,-2.85,-9.18,-0.17,-0.05,-0.05,thank-you
4095.0,2283.0,2779.0,3346.0,4095.0,4095.0,4095.0,4095.0,-2.77,-2.74,-9.37,-0.03,0.0,-0.03,thank-you
4095.0,2295.0,2768.0,3341.0,4095.0,4095.0,4095.0,4095.0,-3.02,-2.73,-9.66,-0.05,-0.11,-0.06,thank-you
4095.0,2277.0,2763.0,3341.0,4095.0,4095.0,4095.0,4095.0,-2.94,-2.73,-9.29,-0.08,-0.02,-0.02,thank-you
4095.0,2292.0,2748.0,3315.0,4095.0,4095.0,4095.0,4095.0,0.1,9.56,-2.43,-0.03,-0.13,0.01,thank-you
4095.0,2299.0,2750.0,3317.0,4095.0,4095.0,4095.0,4095.0,-0.42,9.43,-1.5,-0.07,-0.09,-0.0,thank-you
4095.0,2293.0,2752.0,3312.0,4095.0,4095.0,4095.0,4095.0,0.87,9.62,1.21,0.07,-0.13,0.03,thank-you
4095.0,2288.0,2775.0,3333.0,4095.0,4095.0,4095.0,4095.0,1.21,8.17,6.49,0.85,0.08,-0.12,thank-you
4095.0,2290.0,2779.0,3344.0,4095.0,4095.0,4095.0,4095.0,1.48,5.74,6.61,2.71,-0.86,-0.69,thank-you
4095.0,2288.0,2769.0,3331.0,4095.0,4095.0,4095.0,4095.0,0.77,2.24,1.3,4.53,-0.6,-1.31,thank-you
3755.0,2291.0,2770.0,3330.0,4095.0,4095.0,4095.0,4095.0,0.06,-2.65,-4.21,5.89,-0.13,-1.77,thank-you
4095.0,2291.0,2778.0,3328.0,4095.0,4095.0,4095.0,4095.0,-2.04,-5.88,-8.93,6.21,0.12,-1.81,thank-you
4095.0,2278.0,2777.0,3329.0,4095.0,4095.0,4095.0,4095.0,-2.82,-9.33,-14.95,5.29,0.28,-1.67,thank-you
4095.0,2283.0,2763.0,3365.0,4095.0,4095.0,4095.0,4095.0,-5.77,-6.45,-18.9,3.56,-0.19,-1.15,thank-you
4095.0,2278.0,2771.0,3376.0,4095.0,4095.0,4095.0,4095.0,-4.73,-5.08,-19.02,2.05,0.13,-0.38,thank-you
4095.0,2285.0,2774.0,3363.0,4095.0,4095.0,4095.0,4095.0,-3.69,-3.3,-15.67,0.44,-0.18,-0.16,thank-you
4095.0,2271.0,2768.0,3374.0,4095.0,4095.0,4095.0,4095.0,-3.49,-2.5,-11.99,0.05,-0.17,-0.15,thank-you
4095.0,2288.0,2775.0,3373.0,4095.0,4095.0,4095.0,4095.0,-2.27,-2.99,-10.27,-0.04,-0.24,0.14,thank-you
4095.0,2274.0,2781.0,3378.0,4095.0,4095.0,4095.0,4095.0,-2.56,-3.44,-9.59,-0.14,-0.06,-0.06,thank-you
4095.0,2274.0,2780.0,3376.0,4095.0,4095.0,4095.0,4095.0,-2.49,-3.34,-9.12,-0.2,-0.01,0.04,thank-you
4095.0,2267.0,2775.0,3378.0,4095.0,4095.0,4095.0,4095.0,-2.25,-3.3,-9.28,-0.06,-0.02,-0.04,thank-you
4095.0,2267.0,2781.0,3375.0,4095.0,4095.0,4095.0,4095.0,-2.54,-3.31,-9.19,-0.05,-0.05,-0.02,thank-you
4095.0,2275.0,2783.0,3394.0,4095.0,4095.0,4095.0,4095.0,-2.54,-3.14,-9.48,-0.06,0.01,-0.03,thank-you
4095.0,2282.0,2775.0,3381.0,4095.0,4095.0,4095.0,4095.0,-2.83,-3.22,-9.68,0.01,-0.04,-0.03,thank-you
4095.0,2284.0,2736.0,3344.0,4095.0,4095.0,4095.0,4095.0,0.41,9.73,-2.16,-0.15,-0.05,-0.01,thank-you
4095.0,2278.0,2745.0,3331.0,4095.0,4095.0,4095.0,4095.0,-0.22,9.35,-2.27,-0.04,-0.09,-0.0,thank-you
4095.0,2288.0,2743.0,3308.0,4095.0,4095.0,4095.0,4095.0,0.33,9.64,-0.94,-0.07,-0.12,-0.03,thank-you
4095.0,2293.0,2736.0,3318.0,4095.0,4095.0,4095.0,4095.0,0.41,9.72,3.32,0.28,-0.22,0.03,thank-you
4095.0,2285.0,2765.0,3325.0,4095.0,4095.0,4095.0,4095.0,2.65,7.75,7.71,1.54,-0.52,-0.17,thank-you
4095.0,2288.0,2753.0,3323.0,4095.0,4095.0,4095.0,4095.0,1.71,3.66,5.04,3.52,-0.86,-1.1,thank-you
4095.0,2290.0,2762.0,3314.0,4095.0,4095.0,4095.0,4095.0,-0.12,-0.1,-0.98,5.12,-0.92,-1.45,thank-you
4095.0,2290.0,2763.0,3363.0,4095.0,4095.0,4095.0,4095.0,0.14,-3.66,-6.01,5.56,-0.0,-1.66,thank-you
4095.0,2285.0,2773.0,3357.0,4095.0,4095.0,4095.0,4095.0,-3.11,-5.4,-9.32,5.06,-0.12,-1.9,thank-you
4095.0,2269.0,2759.0,3362.0,4095.0,4095.0,4095.0,4095.0,-4.32,-8.03,-15.73,4.78,0.14,-1.87,thank-you
4095.0,2291.0,2754.0,3376.0,4095.0,4095.0,4095.0,4095.0,-6.47,-6.43,-20.38,3.6,-0.2,-0.84,thank-you
4095.0,2288.0,2755.0,3353.0,4095.0,4095.0,4095.0,4095.0,-4.51,-4.41,-19.28,1.74,0.0,-0.32,thank-you
4095.0,2288.0,2765.0,3319.0,4095.0,4095.0,4095.0,4095.0,-3.76,-2.37,-13.43,0.23,-0.56,-0.13,thank-you
4095.0,2297.0,2767.0,3326.0,4095.0,4095.0,4095.0,4095.0,-3.96,-3.28,-11.65,0.39,-0.02,-0.05,thank-you
4095.0,2284.0,2772.0,3319.0,4095.0,4095.0,4095.0,4095.0,-2.41,-3.59,-10.94,-0.21,-0.11,0.17,thank-you
4095.0,2284.0,2774.0,3329.0,4095.0,4095.0,4095.0,4095.0,-2.9,-3.57,-9.2,-0.31,-0.12,-0.06,thank-you
4095.0,2289.0,2766.0,3314.0,4095.0,4095.0,4095.0,4095.0,-2.66,-3.17,-8.63,-0.16,0.01,0.06,thank-you
4095.0,2281.0,2768.0,3312.0,4095.0,4095.0,4095.0,4095.0,-2.93,-3.38,-9.19,-0.05,-0.13,-0.05,thank-you
4095.0,2279.0,2768.0,3313.0,4095.0,4095.0,4095.0,4095.0,-2.93,-3.28,-9.43,-0.15,-0.1,-0.0,thank-you
4095.0,2288.0,2778.0,3318.0,4095.0,4095.0,4095.0,4095.0,-3.09,-3.21,-9.13,-0.02,-0.01,-0.02,thank-you
4095.0,2271.0,2768.0,3261.0,4095.0,4095.0,4095.0,4095.0,0.03,9.73,-1.63,-0.07,0.01,-0.04,thank-you
4095.0,2264.0,2763.0,3259.0,4095.0,4095.0,4095.0,4095.0,-0.17,9.68,-1.47,-0.06,-0.05,0.02,thank-you
4095.0,2288.0,2757.0,3263.0,4095.0,4095.0,4095.0,4095.0,0.35,9.62,-0.4,-0.03,-0.06,-0.04,thank-you
4095.0,2272.0,2763.0,3260.0,4085.0,4095.0,4095.0,4095.0,0.91,9.41,3.12,0.16,-0.19,0.0,thank-you
4095.0,2266.0,2791.0,3255.0,4055.0,4095.0,4095.0,4095.0,1.71,7.58,8.24,1.48,-0.16,-0.45,thank-you
4095.0,2275.0,2775.0,3326.0,4095.0,4095.0,4095.0,4095.0,1.13,3.97,5.54,3.57,-0.94,-1.12,thank-you
4095.0,2265.0,2770.0,3258.0,4080.0,4095.0,4095.0,4095.0,-0.61,1.64,-1.87,5.19,-0.49,-1.6,thank-you
4095.0,2266.0,2781.0,3294.0,4095.0,4095.0,4095.0,4095.0,-1.06,-1.72,-5.35,5.22,-0.21,-1.58,thank-you
4095.0,2257.0,2799.0,3218.0,3963.0,4095.0,4095.0,4095.0,-2.7,-4.02,-9.68,5.99,0.13,-1.72,thank-you
4095.0,2256.0,2817.0,3297.0,4095.0,4095.0,4095.0,4095.0,-3.01,-6.78,-13.1,4.37,0.2,-1.03,thank-you
4095.0,2255.0,2800.0,3266.0,4051.0,4095.0,4095.0,4095.0,-6.5,-7.78,-19.12,3.63,-0.28,-1.93,thank-you
4095.0,2256.0,2815.0,3319.0,4095.0,4061.0,4095.0,4095.0,-6.04,-4.77,-18.82,1.59,-0.13,-0.23,thank-you
4095.0,2259.0,2806.0,3341.0,4095.0,4095.0,4095.0,4095.0,-3.93,-3.44,-14.37,0.36,-0.13,-0.18,thank-you
4095.0,2249.0,2807.0,3334.0,4095.0,4095.0,4095.0,4095.0,-3.87,-2.41,-11.82,0.03,-0.34,-0.03,thank-you
4095.0,2253.0,2813.0,3292.0,4095.0,4095.0,4095.0,4095.0,-3.46,-3.12,-10.47,-0.19,-0.1,0.02,thank-you
4095.0,2256.0,2810.0,3296.0,4095.0,4095.0,4095.0,4095.0,-3.17,-2.92,-9.37,-0.35,-0.13,0.08,thank-you
4095.0,2255.0,2813.0,3318.0,4095.0,4095.0,4095.0,4095.0,-3.0,-2.77,-8.7,-0.23,-0.04,0.03,thank-you
4095.0,2252.0,2819.0,3315.0,4095.0,4095.0,4095.0,4095.0,-3.13,-2.65,-8.89,-0.08,0.05,0.03,thank-you
4095.0,2255.0,2821.0,3318.0,4095.0,4095.0,4095.0,4095.0,-3.04,-2.76,-9.2,-0.03,0.05,-0.06,thank-you
4095.0,2251.0,2827.0,3329.0,4095.0,4095.0,4095.0,4095.0,-3.38,-2.79,-9.39,0.0,0.03,0.03,thank-you
4095.0,2277.0,2726.0,3263.0,4095.0,4095.0,4095.0,4095.0,0.06,9.65,-0.82,-0.03,-0.05,-0.05,thank-you
4095.0,2272.0,2721.0,3259.0,4095.0,4095.0,4095.0,4095.0,-0.16,9.75,-1.2,-0.01,0.01,-0.04,thank-you
4095.0,2289.0,2723.0,3264.0,4095.0,4095.0,4095.0,4095.0,-0.07,9.51,-1.29,-0.03,0.03,-0.05,thank-you
4095.0,2277.0,2732.0,3266.0,4095.0,4095.0,4095.0,4095.0,-0.29,9.51,0.57,-0.03,-0.14,0.01,thank-you
4095.0,2286.0,2736.0,3262.0,4095.0,4095.0,4095.0,4095.0,1.1,9.06,4.05,0.46,-0.12,-0.07,thank-you
4095.0,2270.0,2753.0,3269.0,4095.0,4095.0,4095.0,4095.0,2.33,6.46,8.47,1.59,-0.57,-0.43,thank-you
4095.0,2262.0,2751.0,3328.0,4095.0,4095.0,4095.0,4095.0,1.66,2.39,5.49,3.96,-1.15,-1.29,thank-you
4095.0,2268.0,2757.0,3371.0,4095.0,4095.0,4095.0,4095.0,-0.09,-0.22,-2.69,5.68,-0.15,-1.93,thank-you
4095.0,2257.0,2751.0,3353.0,4095.0,4095.0,4095.0,4095.0,-0.74,-3.62,-6.2,5.76,0.51,-2.05,thank-you
4095.0,2251.0,2757.0,3395.0,4095.0,4095.0,4095.0,4095.0,-3.77,-5.92,-12.51,5.62,0.25,-1.97,thank-you
4095.0,2254.0,2753.0,3194.0,4049.0,4095.0,4095.0,4095.0,-5.76,-6.29,-18.31,4.35,0.12,-1.57,thank-you
4095.0,2249.0,2757.0,3216.0,4095.0,4095.0,4095.0,4095.0,-5.83,-4.8,-19.56,2.8,0.3,-0.83,thank-you
4095.0,2253.0,2758.0,3237.0,4095.0,4095.0,4095.0,4095.0,-4.34,-3.28,-17.84,0.97,0.07,-0.15,thank-you
4095.0,2256.0,2761.0,3312.0,4095.0,4095.0,4095.0,4095.0,-3.49,-2.4,-13.6,0.07,-0.33,-0.12,thank-you
4095.0,2256.0,2767.0,3319.0,4095.0,4095.0,4095.0,4095.0,-3.51,-2.38,-11.14,-0.13,-0.21,0.04,thank-you
4095.0,2266.0,2773.0,3347.0,4095.0,4095.0,4095.0,4095.0,-2.38,-2.73,-9.53,-0.35,-0.11,0.09,thank-you
4095.0,2256.0,2768.0,3351.0,4095.0,4095.0,4095.0,4095.0,-2.78,-2.57,-8.94,-0.17,-0.05,0.01,thank-you
4095.0,2259.0,2773.0,3362.0,4095.0,4095.0,4095.0,4095.0,-2.68,-2.53,-9.03,-0.11,-0.09,0.08,thank-you
4095.0,2253.0,2771.0,3362.0,4095.0,4095.0,4095.0,4095.0,-2.84,-2.54,-9.19,0.08,-0.17,-0.08,thank-you
4095.0,2247.0,2764.0,3359.0,4095.0,4095.0,4095.0,4095.0,-2.72,-2.56,-9.13,-0.01,-0.01,-0.1,thank-you
3142.0,3085.0,3063.0,2759.0,4095.0,3391.0,2559.0,2924.0,-1.64,9.38,0.08,-0.04,-0.03,-0.05,z
3139.0,3071.0,3064.0,2762.0,4095.0,3387.0,2559.0,2919.0,-1.85,9.4,-0.23,-0.0,-0.04,-0.05,z
3137.0,3090.0,3067.0,2755.0,4095.0,3387.0,2559.0,2923.0,-2.23,9.38,-0.31,-0.09,0.02,-0.09,z
3145.0,3079.0,3068.0,2758.0,4095.0,3388.0,2559.0,2918.0,-2.39,9.27,-0.46,-0.09,-0.04,0.0,z
3147.0,3084.0,3071.0,2751.0,4095.0,3383.0,2559.0,2917.0,-3.78,9.14,-1.63,-0.12,0.21,-0.02,z
3151.0,3085.0,3058.0,2755.0,4095.0,3379.0,2559.0,2896.0,-6.16,7.74,-5.72,0.16,-0.09,0.11,z
3169.0,3118.0,3103.0,2781.0,4095.0,3407.0,2601.0,2927.0,-4.98,6.68,-5.69,-0.94,0.81,1.04,z
3175.0,3120.0,3104.0,2785.0,4095.0,3408.0,2589.0,2925.0,-2.81,8.44,0.24,-1.83,1.1,1.16,z
3174.0,3113.0,3093.0,2782.0,4095.0,3408.0,2607.0,2933.0,0.85,9.2,3.9,-0.81,0.8,0.94,z
3165.0,3120.0,3110.0,2771.0,4095.0,3423.0,2592.0,2941.0,2.83,8.95,6.52,-1.04,0.84,0.57,z
3168.0,3122.0,3113.0,2782.0,4095.0,3427.0,2611.0,2941.0,3.7,7.59,8.68,-0.58,0.24,0.02,z
3173.0,3123.0,3107.0,2766.0,4095.0,3421.0,2615.0,2944.0,6.82,6.51,8.76,-0.46,-0.51,-0.38,z
3179.0,3120.0,3114.0,2771.0,4095.0,3429.0,2608.0,2937.0,8.24,5.63,8.07,0.24,-1.06,-1.99,z
3169.0,3123.0,3093.0,2763.0,4095.0,3414.0,2608.0,2937.0,1.6,5.97,4.52,0.52,-0.94,-3.13,z
3180.0,3115.0,3095.0,2767.0,4095.0,3442.0,2598.0,2937.0,-5.29,7.1,-0.52,0.49,-1.3,-2.72,z
3184.0,3111.0,3091.0,2755.0,4095.0,3419.0,2592.0,2922.0,-9.94,7.71,-2.85,-0.21,-0.97,-2.45,z
3178.0,3102.0,3095.0,2759.0,4095.0,3376.0,2581.0,2911.0,-15.32,7.39,-4.44,-0.57,0.05,-1.42,z
3194.0,3109.0,3094.0,2768.0,4095.0,3377.0,2592.0,2927.0,-14.3,6.51,-4.58,-1.46,0.54,-0.28,z
3163.0,3071.0,3054.0,2749.0,4095.0,3347.0,2544.0,2870.0,-11.18,5.23,-1.09,-2.1,0.84,0.8,z
3228.0,3130.0,3117.0,2943.0,4095.0,3401.0,2612.0,2961.0,-7.58,5.21,3.25,-2.7,1.03,1.16,z
3442.0,3138.0,3124.0,3006.0,4095.0,3415.0,2652.0,2986.0,-1.24,9.32,1.45,-0.05,0.0,-0.03,z
3442.0,3138.0,3124.0,3006.0,4095.0,3415.0,2652.0,2986.0,-1.24,9.32,1.45,-0.05,0.0,-0.03,z
3451.0,3136.0,3123.0,3015.0,4095.0,3431.0,2652.0,2983.0,-0.74,9.53,2.08,-0.02,-0.04,0.01,z
3451.0,3137.0,3136.0,3024.0,4095.0,3415.0,2642.0,2986.0,0.44,9.84,3.45,0.11,-0.18,-0.06,z
3447.0,3143.0,3131.0,3015.0,4095.0,3434.0,2646.0,2987.0,1.07,9.34,3.12,0.2,-0.73,-0.23,z
3455.0,3142.0,3131.0,3071.0,4095.0,3437.0,2640.0,2992.0,2.1,9.42,3.15,0.05,-0.64,-0.27,z
3461.0,3161.0,3139.0,2855.0,4095.0,3442.0,2645.0,2989.0,3.08,8.67,3.02,0.19,-0.81,-0.48,z
3504.0,3178.0,3161.0,2953.0,4095.0,3467.0,2690.0,3015.0,0.19,9.38,0.35,0.09,-0.97,-1.26,z
3506.0,3213.0,3189.0,3040.0,4095.0,3490.0,2705.0,3034.0,-8.31,7.25,-0.43,-0.04,-0.15,-1.61,z
3429.0,3120.0,3121.0,2960.0,4095.0,3425.0,2619.0,2958.0,-11.8,7.58,-3.24,0.05,-0.25,-0.26,z
3417.0,3133.0,3120.0,2942.0,4095.0,3409.0,2629.0,2959.0,-7.41,5.19,-5.55,-0.0,-0.17,0.22,z
3419.0,3133.0,3119.0,2970.0,4095.0,3405.0,2619.0,2959.0,-4.38,2.55,-6.15,-0.95,0.3,0.23,z
3408.0,3122.0,3107.0,2880.0,4095.0,3395.0,2607.0,2960.0,-3.89,4.63,-2.03,-3.32,1.25,0.06,z
3274.0,3121.0,3101.0,3024.0,4095.0,3395.0,2613.0,2961.0,-1.42,6.29,7.93,-2.45,1.22,-0.16,z
3223.0,3100.0,3098.0,2734.0,4095.0,3391.0,2603.0,2935.0,-2.8,10.99,11.58,-1.42,1.69,-0.41,z
3307.0,3071.0,3071.0,2791.0,4095.0,3356.0,2558.0,2904.0,-2.56,9.38,17.72,-3.18,-0.22,1.09,z
3248.0,3055.0,3051.0,2736.0,4095.0,3347.0,2581.0,2928.0,1.3,6.94,16.77,0.79,-0.68,-0.92,z
3218.0,3045.0,3021.0,2741.0,4095.0,3324.0,2542.0,2906.0,1.51,4.49,8.27,0.65,-1.24,-1.34,z
3334.0,3151.0,3125.0,2787.0,4095.0,3425.0,2663.0,3001.0,3.43,4.94,6.32,0.88,-0.2,-1.69,z
3317.0,3131.0,3129.0,2851.0,4095.0,3412.0,2643.0,2980.0,-6.09,4.23,2.67,1.61,-0.4,-2.35,z
3391.0,3187.0,3155.0,2897.0,4095.0,3472.0,2694.0,3014.0,-0.69,9.35,1.83,-0.07,-0.01,-0.02,z
3397.0,3190.0,3156.0,2896.0,4095.0,3470.0,2687.0,3009.0,-0.26,9.33,1.77,-0.0,0.02,-0.01,z
3391.0,3197.0,3166.0,2897.0,4095.0,3460.0,2689.0,3011.0,0.54,9.4,1.8,-0.02,0.03,-0.05,z
3389.0,3197.0,3164.0,2896.0,4095.0,3472.0,2673.0,3026.0,2.17,9.66,3.69,-0.17,-0.19,-0.05,z
3381.0,3184.0,3167.0,2889.0,4095.0,3476.0,2686.0,2997.0,4.88,9.62,5.62,0.01,-0.2,-0.27,z
3378.0,3178.0,3163.0,2887.0,4095.0,3483.0,2678.0,2996.0,4.58,9.36,4.75,0.39,-0.5,-0.87,z
3329.0,3127.0,3105.0,2833.0,4095.0,3423.0,2634.0,2937.0,2.41,8.25,3.21,0.11,-0.76,-1.57,z
3312.0,3121.0,3107.0,2971.0,4095.0,3428.0,2633.0,2945.0,-4.49,7.1,0.2,0.19,-0.98,-2.23,z
3318.0,3121.0,3099.0,2832.0,4095.0,3407.0,2626.0,2921.0,-14.07,6.09,-3.52,-0.01,-0.08,-1.44,z
3293.0,3105.0,3063.0,2814.0,4095.0,3394.0,2608.0,2917.0,-10.63,5.4,-4.58,-0.64,-0.67,0.01,z
3278.0,3067.0,3068.0,2799.0,4095.0,3365.0,2586.0,2909.0,-4.16,4.11,-5.2,-0.79,-0.16,0.45,z
3326.0,3135.0,3114.0,2857.0,4095.0,3415.0,2643.0,2970.0,-2.86,2.95,-4.14,-1.44,0.83,-0.18,z
3364.0,3173.0,3145.0,2925.0,4095.0,3478.0,2677.0,2996.0,-6.44,4.73,0.6,-2.26,0.82,-0.34,z
3309.0,3088.0,3056.0,2839.0,4095.0,3373.0,2613.0,2915.0,-5.94,7.16,8.77,-2.45,1.15,0.25,z
3263.0,3000.0,2973.0,2758.0,4095.0,3298.0,2509.0,2851.0,-3.92,9.03,13.06,-1.73,0.74,0.31,z
3225.0,2991.0,2971.0,2898.0,4095.0,3306.0,2489.0,2832.0,1.75,10.41,16.84,-1.45,0.3,0.46,z
3249.0,2998.0,2987.0,2896.0,4095.0,3330.0,2523.0,2855.0,0.79,7.59,19.07,0.15,0.29,-0.64,z
3239.0,3005.0,2992.0,2806.0,4095.0,3319.0,2509.0,2846.0,0.59,6.66,10.89,1.36,-0.98,-0.97,z
3245.0,3006.0,2988.0,2851.0,4095.0,3311.0,2548.0,2858.0,-0.28,3.97,5.18,1.54,-0.71,-1.71,z
3231.0,3007.0,2993.0,2875.0,4095.0,3302.0,2512.0,2862.0,-5.26,4.24,-0.27,1.6,0.21,-2.24,z
3327.0,3117.0,3062.0,2832.0,4095.0,3639.0,2634.0,2945.0,-0.97,9.5,1.58,-0.04,-0.02,-0.01,z
3327.0,3106.0,3071.0,2832.0,4095.0,3632.0,2637.0,2950.0,-1.08,9.48,1.46,-0.02,0.02,-0.0,z
3325.0,3114.0,3071.0,2834.0,4095.0,3632.0,2630.0,2951.0,-1.09,9.41,1.4,-0.07,-0.02,0.0,z
3333.0,3121.0,3083.0,2839.0,4095.0,3635.0,2640.0,2958.0,-0.38,9.48,1.93,-0.05,-0.07,0.1,z
3343.0,3123.0,3071.0,2843.0,4095.0,3658.0,2617.0,2948.0,3.26,10.3,3.79,-0.11,-0.09,0.35,z
3421.0,3139.0,3099.0,2915.0,4095.0,3678.0,2654.0,2972.0,7.66,9.84,5.03,0.04,-0.66,0.01,z
3118.0,3139.0,3099.0,2695.0,4095.0,3642.0,2655.0,2961.0,7.25,9.11,4.3,0.27,-1.03,-1.23,z
3167.0,3163.0,3130.0,2719.0,4095.0,3765.0,2672.0,2979.0,0.89,8.13,1.04,0.25,-0.53,-2.38,z
3395.0,3174.0,3152.0,3024.0,4095.0,3792.0,2709.0,2992.0,-15.84,6.14,-3.78,-0.03,0.31,-2.14,z
3315.0,3135.0,3110.0,2849.0,4095.0,3803.0,2674.0,2934.0,-14.0,4.75,-1.48,-0.74,-0.58,0.15,z
3312.0,3131.0,3087.0,2832.0,4095.0,3774.0,2652.0,2944.0,-6.13,4.06,-2.56,-0.11,-0.15,0.52,z
3312.0,3138.0,3105.0,2839.0,4095.0,3798.0,2663.0,2960.0,-4.57,1.93,-4.22,-0.52,0.78,0.0,z
3319.0,3150.0,3114.0,2842.0,4095.0,3779.0,2677.0,2956.0,-6.24,4.35,-1.12,-1.34,1.03,0.04,z
3299.0,3132.0,3098.0,2813.0,4095.0,3775.0,2654.0,2935.0,-3.47,8.43,4.18,-1.82,0.76,0.52,z
3301.0,3152.0,3104.0,2811.0,4095.0,3781.0,2672.0,2973.0,2.01,11.92,8.96,-2.02,1.03,0.11,z
3265.0,3191.0,3145.0,3023.0,4095.0,3747.0,2730.0,3003.0,1.5,12.46,14.7,-2.29,1.08,-0.09,z
3305.0,3151.0,3120.0,2853.0,4095.0,3625.0,2688.0,2977.0,1.76,8.27,18.78,0.24,-0.49,-0.6,z
3346.0,3185.0,3141.0,2879.0,4095.0,3623.0,2717.0,3011.0,2.21,6.41,6.86,1.51,-1.1,-1.37,z
3309.0,3125.0,3086.0,2838.0,4095.0,3567.0,2672.0,2969.0,2.96,4.13,3.53,0.79,-0.65,-2.31,z
3311.0,3125.0,3088.0,2854.0,4095.0,3562.0,2668.0,2953.0,-10.27,2.26,-1.47,0.53,0.23,-3.33,z
3285.0,3098.0,3056.0,2816.0,4095.0,3551.0,2635.0,2928.0,-1.45,8.98,2.52,-0.04,-0.0,-0.03,z
3282.0,3095.0,3046.0,2818.0,4095.0,3543.0,2628.0,2945.0,-1.39,8.99,2.67,-0.04,0.02,-0.03,z
3281.0,3114.0,3056.0,2807.0,4095.0,3543.0,2629.0,2945.0,-1.43,8.96,2.49,-0.03,0.01,-0.03,z
3277.0,3095.0,3068.0,2809.0,4095.0,3555.0,2640.0,2932.0,-0.93,9.06,2.84,-0.05,-0.01,0.01,z
3279.0,3107.0,3059.0,2814.0,4095.0,3549.0,2636.0,2945.0,2.39,10.16,5.48,-0.16,-0.14,0.09,z
3297.0,3095.0,3047.0,2820.0,4095.0,3539.0,2620.0,2938.0,4.84,9.95,8.27,0.11,-0.65,-0.17,z
3274.0,3086.0,3040.0,2802.0,4095.0,3547.0,2634.0,2934.0,3.69,8.8,6.7,0.81,-1.16,-0.9,z
3273.0,3103.0,3047.0,2793.0,4095.0,3479.0,2640.0,2943.0,-1.73,7.97,0.01,0.6,-0.7,-1.89,z
3275.0,3106.0,3056.0,2855.0,4095.0,3469.0,2635.0,2923.0,-12.64,5.24,-4.29,0.48,-0.42,-1.57,z
3277.0,3095.0,3056.0,2798.0,4095.0,3473.0,2640.0,2939.0,-11.67,4.33,-4.78,-0.13,0.18,-0.14,z
3218.0,3099.0,3055.0,2768.0,4095.0,3467.0,2624.0,2919.0,-7.22,2.23,-6.36,-0.56,0.39,0.42,z
3162.0,3039.0,2991.0,2704.0,4095.0,3415.0,2559.0,2886.0,-3.55,0.91,-4.2,-1.38,1.35,-0.13,z
3173.0,3039.0,2987.0,2721.0,4095.0,3741.0,2559.0,2882.0,-4.32,4.93,1.92,-2.35,1.39,-0.16,z
3216.0,3069.0,3029.0,2756.0,4095.0,3485.0,2609.0,2884.0,-1.86,9.59,12.13,-2.26,1.15,-0.2,z
3193.0,3066.0,3026.0,2724.0,4095.0,3523.0,2599.0,2877.0,-5.15,12.96,13.31,-1.56,1.36,-0.41,z
3209.0,3052.0,3008.0,2761.0,4095.0,3450.0,2590.0,2869.0,0.0,10.1,20.24,-0.9,-0.13,-0.14,z
3216.0,3043.0,3005.0,2747.0,4095.0,3616.0,2602.0,2867.0,-0.83,7.37,11.77,1.63,-0.74,-0.66,z
3207.0,3051.0,2998.0,2738.0,4095.0,3610.0,2602.0,2893.0,0.59,5.66,7.07,1.59,-1.42,-0.66,z
3185.0,3042.0,3019.0,2750.0,4095.0,3635.0,2608.0,2879.0,-1.84,5.6,2.73,1.89,-0.9,-1.34,z
3171.0,3040.0,3003.0,2720.0,4095.0,3696.0,2593.0,2882.0,-9.99,5.14,-1.63,0.59,-0.49,-2.14,z
3216.0,3101.0,3058.0,2766.0,4095.0,3457.0,2633.0,2928.0,0.44,9.43,1.95,-0.16,-0.26,-0.13,z
3214.0,3094.0,3051.0,2767.0,4095.0,3482.0,2627.0,2941.0,-0.94,9.47,1.61,0.03,0.11,-0.31,z
3215.0,3097.0,3051.0,2767.0,4095.0,3664.0,2624.0,2935.0,-1.31,9.6,1.06,0.1,0.06,-0.16,z
3222.0,3101.0,3065.0,2779.0,4095.0,3657.0,2649.0,2947.0,-1.38,9.58,1.25,0.04,0.06,-0.07,z
3201.0,3088.0,3029.0,2756.0,4095.0,3635.0,2615.0,2924.0,-0.95,9.62,0.7,0.08,0.19,0.06,z
3198.0,3086.0,3047.0,2754.0,4095.0,3633.0,2622.0,2928.0,-0.96,9.24,1.15,-0.14,0.17,0.14,z
3186.0,3071.0,3026.0,2759.0,4095.0,3626.0,2609.0,2927.0,8.0,11.27,7.17,-0.43,-0.28,0.66,z
3230.0,3057.0,3024.0,2791.0,4095.0,3621.0,2615.0,2928.0,12.82,8.33,11.03,1.3,-0.45,-1.71,z
3184.0,3056.0,3007.0,2736.0,4095.0,3625.0,2593.0,2915.0,0.51,5.23,-2.03,1.44,-0.89,-3.47,z
3157.0,3056.0,3027.0,2707.0,4095.0,3737.0,2603.0,2866.0,-14.98,3.13,-7.85,0.84,1.13,-2.75,z
3136.0,3056.0,3024.0,2698.0,4095.0,3696.0,2603.0,2879.0,-19.05,4.13,-8.77,-0.18,-0.25,-0.54,z
3154.0,3062.0,3027.0,2726.0,4095.0,3682.0,2608.0,2906.0,-11.23,3.6,-7.44,-1.14,0.07,1.38,z
3155.0,3053.0,3030.0,2722.0,4095.0,3696.0,2559.0,2893.0,-8.67,2.7,-5.11,-2.94,0.5,1.93,z
3152.0,3059.0,3019.0,2714.0,4095.0,3728.0,2580.0,2909.0,-1.23,3.5,2.81,-2.41,0.38,2.74,z
3181.0,3103.0,3061.0,2767.0,4095.0,3600.0,2624.0,2962.0,4.41,6.66,11.5,-2.75,0.58,1.78,z
3230.0,3182.0,3149.0,2801.0,4095.0,3676.0,2704.0,3041.0,9.11,8.62,15.45,-1.07,0.72,0.48,z
3216.0,3129.0,3101.0,2799.0,4095.0,3664.0,2670.0,2992.0,9.5,8.24,18.32,-0.38,-0.03,-0.92,z
3274.0,3191.0,3149.0,2831.0,4095.0,3620.0,2759.0,3056.0,3.8,5.49,13.13,2.55,-1.0,-2.49,z
3195.0,3121.0,3088.0,2763.0,4095.0,3830.0,2667.0,2986.0,-3.17,6.03,4.76,3.06,-0.93,-2.86,z
3159.0,3103.0,3066.0,2735.0,4095.0,3856.0,2640.0,2927.0,-10.19,7.45,-5.56,1.15,0.17,-2.78,z
3207.0,3145.0,3116.0,2794.0,4095.0,3665.0,2679.0,3013.0,0.55,9.38,0.98,-0.03,0.38,-0.04,z
3217.0,3155.0,3126.0,2800.0,4095.0,3663.0,2677.0,3023.0,0.25,9.58,0.89,-0.12,0.09,-0.07,z
3213.0,3158.0,3113.0,2798.0,4095.0,3648.0,2686.0,3043.0,-0.47,9.58,0.45,-0.11,0.16,-0.06,z
3214.0,3157.0,3120.0,2793.0,4095.0,3651.0,2688.0,3014.0,-1.09,9.48,-1.01,-0.24,0.25,0.09,z
3214.0,3153.0,3115.0,2800.0,4095.0,3639.0,2697.0,3023.0,1.3,9.61,0.9,-0.79,0.2,0.4,z
3274.0,3171.0,3123.0,2847.0,4095.0,3661.0,2720.0,3036.0,12.65,10.61,12.35,-0.58,-0.92,0.23,z
3246.0,3171.0,3120.0,2820.0,4095.0,3620.0,2698.0,3023.0,8.66,6.54,11.05,1.08,-0.87,-2.57,z
3249.0,3165.0,3135.0,2831.0,4095.0,3623.0,2704.0,3023.0,-4.34,6.25,-2.41,1.44,-1.16,-2.98,z
3223.0,3189.0,3145.0,2806.0,4095.0,3662.0,2730.0,3026.0,-15.52,5.44,-8.77,0.54,-1.06,-1.94,z
3271.0,3232.0,3186.0,2860.0,4095.0,3728.0,2748.0,3070.0,-14.64,5.52,-8.35,-0.53,0.08,0.18,z
3183.0,3147.0,3120.0,2768.0,4095.0,3631.0,2673.0,3009.0,-7.5,4.01,-6.54,-1.54,0.82,1.17,z
3174.0,3138.0,3098.0,2766.0,4095.0,3621.0,2673.0,2978.0,-5.98,1.87,-1.05,-1.7,1.18,1.38,z
3202.0,3136.0,3105.0,2783.0,4095.0,3607.0,2674.0,2992.0,-0.62,5.08,5.89,-1.63,0.9,1.51,z
3182.0,3133.0,3091.0,2773.0,4095.0,3641.0,2663.0,3003.0,5.78,11.18,14.85,-1.57,0.75,0.77,z
3376.0,3216.0,3157.0,2925.0,4095.0,3687.0,2743.0,3055.0,12.71,13.68,20.53,0.07,-0.07,-0.1,z
3216.0,3088.0,3054.0,2797.0,4095.0,3583.0,2634.0,2933.0,3.5,7.19,9.36,1.76,-0.55,-2.42,z
3247.0,3152.0,3118.0,2832.0,4095.0,3647.0,2688.0,3009.0,-1.58,5.95,1.15,-0.43,-1.99,-2.71,z
3175.0,3097.0,3062.0,2759.0,4095.0,3583.0,2647.0,2942.0,-9.66,7.25,-2.96,1.33,0.09,-2.33,z
3218.0,3099.0,3067.0,2783.0,4095.0,3583.0,2654.0,2939.0,-13.83,7.33,-2.99,0.33,0.01,-1.26,z
3234.0,3097.0,3059.0,2794.0,4095.0,3601.0,2655.0,2944.0,-8.12,7.82,0.93,0.13,0.05,0.01,z
3238.0,3098.0,3056.0,2802.0,4095.0,3579.0,2624.0,2960.0,-0.76,9.33,1.66,-0.07,-0.03,0.1,z
3233.0,3088.0,3065.0,2797.0,4095.0,3563.0,2637.0,2960.0,-0.55,9.4,1.52,-0.06,0.09,0.03,z
3234.0,3101.0,3049.0,2799.0,4095.0,3562.0,2634.0,2960.0,-0.74,9.0,1.88,-0.13,0.03,0.01,z
3230.0,3086.0,3056.0,2798.0,4095.0,3572.0,2624.0,2960.0,1.27,9.37,4.98,-0.22,-0.19,0.14,z
3261.0,3105.0,3069.0,2818.0,4095.0,3601.0,2640.0,2977.0,6.56,9.96,11.59,0.13,-0.93,-0.29,z
3246.0,3095.0,3056.0,2812.0,4095.0,3570.0,2637.0,2971.0,5.7,7.67,8.07,1.13,-1.8,-1.55,z
3255.0,3102.0,3065.0,2817.0,4095.0,3583.0,2646.0,2961.0,-3.49,5.37,-1.11,1.37,-0.52,-2.68,z
3248.0,3099.0,3057.0,2818.0,4095.0,3557.0,2631.0,2954.0,-15.91,5.7,-11.54,-0.07,-0.42,-1.35,z
3286.0,3168.0,3153.0,2881.0,4095.0,3670.0,2733.0,3039.0,-15.76,5.7,-11.75,-0.62,-0.45,0.23,z
3312.0,3198.0,3164.0,2885.0,4095.0,3681.0,2735.0,3063.0,-5.52,1.86,-5.72,-1.56,0.39,1.36,z
3292.0,3170.0,3136.0,2853.0,4095.0,3664.0,2714.0,3031.0,-3.13,1.79,0.32,-1.17,0.96,1.31,z
3277.0,3171.0,3132.0,2834.0,4095.0,3651.0,2701.0,3029.0,-0.43,8.76,8.92,-2.42,0.91,1.34,z
3440.0,3139.0,3101.0,2985.0,4095.0,3696.0,2739.0,3037.0,9.68,13.14,20.76,-1.02,0.53,0.64,z
3402.0,3209.0,3170.0,2907.0,4095.0,3696.0,2739.0,3016.0,5.87,11.25,14.44,-0.58,-0.09,-1.19,z
3235.0,3081.0,3053.0,2800.0,4095.0,3573.0,2643.0,2956.0,4.53,3.99,5.84,0.81,-1.51,-1.38,z
3277.0,3152.0,3098.0,2827.0,4095.0,3583.0,2688.0,2993.0,6.11,3.19,1.7,-0.68,-1.14,-2.85,z
3331.0,3193.0,3152.0,2895.0,4095.0,3643.0,2723.0,3039.0,-6.16,4.22,0.21,1.06,-0.18,-3.93,z
3257.0,3127.0,3095.0,2847.0,4095.0,3595.0,2689.0,2988.0,-24.01,6.88,-1.83,0.7,0.5,-2.53,z
3273.0,3141.0,3103.0,2869.0,4095.0,3619.0,2693.0,3008.0,-12.94,8.17,1.26,-0.53,-0.36,-0.39,z
3280.0,3136.0,3095.0,2869.0,4095.0,3598.0,2686.0,2992.0,-7.96,7.21,1.52,0.16,0.35,0.22,z
3273.0,3108.0,3087.0,2847.0,4095.0,3583.0,2659.0,2991.0,-0.29,9.23,1.74,-0.11,0.0,0.05,z
3277.0,3106.0,3063.0,2847.0,4095.0,3573.0,2661.0,2992.0,0.05,9.25,1.95,-0.08,0.01,0.01,z
3275.0,3118.0,3068.0,2849.0,4095.0,3578.0,2671.0,2985.0,0.56,9.42,2.75,-0.05,-0.11,-0.08,z
3277.0,3110.0,3086.0,2849.0,4095.0,3599.0,2655.0,2994.0,4.45,9.52,6.7,0.21,-0.42,-0.22,z
3297.0,3119.0,3086.0,2864.0,4095.0,3596.0,2671.0,2995.0,7.53,6.94,7.01,1.1,-0.8,-1.43,z
3271.0,3113.0,3067.0,2857.0,4095.0,3566.0,2655.0,2979.0,0.5,5.49,1.8,1.24,-0.27,-3.26,z
3280.0,3105.0,3067.0,2861.0,4095.0,3559.0,2674.0,2961.0,-11.2,6.62,-5.49,1.37,-0.38,-2.31,z
3281.0,3120.0,3071.0,2857.0,4095.0,3547.0,2681.0,2957.0,-14.47,7.96,-8.01,0.22,0.1,-1.12,z
3233.0,3054.0,3041.0,2804.0,4095.0,3499.0,2619.0,2917.0,-12.3,5.84,-9.76,-1.33,0.0,0.53,z
3311.0,3152.0,3113.0,2885.0,4095.0,3574.0,2675.0,2992.0,-8.84,1.63,-5.84,-2.3,0.48,1.9,z
3295.0,3136.0,3106.0,2865.0,4095.0,3583.0,2671.0,2994.0,-4.63,2.6,0.62,-2.99,0.07,2.52,z
3338.0,3178.0,3152.0,2934.0,4095.0,3645.0,2735.0,3047.0,4.11,6.85,12.52,-3.02,-0.16,2.7,z
3294.0,3145.0,3104.0,2835.0,4095.0,3583.0,2675.0,2987.0,13.63,9.94,18.63,-0.85,0.1,0.92,z
3219.0,3079.0,3046.0,2778.0,4095.0,3539.0,2641.0,2955.0,9.96,7.36,11.71,1.11,-0.32,-1.91,z
3199.0,3046.0,3028.0,2757.0,4095.0,3506.0,2619.0,2931.0,3.78,3.7,5.1,1.27,-0.85,-3.06,z
3203.0,3057.0,3025.0,2768.0,4095.0,3536.0,2623.0,2939.0,-2.38,5.23,2.23,1.06,-0.28,-3.94,z
3193.0,3063.0,3030.0,2767.0,4095.0,3495.0,2614.0,2927.0,-14.29,7.3,-2.92,0.87,-0.42,-2.39,z
3205.0,3070.0,3027.0,2767.0,4095.0,3504.0,2637.0,2922.0,-14.08,8.53,1.56,-0.04,-0.15,-0.93,z
3193.0,3071.0,3037.0,2767.0,4095.0,3522.0,2634.0,2946.0,-8.46,8.12,1.79,0.2,-0.27,0.02,z
3175.0,3057.0,3025.0,2759.0,4095.0,3519.0,2617.0,2929.0,-5.88,7.48,2.02,-0.07,0.0,0.08,z
3199.0,3071.0,3041.0,2791.0,4095.0,3434.0,2593.0,2954.0,-0.72,9.12,2.55,-0.19,0.07,-0.02,z
3195.0,3079.0,3044.0,2785.0,4095.0,3419.0,2559.0,2938.0,-0.35,9.32,3.36,-0.18,0.02,0.08,z
3190.0,3085.0,3041.0,2778.0,4095.0,3435.0,2559.0,2935.0,4.45,9.19,7.84,0.05,-0.64,0.08,z
3184.0,3084.0,3042.0,2770.0,4095.0,3447.0,2559.0,2928.0,6.07,8.22,6.95,0.59,-0.52,-0.67,z
3184.0,3070.0,3025.0,2768.0,4095.0,3446.0,2591.0,2896.0,0.23,8.08,1.41,0.31,-1.11,-1.01,z
3175.0,3081.0,3025.0,2768.0,4095.0,3471.0,2587.0,2896.0,-10.45,7.04,-2.37,0.4,-0.64,-1.46,z
3171.0,3070.0,3028.0,2771.0,4095.0,3577.0,2593.0,2895.0,-14.37,6.4,-5.37,-0.34,-0.13,-0.05,z
3168.0,3071.0,3028.0,2811.0,4095.0,3577.0,2608.0,2893.0,-8.58,2.86,-5.43,-1.15,0.52,0.79,z
3155.0,3063.0,3025.0,2736.0,4095.0,3575.0,2608.0,2890.0,-3.99,3.7,0.48,-1.33,0.99,1.15,z
3153.0,3070.0,3035.0,2697.0,4095.0,3568.0,2617.0,2873.0,2.04,9.08,4.96,-1.69,1.19,0.71,z
3071.0,3050.0,3009.0,2608.0,4095.0,3559.0,2622.0,2864.0,3.8,12.01,10.83,-1.35,1.25,0.23,z
3198.0,3141.0,3097.0,2749.0,4095.0,3665.0,2714.0,2959.0,5.48,11.35,17.27,-1.16,0.09,-0.17,z
3168.0,3090.0,3041.0,2738.0,4095.0,3600.0,2663.0,2906.0,4.98,6.37,12.26,0.17,-1.09,-1.59,z
3173.0,3088.0,3041.0,2728.0,4095.0,3581.0,2660.0,2895.0,2.52,5.08,4.93,0.5,-1.24,-1.77,z
3158.0,3067.0,3023.0,2716.0,4095.0,3575.0,2652.0,2882.0,-4.55,6.45,2.71,0.44,-0.37,-1.88,z
3169.0,3091.0,3045.0,2736.0,4095.0,3617.0,2675.0,2912.0,-11.92,8.46,1.46,0.48,-0.18,-1.25,z
3169.0,3093.0,3043.0,2736.0,4095.0,3610.0,2666.0,2916.0,-11.3,8.99,1.55,0.35,-0.2,-0.68,z
3158.0,3089.0,3038.0,2736.0,4095.0,3600.0,2672.0,2928.0,-7.14,7.62,2.82,-0.05,0.26,-0.13,z
3175.0,3105.0,3037.0,2751.0,4095.0,3535.0,2663.0,2948.0,-7.28,7.62,2.49,-0.07,0.53,0.08,z
3184.0,3104.0,3043.0,2714.0,4095.0,3473.0,2645.0,2948.0,-5.39,8.5,5.43,0.19,0.38,0.13,z
3162.0,3070.0,3010.0,2705.0,4095.0,3511.0,2666.0,2928.0,-1.55,9.06,1.94,-0.03,-0.17,-0.34,z
3155.0,3088.0,3022.0,2700.0,4095.0,3513.0,2671.0,2923.0,0.93,9.14,4.75,0.06,-0.25,-0.1,z
3152.0,3069.0,3014.0,2706.0,4095.0,3510.0,2659.0,2926.0,8.81,8.19,7.13,0.88,-0.04,-1.13,z
3161.0,3069.0,3017.0,2707.0,4095.0,3553.0,2651.0,2930.0,5.19,4.95,3.9,1.75,-0.25,-2.75,z
3166.0,3088.0,3009.0,2721.0,4095.0,3530.0,2672.0,2932.0,-2.16,2.83,-0.77,1.41,-0.56,-4.22,z
3197.0,3087.0,3025.0,2720.0,4095.0,3515.0,2672.0,2894.0,-15.43,2.95,-5.17,0.6,-0.21,-2.75,z
3118.0,3115.0,3050.0,2678.0,4095.0,3583.0,2682.0,2918.0,-29.4,5.12,-9.43,-0.1,-0.05,-0.45,z
3109.0,3121.0,3067.0,2689.0,4095.0,3651.0,2693.0,2945.0,-14.58,3.98,-9.45,-1.36,-1.04,3.2,z
3089.0,3088.0,3031.0,2641.0,4095.0,3604.0,2649.0,2923.0,-3.03,-0.67,-4.04,-4.53,-0.5,3.11,z
3099.0,3093.0,3033.0,2662.0,4095.0,3627.0,2658.0,2947.0,3.11,0.24,2.83,-3.04,-0.07,1.79,z
3232.0,3071.0,3017.0,2775.0,4095.0,3963.0,2662.0,2945.0,4.93,5.65,13.95,-2.2,0.17,2.12,z
3216.0,3189.0,3136.0,2771.0,4095.0,4053.0,2769.0,3014.0,11.23,8.58,23.19,-0.86,0.27,-0.28,z
3193.0,3182.0,3118.0,2768.0,4095.0,4047.0,2771.0,3036.0,4.32,3.9,14.86,1.27,-0.12,-2.82,z
3201.0,3197.0,3137.0,2771.0,4095.0,4031.0,2787.0,3058.0,0.94,1.4,6.52,2.33,-0.72,-3.81,z
3168.0,3164.0,3090.0,2721.0,4095.0,3957.0,2741.0,3005.0,-9.22,4.54,-2.16,2.15,1.0,-4.25,z
3180.0,3169.0,3120.0,2736.0,4095.0,3838.0,2782.0,3030.0,-17.99,5.08,-2.35,0.56,-0.37,-2.34,z
3147.0,3163.0,3095.0,2725.0,4095.0,3823.0,2756.0,3011.0,-16.02,5.74,1.71,0.16,0.14,-0.13,z
3165.0,3156.0,3099.0,2743.0,4095.0,3819.0,2768.0,3026.0,-9.02,5.85,1.85,0.07,-0.1,0.58,z
3177.0,3173.0,3111.0,2753.0,4095.0,3807.0,2768.0,3035.0,-7.2,5.79,3.24,-0.27,0.13,0.49,z
3162.0,3174.0,3115.0,2750.0,4095.0,3793.0,2762.0,3033.0,-8.98,5.12,4.61,-0.05,0.21,0.74,z
3157.0,3157.0,3101.0,2736.0,4095.0,3989.0,2720.0,3026.0,-1.09,9.34,1.14,-0.03,0.05,0.0,z
3153.0,3157.0,3094.0,2736.0,4095.0,3979.0,2727.0,3026.0,-1.83,9.69,0.79,-0.03,0.14,0.02,z
3152.0,3155.0,3101.0,2736.0,4095.0,3969.0,2729.0,3025.0,-3.64,9.77,-0.58,-0.04,0.23,0.25,z
3155.0,3149.0,3087.0,2736.0,4095.0,3951.0,2725.0,3018.0,-1.15,9.72,0.11,-0.29,0.57,0.85,z
3216.0,3152.0,3099.0,2773.0,4095.0,3856.0,2726.0,3003.0,13.04,11.36,13.18,-0.48,-0.92,1.07,z
3199.0,3149.0,3093.0,2781.0,4095.0,3686.0,2736.0,3020.0,11.65,7.03,10.07,1.35,-0.94,-2.49,z
3191.0,3150.0,3089.0,2768.0,4095.0,3678.0,2734.0,3005.0,-5.54,4.71,-4.47,0.88,-1.12,-2.78,z
3187.0,3143.0,3095.0,2752.0,4095.0,3681.0,2742.0,2997.0,-18.03,4.63,-10.57,0.2,-0.09,-1.41,z
3194.0,3155.0,3118.0,2774.0,4095.0,3723.0,2767.0,3013.0,-14.82,2.41,-11.71,-0.45,0.71,0.63,z
3125.0,3089.0,3023.0,2705.0,4095.0,3629.0,2658.0,2945.0,-9.08,-1.08,-5.21,-1.89,1.65,1.24,z
3120.0,3084.0,3030.0,2694.0,4095.0,3568.0,2663.0,2955.0,-1.9,4.72,6.76,-2.37,1.61,1.56,z
3215.0,3169.0,3130.0,2765.0,4095.0,3693.0,2749.0,3024.0,6.74,12.66,16.47,-2.03,1.23,0.77,z
3209.0,3089.0,3024.0,2751.0,4095.0,3654.0,2713.0,2969.0,14.28,14.42,21.48,0.16,-0.22,-0.14,z
3237.0,3137.0,3065.0,2780.0,4095.0,3692.0,2730.0,2987.0,2.82,5.96,9.87,0.24,-1.53,-1.96,z
3233.0,3123.0,3080.0,2789.0,4095.0,3685.0,2743.0,2984.0,3.46,6.03,1.95,0.88,-1.49,-1.52,z
3226.0,3146.0,3102.0,2800.0,4095.0,3696.0,2769.0,2991.0,-11.13,6.92,-1.08,1.69,-0.6,-2.7,z
3175.0,3121.0,3062.0,2754.0,4095.0,3657.0,2736.0,2973.0,-17.31,9.34,-4.9,0.22,-0.43,-1.18,z
3179.0,3120.0,3063.0,2754.0,4095.0,3702.0,2743.0,2988.0,-7.77,8.64,0.79,-0.35,-0.13,-0.18,z
3138.0,3071.0,3017.0,2715.0,4095.0,3636.0,2693.0,2941.0,-3.62,8.55,1.61,-0.11,-0.05,-0.05,z
3141.0,3084.0,3015.0,2723.0,4095.0,3646.0,2687.0,2956.0,-3.06,8.04,3.57,0.02,0.17,-0.02,z
3117.0,3057.0,2994.0,2759.0,4095.0,3547.0,2615.0,2929.0,0.14,9.59,1.89,-0.09,-0.1,0.03,z
3120.0,3053.0,2992.0,2757.0,4095.0,3551.0,2615.0,2928.0,2.93,9.04,3.92,-0.13,-0.35,0.2,z
3152.0,3083.0,3014.0,2752.0,4095.0,3567.0,2637.0,2953.0,9.12,6.89,9.9,0.07,-0.74,-0.38,z
3181.0,3120.0,3056.0,2758.0,4095.0,3634.0,2685.0,3004.0,9.72,5.88,8.43,0.92,-1.99,-2.38,z
3166.0,3095.0,3045.0,2736.0,4095.0,3627.0,2671.0,2977.0,-7.37,4.41,-0.57,1.53,-0.09,-3.75,z
3115.0,3085.0,3018.0,2666.0,4095.0,3600.0,2665.0,2898.0,-26.54,6.49,-13.05,0.76,0.71,-1.54,z
3129.0,3174.0,3113.0,2709.0,4095.0,3674.0,2722.0,3004.0,-13.2,4.53,-13.49,-1.28,-0.68,1.76,z
3082.0,3123.0,3071.0,2672.0,4095.0,3659.0,2700.0,2985.0,-2.72,1.07,-2.61,-1.96,0.32,1.66,z
3088.0,3135.0,3071.0,2671.0,4095.0,3664.0,2704.0,2993.0,2.34,6.24,6.03,-1.37,0.75,1.19,z
3121.0,3165.0,3101.0,2704.0,4095.0,3721.0,2754.0,3035.0,9.57,13.01,17.3,-1.44,0.39,0.94,z
3317.0,3202.0,3137.0,2843.0,4095.0,3770.0,2818.0,3087.0,13.67,14.23,16.61,-0.23,-0.11,-0.64,z
3220.0,3123.0,3079.0,2769.0,4095.0,3685.0,2734.0,2989.0,4.89,6.13,6.01,0.96,-0.91,-2.22,z
3127.0,3127.0,3063.0,2707.0,4095.0,3658.0,2720.0,2973.0,1.05,8.72,-0.24,0.51,-1.57,-2.45,z
3154.0,3121.0,3056.0,2736.0,4095.0,3632.0,2711.0,2971.0,-11.16,6.32,1.53,2.03,0.38,-3.06,z
3095.0,3102.0,3049.0,2688.0,4095.0,3602.0,2704.0,2946.0,-17.9,7.81,-3.14,0.77,-0.17,-1.03,z
3131.0,3120.0,3043.0,2723.0,4095.0,3630.0,2705.0,2961.0,-8.75,8.65,-0.44,-0.19,-0.19,0.17,z
3134.0,3113.0,3039.0,2731.0,4095.0,3617.0,2704.0,2960.0,-3.45,9.05,0.35,0.05,0.07,0.15,z
3138.0,3110.0,3041.0,2735.0,4095.0,3622.0,2703.0,2970.0,-3.95,8.37,1.25,-0.07,0.06,0.17,z
3138.0,3115.0,3039.0,2735.0,4095.0,3631.0,2705.0,2967.0,-4.3,8.01,1.68,-0.03,0.12,0.07,z
3130.0,3108.0,3039.0,2731.0,4095.0,3611.0,2704.0,2972.0,-4.27,8.0,1.18,0.01,0.1,0.11,z
3162.0,3121.0,3079.0,2765.0,4095.0,3667.0,2706.0,2998.0,-1.79,9.43,0.65,0.05,0.15,-0.08,z
3157.0,3133.0,3061.0,2768.0,4095.0,3662.0,2711.0,3014.0,-2.52,9.05,0.26,0.03,0.11,-0.09,z
3167.0,3120.0,3063.0,2768.0,4095.0,3659.0,2714.0,2997.0,-6.53,8.75,-1.48,0.1,0.3,0.09,z
3158.0,3121.0,3070.0,2765.0,4095.0,3667.0,2720.0,2999.0,-7.19,9.98,-2.66,-0.11,0.07,0.84,z
3183.0,3152.0,3094.0,2791.0,4095.0,3695.0,2746.0,3025.0,-5.32,7.75,-3.57,-0.45,0.64,0.86,z
3139.0,3101.0,3056.0,2735.0,4095.0,3642.0,2671.0,2975.0,-6.89,5.52,-5.14,-0.96,1.18,1.72,z
3142.0,3108.0,3043.0,2745.0,4095.0,3641.0,2691.0,2994.0,3.48,5.85,5.61,-2.02,0.22,2.98,z
3135.0,3111.0,3049.0,2738.0,4095.0,3648.0,2694.0,2994.0,11.94,8.95,13.59,-0.57,0.56,1.38,z
3153.0,3111.0,3065.0,2741.0,4095.0,3666.0,2706.0,3005.0,11.77,8.67,10.96,0.35,0.07,0.02,z
3149.0,3103.0,3050.0,2739.0,4095.0,3652.0,2699.0,2997.0,9.43,5.56,7.87,0.4,-1.71,-1.71,z
3136.0,3103.0,3051.0,2728.0,4095.0,3632.0,2686.0,3002.0,1.98,2.46,0.7,1.42,-1.04,-2.5,z
3117.0,3070.0,3021.0,2708.0,4095.0,3570.0,2646.0,2955.0,-7.86,1.79,-13.35,1.3,-0.8,-2.82,z
3171.0,3141.0,3060.0,2761.0,4095.0,3606.0,2693.0,3000.0,-14.43,3.91,-14.0,-1.5,0.02,-1.41,z
3237.0,3189.0,3143.0,2833.0,4095.0,3703.0,2762.0,3084.0,-4.48,5.52,-3.76,-2.95,1.35,-0.28,z
3231.0,3195.0,3143.0,2826.0,4095.0,3727.0,2767.0,3071.0,-3.17,7.89,8.34,-3.46,1.8,-0.43,z
3175.0,3105.0,3057.0,2746.0,4095.0,3657.0,2675.0,2961.0,-5.64,10.59,14.39,-2.22,1.94,-1.04,z
3169.0,3109.0,3051.0,2768.0,4095.0,3645.0,2704.0,2946.0,-6.78,12.17,15.5,-1.61,0.44,0.34,z
3174.0,3120.0,3061.0,2758.0,4095.0,3651.0,2703.0,2962.0,-3.27,9.79,8.72,0.25,-0.2,0.1,z
3148.0,3088.0,3041.0,2736.0,4095.0,3623.0,2687.0,2954.0,-4.71,6.45,3.98,0.43,-0.29,-0.06,z
3149.0,3094.0,3043.0,2749.0,4095.0,3626.0,2704.0,2969.0,-2.8,6.3,3.42,0.18,-0.13,0.16,z
3156.0,3090.0,3046.0,2720.0,4095.0,3603.0,2671.0,2971.0,1.42,9.64,3.44,-0.04,-0.1,-0.07,z
3157.0,3095.0,3038.0,2724.0,4095.0,3597.0,2672.0,2971.0,1.04,9.18,3.4,-0.12,-0.28,-0.08,z
3166.0,3086.0,3023.0,2730.0,4095.0,3605.0,2672.0,2974.0,6.02,8.81,7.65,0.08,-0.6,-0.1,z
3181.0,3110.0,3056.0,2764.0,4095.0,3632.0,2681.0,2994.0,8.61,8.34,7.71,0.71,-1.2,-1.32,z
3167.0,3095.0,3046.0,2783.0,4095.0,3549.0,2683.0,2982.0,0.99,5.55,4.0,1.05,-0.43,-2.67,z
3167.0,3102.0,3039.0,2737.0,4095.0,3536.0,2688.0,2969.0,-10.07,6.5,-5.57,0.94,-0.87,-1.79,z
3171.0,3091.0,3037.0,2733.0,4095.0,3533.0,2678.0,2961.0,-12.3,6.44,-7.86,-0.12,-0.37,-1.06,z
3212.0,3155.0,3102.0,2887.0,4095.0,3609.0,2730.0,3038.0,-9.37,4.92,-7.82,-0.6,0.15,0.16,z
3122.0,3063.0,3003.0,2746.0,4095.0,3514.0,2642.0,2939.0,-5.89,2.87,-4.87,-1.3,1.18,0.42,z
3123.0,3058.0,3019.0,2721.0,4095.0,3521.0,2642.0,2950.0,-5.14,4.63,0.44,-2.18,1.1,0.69,z
3152.0,3071.0,3026.0,2737.0,4095.0,3537.0,2660.0,2969.0,-1.28,8.16,8.57,-3.01,0.91,0.68,z
3126.0,3046.0,2995.0,2815.0,4095.0,3505.0,2634.0,2928.0,3.04,10.45,17.33,-1.97,0.67,0.26,z
3132.0,3039.0,2982.0,2709.0,4095.0,3535.0,2637.0,2919.0,7.2,9.98,23.28,0.02,-0.42,-0.99,z
3127.0,3040.0,2981.0,2703.0,4095.0,3860.0,2637.0,2886.0,-0.43,6.48,10.94,2.66,-0.5,-2.31,z
3129.0,3039.0,2977.0,2693.0,4095.0,3890.0,2631.0,2885.0,-3.65,5.71,0.56,2.1,-1.35,-2.18,z
3131.0,3050.0,2972.0,2705.0,4095.0,3879.0,2638.0,2910.0,-8.58,5.22,-1.98,1.71,-0.16,-2.22,z
3125.0,3041.0,2988.0,2705.0,4095.0,3881.0,2628.0,2878.0,-12.55,7.13,-4.57,1.0,-0.06,-1.2,z
3130.0,3047.0,2987.0,2701.0,4095.0,3857.0,2635.0,2880.0,-10.31,7.06,-1.18,0.36,0.06,-0.17,z
3129.0,3040.0,2998.0,2688.0,4095.0,3861.0,2633.0,2894.0,-8.3,7.42,-0.84,-0.05,0.05,0.35,z
3136.0,3050.0,2996.0,2701.0,4095.0,3888.0,2633.0,2911.0,-6.26,7.01,2.32,-0.13,0.25,0.44,z
3111.0,3040.0,2997.0,2793.0,4095.0,3749.0,2627.0,2934.0,4.55,8.36,3.08,-0.13,-1.47,-1.57,z
3111.0,3049.0,2987.0,2704.0,4095.0,3770.0,2628.0,2944.0,3.18,6.53,5.68,-0.39,-1.04,-2.19,z
3115.0,3027.0,2975.0,2704.0,4095.0,3749.0,2616.0,2928.0,-2.99,4.83,3.41,1.25,0.22,-3.59,z
3010.0,3035.0,2979.0,2610.0,4095.0,3720.0,2611.0,2870.0,-22.15,3.66,-8.61,1.9,0.74,-2.4,z
3146.0,3042.0,2980.0,2720.0,4095.0,3725.0,2619.0,2896.0,-13.2,6.01,-10.39,-0.12,-0.25,0.7,z
3120.0,3039.0,2993.0,2735.0,4095.0,3735.0,2624.0,2911.0,-7.06,4.36,-5.06,-0.55,0.04,0.96,z
3200.0,3052.0,2993.0,2783.0,4095.0,3762.0,2641.0,2939.0,-5.75,4.33,-4.85,-1.12,1.1,1.03,z
3285.0,3056.0,3013.0,2848.0,4095.0,3789.0,2640.0,2943.0,-3.17,5.81,1.69,-2.37,1.44,0.89,z
3245.0,3059.0,3006.0,2804.0,4095.0,3793.0,2638.0,2957.0,0.11,9.76,7.76,-2.23,1.24,0.92,z
3106.0,3050.0,2991.0,2709.0,4095.0,3792.0,2626.0,2934.0,3.07,10.92,14.72,-2.19,0.89,0.54,z
3088.0,3056.0,2992.0,2658.0,4095.0,3792.0,2640.0,2928.0,7.22,10.67,19.35,-0.92,-0.09,-0.01,z
3071.0,3061.0,2995.0,2665.0,4095.0,3791.0,2646.0,2939.0,4.52,7.83,11.95,1.16,-1.4,-1.6,z
3071.0,3052.0,2991.0,2657.0,4095.0,3798.0,2637.0,2927.0,2.09,6.65,3.33,1.16,-1.92,-2.43,z
3060.0,3056.0,3001.0,2654.0,4095.0,3792.0,2641.0,2923.0,-7.2,4.14,1.31,1.54,-0.57,-3.01,z
2925.0,3053.0,2983.0,2591.0,4095.0,3779.0,2627.0,2901.0,-12.54,5.03,-4.0,0.07,-0.29,-2.49,z
2983.0,3066.0,3008.0,2626.0,4095.0,3789.0,2650.0,2925.0,-14.21,7.28,0.32,0.13,-0.2,-0.51,z
2951.0,3063.0,3024.0,2640.0,4095.0,3792.0,2655.0,2928.0,-8.7,8.33,0.46,0.23,-0.13,0.14,z
2992.0,3093.0,3022.0,2655.0,4095.0,3841.0,2663.0,2959.0,-5.36,7.53,2.14,-0.05,0.01,0.29,z
2960.0,3063.0,3019.0,2624.0,4095.0,3821.0,2650.0,2928.0,-4.75,7.12,2.49,-0.08,0.09,0.26,z
2943.0,3063.0,3022.0,2624.0,4095.0,3793.0,2647.0,2933.0,-4.95,7.09,2.61,-0.12,0.01,0.19,z
3022.0,3105.0,3043.0,2684.0,4095.0,3824.0,2655.0,2950.0,4.7,3.72,7.96,-0.35,0.71,0.93,z
3007.0,3093.0,3041.0,2672.0,4095.0,3819.0,2641.0,2939.0,2.01,4.58,7.01,-1.04,0.14,0.16,z
3051.0,3106.0,3041.0,2659.0,4095.0,3825.0,2653.0,2960.0,5.73,5.38,11.21,-0.56,-0.55,0.07,z
3019.0,3098.0,3039.0,2667.0,4095.0,3847.0,2658.0,2973.0,8.17,7.07,13.56,0.01,-1.31,-1.09,z
3039.0,3125.0,3070.0,2688.0,4095.0,3879.0,2693.0,2991.0,9.81,4.46,13.29,1.44,-2.13,-2.3,z
3069.0,3145.0,3083.0,2737.0,4095.0,3905.0,2711.0,3024.0,0.49,0.99,2.7,2.58,-0.5,-4.15,z
3205.0,3186.0,3133.0,2826.0,4095.0,3869.0,2710.0,2975.0,-20.68,2.2,-17.18,2.71,-0.61,-3.38,z
2981.0,3120.0,3055.0,2663.0,4095.0,3803.0,2670.0,2941.0,-21.8,4.9,-19.9,-0.89,-0.49,0.29,z
3189.0,3124.0,3071.0,2829.0,4095.0,3826.0,2693.0,3019.0,-5.5,3.71,-10.84,-2.01,-0.08,1.49,z
3245.0,3155.0,3114.0,2854.0,4095.0,3815.0,2714.0,3045.0,-3.33,3.28,0.01,-3.17,1.19,1.36,z
3175.0,3152.0,3105.0,2774.0,4095.0,3845.0,2725.0,3011.0,5.71,5.26,19.86,-4.7,1.37,1.77,z
3228.0,3199.0,3139.0,2835.0,4095.0,3707.0,2802.0,3051.0,13.7,6.2,32.29,-0.52,0.78,-0.88,z
3202.0,3149.0,3094.0,2807.0,4095.0,3599.0,2761.0,2965.0,1.42,5.67,11.9,2.36,-0.66,-2.7,z
3152.0,3118.0,3055.0,2734.0,4095.0,3540.0,2688.0,2937.0,-0.18,5.09,1.74,1.47,-1.11,-3.58,z
3104.0,3088.0,3031.0,2796.0,4095.0,3568.0,2663.0,2898.0,-12.36,4.37,-1.73,1.95,0.83,-3.25,z
3165.0,3091.0,3033.0,2706.0,4095.0,3568.0,2658.0,2901.0,-16.57,6.93,-5.43,0.6,-0.47,-1.44,z
3152.0,3088.0,3028.0,2726.0,4095.0,3583.0,2665.0,2907.0,-9.81,7.01,0.07,0.28,0.18,-0.13,z
3177.0,3089.0,3041.0,2761.0,4095.0,3575.0,2667.0,2913.0,-7.11,7.13,1.03,-0.11,0.08,0.08,z
3182.0,3099.0,3023.0,2753.0,4095.0,3583.0,2668.0,2923.0,-5.2,7.03,3.65,-0.25,0.14,0.21,z
3184.0,3113.0,3026.0,2791.0,4095.0,3583.0,2671.0,2941.0,-5.81,6.82,3.55,-0.05,0.17,0.11,z
3199.0,3149.0,3104.0,2900.0,4095.0,3760.0,2685.0,3034.0,3.36,7.91,8.69,0.23,-0.34,-0.18,z
3200.0,3138.0,3098.0,2829.0,4095.0,3737.0,2675.0,3024.0,3.27,6.9,9.61,0.83,-0.87,-0.93,z
3257.0,3199.0,3141.0,2871.0,4095.0,3702.0,2736.0,3085.0,7.01,5.76,14.31,1.45,-1.94,-1.55,z
3199.0,3151.0,3102.0,2782.0,4095.0,3600.0,2670.0,3022.0,-7.13,2.62,-4.34,2.63,-1.38,-3.62,z
3092.0,3101.0,3088.0,2672.0,4095.0,3464.0,2624.0,2938.0,-25.54,5.96,-24.1,1.02,0.71,-1.01,z
3197.0,3115.0,3088.0,2783.0,4095.0,3530.0,2651.0,2987.0,-8.33,7.19,-13.72,-1.95,-0.81,1.73,z
3214.0,3136.0,3079.0,2768.0,4095.0,3491.0,2615.0,2974.0,-4.58,5.44,-6.19,-0.83,1.45,1.5,z
3216.0,3122.0,3082.0,2747.0,4095.0,3920.0,2612.0,2982.0,-5.48,3.1,1.35,-2.38,1.95,1.61,z
3406.0,3111.0,3059.0,2893.0,4095.0,3646.0,2559.0,2951.0,-1.83,3.47,17.21,-4.04,0.95,1.44,z
3415.0,3216.0,3170.0,2859.0,4095.0,3715.0,2754.0,3173.0,16.63,7.64,24.36,-2.62,0.52,1.16,z
3355.0,3214.0,3203.0,2897.0,4095.0,4030.0,2759.0,3114.0,14.14,6.76,18.85,1.01,0.47,-3.05,z
3382.0,3200.0,3166.0,2824.0,4095.0,3920.0,2704.0,2995.0,1.19,4.35,4.76,1.32,-0.18,-3.7,z
3284.0,3152.0,3117.0,2815.0,4095.0,3632.0,2672.0,2949.0,-5.52,3.9,1.02,1.43,-0.85,-4.39,z
3221.0,3130.0,3071.0,2700.0,4095.0,3676.0,2651.0,2905.0,-19.58,3.34,-2.28,1.55,0.71,-3.4,z
3287.0,3205.0,3175.0,2839.0,4095.0,3583.0,2726.0,2978.0,-17.2,6.91,-3.81,0.59,-0.23,-0.7,z
3321.0,3216.0,3184.0,2843.0,4095.0,3634.0,2768.0,3021.0,-10.03,6.6,0.13,0.12,-0.32,-0.17,z
3315.0,3216.0,3193.0,2874.0,4095.0,3635.0,2736.0,3037.0,-6.86,6.49,1.61,-0.3,0.12,0.37,z
3312.0,3154.0,3116.0,2830.0,4095.0,3537.0,2701.0,2974.0,-5.28,6.48,3.39,-0.18,0.03,0.26,z
3333.0,3188.0,3152.0,2846.0,4095.0,3583.0,2725.0,3021.0,-6.22,6.09,3.12,-0.04,0.05,0.24,z
3325.0,3178.0,3142.0,2822.0,4095.0,3568.0,2708.0,3003.0,-6.01,6.27,2.76,-0.05,-0.03,0.14,z
3247.0,3103.0,3055.0,2794.0,4095.0,3506.0,2643.0,2970.0,-0.21,9.29,2.28,-0.03,-0.06,0.01,z
3238.0,3091.0,3046.0,2778.0,4095.0,3518.0,2629.0,2960.0,-0.12,9.27,2.1,-0.03,-0.06,-0.02,z
3238.0,3104.0,3049.0,2775.0,4095.0,3504.0,2629.0,2962.0,0.54,9.09,2.53,0.01,0.03,0.0,z
3264.0,3119.0,3082.0,2845.0,4095.0,3532.0,2654.0,2978.0,4.25,9.52,8.2,-0.15,-0.51,-0.08,z
3262.0,3125.0,3069.0,2805.0,4095.0,3534.0,2657.0,2987.0,7.82,6.47,12.82,1.15,-1.09,-1.24,z
3261.0,3125.0,3088.0,2801.0,4095.0,3535.0,2650.0,2992.0,3.67,6.41,3.83,1.4,-1.14,-2.16,z
3249.0,3121.0,3065.0,2779.0,4095.0,3670.0,2639.0,2970.0,-4.91,6.36,-6.92,1.31,-0.54,-2.7,z
3259.0,3149.0,3118.0,2862.0,4095.0,3674.0,2675.0,2960.0,-17.14,6.71,-12.14,0.49,1.02,-2.15,z
3285.0,3173.0,3120.0,2871.0,4095.0,3914.0,2698.0,2992.0,-14.05,3.59,-10.62,-0.73,-0.14,0.97,z
3262.0,3152.0,3117.0,2800.0,4095.0,3817.0,2688.0,2993.0,-5.44,0.76,-4.5,-1.85,0.46,1.24,z
3310.0,3203.0,3154.0,2847.0,4095.0,3671.0,2731.0,3057.0,-3.2,3.28,-1.35,-2.12,0.83,1.19,z
3359.0,3248.0,3209.0,3020.0,4095.0,3664.0,2778.0,3137.0,0.02,7.43,7.77,-3.34,0.47,0.86,z
3407.0,3164.0,3133.0,2928.0,4095.0,3583.0,2689.0,3053.0,6.7,10.64,19.17,-1.88,0.88,0.59,z
3311.0,3167.0,3121.0,2847.0,4095.0,3575.0,2695.0,3061.0,9.25,10.95,20.78,-0.13,0.22,-0.86,z
3293.0,3145.0,3098.0,2815.0,4095.0,3568.0,2674.0,3007.0,4.31,5.43,9.62,1.71,-0.93,-2.49,z
3275.0,3141.0,3093.0,2805.0,4095.0,3546.0,2675.0,2989.0,1.3,3.96,2.3,0.85,-1.56,-3.07,z
3248.0,3126.0,3079.0,2770.0,4095.0,3553.0,2672.0,2942.0,-12.94,4.49,0.21,1.26,0.84,-3.31,z
3175.0,3121.0,3071.0,2736.0,4095.0,3523.0,2662.0,2928.0,-18.29,7.09,-2.8,0.41,-0.17,-1.67,z
3239.0,3135.0,3088.0,2782.0,4095.0,3538.0,2675.0,2941.0,-10.53,7.06,1.11,0.45,0.24,-0.11,z
3243.0,3122.0,3088.0,2783.0,4095.0,3543.0,2672.0,2941.0,-6.92,7.34,0.46,-0.16,0.13,0.09,z
3312.0,3178.0,3130.0,2848.0,4095.0,3583.0,2700.0,3033.0,1.13,8.58,2.34,-0.11,0.03,0.21,z
3280.0,3163.0,3131.0,2817.0,4095.0,3600.0,2689.0,3027.0,3.33,10.98,6.2,-0.23,0.2,-0.06,z
3276.0,3152.0,3106.0,2830.0,4095.0,3552.0,2675.0,2997.0,5.95,12.35,14.42,0.52,-0.53,-0.24,z
3278.0,3133.0,3100.0,2811.0,4095.0,3633.0,2674.0,3008.0,4.84,10.4,8.75,1.24,-1.64,-0.7,z
3257.0,3135.0,3087.0,2794.0,4095.0,3578.0,2641.0,2993.0,-0.77,5.47,0.86,0.81,-1.45,-1.66,z
3269.0,3141.0,3120.0,2813.0,4095.0,3550.0,2642.0,2997.0,-6.33,3.17,-8.61,0.27,-0.78,-1.47,z
3275.0,3120.0,3099.0,2838.0,4095.0,3652.0,2637.0,2973.0,-12.11,-1.25,-10.97,0.09,-0.27,-0.79,z
3371.0,3199.0,3147.0,2896.0,4095.0,3705.0,2725.0,3071.0,-8.69,-4.57,-13.64,-0.98,0.63,0.06,z
3238.0,3057.0,3018.0,2768.0,4095.0,3619.0,2557.0,2928.0,-4.26,-0.78,-7.15,-2.02,1.76,0.02,z
3294.0,3098.0,3070.0,2823.0,4095.0,3555.0,2613.0,2980.0,-2.21,5.14,3.61,-2.92,1.88,-0.86,z
3248.0,3070.0,3035.0,2782.0,4095.0,3456.0,2579.0,2947.0,-1.39,10.43,19.35,-2.62,2.22,-1.32,z
3247.0,3062.0,3024.0,2862.0,4095.0,3583.0,2592.0,2911.0,-6.11,13.92,24.62,-1.39,1.07,-1.13,z
3344.0,3149.0,3136.0,3051.0,4095.0,3577.0,2672.0,3005.0,-1.06,12.52,30.18,-0.11,-0.06,-1.22,z
3280.0,3071.0,3037.0,2805.0,4095.0,3493.0,2608.0,2941.0,-3.75,6.15,9.91,2.76,-1.77,-1.45,z
3271.0,3059.0,3017.0,2829.0,4095.0,3471.0,2597.0,2929.0,4.1,3.23,3.5,1.44,-2.31,-2.34,z
3285.0,3098.0,3055.0,2826.0,4095.0,3750.0,2640.0,2961.0,-14.18,0.69,-3.4,2.26,-0.94,-3.05,z
3267.0,3088.0,3041.0,2809.0,4095.0,3527.0,2620.0,2967.0,-14.04,3.1,-3.08,-0.02,0.04,-1.67,z
3254.0,3071.0,3037.0,2825.0,4095.0,3506.0,2599.0,2967.0,-14.64,5.45,-1.15,-0.17,0.97,0.13,z
3249.0,3071.0,3043.0,2798.0,4095.0,3479.0,2599.0,2957.0,-11.18,6.2,1.78,-0.95,0.29,-0.01,z
3257.0,3085.0,3041.0,2864.0,4095.0,3491.0,2615.0,2981.0,-7.66,6.69,3.96,0.88,0.08,-0.1,z
3335.0,3166.0,3105.0,3071.0,4095.0,3792.0,2719.0,3053.0,-0.96,9.27,2.15,-0.15,-0.04,0.14,z
3322.0,3151.0,3109.0,3056.0,4095.0,3843.0,2714.0,3045.0,-0.51,9.25,2.51,-0.21,-0.1,0.14,z
3331.0,3149.0,3105.0,2928.0,4095.0,3767.0,2723.0,3056.0,1.03,9.11,4.05,-0.08,-0.25,0.21,z
3483.0,3142.0,3087.0,3060.0,4095.0,3975.0,2699.0,3042.0,8.95,8.61,9.81,0.09,-0.39,-0.22,z
3450.0,3130.0,3084.0,3035.0,4095.0,3953.0,2693.0,3049.0,10.32,4.63,9.72,1.0,-0.86,-1.73,z
3456.0,3159.0,3111.0,3043.0,4095.0,3983.0,2719.0,3088.0,2.58,2.85,4.21,1.26,-0.08,-3.55,z
3335.0,3152.0,3102.0,2895.0,4095.0,3952.0,2694.0,3005.0,-20.3,5.68,-10.31,1.02,0.01,-3.12,z
3231.0,3209.0,3174.0,2863.0,4095.0,3999.0,2753.0,3105.0,-25.66,7.43,-12.49,-0.39,-0.61,1.04,z
3149.0,3089.0,3056.0,2726.0,4095.0,3775.0,2602.0,2955.0,-8.14,3.51,-12.33,-1.71,0.47,2.23,z
3182.0,3120.0,3086.0,2757.0,4095.0,3754.0,2653.0,3005.0,-0.39,-0.35,-1.03,-2.05,0.09,2.88,z
3209.0,3154.0,3121.0,2815.0,4095.0,3954.0,2721.0,3088.0,8.57,6.69,21.04,-3.15,1.21,1.95,z
3185.0,3179.0,3133.0,2863.0,4095.0,3985.0,2742.0,3085.0,8.88,9.8,23.5,0.59,0.35,-0.03,z
3123.0,3094.0,3051.0,2752.0,4095.0,3903.0,2674.0,3007.0,4.22,6.61,13.49,1.32,-1.24,-1.75,z
3203.0,3161.0,3111.0,2786.0,4095.0,3986.0,2716.0,3029.0,2.57,2.63,4.06,2.34,-2.01,-2.04,z
3214.0,3170.0,3120.0,2789.0,4095.0,3963.0,2722.0,3054.0,-9.42,6.07,-3.01,1.85,0.2,-3.26,z
3155.0,3150.0,3115.0,2769.0,4095.0,3943.0,2690.0,3024.0,-16.79,10.36,-10.72,0.89,-0.0,-0.67,z
3119.0,3149.0,3099.0,2739.0,4095.0,3923.0,2686.0,3024.0,-3.02,9.8,-0.32,-0.27,-0.3,0.1,z
3120.0,3151.0,3113.0,2864.0,4095.0,3939.0,2685.0,3011.0,-3.74,9.57,2.34,-0.32,0.3,-0.08,z
3122.0,3131.0,3095.0,2739.0,4095.0,3937.0,2690.0,3021.0,-4.65,8.85,3.88,-0.1,0.16,0.04,z
3123.0,3147.0,3099.0,2754.0,4095.0,3930.0,2689.0,3033.0,-4.46,8.34,2.69,0.03,0.01,0.22,z
3116.0,3126.0,3079.0,2717.0,4095.0,3898.0,2675.0,3035.0,0.94,9.28,2.24,-0.17,-0.14,-0.02,z
3108.0,3123.0,3087.0,2711.0,4095.0,3888.0,2675.0,3026.0,-0.18,9.0,2.33,-0.02,-0.06,-0.03,z
3109.0,3123.0,3071.0,2710.0,4095.0,3887.0,2679.0,3015.0,1.71,9.49,3.3,-0.08,-0.17,-0.02,z
3103.0,3125.0,3084.0,2712.0,4095.0,3907.0,2672.0,3024.0,7.42,9.41,7.75,0.03,-0.34,-0.54,z
3130.0,3122.0,3083.0,2744.0,4095.0,3888.0,2685.0,3035.0,7.19,7.27,9.98,1.02,-0.7,-2.17,z
3142.0,3155.0,3113.0,2719.0,4095.0,3925.0,2704.0,3007.0,-10.77,4.32,-4.1,1.79,-0.12,-2.54,z
3061.0,3110.0,3063.0,2687.0,4095.0,3806.0,2617.0,2901.0,-15.64,6.29,-15.53,0.26,0.28,-0.54,z
3183.0,3212.0,3191.0,2790.0,4095.0,3990.0,2737.0,3012.0,-6.81,2.96,-10.95,-1.28,0.33,0.88,z
3105.0,3141.0,3099.0,2685.0,4095.0,3868.0,2671.0,2983.0,-5.13,4.95,0.24,-2.45,1.71,0.2,z
3088.0,3120.0,3087.0,2704.0,4095.0,3824.0,2650.0,2944.0,0.34,11.09,15.44,-2.19,0.99,0.9,z
3177.0,3164.0,3123.0,2687.0,4095.0,3974.0,2701.0,3002.0,4.41,13.4,19.91,-0.74,-0.06,-0.01,z
3126.0,3153.0,3119.0,2826.0,4095.0,3951.0,2698.0,2975.0,3.67,9.73,10.5,1.13,-0.99,-0.6,z
3087.0,3071.0,3051.0,2655.0,4095.0,3888.0,2644.0,2894.0,1.41,6.94,2.87,1.05,-1.23,-1.62,z
3070.0,3104.0,3055.0,2646.0,4095.0,3911.0,2650.0,2922.0,-7.28,7.52,-4.47,1.08,-0.63,-1.66,z
3069.0,3103.0,3059.0,2663.0,4095.0,3909.0,2646.0,2911.0,-10.84,7.09,-2.04,0.44,0.03,-0.71,z
3106.0,3111.0,3059.0,2672.0,4095.0,3930.0,2653.0,2931.0,-5.22,8.83,-0.25,-0.18,0.37,0.01,z
3105.0,3095.0,3069.0,2672.0,4095.0,3953.0,2655.0,2929.0,-4.85,8.5,1.74,-0.01,0.27,0.03,z
3101.0,3101.0,3057.0,2765.0,4095.0,3946.0,2655.0,2931.0,-3.43,8.77,2.34,-0.06,0.03,0.19,z
3105.0,3093.0,3059.0,2735.0,4095.0,3922.0,2652.0,2934.0,-3.74,8.41,1.98,0.15,0.02,0.08,z
3109.0,3098.0,3057.0,2693.0,4095.0,3927.0,2657.0,2928.0,-3.25,8.65,1.82,-0.03,-0.15,0.1,z
3069.0,3099.0,3058.0,2670.0,4095.0,3628.0,2658.0,2983.0,-0.11,9.15,2.47,0.03,-0.0,-0.02,z
3083.0,3091.0,3057.0,2658.0,4095.0,3623.0,2666.0,2960.0,-0.62,9.2,2.08,-0.01,-0.0,-0.04,z
3071.0,3099.0,3059.0,2659.0,4095.0,3618.0,2663.0,2981.0,-0.17,9.43,2.32,-0.0,0.02,0.02,z
3067.0,3100.0,3046.0,2660.0,4095.0,3618.0,2660.0,2979.0,-0.67,9.11,1.96,-0.05,0.0,-0.05,z
3071.0,3099.0,3053.0,2659.0,4095.0,3625.0,2657.0,2977.0,-0.49,9.36,1.99,-0.04,0.03,0.01,z
3071.0,3091.0,3048.0,2672.0,4095.0,3624.0,2665.0,2981.0,0.38,9.37,3.0,-0.16,-0.14,0.05,z
3061.0,3088.0,3056.0,2669.0,4095.0,3629.0,2672.0,2977.0,5.03,8.85,7.72,-0.08,-0.67,-0.18,z
3062.0,3094.0,3047.0,2655.0,4095.0,3614.0,2656.0,2983.0,9.41,7.73,9.07,0.48,-0.95,-1.17,z
3065.0,3100.0,3055.0,2713.0,4095.0,3583.0,2657.0,2989.0,3.93,5.64,4.53,0.89,-0.91,-2.77,z
3046.0,3088.0,3055.0,2659.0,4095.0,3540.0,2640.0,2945.0,-13.64,5.69,-6.56,1.54,-0.07,-2.37,z
3053.0,3090.0,3050.0,2677.0,4095.0,3526.0,2623.0,2958.0,-19.7,6.73,-10.86,-0.25,-0.12,-0.85,z
3071.0,3120.0,3071.0,2731.0,4095.0,3597.0,2665.0,3010.0,-10.56,4.37,-8.54,-1.37,-0.25,1.4,z
3067.0,3099.0,3058.0,2673.0,4095.0,3598.0,2671.0,2982.0,-2.99,2.42,1.36,-2.01,1.12,1.34,z
3053.0,3091.0,3045.0,2699.0,4095.0,3904.0,2633.0,2997.0,-0.3,7.2,8.05,-2.52,1.23,1.25,z
3056.0,3097.0,3055.0,2672.0,4095.0,3882.0,2643.0,2945.0,6.01,11.04,18.04,-1.54,0.8,0.6,z
3035.0,3115.0,3056.0,2672.0,4095.0,3687.0,2662.0,2933.0,5.81,10.86,16.83,0.37,-0.25,-0.53,z
3046.0,3108.0,3061.0,2649.0,4095.0,3664.0,2659.0,2913.0,3.07,6.99,8.33,1.39,-0.94,-1.48,z
3047.0,3104.0,3056.0,2654.0,4095.0,3795.0,2643.0,2901.0,-1.07,4.91,2.52,1.82,-1.01,-1.87,z
3041.0,3113.0,3064.0,2643.0,4095.0,3770.0,2645.0,2886.0,-8.82,5.96,-2.6,1.35,-0.22,-2.08,z
3056.0,3092.0,3056.0,2645.0,4095.0,3842.0,2646.0,2885.0,-11.84,8.18,-3.91,0.5,-0.09,-1.0,z
3047.0,3086.0,3038.0,2672.0,4095.0,3715.0,2641.0,2979.0,0.31,9.44,1.87,-0.11,0.07,0.07,z
3053.0,3091.0,3044.0,2649.0,4095.0,3707.0,2643.0,2962.0,0.76,9.7,2.25,-0.1,0.15,0.13,z
3056.0,3089.0,3043.0,2663.0,4095.0,3714.0,2647.0,2977.0,3.93,10.58,7.25,-0.3,-0.43,0.25,z
3059.0,3098.0,3062.0,2688.0,4095.0,3746.0,2655.0,2994.0,11.5,10.57,13.27,0.18,-1.73,-0.36,z
3184.0,3098.0,3046.0,2785.0,4095.0,3723.0,2651.0,2979.0,9.45,8.64,9.23,1.07,-0.7,-1.87,z
3184.0,3091.0,3055.0,2797.0,4095.0,3726.0,2654.0,2989.0,0.37,5.1,-1.36,1.0,-1.0,-2.37,z
3161.0,3088.0,3047.0,2935.0,4095.0,3792.0,2650.0,2961.0,-4.57,2.09,-5.83,0.52,-0.39,-3.12,z
3067.0,3109.0,3056.0,2659.0,4095.0,3845.0,2666.0,2964.0,-19.55,-0.27,-9.92,-0.13,0.01,-2.01,z
3041.0,3105.0,3065.0,2659.0,4095.0,3887.0,2667.0,2979.0,-15.7,-4.02,-9.7,-0.81,-0.35,0.62,z
3191.0,3219.0,3191.0,2806.0,4095.0,4095.0,2805.0,3120.0,-6.98,-5.38,-10.01,-1.34,1.48,1.03,z
3104.0,3182.0,3136.0,2736.0,4095.0,4095.0,2737.0,3068.0,-1.88,1.81,-4.82,-3.07,1.13,0.64,z
3110.0,3167.0,3125.0,2737.0,4095.0,4080.0,2739.0,3069.0,1.85,8.97,16.06,-4.23,2.63,-1.21,z
3136.0,3135.0,3092.0,2852.0,4095.0,4095.0,2736.0,2984.0,-1.79,13.86,32.36,-2.46,2.0,-1.08,z
3147.0,3118.0,3057.0,2817.0,4095.0,4015.0,2734.0,2979.0,0.36,11.47,37.18,-0.08,-0.68,-2.2,z
3223.0,3186.0,3141.0,2811.0,4095.0,4095.0,2800.0,3013.0,-3.7,4.37,13.62,3.79,-0.91,-2.46,z
3168.0,3183.0,3124.0,2823.0,4095.0,3697.0,2754.0,3014.0,-3.4,0.43,-1.46,2.49,-1.75,-3.2,z
3219.0,3152.0,3107.0,2993.0,4095.0,3561.0,2725.0,2990.0,-17.88,-1.24,-6.98,1.72,-0.21,-3.07,z
3209.0,3172.0,3120.0,2922.0,4095.0,3577.0,2757.0,3021.0,-20.28,0.26,-3.62,0.24,-0.68,-0.63,z
3217.0,3168.0,3120.0,2960.0,4095.0,3609.0,2752.0,3049.0,-7.56,3.99,-0.85,0.14,0.37,-0.25,z
3222.0,3166.0,3125.0,3014.0,4095.0,3728.0,2755.0,3026.0,-8.07,5.23,3.39,-0.25,0.24,-0.03,z
3117.0,3056.0,2997.0,2817.0,4095.0,3515.0,2619.0,2950.0,0.2,9.19,1.98,0.04,0.06,0.19,z
3117.0,3056.0,2997.0,2817.0,4095.0,3515.0,2619.0,2950.0,0.2,9.19,1.98,0.04,0.06,0.19,z
3120.0,3056.0,3005.0,2797.0,4095.0,3526.0,2624.0,2960.0,-0.64,9.22,1.56,-0.08,-0.27,0.15,z
3126.0,3063.0,3024.0,2806.0,4095.0,3532.0,2640.0,2965.0,0.59,9.0,4.22,0.05,-0.68,0.41,z
3166.0,3115.0,3047.0,2737.0,4095.0,3626.0,2673.0,3008.0,6.47,8.69,11.14,1.17,-1.74,-0.3,z
3139.0,3088.0,3034.0,2732.0,4095.0,3869.0,2641.0,2965.0,7.42,5.72,8.67,3.41,-1.04,-2.4,z
3155.0,3107.0,3039.0,2708.0,4095.0,3645.0,2639.0,2968.0,-6.7,3.56,-6.33,4.09,-0.48,-3.19,z
3210.0,3186.0,3125.0,2755.0,4095.0,3623.0,2673.0,3013.0,-13.69,6.29,-16.88,1.53,-1.29,-0.93,z
3251.0,3199.0,3125.0,2790.0,4095.0,3621.0,2697.0,3024.0,-13.97,5.81,-15.43,-1.05,0.67,0.65,z
3197.0,3139.0,3080.0,2708.0,4095.0,3564.0,2645.0,2982.0,-8.73,3.18,-11.81,-2.33,0.81,2.68,z
3231.0,3180.0,3129.0,2784.0,4095.0,3616.0,2704.0,3039.0,0.01,2.64,0.57,-4.81,1.45,2.71,z
3205.0,3158.0,3099.0,2761.0,4095.0,3598.0,2683.0,3040.0,3.13,3.28,11.12,-3.69,0.94,2.4,z
3165.0,3106.0,3038.0,2703.0,4095.0,3553.0,2655.0,2983.0,11.11,8.66,17.27,-1.37,0.89,1.0,z
3163.0,3117.0,3059.0,2775.0,4095.0,3600.0,2661.0,2986.0,10.91,8.77,16.32,0.26,-0.26,-0.8,z
3313.0,3248.0,3197.0,3017.0,4095.0,3795.0,2830.0,3118.0,5.92,5.01,9.28,2.19,-1.18,-2.25,z
3195.0,3150.0,3091.0,2749.0,4095.0,3623.0,2704.0,3015.0,-0.75,4.7,0.53,2.64,-1.38,-3.75,z
3199.0,3138.0,3087.0,2726.0,4095.0,3563.0,2698.0,2954.0,-13.67,7.02,-9.31,2.7,0.06,-2.87,z
3195.0,3138.0,3088.0,2705.0,4095.0,3551.0,2683.0,2965.0,-8.45,10.58,-8.45,0.37,-0.98,-0.26,z
3195.0,3142.0,3083.0,2726.0,4095.0,3574.0,2685.0,2961.0,-3.93,9.55,-1.65,-0.12,0.3,0.0,z
3203.0,3137.0,3088.0,2734.0,4095.0,3583.0,2687.0,2981.0,-3.07,9.53,-0.32,-0.34,-0.07,0.14,z
3197.0,3142.0,3085.0,2701.0,4095.0,3546.0,2650.0,3003.0,1.04,9.68,0.03,0.02,-0.01,0.04,z
3184.0,3137.0,3085.0,2695.0,4095.0,3546.0,2627.0,3005.0,1.28,9.66,-0.05,-0.08,0.0,0.02,z
3190.0,3140.0,3088.0,2691.0,4095.0,3531.0,2628.0,3005.0,1.12,9.67,0.15,-0.16,0.07,0.01,z
3222.0,3165.0,3122.0,2726.0,4095.0,3559.0,2671.0,3039.0,1.7,9.73,1.62,-0.19,-0.14,0.0,z
3250.0,3197.0,3155.0,2757.0,4095.0,3632.0,2698.0,3071.0,6.0,9.92,6.76,0.2,-0.53,-0.13,z
3222.0,3171.0,3120.0,2736.0,4095.0,3645.0,2671.0,3015.0,7.1,7.41,6.92,1.19,-1.06,-1.13,z
3206.0,3144.0,3109.0,2729.0,4095.0,3623.0,2655.0,2983.0,2.39,6.63,-0.69,1.42,-1.56,-2.05,z
3194.0,3145.0,3107.0,2705.0,4095.0,3530.0,2634.0,2971.0,-11.78,6.78,-10.06,0.68,0.02,-2.04,z
3184.0,3111.0,3067.0,2704.0,4095.0,3478.0,2612.0,2938.0,-13.82,7.13,-11.16,-0.17,-0.27,-0.03,z
3184.0,3108.0,3056.0,2687.0,4095.0,3462.0,2559.0,2927.0,-5.09,3.96,-10.77,-1.06,1.25,0.76,z
3135.0,3056.0,3014.0,2650.0,4095.0,3440.0,2529.0,2891.0,-4.87,1.01,-4.05,-2.71,2.17,0.53,z
3136.0,3056.0,3023.0,2642.0,4095.0,3413.0,2544.0,2894.0,-0.04,6.33,7.5,-3.31,1.83,0.96,z
3175.0,3107.0,3056.0,2811.0,4095.0,3460.0,2607.0,2946.0,5.55,11.82,17.5,-1.83,1.3,0.45,z
3211.0,3213.0,3158.0,2768.0,4095.0,3551.0,2704.0,3051.0,7.24,14.36,17.26,-0.5,0.07,-0.35,z
3111.0,3095.0,3055.0,2687.0,4095.0,3456.0,2599.0,2955.0,4.59,8.27,12.23,1.45,-1.79,-1.69,z
3117.0,3091.0,3038.0,2670.0,4095.0,3442.0,2598.0,2926.0,-2.0,6.18,2.45,1.75,-2.42,-1.7,z
3088.0,3087.0,3037.0,2647.0,4095.0,3446.0,2586.0,2930.0,-6.8,7.49,-2.43,2.0,-1.77,-1.87,z
3101.0,3084.0,3037.0,2842.0,4095.0,3442.0,2583.0,2925.0,-11.19,8.85,-5.06,0.84,-1.13,-1.19,z
3107.0,3086.0,3039.0,2667.0,4095.0,3472.0,2559.0,2919.0,-6.94,9.02,-2.82,-0.02,0.04,-0.12,z
3104.0,3088.0,3043.0,2671.0,4095.0,3456.0,2592.0,2927.0,-3.9,9.3,-1.01,-0.29,0.34,0.07,z
3135.0,3092.0,3045.0,2666.0,4095.0,3783.0,2608.0,2947.0,0.09,9.52,1.49,0.08,-0.03,0.02,z
3134.0,3093.0,3057.0,2661.0,4095.0,3774.0,2606.0,2943.0,0.2,9.69,0.85,0.11,-0.02,0.07,z
3141.0,3100.0,3051.0,2670.0,4095.0,3770.0,2608.0,2945.0,0.8,9.61,0.63,-0.07,0.0,0.09,z
3133.0,3089.0,3056.0,2674.0,4095.0,3777.0,2613.0,2946.0,2.05,9.2,2.53,-0.23,-0.24,0.05,z
3200.0,3101.0,3054.0,2960.0,4095.0,3541.0,2608.0,2913.0,8.26,7.12,14.2,0.7,-0.57,-0.14,z
3216.0,3142.0,3089.0,2740.0,4095.0,3557.0,2653.0,2946.0,5.77,9.96,8.28,1.97,-2.32,-1.47,z
3178.0,3103.0,3063.0,2686.0,4095.0,3450.0,2559.0,2877.0,-6.56,6.61,-9.3,1.83,-2.22,-1.6,z
3111.0,3066.0,3025.0,2658.0,4095.0,3431.0,2557.0,2853.0,-15.08,5.75,-14.09,0.09,-0.5,-0.73,z
3247.0,3248.0,3179.0,2784.0,4095.0,3551.0,2679.0,2995.0,-5.83,3.04,-13.45,-0.64,0.42,0.64,z
3203.0,3189.0,3149.0,2749.0,4095.0,3548.0,2674.0,3008.0,-1.63,2.11,-5.11,-4.15,1.84,0.02,z
3199.0,3193.0,3157.0,2748.0,4095.0,3583.0,2691.0,3010.0,-3.81,4.45,6.32,-1.66,1.63,0.13,z
3254.0,3216.0,3168.0,2787.0,4095.0,3668.0,2713.0,3045.0,2.11,13.12,13.38,-1.82,1.19,0.4,z
3214.0,3179.0,3151.0,2759.0,4095.0,3713.0,2770.0,3082.0,7.86,14.86,17.89,-0.57,0.4,-0.43,z
3249.0,3216.0,3179.0,2800.0,4095.0,3728.0,2738.0,3056.0,3.16,9.11,10.64,0.57,-1.64,-0.95,z
3166.0,3109.0,3066.0,2697.0,4095.0,3605.0,2629.0,2950.0,-0.35,6.44,3.02,1.27,-2.1,-1.44,z
3178.0,3107.0,3062.0,2701.0,4095.0,3637.0,2627.0,2935.0,-8.86,8.91,-4.5,1.28,-0.9,-1.63,z
3184.0,3126.0,3088.0,2722.0,4095.0,3661.0,2652.0,2950.0,-9.78,9.53,-4.83,0.46,-0.36,-0.58,z
3189.0,3133.0,3088.0,2733.0,4095.0,3662.0,2645.0,2943.0,-3.39,9.43,-0.66,-0.6,0.41,0.16,z
3182.0,3109.0,3071.0,2718.0,4095.0,3655.0,2640.0,2927.0,-2.24,9.85,2.45,-0.24,0.39,-0.18,z
3175.0,3118.0,3056.0,2706.0,4095.0,3650.0,2640.0,2930.0,-2.94,9.14,2.53,-0.27,0.24,-0.07,z
3181.0,3127.0,3084.0,2757.0,4095.0,3510.0,2672.0,2989.0,0.79,9.62,1.61,-0.01,-0.02,0.03,z
3186.0,3120.0,3059.0,2751.0,4095.0,3523.0,2677.0,2997.0,0.68,9.48,1.32,-0.02,0.05,-0.03,z
3184.0,3115.0,3067.0,2743.0,4095.0,3523.0,2671.0,2997.0,0.62,9.47,1.22,-0.1,-0.01,0.02,z
3197.0,3117.0,3065.0,2757.0,4095.0,3497.0,2674.0,2993.0,2.99,10.18,5.82,-0.39,-0.31,0.2,z
3226.0,3162.0,3093.0,2767.0,4095.0,3872.0,2734.0,3040.0,11.82,9.05,15.0,0.69,-1.12,-0.73,z
3203.0,3171.0,3119.0,2794.0,4095.0,3987.0,2737.0,3069.0,2.59,6.51,0.42,1.68,-2.06,-2.17,z
3198.0,3179.0,3113.0,2817.0,4095.0,3963.0,2723.0,3067.0,-8.74,5.67,-7.07,0.93,0.22,-2.46,z
3155.0,3136.0,3053.0,2737.0,4095.0,3809.0,2669.0,2993.0,-14.64,5.2,-12.77,0.15,0.23,-0.51,z
3127.0,3116.0,3035.0,2736.0,4095.0,3850.0,2607.0,2963.0,-10.31,5.49,-11.53,-0.87,1.02,0.98,z
3171.0,3146.0,3088.0,2832.0,4095.0,3696.0,2635.0,3034.0,-3.67,0.99,-0.78,-1.72,1.83,0.75,z
3173.0,3154.0,3095.0,2870.0,4095.0,3568.0,2651.0,3037.0,-1.83,7.85,7.54,-1.86,1.79,1.07,z
3194.0,3165.0,3100.0,2768.0,4095.0,3833.0,2720.0,3025.0,8.52,14.86,16.98,-1.41,1.42,0.67,z
3260.0,3126.0,3063.0,2802.0,4095.0,3871.0,2734.0,2992.0,10.32,15.31,18.13,0.39,-0.33,-0.34,z
3267.0,3128.0,3045.0,2783.0,4095.0,3874.0,2730.0,2975.0,6.66,9.58,6.46,0.71,-1.85,-0.95,z
3229.0,3155.0,3099.0,2807.0,4095.0,3861.0,2766.0,3008.0,2.53,5.97,3.28,-0.75,-2.27,-1.92,z
3259.0,3137.0,3054.0,2817.0,4095.0,3664.0,2735.0,2939.0,-10.37,6.44,-2.42,1.76,0.05,-2.45,z
3228.0,3141.0,3051.0,2846.0,4095.0,3600.0,2731.0,2942.0,-13.97,9.0,-4.05,-0.18,-0.54,-0.98,z
3200.0,3125.0,3034.0,2803.0,4095.0,3583.0,2719.0,2939.0,-5.71,10.06,-1.65,-0.18,-0.24,-0.14,z
3226.0,3131.0,3047.0,2830.0,4095.0,3583.0,2720.0,2935.0,-3.39,9.79,0.61,-0.28,0.29,0.21,z
3222.0,3129.0,3047.0,2831.0,4095.0,3578.0,2719.0,2939.0,-3.11,8.83,2.65,0.14,0.22,0.04,z
3258.0,3151.0,3090.0,2766.0,4095.0,3557.0,2672.0,2975.0,-0.04,9.39,1.21,-0.04,0.02,-0.07,z
3255.0,3158.0,3088.0,2768.0,4095.0,3564.0,2666.0,2972.0,-0.04,9.48,1.18,-0.08,0.01,-0.02,z
3253.0,3156.0,3101.0,2768.0,4095.0,3567.0,2660.0,2982.0,0.39,9.48,1.78,-0.07,0.02,-0.0,z
3269.0,3171.0,3104.0,2779.0,4095.0,3566.0,2683.0,2997.0,4.57,9.02,6.41,0.09,-0.55,0.02,z
3262.0,3152.0,3083.0,2772.0,4095.0,3541.0,2671.0,2976.0,11.12,6.68,10.12,1.42,-0.3,-1.61,z
3298.0,3197.0,3123.0,2816.0,4095.0,3579.0,2714.0,3003.0,4.36,4.42,1.85,2.69,-1.01,-3.45,z
3302.0,3189.0,3134.0,2820.0,4095.0,3582.0,2715.0,2997.0,-8.58,5.47,-9.34,2.28,0.92,-4.67,z
3235.0,3159.0,3102.0,2771.0,4095.0,3550.0,2672.0,2943.0,-24.89,3.13,-17.32,0.12,0.13,-1.47,z
3283.0,3191.0,3127.0,2837.0,4095.0,4095.0,2701.0,2978.0,-16.85,4.38,-15.06,-2.49,0.44,2.76,z
3295.0,3203.0,3152.0,2832.0,4095.0,4079.0,2705.0,3024.0,-10.7,0.63,-7.76,-6.43,0.08,3.75,z
3229.0,3153.0,3091.0,2797.0,4095.0,3779.0,2656.0,3001.0,3.3,-2.55,11.03,-5.3,-1.45,4.64,z
3239.0,3208.0,3136.0,2891.0,4095.0,3627.0,2720.0,3061.0,16.98,0.74,24.11,-2.55,0.25,2.98,z
3195.0,3152.0,3083.0,2827.0,4095.0,3568.0,2672.0,3012.0,13.2,5.9,14.6,1.03,0.13,0.01,z
3205.0,3163.0,3106.0,2759.0,4095.0,3569.0,2700.0,2998.0,11.01,3.51,13.53,2.96,-0.91,-2.82,z
3199.0,3152.0,3097.0,2805.0,4095.0,3566.0,2693.0,2946.0,2.7,0.98,4.72,4.02,-0.96,-4.74,z
3219.0,3169.0,3107.0,2733.0,4095.0,3525.0,2653.0,2947.0,-15.95,4.13,-11.96,4.55,2.24,-3.93,z
3203.0,3143.0,3100.0,2713.0,4095.0,3519.0,2611.0,2915.0,-11.58,10.14,-13.57,0.21,-1.81,0.28,z
3223.0,3184.0,3134.0,2766.0,4095.0,3574.0,2661.0,2969.0,-3.27,10.11,0.47,-0.73,-0.23,0.54,z
3246.0,3211.0,3153.0,2785.0,4095.0,3613.0,2690.0,3005.0,-1.46,9.5,1.47,-0.07,0.08,0.32,z
3247.0,3200.0,3151.0,2783.0,4095.0,3615.0,2684.0,3008.0,-2.82,9.18,-0.07,-0.02,0.22,-0.03,z
3219.0,3171.0,3111.0,2741.0,4095.0,3583.0,2695.0,3023.0,0.43,9.77,1.03,-0.17,0.03,-0.05,z
3232.0,3184.0,3126.0,2746.0,4095.0,3599.0,2697.0,3024.0,0.14,9.51,0.98,-0.14,0.12,-0.03,z
3226.0,3184.0,3121.0,2768.0,4095.0,3583.0,2699.0,3037.0,1.06,9.77,1.88,-0.26,-0.13,0.2,z
3264.0,3211.0,3152.0,2789.0,4095.0,3630.0,2741.0,3088.0,7.21,10.35,6.59,0.16,-0.8,0.15,z
3223.0,3165.0,3122.0,2803.0,4095.0,3598.0,2699.0,3024.0,7.74,8.25,4.66,1.26,-0.58,-1.63,z
3218.0,3172.0,3120.0,2779.0,4095.0,3578.0,2688.0,2997.0,-5.66,5.57,-5.32,0.97,-0.91,-2.46,z
3219.0,3168.0,3109.0,2746.0,4095.0,3575.0,2681.0,2992.0,-11.5,5.27,-9.18,-1.68,-0.53,-0.91,z
3259.0,3203.0,3147.0,2805.0,4095.0,3621.0,2715.0,3039.0,-9.15,3.32,-5.8,-0.96,0.64,0.53,z
3216.0,3181.0,3120.0,2748.0,4095.0,3597.0,2690.0,3024.0,-1.95,7.26,2.24,-2.58,0.95,0.92,z
3056.0,3056.0,3005.0,2593.0,4095.0,3492.0,2559.0,2907.0,6.97,10.94,16.19,-1.29,0.26,0.44,z
3242.0,3209.0,3166.0,2830.0,4095.0,3651.0,2728.0,3042.0,6.21,11.78,14.34,0.06,-0.26,-0.86,z
3185.0,3152.0,3100.0,2698.0,4095.0,3598.0,2682.0,2958.0,-2.76,8.02,-0.31,1.16,-0.79,-1.31,z
3143.0,3105.0,3054.0,2658.0,4095.0,3541.0,2634.0,2903.0,-5.94,8.3,-2.53,0.33,-0.39,-1.26,z
3120.0,3067.0,3031.0,2652.0,4095.0,3515.0,2619.0,2893.0,-8.4,9.51,-2.61,0.23,0.29,-0.49,z
3117.0,3068.0,3023.0,2660.0,4095.0,3503.0,2624.0,2880.0,-3.14,9.72,1.87,-0.92,-0.04,0.54,z
3115.0,3063.0,3019.0,2658.0,4095.0,3521.0,2615.0,2887.0,-0.6,9.71,4.65,-0.24,0.2,0.01,z
3111.0,3071.0,3002.0,2649.0,4095.0,3509.0,2615.0,2885.0,-2.91,9.14,2.83,-0.05,0.09,0.03,z
3118.0,3082.0,3025.0,2655.0,4095.0,3508.0,2624.0,2898.0,-2.12,8.75,2.64,-0.07,-0.1,-0.05,z
3104.0,3071.0,3012.0,2647.0,4095.0,3506.0,2618.0,2898.0,-2.27,8.64,2.33,-0.07,-0.07,-0.09,z
3115.0,3084.0,3020.0,2656.0,4095.0,3514.0,2622.0,2903.0,-2.82,8.77,2.49,-0.11,-0.0,-0.07,z
3090.0,3069.0,3026.0,2709.0,4095.0,3516.0,2549.0,2931.0,-0.2,9.25,1.73,-0.15,-0.01,-0.03,z
3091.0,3071.0,3015.0,2690.0,4095.0,3504.0,2559.0,2930.0,-0.0,9.34,2.16,0.02,0.01,0.03,z
3102.0,3081.0,3020.0,2693.0,4095.0,3504.0,2554.0,2929.0,-0.08,9.39,2.02,-0.06,-0.02,-0.05,z
3094.0,3082.0,3020.0,2697.0,4095.0,3504.0,2558.0,2928.0,0.31,9.39,2.49,0.06,-0.1,0.03,z
3099.0,3071.0,3008.0,2720.0,4095.0,3498.0,2559.0,2928.0,2.44,9.5,5.21,0.1,-0.3,-0.07,z
3094.0,3069.0,3019.0,2685.0,4095.0,3504.0,2559.0,2928.0,3.2,8.49,4.77,0.48,-0.88,-0.5,z
3100.0,3071.0,3015.0,2703.0,4095.0,3505.0,2559.0,2927.0,-0.28,8.34,0.33,0.49,-0.41,-1.05,z
3103.0,3087.0,3006.0,2768.0,4095.0,3523.0,2579.0,2911.0,-4.85,8.44,-3.91,0.12,-0.7,-0.63,z
3097.0,3071.0,3018.0,2875.0,4095.0,3518.0,2559.0,2925.0,-6.99,7.36,-4.24,-0.29,0.25,-0.29,z
3102.0,3084.0,3019.0,2709.0,4095.0,3505.0,2559.0,2928.0,-5.73,6.38,-2.53,-1.0,0.86,0.55,z
3102.0,3085.0,3024.0,2826.0,4095.0,3517.0,2559.0,2927.0,-0.08,7.88,5.24,-1.27,0.52,0.64,z
3097.0,3087.0,3009.0,2736.0,4095.0,3518.0,2559.0,2923.0,2.94,10.93,8.03,-0.53,0.55,0.09,z
3103.0,3071.0,3023.0,2686.0,4095.0,3504.0,2559.0,2928.0,3.7,11.95,8.69,-0.02,-0.04,-0.13,z
3105.0,3056.0,3011.0,2768.0,4095.0,3505.0,2559.0,2919.0,4.07,10.54,7.08,0.74,-0.59,-0.73,z
3103.0,3086.0,3017.0,2720.0,4095.0,3508.0,2559.0,2902.0,-0.47,8.43,0.92,0.86,-1.05,-1.08,z
3098.0,3071.0,3018.0,2669.0,4095.0,3509.0,2559.0,2882.0,-4.89,8.27,-0.63,0.53,-0.74,-1.1,z
3102.0,3071.0,3013.0,2755.0,4095.0,3513.0,2559.0,2886.0,-5.52,9.16,-0.84,0.21,-0.36,-0.54,z
3098.0,3056.0,3010.0,2682.0,4095.0,3514.0,2559.0,2874.0,-3.77,9.5,0.37,0.02,0.11,-0.13,z
3095.0,3087.0,3014.0,2674.0,4095.0,3507.0,2559.0,2871.0,-2.98,9.51,1.03,-0.16,0.16,0.03,z
3103.0,3086.0,3014.0,2659.0,4095.0,3504.0,2559.0,2887.0,-2.5,9.25,2.06,-0.03,0.09,0.09,z
3122.0,3065.0,3009.0,2690.0,4095.0,3517.0,2587.0,2919.0,-0.2,9.43,1.61,0.0,0.04,-0.0,z
3120.0,3069.0,3015.0,2686.0,4095.0,3504.0,2592.0,2919.0,-0.29,9.48,1.4,-0.04,-0.01,-0.02,z
3121.0,3071.0,3023.0,2691.0,4095.0,3503.0,2589.0,2922.0,-0.37,9.47,1.69,-0.07,0.03,-0.02,z
3124.0,3071.0,3008.0,2685.0,4095.0,3497.0,2590.0,2923.0,-0.4,9.48,1.71,-0.04,-0.03,0.02,z
3107.0,3071.0,3016.0,2691.0,4095.0,3493.0,2598.0,2927.0,0.16,9.38,2.1,-0.07,-0.07,0.02,z
3117.0,3070.0,3017.0,2693.0,4095.0,3503.0,2581.0,2927.0,1.47,9.46,5.37,-0.12,-0.45,0.02,z
3127.0,3071.0,3011.0,2705.0,4095.0,3499.0,2594.0,2927.0,3.01,9.31,6.02,0.41,-0.9,-0.31,z
3125.0,3071.0,3017.0,2690.0,4095.0,3504.0,2597.0,2930.0,0.89,8.1,1.23,0.61,-0.79,-0.83,z
3126.0,3069.0,3019.0,2687.0,4095.0,3500.0,2592.0,2893.0,-5.08,7.57,-3.25,0.4,-0.22,-0.89,z
3130.0,3071.0,3022.0,2751.0,4095.0,3497.0,2593.0,2887.0,-6.22,6.14,-5.32,0.1,-0.02,-0.25,z
3129.0,3081.0,3025.0,2757.0,4095.0,3510.0,2598.0,2903.0,-4.01,5.96,-3.7,-0.89,0.57,0.1,z
3111.0,3084.0,3024.0,2774.0,4095.0,3507.0,2597.0,2918.0,-2.85,8.84,1.61,-1.37,0.72,0.21,z
3110.0,3085.0,3024.0,2683.0,4095.0,3516.0,2595.0,2927.0,2.24,11.73,8.38,-0.91,0.43,0.33,z
3126.0,3093.0,3036.0,2688.0,4095.0,3524.0,2608.0,2934.0,3.85,12.19,8.74,-0.13,0.09,-0.15,z
3114.0,3091.0,3029.0,2700.0,4095.0,3520.0,2612.0,2919.0,2.74,9.96,6.7,0.25,-0.6,-0.68,z
3114.0,3103.0,3037.0,2688.0,4095.0,3525.0,2605.0,2915.0,1.79,8.3,3.44,0.61,-0.8,-1.04,z
3136.0,3086.0,3031.0,2675.0,4095.0,3523.0,2608.0,2899.0,-4.92,8.7,-0.38,0.82,-0.4,-1.67,z
3136.0,3088.0,3027.0,2698.0,4095.0,3527.0,2608.0,2899.0,-6.41,9.08,-1.69,0.42,-0.45,-0.6,z
3136.0,3100.0,3024.0,2688.0,4095.0,3526.0,2608.0,2909.0,-3.78,9.39,0.21,0.07,-0.08,-0.29,z
3131.0,3088.0,3035.0,2684.0,4095.0,3515.0,2605.0,2913.0,-4.57,9.43,0.18,-0.05,0.18,-0.1,z
3120.0,3088.0,3026.0,2701.0,4095.0,3521.0,2624.0,2943.0,-0.39,9.44,1.78,-0.05,-0.01,0.02,z
3114.0,3091.0,3035.0,2688.0,4095.0,3520.0,2626.0,2944.0,-0.22,9.48,1.71,-0.0,0.02,-0.0,z
3113.0,3088.0,3025.0,2690.0,4095.0,3524.0,2627.0,2945.0,-0.17,9.41,1.59,-0.03,0.01,0.01,z
3117.0,3099.0,3024.0,2690.0,4095.0,3522.0,2624.0,2950.0,0.12,9.52,2.01,-0.04,-0.05,-0.01,z
3120.0,3099.0,3026.0,2681.0,4095.0,3530.0,2624.0,2953.0,1.41,9.89,3.68,-0.03,-0.21,0.03,z
3136.0,3093.0,3033.0,2688.0,4095.0,3529.0,2620.0,2948.0,5.11,10.09,6.59,0.06,-0.74,-0.02,z
3134.0,3097.0,3031.0,2721.0,4095.0,3535.0,2621.0,2956.0,5.16,8.84,5.25,0.65,-0.8,-0.96,z
3123.0,3099.0,3027.0,2725.0,4095.0,3530.0,2617.0,2930.0,-4.03,7.37,-2.91,0.55,-0.69,-1.45,z
3117.0,3088.0,3033.0,2691.0,4095.0,3509.0,2622.0,2926.0,-9.16,6.22,-4.07,0.07,-0.01,-0.78,z
3122.0,3101.0,3029.0,2707.0,4095.0,3522.0,2626.0,2940.0,-10.68,3.75,-7.97,-0.2,0.11,0.11,z
3152.0,3136.0,3071.0,2734.0,4095.0,3571.0,2672.0,2987.0,-4.64,3.64,-4.34,-1.53,0.93,0.56,z
3155.0,3137.0,3071.0,2736.0,4095.0,3574.0,2670.0,2992.0,-2.35,6.94,2.04,-2.01,1.28,0.73,z
3181.0,3167.0,3114.0,2768.0,4095.0,3611.0,2688.0,3009.0,3.76,10.62,11.63,-2.03,1.34,0.33,z
3187.0,3120.0,3079.0,2863.0,4095.0,3568.0,2651.0,2969.0,5.3,13.71,17.68,-0.7,0.79,-0.07,z
3149.0,3111.0,3053.0,2867.0,4095.0,3565.0,2647.0,2893.0,3.17,10.03,10.69,1.31,-0.68,-1.02,z
3142.0,3106.0,3046.0,2706.0,4095.0,3555.0,2638.0,2916.0,2.99,6.23,5.26,1.25,-1.86,-1.12,z
3138.0,3095.0,3031.0,2743.0,4095.0,3549.0,2641.0,2907.0,-2.28,6.77,1.09,1.22,-1.13,-1.96,z
3133.0,3095.0,3047.0,2766.0,4095.0,3538.0,2640.0,2910.0,-10.56,8.54,-2.88,0.68,-1.15,-1.39,z
3126.0,3103.0,3038.0,2705.0,4095.0,3541.0,2627.0,2901.0,-8.67,8.99,0.85,0.34,-0.5,-0.42,z
3124.0,3099.0,3029.0,2775.0,4095.0,3536.0,2635.0,2898.0,-4.96,9.35,0.02,0.04,-0.08,0.04,z
3117.0,3083.0,3003.0,2690.0,4095.0,3511.0,2623.0,2919.0,0.57,9.22,1.65,0.04,0.03,0.02,z
3114.0,3090.0,3012.0,2693.0,4095.0,3527.0,2621.0,2917.0,0.27,9.38,1.24,0.04,-0.04,-0.0,z
3122.0,3088.0,3019.0,2688.0,4095.0,3526.0,2621.0,2928.0,0.54,9.26,1.62,-0.07,-0.05,-0.08,z
3118.0,3079.0,3007.0,2688.0,4095.0,3529.0,2624.0,2926.0,0.28,9.29,1.83,-0.05,-0.05,0.02,z
3111.0,3057.0,3013.0,2683.0,4095.0,3525.0,2624.0,2928.0,3.31,9.86,3.68,-0.14,-0.3,0.27,z
3107.0,3065.0,3006.0,2691.0,4095.0,3531.0,2622.0,2938.0,9.61,9.93,6.92,0.29,-0.79,-0.08,z
3110.0,3066.0,3011.0,2685.0,4095.0,3524.0,2625.0,2937.0,5.28,9.3,2.35,0.59,-0.62,-1.7,z
3111.0,3083.0,3006.0,2765.0,4095.0,3518.0,2619.0,2923.0,-7.61,7.18,-2.15,0.33,-0.37,-1.58,z
3111.0,3069.0,2999.0,2679.0,4095.0,3520.0,2619.0,2915.0,-10.45,6.59,-3.31,0.0,-0.4,-0.36,z
3115.0,3069.0,3009.0,2695.0,4095.0,3523.0,2617.0,2923.0,-9.82,5.22,-4.97,0.38,0.46,0.43,z
3148.0,3104.0,3050.0,2723.0,4095.0,3553.0,2658.0,2966.0,-6.89,3.53,-5.96,-0.24,1.74,0.47,z
3156.0,3121.0,3056.0,2766.0,4095.0,3573.0,2647.0,2945.0,-4.7,4.77,-0.64,-1.3,1.71,0.95,z
3154.0,3125.0,3071.0,2752.0,4095.0,3565.0,2642.0,2961.0,5.14,10.23,9.9,-2.41,0.71,1.38,z
3153.0,3125.0,3079.0,2807.0,4095.0,3577.0,2634.0,2945.0,10.42,14.15,9.66,-0.87,1.12,0.25,z
3156.0,3118.0,3047.0,2992.0,4095.0,3551.0,2628.0,2925.0,8.02,12.05,13.48,-0.93,0.21,-0.67,z
3167.0,3119.0,3071.0,2749.0,4095.0,3568.0,2620.0,2903.0,3.05,8.01,8.09,1.61,-1.46,-1.23,z
3164.0,3115.0,3054.0,2782.0,4095.0,3546.0,2623.0,2881.0,1.87,7.02,2.89,-0.09,-1.77,-1.37,z
3141.0,3094.0,3023.0,2768.0,4095.0,3535.0,2616.0,2866.0,-6.89,7.98,-0.14,0.95,-1.0,-1.88,z
3137.0,3089.0,3023.0,2779.0,4095.0,3534.0,2611.0,2864.0,-8.73,10.44,-2.37,0.29,-0.72,-0.95,z
3141.0,3105.0,3026.0,2761.0,4095.0,3537.0,2623.0,2869.0,-5.62,10.06,0.35,0.4,-0.17,-0.35,z
3136.0,3088.0,3020.0,2686.0,4095.0,3539.0,2583.0,2890.0,0.17,9.8,1.14,-0.04,-0.05,-0.0,z
3125.0,3086.0,3022.0,2697.0,4095.0,3536.0,2587.0,2886.0,0.24,9.43,1.05,-0.06,-0.06,0.13,z
3136.0,3085.0,3021.0,2686.0,4095.0,3536.0,2583.0,2896.0,0.84,9.3,1.52,-0.05,-0.24,0.09,z
3119.0,3088.0,3010.0,2688.0,4095.0,3536.0,2605.0,2896.0,2.33,9.27,2.98,-0.18,-0.52,0.17,z
3121.0,3082.0,3024.0,2683.0,4095.0,3564.0,2583.0,2902.0,7.12,9.13,5.33,0.31,-0.81,-0.28,z
3147.0,3091.0,3023.0,2751.0,4095.0,3565.0,2600.0,2910.0,5.98,8.25,2.74,0.72,-0.42,-1.45,z
3140.0,3108.0,3043.0,2709.0,4095.0,3553.0,2608.0,2881.0,-3.53,6.97,-3.44,1.12,0.14,-2.77,z
3130.0,3105.0,3043.0,2733.0,4095.0,3568.0,2609.0,2890.0,-13.52,5.9,-8.99,0.06,-0.35,-1.05,z
3143.0,3135.0,3059.0,2866.0,4095.0,3583.0,2633.0,2915.0,-9.94,4.17,-7.67,-1.22,0.13,0.52,z
3165.0,3147.0,3088.0,2754.0,4095.0,3617.0,2656.0,2943.0,-4.61,2.43,-2.41,-2.19,1.15,0.9,z
3196.0,3128.0,3071.0,2752.0,4095.0,3580.0,2643.0,2941.0,0.72,8.37,7.02,-2.49,1.23,1.12,z
3173.0,3134.0,3094.0,2763.0,4095.0,3632.0,2641.0,2950.0,7.29,14.43,15.59,-1.08,0.58,0.48,z
3219.0,3184.0,3128.0,2832.0,4095.0,3678.0,2705.0,3006.0,3.43,12.95,12.23,0.28,-0.31,-0.34,z
3245.0,3196.0,3139.0,2875.0,4095.0,3676.0,2711.0,2975.0,3.29,8.34,8.6,1.18,-1.13,-1.11,z
3213.0,3181.0,3120.0,2913.0,4095.0,3674.0,2704.0,2973.0,-3.31,7.01,0.02,1.54,-1.45,-1.67,z
3200.0,3163.0,3114.0,2788.0,4095.0,3664.0,2690.0,2973.0,-7.18,8.92,-4.47,0.54,-0.84,-1.21,z
3184.0,3161.0,3088.0,3007.0,4095.0,3647.0,2683.0,2966.0,-7.42,8.96,-2.07,0.21,-0.58,-0.26,z
3195.0,3159.0,3105.0,2882.0,4095.0,3653.0,2685.0,2989.0,-4.27,9.18,1.21,-0.07,0.38,0.01,z
3209.0,3175.0,3120.0,2828.0,4095.0,3687.0,2698.0,2985.0,-3.43,9.4,1.43,0.01,0.38,0.17,z
3206.0,3161.0,3106.0,2800.0,4095.0,3663.0,2698.0,2966.0,-3.39,9.15,2.34,0.05,0.39,0.24,z
3184.0,3120.0,3067.0,2755.0,4095.0,3630.0,2655.0,2937.0,0.33,9.64,1.07,-0.02,0.02,-0.01,z
3184.0,3120.0,3067.0,2755.0,4095.0,3630.0,2655.0,2937.0,0.33,9.64,1.07,-0.02,0.02,-0.01,z
3180.0,3121.0,3061.0,2759.0,4095.0,3623.0,2651.0,2955.0,0.24,9.54,0.94,-0.09,0.01,0.01,z
3170.0,3133.0,3070.0,2751.0,4095.0,3635.0,2656.0,2950.0,1.14,9.43,1.62,-0.14,-0.12,0.1,z
3187.0,3127.0,3056.0,2907.0,4095.0,3627.0,2661.0,2935.0,5.2,9.46,7.26,-0.36,-0.75,0.28,z
3195.0,3126.0,3061.0,2826.0,4095.0,3627.0,2658.0,2938.0,9.6,8.69,7.63,0.63,-1.09,-0.94,z
3170.0,3135.0,3083.0,2751.0,4095.0,3637.0,2661.0,2944.0,2.23,6.08,0.23,0.92,-1.14,-2.29,z
3174.0,3145.0,3085.0,2746.0,4095.0,3632.0,2672.0,2918.0,-11.16,6.53,-6.84,0.66,0.28,-2.6,z
3199.0,3149.0,3105.0,2785.0,4095.0,3650.0,2704.0,2918.0,-15.85,6.88,-10.13,0.03,0.07,-0.4,z
3167.0,3126.0,3057.0,2771.0,4095.0,3639.0,2653.0,2914.0,-8.82,4.15,-8.18,-1.44,0.58,1.15,z
3167.0,3127.0,3071.0,2763.0,4095.0,3631.0,2650.0,2947.0,-4.11,3.69,-1.07,-2.86,0.96,1.51,z
3164.0,3135.0,3067.0,2736.0,4095.0,3645.0,2684.0,2950.0,3.7,6.63,10.14,-3.62,0.21,2.08,z
3146.0,3138.0,3059.0,2768.0,4095.0,3583.0,2675.0,2935.0,15.46,9.39,21.62,-1.28,1.21,0.69,z
3280.0,3157.0,3116.0,2994.0,4095.0,3631.0,2705.0,2927.0,6.63,9.51,11.33,1.11,-0.3,-1.48,z
3267.0,3184.0,3127.0,2832.0,4095.0,3662.0,2739.0,2942.0,1.71,6.23,6.3,1.65,-0.62,-1.95,z
3248.0,3200.0,3142.0,2857.0,4095.0,3667.0,2747.0,2961.0,-7.43,9.14,-3.24,1.69,-0.57,-2.47,z
3245.0,3202.0,3133.0,2838.0,4095.0,3657.0,2750.0,2972.0,-9.89,9.57,-3.29,0.49,-0.74,-0.96,z
3247.0,3200.0,3148.0,2817.0,4095.0,3684.0,2750.0,2986.0,-5.84,8.94,1.22,0.21,0.21,-0.41,z
3242.0,3205.0,3136.0,2845.0,4095.0,3663.0,2755.0,2958.0,-5.11,8.99,0.32,0.02,0.01,0.0,z
3237.0,3185.0,3138.0,2850.0,4095.0,3669.0,2745.0,2993.0,-2.77,9.0,2.77,-0.23,-0.06,0.18,z
3167.0,3104.0,3035.0,2765.0,4095.0,3549.0,2649.0,2944.0,0.29,9.29,1.87,0.0,0.04,-0.03,z
3166.0,3120.0,3043.0,2768.0,4095.0,3569.0,2659.0,2941.0,-0.05,9.29,1.65,-0.07,-0.01,0.03,z
3167.0,3114.0,3046.0,2771.0,4095.0,3577.0,2651.0,2946.0,0.4,8.96,2.05,-0.13,0.02,0.07,z
3159.0,3104.0,3046.0,2759.0,4095.0,3566.0,2652.0,2930.0,2.14,8.49,4.31,-0.26,-0.24,0.1,z
3165.0,3118.0,3046.0,2777.0,4095.0,3598.0,2662.0,2938.0,7.35,8.8,9.91,-0.07,-0.96,-0.22,z
3166.0,3105.0,3055.0,2782.0,4095.0,3570.0,2659.0,2966.0,6.13,7.48,7.16,1.01,-1.06,-1.52,z
3171.0,3107.0,3056.0,2774.0,4095.0,3572.0,2651.0,2931.0,-0.66,6.45,-1.94,1.1,-0.29,-2.11,z
3165.0,3109.0,3042.0,2743.0,4095.0,3538.0,2649.0,2919.0,-12.53,6.43,-9.22,0.65,0.23,-1.97,z
3152.0,3134.0,3087.0,2735.0,4095.0,3569.0,2669.0,2954.0,-13.63,5.98,-10.93,-0.58,0.2,-0.04,z
3129.0,3130.0,3054.0,2706.0,4095.0,3555.0,2665.0,2958.0,-8.0,2.88,-6.62,-2.03,0.75,0.96,z
3129.0,3129.0,3081.0,2743.0,4095.0,3558.0,2675.0,2990.0,-4.18,4.2,4.22,-3.55,0.79,1.45,z
3117.0,3117.0,3056.0,2689.0,4095.0,3568.0,2643.0,2980.0,8.38,8.61,18.14,-2.26,0.17,1.69,z
3171.0,3142.0,3063.0,2747.0,4095.0,3583.0,2667.0,2987.0,10.39,11.15,18.68,-0.15,0.56,-0.05,z
3194.0,3157.0,3102.0,2816.0,4095.0,3632.0,2710.0,2995.0,5.92,8.11,11.27,1.23,-0.87,-1.47,z
3172.0,3123.0,3081.0,2810.0,4095.0,3612.0,2667.0,2938.0,1.5,6.04,4.85,1.56,-1.33,-2.11,z
3174.0,3121.0,3060.0,2779.0,4095.0,3583.0,2669.0,2927.0,-7.52,7.57,-1.13,1.63,-0.87,-2.38,z
3155.0,3108.0,3049.0,2749.0,4095.0,3568.0,2647.0,2909.0,-8.46,8.45,-1.86,1.11,-0.54,-1.27,z
3163.0,3121.0,3047.0,2736.0,4095.0,3567.0,2659.0,2911.0,-7.41,9.11,-1.41,0.58,0.34,-0.26,z
3153.0,3107.0,3035.0,2737.0,4095.0,3553.0,2655.0,2897.0,-5.0,9.33,0.63,0.01,0.31,-0.04,z
3145.0,3110.0,3036.0,2759.0,4095.0,3565.0,2650.0,2929.0,-3.52,9.22,2.22,-0.06,0.06,0.21,z
3142.0,3095.0,3025.0,2704.0,4095.0,3605.0,2638.0,2938.0,0.0,9.36,1.44,-0.07,0.02,-0.04,z
3136.0,3093.0,3028.0,2715.0,4095.0,3616.0,2640.0,2929.0,0.21,9.52,1.8,-0.03,0.05,-0.03,z
3133.0,3102.0,3038.0,2706.0,4095.0,3619.0,2640.0,2946.0,0.0,9.52,1.35,-0.06,0.04,-0.02,z
3132.0,3093.0,3031.0,2714.0,4095.0,3607.0,2630.0,2942.0,0.37,9.4,1.9,-0.11,-0.1,0.06,z
3144.0,3103.0,3042.0,2727.0,4095.0,3630.0,2647.0,2955.0,3.32,9.23,6.12,-0.51,-0.7,0.33,z
3147.0,3092.0,3028.0,2737.0,4095.0,3632.0,2649.0,2950.0,11.84,8.24,11.65,0.4,-1.23,-0.64,z
3146.0,3106.0,3036.0,2791.0,4095.0,3632.0,2641.0,2950.0,1.27,6.62,0.08,0.87,-1.22,-2.63,z
3115.0,3088.0,3051.0,2786.0,4095.0,3583.0,2639.0,2911.0,-14.27,6.62,-8.81,0.37,0.1,-1.68,z
3169.0,3181.0,3120.0,2752.0,4095.0,3718.0,2717.0,3006.0,-13.04,5.33,-7.55,-0.28,-0.2,0.06,z
3082.0,3094.0,3027.0,2672.0,4095.0,3618.0,2634.0,2939.0,-5.84,3.28,-6.14,-1.04,1.11,0.85,z
3086.0,3088.0,3028.0,2704.0,4095.0,3627.0,2623.0,2949.0,-2.27,6.06,1.89,-2.26,1.1,0.66,z
3070.0,3088.0,3021.0,2679.0,4095.0,3615.0,2624.0,2945.0,7.41,11.63,18.4,-1.89,-0.12,1.05,z
3154.0,3149.0,3093.0,2796.0,4095.0,3683.0,2687.0,2992.0,9.72,12.66,15.87,0.4,0.69,-0.94,z
3223.0,3221.0,3153.0,3008.0,4095.0,3770.0,2751.0,3044.0,0.26,8.13,4.79,0.83,-0.82,-1.25,z
3189.0,3162.0,3118.0,2775.0,4095.0,3712.0,2704.0,3006.0,-0.16,8.5,-0.02,0.7,-1.32,-1.72,z
3151.0,3142.0,3090.0,2747.0,4095.0,3680.0,2677.0,2981.0,-8.15,8.33,-0.02,0.79,-0.26,-1.81,z
3159.0,3139.0,3071.0,2801.0,4095.0,3661.0,2706.0,2964.0,-9.01,9.14,-2.29,0.34,-0.22,-0.5,z
3154.0,3136.0,3071.0,2750.0,4095.0,3690.0,2676.0,2964.0,-4.43,9.15,0.76,-0.12,0.21,-0.12,z
3146.0,3133.0,3071.0,2752.0,4095.0,3669.0,2686.0,2960.0,-4.01,8.75,2.17,-0.19,0.27,0.12,z
3148.0,3138.0,3068.0,2743.0,4095.0,3660.0,2686.0,2960.0,-3.39,8.8,3.29,-0.1,0.2,0.14,z
3117.0,3095.0,3035.0,2719.0,4095.0,3616.0,2640.0,2946.0,0.5,9.14,2.44,-0.01,0.02,0.02,z
3116.0,3097.0,3029.0,2723.0,4095.0,3620.0,2649.0,2947.0,0.39,9.22,2.13,-0.07,0.04,-0.0,z
3107.0,3090.0,3041.0,2717.0,4095.0,3632.0,2653.0,2955.0,0.59,9.26,2.33,-0.08,-0.01,0.01,z
3117.0,3095.0,3041.0,2718.0,4095.0,3647.0,2653.0,2947.0,2.68,9.22,5.15,-0.08,-0.32,0.0,z
3125.0,3121.0,3042.0,2727.0,4095.0,3635.0,2666.0,2960.0,6.82,8.12,9.38,0.33,-1.01,-0.51,z
3123.0,3110.0,3056.0,2725.0,4095.0,3646.0,2673.0,2960.0,6.57,7.08,6.37,1.0,-1.75,-1.59,z
3122.0,3106.0,3053.0,2809.0,4095.0,3625.0,2657.0,2953.0,-2.09,6.99,0.44,0.87,-0.56,-2.36,z
3102.0,3111.0,3050.0,2688.0,4095.0,3607.0,2647.0,2928.0,-14.75,7.28,-7.3,0.74,-0.76,-1.39,z
3119.0,3126.0,3071.0,2721.0,4095.0,3639.0,2667.0,2961.0,-10.3,6.5,-8.24,-0.24,-0.24,0.15,z
3111.0,3115.0,3066.0,2704.0,4095.0,3619.0,2663.0,2964.0,-4.28,3.36,-7.83,-1.42,0.79,0.75,z
3089.0,3091.0,3030.0,2719.0,4095.0,3568.0,2637.0,2942.0,-3.69,2.44,-1.37,-2.83,1.58,0.66,z
3071.0,3088.0,3027.0,2657.0,4095.0,3577.0,2624.0,2910.0,-2.03,6.96,7.01,-3.24,1.82,1.11,z
3071.0,3082.0,3009.0,2640.0,4095.0,3583.0,2631.0,2912.0,5.35,9.23,19.02,-2.21,1.2,0.44,z
3100.0,3104.0,3050.0,2663.0,4095.0,3627.0,2666.0,2929.0,5.54,11.0,18.72,0.04,0.67,-0.84,z
3122.0,3124.0,3071.0,2693.0,4095.0,3648.0,2694.0,2958.0,0.55,4.76,13.55,1.18,-1.19,-1.64,z
3104.0,3115.0,3055.0,2762.0,4095.0,3643.0,2672.0,2963.0,-1.65,5.61,3.36,1.73,-2.26,-2.16,z
3120.0,3120.0,3066.0,2673.0,4095.0,3642.0,2673.0,2960.0,-7.42,6.92,0.16,1.65,-1.88,-2.95,z
3103.0,3120.0,3046.0,2721.0,4095.0,3662.0,2670.0,2923.0,-12.25,9.16,-1.72,0.85,-0.75,-1.29,z
3071.0,3098.0,3025.0,2705.0,4095.0,3625.0,2643.0,2901.0,-7.58,8.66,1.21,-0.0,0.11,-0.04,z
3065.0,3095.0,3031.0,2613.0,4095.0,3632.0,2640.0,2898.0,-4.18,8.88,2.79,-0.01,0.49,0.04,z
3067.0,3082.0,3019.0,2598.0,4095.0,3632.0,2608.0,2928.0,0.98,9.56,0.93,-0.04,0.07,-0.01,z
3062.0,3066.0,3014.0,2592.0,4095.0,3625.0,2620.0,2923.0,0.86,9.32,1.21,-0.01,-0.01,0.04,z
3062.0,3086.0,3012.0,2611.0,4095.0,3633.0,2610.0,2929.0,0.95,9.47,0.87,-0.07,0.02,0.01,z
3059.0,3069.0,3007.0,2608.0,4095.0,3633.0,2615.0,2916.0,1.57,9.28,1.59,-0.05,-0.13,0.02,z
3056.0,3086.0,3009.0,2608.0,4095.0,3641.0,2607.0,2916.0,5.14,9.79,5.52,-0.14,-0.67,0.15,z
3056.0,3068.0,3003.0,2610.0,4095.0,3638.0,2610.0,2925.0,9.75,9.09,7.17,0.39,-1.34,-0.68,z
3051.0,3062.0,2999.0,2608.0,4095.0,3625.0,2613.0,2923.0,2.94,7.67,0.67,0.47,-1.4,-1.86,z
3056.0,3055.0,2998.0,2817.0,4095.0,3610.0,2598.0,2882.0,-9.21,7.13,-6.48,0.36,0.28,-1.77,z
3104.0,3109.0,3056.0,2737.0,4095.0,3657.0,2654.0,2928.0,-14.44,4.65,-7.54,-0.19,-0.2,-0.63,z
3120.0,3137.0,3081.0,2944.0,4095.0,3682.0,2661.0,2960.0,-7.49,2.83,-6.31,-0.85,1.16,0.62,z
3120.0,3128.0,3083.0,2739.0,4095.0,3685.0,2670.0,2970.0,-1.59,4.87,-0.96,-1.65,1.57,0.34,z
3110.0,3136.0,3087.0,2662.0,4095.0,3638.0,2663.0,2951.0,1.71,11.11,7.69,-1.99,1.21,0.23,z
3124.0,3150.0,3090.0,2685.0,4095.0,3693.0,2687.0,2983.0,6.81,14.84,14.95,-1.27,0.83,0.25,z
3155.0,3149.0,3085.0,2688.0,4095.0,3684.0,2681.0,2953.0,5.09,12.83,14.14,0.17,-0.15,-0.75,z
3157.0,3151.0,3095.0,2707.0,4095.0,3686.0,2718.0,2966.0,0.37,7.02,7.34,1.23,-1.34,-1.35,z
3131.0,3135.0,3063.0,2757.0,4095.0,3661.0,2686.0,2951.0,-1.07,7.31,0.75,1.04,-1.87,-1.48,z
3120.0,3121.0,3056.0,2672.0,4095.0,3646.0,2674.0,2931.0,-8.79,7.58,-1.71,1.26,-0.61,-2.01,z
3118.0,3126.0,3053.0,2704.0,4095.0,3634.0,2661.0,2917.0,-9.99,8.94,-4.28,0.23,-0.29,-0.29,z
3118.0,3120.0,3053.0,2704.0,4095.0,3633.0,2662.0,2920.0,-4.76,8.99,-0.04,-0.07,0.02,0.09,z
3116.0,3113.0,3055.0,2704.0,4095.0,3645.0,2653.0,2928.0,-3.41,9.11,0.6,-0.31,0.36,0.27,z
3116.0,3031.0,3058.0,2773.0,4095.0,3458.0,2442.0,2922.0,-0.15,9.43,1.82,-0.03,-0.0,0.02,z
3114.0,3024.0,3069.0,2768.0,4095.0,3458.0,2460.0,2929.0,-0.43,9.44,1.53,-0.04,0.05,-0.03,z
3111.0,3024.0,3061.0,2768.0,4095.0,3467.0,2434.0,2927.0,-0.57,9.47,1.56,-0.04,0.04,0.0,z
3120.0,3029.0,3058.0,2763.0,4095.0,3469.0,2446.0,2928.0,-0.6,9.35,1.73,-0.05,-0.02,0.05,z
3118.0,3024.0,3068.0,2756.0,4095.0,3466.0,2441.0,2927.0,1.33,9.75,3.35,-0.06,-0.19,0.15,z
3118.0,3027.0,3057.0,2710.0,4095.0,3470.0,2441.0,2919.0,7.72,10.84,9.14,0.47,-0.72,-0.28,z
3120.0,3025.0,3059.0,2701.0,4095.0,3479.0,2437.0,2922.0,5.04,8.74,4.9,0.83,-1.54,-1.11,z
3120.0,3030.0,3056.0,2703.0,4095.0,3462.0,2439.0,2918.0,-1.33,7.35,-1.51,0.23,-1.34,-1.48,z
3118.0,3040.0,3056.0,2735.0,4095.0,3475.0,2464.0,2922.0,-11.44,6.2,-4.87,0.17,-0.56,-1.49,z
3120.0,3045.0,3043.0,2810.0,4095.0,3493.0,2466.0,2944.0,-12.34,4.48,-8.2,-0.14,0.12,-0.09,z
3083.0,3024.0,3057.0,2785.0,4095.0,3475.0,2435.0,2899.0,-5.74,3.34,-4.53,-1.25,1.04,0.64,z
3107.0,3027.0,2993.0,2731.0,4095.0,3463.0,2435.0,2915.0,-3.39,5.04,1.87,-1.91,1.53,0.04,z
3102.0,3042.0,3066.0,2723.0,4095.0,3440.0,2448.0,2911.0,-1.91,9.45,7.42,-1.67,1.38,0.1,z
3094.0,3035.0,3043.0,2682.0,4095.0,3440.0,2480.0,2899.0,2.7,13.69,11.23,-1.36,0.78,0.59,z
3134.0,3090.0,3102.0,2656.0,4095.0,3486.0,2525.0,2943.0,5.17,12.75,15.5,-0.02,-0.2,-0.26,z
3123.0,3071.0,3057.0,2639.0,4095.0,3491.0,2525.0,2941.0,1.42,7.69,10.04,1.03,-1.27,-1.27,z
3121.0,3071.0,3098.0,2647.0,4095.0,3478.0,2508.0,2946.0,1.1,5.29,4.56,0.82,-1.86,-1.24,z
3130.0,3056.0,3090.0,2653.0,4095.0,3477.0,2517.0,2927.0,-9.05,9.15,-1.37,1.53,-0.59,-1.84,z
3172.0,3051.0,3006.0,2705.0,4095.0,3450.0,2495.0,2923.0,-10.88,8.42,-0.73,0.37,-1.05,-0.5,z
3166.0,3050.0,3062.0,2704.0,4095.0,3440.0,2495.0,2928.0,-6.56,8.56,-0.74,0.16,-0.29,0.0,z
3142.0,3041.0,3071.0,2722.0,4095.0,3765.0,2499.0,2958.0,-0.17,9.33,1.77,-0.09,0.02,-0.04,z
3136.0,3055.0,3071.0,2722.0,4095.0,3760.0,2501.0,2958.0,-0.59,9.55,1.7,-0.05,-0.02,-0.04,z
3145.0,3047.0,3071.0,2725.0,4095.0,3760.0,2496.0,2960.0,-1.16,9.52,2.01,-0.03,0.11,-0.01,z
3141.0,3049.0,3062.0,2718.0,4095.0,3755.0,2501.0,2965.0,-0.68,9.91,2.62,0.04,-0.11,0.21,z
3161.0,3056.0,3057.0,2791.0,4095.0,3797.0,2501.0,2961.0,6.01,11.16,7.48,0.15,-0.8,0.58,z
3172.0,3055.0,3057.0,2766.0,4095.0,3741.0,2499.0,2958.0,10.01,9.59,7.55,1.18,-0.61,-0.93,z
3182.0,3047.0,3071.0,2765.0,4095.0,3713.0,2487.0,2954.0,0.31,6.82,-1.35,1.02,-0.8,-1.66,z
3143.0,3054.0,3062.0,2742.0,4095.0,3769.0,2495.0,2935.0,-8.59,5.69,-6.35,0.04,-0.49,-1.76,z
3179.0,3046.0,3067.0,2779.0,4095.0,3725.0,2490.0,2923.0,-13.19,3.7,-3.75,-0.01,-0.26,-0.83,z
3167.0,3042.0,3071.0,2788.0,4095.0,3739.0,2492.0,2935.0,-11.35,2.34,-5.7,-0.2,-0.04,0.44,z
3194.0,3043.0,3069.0,2801.0,4095.0,3856.0,2481.0,2940.0,-5.91,3.09,-1.96,-1.0,0.28,1.17,z
3197.0,3052.0,3068.0,2778.0,4095.0,3511.0,2483.0,2947.0,1.03,9.45,4.26,-1.68,1.01,1.83,z
3169.0,3047.0,3083.0,2725.0,4095.0,3564.0,2483.0,2919.0,10.12,14.98,8.28,-1.44,1.0,0.94,z
3167.0,3050.0,3067.0,2704.0,4095.0,3408.0,2481.0,2922.0,7.89,14.15,11.82,-0.9,0.65,-0.36,z
3183.0,3051.0,3062.0,2721.0,4095.0,3421.0,2486.0,2934.0,5.65,8.9,10.11,0.73,-0.77,-1.6,z
3165.0,3057.0,3088.0,2692.0,4095.0,3429.0,2507.0,2924.0,3.95,6.28,3.91,0.83,-0.91,-1.94,z
3162.0,3056.0,3082.0,2679.0,4095.0,3424.0,2503.0,2918.0,-4.99,7.16,-1.53,1.62,-0.15,-2.21,z
3161.0,3060.0,3069.0,2854.0,4095.0,3424.0,2503.0,2919.0,-13.75,8.37,-2.92,0.53,-0.22,-1.27,z
3163.0,3070.0,3079.0,2861.0,4095.0,3434.0,2512.0,2923.0,-8.19,8.7,-0.53,-0.01,-0.38,-0.4,z
3157.0,3063.0,3067.0,2702.0,4095.0,3431.0,2508.0,2927.0,-3.79,8.9,0.99,-0.24,0.21,0.35,z
3184.0,3034.0,3024.0,2820.0,4095.0,3439.0,2436.0,2905.0,-0.03,9.05,0.8,-0.05,-0.14,0.27,z
3181.0,3027.0,3029.0,2835.0,4095.0,3446.0,2435.0,2909.0,0.26,9.45,0.75,-0.11,-0.0,0.15,z
3216.0,3031.0,3047.0,2814.0,4095.0,3443.0,2445.0,2909.0,0.59,9.51,1.23,-0.19,-0.23,0.09,z
3257.0,3027.0,3042.0,2863.0,4095.0,3446.0,2443.0,2914.0,3.01,9.72,3.4,-0.11,-0.46,0.12,z
3120.0,3088.0,3101.0,2750.0,4095.0,3494.0,2510.0,2977.0,7.12,9.18,6.3,0.28,-1.07,-0.28,z
3054.0,3039.0,3046.0,2702.0,4095.0,3470.0,2480.0,2928.0,6.66,8.88,3.77,0.93,-0.62,-0.85,z
3100.0,3041.0,3045.0,2723.0,4095.0,3422.0,2448.0,2918.0,-2.4,8.7,-2.0,0.64,-0.78,-1.63,z
3143.0,3049.0,3056.0,2783.0,4095.0,3447.0,2465.0,2907.0,-11.29,5.94,-3.78,0.56,-0.23,-2.03,z
3277.0,3181.0,3190.0,2881.0,4095.0,3568.0,2559.0,3011.0,-13.41,4.77,-6.62,0.56,0.34,-0.56,z
3216.0,3134.0,3145.0,2828.0,4095.0,3489.0,2557.0,2998.0,-5.84,2.58,-5.47,-0.54,1.11,0.34,z
3203.0,3135.0,3148.0,2785.0,4095.0,3792.0,2544.0,2960.0,-3.43,3.06,0.68,-1.14,1.01,-0.17,z
3175.0,3122.0,3049.0,2757.0,4095.0,3457.0,2538.0,2971.0,2.6,11.74,4.74,-3.2,0.13,0.62,z
3152.0,3120.0,2981.0,2840.0,4095.0,3523.0,2551.0,2992.0,5.9,16.78,8.42,-1.74,0.5,0.44,z
3194.0,3154.0,3163.0,2803.0,4095.0,3515.0,2602.0,3019.0,5.71,15.09,12.1,-1.03,-0.94,-0.21,z
3157.0,3120.0,3135.0,2765.0,4095.0,3498.0,2554.0,2992.0,0.65,9.73,9.93,0.76,-1.28,-0.57,z
3197.0,3153.0,3168.0,3174.0,4095.0,3518.0,2559.0,3017.0,-0.53,6.16,3.71,1.1,-1.93,-0.63,z
3237.0,3193.0,3194.0,2839.0,4095.0,3541.0,2614.0,3030.0,-5.56,6.29,-0.45,1.18,-1.4,-0.72,z
3238.0,3175.0,3200.0,2839.0,4095.0,3542.0,2630.0,3035.0,-7.92,9.92,-2.65,0.45,-0.94,-0.83,z
3238.0,3182.0,3194.0,2832.0,4095.0,3531.0,2624.0,3024.0,-6.04,9.6,-1.12,-0.02,-0.18,-0.15,z
3250.0,3185.0,3203.0,2850.0,4095.0,3557.0,2640.0,3040.0,-5.04,8.57,0.28,-0.18,0.06,0.08,z
3051.0,2951.0,2948.0,2637.0,4095.0,3407.0,2353.0,2814.0,0.62,10.18,0.99,-0.6,-0.66,-0.16,z
3141.0,3034.0,3034.0,2754.0,4095.0,3293.0,2410.0,2914.0,0.87,9.2,1.84,-0.49,-0.58,0.31,z
3061.0,2998.0,2993.0,2717.0,4095.0,3261.0,2331.0,2861.0,1.38,9.68,1.31,-0.05,-0.59,0.38,z
3119.0,3046.0,3040.0,2789.0,4095.0,3316.0,2404.0,2917.0,2.56,9.16,2.29,-0.18,-0.42,0.31,z
3223.0,3158.0,3147.0,2890.0,4095.0,3471.0,2513.0,3021.0,5.76,9.96,4.62,0.49,-0.28,0.34,z
3142.0,3015.0,3015.0,2801.0,4095.0,3346.0,2361.0,2870.0,7.22,9.27,4.68,0.57,-0.34,-0.27,z
3147.0,3008.0,3021.0,2799.0,4095.0,3332.0,2369.0,2891.0,3.11,7.98,1.79,0.95,-0.47,-0.71,z
3237.0,3152.0,3148.0,2896.0,4095.0,3450.0,2520.0,2995.0,-3.97,8.23,-4.49,0.53,-0.39,-1.09,z
3195.0,3120.0,3120.0,2865.0,4095.0,3425.0,2487.0,2961.0,-8.74,6.89,-5.02,0.19,-0.17,-1.28,z
3227.0,3143.0,3138.0,2884.0,4095.0,3450.0,2512.0,2986.0,-9.37,6.14,-6.1,0.11,1.01,-0.47,z
3219.0,3127.0,3137.0,2874.0,4095.0,3440.0,2508.0,2957.0,-7.28,2.9,-3.95,-0.95,1.78,-0.12,z
3196.0,3119.0,3120.0,2855.0,4095.0,3440.0,2495.0,2957.0,-0.52,5.09,2.77,-1.38,1.71,0.29,z
3233.0,3172.0,3167.0,2875.0,4095.0,3483.0,2547.0,3009.0,3.73,11.76,5.58,-1.23,1.34,-0.16,z
3200.0,3129.0,3136.0,2789.0,4095.0,3414.0,2512.0,2963.0,5.29,15.88,7.79,-1.23,0.26,0.14,z
3151.0,3133.0,3147.0,2726.0,4095.0,3435.0,2527.0,2983.0,9.62,16.1,14.22,-0.74,-0.82,-0.11,z
3150.0,3104.0,3123.0,2711.0,4095.0,3414.0,2499.0,2960.0,1.7,9.24,8.32,1.35,-1.53,-1.31,z
3207.0,3164.0,3162.0,2785.0,4095.0,3472.0,2589.0,3027.0,-3.72,7.83,0.88,0.94,-1.85,-1.04,z
3178.0,3125.0,3138.0,2768.0,4095.0,3415.0,2533.0,2975.0,-7.69,7.2,-1.19,1.17,-1.23,-1.64,z
3187.0,3121.0,3121.0,2766.0,4095.0,3411.0,2523.0,2975.0,-7.78,8.18,-3.21,0.28,-0.91,-0.5,z
3158.0,3090.0,3087.0,2730.0,4095.0,3380.0,2499.0,2947.0,-4.41,9.08,-2.19,-0.04,-0.27,-0.61,z
3174.0,3085.0,3094.0,2770.0,4095.0,3405.0,2509.0,2973.0,0.33,9.56,0.23,-0.06,0.05,0.03,z
3175.0,3088.0,3085.0,2774.0,4095.0,3397.0,2505.0,2975.0,0.17,9.59,0.12,-0.06,0.03,-0.01,z
3184.0,3082.0,3090.0,2784.0,4095.0,3398.0,2511.0,2967.0,0.22,9.65,0.07,-0.09,-0.04,0.06,z
3184.0,3088.0,3095.0,2773.0,4095.0,3411.0,2514.0,2971.0,2.43,10.37,1.72,-0.15,-0.21,0.19,z
3305.0,3084.0,3094.0,2871.0,4095.0,3414.0,2511.0,2973.0,6.94,10.23,5.1,0.31,-0.78,-0.13,z
3291.0,3087.0,3089.0,2891.0,4095.0,3408.0,2507.0,2971.0,4.77,9.33,1.53,0.43,-1.36,-1.06,z
3302.0,3090.0,3088.0,2889.0,4095.0,3413.0,2512.0,2971.0,-3.69,7.28,-2.49,-0.01,-0.92,-1.68,z
3255.0,3114.0,3108.0,2871.0,4095.0,3399.0,2519.0,2941.0,-11.63,5.09,-4.91,-0.16,-0.19,-0.92,z
3301.0,3153.0,3154.0,2923.0,4095.0,3434.0,2533.0,2973.0,-9.26,3.92,-5.52,-0.42,0.34,0.09,z
3143.0,2963.0,2975.0,2772.0,4095.0,3283.0,2375.0,2819.0,-4.53,4.12,-2.81,-1.12,1.67,0.58,z
3149.0,2956.0,2957.0,2742.0,4095.0,3280.0,2370.0,2816.0,-1.99,8.4,4.28,-1.85,1.36,0.66,z
3117.0,2959.0,2949.0,2710.0,4095.0,3283.0,2352.0,2839.0,5.29,13.85,10.31,-1.32,0.57,0.82,z
3070.0,2959.0,2962.0,2704.0,4095.0,3301.0,2352.0,2814.0,10.96,14.91,10.84,0.03,-0.09,0.33,z
3125.0,2958.0,2970.0,2657.0,4095.0,3303.0,2381.0,2819.0,3.94,8.97,7.58,0.72,-1.11,-1.58,z
3120.0,2960.0,2946.0,2657.0,4095.0,3297.0,2358.0,2805.0,-1.55,7.79,0.23,1.59,-1.52,-1.42,z
3125.0,2954.0,2962.0,2673.0,4095.0,3299.0,2351.0,2811.0,-4.88,9.14,-3.67,0.46,-1.16,-1.6,z
3121.0,2955.0,2960.0,2676.0,4095.0,3297.0,2372.0,2801.0,-8.93,8.8,-1.5,0.17,-0.26,-1.01,z
3129.0,2959.0,2958.0,2672.0,4095.0,3294.0,2373.0,2795.0,-8.13,9.29,-1.43,0.01,0.1,-0.27,z
3133.0,2958.0,2957.0,2655.0,4095.0,3297.0,2380.0,2801.0,-3.77,9.38,0.15,-0.53,0.1,0.34,z
3124.0,2943.0,2958.0,2655.0,4095.0,3303.0,2371.0,2801.0,-2.61,9.03,2.51,-0.27,0.54,0.18,z
3111.0,2954.0,2959.0,2745.0,4095.0,3283.0,2365.0,2861.0,0.41,9.39,1.41,-0.12,0.02,0.02,z
3099.0,2961.0,2962.0,2737.0,4095.0,3276.0,2357.0,2869.0,0.51,9.34,1.21,-0.0,-0.04,0.1,z
3110.0,2958.0,2963.0,2747.0,4095.0,3277.0,2363.0,2863.0,1.13,9.42,1.45,-0.1,-0.08,0.01,z
3119.0,2966.0,2971.0,2749.0,4095.0,3273.0,2352.0,2854.0,3.42,9.7,3.41,0.09,-0.23,0.14,z
3122.0,2965.0,2966.0,2782.0,4095.0,3280.0,2368.0,2852.0,6.31,9.05,4.27,0.53,-0.81,-0.34,z
3087.0,2971.0,2967.0,2778.0,4095.0,3282.0,2386.0,2847.0,5.06,8.63,1.31,0.39,-1.52,-1.45,z
3089.0,2961.0,2963.0,2768.0,4095.0,3278.0,2371.0,2845.0,-2.59,7.41,-1.09,0.07,-0.9,-2.25,z
3103.0,2960.0,2967.0,2766.0,4095.0,3281.0,2373.0,2834.0,-8.64,7.48,-3.42,-0.2,-0.7,-1.4,z
3045.0,2967.0,2962.0,2698.0,4095.0,3286.0,2376.0,2832.0,-9.82,6.31,-2.59,-0.3,0.02,-0.57,z
3056.0,2973.0,2976.0,2704.0,4095.0,3302.0,2380.0,2845.0,-8.83,5.49,-4.07,-0.79,0.62,0.47,z
3054.0,2971.0,2971.0,2704.0,4095.0,3286.0,2367.0,2841.0,-4.57,6.45,-0.68,-2.21,0.67,1.12,z
3054.0,2962.0,2971.0,2733.0,4095.0,3302.0,2373.0,2859.0,3.28,8.31,9.39,-1.65,1.03,1.36,z
3061.0,2960.0,2970.0,2761.0,4095.0,3312.0,2370.0,2851.0,4.58,12.53,10.29,-0.46,1.02,0.2,z
3051.0,2962.0,2975.0,2813.0,4095.0,3313.0,2379.0,2850.0,4.36,11.16,11.9,0.3,0.22,-0.17,z
3053.0,2969.0,2966.0,2734.0,4095.0,3314.0,2370.0,2845.0,2.4,8.51,6.84,1.31,-0.94,-0.95,z
3052.0,2965.0,2961.0,2695.0,4095.0,3312.0,2374.0,2848.0,-1.22,6.51,2.56,1.85,-1.38,-1.85,z
3056.0,2971.0,2981.0,2698.0,4095.0,3314.0,2387.0,2832.0,-8.66,8.71,-4.31,1.46,-0.43,-1.3,z
3057.0,2960.0,2973.0,2714.0,4095.0,3318.0,2381.0,2831.0,-7.29,10.06,-3.94,0.26,-0.88,-0.1,z
3051.0,2958.0,2961.0,2688.0,4095.0,3317.0,2374.0,2830.0,-3.68,9.34,-0.43,0.01,0.16,-0.07,z
3050.0,2959.0,2974.0,2675.0,4095.0,3311.0,2385.0,2830.0,-3.5,8.66,0.06,-0.04,0.46,0.0,z
3114.0,2958.0,2978.0,2764.0,4095.0,3312.0,2393.0,2851.0,-0.11,9.46,1.09,-0.02,0.06,0.01,z
3105.0,2961.0,2971.0,2751.0,4095.0,3307.0,2391.0,2847.0,0.3,9.48,1.08,-0.02,0.12,0.06,z
3106.0,2955.0,2967.0,2721.0,4095.0,3301.0,2398.0,2830.0,0.8,9.11,2.19,-0.18,0.13,0.12,z
3114.0,2960.0,2965.0,2711.0,4095.0,3302.0,2410.0,2835.0,3.95,9.44,5.49,-0.07,-0.36,0.36,z
3131.0,2970.0,2964.0,2729.0,4095.0,3312.0,2407.0,2854.0,6.02,9.77,5.47,0.59,-0.92,-0.4,z
3110.0,2961.0,2971.0,2709.0,4095.0,3310.0,2413.0,2825.0,1.89,9.49,0.94,0.55,-0.93,-1.33,z
3103.0,2973.0,2982.0,2688.0,4095.0,3344.0,2387.0,2809.0,-5.25,7.52,-2.55,0.53,-0.12,-1.3,z
3120.0,2979.0,2976.0,2719.0,4095.0,3309.0,2406.0,2815.0,-12.08,4.9,-3.01,0.09,0.06,-1.3,z
3135.0,2981.0,2992.0,2737.0,4095.0,3317.0,2422.0,2823.0,-10.3,3.73,-5.31,0.36,-0.17,0.12,z
3167.0,3003.0,3013.0,2770.0,4095.0,3348.0,2441.0,2865.0,-5.22,5.17,-4.77,-0.85,1.37,0.63,z
3123.0,2975.0,2976.0,2751.0,4095.0,3311.0,2393.0,2847.0,-1.65,8.28,1.5,-1.89,0.98,1.18,z
3113.0,2960.0,2971.0,2718.0,4095.0,3318.0,2390.0,2804.0,4.79,12.53,9.07,-1.49,1.08,0.86,z
3071.0,2970.0,2971.0,2627.0,4095.0,3325.0,2388.0,2794.0,6.32,13.35,9.93,-1.02,0.7,0.97,z
3103.0,2968.0,2969.0,2657.0,4095.0,3344.0,2398.0,2809.0,7.33,10.47,12.12,0.39,-0.97,-0.76,z
3101.0,2964.0,2971.0,2651.0,4095.0,3330.0,2399.0,2789.0,3.01,7.75,4.97,1.3,-1.48,-1.45,z
3085.0,2962.0,2965.0,2654.0,4095.0,3329.0,2391.0,2779.0,-3.61,8.38,-0.49,1.15,-1.2,-1.87,z
3024.0,2959.0,2955.0,2608.0,4095.0,3319.0,2390.0,2790.0,-8.04,7.97,-2.18,0.59,-1.02,-1.37,z
3012.0,2960.0,2951.0,2590.0,4095.0,3323.0,2402.0,2773.0,-7.3,8.95,-1.63,0.3,-0.39,-0.31,z
3021.0,2971.0,2960.0,2601.0,4095.0,3312.0,2388.0,2778.0,-3.86,9.67,-0.7,0.1,0.16,-0.12,z
3011.0,2950.0,2955.0,2582.0,4095.0,3319.0,2390.0,2769.0,-3.35,9.68,-0.07,-0.18,0.27,0.1,z
3225.0,2958.0,2957.0,2853.0,4095.0,3295.0,2370.0,2812.0,0.1,9.36,1.49,-0.08,-0.06,0.01,z
3223.0,2960.0,2951.0,2855.0,4095.0,3291.0,2384.0,2819.0,0.36,9.5,1.52,-0.06,-0.02,0.04,z
3235.0,2958.0,2957.0,2848.0,4095.0,3287.0,2379.0,2821.0,0.32,9.43,1.47,-0.16,-0.12,-0.01,z
3237.0,2960.0,2953.0,2878.0,4095.0,3295.0,2379.0,2832.0,1.03,9.22,2.5,-0.16,-0.37,0.05,z
3126.0,2960.0,2946.0,2748.0,4095.0,3291.0,2378.0,2832.0,6.03,8.7,7.91,-0.18,-0.89,0.12,z
3120.0,2960.0,2959.0,2753.0,4095.0,3303.0,2381.0,2830.0,8.51,8.24,7.88,0.51,-0.88,-0.74,z
3122.0,2962.0,2957.0,2755.0,4095.0,3300.0,2381.0,2817.0,1.0,7.29,0.82,0.73,-1.01,-1.89,z
3056.0,2963.0,2950.0,2708.0,4095.0,3293.0,2391.0,2821.0,-9.46,6.59,-4.74,0.67,-0.15,-1.95,z
3063.0,2960.0,2947.0,2718.0,4095.0,3280.0,2384.0,2803.0,-14.45,5.47,-8.9,0.22,0.24,-0.64,z
3088.0,2986.0,2975.0,2738.0,4095.0,3307.0,2406.0,2832.0,-9.96,4.11,-7.6,-1.3,0.6,1.11,z
3071.0,2974.0,2967.0,2742.0,4095.0,3312.0,2397.0,2835.0,-3.25,4.6,0.88,-2.17,1.36,1.28,z
3057.0,2961.0,2949.0,2698.0,4095.0,3324.0,2385.0,2823.0,2.1,9.07,9.32,-2.0,1.19,0.98,z
3136.0,2960.0,2948.0,2736.0,4095.0,3333.0,2366.0,2801.0,11.72,13.1,16.21,-0.51,0.2,1.04,z
3056.0,2959.0,2950.0,2617.0,4095.0,3333.0,2368.0,2783.0,11.27,12.01,12.72,0.89,0.27,-1.34,z
3058.0,2950.0,2951.0,2593.0,4095.0,3360.0,2379.0,2765.0,-0.16,7.28,5.2,1.79,-1.08,-2.02,z
3067.0,2958.0,2939.0,2559.0,4095.0,3339.0,2370.0,2763.0,-5.55,7.3,-0.9,1.51,-1.8,-1.58,z
3037.0,2952.0,2957.0,2547.0,4095.0,3334.0,2368.0,2754.0,-8.62,8.22,-2.42,1.12,-0.52,-1.08,z
3054.0,2948.0,2958.0,2591.0,4095.0,3334.0,2381.0,2766.0,-7.96,10.12,-3.92,0.39,-0.57,-0.22,z
3059.0,2950.0,2949.0,2610.0,4095.0,3329.0,2365.0,2768.0,-3.3,9.26,0.12,-0.08,0.14,0.2,z
3063.0,2958.0,2954.0,2626.0,4095.0,3341.0,2378.0,2768.0,-2.39,8.88,1.3,-0.09,0.18,0.1,z
3053.0,2950.0,2955.0,2624.0,4095.0,3311.0,2375.0,2818.0,0.44,9.61,2.3,-0.04,0.08,-0.03,z
3051.0,2965.0,2951.0,2626.0,4095.0,3312.0,2367.0,2822.0,0.85,9.24,2.53,-0.04,-0.02,0.08,z
3045.0,2950.0,2960.0,2629.0,4095.0,3315.0,2367.0,2822.0,2.51,9.07,4.28,-0.22,-0.31,0.16,z
3057.0,2960.0,2950.0,2631.0,4095.0,3314.0,2367.0,2823.0,8.86,7.97,9.0,0.08,-1.45,0.08,z
3057.0,2944.0,2951.0,2613.0,4095.0,3330.0,2368.0,2807.0,8.3,7.04,8.24,0.47,-0.62,-1.71,z
2954.0,2960.0,2947.0,2510.0,4095.0,3317.0,2375.0,2791.0,-9.75,5.72,-3.0,1.56,0.37,-2.49,z
3058.0,2957.0,2960.0,2615.0,4095.0,3312.0,2373.0,2788.0,-12.8,6.28,-8.46,0.7,-0.96,-0.89,z
3120.0,3017.0,3007.0,2698.0,4095.0,3357.0,2432.0,2835.0,-10.84,3.99,-8.22,0.25,0.84,0.1,z
3141.0,3017.0,3024.0,2731.0,4095.0,3399.0,2444.0,2839.0,-5.53,4.86,-5.55,-1.21,1.44,0.36,z
3103.0,2998.0,2998.0,2666.0,4095.0,3390.0,2409.0,2835.0,-1.24,8.6,5.37,-2.56,1.03,0.78,z
3056.0,2979.0,2985.0,2607.0,4095.0,3376.0,2391.0,2823.0,7.3,12.32,14.44,-1.62,0.69,0.78,z
3190.0,2987.0,2985.0,2731.0,4095.0,3378.0,2390.0,2804.0,10.36,12.21,14.35,-0.37,0.78,-0.45,z
3101.0,2975.0,2987.0,2638.0,4095.0,3371.0,2396.0,2800.0,-1.27,8.19,6.34,0.89,-0.67,-1.69,z
3102.0,3005.0,3008.0,2666.0,4095.0,3387.0,2431.0,2832.0,-2.14,7.92,3.29,0.77,-1.37,-1.23,z
3093.0,2992.0,2988.0,2654.0,4095.0,3335.0,2384.0,2800.0,-5.34,9.81,-0.66,1.17,-0.53,-1.54,z
3083.0,2981.0,2989.0,2617.0,4095.0,3315.0,2361.0,2775.0,-7.74,9.52,-1.31,0.32,-0.33,-0.56,z
3097.0,2985.0,2989.0,2602.0,4095.0,3312.0,2357.0,2771.0,-6.3,8.67,-0.33,0.22,0.05,-0.22,z
3095.0,2975.0,2981.0,2617.0,4095.0,3328.0,2357.0,2785.0,-2.89,8.62,1.2,-0.09,-0.05,0.22,z
3099.0,2987.0,2987.0,2634.0,4095.0,3351.0,2373.0,2791.0,-2.47,8.66,1.93,0.13,0.07,-0.0,z
3099.0,2977.0,2983.0,2630.0,4095.0,3376.0,2385.0,2799.0,-3.33,8.83,1.85,-0.07,0.02,-0.04,z
3315.0,3095.0,3095.0,2884.0,4095.0,3480.0,2517.0,2953.0,1.49,9.35,1.12,-0.03,0.0,0.0,z
3303.0,3102.0,3091.0,2875.0,4095.0,3473.0,2521.0,2954.0,1.56,9.3,1.03,0.0,0.04,-0.0,z
3289.0,3087.0,3091.0,2866.0,4095.0,3472.0,2513.0,2949.0,1.65,9.43,0.93,-0.06,-0.01,-0.01,z
3301.0,3086.0,3094.0,2873.0,4095.0,3475.0,2513.0,2947.0,2.61,9.49,1.78,-0.06,-0.09,-0.03,z
3313.0,3094.0,3106.0,2892.0,4095.0,3475.0,2526.0,2965.0,4.51,9.08,3.44,0.08,-0.38,-0.15,z
3126.0,3095.0,3099.0,2688.0,4095.0,3499.0,2519.0,2960.0,5.49,8.34,4.17,0.58,-0.77,-0.41,z
3088.0,3083.0,3083.0,2654.0,4095.0,3471.0,2499.0,2919.0,2.45,8.89,1.42,0.8,-0.74,-0.76,z
3060.0,3067.0,3067.0,2638.0,4095.0,3475.0,2501.0,2923.0,-0.95,8.6,-0.82,0.62,-1.01,-0.82,z
3217.0,3143.0,3158.0,2811.0,4095.0,3523.0,2559.0,2983.0,-4.49,6.72,-4.05,0.61,-0.33,-0.73,z
3194.0,3151.0,3184.0,2819.0,4095.0,3561.0,2605.0,2977.0,-8.01,3.63,-7.7,-0.19,0.43,-0.75,z
3071.0,3077.0,3088.0,2686.0,4095.0,3458.0,2510.0,2927.0,-7.6,3.31,-6.78,-1.7,1.16,-0.56,z
3058.0,3059.0,2992.0,2625.0,4095.0,3431.0,2473.0,2896.0,-0.95,6.3,1.72,-2.49,1.82,-0.25,z
3090.0,3066.0,3071.0,2627.0,4095.0,3438.0,2497.0,2906.0,4.19,11.17,8.6,-2.68,1.74,-0.51,z
3028.0,3071.0,3083.0,2555.0,4095.0,3437.0,2512.0,2923.0,8.3,15.68,17.24,-3.1,-0.1,0.83,z
3057.0,3127.0,3143.0,2607.0,4095.0,3479.0,2579.0,2960.0,6.47,11.71,14.78,0.3,-0.81,-1.25,z
3149.0,3155.0,3162.0,2721.0,4095.0,3505.0,2606.0,2978.0,-1.14,6.5,6.45,1.25,-1.28,-2.06,z
3147.0,3126.0,3130.0,2672.0,4095.0,3472.0,2559.0,2945.0,-6.67,6.17,0.54,1.66,-1.45,-1.53,z
3161.0,3134.0,3143.0,2705.0,4095.0,3490.0,2592.0,2944.0,-10.37,8.56,-3.19,0.92,-0.85,-1.05,z
3163.0,3143.0,3149.0,2695.0,4095.0,3501.0,2579.0,2955.0,-4.76,9.55,-0.51,-0.03,-0.5,0.03,z
3147.0,3151.0,3157.0,2690.0,4095.0,3503.0,2593.0,2950.0,-5.02,10.57,0.49,0.17,0.09,-0.15,z
