hall_1,hall_2,hall_3,flex_t,flex_i,flex_m,flex_r,flex_p,accel_x,accel_y,accel_z,gyro_x,gyro_y,gyro_z,sign
3067.0,3019.0,3120.0,2935.0,4095.0,2527.0,2608.0,2475.0,2.5,9.77,7.23,-0.18,-0.09,0.02,7
3071.0,3019.0,3105.0,3030.0,4095.0,2541.0,2609.0,2450.0,6.97,9.98,6.33,-0.08,-0.61,-0.45,7
3071.0,3021.0,3113.0,3034.0,4095.0,2539.0,2609.0,2422.0,9.71,9.39,6.99,-0.44,-1.3,-1.45,7
3071.0,3023.0,3094.0,3043.0,4095.0,2541.0,2603.0,2435.0,3.18,8.28,9.66,-0.15,-1.27,-2.18,7
3079.0,3029.0,3118.0,3024.0,4095.0,2541.0,2608.0,2448.0,-1.51,7.24,9.68,-0.1,-1.95,-2.37,7
3071.0,3025.0,3114.0,3012.0,4095.0,2544.0,2614.0,2450.0,-6.15,4.99,9.72,-0.51,-1.63,-1.49,7
3071.0,3024.0,3120.0,3002.0,4095.0,2544.0,2614.0,2448.0,-9.87,2.32,12.05,-0.83,-0.54,-0.65,7
3066.0,3030.0,3107.0,2987.0,4095.0,2555.0,2620.0,2448.0,-7.7,-0.6,11.33,-0.97,-0.38,0.23,7
3062.0,3024.0,3113.0,2994.0,4095.0,2549.0,2624.0,2446.0,-6.46,-0.83,11.1,-1.22,0.18,1.47,7
3079.0,3012.0,3113.0,2999.0,4095.0,2545.0,2614.0,2466.0,-1.86,0.72,13.05,-1.27,0.31,2.07,7
3058.0,3023.0,3114.0,3024.0,4095.0,2550.0,2615.0,2448.0,3.97,6.19,14.15,-1.53,0.23,2.17,7
3071.0,3042.0,3114.0,3043.0,4095.0,2556.0,2622.0,2455.0,5.29,12.6,13.72,-1.21,1.59,2.07,7
3083.0,3029.0,3119.0,3059.0,4095.0,2559.0,2623.0,2452.0,7.89,10.59,15.94,-0.87,0.7,1.27,7
3085.0,3023.0,3118.0,3066.0,4095.0,2559.0,2627.0,2448.0,5.6,11.56,13.07,-0.31,0.29,0.47,7
3085.0,3034.0,3114.0,3070.0,4095.0,2559.0,2623.0,2471.0,2.56,9.51,12.47,-0.01,-0.01,0.0,7
3069.0,3021.0,3117.0,3069.0,4095.0,2553.0,2627.0,2481.0,2.4,8.4,13.04,0.3,-0.34,-0.25,7
3083.0,3037.0,3115.0,3085.0,4095.0,2559.0,2635.0,2502.0,2.26,7.26,13.07,0.46,-0.47,-0.5,7
3069.0,3023.0,3115.0,3091.0,4095.0,2554.0,2640.0,2510.0,1.55,6.9,12.89,0.55,-0.4,-0.76,7
3086.0,3035.0,3116.0,3118.0,4095.0,2559.0,2631.0,2499.0,2.2,6.86,12.83,0.86,-0.68,-0.78,7
3069.0,3024.0,3126.0,3141.0,4095.0,2559.0,2640.0,2509.0,0.74,7.68,11.66,0.75,-0.22,-0.79,7
3069.0,3024.0,3126.0,3271.0,4095.0,2639.0,2736.0,2642.0,3.32,9.73,5.48,-0.21,-0.53,0.48,7
3069.0,3024.0,3126.0,3271.0,4095.0,2639.0,2736.0,2642.0,3.32,9.73,5.48,-0.21,-0.53,0.48,7
3067.0,3024.0,3131.0,3253.0,4095.0,2631.0,2736.0,2585.0,11.09,9.39,5.78,-0.19,-1.99,-0.19,7
3079.0,3039.0,3135.0,3264.0,4095.0,2639.0,2734.0,2591.0,11.13,9.18,5.08,-0.18,-2.11,-1.5,7
3061.0,3026.0,3120.0,3295.0,4095.0,2637.0,2736.0,2640.0,2.26,8.37,6.39,-1.01,-1.45,-2.25,7
3057.0,3025.0,3119.0,3277.0,4095.0,2640.0,2739.0,2624.0,-3.71,6.93,10.83,-1.04,-2.53,-1.93,7
3060.0,3021.0,3119.0,3248.0,4095.0,2655.0,2748.0,2639.0,-6.58,4.91,11.23,-0.51,-1.42,-1.72,7
3071.0,3026.0,3120.0,3221.0,4095.0,2657.0,2745.0,2644.0,-9.33,2.94,12.02,-0.88,-0.4,-0.41,7
3057.0,3024.0,3122.0,3210.0,4095.0,2655.0,2741.0,2649.0,-6.35,1.06,12.18,-0.61,-0.07,0.35,7
3071.0,3030.0,3120.0,3237.0,4095.0,2659.0,2751.0,2661.0,-3.3,1.42,11.62,-1.11,0.55,1.28,7
3061.0,3014.0,3124.0,3258.0,4095.0,2661.0,2750.0,2640.0,0.73,2.86,11.92,-0.89,0.21,1.21,7
3061.0,3034.0,3120.0,3237.0,4095.0,2666.0,2741.0,2587.0,5.63,11.27,8.16,-1.9,0.06,1.8,7
3084.0,3031.0,3124.0,3287.0,4095.0,2674.0,2757.0,2637.0,4.61,13.07,13.53,-1.52,0.68,1.4,7
3071.0,3031.0,3135.0,3289.0,4095.0,2672.0,2753.0,2649.0,4.88,12.81,13.96,-1.02,0.39,0.91,7
3098.0,3051.0,3125.0,3289.0,4095.0,2673.0,2756.0,2654.0,2.99,12.4,12.25,-0.34,0.11,0.29,7
3063.0,3034.0,3133.0,3291.0,4095.0,2677.0,2768.0,2671.0,2.54,9.07,12.47,0.05,0.03,-0.19,7
3071.0,3031.0,3141.0,3287.0,4095.0,2676.0,2767.0,2672.0,1.37,7.35,11.44,0.47,0.09,-0.32,7
3079.0,3041.0,3120.0,3286.0,4095.0,2675.0,2769.0,2671.0,1.82,6.18,11.39,0.53,-0.12,-0.43,7
3071.0,3025.0,3136.0,3296.0,4095.0,2682.0,2769.0,2672.0,1.54,6.36,11.2,0.23,-0.13,-0.47,7
3065.0,3029.0,3131.0,3291.0,4095.0,2686.0,2776.0,2678.0,1.23,5.96,11.7,0.11,-0.21,-0.37,7
3088.0,3036.0,3133.0,3429.0,4095.0,2704.0,2823.0,2742.0,-0.54,8.88,8.08,0.12,0.15,0.04,7
3061.0,3031.0,3137.0,3421.0,4095.0,2710.0,2820.0,2741.0,0.62,9.34,6.6,0.11,0.25,0.08,7
3071.0,3020.0,3136.0,3391.0,4095.0,2701.0,2819.0,2736.0,4.48,9.92,5.29,0.0,-0.05,0.12,7
3070.0,3024.0,3125.0,3375.0,4095.0,2693.0,2813.0,2705.0,8.49,9.89,3.94,-0.14,-1.02,-0.81,7
3065.0,3028.0,3126.0,3405.0,4095.0,2701.0,2819.0,2735.0,6.62,9.34,6.7,-0.49,-1.44,-1.62,7
3062.0,3039.0,3137.0,3407.0,4095.0,2707.0,2819.0,2736.0,0.48,9.13,8.81,-0.55,-0.86,-1.72,7
3065.0,3031.0,3131.0,3402.0,4095.0,2710.0,2829.0,2727.0,-1.81,8.63,9.89,-0.33,-1.77,-1.48,7
3082.0,3019.0,3133.0,3392.0,4095.0,2720.0,2829.0,2735.0,-2.94,7.3,10.16,-0.23,-1.56,-1.3,7
3088.0,3034.0,3136.0,3401.0,4095.0,2723.0,2832.0,2730.0,-4.84,6.06,11.98,-0.49,-0.54,-1.07,7
3083.0,3025.0,3127.0,3399.0,4095.0,2722.0,2832.0,2761.0,-7.05,4.51,11.12,-0.04,0.22,-0.04,7
3071.0,3027.0,3136.0,3385.0,4095.0,2721.0,2829.0,2746.0,-3.82,1.3,9.52,-0.13,0.07,0.15,7
3069.0,3021.0,3131.0,3393.0,4095.0,2723.0,2834.0,2757.0,-2.61,0.05,9.68,-0.52,0.69,0.54,7
3062.0,3025.0,3134.0,3375.0,4095.0,2733.0,2837.0,2753.0,-2.02,2.59,11.15,-0.61,0.33,1.18,7
3059.0,3011.0,3126.0,3359.0,4095.0,2721.0,2831.0,2739.0,1.41,8.95,8.53,-1.19,0.21,1.84,7
3066.0,3024.0,3137.0,3380.0,4095.0,2725.0,2835.0,2745.0,2.23,11.23,13.36,-1.36,0.55,1.49,7
3071.0,3027.0,3127.0,3361.0,4095.0,2721.0,2832.0,2733.0,6.96,12.55,13.5,-1.86,-0.17,1.91,7
3071.0,3037.0,3136.0,3377.0,4095.0,2731.0,2832.0,2752.0,4.29,11.93,12.81,-0.73,0.65,0.86,7
3071.0,3024.0,3135.0,3376.0,4095.0,2736.0,2846.0,2768.0,3.35,10.92,11.74,-0.54,0.08,0.62,7
3071.0,3024.0,3135.0,3385.0,4095.0,2736.0,2839.0,2768.0,2.54,9.13,11.68,-0.0,-0.17,0.16,7
3087.0,3024.0,3135.0,3381.0,4095.0,2738.0,2844.0,2775.0,2.32,7.96,11.56,-0.04,-0.1,0.07,7
3087.0,3025.0,3117.0,3046.0,4095.0,2644.0,2611.0,2472.0,0.92,10.16,5.36,-0.24,-0.37,0.13,7
3083.0,3040.0,3107.0,3052.0,4095.0,2641.0,2617.0,2471.0,3.58,10.79,5.48,-0.31,-0.76,-0.4,7
3062.0,3037.0,3109.0,3055.0,4095.0,2642.0,2618.0,2478.0,3.79,11.96,6.01,-0.13,-1.43,-0.87,7
3069.0,3027.0,3105.0,3063.0,4095.0,2642.0,2624.0,2483.0,1.72,9.59,7.34,-0.1,-1.51,-1.38,7
3066.0,3029.0,3117.0,3088.0,4095.0,2639.0,2623.0,2482.0,-2.88,7.27,9.24,-0.51,-1.07,-1.49,7
3069.0,3023.0,3095.0,3087.0,4095.0,2631.0,2625.0,2480.0,-6.35,4.13,10.34,-0.32,-0.81,-1.17,7
3067.0,3022.0,3089.0,3071.0,4095.0,2633.0,2638.0,2499.0,-8.6,2.39,9.58,-0.49,-0.58,-0.0,7
3088.0,3024.0,3095.0,3090.0,4095.0,2634.0,2633.0,2503.0,-5.53,0.66,9.93,-0.79,-0.39,0.72,7
3087.0,3024.0,3099.0,3095.0,4095.0,2634.0,2634.0,2501.0,-4.07,1.48,11.43,-1.15,0.03,1.52,7
3068.0,3018.0,3088.0,3096.0,4095.0,2635.0,2634.0,2508.0,-0.23,5.28,11.06,-1.05,0.0,2.29,7
3067.0,3029.0,3095.0,3105.0,4095.0,2640.0,2640.0,2512.0,4.89,11.08,11.64,-1.46,-0.2,1.88,7
3061.0,3022.0,3093.0,3095.0,4095.0,2640.0,2640.0,2506.0,4.08,14.37,11.44,-0.89,0.78,1.49,7
3063.0,3029.0,3095.0,3111.0,4095.0,2652.0,2641.0,2499.0,5.18,11.98,12.93,-0.79,0.03,1.02,7
3056.0,3026.0,3105.0,3109.0,4095.0,2643.0,2646.0,2510.0,1.99,10.1,11.32,-0.15,0.33,0.26,7
3082.0,3024.0,3106.0,3121.0,4095.0,2644.0,2643.0,2512.0,2.06,8.67,10.29,-0.02,-0.05,0.2,7
3071.0,3024.0,3099.0,3120.0,4095.0,2641.0,2644.0,2526.0,2.45,7.33,11.37,-0.17,-0.08,-0.13,7
3067.0,3030.0,3117.0,3126.0,4095.0,2641.0,2645.0,2531.0,2.13,7.18,11.5,-0.07,-0.2,-0.17,7
3059.0,3026.0,3095.0,3126.0,4095.0,2643.0,2657.0,2533.0,1.83,6.82,11.57,-0.02,0.04,-0.28,7
3088.0,3026.0,3105.0,3136.0,4095.0,2640.0,2651.0,2530.0,1.82,6.64,11.87,-0.02,-0.13,-0.17,7
3069.0,3032.0,3103.0,3133.0,4095.0,2640.0,2655.0,2537.0,1.87,6.69,11.49,0.09,-0.16,-0.15,7
3069.0,3024.0,3094.0,3105.0,4095.0,2642.0,2662.0,2544.0,2.73,9.46,5.73,0.21,1.25,0.29,7
3068.0,3023.0,3114.0,3061.0,4095.0,2643.0,2662.0,2527.0,6.79,11.13,3.54,-0.18,-0.55,-0.04,7
3065.0,3024.0,3092.0,3088.0,4095.0,2638.0,2665.0,2523.0,11.61,9.2,6.39,-0.43,-2.24,-1.18,7
3059.0,3027.0,3088.0,3111.0,4095.0,2639.0,2666.0,2544.0,4.16,9.07,9.65,-0.84,-1.77,-1.99,7
3069.0,3029.0,3098.0,3103.0,4095.0,2646.0,2667.0,2544.0,-3.27,6.67,12.32,-0.39,-1.65,-2.02,7
3066.0,3022.0,3090.0,3093.0,4095.0,2643.0,2671.0,2559.0,-5.39,5.0,13.27,-0.49,-1.33,-1.76,7
3086.0,3022.0,3099.0,3114.0,4095.0,2647.0,2673.0,2559.0,-6.78,3.8,11.52,-0.48,-0.51,-0.9,7
3063.0,3017.0,3101.0,3103.0,4095.0,2646.0,2674.0,2559.0,-8.12,2.23,12.47,-0.72,0.05,0.14,7
3057.0,3028.0,3092.0,3117.0,4095.0,2643.0,2672.0,2559.0,-4.35,1.05,12.38,-0.64,0.17,1.14,7
3057.0,3030.0,3097.0,3119.0,4095.0,2643.0,2682.0,2580.0,-0.85,1.66,11.57,-0.47,0.71,1.82,7
3056.0,3026.0,3089.0,3109.0,4095.0,2647.0,2683.0,2579.0,2.04,4.41,10.75,-0.41,0.86,2.09,7
3059.0,3018.0,3097.0,3111.0,4095.0,2658.0,2679.0,2559.0,5.72,9.29,10.37,-1.2,0.32,2.18,7
3088.0,3034.0,3093.0,3114.0,4095.0,2661.0,2677.0,2559.0,6.58,12.05,11.09,-0.94,0.46,1.83,7
3061.0,3039.0,3105.0,3125.0,4095.0,2661.0,2682.0,2559.0,8.42,12.75,12.53,-0.74,0.01,0.89,7
3071.0,3030.0,3104.0,3128.0,4095.0,2662.0,2681.0,2559.0,4.51,9.67,12.4,-0.25,0.02,0.13,7
3094.0,3024.0,3104.0,3136.0,4095.0,2656.0,2683.0,2559.0,2.52,8.41,11.33,-0.07,-0.2,-0.02,7
3081.0,3025.0,3099.0,3138.0,4095.0,2653.0,2685.0,2559.0,2.71,6.65,12.48,-0.11,-0.25,-0.16,7
3058.0,3024.0,3098.0,3137.0,4095.0,2649.0,2686.0,2559.0,3.34,6.75,12.27,0.1,-0.35,-0.19,7
3062.0,3030.0,3109.0,3139.0,4095.0,2657.0,2685.0,2559.0,3.11,6.01,12.13,0.07,-0.19,-0.39,7
3060.0,3033.0,3115.0,3152.0,4095.0,2654.0,2693.0,2559.0,2.56,6.62,11.39,0.16,-0.11,-0.35,7
3070.0,3026.0,3099.0,3211.0,4095.0,2704.0,2750.0,2636.0,0.58,9.5,7.21,-0.11,0.05,0.07,7
3062.0,3027.0,3111.0,3190.0,4095.0,2689.0,2747.0,2634.0,2.12,10.63,6.32,0.09,0.2,0.21,7
3062.0,3027.0,3114.0,3158.0,4095.0,2679.0,2743.0,2603.0,7.56,10.99,4.63,0.17,-0.09,-0.18,7
3067.0,3038.0,3105.0,3184.0,4095.0,2678.0,2743.0,2559.0,10.64,9.6,3.54,0.17,-2.18,-0.59,7
3063.0,3019.0,3108.0,3194.0,4095.0,2686.0,2751.0,2597.0,9.89,8.88,4.67,-0.54,-2.81,-1.89,7
3082.0,3024.0,3094.0,3192.0,4095.0,2689.0,2743.0,2625.0,-4.69,6.85,12.9,-0.99,-0.71,-2.06,7
3070.0,3024.0,3102.0,3177.0,4095.0,2703.0,2747.0,2629.0,-6.7,7.92,10.36,-0.17,-1.63,-1.3,7
3083.0,3036.0,3111.0,3184.0,4095.0,2702.0,2745.0,2647.0,-5.14,5.28,12.85,-0.6,-1.51,-0.79,7
3088.0,3030.0,3104.0,3184.0,4095.0,2705.0,2747.0,2657.0,-4.59,3.19,12.34,-0.63,-0.23,-0.16,7
3067.0,3028.0,3088.0,3175.0,4095.0,2708.0,2749.0,2661.0,-4.79,1.93,12.21,-0.55,0.49,0.41,7
3062.0,3021.0,3120.0,3184.0,4095.0,2710.0,2755.0,2651.0,-1.17,1.36,12.05,-0.78,0.68,1.28,7
3071.0,3024.0,3101.0,3187.0,4095.0,2709.0,2755.0,2621.0,1.98,4.14,10.74,-0.3,1.41,1.14,7
3085.0,3035.0,3107.0,3179.0,4095.0,2718.0,2747.0,2607.0,4.03,6.98,8.48,-1.25,2.04,0.88,7
3069.0,3030.0,3120.0,3125.0,4095.0,2714.0,2743.0,2616.0,5.13,12.31,9.99,-1.92,-0.02,1.39,7
3088.0,3035.0,3119.0,3127.0,4095.0,2717.0,2743.0,2619.0,3.61,13.23,12.5,-1.24,0.51,0.62,7
3071.0,3024.0,3125.0,3133.0,4095.0,2724.0,2751.0,2631.0,2.88,12.53,12.69,-0.78,-0.23,0.75,7
3082.0,3041.0,3120.0,3151.0,4095.0,2731.0,2750.0,2635.0,1.88,11.54,11.74,-0.38,-0.32,0.35,7
3058.0,3030.0,3120.0,3161.0,4095.0,2733.0,2761.0,2643.0,1.84,8.8,12.99,0.11,-0.12,0.1,7
3088.0,3024.0,3114.0,3178.0,4095.0,2736.0,2757.0,2641.0,2.32,8.12,11.76,0.31,-0.33,-0.03,7
3071.0,3034.0,3113.0,3180.0,4095.0,2733.0,2765.0,2653.0,3.08,7.19,11.64,0.37,-0.4,-0.53,7
3087.0,3031.0,3120.0,3139.0,4095.0,2691.0,2784.0,2679.0,4.78,10.08,5.04,-0.19,-0.06,0.03,7
3071.0,3024.0,3111.0,3119.0,4095.0,2685.0,2784.0,2635.0,11.11,11.41,4.5,-0.22,-1.09,-0.87,7
3087.0,3031.0,3120.0,3136.0,4095.0,2689.0,2781.0,2639.0,11.03,10.55,6.14,-0.38,-2.19,-1.88,7
3056.0,3014.0,3103.0,3146.0,4095.0,2717.0,2794.0,2683.0,1.42,6.22,11.49,-0.73,-1.89,-2.72,7
3061.0,3024.0,3120.0,3126.0,4095.0,2727.0,2798.0,2674.0,-6.55,4.53,13.83,-0.39,-1.04,-2.13,7
3079.0,3019.0,3105.0,3119.0,4095.0,2736.0,2794.0,2687.0,-9.51,4.12,11.79,0.02,-0.69,-1.19,7
3059.0,3022.0,3110.0,3115.0,4095.0,2736.0,2797.0,2694.0,-7.58,2.95,10.71,-0.39,-0.77,-0.19,7
3057.0,3027.0,3104.0,3123.0,4095.0,2739.0,2806.0,2701.0,-4.55,0.95,11.32,-0.64,-0.06,0.54,7
3071.0,3025.0,3118.0,3137.0,4095.0,2736.0,2800.0,2693.0,-1.36,0.56,12.72,-0.67,0.49,0.97,7
3085.0,3010.0,3121.0,3148.0,4095.0,2739.0,2805.0,2691.0,0.65,4.2,9.85,-0.73,0.88,1.75,7
3067.0,3023.0,3120.0,3148.0,4095.0,2738.0,2801.0,2699.0,3.05,7.54,9.8,-1.66,-0.01,1.77,7
3071.0,3025.0,3120.0,3166.0,4095.0,2735.0,2800.0,2640.0,6.13,13.01,12.28,-1.89,-0.6,1.87,7
3071.0,3024.0,3119.0,3143.0,4095.0,2736.0,2800.0,2640.0,5.41,12.78,13.48,-0.92,0.36,0.87,7
3071.0,3026.0,3111.0,3120.0,4095.0,2738.0,2800.0,2686.0,4.31,12.11,12.63,-0.65,-0.28,0.24,7
3067.0,3034.0,3117.0,3120.0,4095.0,2747.0,2805.0,2704.0,1.52,9.15,12.38,-0.23,0.11,-0.17,7
3082.0,3035.0,3125.0,3124.0,4095.0,2741.0,2799.0,2713.0,2.04,7.74,12.33,0.08,-0.42,-0.15,7
3071.0,3024.0,3120.0,3125.0,4095.0,2752.0,2805.0,2721.0,2.11,6.84,12.24,-0.05,-0.01,-0.26,7
3071.0,3022.0,3115.0,3135.0,4095.0,2752.0,2803.0,2725.0,2.69,6.09,12.21,0.16,-0.32,-0.43,7
3071.0,3024.0,3122.0,3152.0,4095.0,2742.0,2800.0,2725.0,2.16,6.3,12.15,0.1,-0.17,-0.37,7
3083.0,3035.0,3125.0,3157.0,4095.0,2749.0,2803.0,2724.0,3.0,6.99,12.07,0.27,-0.45,-0.32,7
3082.0,3024.0,3123.0,3241.0,4095.0,2649.0,2818.0,2693.0,5.65,11.26,4.41,0.12,-0.74,0.13,7
3082.0,3024.0,3123.0,3241.0,4095.0,2649.0,2818.0,2693.0,5.65,11.26,4.41,0.12,-0.74,0.13,7
3063.0,3025.0,3118.0,3245.0,4095.0,2640.0,2801.0,2640.0,15.2,10.63,3.72,-0.29,-2.7,-0.61,7
3059.0,3024.0,3120.0,3267.0,4095.0,2647.0,2803.0,2666.0,10.83,9.22,5.84,-0.56,-2.52,-2.52,7
3062.0,3015.0,3111.0,3271.0,4095.0,2671.0,2814.0,2683.0,-4.49,6.29,12.71,-0.88,-0.49,-2.93,7
3059.0,3028.0,3127.0,3281.0,4095.0,2674.0,2807.0,2679.0,-7.79,6.04,12.98,0.05,-2.25,-1.56,7
3071.0,3029.0,3120.0,3291.0,4095.0,2676.0,2819.0,2721.0,-8.46,5.89,11.7,0.29,-1.58,-0.78,7
3070.0,3020.0,3119.0,3293.0,4095.0,2688.0,2829.0,2726.0,-5.53,4.59,11.38,-0.24,-0.29,-0.81,7
3059.0,3023.0,3114.0,3289.0,4095.0,2685.0,2822.0,2711.0,-6.4,2.88,9.71,-0.35,0.25,-0.17,7
3071.0,3040.0,3120.0,3299.0,4095.0,2688.0,2826.0,2688.0,-5.31,1.0,10.38,-1.0,0.47,0.35,7
3055.0,3014.0,3109.0,3291.0,4095.0,2687.0,2823.0,2645.0,-1.43,-0.44,12.37,-0.9,0.4,1.05,7
3071.0,3024.0,3115.0,3254.0,4095.0,2693.0,2810.0,2643.0,0.48,3.82,9.19,-0.59,1.21,0.85,7
3070.0,3014.0,3124.0,3158.0,4095.0,2681.0,2803.0,2653.0,-1.03,12.54,8.79,-1.15,0.6,2.1,7
3067.0,3031.0,3121.0,3183.0,4095.0,2704.0,2815.0,2624.0,7.89,11.99,12.24,-1.91,-0.49,1.77,7
3071.0,3028.0,3123.0,3131.0,4095.0,2711.0,2821.0,2652.0,2.45,15.01,12.5,-1.0,0.36,0.86,7
3059.0,3024.0,3122.0,3157.0,4095.0,2721.0,2832.0,2668.0,1.81,10.24,13.92,-0.86,-0.26,0.83,7
3068.0,3024.0,3129.0,3152.0,4095.0,2725.0,2832.0,2663.0,1.89,10.56,10.87,0.15,-0.18,0.16,7
3071.0,3021.0,3125.0,3174.0,4095.0,2736.0,2833.0,2672.0,0.91,7.96,12.63,-0.41,-0.28,-0.42,7
3060.0,3025.0,3125.0,3193.0,4095.0,2731.0,2842.0,2686.0,0.97,7.98,11.6,0.07,-0.11,-0.47,7
3070.0,3019.0,3125.0,3215.0,4095.0,2732.0,2845.0,2688.0,0.69,5.22,12.62,0.06,-0.13,-0.31,7
3063.0,3023.0,3101.0,3191.0,4095.0,2605.0,2702.0,2587.0,1.91,9.63,6.35,0.01,0.12,-0.2,7
3065.0,3033.0,3109.0,3152.0,4095.0,2559.0,2683.0,2544.0,8.08,11.07,4.48,0.14,-0.38,-0.44,7
3071.0,3019.0,3111.0,3163.0,4095.0,2559.0,2678.0,2539.0,9.56,11.22,5.88,-0.22,-2.31,-1.12,7
3069.0,3029.0,3111.0,3199.0,4095.0,2589.0,2678.0,2557.0,2.98,9.19,10.67,-0.16,-1.96,-2.41,7
3055.0,3038.0,3105.0,3182.0,4095.0,2602.0,2683.0,2603.0,-4.79,6.57,11.05,0.23,-1.15,-1.76,7
3085.0,3019.0,3098.0,3190.0,4095.0,2608.0,2686.0,2597.0,-8.55,6.26,10.05,0.09,-1.66,-1.34,7
3055.0,3034.0,3104.0,3190.0,4095.0,2617.0,2703.0,2608.0,-7.0,4.84,9.18,0.06,-1.09,-0.73,7
3059.0,3019.0,3106.0,3198.0,4095.0,2621.0,2706.0,2618.0,-7.51,3.17,9.35,-0.64,-0.14,-0.37,7
3061.0,3024.0,3103.0,3200.0,4095.0,2623.0,2707.0,2619.0,-7.2,2.33,10.53,-1.05,0.41,0.47,7
3061.0,3029.0,3105.0,3203.0,4095.0,2608.0,2702.0,2613.0,-3.53,0.6,12.73,-1.21,1.2,1.35,7
3067.0,3015.0,3105.0,3134.0,4095.0,2612.0,2678.0,2579.0,-2.0,3.99,10.5,-0.81,1.52,1.37,7
3056.0,3022.0,3106.0,3109.0,4095.0,2634.0,2673.0,2559.0,1.0,7.9,11.78,-1.64,0.58,2.54,7
3081.0,3015.0,3090.0,3088.0,4095.0,2637.0,2686.0,2587.0,2.5,11.72,10.94,-1.27,0.83,2.47,7
3062.0,3024.0,3104.0,3102.0,4095.0,2647.0,2692.0,2586.0,6.81,12.52,12.6,-1.37,0.12,2.13,7
3063.0,3030.0,3118.0,3127.0,4095.0,2653.0,2691.0,2591.0,4.64,11.24,11.34,-0.69,1.03,0.78,7
3056.0,3026.0,3106.0,3132.0,4095.0,2646.0,2699.0,2602.0,3.64,9.53,12.1,-0.63,-0.1,0.52,7
3070.0,3025.0,3110.0,3152.0,4095.0,2649.0,2702.0,2593.0,2.8,7.66,11.85,-0.06,0.09,-0.09,7
3088.0,3034.0,3094.0,3147.0,4095.0,2647.0,2704.0,2603.0,1.98,7.18,11.52,-0.19,-0.09,-0.15,7
3069.0,3024.0,3101.0,3151.0,4095.0,2651.0,2707.0,2604.0,1.84,6.64,11.98,-0.04,-0.18,-0.19,7
3081.0,3027.0,3114.0,3163.0,4095.0,2651.0,2705.0,2605.0,1.64,6.66,12.12,-0.03,-0.13,-0.18,7
3061.0,3022.0,3103.0,3250.0,4095.0,2679.0,2771.0,2685.0,0.36,8.59,6.31,-0.08,0.06,0.08,7
3056.0,3021.0,3110.0,3223.0,4095.0,2675.0,2768.0,2626.0,5.93,9.59,5.0,-0.11,-0.11,-0.18,7
3067.0,3034.0,3109.0,3229.0,4095.0,2672.0,2767.0,2605.0,9.21,10.25,5.64,-0.29,-1.26,-0.62,7
3082.0,3035.0,3112.0,3236.0,4095.0,2674.0,2768.0,2624.0,9.42,10.09,8.03,-0.52,-2.05,-1.67,7
3071.0,3022.0,3105.0,3247.0,4095.0,2688.0,2775.0,2658.0,0.39,8.64,11.8,-0.26,-1.68,-2.47,7
3071.0,3035.0,3115.0,3235.0,4095.0,2702.0,2771.0,2675.0,-3.58,7.05,11.81,-0.1,-2.08,-1.81,7
3063.0,3033.0,3114.0,3233.0,4095.0,2699.0,2774.0,2675.0,-5.61,4.75,13.17,-0.09,-1.46,-1.62,7
3066.0,3037.0,3119.0,3219.0,4095.0,2702.0,2775.0,2683.0,-7.57,4.88,11.09,-0.09,-0.48,-0.74,7
3083.0,3030.0,3120.0,3215.0,4095.0,2708.0,2784.0,2691.0,-6.02,3.25,10.81,-0.35,-0.19,-0.17,7
3069.0,3030.0,3117.0,3218.0,4095.0,2706.0,2777.0,2691.0,-5.64,2.32,10.65,-0.63,0.55,0.63,7
3071.0,3018.0,3101.0,3230.0,4095.0,2704.0,2779.0,2690.0,-2.16,2.31,12.03,-0.66,0.42,1.36,7
3067.0,3024.0,3112.0,3234.0,4095.0,2711.0,2779.0,2687.0,-0.09,3.16,11.23,-0.88,1.05,1.65,7
3058.0,3019.0,3101.0,3205.0,4095.0,2710.0,2775.0,2655.0,2.95,8.51,10.24,-1.04,0.44,1.95,7
3060.0,3021.0,3110.0,3177.0,4095.0,2713.0,2775.0,2638.0,4.62,8.65,11.38,-0.61,0.8,1.24,7
3067.0,3019.0,3121.0,3182.0,4095.0,2735.0,2784.0,2640.0,5.51,10.91,10.19,-1.58,0.32,1.91,7
3070.0,3023.0,3114.0,3191.0,4095.0,2741.0,2783.0,2644.0,4.42,10.92,11.57,-0.71,0.57,0.76,7
3071.0,3027.0,3115.0,3205.0,4095.0,2750.0,2794.0,2655.0,3.52,10.64,12.32,-0.69,0.01,0.68,7
3079.0,3024.0,3121.0,3217.0,4095.0,2746.0,2799.0,2663.0,4.7,9.04,13.5,-0.23,-0.32,0.14,7
3071.0,3023.0,3124.0,3223.0,4095.0,2746.0,2799.0,2667.0,2.76,7.62,12.38,0.09,0.1,-0.22,7
3082.0,3034.0,3124.0,3219.0,4095.0,2758.0,2801.0,2672.0,1.95,6.65,11.27,0.13,-0.2,-0.23,7
3062.0,3023.0,3124.0,3120.0,4095.0,2735.0,2800.0,2692.0,0.19,9.26,7.86,0.08,0.06,0.04,7
3059.0,3027.0,3105.0,3117.0,4095.0,2732.0,2805.0,2695.0,2.12,9.68,7.2,0.07,0.16,0.22,7
3061.0,3024.0,3103.0,3111.0,4095.0,2725.0,2800.0,2677.0,7.03,9.41,6.28,0.05,-0.7,0.09,7
3067.0,3024.0,3118.0,3111.0,4095.0,2720.0,2798.0,2653.0,11.12,9.69,4.03,0.04,-1.56,-0.91,7
3085.0,3024.0,3109.0,3110.0,4095.0,2718.0,2805.0,2669.0,8.7,9.72,6.0,-0.76,-1.86,-2.24,7
3071.0,3039.0,3120.0,3136.0,4095.0,2724.0,2800.0,2693.0,-2.52,6.99,12.16,-0.85,-0.74,-2.53,7
3056.0,3024.0,3109.0,3084.0,4095.0,2727.0,2805.0,2707.0,-7.07,6.84,12.62,-0.21,-0.98,-1.78,7
3079.0,3017.0,3111.0,3103.0,4095.0,2730.0,2805.0,2717.0,-6.33,5.99,11.49,-0.02,-1.2,-1.28,7
3060.0,3025.0,3119.0,3104.0,4095.0,2733.0,2811.0,2726.0,-4.87,5.59,10.29,-0.1,-0.37,-0.84,7
3069.0,3024.0,3105.0,3089.0,4095.0,2733.0,2815.0,2723.0,-5.98,3.98,9.96,-0.42,0.16,-0.3,7
3061.0,3027.0,3102.0,3122.0,4095.0,2723.0,2813.0,2719.0,-3.98,2.3,10.45,-0.55,0.51,0.26,7
3067.0,3015.0,3115.0,3134.0,4095.0,2723.0,2815.0,2719.0,-1.36,1.18,10.91,-0.55,0.7,0.65,7
3071.0,3030.0,3111.0,3120.0,4095.0,2726.0,2806.0,2673.0,-2.44,1.97,10.92,-0.55,2.73,0.76,7
3065.0,3025.0,3121.0,3151.0,4095.0,2693.0,2794.0,2652.0,-0.24,6.24,10.24,-0.95,0.79,1.29,7
3064.0,3027.0,3106.0,3125.0,4095.0,2703.0,2795.0,2622.0,2.88,11.05,8.13,-0.7,-0.54,0.63,7
3088.0,3036.0,3117.0,3157.0,4095.0,2735.0,2817.0,2662.0,2.59,13.56,12.33,-2.32,0.06,1.24,7
3059.0,3041.0,3126.0,3126.0,4095.0,2736.0,2830.0,2686.0,0.67,12.48,14.44,-1.17,0.12,0.59,7
3083.0,3021.0,3120.0,3151.0,4095.0,2735.0,2832.0,2687.0,0.38,10.54,15.09,-0.87,-0.26,0.78,7
3087.0,3022.0,3135.0,3153.0,4095.0,2736.0,2833.0,2694.0,-0.19,9.25,12.06,0.12,0.21,0.0,7
3069.0,3027.0,3114.0,3152.0,4095.0,2737.0,2834.0,2704.0,-0.44,7.11,11.85,0.06,-0.24,-0.05,7
3068.0,3041.0,3200.0,3099.0,4095.0,2450.0,2699.0,2559.0,-1.02,9.46,4.87,-0.04,-0.26,0.01,7
3067.0,3020.0,3201.0,3047.0,4095.0,2463.0,2693.0,2545.0,2.08,9.09,4.14,-0.02,-0.56,-0.54,7
3059.0,3036.0,3216.0,3015.0,4095.0,2475.0,2690.0,2535.0,5.17,11.61,4.08,-0.35,-1.61,-0.55,7
3081.0,3039.0,3215.0,3047.0,4095.0,2477.0,2700.0,2544.0,3.67,11.18,7.41,-0.14,-1.77,-1.11,7
3063.0,3043.0,3206.0,3085.0,4095.0,2490.0,2706.0,2559.0,-1.73,8.65,9.75,0.04,-1.1,-1.64,7
3083.0,3039.0,3210.0,3069.0,4095.0,2491.0,2704.0,2559.0,-4.06,7.29,8.49,-0.13,-1.7,-1.49,7
3063.0,3039.0,3205.0,3065.0,4095.0,2502.0,2707.0,2559.0,-8.83,5.07,10.07,-0.05,-0.96,-1.32,7
3071.0,3031.0,3211.0,3070.0,4095.0,2506.0,2712.0,2559.0,-8.68,5.02,9.65,-0.39,-0.49,-0.53,7
3056.0,3039.0,3205.0,3066.0,4095.0,2507.0,2721.0,2582.0,-6.56,4.93,9.4,-0.29,-0.14,-0.48,7
3069.0,3034.0,3218.0,3057.0,4095.0,2511.0,2718.0,2586.0,-7.36,3.34,8.18,-0.69,0.56,0.15,7
3058.0,3025.0,3199.0,3071.0,4095.0,2510.0,2722.0,2602.0,-4.91,1.21,10.28,-0.94,0.26,0.8,7
3067.0,3039.0,3209.0,3097.0,4095.0,2497.0,2721.0,2586.0,-3.29,2.34,9.96,-0.9,0.67,1.24,7
3062.0,3035.0,3207.0,3089.0,4095.0,2507.0,2711.0,2544.0,-0.82,6.79,9.39,-0.81,0.46,0.65,7
3068.0,3033.0,3200.0,3071.0,4095.0,2514.0,2722.0,2544.0,-0.48,10.87,8.88,-0.79,0.22,0.9,7
3071.0,3026.0,3222.0,3071.0,4095.0,2540.0,2734.0,2548.0,1.7,13.21,9.53,-2.01,0.37,1.72,7
3070.0,3026.0,3216.0,3091.0,4095.0,2541.0,2746.0,2583.0,1.92,13.81,11.28,-0.87,0.08,0.81,7
3070.0,3047.0,3223.0,3094.0,4095.0,2542.0,2759.0,2617.0,-0.03,10.23,13.24,-1.15,-0.18,0.52,7
3065.0,3034.0,3223.0,3097.0,4095.0,2541.0,2765.0,2624.0,-0.38,9.83,11.95,-0.07,-0.22,0.18,7
3060.0,3030.0,3216.0,3099.0,4095.0,2544.0,2765.0,2627.0,-1.06,8.64,11.55,-0.14,-0.1,0.13,7
3081.0,3047.0,3216.0,3103.0,4095.0,2549.0,2768.0,2627.0,-0.89,8.3,11.06,0.31,-0.08,0.01,7
3071.0,3035.0,3211.0,3138.0,4095.0,2543.0,2812.0,2687.0,-0.18,9.78,6.66,-0.3,-0.32,0.2,7
3081.0,3043.0,3216.0,3166.0,4095.0,2544.0,2814.0,2698.0,3.02,9.5,7.18,0.13,-0.67,-0.46,7
3086.0,3033.0,3217.0,3170.0,4095.0,2543.0,2811.0,2678.0,6.06,11.14,5.73,-0.13,-1.57,-0.69,7
3067.0,3027.0,3211.0,3179.0,4095.0,2544.0,2821.0,2678.0,5.28,10.77,7.5,-0.1,-1.64,-1.24,7
3068.0,3043.0,3217.0,3183.0,4095.0,2558.0,2816.0,2678.0,1.85,8.44,11.24,-0.11,-1.53,-1.99,7
3071.0,3046.0,3211.0,3139.0,4095.0,2559.0,2821.0,2669.0,-4.88,7.27,10.52,0.28,-1.13,-1.81,7
3067.0,3047.0,3221.0,3179.0,4095.0,2559.0,2815.0,2689.0,-7.11,5.64,11.22,0.2,-1.09,-1.31,7
3085.0,3032.0,3200.0,3186.0,4095.0,2559.0,2821.0,2715.0,-7.3,5.16,10.02,0.1,-0.8,-0.91,7
3071.0,3037.0,3210.0,3189.0,4095.0,2559.0,2822.0,2726.0,-7.1,4.92,9.41,-0.15,-0.27,-0.47,7
3071.0,3036.0,3206.0,3198.0,4095.0,2559.0,2829.0,2730.0,-6.0,3.67,9.62,-0.31,0.1,0.0,7
3065.0,3030.0,3216.0,3203.0,4095.0,2578.0,2826.0,2720.0,-5.72,2.49,10.08,-0.78,0.53,0.73,7
3064.0,3029.0,3205.0,3180.0,4095.0,2579.0,2831.0,2736.0,-3.37,2.5,10.79,-0.83,0.6,1.61,7
3059.0,3024.0,3218.0,3184.0,4095.0,2582.0,2839.0,2750.0,-1.02,3.34,10.57,-1.04,0.73,1.75,7
3069.0,3040.0,3215.0,3210.0,4095.0,2559.0,2838.0,2753.0,1.3,7.96,10.15,-1.18,0.52,1.64,7
3062.0,3031.0,3212.0,3201.0,4095.0,2587.0,2846.0,2758.0,0.54,10.37,10.93,-0.83,0.77,1.8,7
3069.0,3034.0,3214.0,3201.0,4095.0,2583.0,2847.0,2758.0,3.83,9.05,14.78,-1.8,0.19,2.09,7
3087.0,3026.0,3216.0,3194.0,4095.0,2592.0,2854.0,2736.0,4.55,11.39,10.68,-0.19,0.64,1.16,7
3071.0,3037.0,3219.0,3217.0,4095.0,2594.0,2853.0,2751.0,4.56,9.52,11.85,-0.99,0.48,0.72,7
3069.0,3042.0,3213.0,3218.0,4095.0,2594.0,2859.0,2762.0,2.48,8.46,11.79,-0.39,0.24,-0.05,7
3071.0,3047.0,3226.0,3217.0,4095.0,2592.0,2861.0,2768.0,2.11,8.5,12.65,-0.34,-0.22,-0.13,7
3063.0,3036.0,3229.0,3229.0,4095.0,2621.0,2889.0,2790.0,2.22,9.44,5.91,0.05,-0.09,-0.16,7
3063.0,3036.0,3229.0,3229.0,4095.0,2621.0,2889.0,2790.0,2.22,9.44,5.91,0.05,-0.09,-0.16,7
3058.0,3041.0,3211.0,3214.0,4095.0,2613.0,2882.0,2759.0,5.83,10.37,4.93,-0.38,-0.53,-0.68,7
3071.0,3028.0,3214.0,3216.0,4095.0,2610.0,2880.0,2757.0,5.32,10.99,6.48,-0.23,-1.43,-0.88,7
3081.0,3033.0,3214.0,3249.0,4095.0,2617.0,2887.0,2755.0,7.61,9.25,9.32,-0.43,-2.13,-1.75,7
3088.0,3031.0,3211.0,3243.0,4095.0,2630.0,2887.0,2788.0,-1.53,6.77,11.56,-0.06,-1.17,-2.51,7
3071.0,3037.0,3214.0,3207.0,4095.0,2624.0,2881.0,2775.0,-6.54,5.29,11.71,-0.06,-1.26,-1.87,7
3085.0,3025.0,3215.0,3203.0,4095.0,2641.0,2896.0,2804.0,-10.35,2.75,13.11,-0.12,-0.99,-1.13,7
3069.0,3027.0,3215.0,3204.0,4095.0,2640.0,2901.0,2816.0,-6.6,4.08,10.37,-0.05,-0.62,-0.45,7
3059.0,3024.0,3216.0,3203.0,4095.0,2640.0,2905.0,2810.0,-5.98,3.12,10.16,-0.34,0.21,-0.23,7
3071.0,3022.0,3219.0,3211.0,4095.0,2640.0,2902.0,2800.0,-5.86,0.81,10.85,-0.58,0.52,0.53,7
3071.0,3039.0,3221.0,3207.0,4095.0,2635.0,2896.0,2803.0,-3.77,0.42,9.67,-0.43,0.67,0.83,7
3056.0,3026.0,3213.0,3175.0,4095.0,2623.0,2886.0,2779.0,-3.36,5.5,7.56,-0.79,0.99,1.87,7
3057.0,3019.0,3206.0,3181.0,4095.0,2626.0,2890.0,2773.0,0.45,7.22,12.9,-1.87,0.36,2.24,7
3065.0,3037.0,3225.0,3174.0,4095.0,2630.0,2880.0,2755.0,5.45,13.04,12.34,-1.45,-0.69,2.44,7
3088.0,3028.0,3216.0,3184.0,4095.0,2631.0,2893.0,2777.0,6.09,13.25,13.94,-0.79,0.57,0.87,7
3058.0,3037.0,3217.0,3172.0,4095.0,2638.0,2897.0,2791.0,4.03,12.55,13.85,-0.51,-0.05,0.44,7
3069.0,3045.0,3228.0,3187.0,4095.0,2640.0,2897.0,2786.0,2.01,9.88,11.11,0.31,0.19,-0.31,7
3065.0,3030.0,3217.0,3189.0,4095.0,2647.0,2903.0,2800.0,0.78,8.32,10.72,-0.14,-0.07,-0.07,7
3059.0,3044.0,3221.0,3190.0,4095.0,2651.0,2903.0,2817.0,1.09,6.57,12.17,0.23,-0.2,-0.39,7
3061.0,3036.0,3233.0,3297.0,4095.0,2608.0,2927.0,2834.0,0.31,8.08,7.91,-0.1,0.43,-0.13,7
3063.0,3024.0,3214.0,2931.0,4095.0,2559.0,2901.0,2795.0,3.64,9.68,6.28,0.05,-0.31,0.02,7
3082.0,3039.0,3215.0,3046.0,4095.0,2555.0,2880.0,2739.0,7.63,10.96,5.57,-0.27,-0.81,-0.87,7
3061.0,3024.0,3219.0,3221.0,4095.0,2543.0,2885.0,2770.0,5.43,10.42,9.78,-0.6,-0.77,-1.66,7
3082.0,3030.0,3218.0,3257.0,4095.0,2559.0,2906.0,2790.0,3.77,8.98,10.54,-0.14,-1.39,-2.15,7
3079.0,3042.0,3216.0,3282.0,4095.0,2595.0,2917.0,2819.0,-3.13,5.55,10.95,-0.18,-0.85,-2.43,7
3067.0,3030.0,3207.0,3326.0,4095.0,2610.0,2927.0,2822.0,-8.26,3.92,12.33,-0.25,-1.01,-1.32,7
3071.0,3029.0,3215.0,3337.0,4095.0,2618.0,2927.0,2831.0,-7.41,3.36,11.79,0.04,-1.14,-0.96,7
3069.0,3027.0,3216.0,3342.0,4095.0,2621.0,2938.0,2838.0,-7.17,3.28,10.45,-0.24,-0.41,-0.41,7
3071.0,3031.0,3211.0,3334.0,4095.0,2619.0,2939.0,2841.0,-7.56,1.71,10.98,-0.51,0.07,0.39,7
3069.0,3024.0,3212.0,3349.0,4095.0,2625.0,2934.0,2849.0,-3.07,1.17,11.36,-0.73,-0.19,1.14,7
3070.0,3039.0,3222.0,3342.0,4095.0,2622.0,2929.0,2827.0,-1.43,2.52,10.68,-0.8,1.13,1.15,7
3071.0,3035.0,3206.0,3329.0,4095.0,2623.0,2931.0,2835.0,-2.38,6.83,11.05,-1.67,1.15,2.87,7
3071.0,3029.0,3207.0,3313.0,4095.0,2626.0,2935.0,2848.0,1.06,7.99,13.28,-1.24,-0.25,2.53,7
3062.0,3029.0,3221.0,3312.0,4095.0,2627.0,2930.0,2782.0,7.29,9.5,14.27,-1.57,-0.31,2.13,7
3071.0,3045.0,3226.0,3328.0,4095.0,2640.0,2941.0,2798.0,4.65,10.72,13.41,-0.28,0.69,0.7,7
3071.0,3034.0,3234.0,3354.0,4095.0,2640.0,2942.0,2800.0,2.92,7.54,13.09,-0.62,0.17,0.28,7
3083.0,3035.0,3216.0,3357.0,4095.0,2644.0,2947.0,2842.0,1.66,6.71,12.93,-0.23,0.13,0.22,7
3067.0,3024.0,3216.0,3364.0,4095.0,2640.0,2947.0,2841.0,3.04,6.69,12.96,-0.23,-0.35,0.1,7
3083.0,3046.0,3229.0,3366.0,4095.0,2646.0,2942.0,2839.0,2.88,5.72,13.63,-0.03,-0.14,-0.27,7
3062.0,3034.0,3186.0,3171.0,4095.0,2706.0,2923.0,2800.0,-3.22,9.74,7.45,0.17,-0.78,-0.03,7
3066.0,3040.0,3184.0,3178.0,4095.0,2711.0,2926.0,2811.0,-3.54,9.83,8.85,0.44,-0.43,-0.11,7
3082.0,3040.0,3208.0,3184.0,4095.0,2715.0,2927.0,2813.0,-5.62,7.67,9.24,0.12,0.46,0.46,7
3079.0,3031.0,3201.0,3187.0,4095.0,2706.0,2931.0,2802.0,-1.5,8.14,6.81,0.05,-0.21,0.12,7
3059.0,3031.0,3185.0,3191.0,4095.0,2704.0,2928.0,2814.0,-0.37,10.69,5.17,-0.42,0.35,-0.13,7
3063.0,3046.0,3191.0,3186.0,4095.0,2703.0,2917.0,2752.0,7.78,12.91,3.54,-0.09,-1.25,0.48,7
3056.0,3027.0,3197.0,3185.0,4095.0,2691.0,2913.0,2691.0,13.32,10.97,2.26,0.22,-2.28,-1.45,7
3068.0,3024.0,3199.0,3216.0,4095.0,2691.0,2927.0,2767.0,2.57,6.47,6.28,-0.43,-1.46,-2.43,7
3071.0,3051.0,3198.0,3199.0,4095.0,2703.0,2931.0,2800.0,-6.22,5.62,10.77,-0.91,-1.48,-1.87,7
3071.0,3024.0,3190.0,3206.0,4095.0,2709.0,2941.0,2823.0,-6.89,6.67,13.1,-0.22,-2.15,-0.89,7
3057.0,3033.0,3190.0,3210.0,4095.0,2718.0,2950.0,2844.0,-6.29,4.38,13.93,-0.28,-1.09,-0.43,7
3054.0,3024.0,3197.0,3217.0,4095.0,2716.0,2949.0,2835.0,-5.97,3.48,11.78,0.04,-0.11,-0.37,7
3071.0,3037.0,3191.0,3223.0,4095.0,2724.0,2950.0,2841.0,-6.84,1.3,10.01,-0.47,0.64,0.11,7
3061.0,3034.0,3196.0,3234.0,4095.0,2723.0,2953.0,2832.0,-5.96,-0.31,12.12,-0.85,0.68,1.19,7
3058.0,3034.0,3193.0,3236.0,4095.0,2717.0,2950.0,2800.0,-2.33,3.39,9.3,-0.62,0.87,1.88,7
3061.0,3024.0,3195.0,3235.0,4095.0,2721.0,2951.0,2816.0,2.17,6.44,11.54,-1.0,0.62,1.43,7
3067.0,3030.0,3191.0,3231.0,4095.0,2731.0,2941.0,2761.0,3.96,13.84,9.89,-2.02,0.33,2.63,7
3066.0,3034.0,3188.0,3248.0,4095.0,2731.0,2945.0,2768.0,7.9,12.77,12.15,-0.92,0.57,1.83,7
3081.0,3035.0,3188.0,3262.0,4095.0,2733.0,2945.0,2784.0,4.28,10.95,12.01,-1.45,0.61,1.12,7
3071.0,3037.0,3216.0,3270.0,4095.0,2732.0,2955.0,2807.0,2.81,9.99,11.77,-0.44,0.22,0.3,7
3067.0,3036.0,3203.0,3360.0,4095.0,2743.0,2992.0,2902.0,-0.36,8.64,8.36,-0.11,0.04,0.11,7
3068.0,3022.0,3206.0,3346.0,4095.0,2737.0,2992.0,2886.0,3.31,10.18,6.76,-0.14,-0.24,0.06,7
3067.0,3028.0,3200.0,3330.0,4095.0,2735.0,2985.0,2850.0,9.48,10.87,5.98,-0.37,-0.99,-0.76,7
3071.0,3028.0,3205.0,3300.0,4095.0,2735.0,2988.0,2874.0,6.37,9.57,8.99,-0.46,-1.22,-1.81,7
3069.0,3036.0,3216.0,3345.0,4095.0,2742.0,2991.0,2877.0,-0.81,8.48,11.29,-0.04,-0.91,-2.2,7
3071.0,3022.0,3214.0,3332.0,4095.0,2752.0,2992.0,2865.0,-2.24,7.03,12.28,-0.09,-1.56,-1.47,7
3071.0,3024.0,3214.0,3330.0,4095.0,2754.0,2996.0,2883.0,-5.97,4.8,12.69,0.16,-0.83,-1.13,7
3067.0,3037.0,3206.0,3328.0,4095.0,2751.0,2992.0,2877.0,-5.32,4.91,10.23,0.03,-0.37,-0.87,7
3063.0,3025.0,3216.0,3323.0,4095.0,2753.0,2999.0,2890.0,-6.25,3.5,10.03,-0.16,-0.12,-0.54,7
3067.0,3033.0,3204.0,3323.0,4095.0,2759.0,3002.0,2892.0,-5.91,2.1,10.41,-0.59,0.26,0.23,7
3083.0,3031.0,3204.0,3331.0,4095.0,2759.0,2998.0,2899.0,-4.56,1.32,10.96,-0.8,0.47,0.98,7
3071.0,3026.0,3213.0,3331.0,4095.0,2759.0,2997.0,2898.0,-3.33,1.36,11.47,-0.78,0.96,1.51,7
3061.0,3023.0,3212.0,3303.0,4095.0,2748.0,2993.0,2879.0,0.77,7.33,9.47,-0.88,0.28,1.93,7
3070.0,3040.0,3196.0,3299.0,4095.0,2743.0,2992.0,2870.0,4.76,10.95,11.37,-1.76,-0.19,2.38,7
3071.0,3027.0,3205.0,3330.0,4095.0,2759.0,2999.0,2882.0,4.35,8.51,14.72,-1.31,0.2,1.52,7
3081.0,3023.0,3205.0,3331.0,4095.0,2759.0,3002.0,2891.0,5.79,10.54,14.21,-1.2,-0.06,1.49,7
3082.0,3043.0,3215.0,3345.0,4095.0,2762.0,3002.0,2906.0,4.77,7.72,14.56,-0.03,-0.02,0.29,7
3071.0,3031.0,3205.0,3349.0,4095.0,2766.0,2999.0,2906.0,2.26,7.78,12.03,-0.13,0.16,-0.02,7
3057.0,3022.0,3214.0,3351.0,4095.0,2769.0,3007.0,2910.0,2.5,5.9,13.19,-0.14,-0.22,-0.39,7
3071.0,3039.0,3213.0,3345.0,4095.0,2768.0,3002.0,2915.0,1.72,5.87,12.98,0.1,-0.24,-0.22,7
3059.0,3035.0,3203.0,3381.0,4095.0,2767.0,3022.0,2941.0,-0.83,8.41,8.72,0.47,0.12,-0.29,7
3059.0,3033.0,3201.0,3376.0,4095.0,2755.0,3013.0,2929.0,-0.72,8.87,6.44,0.34,-0.1,-0.01,7
3067.0,3031.0,3205.0,3344.0,4095.0,2747.0,3005.0,2858.0,2.72,9.71,2.64,-0.31,-0.76,0.25,7
3056.0,3031.0,3209.0,3344.0,4095.0,2736.0,2992.0,2814.0,10.84,8.57,2.17,-0.72,-2.08,-0.9,7
3066.0,3031.0,3212.0,3374.0,4095.0,2752.0,2992.0,2795.0,9.92,7.81,8.34,-0.71,-2.74,-2.04,7
3056.0,3033.0,3215.0,3385.0,4095.0,2755.0,3007.0,2832.0,-3.18,6.88,17.48,-0.71,-0.86,-2.23,7
3070.0,3035.0,3209.0,3341.0,4095.0,2763.0,3015.0,2879.0,-7.79,6.12,17.28,0.02,-0.94,-1.17,7
3052.0,3024.0,3207.0,3345.0,4095.0,2755.0,3017.0,2909.0,-7.34,6.64,12.73,0.65,-1.11,-0.93,7
3069.0,3025.0,3209.0,3357.0,4095.0,2755.0,3013.0,2907.0,-6.14,5.38,10.52,0.13,0.05,-0.63,7
3059.0,3041.0,3217.0,3359.0,4095.0,2753.0,3014.0,2910.0,-5.22,4.55,8.42,-0.25,0.26,-0.1,7
3071.0,3029.0,3215.0,3370.0,4095.0,2758.0,3017.0,2914.0,-3.71,2.65,9.08,-0.97,0.57,0.14,7
3056.0,3024.0,3216.0,3372.0,4095.0,2765.0,3024.0,2911.0,-3.13,3.06,10.03,-1.05,0.52,0.83,7
3062.0,3026.0,3202.0,3375.0,4095.0,2761.0,3022.0,2907.0,-0.87,3.47,12.15,-1.07,0.09,1.36,7
3063.0,3035.0,3210.0,3392.0,4095.0,2761.0,3007.0,2881.0,1.56,6.84,13.05,-1.64,0.13,2.02,7
3059.0,3024.0,3216.0,3376.0,4095.0,2738.0,2997.0,2878.0,3.81,10.41,11.98,-1.13,0.12,2.12,7
3056.0,3019.0,3205.0,3395.0,4095.0,2737.0,3009.0,2896.0,4.43,8.77,14.01,-1.57,-0.22,1.95,7
3067.0,3030.0,3217.0,3413.0,4095.0,2755.0,3009.0,2894.0,3.92,9.71,12.67,-0.02,0.22,0.54,7
3057.0,3035.0,3211.0,3410.0,4095.0,2759.0,3014.0,2905.0,3.27,8.46,13.34,-0.39,-0.16,0.38,7
3062.0,3047.0,3216.0,3426.0,4095.0,2759.0,3013.0,2906.0,2.87,7.26,13.88,0.24,-0.2,-0.18,7
3071.0,3036.0,3203.0,3408.0,4095.0,2754.0,3011.0,2913.0,2.43,6.47,13.14,0.28,-0.28,-0.3,7
3084.0,3024.0,3209.0,3437.0,4095.0,2711.0,3006.0,2899.0,0.1,8.72,7.84,0.02,0.0,-0.02,7
3070.0,3037.0,3211.0,3407.0,4095.0,2710.0,2992.0,2847.0,2.35,9.6,7.88,0.42,-0.28,-0.09,7
3061.0,3022.0,3217.0,3369.0,4095.0,2703.0,2983.0,2790.0,6.84,10.71,4.57,0.41,-0.87,-0.19,7
3067.0,3029.0,3214.0,3365.0,4095.0,2695.0,2970.0,2767.0,9.79,11.71,4.14,-0.42,-1.61,-1.44,7
3059.0,3035.0,3215.0,3425.0,4095.0,2717.0,2982.0,2815.0,1.96,8.6,8.34,-0.25,-1.62,-1.84,7
3071.0,3041.0,3216.0,3412.0,4095.0,2719.0,2993.0,2840.0,-1.64,6.76,11.45,-0.44,-2.11,-1.79,7
3085.0,3026.0,3216.0,3410.0,4095.0,2724.0,2997.0,2849.0,-5.32,6.49,11.65,-0.02,-1.1,-1.57,7
3085.0,3033.0,3214.0,3394.0,4095.0,2727.0,3007.0,2863.0,-6.27,4.99,10.89,-0.27,-1.08,-0.73,7
3085.0,3046.0,3229.0,3404.0,4095.0,2722.0,3003.0,2864.0,-6.96,3.58,11.11,-0.4,-0.38,-0.48,7
3088.0,3025.0,3219.0,3406.0,4095.0,2729.0,3008.0,2875.0,-6.8,2.34,11.31,-0.72,0.29,0.29,7
3058.0,3042.0,3210.0,3397.0,4095.0,2732.0,3010.0,2871.0,-4.16,1.36,13.04,-0.68,1.41,0.95,7
3063.0,3023.0,3207.0,3291.0,4095.0,2723.0,2986.0,2745.0,-4.26,3.67,7.69,-1.01,2.98,1.26,7
3070.0,3025.0,3205.0,3322.0,4095.0,2727.0,2982.0,2735.0,-0.56,4.46,12.16,-2.23,0.25,1.93,7
3067.0,3021.0,3203.0,3251.0,4095.0,2733.0,2985.0,2736.0,4.88,11.79,12.21,-0.96,-0.68,1.72,7
3057.0,3022.0,3204.0,3312.0,4095.0,2741.0,2983.0,2736.0,6.33,10.67,14.59,-1.79,1.12,2.11,7
3083.0,3030.0,3214.0,3346.0,4095.0,2755.0,2992.0,2757.0,4.77,11.59,13.44,-1.15,0.1,1.28,7
3088.0,3033.0,3213.0,3360.0,4095.0,2749.0,2995.0,2770.0,3.35,8.83,12.9,-0.15,0.4,0.33,7
3071.0,3038.0,3209.0,3341.0,4095.0,2749.0,2999.0,2803.0,2.05,8.38,11.61,-0.12,0.05,0.13,7
3059.0,3017.0,3207.0,3344.0,4095.0,2747.0,3003.0,2811.0,1.7,7.3,12.37,-0.1,-0.2,0.09,7
3071.0,3040.0,3206.0,3359.0,4095.0,2754.0,3002.0,2816.0,1.57,6.9,12.35,0.08,-0.13,-0.19,7
3071.0,3041.0,3212.0,3417.0,4095.0,2754.0,3024.0,2911.0,-1.25,9.28,5.25,0.08,-0.03,-0.11,7
3071.0,3027.0,3229.0,3387.0,4095.0,2736.0,3019.0,2897.0,1.07,9.95,4.9,-0.01,-0.48,-0.14,7
3069.0,3039.0,3217.0,3264.0,4095.0,2717.0,3009.0,2875.0,8.94,11.43,5.23,0.02,-2.74,-0.14,7
3070.0,3024.0,3210.0,3351.0,4095.0,2720.0,3005.0,2864.0,5.34,10.5,6.51,0.27,-1.41,-1.91,7
3071.0,3032.0,3218.0,3401.0,4095.0,2736.0,3009.0,2878.0,-2.34,9.56,6.33,0.22,-0.96,-1.72,7
3083.0,3025.0,3217.0,3401.0,4095.0,2738.0,3011.0,2887.0,-5.64,7.37,8.03,-0.03,-1.89,-1.2,7
3063.0,3035.0,3224.0,3394.0,4095.0,2749.0,3025.0,2901.0,-4.98,6.33,8.51,-0.24,-2.16,-1.17,7
3059.0,3029.0,3219.0,3413.0,4095.0,2747.0,3024.0,2907.0,-7.54,4.85,10.62,-0.62,-0.95,-0.77,7
3057.0,3025.0,3216.0,3413.0,4095.0,2757.0,3035.0,2905.0,-8.21,3.82,11.09,-0.46,-0.39,-0.28,7
3086.0,3034.0,3219.0,3414.0,4095.0,2746.0,3027.0,2901.0,-8.21,3.63,9.75,-0.55,0.09,0.29,7
3066.0,3027.0,3227.0,3414.0,4095.0,2756.0,3038.0,2917.0,-6.36,2.67,10.07,-0.77,0.46,1.12,7
3062.0,3021.0,3207.0,3419.0,4095.0,2753.0,3031.0,2916.0,-3.33,2.54,10.11,-1.24,0.55,1.75,7
3063.0,3024.0,3219.0,3430.0,4095.0,2752.0,3033.0,2906.0,-0.75,6.1,10.07,-1.43,0.83,1.99,7
3081.0,3036.0,3209.0,3434.0,4095.0,2751.0,3024.0,2897.0,2.43,7.87,10.82,-1.67,0.83,2.18,7
3071.0,3032.0,3203.0,3420.0,4095.0,2753.0,3026.0,2864.0,5.73,12.45,10.72,-1.93,0.12,1.81,7
3061.0,3036.0,3216.0,3429.0,4095.0,2761.0,3027.0,2887.0,5.99,12.45,14.57,-1.02,0.42,1.08,7
3083.0,3042.0,3214.0,3440.0,4095.0,2753.0,3024.0,2883.0,4.28,10.68,14.51,-0.13,0.18,0.17,7
3065.0,3039.0,3207.0,3430.0,4095.0,2755.0,3024.0,2896.0,0.99,9.78,11.36,0.22,0.28,-0.27,7
3080.0,3037.0,3205.0,3442.0,4095.0,2760.0,3027.0,2902.0,0.51,7.52,11.44,0.31,-0.23,-0.15,7
3065.0,3027.0,3216.0,3437.0,4095.0,2757.0,3027.0,2902.0,0.67,6.86,10.58,0.3,-0.21,-0.3,7
3088.0,3024.0,3222.0,3487.0,4095.0,2762.0,3045.0,2963.0,-1.25,8.9,6.67,-0.12,0.04,-0.03,7
3059.0,3024.0,3202.0,3383.0,4095.0,2749.0,3041.0,2953.0,2.57,10.69,5.48,0.17,-0.67,0.2,7
3066.0,3027.0,3223.0,3482.0,4095.0,2736.0,3031.0,2934.0,8.28,10.56,4.88,-0.48,-1.49,-0.66,7
3087.0,3039.0,3215.0,3504.0,4095.0,2736.0,3029.0,2931.0,5.94,11.29,6.5,-0.24,-2.14,-1.13,7
3071.0,3041.0,3218.0,3510.0,4095.0,2747.0,3031.0,2948.0,1.29,8.67,10.13,-0.17,-1.48,-2.01,7
3085.0,3031.0,3222.0,3489.0,4095.0,2763.0,3041.0,2944.0,-4.38,5.85,11.35,-0.3,-0.78,-1.98,7
3057.0,3021.0,3217.0,3479.0,4095.0,2764.0,3046.0,2958.0,-6.57,4.74,12.52,-0.17,-1.32,-1.73,7
3071.0,3031.0,3199.0,3482.0,4095.0,2755.0,3022.0,2959.0,-8.43,4.8,11.3,0.25,-0.89,-1.16,7
3088.0,3027.0,3209.0,3499.0,4095.0,2703.0,2953.0,2845.0,-7.15,3.9,9.63,-0.07,-0.38,-0.3,7
3069.0,3037.0,3193.0,3487.0,4095.0,2695.0,2941.0,2835.0,-7.21,3.95,9.32,-0.34,0.25,0.24,7
3067.0,3024.0,3198.0,3499.0,4095.0,2710.0,2965.0,2867.0,-5.7,2.03,11.28,-0.49,0.6,1.07,7
3056.0,3019.0,3200.0,3462.0,4095.0,2720.0,2982.0,2879.0,-2.74,2.65,10.78,-0.41,0.91,1.35,7
3061.0,3038.0,3203.0,3434.0,4095.0,2727.0,2985.0,2878.0,-1.21,4.1,10.09,-0.78,1.28,1.25,7
3067.0,3029.0,3189.0,3264.0,4095.0,2701.0,2962.0,2866.0,-0.93,9.11,7.86,-1.08,0.76,1.15,7
3069.0,3034.0,3210.0,3271.0,4095.0,2683.0,2957.0,2853.0,3.37,11.21,11.39,-1.67,-0.27,1.83,7
3071.0,3024.0,3198.0,3280.0,4095.0,2704.0,2958.0,2853.0,6.79,13.82,13.21,-1.57,-0.23,1.44,7
3068.0,3037.0,3206.0,3329.0,4095.0,2721.0,2974.0,2879.0,4.4,11.0,13.34,-0.5,0.39,0.97,7
3059.0,3015.0,3191.0,3341.0,4095.0,2733.0,2981.0,2886.0,2.51,9.85,11.36,-0.36,0.4,0.34,7
3071.0,3020.0,3215.0,3355.0,4095.0,2744.0,2992.0,2894.0,1.04,7.98,12.0,-0.17,0.09,0.03,7
3062.0,3043.0,3198.0,3363.0,4095.0,2742.0,2994.0,2899.0,1.03,7.07,11.78,-0.1,-0.0,-0.02,7
3070.0,3029.0,3206.0,3483.0,4095.0,2687.0,3013.0,2943.0,-0.99,9.3,7.14,-0.03,0.17,-0.06,7
3067.0,3026.0,3210.0,3458.0,4095.0,2689.0,3020.0,2943.0,1.27,9.75,6.39,-0.03,-0.2,0.02,7
3068.0,3029.0,3213.0,3371.0,4095.0,2682.0,3015.0,2894.0,7.47,11.07,4.31,-0.02,-1.33,-0.36,7
3087.0,3039.0,3216.0,3418.0,4095.0,2689.0,3009.0,2895.0,5.87,10.09,6.43,-0.47,-1.18,-1.39,7
3070.0,3033.0,3215.0,3466.0,4095.0,2710.0,3024.0,2929.0,2.9,9.39,8.95,-0.47,-1.66,-1.54,7
3056.0,3027.0,3201.0,3379.0,4095.0,2742.0,3024.0,2931.0,-0.64,7.74,10.39,-0.12,-1.73,-2.38,7
3065.0,3027.0,3214.0,3312.0,4095.0,2751.0,3030.0,2956.0,-5.12,6.09,11.06,-0.1,-1.29,-1.48,7
3078.0,3031.0,3216.0,3374.0,4095.0,2766.0,3039.0,2955.0,-5.83,4.38,12.08,-0.19,-0.91,-1.46,7
3056.0,3039.0,3211.0,3374.0,4095.0,2768.0,3042.0,2950.0,-8.59,3.99,10.25,-0.14,0.04,-0.62,7
3069.0,3024.0,3202.0,3363.0,4095.0,2768.0,3043.0,2929.0,-9.05,3.06,10.53,-0.37,0.19,-0.25,7
3082.0,3024.0,3212.0,3373.0,4095.0,2779.0,3047.0,2963.0,-6.85,2.76,10.27,-0.51,0.05,0.87,7
3066.0,3031.0,3221.0,3362.0,4095.0,2778.0,3051.0,2950.0,-4.22,2.08,10.52,-0.92,0.33,1.28,7
3070.0,3034.0,3220.0,3343.0,4095.0,2769.0,3041.0,2943.0,0.51,2.94,11.32,-0.7,1.6,1.56,7
3066.0,3015.0,3207.0,3356.0,4095.0,2762.0,3037.0,2936.0,-1.67,8.06,10.08,-1.81,1.6,2.5,7
3082.0,3024.0,3209.0,3374.0,4095.0,2758.0,3040.0,2945.0,2.82,9.12,13.36,-1.19,-0.18,2.84,7
3071.0,3023.0,3201.0,3376.0,4095.0,2757.0,3036.0,2885.0,4.4,9.26,13.07,-1.18,0.42,1.88,7
3071.0,3030.0,3203.0,3379.0,4095.0,2762.0,3030.0,2894.0,4.9,11.27,12.99,-0.59,0.22,1.12,7
3063.0,3037.0,3222.0,3392.0,4095.0,2771.0,3043.0,2910.0,5.06,8.71,13.56,-0.3,-0.03,0.32,7
3071.0,3026.0,3221.0,3394.0,4095.0,2770.0,3040.0,2914.0,3.42,8.97,12.01,0.11,0.11,-0.02,7
3066.0,3025.0,3216.0,3395.0,4095.0,2768.0,3041.0,2928.0,2.7,7.3,11.62,0.08,-0.16,-0.29,7
3082.0,3037.0,3215.0,3207.0,4095.0,2673.0,2987.0,2874.0,-0.55,10.28,7.51,0.16,0.01,-0.03,7
3057.0,3027.0,3209.0,3195.0,4095.0,2671.0,2990.0,2874.0,1.15,10.17,6.98,0.14,-0.29,0.02,7
3068.0,3029.0,3205.0,3169.0,4095.0,2646.0,2965.0,2849.0,7.12,10.54,6.4,0.44,-1.25,-0.96,7
3060.0,3034.0,3212.0,3152.0,4095.0,2642.0,2967.0,2838.0,8.05,10.94,5.95,-0.06,-1.66,-1.26,7
3070.0,3037.0,3200.0,3188.0,4095.0,2672.0,2989.0,2880.0,4.01,9.27,7.94,0.29,-1.95,-2.26,7
3069.0,3021.0,3203.0,3205.0,4095.0,2681.0,2990.0,2885.0,-2.1,7.65,8.55,0.12,-1.69,-1.93,7
3071.0,3031.0,3199.0,3216.0,4095.0,2689.0,3005.0,2897.0,-7.28,6.24,9.64,-0.13,-1.21,-1.42,7
3061.0,3024.0,3203.0,3223.0,4095.0,2691.0,3010.0,2885.0,-6.59,5.14,8.69,-0.22,-1.55,-1.43,7
3071.0,3023.0,3198.0,3248.0,4095.0,2704.0,3021.0,2897.0,-8.35,2.72,9.79,-0.62,-0.71,-0.63,7
3067.0,3031.0,3203.0,3253.0,4095.0,2704.0,3025.0,2905.0,-9.28,2.43,11.04,-0.86,0.11,0.02,7
3071.0,3038.0,3205.0,3267.0,4095.0,2717.0,3031.0,2907.0,-6.75,2.28,11.09,-0.61,0.08,0.8,7
3081.0,3035.0,3206.0,3271.0,4095.0,2718.0,3026.0,2919.0,-5.26,2.22,11.56,-1.1,0.76,1.69,7
3071.0,3025.0,3203.0,3271.0,4095.0,2719.0,3026.0,2926.0,-1.66,5.55,11.03,-0.72,0.64,2.04,7
3062.0,3024.0,3200.0,3275.0,4095.0,2717.0,3024.0,2926.0,0.0,6.07,12.03,-1.24,0.71,2.46,7
3071.0,3021.0,3203.0,3264.0,4095.0,2717.0,3022.0,2914.0,3.66,8.74,11.15,-1.34,0.46,2.31,7
3062.0,3022.0,3216.0,3261.0,4095.0,2710.0,3017.0,2896.0,6.16,10.55,12.62,-0.76,0.12,1.81,7
3065.0,3027.0,3215.0,3221.0,4095.0,2721.0,3023.0,2917.0,5.69,9.46,14.35,-0.62,0.25,1.35,7
3058.0,3023.0,3221.0,3235.0,4095.0,2731.0,3027.0,2927.0,5.87,9.41,12.18,-0.0,0.12,0.67,7
3071.0,3022.0,3213.0,3246.0,4095.0,2731.0,3030.0,2924.0,3.98,8.81,10.54,0.17,-0.12,0.09,7
3071.0,3024.0,3222.0,3252.0,4095.0,2736.0,3033.0,2927.0,2.84,8.11,10.56,0.2,-0.13,-0.25,7
3063.0,3030.0,3210.0,3280.0,4095.0,2743.0,3063.0,2925.0,0.59,10.72,6.58,-0.09,0.28,0.11,7
3071.0,3043.0,3200.0,3279.0,4095.0,2741.0,3056.0,2901.0,7.29,12.16,4.43,0.31,-0.76,-0.35,7
3071.0,3035.0,3203.0,3278.0,4095.0,2729.0,3044.0,2861.0,9.5,13.32,3.07,0.1,-1.44,-1.23,7
3057.0,3021.0,3201.0,3265.0,4095.0,2736.0,3051.0,2927.0,3.89,9.99,6.58,-0.45,-1.89,-2.23,7
3056.0,3024.0,3199.0,3282.0,4095.0,2746.0,3056.0,2950.0,-3.14,6.54,11.71,-0.52,-1.59,-2.35,7
3055.0,3030.0,3196.0,3278.0,4095.0,2756.0,3050.0,2950.0,-6.63,5.14,10.71,0.25,-1.89,-1.43,7
3079.0,3023.0,3203.0,3270.0,4095.0,2759.0,3055.0,2960.0,-7.17,3.28,10.74,-0.72,-1.22,-1.23,7
3082.0,3035.0,3214.0,3271.0,4095.0,2755.0,3056.0,2960.0,-6.57,3.65,11.34,-0.28,-0.97,-0.53,7
3065.0,3025.0,3200.0,3280.0,4095.0,2759.0,3066.0,2970.0,-8.27,3.03,11.57,-0.4,-0.19,0.02,7
3082.0,3031.0,3206.0,3290.0,4095.0,2758.0,3069.0,2976.0,-6.49,3.39,11.33,-0.46,0.15,0.73,7
3068.0,3031.0,3204.0,3312.0,4095.0,2763.0,3083.0,2974.0,-4.16,1.11,12.72,-0.33,0.51,1.41,7
3071.0,3025.0,3215.0,3328.0,4095.0,2768.0,3084.0,2973.0,0.16,2.53,11.53,-0.32,0.07,1.69,7
3070.0,3040.0,3219.0,3335.0,4095.0,2759.0,3061.0,2944.0,-0.7,6.83,9.4,-0.35,0.7,2.47,7
3067.0,3024.0,3212.0,3329.0,4095.0,2768.0,3071.0,2944.0,4.38,9.62,10.23,-0.86,0.44,2.56,7
3060.0,3024.0,3216.0,3289.0,4095.0,2749.0,3055.0,2868.0,7.54,15.07,8.99,-0.67,0.27,2.14,7
3056.0,3024.0,3202.0,3318.0,4095.0,2763.0,3059.0,2913.0,5.87,11.46,11.33,-0.25,0.71,1.07,7
3066.0,3029.0,3206.0,3323.0,4095.0,2755.0,3061.0,2919.0,3.49,10.24,10.47,-0.03,0.72,0.47,7
3091.0,3040.0,3219.0,3326.0,4095.0,2759.0,3062.0,2928.0,3.5,9.63,9.82,0.04,0.33,0.14,7
3062.0,3031.0,3216.0,3323.0,4095.0,2763.0,3069.0,2933.0,4.08,8.15,9.96,0.01,-0.12,-0.22,7
3079.0,3031.0,3209.0,3323.0,4095.0,2767.0,3069.0,2937.0,2.22,7.78,10.05,-0.23,-0.02,-0.12,7
3082.0,3043.0,3214.0,3375.0,4095.0,2733.0,3056.0,2941.0,6.14,11.54,3.37,0.03,-0.12,-0.7,7
3066.0,3023.0,3210.0,3371.0,4095.0,2727.0,3058.0,2951.0,9.62,11.3,4.86,-0.79,-1.98,-1.74,7
3060.0,3037.0,3216.0,3387.0,4095.0,2750.0,3070.0,2955.0,1.72,7.01,9.98,-0.72,-1.24,-2.55,7
3071.0,3029.0,3206.0,3306.0,4095.0,2752.0,3069.0,2986.0,-7.47,5.69,12.2,-0.05,-0.88,-1.67,7
3063.0,3025.0,3216.0,3300.0,4095.0,2762.0,3071.0,2982.0,-7.51,5.38,11.45,-0.0,-1.41,-1.17,7
3091.0,3043.0,3216.0,3321.0,4095.0,2765.0,3071.0,2991.0,-6.15,5.92,10.01,0.04,-1.25,-0.56,7
3085.0,3035.0,3209.0,3337.0,4095.0,2767.0,3082.0,2998.0,-5.09,5.35,9.29,-0.46,-0.48,-0.24,7
3063.0,3034.0,3205.0,3350.0,4095.0,2768.0,3088.0,2999.0,-7.22,4.02,10.42,-0.83,0.36,0.08,7
3059.0,3035.0,3216.0,3354.0,4095.0,2768.0,3088.0,3015.0,-5.59,1.75,10.92,-0.88,0.22,0.86,7
3067.0,3039.0,3210.0,3346.0,4095.0,2770.0,3088.0,2997.0,-3.59,1.94,10.52,-0.91,0.63,1.6,7
3071.0,3025.0,3216.0,3374.0,4095.0,2769.0,3088.0,2996.0,-0.98,4.14,12.11,-0.98,0.39,2.14,7
3062.0,3024.0,3206.0,3377.0,4095.0,2769.0,3088.0,2987.0,0.64,6.72,11.5,-0.74,0.38,2.51,7
3066.0,3031.0,3213.0,3376.0,4095.0,2768.0,3086.0,2965.0,5.82,9.66,11.44,-0.88,-0.05,2.72,7
3061.0,3037.0,3225.0,3374.0,4095.0,2752.0,3056.0,2898.0,6.97,12.79,11.11,-0.66,-0.07,2.59,7
3067.0,3029.0,3219.0,3391.0,4095.0,2759.0,3071.0,2896.0,9.23,9.36,14.49,-0.39,-0.35,1.38,7
3067.0,3027.0,3212.0,3393.0,4095.0,2759.0,3071.0,2906.0,6.38,9.22,11.13,0.46,0.3,-0.14,7
3071.0,3026.0,3215.0,3403.0,4095.0,2765.0,3084.0,2935.0,3.18,7.53,10.42,0.15,0.1,-0.46,7
3067.0,3037.0,3213.0,3405.0,4095.0,2773.0,3082.0,2946.0,2.16,6.74,11.03,0.01,-0.05,-0.35,7
3071.0,3024.0,3226.0,3408.0,4095.0,2773.0,3093.0,2951.0,2.48,6.54,11.46,-0.01,-0.19,-0.25,7
3081.0,3040.0,3216.0,3413.0,4095.0,2768.0,3083.0,2951.0,3.11,6.66,11.09,0.04,-0.18,-0.26,7
3085.0,3039.0,3218.0,3377.0,4095.0,2736.0,3038.0,2885.0,2.87,9.9,6.4,-0.02,-0.33,-0.1,7
3087.0,3027.0,3215.0,3370.0,4095.0,2738.0,3041.0,2846.0,8.1,9.85,4.53,0.08,-0.8,-0.58,7
3067.0,3049.0,3205.0,3376.0,4095.0,2735.0,3034.0,2847.0,6.17,9.31,5.52,-0.21,-1.21,-1.17,7
3071.0,3035.0,3206.0,3377.0,4095.0,2742.0,3041.0,2874.0,3.13,9.41,7.73,-0.43,-2.1,-1.66,7
3071.0,3031.0,3206.0,3374.0,4095.0,2748.0,3046.0,2886.0,-2.26,8.33,11.67,-0.59,-1.78,-1.76,7
3061.0,3025.0,3210.0,3364.0,4095.0,2749.0,3053.0,2867.0,-1.46,8.28,10.7,-0.25,-2.02,-1.38,7
3081.0,3029.0,3214.0,3375.0,4095.0,2757.0,3057.0,2883.0,-4.05,6.18,12.17,-0.43,-1.1,-1.24,7
3070.0,3040.0,3207.0,3376.0,4095.0,2754.0,3054.0,2834.0,-3.76,6.68,11.31,-0.29,-0.65,-1.04,7
3071.0,3030.0,3215.0,3376.0,4095.0,2754.0,3057.0,2885.0,-4.68,6.58,10.8,-0.14,-0.33,-0.55,7
3058.0,3038.0,3215.0,3376.0,4095.0,2753.0,3055.0,2893.0,-4.65,6.08,9.96,-0.15,-0.01,-0.15,7
3085.0,3033.0,3211.0,3376.0,4095.0,2751.0,3056.0,2906.0,-3.22,4.95,9.27,-0.43,0.24,0.21,7
3085.0,3026.0,3203.0,3328.0,4095.0,2737.0,3053.0,2907.0,-3.55,2.88,10.6,-0.99,0.59,0.74,7
3071.0,3023.0,3201.0,3269.0,4095.0,2722.0,3042.0,2897.0,-1.27,3.61,10.3,-0.85,0.23,1.37,7
3068.0,3030.0,3211.0,3277.0,4095.0,2722.0,3047.0,2905.0,-2.52,4.82,11.03,-0.95,0.55,1.66,7
3060.0,3022.0,3209.0,3289.0,4095.0,2738.0,3056.0,2907.0,1.68,6.34,11.12,-0.87,0.05,2.24,7
3062.0,3046.0,3206.0,3247.0,4095.0,2749.0,3051.0,2891.0,5.3,9.1,11.25,-0.51,-0.26,2.01,7
3069.0,3024.0,3203.0,3237.0,4095.0,2750.0,3053.0,2890.0,5.97,8.65,13.19,-0.69,0.16,1.5,7
3056.0,3021.0,3199.0,3220.0,4095.0,2752.0,3052.0,2894.0,6.34,10.15,11.99,-0.37,0.13,0.83,7
3070.0,3019.0,3218.0,3238.0,4095.0,2760.0,3058.0,2897.0,4.68,9.4,11.99,-0.41,0.28,0.71,7
3071.0,3031.0,3216.0,3247.0,4095.0,2759.0,3056.0,2902.0,4.64,8.17,12.04,-0.32,0.03,0.19,7
3071.0,3043.0,3218.0,3275.0,4095.0,2767.0,3086.0,2923.0,5.17,10.27,5.54,-0.1,-1.07,0.05,7
3069.0,3021.0,3207.0,3269.0,4095.0,2771.0,3088.0,2894.0,8.09,10.6,6.14,-0.32,-1.11,-1.15,7
3062.0,3021.0,3215.0,3285.0,4095.0,2771.0,3087.0,2919.0,5.15,10.02,8.12,-0.36,-1.83,-1.61,7
3069.0,3037.0,3206.0,3287.0,4095.0,2770.0,3085.0,2933.0,1.09,8.24,9.2,-0.12,-1.86,-2.32,7
3079.0,3043.0,3207.0,3266.0,4095.0,2777.0,3088.0,2916.0,-4.16,7.1,10.13,-0.38,-1.23,-2.03,7
3063.0,3024.0,3214.0,3250.0,4095.0,2775.0,3088.0,2941.0,-4.5,5.59,12.24,-0.36,-1.67,-1.53,7
3071.0,3025.0,3207.0,3248.0,4095.0,2783.0,3095.0,2955.0,-4.53,7.04,10.55,0.14,-1.3,-0.97,7
3061.0,3027.0,3197.0,3253.0,4095.0,2774.0,3091.0,2953.0,-4.72,5.34,11.01,-0.36,-0.5,-0.87,7
3062.0,3024.0,3215.0,3239.0,4095.0,2777.0,3097.0,2959.0,-6.98,4.47,10.88,-0.34,0.25,-0.35,7
3062.0,3030.0,3207.0,3233.0,4095.0,2779.0,3103.0,2970.0,-6.45,3.07,9.49,-0.37,0.33,0.46,7
3069.0,3021.0,3210.0,3226.0,4095.0,2774.0,3102.0,2967.0,-5.78,2.55,9.41,-0.67,0.63,0.67,7
3071.0,3035.0,3203.0,3213.0,4095.0,2778.0,3091.0,2963.0,-4.45,1.91,10.09,-0.95,0.45,1.5,7
3061.0,3029.0,3212.0,3207.0,4095.0,2781.0,3097.0,2957.0,1.03,4.53,12.45,-1.0,-0.15,1.84,7
3067.0,3027.0,3206.0,3211.0,4095.0,2774.0,3084.0,2930.0,4.13,8.09,11.97,-0.47,-0.05,2.16,7
3061.0,3031.0,3213.0,3198.0,4095.0,2787.0,3081.0,2931.0,5.02,9.72,12.37,-1.07,0.68,1.92,7
3067.0,3014.0,3207.0,3185.0,4095.0,2781.0,3081.0,2926.0,6.12,13.1,11.6,-0.86,0.18,1.42,7
3071.0,3031.0,3218.0,3221.0,4095.0,2795.0,3090.0,2946.0,5.01,8.73,14.41,-0.3,0.05,0.7,7
3060.0,3047.0,3216.0,3226.0,4095.0,2794.0,3088.0,2930.0,3.21,9.45,11.29,0.14,0.16,0.31,7
3059.0,3035.0,3216.0,3220.0,4095.0,2795.0,3087.0,2942.0,2.34,7.92,11.35,-0.1,-0.02,0.05,7
3066.0,3033.0,3214.0,3229.0,4095.0,2798.0,3090.0,2948.0,1.94,7.21,11.35,-0.0,-0.07,-0.17,7
3058.0,3030.0,3218.0,3376.0,4095.0,2677.0,3061.0,2967.0,-0.35,9.54,7.04,-0.05,0.08,-0.06,7
3058.0,3030.0,3218.0,3376.0,4095.0,2677.0,3061.0,2967.0,-0.35,9.54,7.04,-0.05,0.08,-0.06,7
3083.0,3037.0,3214.0,3334.0,4095.0,2670.0,3054.0,2945.0,3.24,11.09,5.02,-0.07,-0.46,0.17,7
3069.0,3030.0,3212.0,3319.0,4095.0,2651.0,3038.0,2869.0,10.84,13.5,2.04,-0.06,-1.88,0.02,7
3066.0,3030.0,3226.0,3337.0,4095.0,2657.0,3040.0,2837.0,13.2,7.75,5.36,-0.54,-2.59,-1.92,7
3062.0,3037.0,3216.0,3387.0,4095.0,2678.0,3063.0,2933.0,0.38,4.65,10.14,-0.84,-1.26,-3.71,7
3071.0,3019.0,3225.0,3366.0,4095.0,2679.0,3070.0,2963.0,-9.46,4.64,14.14,-0.78,-1.34,-1.85,7
3056.0,3037.0,3214.0,3376.0,4095.0,2679.0,3071.0,2977.0,-4.72,4.89,12.16,-0.01,-2.1,-1.63,7
3055.0,3029.0,3203.0,3379.0,4095.0,2687.0,3080.0,2973.0,-5.89,4.82,12.04,-0.55,-0.77,-1.23,7
3071.0,3030.0,3219.0,3386.0,4095.0,2690.0,3070.0,2991.0,-7.81,4.91,11.87,-0.51,0.02,-0.44,7
3071.0,3036.0,3212.0,3381.0,4095.0,2692.0,3085.0,2992.0,-6.85,4.94,11.33,-0.36,-0.09,0.1,7
3070.0,3026.0,3218.0,3383.0,4095.0,2690.0,3085.0,2989.0,-5.74,3.96,10.84,-0.6,0.52,0.64,7
3067.0,3024.0,3209.0,3374.0,4095.0,2686.0,3084.0,2992.0,-5.88,1.52,11.87,-0.64,0.76,1.3,7
3060.0,3024.0,3216.0,3376.0,4095.0,2693.0,3088.0,2981.0,-3.16,1.41,12.89,-0.61,0.93,2.33,7
3067.0,3029.0,3216.0,3373.0,4095.0,2688.0,3071.0,2986.0,-1.54,4.0,11.13,-0.96,1.34,2.84,7
3069.0,3027.0,3216.0,3347.0,4095.0,2678.0,3071.0,2965.0,3.02,7.35,11.17,-1.24,0.99,3.42,7
3053.0,3024.0,3211.0,3347.0,4095.0,2687.0,3061.0,2917.0,8.31,8.8,13.58,-1.32,0.08,2.97,7
3070.0,3030.0,3222.0,3375.0,4095.0,2690.0,3067.0,2918.0,10.1,8.6,14.83,-0.28,0.67,1.56,7
3068.0,3027.0,3221.0,3377.0,4095.0,2693.0,3067.0,2911.0,7.46,9.2,12.18,-0.05,0.46,0.36,7
3071.0,3030.0,3213.0,3372.0,4095.0,2690.0,3068.0,2926.0,2.91,7.99,11.19,-0.01,0.21,-0.2,7
3067.0,3024.0,3056.0,3230.0,4095.0,2688.0,2788.0,2549.0,3.32,11.59,4.76,-0.01,-1.24,-0.0,7
3067.0,3024.0,3065.0,3166.0,4095.0,2753.0,2793.0,2554.0,12.84,10.9,4.74,0.09,-2.43,-1.23,7
3054.0,3024.0,3056.0,3152.0,4095.0,2793.0,2805.0,2559.0,5.56,9.79,7.39,0.02,-2.0,-2.53,7
3057.0,3025.0,3061.0,3166.0,4095.0,2797.0,2815.0,2549.0,-3.65,7.06,11.21,0.21,-2.12,-2.5,7
3071.0,3021.0,3056.0,3163.0,4095.0,2800.0,2829.0,2559.0,-7.43,4.9,12.38,0.11,-1.69,-2.01,7
3071.0,3024.0,3050.0,3151.0,4095.0,2802.0,2841.0,2559.0,-7.87,4.26,10.2,0.47,-2.0,-1.4,7
3067.0,3017.0,3065.0,3126.0,4095.0,2795.0,2846.0,2559.0,-8.46,3.59,10.8,-0.25,-0.84,-0.91,7
3056.0,3026.0,3054.0,3120.0,4095.0,2785.0,2843.0,2559.0,-9.92,2.62,10.49,-0.45,-0.12,0.01,7
3057.0,3014.0,3049.0,3112.0,4095.0,2790.0,2846.0,2559.0,-9.23,1.93,9.65,-0.72,0.57,0.4,7
3067.0,3031.0,3058.0,3110.0,4095.0,2800.0,2833.0,2559.0,-7.53,1.38,10.18,-1.48,0.42,2.04,7
3071.0,3024.0,3053.0,3127.0,4095.0,2791.0,2837.0,2559.0,-1.71,1.08,14.74,-0.74,0.63,1.7,7
3082.0,3024.0,3063.0,3067.0,4095.0,2772.0,2817.0,2559.0,-0.52,5.23,10.84,-0.92,1.11,2.93,7
3059.0,3007.0,3047.0,3057.0,4095.0,2752.0,2813.0,2559.0,4.28,10.74,10.05,-1.8,0.89,2.48,7
3055.0,3017.0,3062.0,3055.0,4095.0,2750.0,2829.0,2559.0,5.82,11.86,12.43,-1.31,0.64,1.74,7
3054.0,3017.0,3058.0,3041.0,4095.0,2749.0,2837.0,2585.0,5.16,12.21,13.96,-0.98,0.39,1.1,7
3057.0,3009.0,3048.0,3050.0,4095.0,2762.0,2846.0,2597.0,2.0,9.43,11.29,-0.17,0.45,0.44,7
3057.0,3021.0,3065.0,3049.0,4095.0,2752.0,2849.0,2594.0,1.43,8.32,10.86,-0.14,-0.1,0.22,7
3059.0,3033.0,3062.0,3056.0,4095.0,2747.0,2853.0,2605.0,1.84,8.36,11.89,-0.17,-0.01,-0.06,7
3056.0,3011.0,3062.0,3088.0,4095.0,2748.0,2859.0,2608.0,0.81,7.39,12.23,0.05,0.01,-0.23,7
3062.0,3025.0,3067.0,3104.0,4095.0,2756.0,2864.0,2615.0,0.36,7.44,12.18,0.2,-0.03,-0.29,7
3064.0,3023.0,3079.0,3087.0,4095.0,2683.0,2941.0,2709.0,6.37,10.89,5.76,0.15,-0.44,-0.55,7
3064.0,3023.0,3079.0,3087.0,4095.0,2683.0,2941.0,2709.0,6.37,10.89,5.76,0.15,-0.44,-0.55,7
3068.0,3030.0,3059.0,3102.0,4095.0,2703.0,2945.0,2709.0,8.9,10.45,6.16,0.17,-1.55,-1.42,7
3063.0,3012.0,3069.0,3123.0,4095.0,2718.0,2959.0,2727.0,3.27,8.75,9.08,-0.2,-2.2,-2.15,7
3061.0,3026.0,3056.0,3135.0,4095.0,2723.0,2959.0,2737.0,-3.5,7.46,11.82,0.13,-1.96,-2.21,7
3070.0,3014.0,3056.0,3071.0,4095.0,2726.0,2960.0,2733.0,-5.84,6.78,11.15,0.36,-2.03,-1.35,7
3058.0,3041.0,3058.0,3087.0,4095.0,2726.0,2966.0,2737.0,-5.15,5.5,11.36,-0.12,-1.69,-1.53,7
3062.0,3011.0,3057.0,3095.0,4095.0,2734.0,2967.0,2736.0,-6.65,3.81,11.18,-0.3,-0.81,-0.7,7
3060.0,3034.0,3066.0,3109.0,4095.0,2736.0,2966.0,2734.0,-7.8,2.98,10.81,-0.42,-0.13,-0.33,7
3066.0,3025.0,3065.0,3114.0,4095.0,2740.0,2973.0,2726.0,-6.94,2.89,9.96,-0.67,0.15,0.44,7
3055.0,3012.0,3079.0,3115.0,4095.0,2737.0,2972.0,2732.0,-4.01,2.64,10.81,-1.03,0.17,1.28,7
3065.0,3018.0,3067.0,3111.0,4095.0,2741.0,2962.0,2735.0,-2.12,2.6,12.48,-1.0,0.39,1.92,7
3056.0,3025.0,3063.0,3132.0,4095.0,2733.0,2960.0,2719.0,0.2,6.34,9.98,-1.07,0.51,2.63,7
3061.0,3022.0,3051.0,3141.0,4095.0,2729.0,2953.0,2727.0,2.78,5.43,12.97,-1.59,0.34,2.6,7
3065.0,3009.0,3056.0,3109.0,4095.0,2736.0,2955.0,2710.0,4.33,10.07,12.68,-0.55,0.19,2.14,7
3069.0,3026.0,3081.0,3133.0,4095.0,2738.0,2955.0,2689.0,6.63,9.08,14.5,-0.91,0.53,1.64,7
3065.0,3024.0,3083.0,3136.0,4095.0,2739.0,2963.0,2679.0,5.24,9.45,13.03,-0.35,0.57,1.16,7
3071.0,3033.0,3085.0,3136.0,4095.0,2742.0,2960.0,2697.0,4.57,8.74,12.47,-0.14,0.3,0.42,7
3066.0,3010.0,3067.0,3134.0,4095.0,2741.0,2960.0,2704.0,3.45,8.14,11.88,0.02,0.04,0.2,7
3070.0,3029.0,3058.0,3146.0,4095.0,2742.0,2962.0,2705.0,2.66,6.68,12.53,0.1,-0.06,-0.04,7
3071.0,3024.0,3085.0,3248.0,4095.0,2738.0,3002.0,2768.0,-2.96,9.08,5.73,-0.08,0.41,0.02,7
3062.0,3013.0,3087.0,3227.0,4095.0,2730.0,2999.0,2767.0,-1.75,10.06,4.84,-0.04,0.2,0.28,7
3069.0,3019.0,3071.0,3231.0,4095.0,2719.0,2994.0,2741.0,4.37,11.27,3.3,0.2,-0.65,0.25,7
3058.0,3026.0,3068.0,3227.0,4095.0,2722.0,2985.0,2717.0,10.24,11.71,3.0,0.14,-1.73,-0.76,7
3082.0,3030.0,3083.0,3251.0,4095.0,2731.0,2993.0,2736.0,6.55,10.62,5.31,-0.42,-2.27,-1.75,7
3066.0,3018.0,3084.0,3261.0,4095.0,2735.0,2989.0,2762.0,-3.44,7.84,9.2,-0.33,-1.39,-1.76,7
3065.0,3020.0,3071.0,3229.0,4095.0,2742.0,3008.0,2759.0,-6.96,6.8,11.38,-0.18,-1.6,-1.41,7
3051.0,3024.0,3066.0,3248.0,4095.0,2745.0,3010.0,2734.0,-4.95,6.3,9.25,0.65,-2.29,-1.11,7
3057.0,3017.0,3084.0,3255.0,4095.0,2741.0,3011.0,2736.0,-7.76,5.13,9.31,-0.18,-0.73,-0.78,7
3069.0,3023.0,3082.0,3251.0,4095.0,2741.0,3010.0,2738.0,-7.68,4.23,9.45,-0.34,-0.0,-0.56,7
3063.0,3007.0,3071.0,3244.0,4095.0,2736.0,3007.0,2736.0,-8.78,3.23,9.11,-0.74,0.27,0.24,7
3059.0,3024.0,3082.0,3264.0,4095.0,2747.0,3007.0,2738.0,-7.82,2.74,11.02,-0.74,0.63,0.94,7
3071.0,3014.0,3070.0,3280.0,4095.0,2751.0,3007.0,2756.0,-4.97,2.19,12.97,-0.72,0.35,1.52,7
3069.0,3025.0,3089.0,3291.0,4095.0,2752.0,2992.0,2695.0,-2.2,7.01,9.97,-0.38,0.85,1.64,7
3061.0,3023.0,3069.0,3285.0,4095.0,2754.0,2992.0,2735.0,1.21,7.42,10.1,-0.72,1.71,1.77,7
3070.0,3026.0,3068.0,3270.0,4095.0,2751.0,2986.0,2722.0,2.93,12.0,8.91,-1.54,1.05,1.9,7
3062.0,3015.0,3088.0,3277.0,4095.0,2746.0,2987.0,2715.0,4.6,12.9,10.18,-0.49,0.61,0.75,7
3058.0,3008.0,3071.0,3269.0,4095.0,2752.0,2986.0,2734.0,3.85,12.38,10.55,-0.63,0.57,0.87,7
3071.0,3028.0,3061.0,3267.0,4095.0,2750.0,2989.0,2735.0,2.04,11.28,9.43,-0.01,0.45,0.36,7
3071.0,3017.0,3082.0,3263.0,4095.0,2755.0,2989.0,2743.0,1.43,9.53,9.94,0.36,-0.03,-0.27,7
3065.0,3018.0,3083.0,3269.0,4095.0,2735.0,2998.0,2800.0,0.35,10.03,4.88,-0.02,-0.44,0.21,7
3060.0,3018.0,3084.0,3217.0,4095.0,2727.0,3001.0,2768.0,3.56,11.51,4.56,0.09,-0.97,-0.58,7
3071.0,3025.0,3071.0,3242.0,4095.0,2726.0,3008.0,2775.0,3.84,12.07,6.29,0.18,-1.72,-0.43,7
3066.0,3021.0,3079.0,3280.0,4095.0,2735.0,2999.0,2785.0,1.12,11.53,6.75,0.83,-1.85,-1.0,7
3066.0,3027.0,3071.0,3295.0,4095.0,2741.0,3007.0,2793.0,-1.09,8.77,8.9,0.52,-1.53,-1.28,7
3059.0,3018.0,3062.0,3254.0,4095.0,2754.0,3010.0,2800.0,-5.2,6.85,9.37,0.62,-1.41,-1.29,7
3062.0,3023.0,3070.0,3279.0,4095.0,2752.0,3013.0,2802.0,-5.86,7.6,7.6,0.54,-1.66,-0.78,7
3069.0,3024.0,3088.0,3280.0,4095.0,2763.0,3008.0,2800.0,-6.52,5.95,8.78,0.28,-0.88,-0.93,7
3068.0,3025.0,3066.0,3274.0,4095.0,2760.0,3008.0,2800.0,-4.75,5.98,7.21,-0.21,-0.94,-0.31,7
3061.0,3013.0,3063.0,3276.0,4095.0,2763.0,3013.0,2800.0,-8.19,4.97,8.56,-0.44,0.46,-0.39,7
3058.0,3028.0,3066.0,3279.0,4095.0,2755.0,3008.0,2785.0,-7.24,3.42,9.76,-0.55,0.54,0.42,7
3065.0,3017.0,3071.0,3281.0,4095.0,2758.0,3015.0,2795.0,-5.03,1.98,10.18,-0.51,0.76,0.82,7
3061.0,3025.0,3068.0,3270.0,4095.0,2759.0,3010.0,2790.0,-3.01,3.85,8.97,-0.85,1.1,1.52,7
3056.0,3024.0,3088.0,3249.0,4095.0,2752.0,3005.0,2761.0,-2.75,7.93,8.42,-1.44,1.59,1.29,7
3062.0,3015.0,3081.0,3246.0,4095.0,2747.0,2999.0,2768.0,1.27,10.57,9.49,-1.95,0.81,2.4,7
3056.0,3017.0,3061.0,3248.0,4095.0,2738.0,2986.0,2754.0,5.45,14.72,9.42,-1.31,0.43,1.92,7
3063.0,3022.0,3069.0,3261.0,4095.0,2753.0,2995.0,2775.0,4.35,13.87,11.61,-0.95,1.2,1.36,7
3059.0,3025.0,3061.0,3261.0,4095.0,2748.0,2993.0,2771.0,2.86,12.61,8.0,-0.34,0.87,0.53,7
3070.0,3024.0,3069.0,3263.0,4095.0,2752.0,2993.0,2778.0,1.41,9.86,9.27,0.04,0.34,0.12,7
3063.0,3027.0,3071.0,3258.0,4095.0,2761.0,2999.0,2787.0,1.11,9.54,8.89,0.1,0.02,-0.0,7
3055.0,3014.0,3068.0,3317.0,4095.0,2752.0,3011.0,2823.0,-2.08,9.32,7.47,0.0,0.26,0.05,7
3057.0,3018.0,3062.0,3283.0,4095.0,2736.0,3011.0,2817.0,4.59,9.47,6.07,0.39,-0.56,-0.65,7
3056.0,3024.0,3065.0,3271.0,4095.0,2732.0,3010.0,2800.0,2.31,11.27,5.87,-0.38,0.83,-1.03,7
3065.0,3011.0,3085.0,3290.0,4095.0,2750.0,3015.0,2815.0,2.37,10.22,7.14,0.37,-1.29,-0.95,7
3065.0,3027.0,3071.0,3302.0,4095.0,2759.0,3021.0,2815.0,1.23,9.01,7.17,0.35,-2.22,-1.33,7
3071.0,3024.0,3068.0,3307.0,4095.0,2767.0,3024.0,2821.0,-1.9,8.19,7.73,0.12,-1.78,-1.52,7
3063.0,3025.0,3063.0,3291.0,4095.0,2767.0,3021.0,2809.0,-5.53,6.85,9.39,-0.02,-1.78,-1.13,7
3063.0,3022.0,3067.0,3250.0,4095.0,2764.0,3022.0,2827.0,-5.63,5.92,10.37,0.01,-1.74,-1.26,7
3059.0,3025.0,3069.0,3267.0,4095.0,2763.0,3017.0,2803.0,-7.75,4.86,10.28,0.05,-1.25,-0.54,7
3058.0,3024.0,3071.0,3297.0,4095.0,2768.0,3021.0,2800.0,-8.26,4.12,10.07,-0.36,-0.14,-0.17,7
3062.0,3017.0,3059.0,3293.0,4095.0,2769.0,3025.0,2795.0,-7.82,2.98,10.96,-0.46,0.31,0.34,7
3062.0,3015.0,3082.0,3291.0,4095.0,2768.0,3024.0,2813.0,-4.6,1.67,11.37,-0.19,0.34,0.57,7
3063.0,3022.0,3071.0,3222.0,4095.0,2780.0,3023.0,2812.0,-3.75,3.25,9.5,-0.4,1.13,1.01,7
3059.0,3033.0,3083.0,3163.0,4095.0,2768.0,3012.0,2779.0,-0.87,7.33,9.26,-0.62,0.26,1.77,7
3054.0,3024.0,3071.0,3169.0,4095.0,2772.0,3015.0,2791.0,3.21,9.97,9.78,-1.44,0.2,2.26,7
3055.0,3021.0,3071.0,3179.0,4095.0,2768.0,3010.0,2785.0,2.92,14.71,10.01,-1.2,0.4,1.88,7
3071.0,3020.0,3071.0,3203.0,4095.0,2778.0,3015.0,2800.0,5.61,12.58,12.92,-1.2,0.53,1.18,7
3055.0,3029.0,3067.0,3214.0,4095.0,2783.0,3021.0,2813.0,2.84,11.15,10.78,-0.09,0.1,0.49,7
3059.0,3027.0,3085.0,3216.0,4095.0,2785.0,3018.0,2817.0,1.55,9.55,9.72,0.04,0.23,-0.07,7
3071.0,3023.0,3086.0,3207.0,4095.0,2781.0,3021.0,2819.0,0.93,8.48,10.47,0.17,0.05,-0.31,7
3071.0,3015.0,3061.0,3216.0,4095.0,2756.0,3008.0,2832.0,3.48,12.02,4.24,0.01,-0.73,0.24,7
3061.0,3023.0,3066.0,3155.0,4095.0,2753.0,3004.0,2772.0,7.88,13.08,3.01,-0.05,-1.36,-0.49,7
3071.0,3024.0,3061.0,3197.0,4095.0,2762.0,3012.0,2803.0,3.58,11.94,5.67,-0.22,-1.55,-1.4,7
3071.0,3018.0,3066.0,3219.0,4095.0,2771.0,3024.0,2832.0,0.26,9.68,8.23,0.39,-2.22,-1.26,7
3071.0,3018.0,3086.0,3230.0,4095.0,2777.0,3027.0,2839.0,-2.88,6.8,10.12,-0.0,-1.59,-1.44,7
3057.0,3011.0,3071.0,3229.0,4095.0,2780.0,3024.0,2832.0,-4.98,5.91,10.52,0.09,-1.37,-1.43,7
3063.0,3018.0,3062.0,3233.0,4095.0,2781.0,3022.0,2828.0,-7.06,6.34,10.44,0.04,-1.08,-0.94,7
3062.0,3017.0,3071.0,3241.0,4095.0,2795.0,3024.0,2832.0,-5.88,4.96,10.54,-0.02,-0.83,-0.55,7
3066.0,3026.0,3069.0,3239.0,4095.0,2795.0,3024.0,2835.0,-5.6,4.42,10.31,-0.5,-0.04,-0.42,7
3069.0,3018.0,3063.0,3234.0,4095.0,2794.0,3030.0,2838.0,-6.01,3.01,10.22,-0.49,0.35,0.48,7
3063.0,3022.0,3067.0,3233.0,4095.0,2795.0,3027.0,2841.0,-3.76,2.14,10.46,-0.73,0.45,1.0,7
3056.0,3020.0,3071.0,3247.0,4095.0,2794.0,3017.0,2832.0,-0.84,4.79,10.14,-0.89,0.29,1.85,7
3055.0,3013.0,3056.0,3242.0,4095.0,2774.0,3017.0,2833.0,-0.81,10.11,9.48,-1.01,0.48,2.52,7
3055.0,3021.0,3060.0,3239.0,4095.0,2770.0,3017.0,2825.0,6.11,10.79,11.59,-0.92,0.24,1.88,7
3058.0,3024.0,3070.0,3243.0,4095.0,2771.0,3022.0,2832.0,1.39,13.61,8.36,-0.89,1.08,1.26,7
3066.0,3011.0,3071.0,3246.0,4095.0,2778.0,3024.0,2832.0,3.7,11.56,9.47,-0.37,0.37,0.1,7
3085.0,3021.0,3062.0,3254.0,4095.0,2779.0,3024.0,2839.0,0.17,11.37,9.19,-0.62,0.44,0.46,7
3083.0,3030.0,3071.0,3262.0,4095.0,2790.0,3026.0,2839.0,2.09,9.13,10.77,-0.06,0.05,0.11,7
3070.0,3044.0,3071.0,3264.0,4095.0,2791.0,3024.0,2841.0,1.43,8.58,10.34,0.09,0.06,-0.03,7
3062.0,3018.0,3060.0,3259.0,4095.0,2787.0,3024.0,2845.0,1.22,8.18,10.22,0.12,-0.18,-0.21,7
3063.0,3017.0,3078.0,3226.0,4095.0,2743.0,2992.0,2729.0,7.44,11.92,3.59,-0.06,-0.57,-0.17,7
3063.0,3017.0,3078.0,3226.0,4095.0,2743.0,2992.0,2729.0,7.44,11.92,3.59,-0.06,-0.57,-0.17,7
3058.0,3027.0,3071.0,3237.0,4095.0,2746.0,2992.0,2726.0,8.03,11.55,4.64,-0.18,-1.64,-1.15,7
3058.0,3017.0,3071.0,3250.0,4095.0,2752.0,3002.0,2793.0,-0.48,7.08,9.65,-0.17,-1.3,-2.11,7
3058.0,3017.0,3088.0,3271.0,4095.0,2756.0,3010.0,2811.0,-6.21,6.51,9.83,-0.3,-1.68,-1.32,7
3056.0,3015.0,3070.0,3261.0,4095.0,2757.0,3011.0,2799.0,-7.44,6.09,10.82,0.3,-1.58,-1.4,7
3056.0,3023.0,3058.0,3265.0,4095.0,2767.0,3014.0,2815.0,-5.03,7.1,8.96,0.11,-1.67,-0.5,7
3058.0,3023.0,3070.0,3281.0,4095.0,2767.0,3013.0,2816.0,-4.44,7.54,8.61,-0.2,-0.9,-0.82,7
3061.0,3014.0,3062.0,3279.0,4095.0,2768.0,3018.0,2821.0,-5.56,6.7,8.69,-0.31,-0.48,-0.61,7
3065.0,3028.0,3066.0,3279.0,4095.0,2768.0,3023.0,2830.0,-7.19,5.12,9.51,-0.42,-0.1,-0.0,7
3057.0,3015.0,3059.0,3275.0,4095.0,2770.0,3025.0,2831.0,-5.26,4.96,9.0,-0.46,0.04,0.2,7
3067.0,3011.0,3069.0,3285.0,4095.0,2773.0,3027.0,2822.0,-4.43,2.56,11.42,-0.65,0.28,0.77,7
3085.0,3026.0,3066.0,3258.0,4095.0,2773.0,3021.0,2821.0,-2.46,3.82,10.32,-0.25,0.2,0.92,7
3065.0,3009.0,3069.0,3257.0,4095.0,2773.0,3013.0,2806.0,-1.13,4.77,10.28,-1.1,0.96,1.18,7
3065.0,3019.0,3066.0,3248.0,4095.0,2768.0,3003.0,2768.0,-2.36,7.64,10.81,-1.54,1.09,1.66,7
3059.0,3020.0,3063.0,3260.0,4095.0,2769.0,2998.0,2768.0,2.0,11.27,9.23,-1.63,0.08,2.01,7
3067.0,3026.0,3065.0,3260.0,4095.0,2768.0,2999.0,2767.0,4.2,11.05,11.28,-1.2,0.56,1.06,7
3069.0,3022.0,3083.0,3271.0,4095.0,2769.0,3007.0,2776.0,2.38,11.05,11.87,-1.12,0.55,0.84,7
3060.0,3026.0,3082.0,3248.0,4095.0,2771.0,3008.0,2784.0,2.25,9.57,12.79,-0.61,0.27,0.49,7
3056.0,3034.0,3068.0,3275.0,4095.0,2771.0,2994.0,2736.0,1.32,9.33,12.07,-0.16,0.2,0.33,7
3066.0,3025.0,3090.0,3303.0,4095.0,2768.0,3014.0,2832.0,-0.27,9.45,7.34,0.03,-0.01,0.28,7
3088.0,3025.0,3083.0,3278.0,4095.0,2764.0,3013.0,2781.0,8.15,10.69,6.03,1.01,-1.28,-0.28,7
3067.0,3024.0,3071.0,3280.0,4095.0,2768.0,3013.0,2759.0,8.78,12.01,4.52,0.24,-1.31,-0.54,7
3063.0,3019.0,3087.0,3317.0,4095.0,2768.0,3018.0,2800.0,2.02,8.75,8.53,-0.06,-1.5,-2.01,7
3071.0,3026.0,3083.0,3303.0,4095.0,2777.0,3013.0,2800.0,-7.71,7.71,8.62,0.37,-0.75,-1.24,7
3065.0,3015.0,3071.0,3283.0,4095.0,2781.0,3015.0,2795.0,-6.68,7.87,9.09,0.19,-1.64,-1.25,7
3056.0,3015.0,3085.0,3301.0,4095.0,2786.0,3019.0,2795.0,-3.55,8.55,8.29,0.27,-1.6,-0.42,7
3071.0,3020.0,3079.0,3312.0,4095.0,2785.0,3022.0,2802.0,-2.59,8.14,7.94,0.0,-1.21,-0.6,7
3065.0,3027.0,3081.0,3325.0,4095.0,2784.0,3013.0,2800.0,-2.72,7.26,7.35,-0.03,-0.97,-0.63,7
3071.0,3024.0,3070.0,3317.0,4095.0,2789.0,3023.0,2814.0,-5.14,6.63,8.67,-0.41,0.12,-0.67,7
3071.0,3030.0,3060.0,3315.0,4095.0,2793.0,3024.0,2829.0,-7.05,5.7,9.0,-0.28,0.28,-0.07,7
3081.0,3029.0,3082.0,3332.0,4095.0,2795.0,3024.0,2827.0,-4.27,7.17,8.83,-0.55,-0.46,0.59,7
3061.0,3015.0,3070.0,3329.0,4095.0,2803.0,3031.0,2833.0,-3.16,4.4,10.64,-0.45,0.47,0.74,7
3056.0,3021.0,3066.0,3330.0,4095.0,2800.0,3029.0,2832.0,-2.52,4.34,9.32,-0.5,0.67,1.11,7
3058.0,3019.0,3069.0,3287.0,4095.0,2789.0,3034.0,2813.0,-1.05,5.25,11.63,-0.93,0.75,1.48,7
3059.0,3005.0,3071.0,3257.0,4095.0,2793.0,3024.0,2810.0,0.33,8.27,8.35,-0.92,1.01,1.46,7
3059.0,3014.0,3068.0,3262.0,4095.0,2795.0,3023.0,2787.0,2.0,10.94,8.75,-1.04,0.8,1.33,7
3062.0,3025.0,3071.0,3267.0,4095.0,2801.0,3029.0,2785.0,4.69,10.92,9.94,-0.9,0.25,1.08,7
3071.0,3023.0,3059.0,3255.0,4095.0,2805.0,3025.0,2788.0,2.75,11.81,10.34,-0.53,0.48,0.5,7
3057.0,3017.0,3057.0,3255.0,4095.0,2805.0,3025.0,2795.0,3.17,11.25,10.62,-0.33,-0.07,0.49,7
3057.0,3025.0,3071.0,3312.0,4095.0,2759.0,3005.0,2799.0,4.72,11.18,5.66,0.22,-1.36,-0.42,7
3067.0,3023.0,3071.0,3315.0,4095.0,2755.0,2998.0,2785.0,7.28,10.75,6.34,-0.07,-1.18,-1.55,7
3067.0,3024.0,3071.0,3345.0,4095.0,2761.0,2999.0,2798.0,1.46,9.04,10.59,-0.07,-1.2,-1.97,7
3062.0,3024.0,3071.0,3333.0,4095.0,2769.0,3001.0,2807.0,-2.47,8.12,10.41,0.59,-2.22,-1.49,7
3071.0,3013.0,3082.0,3339.0,4095.0,2777.0,3005.0,2815.0,-5.04,6.38,10.29,0.64,-1.73,-1.49,7
3071.0,3017.0,3069.0,3333.0,4095.0,2785.0,3008.0,2818.0,-5.46,6.01,9.84,0.32,-1.29,-1.1,7
3062.0,3015.0,3080.0,3341.0,4095.0,2785.0,3017.0,2825.0,-5.62,6.05,10.12,-0.0,-1.1,-0.78,7
3063.0,3024.0,3070.0,3345.0,4095.0,2793.0,3023.0,2832.0,-6.21,5.24,9.68,-0.12,-0.47,-0.09,7
3061.0,3009.0,3061.0,3350.0,4095.0,2795.0,3026.0,2832.0,-4.94,4.72,9.32,-0.47,-0.07,-0.14,7
3062.0,3022.0,3081.0,3344.0,4095.0,2800.0,3038.0,2838.0,-5.49,3.03,10.5,-0.77,0.29,0.62,7
3061.0,3024.0,3071.0,3351.0,4095.0,2805.0,3039.0,2848.0,-3.46,3.11,11.25,-0.6,0.25,1.18,7
3059.0,3017.0,3082.0,3348.0,4095.0,2802.0,3031.0,2841.0,-0.17,4.89,10.98,-0.58,0.56,1.4,7
3065.0,3010.0,3059.0,3303.0,4095.0,2791.0,3029.0,2821.0,-0.68,8.64,9.89,-0.76,1.19,1.27,7
3051.0,3013.0,3063.0,3278.0,4095.0,2790.0,3023.0,2816.0,1.66,10.51,10.43,-0.84,0.72,1.48,7
3070.0,3024.0,3066.0,3260.0,4095.0,2793.0,3023.0,2785.0,3.07,12.25,10.71,-0.81,0.3,1.15,7
3062.0,3024.0,3071.0,3264.0,4095.0,2801.0,3031.0,2800.0,3.86,10.98,12.22,-0.56,0.52,0.83,7
3061.0,3026.0,3071.0,3251.0,4095.0,2807.0,3027.0,2795.0,2.3,10.94,10.75,0.08,0.44,0.11,7
3060.0,3024.0,3085.0,3253.0,4095.0,2815.0,3032.0,2800.0,1.0,9.22,9.8,-0.14,0.2,0.1,7
3059.0,3015.0,3067.0,3245.0,4095.0,2817.0,3038.0,2811.0,0.75,8.55,10.24,0.03,-0.05,0.04,7
3068.0,3026.0,3063.0,3250.0,4095.0,2813.0,3035.0,2814.0,1.41,8.05,10.57,0.15,-0.26,-0.09,7
3070.0,3023.0,3067.0,3303.0,4095.0,2779.0,3031.0,2853.0,0.73,9.66,7.38,0.23,-0.03,-0.21,7
3056.0,3011.0,3079.0,3175.0,4095.0,2747.0,3021.0,2828.0,-0.08,10.7,6.77,-0.12,1.0,0.45,7
3071.0,3024.0,3071.0,3183.0,4095.0,2754.0,3024.0,2811.0,7.63,10.59,7.2,0.27,-2.23,-0.07,7
3069.0,3013.0,3071.0,3220.0,4095.0,2768.0,3024.0,2791.0,6.0,10.95,6.82,0.34,-1.6,-1.21,7
3071.0,3015.0,3066.0,3258.0,4095.0,2784.0,3037.0,2816.0,0.64,8.87,8.22,0.32,-1.54,-1.59,7
3071.0,3018.0,3063.0,3261.0,4095.0,2787.0,3036.0,2829.0,-3.16,7.51,9.7,0.08,-1.4,-1.81,7
3061.0,3009.0,3085.0,3264.0,4095.0,2794.0,3050.0,2835.0,-6.25,6.94,9.25,0.32,-1.51,-1.39,7
3069.0,3024.0,3071.0,3277.0,4095.0,2799.0,3047.0,2842.0,-4.96,6.47,9.72,0.13,-1.33,-1.18,7
3055.0,3025.0,3083.0,3285.0,4095.0,2800.0,3046.0,2846.0,-4.93,6.91,9.14,0.09,-1.02,-1.01,7
3063.0,3021.0,3084.0,3281.0,4095.0,2800.0,3041.0,2827.0,-6.22,6.61,7.93,-0.08,-0.41,-0.6,7
3062.0,3011.0,3071.0,3283.0,4095.0,2801.0,3039.0,2822.0,-5.98,4.94,8.66,-0.56,-0.07,-0.26,7
3055.0,3019.0,3069.0,3274.0,4095.0,2800.0,3049.0,2826.0,-7.0,3.16,9.0,-0.74,0.42,0.27,7
3059.0,3008.0,3071.0,3280.0,4095.0,2801.0,3051.0,2832.0,-5.04,2.26,9.96,-0.92,0.25,1.13,7
3067.0,3033.0,3066.0,3294.0,4095.0,2800.0,3047.0,2828.0,-1.51,4.17,10.67,-0.85,0.23,1.34,7
3055.0,3019.0,3085.0,3289.0,4095.0,2800.0,3039.0,2820.0,-1.97,6.54,9.96,-1.29,1.2,1.48,7
3056.0,3015.0,3059.0,3279.0,4095.0,2795.0,3034.0,2816.0,1.32,8.48,11.6,-1.64,0.07,2.08,7
3069.0,3017.0,3087.0,3261.0,4095.0,2791.0,3029.0,2783.0,2.99,12.45,10.49,-0.92,0.56,1.46,7
3071.0,3019.0,3071.0,3286.0,4095.0,2801.0,3033.0,2798.0,5.64,10.49,14.16,-1.42,0.58,1.79,7
3071.0,3023.0,3088.0,3283.0,4095.0,2810.0,3038.0,2817.0,3.15,11.0,11.31,-0.38,0.6,0.73,7
3059.0,3025.0,3085.0,3283.0,4095.0,2811.0,3046.0,2831.0,2.04,9.07,11.23,-0.3,0.26,0.32,7
3066.0,3018.0,3071.0,3365.0,4095.0,2813.0,3053.0,2868.0,-1.28,9.04,6.45,-0.26,-0.03,0.22,7
3059.0,3040.0,3086.0,3367.0,4095.0,2799.0,3039.0,2867.0,-0.04,9.56,6.15,-0.38,-0.12,0.3,7
3064.0,3019.0,3083.0,3367.0,4095.0,2797.0,3042.0,2854.0,6.13,10.49,6.44,-0.12,-1.18,-0.23,7
3071.0,3024.0,3069.0,3347.0,4095.0,2781.0,3042.0,2767.0,6.19,9.77,9.06,-0.26,-1.47,-0.0,7
3084.0,3024.0,3065.0,3358.0,4095.0,2766.0,3030.0,2782.0,6.31,11.31,6.1,0.63,-2.92,-1.05,7
3062.0,3022.0,3071.0,3281.0,4095.0,2788.0,3039.0,2796.0,-0.39,8.3,9.17,0.04,-1.73,-1.94,7
3056.0,3007.0,3066.0,3345.0,4095.0,2800.0,3043.0,2829.0,-3.15,8.01,8.56,-0.08,-2.59,-1.61,7
3067.0,3009.0,3068.0,3347.0,4095.0,2800.0,3053.0,2835.0,-6.14,3.05,11.55,-0.23,-1.62,-1.8,7
3056.0,3017.0,3071.0,3341.0,4095.0,2806.0,3056.0,2859.0,-10.46,0.56,12.03,-0.91,0.05,-1.01,7
3059.0,3019.0,3066.0,3302.0,4095.0,2828.0,3068.0,2882.0,-10.33,-2.16,12.14,-0.55,-0.01,0.29,7
3058.0,3008.0,3071.0,3283.0,4095.0,2823.0,3057.0,2837.0,-5.45,-1.57,11.88,-0.91,0.22,1.19,7
3069.0,3024.0,3071.0,3283.0,4095.0,2826.0,3034.0,2800.0,-1.29,3.87,9.93,-1.2,0.64,1.43,7
3067.0,3023.0,3064.0,3281.0,4095.0,2815.0,3028.0,2791.0,2.79,11.35,12.81,-2.24,-0.31,1.89,7
3071.0,3028.0,3056.0,3319.0,4095.0,2825.0,3046.0,2816.0,5.57,12.49,16.59,-1.86,1.1,1.85,7
3065.0,3029.0,3066.0,3318.0,4095.0,2827.0,3013.0,2855.0,6.34,14.33,15.9,-0.8,0.47,1.27,7
3065.0,3015.0,3068.0,3326.0,4095.0,2831.0,3024.0,2953.0,1.91,11.1,12.65,-0.46,0.75,0.95,7
3059.0,3024.0,3079.0,3311.0,4095.0,2838.0,3050.0,2903.0,2.09,8.95,11.39,0.12,-0.08,0.36,7
3071.0,3023.0,3087.0,3313.0,4095.0,2850.0,3056.0,2896.0,1.21,8.01,10.95,0.14,0.07,-0.35,7
3079.0,3031.0,3088.0,3322.0,4095.0,2839.0,3052.0,2887.0,0.34,7.45,11.14,0.13,-0.01,-0.32,7
3066.0,3022.0,3071.0,3319.0,4095.0,2838.0,3057.0,2896.0,0.25,6.66,12.26,0.15,-0.21,-0.43,7
3066.0,3013.0,3067.0,3358.0,4095.0,2794.0,3066.0,2838.0,-3.49,7.78,5.78,0.01,-0.2,0.37,7
3084.0,3015.0,3056.0,3319.0,4095.0,2767.0,3024.0,2725.0,0.29,9.0,6.71,-0.44,-0.89,0.99,7
3071.0,3021.0,3065.0,3290.0,4095.0,2753.0,3009.0,2652.0,10.17,11.37,6.65,0.12,-1.13,-0.58,7
3057.0,3029.0,3063.0,3312.0,4095.0,2761.0,3010.0,2677.0,8.82,11.61,7.21,0.14,-1.64,-1.17,7
3071.0,3043.0,3081.0,3339.0,4095.0,2770.0,3025.0,2715.0,4.04,10.25,8.54,0.1,-1.49,-2.06,7
3071.0,3023.0,3057.0,3351.0,4095.0,2790.0,3041.0,2753.0,-1.08,7.42,11.27,-0.2,-1.64,-1.91,7
3069.0,3021.0,3070.0,3350.0,4095.0,2796.0,3047.0,2766.0,-6.49,5.85,11.54,0.11,-1.61,-1.77,7
3071.0,3029.0,3063.0,3344.0,4095.0,2803.0,3053.0,2786.0,-6.63,5.09,10.22,0.15,-1.9,-1.09,7
3071.0,3011.0,3070.0,3338.0,4095.0,2805.0,3049.0,2806.0,-8.67,2.68,11.54,-0.24,-0.24,-0.85,7
3055.0,3019.0,3062.0,3323.0,4095.0,2807.0,3051.0,2801.0,-7.93,3.14,8.68,-0.5,-0.03,0.05,7
3059.0,3021.0,3061.0,3324.0,4095.0,2806.0,3050.0,2801.0,-8.23,1.35,10.92,-1.12,0.11,1.02,7
3065.0,3017.0,3063.0,3317.0,4095.0,2807.0,3049.0,2810.0,-2.29,1.99,12.53,-0.61,0.25,1.21,7
3063.0,3018.0,3083.0,3339.0,4095.0,2807.0,3042.0,2784.0,-0.67,5.49,10.14,-0.79,1.16,0.69,7
3065.0,3008.0,3064.0,3248.0,4095.0,2806.0,3044.0,2757.0,0.49,8.18,11.72,-0.88,-0.06,0.46,7
3071.0,3020.0,3082.0,3266.0,4095.0,2805.0,3051.0,2755.0,3.37,11.72,10.43,-1.13,0.01,1.35,7
3069.0,3015.0,3070.0,3230.0,4095.0,2809.0,3066.0,2741.0,2.68,13.53,12.17,-1.22,0.62,0.73,7
3067.0,3025.0,3063.0,3233.0,4095.0,2817.0,3063.0,2768.0,1.94,12.77,13.11,-0.5,0.14,0.36,7
3071.0,3024.0,3088.0,3250.0,4095.0,2825.0,3067.0,2789.0,-0.43,10.22,11.18,-0.28,0.32,0.33,7
3070.0,3024.0,3063.0,3280.0,4095.0,2832.0,3071.0,2802.0,-0.05,7.91,12.13,0.07,0.18,0.34,7
3063.0,3038.0,3071.0,3283.0,4095.0,2823.0,3070.0,2812.0,0.28,8.2,10.78,0.38,0.18,0.36,7
3071.0,3028.0,3071.0,3394.0,4095.0,2775.0,3067.0,2903.0,0.01,9.5,6.58,-0.05,0.26,-0.07,7
3066.0,3021.0,3070.0,3365.0,4095.0,2757.0,3056.0,2884.0,5.79,12.52,3.9,-0.38,-0.71,-0.33,7
3083.0,3027.0,3071.0,3408.0,4095.0,2766.0,3058.0,2878.0,5.18,10.89,7.75,0.34,-1.12,-1.24,7
3069.0,3009.0,3067.0,3423.0,4095.0,2768.0,3056.0,2877.0,1.02,9.89,7.37,0.29,-1.82,-1.96,7
3056.0,3015.0,3085.0,3431.0,4095.0,2785.0,3066.0,2886.0,-1.13,7.37,9.62,0.02,-1.94,-1.59,7
3064.0,3025.0,3071.0,3433.0,4095.0,2786.0,3071.0,2896.0,-5.85,6.26,11.2,0.23,-0.99,-1.43,7
3057.0,3019.0,3071.0,3433.0,4095.0,2794.0,3086.0,2898.0,-3.77,5.99,10.64,0.04,-1.53,-0.98,7
3061.0,3024.0,3082.0,3393.0,4095.0,2781.0,3069.0,2898.0,-6.26,5.35,11.16,-0.09,-0.72,-1.01,7
3069.0,3024.0,3071.0,3298.0,4095.0,2735.0,3042.0,2881.0,-5.99,4.73,10.01,0.04,-0.28,-0.51,7
3071.0,3027.0,3071.0,3298.0,4095.0,2766.0,3057.0,2894.0,-7.7,3.5,10.71,0.03,0.6,-0.58,7
3054.0,3019.0,3069.0,3283.0,4095.0,2783.0,3079.0,2896.0,-7.57,1.56,11.77,-0.32,0.56,0.28,7
3069.0,3023.0,3071.0,3317.0,4095.0,2786.0,3084.0,2893.0,-4.2,3.28,11.47,-0.03,0.39,1.14,7
3062.0,3024.0,3082.0,3343.0,4095.0,2797.0,3087.0,2896.0,-2.72,4.78,10.07,-0.55,1.07,1.3,7
3068.0,3029.0,3086.0,3347.0,4095.0,2784.0,3071.0,2886.0,-1.24,8.52,8.11,-0.17,0.8,0.42,7
3061.0,3024.0,3071.0,3330.0,4095.0,2789.0,3071.0,2871.0,0.23,9.98,8.62,-1.43,0.47,1.37,7
3056.0,3017.0,3058.0,3319.0,4095.0,2777.0,3059.0,2841.0,1.36,12.24,8.96,-1.01,0.41,0.77,7
3071.0,3019.0,3070.0,3300.0,4095.0,2791.0,3070.0,2851.0,0.26,13.39,9.14,-1.28,0.32,1.44,7
3067.0,3023.0,3071.0,3327.0,4095.0,2793.0,3071.0,2868.0,-0.19,11.58,10.27,-0.07,0.18,0.62,7
3061.0,3030.0,3071.0,3344.0,4095.0,2800.0,3085.0,2877.0,-0.06,10.45,9.58,-0.48,0.02,0.66,7
3061.0,3009.0,3067.0,3344.0,4095.0,2799.0,3088.0,2883.0,-0.18,8.83,10.05,0.38,-0.15,-0.1,7
3071.0,3027.0,3071.0,3495.0,4095.0,2798.0,3114.0,2966.0,-0.23,8.04,5.27,0.08,0.28,0.21,7
3066.0,3014.0,3062.0,3485.0,4095.0,2795.0,3114.0,2928.0,4.64,9.36,5.27,-0.3,0.21,0.06,7
3057.0,3018.0,3067.0,3499.0,4095.0,2785.0,3115.0,2887.0,6.34,10.1,6.26,-0.25,-1.46,-0.36,7
3068.0,3019.0,3088.0,3533.0,4095.0,2788.0,3115.0,2921.0,1.27,10.56,8.41,0.03,-1.25,-1.13,7
3071.0,3029.0,3093.0,3542.0,4095.0,2778.0,3113.0,2933.0,0.52,9.13,8.99,-0.08,-1.43,-1.09,7
3063.0,3031.0,3071.0,3536.0,4095.0,2757.0,3115.0,2941.0,-3.1,8.26,9.68,0.03,-1.13,-1.17,7
3069.0,3027.0,3071.0,3541.0,4095.0,2742.0,3102.0,2945.0,-3.79,7.3,10.24,0.14,-0.93,-1.4,7
3088.0,3026.0,3086.0,3539.0,4095.0,2753.0,3101.0,2944.0,-4.88,6.85,9.26,0.09,-0.7,-0.95,7
3070.0,3037.0,3069.0,3540.0,4095.0,2754.0,3101.0,2951.0,-7.78,4.89,8.88,-0.16,0.14,-0.72,7
3063.0,3024.0,3071.0,3538.0,4095.0,2766.0,3118.0,2955.0,-6.36,3.97,8.46,-0.54,-0.08,0.03,7
3071.0,3023.0,3071.0,3539.0,4095.0,2767.0,3114.0,2946.0,-2.92,4.01,8.82,-0.78,-0.28,0.52,7
3071.0,3008.0,3071.0,3522.0,4095.0,2770.0,3120.0,2933.0,-2.8,4.4,9.79,-0.75,0.24,0.46,7
3071.0,3026.0,3082.0,3469.0,4095.0,2766.0,3119.0,2922.0,-1.26,6.14,10.15,-0.47,0.37,0.23,7
3082.0,3024.0,3066.0,3409.0,4095.0,2766.0,3113.0,2907.0,-1.23,7.97,10.22,-1.3,0.0,0.94,7
3063.0,3019.0,3066.0,3423.0,4095.0,2773.0,3107.0,2909.0,1.17,10.47,9.91,-0.79,-0.32,0.54,7
3071.0,3024.0,3071.0,3435.0,4095.0,2776.0,3105.0,2899.0,1.79,9.15,13.91,-0.94,0.06,0.42,7
3065.0,3021.0,3087.0,3387.0,4095.0,2785.0,3105.0,2892.0,1.66,13.78,10.84,-0.83,0.01,0.43,7
3055.0,3020.0,3069.0,3394.0,4095.0,2795.0,3109.0,2923.0,0.16,9.83,13.32,-0.24,0.22,0.36,7
3061.0,3024.0,3068.0,3426.0,4095.0,2800.0,3112.0,2928.0,0.12,9.71,10.55,0.28,-0.09,0.21,7
3071.0,3040.0,3067.0,3445.0,4095.0,2808.0,3109.0,2928.0,-0.21,8.14,9.97,-0.05,-0.12,0.32,7
3071.0,3021.0,3087.0,3574.0,4095.0,2805.0,3128.0,2960.0,-0.68,9.35,6.24,0.08,1.18,-0.41,7
3063.0,3019.0,3088.0,3479.0,4095.0,2800.0,3118.0,2961.0,-1.22,9.38,5.07,0.22,0.55,0.17,7
3065.0,3031.0,3071.0,3440.0,4095.0,2791.0,3118.0,2925.0,6.08,12.56,2.4,0.24,-0.82,-0.23,7
3070.0,3015.0,3088.0,3459.0,4095.0,2787.0,3120.0,2937.0,6.27,11.11,5.11,-0.02,-0.92,-0.81,7
3071.0,3029.0,3086.0,3487.0,4095.0,2805.0,3118.0,2917.0,8.24,9.73,6.56,0.21,-2.67,-1.57,7
3063.0,3014.0,3070.0,3508.0,4095.0,2815.0,3130.0,2949.0,-2.18,7.1,10.18,-0.17,-0.83,-2.03,7
3071.0,3024.0,3087.0,3532.0,4095.0,2827.0,3133.0,2945.0,-7.11,6.58,9.9,0.31,-1.33,-1.42,7
3069.0,3030.0,3083.0,3474.0,4095.0,2833.0,3137.0,2944.0,-9.88,4.9,10.54,0.09,-1.24,-1.28,7
3056.0,3011.0,3071.0,3494.0,4095.0,2829.0,3140.0,2968.0,-7.61,5.93,8.57,0.18,-1.36,-0.83,7
3065.0,3027.0,3086.0,3499.0,4095.0,2832.0,3141.0,2967.0,-9.54,3.63,7.93,-0.3,-0.26,-0.16,7
3067.0,3024.0,3085.0,3500.0,4095.0,2832.0,3136.0,2963.0,-8.85,2.09,7.81,-0.77,0.29,0.45,7
3061.0,3015.0,3093.0,3502.0,4095.0,2829.0,3136.0,2959.0,-6.16,0.64,11.35,-0.99,0.37,0.99,7
3059.0,3009.0,3070.0,3486.0,4095.0,2817.0,3130.0,2933.0,-1.57,5.98,9.06,-0.05,0.42,0.17,7
3056.0,3004.0,3058.0,3497.0,4095.0,2826.0,3131.0,2945.0,-2.36,7.78,10.2,-1.71,1.08,1.88,7
3056.0,3011.0,3067.0,3456.0,4095.0,2821.0,3130.0,2923.0,1.71,10.45,10.85,-1.65,0.56,1.99,7
3071.0,3018.0,3066.0,3457.0,4095.0,2815.0,3120.0,2911.0,5.92,13.87,10.17,-1.61,0.32,1.56,7
3056.0,3009.0,3071.0,3458.0,4095.0,2828.0,3128.0,2919.0,1.98,12.81,10.62,-1.19,0.62,0.88,7
3082.0,3034.0,3071.0,3495.0,4095.0,2839.0,3143.0,2950.0,2.47,10.38,12.55,-0.59,-0.28,0.38,7
3069.0,3023.0,3081.0,3491.0,4095.0,2847.0,3135.0,2960.0,0.77,10.03,10.75,-0.29,0.36,-0.08,7
3058.0,3014.0,3071.0,3485.0,4095.0,2851.0,3140.0,2967.0,-0.29,8.47,10.68,-0.15,-0.19,-0.13,7
3063.0,3018.0,3062.0,3472.0,4095.0,2789.0,3136.0,2950.0,5.18,10.61,6.66,-0.1,-0.86,-0.5,7
3063.0,3018.0,3062.0,3472.0,4095.0,2789.0,3136.0,2950.0,5.18,10.61,6.66,-0.1,-0.86,-0.5,7
3059.0,3013.0,3086.0,3488.0,4095.0,2800.0,3141.0,2944.0,5.17,10.57,7.09,-0.36,-1.41,-1.07,7
3067.0,3024.0,3067.0,3506.0,4095.0,2815.0,3150.0,2955.0,1.96,8.22,8.83,0.16,-1.74,-1.75,7
3070.0,3024.0,3082.0,3522.0,4095.0,2822.0,3149.0,2967.0,-2.39,7.03,9.9,-0.06,-1.48,-1.7,7
3057.0,3024.0,3086.0,3504.0,4095.0,2827.0,3149.0,2974.0,-3.62,7.05,10.51,0.19,-1.63,-1.78,7
3081.0,3023.0,3089.0,3491.0,4095.0,2832.0,3149.0,2960.0,-7.7,6.19,9.84,0.26,-0.96,-0.81,7
3071.0,3018.0,3088.0,3503.0,4095.0,2833.0,3149.0,2974.0,-6.72,6.08,9.96,-0.11,-0.55,-0.71,7
3061.0,3015.0,3085.0,3509.0,4095.0,2832.0,3152.0,2985.0,-5.68,5.63,8.74,-0.29,-0.38,-0.11,7
3078.0,3014.0,3089.0,3517.0,4095.0,2833.0,3153.0,2981.0,-5.68,3.8,9.25,-0.73,0.24,-0.13,7
3062.0,3009.0,3071.0,3501.0,4095.0,2833.0,3152.0,2988.0,-7.31,2.49,9.74,-0.96,0.56,1.19,7
3071.0,3020.0,3069.0,3512.0,4095.0,2839.0,3159.0,2975.0,-1.19,2.96,11.98,-0.81,-0.13,1.53,7
3054.0,3019.0,3084.0,3515.0,4095.0,2841.0,3153.0,2963.0,0.16,5.35,11.07,-0.76,0.72,1.79,7
3059.0,3022.0,3067.0,3499.0,4095.0,2838.0,3152.0,2970.0,0.76,8.64,10.14,-0.78,0.77,2.07,7
3057.0,3017.0,3071.0,3483.0,4095.0,2837.0,3152.0,2960.0,3.6,8.38,12.45,-1.41,0.23,2.42,7
3070.0,3009.0,3069.0,3469.0,4095.0,2837.0,3152.0,2933.0,5.83,12.23,11.21,-0.89,0.26,1.56,7
3063.0,3013.0,3081.0,3492.0,4095.0,2851.0,3159.0,2941.0,5.42,9.14,13.31,-0.43,0.52,0.92,7
3071.0,3028.0,3087.0,3482.0,4095.0,2851.0,3159.0,2945.0,3.45,8.62,11.7,-0.23,0.37,0.56,7
3063.0,3024.0,3081.0,3485.0,4095.0,2849.0,3158.0,2950.0,3.54,8.03,11.3,-0.22,0.1,0.33,7
3071.0,3024.0,3088.0,3482.0,4095.0,2855.0,3169.0,2957.0,2.82,7.21,11.54,-0.22,-0.03,0.21,7
3069.0,3024.0,3085.0,3486.0,4095.0,2864.0,3170.0,2990.0,0.1,9.27,6.01,-0.1,-0.16,0.03,7
3071.0,3024.0,3088.0,3463.0,4095.0,2855.0,3152.0,2982.0,2.93,9.84,4.28,-0.13,-0.84,-0.12,7
3071.0,3027.0,3085.0,3426.0,4095.0,2832.0,3149.0,2972.0,6.98,10.65,5.12,-0.39,-1.34,-0.92,7
3086.0,3018.0,3071.0,3447.0,4095.0,2843.0,3150.0,2977.0,5.53,10.66,7.14,-0.18,-1.98,-1.26,7
3087.0,3015.0,3091.0,3485.0,4095.0,2864.0,3152.0,2987.0,-1.82,8.29,9.9,-0.24,-1.23,-1.68,7
3065.0,3019.0,3084.0,3475.0,4095.0,2863.0,3162.0,2973.0,-5.45,6.46,10.86,-0.09,-1.12,-1.45,7
3079.0,3023.0,3093.0,3481.0,4095.0,2864.0,3163.0,2981.0,-6.63,6.26,10.18,-0.07,-1.32,-0.97,7
3066.0,3024.0,3081.0,3472.0,4095.0,2865.0,3163.0,2980.0,-6.91,5.04,10.56,-0.22,-0.69,-0.63,7
3082.0,3031.0,3082.0,3481.0,4095.0,2869.0,3159.0,2975.0,-6.52,4.41,9.54,-0.63,-0.05,-0.04,7
3082.0,3023.0,3089.0,3477.0,4095.0,2867.0,3159.0,2986.0,-5.95,3.54,9.58,-0.75,0.19,0.31,7
3066.0,3028.0,3069.0,3476.0,4095.0,2864.0,3166.0,2992.0,-4.37,2.73,10.37,-1.15,0.29,1.24,7
3067.0,3025.0,3086.0,3475.0,4095.0,2874.0,3171.0,2990.0,-1.98,3.84,11.94,-1.18,0.49,1.66,7
3059.0,3027.0,3079.0,3475.0,4095.0,2870.0,3171.0,2989.0,1.24,7.38,10.99,-0.89,0.09,1.84,7
3071.0,3006.0,3085.0,3462.0,4095.0,2875.0,3168.0,2987.0,0.84,7.67,11.16,-1.04,0.65,1.92,7
3085.0,3009.0,3071.0,3371.0,4095.0,2883.0,3162.0,2954.0,5.29,11.53,11.4,-0.45,-0.19,1.54,7
3059.0,3010.0,3069.0,3359.0,4095.0,2901.0,3172.0,2948.0,5.3,9.55,12.13,-0.87,0.4,1.1,7
3084.0,3018.0,3071.0,3376.0,4095.0,2913.0,3175.0,2958.0,3.34,9.79,11.78,-0.88,0.27,0.69,7
3079.0,3024.0,3071.0,3391.0,4095.0,2918.0,3177.0,2961.0,3.17,9.31,13.0,-0.33,0.05,0.2,7
3066.0,3010.0,3071.0,3400.0,4095.0,2919.0,3178.0,2974.0,2.92,8.84,12.21,-0.16,-0.1,0.1,7
3088.0,3018.0,3088.0,3426.0,4095.0,2923.0,3180.0,2990.0,2.87,7.37,12.5,0.06,0.01,-0.39,7
3079.0,3018.0,3089.0,3510.0,4095.0,2847.0,3178.0,2982.0,4.62,9.45,6.31,-0.02,-0.18,-0.25,7
3071.0,3026.0,3084.0,3478.0,4095.0,2836.0,3159.0,2966.0,6.72,11.27,5.97,-0.14,-0.39,-1.26,7
3071.0,3012.0,3083.0,3489.0,4095.0,2861.0,3173.0,2986.0,4.86,9.95,7.98,-0.0,-1.4,-1.48,7
3070.0,3024.0,3088.0,3515.0,4095.0,2868.0,3172.0,2990.0,0.3,8.46,9.51,-0.07,-1.47,-2.09,7
3085.0,3027.0,3085.0,3499.0,4095.0,2874.0,3174.0,3010.0,-1.58,7.67,10.96,-0.04,-1.99,-2.02,7
3086.0,3015.0,3088.0,3486.0,4095.0,2885.0,3189.0,3034.0,-4.48,5.41,11.51,0.32,-1.98,-1.45,7
3071.0,3021.0,3083.0,3489.0,4095.0,2887.0,3193.0,3031.0,-5.8,4.73,10.91,-0.03,-0.82,-1.29,7
3059.0,3010.0,3085.0,3440.0,4095.0,2880.0,3191.0,3031.0,-6.36,3.98,8.62,-0.43,-0.35,-0.64,7
3081.0,3027.0,3071.0,3331.0,4095.0,2740.0,3031.0,2896.0,-8.39,2.84,8.88,-0.98,-0.08,-0.16,7
3069.0,3022.0,3069.0,3246.0,4095.0,2687.0,2925.0,2789.0,-8.05,1.61,9.74,-1.03,0.15,0.94,7
3063.0,3005.0,3056.0,3170.0,4095.0,2624.0,2826.0,2721.0,-0.52,1.34,12.47,-1.12,-0.83,1.24,7
3067.0,3014.0,3063.0,3136.0,4095.0,2637.0,2823.0,2734.0,-0.15,3.1,13.69,-0.23,0.21,1.61,7
3059.0,3023.0,3061.0,3117.0,4095.0,2673.0,2855.0,2755.0,2.23,8.07,11.93,-0.62,0.51,2.18,7
3059.0,3010.0,3066.0,3103.0,4095.0,2718.0,2879.0,2763.0,3.87,10.71,12.89,-0.67,0.19,2.08,7
3059.0,3012.0,3082.0,3104.0,4095.0,2739.0,2909.0,2778.0,6.73,13.46,13.03,-0.7,-0.13,1.48,7
3060.0,3021.0,3056.0,3150.0,4095.0,2768.0,2935.0,2798.0,3.85,10.61,13.14,-0.24,0.49,0.87,7
3069.0,3027.0,3066.0,3163.0,4095.0,2789.0,2957.0,2815.0,2.26,9.03,11.0,0.03,0.21,0.42,7
3081.0,3014.0,3088.0,3184.0,4095.0,2799.0,2964.0,2833.0,2.33,8.65,11.29,-0.26,0.08,0.39,7
3065.0,3024.0,3087.0,3213.0,4095.0,2811.0,2989.0,2867.0,2.4,7.55,12.24,0.03,-0.2,0.1,7
3062.0,3011.0,3086.0,3231.0,4095.0,2823.0,3002.0,2891.0,2.61,7.04,12.11,0.06,0.05,-0.09,7
3088.0,3024.0,3088.0,3431.0,4095.0,2821.0,3071.0,2961.0,2.78,9.94,3.39,-0.33,-0.66,0.1,7
3081.0,3007.0,3071.0,3429.0,4095.0,2816.0,3059.0,2928.0,3.85,11.23,3.81,-0.0,-0.19,-0.92,7
3061.0,3014.0,3088.0,3423.0,4095.0,2829.0,3067.0,2878.0,7.63,11.35,4.04,-0.05,-1.56,-0.54,7
3067.0,3014.0,3071.0,3440.0,4095.0,2828.0,3068.0,2915.0,2.6,11.15,6.52,0.24,-1.97,-1.56,7
3071.0,3021.0,3088.0,3467.0,4095.0,2833.0,3071.0,2967.0,-2.97,8.74,8.7,0.5,-1.96,-1.54,7
3065.0,3025.0,3082.0,3458.0,4095.0,2835.0,3083.0,2989.0,-8.87,6.9,9.07,0.6,-1.45,-1.08,7
3071.0,3024.0,3081.0,3453.0,4095.0,2850.0,3088.0,2987.0,-6.71,7.55,7.9,0.26,-2.02,-0.73,7
3063.0,3033.0,3084.0,3461.0,4095.0,2854.0,3092.0,2988.0,-7.16,5.54,8.16,0.14,-1.16,-0.44,7
3071.0,3023.0,3093.0,3470.0,4095.0,2851.0,3088.0,2992.0,-6.33,4.71,7.41,-0.34,-0.28,-0.55,7
3055.0,3024.0,3069.0,3442.0,4095.0,2856.0,3088.0,2972.0,-8.85,3.85,7.58,-0.73,0.64,-0.23,7
3086.0,3011.0,3086.0,3469.0,4095.0,2800.0,3088.0,2939.0,-8.14,2.77,10.23,-0.69,1.18,-0.15,7
3070.0,3018.0,3083.0,3423.0,4095.0,2786.0,3087.0,2909.0,-5.13,6.05,7.88,-1.02,0.88,0.62,7
3056.0,2998.0,3071.0,3419.0,4095.0,2783.0,3088.0,2905.0,-1.27,6.65,9.79,-1.28,0.62,0.65,7
3049.0,3003.0,3067.0,3415.0,4095.0,2785.0,3092.0,2909.0,-0.85,9.17,10.25,-1.94,1.06,1.22,7
3057.0,3009.0,3081.0,3410.0,4095.0,2796.0,3088.0,2889.0,0.7,13.28,7.96,-1.43,0.62,1.07,7
3054.0,3020.0,3063.0,3431.0,4095.0,2800.0,3091.0,2926.0,0.52,12.14,11.44,-1.76,0.96,1.34,7
3071.0,3019.0,3079.0,3471.0,4095.0,2807.0,3098.0,2928.0,0.34,11.61,9.61,-0.55,0.66,1.09,7
3061.0,3024.0,3079.0,3450.0,4095.0,2823.0,3116.0,2951.0,0.01,10.15,8.61,-0.11,0.21,0.9,7
3083.0,3027.0,3071.0,3445.0,4095.0,2827.0,3111.0,2958.0,0.43,10.36,8.09,-0.06,-0.01,0.72,7
3083.0,3027.0,3069.0,3443.0,4095.0,2828.0,3114.0,2958.0,0.9,8.71,9.2,-0.41,-0.38,0.36,7
3087.0,3030.0,3087.0,3502.0,4095.0,2791.0,3131.0,3021.0,7.86,11.8,5.46,-0.34,-1.12,-0.89,7
3059.0,3021.0,3088.0,3508.0,4095.0,2759.0,3123.0,3024.0,2.88,10.82,8.63,-0.25,-1.14,-1.1,7
3067.0,3024.0,3083.0,3530.0,4095.0,2768.0,3123.0,3024.0,1.14,8.59,8.6,0.43,-1.87,-1.24,7
3067.0,3018.0,3087.0,3539.0,4095.0,2773.0,3137.0,3032.0,-1.22,7.19,10.35,0.07,-1.33,-1.67,7
3071.0,3027.0,3089.0,3511.0,4095.0,2786.0,3136.0,3038.0,-6.07,5.92,9.97,0.26,-0.75,-1.13,7
3059.0,3025.0,3091.0,3551.0,4095.0,2800.0,3143.0,3029.0,-8.92,5.72,9.41,0.05,-0.45,-0.82,7
3058.0,3024.0,3089.0,3571.0,4095.0,2804.0,3136.0,3026.0,-7.38,5.29,9.12,-0.28,-0.6,-0.25,7
3070.0,3024.0,3085.0,3568.0,4095.0,2805.0,3143.0,3041.0,-7.01,3.57,9.29,-0.53,-0.06,-0.0,7
3065.0,3017.0,3088.0,3546.0,4095.0,2811.0,3145.0,3051.0,-3.42,3.02,9.26,-0.72,-0.1,0.58,7
3062.0,3023.0,3089.0,3441.0,4095.0,2822.0,3143.0,3036.0,-1.88,2.26,9.46,-0.97,1.44,0.15,7
3063.0,3024.0,3081.0,3373.0,4095.0,2823.0,3130.0,3019.0,-3.2,5.09,10.35,-1.29,1.05,1.43,7
3090.0,3015.0,3083.0,3382.0,4095.0,2822.0,3123.0,2993.0,-0.67,8.86,11.4,-1.13,-0.18,1.43,7
3071.0,3019.0,3071.0,3390.0,4095.0,2826.0,3136.0,3006.0,1.04,10.99,11.64,-1.25,0.18,1.97,7
3054.0,3017.0,3067.0,3425.0,4095.0,2819.0,3130.0,2982.0,4.54,11.67,14.17,-0.94,-0.12,1.36,7
3059.0,3026.0,3071.0,3431.0,4095.0,2826.0,3134.0,2987.0,4.09,11.88,12.46,-0.31,0.36,0.73,7
3067.0,3013.0,3088.0,3437.0,4095.0,2839.0,3146.0,3023.0,2.85,11.03,11.08,-0.23,0.1,0.24,7
3071.0,3025.0,3089.0,3431.0,4095.0,2835.0,3138.0,3015.0,0.64,9.3,9.95,0.0,0.01,0.12,7
3081.0,3024.0,3088.0,3454.0,4095.0,2843.0,3146.0,3024.0,1.62,8.14,10.81,0.18,-0.43,-0.03,7
3062.0,3024.0,3087.0,3457.0,4095.0,2851.0,3152.0,3031.0,1.2,7.95,10.69,0.21,-0.21,-0.26,7
3062.0,3007.0,3081.0,3463.0,4095.0,2845.0,3149.0,3030.0,1.41,7.43,11.21,-0.02,-0.37,-0.29,7
3071.0,3026.0,3079.0,3583.0,4095.0,2784.0,3154.0,3067.0,1.13,9.45,5.95,0.02,-0.2,0.19,7
3071.0,3026.0,3079.0,3583.0,4095.0,2784.0,3154.0,3067.0,1.13,9.45,5.95,0.02,-0.2,0.19,7
3070.0,3021.0,3085.0,3547.0,4095.0,2768.0,3146.0,3029.0,5.68,10.67,4.54,-0.03,-0.86,-0.24,7
3066.0,3029.0,3089.0,3573.0,4095.0,2775.0,3145.0,3023.0,6.38,11.21,5.54,-0.28,-1.6,-0.96,7
3065.0,3009.0,3090.0,3636.0,4095.0,2775.0,3153.0,3047.0,2.07,8.77,7.52,-0.14,-1.56,-1.58,7
3067.0,3023.0,3091.0,3670.0,4095.0,2778.0,3153.0,3050.0,0.27,7.48,9.76,-0.58,-1.55,-2.07,7
3070.0,3018.0,3092.0,3638.0,4095.0,2782.0,3157.0,3065.0,-3.76,7.16,10.45,-0.16,-1.65,-1.45,7
3081.0,3021.0,3071.0,3637.0,4095.0,2787.0,3157.0,3085.0,-6.26,4.41,12.33,-0.05,-0.96,-1.3,7
3087.0,3025.0,3090.0,3635.0,4095.0,2795.0,3162.0,3059.0,-7.88,5.31,9.8,0.09,-0.64,-0.73,7
3056.0,3009.0,3089.0,3620.0,4095.0,2800.0,3166.0,3063.0,-8.11,4.11,10.06,-0.26,-0.36,-0.48,7
3069.0,3024.0,3071.0,3616.0,4095.0,2800.0,3167.0,3063.0,-7.92,3.79,9.84,-0.45,0.24,0.04,7
3064.0,3019.0,3083.0,3635.0,4095.0,2804.0,3174.0,3070.0,-6.01,1.65,11.72,-0.58,0.14,0.78,7
3060.0,3015.0,3087.0,3632.0,4095.0,2803.0,3169.0,3056.0,-2.17,1.91,10.98,-0.61,0.37,1.13,7
3081.0,3023.0,3085.0,3642.0,4095.0,2811.0,3166.0,3047.0,-2.76,4.18,9.55,-0.92,1.02,1.83,7
3068.0,3015.0,3093.0,3600.0,4095.0,2821.0,3172.0,3058.0,-0.93,7.06,10.47,-1.24,0.66,2.27,7
3062.0,3019.0,3088.0,3570.0,4095.0,2822.0,3161.0,3008.0,3.95,8.22,12.39,-1.8,0.08,2.32,7
3071.0,3019.0,3088.0,3489.0,4095.0,2816.0,3083.0,2797.0,7.08,14.21,12.27,-1.25,-0.16,2.02,7
3082.0,3024.0,3081.0,3488.0,4095.0,2803.0,3069.0,2804.0,6.34,9.62,15.93,-0.72,0.35,1.15,7
3065.0,3014.0,3071.0,3456.0,4095.0,2818.0,3063.0,2826.0,3.38,10.71,11.94,-0.13,0.66,0.41,7
3083.0,3018.0,3080.0,3449.0,4095.0,2815.0,3088.0,2870.0,2.37,8.59,11.34,-0.04,-0.06,0.26,7
3071.0,3033.0,3088.0,3582.0,4095.0,2845.0,3191.0,3019.0,-0.63,9.38,6.8,0.12,0.47,0.76,7
3071.0,3026.0,3086.0,3522.0,4095.0,2825.0,3173.0,2960.0,5.4,10.45,5.42,0.05,-0.56,0.48,7
3058.0,3014.0,3086.0,3545.0,4095.0,2807.0,3167.0,2954.0,8.56,10.97,6.22,-0.21,-1.81,-0.74,7
3090.0,3024.0,3093.0,3621.0,4095.0,2816.0,3170.0,2963.0,2.84,9.17,8.19,0.06,-1.29,-1.66,7
3071.0,3025.0,3101.0,3600.0,4095.0,2832.0,3183.0,2995.0,-0.79,8.51,8.95,-0.25,-1.22,-1.71,7
3079.0,3015.0,3088.0,3583.0,4095.0,2835.0,3181.0,2994.0,-2.8,7.34,10.19,-0.06,-1.48,-1.47,7
3081.0,3014.0,3089.0,3571.0,4095.0,2842.0,3190.0,3017.0,-4.65,6.51,10.24,-0.0,-0.91,-1.28,7
3070.0,3024.0,3088.0,3579.0,4095.0,2847.0,3189.0,3027.0,-5.88,5.81,9.17,-0.24,-0.25,-0.85,7
3081.0,3021.0,3085.0,3602.0,4095.0,2864.0,3195.0,3032.0,-7.49,3.95,8.88,-0.38,0.39,-0.28,7
3071.0,3024.0,3093.0,3583.0,4095.0,2869.0,3206.0,3042.0,-6.15,2.64,7.73,-0.7,0.31,0.37,7
3070.0,3025.0,3097.0,3611.0,4095.0,2881.0,3203.0,3007.0,-4.67,2.1,8.73,-1.01,1.22,0.65,7
3088.0,3008.0,3101.0,3583.0,4095.0,2880.0,3199.0,3008.0,-4.13,2.87,10.26,-1.25,0.65,1.73,7
3088.0,3011.0,3087.0,3598.0,4095.0,2882.0,3195.0,2979.0,0.9,7.57,11.14,-1.12,-0.43,2.04,7
3088.0,3009.0,3071.0,3606.0,4095.0,2883.0,3197.0,2967.0,4.75,8.59,13.33,-1.26,0.02,2.18,7
3071.0,3021.0,3071.0,3603.0,4095.0,2886.0,3193.0,2967.0,6.05,10.14,13.89,-1.08,0.31,1.63,7
3081.0,3021.0,3084.0,3616.0,4095.0,2887.0,3207.0,2989.0,5.69,10.68,12.9,-0.73,0.18,0.98,7
3091.0,3030.0,3088.0,3619.0,4095.0,2902.0,3211.0,3009.0,3.42,10.44,11.58,-0.58,0.32,0.44,7
3088.0,3022.0,3093.0,3620.0,4095.0,2903.0,3217.0,3021.0,2.88,8.52,12.66,-0.23,-0.05,0.03,7
3089.0,3019.0,3092.0,3619.0,4095.0,2902.0,3216.0,3013.0,2.32,7.97,11.51,-0.13,0.01,-0.07,7
3095.0,3028.0,3087.0,3632.0,4095.0,2906.0,3216.0,3010.0,2.08,6.89,12.14,-0.25,-0.08,-0.0,7
3069.0,3029.0,3071.0,3356.0,4095.0,2512.0,2735.0,2735.0,-0.39,8.6,9.31,0.34,0.5,0.2,z
3069.0,3029.0,3071.0,3356.0,4095.0,2512.0,2735.0,2735.0,-0.39,8.6,9.31,0.34,0.5,0.2,z
3065.0,3028.0,3083.0,3317.0,4095.0,2517.0,2737.0,2731.0,1.26,9.03,6.05,0.55,0.8,0.75,z
3065.0,3029.0,3071.0,3302.0,4095.0,2457.0,2713.0,2654.0,18.9,9.45,-3.07,-0.82,0.71,0.24,z
3082.0,3024.0,3089.0,3306.0,4095.0,2477.0,2722.0,2673.0,17.76,1.35,4.54,-2.51,-2.13,-3.81,z
3071.0,3038.0,3083.0,3250.0,4095.0,2502.0,2723.0,2667.0,-12.88,-1.24,19.35,-3.03,-1.73,-3.84,z
3069.0,3037.0,3087.0,3162.0,4095.0,2501.0,2725.0,2684.0,-24.57,-0.29,24.27,-1.57,0.58,1.85,z
3071.0,3025.0,3087.0,3183.0,4095.0,2485.0,2719.0,2641.0,-10.84,1.7,15.63,0.45,1.38,3.92,z
3059.0,3030.0,3087.0,3200.0,4095.0,2480.0,2713.0,2669.0,4.06,2.65,12.7,0.09,-0.15,3.42,z
3067.0,3024.0,3083.0,3248.0,4095.0,2480.0,2715.0,2652.0,14.2,5.39,9.73,0.37,1.55,3.18,z
3071.0,3033.0,3083.0,3217.0,4095.0,2454.0,2703.0,2625.0,20.94,7.88,4.82,0.09,0.77,1.18,z
3068.0,3031.0,3081.0,3226.0,4095.0,2470.0,2699.0,2630.0,22.59,6.45,4.94,-1.35,-1.57,-1.68,z
3071.0,3033.0,3093.0,3231.0,4095.0,2477.0,2710.0,2655.0,15.84,1.29,10.53,-2.81,-1.73,-4.23,z
3063.0,3024.0,3083.0,3236.0,4095.0,2480.0,2712.0,2669.0,0.95,-3.88,17.02,-2.86,-1.09,-5.48,z
3057.0,3022.0,3090.0,3152.0,4095.0,2496.0,2710.0,2673.0,-15.99,-0.28,21.48,-1.27,-0.3,-2.36,z
3059.0,3027.0,3090.0,3168.0,4095.0,2498.0,2731.0,2699.0,-4.63,-0.25,18.24,0.23,-1.03,-1.17,z
3071.0,3035.0,3081.0,3193.0,4095.0,2501.0,2732.0,2694.0,-0.58,3.27,13.71,0.38,-0.5,-0.9,z
3065.0,3027.0,3086.0,3202.0,4095.0,2493.0,2727.0,2694.0,0.29,5.31,12.59,0.11,0.13,-0.42,z
3071.0,3021.0,3085.0,3212.0,4095.0,2479.0,2726.0,2713.0,0.92,4.47,13.57,-0.03,-0.19,-0.27,z
3071.0,3023.0,3088.0,3243.0,4095.0,2482.0,2723.0,2721.0,0.92,4.32,13.41,0.32,-0.1,-0.02,z
3086.0,3026.0,3087.0,3314.0,4095.0,2533.0,2768.0,2782.0,1.81,8.72,9.38,0.01,0.13,-0.05,z
3059.0,3031.0,3095.0,3309.0,4095.0,2532.0,2766.0,2780.0,1.84,8.41,8.32,0.4,0.29,0.03,z
3056.0,3021.0,3095.0,3309.0,4095.0,2526.0,2768.0,2769.0,3.9,9.23,5.15,0.19,0.58,0.42,z
3085.0,3025.0,3102.0,3307.0,4095.0,2500.0,2757.0,2672.0,14.18,7.13,3.21,-0.71,-0.69,-0.4,z
3071.0,3031.0,3097.0,3386.0,4095.0,2501.0,2759.0,2720.0,14.06,3.52,6.16,-1.37,-1.49,-2.67,z
3061.0,3026.0,3099.0,3351.0,4095.0,2513.0,2763.0,2748.0,0.02,2.09,12.8,-1.84,-1.8,-3.76,z
3066.0,3026.0,3093.0,3203.0,4095.0,2511.0,2757.0,2753.0,-17.43,1.34,19.29,-1.72,0.61,-0.87,z
3069.0,3026.0,3083.0,3090.0,4095.0,2512.0,2763.0,2725.0,-17.92,4.35,15.79,-0.04,0.5,1.34,z
3071.0,3037.0,3088.0,3350.0,4095.0,2503.0,2745.0,2724.0,-3.99,5.3,12.56,0.55,0.04,2.12,z
3059.0,3023.0,3101.0,3360.0,4095.0,2491.0,2736.0,2691.0,6.46,5.3,11.73,-0.09,1.28,2.42,z
3088.0,3027.0,3091.0,3306.0,4095.0,2464.0,2738.0,2644.0,14.49,8.79,7.7,-0.11,0.72,1.86,z
3071.0,3032.0,3085.0,3248.0,4095.0,2459.0,2726.0,2640.0,22.3,7.63,2.49,-1.0,-0.64,0.01,z
3056.0,3031.0,3091.0,3263.0,4095.0,2451.0,2731.0,2667.0,19.56,2.69,5.75,-2.89,-1.31,-3.33,z
3059.0,3027.0,3086.0,3234.0,4095.0,2475.0,2733.0,2699.0,-0.21,-2.61,19.32,-3.19,-0.89,-4.43,z
3058.0,3033.0,3098.0,3245.0,4095.0,2501.0,2724.0,2720.0,-11.87,2.04,22.97,-0.51,-0.51,-2.12,z
3071.0,3033.0,3088.0,3286.0,4095.0,2498.0,2741.0,2737.0,-7.5,5.09,16.36,0.01,-1.23,-0.53,z
3063.0,3026.0,3088.0,3387.0,4095.0,2480.0,2742.0,2733.0,-0.81,3.69,14.74,0.03,-0.55,-0.35,z
3071.0,3022.0,3088.0,3419.0,4095.0,2490.0,2751.0,2743.0,1.45,4.79,13.09,0.09,0.41,-0.25,z
3071.0,3025.0,3094.0,3423.0,4095.0,2497.0,2754.0,2745.0,1.46,5.28,12.45,-0.04,-0.05,-0.38,z
3069.0,3024.0,3088.0,3426.0,4095.0,2498.0,2755.0,2731.0,1.31,5.15,13.04,-0.1,0.1,-0.34,z
3066.0,3027.0,3101.0,3293.0,4095.0,2525.0,2813.0,2851.0,2.41,9.25,6.53,0.15,0.23,0.22,z
3068.0,3030.0,3117.0,3280.0,4095.0,2509.0,2807.0,2821.0,8.34,9.3,3.78,-0.25,-0.02,0.37,z
3070.0,3020.0,3092.0,3298.0,4095.0,2495.0,2807.0,2786.0,15.26,5.69,3.78,-1.14,-1.58,-1.54,z
3071.0,3030.0,3102.0,3291.0,4095.0,2512.0,2807.0,2829.0,5.4,2.62,9.5,-1.84,-1.83,-3.49,z
3063.0,3024.0,3095.0,3223.0,4095.0,2522.0,2805.0,2834.0,-14.79,2.86,17.28,-1.87,0.11,-1.38,z
3069.0,3029.0,3095.0,3094.0,4095.0,2531.0,2791.0,2773.0,-19.22,6.03,17.19,-0.12,0.65,1.62,z
3071.0,3037.0,3099.0,3211.0,4095.0,2525.0,2798.0,2733.0,-5.15,5.71,12.25,0.19,0.02,2.95,z
3081.0,3033.0,3106.0,3234.0,4095.0,2518.0,2786.0,2785.0,6.97,5.89,10.71,0.13,0.62,2.43,z
3079.0,3031.0,3104.0,3219.0,4095.0,2508.0,2791.0,2715.0,13.17,7.65,7.63,0.37,1.17,1.94,z
3061.0,3035.0,3089.0,3248.0,4095.0,2472.0,2753.0,2659.0,18.65,7.14,0.39,0.03,-0.02,0.26,z
3067.0,3034.0,3107.0,3222.0,4095.0,2464.0,2750.0,2643.0,24.67,7.05,-3.09,-2.13,-2.66,-2.01,z
3059.0,3022.0,3099.0,3247.0,4095.0,2492.0,2771.0,2723.0,11.28,-1.54,12.56,-3.69,-2.12,-4.43,z
3066.0,3035.0,3102.0,3264.0,4095.0,2517.0,2787.0,2719.0,-7.93,-1.61,22.49,-3.42,-1.12,-3.83,z
3070.0,3023.0,3099.0,3283.0,4095.0,2527.0,2798.0,2773.0,-5.64,0.81,22.68,-1.17,-1.18,-1.86,z
3061.0,3025.0,3098.0,3298.0,4095.0,2526.0,2797.0,2769.0,-2.07,3.1,17.35,-0.14,-0.83,-0.99,z
3066.0,3028.0,3088.0,3298.0,4095.0,2527.0,2799.0,2767.0,0.44,5.3,12.81,-0.01,-0.01,-0.59,z
3064.0,3033.0,3086.0,3317.0,4095.0,2527.0,2801.0,2767.0,0.87,5.2,13.3,-0.45,-0.02,-0.32,z
3059.0,3030.0,3099.0,3257.0,4095.0,2523.0,2797.0,2770.0,1.38,5.0,13.38,-0.15,-0.14,-0.08,z
3056.0,3020.0,3094.0,3263.0,4095.0,2527.0,2801.0,2784.0,2.05,4.92,12.91,0.01,-0.14,0.01,z
3071.0,3025.0,3097.0,3277.0,4095.0,2527.0,2807.0,2795.0,2.06,4.85,13.12,0.02,-0.12,0.01,z
3071.0,3037.0,3109.0,3440.0,4095.0,2599.0,2845.0,2864.0,2.53,9.16,8.39,0.02,-0.05,-0.08,z
3081.0,3036.0,3115.0,3440.0,4095.0,2595.0,2847.0,2868.0,2.77,8.5,9.38,-0.08,-0.05,-0.13,z
3071.0,3031.0,3105.0,3430.0,4095.0,2592.0,2848.0,2870.0,2.42,8.81,8.93,0.17,0.09,-0.16,z
3066.0,3039.0,3116.0,3438.0,4095.0,2602.0,2854.0,2874.0,2.46,8.9,8.73,0.17,0.03,-0.1,z
3056.0,3024.0,3105.0,3435.0,4095.0,2595.0,2851.0,2871.0,2.54,8.66,8.79,0.23,0.03,-0.09,z
3067.0,3038.0,3120.0,3435.0,4095.0,2593.0,2847.0,2867.0,2.15,8.78,8.27,0.35,0.18,-0.04,z
3082.0,3024.0,3104.0,3413.0,4095.0,2603.0,2855.0,2871.0,3.44,8.83,7.28,0.57,0.86,0.22,z
3065.0,3026.0,3104.0,3419.0,4095.0,2559.0,2845.0,2844.0,7.39,8.59,4.53,0.12,0.62,0.59,z
3066.0,3024.0,3094.0,3403.0,4095.0,2520.0,2827.0,2769.0,18.02,4.38,0.82,-0.96,-1.99,-1.8,z
3067.0,3019.0,3110.0,3408.0,4095.0,2533.0,2826.0,2799.0,10.27,0.46,6.76,-2.53,-2.32,-3.37,z
3071.0,3024.0,3088.0,3245.0,4095.0,2543.0,2826.0,2802.0,-11.48,1.76,21.43,-2.89,-0.23,-1.97,z
3066.0,3029.0,3088.0,3105.0,4095.0,2559.0,2816.0,2832.0,-25.79,5.55,20.61,-0.02,1.07,1.8,z
3088.0,3028.0,3101.0,3204.0,4095.0,2557.0,2806.0,2776.0,-11.2,4.9,11.82,0.31,0.74,3.82,z
3088.0,3031.0,3109.0,3312.0,4095.0,2533.0,2799.0,2763.0,7.63,2.95,11.39,0.12,-0.43,2.74,z
3088.0,3030.0,3100.0,3297.0,4095.0,2527.0,2818.0,2721.0,18.93,4.68,9.25,0.18,0.84,2.07,z
3088.0,3037.0,3095.0,3246.0,4095.0,2511.0,2790.0,2687.0,24.84,5.83,2.49,0.05,0.04,-0.16,z
3081.0,3023.0,3101.0,3272.0,4095.0,2511.0,2790.0,2695.0,17.87,4.7,4.31,-2.28,-0.68,-2.39,z
3067.0,3027.0,3093.0,3312.0,4095.0,2533.0,2800.0,2752.0,10.27,0.42,11.73,-2.93,-1.57,-4.11,z
3069.0,3013.0,3106.0,3258.0,4095.0,2543.0,2807.0,2819.0,-6.97,-0.05,21.67,-2.07,-0.36,-3.54,z
3085.0,3024.0,3095.0,3233.0,4095.0,2544.0,2808.0,2798.0,-10.14,3.99,20.1,-0.26,-0.31,-1.26,z
3083.0,3026.0,3103.0,3473.0,4095.0,2594.0,2855.0,2882.0,2.57,8.36,9.28,0.15,-0.08,-0.17,z
3082.0,3044.0,3103.0,3473.0,4095.0,2601.0,2855.0,2885.0,2.09,8.74,8.4,0.52,0.59,-0.27,z
3083.0,3020.0,3098.0,3458.0,4095.0,2593.0,2858.0,2880.0,2.11,8.81,6.41,0.34,0.34,-0.05,z
3069.0,3041.0,3098.0,3461.0,4095.0,2579.0,2851.0,2862.0,6.68,8.26,5.28,-0.0,-0.23,0.03,z
3071.0,3019.0,3116.0,3462.0,4095.0,2579.0,2846.0,2829.0,13.25,6.37,5.15,-0.73,-1.31,-1.0,z
3071.0,3025.0,3105.0,3467.0,4095.0,2586.0,2855.0,2845.0,8.65,3.82,7.77,-1.23,-1.78,-2.64,z
3095.0,3023.0,3107.0,3407.0,4095.0,2595.0,2843.0,2885.0,-4.37,3.54,12.61,-1.57,-1.13,-1.97,z
3079.0,3041.0,3097.0,3149.0,4095.0,2559.0,2817.0,2855.0,-19.6,6.18,17.78,-0.96,1.72,1.22,z
3088.0,3018.0,3088.0,3213.0,4095.0,2559.0,2829.0,2864.0,-13.33,6.74,14.26,0.04,0.69,2.58,z
3086.0,3024.0,3109.0,3326.0,4095.0,2557.0,2819.0,2832.0,1.8,4.59,10.92,-0.29,-0.55,2.53,z
3071.0,3031.0,3110.0,3367.0,4095.0,2544.0,2822.0,2764.0,12.33,5.97,7.23,-0.04,1.39,2.77,z
3083.0,3038.0,3116.0,3302.0,4095.0,2513.0,2805.0,2695.0,26.96,6.16,-0.36,-0.72,-0.63,0.21,z
3071.0,3025.0,3088.0,3267.0,4095.0,2513.0,2799.0,2694.0,25.29,5.92,2.65,-2.62,-1.44,-2.68,z
3071.0,3033.0,3105.0,3337.0,4095.0,2547.0,2816.0,2794.0,5.43,-1.37,17.88,-3.02,-0.75,-4.82,z
3070.0,3024.0,3089.0,3149.0,4095.0,2558.0,2811.0,2806.0,-13.55,1.04,22.52,-1.32,0.58,-2.13,z
3084.0,3022.0,3095.0,3162.0,4095.0,2579.0,2817.0,2813.0,-7.36,5.27,17.04,-0.38,-0.89,-1.06,z
3063.0,3011.0,3090.0,3248.0,4095.0,2559.0,2816.0,2802.0,-2.68,5.23,15.13,-0.17,-0.49,-0.86,z
3071.0,3024.0,3095.0,3290.0,4095.0,2559.0,2816.0,2795.0,1.21,4.97,13.88,-0.01,0.29,-0.06,z
3062.0,3019.0,3094.0,3293.0,4095.0,2559.0,2827.0,2803.0,1.19,4.9,13.18,0.13,0.13,-0.17,z
3085.0,3024.0,3107.0,3305.0,4095.0,2559.0,2825.0,2821.0,-0.1,5.2,13.98,0.37,0.28,0.06,z
3061.0,3029.0,3111.0,3372.0,4095.0,2559.0,2839.0,2903.0,-1.65,9.62,6.31,0.25,0.58,0.38,z
3070.0,3040.0,3114.0,3344.0,4095.0,2557.0,2846.0,2882.0,2.28,9.16,1.89,0.12,-0.08,0.7,z
3069.0,3019.0,3113.0,3328.0,4095.0,2510.0,2815.0,2794.0,15.17,8.11,-1.41,-0.75,-1.92,0.11,z
3059.0,3027.0,3117.0,3346.0,4095.0,2528.0,2824.0,2812.0,14.29,6.53,2.94,-1.92,-2.54,-2.06,z
3071.0,3031.0,3118.0,3349.0,4095.0,2559.0,2839.0,2858.0,-4.57,3.25,16.97,-2.47,-0.6,-3.25,z
3066.0,3022.0,3090.0,3344.0,4095.0,2601.0,2809.0,2858.0,-27.2,6.67,18.61,-0.46,2.4,1.17,z
3066.0,3017.0,3081.0,3287.0,4095.0,2559.0,2811.0,2785.0,-14.54,8.28,8.56,0.31,0.23,2.45,z
3085.0,3024.0,3099.0,3264.0,4095.0,2535.0,2809.0,2749.0,1.4,5.46,9.88,-0.35,-1.9,1.83,z
3082.0,3037.0,3109.0,3309.0,4095.0,2542.0,2816.0,2767.0,7.28,5.56,8.56,0.04,2.05,2.18,z
3071.0,3034.0,3104.0,3303.0,4095.0,2535.0,2807.0,2736.0,11.93,6.78,4.62,-0.19,1.18,1.26,z
3061.0,3024.0,3117.0,3289.0,4095.0,2511.0,2800.0,2709.0,15.49,8.83,0.91,-0.73,-0.5,0.23,z
3082.0,3034.0,3113.0,3297.0,4095.0,2511.0,2795.0,2699.0,15.89,8.67,2.45,-1.97,-1.46,-1.18,z
3088.0,3027.0,3115.0,3329.0,4095.0,2535.0,2814.0,2751.0,11.45,5.47,11.85,-2.65,-1.96,-2.94,z
3071.0,3039.0,3107.0,3318.0,4095.0,2559.0,2831.0,2781.0,-1.85,3.09,18.8,-1.91,-1.23,-3.19,z
3093.0,3033.0,3092.0,3307.0,4095.0,2559.0,2831.0,2816.0,-10.08,4.95,19.02,-0.74,-0.33,-1.36,z
3092.0,3038.0,3109.0,3308.0,4095.0,2559.0,2835.0,2817.0,-3.31,6.19,15.2,-0.18,-1.64,-0.54,z
3086.0,3031.0,3104.0,3321.0,4095.0,2559.0,2834.0,2845.0,-1.65,6.38,13.28,-0.02,-0.14,-0.45,z
3065.0,3029.0,3105.0,3334.0,4095.0,2559.0,2837.0,2849.0,0.23,6.82,11.76,0.01,0.13,-0.09,z
3067.0,3031.0,3101.0,3349.0,4095.0,2559.0,2843.0,2849.0,1.82,6.79,11.56,0.09,-0.18,-0.3,z
3070.0,3023.0,3111.0,3360.0,4095.0,2559.0,2841.0,2857.0,1.93,6.52,11.41,-0.0,0.2,-0.04,z
3062.0,3026.0,3099.0,3415.0,4095.0,2608.0,2875.0,2902.0,0.58,9.59,6.02,0.29,0.57,0.26,z
3071.0,3024.0,3113.0,3381.0,4095.0,2543.0,2848.0,2795.0,6.74,7.84,0.31,-0.54,0.11,1.23,z
3059.0,3033.0,3109.0,3370.0,4095.0,2524.0,2839.0,2727.0,20.99,4.96,1.0,-0.68,-2.49,-0.59,z
3071.0,3019.0,3121.0,3388.0,4095.0,2539.0,2835.0,2781.0,9.31,4.64,7.42,-2.32,-1.98,-3.65,z
3059.0,3033.0,3110.0,3408.0,4095.0,2559.0,2847.0,2839.0,-9.78,3.19,17.17,-2.17,-0.51,-2.83,z
3083.0,3022.0,3101.0,2350.0,4095.0,2579.0,2837.0,2865.0,-18.36,6.05,18.24,-0.85,-0.04,-0.46,z
3059.0,3029.0,3101.0,3279.0,4095.0,2589.0,2845.0,2887.0,-14.14,5.47,15.5,-0.02,-0.84,1.26,z
3088.0,3031.0,3106.0,2369.0,4095.0,2586.0,2855.0,2878.0,-6.46,3.01,14.26,0.38,0.19,2.74,z
3087.0,3034.0,3103.0,3175.0,4095.0,2550.0,2836.0,2832.0,-0.25,4.06,11.58,0.75,1.42,3.07,z
3081.0,3029.0,3113.0,3190.0,4095.0,2527.0,2821.0,2807.0,6.48,6.19,9.28,0.37,1.78,2.43,z
3088.0,3030.0,3107.0,3338.0,4095.0,2502.0,2793.0,2716.0,14.76,6.8,5.45,0.49,0.35,1.92,z
3083.0,3033.0,3109.0,3287.0,4095.0,2486.0,2774.0,2705.0,21.78,8.18,1.11,-0.18,-0.19,0.73,z
3063.0,3022.0,3104.0,3295.0,4095.0,2497.0,2775.0,2726.0,18.33,7.71,3.58,-1.32,-1.08,-1.84,z
3057.0,3014.0,3120.0,3282.0,4095.0,2513.0,2787.0,2727.0,12.18,4.94,7.9,-2.44,-2.31,-3.48,z
3085.0,3019.0,3101.0,3328.0,4095.0,2539.0,2800.0,2799.0,-1.21,1.66,16.46,-2.61,-0.94,-3.6,z
3067.0,3039.0,3114.0,3347.0,4095.0,2545.0,2797.0,2811.0,-7.74,3.64,19.66,-1.25,-1.02,-2.13,z
3088.0,3022.0,3103.0,3343.0,4095.0,2546.0,2802.0,2816.0,-4.58,5.32,16.23,-0.11,-1.15,-1.25,z
3064.0,3018.0,3113.0,3354.0,4095.0,2553.0,2815.0,2811.0,-0.33,5.7,14.67,-0.42,-0.51,-0.73,z
3079.0,3033.0,3104.0,3362.0,4095.0,2557.0,2819.0,2813.0,-0.4,6.28,13.6,0.02,0.24,-0.16,z
3067.0,3023.0,3101.0,3353.0,4095.0,2555.0,2815.0,2823.0,1.09,6.17,11.78,0.18,0.21,-0.06,z
3085.0,3035.0,3106.0,3441.0,4095.0,2604.0,2885.0,2905.0,-0.04,8.66,7.82,0.22,0.27,-0.04,z
3086.0,3042.0,3115.0,3431.0,4095.0,2597.0,2871.0,2881.0,0.22,9.1,5.46,0.36,0.67,0.54,z
3071.0,3024.0,3115.0,3390.0,4095.0,2554.0,2859.0,2822.0,11.55,8.09,3.43,-0.58,-0.77,0.42,z
3070.0,3025.0,3110.0,3407.0,4095.0,2559.0,2864.0,2819.0,15.14,4.81,6.43,-0.59,-2.19,-2.02,z
3067.0,3024.0,3119.0,3419.0,4095.0,2586.0,2863.0,2850.0,2.56,4.81,9.86,-1.33,-1.6,-3.12,z
3087.0,3027.0,3117.0,3397.0,4095.0,2587.0,2861.0,2896.0,-12.48,5.76,14.88,-0.8,-0.35,-1.37,z
3088.0,3026.0,3103.0,3161.0,4095.0,2595.0,2846.0,2884.0,-17.57,7.91,14.08,-0.53,-0.38,0.71,z
3071.0,3035.0,3097.0,3229.0,4095.0,2598.0,2864.0,2883.0,-10.43,6.89,12.5,-0.15,-0.49,2.11,z
3062.0,3024.0,3105.0,3232.0,4095.0,2586.0,2868.0,2853.0,-1.35,6.46,11.98,-0.13,0.32,2.39,z
3071.0,3024.0,3105.0,3226.0,4095.0,2585.0,2864.0,2834.0,4.4,6.0,10.32,0.1,1.59,2.39,z
3083.0,3026.0,3103.0,3337.0,4095.0,2555.0,2844.0,2775.0,11.86,6.77,6.87,-0.33,0.82,1.47,z
3087.0,3024.0,3100.0,3299.0,4095.0,2535.0,2830.0,2736.0,20.31,8.48,3.53,-0.34,-0.67,0.28,z
3071.0,3025.0,3109.0,3312.0,4095.0,2543.0,2831.0,2740.0,17.27,6.92,4.0,-1.33,-1.23,-1.92,z
3082.0,3024.0,3120.0,3323.0,4095.0,2551.0,2833.0,2799.0,8.36,5.06,8.89,-2.19,-1.93,-3.66,z
3071.0,3035.0,3108.0,3365.0,4095.0,2559.0,2853.0,2855.0,-6.8,2.62,19.74,-2.08,-0.69,-2.77,z
3071.0,3022.0,3114.0,3372.0,4095.0,2590.0,2866.0,2855.0,-7.43,5.85,17.71,0.02,-0.88,-1.24,z
3067.0,3019.0,3103.0,3358.0,4095.0,2594.0,2855.0,2842.0,-1.46,6.63,13.21,-0.17,-0.93,-0.68,z
3066.0,3024.0,3111.0,3365.0,4095.0,2605.0,2864.0,2848.0,0.06,6.49,12.84,-0.19,-0.26,-0.23,z
3083.0,3024.0,3111.0,3376.0,4095.0,2603.0,2863.0,2850.0,1.14,6.75,12.35,-0.05,-0.01,-0.34,z
3069.0,3019.0,3113.0,3383.0,4095.0,2608.0,2870.0,2860.0,1.25,6.94,11.39,0.04,-0.11,-0.06,z
3068.0,3038.0,3125.0,3440.0,4095.0,2612.0,2899.0,2911.0,2.07,10.41,5.56,0.34,0.39,0.63,z
3067.0,3040.0,3120.0,3419.0,4095.0,2591.0,2880.0,2866.0,9.96,7.3,2.94,-0.44,-0.91,0.21,z
3071.0,3022.0,3113.0,3427.0,4095.0,2559.0,2880.0,2844.0,15.93,5.92,3.99,-0.98,-2.34,-0.83,z
3082.0,3015.0,3115.0,3430.0,4095.0,2590.0,2887.0,2883.0,7.34,4.44,8.87,-1.62,-1.74,-3.38,z
3067.0,3024.0,3106.0,3430.0,4095.0,2595.0,2889.0,2927.0,-10.91,4.16,15.47,-1.3,-0.65,-1.93,z
3066.0,3021.0,3091.0,2274.0,4095.0,2608.0,2881.0,2927.0,-17.38,7.7,16.48,-0.61,-0.2,-0.07,z
3071.0,3030.0,3098.0,3231.0,4095.0,2623.0,2897.0,2915.0,-11.39,7.21,14.23,-0.01,-0.29,2.03,z
3063.0,3023.0,3099.0,3261.0,4095.0,2608.0,2900.0,2913.0,-0.42,5.11,12.18,0.28,0.27,2.29,z
3071.0,3045.0,3120.0,3259.0,4095.0,2608.0,2896.0,2859.0,3.36,6.32,10.25,0.52,2.22,2.26,z
3062.0,3025.0,3107.0,3303.0,4095.0,2592.0,2881.0,2864.0,7.64,6.63,8.46,0.08,1.72,1.73,z
3082.0,3024.0,3102.0,3354.0,4095.0,2559.0,2864.0,2822.0,12.4,7.54,5.98,0.07,0.74,1.45,z
3065.0,3024.0,3105.0,3328.0,4095.0,2546.0,2853.0,2792.0,18.93,7.67,2.79,-0.31,-0.23,0.67,z
3071.0,3029.0,3110.0,3344.0,4095.0,2549.0,2851.0,2784.0,19.16,7.53,4.14,-1.31,-1.52,-1.68,z
3083.0,3024.0,3099.0,3376.0,4095.0,2559.0,2866.0,2842.0,9.19,4.37,11.07,-2.02,-1.49,-3.49,z
3069.0,3024.0,3103.0,3373.0,4095.0,2596.0,2880.0,2901.0,-4.25,3.95,15.89,-1.43,-0.95,-2.93,z
3071.0,3015.0,3117.0,3381.0,4095.0,2593.0,2882.0,2910.0,-4.34,5.18,15.81,-0.91,-1.41,-1.69,z
3071.0,3029.0,3106.0,3397.0,4095.0,2594.0,2883.0,2913.0,-1.7,5.34,13.86,-0.4,-1.16,-1.07,z
3063.0,3026.0,3117.0,3408.0,4095.0,2597.0,2893.0,2917.0,0.01,6.21,12.9,-0.52,-0.41,-0.6,z
3087.0,3026.0,3111.0,3413.0,4095.0,2602.0,2890.0,2913.0,0.59,6.33,13.07,-0.26,-0.34,-0.4,z
3067.0,3039.0,3118.0,3415.0,4095.0,2599.0,2895.0,2915.0,1.76,6.65,11.82,-0.05,-0.1,-0.29,z
3088.0,3038.0,3113.0,3437.0,4095.0,2621.0,2903.0,2911.0,2.36,9.25,6.46,0.44,0.58,0.67,z
3082.0,3019.0,3118.0,3399.0,4095.0,2608.0,2905.0,2880.0,8.44,9.73,4.7,-0.11,0.46,0.55,z
3062.0,3022.0,3111.0,3408.0,4095.0,2608.0,2901.0,2878.0,12.43,6.56,6.13,-0.62,-1.18,-0.73,z
3071.0,3031.0,3124.0,3430.0,4095.0,2614.0,2907.0,2892.0,6.99,6.07,7.56,-0.87,-1.52,-2.32,z
3066.0,3026.0,3119.0,3431.0,4095.0,2621.0,2910.0,2923.0,-0.71,6.27,10.68,-1.16,-1.05,-2.05,z
3071.0,3025.0,3116.0,3429.0,4095.0,2614.0,2910.0,2931.0,-5.94,6.66,13.26,-0.69,-0.9,-1.2,z
3070.0,3019.0,3126.0,3422.0,4095.0,2626.0,2910.0,2944.0,-9.22,6.74,13.6,-0.25,-0.5,-0.15,z
3070.0,3024.0,3111.0,3429.0,4095.0,2619.0,2911.0,2949.0,-6.99,5.9,12.51,-0.11,0.0,1.08,z
3095.0,3036.0,3122.0,3451.0,4095.0,2618.0,2917.0,2931.0,-1.98,6.18,11.73,-0.19,0.52,1.76,z
3063.0,3029.0,3121.0,3219.0,4095.0,2629.0,2919.0,2927.0,1.16,7.12,10.71,-0.12,1.04,1.9,z
3088.0,3033.0,3114.0,3431.0,4095.0,2630.0,2918.0,2890.0,5.35,6.46,9.76,-0.22,0.73,1.73,z
3068.0,3021.0,3112.0,3415.0,4095.0,2625.0,2911.0,2884.0,7.35,7.18,9.22,-0.26,0.85,1.53,z
3095.0,3030.0,3113.0,3422.0,4095.0,2622.0,2913.0,2879.0,8.91,6.92,8.71,-0.28,0.6,1.0,z
3071.0,3023.0,3111.0,3403.0,4095.0,2619.0,2910.0,2864.0,11.05,8.06,7.8,-0.48,-0.31,0.2,z
3070.0,3027.0,3111.0,3419.0,4095.0,2619.0,2908.0,2871.0,11.7,7.72,8.38,-0.74,-0.56,-0.84,z
3069.0,3025.0,3120.0,3425.0,4095.0,2625.0,2912.0,2891.0,10.45,6.25,9.4,-1.05,-1.18,-1.78,z
3086.0,3025.0,3120.0,3430.0,4095.0,2626.0,2923.0,2896.0,8.29,5.05,11.08,-1.42,-1.77,-2.57,z
3071.0,3022.0,3113.0,3442.0,4095.0,2635.0,2922.0,2924.0,1.19,3.88,14.14,-1.1,-1.27,-2.65,z
3087.0,3025.0,3117.0,3442.0,4095.0,2631.0,2919.0,2922.0,-1.12,3.96,15.04,-0.98,-1.15,-2.09,z
3081.0,3043.0,3124.0,3451.0,4095.0,2635.0,2922.0,2925.0,-0.74,4.23,14.59,-0.35,-1.13,-1.5,z
3060.0,3039.0,3120.0,3431.0,4095.0,2635.0,2929.0,2941.0,1.5,9.57,7.42,0.39,0.06,0.22,z
3071.0,3025.0,3114.0,3398.0,4095.0,2618.0,2923.0,2928.0,6.03,8.76,5.38,0.4,-0.2,0.61,z
3084.0,3017.0,3117.0,3402.0,4095.0,2592.0,2907.0,2881.0,12.93,7.02,3.1,-0.49,-1.47,-0.57,z
3071.0,3033.0,3116.0,3415.0,4095.0,2603.0,2913.0,2906.0,9.17,5.7,6.17,-1.3,-2.32,-2.14,z
3082.0,3025.0,3106.0,3408.0,4095.0,2622.0,2922.0,2937.0,-2.62,5.56,11.72,-1.6,-1.12,-2.3,z
3071.0,3037.0,3109.0,3225.0,4095.0,2618.0,2910.0,2954.0,-8.76,6.49,14.54,-1.29,-0.87,-1.02,z
3083.0,3043.0,3107.0,2256.0,4095.0,2622.0,2903.0,2948.0,-11.6,6.89,15.23,-0.52,-1.2,0.03,z
3085.0,3011.0,3104.0,3162.0,4095.0,2630.0,2917.0,2961.0,-8.1,6.46,14.2,0.1,0.42,1.64,z
3086.0,3037.0,3111.0,3187.0,4095.0,2624.0,2918.0,2946.0,-1.36,6.47,11.56,0.23,1.29,2.37,z
3071.0,3036.0,3113.0,3348.0,4095.0,2621.0,2922.0,2926.0,3.2,6.36,10.8,-0.02,1.61,1.92,z
3071.0,3024.0,3120.0,3360.0,4095.0,2620.0,2910.0,2890.0,6.45,6.88,9.68,0.07,2.02,2.17,z
3071.0,3026.0,3123.0,3350.0,4095.0,2611.0,2910.0,2884.0,9.99,5.26,8.47,-0.22,1.77,2.11,z
3084.0,3031.0,3120.0,3312.0,4095.0,2583.0,2893.0,2851.0,15.61,7.72,5.96,-0.32,-0.39,0.68,z
3088.0,3025.0,3119.0,3334.0,4095.0,2597.0,2898.0,2873.0,13.44,7.36,6.1,-0.81,-0.31,-0.78,z
3084.0,3024.0,3125.0,3357.0,4095.0,2603.0,2896.0,2880.0,9.98,6.95,8.13,-1.43,-1.18,-1.67,z
3088.0,3036.0,3118.0,3366.0,4095.0,2619.0,2914.0,2903.0,6.98,4.58,11.66,-1.7,-1.6,-2.51,z
3086.0,3037.0,3112.0,3371.0,4095.0,2624.0,2911.0,2909.0,2.95,3.82,13.84,-1.63,-1.5,-2.68,z
3083.0,3024.0,3123.0,3373.0,4095.0,2630.0,2919.0,2926.0,-1.35,4.25,14.53,-1.36,-1.21,-2.22,z
3091.0,3025.0,3122.0,3378.0,4095.0,2636.0,2928.0,2934.0,-1.88,4.0,16.74,-1.17,-1.05,-1.36,z
3088.0,3029.0,3127.0,3392.0,4095.0,2639.0,2929.0,2938.0,0.13,4.98,14.7,-0.4,-0.65,-0.85,z
3082.0,3045.0,3127.0,3462.0,4095.0,2645.0,2938.0,2949.0,-0.69,9.33,6.53,0.14,0.41,0.09,z
3067.0,3013.0,3122.0,3439.0,4095.0,2640.0,2931.0,2947.0,1.04,9.4,5.42,0.15,0.13,0.46,z
3069.0,3041.0,3127.0,3434.0,4095.0,2629.0,2928.0,2910.0,7.43,8.84,4.05,0.09,-0.64,-0.24,z
3071.0,3028.0,3114.0,3440.0,4095.0,2631.0,2930.0,2906.0,6.56,8.51,4.46,-0.3,-1.22,-0.91,z
3084.0,3029.0,3120.0,3458.0,4095.0,2640.0,2928.0,2922.0,4.47,7.59,7.1,-1.14,-2.27,-1.13,z
3069.0,3027.0,3120.0,3439.0,4095.0,2640.0,2933.0,2955.0,-0.69,7.36,10.9,-1.06,-1.67,-1.4,z
3071.0,3022.0,3125.0,3437.0,4095.0,2644.0,2944.0,2957.0,-8.15,8.61,13.03,-0.9,-0.48,-0.32,z
3065.0,3035.0,3120.0,3429.0,4095.0,2650.0,2950.0,2969.0,-9.28,9.0,11.99,-0.6,-0.22,0.4,z
3071.0,3027.0,3117.0,3440.0,4095.0,2644.0,2939.0,2959.0,-5.14,7.68,10.41,-0.43,0.77,1.34,z
3065.0,3033.0,3119.0,3459.0,4095.0,2647.0,2948.0,2971.0,-1.29,6.72,10.39,-0.45,1.45,1.91,z
3069.0,3035.0,3117.0,3478.0,4095.0,2645.0,2949.0,2959.0,1.98,6.59,11.13,-0.32,1.67,1.89,z
3083.0,3037.0,3120.0,3469.0,4095.0,2638.0,2946.0,2943.0,4.83,7.65,9.27,-0.04,1.62,1.75,z
3061.0,3024.0,3120.0,3455.0,4095.0,2636.0,2947.0,2922.0,8.03,7.82,7.59,-0.16,0.7,1.37,z
3070.0,3028.0,3133.0,3454.0,4095.0,2631.0,2941.0,2899.0,10.58,7.71,6.72,-0.39,0.2,0.6,z
3067.0,3024.0,3115.0,3426.0,4095.0,2636.0,2933.0,2891.0,12.92,7.46,5.74,-0.91,-1.13,-0.33,z
3063.0,3024.0,3120.0,3440.0,4095.0,2640.0,2944.0,2905.0,10.79,6.28,7.65,-1.74,-1.57,-1.64,z
3069.0,3045.0,3126.0,3461.0,4095.0,2647.0,2945.0,2914.0,8.03,4.5,11.88,-2.19,-2.03,-2.84,z
3071.0,3023.0,3121.0,3479.0,4095.0,2650.0,2947.0,2946.0,1.21,3.69,15.11,-2.01,-1.71,-3.06,z
3083.0,3024.0,3121.0,3485.0,4095.0,2656.0,2953.0,2964.0,-1.42,4.6,16.09,-1.39,-1.39,-2.19,z
3069.0,3028.0,3120.0,3487.0,4095.0,2666.0,2961.0,2971.0,-1.32,4.58,16.26,-0.7,-1.14,-1.52,z
3085.0,3029.0,3117.0,3488.0,4095.0,2673.0,2960.0,2981.0,1.47,9.1,6.03,0.33,0.08,0.82,z
3066.0,3045.0,3125.0,3476.0,4095.0,2671.0,2960.0,2976.0,5.43,8.38,4.16,0.22,0.02,0.67,z
3082.0,3026.0,3121.0,3472.0,4095.0,2645.0,2945.0,2933.0,9.25,8.06,2.92,-0.18,-1.07,0.04,z
3083.0,3029.0,3125.0,3471.0,4095.0,2645.0,2945.0,2931.0,9.86,7.57,2.99,-1.32,-1.74,-0.88,z
3071.0,3026.0,3134.0,3483.0,4095.0,2661.0,2955.0,2952.0,6.04,6.15,6.95,-2.17,-1.86,-1.9,z
3071.0,3030.0,3127.0,3451.0,4095.0,2673.0,2970.0,2977.0,-5.36,6.05,14.61,-2.01,-0.87,-1.13,z
3071.0,3024.0,3125.0,3376.0,4095.0,2674.0,2966.0,2998.0,-8.42,7.58,16.51,-0.68,-0.29,-0.14,z
3069.0,3023.0,3119.0,3393.0,4095.0,2674.0,2963.0,2992.0,-7.86,8.11,13.9,-0.08,0.32,1.3,z
3083.0,3031.0,3136.0,3402.0,4095.0,2678.0,2962.0,2983.0,-1.55,7.67,11.92,-0.03,0.89,1.94,z
3085.0,3027.0,3131.0,3398.0,4095.0,2672.0,2962.0,2955.0,3.38,6.68,11.45,0.07,1.21,1.91,z
3066.0,3021.0,3120.0,3414.0,4095.0,2672.0,2965.0,2941.0,6.31,6.39,11.14,0.24,1.33,1.86,z
3087.0,3024.0,3119.0,3393.0,4095.0,2658.0,2955.0,2919.0,8.97,6.3,8.44,0.6,0.81,1.61,z
3084.0,3024.0,3119.0,3374.0,4095.0,2638.0,2941.0,2880.0,11.7,7.65,3.65,0.39,0.88,1.04,z
3083.0,3013.0,3120.0,3358.0,4095.0,2633.0,2937.0,2855.0,14.86,7.57,2.74,-0.55,-0.44,0.12,z
3088.0,3020.0,3126.0,3366.0,4095.0,2635.0,2931.0,2867.0,13.25,6.59,4.46,-1.62,-1.07,-1.43,z
3058.0,3010.0,3119.0,3371.0,4095.0,2641.0,2940.0,2901.0,10.75,4.16,9.44,-2.41,-1.67,-2.56,z
3083.0,3029.0,3127.0,3394.0,4095.0,2668.0,2960.0,2938.0,1.04,3.54,15.64,-1.98,-0.84,-2.64,z
3083.0,3024.0,3120.0,3390.0,4095.0,2672.0,2959.0,2947.0,-4.49,4.96,18.19,-1.1,-1.23,-1.66,z
3071.0,3010.0,3127.0,3407.0,4095.0,2677.0,2965.0,2960.0,-1.64,5.9,15.12,-0.03,-0.85,-0.38,z
3071.0,3014.0,3111.0,3409.0,4095.0,2674.0,2967.0,2953.0,3.07,5.83,12.78,-0.13,-0.3,-0.28,z
3071.0,3018.0,3120.0,3459.0,4095.0,2597.0,2953.0,2928.0,8.62,8.61,2.49,-0.38,-0.59,0.18,z
3082.0,3027.0,3133.0,3472.0,4095.0,2582.0,2941.0,2928.0,11.64,6.08,3.98,-1.31,-1.97,-1.16,z
3071.0,3038.0,3135.0,3471.0,4095.0,2606.0,2953.0,2955.0,7.57,6.06,8.2,-1.84,-2.9,-2.42,z
3070.0,3024.0,3122.0,3471.0,4095.0,2640.0,2969.0,2994.0,-5.41,5.29,16.36,-1.64,-1.05,-1.91,z
3071.0,3022.0,3121.0,3419.0,4095.0,2654.0,2965.0,2992.0,-11.11,6.78,17.05,-0.33,-0.15,-0.43,z
3057.0,3024.0,3121.0,3447.0,4095.0,2646.0,2971.0,3001.0,-9.69,7.16,14.78,0.09,-0.49,0.97,z
3071.0,3025.0,3121.0,3435.0,4095.0,2650.0,2976.0,2992.0,-3.03,5.9,13.05,0.22,0.43,1.9,z
3066.0,3024.0,3115.0,3405.0,4095.0,2646.0,2970.0,2980.0,2.87,5.56,12.58,0.26,1.73,1.87,z
3083.0,3026.0,3123.0,2815.0,4095.0,2591.0,2946.0,2940.0,2.86,6.35,11.1,0.11,3.61,2.32,z
3071.0,3020.0,3125.0,2778.0,4095.0,2559.0,2928.0,2905.0,6.62,7.07,9.5,0.1,1.52,2.13,z
3085.0,3024.0,3135.0,3280.0,4095.0,2581.0,2934.0,2864.0,11.92,6.96,6.34,0.11,-0.09,1.38,z
3057.0,3023.0,3121.0,3266.0,4095.0,2589.0,2931.0,2849.0,15.02,7.98,3.42,-0.22,-0.37,0.27,z
3069.0,3026.0,3125.0,3282.0,4095.0,2591.0,2935.0,2863.0,13.29,7.0,4.45,-1.34,-1.58,-1.55,z
3071.0,3027.0,3131.0,3306.0,4095.0,2603.0,2945.0,2896.0,9.65,5.16,8.86,-2.5,-1.97,-2.47,z
3064.0,3021.0,3125.0,3329.0,4095.0,2617.0,2960.0,2935.0,0.55,3.32,16.44,-2.27,-1.17,-2.99,z
3081.0,3029.0,3137.0,3319.0,4095.0,2625.0,2965.0,2958.0,-1.26,4.26,17.66,-1.26,-1.7,-2.06,z
3083.0,3027.0,3110.0,3323.0,4095.0,2629.0,2963.0,2963.0,-3.68,4.66,17.35,-0.42,-0.9,-0.94,z
3071.0,3009.0,3121.0,3327.0,4095.0,2628.0,2963.0,2960.0,1.32,5.46,13.53,-0.14,-0.52,-0.47,z
3062.0,3015.0,3137.0,3339.0,4095.0,2638.0,2962.0,2954.0,1.84,5.42,13.14,-0.16,-0.01,-0.44,z
3057.0,3019.0,3113.0,3339.0,4095.0,2638.0,2969.0,2958.0,2.55,5.72,12.16,0.0,-0.05,-0.29,z
3069.0,3029.0,3120.0,3415.0,4095.0,2631.0,2977.0,2960.0,9.53,7.45,4.46,-0.53,-0.79,-1.11,z
3065.0,3021.0,3134.0,3409.0,4095.0,2638.0,2984.0,2978.0,3.82,7.33,7.19,-1.11,-1.09,-2.04,z
3083.0,3024.0,3134.0,3410.0,4095.0,2644.0,2987.0,2985.0,0.08,6.56,9.33,-1.24,-2.16,-1.79,z
3079.0,3015.0,3119.0,3376.0,4095.0,2649.0,2982.0,3001.0,-6.33,6.24,14.01,-1.0,-1.16,-1.18,z
3071.0,3028.0,3130.0,3375.0,4095.0,2657.0,2975.0,2961.0,-10.65,7.0,15.2,-0.06,-0.01,0.58,z
3071.0,3017.0,3120.0,3358.0,4095.0,2654.0,2986.0,2972.0,-7.57,7.19,12.25,0.25,0.12,1.43,z
3088.0,3022.0,3127.0,3349.0,4095.0,2652.0,2985.0,2976.0,-1.22,7.18,11.1,0.11,0.56,2.15,z
3088.0,3028.0,3125.0,3372.0,4095.0,2655.0,2983.0,2965.0,1.35,7.07,10.58,0.06,1.48,1.99,z
3071.0,3022.0,3134.0,3373.0,4095.0,2645.0,2976.0,2953.0,5.41,6.94,10.57,0.02,1.14,2.21,z
3070.0,3017.0,3136.0,3374.0,4095.0,2651.0,2976.0,2937.0,8.98,6.74,8.92,0.33,0.96,1.63,z
3071.0,3024.0,3125.0,3364.0,4095.0,2639.0,2964.0,2925.0,9.66,7.24,6.68,0.1,0.59,1.18,z
3058.0,3024.0,3125.0,3363.0,4095.0,2638.0,2971.0,2929.0,9.8,6.84,6.02,-0.19,0.18,0.47,z
3070.0,3026.0,3139.0,3364.0,4095.0,2633.0,2965.0,2911.0,11.75,7.2,5.37,-0.77,-0.58,-0.47,z
3089.0,3008.0,3123.0,3369.0,4095.0,2640.0,2966.0,2916.0,11.38,5.94,6.55,-1.53,-1.0,-1.53,z
3066.0,3023.0,3125.0,3378.0,4095.0,2642.0,2976.0,2941.0,9.64,4.48,9.72,-2.27,-1.59,-2.53,z
3062.0,3018.0,3125.0,3391.0,4095.0,2647.0,2985.0,2965.0,3.37,3.13,14.27,-2.17,-1.22,-2.9,z
3069.0,3024.0,3120.0,3388.0,4095.0,2657.0,2992.0,2982.0,-0.24,4.78,14.88,-1.58,-1.43,-2.28,z
3070.0,3029.0,3120.0,3386.0,4095.0,2656.0,2992.0,2987.0,-0.58,3.93,16.18,-1.15,-1.68,-1.5,z
3067.0,3026.0,3126.0,3405.0,4095.0,2661.0,2983.0,2974.0,1.34,4.16,15.01,-0.7,-0.97,-1.23,z
3067.0,3019.0,3117.0,3393.0,4095.0,2656.0,2991.0,2983.0,0.35,4.47,14.71,-0.5,-0.26,-0.84,z
3063.0,3024.0,3071.0,3040.0,4095.0,2559.0,2640.0,2512.0,6.36,10.5,-3.01,-0.52,-1.63,0.5,z
3071.0,3039.0,3071.0,3047.0,4095.0,2559.0,2638.0,2496.0,12.61,5.32,2.01,-2.26,-2.31,-0.68,z
3071.0,3024.0,3084.0,3020.0,4095.0,2597.0,2647.0,2512.0,6.68,3.79,12.02,-2.62,-2.24,-1.66,z
3062.0,3024.0,3061.0,3035.0,4095.0,2610.0,2657.0,2532.0,-3.68,4.55,20.6,-1.33,-1.09,-1.89,z
3059.0,3032.0,3071.0,3029.0,4095.0,2604.0,2666.0,2538.0,-12.92,7.58,19.98,0.29,0.43,0.11,z
3071.0,3015.0,3080.0,3029.0,4095.0,2607.0,2670.0,2541.0,-9.44,7.87,14.74,0.81,0.59,1.76,z
3079.0,3041.0,3088.0,3034.0,4095.0,2608.0,2664.0,2539.0,-0.58,6.38,11.95,0.99,1.44,1.99,z
3061.0,3024.0,3070.0,3034.0,4095.0,2609.0,2669.0,2531.0,3.46,6.94,9.45,0.69,2.18,1.98,z
3053.0,3029.0,3066.0,3030.0,4095.0,2603.0,2662.0,2501.0,7.26,7.92,6.67,0.72,1.61,1.5,z
3063.0,3033.0,3069.0,3042.0,4095.0,2607.0,2665.0,2503.0,9.89,8.18,4.41,0.36,1.64,1.12,z
3062.0,3022.0,3070.0,3055.0,4095.0,2605.0,2663.0,2495.0,9.01,8.73,4.06,-0.03,1.01,0.64,z
3056.0,3019.0,3081.0,3024.0,4095.0,2608.0,2667.0,2503.0,10.81,9.3,2.3,-0.35,0.02,0.03,z
3057.0,3035.0,3071.0,3021.0,4095.0,2606.0,2667.0,2495.0,13.73,8.64,2.42,-1.01,-1.02,-1.52,z
3058.0,3029.0,3069.0,3024.0,4095.0,2607.0,2665.0,2496.0,8.91,6.55,5.77,-1.66,-2.09,-2.36,z
3071.0,3039.0,3071.0,3033.0,4095.0,2606.0,2667.0,2509.0,3.13,5.42,12.23,-1.88,-1.87,-3.23,z
3063.0,3039.0,3063.0,3054.0,4095.0,2608.0,2672.0,2540.0,-3.86,6.21,16.86,-0.86,-1.84,-1.71,z
3069.0,3040.0,3062.0,3054.0,4095.0,2615.0,2674.0,2543.0,-2.94,7.37,14.35,-0.11,-1.8,-0.79,z
3056.0,3026.0,3063.0,3049.0,4095.0,2621.0,2672.0,2545.0,-0.18,7.22,12.87,-0.3,-0.81,-0.58,z
3081.0,3027.0,3082.0,3056.0,4095.0,2624.0,2672.0,2544.0,1.16,7.25,11.92,-0.21,-0.42,-0.48,z
3070.0,3030.0,3067.0,3054.0,4095.0,2626.0,2675.0,2546.0,0.62,7.9,11.01,-0.26,-0.17,-0.32,z
3071.0,3033.0,3071.0,3119.0,4095.0,2609.0,2682.0,2559.0,-0.0,9.35,5.49,0.07,0.08,0.06,z
3061.0,3024.0,3059.0,3102.0,4095.0,2594.0,2684.0,2559.0,2.49,7.88,5.17,-0.12,-0.05,0.58,z
3058.0,3025.0,3088.0,3110.0,4095.0,2608.0,2688.0,2544.0,8.76,7.98,2.11,-0.03,-1.21,0.64,z
3067.0,3031.0,3069.0,3114.0,4095.0,2610.0,2681.0,2544.0,12.76,7.19,0.88,-1.07,-2.11,-1.05,z
3057.0,3029.0,3085.0,3115.0,4095.0,2604.0,2686.0,2559.0,6.88,5.84,6.51,-2.26,-2.76,-2.4,z
3081.0,3039.0,3067.0,3095.0,4095.0,2587.0,2685.0,2559.0,-10.27,5.62,17.34,-1.75,-0.81,-1.54,z
3082.0,3034.0,3069.0,3102.0,4095.0,2592.0,2694.0,2589.0,-15.25,8.31,17.86,-0.51,-0.35,0.58,z
3069.0,3025.0,3064.0,3104.0,4095.0,2597.0,2702.0,2591.0,-8.41,7.95,13.58,0.15,-0.33,1.94,z
3081.0,3030.0,3058.0,3088.0,4095.0,2591.0,2694.0,2559.0,-0.74,7.01,11.26,0.15,1.05,2.21,z
3068.0,3031.0,3071.0,3079.0,4095.0,2600.0,2697.0,2543.0,1.44,7.33,9.75,0.2,1.99,2.29,z
3067.0,3024.0,3071.0,3109.0,4095.0,2599.0,2686.0,2546.0,6.71,6.52,9.57,-0.12,1.4,1.99,z
3066.0,3024.0,3071.0,3104.0,4095.0,2602.0,2679.0,2538.0,10.01,7.15,7.73,0.34,1.01,1.73,z
3063.0,3026.0,3085.0,3106.0,4095.0,2610.0,2683.0,2538.0,11.5,7.45,5.22,0.04,0.81,1.19,z
3085.0,3050.0,3081.0,3107.0,4095.0,2606.0,2684.0,2542.0,13.53,7.84,3.23,-0.41,-0.13,0.16,z
3071.0,3043.0,3082.0,3107.0,4095.0,2603.0,2681.0,2545.0,13.19,6.64,4.62,-1.53,-1.17,-1.2,z
3068.0,3024.0,3087.0,3119.0,4095.0,2603.0,2687.0,2557.0,10.38,5.03,8.04,-2.15,-1.8,-2.44,z
3063.0,3023.0,3063.0,3119.0,4095.0,2608.0,2694.0,2559.0,5.86,3.76,13.28,-2.44,-1.71,-3.08,z
3062.0,3024.0,3087.0,2419.0,4095.0,2613.0,2697.0,2583.0,-1.92,4.76,15.7,-1.57,-1.47,-2.23,z
3062.0,3024.0,3071.0,2482.0,4095.0,2609.0,2703.0,2591.0,-1.88,4.75,17.07,-0.71,-1.64,-1.33,z
3063.0,3014.0,3071.0,2484.0,4095.0,2614.0,2704.0,2592.0,0.63,5.67,14.53,-0.23,-1.08,-0.76,z
3067.0,3024.0,3099.0,3021.0,4095.0,2527.0,2617.0,2421.0,0.14,9.84,6.03,0.06,0.18,0.31,z
3071.0,3037.0,3111.0,3024.0,4095.0,2529.0,2615.0,2423.0,1.18,10.23,5.73,0.13,0.26,0.68,z
3071.0,3024.0,3105.0,3006.0,4095.0,2523.0,2622.0,2416.0,7.22,8.14,4.27,-0.06,-0.72,0.92,z
3063.0,3019.0,3104.0,2994.0,4095.0,2519.0,2619.0,2405.0,11.1,8.38,2.34,-0.53,-1.74,-0.53,z
3069.0,3024.0,3109.0,3008.0,4095.0,2521.0,2620.0,2416.0,8.92,7.42,5.09,-1.53,-2.18,-1.89,z
3079.0,3039.0,3110.0,3043.0,4095.0,2531.0,2615.0,2420.0,-0.48,5.64,12.77,-1.91,-1.57,-2.62,z
3056.0,3008.0,3108.0,3029.0,4095.0,2541.0,2623.0,2425.0,-8.49,6.51,16.08,-0.76,-0.62,-1.2,z
3071.0,3024.0,3103.0,3026.0,4095.0,2544.0,2625.0,2427.0,-11.44,7.5,14.98,0.1,0.37,-0.17,z
3088.0,3025.0,3114.0,3050.0,4095.0,2547.0,2625.0,2421.0,-8.54,6.59,11.46,0.37,0.9,1.77,z
3071.0,3024.0,3106.0,3062.0,4095.0,2545.0,2629.0,2428.0,-2.21,5.81,10.96,0.1,1.49,2.38,z
3054.0,3011.0,3118.0,3057.0,4095.0,2538.0,2625.0,2417.0,1.62,6.04,12.23,0.03,2.29,2.43,z
3067.0,3023.0,3107.0,3050.0,4095.0,2533.0,2626.0,2403.0,6.61,6.47,10.87,0.26,1.91,2.24,z
3068.0,3020.0,3108.0,3061.0,4095.0,2542.0,2624.0,2385.0,9.34,7.23,8.3,0.32,1.85,1.78,z
3069.0,3029.0,3101.0,3051.0,4095.0,2538.0,2624.0,2389.0,10.87,7.4,6.59,0.34,1.16,1.33,z
3067.0,3019.0,3113.0,3037.0,4095.0,2535.0,2625.0,2397.0,13.53,7.75,4.75,0.21,0.0,0.51,z
3083.0,3015.0,3116.0,3044.0,4095.0,2529.0,2624.0,2374.0,13.69,7.9,3.69,-0.33,-0.86,-0.87,z
3071.0,3024.0,3115.0,3117.0,4095.0,2534.0,2627.0,2399.0,11.42,6.56,5.33,-1.06,-1.25,-2.23,z
3059.0,3022.0,3108.0,3113.0,4095.0,2535.0,2630.0,2407.0,7.25,6.4,8.05,-1.52,-2.07,-2.91,z
3071.0,3024.0,3120.0,3126.0,4095.0,2543.0,2634.0,2421.0,1.41,5.48,12.18,-1.5,-2.03,-3.14,z
3071.0,3013.0,3122.0,3038.0,4095.0,2549.0,2640.0,2432.0,-4.81,6.04,16.21,-1.12,-1.57,-1.68,z
3071.0,3025.0,3120.0,3262.0,4095.0,2559.0,2678.0,2495.0,0.19,9.76,6.53,-0.05,0.08,-0.08,z
3067.0,3017.0,3115.0,3252.0,4095.0,2559.0,2674.0,2498.0,0.96,9.56,5.45,0.05,-0.0,0.06,z
3071.0,3037.0,3120.0,3247.0,4095.0,2559.0,2679.0,2478.0,4.94,9.25,3.62,0.18,-0.58,0.0,z
3088.0,3026.0,3121.0,3245.0,4095.0,2544.0,2672.0,2438.0,9.94,8.49,2.0,-0.26,-1.52,-0.47,z
3069.0,3023.0,3119.0,3248.0,4095.0,2550.0,2677.0,2451.0,10.5,7.94,2.9,-0.9,-2.61,-1.24,z
3059.0,3015.0,3119.0,3248.0,4095.0,2555.0,2676.0,2480.0,4.72,6.37,8.12,-1.75,-1.84,-2.83,z
3071.0,3025.0,3110.0,3182.0,4095.0,2559.0,2668.0,2486.0,-10.76,5.47,15.35,-1.27,-0.95,-1.64,z
3081.0,3035.0,3115.0,3152.0,4095.0,2559.0,2671.0,2497.0,-14.01,7.08,14.52,-0.32,-0.87,-0.4,z
3065.0,3023.0,3120.0,3163.0,4095.0,2559.0,2672.0,2501.0,-11.28,7.38,11.69,-0.2,0.32,1.41,z
3071.0,3020.0,3120.0,3177.0,4095.0,2559.0,2673.0,2507.0,-5.53,6.0,11.35,-0.28,1.08,2.17,z
3069.0,3038.0,3112.0,3179.0,4095.0,2559.0,2672.0,2493.0,-0.96,5.91,11.59,-0.2,1.77,2.26,z
3081.0,3026.0,3125.0,3169.0,4095.0,2558.0,2673.0,2458.0,3.89,6.95,11.32,0.1,1.42,2.05,z
3065.0,3018.0,3111.0,3150.0,4095.0,2550.0,2661.0,2431.0,8.53,8.04,8.19,0.22,1.19,1.88,z
3056.0,3024.0,3111.0,3164.0,4095.0,2551.0,2671.0,2452.0,10.92,8.92,5.84,-0.3,1.3,1.76,z
3071.0,3024.0,3120.0,3178.0,4095.0,2549.0,2669.0,2467.0,12.28,8.5,5.27,-0.26,0.19,0.65,z
3063.0,3041.0,3106.0,3168.0,4095.0,2550.0,2672.0,2475.0,15.57,8.73,3.79,-0.62,-1.15,-0.76,z
3063.0,3024.0,3118.0,3168.0,4095.0,2547.0,2670.0,2480.0,12.28,6.16,6.27,-1.11,-1.81,-2.42,z
3083.0,3023.0,3126.0,3152.0,4095.0,2553.0,2675.0,2485.0,8.48,5.5,9.75,-1.66,-2.42,-3.11,z
3071.0,3024.0,3131.0,3163.0,4095.0,2582.0,2685.0,2460.0,-0.46,4.77,14.75,-1.88,-0.77,-2.58,z
3082.0,3022.0,3135.0,3153.0,4095.0,2591.0,2688.0,2461.0,-5.83,5.77,15.17,-1.04,-1.18,-1.88,z
3067.0,3026.0,3120.0,3104.0,4095.0,2512.0,2686.0,2448.0,6.35,7.04,3.84,-0.1,-0.13,0.06,z
3071.0,3010.0,3123.0,3130.0,4095.0,2499.0,2683.0,2448.0,12.15,7.49,2.72,-0.66,-1.51,-0.11,z
3071.0,3023.0,3111.0,3125.0,4095.0,2501.0,2677.0,2446.0,8.03,8.82,4.94,-1.52,-2.32,-1.8,z
3067.0,3028.0,3127.0,3095.0,4095.0,2502.0,2679.0,2450.0,-2.77,8.44,12.34,-1.61,-2.11,-2.02,z
3082.0,3024.0,3115.0,3071.0,4095.0,2522.0,2682.0,2474.0,-6.26,8.62,13.88,-0.92,-1.73,-1.24,z
3087.0,3026.0,3120.0,3149.0,4095.0,2527.0,2691.0,2491.0,-7.95,7.39,15.97,-0.41,-0.78,-0.54,z
3069.0,3025.0,3103.0,3056.0,4095.0,2527.0,2687.0,2486.0,-8.73,7.34,13.03,0.36,0.68,1.01,z
3084.0,3031.0,3120.0,3056.0,4095.0,2533.0,2698.0,2507.0,-4.24,6.63,10.62,0.37,0.9,1.9,z
3071.0,3019.0,3114.0,3152.0,4095.0,2543.0,2704.0,2505.0,-0.61,6.47,10.34,0.28,1.95,2.26,z
3071.0,3024.0,3120.0,3163.0,4095.0,2531.0,2704.0,2496.0,4.86,7.51,8.97,0.13,1.84,2.46,z
3071.0,3015.0,3109.0,3152.0,4095.0,2526.0,2704.0,2479.0,7.9,6.93,8.81,0.33,1.32,1.91,z
3093.0,3018.0,3113.0,3123.0,4095.0,2530.0,2705.0,2449.0,10.7,7.53,6.28,0.39,1.07,1.43,z
3081.0,3025.0,3120.0,3132.0,4095.0,2517.0,2704.0,2457.0,11.44,7.04,4.83,-0.05,0.45,0.96,z
3081.0,3015.0,3111.0,3133.0,4095.0,2514.0,2707.0,2434.0,15.69,6.72,3.17,-0.58,-0.65,-0.29,z
3071.0,3022.0,3120.0,3133.0,4095.0,2529.0,2709.0,2449.0,13.45,5.9,4.46,-1.47,-1.08,-1.89,z
3067.0,3013.0,3104.0,3138.0,4095.0,2531.0,2710.0,2471.0,9.26,4.51,8.85,-2.19,-2.25,-2.81,z
3085.0,3023.0,3117.0,3136.0,4095.0,2544.0,2711.0,2486.0,-0.45,4.8,15.12,-1.96,-1.59,-2.73,z
3065.0,3024.0,3118.0,3169.0,4095.0,2544.0,2720.0,2495.0,-3.4,6.23,17.08,-1.01,-1.69,-1.66,z
3071.0,3018.0,3119.0,3178.0,4095.0,2543.0,2717.0,2496.0,-1.8,7.5,14.78,-0.68,-0.99,-1.43,z
3069.0,3007.0,3110.0,3174.0,4095.0,2551.0,2721.0,2507.0,-1.05,7.21,13.7,-0.24,-0.45,-0.7,z
3063.0,3019.0,3109.0,3219.0,4095.0,2559.0,2723.0,2519.0,1.39,9.05,6.38,0.1,0.35,0.18,z
3062.0,3022.0,3117.0,3153.0,4095.0,2559.0,2723.0,2462.0,4.71,8.18,5.7,0.17,-0.68,1.64,z
3086.0,3018.0,3117.0,3111.0,4095.0,2559.0,2720.0,2465.0,12.18,6.54,1.73,-0.19,-1.1,0.22,z
3067.0,3023.0,3109.0,3134.0,4095.0,2559.0,2729.0,2485.0,11.71,5.98,2.96,-1.57,-1.82,-1.56,z
3069.0,3024.0,3117.0,3146.0,4095.0,2559.0,2729.0,2506.0,4.72,6.07,8.91,-2.43,-1.77,-2.52,z
3083.0,3026.0,3117.0,3103.0,4095.0,2559.0,2724.0,2521.0,-6.83,7.08,16.9,-1.68,-0.74,-1.56,z
3069.0,3027.0,3117.0,3079.0,4095.0,2559.0,2721.0,2522.0,-10.88,9.12,16.34,-0.14,-0.26,-0.53,z
3071.0,3024.0,3111.0,3081.0,4095.0,2559.0,2734.0,2531.0,-8.09,8.0,14.06,0.21,-0.25,0.8,z
3069.0,3023.0,3109.0,3101.0,4095.0,2581.0,2735.0,2530.0,-2.97,6.59,12.25,0.55,0.75,1.6,z
3071.0,3013.0,3125.0,3102.0,4095.0,2578.0,2741.0,2537.0,0.0,6.97,10.33,0.66,1.61,2.11,z
3071.0,3015.0,3113.0,3110.0,4095.0,2579.0,2743.0,2517.0,3.85,7.1,8.75,0.47,1.63,2.34,z
3070.0,3026.0,3116.0,3153.0,4095.0,2582.0,2741.0,2500.0,9.47,6.61,7.71,0.59,1.03,1.75,z
3066.0,3022.0,3109.0,3149.0,4095.0,2586.0,2747.0,2494.0,11.56,6.98,6.18,0.45,1.07,1.29,z
3071.0,3024.0,3103.0,3141.0,4095.0,2579.0,2739.0,2483.0,11.43,6.81,4.4,0.09,0.25,0.54,z
3071.0,3031.0,3125.0,3151.0,4095.0,2587.0,2746.0,2495.0,12.19,6.67,4.3,-0.52,-0.2,-0.3,z
3071.0,3015.0,3120.0,3150.0,4095.0,2582.0,2742.0,2502.0,13.53,6.29,5.65,-1.2,-0.47,-1.41,z
3071.0,3011.0,3124.0,3152.0,4095.0,2583.0,2745.0,2506.0,10.83,4.12,7.83,-1.54,0.29,-2.84,z
3086.0,3026.0,3132.0,3117.0,4095.0,2582.0,2746.0,2519.0,4.46,3.54,11.3,-1.98,-1.08,-3.64,z
3088.0,3023.0,3119.0,3115.0,4095.0,2559.0,2743.0,2531.0,-4.15,5.08,14.87,-1.27,-1.86,-2.98,z
3066.0,3019.0,3117.0,3134.0,4095.0,2559.0,2751.0,2534.0,-5.47,5.42,16.87,-0.7,-1.64,-1.48,z
3069.0,3025.0,3120.0,3184.0,4095.0,2587.0,2739.0,2559.0,1.39,8.96,6.27,0.14,0.53,0.42,z
3069.0,3025.0,3120.0,3184.0,4095.0,2587.0,2739.0,2559.0,1.39,8.96,6.27,0.14,0.53,0.42,z
3070.0,3022.0,3120.0,3189.0,4095.0,2559.0,2736.0,2555.0,6.45,8.33,5.06,-0.14,0.24,0.56,z
3071.0,3014.0,3115.0,3171.0,4095.0,2559.0,2739.0,2515.0,13.31,7.48,5.1,-0.58,-1.3,-0.2,z
3071.0,3024.0,3123.0,3186.0,4095.0,2559.0,2741.0,2515.0,13.87,6.28,5.23,-0.89,-2.04,-1.99,z
3090.0,3025.0,3120.0,3206.0,4095.0,2559.0,2734.0,2540.0,3.85,5.9,9.44,-1.61,-1.49,-3.11,z
3071.0,3030.0,3122.0,3155.0,4095.0,2586.0,2725.0,2559.0,-6.99,5.56,15.35,-1.0,-1.3,-1.92,z
3071.0,3020.0,3107.0,3087.0,4095.0,2594.0,2725.0,2539.0,-8.95,5.48,13.77,-0.35,-1.02,-0.85,z
3067.0,3024.0,3114.0,3087.0,4095.0,2604.0,2736.0,2542.0,-8.02,4.51,12.34,-0.35,-0.66,0.35,z
3085.0,3017.0,3121.0,3135.0,4095.0,2598.0,2735.0,2541.0,-5.15,2.31,12.83,-0.42,0.45,1.47,z
3071.0,3024.0,3107.0,3151.0,4095.0,2608.0,2738.0,2553.0,-1.57,2.6,11.99,-0.57,0.94,2.1,z
3058.0,3025.0,3110.0,3159.0,4095.0,2608.0,2746.0,2545.0,2.92,3.12,12.89,-0.56,1.15,2.47,z
3071.0,3028.0,3120.0,3215.0,4095.0,2608.0,2736.0,2515.0,6.35,5.58,11.39,-1.01,1.19,2.51,z
3071.0,3025.0,3114.0,3200.0,4095.0,2610.0,2747.0,2527.0,9.64,9.85,12.12,-0.8,1.06,2.79,z
3071.0,3030.0,3120.0,3211.0,4095.0,2615.0,2742.0,2521.0,12.39,8.55,13.97,-0.73,0.61,1.93,z
3065.0,3021.0,3116.0,3206.0,4095.0,2613.0,2749.0,2533.0,11.05,8.73,10.77,0.27,-0.02,0.77,z
3070.0,3027.0,3129.0,3200.0,4095.0,2610.0,2737.0,2519.0,11.67,7.57,8.33,0.21,-0.4,-0.48,z
3087.0,3022.0,3117.0,3175.0,4095.0,2601.0,2738.0,2515.0,13.73,5.47,7.64,-0.56,-0.74,-2.02,z
3071.0,3034.0,3122.0,3175.0,4095.0,2608.0,2746.0,2542.0,11.92,4.01,8.03,-1.4,-1.18,-3.37,z
3063.0,3023.0,3118.0,3133.0,4095.0,2618.0,2747.0,2543.0,5.94,1.35,11.72,-2.03,-0.69,-4.21,z
3079.0,3011.0,3114.0,3280.0,4095.0,2631.0,2767.0,2601.0,2.08,9.05,8.23,0.15,0.13,0.07,z
3071.0,3014.0,3123.0,3267.0,4095.0,2626.0,2763.0,2601.0,2.78,8.8,7.0,0.23,0.3,0.06,z
3063.0,3011.0,3113.0,3249.0,4095.0,2603.0,2752.0,2558.0,6.89,8.23,5.05,0.13,-0.16,0.07,z
3082.0,3027.0,3115.0,3243.0,4095.0,2589.0,2752.0,2545.0,12.9,7.18,3.32,-0.41,-1.34,-0.88,z
3081.0,3021.0,3130.0,3255.0,4095.0,2592.0,2752.0,2551.0,10.34,6.13,4.43,-1.43,-2.16,-2.32,z
3083.0,3034.0,3127.0,3259.0,4095.0,2608.0,2758.0,2588.0,-2.66,4.06,13.61,-2.38,-2.15,-2.5,z
3071.0,3030.0,3117.0,3232.0,4095.0,2613.0,2761.0,2597.0,-8.53,4.2,16.79,-1.05,-1.2,-1.38,z
3071.0,3020.0,3120.0,3217.0,4095.0,2613.0,2752.0,2593.0,-12.77,5.32,18.1,-0.52,-0.66,0.5,z
3079.0,3019.0,3114.0,3230.0,4095.0,2619.0,2767.0,2600.0,-7.74,5.29,15.5,0.15,-0.15,1.93,z
3059.0,3026.0,3121.0,3226.0,4095.0,2615.0,2766.0,2596.0,-0.59,4.94,14.3,0.32,0.9,2.56,z
3086.0,3018.0,3120.0,3215.0,4095.0,2615.0,2768.0,2582.0,2.72,5.42,13.33,0.73,1.79,3.07,z
3068.0,3024.0,3111.0,3191.0,4095.0,2591.0,2758.0,2555.0,8.69,4.21,10.31,0.95,1.74,2.69,z
3071.0,3030.0,3117.0,3162.0,4095.0,2559.0,2749.0,2516.0,16.06,6.0,4.73,0.81,0.85,2.15,z
3086.0,3024.0,3110.0,3120.0,4095.0,2557.0,2737.0,2512.0,21.15,5.34,-0.19,-0.38,-0.12,0.2,z
3071.0,3010.0,3115.0,3136.0,4095.0,2559.0,2736.0,2546.0,17.78,4.92,3.5,-2.15,-1.03,-1.88,z
3083.0,3035.0,3121.0,3165.0,4095.0,2585.0,2752.0,2559.0,7.78,3.31,11.33,-2.59,-1.2,-3.22,z
3088.0,3021.0,3113.0,3172.0,4095.0,2603.0,2755.0,2539.0,0.29,2.59,16.97,-2.37,-1.55,-3.33,z
3070.0,3008.0,3120.0,3154.0,4095.0,2618.0,2769.0,2559.0,-3.86,3.69,18.3,-0.95,-1.24,-1.85,z
3067.0,3009.0,3118.0,3162.0,4095.0,2617.0,2768.0,2578.0,-0.94,4.13,15.95,-0.69,-1.07,-1.09,z
3071.0,3028.0,3130.0,3182.0,4095.0,2619.0,2772.0,2586.0,1.31,4.69,14.57,-0.51,-0.21,-0.83,z
3071.0,3008.0,3120.0,3135.0,4095.0,2640.0,2822.0,2595.0,8.26,8.64,1.05,-0.66,-0.22,-0.25,z
3070.0,3024.0,3111.0,3152.0,4095.0,2646.0,2823.0,2591.0,10.77,7.8,1.68,-1.21,-1.54,-1.1,z
3086.0,3010.0,3120.0,3167.0,4095.0,2655.0,2822.0,2587.0,6.3,7.24,4.41,-2.06,-1.66,-1.76,z
3063.0,3016.0,3122.0,3173.0,4095.0,2659.0,2818.0,2608.0,1.24,5.92,9.77,-2.16,-1.85,-2.08,z
3070.0,3013.0,3114.0,3146.0,4095.0,2669.0,2815.0,2599.0,-6.11,4.81,16.41,-1.66,-1.19,-1.29,z
3056.0,3021.0,3120.0,3134.0,4095.0,2669.0,2818.0,2559.0,-11.13,5.21,18.54,-0.08,-0.26,0.37,z
3071.0,3014.0,3103.0,3142.0,4095.0,2666.0,2820.0,2593.0,-9.44,5.61,15.51,0.65,0.05,2.06,z
3086.0,3003.0,3114.0,3133.0,4095.0,2672.0,2832.0,2608.0,-1.23,5.49,11.98,0.71,0.54,2.98,z
3067.0,3003.0,3111.0,3117.0,4095.0,2673.0,2839.0,2605.0,4.56,7.35,9.59,0.59,1.97,2.85,z
3083.0,3024.0,3106.0,3129.0,4095.0,2667.0,2834.0,2593.0,10.08,6.39,8.39,0.33,1.53,2.6,z
3060.0,3005.0,3120.0,3124.0,4095.0,2671.0,2834.0,2587.0,12.21,6.51,5.16,0.45,1.02,1.55,z
3071.0,3021.0,3120.0,3126.0,4095.0,2672.0,2839.0,2596.0,11.4,6.21,3.21,-0.16,0.7,0.82,z
3068.0,3015.0,3121.0,3114.0,4095.0,2677.0,2839.0,2594.0,14.99,6.56,1.95,-1.06,-0.19,-0.28,z
3085.0,3021.0,3121.0,3118.0,4095.0,2685.0,2850.0,2594.0,13.72,5.9,6.24,-1.99,-0.74,-1.71,z
3071.0,3014.0,3114.0,3130.0,4095.0,2699.0,2852.0,2611.0,9.97,5.6,9.66,-2.37,-1.38,-2.84,z
3065.0,3013.0,3120.0,3137.0,4095.0,2697.0,2854.0,2619.0,3.15,3.88,14.15,-2.16,-1.32,-3.31,z
3066.0,3021.0,3122.0,3146.0,4095.0,2703.0,2845.0,2617.0,-3.38,4.18,18.42,-1.38,-0.75,-2.31,z
3069.0,3021.0,3120.0,3152.0,4095.0,2701.0,2847.0,2622.0,0.05,4.87,15.25,-0.66,-1.32,-1.59,z
3067.0,3014.0,3131.0,3148.0,4095.0,2697.0,2850.0,2631.0,0.46,4.99,14.43,-0.54,-0.54,-1.1,z
3067.0,3015.0,3101.0,3152.0,4095.0,2700.0,2858.0,2630.0,0.91,5.23,13.47,-0.38,-0.41,-0.77,z
3085.0,3022.0,3131.0,3174.0,4095.0,2644.0,2811.0,2623.0,0.55,8.63,3.3,-0.05,-0.26,0.27,z
3088.0,3028.0,3111.0,3154.0,4095.0,2633.0,2805.0,2624.0,4.6,8.96,0.82,-0.05,-2.2,0.85,z
3071.0,3025.0,3120.0,3159.0,4095.0,2626.0,2813.0,2592.0,12.0,7.86,-1.05,-0.65,-2.31,-0.22,z
3056.0,3019.0,3107.0,3173.0,4095.0,2636.0,2816.0,2613.0,11.39,7.95,2.07,-1.55,-2.49,-1.37,z
3067.0,3015.0,3123.0,3184.0,4095.0,2639.0,2810.0,2626.0,1.28,6.3,11.7,-2.32,-1.46,-2.44,z
3058.0,3014.0,3119.0,3158.0,4095.0,2639.0,2801.0,2588.0,-7.39,7.29,16.48,-1.19,-1.69,-1.39,z
3071.0,3005.0,3118.0,3143.0,4095.0,2635.0,2801.0,2629.0,-10.18,8.0,16.23,-0.36,-1.11,-0.41,z
3069.0,3014.0,3120.0,3136.0,4095.0,2643.0,2803.0,2629.0,-9.91,6.8,14.13,0.22,0.51,0.84,z
3067.0,3013.0,3106.0,3145.0,4095.0,2638.0,2805.0,2634.0,-5.43,5.89,11.47,0.47,1.25,1.75,z
3067.0,3015.0,3127.0,3164.0,4095.0,2638.0,2803.0,2621.0,-1.49,6.01,9.95,0.34,2.39,2.24,z
3069.0,3023.0,3120.0,3158.0,4095.0,2638.0,2803.0,2608.0,3.24,7.43,8.11,0.13,2.49,2.08,z
3079.0,3007.0,3117.0,3161.0,4095.0,2633.0,2803.0,2595.0,9.42,8.32,7.21,0.24,1.03,2.07,z
3084.0,3020.0,3133.0,3173.0,4095.0,2643.0,2805.0,2559.0,12.16,7.14,6.16,0.5,1.36,1.23,z
3071.0,3023.0,3120.0,3167.0,4095.0,2636.0,2800.0,2559.0,13.58,9.38,1.59,0.22,0.58,0.04,z
3062.0,3015.0,3136.0,3140.0,4095.0,2639.0,2802.0,2581.0,12.45,9.7,1.33,-0.89,-0.85,-1.25,z
3056.0,3010.0,3119.0,3136.0,4095.0,2639.0,2799.0,2589.0,10.47,8.36,6.51,-1.46,-1.8,-2.42,z
3071.0,3023.0,3120.0,3125.0,4095.0,2642.0,2800.0,2612.0,5.43,6.66,10.28,-1.94,-2.29,-2.74,z
3083.0,3021.0,3126.0,3095.0,4095.0,2619.0,2793.0,2621.0,-3.31,5.79,14.88,-1.59,-1.18,-2.04,z
3059.0,3021.0,3122.0,3121.0,4095.0,2625.0,2797.0,2633.0,-2.76,7.38,14.76,-0.57,-2.27,-1.53,z
3071.0,3024.0,3125.0,3120.0,4095.0,2631.0,2800.0,2634.0,-3.9,7.57,13.77,-0.47,-0.73,-1.13,z
3067.0,3025.0,3122.0,3209.0,4095.0,2598.0,2813.0,2652.0,2.49,9.8,4.19,-0.18,-0.46,0.06,z
3059.0,3021.0,3122.0,3157.0,4095.0,2588.0,2815.0,2619.0,10.28,8.31,3.71,-0.63,-1.89,-0.17,z
3063.0,3024.0,3119.0,3152.0,4095.0,2586.0,2818.0,2610.0,12.76,6.9,2.04,-0.87,-2.19,-1.35,z
3087.0,3024.0,3123.0,3201.0,4095.0,2591.0,2814.0,2640.0,6.97,6.37,6.68,-2.18,-2.23,-2.57,z
3071.0,3018.0,3114.0,2790.0,4095.0,2597.0,2789.0,2622.0,-13.77,5.64,16.53,-0.9,-0.56,-1.49,z
3071.0,3023.0,3104.0,3120.0,4095.0,2603.0,2797.0,2626.0,-12.0,9.88,11.33,-0.43,-1.45,-0.54,z
3082.0,3011.0,3114.0,3147.0,4095.0,2610.0,2806.0,2624.0,-10.73,7.2,12.98,-0.43,-0.65,0.58,z
3082.0,3021.0,3120.0,3117.0,4095.0,2588.0,2804.0,2623.0,-8.03,6.62,11.57,-0.13,1.22,1.49,z
3071.0,3024.0,3119.0,3124.0,4095.0,2579.0,2800.0,2625.0,-4.84,5.14,10.86,-0.04,1.36,1.62,z
3070.0,3027.0,3121.0,3149.0,4095.0,2591.0,2798.0,2597.0,-1.43,5.68,10.54,0.02,1.93,2.33,z
3071.0,3024.0,3111.0,3141.0,4095.0,2586.0,2795.0,2542.0,6.82,7.43,10.64,0.18,1.1,1.87,z
3086.0,3027.0,3120.0,3134.0,4095.0,2584.0,2788.0,2509.0,12.86,8.17,7.25,0.39,0.72,1.97,z
3066.0,3010.0,3116.0,3131.0,4095.0,2586.0,2786.0,2521.0,13.57,8.41,1.98,0.19,0.57,0.93,z
3081.0,3027.0,3116.0,3145.0,4095.0,2594.0,2795.0,2550.0,14.77,8.93,1.44,-1.11,-0.71,-0.12,z
3085.0,3018.0,3120.0,3158.0,4095.0,2598.0,2793.0,2555.0,12.05,7.33,4.28,-1.73,-1.86,-1.62,z
3089.0,3029.0,3134.0,3174.0,4095.0,2601.0,2800.0,2559.0,9.03,6.17,8.82,-3.04,-2.02,-2.64,z
3081.0,3013.0,3120.0,3182.0,4095.0,2608.0,2807.0,2618.0,-0.63,1.96,17.53,-2.57,-1.62,-3.02,z
3071.0,3011.0,3123.0,3180.0,4095.0,2621.0,2817.0,2609.0,-4.6,5.87,15.8,-1.32,-1.53,-2.1,z
3067.0,3013.0,3119.0,3170.0,4095.0,2624.0,2818.0,2598.0,-5.97,5.2,18.56,-1.12,-0.8,-1.06,z
3083.0,3018.0,3119.0,3182.0,4095.0,2611.0,2816.0,2623.0,-1.32,6.06,15.64,-0.33,-0.55,-0.74,z
3069.0,3014.0,3136.0,3263.0,4095.0,2622.0,2813.0,2654.0,1.8,9.51,6.86,0.14,0.33,-0.18,z
3069.0,3014.0,3136.0,3263.0,4095.0,2622.0,2813.0,2654.0,1.8,9.51,6.86,0.14,0.33,-0.18,z
3067.0,3010.0,3133.0,3258.0,4095.0,2615.0,2811.0,2654.0,1.11,8.88,6.18,0.26,0.84,-0.03,z
3071.0,3004.0,3130.0,3248.0,4095.0,2608.0,2804.0,2625.0,4.85,8.61,3.49,0.23,0.96,0.01,z
3088.0,3018.0,3114.0,3252.0,4095.0,2606.0,2800.0,2581.0,12.65,7.77,1.58,-0.33,-1.56,-0.61,z
3083.0,3029.0,3123.0,3257.0,4095.0,2607.0,2801.0,2590.0,11.23,6.21,3.17,-1.27,-2.21,-1.86,z
3086.0,3024.0,3122.0,3264.0,4095.0,2614.0,2800.0,2587.0,1.15,5.4,10.51,-2.14,-1.61,-2.92,z
3083.0,3009.0,3126.0,3213.0,4095.0,2626.0,2797.0,2640.0,-12.94,5.92,16.27,-1.3,-1.14,-1.21,z
3086.0,3009.0,3111.0,3088.0,4095.0,2638.0,2779.0,2633.0,-12.56,6.29,17.5,-0.27,-1.72,0.2,z
3087.0,3008.0,3120.0,3115.0,4095.0,2651.0,2789.0,2645.0,-9.25,6.13,15.97,0.37,0.21,1.91,z
3071.0,3015.0,3114.0,3115.0,4095.0,2662.0,2787.0,2619.0,-2.13,5.7,13.02,0.65,1.38,2.63,z
3079.0,3008.0,3120.0,3115.0,4095.0,2647.0,2782.0,2582.0,5.09,6.69,10.0,0.91,1.57,2.56,z
3083.0,3011.0,3127.0,3123.0,4095.0,2640.0,2787.0,2585.0,9.45,6.75,6.67,0.81,1.73,2.13,z
3081.0,3024.0,3131.0,3133.0,4095.0,2633.0,2787.0,2559.0,13.52,7.47,2.74,0.46,1.33,1.68,z
3089.0,3025.0,3126.0,3136.0,4095.0,2626.0,2787.0,2580.0,15.92,7.41,1.34,-0.55,0.05,0.28,z
3081.0,3011.0,3114.0,3135.0,4095.0,2624.0,2788.0,2597.0,13.95,7.65,3.01,-1.67,-1.26,-1.16,z
3081.0,3024.0,3120.0,3151.0,4095.0,2635.0,2796.0,2609.0,10.0,5.82,7.64,-2.51,-1.44,-2.5,z
3087.0,3024.0,3136.0,3156.0,4095.0,2645.0,2800.0,2627.0,2.49,3.4,15.12,-2.55,-1.54,-2.89,z
3088.0,3019.0,3122.0,3137.0,4095.0,2662.0,2812.0,2643.0,-2.03,4.9,16.5,-1.3,-1.23,-1.92,z
3093.0,3024.0,3122.0,3141.0,4095.0,2656.0,2804.0,2650.0,-3.11,5.7,16.04,-0.54,-1.01,-1.22,z
3081.0,3023.0,3120.0,3250.0,4095.0,2608.0,2793.0,2641.0,8.35,10.02,0.82,-0.38,-1.74,-1.29,z
3067.0,3017.0,3127.0,3262.0,4095.0,2608.0,2789.0,2656.0,5.86,9.15,4.19,-0.97,-1.76,-1.48,z
3089.0,3015.0,3120.0,3262.0,4095.0,2613.0,2796.0,2649.0,-0.08,8.29,8.03,-0.77,-1.72,-1.6,z
3071.0,3018.0,3122.0,3216.0,4095.0,2611.0,2781.0,2656.0,-10.02,7.09,9.63,-0.06,-0.86,-1.24,z
3070.0,3018.0,3130.0,3202.0,4095.0,2611.0,2785.0,2649.0,-12.67,6.34,10.06,0.06,-0.71,-0.27,z
3085.0,3021.0,3120.0,3206.0,4095.0,2614.0,2784.0,2651.0,-9.63,6.75,8.47,0.19,-0.04,0.49,z
3082.0,3021.0,3126.0,3222.0,4095.0,2620.0,2789.0,2662.0,-7.72,7.25,7.4,-0.18,1.12,0.77,z
3069.0,3019.0,3125.0,3230.0,4095.0,2615.0,2786.0,2659.0,-4.75,7.47,8.22,-0.46,1.51,1.0,z
3069.0,3021.0,3122.0,3241.0,4095.0,2614.0,2787.0,2643.0,-2.26,7.97,8.36,-0.32,1.97,1.18,z
3086.0,3030.0,3121.0,3247.0,4095.0,2613.0,2785.0,2613.0,1.7,9.0,7.12,-0.2,1.63,1.55,z
3066.0,3014.0,3126.0,3233.0,4095.0,2620.0,2782.0,2608.0,5.42,8.21,6.07,0.14,1.41,1.25,z
3081.0,3024.0,3134.0,3223.0,4095.0,2617.0,2779.0,2629.0,8.01,8.96,3.56,0.21,0.74,1.41,z
3071.0,3013.0,3127.0,3200.0,4095.0,2595.0,2768.0,2555.0,12.61,8.53,1.66,0.31,-0.43,0.29,z
3071.0,3018.0,3124.0,3199.0,4095.0,2592.0,2764.0,2555.0,13.3,12.53,-0.97,-0.46,-1.54,-0.24,z
3088.0,3015.0,3135.0,3201.0,4095.0,2606.0,2768.0,2580.0,11.21,11.03,2.81,-1.67,-2.5,-1.86,z
3065.0,3024.0,3127.0,3223.0,4095.0,2608.0,2780.0,2623.0,0.39,7.28,10.77,-2.02,-1.62,-2.4,z
3069.0,3028.0,3129.0,3226.0,4095.0,2613.0,2783.0,2638.0,-7.23,7.55,12.75,-0.69,-1.95,-1.53,z
3079.0,3022.0,3131.0,3229.0,4095.0,2609.0,2783.0,2653.0,-8.54,8.88,11.39,-0.24,-1.86,-0.62,z
3071.0,3021.0,3134.0,3248.0,4095.0,2618.0,2784.0,2649.0,-2.73,9.56,9.37,0.0,-1.53,0.13,z
3069.0,3024.0,3126.0,3255.0,4095.0,2622.0,2786.0,2629.0,-0.58,9.57,9.72,-0.48,-0.31,-0.25,z
3071.0,3020.0,3130.0,3265.0,4095.0,2619.0,2813.0,2661.0,4.51,8.79,2.02,0.0,1.18,0.69,z
3081.0,3011.0,3138.0,3248.0,4095.0,2609.0,2806.0,2649.0,11.27,9.09,1.64,-0.21,-1.57,0.11,z
3086.0,3019.0,3137.0,3259.0,4095.0,2611.0,2803.0,2639.0,12.14,8.78,1.81,-0.92,-2.79,-1.23,z
3071.0,3021.0,3137.0,3280.0,4095.0,2627.0,2809.0,2670.0,6.02,6.99,7.12,-1.86,-2.34,-2.26,z
3071.0,3027.0,3136.0,3278.0,4095.0,2640.0,2815.0,2689.0,-12.73,6.42,14.61,-1.11,-0.08,-1.83,z
3088.0,3022.0,3126.0,3189.0,4095.0,2640.0,2800.0,2675.0,-18.83,8.38,12.85,-0.0,0.24,-0.47,z
3095.0,3014.0,3129.0,3216.0,4095.0,2645.0,2816.0,2693.0,-11.54,8.17,10.23,0.33,-0.05,1.13,z
3071.0,3013.0,3120.0,3255.0,4095.0,2646.0,2817.0,2691.0,-3.6,8.05,8.77,0.35,1.22,1.09,z
3090.0,3024.0,3131.0,3265.0,4095.0,2640.0,2812.0,2655.0,-0.34,6.67,8.47,0.19,2.07,1.04,z
3071.0,3025.0,3135.0,3281.0,4095.0,2636.0,2801.0,2645.0,1.47,5.77,7.51,-0.16,1.82,1.64,z
3083.0,3024.0,3131.0,3280.0,4095.0,2637.0,2801.0,2658.0,7.95,6.42,4.84,-0.05,1.06,1.84,z
3071.0,3024.0,3134.0,3258.0,4095.0,2610.0,2787.0,2626.0,12.44,10.29,0.32,-0.16,0.35,1.36,z
3083.0,3026.0,3138.0,3251.0,4095.0,2610.0,2789.0,2615.0,15.09,12.34,-0.56,-0.87,-0.94,-0.38,z
3071.0,3009.0,3135.0,3262.0,4095.0,2617.0,2791.0,2640.0,10.66,10.83,3.38,-2.18,-1.85,-1.63,z
3088.0,3022.0,3130.0,3280.0,4095.0,2634.0,2800.0,2646.0,3.72,7.58,10.28,-2.29,-1.8,-2.11,z
3071.0,3024.0,3133.0,3284.0,4095.0,2640.0,2816.0,2671.0,-4.12,6.69,15.03,-1.53,-1.38,-1.78,z
3071.0,3019.0,3126.0,3282.0,4095.0,2644.0,2811.0,2672.0,-8.21,7.79,14.0,-0.25,-1.41,-0.8,z
3088.0,3024.0,3121.0,3290.0,4095.0,2646.0,2815.0,2685.0,-0.17,9.44,11.84,-0.19,-1.6,-0.5,z
3089.0,3024.0,3147.0,3306.0,4095.0,2645.0,2814.0,2689.0,-0.06,8.4,11.43,-0.15,-0.1,-0.43,z
3079.0,3024.0,3139.0,3299.0,4095.0,2647.0,2813.0,2692.0,0.07,7.98,10.67,0.06,-0.17,-0.34,z
3065.0,3015.0,3144.0,3331.0,4095.0,2641.0,2821.0,2707.0,-0.06,9.04,5.41,0.41,0.4,0.14,z
3088.0,3024.0,3136.0,3320.0,4095.0,2624.0,2810.0,2687.0,6.57,8.29,4.05,0.51,-0.41,0.05,z
3069.0,3034.0,3136.0,3293.0,4095.0,2607.0,2797.0,2636.0,12.2,8.75,0.96,0.6,-1.56,-0.22,z
3071.0,3037.0,3136.0,3311.0,4095.0,2609.0,2811.0,2642.0,8.69,8.8,2.33,-0.73,-1.91,-2.02,z
3089.0,3030.0,3132.0,3334.0,4095.0,2623.0,2809.0,2689.0,-2.09,7.46,8.63,-1.05,-0.59,-1.75,z
3097.0,3024.0,3132.0,3322.0,4095.0,2638.0,2805.0,2686.0,-9.0,7.12,11.65,-0.5,-0.66,-1.53,z
3081.0,3026.0,3125.0,3310.0,4095.0,2641.0,2807.0,2687.0,-10.17,8.04,9.78,0.15,-1.65,-0.69,z
3088.0,3024.0,3130.0,3312.0,4095.0,2647.0,2816.0,2694.0,-11.25,7.2,10.47,0.07,-0.16,0.44,z
3071.0,3020.0,3121.0,3313.0,4095.0,2645.0,2819.0,2699.0,-8.63,7.05,9.24,0.14,0.71,1.39,z
3071.0,3024.0,3137.0,3251.0,4095.0,2624.0,2805.0,2673.0,-3.67,6.74,9.06,-0.04,0.95,1.51,z
3065.0,3013.0,3133.0,3196.0,4095.0,2605.0,2797.0,2644.0,-1.26,6.83,8.43,-0.35,1.88,1.76,z
3085.0,3029.0,3128.0,3210.0,4095.0,2611.0,2795.0,2641.0,4.68,8.93,7.44,-0.2,1.34,1.45,z
3095.0,3026.0,3135.0,3216.0,4095.0,2615.0,2801.0,2640.0,8.22,9.98,5.38,-0.39,1.15,1.8,z
3082.0,3022.0,3135.0,3229.0,4095.0,2619.0,2797.0,2624.0,9.61,10.34,4.31,-0.18,0.81,0.9,z
3067.0,3015.0,3135.0,3229.0,4095.0,2618.0,2798.0,2635.0,10.56,10.54,3.33,-0.49,-0.11,0.35,z
3087.0,3028.0,3131.0,3232.0,4095.0,2621.0,2801.0,2630.0,11.43,9.72,3.23,-0.79,-1.03,-0.88,z
3088.0,3030.0,3132.0,3234.0,4095.0,2624.0,2795.0,2634.0,9.54,7.98,4.34,-1.45,-1.67,-2.05,z
3069.0,3027.0,3131.0,3238.0,4095.0,2624.0,2800.0,2651.0,6.09,6.21,8.68,-1.86,-2.07,-2.41,z
3094.0,3025.0,3131.0,3247.0,4095.0,2640.0,2804.0,2665.0,-2.83,5.77,13.91,-1.8,-1.9,-2.21,z
3093.0,3029.0,3126.0,3253.0,4095.0,2645.0,2810.0,2665.0,-5.36,6.81,16.27,-0.45,-2.13,-1.21,z
3063.0,3025.0,3137.0,3227.0,4095.0,2603.0,2806.0,2614.0,9.27,9.45,4.82,-0.7,0.07,-0.75,z
3062.0,3037.0,3120.0,3248.0,4095.0,2605.0,2813.0,2654.0,6.57,6.54,8.51,-0.79,-1.11,-2.38,z
3070.0,3019.0,3134.0,3279.0,4095.0,2623.0,2816.0,2678.0,-4.25,7.38,9.65,-0.13,-1.14,-2.06,z
3059.0,3025.0,3130.0,3258.0,4095.0,2629.0,2809.0,2646.0,-9.19,7.28,9.45,0.17,-0.96,-1.31,z
3083.0,3010.0,3135.0,3269.0,4095.0,2624.0,2816.0,2672.0,-10.29,7.83,8.39,0.22,-0.78,-0.66,z
3070.0,3024.0,3124.0,3265.0,4095.0,2625.0,2821.0,2682.0,-10.96,6.83,8.97,-0.1,-0.1,0.44,z
3071.0,3019.0,3134.0,3276.0,4095.0,2633.0,2825.0,2686.0,-7.74,6.74,9.17,-0.11,0.52,1.29,z
3071.0,3020.0,3129.0,3258.0,4095.0,2627.0,2825.0,2641.0,-2.81,7.44,8.92,-0.32,1.05,1.6,z
3071.0,3021.0,3135.0,3249.0,4095.0,2615.0,2818.0,2658.0,-0.93,8.09,8.61,-0.49,1.77,1.78,z
3079.0,3009.0,3123.0,3253.0,4095.0,2614.0,2815.0,2657.0,2.48,7.17,8.75,-0.46,1.59,2.02,z
3085.0,3020.0,3127.0,3250.0,4095.0,2614.0,2809.0,2624.0,6.79,8.56,6.67,-0.29,0.89,1.48,z
3067.0,3015.0,3136.0,3258.0,4095.0,2622.0,2813.0,2590.0,11.44,7.85,6.53,-0.65,0.08,1.2,z
3071.0,3013.0,3134.0,3250.0,4095.0,2611.0,2803.0,2595.0,14.0,9.45,4.64,-0.64,-0.46,0.11,z
3071.0,3030.0,3121.0,3262.0,4095.0,2619.0,2811.0,2606.0,12.35,9.27,5.99,-1.21,-1.01,-1.35,z
3071.0,3007.0,3124.0,3280.0,4095.0,2623.0,2812.0,2624.0,8.76,7.86,9.86,-1.48,-1.86,-2.55,z
3083.0,3021.0,3130.0,3294.0,4095.0,2637.0,2818.0,2648.0,0.68,5.83,13.44,-1.37,-1.36,-2.91,z
3056.0,3017.0,3134.0,3264.0,4095.0,2651.0,2828.0,2672.0,-7.0,6.21,14.26,-0.39,-0.9,-2.4,z
3062.0,3024.0,3126.0,3264.0,4095.0,2646.0,2831.0,2671.0,-7.42,8.46,12.0,0.04,-1.58,-1.06,z
3063.0,3023.0,3135.0,3273.0,4095.0,2641.0,2829.0,2672.0,-3.55,7.86,12.17,-0.11,-1.3,-0.32,z
3071.0,3013.0,3131.0,3280.0,4095.0,2645.0,2832.0,2682.0,-0.31,7.74,12.3,-0.15,-0.29,-0.13,z
3069.0,3031.0,3116.0,3121.0,4095.0,2635.0,2736.0,2594.0,0.29,9.4,5.5,0.14,0.35,-0.1,z
3082.0,3021.0,3132.0,3119.0,4095.0,2624.0,2737.0,2590.0,3.99,8.76,4.99,0.43,0.03,0.13,z
3068.0,3024.0,3121.0,3110.0,4095.0,2608.0,2735.0,2559.0,11.21,8.27,3.29,0.26,-1.12,-0.05,z
3069.0,3021.0,3120.0,3114.0,4095.0,2611.0,2742.0,2554.0,11.48,8.66,2.36,-0.04,-2.22,-1.3,z
3056.0,3021.0,3120.0,3123.0,4095.0,2622.0,2751.0,2590.0,3.79,8.36,7.19,-0.98,-1.79,-2.49,z
3066.0,3017.0,3115.0,3127.0,4095.0,2625.0,2743.0,2601.0,-6.52,7.77,11.82,-0.57,-2.11,-1.9,z
3086.0,3024.0,3125.0,3114.0,4095.0,2624.0,2747.0,2617.0,-9.74,7.82,11.24,-0.06,-2.15,-1.55,z
3071.0,3023.0,3120.0,3115.0,4095.0,2624.0,2749.0,2614.0,-10.14,6.68,11.19,-0.11,-1.1,-0.63,z
3071.0,3018.0,3111.0,3117.0,4095.0,2640.0,2752.0,2626.0,-12.55,6.2,11.16,-0.07,0.48,0.67,z
3061.0,3030.0,3123.0,3135.0,4095.0,2643.0,2752.0,2624.0,-7.39,6.08,9.68,0.08,1.05,1.59,z
3069.0,3023.0,3116.0,3139.0,4095.0,2647.0,2756.0,2631.0,-4.46,6.23,8.95,-0.26,2.02,1.98,z
3071.0,3024.0,3120.0,3136.0,4095.0,2642.0,2752.0,2605.0,-0.18,6.94,8.7,-0.26,2.0,2.15,z
3080.0,3021.0,3127.0,3136.0,4095.0,2640.0,2747.0,2559.0,5.6,7.71,7.1,-0.41,1.33,1.54,z
3067.0,3036.0,3129.0,3151.0,4095.0,2639.0,2750.0,2555.0,9.03,9.82,6.07,-0.63,1.35,1.77,z
3087.0,3025.0,3123.0,3166.0,4095.0,2633.0,2751.0,2578.0,11.54,8.99,6.67,-0.58,0.83,0.86,z
3058.0,3040.0,3134.0,3150.0,4095.0,2624.0,2752.0,2559.0,14.09,11.45,3.15,-0.33,-0.97,-0.0,z
3069.0,3035.0,3135.0,3154.0,4095.0,2617.0,2753.0,2559.0,11.42,9.74,4.51,-0.93,-1.23,-1.49,z
3071.0,3023.0,3130.0,3167.0,4095.0,2613.0,2759.0,2606.0,6.93,8.19,8.84,-1.58,-1.93,-2.4,z
3079.0,3031.0,3121.0,3169.0,4095.0,2631.0,2763.0,2622.0,-4.24,6.21,13.21,-1.13,-0.71,-2.29,z
3071.0,3035.0,3120.0,3165.0,4095.0,2635.0,2768.0,2623.0,-3.95,7.7,13.04,-0.67,-1.87,-1.49,z
3071.0,3022.0,3121.0,3248.0,4095.0,2652.0,2782.0,2640.0,-1.28,8.27,8.69,-0.23,-1.34,-2.02,z
3071.0,3008.0,3120.0,3245.0,4095.0,2656.0,2778.0,2641.0,-2.42,8.39,8.62,0.16,-1.9,-1.44,z
3088.0,3027.0,3133.0,3248.0,4095.0,2663.0,2786.0,2652.0,-4.51,7.39,8.04,0.06,-2.32,-1.09,z
3067.0,3024.0,3130.0,3248.0,4095.0,2659.0,2791.0,2642.0,-5.7,7.0,9.03,-0.16,-1.58,-1.21,z
3083.0,3024.0,3120.0,3239.0,4095.0,2651.0,2783.0,2649.0,-8.95,6.44,10.2,-0.23,-0.47,-0.38,z
3065.0,3026.0,3120.0,3217.0,4095.0,2650.0,2786.0,2658.0,-13.47,6.71,10.59,0.07,0.46,0.43,z
3061.0,3023.0,3133.0,3232.0,4095.0,2653.0,2784.0,2651.0,-9.15,7.1,9.76,0.04,0.71,1.34,z
3069.0,3024.0,3136.0,3244.0,4095.0,2655.0,2787.0,2658.0,-5.53,7.19,9.73,-0.28,1.85,1.92,z
3062.0,3021.0,3121.0,3238.0,4095.0,2655.0,2784.0,2645.0,-0.3,7.58,9.32,-0.09,2.15,1.83,z
3093.0,3027.0,3136.0,3247.0,4095.0,2645.0,2773.0,2625.0,1.58,8.86,7.93,-0.1,2.3,1.84,z
3069.0,3024.0,3120.0,3247.0,4095.0,2642.0,2771.0,2631.0,6.74,8.47,7.41,-0.29,2.08,1.92,z
3070.0,3036.0,3122.0,3248.0,4095.0,2639.0,2768.0,2626.0,7.65,9.56,5.46,0.01,1.06,1.47,z
3088.0,3026.0,3135.0,3250.0,4095.0,2634.0,2768.0,2621.0,9.81,9.32,4.02,-0.17,0.39,1.11,z
3071.0,3021.0,3135.0,3241.0,4095.0,2627.0,2765.0,2603.0,12.2,10.6,2.84,-0.54,-0.68,0.15,z
3058.0,3018.0,3132.0,3248.0,4095.0,2636.0,2769.0,2620.0,11.39,9.18,4.47,-1.18,-1.2,-1.16,z
3071.0,3022.0,3121.0,3245.0,4095.0,2635.0,2769.0,2638.0,8.29,7.96,7.2,-1.46,-1.97,-2.14,z
3083.0,3025.0,3123.0,3255.0,4095.0,2640.0,2775.0,2645.0,3.07,5.9,10.85,-1.56,-2.27,-2.72,z
3067.0,3023.0,3130.0,3255.0,4095.0,2637.0,2777.0,2652.0,-2.06,6.26,13.27,-1.1,-2.06,-1.99,z
3085.0,3019.0,3135.0,3257.0,4095.0,2640.0,2779.0,2655.0,-3.74,6.47,14.11,-0.92,-1.7,-1.1,z
3061.0,3014.0,3130.0,3258.0,4095.0,2643.0,2781.0,2667.0,-2.66,6.53,14.69,-0.45,-1.17,-0.41,z
3069.0,3021.0,3120.0,3103.0,4095.0,2608.0,2718.0,2555.0,9.27,8.14,0.86,-0.08,-1.0,-0.18,z
3068.0,3027.0,3136.0,3111.0,4095.0,2605.0,2703.0,2528.0,12.27,7.33,1.02,-0.95,-1.88,-1.08,z
3063.0,3018.0,3117.0,3104.0,4095.0,2622.0,2706.0,2557.0,8.53,7.28,4.33,-1.71,-3.38,-2.12,z
3067.0,3018.0,3120.0,3069.0,4095.0,2639.0,2709.0,2608.0,-8.96,5.46,14.72,-1.82,-0.85,-1.89,z
3063.0,3014.0,3121.0,3056.0,4095.0,2651.0,2703.0,2517.0,-14.63,7.73,15.53,-0.62,-0.99,-0.24,z
3067.0,3024.0,3117.0,3071.0,4095.0,2661.0,2715.0,2544.0,-11.54,7.7,13.85,0.07,-0.74,0.35,z
3066.0,3024.0,3120.0,3071.0,4095.0,2662.0,2722.0,2558.0,-7.5,7.2,12.03,0.12,1.04,1.72,z
3059.0,3023.0,3113.0,3066.0,4095.0,2657.0,2722.0,2583.0,-1.59,6.06,10.68,0.31,1.14,1.64,z
3071.0,3021.0,3118.0,3063.0,4095.0,2641.0,2721.0,2559.0,0.91,7.18,8.77,0.2,2.25,2.07,z
3085.0,3008.0,3107.0,3071.0,4095.0,2639.0,2717.0,2559.0,5.01,7.87,7.17,0.21,1.65,2.01,z
3071.0,3015.0,3120.0,3044.0,4095.0,2631.0,2708.0,2544.0,10.64,8.94,4.55,0.16,0.72,1.5,z
3082.0,3035.0,3117.0,3046.0,4095.0,2625.0,2704.0,2549.0,13.01,9.79,2.48,-0.18,0.25,0.94,z
3063.0,3027.0,3121.0,3055.0,4095.0,2627.0,2704.0,2544.0,16.03,10.09,1.99,-0.98,-0.93,-0.58,z
3057.0,3024.0,3123.0,3071.0,4095.0,2640.0,2713.0,2559.0,11.29,7.04,5.27,-1.65,-1.61,-2.16,z
3058.0,3018.0,3120.0,3071.0,4095.0,2645.0,2713.0,2559.0,5.37,5.89,10.22,-1.94,-2.11,-2.82,z
3063.0,3021.0,3119.0,3088.0,4095.0,2653.0,2726.0,2601.0,-4.22,5.67,15.26,-1.32,-1.65,-2.29,z
3071.0,3015.0,3107.0,3088.0,4095.0,2653.0,2726.0,2604.0,-4.98,7.95,14.54,-0.44,-2.02,-1.07,z
3063.0,3010.0,3114.0,3090.0,4095.0,2651.0,2735.0,2610.0,-2.85,7.75,14.41,-0.52,-0.77,-0.91,z
3063.0,3009.0,3120.0,3095.0,4095.0,2658.0,2736.0,2607.0,-1.53,7.58,12.54,-0.2,-0.37,-0.61,z
3071.0,3018.0,3118.0,3101.0,4095.0,2653.0,2732.0,2607.0,0.4,7.57,11.54,-0.03,-0.21,0.0,z
3071.0,3015.0,3120.0,3231.0,4095.0,2642.0,2784.0,2653.0,1.88,9.54,5.05,0.05,0.27,0.06,z
3062.0,3009.0,3119.0,3219.0,4095.0,2637.0,2768.0,2592.0,9.72,8.17,1.92,0.61,-1.62,-0.09,z
3081.0,3020.0,3125.0,3224.0,4095.0,2634.0,2762.0,2583.0,15.36,8.53,-0.35,-0.29,-2.14,-0.98,z
3088.0,3026.0,3120.0,3247.0,4095.0,2640.0,2767.0,2620.0,7.05,8.39,6.11,-1.46,-1.82,-2.49,z
3066.0,3026.0,3120.0,3220.0,4095.0,2642.0,2766.0,2630.0,-8.8,7.56,12.55,-1.06,-0.53,-1.74,z
3083.0,3011.0,3120.0,3232.0,4095.0,2647.0,2769.0,2640.0,-7.0,6.98,11.95,-0.39,-2.52,-1.11,z
3079.0,3019.0,3142.0,3233.0,4095.0,2651.0,2774.0,2608.0,-7.31,4.81,13.29,-0.2,-1.02,-0.54,z
3071.0,3014.0,3129.0,3215.0,4095.0,2640.0,2774.0,2643.0,-7.39,1.38,11.33,-0.5,0.44,0.52,z
3067.0,3021.0,3120.0,3211.0,4095.0,2650.0,2772.0,2642.0,-6.81,0.47,11.78,-0.54,0.83,1.8,z
3071.0,3019.0,3120.0,3198.0,4095.0,2647.0,2768.0,2595.0,-1.63,3.86,9.2,-0.92,1.2,2.03,z
3063.0,3033.0,3129.0,3162.0,4095.0,2641.0,2765.0,2595.0,4.16,9.91,9.91,-1.96,0.89,2.47,z
3071.0,3024.0,3125.0,3170.0,4095.0,2636.0,2745.0,2528.0,12.75,16.77,8.76,-1.02,0.14,1.99,z
3071.0,3025.0,3123.0,3179.0,4095.0,2642.0,2750.0,2559.0,17.09,17.43,7.59,-0.42,-0.15,0.34,z
3071.0,3011.0,3122.0,3169.0,4095.0,2651.0,2757.0,2559.0,13.22,12.39,4.24,-0.13,-1.02,-2.19,z
3089.0,3027.0,3133.0,3092.0,4095.0,2660.0,2755.0,2582.0,8.52,7.9,6.66,-0.82,-2.78,-3.32,z
3071.0,3029.0,3136.0,3102.0,4095.0,2672.0,2768.0,2581.0,1.63,1.93,14.15,-1.5,-1.5,-3.61,z
3082.0,3024.0,3127.0,3098.0,4095.0,2683.0,2775.0,2625.0,-3.52,2.74,16.42,-1.01,-1.6,-2.4,z
3070.0,3016.0,3121.0,3120.0,4095.0,2681.0,2777.0,2601.0,-6.8,3.29,15.89,0.36,-2.86,-2.78,z
3054.0,3019.0,3121.0,3143.0,4095.0,2688.0,2794.0,2654.0,-4.04,4.2,14.99,-0.33,0.01,-0.84,z
3081.0,3023.0,3133.0,3152.0,4095.0,2683.0,2794.0,2651.0,-0.91,6.13,12.4,-0.05,0.31,0.04,z
3071.0,3025.0,3137.0,3189.0,4095.0,2649.0,2819.0,2673.0,-0.23,9.47,4.63,-0.32,-0.07,1.32,z
3063.0,3024.0,3131.0,3193.0,4095.0,2642.0,2817.0,2660.0,5.31,8.7,4.16,-0.12,-0.64,0.34,z
3069.0,3025.0,3136.0,3202.0,4095.0,2649.0,2819.0,2644.0,8.03,8.76,4.22,-0.23,-1.43,-0.52,z
3086.0,3020.0,3126.0,3215.0,4095.0,2646.0,2823.0,2687.0,3.08,8.88,4.76,-0.63,-1.13,-1.23,z
3071.0,3014.0,3124.0,3233.0,4095.0,2658.0,2830.0,2696.0,1.35,9.37,6.77,-1.04,-2.11,-1.16,z
3071.0,3026.0,3127.0,3232.0,4095.0,2657.0,2832.0,2703.0,-1.13,8.68,8.4,-0.74,-1.97,-1.23,z
3090.0,3029.0,3134.0,3226.0,4095.0,2672.0,2827.0,2659.0,-7.4,8.55,9.37,-0.42,-0.82,-0.65,z
3071.0,3023.0,3127.0,3213.0,4095.0,2674.0,2832.0,2717.0,-10.75,8.85,9.51,-0.13,0.18,-0.19,z
3069.0,3015.0,3127.0,3207.0,4095.0,2667.0,2834.0,2722.0,-9.23,9.12,8.03,-0.07,0.23,0.39,z
3063.0,3024.0,3127.0,3216.0,4095.0,2672.0,2833.0,2732.0,-4.96,8.81,8.39,-0.45,0.69,0.71,z
3088.0,3018.0,3136.0,3220.0,4095.0,2677.0,2832.0,2714.0,-2.71,8.47,8.92,-0.45,1.39,0.96,z
3071.0,3021.0,3140.0,3234.0,4095.0,2672.0,2832.0,2661.0,-1.1,7.74,8.24,-0.49,1.71,0.95,z
3085.0,3021.0,3130.0,3210.0,4095.0,2672.0,2830.0,2642.0,0.62,8.95,6.42,-0.27,1.59,0.71,z
3059.0,3022.0,3140.0,3207.0,4095.0,2671.0,2831.0,2699.0,3.72,7.8,8.36,-0.63,0.79,0.89,z
3086.0,3039.0,3134.0,3213.0,4095.0,2661.0,2823.0,2688.0,6.87,9.74,6.91,0.01,0.0,0.9,z
3071.0,3017.0,3130.0,3216.0,4095.0,2661.0,2825.0,2687.0,8.73,9.99,7.93,-0.04,-0.18,0.44,z
3068.0,3022.0,3135.0,3209.0,4095.0,2653.0,2810.0,2672.0,9.88,10.73,6.15,-0.15,-1.13,-0.5,z
3063.0,3039.0,3133.0,3216.0,4095.0,2667.0,2815.0,2677.0,8.01,9.0,8.31,-0.64,-1.42,-1.71,z
3066.0,3024.0,3123.0,3213.0,4095.0,2672.0,2821.0,2707.0,2.17,7.13,10.92,-0.34,-1.65,-2.45,z
3067.0,3019.0,3136.0,3200.0,4095.0,2673.0,2822.0,2605.0,-4.26,7.18,10.13,-0.08,-1.11,-1.26,z
3088.0,3035.0,3142.0,3238.0,4095.0,2662.0,2834.0,2729.0,3.67,9.71,2.57,-0.31,-1.05,0.07,z
3088.0,3029.0,3141.0,3231.0,4095.0,2656.0,2833.0,2715.0,7.16,9.85,4.37,-0.73,-1.91,-0.47,z
3081.0,3024.0,3133.0,3261.0,4095.0,2651.0,2832.0,2723.0,4.81,8.38,7.43,-0.42,-1.36,-1.4,z
3070.0,3021.0,3136.0,3251.0,4095.0,2669.0,2837.0,2735.0,-1.99,7.8,8.97,-0.5,-1.53,-1.11,z
3082.0,3027.0,3129.0,3235.0,4095.0,2671.0,2839.0,2704.0,-4.87,7.88,9.35,-0.03,-1.81,-1.21,z
3071.0,3026.0,3131.0,3233.0,4095.0,2675.0,2832.0,2729.0,-9.11,7.52,9.17,-0.19,-0.77,-0.45,z
3089.0,3019.0,3133.0,3216.0,4095.0,2672.0,2837.0,2734.0,-9.05,7.59,9.2,-0.3,-0.43,-0.02,z
3071.0,3024.0,3127.0,3216.0,4095.0,2678.0,2833.0,2736.0,-10.26,6.27,9.79,-0.34,0.48,0.91,z
3063.0,3023.0,3141.0,3229.0,4095.0,2679.0,2842.0,2752.0,-5.96,6.59,9.67,-0.49,0.93,1.27,z
3083.0,3017.0,3127.0,3245.0,4095.0,2672.0,2847.0,2738.0,-3.42,6.79,9.42,-0.64,1.74,1.61,z
3071.0,3015.0,3136.0,3243.0,4095.0,2666.0,2837.0,2705.0,-0.49,8.54,9.03,-0.81,1.49,1.73,z
3081.0,3019.0,3135.0,3223.0,4095.0,2659.0,2830.0,2700.0,6.43,10.84,8.37,-0.64,0.6,1.24,z
3066.0,3019.0,3135.0,3235.0,4095.0,2661.0,2835.0,2706.0,7.66,9.38,9.99,-0.56,1.46,1.43,z
3071.0,3021.0,3130.0,3242.0,4095.0,2667.0,2832.0,2704.0,7.32,9.58,6.57,-0.14,0.48,0.44,z
3071.0,3021.0,3141.0,3237.0,4095.0,2671.0,2833.0,2703.0,8.48,9.6,6.1,-0.3,-0.53,0.11,z
3066.0,3024.0,3136.0,3227.0,4095.0,2669.0,2834.0,2695.0,10.17,8.88,6.96,-0.52,-1.02,-0.95,z
3083.0,3007.0,3131.0,3231.0,4095.0,2669.0,2835.0,2706.0,7.9,8.47,8.39,-0.73,-1.95,-1.91,z
3086.0,3020.0,3130.0,3248.0,4095.0,2672.0,2835.0,2706.0,0.39,6.31,11.8,-0.87,-1.16,-2.28,z
3081.0,3029.0,3138.0,3237.0,4095.0,2672.0,2843.0,2653.0,-4.43,7.68,12.23,-0.34,-1.4,-1.89,z
3065.0,3009.0,3127.0,3244.0,4095.0,2679.0,2843.0,2683.0,-5.67,7.66,12.95,-0.29,-1.65,-1.23,z
3071.0,3012.0,3152.0,3269.0,4095.0,2697.0,2925.0,2831.0,5.54,9.04,5.26,-0.29,-0.57,-0.15,z
3083.0,3025.0,3145.0,3253.0,4095.0,2673.0,2913.0,2800.0,9.28,8.78,5.57,-0.6,-1.26,-1.02,z
3091.0,3028.0,3155.0,3280.0,4095.0,2672.0,2909.0,2823.0,5.8,7.34,8.0,-0.75,-1.12,-2.14,z
3088.0,3023.0,3152.0,3272.0,4095.0,2691.0,2914.0,2821.0,-2.5,7.21,10.19,-0.62,-1.53,-1.85,z
3085.0,3019.0,3143.0,3264.0,4095.0,2694.0,2913.0,2834.0,-4.94,7.66,10.82,-0.51,-2.05,-1.6,z
3083.0,3014.0,3135.0,3251.0,4095.0,2702.0,2917.0,2849.0,-7.99,6.78,11.99,-0.31,-1.13,-0.8,z
3071.0,3024.0,3146.0,3254.0,4095.0,2704.0,2911.0,2849.0,-10.48,6.2,11.68,-0.02,0.06,0.21,z
3081.0,3017.0,3137.0,3260.0,4095.0,2706.0,2922.0,2843.0,-7.66,5.68,10.33,-0.3,0.38,1.5,z
3067.0,3016.0,3149.0,3344.0,4095.0,2710.0,2913.0,2837.0,-4.17,6.32,10.72,-0.54,1.17,1.94,z
3082.0,3019.0,3141.0,3367.0,4095.0,2709.0,2913.0,2833.0,-0.38,7.34,11.14,-0.71,1.46,2.41,z
3081.0,3019.0,3141.0,3355.0,4095.0,2704.0,2915.0,2816.0,4.43,7.43,11.65,-0.34,0.98,2.03,z
3069.0,3024.0,3162.0,3364.0,4095.0,2704.0,2911.0,2809.0,7.04,6.91,10.66,-0.05,1.52,2.02,z
3079.0,3030.0,3148.0,3358.0,4095.0,2690.0,2901.0,2791.0,9.02,7.85,8.08,0.08,0.63,1.49,z
3082.0,3015.0,3141.0,3344.0,4095.0,2688.0,2895.0,2742.0,12.28,8.24,6.26,-0.12,-0.42,0.45,z
3071.0,3018.0,3156.0,3333.0,4095.0,2681.0,2896.0,2751.0,12.47,8.54,5.99,-0.63,-0.94,-0.76,z
3085.0,3031.0,3140.0,3344.0,4095.0,2681.0,2895.0,2762.0,10.5,7.17,8.36,-1.46,-1.58,-1.96,z
3071.0,3025.0,3150.0,3350.0,4095.0,2693.0,2899.0,2790.0,7.58,5.93,11.7,-1.6,-2.05,-2.91,z
3083.0,3024.0,3151.0,3346.0,4095.0,2709.0,2911.0,2817.0,0.44,4.01,14.34,-1.34,-1.69,-2.89,z
3070.0,3017.0,3134.0,3344.0,4095.0,2707.0,2913.0,2816.0,-3.37,4.37,15.01,-1.19,-1.18,-2.21,z
3083.0,3011.0,3143.0,3355.0,4095.0,2711.0,2914.0,2821.0,-2.18,4.84,15.72,-0.45,-1.49,-1.66,z
3068.0,3013.0,3150.0,3237.0,4095.0,2710.0,2924.0,2833.0,3.13,9.44,6.71,-0.23,-0.19,0.33,z
3090.0,3035.0,3152.0,3363.0,4095.0,2701.0,2916.0,2817.0,8.87,9.23,6.61,-0.13,-0.83,-0.26,z
3071.0,3014.0,3149.0,3346.0,4095.0,2701.0,2918.0,2798.0,11.37,7.24,6.25,-0.17,-1.71,-0.84,z
3071.0,3025.0,3162.0,3354.0,4095.0,2706.0,2912.0,2805.0,6.16,7.6,5.82,-0.53,-1.9,-2.19,z
3085.0,3014.0,3136.0,3227.0,4095.0,2707.0,2911.0,2821.0,-1.9,7.56,9.1,-0.9,-1.97,-1.85,z
3082.0,3024.0,3150.0,3245.0,4095.0,2715.0,2909.0,2832.0,-5.25,7.92,10.42,-0.76,-2.01,-1.28,z
3071.0,3021.0,3134.0,3272.0,4095.0,2714.0,2910.0,2846.0,-7.67,7.4,13.01,-0.78,-1.57,-0.94,z
3085.0,3022.0,3142.0,3280.0,4095.0,2725.0,2913.0,2832.0,-9.89,7.0,12.97,-0.04,-0.33,0.09,z
3068.0,3022.0,3145.0,3278.0,4095.0,2727.0,2919.0,2831.0,-7.74,6.98,10.07,-0.17,0.42,1.16,z
3071.0,3018.0,3143.0,3355.0,4095.0,2731.0,2927.0,2832.0,-4.49,6.67,10.39,-0.6,1.0,1.68,z
3071.0,3024.0,3141.0,3355.0,4095.0,2725.0,2918.0,2816.0,-0.69,6.75,11.37,-0.75,1.37,2.21,z
3063.0,3017.0,3134.0,3350.0,4095.0,2725.0,2921.0,2822.0,5.02,6.68,11.59,-0.42,1.03,1.92,z
3088.0,3024.0,3152.0,3351.0,4095.0,2719.0,2915.0,2803.0,7.96,6.93,10.08,-0.01,0.89,1.73,z
3083.0,3024.0,3155.0,3343.0,4095.0,2718.0,2910.0,2788.0,9.82,7.9,7.24,-0.04,0.92,1.21,z
3071.0,3014.0,3138.0,3326.0,4095.0,2707.0,2909.0,2783.0,11.3,7.73,6.98,-0.35,-0.12,0.35,z
3071.0,3019.0,3152.0,3317.0,4095.0,2704.0,2906.0,2783.0,13.23,8.25,7.17,-0.52,-0.27,-0.75,z
3063.0,3021.0,3142.0,3323.0,4095.0,2701.0,2899.0,2788.0,9.58,7.0,8.99,-0.94,-0.18,-2.0,z
3085.0,3024.0,3151.0,3325.0,4095.0,2714.0,2901.0,2797.0,5.95,5.74,11.28,-1.13,-1.85,-2.66,z
3071.0,3010.0,3152.0,3333.0,4095.0,2718.0,2903.0,2803.0,1.67,4.53,14.23,-1.16,-2.01,-3.12,z
3088.0,3015.0,3150.0,3328.0,4095.0,2729.0,2902.0,2819.0,-5.55,4.86,14.68,-0.55,-0.63,-1.75,z
3069.0,3021.0,3135.0,2967.0,4095.0,2592.0,2807.0,2694.0,7.36,9.52,3.68,-0.69,-1.23,-0.79,z
3060.0,3014.0,3139.0,2994.0,4095.0,2607.0,2829.0,2725.0,2.18,8.14,6.71,-0.61,-0.63,-1.37,z
3083.0,3024.0,3130.0,3005.0,4095.0,2619.0,2832.0,2729.0,4.04,8.74,6.74,-0.85,-2.3,-1.1,z
3056.0,3024.0,3133.0,2882.0,4095.0,2621.0,2837.0,2737.0,-1.21,9.17,10.16,-0.67,-1.98,-1.56,z
3067.0,3020.0,3147.0,2919.0,4095.0,2628.0,2836.0,2742.0,-5.11,8.7,10.09,-0.15,-1.59,-0.89,z
3085.0,3024.0,3131.0,3001.0,4095.0,2635.0,2838.0,2747.0,-7.07,7.3,11.28,-0.55,-1.34,-0.49,z
3062.0,3023.0,3121.0,3006.0,4095.0,2639.0,2845.0,2748.0,-8.26,7.29,12.7,-0.03,-0.05,0.12,z
3079.0,3022.0,3131.0,3009.0,4095.0,2640.0,2843.0,2745.0,-7.4,7.16,10.79,0.1,0.87,0.68,z
3083.0,3018.0,3136.0,3019.0,4095.0,2653.0,2854.0,2763.0,-4.06,6.17,10.8,-0.24,1.4,1.35,z
3069.0,3018.0,3126.0,3034.0,4095.0,2650.0,2850.0,2747.0,-0.6,6.64,9.5,-0.11,1.77,1.6,z
3060.0,3020.0,3130.0,3024.0,4095.0,2641.0,2846.0,2742.0,3.31,7.47,8.64,-0.44,1.79,1.65,z
3066.0,3025.0,3136.0,3024.0,4095.0,2644.0,2844.0,2733.0,4.76,8.74,7.93,-0.32,1.55,1.77,z
3071.0,3014.0,3134.0,3007.0,4095.0,2640.0,2845.0,2709.0,8.64,8.7,6.91,-0.46,0.86,1.51,z
3056.0,3021.0,3137.0,3003.0,4095.0,2640.0,2842.0,2720.0,10.15,9.38,6.38,-0.49,0.05,0.82,z
3056.0,3029.0,3122.0,3003.0,4095.0,2641.0,2845.0,2715.0,10.54,9.61,6.25,-0.67,-0.57,-0.24,z
3062.0,3021.0,3142.0,3006.0,4095.0,2641.0,2846.0,2730.0,9.67,8.99,7.16,-0.87,-1.45,-1.34,z
3059.0,3016.0,3136.0,3003.0,4095.0,2640.0,2847.0,2737.0,8.7,7.65,8.12,-1.34,-2.13,-2.04,z
3071.0,3026.0,3136.0,3024.0,4095.0,2649.0,2855.0,2752.0,4.54,5.05,11.46,-1.7,-1.87,-2.78,z
3071.0,3018.0,3139.0,3024.0,4095.0,2646.0,2853.0,2767.0,-1.17,4.54,14.8,-1.65,-1.65,-2.65,z
3068.0,3023.0,3136.0,3038.0,4095.0,2663.0,2859.0,2766.0,-3.61,5.45,15.72,-0.69,-1.57,-1.68,z
3070.0,3022.0,3141.0,3146.0,4095.0,2688.0,2890.0,2810.0,0.17,9.14,5.51,-0.03,0.12,0.05,z
3061.0,3013.0,3150.0,3140.0,4095.0,2679.0,2888.0,2805.0,3.46,8.54,5.86,-0.01,-0.02,0.14,z
3069.0,3022.0,3127.0,3135.0,4095.0,2672.0,2881.0,2778.0,7.02,7.23,5.3,-0.09,0.09,0.05,z
3068.0,3017.0,3149.0,3139.0,4095.0,2671.0,2877.0,2768.0,10.21,7.15,3.67,-0.21,-1.91,-0.56,z
3061.0,3024.0,3150.0,3144.0,4095.0,2678.0,2878.0,2775.0,8.23,8.18,5.32,-1.2,-2.59,-1.6,z
3065.0,3017.0,3133.0,3141.0,4095.0,2683.0,2879.0,2784.0,-1.68,8.92,10.97,-1.32,-1.41,-1.35,z
3071.0,3027.0,3136.0,3136.0,4095.0,2685.0,2880.0,2768.0,-2.47,9.97,11.33,-1.01,-2.58,-1.42,z
3070.0,3021.0,3136.0,3143.0,4095.0,2690.0,2889.0,2797.0,-3.62,8.77,13.17,-0.86,-2.18,-0.98,z
3067.0,3017.0,3138.0,3137.0,4095.0,2689.0,2893.0,2802.0,-4.76,8.38,12.35,-0.29,-0.87,-0.91,z
3062.0,3011.0,3139.0,3131.0,4095.0,2703.0,2896.0,2794.0,-6.32,6.95,11.63,-0.23,-0.27,-0.25,z
3071.0,3026.0,3137.0,3139.0,4095.0,2704.0,2891.0,2780.0,-5.75,5.8,10.49,-0.07,0.33,0.58,z
3068.0,3015.0,3139.0,3143.0,4095.0,2703.0,2895.0,2777.0,-4.12,4.76,10.57,-0.29,0.82,1.54,z
3056.0,3022.0,3132.0,3143.0,4095.0,2705.0,2896.0,2800.0,-1.3,4.85,11.32,-0.36,1.29,1.94,z
3063.0,3023.0,3147.0,3143.0,4095.0,2707.0,2896.0,2805.0,-0.1,6.1,11.67,-0.48,1.86,2.6,z
3070.0,3018.0,3136.0,3143.0,4095.0,2698.0,2885.0,2769.0,4.79,6.07,11.32,-0.23,1.24,2.33,z
3083.0,3027.0,3152.0,3123.0,4095.0,2692.0,2883.0,2753.0,8.6,7.64,9.58,-0.44,1.27,2.07,z
3067.0,3017.0,3149.0,3136.0,4095.0,2701.0,2891.0,2757.0,9.28,8.33,11.2,-0.61,1.62,1.65,z
3070.0,3008.0,3142.0,3136.0,4095.0,2698.0,2887.0,2762.0,11.63,8.2,10.9,-0.07,-0.01,0.69,z
3087.0,3024.0,3151.0,3139.0,4095.0,2691.0,2883.0,2752.0,10.97,8.09,8.07,0.02,-0.23,-0.41,z
3091.0,3026.0,3146.0,3143.0,4095.0,2699.0,2886.0,2753.0,10.23,6.77,8.3,-0.35,-0.96,-1.44,z
3067.0,3028.0,3134.0,3088.0,4095.0,2549.0,2842.0,2754.0,10.92,8.24,4.55,-0.48,-1.16,0.31,z
3057.0,3018.0,3135.0,3108.0,4095.0,2518.0,2818.0,2705.0,11.7,9.02,2.46,-0.49,-2.12,-1.38,z
3069.0,3024.0,3138.0,3117.0,4095.0,2554.0,2839.0,2766.0,0.72,8.66,6.8,-0.91,-1.79,-2.31,z
3059.0,3014.0,3140.0,3119.0,4095.0,2586.0,2865.0,2778.0,-1.15,6.61,10.24,-1.07,-2.98,-1.8,z
3071.0,3011.0,3149.0,3232.0,4095.0,2597.0,2867.0,2800.0,-4.19,6.44,11.44,-0.5,-1.9,-1.95,z
3089.0,3029.0,3144.0,3216.0,4095.0,2608.0,2867.0,2800.0,-9.49,6.48,11.99,-0.71,-0.35,-0.6,z
3071.0,3022.0,3136.0,3200.0,4095.0,2617.0,2881.0,2786.0,-12.39,5.7,12.92,-0.39,0.14,0.47,z
3071.0,3021.0,3136.0,3168.0,4095.0,2615.0,2875.0,2789.0,-7.6,5.15,10.55,-0.33,0.84,1.76,z
3057.0,3021.0,3134.0,3165.0,4095.0,2628.0,2880.0,2791.0,-2.21,5.67,10.77,-0.81,1.34,2.46,z
3057.0,3024.0,3131.0,3157.0,4095.0,2614.0,2871.0,2771.0,2.62,9.5,10.56,-0.72,1.74,2.53,z
3065.0,3024.0,3146.0,3158.0,4095.0,2609.0,2864.0,2768.0,7.86,8.41,11.68,-0.74,1.35,1.99,z
3066.0,3020.0,3141.0,3148.0,4095.0,2607.0,2864.0,2751.0,10.01,9.99,8.86,-0.12,1.21,1.46,z
3071.0,3021.0,3134.0,3019.0,4095.0,2557.0,2805.0,2689.0,10.2,8.75,6.86,-0.17,0.57,0.53,z
3071.0,3024.0,3142.0,2975.0,4095.0,2533.0,2779.0,2647.0,11.52,9.1,5.36,-0.42,-0.84,-0.6,z
3059.0,3024.0,3125.0,2978.0,4095.0,2549.0,2790.0,2661.0,10.24,8.58,6.65,-0.8,-1.46,-1.85,z
3063.0,3017.0,3127.0,2989.0,4095.0,2559.0,2798.0,2675.0,7.96,5.64,9.87,-1.33,-2.31,-2.65,z
3071.0,3031.0,3140.0,2995.0,4095.0,2583.0,2805.0,2698.0,2.74,4.27,13.36,-1.31,-2.1,-3.37,z
3056.0,3007.0,3127.0,3004.0,4095.0,2599.0,2809.0,2716.0,-5.71,4.62,16.51,-1.13,-1.06,-1.96,z
3065.0,3022.0,3135.0,3010.0,4095.0,2604.0,2819.0,2731.0,-5.12,4.74,16.63,-0.24,-1.43,-1.19,z
3065.0,3024.0,3131.0,3031.0,4095.0,2609.0,2843.0,2751.0,-3.4,5.64,14.69,-0.11,-0.56,-0.63,z
3067.0,3025.0,3130.0,3168.0,4095.0,2647.0,2809.0,2754.0,1.89,9.05,6.24,0.03,-0.01,0.04,z
3087.0,3024.0,3133.0,3165.0,4095.0,2634.0,2803.0,2740.0,4.06,8.64,4.49,0.01,-0.46,0.06,z
3088.0,3024.0,3135.0,3151.0,4095.0,2610.0,2793.0,2695.0,10.39,7.4,3.34,-0.33,-1.92,-0.35,z
3084.0,3019.0,3143.0,3158.0,4095.0,2629.0,2795.0,2692.0,11.05,6.52,4.75,-0.72,-2.15,-1.03,z
3071.0,3018.0,3140.0,3164.0,4095.0,2641.0,2809.0,2721.0,5.54,7.68,8.47,-1.62,-1.65,-1.91,z
3067.0,3026.0,3129.0,3153.0,4095.0,2654.0,2817.0,2743.0,-4.88,7.55,14.75,-1.32,-1.47,-1.55,z
3087.0,3015.0,3120.0,3142.0,4095.0,2659.0,2817.0,2738.0,-5.37,8.18,14.25,-0.85,-2.05,-1.19,z
3088.0,3017.0,3125.0,3141.0,4095.0,2667.0,2825.0,2745.0,-7.94,6.47,15.29,-0.23,-0.58,-0.5,z
3066.0,3022.0,3123.0,3117.0,4095.0,2671.0,2822.0,2751.0,-8.36,5.62,13.86,0.06,0.69,0.43,z
3088.0,3024.0,3131.0,3120.0,4095.0,2672.0,2827.0,2741.0,-4.87,5.51,11.85,0.11,0.89,1.66,z
3087.0,3008.0,3133.0,3139.0,4095.0,2671.0,2827.0,2746.0,-0.57,5.28,11.37,0.11,1.69,2.06,z
3083.0,3015.0,3136.0,3151.0,4095.0,2674.0,2824.0,2745.0,3.7,7.06,10.05,0.01,1.84,2.4,z
3071.0,3018.0,3137.0,3135.0,4095.0,2653.0,2818.0,2730.0,8.1,8.57,8.61,0.16,1.04,2.19,z
3084.0,3009.0,3141.0,3142.0,4095.0,2645.0,2817.0,2722.0,11.31,8.06,7.75,-0.01,1.05,1.57,z
3066.0,3020.0,3143.0,3138.0,4095.0,2641.0,2815.0,2705.0,12.5,8.94,6.12,-0.11,0.12,0.62,z
3069.0,3023.0,3143.0,3136.0,4095.0,2645.0,2802.0,2694.0,13.7,7.95,5.44,-0.4,-0.59,-0.87,z
3071.0,3026.0,3142.0,3125.0,4095.0,2639.0,2802.0,2714.0,12.21,6.8,5.49,-1.23,-1.69,-2.38,z
3087.0,3009.0,3134.0,3130.0,4095.0,2645.0,2820.0,2736.0,7.14,4.16,10.31,-2.06,-2.13,-3.13,z
3071.0,3031.0,3142.0,3142.0,4095.0,2666.0,2826.0,2762.0,0.11,3.74,15.88,-1.66,-1.33,-3.08,z
3084.0,3025.0,3133.0,3136.0,4095.0,2669.0,2820.0,2735.0,-5.72,5.41,16.37,-0.69,-0.93,-1.74,z
3070.0,3040.0,3129.0,3203.0,4095.0,2655.0,2837.0,2779.0,-0.26,9.19,6.42,-0.04,0.24,0.1,z
3056.0,3024.0,3137.0,3184.0,4095.0,2650.0,2835.0,2769.0,5.2,8.96,5.42,0.1,-0.1,0.27,z
3071.0,3025.0,3137.0,3186.0,4095.0,2659.0,2833.0,2740.0,12.1,7.66,4.07,-0.02,-1.06,-0.7,z
3063.0,3027.0,3134.0,3187.0,4095.0,2670.0,2836.0,2742.0,11.64,6.95,4.3,-0.67,-2.32,-1.86,z
3070.0,3019.0,3139.0,3199.0,4095.0,2667.0,2832.0,2762.0,1.44,6.39,9.48,-1.62,-2.06,-2.75,z
3066.0,3012.0,3125.0,3137.0,4095.0,2674.0,2832.0,2754.0,-9.66,7.15,14.26,-0.86,-1.33,-1.5,z
3070.0,3012.0,3136.0,3161.0,4095.0,2682.0,2838.0,2765.0,-8.68,8.03,12.49,-0.49,-2.14,-0.87,z
3067.0,3019.0,3136.0,3168.0,4095.0,2683.0,2842.0,2771.0,-7.55,5.96,13.89,-0.24,-1.02,0.11,z
3059.0,3026.0,3136.0,3165.0,4095.0,2682.0,2841.0,2768.0,-6.31,6.25,11.94,-0.08,0.27,0.71,z
3071.0,3019.0,3134.0,3163.0,4095.0,2686.0,2842.0,2773.0,-5.01,6.11,11.68,-0.24,0.78,1.34,z
3071.0,3031.0,3121.0,3153.0,4095.0,2687.0,2842.0,2747.0,-1.44,7.03,11.49,-0.23,1.1,1.89,z
3065.0,3016.0,3127.0,3175.0,4095.0,2673.0,2834.0,2756.0,2.44,8.09,10.95,0.12,1.35,2.12,z
3071.0,3006.0,3136.0,3173.0,4095.0,2671.0,2838.0,2750.0,4.35,8.29,10.1,-0.14,1.47,2.08,z
3071.0,3025.0,3125.0,3167.0,4095.0,2671.0,2830.0,2739.0,7.75,8.41,8.12,0.28,0.68,1.4,z
3071.0,3024.0,3141.0,3166.0,4095.0,2672.0,2830.0,2730.0,9.13,8.55,6.37,0.04,0.59,0.76,z
3071.0,3013.0,3145.0,3161.0,4095.0,2662.0,2823.0,2704.0,11.3,8.14,5.04,-0.19,-0.51,-0.11,z
3063.0,3015.0,3145.0,3167.0,4095.0,2658.0,2816.0,2683.0,13.94,7.0,3.23,-0.85,-1.26,-1.26,z
3065.0,3015.0,3131.0,3177.0,4095.0,2651.0,2827.0,2703.0,10.52,5.0,7.41,-2.26,-2.19,-2.4,z
3068.0,3022.0,3135.0,3155.0,4095.0,2661.0,2833.0,2711.0,-0.54,3.86,17.24,-2.37,-1.2,-2.85,z
3083.0,3011.0,3137.0,3143.0,4095.0,2671.0,2842.0,2742.0,-6.85,6.45,18.68,-0.61,-0.94,-1.59,z
3071.0,3017.0,3150.0,3229.0,4095.0,2656.0,2854.0,2781.0,2.61,9.53,5.72,-0.83,-1.99,-0.93,z
3067.0,3026.0,3136.0,3246.0,4095.0,2658.0,2853.0,2771.0,1.76,9.56,6.42,-0.46,-2.62,-0.33,z
3066.0,3018.0,3145.0,3246.0,4095.0,2671.0,2863.0,2777.0,2.24,8.9,6.84,-0.73,-2.35,-1.13,z
3067.0,3024.0,3135.0,3238.0,4095.0,2674.0,2865.0,2786.0,-3.23,7.29,10.9,-1.35,-1.62,-0.95,z
3068.0,3022.0,3138.0,3222.0,4095.0,2682.0,2874.0,2754.0,-8.1,6.9,14.93,-0.64,-0.54,-0.93,z
3070.0,3021.0,3157.0,3225.0,4095.0,2684.0,2871.0,2761.0,-9.29,6.9,15.61,-0.3,-0.72,0.0,z
3081.0,3021.0,3136.0,3230.0,4095.0,2688.0,2868.0,2768.0,-6.63,6.91,12.05,0.19,0.28,0.43,z
3082.0,3024.0,3148.0,3237.0,4095.0,2688.0,2876.0,2771.0,-4.99,6.43,11.26,0.07,1.11,0.95,z
3068.0,3023.0,3145.0,3248.0,4095.0,2688.0,2878.0,2777.0,-4.14,6.12,10.69,0.2,1.76,1.43,z
3080.0,3012.0,3147.0,3243.0,4095.0,2690.0,2878.0,2791.0,-1.06,6.89,9.42,-0.01,2.03,1.67,z
3071.0,3011.0,3147.0,3245.0,4095.0,2689.0,2868.0,2769.0,2.46,9.16,8.57,-0.23,1.82,1.8,z
3062.0,3009.0,3136.0,3242.0,4095.0,2679.0,2869.0,2762.0,5.43,9.21,8.53,-0.17,2.06,1.35,z
3067.0,3006.0,3151.0,3243.0,4095.0,2684.0,2863.0,2759.0,5.05,9.77,7.16,-0.24,1.91,1.25,z
3062.0,3026.0,3136.0,3237.0,4095.0,2673.0,2864.0,2762.0,5.75,9.79,6.2,-0.26,1.34,0.97,z
3065.0,3024.0,3147.0,3237.0,4095.0,2681.0,2864.0,2763.0,7.96,9.41,5.58,-0.15,0.1,0.75,z
3062.0,3037.0,3149.0,3217.0,4095.0,2670.0,2857.0,2729.0,10.5,10.65,3.82,-0.24,-0.62,-0.02,z
3058.0,3013.0,3147.0,3230.0,4095.0,2673.0,2854.0,2751.0,9.56,10.34,4.48,-0.65,-1.43,-0.74,z
3094.0,3025.0,3143.0,3231.0,4095.0,2678.0,2863.0,2762.0,7.67,8.21,6.56,-1.01,-2.16,-1.57,z
3085.0,3023.0,3147.0,3232.0,4095.0,2688.0,2863.0,2761.0,5.77,7.07,9.23,-1.34,-2.73,-2.07,z
3071.0,3029.0,3151.0,3229.0,4095.0,2690.0,2864.0,2740.0,2.89,6.6,10.54,-1.6,-2.62,-2.13,z
3071.0,3035.0,3137.0,3253.0,4095.0,2692.0,2896.0,2812.0,1.03,8.6,6.68,0.14,0.38,0.25,z
3083.0,3036.0,3137.0,3225.0,4095.0,2672.0,2870.0,2773.0,5.75,8.16,4.23,0.29,-0.07,0.06,z
3066.0,3023.0,3141.0,3235.0,4095.0,2672.0,2864.0,2723.0,11.05,7.57,3.57,-0.23,-1.8,-0.5,z
3088.0,3029.0,3152.0,3239.0,4095.0,2673.0,2865.0,2772.0,6.87,11.54,4.86,-1.11,-1.72,-1.26,z
3087.0,3008.0,3143.0,3247.0,4095.0,2686.0,2876.0,2800.0,-2.05,7.48,12.56,-1.05,-1.03,-1.83,z
3071.0,3015.0,3151.0,3216.0,4095.0,2703.0,2891.0,2736.0,-6.62,6.29,10.21,-0.24,-0.62,-1.33,z
3097.0,3024.0,3134.0,3215.0,4095.0,2704.0,2889.0,2774.0,-6.28,6.37,10.6,-0.68,-1.16,-0.66,z
3069.0,3022.0,3145.0,3216.0,4095.0,2706.0,2889.0,2779.0,-6.95,6.09,11.54,-0.63,0.04,0.21,z
3082.0,3020.0,3142.0,3218.0,4095.0,2705.0,2886.0,2790.0,-4.18,4.23,11.98,-0.5,0.14,1.11,z
3081.0,3010.0,3142.0,3221.0,4095.0,2706.0,2883.0,2765.0,-0.3,2.45,11.9,-0.13,0.88,1.07,z
3061.0,3013.0,3138.0,3218.0,4095.0,2718.0,2880.0,2793.0,-1.12,4.89,11.25,-0.74,2.05,1.69,z
3071.0,3008.0,3135.0,3200.0,4095.0,2705.0,2864.0,2753.0,5.28,10.96,8.86,-0.57,0.13,1.8,z
3089.0,3024.0,3142.0,3210.0,4095.0,2704.0,2859.0,2727.0,9.91,11.88,10.49,-0.86,0.6,1.55,z
3071.0,3015.0,3141.0,3173.0,4095.0,2701.0,2852.0,2711.0,10.08,15.57,5.08,-0.45,0.14,0.09,z
3070.0,3018.0,3136.0,3179.0,4095.0,2704.0,2854.0,2715.0,12.68,13.05,6.79,-0.57,-1.61,-1.23,z
3088.0,3024.0,3146.0,3199.0,4095.0,2710.0,2851.0,2745.0,10.02,8.4,9.0,-0.7,-2.02,-2.75,z
3088.0,3023.0,3161.0,3205.0,4095.0,2721.0,2857.0,2766.0,3.29,6.39,13.02,-1.87,-1.61,-3.02,z
3071.0,3021.0,3148.0,3211.0,4095.0,2733.0,2870.0,2783.0,0.15,1.59,16.75,0.14,-1.56,-2.97,z
3071.0,3017.0,3133.0,3206.0,4095.0,2736.0,2886.0,2782.0,-3.33,1.52,15.2,-0.32,-0.9,-2.06,z
3061.0,3022.0,3145.0,3207.0,4095.0,2741.0,2885.0,2768.0,-5.49,2.32,15.1,-0.16,-0.3,-1.37,z
3071.0,3023.0,3082.0,3014.0,4095.0,2596.0,2640.0,2422.0,5.07,9.6,4.83,-0.44,-0.31,-0.5,z
3069.0,3038.0,3084.0,3010.0,4095.0,2594.0,2640.0,2426.0,4.36,9.79,5.71,-0.53,-0.5,-1.22,z
3071.0,3036.0,3067.0,3035.0,4095.0,2602.0,2640.0,2432.0,1.25,8.37,7.67,-0.68,-0.9,-1.36,z
3061.0,3028.0,3088.0,3051.0,4095.0,2614.0,2647.0,2448.0,0.28,8.09,7.32,-1.04,-1.25,-1.31,z
3061.0,3024.0,3071.0,3053.0,4095.0,2622.0,2650.0,2458.0,-5.15,6.1,10.04,-0.59,-0.63,-1.62,z
3071.0,3034.0,3071.0,3067.0,4095.0,2618.0,2654.0,2469.0,-5.1,5.72,10.74,-1.06,-1.2,-0.85,z
3086.0,3024.0,3087.0,3083.0,4095.0,2609.0,2653.0,2477.0,-7.38,4.18,12.32,-0.61,-0.59,-0.26,z
3071.0,3024.0,3061.0,3085.0,4095.0,2618.0,2652.0,2478.0,-11.01,4.7,12.9,-0.48,0.34,0.63,z
3063.0,3025.0,3065.0,3091.0,4095.0,2629.0,2657.0,2479.0,-8.32,5.19,11.95,-0.28,0.4,1.85,z
3066.0,3020.0,3069.0,3113.0,4095.0,2630.0,2646.0,2466.0,-3.74,4.95,12.22,-0.5,0.61,2.32,z
3059.0,3024.0,3071.0,3114.0,4095.0,2634.0,2651.0,2468.0,-0.21,6.99,11.98,-0.51,1.54,2.26,z
3061.0,3029.0,3071.0,3117.0,4095.0,2638.0,2655.0,2479.0,3.49,8.65,11.38,-0.54,1.2,1.98,z
3071.0,3025.0,3088.0,3079.0,4095.0,2627.0,2650.0,2465.0,4.9,9.12,11.24,0.04,1.31,1.32,z
3071.0,3039.0,3081.0,3103.0,4095.0,2639.0,2655.0,2464.0,6.45,9.79,9.75,-0.03,0.55,1.25,z
3071.0,3029.0,3079.0,3085.0,4095.0,2639.0,2653.0,2457.0,9.52,9.94,7.61,0.47,-0.46,0.1,z
3063.0,3039.0,3071.0,3089.0,4095.0,2651.0,2656.0,2473.0,10.13,9.94,7.65,0.09,-0.88,-0.89,z
3071.0,3037.0,3079.0,3089.0,4095.0,2653.0,2655.0,2475.0,6.93,8.44,8.5,-0.1,-1.67,-1.8,z
3079.0,3023.0,3088.0,3094.0,4095.0,2669.0,2657.0,2483.0,4.93,6.76,9.84,-0.57,-2.22,-2.62,z
3071.0,3019.0,3079.0,3093.0,4095.0,2672.0,2658.0,2495.0,-1.42,5.11,12.54,-0.73,-1.7,-2.96,z
3056.0,3024.0,3084.0,3097.0,4095.0,2676.0,2665.0,2479.0,-4.19,5.34,14.09,-0.51,-1.88,-2.16,z
3069.0,3038.0,3063.0,3042.0,4095.0,2678.0,2665.0,2524.0,2.79,9.12,5.17,-0.21,0.13,0.13,z
3069.0,3038.0,3063.0,3042.0,4095.0,2678.0,2665.0,2524.0,2.79,9.12,5.17,-0.21,0.13,0.13,z
3057.0,3027.0,3059.0,3019.0,4095.0,2658.0,2655.0,2511.0,8.46,9.42,4.78,-0.38,-0.29,-0.52,z
3071.0,3017.0,3071.0,3029.0,4095.0,2659.0,2655.0,2517.0,4.39,8.6,6.4,-0.27,-0.77,-1.16,z
3059.0,3026.0,3066.0,3038.0,4095.0,2665.0,2662.0,2528.0,2.16,9.92,6.81,-0.45,-2.02,-1.24,z
3056.0,3017.0,3069.0,3050.0,4095.0,2658.0,2662.0,2529.0,0.47,9.57,9.53,-0.29,-2.24,-1.19,z
3057.0,3030.0,3069.0,3053.0,4095.0,2662.0,2665.0,2535.0,-0.07,8.76,11.96,-0.47,-2.25,-1.04,z
3061.0,3026.0,3084.0,3065.0,4095.0,2671.0,2661.0,2534.0,-2.2,7.83,10.93,0.05,-1.96,-1.26,z
3062.0,3021.0,3071.0,3071.0,4095.0,2674.0,2669.0,2535.0,-4.37,7.24,10.82,-0.25,-1.3,-1.11,z
3067.0,3025.0,3059.0,3071.0,4095.0,2671.0,2666.0,2529.0,-7.11,6.26,11.66,-0.01,-0.9,-0.59,z
3058.0,3014.0,3071.0,3069.0,4095.0,2671.0,2671.0,2517.0,-7.28,5.15,11.27,-0.09,-0.18,-0.12,z
3079.0,3024.0,3063.0,3085.0,4095.0,2671.0,2669.0,2527.0,-5.73,4.73,10.21,-0.28,0.41,0.58,z
3071.0,3030.0,3071.0,3089.0,4095.0,2672.0,2667.0,2514.0,-3.03,2.82,11.96,-0.38,0.62,0.92,z
3057.0,3029.0,3059.0,3088.0,4095.0,2684.0,2669.0,2498.0,-0.59,4.92,9.35,-0.72,1.27,1.16,z
3088.0,3026.0,3090.0,3091.0,4095.0,2679.0,2669.0,2506.0,-0.52,6.47,10.78,-1.38,1.14,1.84,z
3079.0,3024.0,3085.0,3069.0,4095.0,2679.0,2670.0,2492.0,3.59,9.55,10.78,-1.0,1.02,1.73,z
3070.0,3037.0,3079.0,3071.0,4095.0,2689.0,2668.0,2497.0,4.94,12.08,9.97,-1.26,0.79,1.77,z
3071.0,3022.0,3085.0,3088.0,4095.0,2689.0,2670.0,2489.0,8.15,11.53,10.49,-0.64,0.24,1.02,z
3069.0,3040.0,3091.0,3068.0,4095.0,2699.0,2668.0,2491.0,9.87,12.78,8.61,-0.35,-0.64,-0.17,z
3057.0,3020.0,3082.0,3066.0,4095.0,2693.0,2659.0,2475.0,10.75,10.7,8.2,-0.28,-1.54,-1.66,z
3069.0,3022.0,3071.0,3174.0,4095.0,2676.0,2701.0,2529.0,0.17,9.07,7.61,0.02,0.01,-0.05,z
3059.0,3025.0,3090.0,3156.0,4095.0,2673.0,2697.0,2522.0,3.03,9.02,7.03,0.06,-0.06,-0.05,z
3065.0,3019.0,3088.0,3169.0,4095.0,2662.0,2691.0,2477.0,10.08,8.02,6.05,0.24,-0.68,-0.67,z
3058.0,3023.0,3081.0,3159.0,4095.0,2665.0,2693.0,2466.0,11.9,8.61,4.07,-0.09,-2.28,-1.45,z
3056.0,3036.0,3087.0,3183.0,4095.0,2674.0,2698.0,2495.0,3.5,5.42,9.71,-1.05,-1.72,-3.2,z
3051.0,3011.0,3071.0,3150.0,4095.0,2672.0,2693.0,2541.0,-12.12,4.69,14.24,-0.45,-0.41,-1.99,z
3071.0,3022.0,3083.0,3120.0,4095.0,2686.0,2689.0,2518.0,-14.54,4.69,12.51,-0.24,-1.15,-0.61,z
3069.0,3042.0,3069.0,3121.0,4095.0,2687.0,2689.0,2530.0,-12.28,4.01,12.96,-0.25,-0.36,1.25,z
3061.0,3030.0,3061.0,3145.0,4095.0,2693.0,2702.0,2535.0,-7.73,4.39,12.19,-0.28,0.84,2.13,z
3084.0,3022.0,3068.0,3142.0,4095.0,2697.0,2701.0,2517.0,-0.98,6.36,10.74,-0.38,0.93,2.6,z
3081.0,3022.0,3065.0,3109.0,4095.0,2677.0,2688.0,2486.0,6.82,8.51,9.23,-0.21,0.82,2.57,z
3069.0,3025.0,3082.0,3101.0,4095.0,2668.0,2683.0,2443.0,15.54,10.91,5.04,-0.13,0.53,1.55,z
3055.0,3025.0,3071.0,3083.0,4095.0,2662.0,2685.0,2466.0,18.61,10.63,3.67,-0.57,-1.02,-0.25,z
3081.0,3024.0,3071.0,3107.0,4095.0,2666.0,2682.0,2482.0,13.75,8.37,5.84,-1.38,-2.36,-2.23,z
3090.0,3027.0,3086.0,3129.0,4095.0,2672.0,2693.0,2500.0,7.42,4.74,10.64,-2.09,-2.42,-3.74,z
3071.0,3028.0,3071.0,3124.0,4095.0,2688.0,2696.0,2531.0,-4.5,2.5,17.51,-2.09,-1.36,-3.41,z
3071.0,3024.0,3086.0,3127.0,4095.0,2690.0,2697.0,2538.0,-5.26,2.59,19.61,-0.69,-1.72,-2.2,z
3070.0,3025.0,3071.0,3127.0,4095.0,2704.0,2702.0,2533.0,-5.01,4.08,16.37,0.07,-0.97,-0.89,z
3070.0,3020.0,3070.0,3138.0,4095.0,2701.0,2704.0,2530.0,-1.74,4.42,13.82,-0.05,-0.49,-0.69,z
3081.0,3023.0,3067.0,3141.0,4095.0,2693.0,2698.0,2543.0,-2.37,5.56,13.04,-0.08,-0.03,-0.21,z
3064.0,3025.0,3088.0,3201.0,4095.0,2689.0,2708.0,2543.0,-0.13,8.95,7.45,0.13,0.1,0.0,z
3066.0,3025.0,3089.0,3198.0,4095.0,2679.0,2709.0,2526.0,3.24,8.78,5.83,0.13,-0.92,0.27,z
3081.0,3021.0,3090.0,3182.0,4095.0,2676.0,2701.0,2470.0,10.88,7.95,3.15,0.39,-1.52,-0.81,z
3061.0,3031.0,3081.0,3191.0,4095.0,2679.0,2703.0,2480.0,12.47,8.0,2.55,-0.45,-2.91,-1.48,z
3085.0,3029.0,3071.0,3200.0,4095.0,2689.0,2704.0,2513.0,2.33,5.86,10.24,-1.7,-1.69,-2.67,z
3081.0,3029.0,3071.0,3170.0,4095.0,2699.0,2706.0,2551.0,-9.65,6.08,15.44,-0.9,-0.49,-1.7,z
3082.0,3024.0,3090.0,3141.0,4095.0,2705.0,2710.0,2559.0,-7.81,5.77,14.35,-0.47,-1.85,-0.7,z
3083.0,3037.0,3082.0,3152.0,4095.0,2709.0,2705.0,2553.0,-9.17,3.89,13.52,-0.33,-0.19,0.19,z
3063.0,3025.0,3086.0,3182.0,4095.0,2711.0,2717.0,2549.0,-5.89,3.93,12.46,-0.73,0.75,1.19,z
3061.0,3026.0,3067.0,3193.0,4095.0,2710.0,2715.0,2553.0,-4.69,4.18,12.56,-0.93,1.33,1.9,z
3065.0,3022.0,3071.0,3189.0,4095.0,2710.0,2717.0,2544.0,-1.0,5.97,11.88,-1.12,1.39,2.43,z
3071.0,3031.0,3094.0,3196.0,4095.0,2701.0,2707.0,2506.0,6.79,8.23,11.78,-0.87,1.13,2.06,z
3081.0,3027.0,3082.0,3180.0,4095.0,2697.0,2704.0,2509.0,13.19,11.26,9.36,-0.69,0.31,1.26,z
3082.0,3025.0,3088.0,3152.0,4095.0,2695.0,2707.0,2519.0,15.83,11.33,8.75,-0.5,-0.53,-0.3,z
3067.0,3034.0,3071.0,3179.0,4095.0,2688.0,2703.0,2523.0,12.85,8.4,8.79,-0.4,-1.43,-2.2,z
3068.0,3026.0,3090.0,3185.0,4095.0,2698.0,2703.0,2529.0,7.24,6.53,9.37,-0.95,-2.18,-3.38,z
3071.0,3017.0,3082.0,3179.0,4095.0,2702.0,2704.0,2533.0,2.58,2.2,13.1,-1.49,-2.25,-3.77,z
3070.0,3021.0,3064.0,3177.0,4095.0,2706.0,2711.0,2559.0,-7.21,0.21,20.94,-0.73,-1.25,-2.46,z
3058.0,3014.0,3069.0,3181.0,4095.0,2721.0,2719.0,2582.0,-5.83,0.94,19.23,0.04,-0.69,-1.28,z
3066.0,3029.0,3089.0,3203.0,4095.0,2704.0,2711.0,2559.0,-3.09,2.6,15.07,0.31,-0.37,-0.62,z
