hall_1_L,hall_2_L,hall_3_L,flex_t_L,flex_i_L,flex_m_L,flex_r_L,flex_p_L,accel_x_L,accel_y_L,accel_z_L,gyro_x_L,gyro_y_L,gyro_z_L,hand,hall_1_R,hall_2_R,hall_3_R,flex_t_R,flex_i_R,flex_m_R,flex_r_R,flex_p_R,accel_x_R,accel_y_R,accel_z_R,gyro_x_R,gyro_y_R,gyro_z_R,hand,sign
3011.0,951.0,3000.0,4095.0,3209.0,3391.0,4095.0,4095.0,12.21,1.13,-0.09,0.12,-5.7,-2.2,0.0,1359.0,4095.0,961.0,3106.0,4095.0,4095.0,4095.0,3861.0,-9.49,2.24,-5.54,-0.93,-0.01,1.3,1.0,good
2887.0,964.0,2935.0,4095.0,3489.0,3698.0,4095.0,4095.0,8.46,1.18,-2.53,-0.54,-2.04,-1.7,0.0,1413.0,4095.0,1011.0,3070.0,4095.0,4095.0,4095.0,3854.0,-5.79,3.71,-3.95,-1.61,0.16,1.06,1.0,good
3536.0,994.0,2927.0,4095.0,3646.0,3913.0,4095.0,4095.0,3.51,1.87,0.3,0.35,-1.32,-0.89,0.0,1282.0,4095.0,1095.0,3113.0,4095.0,4095.0,4095.0,1183.0,-8.15,4.9,-2.24,-0.7,-0.06,0.75,1.0,good
3833.0,985.0,3290.0,4095.0,3613.0,4065.0,4095.0,4095.0,5.79,3.47,-5.64,0.48,-0.35,-0.11,0.0,1127.0,4095.0,1259.0,3216.0,4095.0,4095.0,4095.0,528.0,-6.48,6.32,-1.71,-1.98,0.24,0.36,1.0,good
3885.0,980.0,3312.0,4095.0,3600.0,4095.0,4095.0,4095.0,6.15,3.23,-5.17,0.05,0.03,-0.06,0.0,1097.0,4095.0,1084.0,3293.0,4095.0,4095.0,4095.0,696.0,-5.78,6.43,2.93,-1.9,0.05,0.11,1.0,good
3999.0,994.0,3344.0,4095.0,3685.0,4095.0,4095.0,4095.0,5.7,2.68,-3.78,-0.21,0.32,-0.46,0.0,4095.0,4095.0,896.0,3371.0,4095.0,4095.0,4095.0,986.0,-0.89,5.91,6.0,0.74,-0.19,-0.24,1.0,good
3938.0,982.0,3456.0,4095.0,3635.0,4095.0,4095.0,4006.0,6.02,2.47,-3.56,-0.27,-0.3,-0.69,0.0,4095.0,4095.0,2559.0,3189.0,4095.0,4095.0,4095.0,1251.0,-9.07,-4.72,-19.05,3.78,3.63,-1.94,1.0,good
3897.0,969.0,3408.0,4095.0,3607.0,4014.0,4095.0,4095.0,6.0,3.5,-1.97,0.16,-0.82,-0.61,0.0,4095.0,4095.0,1198.0,3376.0,4095.0,4095.0,4095.0,679.0,-5.65,-0.2,-12.9,0.18,0.81,-0.53,1.0,good
3193.0,980.0,3271.0,4095.0,3381.0,3684.0,4095.0,4095.0,9.52,4.88,-6.16,0.68,-0.03,-0.06,0.0,4095.0,4095.0,1043.0,3392.0,4095.0,4095.0,4095.0,637.0,-6.44,-1.19,-9.06,-0.19,0.16,-0.18,1.0,good
3203.0,1001.0,3285.0,4095.0,3425.0,3648.0,4095.0,4095.0,5.06,3.01,-4.01,0.03,-0.04,-0.1,0.0,4095.0,4095.0,1014.0,3408.0,4095.0,4095.0,4095.0,2033.0,-5.25,-0.39,-8.37,-0.14,0.27,-0.01,1.0,good
3211.0,1009.0,3280.0,4095.0,3439.0,3641.0,4095.0,4095.0,5.2,2.7,-4.0,-0.08,0.18,-0.06,0.0,4095.0,4095.0,990.0,3436.0,4095.0,4095.0,4095.0,1488.0,-4.36,-0.42,-7.98,-0.14,0.18,-0.03,1.0,good
3239.0,1011.0,3267.0,4095.0,3425.0,3653.0,4095.0,4095.0,5.56,2.85,-4.25,0.01,0.07,-0.13,0.0,4095.0,4095.0,982.0,3271.0,4095.0,4095.0,4095.0,1499.0,-4.89,-0.28,-8.65,-0.0,-0.03,-0.02,1.0,good
3216.0,1005.0,3241.0,4095.0,3438.0,3653.0,4095.0,4095.0,5.38,2.72,-4.1,0.03,-0.03,-0.15,0.0,4095.0,4095.0,995.0,3309.0,4095.0,4095.0,4095.0,1568.0,-4.53,-0.21,-8.31,-0.07,0.0,-0.04,1.0,good
3230.0,1012.0,3224.0,4095.0,3425.0,3663.0,4095.0,4095.0,5.46,2.84,-3.93,0.02,-0.0,-0.16,0.0,4095.0,4095.0,990.0,3290.0,4095.0,4095.0,4095.0,1611.0,-4.68,-0.27,-8.28,-0.03,0.02,-0.02,1.0,good
3220.0,1023.0,3242.0,4095.0,3429.0,3666.0,4095.0,4095.0,5.53,2.7,-3.8,0.01,0.01,-0.12,0.0,4095.0,4095.0,995.0,3313.0,4095.0,4095.0,4095.0,2039.0,-4.64,-0.22,-8.42,-0.04,0.03,-0.05,1.0,good
3223.0,1019.0,3223.0,4095.0,3423.0,3664.0,4095.0,4095.0,5.4,2.68,-3.92,-0.0,0.01,-0.12,0.0,4095.0,4095.0,993.0,3314.0,4095.0,4095.0,4095.0,2251.0,-4.49,-0.27,-8.63,-0.05,-0.04,-0.04,1.0,good
3229.0,997.0,3218.0,4095.0,3424.0,3656.0,4095.0,4095.0,5.53,2.7,-3.91,-0.01,0.05,-0.13,0.0,4095.0,4095.0,990.0,3312.0,4095.0,4095.0,4095.0,2416.0,-4.52,-0.23,-8.46,-0.05,0.0,-0.01,1.0,good
3216.0,1014.0,3206.0,4095.0,3412.0,3668.0,4095.0,4095.0,5.41,2.68,-3.94,0.02,-0.02,-0.17,0.0,4095.0,4095.0,1002.0,3330.0,4095.0,4095.0,4095.0,2415.0,-4.57,-0.26,-8.47,-0.06,-0.0,-0.02,1.0,good
3209.0,999.0,3212.0,4095.0,3393.0,3645.0,4095.0,4095.0,5.35,2.77,-3.8,-0.05,0.03,-0.18,0.0,4095.0,4095.0,994.0,3330.0,4095.0,4095.0,4095.0,2454.0,-4.54,-0.27,-8.58,-0.13,0.08,-0.02,1.0,good
3205.0,1010.0,3191.0,4095.0,3399.0,3635.0,4095.0,4095.0,5.26,2.76,-3.75,0.04,-0.03,-0.12,0.0,4095.0,4095.0,1008.0,3331.0,4095.0,4095.0,4095.0,2509.0,-4.52,-0.2,-8.31,-0.1,0.04,-0.03,1.0,good
3273.0,991.0,4095.0,4095.0,2687.0,3089.0,3991.0,3425.0,7.59,-3.7,5.55,-0.01,0.13,-0.26,0.0,1394.0,4095.0,907.0,3063.0,4095.0,4095.0,4095.0,4095.0,-12.98,-3.7,-6.65,-0.71,0.08,0.82,1.0,good
3299.0,982.0,3302.0,4095.0,2951.0,3197.0,4095.0,4095.0,9.46,-3.67,4.09,0.14,-1.23,-1.03,0.0,1002.0,4095.0,880.0,3069.0,4095.0,4095.0,4095.0,3434.0,-8.35,-4.02,-10.47,-1.58,1.09,2.17,1.0,good
3355.0,983.0,3319.0,4095.0,2971.0,3237.0,4095.0,4095.0,8.95,-2.94,3.32,0.07,-0.84,-0.31,0.0,999.0,4095.0,901.0,3156.0,4095.0,4095.0,4095.0,3264.0,-3.04,-0.65,-7.81,-4.01,-0.83,2.01,1.0,good
3365.0,990.0,3287.0,4095.0,2913.0,3335.0,4095.0,4095.0,11.02,-2.46,1.4,-0.34,-0.84,-0.51,0.0,927.0,4095.0,881.0,3166.0,4095.0,4095.0,4095.0,3686.0,-5.8,5.26,3.93,-1.81,0.09,0.7,1.0,good
3362.0,989.0,3264.0,4095.0,3168.0,3507.0,4095.0,4095.0,10.04,-0.52,-0.16,-0.19,-1.53,-1.71,0.0,944.0,4095.0,881.0,3216.0,4095.0,4095.0,4095.0,4095.0,-6.61,6.58,3.34,-0.07,-0.34,-0.09,1.0,good
3397.0,969.0,3266.0,4095.0,3307.0,3547.0,4095.0,4095.0,8.73,1.15,-2.75,-0.52,-2.2,-1.82,0.0,1781.0,4095.0,891.0,3198.0,4095.0,4095.0,4095.0,3909.0,-0.93,5.43,6.41,1.48,1.91,-0.09,1.0,good
3331.0,960.0,3434.0,4095.0,3296.0,3568.0,4095.0,4039.0,6.82,0.65,-2.45,-0.76,-1.45,-1.44,0.0,966.0,4095.0,1344.0,3216.0,4095.0,4095.0,4095.0,3168.0,-8.17,0.74,-11.84,3.76,2.33,-1.16,1.0,good
3242.0,1078.0,2635.0,4095.0,3228.0,3423.0,4095.0,3443.0,4.94,2.75,-2.49,0.24,1.25,0.46,0.0,3874.0,4095.0,906.0,3219.0,4095.0,4095.0,4095.0,3385.0,-6.9,-2.02,-17.57,0.12,-0.01,-0.19,1.0,good
3248.0,1104.0,2240.0,4095.0,3248.0,3386.0,4095.0,3484.0,6.2,3.91,-3.82,0.07,0.35,0.03,0.0,3631.0,4095.0,944.0,3232.0,4095.0,4095.0,4095.0,3702.0,-4.33,-0.54,-9.18,-0.16,-0.08,-0.02,1.0,good
3253.0,1106.0,2205.0,4095.0,3239.0,3399.0,4095.0,3493.0,5.83,3.36,-3.45,0.04,-0.01,-0.17,0.0,3777.0,4095.0,946.0,3223.0,4095.0,4095.0,4095.0,3839.0,-3.83,-0.44,-9.01,-0.12,-0.04,-0.02,1.0,good
3248.0,1119.0,2226.0,4095.0,3261.0,3407.0,4095.0,3504.0,5.77,3.16,-3.4,-0.02,0.08,-0.15,0.0,3862.0,4090.0,943.0,3237.0,4095.0,4095.0,4095.0,3869.0,-4.02,-0.56,-8.82,-0.13,-0.04,-0.06,1.0,good
3259.0,1110.0,2192.0,4095.0,3243.0,3402.0,4095.0,3504.0,6.14,3.15,-3.35,-0.0,0.01,-0.13,0.0,4051.0,4081.0,940.0,3234.0,4095.0,4095.0,4095.0,3856.0,-3.69,-0.28,-8.87,-0.07,0.04,0.01,1.0,good
3255.0,1120.0,2205.0,4095.0,3229.0,3409.0,4095.0,3517.0,6.06,3.13,-3.39,-0.03,0.08,-0.1,0.0,4095.0,4081.0,931.0,3223.0,4095.0,4095.0,4095.0,3953.0,-3.77,-0.21,-8.75,-0.05,0.06,0.01,1.0,good
3263.0,1101.0,2211.0,4095.0,3221.0,3410.0,4095.0,3511.0,6.15,3.02,-3.26,0.05,-0.06,-0.15,0.0,4095.0,4058.0,944.0,3221.0,4095.0,4095.0,4095.0,4033.0,-3.74,-0.17,-8.88,-0.03,0.01,-0.03,1.0,good
3248.0,1119.0,2192.0,4095.0,3216.0,3409.0,4095.0,3515.0,6.1,3.11,-3.31,0.01,0.03,-0.13,0.0,4095.0,4043.0,933.0,3221.0,4095.0,4095.0,4095.0,4095.0,-3.74,-0.1,-8.91,-0.1,0.05,-0.03,1.0,good
3247.0,1104.0,2214.0,4095.0,3216.0,3414.0,4095.0,3505.0,5.98,3.01,-3.35,0.04,-0.02,-0.14,0.0,4095.0,4048.0,935.0,3227.0,4095.0,4095.0,4095.0,4095.0,-3.82,-0.24,-8.96,-0.07,0.03,-0.04,1.0,good
3253.0,1104.0,2176.0,4095.0,3221.0,3419.0,4095.0,3523.0,6.15,3.09,-3.41,0.01,0.01,-0.14,0.0,4095.0,4030.0,934.0,3222.0,4095.0,4095.0,4095.0,4095.0,-3.68,-0.19,-9.09,-0.02,-0.01,-0.03,1.0,good
3258.0,1105.0,2246.0,4095.0,3195.0,3409.0,4095.0,3520.0,5.94,2.93,-3.42,0.05,-0.06,-0.18,0.0,4095.0,4050.0,934.0,3231.0,4095.0,4095.0,4095.0,4095.0,-3.58,-0.29,-8.78,-0.08,0.04,-0.03,1.0,good
3282.0,1106.0,2203.0,4095.0,3201.0,3423.0,4095.0,3547.0,5.91,3.01,-3.44,0.01,0.07,-0.16,0.0,4095.0,4048.0,932.0,3237.0,4095.0,4095.0,4095.0,4095.0,-3.59,-0.23,-8.75,-0.08,0.04,-0.05,1.0,good
3271.0,1107.0,2183.0,4095.0,3201.0,3413.0,4095.0,3530.0,6.0,2.99,-3.44,0.03,-0.04,-0.16,0.0,4095.0,4018.0,939.0,3239.0,4095.0,4095.0,4095.0,4095.0,-3.71,-0.28,-8.94,-0.07,0.07,-0.02,1.0,good
3632.0,1009.0,4095.0,4064.0,2721.0,3156.0,3942.0,3415.0,9.52,-0.9,2.58,0.2,0.15,-0.3,0.0,1014.0,4095.0,893.0,3158.0,4095.0,4095.0,4095.0,4095.0,-8.98,-3.18,-1.48,-0.01,0.15,0.46,1.0,good
3620.0,1009.0,4095.0,4095.0,2735.0,3166.0,4002.0,3431.0,10.01,-1.19,2.12,0.04,-0.09,-0.05,0.0,1124.0,4095.0,895.0,2928.0,4095.0,4095.0,4095.0,4095.0,-9.28,-2.6,-1.87,-0.28,1.02,0.53,1.0,good
3627.0,1011.0,4095.0,4095.0,2692.0,3157.0,3998.0,3459.0,8.43,-0.94,2.2,-0.04,-0.43,-0.24,0.0,1070.0,4095.0,890.0,3045.0,4095.0,4095.0,4095.0,4095.0,-9.92,-2.51,-3.35,-0.56,1.68,0.45,1.0,good
3650.0,1011.0,4095.0,4095.0,2686.0,3188.0,3994.0,3459.0,10.09,-1.1,0.91,-0.18,-1.28,0.19,0.0,1063.0,4095.0,944.0,3127.0,4095.0,4095.0,4095.0,3872.0,-8.08,-1.5,-8.88,-3.35,0.2,2.63,1.0,good
3600.0,1073.0,4095.0,4095.0,2736.0,3269.0,4095.0,3686.0,9.56,-1.29,1.15,-0.55,-0.03,-0.18,0.0,1069.0,4095.0,983.0,2921.0,4095.0,4095.0,4095.0,4039.0,-3.21,0.64,-4.02,-3.56,-0.23,1.44,1.0,good
3651.0,1154.0,4095.0,4095.0,3297.0,3387.0,4095.0,3956.0,10.5,-0.86,0.72,-0.21,-0.29,-0.53,0.0,918.0,4095.0,1913.0,2957.0,4095.0,4095.0,4095.0,4095.0,-3.59,5.72,5.04,-0.01,0.52,-0.14,1.0,good
3570.0,1398.0,4095.0,4095.0,3312.0,3517.0,4095.0,3989.0,7.4,1.59,-2.26,-0.36,-2.23,-1.9,0.0,946.0,4095.0,1838.0,3019.0,4095.0,4095.0,4095.0,4095.0,-2.58,5.09,0.31,1.88,2.0,-0.98,1.0,good
3631.0,2255.0,4095.0,4095.0,3223.0,3517.0,4095.0,3910.0,4.93,0.93,-1.87,-0.41,-1.38,-1.03,0.0,971.0,4095.0,2656.0,3061.0,4095.0,4095.0,4095.0,4095.0,-1.54,1.63,-2.1,3.22,2.72,-2.23,1.0,good
3613.0,2719.0,958.0,4095.0,3281.0,3507.0,4095.0,3786.0,4.43,1.15,-2.65,-0.04,-0.51,-0.25,0.0,973.0,4095.0,3110.0,3125.0,4095.0,4095.0,4095.0,4095.0,-7.52,-1.25,-12.2,3.19,1.95,-1.51,1.0,good
3659.0,1330.0,1356.0,4095.0,3281.0,3445.0,4095.0,3740.0,5.41,2.6,-3.92,0.53,-0.79,0.03,0.0,3262.0,4095.0,3931.0,3166.0,4095.0,4095.0,4095.0,3952.0,-7.26,-1.47,-19.46,-1.11,2.96,0.25,1.0,good
3648.0,1424.0,1935.0,4095.0,3281.0,3405.0,4095.0,3809.0,5.92,2.95,-4.51,0.03,-0.12,-0.22,0.0,1485.0,4095.0,4095.0,3229.0,4095.0,4095.0,4095.0,4095.0,-4.17,-0.95,-9.68,-0.14,0.12,-0.1,1.0,good
3633.0,1421.0,2639.0,4095.0,3287.0,3421.0,4095.0,3867.0,5.35,2.86,-4.27,-0.02,0.08,-0.19,0.0,1508.0,4095.0,4095.0,3219.0,4095.0,4095.0,4095.0,4095.0,-3.58,-1.02,-8.95,-0.16,0.05,-0.04,1.0,good
3670.0,1419.0,3043.0,4095.0,3299.0,3435.0,4095.0,3888.0,5.19,2.49,-4.04,-0.05,0.2,-0.13,0.0,2005.0,4095.0,4095.0,3218.0,4095.0,4095.0,4095.0,4095.0,-3.51,-0.98,-8.88,-0.11,-0.01,-0.05,1.0,good
3661.0,1395.0,3382.0,4095.0,3291.0,3419.0,4095.0,3893.0,5.07,2.63,-3.93,-0.01,0.04,-0.14,0.0,2175.0,4095.0,4095.0,3217.0,4095.0,4095.0,4095.0,4095.0,-3.54,-0.86,-8.94,-0.06,0.02,-0.06,1.0,good
3665.0,1391.0,3621.0,4095.0,3321.0,3438.0,4095.0,3901.0,5.31,2.71,-3.87,-0.01,0.03,-0.1,0.0,2318.0,4095.0,4095.0,3219.0,4095.0,4095.0,4095.0,4095.0,-3.52,-0.84,-8.6,-0.1,0.07,-0.06,1.0,good
3703.0,1203.0,4095.0,4095.0,3312.0,3331.0,4095.0,3920.0,5.68,2.68,-4.1,0.0,0.03,-0.12,0.0,2923.0,4095.0,4095.0,3230.0,4095.0,4095.0,4095.0,4095.0,-3.49,-0.91,-9.37,-0.04,0.22,-0.05,1.0,good
3696.0,1186.0,4095.0,4095.0,3329.0,3337.0,4095.0,3921.0,5.53,2.6,-3.68,0.02,0.03,-0.13,0.0,2957.0,4095.0,4095.0,3226.0,4095.0,4095.0,4095.0,4095.0,-3.25,-0.84,-8.91,-0.08,0.05,-0.03,1.0,good
3723.0,1169.0,4095.0,4095.0,3326.0,3361.0,4095.0,4002.0,5.32,2.36,-3.58,0.03,0.05,-0.16,0.0,3547.0,4095.0,4095.0,3229.0,4095.0,4095.0,4095.0,4095.0,-3.05,-0.94,-8.73,-0.03,-0.05,-0.08,1.0,good
3716.0,1175.0,4095.0,4095.0,3327.0,3365.0,4095.0,3973.0,5.49,2.55,-3.85,0.06,0.15,-0.18,0.0,4095.0,4095.0,4095.0,3231.0,4095.0,4095.0,4095.0,4095.0,-3.35,-1.07,-8.92,-0.08,0.02,-0.11,1.0,good
3724.0,1173.0,4095.0,4095.0,3325.0,3373.0,4095.0,3984.0,5.74,2.64,-3.92,-0.01,0.15,-0.14,0.0,4095.0,4095.0,4095.0,3231.0,4095.0,4095.0,4095.0,4095.0,-3.12,-1.05,-9.05,-0.08,-0.03,-0.05,1.0,good
2697.0,960.0,3895.0,4009.0,3599.0,3982.0,4095.0,4095.0,6.53,1.15,-3.57,0.06,-0.78,-0.45,0.0,1321.0,4095.0,897.0,3253.0,4095.0,4095.0,4095.0,4095.0,-6.45,-2.19,-7.14,-0.16,0.87,0.13,1.0,good
4049.0,1819.0,3859.0,3797.0,3582.0,4043.0,4095.0,4095.0,6.08,1.24,-3.85,0.05,-0.3,-0.1,0.0,1136.0,4095.0,896.0,3216.0,4095.0,4095.0,4095.0,4095.0,-5.79,-1.99,-7.16,-0.29,0.9,0.29,1.0,good
4095.0,1817.0,3825.0,3729.0,3554.0,4095.0,4095.0,4095.0,5.8,1.07,-3.63,-0.06,0.01,-0.06,0.0,969.0,4095.0,893.0,3008.0,4095.0,4095.0,4095.0,4095.0,-5.26,-2.07,-8.44,0.14,-0.12,0.07,1.0,good
4095.0,1833.0,3808.0,3839.0,3623.0,4095.0,4095.0,4095.0,5.26,0.99,-3.26,0.1,0.17,-0.14,0.0,965.0,4095.0,894.0,3026.0,4095.0,4095.0,4095.0,4095.0,-5.93,-1.4,-8.61,-0.28,-0.04,0.25,1.0,good
4095.0,1623.0,3933.0,3886.0,3580.0,4095.0,4095.0,4095.0,5.98,1.08,-4.73,-0.03,0.19,-0.04,0.0,977.0,4095.0,880.0,3029.0,4095.0,4095.0,4095.0,4095.0,-7.14,-1.53,-10.58,-0.65,-0.13,0.44,1.0,good
4095.0,1362.0,3948.0,3825.0,3499.0,4011.0,4095.0,4095.0,5.95,1.34,-4.33,-0.17,0.17,0.02,0.0,1005.0,4095.0,879.0,3024.0,4095.0,4095.0,4095.0,4095.0,-7.1,-1.27,-11.47,-1.45,-0.49,0.85,1.0,good
4095.0,969.0,4095.0,3887.0,3415.0,3965.0,4095.0,4095.0,5.62,1.22,-3.33,-0.2,0.0,-0.0,0.0,999.0,4066.0,875.0,3039.0,4095.0,4095.0,4095.0,4095.0,-5.27,-0.14,-10.31,-2.69,-1.09,1.39,1.0,good
4095.0,960.0,4095.0,3910.0,3523.0,3984.0,4095.0,4095.0,6.19,0.96,-4.11,-0.31,-0.21,-0.08,0.0,949.0,4077.0,875.0,2977.0,4095.0,4095.0,4095.0,4095.0,-4.95,4.91,0.85,-1.68,-0.86,0.83,1.0,good
4095.0,955.0,4095.0,3946.0,3543.0,4017.0,4095.0,4095.0,5.71,0.85,-3.17,-0.04,-0.08,-0.01,0.0,955.0,4064.0,882.0,2931.0,4095.0,4095.0,4095.0,4095.0,-4.89,6.91,0.38,-0.68,-0.23,0.24,1.0,good
4095.0,967.0,4095.0,3910.0,3563.0,4012.0,4095.0,4095.0,6.51,1.08,-4.25,0.06,-0.08,-0.08,0.0,960.0,4094.0,893.0,2915.0,4095.0,4095.0,4095.0,4095.0,-5.36,7.31,0.11,-0.13,-0.09,0.09,1.0,good
4095.0,957.0,4095.0,3930.0,3568.0,4007.0,4095.0,4095.0,6.04,1.34,-3.83,-0.05,0.08,-0.08,0.0,968.0,4081.0,987.0,2939.0,4095.0,4095.0,4095.0,4095.0,-5.88,7.75,-0.54,-0.15,-0.1,-0.01,1.0,good
4095.0,965.0,4095.0,3911.0,3551.0,4039.0,4095.0,4095.0,6.66,1.42,-4.91,-0.02,-0.04,-0.22,0.0,962.0,4049.0,1031.0,2960.0,4095.0,4095.0,4095.0,4095.0,-5.68,7.94,-0.42,-0.15,-0.38,-0.01,1.0,good
4095.0,953.0,4095.0,3983.0,3553.0,4035.0,4095.0,4095.0,6.34,2.36,-4.54,-0.28,-0.07,-0.53,0.0,948.0,3918.0,886.0,2964.0,4095.0,4095.0,4095.0,3858.0,-1.38,-6.21,-8.2,4.65,3.68,-3.75,1.0,good
4095.0,949.0,4077.0,3986.0,3570.0,4001.0,4095.0,4095.0,5.09,1.39,-3.67,-0.37,-0.26,-0.65,0.0,969.0,3936.0,892.0,2967.0,4095.0,4095.0,4095.0,4095.0,-9.95,-3.8,-19.06,2.64,2.36,-2.02,1.0,good
4095.0,974.0,3332.0,4017.0,3558.0,3751.0,4095.0,4095.0,5.15,2.17,-4.04,-0.02,0.24,-0.04,0.0,989.0,3907.0,895.0,3056.0,4095.0,4095.0,4095.0,4095.0,-3.72,-1.92,-8.44,-0.15,0.07,0.0,1.0,good
4095.0,964.0,3335.0,4035.0,3552.0,3745.0,4095.0,4095.0,5.23,2.46,-3.86,0.0,-0.04,-0.13,0.0,1040.0,3903.0,895.0,3056.0,4095.0,4095.0,4095.0,4095.0,-4.14,-1.96,-8.5,-0.09,0.03,-0.05,1.0,good
4095.0,958.0,3346.0,4003.0,3567.0,3762.0,4095.0,4095.0,5.45,2.28,-4.06,0.0,0.12,-0.04,0.0,1232.0,3912.0,891.0,3090.0,4095.0,4095.0,4095.0,4095.0,-3.69,-2.04,-8.77,-0.09,0.23,0.01,1.0,good
4095.0,967.0,3349.0,4017.0,3536.0,3763.0,4095.0,4095.0,5.48,2.32,-4.11,-0.03,0.1,-0.12,0.0,1861.0,3920.0,882.0,3070.0,4095.0,4095.0,4095.0,4095.0,-4.07,-2.1,-8.8,-0.11,0.23,-0.03,1.0,good
4095.0,968.0,3388.0,4013.0,3524.0,3685.0,4095.0,4095.0,5.55,2.11,-4.06,0.06,-0.05,-0.15,0.0,2559.0,3935.0,884.0,3083.0,4095.0,4095.0,4095.0,4095.0,-3.6,-1.9,-8.73,-0.04,0.06,-0.07,1.0,good
4095.0,970.0,3351.0,4043.0,3521.0,3744.0,4095.0,4095.0,5.6,2.08,-3.86,0.03,-0.01,-0.13,0.0,3326.0,3959.0,892.0,3088.0,4095.0,4095.0,4095.0,4095.0,-3.59,-1.87,-8.72,-0.1,-0.03,-0.08,1.0,good
3897.0,978.0,3318.0,4095.0,3651.0,4091.0,4095.0,4095.0,6.13,2.04,-3.82,0.09,0.32,0.07,0.0,2656.0,3927.0,890.0,3055.0,4095.0,4095.0,4095.0,4095.0,-4.26,-0.51,-6.55,-3.72,-2.54,2.01,1.0,good
3924.0,976.0,3312.0,4095.0,3632.0,4020.0,4095.0,4095.0,6.32,1.66,-3.47,0.09,0.13,-0.13,0.0,1861.0,3875.0,918.0,3061.0,4095.0,4095.0,4095.0,4095.0,-1.33,3.39,2.04,-2.4,-1.34,1.41,1.0,good
3943.0,969.0,3331.0,4095.0,3671.0,4016.0,4095.0,4095.0,6.44,1.36,-3.69,-0.01,-0.07,-0.34,0.0,957.0,3842.0,890.0,3110.0,4095.0,4095.0,4095.0,4095.0,-5.67,7.41,-0.69,-0.43,0.49,0.15,1.0,good
3923.0,967.0,3325.0,4095.0,3614.0,4003.0,4095.0,4095.0,6.0,2.29,-3.86,0.05,-0.17,-0.26,0.0,953.0,3827.0,934.0,3123.0,4095.0,4095.0,4095.0,4095.0,-6.07,7.5,0.66,-0.25,0.39,-0.1,1.0,good
3952.0,960.0,3317.0,4095.0,3648.0,4030.0,4095.0,4095.0,6.14,2.18,-3.53,-0.04,-0.01,-0.13,0.0,949.0,3829.0,912.0,3120.0,4095.0,4095.0,4095.0,4095.0,-6.66,7.11,0.25,-0.11,0.01,-0.08,1.0,good
3941.0,979.0,3329.0,4095.0,3645.0,4014.0,4095.0,4095.0,5.86,2.17,-3.65,-0.03,0.04,-0.06,0.0,1223.0,3819.0,912.0,3184.0,4095.0,4095.0,4095.0,4095.0,-3.84,5.71,4.13,1.07,1.26,-0.36,1.0,good
3924.0,961.0,3321.0,4095.0,3645.0,4013.0,4095.0,4095.0,6.09,2.07,-3.98,-0.16,-0.05,-0.23,0.0,1220.0,3787.0,899.0,3170.0,4095.0,4095.0,4095.0,4095.0,0.72,1.24,0.09,3.16,3.02,-2.25,1.0,good
3968.0,963.0,2993.0,4095.0,3640.0,4016.0,4095.0,4095.0,5.22,1.93,-4.12,0.02,-0.19,-0.26,0.0,978.0,3795.0,963.0,3142.0,4095.0,4095.0,4095.0,4095.0,-6.26,-1.55,-13.86,1.89,1.42,-1.09,1.0,good
3934.0,963.0,1858.0,4095.0,3670.0,3836.0,4095.0,4095.0,5.94,2.51,-4.35,0.06,-0.11,-0.14,0.0,4095.0,3762.0,3165.0,3184.0,4095.0,4095.0,4095.0,4095.0,-2.59,-1.04,-9.5,-0.01,-0.22,-0.04,1.0,good
3915.0,977.0,1933.0,4095.0,3665.0,3862.0,4095.0,4095.0,5.2,2.16,-3.89,-0.03,-0.03,-0.1,0.0,4095.0,3770.0,3393.0,3183.0,4095.0,4095.0,4095.0,4095.0,-2.94,-1.46,-9.13,-0.04,-0.04,0.03,1.0,good
3934.0,970.0,1920.0,4095.0,3670.0,3851.0,4095.0,4095.0,5.08,2.07,-3.97,-0.02,0.05,-0.08,0.0,4095.0,3765.0,3440.0,3198.0,4095.0,4095.0,4095.0,4095.0,-3.24,-1.45,-8.93,0.0,0.05,-0.03,1.0,good
3899.0,987.0,2131.0,4095.0,3665.0,3840.0,4095.0,4095.0,5.48,2.25,-4.04,-0.02,-0.05,-0.08,0.0,3991.0,3762.0,3664.0,3208.0,4095.0,4095.0,4095.0,4095.0,-3.22,-1.39,-9.2,0.06,-0.08,-0.05,1.0,good
3920.0,971.0,2206.0,4095.0,3663.0,3856.0,4095.0,4095.0,5.53,2.09,-4.05,0.04,0.04,-0.13,0.0,3994.0,3765.0,3811.0,3214.0,4095.0,4095.0,4095.0,4095.0,-3.17,-1.42,-8.98,-0.0,0.01,-0.06,1.0,good
3915.0,976.0,2337.0,4095.0,3651.0,3851.0,4095.0,4095.0,5.54,2.1,-4.05,0.03,0.0,-0.16,0.0,3919.0,3773.0,4071.0,3228.0,4095.0,4095.0,4095.0,4095.0,-3.14,-1.59,-9.17,-0.05,0.02,-0.06,1.0,good
3917.0,978.0,2341.0,4095.0,3652.0,3867.0,4095.0,4095.0,5.66,2.16,-4.09,0.02,0.02,-0.16,0.0,3907.0,3764.0,4049.0,3219.0,4095.0,4095.0,4095.0,4095.0,-3.0,-1.45,-9.1,-0.03,-0.1,-0.04,1.0,good
3907.0,987.0,2331.0,4095.0,3653.0,3797.0,4095.0,4095.0,5.7,2.15,-4.06,0.01,-0.02,-0.16,0.0,3903.0,3773.0,4064.0,3220.0,4095.0,4095.0,4095.0,4095.0,-3.07,-1.47,-8.98,-0.07,-0.04,-0.03,1.0,good
3911.0,993.0,2336.0,4095.0,3671.0,3841.0,4095.0,4095.0,5.65,2.12,-4.05,-0.0,-0.02,-0.15,0.0,3831.0,3775.0,4061.0,3226.0,4095.0,4095.0,4095.0,4095.0,-3.15,-1.54,-9.23,-0.05,-0.06,-0.02,1.0,good
3913.0,982.0,2352.0,4095.0,3661.0,3825.0,4095.0,4095.0,5.67,2.15,-4.04,0.02,-0.04,-0.17,0.0,3793.0,3775.0,4095.0,3225.0,4095.0,4095.0,4095.0,4095.0,-3.17,-1.46,-9.09,-0.07,0.0,-0.02,1.0,good
3919.0,999.0,2369.0,4095.0,3632.0,3765.0,4095.0,4095.0,5.51,2.15,-3.95,0.0,0.04,-0.14,0.0,3789.0,3765.0,4095.0,3223.0,4095.0,4095.0,4095.0,4095.0,-3.09,-1.5,-9.13,-0.08,0.02,-0.04,1.0,good
3909.0,1008.0,2551.0,4095.0,3626.0,3814.0,4095.0,4095.0,5.72,2.2,-4.13,0.0,0.05,-0.15,0.0,3750.0,3765.0,4095.0,3216.0,4095.0,4095.0,4095.0,4095.0,-3.0,-1.46,-8.98,-0.05,-0.02,-0.04,1.0,good
4074.0,986.0,2047.0,4095.0,3605.0,4095.0,4095.0,4095.0,5.99,1.0,-3.18,-0.22,-0.12,-0.22,0.0,1465.0,3557.0,1616.0,3183.0,4095.0,4095.0,4095.0,4095.0,-4.52,-2.35,-10.05,-0.19,0.7,0.25,1.0,good
4054.0,1008.0,2096.0,4095.0,3637.0,4095.0,4095.0,4095.0,5.7,1.17,-2.99,-0.01,0.11,-0.19,0.0,1209.0,3717.0,3021.0,3200.0,4095.0,4095.0,4095.0,4095.0,-4.09,-1.95,-6.88,0.53,-0.2,-0.03,1.0,good
4091.0,954.0,1612.0,4095.0,3440.0,3920.0,4095.0,4095.0,6.17,1.49,-3.56,0.18,-0.13,-0.23,0.0,1566.0,4095.0,3489.0,3190.0,4095.0,4095.0,4095.0,4095.0,-8.09,-1.91,-13.65,-0.39,0.14,0.35,1.0,good
4095.0,955.0,3347.0,4095.0,3478.0,3925.0,4095.0,4095.0,6.28,1.75,-4.71,-0.02,-0.1,0.09,0.0,1010.0,3987.0,3086.0,3210.0,4095.0,4095.0,4095.0,4095.0,-8.78,-3.39,-14.63,-2.71,-2.36,1.28,1.0,good
4083.0,967.0,3267.0,4095.0,3568.0,3897.0,4095.0,4095.0,6.28,1.11,-3.23,-0.22,-0.15,0.04,0.0,960.0,3881.0,2797.0,3177.0,4095.0,4095.0,4095.0,4095.0,-1.93,1.8,0.4,-3.58,-1.23,1.69,1.0,good
4095.0,976.0,2897.0,4095.0,3573.0,4059.0,4095.0,4095.0,7.35,1.05,-4.96,-0.08,0.06,-0.0,0.0,973.0,3851.0,3472.0,3189.0,4095.0,4095.0,4095.0,4095.0,-1.01,4.7,6.96,-1.31,-0.3,0.4,1.0,good
4095.0,959.0,2896.0,4095.0,3671.0,4087.0,4095.0,4095.0,6.24,1.85,-4.19,-0.24,-0.15,-0.51,0.0,1934.0,3798.0,3357.0,3106.0,4095.0,4095.0,4095.0,4095.0,1.19,3.97,2.11,2.26,2.16,-0.98,1.0,good
4095.0,969.0,2880.0,4095.0,3652.0,4095.0,4095.0,4095.0,5.81,1.35,-2.85,-0.22,-0.12,-0.42,0.0,965.0,3779.0,3467.0,3141.0,4095.0,4095.0,4095.0,4095.0,-4.51,-1.5,-7.71,3.37,3.34,-2.41,1.0,good
4095.0,967.0,2759.0,4095.0,3649.0,4095.0,4095.0,4095.0,5.06,1.56,-4.05,0.0,-0.57,-0.21,0.0,1022.0,3767.0,3466.0,3209.0,4095.0,4095.0,4095.0,4095.0,-4.91,-1.61,-12.43,1.01,0.93,-0.6,1.0,good
4095.0,967.0,3116.0,4095.0,3648.0,4045.0,4095.0,4095.0,5.1,2.37,-3.28,0.13,0.26,-0.02,0.0,4095.0,3815.0,4095.0,3222.0,4095.0,4095.0,4095.0,4095.0,-3.77,-1.03,-9.91,0.18,-0.13,-0.15,1.0,good
4085.0,958.0,3118.0,4095.0,3609.0,4016.0,4095.0,4095.0,5.99,2.33,-4.69,0.04,-0.1,-0.23,0.0,4095.0,3798.0,4095.0,3222.0,4095.0,4095.0,4095.0,4095.0,-3.82,-1.44,-8.95,0.02,-0.11,-0.02,1.0,good
4083.0,971.0,3202.0,4095.0,3675.0,4018.0,4095.0,4095.0,5.58,2.1,-3.95,-0.01,0.06,-0.17,0.0,4095.0,3806.0,4095.0,3227.0,4095.0,4095.0,4095.0,4095.0,-3.63,-1.3,-8.77,-0.07,-0.1,-0.03,1.0,good
4095.0,965.0,3277.0,4095.0,3679.0,4059.0,4095.0,4095.0,5.57,2.08,-4.14,0.03,-0.04,-0.12,0.0,4095.0,3805.0,4095.0,3223.0,4095.0,4095.0,4095.0,4095.0,-3.55,-1.51,-8.85,-0.03,-0.09,-0.04,1.0,good
4095.0,958.0,3322.0,4095.0,3669.0,4021.0,4095.0,4095.0,5.64,1.84,-4.13,0.05,-0.01,-0.13,0.0,4095.0,3824.0,4095.0,3226.0,4095.0,4095.0,4095.0,4095.0,-3.47,-1.13,-8.29,-0.06,-0.09,-0.05,1.0,good
4095.0,960.0,3383.0,4095.0,3579.0,3945.0,4095.0,4095.0,5.72,2.05,-4.36,0.1,0.05,-0.26,0.0,4095.0,3803.0,4095.0,3216.0,4095.0,4095.0,4095.0,4095.0,-3.56,-1.54,-8.98,-0.1,0.0,-0.05,1.0,good
4095.0,961.0,3452.0,4095.0,3664.0,3968.0,4095.0,4095.0,5.58,1.98,-3.82,0.04,0.06,-0.16,0.0,4095.0,3817.0,4095.0,3220.0,4095.0,4095.0,4095.0,4095.0,-3.5,-1.39,-8.76,-0.08,-0.04,-0.1,1.0,good
4095.0,963.0,3490.0,4095.0,3615.0,3993.0,4095.0,4095.0,5.65,2.09,-4.27,0.0,0.04,-0.16,0.0,4095.0,3829.0,4095.0,3216.0,4095.0,4095.0,4095.0,4095.0,-3.57,-1.58,-8.8,-0.04,-0.05,-0.05,1.0,good
4095.0,957.0,3489.0,4095.0,3633.0,4014.0,4095.0,4095.0,5.66,1.99,-4.17,0.03,-0.07,-0.18,0.0,4095.0,3793.0,4095.0,3234.0,4095.0,4095.0,4095.0,4095.0,-3.46,-1.54,-8.94,-0.01,0.02,-0.05,1.0,good
4095.0,958.0,3498.0,4095.0,3646.0,3955.0,4095.0,4095.0,5.75,2.02,-4.14,-0.02,0.01,-0.13,0.0,4095.0,3810.0,4095.0,3233.0,4095.0,4095.0,4095.0,4095.0,-3.56,-1.5,-8.98,-0.09,0.01,0.0,1.0,good
4095.0,951.0,3519.0,4095.0,3629.0,3977.0,4095.0,4095.0,5.54,2.0,-4.08,-0.03,-0.0,-0.11,0.0,4095.0,3824.0,4095.0,3231.0,4095.0,4095.0,4095.0,4095.0,-3.45,-1.54,-8.96,0.0,-0.04,-0.02,1.0,good
4095.0,966.0,2526.0,4095.0,3650.0,4003.0,4095.0,4095.0,5.91,1.71,-3.81,0.06,-0.01,-0.18,0.0,4095.0,3841.0,3802.0,3265.0,4095.0,4095.0,4095.0,4095.0,-6.72,7.27,-0.54,-0.13,-0.04,-0.06,1.0,good
4095.0,951.0,2507.0,4095.0,3677.0,4033.0,4095.0,4095.0,5.64,1.85,-3.88,0.04,-0.0,-0.22,0.0,4095.0,3853.0,3823.0,3271.0,4095.0,4095.0,4095.0,4095.0,-6.15,7.38,-0.06,-0.13,-0.08,-0.02,1.0,good
4095.0,957.0,2513.0,4095.0,3683.0,4048.0,4095.0,4095.0,5.68,1.78,-4.04,-0.01,0.02,-0.16,0.0,4095.0,3856.0,3868.0,3264.0,4095.0,4095.0,4095.0,4095.0,-5.94,7.47,-0.21,0.04,0.1,-0.03,1.0,good
4095.0,959.0,2501.0,4095.0,3696.0,4027.0,4095.0,4095.0,5.65,1.79,-4.12,-0.03,0.06,-0.14,0.0,4095.0,3842.0,3962.0,3267.0,4095.0,4095.0,4095.0,4095.0,-6.61,7.2,0.1,-0.13,0.02,-0.04,1.0,good
4095.0,961.0,2503.0,4095.0,3717.0,4036.0,4095.0,4095.0,5.65,1.83,-4.01,0.02,-0.01,-0.13,0.0,4095.0,3828.0,3911.0,3257.0,4095.0,4095.0,4095.0,4095.0,-6.13,7.25,0.53,0.03,0.06,-0.1,1.0,good
4095.0,960.0,2496.0,4095.0,3710.0,4037.0,4095.0,4095.0,6.02,2.09,-4.47,-0.06,0.02,-0.15,0.0,4095.0,3842.0,3858.0,3257.0,4095.0,4095.0,4095.0,4095.0,-2.95,5.44,4.65,0.84,1.67,-0.55,1.0,good
4095.0,960.0,2514.0,4095.0,3694.0,4067.0,4095.0,4095.0,5.43,1.96,-3.59,-0.13,-0.05,-0.36,0.0,4095.0,3826.0,3726.0,3231.0,4095.0,4095.0,4095.0,4095.0,-4.36,-0.35,-8.27,3.23,2.28,-1.64,1.0,good
4095.0,959.0,2502.0,4095.0,3684.0,4031.0,4095.0,4095.0,5.18,2.12,-3.9,0.0,-0.13,-0.12,0.0,4095.0,3824.0,3741.0,3262.0,4095.0,4095.0,4095.0,4095.0,-6.21,-0.3,-12.87,1.8,1.26,-1.21,1.0,good
4095.0,971.0,2993.0,4095.0,3728.0,4047.0,4095.0,4095.0,5.31,1.67,-3.41,0.04,0.42,-0.1,0.0,3904.0,3824.0,4095.0,3280.0,4095.0,4095.0,4095.0,4095.0,-4.59,-1.23,-9.53,0.05,0.34,-0.1,1.0,good
4095.0,960.0,2994.0,4095.0,3717.0,4021.0,4095.0,4095.0,5.54,2.25,-4.18,0.03,-0.08,-0.14,0.0,3909.0,3843.0,4095.0,3286.0,4095.0,4095.0,4095.0,4095.0,-4.0,-1.55,-8.46,-0.02,0.07,-0.06,1.0,good
4095.0,958.0,3008.0,4095.0,3699.0,4017.0,4095.0,4095.0,5.38,2.16,-4.06,0.01,0.03,-0.11,0.0,3885.0,3841.0,4095.0,3291.0,4095.0,4095.0,4095.0,4095.0,-4.04,-1.59,-8.69,-0.06,0.11,0.02,1.0,good
4095.0,963.0,3014.0,4095.0,3725.0,4016.0,4095.0,4095.0,5.44,2.08,-4.13,-0.04,0.05,-0.09,0.0,3893.0,3856.0,4095.0,3285.0,4095.0,4095.0,4095.0,4095.0,-3.88,-1.47,-8.55,-0.02,0.07,0.02,1.0,good
4095.0,957.0,3025.0,4095.0,3701.0,3973.0,4095.0,4095.0,5.56,1.98,-4.07,-0.01,-0.02,-0.13,0.0,3893.0,3855.0,4095.0,3290.0,4095.0,4095.0,4095.0,4095.0,-4.0,-1.49,-8.67,-0.06,0.11,0.02,1.0,good
4095.0,957.0,3024.0,4095.0,3729.0,4019.0,4095.0,4095.0,5.49,1.94,-3.91,0.02,-0.02,-0.15,0.0,3902.0,3861.0,4095.0,3276.0,4095.0,4095.0,4095.0,4095.0,-3.82,-1.42,-8.51,-0.1,0.02,-0.06,1.0,good
4095.0,959.0,3015.0,4095.0,3696.0,3984.0,4095.0,4095.0,5.43,2.06,-3.98,0.01,0.13,-0.14,0.0,3887.0,3878.0,4095.0,3280.0,4095.0,4095.0,4095.0,4095.0,-3.88,-1.48,-8.53,-0.06,-0.03,-0.05,1.0,good
4095.0,960.0,3030.0,4095.0,3694.0,3990.0,4095.0,4095.0,5.4,1.98,-3.86,0.05,-0.03,-0.14,0.0,3860.0,3856.0,4095.0,3280.0,4095.0,4095.0,4095.0,4095.0,-3.82,-1.45,-8.54,-0.07,-0.03,-0.04,1.0,good
4095.0,960.0,3037.0,4095.0,3696.0,3984.0,4095.0,4095.0,5.75,2.19,-4.15,-0.03,0.06,-0.2,0.0,3859.0,3863.0,4095.0,3282.0,4095.0,4095.0,4095.0,4095.0,-3.94,-1.49,-8.81,-0.04,-0.1,-0.06,1.0,good
4095.0,955.0,3036.0,4095.0,3714.0,3974.0,4095.0,4095.0,5.71,2.11,-4.12,0.03,-0.05,-0.18,0.0,3840.0,3865.0,4095.0,3285.0,4095.0,4095.0,4095.0,4095.0,-4.03,-1.59,-8.6,-0.06,0.0,-0.06,1.0,good
4095.0,960.0,3141.0,4095.0,3709.0,3985.0,4095.0,4095.0,5.51,2.11,-3.96,0.01,0.0,-0.16,0.0,3852.0,3875.0,4095.0,3287.0,4095.0,4095.0,4095.0,4095.0,-3.9,-1.54,-8.77,-0.02,0.05,-0.06,1.0,good
4095.0,958.0,3137.0,4095.0,3699.0,3984.0,4095.0,4095.0,5.6,2.15,-4.01,0.01,-0.01,-0.12,0.0,3847.0,3871.0,4095.0,3285.0,4095.0,4095.0,4095.0,4095.0,-3.93,-1.53,-8.68,-0.08,0.06,-0.02,1.0,good
3176.0,1678.0,2290.0,3554.0,3054.0,3163.0,3678.0,3045.0,10.34,-4.46,0.37,0.3,0.62,0.7,0.0,4095.0,3377.0,1761.0,3033.0,4095.0,4095.0,4095.0,4095.0,-6.79,-6.28,-6.27,1.1,-0.13,-1.1,1.0,good
3223.0,1055.0,1332.0,3709.0,3166.0,3184.0,3793.0,3167.0,9.37,-5.5,1.91,-0.12,-0.32,-0.54,0.0,4095.0,4087.0,1319.0,3138.0,4095.0,4095.0,4095.0,4095.0,-11.53,-8.9,-12.75,-2.89,-0.72,2.76,1.0,good
3264.0,1053.0,1189.0,3808.0,3168.0,3216.0,3821.0,3280.0,7.65,-5.08,1.94,-0.49,0.32,-0.2,0.0,4095.0,4055.0,2062.0,3146.0,4095.0,4095.0,4095.0,4095.0,-5.0,-6.03,-5.92,-5.0,-1.34,3.63,1.0,good
3275.0,1039.0,2890.0,3853.0,3152.0,3215.0,3865.0,3356.0,8.46,-5.38,1.67,-0.31,-0.41,-0.2,0.0,4095.0,3925.0,3935.0,3071.0,4095.0,4095.0,4095.0,4095.0,-3.23,3.52,3.35,-1.69,-0.18,0.96,1.0,good
3311.0,966.0,4095.0,4032.0,3344.0,3402.0,4095.0,4095.0,14.89,-1.93,-8.9,-1.84,-3.58,-3.46,0.0,3959.0,3750.0,4095.0,3064.0,4095.0,4095.0,4095.0,4095.0,-4.7,6.46,1.43,0.63,0.47,-0.55,1.0,good
3636.0,1334.0,935.0,4095.0,3408.0,3520.0,4095.0,4095.0,2.87,-0.58,1.84,-0.42,-0.76,-0.42,0.0,3947.0,3734.0,4071.0,3090.0,4095.0,4095.0,4095.0,4095.0,-0.66,3.68,2.63,2.16,1.76,-1.68,1.0,good
3699.0,1125.0,3995.0,4095.0,3455.0,3534.0,4095.0,4095.0,5.31,3.3,-4.12,0.29,1.74,0.12,0.0,4095.0,3760.0,2870.0,3155.0,4095.0,4095.0,4095.0,4095.0,-9.14,-0.72,-16.37,2.52,1.74,-1.41,1.0,good
3831.0,1119.0,3968.0,4095.0,3471.0,3564.0,4095.0,4095.0,5.09,3.0,-3.8,0.02,-0.15,-0.2,0.0,4019.0,3726.0,4095.0,3238.0,4095.0,4095.0,4095.0,4095.0,-5.17,-0.97,-8.82,-0.05,0.61,-0.22,1.0,good
3841.0,1126.0,3923.0,4095.0,3477.0,3534.0,4095.0,4095.0,5.27,3.05,-3.68,-0.01,-0.13,-0.18,0.0,3718.0,3739.0,4095.0,3235.0,4095.0,4095.0,4095.0,4095.0,-4.41,-1.16,-7.88,-0.04,0.08,-0.03,1.0,good
3888.0,1128.0,3903.0,4095.0,3489.0,3539.0,4095.0,4095.0,5.3,3.0,-3.84,0.02,-0.01,-0.16,0.0,3728.0,3739.0,4095.0,3226.0,4095.0,4095.0,4095.0,4095.0,-4.45,-1.38,-8.67,-0.06,0.09,-0.03,1.0,good
3874.0,1132.0,3949.0,4095.0,3490.0,3526.0,4095.0,4095.0,5.26,2.87,-3.87,0.02,0.02,-0.14,0.0,3723.0,3717.0,4095.0,3235.0,4095.0,4095.0,4095.0,4095.0,-4.45,-1.32,-8.63,-0.08,-0.03,-0.07,1.0,good
3984.0,1167.0,3919.0,4095.0,3457.0,3533.0,4095.0,4095.0,5.29,2.92,-3.84,0.11,-0.03,-0.17,0.0,3771.0,3748.0,4095.0,3233.0,4095.0,4095.0,4095.0,4095.0,-4.57,-1.19,-8.29,-0.06,0.11,-0.08,1.0,good
3989.0,1163.0,3921.0,4095.0,3504.0,3525.0,4095.0,4095.0,5.43,2.95,-4.04,0.02,0.02,-0.22,0.0,3760.0,3725.0,4095.0,3241.0,4095.0,4095.0,4095.0,4095.0,-4.58,-1.3,-8.58,-0.09,0.05,-0.08,1.0,good
3988.0,1119.0,3901.0,4095.0,3568.0,3531.0,4095.0,4095.0,5.07,2.93,-3.96,0.03,-0.12,-0.17,0.0,3727.0,3729.0,4095.0,3242.0,4095.0,4095.0,4095.0,4095.0,-4.31,-1.2,-8.7,-0.05,0.02,-0.06,1.0,good
3942.0,1115.0,3907.0,4095.0,3571.0,3527.0,4095.0,4095.0,5.42,2.93,-3.85,-0.01,-0.01,-0.15,0.0,3721.0,3726.0,4095.0,3248.0,4095.0,4095.0,4095.0,4095.0,-4.09,-1.24,-8.49,-0.05,0.0,-0.02,1.0,good
3959.0,1109.0,3919.0,4095.0,3598.0,3523.0,4095.0,4095.0,5.56,2.98,-4.07,-0.0,-0.02,-0.15,0.0,3731.0,3727.0,4095.0,3249.0,4095.0,4095.0,4095.0,4095.0,-4.25,-1.32,-8.51,-0.03,0.04,-0.01,1.0,good
3939.0,1119.0,3921.0,4095.0,3582.0,3522.0,4095.0,4095.0,5.51,3.06,-4.11,0.02,-0.1,-0.18,0.0,3734.0,3727.0,4095.0,3248.0,4095.0,4095.0,4095.0,4095.0,-4.38,-1.27,-8.74,-0.02,0.0,-0.06,1.0,good
3966.0,1129.0,3901.0,4095.0,3565.0,3515.0,4095.0,4095.0,5.45,2.98,-3.88,0.03,0.06,-0.08,0.0,3760.0,3741.0,4095.0,3248.0,4095.0,4095.0,4095.0,4095.0,-4.35,-1.21,-8.66,-0.07,0.03,-0.07,1.0,good
3984.0,1104.0,3919.0,4095.0,3600.0,3523.0,4095.0,4095.0,5.52,2.94,-4.07,0.0,0.03,-0.2,0.0,3741.0,3748.0,4095.0,3249.0,4095.0,4095.0,4095.0,4095.0,-4.28,-1.36,-8.25,-0.06,-0.09,-0.09,1.0,good
3951.0,1107.0,3923.0,4095.0,3574.0,3531.0,4095.0,4095.0,5.7,2.87,-3.74,0.07,-0.06,-0.2,0.0,3757.0,3757.0,4095.0,3259.0,4095.0,4095.0,4095.0,4095.0,-4.29,-1.37,-8.57,-0.03,-0.02,-0.07,1.0,good
3305.0,945.0,3575.0,3988.0,3287.0,3398.0,4095.0,3856.0,9.37,-1.9,1.04,-0.09,-0.07,-0.03,0.0,1598.0,4095.0,4095.0,3151.0,4095.0,4095.0,4095.0,4095.0,-4.9,4.97,-0.96,-1.8,-0.39,1.05,1.0,good
3755.0,944.0,3581.0,3986.0,3285.0,3408.0,4095.0,3970.0,9.32,-1.55,0.7,-0.17,-0.03,-0.12,0.0,1535.0,4095.0,4095.0,3150.0,4095.0,4095.0,4095.0,4095.0,-5.44,6.81,-0.15,-1.36,-0.11,0.62,1.0,good
3834.0,950.0,3634.0,4018.0,3223.0,3410.0,4095.0,3980.0,9.91,-0.88,-0.17,-0.33,-0.33,-0.9,0.0,1264.0,3967.0,4095.0,3180.0,4095.0,4095.0,4095.0,4095.0,-5.99,7.22,1.1,0.4,-0.37,-0.18,1.0,good
3839.0,954.0,3627.0,3987.0,3250.0,3413.0,4095.0,3952.0,8.98,-0.91,-0.53,-0.36,-1.07,-1.02,0.0,1203.0,3925.0,4095.0,3143.0,4095.0,4095.0,4095.0,4095.0,-2.08,3.92,1.64,1.94,1.34,-1.27,1.0,good
3866.0,963.0,3728.0,4060.0,3279.0,3415.0,4095.0,3837.0,8.81,0.1,-2.58,-0.17,-2.13,-1.53,0.0,1169.0,3921.0,4095.0,3152.0,4095.0,4095.0,4095.0,4095.0,-4.54,1.77,-5.15,2.43,2.08,-1.89,1.0,good
3902.0,1019.0,4095.0,4095.0,3309.0,3410.0,4095.0,3811.0,6.54,1.18,-2.59,-0.27,-2.34,-1.18,0.0,1078.0,3921.0,4095.0,3135.0,4095.0,4095.0,4095.0,4095.0,-7.17,-0.52,-11.79,1.39,1.81,-1.42,1.0,good
4095.0,961.0,4095.0,4095.0,3362.0,3408.0,4004.0,3637.0,4.08,2.3,-3.25,0.16,0.21,0.21,0.0,4095.0,3871.0,4095.0,3183.0,4095.0,4095.0,4095.0,4095.0,-7.74,-3.01,-15.16,-0.15,2.37,-0.07,1.0,good
4095.0,944.0,4095.0,4095.0,3371.0,3455.0,4095.0,3711.0,5.41,3.04,-5.14,-0.03,-0.07,-0.04,0.0,4095.0,3871.0,4095.0,3276.0,4095.0,4095.0,4095.0,4095.0,-3.96,-1.21,-8.89,-0.01,0.16,0.0,1.0,good
4095.0,945.0,4095.0,4095.0,3446.0,3513.0,4095.0,3856.0,5.14,2.31,-4.09,0.0,-0.06,-0.18,0.0,4095.0,3863.0,4095.0,3283.0,4095.0,4095.0,4095.0,4095.0,-3.85,-1.27,-8.3,-0.01,0.03,0.01,1.0,good
4070.0,961.0,4095.0,4095.0,3452.0,3521.0,4095.0,3871.0,5.36,2.2,-4.08,0.01,-0.04,-0.13,0.0,4095.0,3861.0,4095.0,3281.0,4095.0,4095.0,4095.0,4095.0,-3.87,-1.61,-8.8,-0.06,0.1,-0.0,1.0,good
4095.0,939.0,4095.0,4095.0,3487.0,3511.0,4095.0,3891.0,5.37,2.25,-4.26,0.04,-0.1,-0.16,0.0,4095.0,3862.0,4095.0,3283.0,4095.0,4095.0,4095.0,4095.0,-4.08,-1.57,-8.86,-0.01,0.07,-0.04,1.0,good
4069.0,938.0,4095.0,4095.0,3504.0,3522.0,4095.0,3910.0,5.32,2.37,-4.17,0.02,-0.06,-0.18,0.0,4095.0,3850.0,4095.0,3293.0,4095.0,4095.0,4095.0,4095.0,-4.02,-1.56,-8.84,-0.04,0.03,-0.05,1.0,good
4061.0,947.0,4095.0,4095.0,3495.0,3483.0,4095.0,3905.0,5.26,2.3,-4.18,0.01,0.03,-0.16,0.0,4095.0,3847.0,4095.0,3307.0,4095.0,4095.0,4095.0,4095.0,-3.84,-1.51,-8.47,-0.03,0.02,-0.06,1.0,good
4073.0,939.0,4095.0,4095.0,3519.0,3521.0,4095.0,3919.0,5.11,2.21,-4.11,0.03,0.02,-0.14,0.0,4095.0,3856.0,4095.0,3301.0,4095.0,4095.0,4095.0,4095.0,-3.83,-1.54,-8.46,-0.04,-0.02,-0.06,1.0,good
4081.0,944.0,4095.0,4095.0,3510.0,3519.0,4095.0,3950.0,5.25,2.24,-4.21,-0.01,0.01,-0.14,0.0,4095.0,3868.0,4095.0,3309.0,4095.0,4095.0,4095.0,4095.0,-3.83,-1.67,-8.77,-0.03,-0.02,-0.06,1.0,good
4095.0,949.0,4095.0,4095.0,3508.0,3526.0,4095.0,3915.0,5.25,2.2,-4.21,0.03,-0.02,-0.16,0.0,4095.0,3856.0,4095.0,3306.0,4095.0,4095.0,4095.0,4095.0,-3.99,-1.71,-8.74,-0.06,-0.02,-0.04,1.0,good
4092.0,954.0,4095.0,4095.0,3521.0,3528.0,4095.0,3952.0,5.2,2.17,-4.24,0.0,0.0,-0.13,0.0,4095.0,3854.0,4095.0,3298.0,4095.0,4095.0,4095.0,4095.0,-3.77,-1.67,-8.8,-0.08,0.01,-0.02,1.0,good
4095.0,945.0,4095.0,4095.0,3507.0,3520.0,4095.0,3938.0,5.2,2.17,-4.05,0.02,-0.02,-0.12,0.0,4095.0,3852.0,4095.0,3313.0,4095.0,4095.0,4095.0,4095.0,-3.8,-1.59,-8.64,-0.06,-0.04,-0.02,1.0,good
4064.0,959.0,4095.0,4095.0,3509.0,3522.0,4095.0,3953.0,5.24,2.18,-4.19,0.0,-0.02,-0.14,0.0,4095.0,3849.0,4095.0,3303.0,4095.0,4095.0,4095.0,4095.0,-3.81,-1.56,-8.77,-0.08,0.03,-0.0,1.0,good
4080.0,944.0,4095.0,4095.0,3525.0,3525.0,4095.0,3952.0,5.29,2.2,-4.29,0.01,0.01,-0.15,0.0,4095.0,3859.0,4095.0,3296.0,4095.0,4095.0,4095.0,4095.0,-3.8,-1.53,-8.71,-0.03,0.01,-0.02,1.0,good
4095.0,971.0,4095.0,4075.0,3090.0,3203.0,3838.0,3302.0,7.56,-0.18,-3.37,0.03,-0.17,-0.27,0.0,4095.0,3915.0,4095.0,3284.0,4095.0,4095.0,4095.0,4095.0,-5.13,-4.34,-8.08,0.3,0.18,-0.38,1.0,good
4095.0,974.0,4095.0,4071.0,3231.0,3347.0,4095.0,3629.0,6.96,0.15,-2.84,-0.1,-0.07,-0.44,0.0,4095.0,4095.0,4095.0,3310.0,4095.0,4095.0,4095.0,4095.0,-10.52,-5.2,-14.97,-1.33,-0.22,1.43,1.0,good
4095.0,967.0,4095.0,4095.0,3715.0,4047.0,4095.0,4095.0,6.94,0.49,-3.27,-0.12,-0.19,-0.08,0.0,4095.0,4095.0,4095.0,3247.0,4095.0,4095.0,4095.0,4095.0,-2.99,-1.55,-2.79,-3.69,-2.19,2.01,1.0,good
4059.0,967.0,4095.0,4095.0,3645.0,4042.0,4095.0,4095.0,6.8,0.3,-3.21,-0.28,-0.21,-0.14,0.0,4095.0,4095.0,4095.0,3264.0,4095.0,4095.0,4095.0,4095.0,-5.15,5.85,1.5,-0.8,0.19,0.32,1.0,good
4080.0,964.0,4095.0,4095.0,3617.0,4095.0,4095.0,4095.0,6.66,0.96,-3.34,-0.31,-0.1,-0.29,0.0,4095.0,3953.0,4095.0,3291.0,4095.0,4095.0,4095.0,4095.0,-6.53,7.07,0.91,0.13,-0.22,-0.03,1.0,good
4095.0,972.0,4095.0,4095.0,3616.0,4095.0,4095.0,4095.0,6.21,1.56,-3.37,-0.21,-0.2,-0.29,0.0,3664.0,3987.0,4095.0,3312.0,4095.0,4095.0,4095.0,4095.0,-4.29,5.63,2.35,0.61,0.38,-0.18,1.0,good
4095.0,958.0,4095.0,4095.0,3633.0,4095.0,4095.0,4095.0,5.88,1.14,-3.83,-0.8,0.79,-0.37,0.0,4095.0,4023.0,4095.0,3330.0,4095.0,4095.0,4095.0,4095.0,-0.51,1.97,0.96,2.92,2.15,-2.02,1.0,good
4095.0,970.0,4095.0,4095.0,3614.0,4002.0,4095.0,4095.0,5.25,1.82,-3.79,0.03,-0.71,-0.34,0.0,4095.0,4066.0,4095.0,3370.0,4095.0,4095.0,4095.0,4095.0,-8.55,0.01,-13.59,1.69,1.55,-1.38,1.0,good
4051.0,971.0,4095.0,4095.0,3668.0,3792.0,4095.0,4095.0,5.71,2.43,-4.42,0.05,-0.22,-0.15,0.0,3532.0,3792.0,4095.0,3397.0,4095.0,4095.0,4095.0,4095.0,-3.35,-1.42,-8.57,-0.16,0.42,-0.33,1.0,good
4048.0,976.0,4095.0,4095.0,3630.0,3779.0,4095.0,4095.0,5.97,2.04,-4.09,0.05,-0.02,-0.15,0.0,3439.0,3755.0,4095.0,3408.0,4095.0,4095.0,4095.0,4095.0,-3.88,-1.83,-8.88,-0.13,0.13,-0.1,1.0,good
4038.0,965.0,4095.0,4095.0,3632.0,3776.0,4095.0,4095.0,5.65,2.02,-4.02,0.06,-0.04,-0.21,0.0,3418.0,3739.0,4095.0,3393.0,4095.0,4095.0,4095.0,4095.0,-3.95,-2.02,-8.78,-0.09,0.1,-0.11,1.0,good
4002.0,974.0,4095.0,4095.0,3629.0,3828.0,4095.0,4095.0,5.7,2.03,-4.01,0.04,-0.03,-0.2,0.0,3429.0,3741.0,4095.0,3398.0,4095.0,4095.0,4095.0,4095.0,-3.73,-1.95,-8.58,-0.08,0.02,-0.08,1.0,good
4015.0,960.0,4095.0,4095.0,3662.0,3831.0,4095.0,4095.0,5.67,2.07,-3.97,-0.03,0.1,-0.12,0.0,3439.0,3746.0,4095.0,3391.0,4095.0,4095.0,4095.0,4095.0,-3.66,-2.02,-8.61,-0.1,0.04,-0.03,1.0,good
3995.0,975.0,4095.0,4095.0,3653.0,3847.0,4095.0,4095.0,5.71,1.99,-3.94,-0.0,0.01,-0.15,0.0,3446.0,3750.0,4095.0,3386.0,4095.0,4095.0,4095.0,4095.0,-3.65,-2.04,-8.66,-0.11,0.11,-0.02,1.0,good
3994.0,960.0,4095.0,4095.0,3661.0,3824.0,4095.0,4095.0,5.68,1.91,-3.97,0.01,0.02,-0.13,0.0,3455.0,3735.0,4095.0,3406.0,4095.0,4095.0,4095.0,4095.0,-3.6,-1.99,-8.55,-0.08,0.05,-0.03,1.0,good
3983.0,965.0,4095.0,4095.0,3659.0,3829.0,4095.0,4095.0,5.72,2.0,-4.0,0.01,-0.04,-0.16,0.0,3442.0,3735.0,4095.0,3389.0,4095.0,4095.0,4095.0,4095.0,-3.75,-1.93,-8.84,-0.07,0.02,-0.0,1.0,good
3983.0,958.0,4095.0,4095.0,3657.0,3827.0,4095.0,4095.0,5.79,1.98,-3.98,-0.0,-0.04,-0.17,0.0,3433.0,3730.0,4095.0,3365.0,4095.0,4095.0,4095.0,4095.0,-3.6,-1.87,-8.77,-0.03,0.03,-0.02,1.0,good
3961.0,951.0,4095.0,4095.0,3660.0,3840.0,4095.0,4095.0,5.85,1.93,-3.83,0.01,-0.02,-0.16,0.0,3413.0,3734.0,4095.0,3388.0,4095.0,4095.0,4095.0,4095.0,-3.48,-1.9,-8.78,-0.06,0.03,-0.01,1.0,good
3949.0,957.0,4095.0,4095.0,3661.0,3822.0,4095.0,4095.0,5.75,2.02,-4.03,0.04,-0.04,-0.15,0.0,3413.0,3742.0,4095.0,3377.0,4095.0,4095.0,4095.0,4095.0,-3.66,-1.97,-8.72,-0.04,0.02,-0.06,1.0,good
3949.0,970.0,4095.0,4095.0,3652.0,3837.0,4095.0,4095.0,5.64,1.94,-4.0,0.03,-0.06,-0.16,0.0,3421.0,3715.0,4095.0,3390.0,4095.0,4095.0,4095.0,4095.0,-3.48,-1.99,-8.76,-0.06,0.03,-0.05,1.0,good
2738.0,1642.0,3127.0,3991.0,3483.0,3471.0,4095.0,3776.0,6.47,0.42,-2.58,-0.34,0.14,-0.2,0.0,2406.0,3841.0,1854.0,3376.0,4095.0,4095.0,4095.0,4095.0,-5.31,-2.78,-7.76,-0.07,0.12,0.07,1.0,good
3430.0,1379.0,4032.0,4095.0,3433.0,3447.0,4095.0,4086.0,6.71,0.56,-3.09,0.06,0.15,0.02,0.0,2586.0,3839.0,1899.0,3362.0,4095.0,4095.0,4095.0,4095.0,-6.34,-3.4,-8.9,-0.15,0.27,0.17,1.0,good
3482.0,1011.0,4095.0,4095.0,3409.0,3483.0,4095.0,4095.0,5.94,0.77,-3.11,0.19,-0.06,0.18,0.0,2246.0,4095.0,3445.0,3254.0,4095.0,4095.0,4095.0,4095.0,-6.29,-2.45,-8.73,-4.72,-2.62,2.1,1.0,good
3301.0,939.0,4095.0,4095.0,3359.0,3502.0,4095.0,4073.0,7.37,0.2,-3.25,-0.49,0.23,0.41,0.0,1426.0,4095.0,3873.0,3247.0,4095.0,4095.0,4095.0,4095.0,-1.01,1.19,2.99,-2.82,-2.41,1.75,1.0,good
3353.0,944.0,4095.0,4095.0,3377.0,3497.0,4095.0,4095.0,7.52,-0.21,-3.37,-0.38,-0.11,-0.05,0.0,977.0,4095.0,3453.0,3295.0,4095.0,4095.0,4095.0,4095.0,-6.22,7.31,-0.81,-0.48,0.21,0.41,1.0,good
3699.0,963.0,4095.0,4095.0,3482.0,3662.0,4095.0,4095.0,7.05,-0.42,-3.19,-0.23,-0.22,-0.28,0.0,1783.0,4095.0,3767.0,3311.0,4095.0,4095.0,4095.0,4095.0,-5.87,7.33,1.51,-0.02,-0.16,-0.09,1.0,good
4095.0,947.0,4095.0,4095.0,3583.0,4026.0,4095.0,4095.0,6.74,0.3,-3.16,-0.07,-0.08,-0.26,0.0,2736.0,4058.0,3934.0,3312.0,4095.0,4095.0,4095.0,4095.0,-5.84,7.19,0.41,-0.0,-0.25,-0.16,1.0,good
4095.0,967.0,4095.0,4095.0,3563.0,4043.0,4095.0,4095.0,7.09,0.41,-3.91,-0.02,-0.23,-0.36,0.0,4095.0,3986.0,4001.0,3303.0,4095.0,4095.0,4095.0,4095.0,-0.77,3.68,2.3,1.82,2.03,-1.89,1.0,good
3998.0,971.0,4095.0,4095.0,3579.0,4010.0,4095.0,4095.0,5.95,1.14,-3.12,-0.01,0.11,-0.61,0.0,4095.0,3903.0,3625.0,3315.0,4095.0,4095.0,4095.0,4095.0,-6.41,-0.94,-12.57,2.11,1.51,-1.6,1.0,good
4095.0,961.0,4095.0,4095.0,3610.0,4006.0,4095.0,4095.0,5.1,1.51,-4.17,-0.02,-0.43,-0.5,0.0,4095.0,3902.0,3853.0,3358.0,4095.0,4095.0,4095.0,4095.0,-7.77,-0.71,-12.61,0.53,0.68,-0.98,1.0,good
4095.0,958.0,4095.0,4095.0,3605.0,4022.0,4095.0,4095.0,5.34,1.84,-3.62,-0.13,-0.55,-0.04,0.0,4095.0,3875.0,4095.0,3371.0,4095.0,4095.0,4095.0,4095.0,-5.48,-2.72,-8.82,0.24,0.35,-0.06,1.0,good
4095.0,963.0,4095.0,4095.0,3573.0,3977.0,4095.0,4095.0,5.51,1.83,-4.3,-0.04,-0.07,0.04,0.0,4095.0,3825.0,4095.0,3385.0,4095.0,4095.0,4095.0,4095.0,-3.7,-1.94,-8.65,0.12,0.15,-0.09,1.0,good
4095.0,966.0,4095.0,4095.0,3600.0,3982.0,4095.0,4095.0,5.63,1.83,-4.0,-0.11,0.11,0.01,0.0,3479.0,3819.0,4095.0,3371.0,4095.0,4095.0,4095.0,4095.0,-3.79,-1.75,-8.43,-0.13,0.05,0.03,1.0,good
4095.0,960.0,4095.0,4095.0,3600.0,3994.0,4095.0,4095.0,5.55,1.74,-3.98,-0.03,-0.1,-0.11,0.0,3406.0,3824.0,4095.0,3381.0,4095.0,4095.0,4095.0,4095.0,-3.61,-2.1,-8.73,-0.01,0.02,-0.01,1.0,good
4095.0,954.0,4095.0,4095.0,3628.0,4012.0,4095.0,4095.0,5.76,1.54,-3.71,0.05,-0.16,-0.15,0.0,3418.0,3825.0,4095.0,3375.0,4095.0,4095.0,4095.0,4095.0,-3.54,-1.9,-8.94,0.01,-0.08,-0.03,1.0,good
4095.0,962.0,4095.0,4095.0,3625.0,3984.0,4095.0,4095.0,5.82,1.89,-4.34,0.13,-0.2,-0.37,0.0,3408.0,3813.0,4095.0,3385.0,4095.0,4095.0,4095.0,4095.0,-3.58,-2.12,-8.74,-0.11,-0.16,-0.15,1.0,good
4095.0,954.0,4095.0,4095.0,3658.0,4032.0,4095.0,4095.0,5.61,1.93,-4.27,0.05,-0.06,-0.27,0.0,3427.0,3810.0,4095.0,3379.0,4095.0,4095.0,4095.0,4095.0,-3.52,-2.09,-9.12,-0.09,-0.01,-0.1,1.0,good
4095.0,967.0,4095.0,4095.0,3664.0,4045.0,4095.0,4095.0,5.42,1.87,-4.06,0.01,-0.04,-0.17,0.0,3413.0,3807.0,4095.0,3381.0,4095.0,4095.0,4095.0,4095.0,-3.51,-1.96,-8.77,-0.06,0.08,-0.04,1.0,good
3684.0,960.0,4095.0,4095.0,3622.0,4036.0,4095.0,4095.0,5.39,1.86,-4.1,0.01,0.0,-0.15,0.0,3424.0,3801.0,4095.0,3391.0,4095.0,4095.0,4095.0,4095.0,-3.39,-1.98,-8.65,-0.08,-0.0,-0.01,1.0,good
3681.0,964.0,4095.0,4095.0,3618.0,4011.0,4095.0,4095.0,5.46,1.89,-4.13,0.03,0.02,-0.11,0.0,3408.0,3808.0,4095.0,3392.0,4095.0,4095.0,4095.0,4095.0,-3.36,-1.95,-9.01,-0.09,0.0,0.01,1.0,good
3415.0,949.0,3386.0,4095.0,3411.0,3557.0,4095.0,3955.0,6.59,0.77,-4.25,-0.17,-0.17,-0.02,0.0,4095.0,4095.0,2074.0,3267.0,4095.0,4095.0,4095.0,4095.0,-9.04,-3.74,-11.52,-1.07,-0.66,0.96,1.0,good
3455.0,949.0,3477.0,4095.0,3438.0,3776.0,4095.0,4079.0,6.19,0.49,-2.82,-0.44,-0.12,0.06,0.0,4095.0,4095.0,2015.0,3089.0,4095.0,4095.0,4095.0,4095.0,-6.7,-3.35,-12.3,-2.55,-1.37,1.83,1.0,good
3437.0,945.0,3831.0,4095.0,3568.0,3975.0,4095.0,4095.0,6.68,0.65,-4.07,-0.47,-0.37,0.02,0.0,4095.0,4095.0,2092.0,3046.0,4095.0,4095.0,4095.0,4095.0,-4.04,-1.12,-7.13,-3.93,-1.56,2.05,1.0,good
3494.0,941.0,3983.0,4095.0,3609.0,4049.0,4095.0,4095.0,6.01,0.79,-3.42,-0.14,-0.11,-0.24,0.0,4095.0,3903.0,2331.0,3123.0,4095.0,4095.0,4095.0,4095.0,-7.69,7.28,-1.81,0.05,-0.33,-0.14,1.0,good
3504.0,962.0,4012.0,4095.0,3627.0,4049.0,4095.0,4095.0,6.51,1.33,-3.75,-0.07,0.04,-0.21,0.0,4095.0,3797.0,2632.0,3158.0,4095.0,4095.0,4095.0,4095.0,-6.68,6.28,1.62,0.25,-0.26,-0.34,1.0,good
3519.0,965.0,4095.0,4095.0,3623.0,4055.0,4095.0,4095.0,6.05,2.06,-4.63,-0.21,-0.09,-0.53,0.0,4095.0,3815.0,2341.0,3105.0,4095.0,4095.0,4095.0,4095.0,-4.79,-0.47,-8.05,3.49,3.36,-2.39,1.0,good
3507.0,944.0,4095.0,4095.0,3657.0,4054.0,4095.0,4095.0,4.89,2.21,-3.8,-0.01,-0.02,-0.25,0.0,4095.0,3842.0,2533.0,3141.0,4095.0,4095.0,4095.0,4095.0,-8.32,-2.42,-16.79,2.04,2.37,-1.26,1.0,good
3511.0,962.0,4095.0,4095.0,3645.0,4001.0,4095.0,4095.0,4.79,2.04,-2.98,0.08,-0.07,-0.1,0.0,3613.0,3877.0,3940.0,3225.0,4095.0,4095.0,4095.0,4095.0,-4.63,-1.48,-9.27,0.1,0.51,-0.14,1.0,good
3499.0,963.0,4095.0,4095.0,3669.0,3931.0,4095.0,4095.0,5.08,2.28,-4.05,0.03,0.02,-0.06,0.0,3579.0,3888.0,4095.0,3222.0,4095.0,4095.0,4095.0,4095.0,-3.65,-1.55,-8.77,-0.02,0.06,-0.02,1.0,good
3506.0,949.0,4095.0,4095.0,3679.0,3911.0,4095.0,4095.0,5.4,2.17,-4.54,0.06,-0.04,-0.1,0.0,3531.0,3877.0,4095.0,3222.0,4095.0,4095.0,4095.0,4095.0,-3.59,-1.7,-8.92,0.02,0.15,-0.05,1.0,good
3486.0,951.0,4095.0,4095.0,3696.0,3905.0,4095.0,4095.0,5.11,2.08,-4.09,0.03,-0.08,-0.18,0.0,3529.0,3887.0,4095.0,3221.0,4095.0,4095.0,4095.0,4095.0,-3.45,-1.65,-8.87,-0.06,-0.01,-0.05,1.0,good
3500.0,944.0,4095.0,4095.0,3669.0,3932.0,4095.0,4095.0,5.4,2.12,-4.26,-0.03,0.09,-0.17,0.0,3491.0,3879.0,4095.0,3216.0,4095.0,4095.0,4095.0,4095.0,-3.41,-1.74,-8.88,-0.1,0.05,-0.03,1.0,good
3505.0,959.0,4095.0,4095.0,3664.0,3927.0,4095.0,4095.0,5.4,2.24,-4.19,-0.0,0.03,-0.17,0.0,3504.0,3867.0,4095.0,3223.0,4095.0,4095.0,4095.0,4095.0,-3.6,-1.74,-8.68,-0.11,0.02,-0.02,1.0,good
3498.0,950.0,4095.0,4095.0,3648.0,3920.0,4095.0,4095.0,5.33,2.1,-4.08,-0.01,0.04,-0.16,0.0,3494.0,3887.0,4095.0,3225.0,4095.0,4095.0,4095.0,4095.0,-3.54,-1.66,-8.84,-0.06,-0.04,-0.01,1.0,good
3499.0,954.0,4095.0,4095.0,3642.0,3971.0,4095.0,4095.0,5.28,2.07,-4.12,0.02,0.01,-0.15,0.0,3476.0,3867.0,4095.0,3226.0,4095.0,4095.0,4095.0,4095.0,-3.55,-1.71,-8.93,-0.08,0.03,-0.04,1.0,good
3504.0,962.0,4095.0,4095.0,3663.0,3948.0,4095.0,4095.0,5.16,2.18,-4.0,0.03,0.0,-0.15,0.0,3471.0,3873.0,4095.0,3227.0,4095.0,4095.0,4095.0,4095.0,-3.54,-1.69,-8.56,-0.1,0.0,-0.04,1.0,good
3502.0,951.0,4095.0,4095.0,3647.0,3954.0,4095.0,4095.0,5.4,2.22,-4.08,0.02,-0.01,-0.15,0.0,3444.0,3856.0,4095.0,3227.0,4095.0,4095.0,4095.0,4095.0,-3.55,-1.7,-8.85,-0.08,-0.0,-0.04,1.0,good
3510.0,954.0,4095.0,4095.0,3632.0,3943.0,4095.0,4095.0,5.44,2.15,-4.09,-0.0,0.09,-0.15,0.0,3475.0,3870.0,4095.0,3224.0,4095.0,4095.0,4095.0,4095.0,-3.36,-1.52,-8.68,-0.12,-0.01,-0.01,1.0,good
3501.0,944.0,4095.0,4095.0,3671.0,3955.0,4095.0,4095.0,5.27,2.12,-3.95,-0.0,0.02,-0.14,0.0,3467.0,3888.0,4095.0,3227.0,4095.0,4095.0,4095.0,4095.0,-3.39,-1.54,-8.94,-0.04,0.04,-0.03,1.0,good
3503.0,944.0,4095.0,4095.0,3665.0,3957.0,4095.0,4095.0,5.48,2.21,-4.07,0.02,-0.04,-0.21,0.0,3458.0,3863.0,4095.0,3233.0,4095.0,4095.0,4095.0,4095.0,-3.4,-1.59,-8.63,-0.05,-0.0,-0.05,1.0,good
3559.0,976.0,3583.0,4095.0,3548.0,3845.0,4095.0,4095.0,6.1,0.71,-3.72,-0.16,0.05,-0.17,0.0,4074.0,3834.0,2177.0,3184.0,4095.0,4095.0,4095.0,4095.0,-6.67,6.96,-0.36,-0.29,0.28,-0.01,1.0,good
3582.0,992.0,3583.0,4095.0,3550.0,3869.0,4095.0,4095.0,6.27,1.35,-3.99,-0.12,0.14,-0.11,0.0,4095.0,3845.0,2791.0,3169.0,4095.0,4095.0,4095.0,4095.0,-7.71,7.52,-0.96,-0.19,0.02,0.29,1.0,good
3583.0,976.0,3563.0,4095.0,3580.0,3856.0,4095.0,4095.0,5.85,1.43,-3.65,-0.15,0.04,-0.17,0.0,4095.0,3727.0,2855.0,3181.0,4095.0,4095.0,4095.0,4095.0,-4.82,7.51,0.58,-0.23,-0.13,0.06,1.0,good
3573.0,960.0,3579.0,4095.0,3582.0,3847.0,4095.0,4095.0,5.77,1.32,-3.78,0.02,-0.03,-0.18,0.0,4095.0,3703.0,3154.0,3182.0,4095.0,4095.0,4095.0,4095.0,-7.11,7.45,0.26,-0.07,-0.33,0.07,1.0,good
3571.0,976.0,3566.0,4095.0,3578.0,3867.0,4095.0,4095.0,6.17,1.72,-3.93,-0.02,-0.05,-0.15,0.0,3459.0,3661.0,2736.0,3190.0,4095.0,4095.0,4095.0,4095.0,1.53,3.98,7.14,1.18,1.51,-0.86,1.0,good
3559.0,976.0,3573.0,4095.0,3551.0,3883.0,4095.0,4095.0,5.94,2.32,-3.92,-0.27,-0.04,-0.22,0.0,3555.0,3677.0,2763.0,3162.0,4095.0,4095.0,4095.0,4095.0,-1.9,-3.88,-4.98,4.28,4.54,-3.71,1.0,good
3556.0,963.0,3543.0,4095.0,3600.0,3905.0,4095.0,4095.0,3.46,1.59,-3.97,-0.39,0.41,-0.38,0.0,3523.0,3680.0,3187.0,3206.0,4095.0,4095.0,4095.0,4095.0,-8.62,-5.01,-17.29,2.59,1.38,-2.12,1.0,good
3568.0,970.0,3311.0,4095.0,3610.0,3907.0,4095.0,4095.0,6.03,1.93,-1.63,0.08,-0.22,-0.12,0.0,3343.0,3602.0,3815.0,3293.0,4095.0,4095.0,4095.0,4095.0,-5.07,-1.92,-10.93,0.13,0.36,0.24,1.0,good
3569.0,958.0,4095.0,4095.0,3600.0,3897.0,4095.0,4095.0,6.45,2.45,-4.38,-0.06,-0.12,0.02,0.0,3376.0,3581.0,3965.0,3303.0,4095.0,4095.0,4095.0,4095.0,-4.15,-1.54,-9.95,0.03,0.15,0.01,1.0,good
3547.0,947.0,4095.0,4095.0,3629.0,3863.0,4095.0,4095.0,5.16,2.2,-3.76,-0.05,0.05,-0.17,0.0,3350.0,3583.0,4095.0,3307.0,4095.0,4095.0,4095.0,4095.0,-3.42,-1.28,-8.67,-0.08,-0.0,-0.04,1.0,good
3553.0,950.0,4095.0,4095.0,3638.0,3865.0,4095.0,4095.0,5.9,2.52,-3.83,0.04,0.14,-0.11,0.0,3298.0,3596.0,4095.0,3301.0,4095.0,4095.0,4095.0,4095.0,-3.42,-1.3,-8.57,-0.15,0.03,-0.04,1.0,good
3562.0,949.0,4095.0,4095.0,3643.0,3849.0,4095.0,4095.0,5.75,2.6,-3.77,0.05,0.15,-0.07,0.0,3279.0,3597.0,4095.0,3314.0,4095.0,4095.0,4095.0,4095.0,-3.43,-1.35,-8.72,-0.12,0.02,-0.02,1.0,good
3565.0,957.0,4095.0,4095.0,3663.0,3858.0,4095.0,4095.0,5.83,2.54,-3.82,0.04,-0.0,-0.15,0.0,3279.0,3581.0,4095.0,3302.0,4095.0,4095.0,4095.0,4095.0,-3.45,-1.32,-8.96,-0.04,-0.05,-0.04,1.0,good
3555.0,975.0,4095.0,4095.0,3643.0,3879.0,4095.0,4095.0,5.71,2.35,-3.79,0.03,-0.01,-0.15,0.0,3280.0,3577.0,4095.0,3305.0,4095.0,4095.0,4095.0,4095.0,-3.55,-1.83,-9.07,-0.01,0.07,-0.07,1.0,good
3570.0,954.0,4095.0,4095.0,3659.0,3884.0,4095.0,4095.0,5.52,2.21,-3.67,0.11,-0.11,-0.18,0.0,3275.0,3569.0,4095.0,3293.0,4095.0,4095.0,4095.0,4095.0,-3.25,-1.43,-8.52,0.0,0.04,-0.11,1.0,good
3555.0,952.0,4095.0,4095.0,3664.0,3866.0,4095.0,4095.0,5.8,2.46,-3.99,0.08,-0.05,-0.21,0.0,3273.0,3571.0,4095.0,3311.0,4095.0,4095.0,4095.0,4095.0,-3.23,-1.68,-8.95,-0.05,-0.03,-0.13,1.0,good
3537.0,966.0,4095.0,4095.0,3643.0,3899.0,4095.0,4095.0,5.56,2.36,-3.78,0.02,-0.05,-0.18,0.0,3270.0,3571.0,4095.0,3317.0,4095.0,4095.0,4095.0,4095.0,-3.5,-1.91,-8.96,-0.06,0.02,-0.01,1.0,good
3559.0,960.0,4095.0,4095.0,3683.0,3888.0,4095.0,4095.0,5.52,2.29,-4.02,-0.01,-0.03,-0.15,0.0,3270.0,3569.0,4095.0,3313.0,4095.0,4095.0,4095.0,4095.0,-3.4,-1.83,-8.98,-0.08,0.04,-0.01,1.0,good
3572.0,960.0,4095.0,4095.0,3683.0,3861.0,4095.0,4095.0,5.59,2.18,-4.02,-0.03,0.02,-0.17,0.0,3270.0,3567.0,4095.0,3321.0,4095.0,4095.0,4095.0,4095.0,-3.01,-1.65,-8.88,-0.04,0.0,-0.06,1.0,good
3567.0,976.0,4095.0,4095.0,3666.0,3888.0,4095.0,4095.0,5.34,2.42,-4.18,-0.07,0.08,-0.16,0.0,3259.0,3575.0,4095.0,3314.0,4095.0,4095.0,4095.0,4095.0,-3.37,-1.76,-8.94,-0.13,-0.0,-0.07,1.0,good
4018.0,963.0,4095.0,3969.0,3085.0,3921.0,4095.0,4095.0,5.49,1.85,-3.64,0.04,0.04,-0.25,0.0,3696.0,3707.0,3430.0,3290.0,4095.0,4095.0,4095.0,4095.0,-4.91,-2.32,-7.73,-0.4,-0.16,-0.07,1.0,good
4011.0,951.0,4095.0,3922.0,3628.0,3889.0,4095.0,4095.0,6.1,1.99,-4.06,-0.01,-0.04,-0.12,0.0,3664.0,3728.0,3502.0,3255.0,4095.0,4095.0,4095.0,4095.0,-5.45,-1.79,-7.57,-0.39,-0.03,0.02,1.0,good
4014.0,946.0,4095.0,4095.0,3632.0,3827.0,4095.0,4095.0,5.83,1.75,-3.72,0.14,-0.05,-0.06,0.0,3658.0,3728.0,3475.0,3251.0,4095.0,4095.0,4095.0,4095.0,-5.88,-1.35,-8.23,-0.19,0.08,0.22,1.0,good
4009.0,944.0,4095.0,4095.0,3618.0,3847.0,4095.0,4095.0,5.7,1.9,-3.39,0.13,-0.06,-0.15,0.0,3655.0,3754.0,3469.0,3223.0,4095.0,4095.0,4095.0,4095.0,-6.97,-2.11,-12.86,-3.64,-1.93,1.66,1.0,good
4026.0,959.0,4095.0,3962.0,3657.0,3856.0,4095.0,4095.0,5.88,1.75,-3.79,-0.32,-0.06,-0.28,0.0,3679.0,3763.0,3799.0,3262.0,4095.0,4095.0,4095.0,4095.0,-2.68,4.7,2.51,-1.3,-0.58,0.75,1.0,good
4033.0,960.0,4095.0,3958.0,3669.0,3869.0,4095.0,4095.0,5.78,1.95,-3.37,-0.21,-0.05,-0.25,0.0,3691.0,3753.0,3853.0,3282.0,4095.0,4095.0,4095.0,4095.0,-5.79,7.69,0.64,0.11,-0.26,-0.13,1.0,good
4002.0,948.0,4095.0,3955.0,3639.0,3903.0,4095.0,4095.0,6.13,2.74,-3.69,-0.07,-0.12,-0.27,0.0,3616.0,3726.0,3562.0,3211.0,4095.0,4095.0,4095.0,4095.0,-3.46,-0.98,-7.31,3.53,3.18,-2.23,1.0,good
4011.0,945.0,4095.0,4042.0,3671.0,3900.0,4095.0,4095.0,4.53,2.28,-3.63,0.09,0.01,0.19,0.0,3387.0,3707.0,4095.0,3329.0,4095.0,4095.0,4095.0,4095.0,-9.12,-1.74,-13.53,0.47,0.93,-0.22,1.0,good
4038.0,964.0,4095.0,4047.0,3657.0,3901.0,4095.0,4095.0,5.83,2.97,-4.01,0.05,-0.15,-0.18,0.0,3314.0,3691.0,4095.0,3351.0,4095.0,4095.0,4095.0,4095.0,-4.18,-1.32,-8.22,0.07,0.12,-0.08,1.0,good
4057.0,962.0,4095.0,4091.0,3638.0,3901.0,4095.0,4095.0,5.75,2.95,-3.93,0.01,-0.08,-0.15,0.0,3315.0,3670.0,4095.0,3357.0,4095.0,4095.0,4095.0,4095.0,-4.03,-1.44,-8.83,0.04,0.09,-0.09,1.0,good
4011.0,957.0,4095.0,4050.0,3686.0,3899.0,4095.0,4095.0,5.63,2.71,-3.73,0.05,-0.13,-0.13,0.0,3333.0,3667.0,4095.0,3344.0,4095.0,4095.0,4095.0,4095.0,-3.96,-1.41,-8.71,-0.06,0.13,-0.04,1.0,good
4029.0,963.0,4095.0,4095.0,3677.0,3899.0,4095.0,4095.0,5.83,2.55,-4.11,0.07,0.04,-0.1,0.0,3321.0,3686.0,4095.0,3341.0,4095.0,4095.0,4095.0,4095.0,-3.94,-1.39,-8.79,-0.04,0.13,-0.05,1.0,good
4023.0,961.0,4095.0,4080.0,3670.0,3882.0,4095.0,4095.0,5.47,2.6,-3.45,-0.02,0.04,-0.17,0.0,3319.0,3664.0,4095.0,3343.0,4095.0,4095.0,4095.0,4095.0,-3.96,-1.58,-8.82,-0.06,0.01,-0.07,1.0,good
4006.0,957.0,4095.0,4095.0,3682.0,3886.0,4095.0,4095.0,5.85,2.61,-4.09,0.11,-0.03,-0.17,0.0,3319.0,3680.0,4095.0,3344.0,4095.0,4095.0,4095.0,4095.0,-3.87,-1.71,-8.82,-0.1,-0.01,-0.04,1.0,good
4022.0,967.0,4095.0,4080.0,3666.0,3878.0,4095.0,4095.0,5.7,2.53,-3.67,0.01,0.05,-0.13,0.0,3317.0,3681.0,4095.0,3343.0,4095.0,4095.0,4095.0,4095.0,-3.9,-1.67,-8.8,-0.11,0.0,-0.08,1.0,good
4048.0,976.0,4095.0,4095.0,3664.0,3902.0,4095.0,4095.0,5.63,2.61,-3.71,-0.0,0.02,-0.15,0.0,3332.0,3678.0,4095.0,3355.0,4095.0,4095.0,4095.0,4095.0,-3.67,-1.55,-8.81,-0.08,0.04,-0.05,1.0,good
4013.0,974.0,4095.0,4095.0,3687.0,3895.0,4095.0,4095.0,5.47,2.56,-3.67,0.03,-0.02,-0.15,0.0,3315.0,3673.0,4095.0,3344.0,4095.0,4095.0,4095.0,4095.0,-3.7,-1.54,-8.69,-0.07,0.07,-0.05,1.0,good
4037.0,960.0,4095.0,4081.0,3682.0,3889.0,4095.0,4095.0,5.49,2.43,-3.75,0.08,-0.0,-0.09,0.0,3326.0,3679.0,4095.0,3349.0,4095.0,4095.0,4095.0,4095.0,-3.69,-1.63,-8.48,-0.06,0.06,-0.04,1.0,good
4016.0,967.0,4095.0,4061.0,3679.0,3883.0,4095.0,4095.0,5.85,2.56,-3.79,0.04,-0.07,-0.15,0.0,3328.0,3680.0,4095.0,3347.0,4095.0,4095.0,4095.0,4095.0,-3.75,-1.67,-8.93,0.02,-0.06,-0.06,1.0,good
4017.0,976.0,4095.0,4095.0,3681.0,3879.0,4095.0,4095.0,5.58,2.48,-3.73,-0.01,-0.0,-0.14,0.0,3327.0,3663.0,4095.0,3345.0,4095.0,4095.0,4095.0,4095.0,-3.7,-1.55,-8.89,-0.12,0.06,-0.01,1.0,good
3907.0,960.0,4095.0,4095.0,3619.0,3774.0,4095.0,4095.0,5.76,1.88,-3.94,0.03,0.02,-0.27,0.0,3661.0,3920.0,4095.0,3340.0,4095.0,4095.0,4095.0,4095.0,-5.99,8.03,-0.21,-0.38,0.12,-0.06,1.0,good
3899.0,951.0,4095.0,4095.0,3634.0,3815.0,4095.0,4095.0,5.21,1.72,-3.76,0.12,-0.05,-0.32,0.0,3662.0,3920.0,4095.0,3344.0,4095.0,4095.0,4095.0,4095.0,-5.37,7.8,0.03,-0.29,-0.02,-0.11,1.0,good
3906.0,951.0,4095.0,4095.0,3647.0,3805.0,4095.0,4095.0,5.5,1.7,-4.07,-0.02,-0.02,-0.19,0.0,3649.0,3907.0,4095.0,3344.0,4095.0,4095.0,4095.0,4095.0,-5.0,7.69,1.04,0.12,-0.03,-0.18,1.0,good
3920.0,954.0,4095.0,4059.0,3647.0,3801.0,4095.0,4095.0,5.78,1.75,-4.4,-0.06,0.01,-0.14,0.0,3662.0,3913.0,4095.0,3325.0,4095.0,4095.0,4095.0,4095.0,-0.53,3.26,4.69,1.87,1.48,-1.61,1.0,good
3899.0,950.0,4095.0,4086.0,3622.0,3823.0,4095.0,4095.0,6.16,1.88,-3.8,-0.08,-0.06,-0.39,0.0,3581.0,3841.0,4095.0,3371.0,4095.0,4095.0,4095.0,4095.0,-7.3,-0.09,-12.49,1.24,1.42,-1.25,1.0,good
3899.0,963.0,4095.0,4095.0,3632.0,3769.0,4095.0,4095.0,5.58,2.31,-4.15,0.14,-0.59,-0.15,0.0,3391.0,3838.0,4095.0,3392.0,4095.0,4095.0,4095.0,4095.0,-6.12,-1.83,-10.93,-0.18,0.73,-0.14,1.0,good
3914.0,946.0,4095.0,4087.0,3639.0,3776.0,4095.0,4095.0,5.52,2.25,-3.94,-0.01,0.06,-0.12,0.0,3408.0,3824.0,4095.0,3413.0,4095.0,4095.0,4095.0,4095.0,-3.94,-1.34,-8.47,-0.09,0.2,0.0,1.0,good
3885.0,974.0,4095.0,4095.0,3661.0,3792.0,4095.0,4095.0,5.7,2.36,-4.14,-0.02,0.02,-0.12,0.0,3390.0,3825.0,4095.0,3380.0,4095.0,4095.0,4095.0,4095.0,-3.95,-1.49,-8.49,-0.09,0.05,-0.04,1.0,good
3906.0,957.0,4095.0,4095.0,3625.0,3823.0,4095.0,4095.0,5.56,2.22,-3.98,0.09,-0.01,-0.14,0.0,3391.0,3827.0,4095.0,3408.0,4095.0,4095.0,4095.0,4095.0,-3.9,-1.53,-8.55,-0.13,0.04,-0.01,1.0,good
3895.0,942.0,4095.0,4095.0,3639.0,3811.0,4095.0,4095.0,5.61,2.22,-3.79,0.04,-0.06,-0.21,0.0,3398.0,3823.0,4095.0,3402.0,4095.0,4095.0,4095.0,4095.0,-4.09,-1.53,-8.95,-0.17,-0.01,-0.05,1.0,good
3920.0,944.0,4095.0,4095.0,3638.0,3829.0,4095.0,4095.0,5.53,2.19,-3.68,0.04,0.07,-0.2,0.0,3399.0,3813.0,4095.0,3406.0,4095.0,4095.0,4095.0,4095.0,-3.9,-1.31,-8.34,-0.12,-0.09,-0.05,1.0,good
3901.0,949.0,4095.0,4063.0,3639.0,3735.0,4095.0,4095.0,5.61,2.36,-3.96,-0.02,-0.04,-0.13,0.0,3392.0,3824.0,4095.0,3418.0,4095.0,4095.0,4095.0,4095.0,-4.02,-1.54,-8.69,-0.09,-0.05,-0.01,1.0,good
3901.0,948.0,4095.0,4059.0,3663.0,3763.0,4095.0,4095.0,5.49,2.29,-3.93,-0.02,0.0,-0.13,0.0,3395.0,3839.0,4095.0,3413.0,4095.0,4095.0,4095.0,4095.0,-3.85,-1.3,-8.39,-0.08,-0.02,0.01,1.0,good
3901.0,940.0,4095.0,4095.0,3661.0,3795.0,4095.0,4095.0,5.37,2.26,-3.85,-0.02,0.02,-0.15,0.0,3406.0,3823.0,4095.0,3414.0,4095.0,4095.0,4095.0,4095.0,-3.74,-1.35,-8.55,0.04,-0.04,-0.02,1.0,good
3923.0,961.0,4095.0,4080.0,3645.0,3767.0,4095.0,4095.0,5.62,2.32,-4.04,0.0,-0.06,-0.14,0.0,3391.0,3822.0,4095.0,3419.0,4095.0,4095.0,4095.0,4095.0,-3.81,-1.37,-8.72,-0.01,-0.0,-0.03,1.0,good
3920.0,958.0,4095.0,4095.0,3661.0,3780.0,4095.0,4095.0,5.63,2.3,-3.99,-0.01,0.01,-0.13,0.0,3405.0,3832.0,4095.0,3427.0,4095.0,4095.0,4095.0,4095.0,-3.9,-1.45,-8.76,-0.04,0.05,-0.01,1.0,good
3911.0,963.0,4095.0,4095.0,3664.0,3782.0,4095.0,4095.0,5.61,2.29,-3.95,0.04,-0.06,-0.15,0.0,3398.0,3818.0,4095.0,3418.0,4095.0,4095.0,4095.0,4095.0,-3.88,-1.38,-8.66,-0.06,0.08,-0.04,1.0,good
3889.0,960.0,4095.0,4095.0,3650.0,3765.0,4095.0,4095.0,5.48,2.29,-3.79,0.03,-0.05,-0.16,0.0,3406.0,3807.0,4095.0,3419.0,4095.0,4095.0,4095.0,4095.0,-3.8,-1.35,-8.86,-0.07,0.05,-0.04,1.0,good
3882.0,967.0,4095.0,4095.0,3653.0,3779.0,4095.0,4095.0,5.49,2.31,-3.74,0.02,0.04,-0.16,0.0,3406.0,3809.0,4095.0,3426.0,4095.0,4095.0,4095.0,4095.0,-3.9,-1.41,-8.78,-0.07,0.06,-0.05,1.0,good
3887.0,962.0,4095.0,4095.0,3648.0,3781.0,4095.0,4095.0,5.5,2.28,-3.84,0.05,0.04,-0.15,0.0,3392.0,3810.0,4095.0,3427.0,4095.0,4095.0,4095.0,4095.0,-3.91,-1.44,-8.59,-0.07,0.01,-0.05,1.0,good
3370.0,983.0,2169.0,4095.0,3131.0,3226.0,3963.0,3621.0,9.31,-2.73,1.95,0.19,-0.19,-0.27,0.0,2139.0,4095.0,955.0,3303.0,4095.0,4095.0,4095.0,4095.0,-10.76,-5.33,-11.67,-2.05,-0.54,2.18,1.0,good
3443.0,994.0,4015.0,4095.0,3115.0,3227.0,3995.0,3979.0,9.9,-2.53,0.91,-0.27,0.22,0.15,0.0,2122.0,4095.0,1046.0,3242.0,4095.0,4095.0,4095.0,4095.0,-6.93,-4.38,-10.21,-3.23,-1.4,2.97,1.0,good
3104.0,969.0,1819.0,4095.0,3299.0,3440.0,4095.0,4095.0,9.69,-1.69,-0.28,-0.31,-1.69,-0.95,0.0,2205.0,4095.0,2855.0,3247.0,4095.0,4095.0,4095.0,4095.0,-0.79,3.53,3.68,-2.03,-1.09,1.39,1.0,good
3765.0,970.0,1060.0,4095.0,3251.0,3525.0,4095.0,4095.0,8.33,-0.46,-3.9,-0.34,-4.37,-1.59,0.0,3088.0,4095.0,3002.0,3247.0,4095.0,4095.0,4095.0,4095.0,-5.27,5.97,1.13,-0.7,0.57,0.48,1.0,good
3449.0,1073.0,953.0,4095.0,3318.0,3566.0,4095.0,4095.0,6.79,-0.04,-8.5,-1.47,-0.97,-1.11,0.0,3568.0,4095.0,3377.0,3264.0,4095.0,4095.0,4095.0,4095.0,-6.3,7.47,-0.32,0.09,-0.06,-0.05,1.0,good
4095.0,1044.0,1520.0,4095.0,3407.0,3760.0,4095.0,4095.0,4.31,1.31,-0.53,-0.77,0.28,-0.23,0.0,3556.0,4095.0,3429.0,3264.0,4095.0,4095.0,4095.0,4095.0,-5.64,6.75,0.66,0.31,0.09,-0.09,1.0,good
4095.0,1013.0,2203.0,4095.0,3471.0,3763.0,4095.0,4095.0,4.83,2.66,-3.07,0.26,-0.12,-0.1,0.0,3534.0,4095.0,3385.0,3227.0,4095.0,4095.0,4095.0,4095.0,-1.76,4.82,2.66,2.08,1.11,-0.99,1.0,good
4095.0,1012.0,2275.0,4095.0,3533.0,3808.0,4095.0,4095.0,4.8,3.71,-4.08,0.23,-0.13,-0.19,0.0,3567.0,4095.0,3193.0,3191.0,4095.0,4095.0,4095.0,4095.0,-6.14,-0.54,-10.55,2.48,1.62,-1.45,1.0,good
4095.0,1008.0,2373.0,4095.0,3472.0,3818.0,4095.0,4095.0,4.31,2.58,-3.43,0.22,0.42,-0.21,0.0,4095.0,4095.0,3318.0,3226.0,4095.0,4095.0,4095.0,4095.0,-5.13,-0.19,-9.81,1.48,0.92,-1.35,1.0,good
4095.0,1008.0,2369.0,4095.0,3504.0,3833.0,4095.0,4095.0,6.38,3.62,-4.52,0.03,-0.18,-0.21,0.0,3347.0,4095.0,3973.0,3273.0,4095.0,4095.0,4095.0,4095.0,-4.87,-0.96,-10.87,0.38,-0.08,-0.14,1.0,good
4095.0,1005.0,2379.0,4095.0,3509.0,3824.0,4095.0,4095.0,5.37,3.24,-3.82,0.02,-0.12,-0.15,0.0,3362.0,4095.0,3979.0,3307.0,4095.0,4095.0,4095.0,4095.0,-3.74,-1.13,-9.0,-0.08,0.09,-0.01,1.0,good
4095.0,1008.0,2448.0,4095.0,3520.0,3781.0,4095.0,4095.0,5.25,3.18,-3.71,0.05,-0.0,-0.13,0.0,3331.0,4095.0,3979.0,3310.0,4095.0,4095.0,4095.0,4095.0,-3.63,-1.07,-8.69,-0.08,0.06,-0.01,1.0,good
4095.0,1001.0,2458.0,4095.0,3504.0,3814.0,4095.0,4095.0,5.63,3.31,-4.13,0.06,0.05,-0.12,0.0,3346.0,4095.0,3959.0,3331.0,4095.0,4095.0,4095.0,4095.0,-3.57,-1.16,-8.89,-0.08,-0.01,-0.02,1.0,good
4095.0,1006.0,2494.0,4095.0,3520.0,3792.0,4095.0,4095.0,5.34,3.06,-3.9,0.04,0.01,-0.18,0.0,3347.0,4095.0,3983.0,3291.0,4095.0,4095.0,4095.0,4095.0,-3.45,-1.17,-8.86,-0.01,-0.01,-0.04,1.0,good
4095.0,1007.0,2509.0,4095.0,3521.0,3792.0,4095.0,4095.0,5.47,3.01,-3.84,0.02,-0.01,-0.17,0.0,3330.0,4095.0,4018.0,3315.0,4095.0,4095.0,4095.0,4095.0,-3.6,-1.27,-8.92,-0.12,0.04,-0.08,1.0,good
4095.0,990.0,2501.0,4095.0,3501.0,3785.0,4095.0,4095.0,5.07,3.03,-3.72,0.03,0.05,-0.15,0.0,3328.0,4095.0,4016.0,3315.0,4095.0,4095.0,4095.0,4095.0,-3.46,-1.2,-8.85,-0.14,0.06,-0.06,1.0,good
4095.0,1011.0,2477.0,4095.0,3509.0,3781.0,4095.0,4095.0,5.4,3.04,-3.91,0.07,-0.06,-0.19,0.0,3328.0,4095.0,4016.0,3312.0,4095.0,4095.0,4095.0,4095.0,-3.56,-1.21,-8.95,-0.09,-0.02,-0.04,1.0,good
4095.0,993.0,2479.0,4095.0,3536.0,3779.0,4095.0,4095.0,5.53,2.97,-3.87,0.04,0.05,-0.15,0.0,3327.0,4065.0,4095.0,3312.0,4095.0,4095.0,4095.0,4095.0,-3.28,-1.08,-9.0,-0.06,-0.0,-0.05,1.0,good
4095.0,1006.0,2476.0,4095.0,3529.0,3767.0,4095.0,4095.0,5.36,2.9,-3.74,0.03,-0.06,-0.19,0.0,3319.0,4063.0,4079.0,3295.0,4095.0,4095.0,4095.0,4095.0,-3.31,-1.06,-8.77,-0.13,0.12,-0.0,1.0,good
4095.0,991.0,2489.0,4095.0,3545.0,3774.0,4095.0,4095.0,5.56,2.87,-3.8,0.03,0.03,-0.16,0.0,3322.0,4049.0,4083.0,3313.0,4095.0,4095.0,4095.0,4095.0,-3.06,-0.89,-8.87,-0.12,-0.01,-0.04,1.0,good
3810.0,1035.0,986.0,4095.0,3441.0,3605.0,4095.0,4095.0,7.56,-0.84,-4.29,-0.54,0.15,-0.0,0.0,4095.0,4095.0,2067.0,3136.0,4095.0,4095.0,4095.0,4095.0,-7.57,-6.25,-14.87,-3.15,-0.55,2.82,1.0,good
3883.0,1009.0,989.0,4095.0,3543.0,3671.0,4095.0,4095.0,6.13,0.13,-4.87,-0.39,-0.29,-0.19,0.0,4095.0,4095.0,3714.0,3007.0,4095.0,4095.0,4095.0,4095.0,-2.87,-2.93,-5.06,-4.67,-2.27,3.04,1.0,good
3915.0,1023.0,1034.0,4095.0,3545.0,3699.0,4095.0,4095.0,6.91,0.35,-5.01,-0.68,-0.44,0.04,0.0,4095.0,4095.0,4017.0,2986.0,4095.0,4095.0,4095.0,4095.0,-4.47,5.53,2.31,-0.91,-0.01,0.4,1.0,good
3874.0,1003.0,1216.0,4095.0,3559.0,3759.0,4095.0,4095.0,5.94,1.04,-3.48,-0.49,-0.27,-0.19,0.0,3965.0,4016.0,4095.0,3053.0,4095.0,4095.0,4095.0,4095.0,-4.3,6.31,3.51,0.64,0.62,-0.34,1.0,good
3903.0,1007.0,1276.0,4095.0,3530.0,3760.0,4095.0,4095.0,5.66,1.59,-4.04,-0.47,0.01,-0.49,0.0,4095.0,3939.0,4095.0,3101.0,4095.0,4095.0,4095.0,4095.0,0.07,2.02,1.92,2.92,2.09,-2.09,1.0,good
3839.0,995.0,2740.0,4095.0,3542.0,3889.0,4095.0,4095.0,4.62,2.53,-4.38,-0.01,-0.43,-0.32,0.0,4095.0,3917.0,4095.0,3198.0,4095.0,4095.0,4095.0,4095.0,-6.96,-0.75,-12.98,2.05,1.86,-1.45,1.0,good
3849.0,991.0,2990.0,4095.0,3568.0,3874.0,4095.0,4095.0,4.23,2.32,-2.66,0.06,0.08,0.13,0.0,3371.0,3839.0,4095.0,3255.0,4095.0,4095.0,4095.0,4095.0,-3.25,-1.17,-8.49,0.23,0.05,-0.24,1.0,good
3883.0,993.0,2800.0,4095.0,3582.0,3900.0,4095.0,4095.0,5.52,2.57,-4.1,0.03,0.06,-0.09,0.0,3376.0,3824.0,4095.0,3275.0,4095.0,4095.0,4095.0,4095.0,-3.76,-1.69,-9.02,-0.0,0.04,-0.07,1.0,good
3859.0,997.0,2699.0,4095.0,3575.0,3883.0,4095.0,4095.0,5.66,2.66,-4.3,0.05,-0.04,-0.11,0.0,3328.0,3839.0,4095.0,3281.0,4095.0,4095.0,4095.0,4095.0,-3.71,-1.6,-9.03,-0.06,0.06,-0.05,1.0,good
3880.0,986.0,2559.0,4095.0,3578.0,3857.0,4095.0,4095.0,5.08,2.44,-3.89,0.02,0.1,-0.12,0.0,3329.0,3812.0,4095.0,3282.0,4095.0,4095.0,4095.0,4095.0,-3.64,-1.56,-8.74,-0.1,0.05,-0.05,1.0,good
3874.0,976.0,2558.0,4095.0,3600.0,3900.0,4095.0,4095.0,5.35,2.45,-4.06,-0.02,0.08,-0.12,0.0,3312.0,3837.0,4095.0,3280.0,4095.0,4095.0,4095.0,4095.0,-3.62,-1.67,-8.94,-0.1,0.06,-0.04,1.0,good
3864.0,990.0,2525.0,4095.0,3583.0,3862.0,4095.0,4095.0,5.44,2.37,-4.01,0.01,0.0,-0.14,0.0,3311.0,3825.0,4095.0,3280.0,4095.0,4095.0,4095.0,4095.0,-3.38,-1.54,-8.78,-0.02,0.02,-0.04,1.0,good
3888.0,979.0,2537.0,4095.0,3575.0,3873.0,4095.0,4095.0,5.56,2.42,-4.01,0.01,-0.02,-0.15,0.0,3312.0,3823.0,4095.0,3269.0,4095.0,4095.0,4095.0,4095.0,-3.45,-1.51,-8.89,-0.07,0.02,-0.02,1.0,good
3879.0,987.0,2490.0,4095.0,3578.0,3851.0,4095.0,4095.0,5.7,2.45,-4.04,0.03,-0.06,-0.21,0.0,3312.0,3818.0,4095.0,3274.0,4095.0,4095.0,4095.0,4095.0,-3.53,-1.51,-8.93,-0.07,0.07,-0.03,1.0,good
3856.0,983.0,2491.0,4095.0,3568.0,3860.0,4095.0,4095.0,5.4,2.38,-3.88,0.02,0.07,-0.11,0.0,3317.0,3834.0,4095.0,3279.0,4095.0,4095.0,4095.0,4095.0,-3.4,-1.5,-8.79,-0.1,0.06,-0.04,1.0,good
3883.0,977.0,2479.0,4095.0,3579.0,3890.0,4095.0,4095.0,5.6,2.46,-4.01,0.01,0.06,-0.16,0.0,3327.0,3824.0,4095.0,3274.0,4095.0,4095.0,4095.0,4095.0,-3.57,-1.57,-8.8,-0.11,0.07,-0.04,1.0,good
3874.0,976.0,2479.0,4095.0,3606.0,3888.0,4095.0,4095.0,5.58,2.4,-3.79,-0.01,0.04,-0.18,0.0,3318.0,3815.0,4095.0,3272.0,4095.0,4095.0,4095.0,4095.0,-3.41,-1.53,-8.96,-0.06,-0.01,-0.03,1.0,good
3889.0,983.0,2483.0,4095.0,3583.0,3937.0,4095.0,4095.0,5.37,2.35,-3.9,0.01,0.02,-0.15,0.0,3309.0,3825.0,4095.0,3270.0,4095.0,4095.0,4095.0,4095.0,-3.44,-1.5,-8.83,-0.08,0.02,-0.03,1.0,good
3879.0,976.0,2463.0,4095.0,3603.0,3885.0,4095.0,4095.0,5.41,2.37,-3.76,0.04,-0.01,-0.17,0.0,3312.0,3824.0,4095.0,3280.0,4095.0,4095.0,4095.0,4095.0,-3.21,-1.38,-8.73,-0.08,-0.0,-0.06,1.0,good
3878.0,976.0,2464.0,4095.0,3583.0,3885.0,4095.0,4095.0,5.52,2.44,-4.0,0.03,0.01,-0.19,0.0,3301.0,3814.0,4095.0,3271.0,4095.0,4095.0,4095.0,4095.0,-3.15,-1.42,-8.93,-0.03,-0.04,-0.05,1.0,good
4095.0,1008.0,1040.0,4095.0,3692.0,4095.0,4095.0,4095.0,5.97,1.77,-3.69,-0.06,-0.1,-0.48,0.0,3504.0,3910.0,4095.0,3061.0,4095.0,4095.0,4095.0,4095.0,-6.78,7.31,-0.73,-0.12,-0.03,-0.0,1.0,good
2021.0,977.0,1017.0,4095.0,3567.0,4095.0,4095.0,4095.0,6.05,1.73,-3.86,0.03,0.11,-0.1,0.0,3509.0,3923.0,4095.0,3118.0,4095.0,4095.0,4095.0,4095.0,-6.04,7.66,-0.45,-0.12,-0.05,-0.02,1.0,good
2094.0,981.0,1021.0,4095.0,3606.0,4095.0,4095.0,4095.0,5.96,1.69,-3.73,-0.04,0.1,-0.08,0.0,3504.0,3941.0,4095.0,3111.0,4095.0,4095.0,4095.0,4095.0,-6.05,7.35,0.71,0.09,-0.07,-0.06,1.0,good
3492.0,985.0,1274.0,4095.0,3541.0,4095.0,4095.0,4095.0,5.98,1.99,-3.8,0.02,-0.12,-0.13,0.0,3546.0,3941.0,4095.0,3114.0,4095.0,4095.0,4095.0,4095.0,-2.69,5.69,3.74,0.83,0.23,-0.41,1.0,good
3554.0,994.0,1341.0,4095.0,3616.0,4095.0,4095.0,4095.0,6.12,1.8,-3.88,-0.13,-0.14,-0.3,0.0,3553.0,3911.0,4095.0,3152.0,4095.0,4095.0,4095.0,4095.0,-1.62,2.02,0.02,2.45,1.7,-1.47,1.0,good
3744.0,964.0,1710.0,4095.0,3632.0,3967.0,4095.0,4095.0,5.55,1.38,-2.33,0.05,-0.43,-0.43,0.0,3520.0,3908.0,4095.0,3169.0,4095.0,4095.0,4095.0,4095.0,-8.21,-1.68,-11.96,2.18,2.19,-2.1,1.0,good
4095.0,971.0,2383.0,4095.0,3632.0,4065.0,4095.0,4095.0,5.26,2.01,-3.55,-0.08,0.13,0.02,0.0,3440.0,3888.0,4095.0,3163.0,4095.0,4095.0,4095.0,4095.0,-6.27,-1.21,-11.58,1.11,1.67,-1.15,1.0,good
4095.0,975.0,1873.0,4095.0,3648.0,4094.0,4095.0,4095.0,5.86,2.32,-4.15,-0.09,0.09,-0.11,0.0,3344.0,3863.0,4095.0,3186.0,4095.0,4095.0,4095.0,4095.0,-4.56,-1.68,-9.26,0.02,0.39,-0.08,1.0,good
4095.0,973.0,1648.0,4095.0,3634.0,4089.0,4095.0,4095.0,5.67,2.25,-3.9,-0.05,-0.02,-0.12,0.0,3311.0,3861.0,4095.0,3195.0,4095.0,4095.0,4095.0,4095.0,-4.38,-1.69,-8.6,-0.09,0.37,0.0,1.0,good
4095.0,976.0,1358.0,4095.0,3651.0,4095.0,4095.0,4095.0,5.49,2.29,-4.15,0.05,-0.02,-0.1,0.0,3279.0,3842.0,4095.0,3191.0,4095.0,4095.0,4095.0,4095.0,-4.13,-1.64,-8.8,-0.21,0.31,-0.01,1.0,good
4095.0,966.0,1351.0,4095.0,3606.0,4044.0,4095.0,4095.0,5.23,2.33,-3.65,0.09,0.06,-0.15,0.0,3285.0,3840.0,4095.0,3183.0,4095.0,4095.0,4095.0,4095.0,-3.84,-1.38,-8.36,-0.09,0.19,-0.09,1.0,good
4095.0,960.0,1741.0,4095.0,3631.0,4037.0,4095.0,4095.0,5.66,2.12,-4.02,-0.02,0.08,-0.14,0.0,3267.0,3834.0,4095.0,3200.0,4095.0,4095.0,4095.0,4095.0,-3.6,-1.69,-8.36,-0.04,0.02,-0.02,1.0,good
4095.0,963.0,1776.0,4095.0,3653.0,4031.0,4095.0,4095.0,5.51,1.93,-4.13,-0.01,0.05,-0.19,0.0,3267.0,3846.0,4095.0,3225.0,4095.0,4095.0,4095.0,4095.0,-3.09,-1.34,-8.36,-0.01,-0.19,-0.03,1.0,good
4095.0,959.0,1792.0,4095.0,3675.0,4067.0,4095.0,4095.0,5.49,2.06,-3.35,-0.03,-0.02,-0.13,0.0,3251.0,3830.0,4095.0,3217.0,4095.0,4095.0,4095.0,4095.0,-3.5,-1.19,-8.81,0.07,-0.07,-0.07,1.0,good
4095.0,969.0,1791.0,4095.0,3694.0,4058.0,4095.0,4095.0,5.91,2.21,-4.01,0.05,-0.03,-0.21,0.0,3258.0,3833.0,4095.0,3215.0,4095.0,4095.0,4095.0,4095.0,-3.24,-1.3,-9.19,-0.06,-0.23,-0.05,1.0,good
4095.0,975.0,1786.0,4095.0,3694.0,4078.0,4095.0,4095.0,5.31,2.43,-3.77,-0.04,0.06,-0.11,0.0,3251.0,3831.0,4095.0,3215.0,4095.0,4095.0,4095.0,4095.0,-3.5,-1.44,-8.76,-0.09,0.05,0.01,1.0,good
4095.0,961.0,1787.0,4095.0,3669.0,4071.0,4095.0,4095.0,5.93,2.32,-4.06,0.02,0.02,-0.11,0.0,3249.0,3835.0,4095.0,3217.0,4095.0,4095.0,4095.0,4095.0,-3.29,-1.45,-8.83,-0.06,0.08,-0.02,1.0,good
4095.0,967.0,1765.0,4095.0,3652.0,4061.0,4095.0,4095.0,5.99,2.19,-4.08,-0.03,0.16,-0.01,0.0,3246.0,3801.0,4095.0,3227.0,4095.0,4095.0,4095.0,4095.0,-3.21,-1.5,-8.94,-0.05,0.05,-0.08,1.0,good
4095.0,966.0,1759.0,4095.0,3653.0,4045.0,4095.0,4095.0,5.88,2.05,-3.9,0.04,0.07,-0.08,0.0,3238.0,3809.0,4095.0,3239.0,4095.0,4095.0,4095.0,4095.0,-3.48,-1.53,-9.18,-0.09,-0.07,-0.08,1.0,good
4095.0,970.0,1685.0,4095.0,3674.0,3975.0,4095.0,4095.0,5.74,2.03,-3.66,0.05,-0.03,-0.22,0.0,3248.0,3809.0,4095.0,3234.0,4095.0,4095.0,4095.0,4095.0,-3.48,-1.47,-8.88,-0.1,0.07,-0.1,1.0,good
4095.0,1149.0,1002.0,4025.0,3543.0,3648.0,4095.0,4095.0,6.07,1.34,-3.86,-0.21,0.07,-0.19,0.0,3627.0,3899.0,4095.0,3219.0,4095.0,4095.0,4095.0,4095.0,-6.02,8.0,0.06,-0.0,0.09,-0.09,1.0,good
4095.0,1220.0,1674.0,4079.0,3645.0,3891.0,4095.0,4095.0,5.91,1.47,-3.71,-0.02,-0.0,-0.14,0.0,3606.0,3877.0,4095.0,3192.0,4095.0,4095.0,4095.0,4095.0,-5.55,7.8,0.4,-0.08,0.08,-0.03,1.0,good
4095.0,1232.0,1722.0,4063.0,3631.0,3935.0,4095.0,4095.0,5.98,1.61,-3.61,0.01,0.05,-0.12,0.0,3618.0,3888.0,4095.0,3184.0,4095.0,4095.0,4095.0,4095.0,-5.74,7.64,0.18,0.04,-0.13,-0.06,1.0,good
4095.0,1189.0,1569.0,4013.0,3664.0,3914.0,4095.0,4095.0,6.28,1.63,-3.95,0.01,0.21,-0.25,0.0,3581.0,3874.0,4095.0,3178.0,4095.0,4095.0,4095.0,4095.0,-2.9,5.94,3.08,0.74,0.55,-0.53,1.0,good
4095.0,1158.0,1508.0,4015.0,3659.0,3892.0,4095.0,4095.0,6.32,2.09,-4.59,-0.17,0.01,-0.44,0.0,3609.0,3888.0,4095.0,3185.0,4095.0,4095.0,4095.0,4095.0,-5.24,-1.83,-10.23,3.92,2.69,-1.96,1.0,good
4095.0,1102.0,1687.0,4052.0,3673.0,3920.0,4095.0,4095.0,5.4,2.08,-3.85,-0.24,-0.03,-0.25,0.0,3557.0,3907.0,4095.0,3191.0,4095.0,4095.0,4095.0,4095.0,-8.77,-1.15,-16.22,2.17,1.82,-1.55,1.0,good
4095.0,1087.0,1519.0,4060.0,3651.0,3919.0,4095.0,4095.0,5.86,1.91,-3.2,0.19,-0.67,-0.12,0.0,3334.0,3715.0,4095.0,3275.0,4095.0,4095.0,4095.0,4095.0,-3.5,-2.08,-7.74,-0.15,0.02,-0.22,1.0,good
4095.0,1093.0,1506.0,4079.0,3664.0,3875.0,4095.0,4095.0,5.73,2.36,-3.86,0.0,-0.09,-0.15,0.0,3350.0,3711.0,4095.0,3273.0,4095.0,4095.0,4095.0,4095.0,-3.7,-1.79,-8.61,-0.04,0.08,-0.05,1.0,good
4095.0,1074.0,1488.0,4095.0,3653.0,3863.0,4095.0,4095.0,5.75,2.53,-4.03,0.04,-0.02,-0.13,0.0,3342.0,3727.0,4095.0,3278.0,4095.0,4095.0,4095.0,4095.0,-3.65,-1.8,-8.71,-0.03,0.01,-0.05,1.0,good
4095.0,1083.0,1436.0,4095.0,3669.0,3867.0,4095.0,4095.0,5.8,2.37,-3.79,-0.0,0.07,-0.13,0.0,3335.0,3717.0,4095.0,3277.0,4095.0,4095.0,4095.0,4095.0,-3.73,-1.81,-8.65,-0.06,0.05,-0.01,1.0,good
4095.0,1088.0,1427.0,4066.0,3654.0,3870.0,4095.0,4095.0,5.71,2.39,-3.72,0.05,-0.06,-0.16,0.0,3358.0,3719.0,4095.0,3280.0,4095.0,4095.0,4095.0,4095.0,-3.75,-1.86,-8.71,-0.09,0.1,-0.03,1.0,good
4095.0,1077.0,1232.0,4095.0,3663.0,3819.0,4095.0,4095.0,5.63,2.33,-3.61,0.08,-0.04,-0.14,0.0,3339.0,3714.0,4095.0,3270.0,4095.0,4095.0,4095.0,4095.0,-3.51,-2.06,-8.81,-0.1,0.22,-0.1,1.0,good
4095.0,1085.0,1183.0,4093.0,3660.0,3809.0,4095.0,4095.0,5.5,2.33,-3.93,0.03,-0.05,-0.17,0.0,3327.0,3687.0,4095.0,3255.0,4095.0,4095.0,4095.0,4095.0,-3.72,-1.98,-8.68,-0.07,0.07,-0.05,1.0,good
4095.0,1084.0,1155.0,4085.0,3677.0,3820.0,4095.0,4095.0,5.59,2.27,-3.91,0.02,-0.01,-0.16,0.0,3344.0,3713.0,4095.0,3279.0,4095.0,4095.0,4095.0,4095.0,-3.47,-1.96,-8.49,-0.12,0.04,-0.03,1.0,good
4095.0,1079.0,1146.0,4087.0,3683.0,3841.0,4095.0,4095.0,5.67,2.3,-3.85,0.01,0.05,-0.14,0.0,3331.0,3721.0,4095.0,3277.0,4095.0,4095.0,4095.0,4095.0,-3.49,-1.97,-8.62,-0.09,0.03,-0.03,1.0,good
4095.0,1075.0,1134.0,4095.0,3690.0,3824.0,4095.0,4095.0,5.63,2.28,-3.9,0.04,-0.01,-0.15,0.0,3321.0,3716.0,4095.0,3283.0,4095.0,4095.0,4095.0,4095.0,-3.52,-1.91,-8.66,-0.05,0.0,-0.06,1.0,good
4095.0,1068.0,1073.0,4091.0,3649.0,3811.0,4095.0,4095.0,5.76,2.29,-4.1,0.01,-0.03,-0.17,0.0,3328.0,3692.0,4095.0,3283.0,4095.0,4095.0,4095.0,4095.0,-3.62,-2.0,-8.66,-0.14,0.03,-0.01,1.0,good
4095.0,1072.0,1073.0,4048.0,3681.0,3823.0,4095.0,4095.0,5.65,2.27,-3.87,0.02,0.02,-0.15,0.0,3318.0,3696.0,4095.0,3283.0,4095.0,4095.0,4095.0,4095.0,-3.53,-1.81,-8.57,-0.1,0.01,-0.01,1.0,good
4095.0,1085.0,1065.0,4095.0,3673.0,3813.0,4095.0,4095.0,5.69,2.29,-3.79,0.01,-0.0,-0.15,0.0,3313.0,3705.0,4095.0,3280.0,4095.0,4095.0,4095.0,4095.0,-3.65,-1.77,-8.74,-0.09,0.03,-0.03,1.0,good
4095.0,1082.0,1066.0,4075.0,3651.0,3830.0,4095.0,4095.0,5.87,2.36,-3.9,0.0,0.01,-0.16,0.0,3328.0,3686.0,4095.0,3290.0,4095.0,4095.0,4095.0,4095.0,-3.68,-1.77,-8.83,-0.1,0.04,-0.02,1.0,good
3269.0,1007.0,944.0,3918.0,3158.0,3029.0,3666.0,3128.0,7.27,-0.63,-4.07,0.94,-1.07,0.44,0.0,3435.0,3573.0,2765.0,3573.0,4095.0,4095.0,4095.0,4095.0,-5.49,-3.87,-8.4,0.42,0.07,-0.25,1.0,good
3161.0,1019.0,979.0,3899.0,3175.0,2966.0,3565.0,2975.0,6.98,-0.92,-2.43,-0.0,0.21,-0.21,0.0,3490.0,3565.0,2830.0,3547.0,4095.0,4095.0,4095.0,4095.0,-5.79,-2.91,-7.78,-0.08,-0.17,0.04,1.0,good
3081.0,983.0,1147.0,3924.0,3218.0,3129.0,3755.0,3110.0,7.33,-1.17,-4.05,-0.16,-0.16,0.03,0.0,3143.0,4095.0,4095.0,3536.0,4095.0,4095.0,4095.0,4095.0,-7.64,-3.75,-9.7,-0.34,-0.38,0.45,1.0,good
3569.0,985.0,921.0,3975.0,3184.0,3201.0,3969.0,3500.0,7.53,-0.63,-3.61,-0.38,-0.05,0.09,0.0,4095.0,4005.0,4095.0,3287.0,4095.0,4095.0,4095.0,4095.0,0.07,1.49,1.7,-3.2,-2.23,2.32,1.0,good
3772.0,992.0,939.0,4095.0,3431.0,3442.0,4095.0,4081.0,8.48,0.59,-5.92,-1.5,-0.8,-0.66,0.0,4095.0,3975.0,4095.0,3280.0,4095.0,4095.0,4095.0,4095.0,-2.66,5.39,4.45,-0.91,0.25,0.67,1.0,good
3790.0,973.0,1023.0,4048.0,3654.0,3875.0,4095.0,4095.0,5.4,1.08,-1.73,-0.44,-0.02,-0.16,0.0,4095.0,3879.0,4095.0,3325.0,4095.0,4095.0,4095.0,4095.0,-5.87,7.05,1.34,0.06,0.07,-0.03,1.0,good
3767.0,961.0,1046.0,4019.0,3652.0,3899.0,4095.0,4095.0,5.96,2.37,-4.46,0.03,0.06,-0.17,0.0,3888.0,3855.0,4095.0,3319.0,4095.0,4095.0,4095.0,4095.0,-1.2,1.4,1.8,3.23,2.47,-1.94,1.0,good
3794.0,991.0,988.0,4051.0,3639.0,3888.0,4095.0,4095.0,5.65,2.49,-3.76,0.09,-0.06,-0.29,0.0,3849.0,3859.0,4095.0,3421.0,4095.0,4095.0,4095.0,4095.0,-8.27,-1.21,-15.2,2.04,1.73,-1.33,1.0,good
3802.0,978.0,961.0,4095.0,3664.0,3927.0,4095.0,4095.0,5.76,2.5,-4.46,0.08,-0.67,-0.26,0.0,3335.0,3815.0,4095.0,3439.0,4095.0,4095.0,4095.0,4095.0,-9.28,-3.22,-14.45,-0.62,1.37,0.04,1.0,good
3792.0,971.0,1038.0,4095.0,3696.0,3903.0,4095.0,4095.0,4.81,2.76,-3.97,-0.11,0.1,-0.21,0.0,3371.0,3806.0,4095.0,3443.0,4095.0,4095.0,4095.0,4095.0,-4.27,-1.57,-8.48,-0.11,-0.03,-0.07,1.0,good
3792.0,975.0,1039.0,4093.0,3682.0,3915.0,4095.0,4095.0,5.36,2.56,-4.11,-0.04,-0.05,-0.17,0.0,3344.0,3813.0,4095.0,3458.0,4095.0,4095.0,4095.0,4095.0,-4.16,-1.9,-9.44,-0.07,0.04,-0.01,1.0,good
3806.0,981.0,1072.0,4095.0,3686.0,3881.0,4095.0,4095.0,5.0,2.6,-3.93,0.03,0.06,-0.18,0.0,3333.0,3807.0,4095.0,3466.0,4095.0,4095.0,4095.0,4095.0,-4.1,-1.46,-8.09,-0.07,-0.08,-0.04,1.0,good
3791.0,972.0,1073.0,4080.0,3671.0,3891.0,4095.0,4095.0,5.25,2.69,-4.22,0.05,-0.04,-0.14,0.0,3303.0,3806.0,4095.0,3454.0,4095.0,4095.0,4095.0,4095.0,-3.72,-1.5,-8.43,-0.06,-0.08,-0.03,1.0,good
3802.0,973.0,1097.0,4095.0,3696.0,3897.0,4095.0,4095.0,5.19,2.58,-4.04,0.09,0.04,-0.13,0.0,3298.0,3798.0,4095.0,3445.0,4095.0,4095.0,4095.0,4095.0,-3.78,-1.46,-8.44,-0.01,-0.06,-0.05,1.0,good
3817.0,959.0,1095.0,4095.0,3687.0,3886.0,4095.0,4095.0,5.2,2.63,-4.03,0.0,-0.02,-0.17,0.0,271.0,3809.0,4095.0,3458.0,4095.0,4095.0,4095.0,4095.0,-3.78,-1.51,-8.3,-0.07,-0.02,-0.02,1.0,good
3805.0,972.0,1087.0,4059.0,3668.0,3918.0,4095.0,4095.0,5.11,2.56,-3.92,0.02,0.08,-0.12,0.0,3266.0,3810.0,4095.0,3457.0,4095.0,4095.0,4095.0,4095.0,-3.68,-1.56,-8.71,-0.05,-0.03,-0.03,1.0,good
3796.0,960.0,1066.0,4094.0,3712.0,3913.0,4095.0,4095.0,5.32,2.58,-4.07,0.05,-0.04,-0.15,0.0,3264.0,3803.0,4095.0,3468.0,4095.0,4095.0,4095.0,4095.0,-3.88,-1.59,-8.8,-0.06,-0.02,-0.02,1.0,good
3797.0,970.0,1077.0,4082.0,3705.0,3920.0,4095.0,4095.0,5.52,2.6,-4.05,0.02,-0.01,-0.16,0.0,3277.0,3803.0,4095.0,3446.0,4095.0,4095.0,4095.0,4095.0,-3.81,-1.61,-8.75,-0.05,-0.03,-0.03,1.0,good
3821.0,959.0,1077.0,4095.0,3698.0,3929.0,4095.0,4095.0,5.28,2.58,-3.96,0.01,0.01,-0.15,0.0,3275.0,3818.0,4095.0,3458.0,4095.0,4095.0,4095.0,4095.0,-3.8,-1.55,-8.74,-0.07,0.04,-0.04,1.0,good
3808.0,966.0,1087.0,4095.0,3693.0,3909.0,4095.0,4095.0,5.27,2.6,-4.01,0.01,0.05,-0.15,0.0,3258.0,3799.0,4095.0,3446.0,4095.0,4095.0,4095.0,4095.0,-3.69,-1.56,-8.18,-0.03,-0.01,-0.06,1.0,good
3062.0,2982.0,2692.0,4095.0,3476.0,3629.0,4095.0,3579.0,7.51,-0.12,-1.3,-0.19,0.3,-0.18,0.0,2127.0,3342.0,2834.0,2885.0,4095.0,3983.0,4095.0,4095.0,-9.18,-2.26,-12.3,-0.65,-0.11,0.58,1.0,good
2978.0,2394.0,2534.0,4095.0,3482.0,3867.0,4095.0,4086.0,8.3,0.34,-1.9,-0.29,-0.83,-0.22,0.0,1072.0,4095.0,4095.0,3057.0,4095.0,4095.0,4095.0,4095.0,-4.68,-2.71,-6.56,-3.56,-1.89,2.09,1.0,good
4049.0,2785.0,3346.0,4039.0,3564.0,4016.0,4095.0,4095.0,7.1,0.19,-3.3,-0.37,-1.46,-0.47,0.0,1097.0,4095.0,4095.0,3266.0,4095.0,4095.0,4095.0,4095.0,-3.73,5.31,3.83,-1.53,-0.01,0.79,1.0,good
4080.0,2443.0,3506.0,3971.0,3536.0,4065.0,4095.0,4095.0,6.82,0.85,-3.52,-0.3,-0.6,-0.34,0.0,955.0,4032.0,4095.0,3308.0,4095.0,4095.0,4095.0,4095.0,-6.75,6.0,1.15,-0.01,0.31,-0.05,1.0,good
4075.0,2266.0,3623.0,3945.0,3577.0,4078.0,4095.0,4095.0,5.56,1.98,-3.71,-0.55,0.08,-0.29,0.0,951.0,3999.0,4095.0,3316.0,4095.0,4095.0,4095.0,4095.0,-2.56,3.94,3.81,1.77,1.17,-0.45,1.0,good
4083.0,1822.0,3616.0,3952.0,3566.0,4095.0,4095.0,4095.0,5.3,2.07,-3.19,-0.3,-0.12,-0.34,0.0,966.0,3978.0,4095.0,3305.0,4095.0,4095.0,4095.0,4095.0,-1.66,1.02,-3.0,3.68,2.26,-1.85,1.0,good
4095.0,1605.0,3669.0,3982.0,3545.0,4035.0,4095.0,4095.0,5.27,2.15,-3.67,-0.2,-0.3,-0.21,0.0,971.0,3974.0,4095.0,3311.0,4095.0,4095.0,4095.0,4095.0,-6.95,-1.24,-12.46,3.07,1.87,-1.56,1.0,good
4095.0,1237.0,3748.0,4095.0,3583.0,4018.0,4095.0,4095.0,3.09,2.04,-2.88,0.03,-0.05,0.34,0.0,1043.0,3936.0,4095.0,3333.0,4095.0,4095.0,4095.0,4095.0,-5.92,-2.13,-13.63,1.24,1.0,-1.04,1.0,good
4095.0,1193.0,3749.0,4095.0,3632.0,4074.0,4095.0,4095.0,6.11,3.09,-5.12,0.1,-0.11,-0.09,0.0,3559.0,3850.0,4095.0,3363.0,4095.0,4095.0,4095.0,4095.0,-3.63,-1.38,-9.04,0.19,-1.01,-0.3,1.0,good
4095.0,1181.0,3750.0,4095.0,3531.0,4044.0,4095.0,4095.0,5.86,2.62,-4.19,-0.03,-0.16,-0.19,0.0,3541.0,3856.0,4095.0,3377.0,4095.0,4095.0,4095.0,4095.0,-3.98,-1.58,-8.61,-0.09,-0.04,-0.04,1.0,good
4095.0,1193.0,3761.0,4095.0,3559.0,4023.0,4095.0,4095.0,5.15,2.51,-4.0,-0.04,-0.01,-0.12,0.0,3549.0,3866.0,4095.0,3397.0,4095.0,4095.0,4095.0,4095.0,-3.77,-1.78,-8.78,-0.07,0.07,0.0,1.0,good
4095.0,1168.0,3790.0,4095.0,3535.0,4053.0,4095.0,4095.0,4.85,2.34,-4.1,0.08,-0.04,-0.14,0.0,3554.0,3850.0,4095.0,3395.0,4095.0,4095.0,4095.0,4095.0,-3.7,-1.72,-8.55,-0.04,0.03,-0.04,1.0,good
4095.0,1171.0,3776.0,4095.0,3563.0,4095.0,4095.0,4095.0,5.61,2.5,-4.16,0.1,0.03,-0.13,0.0,3521.0,3840.0,4095.0,3405.0,4095.0,4095.0,4095.0,4095.0,-3.51,-1.79,-9.05,-0.03,-0.04,-0.03,1.0,good
4095.0,1182.0,3775.0,4095.0,3568.0,4095.0,4095.0,4095.0,5.16,2.22,-4.14,-0.0,-0.03,-0.14,0.0,3509.0,3859.0,4095.0,3410.0,4095.0,4095.0,4095.0,4095.0,-3.75,-1.84,-8.86,-0.09,0.04,-0.02,1.0,good
4095.0,1185.0,3757.0,4095.0,3573.0,4095.0,4095.0,4095.0,5.19,2.39,-4.36,0.04,-0.01,-0.14,0.0,3494.0,3847.0,4095.0,3408.0,4095.0,4095.0,4095.0,4095.0,-3.64,-1.9,-8.96,-0.08,0.01,-0.04,1.0,good
4095.0,1193.0,3779.0,4095.0,3622.0,4023.0,4095.0,4095.0,5.15,2.24,-4.03,0.01,0.01,-0.16,0.0,3499.0,3844.0,4095.0,3418.0,4095.0,4095.0,4095.0,4095.0,-3.49,-1.9,-8.71,-0.08,0.06,-0.07,1.0,good
4095.0,1175.0,3775.0,4095.0,3599.0,4013.0,4095.0,4095.0,5.07,2.32,-4.02,0.02,0.03,-0.17,0.0,3469.0,3835.0,4095.0,3420.0,4095.0,4095.0,4095.0,4095.0,-3.61,-1.87,-8.53,-0.09,0.02,-0.04,1.0,good
4095.0,1177.0,3753.0,4095.0,3583.0,4012.0,4095.0,4095.0,5.12,2.33,-4.12,0.03,0.06,-0.12,0.0,3478.0,3843.0,4095.0,3418.0,4095.0,4095.0,4095.0,4095.0,-3.54,-1.79,-8.66,-0.09,-0.01,-0.05,1.0,good
4095.0,1189.0,3790.0,4095.0,3583.0,3989.0,4095.0,4095.0,5.35,2.38,-4.36,0.01,-0.01,-0.15,0.0,3462.0,3855.0,4095.0,3418.0,4095.0,4095.0,4095.0,4095.0,-3.5,-1.88,-8.85,-0.07,0.02,-0.04,1.0,good
4095.0,1195.0,3783.0,4095.0,3571.0,4008.0,4095.0,4095.0,5.17,2.27,-4.09,-0.02,0.02,-0.15,0.0,3475.0,3829.0,4095.0,3418.0,4095.0,4095.0,4095.0,4095.0,-3.51,-1.9,-8.64,-0.09,0.0,-0.04,1.0,good
3252.0,954.0,951.0,3993.0,3047.0,2983.0,3617.0,3056.0,8.91,-1.7,-0.28,-0.06,0.05,-0.05,0.0,4095.0,4095.0,933.0,3334.0,4095.0,4086.0,4095.0,4095.0,-6.45,-4.6,-5.48,-0.25,-0.19,0.06,1.0,good
3331.0,958.0,929.0,3965.0,3042.0,2992.0,3632.0,3079.0,8.73,-1.98,0.11,-0.22,0.18,-0.09,0.0,4095.0,4095.0,923.0,3427.0,4095.0,4055.0,4095.0,4095.0,-7.24,-6.13,-5.52,-0.24,-0.18,0.12,1.0,good
3312.0,960.0,931.0,4003.0,3063.0,3024.0,3649.0,3120.0,9.16,-1.38,-0.51,-0.16,-0.26,-0.05,0.0,4095.0,4095.0,960.0,3280.0,4095.0,4095.0,4095.0,4095.0,-8.5,-6.14,-10.25,-4.06,-0.75,3.7,1.0,good
3377.0,966.0,2849.0,3965.0,3066.0,3102.0,3871.0,3583.0,8.3,-0.9,-1.97,-0.52,-1.35,-0.65,0.0,4095.0,4095.0,2496.0,3426.0,4095.0,4095.0,4095.0,4095.0,-0.9,-1.45,-0.47,-3.92,-1.85,2.86,1.0,good
3686.0,956.0,2362.0,4095.0,3204.0,3242.0,4095.0,3888.0,8.79,0.14,-4.32,-0.84,-2.88,-1.36,0.0,4095.0,3955.0,3773.0,3414.0,4095.0,4095.0,4095.0,4095.0,-6.28,5.51,1.31,-0.21,1.16,0.12,1.0,good
3845.0,960.0,3143.0,3903.0,3552.0,3727.0,4095.0,4095.0,5.04,1.12,-2.67,-0.53,-0.07,-0.28,0.0,4095.0,3927.0,3871.0,3492.0,4095.0,4095.0,4095.0,4095.0,-5.72,6.69,1.38,0.36,0.44,-0.2,1.0,good
3877.0,963.0,3197.0,3981.0,3583.0,3842.0,4095.0,4095.0,5.43,1.92,-3.61,-0.13,0.02,-0.18,0.0,4095.0,3907.0,4043.0,3398.0,4095.0,4095.0,4095.0,4095.0,-4.63,0.2,-5.42,3.66,2.02,-2.07,1.0,good
3857.0,960.0,3193.0,3977.0,3599.0,3895.0,4095.0,4095.0,4.98,2.02,-4.09,-0.05,0.14,-0.24,0.0,4095.0,3867.0,3984.0,3447.0,4095.0,4095.0,4095.0,4095.0,-6.94,-1.67,-14.72,2.52,1.98,-1.4,1.0,good
3985.0,953.0,3165.0,3994.0,3562.0,3947.0,4095.0,4095.0,4.22,1.86,-2.46,0.18,0.67,-0.23,0.0,4095.0,3863.0,3920.0,3451.0,4095.0,4095.0,4095.0,4095.0,-6.27,-0.87,-10.54,1.41,0.62,-1.23,1.0,good
3997.0,963.0,3172.0,4015.0,3605.0,3966.0,4095.0,4095.0,7.03,3.17,-5.27,0.03,-0.17,-0.28,0.0,3344.0,3810.0,4095.0,3534.0,4095.0,4095.0,4095.0,0.0,-4.41,-2.01,-8.72,-0.16,0.16,-0.01,1.0,good
4009.0,971.0,3197.0,4022.0,3622.0,3959.0,4095.0,4095.0,5.13,2.63,-3.97,0.02,0.02,-0.12,0.0,3330.0,3797.0,4095.0,3523.0,4095.0,4095.0,4095.0,0.0,-4.23,-1.8,-8.62,-0.13,0.1,-0.03,1.0,good
3985.0,971.0,3216.0,4018.0,3637.0,3927.0,4095.0,4095.0,5.41,2.59,-3.96,0.05,0.12,-0.09,0.0,3343.0,3820.0,4095.0,3521.0,4095.0,4095.0,4095.0,2915.0,-4.02,-1.67,-8.59,-0.1,0.02,0.0,1.0,good
3998.0,977.0,3247.0,4036.0,3641.0,3904.0,4095.0,4095.0,5.53,2.5,-4.07,0.04,0.03,-0.13,0.0,3337.0,3827.0,4095.0,3537.0,4095.0,4095.0,4095.0,3027.0,-3.76,-1.69,-8.81,-0.07,0.03,-0.05,1.0,good
3995.0,969.0,3264.0,4047.0,3658.0,3853.0,4095.0,4095.0,5.4,2.57,-4.24,0.05,-0.04,-0.14,0.0,3341.0,3814.0,4095.0,3535.0,4095.0,4095.0,4095.0,3063.0,-3.67,-1.83,-8.92,-0.04,0.06,-0.1,1.0,good
4026.0,979.0,3266.0,4095.0,3643.0,3879.0,4095.0,4095.0,5.22,2.49,-3.95,0.05,-0.05,-0.19,0.0,3345.0,3806.0,4095.0,3527.0,4095.0,4095.0,4095.0,4095.0,-3.46,-1.8,-8.66,-0.04,0.08,-0.07,1.0,good
4003.0,976.0,3327.0,4095.0,3639.0,3813.0,4095.0,4095.0,5.35,2.49,-4.1,0.05,0.01,-0.14,0.0,3341.0,3813.0,4095.0,3535.0,4095.0,4095.0,4095.0,4095.0,-3.55,-1.72,-8.82,-0.05,-0.02,-0.06,1.0,good
4028.0,974.0,3312.0,4091.0,3642.0,3802.0,4095.0,4095.0,5.14,2.39,-4.11,0.02,-0.02,-0.16,0.0,3338.0,3826.0,4095.0,3529.0,4095.0,4095.0,4095.0,4095.0,-3.54,-1.89,-8.72,-0.08,0.03,-0.03,1.0,good
3989.0,961.0,3342.0,4079.0,3637.0,3760.0,4095.0,4095.0,5.29,2.38,-4.14,0.01,0.02,-0.17,0.0,3341.0,3808.0,4095.0,3545.0,4095.0,4095.0,4095.0,4095.0,-3.39,-1.83,-8.71,-0.11,-0.01,-0.03,1.0,good
3982.0,973.0,3342.0,4080.0,3632.0,3775.0,4095.0,4095.0,5.38,2.32,-4.0,0.02,0.03,-0.14,0.0,3331.0,3798.0,4095.0,3536.0,4095.0,4095.0,4095.0,4095.0,-3.34,-1.78,-8.62,-0.07,0.0,-0.05,1.0,good
3979.0,970.0,3331.0,4095.0,3635.0,3769.0,4095.0,4095.0,5.35,2.35,-4.03,0.01,0.03,-0.17,0.0,3329.0,3805.0,4095.0,3541.0,4095.0,4095.0,4095.0,4095.0,-3.37,-1.8,-8.92,-0.08,-0.06,-0.04,1.0,good
3606.0,982.0,919.0,3994.0,3071.0,2879.0,3563.0,3024.0,8.68,-2.66,2.76,-0.48,0.3,-0.09,0.0,2581.0,4095.0,944.0,3039.0,4095.0,4065.0,4095.0,4095.0,-6.4,-7.61,-4.51,0.42,0.54,-0.19,1.0,good
3618.0,997.0,933.0,3999.0,3071.0,2896.0,3574.0,3052.0,8.33,-2.23,2.56,0.26,0.02,-0.63,0.0,3167.0,4095.0,946.0,3038.0,4095.0,4068.0,4095.0,4095.0,-6.31,-4.49,-5.15,-0.34,0.32,0.12,1.0,good
3600.0,986.0,932.0,3978.0,3086.0,2896.0,3583.0,3044.0,9.52,-2.36,1.95,0.39,-0.09,-0.29,0.0,3004.0,4095.0,937.0,3013.0,4095.0,4066.0,4095.0,4095.0,-12.49,-6.95,-11.5,-1.11,0.03,0.9,1.0,good
3618.0,982.0,2238.0,3971.0,3090.0,2916.0,3574.0,3211.0,10.23,-1.55,1.74,0.33,-0.66,-0.36,0.0,4095.0,4095.0,912.0,2977.0,4095.0,4095.0,4095.0,4095.0,-4.08,-4.81,-5.81,-4.49,-1.93,3.52,1.0,good
3031.0,973.0,3577.0,4095.0,3287.0,3397.0,4095.0,4043.0,8.92,-0.85,-0.28,-0.62,-2.42,-1.24,0.0,4095.0,4095.0,2973.0,3307.0,4095.0,4095.0,4095.0,4095.0,-3.12,4.97,3.33,-1.29,0.46,0.6,1.0,good
3683.0,970.0,3733.0,4095.0,3408.0,3556.0,4095.0,4095.0,7.75,0.64,-1.88,-0.53,-1.44,-0.87,0.0,3926.0,4095.0,2994.0,3326.0,4095.0,4095.0,4095.0,4095.0,-6.53,6.31,1.23,0.19,0.56,-0.07,1.0,good
3786.0,960.0,3937.0,4043.0,3583.0,3776.0,4095.0,4095.0,5.6,1.37,-3.2,-0.14,-0.39,-0.28,0.0,4095.0,4095.0,3281.0,3361.0,4095.0,4095.0,4095.0,4095.0,-3.06,0.03,-4.17,3.38,3.06,-2.31,1.0,good
3839.0,955.0,3946.0,4070.0,3577.0,3794.0,4095.0,4095.0,5.22,2.04,-4.09,0.04,-0.4,-0.31,0.0,4095.0,4095.0,3251.0,3382.0,4095.0,4095.0,4095.0,4095.0,-7.77,-2.17,-13.96,3.02,2.32,-1.46,1.0,good
3958.0,963.0,3909.0,4060.0,3507.0,3814.0,4095.0,4095.0,5.16,1.51,-1.15,0.28,0.1,-0.12,0.0,4095.0,4095.0,3150.0,3378.0,4095.0,4095.0,4095.0,4095.0,-6.22,-1.31,-12.41,0.89,0.59,-0.5,1.0,good
3952.0,989.0,3975.0,4015.0,3570.0,3819.0,4095.0,4095.0,6.13,2.64,-5.9,0.1,-0.08,-0.1,0.0,3387.0,4095.0,3699.0,3424.0,4095.0,4095.0,4095.0,4095.0,-3.44,-2.35,-9.29,-0.09,0.01,-0.01,1.0,good
3939.0,967.0,3929.0,4046.0,3605.0,3815.0,4095.0,4095.0,4.82,2.19,-4.28,-0.01,0.01,-0.16,0.0,3375.0,4095.0,3707.0,3439.0,4095.0,4095.0,4095.0,4095.0,-3.24,-1.87,-8.94,-0.14,0.01,0.01,1.0,good
3963.0,976.0,3959.0,4047.0,3583.0,3815.0,4095.0,4095.0,4.92,2.3,-4.43,-0.02,-0.09,-0.17,0.0,3373.0,4095.0,3708.0,3436.0,4095.0,4095.0,4095.0,4095.0,-3.13,-1.96,-9.02,-0.06,-0.04,-0.03,1.0,good
3931.0,957.0,3946.0,4032.0,3568.0,3805.0,4095.0,4095.0,4.79,2.39,-4.47,-0.05,-0.07,-0.15,0.0,3372.0,4095.0,3696.0,3450.0,4095.0,4095.0,4095.0,4095.0,-3.07,-1.94,-8.72,-0.07,0.05,-0.03,1.0,good
3949.0,958.0,3969.0,4076.0,3573.0,3792.0,4095.0,4095.0,4.93,2.23,-4.21,0.02,0.02,-0.12,0.0,3372.0,4095.0,3707.0,3437.0,4095.0,4095.0,4095.0,4095.0,-2.86,-1.67,-8.79,-0.06,0.0,0.0,1.0,good
3935.0,963.0,3965.0,4084.0,3569.0,3760.0,4095.0,4095.0,5.18,2.3,-4.4,0.01,0.03,-0.15,0.0,3361.0,4095.0,3742.0,3427.0,4095.0,4095.0,4095.0,4095.0,-2.98,-1.79,-8.95,-0.04,-0.03,-0.02,1.0,good
3931.0,960.0,3984.0,4081.0,3568.0,3745.0,4095.0,4095.0,5.16,2.25,-4.26,0.01,0.03,-0.14,0.0,3360.0,4095.0,3743.0,3444.0,4095.0,4095.0,4095.0,4095.0,-3.01,-1.81,-9.15,-0.07,0.05,-0.03,1.0,good
3955.0,961.0,3931.0,4095.0,3573.0,3749.0,4095.0,4095.0,5.14,2.25,-4.22,0.0,0.02,-0.16,0.0,3355.0,4095.0,3742.0,3440.0,4095.0,4095.0,4095.0,4095.0,-2.94,-1.79,-8.89,-0.06,-0.03,-0.03,1.0,good
3936.0,945.0,3966.0,4063.0,3569.0,3696.0,4095.0,4095.0,5.09,2.23,-4.1,0.01,-0.02,-0.14,0.0,3353.0,4095.0,3776.0,3439.0,4095.0,4095.0,4095.0,4095.0,-2.92,-1.78,-8.96,-0.05,-0.04,-0.04,1.0,good
3936.0,976.0,3963.0,4066.0,3577.0,3695.0,4095.0,4095.0,5.24,2.32,-4.21,0.01,-0.04,-0.15,0.0,3335.0,4095.0,3792.0,3460.0,4095.0,4095.0,4095.0,4095.0,-2.94,-1.83,-9.22,-0.09,0.05,-0.04,1.0,good
3938.0,976.0,3971.0,4046.0,3577.0,3697.0,4095.0,4095.0,5.13,2.35,-4.18,0.01,0.01,-0.13,0.0,3329.0,4095.0,3779.0,3452.0,4095.0,4095.0,4095.0,4095.0,-2.88,-1.77,-8.98,-0.08,0.03,-0.03,1.0,good
4095.0,942.0,3215.0,3680.0,3132.0,3010.0,3779.0,3579.0,9.26,-1.24,-0.07,-0.04,-0.13,-0.28,0.0,2852.0,3904.0,1712.0,3217.0,4095.0,4095.0,4095.0,4095.0,-6.47,-4.89,-6.19,-0.19,-0.1,0.14,1.0,good
4095.0,969.0,3630.0,3677.0,3129.0,3101.0,3835.0,3628.0,8.77,-1.2,0.38,-0.21,-0.03,-0.13,0.0,3209.0,3888.0,1850.0,3185.0,4095.0,4095.0,4095.0,4095.0,-4.75,-5.08,-4.05,0.09,-0.22,-0.25,1.0,good
3648.0,967.0,1949.0,3798.0,3147.0,3069.0,3682.0,3095.0,9.37,-2.19,0.48,0.05,-0.45,-0.26,0.0,3648.0,4090.0,1619.0,3247.0,4095.0,4095.0,4095.0,4095.0,-10.1,-6.61,-11.33,-1.15,0.46,0.53,1.0,good
3873.0,974.0,3546.0,4007.0,3158.0,3123.0,3849.0,3525.0,9.68,-0.64,-1.55,-0.81,-0.52,-0.51,0.0,3212.0,4095.0,2228.0,3059.0,4095.0,4095.0,4095.0,4095.0,-5.43,-4.74,-6.71,-4.48,-0.92,3.81,1.0,good
3922.0,975.0,4002.0,4037.0,3200.0,3183.0,4006.0,3621.0,6.96,-0.91,-2.19,-0.66,-1.99,-0.69,0.0,2714.0,4095.0,2752.0,2987.0,4095.0,4095.0,4095.0,4095.0,-3.57,4.85,1.68,-1.02,0.26,0.53,1.0,good
4095.0,965.0,4095.0,3873.0,3477.0,3532.0,4095.0,4095.0,5.41,0.21,-3.46,-0.44,-0.17,-0.27,0.0,4095.0,4095.0,2855.0,3017.0,4095.0,4095.0,4095.0,4095.0,-3.31,6.02,2.29,0.62,0.85,-0.17,1.0,good
4095.0,964.0,4095.0,3949.0,3566.0,3657.0,4095.0,4095.0,5.34,1.4,-3.58,-0.17,-0.01,-0.04,0.0,3811.0,4095.0,2886.0,3019.0,4095.0,4095.0,4095.0,4095.0,-1.75,2.22,0.41,3.13,1.93,-1.76,1.0,good
4095.0,974.0,4095.0,3983.0,3564.0,3773.0,4095.0,4095.0,5.24,1.63,-4.06,-0.07,-0.23,-0.34,0.0,3817.0,4095.0,2962.0,3041.0,4095.0,4095.0,4095.0,4095.0,-5.88,-0.45,-9.76,3.43,2.12,-1.81,1.0,good
4095.0,957.0,4095.0,3986.0,3600.0,3805.0,4095.0,4095.0,3.26,1.61,-5.04,-0.07,0.28,-0.07,0.0,3600.0,4095.0,2810.0,3071.0,4095.0,4095.0,4095.0,3415.0,-5.3,-1.76,-11.97,0.96,0.89,-1.06,1.0,good
4095.0,971.0,4095.0,3991.0,3567.0,3840.0,4095.0,4095.0,5.63,2.16,-4.4,-0.01,-0.13,-0.28,0.0,3324.0,4095.0,3315.0,3131.0,4095.0,4095.0,4095.0,4095.0,-3.18,-2.19,-8.89,-0.05,0.12,-0.07,1.0,good
4095.0,951.0,4095.0,3998.0,3562.0,3834.0,4095.0,4095.0,5.24,1.92,-4.28,-0.02,-0.01,-0.16,0.0,3302.0,4095.0,3344.0,3138.0,4095.0,4095.0,4095.0,4095.0,-3.16,-2.14,-8.67,-0.03,0.05,-0.05,1.0,good
4095.0,974.0,4095.0,4016.0,3567.0,3838.0,4095.0,4095.0,5.15,1.98,-4.4,-0.02,0.13,-0.14,0.0,3295.0,4095.0,3404.0,3162.0,4095.0,4095.0,4095.0,4095.0,-3.13,-2.11,-8.52,-0.04,0.06,-0.08,1.0,good
4095.0,960.0,4095.0,3994.0,3583.0,3831.0,4095.0,4095.0,5.0,2.07,-4.09,0.03,-0.05,-0.16,0.0,3309.0,4095.0,3533.0,3186.0,4095.0,4095.0,4095.0,3463.0,-3.36,-2.36,-8.88,-0.05,0.03,-0.04,1.0,good
4095.0,974.0,4095.0,4003.0,3533.0,3799.0,4095.0,4095.0,5.03,1.95,-4.16,0.05,-0.05,-0.13,0.0,3315.0,4095.0,3623.0,3185.0,4095.0,4095.0,4095.0,3473.0,-3.18,-2.21,-8.59,-0.01,0.03,-0.02,1.0,good
4095.0,962.0,4095.0,4026.0,3607.0,3801.0,4095.0,4095.0,5.35,2.03,-4.33,0.01,-0.03,-0.16,0.0,3306.0,4080.0,3664.0,3194.0,4095.0,4095.0,4095.0,3447.0,-3.26,-2.25,-8.98,-0.06,0.0,-0.03,1.0,good
4095.0,969.0,4095.0,4019.0,3583.0,3824.0,4095.0,4095.0,5.34,2.0,-4.3,-0.02,0.02,-0.17,0.0,3305.0,4055.0,3712.0,3200.0,4095.0,4095.0,4095.0,3382.0,-3.27,-2.15,-8.61,-0.09,-0.0,-0.02,1.0,good
4095.0,979.0,4095.0,4027.0,3559.0,3792.0,4095.0,4095.0,5.26,2.03,-4.15,-0.01,0.03,-0.17,0.0,3301.0,4064.0,3711.0,3201.0,4095.0,4095.0,4095.0,3331.0,-3.25,-2.24,-8.9,-0.09,-0.01,-0.03,1.0,good
4095.0,962.0,4095.0,4036.0,3538.0,3794.0,4095.0,4095.0,5.29,2.03,-4.34,0.03,-0.01,-0.17,0.0,3312.0,4031.0,3759.0,3195.0,4095.0,4095.0,4095.0,3498.0,-3.3,-2.31,-8.94,-0.06,-0.01,-0.05,1.0,good
4095.0,971.0,4080.0,4037.0,3567.0,3791.0,4095.0,4095.0,5.23,2.1,-4.02,-0.02,-0.03,-0.17,0.0,3315.0,4039.0,3794.0,3200.0,4095.0,4095.0,4095.0,3531.0,-3.12,-2.1,-8.5,-0.02,-0.02,-0.05,1.0,good
4095.0,959.0,4093.0,4069.0,3562.0,3795.0,4095.0,4095.0,5.26,2.02,-4.36,0.03,-0.04,-0.16,0.0,3318.0,4042.0,3823.0,3191.0,4095.0,4095.0,4095.0,3505.0,-3.1,-2.34,-9.09,-0.08,0.04,-0.04,1.0,good
4083.0,974.0,3311.0,4095.0,3568.0,3920.0,4095.0,4095.0,5.36,1.55,-4.02,0.01,0.11,-0.11,0.0,2666.0,4095.0,4095.0,3285.0,4095.0,4095.0,4095.0,4095.0,-6.26,7.45,-0.42,-0.04,-0.09,-0.03,1.0,good
4095.0,976.0,3305.0,4095.0,3574.0,3963.0,4095.0,4095.0,5.45,1.75,-4.21,-0.03,0.04,-0.16,0.0,2666.0,4095.0,4095.0,3279.0,4095.0,4095.0,4095.0,4095.0,-6.2,7.45,-0.44,-0.03,-0.08,-0.02,1.0,good
4095.0,976.0,3317.0,4095.0,3615.0,3968.0,4095.0,4095.0,5.44,1.67,-4.37,-0.02,-0.03,-0.16,0.0,2672.0,4095.0,4095.0,3281.0,4095.0,4095.0,4095.0,4095.0,-6.4,7.32,-0.55,-0.07,0.01,-0.05,1.0,good
4095.0,976.0,3312.0,4095.0,3607.0,3959.0,4095.0,4095.0,5.35,1.75,-4.1,-0.0,-0.04,-0.16,0.0,2666.0,4095.0,4095.0,3280.0,4095.0,4095.0,4095.0,4095.0,-5.53,7.25,0.5,0.16,-0.05,-0.1,1.0,good
4095.0,979.0,3313.0,4095.0,3618.0,3946.0,4095.0,4095.0,5.28,1.74,-4.39,-0.06,-0.05,-0.17,0.0,2830.0,4095.0,4095.0,3300.0,4095.0,4095.0,4095.0,4095.0,-4.13,1.37,-3.15,2.81,1.84,-1.65,1.0,good
4095.0,976.0,3309.0,4095.0,3598.0,3976.0,4095.0,4095.0,5.4,1.97,-4.19,-0.04,-0.17,-0.22,0.0,2768.0,4095.0,4095.0,3322.0,4095.0,4095.0,4095.0,4095.0,-6.11,-0.22,-9.76,2.7,1.94,-1.34,1.0,good
4095.0,981.0,3312.0,4095.0,3597.0,3952.0,4095.0,4095.0,5.16,2.09,-4.23,-0.07,-0.01,-0.22,0.0,2787.0,4095.0,4095.0,3344.0,4095.0,4095.0,4095.0,4095.0,-4.71,-1.98,-10.21,0.79,0.1,-0.6,1.0,good
4095.0,976.0,4095.0,4095.0,3628.0,3964.0,4095.0,4095.0,5.1,1.98,-4.31,0.11,0.07,-0.17,0.0,3286.0,4066.0,4095.0,3360.0,4095.0,4095.0,4095.0,3795.0,-4.57,-2.29,-9.39,0.06,0.21,-0.05,1.0,good
4095.0,976.0,4095.0,4095.0,3605.0,3954.0,4095.0,4095.0,5.14,2.02,-4.4,0.03,-0.04,-0.17,0.0,3285.0,4080.0,4095.0,3356.0,4095.0,4095.0,4095.0,3766.0,-3.8,-2.28,-8.63,-0.08,0.02,-0.03,1.0,good
4095.0,979.0,4095.0,4095.0,3627.0,3940.0,4095.0,4095.0,5.41,1.98,-4.22,0.03,-0.02,-0.15,0.0,3293.0,4070.0,4095.0,3374.0,4095.0,4095.0,4095.0,3839.0,-3.85,-2.21,-8.74,-0.08,-0.03,-0.0,1.0,good
4095.0,986.0,4095.0,4095.0,3626.0,3922.0,4095.0,4095.0,5.27,1.98,-4.16,0.01,-0.0,-0.14,0.0,3277.0,4070.0,4095.0,3376.0,4095.0,4095.0,4095.0,3809.0,-3.7,-2.15,-8.56,-0.03,0.02,-0.02,1.0,good
4095.0,987.0,4095.0,4095.0,3613.0,3921.0,4095.0,4095.0,5.18,1.96,-4.24,0.03,-0.05,-0.16,0.0,3281.0,4081.0,4095.0,3376.0,4095.0,4095.0,4095.0,3851.0,-3.61,-2.04,-8.43,-0.06,0.04,-0.03,1.0,good
4095.0,975.0,4095.0,4095.0,3638.0,3922.0,4095.0,4095.0,5.29,2.06,-4.3,0.02,-0.03,-0.15,0.0,3269.0,4071.0,4095.0,3381.0,4095.0,4095.0,4095.0,3887.0,-3.81,-2.07,-8.51,-0.09,0.08,-0.03,1.0,good
4095.0,972.0,4095.0,4095.0,3622.0,3895.0,4095.0,4095.0,5.13,2.01,-4.35,0.01,0.02,-0.14,0.0,3285.0,4053.0,4095.0,3386.0,4095.0,4095.0,4095.0,3862.0,-3.69,-2.15,-8.66,-0.04,0.04,-0.05,1.0,good
4095.0,977.0,4095.0,4095.0,3619.0,3889.0,4095.0,4095.0,5.27,2.01,-4.32,0.02,-0.07,-0.17,0.0,3269.0,4068.0,4095.0,3380.0,4095.0,4095.0,4095.0,3874.0,-3.87,-2.14,-8.69,-0.06,0.01,-0.04,1.0,good
4095.0,988.0,4095.0,4095.0,3607.0,3917.0,4095.0,4095.0,5.37,1.99,-4.42,0.01,-0.02,-0.17,0.0,3253.0,4031.0,4095.0,3386.0,4095.0,4095.0,4095.0,3890.0,-3.69,-2.13,-8.65,-0.03,-0.01,-0.05,1.0,good
4095.0,985.0,4095.0,4095.0,3629.0,3895.0,4095.0,4095.0,5.45,1.94,-4.27,-0.01,-0.0,-0.17,0.0,3254.0,4061.0,4095.0,3385.0,4095.0,4095.0,4095.0,3894.0,-3.7,-2.18,-8.73,-0.04,-0.03,-0.03,1.0,good
4095.0,974.0,4095.0,4095.0,3625.0,3889.0,4095.0,4095.0,5.23,1.96,-4.23,-0.0,-0.04,-0.16,0.0,3258.0,4062.0,4095.0,3391.0,4095.0,4095.0,4095.0,3895.0,-3.61,-2.15,-8.54,-0.02,-0.04,-0.04,1.0,good
4095.0,1010.0,4095.0,4095.0,3618.0,3888.0,4095.0,4095.0,5.3,2.02,-4.31,0.03,-0.02,-0.16,0.0,3254.0,4052.0,4095.0,3393.0,4095.0,4095.0,4095.0,3902.0,-3.77,-2.2,-8.81,-0.04,0.02,-0.05,1.0,good
4095.0,978.0,4095.0,4095.0,3629.0,3869.0,4095.0,4095.0,5.19,2.04,-4.15,-0.01,0.01,-0.14,0.0,3262.0,4035.0,4095.0,3390.0,4095.0,4095.0,4095.0,3905.0,-3.87,-2.16,-8.69,-0.15,0.01,-0.01,1.0,good
4095.0,988.0,4095.0,4095.0,3616.0,3886.0,4095.0,4095.0,5.33,1.96,-4.14,0.0,-0.01,-0.13,0.0,3024.0,4065.0,4095.0,3379.0,4095.0,4095.0,4095.0,4095.0,-6.52,7.35,-0.33,-0.04,-0.1,-0.04,1.0,good
4095.0,965.0,4095.0,4095.0,3648.0,3888.0,4095.0,4095.0,5.33,2.01,-4.24,0.01,-0.02,-0.15,0.0,3039.0,4095.0,4095.0,3378.0,4095.0,4095.0,4095.0,4095.0,-6.39,7.24,-0.22,-0.08,-0.01,-0.03,1.0,good
4048.0,985.0,4095.0,4095.0,3627.0,3889.0,4095.0,4095.0,5.41,2.03,-4.09,0.02,-0.04,-0.16,0.0,3033.0,4080.0,4095.0,3382.0,4095.0,4095.0,4095.0,4095.0,-6.51,7.23,-0.24,-0.07,-0.03,-0.03,1.0,good
4095.0,994.0,4095.0,4095.0,3616.0,3871.0,4095.0,4095.0,5.48,2.21,-4.38,0.0,-0.03,-0.19,0.0,3031.0,4080.0,4095.0,3381.0,4095.0,4095.0,4095.0,4095.0,-2.44,4.33,2.42,2.0,1.12,-1.15,1.0,good
4095.0,987.0,4095.0,4095.0,3631.0,3865.0,4095.0,4095.0,5.35,2.12,-4.03,-0.05,-0.04,-0.24,0.0,4095.0,4062.0,4095.0,3412.0,4095.0,4095.0,4095.0,4095.0,-4.42,0.68,-5.27,2.92,2.1,-1.9,1.0,good
4095.0,982.0,4095.0,4095.0,3649.0,3879.0,4095.0,4095.0,4.86,2.41,-4.39,0.03,-0.07,-0.2,0.0,4095.0,3993.0,4095.0,3454.0,4095.0,4095.0,4095.0,2862.0,-5.59,-1.4,-11.48,1.11,0.84,-1.03,1.0,good
4095.0,976.0,4095.0,4095.0,3629.0,3891.0,4095.0,4095.0,4.22,2.03,-3.56,0.2,0.01,-0.02,0.0,3696.0,3874.0,4095.0,3498.0,4095.0,4095.0,4095.0,2973.0,-3.24,-1.96,-8.71,-0.01,-0.14,-0.14,1.0,good
4095.0,977.0,4095.0,4095.0,3630.0,3873.0,4095.0,4095.0,5.12,2.39,-4.36,-0.02,-0.02,-0.17,0.0,3701.0,3891.0,4095.0,3515.0,4095.0,4095.0,4095.0,3002.0,-3.69,-1.88,-8.48,-0.07,0.1,-0.05,1.0,good
4095.0,976.0,4095.0,4095.0,3629.0,3874.0,4095.0,4095.0,5.02,2.25,-4.25,0.02,0.02,-0.13,0.0,3687.0,3893.0,4095.0,3523.0,4095.0,4095.0,4095.0,2928.0,-3.54,-2.01,-8.74,-0.05,0.02,-0.04,1.0,good
4095.0,996.0,4095.0,4095.0,3659.0,3866.0,4095.0,4095.0,5.06,2.21,-4.19,0.04,0.01,-0.1,0.0,3679.0,3885.0,4095.0,3511.0,4095.0,4095.0,4095.0,2982.0,-3.58,-2.05,-8.61,-0.04,0.01,-0.03,1.0,good
4095.0,986.0,4095.0,4095.0,3652.0,3839.0,4095.0,4095.0,5.14,2.24,-4.26,0.02,0.06,-0.09,0.0,3683.0,3870.0,4095.0,3511.0,4095.0,4095.0,4095.0,2984.0,-3.53,-1.98,-8.64,-0.05,0.09,-0.04,1.0,good
4083.0,979.0,4095.0,4095.0,3655.0,3859.0,4095.0,4095.0,5.29,2.17,-4.17,0.0,0.06,-0.13,0.0,3630.0,3855.0,4095.0,3505.0,4095.0,4095.0,4095.0,3056.0,-3.42,-2.0,-8.74,-0.04,0.01,-0.04,1.0,good
4084.0,976.0,4095.0,4095.0,3652.0,3856.0,4095.0,4095.0,5.19,2.16,-4.17,0.02,0.0,-0.15,0.0,3619.0,3855.0,4095.0,3527.0,4095.0,4095.0,4095.0,2949.0,-3.53,-2.04,-8.64,-0.06,0.03,-0.06,1.0,good
4095.0,988.0,4095.0,4095.0,3649.0,3813.0,4095.0,4095.0,5.1,2.18,-4.09,0.02,0.04,-0.14,0.0,3616.0,3856.0,4095.0,3514.0,4095.0,4095.0,4095.0,2909.0,-3.48,-2.0,-8.69,-0.08,0.05,-0.04,1.0,good
4095.0,983.0,4095.0,4095.0,3657.0,3809.0,4095.0,4095.0,5.16,2.2,-4.13,0.01,-0.02,-0.16,0.0,3606.0,3837.0,4095.0,3523.0,4095.0,4095.0,4095.0,2929.0,-3.45,-2.02,-8.71,-0.07,0.05,-0.03,1.0,good
4086.0,987.0,4095.0,4095.0,3652.0,3806.0,4095.0,4095.0,5.31,2.18,-4.24,0.01,-0.0,-0.14,0.0,3536.0,3831.0,4095.0,3526.0,4095.0,4095.0,4095.0,4095.0,-3.46,-2.04,-8.83,-0.04,-0.03,-0.02,1.0,good
4095.0,982.0,4095.0,4095.0,3636.0,3785.0,4095.0,4095.0,5.26,2.17,-4.11,0.0,0.03,-0.14,0.0,3547.0,3842.0,4095.0,3533.0,4095.0,4095.0,4095.0,4095.0,-3.43,-2.01,-8.71,-0.05,0.01,-0.04,1.0,good
4095.0,978.0,4095.0,4095.0,3648.0,3769.0,4095.0,4095.0,5.24,2.13,-4.16,0.01,0.02,-0.15,0.0,3517.0,3810.0,4095.0,3533.0,4095.0,4095.0,4095.0,4095.0,-3.32,-2.0,-8.7,-0.02,-0.04,-0.04,1.0,good
4077.0,988.0,4095.0,4095.0,3635.0,3762.0,4095.0,4095.0,5.41,2.12,-4.04,0.02,0.02,-0.15,0.0,3519.0,3824.0,4095.0,3535.0,4095.0,4095.0,4095.0,4095.0,-3.46,-2.0,-8.66,-0.05,-0.02,-0.03,1.0,good
4095.0,979.0,4095.0,4095.0,3637.0,3726.0,4095.0,4095.0,5.44,2.15,-4.3,0.05,0.04,-0.15,0.0,3481.0,3815.0,4095.0,3530.0,4095.0,4095.0,4095.0,4095.0,-3.41,-2.2,-8.88,-0.04,-0.0,-0.03,1.0,good
4087.0,972.0,4095.0,4095.0,3627.0,3813.0,4095.0,4095.0,5.49,2.03,-4.07,0.0,0.06,-0.14,0.0,4095.0,3862.0,4095.0,3546.0,4095.0,4095.0,4095.0,4095.0,-6.72,7.14,-0.53,-0.07,-0.01,-0.01,1.0,good
4095.0,979.0,4095.0,4095.0,3636.0,3804.0,4095.0,4095.0,5.32,2.03,-4.06,-0.02,0.06,-0.16,0.0,4095.0,3877.0,4095.0,3547.0,4095.0,4095.0,4095.0,4095.0,-6.56,7.1,-0.1,-0.07,-0.1,-0.06,1.0,good
4095.0,978.0,4095.0,4095.0,3643.0,3811.0,4095.0,4095.0,5.36,2.0,-3.96,-0.02,0.04,-0.14,0.0,4095.0,3851.0,4095.0,3539.0,4095.0,4095.0,4095.0,4095.0,-6.47,6.93,0.15,-0.03,0.02,-0.06,1.0,good
4095.0,983.0,4095.0,4095.0,3617.0,3809.0,4095.0,4095.0,5.32,2.12,-4.14,0.04,-0.06,-0.18,0.0,4095.0,3939.0,4095.0,3526.0,4095.0,4095.0,4095.0,4095.0,-2.87,4.24,1.85,1.97,1.16,-1.08,1.0,good
4095.0,987.0,4095.0,4095.0,3634.0,3789.0,4095.0,4095.0,5.48,2.24,-4.16,0.02,-0.05,-0.2,0.0,4095.0,3949.0,4095.0,3545.0,4095.0,4095.0,4095.0,4095.0,-6.78,-0.84,-11.2,2.31,1.94,-1.55,1.0,good
4074.0,975.0,4095.0,4095.0,3648.0,3823.0,4095.0,4095.0,5.16,2.2,-4.37,0.05,-0.02,-0.23,0.0,4095.0,3910.0,4095.0,3555.0,4095.0,4095.0,4095.0,4095.0,-4.85,-1.49,-8.76,0.5,0.21,-0.74,1.0,good
4084.0,975.0,4095.0,4095.0,3615.0,3799.0,4095.0,4095.0,4.87,1.38,-2.76,0.02,0.15,-0.09,0.0,3647.0,3811.0,4095.0,3564.0,4095.0,4095.0,4095.0,2835.0,-4.98,-2.28,-9.49,0.13,0.08,-0.06,1.0,good
4095.0,983.0,4095.0,4095.0,3621.0,3811.0,4095.0,4095.0,4.99,2.25,-4.29,-0.07,0.03,-0.15,0.0,3706.0,3831.0,4095.0,3567.0,4095.0,4095.0,4095.0,3020.0,-4.32,-2.22,-8.33,-0.05,-0.04,-0.03,1.0,good
4095.0,987.0,4095.0,4095.0,3626.0,3782.0,4095.0,4095.0,5.05,2.14,-4.07,-0.01,-0.0,-0.19,0.0,3575.0,3819.0,4095.0,3568.0,4095.0,4095.0,4095.0,4095.0,-3.85,-1.99,-8.23,-0.06,0.05,-0.06,1.0,good
4095.0,978.0,4095.0,4095.0,3629.0,3761.0,4095.0,4095.0,5.05,2.34,-4.19,0.03,0.03,-0.16,0.0,3506.0,3823.0,4095.0,3564.0,4095.0,4095.0,4095.0,4095.0,-3.96,-1.9,-8.39,-0.07,0.1,-0.04,1.0,good
4095.0,985.0,4095.0,4095.0,3631.0,3760.0,4095.0,4095.0,5.13,2.21,-4.26,0.03,0.05,-0.12,0.0,3518.0,3824.0,4095.0,3554.0,4095.0,4095.0,4095.0,4095.0,-4.13,-2.02,-8.4,-0.05,0.04,-0.01,1.0,good
4095.0,975.0,4095.0,4095.0,3641.0,3751.0,4095.0,4095.0,5.16,2.24,-4.16,0.01,0.01,-0.14,0.0,3567.0,3826.0,4095.0,3542.0,4095.0,4095.0,4095.0,4095.0,-3.93,-2.09,-8.54,-0.07,0.05,-0.03,1.0,good
4080.0,976.0,4095.0,4095.0,3638.0,3767.0,4095.0,4095.0,5.31,2.26,-4.15,0.0,0.04,-0.14,0.0,3425.0,3837.0,4095.0,3531.0,4095.0,4095.0,4095.0,4095.0,-4.07,-2.02,-8.65,-0.03,-0.05,-0.03,1.0,good
4090.0,989.0,4095.0,4095.0,3633.0,3750.0,4095.0,4095.0,5.23,2.21,-4.21,0.01,0.02,-0.13,0.0,3344.0,3829.0,4095.0,3531.0,4095.0,4095.0,4095.0,4095.0,-4.11,-2.01,-8.54,-0.05,-0.02,-0.0,1.0,good
4094.0,975.0,4095.0,4095.0,3605.0,3760.0,4095.0,4095.0,5.21,2.25,-4.04,0.01,0.0,-0.15,0.0,3051.0,3856.0,4095.0,3515.0,4095.0,4095.0,4095.0,4095.0,-3.97,-1.99,-8.6,-0.05,-0.01,-0.01,1.0,good
4091.0,987.0,4095.0,4095.0,3633.0,3739.0,4095.0,4095.0,5.25,2.25,-4.18,0.01,0.01,-0.14,0.0,3091.0,3860.0,4095.0,3517.0,4095.0,4095.0,4095.0,4095.0,-4.1,-1.99,-8.48,-0.04,-0.01,-0.02,1.0,good
4095.0,976.0,4095.0,4095.0,3636.0,3762.0,4095.0,4095.0,5.28,2.17,-4.15,0.02,0.03,-0.15,0.0,3087.0,3838.0,4094.0,3508.0,4095.0,4095.0,4095.0,4095.0,-3.92,-1.94,-8.61,-0.07,0.01,-0.05,1.0,good
4095.0,982.0,4095.0,4095.0,3644.0,3753.0,4095.0,4095.0,5.13,2.11,-4.06,0.03,0.01,-0.16,0.0,3103.0,3856.0,4095.0,3519.0,4095.0,4095.0,4095.0,4095.0,-3.99,-1.98,-8.44,-0.09,-0.0,-0.05,1.0,good
4095.0,976.0,4095.0,4095.0,3657.0,3759.0,4095.0,4095.0,5.11,2.14,-4.17,0.03,0.01,-0.15,0.0,3135.0,3845.0,4095.0,3531.0,4095.0,4095.0,4095.0,4095.0,-3.89,-2.03,-8.48,-0.09,0.03,-0.05,1.0,good
4095.0,976.0,4095.0,4095.0,3658.0,3729.0,4095.0,4095.0,5.09,2.12,-4.13,0.04,0.03,-0.15,0.0,3152.0,3841.0,4095.0,3535.0,4095.0,4095.0,4095.0,4095.0,-3.82,-2.03,-8.55,-0.08,0.01,-0.06,1.0,good
4093.0,987.0,4095.0,4095.0,3662.0,3726.0,4095.0,4095.0,5.17,2.02,-4.17,0.03,-0.01,-0.14,0.0,3543.0,3882.0,4095.0,3519.0,4095.0,4095.0,4095.0,4095.0,-6.23,7.41,-0.38,-0.11,-0.01,-0.04,1.0,good
4095.0,985.0,4095.0,4095.0,3661.0,3731.0,4095.0,4095.0,5.32,2.1,-4.34,0.01,0.01,-0.16,0.0,3583.0,3860.0,4095.0,3520.0,4095.0,4095.0,4095.0,4095.0,-6.24,7.34,-0.5,-0.09,0.09,-0.04,1.0,good
4094.0,976.0,4095.0,4095.0,3646.0,3715.0,4095.0,4095.0,5.26,2.17,-4.24,-0.01,-0.0,-0.18,0.0,3546.0,3873.0,4095.0,3414.0,4095.0,4095.0,4095.0,4095.0,-3.37,2.75,1.21,2.65,1.93,-1.41,1.0,good
4095.0,976.0,4095.0,4095.0,3643.0,3738.0,4095.0,4095.0,5.56,2.04,-4.43,-0.05,0.02,-0.22,0.0,3554.0,3869.0,4095.0,3482.0,4095.0,4095.0,4095.0,4095.0,-2.74,-0.07,-3.55,3.09,1.06,-1.74,1.0,good
4090.0,994.0,4095.0,4095.0,3600.0,3742.0,4095.0,4095.0,5.07,2.23,-3.43,-0.01,0.01,-0.17,0.0,3617.0,3871.0,4095.0,3521.0,4095.0,4095.0,4095.0,4095.0,-8.15,-1.89,-14.19,1.97,1.32,-1.52,1.0,good
4095.0,978.0,4095.0,4095.0,3606.0,3744.0,4095.0,4095.0,4.71,1.91,-3.13,0.13,0.07,-0.15,0.0,3810.0,3741.0,4095.0,3456.0,4095.0,4095.0,4095.0,2960.0,-5.85,-2.18,-10.75,0.21,-0.01,-0.1,1.0,good
4083.0,976.0,4095.0,4095.0,3609.0,3734.0,4095.0,4095.0,4.99,2.24,-4.52,-0.01,0.13,-0.13,0.0,3831.0,3746.0,4095.0,3463.0,4095.0,4095.0,4095.0,3008.0,-4.27,-2.27,-8.36,-0.08,0.52,-0.06,1.0,good
4095.0,976.0,4095.0,4095.0,3615.0,3739.0,4095.0,4095.0,5.08,2.27,-4.38,0.03,-0.1,-0.18,0.0,3769.0,3731.0,4095.0,3482.0,4095.0,4095.0,4095.0,2960.0,-4.2,-2.17,-9.04,-0.05,0.34,-0.05,1.0,good
4069.0,990.0,4095.0,4095.0,3632.0,3710.0,4095.0,4095.0,4.88,2.21,-4.16,0.03,0.07,-0.11,0.0,3725.0,3740.0,4095.0,3487.0,4095.0,4095.0,4095.0,2975.0,-3.85,-2.05,-8.11,-0.07,0.24,-0.02,1.0,good
4093.0,984.0,4095.0,4095.0,3650.0,3730.0,4095.0,4095.0,5.12,2.09,-4.22,0.03,-0.01,-0.14,0.0,3648.0,3756.0,4095.0,3475.0,4095.0,4095.0,4095.0,3069.0,-3.68,-1.96,-8.76,-0.02,-0.02,-0.02,1.0,good
4095.0,977.0,4095.0,4095.0,3621.0,3764.0,4095.0,4095.0,5.41,2.08,-4.46,0.02,-0.11,-0.18,0.0,3607.0,3739.0,4095.0,3489.0,4095.0,4095.0,4095.0,3022.0,-3.58,-1.97,-9.0,0.0,-0.04,-0.05,1.0,good
4087.0,983.0,4095.0,4095.0,3618.0,3769.0,4095.0,4095.0,5.32,2.07,-4.32,0.03,-0.03,-0.18,0.0,3579.0,3754.0,4095.0,3503.0,4095.0,4095.0,4095.0,4095.0,-3.5,-2.03,-8.9,-0.02,-0.04,-0.06,1.0,good
4095.0,993.0,4095.0,4095.0,3633.0,3756.0,4095.0,4095.0,5.2,2.13,-4.37,0.04,-0.06,-0.17,0.0,3563.0,3738.0,4095.0,3491.0,4095.0,4095.0,4095.0,4095.0,-3.48,-1.97,-8.72,-0.05,0.0,-0.05,1.0,good
4081.0,986.0,4095.0,4095.0,3633.0,3778.0,4095.0,4095.0,5.17,2.09,-4.23,0.01,-0.01,-0.14,0.0,3566.0,3742.0,4095.0,3513.0,4095.0,4095.0,4095.0,4095.0,-3.4,-1.93,-8.87,-0.06,-0.04,-0.03,1.0,good
4095.0,982.0,4095.0,4095.0,3625.0,3747.0,4095.0,4095.0,5.18,2.1,-4.24,0.0,0.08,-0.14,0.0,3583.0,3741.0,4095.0,3504.0,4095.0,4095.0,4095.0,4095.0,-3.41,-1.89,-8.68,-0.09,0.1,-0.05,1.0,good
4095.0,978.0,4095.0,4095.0,3631.0,3771.0,4095.0,4095.0,5.26,2.09,-4.15,0.03,-0.01,-0.16,0.0,3570.0,3739.0,4095.0,3495.0,4095.0,4095.0,4095.0,4095.0,-3.35,-1.87,-8.7,-0.07,0.07,-0.03,1.0,good
4095.0,989.0,4095.0,4095.0,3633.0,3741.0,4095.0,4095.0,5.26,2.09,-4.15,0.02,0.04,-0.15,0.0,3553.0,3744.0,4095.0,3504.0,4095.0,4095.0,4095.0,4095.0,-3.43,-1.87,-8.83,-0.08,0.06,-0.05,1.0,good
4078.0,992.0,4095.0,4095.0,3670.0,3762.0,4095.0,4095.0,5.51,2.03,-4.3,0.03,0.07,-0.14,0.0,3543.0,3732.0,4095.0,3508.0,4095.0,4095.0,4095.0,4095.0,-3.55,-1.98,-8.99,-0.07,-0.04,-0.07,1.0,good
4095.0,990.0,4095.0,4095.0,3655.0,3760.0,4095.0,4095.0,5.38,2.03,-4.19,0.02,0.05,-0.16,0.0,3532.0,3728.0,4095.0,3505.0,4095.0,4095.0,4095.0,4095.0,-3.45,-1.92,-8.64,-0.12,0.04,-0.04,1.0,good
4074.0,977.0,4095.0,4095.0,3639.0,3792.0,4095.0,4095.0,5.22,1.98,-4.19,0.03,0.01,-0.15,0.0,3520.0,3741.0,4095.0,3515.0,4095.0,4095.0,4095.0,4095.0,-3.56,-1.98,-8.77,-0.09,0.05,-0.04,1.0,good
4095.0,973.0,4095.0,4095.0,3662.0,3777.0,4095.0,4095.0,5.37,1.97,-4.13,0.03,0.0,-0.16,0.0,4095.0,3740.0,4095.0,3518.0,4095.0,4095.0,4095.0,4095.0,-6.21,7.33,-0.01,-0.05,-0.06,-0.01,1.0,good
4085.0,963.0,4095.0,4095.0,3674.0,3775.0,4095.0,4095.0,5.52,2.03,-4.12,0.01,-0.01,-0.18,0.0,4095.0,3731.0,4095.0,3511.0,4095.0,4095.0,4095.0,4095.0,-6.39,7.29,-0.26,-0.06,-0.08,-0.02,1.0,good
4087.0,981.0,4095.0,4095.0,3693.0,3760.0,4095.0,4095.0,5.34,2.06,-4.01,-0.01,0.0,-0.17,0.0,4095.0,3733.0,4095.0,3503.0,4095.0,4095.0,4095.0,4095.0,-5.35,7.05,1.32,0.09,0.44,-0.11,1.0,good
4090.0,975.0,4095.0,4095.0,3664.0,3770.0,4095.0,4095.0,5.32,2.11,-4.23,0.04,-0.05,-0.21,0.0,4095.0,3752.0,4095.0,3478.0,4095.0,4095.0,4095.0,4095.0,-3.22,4.55,2.16,1.27,0.93,-0.62,1.0,good
4087.0,969.0,4095.0,4095.0,3664.0,3796.0,4095.0,4095.0,5.83,1.98,-3.98,0.07,0.02,-0.3,0.0,4095.0,3775.0,4095.0,3517.0,4095.0,4095.0,4095.0,3136.0,-6.7,0.28,-10.54,2.69,2.09,-1.27,1.0,good
4087.0,976.0,4095.0,4095.0,3663.0,3776.0,4095.0,4095.0,4.93,2.14,-4.05,0.05,-0.01,-0.41,0.0,4095.0,3793.0,4095.0,3539.0,4095.0,4095.0,4095.0,3007.0,-5.45,-1.64,-10.1,0.82,0.3,-0.63,1.0,good
4095.0,965.0,4095.0,4095.0,3629.0,3776.0,4095.0,4095.0,5.38,2.0,-3.77,0.25,-0.06,-0.13,0.0,4095.0,3741.0,4095.0,3550.0,4095.0,4095.0,4095.0,2992.0,-5.59,-2.93,-11.02,-0.15,0.75,-0.23,1.0,good
4077.0,983.0,4095.0,4095.0,3651.0,3776.0,4095.0,4095.0,5.34,2.48,-4.33,-0.03,0.06,-0.18,0.0,4080.0,3753.0,4095.0,3562.0,4095.0,4095.0,4095.0,2991.0,-3.28,-2.13,-8.15,-0.06,0.03,-0.15,1.0,good
4095.0,977.0,4095.0,4095.0,3638.0,3777.0,4095.0,4095.0,5.2,2.1,-3.86,-0.03,0.02,-0.19,0.0,3699.0,3728.0,4095.0,3567.0,4095.0,4095.0,4095.0,2935.0,-3.55,-2.1,-8.67,-0.04,-0.11,-0.1,1.0,good
4085.0,974.0,4095.0,4095.0,3658.0,3776.0,4095.0,4095.0,5.35,2.31,-4.24,0.03,-0.02,-0.14,0.0,3639.0,3735.0,4095.0,3582.0,4095.0,4095.0,4095.0,2937.0,-3.37,-2.18,-8.78,-0.05,-0.04,-0.06,1.0,good
4085.0,970.0,4095.0,4095.0,3657.0,3773.0,4095.0,4095.0,5.28,2.36,-4.44,0.07,-0.04,-0.1,0.0,3611.0,3731.0,4095.0,3571.0,4095.0,4095.0,4095.0,2915.0,-3.65,-2.31,-8.9,-0.11,0.13,-0.03,1.0,good
4095.0,978.0,4095.0,4095.0,3648.0,3797.0,4095.0,4095.0,5.14,2.17,-3.99,-0.01,0.02,-0.13,0.0,3611.0,3757.0,4095.0,3568.0,4095.0,4095.0,4095.0,4095.0,-3.51,-2.04,-8.45,-0.15,0.15,-0.0,1.0,good
4069.0,975.0,4095.0,4095.0,3670.0,3763.0,4095.0,4095.0,5.23,2.28,-4.06,0.03,-0.12,-0.21,0.0,3533.0,3759.0,4095.0,3583.0,4095.0,4095.0,4095.0,4095.0,-3.31,-2.03,-8.88,-0.12,0.06,-0.03,1.0,good
4080.0,974.0,4095.0,4095.0,3670.0,3761.0,4095.0,4095.0,5.25,2.38,-4.27,-0.01,0.09,-0.03,0.0,3489.0,3741.0,4095.0,3568.0,4095.0,4095.0,4095.0,4095.0,-3.53,-1.99,-9.06,-0.09,0.07,0.03,1.0,good
4095.0,976.0,4095.0,4095.0,3666.0,3759.0,4095.0,4095.0,4.93,2.18,-4.3,-0.01,0.06,-0.08,0.0,3456.0,3769.0,4095.0,3571.0,4095.0,4095.0,4095.0,4095.0,-3.36,-2.0,-8.76,-0.07,-0.03,0.01,1.0,good
4084.0,979.0,4095.0,4095.0,3664.0,3762.0,4095.0,4095.0,5.0,2.09,-4.09,0.0,0.02,-0.12,0.0,3458.0,3738.0,4095.0,3573.0,4095.0,4095.0,4095.0,4095.0,-3.33,-1.9,-8.75,-0.08,0.02,0.01,1.0,good
4081.0,973.0,4095.0,4095.0,3655.0,3739.0,4095.0,4095.0,5.22,2.13,-4.15,-0.0,0.04,-0.14,0.0,3459.0,3722.0,4095.0,3572.0,4095.0,4095.0,4095.0,4095.0,-3.32,-1.84,-8.85,-0.06,-0.01,-0.0,1.0,good
4052.0,965.0,4095.0,4095.0,3666.0,3783.0,4095.0,4095.0,5.3,2.14,-4.26,0.0,0.02,-0.13,0.0,3457.0,3745.0,4095.0,3574.0,4095.0,4095.0,4095.0,4095.0,-3.31,-1.9,-9.0,-0.05,-0.01,-0.01,1.0,good
4091.0,970.0,4095.0,4095.0,3685.0,3758.0,4095.0,4095.0,5.21,2.14,-4.19,-0.0,-0.03,-0.13,0.0,3438.0,3734.0,4095.0,3581.0,4095.0,4095.0,4095.0,4095.0,-3.21,-1.84,-8.92,-0.07,-0.01,-0.0,1.0,good
4064.0,975.0,4095.0,4095.0,3678.0,3730.0,4095.0,4095.0,5.13,2.14,-4.2,0.01,-0.02,-0.13,0.0,3440.0,3731.0,4095.0,3570.0,4095.0,4095.0,4095.0,4095.0,-3.11,-1.83,-8.91,-0.04,0.03,-0.03,1.0,good
4073.0,987.0,4095.0,4095.0,3647.0,3696.0,4095.0,4095.0,5.05,1.79,-4.13,0.02,-0.01,-0.16,0.0,4095.0,3728.0,4095.0,3620.0,4095.0,4095.0,4095.0,4095.0,-6.49,7.23,-0.45,0.02,0.02,-0.17,1.0,good
4090.0,967.0,4095.0,4095.0,3649.0,3712.0,4095.0,4095.0,5.52,1.86,-4.24,0.04,-0.07,-0.14,0.0,4095.0,3737.0,4095.0,3632.0,4095.0,4095.0,4095.0,4095.0,-6.57,7.31,-0.57,-0.11,0.02,0.0,1.0,good
4095.0,976.0,4095.0,4095.0,3658.0,3696.0,4095.0,4095.0,5.35,1.88,-4.32,-0.0,-0.04,-0.19,0.0,4095.0,3729.0,4095.0,3613.0,4095.0,4095.0,4095.0,4095.0,-6.11,7.12,-0.2,-0.1,0.08,-0.02,1.0,good
4071.0,979.0,4095.0,4095.0,3643.0,3697.0,4095.0,4095.0,5.3,1.94,-4.11,0.03,-0.05,-0.21,0.0,4095.0,3760.0,4095.0,3583.0,4095.0,4095.0,4095.0,4095.0,-5.79,6.94,0.96,0.34,0.45,-0.24,1.0,good
4082.0,981.0,4095.0,4095.0,3665.0,3702.0,4095.0,4095.0,5.29,1.91,-4.16,-0.01,0.0,-0.19,0.0,4095.0,3835.0,4095.0,3531.0,4095.0,4095.0,4095.0,4095.0,-3.03,0.63,-3.68,2.8,2.78,-1.63,1.0,good
4087.0,970.0,4095.0,4095.0,3675.0,3698.0,4095.0,4095.0,5.13,2.14,-4.2,-0.07,-0.03,-0.28,0.0,4095.0,3805.0,4095.0,3515.0,4095.0,4095.0,4095.0,2880.0,-6.55,-1.15,-15.37,1.54,1.23,-0.76,1.0,good
4070.0,970.0,4095.0,4095.0,3663.0,3712.0,4095.0,4095.0,5.18,1.88,-3.88,0.08,0.14,-0.05,0.0,4095.0,3793.0,4095.0,3541.0,4095.0,4095.0,4095.0,2846.0,-5.33,-1.87,-12.71,0.33,0.78,-0.28,1.0,good
4087.0,971.0,4095.0,4095.0,3663.0,3726.0,4095.0,4095.0,5.59,1.99,-4.32,0.05,0.08,-0.11,0.0,4095.0,3802.0,4095.0,3562.0,4095.0,4095.0,4095.0,2881.0,-3.28,-1.85,-9.03,-0.06,0.02,-0.04,1.0,good
4080.0,971.0,4095.0,4095.0,3664.0,3718.0,4095.0,4095.0,5.39,2.1,-4.15,0.08,-0.02,-0.15,0.0,3949.0,3782.0,4095.0,3556.0,4095.0,4095.0,4095.0,2915.0,-3.05,-2.1,-8.82,-0.06,0.23,-0.09,1.0,good
4095.0,970.0,4095.0,4095.0,3647.0,3745.0,4095.0,4095.0,5.21,2.11,-4.02,0.03,0.0,-0.14,0.0,3776.0,3770.0,4095.0,3554.0,4095.0,4095.0,4095.0,2889.0,-2.9,-1.93,-8.83,-0.08,0.01,-0.05,1.0,good
4095.0,971.0,4095.0,4095.0,3647.0,3696.0,4095.0,4095.0,5.32,2.12,-4.21,0.03,-0.07,-0.16,0.0,3664.0,3760.0,4095.0,3583.0,4095.0,4095.0,4095.0,4095.0,-3.03,-1.94,-9.01,-0.07,0.03,-0.01,1.0,good
4095.0,977.0,4095.0,4095.0,3669.0,3714.0,4095.0,4095.0,5.37,2.04,-4.1,0.02,-0.09,-0.18,0.0,3671.0,3745.0,4095.0,3573.0,4095.0,4095.0,4095.0,4095.0,-3.01,-1.88,-8.94,-0.06,-0.03,-0.02,1.0,good
4095.0,973.0,4095.0,4095.0,3679.0,3726.0,4095.0,4095.0,5.39,2.1,-4.12,0.04,-0.03,-0.17,0.0,3657.0,3767.0,4095.0,3600.0,4095.0,4095.0,4095.0,4095.0,-2.94,-1.78,-8.83,-0.07,0.01,-0.05,1.0,good
4095.0,978.0,4095.0,4095.0,3654.0,3712.0,4095.0,4095.0,5.33,2.09,-4.16,0.02,-0.0,-0.17,0.0,3655.0,3753.0,4095.0,3583.0,4095.0,4095.0,4095.0,4095.0,-3.04,-1.94,-8.95,-0.06,-0.02,-0.04,1.0,good
4051.0,973.0,4095.0,4095.0,3636.0,3733.0,4095.0,4095.0,5.38,2.07,-4.29,0.02,-0.04,-0.17,0.0,3664.0,3753.0,4095.0,3608.0,4095.0,4095.0,4095.0,4095.0,-3.08,-1.98,-9.0,-0.1,0.04,-0.03,1.0,good
4095.0,971.0,4095.0,4095.0,3661.0,3718.0,4095.0,4095.0,5.32,2.07,-4.17,0.01,0.02,-0.13,0.0,3659.0,3754.0,4095.0,3601.0,4095.0,4095.0,4095.0,4095.0,-3.02,-1.89,-8.95,-0.09,0.05,-0.03,1.0,good
4084.0,976.0,4095.0,4095.0,3662.0,3696.0,4095.0,4095.0,5.48,2.05,-4.1,-0.01,0.01,-0.15,0.0,3643.0,3747.0,4095.0,3605.0,4095.0,4095.0,4095.0,4095.0,-2.98,-1.81,-9.16,-0.06,-0.01,-0.02,1.0,good
4095.0,982.0,4095.0,4095.0,3664.0,3706.0,4095.0,4095.0,5.39,2.07,-4.09,-0.01,0.02,-0.16,0.0,3628.0,3756.0,4095.0,3600.0,4095.0,4095.0,4095.0,4095.0,-3.02,-1.82,-9.04,-0.07,0.01,-0.02,1.0,good
4095.0,977.0,4095.0,4095.0,3666.0,3712.0,4095.0,4095.0,5.46,2.01,-4.17,0.03,-0.0,-0.15,0.0,3642.0,3744.0,4095.0,3601.0,4095.0,4095.0,4095.0,4095.0,-2.99,-1.7,-8.86,-0.06,0.04,-0.02,1.0,good
4069.0,976.0,4095.0,4095.0,3653.0,3722.0,4095.0,4095.0,5.19,2.08,-4.04,-0.03,-0.0,-0.21,0.0,3632.0,3764.0,4095.0,3616.0,4095.0,4095.0,4095.0,4095.0,-3.03,-1.82,-9.01,-0.07,0.02,-0.04,1.0,good
