hall_1,hall_2,hall_3,flex_t,flex_i,flex_m,flex_r,flex_p,accel_x,accel_y,accel_z,gyro_x,gyro_y,gyro_z,hand,sign
3729.0,3118.0,3088.0,2816.0,4095.0,4095.0,4095.0,4095.0,18.19,7.08,-1.81,-0.1,-0.63,-1.04,1.0,hello
3659.0,3115.0,3111.0,2851.0,4095.0,4095.0,4095.0,4095.0,-2.03,-3.24,8.9,-4.63,-0.22,-3.35,1.0,hello
3598.0,3130.0,3120.0,2910.0,4095.0,4095.0,4095.0,4045.0,0.31,5.77,12.49,-0.68,-0.51,-1.04,1.0,hello
3598.0,3125.0,3121.0,2916.0,4095.0,4095.0,4095.0,4095.0,1.37,5.89,8.72,-0.22,-0.01,-0.23,1.0,hello
3598.0,3115.0,3114.0,2929.0,4095.0,4095.0,4095.0,4095.0,2.05,5.6,8.52,-0.1,0.05,-0.13,1.0,hello
3600.0,3126.0,3121.0,2925.0,4095.0,4095.0,4095.0,4095.0,2.02,5.88,7.93,-0.05,-0.0,-0.05,1.0,hello
3623.0,3129.0,3119.0,2932.0,4095.0,4095.0,4095.0,4095.0,2.37,5.96,8.47,-0.04,-0.0,-0.01,1.0,hello
3583.0,3132.0,3120.0,2938.0,4095.0,4095.0,4095.0,4095.0,1.91,5.85,8.08,0.02,0.07,-0.06,1.0,hello
3583.0,3122.0,3107.0,2929.0,4095.0,4095.0,4095.0,4095.0,2.1,5.74,8.2,-0.03,0.06,-0.03,1.0,hello
3583.0,3128.0,3105.0,2933.0,4095.0,4095.0,4095.0,4095.0,2.4,5.96,7.92,-0.01,0.02,-0.02,1.0,hello
3611.0,3118.0,3107.0,2941.0,4095.0,4095.0,4095.0,4095.0,2.11,5.81,8.18,-0.09,0.08,-0.06,1.0,hello
3606.0,3126.0,3117.0,2929.0,4095.0,4095.0,4095.0,4095.0,2.03,5.76,8.06,-0.08,-0.03,-0.06,1.0,hello
3605.0,3134.0,3105.0,2942.0,4095.0,4095.0,4095.0,4095.0,2.34,5.8,8.33,-0.08,0.03,-0.05,1.0,hello
3600.0,3120.0,3120.0,2945.0,4095.0,4095.0,4095.0,4095.0,1.92,5.97,8.23,-0.08,0.09,-0.04,1.0,hello
3605.0,3135.0,3094.0,2951.0,4095.0,4095.0,4095.0,4095.0,1.87,5.93,8.37,-0.1,0.01,-0.0,1.0,hello
3606.0,3137.0,3102.0,2960.0,4095.0,4095.0,4095.0,4095.0,1.91,5.83,8.26,-0.04,0.01,-0.01,1.0,hello
3630.0,3143.0,3110.0,2966.0,4095.0,4095.0,4095.0,4095.0,1.97,5.86,8.09,-0.03,0.02,-0.03,1.0,hello
3628.0,3122.0,3113.0,2961.0,4095.0,4095.0,4095.0,4095.0,1.99,5.82,8.07,-0.06,0.01,-0.03,1.0,hello
3602.0,3138.0,3094.0,2974.0,4095.0,4095.0,4095.0,4095.0,2.01,5.86,8.15,-0.03,-0.01,-0.04,1.0,hello
3629.0,3125.0,3098.0,2979.0,4095.0,4095.0,4095.0,4095.0,1.87,5.89,8.16,-0.08,-0.01,-0.03,1.0,hello
3355.0,3145.0,3294.0,2885.0,4095.0,4095.0,4095.0,4095.0,6.12,6.67,5.16,-0.02,-0.02,-0.03,1.0,hello
3350.0,3134.0,3302.0,2899.0,4095.0,4095.0,4095.0,4095.0,5.92,6.63,5.32,-0.02,-0.02,-0.05,1.0,hello
3331.0,3136.0,3286.0,2905.0,4095.0,4095.0,4095.0,4095.0,5.65,6.66,5.11,0.0,-0.15,-0.03,1.0,hello
3339.0,3130.0,3281.0,2896.0,4095.0,4095.0,4095.0,4095.0,5.65,6.7,5.25,-0.03,0.01,-0.01,1.0,hello
3331.0,3130.0,3269.0,2903.0,4095.0,4095.0,4095.0,4095.0,6.05,6.67,5.36,0.0,0.04,-0.02,1.0,hello
3343.0,3136.0,3301.0,2897.0,4095.0,4095.0,4095.0,4095.0,11.6,7.0,1.5,0.05,-0.1,-0.33,1.0,hello
3333.0,3118.0,3312.0,2896.0,4095.0,4095.0,4095.0,4095.0,11.55,3.28,-0.36,-2.6,-0.06,-3.75,1.0,hello
3360.0,3141.0,3316.0,2950.0,4095.0,4095.0,4095.0,4095.0,-8.68,-0.4,15.24,-2.34,-0.26,-2.29,1.0,hello
3350.0,3138.0,3327.0,2951.0,4095.0,4095.0,4095.0,4095.0,-0.02,6.29,9.91,-0.03,0.07,-0.44,1.0,hello
3343.0,3137.0,3312.0,2963.0,4095.0,4095.0,4095.0,4095.0,1.04,6.13,8.33,-0.14,-0.03,-0.1,1.0,hello
3344.0,3135.0,3318.0,2957.0,4095.0,4095.0,4095.0,4095.0,1.33,5.96,7.99,-0.06,0.03,-0.05,1.0,hello
3329.0,3147.0,3319.0,2955.0,4095.0,4095.0,4095.0,4095.0,1.16,6.14,8.12,-0.06,0.03,-0.02,1.0,hello
3332.0,3137.0,3326.0,2957.0,4095.0,4095.0,4095.0,4095.0,1.12,6.04,8.26,-0.05,0.04,0.01,1.0,hello
3345.0,3135.0,3314.0,2958.0,4095.0,4095.0,4095.0,4095.0,1.44,6.05,8.3,-0.04,0.05,0.0,1.0,hello
3349.0,3122.0,3331.0,2953.0,4095.0,4095.0,4095.0,4095.0,1.29,6.1,7.98,-0.01,0.04,-0.07,1.0,hello
3342.0,3134.0,3332.0,2963.0,4095.0,4095.0,4095.0,4095.0,1.29,6.12,8.01,-0.1,0.01,-0.03,1.0,hello
3351.0,3136.0,3318.0,2960.0,4095.0,4095.0,4095.0,4095.0,1.13,6.11,8.2,-0.05,0.04,-0.04,1.0,hello
3335.0,3143.0,3317.0,2958.0,4095.0,4095.0,4095.0,4095.0,1.25,6.14,8.06,-0.07,-0.04,-0.03,1.0,hello
3352.0,3137.0,3336.0,2960.0,4095.0,4095.0,4095.0,4095.0,1.08,6.0,8.16,-0.09,0.05,-0.06,1.0,hello
3344.0,3135.0,3318.0,2960.0,4095.0,4095.0,4095.0,4095.0,1.18,6.17,8.1,-0.06,0.02,-0.04,1.0,hello
3476.0,3303.0,4095.0,2559.0,4095.0,4095.0,4095.0,4095.0,6.76,7.56,-0.57,-0.07,0.0,-0.01,1.0,hello
3478.0,3275.0,4095.0,2590.0,4095.0,4095.0,4095.0,4095.0,6.66,7.56,-0.66,-0.04,0.04,-0.05,1.0,hello
3474.0,3296.0,4095.0,2594.0,4095.0,4095.0,4095.0,4095.0,6.68,7.59,-0.47,-0.06,0.03,-0.14,1.0,hello
3462.0,3282.0,4095.0,2608.0,4095.0,4095.0,4095.0,4095.0,6.84,7.28,-0.85,-0.05,-0.14,-0.08,1.0,hello
3462.0,3306.0,4095.0,2513.0,4095.0,4095.0,4095.0,0.0,24.28,8.19,-18.14,-1.49,-0.59,-2.84,1.0,hello
3483.0,3290.0,4095.0,2701.0,4095.0,4095.0,4095.0,4095.0,-18.97,-7.44,23.98,-4.24,2.71,-0.46,1.0,hello
3395.0,3310.0,4095.0,2661.0,4095.0,4095.0,4095.0,4095.0,2.55,12.68,-0.49,0.0,-0.62,-0.29,1.0,hello
3400.0,3295.0,4095.0,2695.0,4095.0,4095.0,4095.0,4095.0,2.82,9.86,4.69,-0.1,0.03,-0.36,1.0,hello
3395.0,3312.0,4095.0,2708.0,4095.0,4095.0,4095.0,4095.0,1.18,8.85,4.72,-0.17,-0.17,-0.2,1.0,hello
3394.0,3292.0,4095.0,2710.0,4095.0,4095.0,4095.0,4095.0,1.19,9.08,4.32,-0.06,0.1,-0.18,1.0,hello
3399.0,3277.0,4095.0,2704.0,4095.0,4095.0,4095.0,4095.0,1.04,9.35,4.23,-0.09,0.04,0.01,1.0,hello
3387.0,3305.0,4095.0,2709.0,4095.0,4095.0,4095.0,4095.0,1.55,9.27,4.5,0.01,0.09,0.01,1.0,hello
3408.0,3295.0,4095.0,2710.0,4095.0,4095.0,4095.0,4095.0,1.36,9.16,4.18,0.01,0.04,-0.01,1.0,hello
3394.0,3297.0,4095.0,2703.0,4095.0,4095.0,4095.0,4095.0,1.52,9.27,4.15,-0.02,-0.01,-0.05,1.0,hello
3393.0,3305.0,4095.0,2702.0,4095.0,4095.0,4095.0,4095.0,1.21,9.32,3.93,-0.06,0.05,-0.03,1.0,hello
3397.0,3297.0,4095.0,2699.0,4095.0,4095.0,4095.0,4095.0,1.52,9.21,4.03,-0.03,-0.09,-0.01,1.0,hello
3405.0,3284.0,4095.0,2691.0,4095.0,4095.0,4095.0,4095.0,1.31,9.18,4.01,-0.09,0.01,-0.05,1.0,hello
3383.0,3283.0,4095.0,2683.0,4095.0,4095.0,4095.0,4095.0,1.22,9.22,3.92,-0.05,-0.1,-0.04,1.0,hello
3397.0,3298.0,4095.0,2687.0,4095.0,4095.0,4095.0,4095.0,1.33,9.18,4.23,-0.09,0.02,-0.07,1.0,hello
3398.0,3280.0,4095.0,2697.0,4095.0,4095.0,4095.0,4095.0,1.18,9.17,3.98,-0.08,-0.01,-0.04,1.0,hello
3427.0,3255.0,4095.0,2756.0,4095.0,4095.0,4095.0,4095.0,6.41,7.93,0.9,-0.07,0.01,-0.03,1.0,hello
3421.0,3253.0,4095.0,2769.0,4095.0,4095.0,4095.0,4095.0,6.23,7.71,0.41,-0.1,-0.04,-0.05,1.0,hello
3408.0,3255.0,4095.0,2757.0,4095.0,4095.0,4095.0,4067.0,16.82,8.62,-9.06,-0.54,-0.34,-1.3,1.0,hello
3409.0,3251.0,4095.0,2775.0,4095.0,4095.0,4095.0,4095.0,7.25,2.01,0.63,-3.2,-0.48,-3.82,1.0,hello
3422.0,3273.0,4095.0,2838.0,4095.0,4095.0,4095.0,4095.0,-10.92,3.13,16.92,-0.9,-0.16,-1.67,1.0,hello
3408.0,3261.0,4095.0,2832.0,4095.0,4095.0,4095.0,4095.0,-0.95,9.74,4.25,-0.2,0.19,-0.25,1.0,hello
3435.0,3254.0,4095.0,2823.0,4095.0,4095.0,4095.0,4095.0,1.09,9.01,5.33,-0.11,0.12,-0.09,1.0,hello
3414.0,3270.0,4095.0,2837.0,4095.0,4095.0,4095.0,4095.0,0.14,9.04,4.46,-0.0,0.08,-0.05,1.0,hello
3411.0,3250.0,4095.0,2834.0,4095.0,4095.0,4095.0,4095.0,0.13,9.04,4.88,-0.1,0.1,-0.02,1.0,hello
3427.0,3269.0,4095.0,2838.0,4095.0,4095.0,4095.0,4095.0,0.39,8.92,4.78,-0.04,-0.06,-0.01,1.0,hello
3409.0,3273.0,4095.0,2841.0,4095.0,4095.0,4095.0,4095.0,0.8,9.13,4.59,-0.0,-0.03,-0.0,1.0,hello
3408.0,3248.0,4095.0,2835.0,4095.0,4095.0,4095.0,4095.0,0.42,8.95,4.82,0.01,-0.02,-0.01,1.0,hello
3413.0,3275.0,4095.0,2837.0,4095.0,4095.0,4095.0,4095.0,0.59,9.11,4.25,-0.01,0.04,-0.03,1.0,hello
3401.0,3259.0,4095.0,2835.0,4095.0,4095.0,4095.0,4095.0,0.76,9.08,4.63,-0.07,-0.03,-0.03,1.0,hello
3406.0,3269.0,4095.0,2832.0,4095.0,4095.0,4095.0,4095.0,0.38,9.08,4.43,-0.08,-0.0,-0.05,1.0,hello
3417.0,3264.0,4095.0,2832.0,4095.0,4095.0,4095.0,4095.0,0.37,9.1,4.41,-0.06,-0.01,-0.03,1.0,hello
3415.0,3269.0,4095.0,2832.0,4095.0,4095.0,4095.0,4095.0,0.48,9.06,4.6,-0.04,0.07,-0.03,1.0,hello
3407.0,3270.0,4095.0,2832.0,4095.0,4095.0,4095.0,4095.0,0.62,9.17,4.48,-0.08,0.08,-0.03,1.0,hello
3403.0,3280.0,4095.0,2813.0,4095.0,4095.0,4095.0,4095.0,0.45,9.06,4.53,-0.07,0.05,-0.02,1.0,hello
3421.0,3258.0,4095.0,2817.0,4095.0,4095.0,4095.0,4095.0,0.54,9.12,4.41,-0.05,0.0,-0.05,1.0,hello
3347.0,3200.0,3685.0,2691.0,4095.0,4095.0,4095.0,4095.0,5.86,8.43,-0.25,-0.03,-0.12,-0.02,1.0,hello
3355.0,3204.0,3682.0,2704.0,4095.0,4095.0,4095.0,4095.0,5.57,8.3,-0.22,-0.02,-0.08,-0.04,1.0,hello
3355.0,3201.0,3683.0,2706.0,4095.0,4095.0,4095.0,4095.0,6.52,8.14,-0.43,-0.08,0.13,-0.08,1.0,hello
3312.0,3197.0,3712.0,2688.0,4095.0,4095.0,4095.0,4095.0,19.32,10.45,-8.18,-0.8,-0.94,-2.24,1.0,hello
3350.0,3207.0,3711.0,2727.0,4095.0,4095.0,4095.0,4095.0,-6.23,2.2,7.21,-2.32,-0.05,-2.48,1.0,hello
3344.0,3210.0,3742.0,2763.0,4095.0,4095.0,4095.0,4095.0,-4.45,8.61,4.77,-0.36,-0.41,-0.75,1.0,hello
3341.0,3202.0,3715.0,2759.0,4095.0,4095.0,4095.0,4095.0,0.16,9.65,3.68,-0.3,-0.14,-0.07,1.0,hello
3323.0,3202.0,3730.0,2761.0,4095.0,4095.0,4095.0,4095.0,0.93,9.74,3.0,-0.04,-0.11,-0.08,1.0,hello
3337.0,3216.0,3756.0,2751.0,4095.0,4095.0,4095.0,4095.0,0.49,9.78,3.24,0.01,-0.04,-0.02,1.0,hello
3349.0,3201.0,3755.0,2763.0,4095.0,4095.0,4095.0,4095.0,0.45,9.65,3.21,-0.01,0.09,-0.02,1.0,hello
3329.0,3198.0,3756.0,2757.0,4095.0,4095.0,4095.0,4095.0,0.63,9.64,2.96,-0.03,-0.01,-0.05,1.0,hello
3357.0,3198.0,3711.0,2758.0,4095.0,4095.0,4095.0,4095.0,0.4,9.73,2.69,-0.03,0.04,-0.04,1.0,hello
3345.0,3187.0,3728.0,2767.0,4095.0,4095.0,4095.0,4095.0,0.41,9.67,2.84,0.01,0.02,-0.04,1.0,hello
3340.0,3216.0,3735.0,2763.0,4095.0,4095.0,4095.0,4095.0,0.68,9.86,2.53,-0.08,0.05,-0.01,1.0,hello
3331.0,3206.0,3756.0,2767.0,4095.0,4095.0,4095.0,4095.0,0.47,9.67,2.84,-0.08,0.01,-0.01,1.0,hello
3337.0,3200.0,3743.0,2759.0,4095.0,4095.0,4095.0,4095.0,0.51,9.71,2.48,-0.06,0.04,-0.02,1.0,hello
3327.0,3211.0,3733.0,2767.0,4095.0,4095.0,4095.0,4095.0,0.75,9.66,2.82,-0.1,-0.0,-0.05,1.0,hello
3342.0,3214.0,3760.0,2774.0,4095.0,4095.0,4095.0,4095.0,0.42,9.72,2.72,-0.06,0.01,-0.01,1.0,hello
3344.0,3203.0,3750.0,2777.0,4095.0,4095.0,4095.0,4095.0,0.69,9.77,2.73,-0.05,0.04,-0.02,1.0,hello
3329.0,3209.0,3756.0,2767.0,4095.0,4095.0,4095.0,4095.0,0.68,9.76,2.41,-0.05,0.08,-0.0,1.0,hello
3377.0,3184.0,3786.0,2847.0,4095.0,4095.0,4095.0,4095.0,6.32,8.02,0.68,-0.04,-0.09,-0.04,1.0,hello
3358.0,3174.0,3807.0,2854.0,4095.0,4095.0,4095.0,4095.0,6.39,7.84,0.91,-0.02,-0.08,-0.04,1.0,hello
3362.0,3200.0,3799.0,2866.0,4095.0,4095.0,4095.0,4095.0,6.33,7.63,0.98,-0.03,-0.15,-0.04,1.0,hello
3371.0,3184.0,3799.0,2829.0,4095.0,4095.0,4095.0,4095.0,16.69,8.11,-7.37,-0.49,-0.77,-1.4,1.0,hello
3376.0,3214.0,3849.0,2848.0,4095.0,4095.0,4095.0,4095.0,7.62,2.66,0.96,-2.85,-1.0,-3.95,1.0,hello
3399.0,3189.0,3843.0,2913.0,4095.0,4095.0,4095.0,4095.0,-10.08,6.32,11.5,0.08,-0.12,-1.77,1.0,hello
3391.0,3196.0,3865.0,2912.0,4095.0,4095.0,4095.0,4095.0,-1.5,9.75,2.53,-0.1,-0.08,-0.15,1.0,hello
3385.0,3191.0,3861.0,2917.0,4095.0,4095.0,4095.0,4095.0,0.89,9.62,4.29,-0.15,0.04,-0.13,1.0,hello
3389.0,3199.0,3861.0,2911.0,4095.0,4095.0,4095.0,4095.0,-0.16,9.54,3.1,-0.02,0.0,-0.1,1.0,hello
3394.0,3197.0,3839.0,2903.0,4095.0,4095.0,4095.0,4095.0,0.24,9.67,2.97,-0.11,-0.02,-0.02,1.0,hello
3391.0,3203.0,3873.0,2915.0,4095.0,4095.0,4095.0,4095.0,0.22,9.65,3.43,-0.12,0.08,-0.05,1.0,hello
3385.0,3201.0,3852.0,2913.0,4095.0,4095.0,4095.0,4095.0,0.06,9.64,3.3,-0.08,0.05,-0.01,1.0,hello
3382.0,3186.0,3851.0,2901.0,4095.0,4095.0,4095.0,4095.0,0.26,9.62,3.18,-0.07,-0.01,0.02,1.0,hello
3371.0,3183.0,3854.0,2903.0,4095.0,4095.0,4095.0,4095.0,0.42,9.46,3.22,-0.15,0.01,-0.01,1.0,hello
3380.0,3203.0,3847.0,2911.0,4095.0,4095.0,4095.0,4095.0,0.28,9.49,3.41,-0.07,0.02,-0.07,1.0,hello
3376.0,3216.0,3871.0,2897.0,4095.0,4095.0,4095.0,4095.0,0.28,9.58,3.28,-0.08,0.01,-0.03,1.0,hello
3382.0,3184.0,3851.0,2907.0,4095.0,4095.0,4095.0,4095.0,0.26,9.5,3.34,-0.12,0.08,-0.02,1.0,hello
3376.0,3190.0,3870.0,2905.0,4095.0,4095.0,4095.0,4095.0,0.53,9.6,3.34,-0.09,0.03,-0.05,1.0,hello
3355.0,3195.0,3856.0,2902.0,4095.0,4095.0,4095.0,4095.0,0.3,9.45,3.46,-0.07,0.01,-0.02,1.0,hello
3394.0,3191.0,3855.0,2915.0,4095.0,4095.0,4095.0,4095.0,0.33,9.52,3.4,-0.08,0.06,-0.0,1.0,hello
3024.0,3169.0,4027.0,2735.0,4095.0,4095.0,4095.0,4095.0,6.25,7.78,0.83,-0.04,0.0,-0.03,1.0,hello
3017.0,3178.0,4016.0,2752.0,4095.0,4095.0,4095.0,4095.0,6.65,7.74,0.49,-0.08,-0.07,-0.02,1.0,hello
3021.0,3181.0,4031.0,2706.0,4095.0,4095.0,4095.0,4095.0,19.1,9.13,-7.96,-0.36,-0.54,-1.66,1.0,hello
3025.0,3186.0,4031.0,2755.0,4095.0,4095.0,4095.0,4095.0,1.48,3.11,2.99,-2.73,-0.82,-3.53,1.0,hello
3019.0,3185.0,4015.0,2815.0,4095.0,4095.0,4095.0,4095.0,-8.17,6.34,10.61,-0.32,-0.35,-1.16,1.0,hello
3024.0,3184.0,4017.0,2807.0,4095.0,4095.0,4095.0,4095.0,1.21,10.21,3.16,-0.05,-0.06,-0.13,1.0,hello
3024.0,3197.0,4016.0,2814.0,4095.0,4095.0,4095.0,4095.0,1.1,9.14,3.74,-0.15,-0.01,-0.08,1.0,hello
3025.0,3187.0,4047.0,2811.0,4095.0,4095.0,4095.0,4095.0,0.53,9.44,3.35,-0.13,-0.03,-0.04,1.0,hello
3011.0,3195.0,4039.0,2812.0,4095.0,4095.0,4095.0,4095.0,0.99,9.38,3.6,-0.13,-0.01,-0.08,1.0,hello
3022.0,3183.0,4016.0,2817.0,4095.0,4095.0,4095.0,4095.0,0.94,9.61,3.76,-0.18,-0.07,-0.07,1.0,hello
3013.0,3191.0,4034.0,2827.0,4095.0,4095.0,4095.0,4095.0,0.64,9.54,3.77,-0.1,-0.02,-0.05,1.0,hello
3007.0,3194.0,4015.0,2815.0,4095.0,4095.0,4095.0,4095.0,0.62,9.38,3.7,-0.08,0.04,-0.02,1.0,hello
3003.0,3195.0,4023.0,2819.0,4095.0,4095.0,4095.0,4095.0,0.84,9.48,3.87,-0.04,-0.04,-0.03,1.0,hello
3022.0,3191.0,4014.0,2816.0,4095.0,4095.0,4095.0,4095.0,0.66,9.31,3.82,-0.05,0.01,-0.03,1.0,hello
3014.0,3191.0,4047.0,2823.0,4095.0,4095.0,4095.0,4095.0,0.86,9.45,3.61,-0.08,0.01,0.01,1.0,hello
3013.0,3181.0,4026.0,2830.0,4095.0,4095.0,4095.0,4095.0,0.64,9.29,3.73,-0.07,-0.03,-0.02,1.0,hello
3012.0,3186.0,4045.0,2823.0,4095.0,4095.0,4095.0,4095.0,0.86,9.37,3.66,-0.09,0.02,-0.04,1.0,hello
3005.0,3175.0,4048.0,2816.0,4095.0,4095.0,4095.0,4095.0,0.75,9.3,3.92,-0.05,0.0,-0.04,1.0,hello
3017.0,3174.0,4050.0,2822.0,4095.0,4095.0,4095.0,4095.0,0.75,9.38,3.58,-0.13,0.03,-0.06,1.0,hello
3019.0,3187.0,4057.0,2832.0,4095.0,4095.0,4095.0,4095.0,0.94,9.45,3.54,-0.07,0.0,-0.02,1.0,hello
3445.0,3207.0,4080.0,2800.0,4095.0,4095.0,4095.0,4095.0,6.26,8.04,-0.47,-0.06,-0.02,-0.03,1.0,hello
3456.0,3216.0,4064.0,2800.0,4095.0,4095.0,4095.0,4095.0,6.22,7.99,-0.61,-0.07,-0.02,-0.04,1.0,hello
3387.0,3201.0,4074.0,2768.0,4095.0,4095.0,4095.0,4095.0,16.92,9.24,-10.26,-0.61,-0.66,-1.28,1.0,hello
3392.0,3237.0,4081.0,2797.0,4095.0,4095.0,4095.0,3466.0,4.57,2.48,2.95,-3.13,-0.72,-3.61,1.0,hello
3405.0,3221.0,4093.0,2832.0,4095.0,4095.0,4095.0,3501.0,-8.86,6.77,9.18,-0.35,-0.27,-1.4,1.0,hello
3381.0,3233.0,4095.0,2841.0,4095.0,4095.0,4095.0,3497.0,-1.05,9.82,2.31,-0.25,-0.07,0.14,1.0,hello
3393.0,3216.0,4080.0,2849.0,4095.0,4095.0,4095.0,3486.0,2.09,9.83,3.54,-0.21,-0.01,-0.06,1.0,hello
3397.0,3223.0,4095.0,2850.0,4095.0,4095.0,4095.0,3437.0,0.15,9.34,3.29,-0.16,0.07,-0.07,1.0,hello
3377.0,3225.0,4091.0,2846.0,4095.0,4095.0,4095.0,3517.0,0.88,9.67,3.46,-0.12,-0.01,0.01,1.0,hello
3385.0,3225.0,4086.0,2836.0,4095.0,4095.0,4095.0,3549.0,0.45,9.7,3.34,-0.06,0.01,0.0,1.0,hello
3402.0,3203.0,4090.0,2858.0,4095.0,4095.0,4095.0,3472.0,0.57,9.44,3.27,-0.12,0.04,0.02,1.0,hello
3391.0,3235.0,4087.0,2849.0,4095.0,4095.0,4095.0,3445.0,0.83,9.3,3.14,-0.08,0.08,-0.05,1.0,hello
3386.0,3214.0,4095.0,2854.0,4095.0,4095.0,4095.0,3417.0,1.07,9.84,3.01,-0.1,-0.04,-0.03,1.0,hello
3393.0,3214.0,4089.0,2859.0,4095.0,4095.0,4095.0,3441.0,0.67,9.49,3.56,-0.1,0.03,-0.05,1.0,hello
3381.0,3227.0,4094.0,2863.0,4095.0,4095.0,4095.0,3467.0,0.75,9.58,3.17,-0.05,0.01,-0.04,1.0,hello
3376.0,3229.0,4095.0,2858.0,4095.0,4095.0,4095.0,3490.0,0.84,9.57,3.19,-0.07,0.0,-0.01,1.0,hello
3389.0,3215.0,4063.0,2850.0,4095.0,4095.0,4095.0,3439.0,0.72,9.59,3.18,-0.08,0.03,-0.02,1.0,hello
3376.0,3223.0,4095.0,2858.0,4095.0,4095.0,4095.0,3467.0,0.84,9.59,3.31,-0.06,0.03,-0.04,1.0,hello
3382.0,3222.0,4093.0,2863.0,4095.0,4095.0,4095.0,3387.0,0.81,9.64,3.27,-0.05,-0.02,-0.03,1.0,hello
3375.0,3203.0,4066.0,2864.0,4095.0,4095.0,4095.0,3473.0,0.72,9.56,3.3,-0.04,-0.01,-0.03,1.0,hello
3406.0,3184.0,3568.0,2869.0,4095.0,4095.0,4095.0,4095.0,5.83,8.23,1.64,-0.09,-0.05,-0.06,1.0,hello
3395.0,3183.0,3560.0,2874.0,4095.0,4095.0,4095.0,4095.0,7.16,8.1,1.03,-0.05,-0.2,-0.04,1.0,hello
3353.0,3205.0,3772.0,2839.0,4095.0,4095.0,4095.0,4095.0,22.25,10.29,-6.16,-0.82,-3.07,-2.14,1.0,hello
3408.0,3213.0,3785.0,2928.0,4095.0,4095.0,4095.0,4095.0,-10.43,0.71,7.98,-3.23,0.08,-1.65,1.0,hello
3402.0,3216.0,3790.0,2951.0,4095.0,4095.0,4095.0,4095.0,-1.92,8.28,2.87,-0.29,-0.52,-0.16,1.0,hello
3397.0,3207.0,3793.0,2951.0,4095.0,4095.0,4095.0,4095.0,1.92,10.15,4.22,-0.15,0.18,-0.25,1.0,hello
3382.0,3216.0,3789.0,2945.0,4095.0,4095.0,4095.0,4095.0,1.08,9.96,3.38,0.0,0.05,-0.13,1.0,hello
3387.0,3213.0,3809.0,2946.0,4095.0,4095.0,4095.0,4095.0,0.83,9.38,2.9,-0.02,-0.02,0.04,1.0,hello
3376.0,3197.0,3792.0,2943.0,4095.0,4095.0,4095.0,4095.0,0.81,9.45,2.73,-0.11,0.08,0.07,1.0,hello
3403.0,3213.0,3819.0,2953.0,4095.0,4095.0,4095.0,4095.0,1.47,9.72,3.02,-0.08,0.09,-0.01,1.0,hello
3376.0,3213.0,3810.0,2954.0,4095.0,4095.0,4095.0,4095.0,1.19,9.57,3.32,-0.08,0.08,-0.0,1.0,hello
3389.0,3201.0,3820.0,2951.0,4095.0,4095.0,4095.0,4095.0,1.42,9.55,3.32,-0.05,0.06,-0.01,1.0,hello
3386.0,3225.0,3798.0,2957.0,4095.0,4095.0,4095.0,4095.0,1.32,9.76,2.84,-0.05,-0.07,0.02,1.0,hello
3408.0,3223.0,3799.0,2949.0,4095.0,4095.0,4095.0,4095.0,1.48,9.48,3.19,-0.01,0.05,-0.04,1.0,hello
3389.0,3221.0,3783.0,2944.0,4095.0,4095.0,4095.0,4095.0,1.52,9.64,2.87,-0.03,0.06,-0.08,1.0,hello
3391.0,3199.0,3792.0,2949.0,4095.0,4095.0,4095.0,4095.0,1.27,9.59,2.85,-0.05,0.02,-0.07,1.0,hello
3386.0,3209.0,3807.0,2964.0,4095.0,4095.0,4095.0,4095.0,0.83,9.56,3.18,-0.08,0.05,-0.1,1.0,hello
3392.0,3216.0,3809.0,2949.0,4095.0,4095.0,4095.0,4095.0,1.06,9.89,3.05,-0.1,-0.07,0.01,1.0,hello
3391.0,3214.0,3824.0,2957.0,4095.0,4095.0,4095.0,4095.0,1.02,9.7,3.16,-0.07,-0.04,-0.01,1.0,hello
3376.0,3212.0,3793.0,2960.0,4095.0,4095.0,4095.0,4095.0,1.2,9.44,3.06,0.0,-0.0,0.02,1.0,hello
3054.0,3236.0,4095.0,2928.0,4095.0,4095.0,4095.0,4095.0,5.79,8.37,0.79,-0.07,-0.02,-0.03,1.0,hello
3056.0,3215.0,4095.0,2931.0,4095.0,4095.0,4095.0,4095.0,7.22,7.95,0.73,-0.02,-0.29,-0.08,1.0,hello
3056.0,3217.0,4095.0,2896.0,4095.0,4095.0,4095.0,4095.0,20.93,8.65,-4.25,-0.7,-2.4,-1.82,1.0,hello
3071.0,3237.0,4095.0,2960.0,4095.0,4095.0,4095.0,4095.0,-7.89,3.28,2.67,-2.27,1.45,-3.47,1.0,hello
3071.0,3226.0,4095.0,2978.0,4095.0,4095.0,4095.0,4095.0,-8.06,8.03,3.97,-0.29,-0.77,-0.43,1.0,hello
3063.0,3238.0,4095.0,2961.0,4095.0,4095.0,4095.0,4095.0,0.35,10.05,3.09,-0.12,-0.03,-0.08,1.0,hello
3063.0,3227.0,4095.0,2960.0,4095.0,4095.0,4095.0,4095.0,-0.58,9.68,2.7,-0.11,-0.07,0.08,1.0,hello
3071.0,3228.0,4095.0,2971.0,4095.0,4095.0,4095.0,4095.0,0.13,9.66,3.02,-0.11,-0.07,0.07,1.0,hello
3063.0,3227.0,4095.0,2962.0,4095.0,4095.0,4095.0,4095.0,0.19,9.78,2.9,-0.09,-0.01,0.02,1.0,hello
3058.0,3233.0,4095.0,2961.0,4095.0,4095.0,4095.0,4095.0,0.02,9.64,3.13,-0.09,-0.01,0.03,1.0,hello
3056.0,3227.0,4095.0,2960.0,4095.0,4095.0,4095.0,4095.0,0.4,9.75,2.89,0.01,-0.12,0.01,1.0,hello
3078.0,3223.0,4095.0,2970.0,4095.0,4095.0,4095.0,4095.0,0.17,9.75,2.6,-0.03,-0.06,-0.0,1.0,hello
3059.0,3233.0,4095.0,2970.0,4095.0,4095.0,4095.0,4095.0,0.11,9.64,2.87,-0.02,0.03,0.03,1.0,hello
3056.0,3223.0,4095.0,2964.0,4095.0,4095.0,4095.0,4095.0,0.35,9.84,2.49,-0.07,0.08,-0.01,1.0,hello
3069.0,3216.0,4095.0,2973.0,4095.0,4095.0,4095.0,4095.0,0.4,9.79,2.71,-0.07,0.01,0.0,1.0,hello
3066.0,3233.0,4095.0,2965.0,4095.0,4095.0,4095.0,4095.0,0.37,9.75,2.53,-0.06,0.03,-0.02,1.0,hello
3067.0,3232.0,4095.0,2962.0,4095.0,4095.0,4095.0,4095.0,0.37,9.62,2.9,-0.1,0.04,-0.04,1.0,hello
3056.0,3216.0,4095.0,2979.0,4095.0,4095.0,4095.0,4095.0,0.2,9.77,2.64,-0.06,0.01,-0.02,1.0,hello
3057.0,3218.0,4095.0,2962.0,4095.0,4095.0,4095.0,4095.0,0.42,9.75,2.73,-0.05,0.03,-0.01,1.0,hello
3050.0,3229.0,4095.0,2978.0,4095.0,4095.0,4095.0,4095.0,0.45,9.63,2.72,-0.07,0.07,-0.02,1.0,hello
3401.0,3472.0,3714.0,3051.0,4095.0,4095.0,4095.0,4095.0,6.0,8.04,0.88,-0.04,-0.12,-0.06,1.0,hello
3410.0,3438.0,3759.0,3035.0,4095.0,4095.0,4095.0,4095.0,13.9,7.95,-3.02,0.07,-0.67,-1.01,1.0,hello
3408.0,3456.0,3891.0,3044.0,4095.0,4095.0,4095.0,4095.0,7.5,4.63,1.75,-1.6,-0.64,-4.5,1.0,hello
3422.0,3455.0,3858.0,3107.0,4095.0,4095.0,4095.0,4095.0,-11.22,6.81,4.46,-0.71,-0.34,-1.6,1.0,hello
3398.0,3438.0,3902.0,3101.0,4095.0,4095.0,4095.0,4095.0,0.3,10.11,2.09,-0.41,-0.19,0.14,1.0,hello
3415.0,3451.0,3923.0,3102.0,4095.0,4095.0,4095.0,4095.0,0.34,9.95,1.82,-0.11,-0.16,-0.01,1.0,hello
3408.0,3435.0,3938.0,3105.0,4095.0,4095.0,4095.0,4095.0,0.55,9.9,2.14,-0.18,-0.08,0.11,1.0,hello
3406.0,3465.0,3951.0,3102.0,4095.0,4095.0,4095.0,4095.0,0.65,9.96,2.53,-0.11,-0.05,0.03,1.0,hello
3410.0,3455.0,3971.0,3103.0,4095.0,4095.0,4095.0,4095.0,0.67,9.88,2.44,-0.09,-0.04,0.03,1.0,hello
3387.0,3453.0,3989.0,3095.0,4095.0,4095.0,4095.0,4095.0,0.83,9.92,2.24,-0.09,-0.02,-0.0,1.0,hello
3403.0,3440.0,3959.0,3101.0,4095.0,4095.0,4095.0,4095.0,0.77,9.83,2.2,-0.05,-0.02,-0.01,1.0,hello
3413.0,3444.0,3952.0,3101.0,4095.0,4095.0,4095.0,4095.0,0.88,9.86,2.33,-0.06,0.01,-0.02,1.0,hello
3398.0,3441.0,3966.0,3102.0,4095.0,4095.0,4095.0,4095.0,0.72,9.8,2.37,-0.03,-0.02,-0.03,1.0,hello
3425.0,3483.0,3982.0,3104.0,4095.0,4095.0,4095.0,4095.0,0.79,9.83,2.13,-0.06,-0.03,-0.01,1.0,hello
3408.0,3441.0,3969.0,3102.0,4095.0,4095.0,4095.0,4095.0,0.8,9.8,2.28,-0.04,0.03,-0.01,1.0,hello
3408.0,3471.0,3986.0,3101.0,4095.0,4095.0,4095.0,4095.0,0.67,9.81,2.26,-0.06,0.06,-0.01,1.0,hello
3405.0,3442.0,3970.0,3098.0,4095.0,4095.0,4095.0,4095.0,0.93,9.89,2.36,-0.06,0.02,-0.04,1.0,hello
3406.0,3454.0,3994.0,3106.0,4095.0,4095.0,4095.0,4095.0,0.76,9.83,2.15,-0.05,0.01,-0.02,1.0,hello
3408.0,3458.0,3982.0,3093.0,4095.0,4095.0,4095.0,4095.0,0.8,9.72,2.18,-0.07,0.01,-0.03,1.0,hello
3403.0,3450.0,3990.0,3095.0,4095.0,4095.0,4095.0,4095.0,0.93,9.84,2.23,-0.06,-0.01,-0.0,1.0,hello
3091.0,3263.0,3582.0,2820.0,4095.0,4095.0,4095.0,4095.0,6.18,8.03,-0.12,-0.06,0.01,-0.04,1.0,hello
3106.0,3280.0,3597.0,2839.0,4095.0,4095.0,4095.0,4095.0,6.32,8.0,-0.29,-0.06,-0.06,-0.05,1.0,hello
3110.0,3269.0,3583.0,2835.0,4095.0,4095.0,4095.0,4095.0,7.47,7.81,-0.99,0.04,-0.02,-0.16,1.0,hello
3101.0,3283.0,3618.0,2816.0,4095.0,4095.0,4095.0,4095.0,15.19,7.25,-5.95,-1.47,-1.49,-2.0,1.0,hello
3104.0,3277.0,3645.0,2896.0,4095.0,4095.0,4095.0,4095.0,-1.95,5.71,5.77,-2.3,-0.42,-2.85,1.0,hello
3087.0,3266.0,3637.0,2907.0,4095.0,4095.0,4095.0,4095.0,-3.98,9.14,4.42,-0.16,-0.04,-0.48,1.0,hello
3085.0,3280.0,3719.0,2903.0,4095.0,4095.0,4095.0,4095.0,0.76,9.79,3.09,-0.09,0.09,-0.06,1.0,hello
3083.0,3295.0,3727.0,2911.0,4095.0,4095.0,4095.0,4095.0,0.54,9.4,3.14,-0.07,-0.01,-0.03,1.0,hello
3090.0,3274.0,3745.0,2900.0,4095.0,4095.0,4095.0,4095.0,0.93,9.6,2.96,-0.11,0.0,0.01,1.0,hello
3090.0,3265.0,3729.0,2913.0,4095.0,4095.0,4095.0,4095.0,0.72,9.64,2.78,-0.07,-0.05,0.02,1.0,hello
3095.0,3289.0,3719.0,2919.0,4095.0,4095.0,4095.0,4095.0,1.06,9.82,2.85,-0.05,0.03,-0.0,1.0,hello
3095.0,3271.0,3738.0,2907.0,4095.0,4095.0,4095.0,4095.0,0.79,9.72,2.59,-0.09,0.0,-0.02,1.0,hello
3088.0,3285.0,3756.0,2911.0,4095.0,4095.0,4095.0,4095.0,1.0,9.75,2.67,-0.08,0.03,-0.0,1.0,hello
3071.0,3280.0,3787.0,2911.0,4095.0,4095.0,4095.0,4095.0,0.98,9.68,2.75,-0.12,0.13,-0.01,1.0,hello
3089.0,3271.0,3759.0,2917.0,4095.0,4095.0,4095.0,4095.0,0.83,9.75,2.73,-0.06,-0.03,-0.01,1.0,hello
3088.0,3289.0,3765.0,2922.0,4095.0,4095.0,4095.0,4095.0,1.05,9.8,2.68,-0.07,0.06,0.01,1.0,hello
3082.0,3266.0,3773.0,2915.0,4095.0,4095.0,4095.0,4095.0,1.05,9.72,2.72,-0.1,0.05,-0.03,1.0,hello
3091.0,3283.0,3759.0,2922.0,4095.0,4095.0,4095.0,4095.0,1.05,9.65,2.92,-0.12,0.05,-0.05,1.0,hello
3087.0,3282.0,3775.0,2927.0,4095.0,4095.0,4095.0,4095.0,0.83,9.66,2.87,-0.08,0.03,-0.07,1.0,hello
3093.0,3283.0,3792.0,2929.0,4095.0,4095.0,4095.0,4095.0,0.86,9.56,2.91,-0.09,0.01,-0.0,1.0,hello
3111.0,3207.0,3774.0,2849.0,4095.0,4095.0,4095.0,4095.0,6.11,8.04,-0.18,-0.06,0.0,-0.07,1.0,hello
3103.0,3216.0,3751.0,2850.0,4095.0,4095.0,4095.0,4095.0,7.48,7.95,-1.05,0.03,0.15,-0.15,1.0,hello
3083.0,3218.0,3888.0,2810.0,4095.0,4095.0,4095.0,4095.0,18.38,8.74,-8.24,-0.89,-1.31,-2.76,1.0,hello
3104.0,3217.0,3840.0,2894.0,4095.0,4095.0,4095.0,4095.0,-5.38,3.44,7.36,-2.53,-0.28,-2.3,1.0,hello
3116.0,3216.0,3846.0,2928.0,4095.0,4095.0,4095.0,4095.0,-2.85,9.43,4.66,-0.19,-0.15,-0.7,1.0,hello
3099.0,3219.0,3885.0,2923.0,4095.0,4095.0,4095.0,4095.0,1.77,10.22,2.41,-0.15,-0.11,-0.03,1.0,hello
3114.0,3216.0,3906.0,2933.0,4095.0,4095.0,4095.0,4095.0,0.83,9.59,2.78,-0.15,-0.01,-0.02,1.0,hello
3090.0,3215.0,3943.0,2930.0,4095.0,4095.0,4095.0,4095.0,1.09,9.78,3.06,-0.16,0.06,0.01,1.0,hello
3090.0,3207.0,3922.0,2934.0,4095.0,4095.0,4095.0,4095.0,0.99,9.75,3.0,-0.06,0.01,0.02,1.0,hello
3093.0,3218.0,3939.0,2939.0,4095.0,4095.0,4095.0,4095.0,1.1,9.65,3.05,0.0,0.01,-0.0,1.0,hello
3097.0,3213.0,3953.0,2937.0,4095.0,4095.0,4095.0,4095.0,1.22,9.72,2.81,-0.04,0.0,0.05,1.0,hello
3107.0,3216.0,3939.0,2933.0,4095.0,4095.0,4095.0,4095.0,1.11,9.65,2.76,-0.05,0.05,0.0,1.0,hello
3097.0,3228.0,3959.0,2937.0,4095.0,4095.0,4095.0,4095.0,1.29,9.65,2.67,-0.05,0.03,-0.01,1.0,hello
3101.0,3216.0,3959.0,2939.0,4095.0,4095.0,4095.0,4095.0,1.06,9.7,2.77,-0.06,0.07,-0.01,1.0,hello
3101.0,3217.0,3932.0,2944.0,4095.0,4095.0,4095.0,4095.0,1.36,9.7,2.75,-0.07,0.03,-0.02,1.0,hello
3108.0,3210.0,3941.0,2950.0,4095.0,4095.0,4095.0,4095.0,1.46,9.73,2.76,-0.03,0.03,-0.04,1.0,hello
3108.0,3216.0,3951.0,2939.0,4095.0,4095.0,4095.0,4095.0,1.38,9.71,2.76,-0.06,-0.01,-0.01,1.0,hello
3092.0,3218.0,3943.0,2942.0,4095.0,4095.0,4095.0,4095.0,1.28,9.63,2.87,-0.04,-0.03,-0.02,1.0,hello
3101.0,3216.0,3952.0,2957.0,4095.0,4095.0,4095.0,4095.0,1.35,9.62,2.79,-0.05,0.03,-0.01,1.0,hello
3084.0,3219.0,3956.0,2951.0,4095.0,4095.0,4095.0,4095.0,1.26,9.63,2.82,-0.07,0.02,-0.01,1.0,hello
3095.0,3197.0,4010.0,2931.0,4095.0,4095.0,4095.0,4095.0,6.18,8.03,0.09,-0.05,-0.03,-0.04,1.0,hello
3101.0,3207.0,3994.0,2937.0,4095.0,4095.0,4095.0,4095.0,6.04,7.98,0.04,-0.07,-0.02,-0.04,1.0,hello
3105.0,3212.0,4012.0,2938.0,4095.0,4095.0,4095.0,4095.0,8.21,7.63,-1.25,-0.03,0.02,-0.2,1.0,hello
3089.0,3201.0,4093.0,2890.0,4095.0,4095.0,4095.0,4095.0,13.94,6.81,-5.41,-1.39,-1.6,-2.11,1.0,hello
3091.0,3205.0,4071.0,2949.0,4095.0,4095.0,4095.0,4095.0,-1.35,5.8,3.84,-2.71,0.21,-3.0,1.0,hello
3103.0,3216.0,3999.0,3005.0,4095.0,4095.0,4095.0,4095.0,-5.32,8.86,6.66,-0.57,-0.07,-0.74,1.0,hello
3101.0,3222.0,4059.0,3009.0,4095.0,4095.0,4095.0,4095.0,1.16,10.0,3.96,-0.15,-0.06,0.03,1.0,hello
3091.0,3202.0,4037.0,3001.0,4095.0,4095.0,4095.0,4095.0,0.6,9.42,3.11,-0.02,0.1,-0.1,1.0,hello
3102.0,3231.0,4042.0,3003.0,4095.0,4095.0,4095.0,4095.0,0.87,9.59,3.16,-0.13,-0.01,-0.04,1.0,hello
3093.0,3200.0,4043.0,2999.0,4095.0,4095.0,4095.0,4095.0,0.68,9.61,3.35,-0.1,0.02,-0.05,1.0,hello
3091.0,3216.0,4016.0,2995.0,4095.0,4095.0,4095.0,4095.0,0.67,9.65,3.43,-0.05,-0.05,-0.0,1.0,hello
3096.0,3235.0,4038.0,3001.0,4095.0,4095.0,4095.0,4095.0,1.0,9.7,3.42,-0.04,-0.05,0.05,1.0,hello
3099.0,3219.0,4048.0,3002.0,4095.0,4095.0,4095.0,4095.0,1.02,9.48,3.3,-0.03,-0.01,-0.01,1.0,hello
3089.0,3219.0,4031.0,3005.0,4095.0,4095.0,4095.0,4095.0,0.95,9.5,3.19,-0.06,0.0,0.02,1.0,hello
3106.0,3216.0,4031.0,3009.0,4095.0,4095.0,4095.0,4095.0,1.07,9.51,3.36,-0.04,0.05,-0.04,1.0,hello
3099.0,3216.0,4027.0,2992.0,4095.0,4095.0,4095.0,4095.0,1.06,9.52,3.32,-0.06,0.02,-0.01,1.0,hello
3093.0,3226.0,4034.0,2993.0,4095.0,4095.0,4095.0,4095.0,1.11,9.56,3.22,-0.04,0.03,-0.01,1.0,hello
3099.0,3226.0,4022.0,2992.0,4095.0,4095.0,4095.0,4095.0,1.13,9.41,3.39,-0.03,-0.05,-0.0,1.0,hello
3101.0,3222.0,4035.0,3003.0,4095.0,4095.0,4095.0,4095.0,1.15,9.52,3.17,-0.08,-0.05,-0.02,1.0,hello
3097.0,3217.0,4020.0,3008.0,4095.0,4095.0,4095.0,4095.0,0.98,9.59,3.04,-0.1,0.04,-0.01,1.0,hello
3095.0,3200.0,4095.0,2991.0,4095.0,4095.0,4095.0,4095.0,5.85,8.09,-0.94,-0.06,-0.02,-0.03,1.0,hello
3103.0,3191.0,4095.0,2993.0,4095.0,4095.0,4095.0,4095.0,5.94,8.08,-0.82,-0.04,-0.02,-0.05,1.0,hello
3095.0,3189.0,4089.0,2991.0,4095.0,4095.0,4095.0,4095.0,8.74,7.81,-2.76,0.03,0.21,-0.3,1.0,hello
3088.0,3202.0,4095.0,2925.0,4095.0,4095.0,4095.0,4095.0,14.34,7.05,-4.09,-1.84,-1.18,-2.54,1.0,hello
3106.0,3217.0,4095.0,3046.0,4095.0,4095.0,4095.0,4095.0,-4.94,4.58,1.64,-2.69,0.59,-2.9,1.0,hello
3094.0,3210.0,4095.0,3114.0,4095.0,4095.0,4095.0,4095.0,-5.91,8.13,7.1,-0.65,-0.25,-0.8,1.0,hello
3089.0,3199.0,4095.0,3089.0,4095.0,4095.0,4095.0,4095.0,-0.96,10.18,3.51,-0.05,0.09,-0.14,1.0,hello
3095.0,3213.0,4095.0,3101.0,4095.0,4095.0,4095.0,4095.0,-0.2,9.29,3.35,-0.05,0.0,0.07,1.0,hello
3088.0,3200.0,4095.0,3086.0,4095.0,4095.0,4095.0,4095.0,0.06,9.64,3.19,-0.0,0.01,0.06,1.0,hello
3093.0,3201.0,4094.0,3071.0,4095.0,4095.0,4095.0,4095.0,0.1,9.65,3.42,-0.06,-0.0,0.04,1.0,hello
3108.0,3210.0,4095.0,3062.0,4095.0,4095.0,4095.0,4095.0,0.11,9.7,3.09,-0.03,-0.03,0.01,1.0,hello
3088.0,3204.0,4095.0,3046.0,4095.0,4095.0,4095.0,4095.0,0.04,9.62,2.92,-0.09,-0.03,0.02,1.0,hello
3089.0,3207.0,4095.0,3025.0,4095.0,4095.0,4095.0,4095.0,0.06,9.57,3.17,-0.08,-0.01,-0.01,1.0,hello
3101.0,3201.0,4095.0,3029.0,4095.0,4095.0,4095.0,4095.0,0.09,9.58,3.16,-0.06,0.02,-0.01,1.0,hello
3083.0,3219.0,4095.0,3037.0,4095.0,4095.0,4095.0,4095.0,0.14,9.59,3.14,-0.03,0.04,-0.02,1.0,hello
3093.0,3213.0,4095.0,3033.0,4095.0,4095.0,4095.0,4095.0,0.21,9.46,3.17,-0.08,-0.01,0.02,1.0,hello
3085.0,3214.0,4095.0,3044.0,4095.0,4095.0,4095.0,4095.0,0.23,9.58,3.12,-0.05,-0.01,0.0,1.0,hello
3099.0,3207.0,4095.0,3039.0,4095.0,4095.0,4095.0,4095.0,0.14,9.66,2.88,-0.06,-0.0,0.01,1.0,hello
3095.0,3209.0,4091.0,3053.0,4095.0,4095.0,4095.0,4095.0,0.39,9.7,2.96,-0.07,0.04,-0.02,1.0,hello
3071.0,3201.0,4095.0,3043.0,4095.0,4095.0,4095.0,4095.0,0.19,9.54,3.24,-0.07,0.01,-0.04,1.0,hello
3056.0,3189.0,4095.0,2912.0,4095.0,4095.0,4095.0,4095.0,6.05,8.06,1.38,-0.05,0.01,-0.03,1.0,hello
3056.0,3177.0,4095.0,2919.0,4095.0,4095.0,4095.0,4095.0,6.22,7.99,1.32,-0.02,-0.1,-0.06,1.0,hello
3061.0,3213.0,4095.0,2922.0,4095.0,4095.0,4095.0,4095.0,7.69,7.67,0.56,0.08,-0.17,-0.12,1.0,hello
3039.0,3198.0,4095.0,2873.0,4095.0,4095.0,4095.0,4095.0,16.65,7.54,-3.76,-1.08,-2.08,-3.42,1.0,hello
3050.0,3217.0,4095.0,2944.0,4095.0,4095.0,4095.0,4095.0,-4.92,5.08,6.7,-2.05,-0.53,-2.26,1.0,hello
3046.0,3210.0,4095.0,2977.0,4095.0,4095.0,4095.0,4095.0,-3.62,8.5,5.61,-0.43,-0.45,-0.38,1.0,hello
3061.0,3203.0,4095.0,2972.0,4095.0,4095.0,4095.0,4095.0,1.37,10.18,3.17,0.01,0.05,-0.1,1.0,hello
3051.0,3214.0,4095.0,2957.0,4095.0,4095.0,4095.0,4095.0,0.77,9.6,2.57,-0.1,0.03,-0.1,1.0,hello
3045.0,3206.0,4095.0,2973.0,4095.0,4095.0,4095.0,4095.0,0.61,9.69,3.11,-0.11,0.0,-0.06,1.0,hello
3057.0,3200.0,4095.0,2960.0,4095.0,4095.0,4095.0,4095.0,0.71,9.59,2.99,-0.1,0.04,-0.07,1.0,hello
3056.0,3211.0,4095.0,2970.0,4095.0,4095.0,4095.0,4095.0,0.67,9.81,3.18,-0.15,0.05,-0.05,1.0,hello
3056.0,3189.0,4095.0,2969.0,4095.0,4095.0,4095.0,4095.0,0.39,9.54,3.45,-0.06,0.0,-0.0,1.0,hello
3051.0,3205.0,4095.0,2976.0,4095.0,4095.0,4095.0,4095.0,0.55,9.5,3.19,-0.04,0.01,0.0,1.0,hello
3041.0,3193.0,4095.0,2980.0,4095.0,4095.0,4095.0,4095.0,0.81,9.7,2.91,-0.1,0.05,-0.01,1.0,hello
3047.0,3212.0,4095.0,2977.0,4095.0,4095.0,4095.0,4095.0,0.6,9.64,3.08,-0.08,0.03,-0.02,1.0,hello
3045.0,3205.0,4095.0,2981.0,4095.0,4095.0,4095.0,4095.0,0.72,9.36,3.53,-0.09,-0.03,-0.0,1.0,hello
3038.0,3206.0,4095.0,2975.0,4095.0,4095.0,4095.0,4095.0,0.59,9.64,3.24,-0.06,-0.0,-0.0,1.0,hello
3056.0,3216.0,4095.0,2976.0,4095.0,4095.0,4095.0,4095.0,0.71,9.63,3.17,-0.06,-0.04,-0.01,1.0,hello
3055.0,3184.0,4095.0,2979.0,4095.0,4095.0,4095.0,4095.0,0.52,9.39,3.2,-0.03,0.03,0.0,1.0,hello
3046.0,3205.0,4095.0,2993.0,4095.0,4095.0,4095.0,4095.0,0.6,9.6,3.15,-0.08,0.03,0.0,1.0,hello
3027.0,3219.0,4095.0,2899.0,4095.0,4095.0,4095.0,4095.0,6.13,8.11,0.59,-0.06,-0.05,-0.03,1.0,hello
3031.0,3210.0,4095.0,2902.0,4095.0,4095.0,4095.0,4095.0,6.35,7.95,0.46,-0.03,-0.03,-0.07,1.0,hello
3037.0,3234.0,4095.0,2877.0,4095.0,4095.0,4095.0,4095.0,13.17,7.12,-4.32,-0.18,0.13,-0.99,1.0,hello
3034.0,3216.0,4095.0,2871.0,4095.0,4095.0,4095.0,4095.0,12.68,6.22,0.43,-2.21,-1.68,-3.5,1.0,hello
3024.0,3231.0,4095.0,2963.0,4095.0,4095.0,4095.0,4095.0,-10.63,4.35,8.92,-1.39,0.07,-2.07,1.0,hello
3031.0,3245.0,4095.0,2971.0,4095.0,4095.0,4095.0,4095.0,-2.16,9.52,4.85,-0.2,-0.05,-0.17,1.0,hello
3029.0,3223.0,4095.0,2965.0,4095.0,4095.0,4095.0,4095.0,0.54,9.76,4.07,-0.1,0.04,-0.06,1.0,hello
3033.0,3228.0,4095.0,2967.0,4095.0,4095.0,4095.0,4095.0,-0.08,9.19,3.91,-0.07,0.03,-0.04,1.0,hello
3013.0,3234.0,4095.0,2974.0,4095.0,4095.0,4095.0,4095.0,0.16,9.34,3.9,-0.04,0.03,0.01,1.0,hello
3019.0,3230.0,4095.0,2973.0,4095.0,4095.0,4095.0,4095.0,0.04,9.38,3.99,-0.07,0.03,0.01,1.0,hello
3033.0,3241.0,4095.0,2970.0,4095.0,4095.0,4095.0,4095.0,0.06,9.43,3.66,-0.06,0.04,0.03,1.0,hello
3027.0,3234.0,4095.0,2979.0,4095.0,4095.0,4095.0,4095.0,0.08,9.39,3.71,-0.08,0.05,0.07,1.0,hello
3024.0,3232.0,4095.0,2978.0,4095.0,4095.0,4095.0,4095.0,0.47,9.38,3.88,-0.09,0.08,0.03,1.0,hello
3023.0,3238.0,4095.0,2969.0,4095.0,4095.0,4095.0,4095.0,0.34,9.47,3.71,-0.02,0.06,-0.02,1.0,hello
3025.0,3234.0,4095.0,2977.0,4095.0,4095.0,4095.0,4095.0,0.29,9.34,3.72,-0.08,0.05,0.0,1.0,hello
3031.0,3235.0,4095.0,2975.0,4095.0,4095.0,4095.0,4095.0,0.55,9.49,3.71,-0.08,-0.0,0.02,1.0,hello
3029.0,3231.0,4095.0,2978.0,4095.0,4095.0,4095.0,4095.0,0.39,9.41,3.74,-0.04,-0.02,0.01,1.0,hello
3014.0,3221.0,4095.0,2982.0,4095.0,4095.0,4095.0,4095.0,0.29,9.32,3.77,-0.06,0.03,-0.01,1.0,hello
3029.0,3223.0,4095.0,2974.0,4095.0,4095.0,4095.0,4095.0,0.4,9.48,3.62,-0.08,-0.01,0.02,1.0,hello
3031.0,3231.0,4095.0,2979.0,4095.0,4095.0,4095.0,4095.0,0.44,9.43,3.78,-0.07,0.05,0.06,1.0,hello
3021.0,3228.0,4095.0,2800.0,4095.0,4095.0,4095.0,4095.0,6.0,8.26,0.18,-0.09,0.0,-0.01,1.0,hello
3008.0,3229.0,4095.0,2800.0,4095.0,4095.0,4095.0,4095.0,6.14,8.09,-0.29,-0.09,0.04,-0.02,1.0,hello
3009.0,3234.0,4095.0,2757.0,4095.0,4095.0,4095.0,4095.0,18.03,8.88,-6.62,-0.65,-1.48,-1.47,1.0,hello
3034.0,3226.0,4095.0,2755.0,4095.0,4095.0,4095.0,4095.0,-0.61,3.64,0.79,-2.98,-0.09,-3.51,1.0,hello
3024.0,3242.0,4095.0,2813.0,4095.0,4095.0,4095.0,4095.0,-7.34,6.38,11.29,-0.79,-0.36,-0.49,1.0,hello
3024.0,3231.0,4095.0,2831.0,4095.0,4095.0,4095.0,4095.0,0.85,10.0,3.2,-0.15,0.13,0.01,1.0,hello
3023.0,3235.0,4095.0,2834.0,4095.0,4095.0,4095.0,4095.0,0.76,9.26,3.73,-0.16,-0.03,0.03,1.0,hello
3015.0,3237.0,4095.0,2845.0,4095.0,4095.0,4095.0,4095.0,0.72,9.47,3.39,-0.08,-0.02,0.05,1.0,hello
3023.0,3237.0,4095.0,2847.0,4095.0,4095.0,4095.0,4095.0,0.85,9.53,3.86,-0.06,0.04,0.0,1.0,hello
3015.0,3243.0,4095.0,2861.0,4095.0,4095.0,4095.0,4095.0,0.63,9.59,3.47,-0.02,0.04,0.01,1.0,hello
3014.0,3238.0,4095.0,2858.0,4095.0,4095.0,4095.0,4095.0,0.94,9.42,3.5,-0.05,0.02,0.02,1.0,hello
3013.0,3239.0,4095.0,2859.0,4095.0,4095.0,4095.0,4095.0,0.98,9.48,3.3,-0.03,0.04,0.0,1.0,hello
3017.0,3253.0,4095.0,2865.0,4095.0,4095.0,4095.0,4095.0,1.18,9.45,3.37,-0.05,0.0,-0.03,1.0,hello
3007.0,3223.0,4095.0,2865.0,4095.0,4095.0,4095.0,4095.0,0.9,9.59,3.3,-0.06,0.03,-0.01,1.0,hello
3010.0,3253.0,4095.0,2870.0,4095.0,4095.0,4095.0,4095.0,1.17,9.59,3.47,-0.06,0.02,-0.05,1.0,hello
3017.0,3251.0,4095.0,2871.0,4095.0,4095.0,4095.0,4095.0,0.79,9.55,3.3,-0.07,0.0,-0.04,1.0,hello
3008.0,3233.0,4095.0,2863.0,4095.0,4095.0,4095.0,4095.0,1.02,9.5,3.39,-0.06,-0.01,0.02,1.0,hello
3006.0,3239.0,4095.0,2877.0,4095.0,4095.0,4095.0,4095.0,0.94,9.49,3.42,-0.05,0.02,0.01,1.0,hello
3013.0,3229.0,4095.0,2878.0,4095.0,4095.0,4095.0,4095.0,1.01,9.41,3.31,-0.1,-0.0,0.02,1.0,hello
3013.0,3239.0,4095.0,2875.0,4095.0,4095.0,4095.0,4095.0,0.93,9.42,3.47,-0.08,-0.01,-0.0,1.0,hello
3013.0,3220.0,4095.0,2883.0,4095.0,4095.0,4095.0,4095.0,5.97,8.2,0.32,-0.05,-0.07,-0.03,1.0,hello
3004.0,3227.0,4095.0,2893.0,4095.0,4095.0,4095.0,4095.0,8.03,7.83,-1.15,0.02,-0.02,-0.19,1.0,hello
3009.0,3229.0,4095.0,2859.0,4095.0,4095.0,4095.0,4095.0,15.56,7.6,-6.59,-1.69,-1.26,-2.51,1.0,hello
2999.0,3232.0,4095.0,2954.0,4095.0,4095.0,4095.0,4095.0,-4.79,3.73,9.02,-2.56,-0.33,-2.14,1.0,hello
3005.0,3230.0,4095.0,2978.0,4095.0,4095.0,4095.0,4095.0,-3.71,9.31,5.7,-0.02,0.0,-0.55,1.0,hello
3011.0,3248.0,4095.0,2975.0,4095.0,4095.0,4095.0,4095.0,0.79,9.55,3.52,-0.17,0.1,-0.01,1.0,hello
3010.0,3245.0,4095.0,2989.0,4095.0,4095.0,4095.0,4095.0,0.79,9.39,3.78,-0.1,0.03,-0.08,1.0,hello
3008.0,3225.0,4095.0,2974.0,4095.0,4095.0,4095.0,4095.0,0.7,9.58,3.51,-0.05,0.0,-0.01,1.0,hello
3019.0,3229.0,4095.0,2986.0,4095.0,4095.0,4095.0,4095.0,0.66,9.47,3.63,-0.05,0.01,-0.06,1.0,hello
3024.0,3235.0,4095.0,2990.0,4095.0,4095.0,4095.0,4095.0,0.64,9.44,3.6,-0.05,-0.02,0.04,1.0,hello
3021.0,3227.0,4095.0,2983.0,4095.0,4095.0,4095.0,4095.0,1.11,9.59,3.33,-0.04,-0.01,0.01,1.0,hello
3017.0,3235.0,4095.0,2987.0,4095.0,4095.0,4095.0,4095.0,0.8,9.35,3.4,-0.05,0.03,-0.01,1.0,hello
3023.0,3232.0,4095.0,2982.0,4095.0,4095.0,4095.0,4095.0,0.86,9.43,3.59,-0.04,0.01,-0.01,1.0,hello
3007.0,3233.0,4095.0,2991.0,4095.0,4095.0,4095.0,4095.0,1.09,9.59,3.48,-0.03,-0.03,-0.06,1.0,hello
3004.0,3231.0,4095.0,2994.0,4095.0,4095.0,4095.0,4095.0,0.81,9.5,3.36,-0.05,0.0,-0.05,1.0,hello
3015.0,3233.0,4095.0,2990.0,4095.0,4095.0,4095.0,4095.0,0.83,9.42,3.37,-0.05,0.03,-0.01,1.0,hello
3017.0,3239.0,4095.0,2997.0,4095.0,4095.0,4095.0,4095.0,1.2,9.56,3.59,-0.08,-0.0,-0.05,1.0,hello
2998.0,3250.0,4095.0,2996.0,4095.0,4095.0,4095.0,4095.0,0.7,9.46,3.38,-0.08,0.0,-0.03,1.0,hello
3011.0,3255.0,4095.0,2991.0,4095.0,4095.0,4095.0,4095.0,0.87,9.51,3.48,-0.09,-0.02,-0.02,1.0,hello
3005.0,3232.0,4095.0,2994.0,4095.0,4095.0,4095.0,4095.0,0.74,9.48,3.47,-0.08,-0.04,-0.01,1.0,hello
3035.0,3245.0,4095.0,2827.0,4095.0,4095.0,4095.0,4095.0,5.82,8.33,0.03,-0.06,-0.03,-0.03,1.0,hello
3032.0,3241.0,4095.0,2829.0,4095.0,4095.0,4095.0,4095.0,5.87,8.19,0.01,-0.06,-0.03,-0.03,1.0,hello
3037.0,3243.0,4095.0,2845.0,4095.0,4095.0,4095.0,4095.0,6.3,8.21,-0.2,-0.04,-0.07,-0.08,1.0,hello
3011.0,3248.0,4095.0,2829.0,4095.0,4095.0,4095.0,4095.0,12.61,8.62,-7.08,-0.61,-0.76,-0.91,1.0,hello
3022.0,3253.0,4095.0,2831.0,4095.0,4095.0,4095.0,4095.0,9.37,5.19,-1.64,-3.74,-1.19,-3.61,1.0,hello
3007.0,3253.0,4095.0,2911.0,4095.0,4095.0,4095.0,4095.0,-9.88,4.58,13.95,0.07,-0.21,-1.23,1.0,hello
3006.0,3233.0,4095.0,2895.0,4095.0,4095.0,4095.0,4095.0,1.8,10.37,2.85,0.21,0.05,-0.03,1.0,hello
2999.0,3248.0,4095.0,2897.0,4095.0,4095.0,4095.0,4095.0,1.24,9.45,2.94,-0.02,0.18,-0.19,1.0,hello
3008.0,3249.0,4095.0,2910.0,4095.0,4095.0,4095.0,4095.0,0.75,9.52,3.05,-0.05,0.12,-0.06,1.0,hello
3019.0,3248.0,4095.0,2913.0,4095.0,4095.0,4095.0,4095.0,1.0,9.71,3.38,-0.03,0.1,-0.04,1.0,hello
3003.0,3248.0,4095.0,2913.0,4095.0,4095.0,4095.0,4095.0,0.9,9.7,3.11,-0.05,0.09,-0.03,1.0,hello
3004.0,3248.0,4095.0,2928.0,4095.0,4095.0,4095.0,4095.0,1.06,9.54,3.29,-0.05,0.0,-0.03,1.0,hello
3006.0,3248.0,4089.0,2918.0,4095.0,4095.0,4095.0,4095.0,1.06,9.53,3.26,-0.01,0.01,-0.01,1.0,hello
3010.0,3238.0,4095.0,2925.0,4095.0,4095.0,4095.0,4095.0,0.96,9.56,3.05,-0.07,0.01,0.01,1.0,hello
2992.0,3247.0,4095.0,2928.0,4095.0,4095.0,4095.0,4095.0,0.93,9.56,3.26,-0.03,0.02,-0.03,1.0,hello
3005.0,3241.0,4095.0,2919.0,4095.0,4095.0,4095.0,4095.0,0.96,9.56,3.03,-0.06,-0.01,0.02,1.0,hello
3007.0,3242.0,4095.0,2928.0,4095.0,4095.0,4095.0,4095.0,1.14,9.52,3.11,-0.08,0.08,-0.02,1.0,hello
2998.0,3248.0,4095.0,2927.0,4095.0,4095.0,4095.0,4095.0,0.97,9.56,3.16,-0.06,0.03,0.01,1.0,hello
3014.0,3245.0,4095.0,2932.0,4095.0,4095.0,4095.0,4095.0,1.09,9.64,3.14,-0.08,0.05,-0.01,1.0,hello
2999.0,3231.0,4095.0,2939.0,4095.0,4095.0,4095.0,4095.0,1.26,9.73,3.2,0.0,0.01,-0.01,1.0,hello
3059.0,3394.0,3893.0,2913.0,4095.0,4095.0,4095.0,4095.0,6.0,8.23,-0.23,-0.06,0.0,-0.03,1.0,hello
3053.0,3408.0,3874.0,2913.0,4095.0,4095.0,4095.0,4095.0,6.03,8.25,-0.29,-0.07,-0.02,-0.04,1.0,hello
3041.0,3398.0,3898.0,2914.0,4095.0,4095.0,4095.0,4095.0,11.89,8.19,-4.65,-0.15,-0.29,-0.48,1.0,hello
3051.0,3393.0,4032.0,2887.0,4095.0,4095.0,4095.0,4095.0,13.6,6.25,-3.6,-3.24,-1.55,-3.78,1.0,hello
3047.0,3391.0,3985.0,2998.0,4095.0,4095.0,4095.0,4095.0,-11.76,4.09,10.7,-0.96,0.15,-1.74,1.0,hello
3042.0,3386.0,4016.0,2995.0,4095.0,4095.0,4095.0,4095.0,0.47,9.66,4.02,-0.25,0.22,0.14,1.0,hello
3045.0,3389.0,4014.0,2993.0,4095.0,4095.0,4095.0,4095.0,1.08,9.75,3.71,-0.17,0.14,-0.1,1.0,hello
3051.0,3385.0,3991.0,2992.0,4095.0,4095.0,4095.0,4095.0,0.54,9.35,3.72,-0.11,-0.03,0.04,1.0,hello
3047.0,3389.0,4016.0,3004.0,4095.0,4095.0,4095.0,4095.0,1.21,9.56,3.47,-0.12,-0.03,0.05,1.0,hello
3040.0,3408.0,4011.0,2999.0,4095.0,4095.0,4095.0,4095.0,1.16,9.43,3.5,-0.01,0.02,0.01,1.0,hello
3052.0,3371.0,4018.0,3006.0,4095.0,4095.0,4095.0,4095.0,1.05,9.36,3.43,-0.05,0.03,0.01,1.0,hello
3041.0,3408.0,4031.0,3011.0,4095.0,4095.0,4095.0,4095.0,1.52,9.47,3.57,-0.03,-0.04,0.03,1.0,hello
3056.0,3381.0,4027.0,3003.0,4095.0,4095.0,4095.0,4095.0,1.41,9.51,3.53,0.0,0.05,-0.01,1.0,hello
3037.0,3391.0,4006.0,3015.0,4095.0,4095.0,4095.0,4095.0,1.39,9.59,3.12,-0.02,0.05,-0.02,1.0,hello
3051.0,3391.0,4041.0,3005.0,4095.0,4095.0,4095.0,4095.0,1.24,9.47,3.34,-0.05,0.04,-0.03,1.0,hello
3039.0,3410.0,4030.0,3007.0,4095.0,4095.0,4095.0,4095.0,1.4,9.55,3.25,-0.08,0.02,-0.03,1.0,hello
3049.0,3397.0,4035.0,3007.0,4095.0,4095.0,4095.0,4095.0,1.13,9.49,3.43,-0.07,-0.03,-0.01,1.0,hello
3047.0,3395.0,4016.0,3007.0,4095.0,4095.0,4095.0,4095.0,1.31,9.52,3.35,-0.07,0.02,-0.02,1.0,hello
3043.0,3390.0,4016.0,3007.0,4095.0,4095.0,4095.0,4095.0,1.3,9.56,3.45,-0.05,-0.02,0.01,1.0,hello
3043.0,3391.0,4017.0,3010.0,4095.0,4095.0,4095.0,4095.0,1.43,9.51,3.42,-0.07,0.03,-0.02,1.0,hello
3156.0,3297.0,3984.0,3039.0,4095.0,4095.0,4095.0,4095.0,6.19,8.01,-0.34,-0.05,-0.04,-0.05,1.0,hello
3154.0,3291.0,3979.0,3057.0,4095.0,4095.0,4095.0,4095.0,6.02,7.9,-0.3,-0.08,0.01,-0.04,1.0,hello
3152.0,3290.0,4015.0,3055.0,4095.0,4095.0,4095.0,4095.0,7.19,7.91,-1.1,-0.05,-0.0,-0.06,1.0,hello
3154.0,3293.0,4080.0,2979.0,4095.0,4095.0,4095.0,4095.0,18.71,9.15,-9.69,-0.79,-0.49,-1.97,1.0,hello
3155.0,3298.0,3984.0,3105.0,4095.0,4095.0,4095.0,4095.0,-6.33,2.01,9.24,-2.91,-0.73,-1.88,1.0,hello
3154.0,3299.0,4030.0,3115.0,4095.0,4095.0,4095.0,4095.0,-0.26,9.41,5.15,-0.39,-0.05,-0.47,1.0,hello
3152.0,3295.0,4024.0,3095.0,4095.0,4095.0,4095.0,4095.0,1.7,9.7,3.68,-0.15,0.0,-0.14,1.0,hello
3153.0,3309.0,4038.0,3106.0,4095.0,4095.0,4095.0,4095.0,2.03,9.27,3.58,-0.03,-0.01,-0.14,1.0,hello
3149.0,3301.0,4074.0,3101.0,4095.0,4095.0,4095.0,4095.0,1.81,9.48,3.29,-0.04,0.07,-0.04,1.0,hello
3142.0,3306.0,4047.0,3096.0,4095.0,4095.0,4095.0,4095.0,1.87,9.53,3.23,-0.01,0.0,0.01,1.0,hello
3141.0,3309.0,4079.0,3099.0,4095.0,4095.0,4095.0,4095.0,1.72,9.43,2.83,-0.05,0.01,-0.01,1.0,hello
3146.0,3285.0,4054.0,3103.0,4095.0,4095.0,4095.0,4095.0,1.9,9.52,3.33,-0.09,-0.03,-0.04,1.0,hello
3149.0,3297.0,4080.0,3102.0,4095.0,4095.0,4095.0,4095.0,1.9,9.5,2.97,-0.07,-0.03,0.03,1.0,hello
3155.0,3295.0,4031.0,3115.0,4095.0,4095.0,4095.0,4095.0,1.89,9.46,3.17,-0.05,-0.01,0.01,1.0,hello
3163.0,3303.0,4073.0,3111.0,4095.0,4095.0,4095.0,4095.0,1.95,9.47,2.98,-0.04,0.0,-0.02,1.0,hello
3149.0,3294.0,4079.0,3106.0,4095.0,4095.0,4095.0,4095.0,2.09,9.52,2.99,-0.05,0.03,-0.04,1.0,hello
3149.0,3296.0,4092.0,3117.0,4095.0,4095.0,4095.0,4095.0,2.09,9.4,2.96,-0.02,-0.01,-0.01,1.0,hello
3152.0,3312.0,4085.0,3111.0,4095.0,4095.0,4095.0,4095.0,1.98,9.47,3.1,-0.05,0.05,-0.06,1.0,hello
3153.0,3316.0,4068.0,3088.0,4095.0,4095.0,4095.0,4095.0,2.06,9.49,3.07,-0.03,0.08,-0.05,1.0,hello
3138.0,3296.0,4080.0,3088.0,4095.0,4095.0,4095.0,4095.0,2.14,9.62,2.94,-0.04,0.0,-0.04,1.0,hello
3163.0,3209.0,4095.0,3022.0,4095.0,4095.0,4095.0,4095.0,6.29,7.96,0.01,-0.06,0.01,-0.03,1.0,hello
3163.0,3223.0,4095.0,3027.0,4095.0,4095.0,4095.0,4095.0,6.47,7.94,-0.14,-0.03,-0.02,-0.05,1.0,hello
3139.0,3216.0,4095.0,2994.0,4095.0,4095.0,4095.0,4095.0,16.38,8.57,-5.75,-0.55,-1.24,-1.19,1.0,hello
3169.0,3217.0,4095.0,3024.0,4095.0,4095.0,4095.0,4095.0,2.38,4.56,0.64,-2.29,0.26,-3.84,1.0,hello
3158.0,3231.0,4095.0,3071.0,4095.0,4095.0,4095.0,4095.0,-7.81,5.63,6.43,-1.19,-0.68,-1.23,1.0,hello
3152.0,3222.0,4095.0,3067.0,4095.0,4095.0,4095.0,4095.0,0.54,10.17,4.92,-0.1,-0.03,0.02,1.0,hello
3152.0,3218.0,4095.0,3071.0,4095.0,4095.0,4095.0,4095.0,0.51,9.72,3.75,-0.1,0.09,-0.01,1.0,hello
3145.0,3223.0,4095.0,3071.0,4095.0,4095.0,4095.0,4095.0,0.51,9.36,3.66,-0.04,0.06,0.05,1.0,hello
3166.0,3233.0,4095.0,3071.0,4095.0,4095.0,4095.0,4095.0,0.72,9.71,3.36,-0.05,0.0,0.04,1.0,hello
3161.0,3234.0,4095.0,3088.0,4095.0,4095.0,4095.0,4095.0,0.75,9.55,3.33,-0.05,-0.02,0.01,1.0,hello
3152.0,3222.0,4095.0,3082.0,4095.0,4095.0,4095.0,4095.0,0.63,9.5,3.42,-0.05,0.03,0.01,1.0,hello
3142.0,3220.0,4095.0,3088.0,4095.0,4095.0,4095.0,4095.0,0.95,9.62,3.22,-0.07,0.03,-0.0,1.0,hello
3155.0,3220.0,4095.0,3082.0,4095.0,4095.0,4095.0,4095.0,0.94,9.58,3.25,-0.09,0.01,0.0,1.0,hello
3146.0,3222.0,4095.0,3088.0,4095.0,4095.0,4095.0,4095.0,0.94,9.45,3.4,-0.07,-0.03,-0.01,1.0,hello
3139.0,3234.0,4095.0,3083.0,4095.0,4095.0,4095.0,4095.0,0.99,9.49,3.37,-0.07,-0.04,-0.01,1.0,hello
3142.0,3215.0,4095.0,3088.0,4095.0,4095.0,4095.0,4095.0,0.8,9.47,3.54,-0.07,-0.01,-0.02,1.0,hello
3138.0,3226.0,4095.0,3089.0,4095.0,4095.0,4095.0,4095.0,0.81,9.53,3.25,-0.04,0.01,-0.02,1.0,hello
3141.0,3223.0,4095.0,3071.0,4095.0,4095.0,4095.0,4095.0,1.01,9.54,3.46,-0.05,-0.05,-0.02,1.0,hello
3150.0,3225.0,4095.0,3087.0,4095.0,4095.0,4095.0,4095.0,0.79,9.53,3.3,-0.04,0.03,-0.02,1.0,hello
3152.0,3232.0,4095.0,3079.0,4095.0,4095.0,4095.0,4095.0,1.1,9.61,3.21,-0.08,0.01,-0.02,1.0,hello
3165.0,3205.0,4095.0,2991.0,4095.0,4095.0,4095.0,4095.0,5.76,8.31,-0.01,-0.07,-0.02,-0.03,1.0,hello
3136.0,3216.0,4095.0,2979.0,4095.0,4095.0,4095.0,4095.0,5.85,8.29,0.08,-0.08,-0.04,-0.05,1.0,hello
3136.0,3216.0,4095.0,2985.0,4095.0,4095.0,4095.0,4095.0,8.11,8.02,-1.69,-0.1,-0.02,-0.22,1.0,hello
3124.0,3223.0,4095.0,2989.0,4095.0,4095.0,4095.0,4095.0,13.38,7.16,-3.57,-1.75,-1.86,-2.26,1.0,hello
3127.0,3219.0,4095.0,3042.0,4095.0,4095.0,4095.0,4095.0,-5.17,5.84,6.51,-2.37,-0.06,-2.32,1.0,hello
3136.0,3218.0,4095.0,3061.0,4095.0,4095.0,4095.0,4095.0,-2.15,8.93,5.08,-0.36,-0.5,-0.34,1.0,hello
3125.0,3238.0,4095.0,3059.0,4095.0,4095.0,4095.0,4095.0,0.81,9.63,3.58,-0.16,0.0,-0.06,1.0,hello
3147.0,3234.0,4095.0,3061.0,4095.0,4095.0,4095.0,4095.0,0.81,9.55,3.43,-0.06,0.0,-0.04,1.0,hello
3136.0,3216.0,4095.0,3071.0,4095.0,4095.0,4095.0,4095.0,0.76,9.51,3.17,-0.07,0.0,-0.01,1.0,hello
3135.0,3218.0,4095.0,3065.0,4095.0,4095.0,4095.0,4095.0,1.0,9.6,2.99,-0.08,-0.02,-0.03,1.0,hello
3147.0,3222.0,4095.0,3085.0,4095.0,4095.0,4095.0,4095.0,1.09,9.7,3.36,-0.07,-0.01,0.06,1.0,hello
3132.0,3229.0,4095.0,3071.0,4095.0,4095.0,4095.0,4095.0,1.19,9.66,3.25,0.02,0.01,-0.04,1.0,hello
3133.0,3221.0,4095.0,3063.0,4095.0,4095.0,4095.0,4095.0,1.29,9.64,3.29,-0.03,-0.03,-0.02,1.0,hello
3146.0,3216.0,4095.0,3061.0,4095.0,4095.0,4095.0,4095.0,0.94,9.5,3.13,-0.06,0.03,-0.03,1.0,hello
3140.0,3231.0,4095.0,3063.0,4095.0,4095.0,4095.0,4095.0,1.37,9.64,3.26,-0.04,0.01,-0.03,1.0,hello
3137.0,3229.0,4095.0,3057.0,4095.0,4095.0,4095.0,4095.0,1.39,9.58,3.32,-0.02,-0.0,-0.01,1.0,hello
3135.0,3218.0,4095.0,3057.0,4095.0,4095.0,4095.0,4095.0,1.4,9.52,3.17,-0.0,-0.01,-0.04,1.0,hello
3134.0,3207.0,4095.0,3057.0,4095.0,4095.0,4095.0,4095.0,1.33,9.63,2.99,-0.05,0.0,-0.01,1.0,hello
3125.0,3218.0,4095.0,3063.0,4095.0,4095.0,4095.0,4095.0,1.11,9.42,3.32,-0.04,-0.08,-0.02,1.0,hello
3134.0,3217.0,4095.0,3086.0,4095.0,4095.0,4095.0,4095.0,1.17,9.5,3.27,-0.07,0.03,-0.01,1.0,hello
3095.0,3322.0,4095.0,2986.0,4095.0,4095.0,4095.0,4095.0,6.16,8.19,0.71,-0.03,-0.12,-0.06,1.0,hello
3107.0,3316.0,4095.0,2986.0,4095.0,4095.0,4095.0,4095.0,6.05,8.05,0.59,-0.08,-0.05,-0.06,1.0,hello
3099.0,3335.0,4095.0,2990.0,4095.0,4095.0,4095.0,4095.0,11.23,7.98,-1.9,-0.1,-0.64,-0.42,1.0,hello
3087.0,3331.0,4095.0,2967.0,4095.0,4095.0,4095.0,4095.0,9.53,6.73,-4.97,-2.23,-1.14,-3.45,1.0,hello
3088.0,3344.0,4095.0,3027.0,4095.0,4095.0,4095.0,4095.0,-6.21,3.68,13.27,-1.6,-0.94,-1.41,1.0,hello
3091.0,3344.0,4095.0,3037.0,4095.0,4095.0,4095.0,4095.0,0.1,9.51,4.31,-0.07,-0.08,-0.34,1.0,hello
3090.0,3343.0,4095.0,3029.0,4095.0,4095.0,4095.0,4095.0,1.69,10.08,3.08,-0.12,0.02,-0.02,1.0,hello
3087.0,3353.0,4095.0,3036.0,4095.0,4095.0,4095.0,4095.0,0.82,9.41,3.54,-0.06,0.12,-0.02,1.0,hello
3071.0,3345.0,4095.0,3037.0,4095.0,4095.0,4095.0,4095.0,1.11,9.5,3.33,-0.07,0.08,0.03,1.0,hello
3089.0,3344.0,4095.0,3034.0,4095.0,4095.0,4095.0,4095.0,0.95,9.64,3.24,-0.09,0.07,0.02,1.0,hello
3093.0,3350.0,4095.0,3046.0,4095.0,4095.0,4095.0,4095.0,1.13,9.47,3.14,-0.05,0.07,0.06,1.0,hello
3071.0,3358.0,4095.0,3042.0,4095.0,4095.0,4095.0,4095.0,1.3,9.54,3.18,-0.02,0.03,0.03,1.0,hello
3071.0,3348.0,4095.0,3038.0,4095.0,4095.0,4095.0,4095.0,1.4,9.66,2.7,-0.05,0.02,0.02,1.0,hello
3083.0,3341.0,4095.0,3053.0,4095.0,4095.0,4095.0,4095.0,1.4,9.5,3.04,-0.06,0.02,-0.03,1.0,hello
3094.0,3365.0,4095.0,3053.0,4095.0,4095.0,4095.0,4095.0,1.26,9.57,3.12,-0.09,-0.01,-0.01,1.0,hello
3083.0,3346.0,4095.0,3037.0,4095.0,4095.0,4095.0,4095.0,1.25,9.52,3.09,-0.06,0.0,-0.02,1.0,hello
3088.0,3346.0,4095.0,3045.0,4095.0,4095.0,4095.0,4095.0,1.37,9.6,2.9,-0.08,0.03,-0.04,1.0,hello
3093.0,3325.0,4095.0,3051.0,4095.0,4095.0,4095.0,4095.0,1.36,9.55,3.17,-0.05,-0.0,-0.01,1.0,hello
3063.0,3347.0,4095.0,3039.0,4095.0,4095.0,4095.0,4095.0,1.37,9.52,3.26,-0.04,0.01,-0.01,1.0,hello
3086.0,3332.0,4095.0,3050.0,4095.0,4095.0,4095.0,4095.0,1.46,9.6,3.07,-0.0,0.0,-0.02,1.0,hello
3200.0,3264.0,4095.0,2910.0,4095.0,4095.0,4095.0,4095.0,6.34,7.99,1.07,-0.02,-0.05,0.03,1.0,hello
3201.0,3261.0,4095.0,2924.0,4095.0,4095.0,4095.0,4095.0,6.08,7.92,1.13,-0.06,0.02,0.0,1.0,hello
3210.0,3248.0,4095.0,2934.0,4095.0,4095.0,4095.0,4095.0,7.01,7.86,0.59,-0.02,-0.03,-0.06,1.0,hello
3176.0,3251.0,4095.0,2864.0,4095.0,4095.0,4095.0,4095.0,15.89,9.56,-9.57,-0.93,-1.54,-1.71,1.0,hello
3194.0,3258.0,4095.0,2974.0,4095.0,4095.0,4095.0,4095.0,-0.56,2.66,10.64,-2.96,-0.05,-1.7,1.0,hello
3179.0,3261.0,4095.0,3005.0,4095.0,4095.0,4095.0,4095.0,-1.48,8.44,6.84,0.1,-0.02,-0.67,1.0,hello
3167.0,3246.0,4095.0,2992.0,4095.0,4095.0,4095.0,4095.0,2.04,9.46,3.0,0.02,0.08,-0.23,1.0,hello
3178.0,3265.0,4095.0,2978.0,4095.0,4095.0,4095.0,4095.0,1.86,9.15,3.56,-0.04,0.02,-0.16,1.0,hello
3177.0,3261.0,4095.0,2981.0,4095.0,4095.0,4095.0,4095.0,1.77,9.36,3.63,-0.02,0.01,-0.18,1.0,hello
3152.0,3248.0,4095.0,2979.0,4095.0,4095.0,4095.0,4095.0,1.53,9.25,3.78,-0.07,-0.02,-0.03,1.0,hello
3182.0,3264.0,4095.0,2982.0,4095.0,4095.0,4095.0,4095.0,1.81,9.35,3.5,-0.04,-0.05,0.01,1.0,hello
3185.0,3264.0,4095.0,2974.0,4095.0,4095.0,4095.0,4095.0,1.95,9.36,3.41,-0.08,-0.0,-0.03,1.0,hello
3166.0,3242.0,4095.0,2975.0,4095.0,4095.0,4095.0,4095.0,1.8,9.36,3.71,-0.09,-0.02,-0.04,1.0,hello
3175.0,3262.0,4095.0,2985.0,4095.0,4095.0,4095.0,4095.0,1.77,9.39,3.68,-0.05,-0.01,-0.03,1.0,hello
3174.0,3257.0,4095.0,2989.0,4095.0,4095.0,4095.0,4095.0,1.86,9.28,3.58,-0.05,0.01,-0.03,1.0,hello
3167.0,3265.0,4095.0,2983.0,4095.0,4095.0,4095.0,4095.0,1.91,9.38,3.53,-0.07,-0.04,-0.04,1.0,hello
3167.0,3253.0,4095.0,2983.0,4095.0,4095.0,4095.0,4095.0,1.71,9.26,3.76,-0.09,0.0,-0.02,1.0,hello
3164.0,3258.0,4095.0,2996.0,4095.0,4095.0,4095.0,4095.0,1.68,9.19,3.64,-0.12,0.05,-0.01,1.0,hello
3154.0,3255.0,4095.0,2990.0,4095.0,4095.0,4095.0,4095.0,1.76,9.19,3.8,-0.08,0.04,-0.02,1.0,hello
3169.0,3247.0,4095.0,2994.0,4095.0,4095.0,4095.0,4095.0,1.93,9.4,3.6,-0.06,-0.06,-0.01,1.0,hello
3266.0,3281.0,4095.0,3109.0,4095.0,4095.0,4095.0,3338.0,5.99,8.15,0.47,-0.03,-0.04,-0.05,1.0,hello
3281.0,3323.0,4075.0,3114.0,4095.0,4095.0,4095.0,3363.0,6.1,8.09,0.24,-0.1,-0.01,-0.02,1.0,hello
3290.0,3324.0,4095.0,3045.0,4095.0,4095.0,4095.0,3799.0,14.98,9.76,-8.61,-0.51,0.1,-1.25,1.0,hello
3271.0,3313.0,4095.0,3121.0,4095.0,4095.0,4095.0,4095.0,2.92,3.92,6.08,-3.36,-0.63,-2.27,1.0,hello
3248.0,3323.0,4095.0,3179.0,4095.0,4095.0,4095.0,4095.0,-3.21,7.02,8.45,-0.48,-0.18,-1.23,1.0,hello
3268.0,3303.0,4095.0,3159.0,4095.0,4095.0,4095.0,4095.0,0.99,9.43,4.25,-0.04,-0.01,-0.24,1.0,hello
3263.0,3317.0,4095.0,3157.0,4095.0,4095.0,4095.0,4095.0,1.58,9.25,3.89,0.01,0.11,-0.08,1.0,hello
3265.0,3315.0,4095.0,3164.0,4095.0,4095.0,4095.0,4095.0,1.94,9.18,3.9,-0.1,-0.01,-0.03,1.0,hello
3276.0,3312.0,4095.0,3157.0,4095.0,4095.0,4095.0,4095.0,1.65,9.21,4.09,-0.06,-0.0,-0.0,1.0,hello
3263.0,3305.0,4095.0,3161.0,4095.0,4095.0,4095.0,4095.0,1.91,9.27,3.77,-0.07,0.05,-0.0,1.0,hello
3265.0,3307.0,4095.0,3161.0,4095.0,4095.0,4095.0,4095.0,1.84,9.18,3.86,-0.05,0.03,0.0,1.0,hello
3267.0,3313.0,4095.0,3162.0,4095.0,4095.0,4095.0,4095.0,1.99,9.18,3.85,-0.04,0.01,-0.0,1.0,hello
3267.0,3315.0,4095.0,3164.0,4095.0,4095.0,4095.0,4095.0,1.81,9.17,3.9,-0.03,-0.04,-0.04,1.0,hello
3273.0,3321.0,4095.0,3171.0,4095.0,4095.0,4095.0,4095.0,1.94,9.26,3.73,-0.05,0.02,-0.01,1.0,hello
3263.0,3328.0,4095.0,3165.0,4095.0,4095.0,4095.0,4095.0,1.94,9.2,3.88,-0.07,-0.01,-0.04,1.0,hello
3255.0,3314.0,4095.0,3173.0,4095.0,4095.0,4095.0,4095.0,1.86,9.11,3.99,-0.11,0.01,0.0,1.0,hello
3267.0,3311.0,4095.0,3167.0,4095.0,4095.0,4095.0,4095.0,1.86,9.23,3.91,-0.04,0.05,-0.04,1.0,hello
3265.0,3312.0,4095.0,3173.0,4095.0,4095.0,4095.0,4095.0,1.92,9.21,3.86,-0.07,0.02,-0.02,1.0,hello
3259.0,3313.0,4095.0,3170.0,4095.0,4095.0,4095.0,4095.0,1.82,9.19,3.81,-0.07,0.02,-0.03,1.0,hello
3269.0,3307.0,4095.0,3171.0,4095.0,4095.0,4095.0,4095.0,1.87,9.17,3.75,-0.1,0.01,-0.01,1.0,hello
3062.0,3294.0,4067.0,3089.0,4095.0,4095.0,4095.0,4095.0,5.92,8.26,0.0,-0.07,-0.0,-0.01,1.0,hello
3071.0,3297.0,4058.0,3119.0,4095.0,4095.0,4095.0,4095.0,6.52,8.04,-0.67,-0.04,-0.05,-0.08,1.0,hello
3047.0,3302.0,4095.0,3086.0,4095.0,4095.0,4095.0,4095.0,13.22,9.34,-7.01,-0.81,-0.75,-1.41,1.0,hello
3056.0,3307.0,4095.0,3136.0,4095.0,4095.0,4095.0,4095.0,-0.12,5.46,5.05,-2.84,0.07,-1.99,1.0,hello
3059.0,3301.0,4081.0,3114.0,4095.0,4095.0,4095.0,4095.0,-1.56,8.18,6.37,-0.45,-0.34,-0.54,1.0,hello
3049.0,3302.0,4095.0,3093.0,4095.0,4095.0,4095.0,4095.0,2.59,9.79,3.01,-0.03,-0.05,-0.04,1.0,hello
3056.0,3299.0,4095.0,3117.0,4095.0,4095.0,4095.0,4095.0,2.32,9.3,2.86,-0.08,0.06,-0.05,1.0,hello
3049.0,3306.0,4095.0,3126.0,4095.0,4095.0,4095.0,4095.0,2.35,9.38,2.98,-0.07,-0.01,-0.03,1.0,hello
3056.0,3318.0,4095.0,3136.0,4095.0,4095.0,4095.0,4095.0,2.5,9.45,3.07,-0.07,-0.01,-0.03,1.0,hello
3069.0,3324.0,4095.0,3137.0,4095.0,4095.0,4095.0,4095.0,2.27,9.43,2.91,-0.1,0.02,-0.03,1.0,hello
3057.0,3312.0,4095.0,3125.0,4095.0,4095.0,4095.0,4095.0,2.5,9.45,2.95,-0.06,0.01,-0.01,1.0,hello
3041.0,3314.0,4095.0,3152.0,4095.0,4095.0,4095.0,4095.0,2.49,9.44,2.89,-0.04,-0.02,-0.01,1.0,hello
3047.0,3338.0,4095.0,3151.0,4095.0,4095.0,4095.0,4095.0,2.56,9.47,2.85,-0.08,-0.04,-0.05,1.0,hello
3055.0,3313.0,4095.0,3163.0,4095.0,4095.0,4095.0,4095.0,2.52,9.38,2.94,-0.06,0.04,-0.05,1.0,hello
3051.0,3312.0,4095.0,3167.0,4095.0,4095.0,4095.0,4095.0,2.52,9.41,2.8,-0.04,0.02,-0.02,1.0,hello
3055.0,3312.0,4095.0,3166.0,4095.0,4095.0,4095.0,4095.0,2.6,9.48,2.94,-0.05,0.01,-0.03,1.0,hello
3065.0,3305.0,4095.0,3171.0,4095.0,4095.0,4095.0,4095.0,2.56,9.37,2.97,-0.04,0.01,-0.05,1.0,hello
3051.0,3311.0,4095.0,3173.0,4095.0,4095.0,4095.0,4095.0,2.61,9.46,2.81,-0.05,-0.03,-0.01,1.0,hello
3055.0,3311.0,4095.0,3172.0,4095.0,4095.0,4095.0,4095.0,2.53,9.46,2.91,-0.05,-0.03,-0.04,1.0,hello
3056.0,3312.0,4095.0,3182.0,4095.0,4095.0,4095.0,4095.0,2.59,9.51,2.75,-0.04,-0.02,-0.04,1.0,hello
3285.0,3451.0,3440.0,3059.0,4095.0,4095.0,4095.0,2907.0,5.87,8.34,0.52,-0.06,0.02,-0.03,1.0,hello
3294.0,3453.0,3427.0,3063.0,4095.0,4095.0,4095.0,2911.0,5.79,8.32,0.46,-0.04,-0.03,-0.06,1.0,hello
3280.0,3469.0,3427.0,3056.0,4095.0,4095.0,4095.0,2921.0,10.72,8.7,-3.71,-0.11,-0.19,-0.43,1.0,hello
3279.0,3439.0,3476.0,3024.0,4095.0,4095.0,4095.0,3091.0,8.94,6.92,-3.26,-2.32,-0.96,-2.77,1.0,hello
3263.0,3451.0,3467.0,3096.0,4095.0,4095.0,4095.0,3269.0,-3.8,4.65,10.92,-1.48,-0.28,-1.18,1.0,hello
3278.0,3459.0,3469.0,3083.0,4095.0,4095.0,4095.0,3245.0,0.36,9.24,5.81,0.07,0.1,-0.15,1.0,hello
3262.0,3470.0,3466.0,3082.0,4095.0,4095.0,4095.0,3243.0,2.51,9.7,3.6,0.08,0.12,-0.1,1.0,hello
3255.0,3441.0,3466.0,3088.0,4095.0,4095.0,4095.0,3245.0,2.06,9.19,3.49,0.01,0.02,-0.09,1.0,hello
3258.0,3469.0,3456.0,3082.0,4095.0,4095.0,4095.0,3261.0,2.01,9.32,3.72,-0.05,0.06,-0.04,1.0,hello
3276.0,3462.0,3479.0,3085.0,4095.0,4095.0,4095.0,3249.0,2.03,9.33,3.76,-0.07,0.05,-0.01,1.0,hello
3264.0,3449.0,3470.0,3090.0,4095.0,4095.0,4095.0,3246.0,1.92,9.27,3.65,-0.03,0.06,0.0,1.0,hello
3259.0,3463.0,3477.0,3098.0,4095.0,4095.0,4095.0,3265.0,2.06,9.25,3.54,-0.05,-0.03,0.0,1.0,hello
3271.0,3474.0,3474.0,3098.0,4095.0,4095.0,4095.0,3182.0,2.15,9.3,3.46,-0.07,0.03,-0.03,1.0,hello
3264.0,3455.0,3469.0,3104.0,4095.0,4095.0,4095.0,3175.0,2.18,9.28,3.71,-0.08,-0.06,-0.04,1.0,hello
3246.0,3453.0,3458.0,3093.0,4095.0,4095.0,4095.0,3171.0,2.06,9.28,3.65,-0.05,-0.03,-0.02,1.0,hello
3271.0,3451.0,3470.0,3099.0,4095.0,4095.0,4095.0,3179.0,2.12,9.25,3.73,-0.06,-0.04,-0.01,1.0,hello
3257.0,3454.0,3472.0,3093.0,4095.0,4095.0,4095.0,3207.0,1.98,9.31,3.48,-0.09,-0.04,-0.01,1.0,hello
3269.0,3460.0,3456.0,3101.0,4095.0,4095.0,4095.0,3180.0,2.05,9.22,3.71,-0.04,0.02,-0.02,1.0,hello
3248.0,3440.0,3462.0,3094.0,4095.0,4095.0,4095.0,3184.0,2.12,9.3,3.53,-0.08,0.01,-0.02,1.0,hello
3262.0,3474.0,3458.0,3093.0,4095.0,4095.0,4095.0,3159.0,2.2,9.3,3.7,-0.06,0.04,0.0,1.0,hello
3088.0,3520.0,3923.0,2992.0,4095.0,4095.0,4095.0,4095.0,5.91,8.3,0.0,-0.04,-0.05,-0.04,1.0,hello
3069.0,3529.0,3940.0,2999.0,4095.0,4095.0,4095.0,4095.0,7.42,8.29,-1.87,0.06,-0.1,-0.19,1.0,hello
3066.0,3535.0,3931.0,2983.0,4095.0,4095.0,4095.0,4095.0,12.24,8.63,-6.76,-1.67,-0.74,-1.86,1.0,hello
3070.0,3547.0,3965.0,3051.0,4095.0,4095.0,4095.0,4095.0,-2.38,4.99,7.77,-2.22,-0.02,-1.63,1.0,hello
3071.0,3557.0,3971.0,3071.0,4095.0,4095.0,4095.0,4095.0,-1.2,8.5,6.29,-0.25,-0.12,-0.44,1.0,hello
3085.0,3549.0,3951.0,3071.0,4095.0,4095.0,4095.0,4095.0,2.16,9.92,2.84,0.09,0.02,-0.1,1.0,hello
3065.0,3535.0,3965.0,3070.0,4095.0,4095.0,4095.0,4095.0,1.92,9.63,2.42,0.01,0.04,-0.13,1.0,hello
3071.0,3566.0,3951.0,3084.0,4095.0,4095.0,4095.0,4095.0,1.73,9.55,2.66,-0.05,-0.0,-0.06,1.0,hello
3067.0,3557.0,3942.0,3088.0,4095.0,4095.0,4095.0,4095.0,1.93,9.7,2.73,-0.01,0.0,-0.01,1.0,hello
3071.0,3542.0,3952.0,3084.0,4095.0,4095.0,4095.0,4095.0,1.63,9.58,2.61,-0.09,0.01,-0.0,1.0,hello
3066.0,3541.0,3943.0,3088.0,4095.0,4095.0,4095.0,4095.0,1.94,9.57,2.66,-0.06,-0.01,0.01,1.0,hello
3071.0,3542.0,3957.0,3088.0,4095.0,4095.0,4095.0,4095.0,1.85,9.59,2.63,-0.1,0.0,0.0,1.0,hello
3066.0,3547.0,3952.0,3091.0,4095.0,4095.0,4095.0,4095.0,1.94,9.72,2.55,-0.05,-0.02,0.0,1.0,hello
3061.0,3551.0,3942.0,3087.0,4095.0,4095.0,4095.0,4095.0,1.93,9.56,2.78,-0.07,-0.01,-0.01,1.0,hello
3067.0,3534.0,3928.0,3089.0,4095.0,4095.0,4095.0,4095.0,1.89,9.67,2.59,-0.05,0.0,-0.03,1.0,hello
3071.0,3538.0,3950.0,3089.0,4095.0,4095.0,4095.0,4095.0,1.96,9.58,2.54,-0.05,-0.03,-0.02,1.0,hello
3070.0,3543.0,3974.0,3089.0,4095.0,4095.0,4095.0,4095.0,1.98,9.64,2.62,-0.05,-0.04,-0.0,1.0,hello
3070.0,3558.0,3958.0,3071.0,4095.0,4095.0,4095.0,4095.0,1.68,9.57,2.55,-0.02,-0.01,-0.0,1.0,hello
3088.0,3561.0,3969.0,3088.0,4095.0,4095.0,4095.0,4095.0,2.1,9.75,2.53,-0.08,-0.03,0.04,1.0,hello
3083.0,3536.0,3951.0,3082.0,4095.0,4095.0,4095.0,4095.0,2.22,9.7,2.35,-0.06,0.03,-0.03,1.0,hello
3163.0,3480.0,3115.0,2647.0,4095.0,4095.0,4095.0,1968.0,20.17,6.81,-0.85,-0.25,-0.84,-0.67,1.0,hello
3184.0,3482.0,3142.0,2684.0,4095.0,4095.0,4095.0,3172.0,-1.66,-5.46,9.15,-3.44,1.93,-4.65,1.0,hello
3155.0,3492.0,3156.0,2731.0,4095.0,4095.0,4095.0,2159.0,0.17,7.72,9.1,-0.07,-1.48,-0.31,1.0,hello
3159.0,3476.0,3143.0,2743.0,4095.0,4095.0,4095.0,2151.0,2.88,6.07,8.52,-0.02,-0.17,-0.37,1.0,hello
3159.0,3499.0,3157.0,2743.0,4095.0,4095.0,4095.0,2682.0,1.5,5.93,7.59,-0.14,-0.04,-0.18,1.0,hello
3150.0,3485.0,3146.0,2747.0,4095.0,4095.0,4095.0,2820.0,2.07,6.08,8.39,-0.06,-0.04,0.04,1.0,hello
3157.0,3476.0,3141.0,2743.0,4095.0,4095.0,4095.0,2837.0,2.36,6.34,8.23,0.09,-0.07,0.02,1.0,hello
3146.0,3471.0,3149.0,2754.0,4095.0,4095.0,4095.0,2945.0,2.62,6.3,7.69,0.05,0.0,0.06,1.0,hello
3169.0,3482.0,3146.0,2749.0,4095.0,4095.0,4095.0,3019.0,2.76,6.37,7.38,-0.0,-0.07,0.05,1.0,hello
3147.0,3502.0,3156.0,2746.0,4095.0,4095.0,4095.0,3008.0,2.79,6.38,7.36,-0.05,0.03,0.04,1.0,hello
3143.0,3471.0,3149.0,2747.0,4095.0,4095.0,4095.0,3027.0,2.78,6.31,7.69,-0.08,0.12,0.03,1.0,hello
3152.0,3487.0,3153.0,2751.0,4095.0,4095.0,4095.0,3049.0,2.86,6.35,7.72,-0.06,0.08,0.01,1.0,hello
3154.0,3481.0,3147.0,2750.0,4095.0,4095.0,4095.0,3088.0,2.99,6.36,7.55,-0.09,0.08,-0.02,1.0,hello
3154.0,3481.0,3141.0,2750.0,4095.0,4095.0,4095.0,3120.0,2.76,6.39,7.45,-0.06,0.01,-0.03,1.0,hello
3153.0,3485.0,3142.0,2759.0,4095.0,4095.0,4095.0,3060.0,2.96,6.32,7.74,-0.08,0.04,-0.02,1.0,hello
3152.0,3474.0,3159.0,2755.0,4095.0,4095.0,4095.0,3071.0,2.8,6.37,7.63,-0.05,0.01,0.02,1.0,hello
3152.0,3491.0,3151.0,2752.0,4095.0,4095.0,4095.0,3059.0,2.73,6.35,7.54,-0.05,-0.01,-0.0,1.0,hello
3156.0,3475.0,3153.0,2761.0,4095.0,4095.0,4095.0,3165.0,2.87,6.39,7.54,-0.05,-0.08,-0.01,1.0,hello
3152.0,3462.0,3154.0,2768.0,4095.0,4095.0,4095.0,3131.0,2.93,6.36,7.46,-0.06,-0.13,-0.01,1.0,hello
3163.0,3490.0,3138.0,2753.0,4095.0,4095.0,4095.0,3152.0,3.07,6.36,7.54,-0.03,-0.11,-0.04,1.0,hello
3184.0,3533.0,3986.0,2643.0,4095.0,4095.0,4095.0,2761.0,8.15,6.04,0.66,-0.05,0.14,-0.02,1.0,hello
3200.0,3538.0,3988.0,2646.0,4095.0,4095.0,4095.0,2821.0,8.31,6.01,0.47,-0.08,0.02,-0.02,1.0,hello
3168.0,3532.0,3978.0,2649.0,4095.0,4095.0,4095.0,2813.0,7.95,5.97,0.66,-0.11,-0.06,-0.06,1.0,hello
3184.0,3533.0,3983.0,2638.0,4095.0,4095.0,4095.0,2787.0,10.87,5.93,-1.49,-0.19,0.13,-0.13,1.0,hello
3152.0,3537.0,4016.0,2625.0,4095.0,4095.0,4095.0,0.0,23.1,1.73,-2.63,-2.7,-1.07,-4.85,1.0,hello
3190.0,3546.0,3997.0,2704.0,4095.0,4095.0,4095.0,2283.0,-14.2,4.87,8.02,-1.07,-1.29,-1.91,1.0,hello
3174.0,3536.0,4011.0,2708.0,4095.0,4095.0,4095.0,2413.0,2.06,9.92,3.35,-0.25,0.0,-0.12,1.0,hello
3168.0,3538.0,4002.0,2711.0,4095.0,4095.0,4095.0,2515.0,2.68,9.29,2.82,-0.18,0.01,-0.03,1.0,hello
3156.0,3551.0,4016.0,2718.0,4095.0,4095.0,4095.0,2940.0,2.77,9.33,2.87,-0.06,0.12,-0.03,1.0,hello
3161.0,3549.0,4031.0,2727.0,4095.0,4095.0,4095.0,2998.0,2.86,9.28,2.88,-0.08,-0.17,-0.05,1.0,hello
3148.0,3548.0,4015.0,2720.0,4095.0,4095.0,4095.0,3024.0,3.19,9.45,2.86,-0.08,-0.18,-0.02,1.0,hello
3165.0,3565.0,4016.0,2725.0,4095.0,4095.0,4095.0,3018.0,3.0,9.52,2.7,-0.04,-0.15,-0.01,1.0,hello
3152.0,3540.0,3994.0,2727.0,4095.0,4095.0,4095.0,3145.0,2.91,9.39,2.8,-0.02,-0.18,-0.02,1.0,hello
3157.0,3552.0,3990.0,2755.0,4095.0,4095.0,4095.0,3169.0,3.18,9.3,2.76,-0.02,-0.01,-0.02,1.0,hello
3161.0,3543.0,4007.0,2755.0,4095.0,4095.0,4095.0,3170.0,2.87,9.3,2.57,-0.06,-0.03,-0.01,1.0,hello
3157.0,3532.0,3997.0,2769.0,4095.0,4095.0,4095.0,3193.0,2.99,9.32,2.8,-0.06,0.03,-0.01,1.0,hello
3153.0,3531.0,4011.0,2771.0,4095.0,4095.0,4095.0,3195.0,3.15,9.35,2.82,-0.05,0.13,-0.0,1.0,hello
3153.0,3540.0,3982.0,2761.0,4095.0,4095.0,4095.0,3173.0,2.89,9.29,2.65,-0.04,0.08,-0.04,1.0,hello
3155.0,3539.0,3997.0,2765.0,4095.0,4095.0,4095.0,3202.0,3.17,9.27,2.71,-0.12,0.06,0.02,1.0,hello
3152.0,3533.0,4003.0,2768.0,4095.0,4095.0,4095.0,3203.0,2.88,9.27,2.93,-0.12,0.04,-0.03,1.0,hello
3133.0,3472.0,3898.0,2704.0,4095.0,4095.0,4095.0,3071.0,8.29,5.79,0.43,-0.01,-0.09,-0.06,1.0,hello
3123.0,3453.0,3890.0,2713.0,4095.0,4095.0,4095.0,3063.0,8.17,5.77,0.51,-0.05,0.02,-0.05,1.0,hello
3130.0,3468.0,3907.0,2710.0,4095.0,4095.0,4095.0,2999.0,11.08,4.74,-0.09,-0.12,-0.22,-0.14,1.0,hello
3120.0,3466.0,3965.0,2626.0,4095.0,4095.0,4095.0,1751.0,22.02,4.01,-12.07,-2.76,-0.95,-3.71,1.0,hello
3135.0,3483.0,3890.0,2769.0,4095.0,4095.0,4095.0,2977.0,-11.85,3.48,13.53,-1.1,0.55,-1.89,1.0,hello
3125.0,3506.0,3913.0,2774.0,4095.0,4095.0,4095.0,3184.0,3.45,10.37,3.25,0.01,0.09,-0.44,1.0,hello
3106.0,3475.0,3931.0,2798.0,4095.0,4095.0,4095.0,3274.0,3.35,9.3,3.41,-0.02,-0.19,-0.26,1.0,hello
3120.0,3479.0,3931.0,2795.0,4095.0,4095.0,4095.0,3329.0,3.14,8.83,3.58,0.03,-0.2,-0.13,1.0,hello
3115.0,3482.0,3931.0,2813.0,4095.0,4095.0,4095.0,3345.0,3.21,8.88,3.32,-0.03,0.05,-0.03,1.0,hello
3109.0,3488.0,3947.0,2813.0,4095.0,4095.0,4095.0,3361.0,3.39,9.07,3.4,0.01,0.05,0.01,1.0,hello
3110.0,3472.0,3935.0,2819.0,4095.0,4095.0,4095.0,3383.0,3.48,9.17,3.19,-0.01,0.02,-0.02,1.0,hello
3110.0,3487.0,3947.0,2815.0,4095.0,4095.0,4095.0,3367.0,3.37,9.16,2.73,0.0,0.08,0.01,1.0,hello
3109.0,3487.0,3951.0,2819.0,4095.0,4095.0,4095.0,3376.0,3.69,9.08,2.87,0.01,0.09,-0.01,1.0,hello
3121.0,3499.0,3942.0,2825.0,4095.0,4095.0,4095.0,3394.0,3.37,9.11,2.78,-0.01,0.09,-0.03,1.0,hello
3113.0,3504.0,3955.0,2832.0,4095.0,4095.0,4095.0,3399.0,3.67,9.28,2.87,-0.04,0.01,-0.01,1.0,hello
3118.0,3499.0,3955.0,2830.0,4095.0,4095.0,4095.0,3425.0,3.54,9.16,2.9,-0.07,0.04,-0.02,1.0,hello
3120.0,3498.0,3966.0,2832.0,4095.0,4095.0,4095.0,3430.0,3.56,9.17,2.74,-0.06,0.0,-0.01,1.0,hello
3118.0,3477.0,3939.0,2839.0,4095.0,4095.0,4095.0,3429.0,3.56,9.05,3.06,-0.02,-0.02,-0.02,1.0,hello
3120.0,3475.0,3963.0,2834.0,4095.0,4095.0,4095.0,3400.0,3.52,9.17,2.69,-0.04,-0.01,-0.04,1.0,hello
3125.0,3501.0,3952.0,2846.0,4095.0,4095.0,4095.0,3385.0,3.65,9.17,2.72,-0.05,-0.04,-0.03,1.0,hello
3134.0,3447.0,3827.0,2755.0,4095.0,4095.0,4095.0,3184.0,8.32,5.78,-0.07,-0.09,-0.06,-0.0,1.0,hello
3138.0,3456.0,3824.0,2771.0,4095.0,4095.0,4095.0,3207.0,8.15,5.7,-0.28,-0.07,0.05,-0.04,1.0,hello
3150.0,3442.0,3807.0,2770.0,4095.0,4095.0,4095.0,3250.0,8.64,5.58,-0.4,-0.12,-0.04,-0.05,1.0,hello
3126.0,3463.0,3827.0,2762.0,4095.0,4095.0,4095.0,3054.0,18.17,4.78,-6.97,-0.81,-0.79,-1.54,1.0,hello
3121.0,3451.0,3853.0,2798.0,4095.0,4095.0,4095.0,3330.0,5.2,1.42,0.29,-2.26,0.44,-4.42,1.0,hello
3123.0,3460.0,3840.0,2820.0,4095.0,4095.0,4095.0,3429.0,-7.91,7.16,8.43,-0.77,-0.2,-1.1,1.0,hello
3110.0,3460.0,3833.0,2847.0,4095.0,4095.0,4095.0,3504.0,1.92,10.66,3.29,-0.27,0.17,-0.04,1.0,hello
3113.0,3478.0,3823.0,2850.0,4095.0,4095.0,4095.0,3517.0,2.48,9.52,2.85,-0.07,0.09,0.0,1.0,hello
3120.0,3491.0,3842.0,2855.0,4095.0,4095.0,4095.0,3520.0,2.43,9.4,2.85,0.03,-0.02,0.01,1.0,hello
3095.0,3465.0,3858.0,2858.0,4095.0,4095.0,4095.0,3555.0,2.86,9.52,2.56,0.03,0.01,0.01,1.0,hello
3118.0,3463.0,3837.0,2862.0,4095.0,4095.0,4095.0,3531.0,2.89,9.37,2.44,-0.02,0.04,0.02,1.0,hello
3105.0,3474.0,3829.0,2862.0,4095.0,4095.0,4095.0,3521.0,2.93,9.44,2.72,-0.04,0.07,-0.0,1.0,hello
3118.0,3474.0,3824.0,2865.0,4095.0,4095.0,4095.0,3600.0,2.87,9.36,2.71,-0.06,-0.01,-0.0,1.0,hello
3122.0,3482.0,3835.0,2878.0,4095.0,4095.0,4095.0,3622.0,2.72,9.35,2.83,-0.04,-0.01,-0.05,1.0,hello
3106.0,3475.0,3834.0,2879.0,4095.0,4095.0,4095.0,3631.0,2.87,9.49,2.66,-0.03,-0.01,-0.02,1.0,hello
3120.0,3471.0,3842.0,2877.0,4095.0,4095.0,4095.0,3630.0,2.93,9.42,2.63,-0.07,0.01,-0.01,1.0,hello
3107.0,3461.0,3837.0,2882.0,4095.0,4095.0,4095.0,3642.0,2.9,9.4,2.54,-0.03,0.04,-0.04,1.0,hello
3109.0,3465.0,3839.0,2885.0,4095.0,4095.0,4095.0,3627.0,2.78,9.43,2.65,-0.06,0.01,-0.04,1.0,hello
3118.0,3479.0,3839.0,2883.0,4095.0,4095.0,4095.0,3617.0,2.87,9.43,2.66,-0.06,0.0,-0.04,1.0,hello
3092.0,3459.0,3842.0,2882.0,4095.0,4095.0,4095.0,3632.0,2.75,9.44,2.59,-0.05,0.03,-0.05,1.0,hello
3307.0,3690.0,3985.0,2791.0,4095.0,4095.0,4095.0,3271.0,8.28,6.17,0.89,0.01,-0.12,-0.05,1.0,hello
3298.0,3685.0,3984.0,2815.0,4095.0,4095.0,4095.0,3281.0,7.85,6.04,0.86,-0.07,-0.04,-0.05,1.0,hello
3298.0,3672.0,3984.0,2814.0,4095.0,4095.0,4095.0,3248.0,9.83,5.75,-0.28,-0.17,-0.15,-0.2,1.0,hello
3280.0,3632.0,4015.0,2781.0,4095.0,4095.0,4095.0,2864.0,21.88,5.55,-3.36,-1.66,-0.85,-2.77,1.0,hello
3295.0,3639.0,3973.0,2854.0,4095.0,4095.0,4095.0,3349.0,-2.89,2.52,3.1,-1.81,0.5,-3.58,1.0,hello
3281.0,3654.0,3981.0,2880.0,4095.0,4095.0,4095.0,3481.0,-4.42,8.43,7.47,-0.46,-0.29,-0.62,1.0,hello
3277.0,3654.0,3985.0,2892.0,4095.0,4095.0,4095.0,3556.0,2.11,9.64,3.5,-0.1,-0.07,0.08,1.0,hello
3280.0,3635.0,3982.0,2909.0,4095.0,4095.0,4095.0,3632.0,2.89,9.3,3.11,-0.06,-0.04,0.1,1.0,hello
3270.0,3649.0,3983.0,2903.0,4095.0,4095.0,4095.0,3697.0,2.86,9.32,3.21,-0.04,-0.16,-0.03,1.0,hello
3265.0,3638.0,3984.0,2899.0,4095.0,4095.0,4095.0,3734.0,2.71,9.24,3.56,0.03,-0.09,-0.09,1.0,hello
3279.0,3647.0,3995.0,2911.0,4095.0,4095.0,4095.0,3745.0,2.36,9.27,3.32,0.05,0.07,-0.04,1.0,hello
3264.0,3633.0,3984.0,2903.0,4095.0,4095.0,4095.0,3753.0,2.65,9.53,2.71,-0.01,0.04,0.03,1.0,hello
3264.0,3637.0,3994.0,2909.0,4095.0,4095.0,4095.0,3759.0,2.69,9.34,3.02,-0.01,-0.01,-0.02,1.0,hello
3262.0,3630.0,3968.0,2912.0,4095.0,4095.0,4095.0,3783.0,2.46,9.38,2.6,-0.05,-0.01,-0.01,1.0,hello
3271.0,3638.0,3996.0,2917.0,4095.0,4095.0,4095.0,3795.0,2.62,9.38,2.95,-0.09,-0.01,0.01,1.0,hello
3248.0,3632.0,3983.0,2915.0,4095.0,4095.0,4095.0,3811.0,2.84,9.39,2.94,-0.08,-0.01,0.03,1.0,hello
3263.0,3647.0,3987.0,2914.0,4095.0,4095.0,4095.0,3822.0,2.9,9.39,2.9,-0.06,-0.01,-0.02,1.0,hello
3255.0,3623.0,4003.0,2921.0,4095.0,4095.0,4095.0,3841.0,2.73,9.31,2.95,-0.03,-0.09,-0.06,1.0,hello
3258.0,3627.0,3983.0,2925.0,4095.0,4095.0,4095.0,3829.0,2.68,9.39,2.91,-0.07,-0.04,-0.02,1.0,hello
3269.0,3623.0,4014.0,2928.0,4095.0,4095.0,4095.0,3824.0,2.72,9.41,2.77,-0.05,-0.05,-0.04,1.0,hello
3169.0,3190.0,3526.0,2782.0,4095.0,4095.0,4095.0,3450.0,7.9,6.28,0.38,-0.04,-0.05,-0.08,1.0,hello
3163.0,3185.0,3535.0,2784.0,4095.0,4095.0,4095.0,3405.0,8.18,6.17,0.11,-0.05,-0.04,-0.09,1.0,hello
3156.0,3179.0,3515.0,2711.0,4095.0,4095.0,4095.0,3070.0,14.76,5.23,-2.99,-0.37,-0.53,-0.91,1.0,hello
3152.0,3187.0,3547.0,2741.0,4095.0,4095.0,4095.0,3056.0,9.39,4.31,-1.58,-1.46,-0.04,-4.54,1.0,hello
3158.0,3182.0,3530.0,2801.0,4095.0,4095.0,4095.0,3403.0,-7.12,6.91,5.86,-1.2,-0.36,-1.17,1.0,hello
3153.0,3190.0,3549.0,2818.0,4095.0,4095.0,4095.0,3341.0,2.12,9.63,4.14,-0.18,0.04,-0.13,1.0,hello
3166.0,3181.0,3558.0,2815.0,4095.0,4095.0,4095.0,3538.0,2.57,9.65,2.28,0.06,0.04,-0.09,1.0,hello
3158.0,3184.0,3573.0,2822.0,4095.0,4095.0,4095.0,3654.0,2.56,9.37,1.79,0.01,0.02,-0.03,1.0,hello
3152.0,3184.0,3600.0,2832.0,4095.0,4095.0,4095.0,3711.0,2.92,9.57,1.89,-0.04,-0.05,0.0,1.0,hello
3155.0,3196.0,3613.0,2833.0,4095.0,4095.0,4095.0,3723.0,2.75,9.55,1.97,-0.03,0.04,-0.03,1.0,hello
3152.0,3182.0,3597.0,2847.0,4095.0,4095.0,4095.0,3741.0,2.84,9.5,2.15,-0.13,0.07,-0.07,1.0,hello
3147.0,3179.0,3604.0,2849.0,4095.0,4095.0,4095.0,3791.0,2.7,9.53,1.82,-0.09,0.12,-0.01,1.0,hello
3155.0,3184.0,3615.0,2849.0,4095.0,4095.0,4095.0,3855.0,2.99,9.52,2.18,-0.07,0.03,-0.05,1.0,hello
3145.0,3186.0,3617.0,2855.0,4095.0,4095.0,4095.0,3814.0,2.69,9.49,2.01,-0.06,0.03,-0.01,1.0,hello
3164.0,3181.0,3622.0,2862.0,4095.0,4095.0,4095.0,3821.0,2.9,9.55,2.01,-0.07,0.1,-0.06,1.0,hello
3152.0,3175.0,3651.0,2859.0,4095.0,4095.0,4095.0,3811.0,2.72,9.47,2.18,-0.02,0.13,-0.04,1.0,hello
3151.0,3188.0,3638.0,2861.0,4095.0,4095.0,4095.0,3729.0,2.96,9.64,1.85,-0.04,0.04,0.01,1.0,hello
3157.0,3184.0,3659.0,2864.0,4095.0,4095.0,4095.0,3867.0,2.73,9.64,2.05,-0.02,-0.03,0.0,1.0,hello
3147.0,3184.0,3664.0,2866.0,4095.0,4095.0,4095.0,3807.0,2.92,9.44,2.03,-0.11,-0.05,0.02,1.0,hello
3143.0,3191.0,3665.0,2864.0,4095.0,4095.0,4095.0,3824.0,3.12,9.55,1.89,-0.08,-0.0,-0.02,1.0,hello
3562.0,3306.0,4041.0,2717.0,4095.0,4095.0,4095.0,3530.0,8.36,5.89,0.17,-0.05,-0.01,-0.05,1.0,hello
3559.0,3285.0,4024.0,2739.0,4095.0,4095.0,4095.0,3551.0,8.42,5.79,0.15,-0.03,-0.08,-0.05,1.0,hello
3558.0,3296.0,4016.0,2748.0,4095.0,4095.0,4095.0,3551.0,8.05,5.89,0.14,-0.05,-0.03,-0.08,1.0,hello
3568.0,3293.0,4031.0,2751.0,4095.0,4095.0,4095.0,3627.0,8.4,5.83,-0.09,-0.06,-0.01,-0.08,1.0,hello
3534.0,3297.0,4051.0,2703.0,4095.0,4095.0,4095.0,3286.0,18.83,5.36,-5.81,-0.57,-0.35,-1.14,1.0,hello
3526.0,3291.0,4027.0,2747.0,4095.0,4095.0,4095.0,3763.0,6.13,2.75,-0.34,-1.42,1.12,-4.43,1.0,hello
3537.0,3328.0,4044.0,2775.0,4095.0,4095.0,4095.0,3947.0,-10.29,6.58,8.18,-0.93,-1.64,-1.26,1.0,hello
3519.0,3321.0,4028.0,2794.0,4095.0,4095.0,4095.0,4079.0,3.06,10.41,2.71,-0.06,-0.16,-0.02,1.0,hello
3525.0,3314.0,4013.0,2803.0,4095.0,4095.0,4095.0,4095.0,2.85,9.38,2.45,-0.0,0.11,-0.14,1.0,hello
3538.0,3303.0,4033.0,2807.0,4095.0,4095.0,4095.0,4095.0,2.83,9.44,2.28,-0.07,-0.0,0.02,1.0,hello
3523.0,3321.0,4042.0,2814.0,4095.0,4095.0,4095.0,4095.0,2.71,9.52,2.21,-0.11,0.02,0.07,1.0,hello
3533.0,3312.0,4025.0,2819.0,4095.0,4095.0,4095.0,4095.0,2.96,9.63,2.41,-0.0,0.15,-0.1,1.0,hello
3522.0,3306.0,4021.0,2826.0,4095.0,4095.0,4095.0,4095.0,2.83,9.54,2.44,-0.07,-0.02,0.0,1.0,hello
3522.0,3316.0,4027.0,2830.0,4095.0,4095.0,4095.0,4095.0,3.09,9.33,2.47,-0.06,-0.02,0.01,1.0,hello
3520.0,3298.0,4023.0,2823.0,4095.0,4095.0,4095.0,4095.0,2.91,9.36,2.31,-0.05,-0.03,-0.04,1.0,hello
3543.0,3310.0,4033.0,2832.0,4095.0,4095.0,4095.0,4095.0,3.01,9.52,2.38,-0.05,-0.1,-0.03,1.0,hello
3530.0,3315.0,4061.0,2832.0,4095.0,4095.0,4095.0,4095.0,2.94,9.41,2.36,-0.07,-0.02,-0.04,1.0,hello
3533.0,3298.0,4026.0,2839.0,4095.0,4095.0,4095.0,4095.0,2.76,9.56,2.26,-0.02,-0.04,-0.02,1.0,hello
3539.0,3302.0,4031.0,2846.0,4095.0,4095.0,4095.0,4095.0,3.05,9.5,2.37,-0.05,-0.02,-0.02,1.0,hello
3542.0,3312.0,4027.0,2841.0,4095.0,4095.0,4095.0,4095.0,3.06,9.48,2.41,-0.06,-0.05,0.0,1.0,hello
3408.0,3229.0,3567.0,2753.0,4095.0,4095.0,4095.0,3730.0,8.04,6.37,0.19,-0.07,0.11,-0.04,1.0,hello
3394.0,3231.0,3558.0,2757.0,4095.0,4095.0,4095.0,3792.0,8.5,6.4,-0.01,-0.08,-0.0,-0.14,1.0,hello
3408.0,3218.0,3559.0,2737.0,4095.0,4095.0,4095.0,3264.0,15.97,6.27,-3.9,-0.39,-0.94,-1.17,1.0,hello
3395.0,3235.0,3619.0,2739.0,4095.0,4095.0,4095.0,3382.0,6.74,3.09,-0.23,-2.8,-0.5,-3.86,1.0,hello
3418.0,3248.0,3617.0,2825.0,4095.0,4095.0,4095.0,3920.0,-6.73,7.13,6.74,-0.8,-1.08,-1.28,1.0,hello
3395.0,3232.0,3616.0,2843.0,4095.0,4095.0,4095.0,4043.0,1.99,9.87,3.56,-0.27,-0.07,-0.13,1.0,hello
3387.0,3239.0,3632.0,2832.0,4095.0,4095.0,4095.0,4023.0,2.55,9.39,2.84,-0.13,0.1,-0.03,1.0,hello
3393.0,3239.0,3632.0,2846.0,4095.0,4095.0,4095.0,4072.0,3.11,9.41,2.82,-0.06,-0.1,0.09,1.0,hello
3401.0,3237.0,3634.0,2844.0,4095.0,4095.0,4095.0,4077.0,2.88,9.51,2.5,-0.02,0.01,0.04,1.0,hello
3397.0,3229.0,3650.0,2847.0,4095.0,4095.0,4095.0,4048.0,2.98,9.34,2.35,-0.03,0.08,0.03,1.0,hello
3397.0,3248.0,3631.0,2855.0,4095.0,4095.0,4095.0,3984.0,3.32,9.36,2.37,-0.01,-0.01,-0.04,1.0,hello
3401.0,3233.0,3631.0,2847.0,4095.0,4095.0,4095.0,4071.0,2.83,9.17,2.39,-0.14,-0.11,-0.1,1.0,hello
3392.0,3245.0,3641.0,2855.0,4095.0,4095.0,4095.0,4093.0,2.92,9.31,2.99,-0.09,-0.03,-0.06,1.0,hello
3386.0,3231.0,3642.0,2864.0,4095.0,4095.0,4095.0,4095.0,2.85,9.59,2.6,0.03,-0.05,-0.06,1.0,hello
3389.0,3239.0,3648.0,2861.0,4095.0,4095.0,4095.0,4095.0,3.05,9.61,2.3,0.03,-0.05,0.02,1.0,hello
3411.0,3244.0,3647.0,2858.0,4095.0,4095.0,4095.0,4095.0,3.06,9.33,2.31,0.01,-0.03,-0.03,1.0,hello
3408.0,3241.0,3662.0,2859.0,4095.0,4095.0,4095.0,4095.0,2.98,9.41,2.22,-0.01,-0.04,-0.04,1.0,hello
3394.0,3236.0,3661.0,2861.0,4095.0,4095.0,4095.0,4095.0,3.12,9.45,2.17,-0.03,-0.02,-0.04,1.0,hello
3399.0,3233.0,3651.0,2864.0,4095.0,4095.0,4095.0,4095.0,2.78,9.41,2.36,-0.08,-0.0,-0.02,1.0,hello
3390.0,3248.0,3663.0,2864.0,4095.0,4095.0,4095.0,4095.0,3.0,9.45,2.45,-0.04,-0.02,-0.06,1.0,hello
3331.0,3331.0,3709.0,2792.0,4095.0,4095.0,4095.0,3559.0,7.91,6.27,0.41,-0.04,0.09,-0.07,1.0,hello
3334.0,3333.0,3701.0,2803.0,4095.0,4095.0,4095.0,3536.0,7.86,6.34,0.43,-0.02,0.01,-0.06,1.0,hello
3344.0,3332.0,3696.0,2818.0,4095.0,4095.0,4095.0,3600.0,7.97,6.24,0.35,-0.08,-0.03,-0.04,1.0,hello
3334.0,3355.0,3718.0,2796.0,4095.0,4095.0,4095.0,3200.0,15.48,5.64,-3.7,-0.69,-0.6,-0.55,1.0,hello
3337.0,3332.0,3720.0,2806.0,4095.0,4095.0,4095.0,3271.0,6.57,3.64,-0.34,-1.34,0.59,-3.6,1.0,hello
3343.0,3335.0,3709.0,2855.0,4095.0,4095.0,4095.0,3524.0,-4.6,7.47,7.67,-1.08,-0.77,-0.9,1.0,hello
3328.0,3353.0,3726.0,2869.0,4095.0,4095.0,4095.0,3447.0,3.61,9.65,3.23,-0.1,0.09,-0.28,1.0,hello
3331.0,3349.0,3729.0,2875.0,4095.0,4095.0,4095.0,3507.0,3.43,9.22,2.55,-0.05,-0.02,-0.1,1.0,hello
3339.0,3344.0,3726.0,2879.0,4095.0,4095.0,4095.0,3443.0,3.69,9.08,2.43,0.02,0.02,-0.04,1.0,hello
3346.0,3339.0,3726.0,2877.0,4095.0,4095.0,4095.0,3500.0,4.08,9.21,1.89,0.01,0.01,-0.01,1.0,hello
3338.0,3342.0,3717.0,2871.0,4095.0,4095.0,4095.0,3520.0,4.23,9.14,2.19,-0.05,-0.04,-0.03,1.0,hello
3312.0,3350.0,3752.0,2870.0,4095.0,4095.0,4095.0,3520.0,4.12,9.17,2.15,-0.02,-0.02,-0.03,1.0,hello
3344.0,3346.0,3744.0,2873.0,4095.0,4095.0,4095.0,3601.0,3.9,9.08,2.11,-0.02,-0.0,-0.07,1.0,hello
3331.0,3350.0,3718.0,2870.0,4095.0,4095.0,4095.0,3607.0,4.02,9.2,2.02,-0.04,-0.02,-0.04,1.0,hello
3323.0,3343.0,3716.0,2879.0,4095.0,4095.0,4095.0,3647.0,3.89,9.21,2.09,-0.05,0.02,-0.03,1.0,hello
3315.0,3345.0,3725.0,2878.0,4095.0,4095.0,4095.0,3671.0,4.02,9.24,2.02,-0.06,0.01,-0.02,1.0,hello
3340.0,3341.0,3719.0,2882.0,4095.0,4095.0,4095.0,3751.0,3.78,9.1,2.16,-0.04,0.0,-0.03,1.0,hello
3326.0,3344.0,3722.0,2883.0,4095.0,4095.0,4095.0,3753.0,4.07,9.29,1.97,-0.04,0.01,-0.02,1.0,hello
3334.0,3360.0,3718.0,2881.0,4095.0,4095.0,4095.0,3775.0,3.88,9.15,2.05,-0.07,-0.02,-0.05,1.0,hello
3328.0,3333.0,3712.0,2894.0,4095.0,4095.0,4095.0,3778.0,4.07,9.09,2.18,-0.05,-0.04,-0.04,1.0,hello
3456.0,3331.0,3647.0,2800.0,4095.0,4095.0,4095.0,3311.0,7.76,6.29,-0.4,-0.06,-0.08,-0.03,1.0,hello
3458.0,3331.0,3668.0,2800.0,4095.0,4095.0,4095.0,3376.0,7.76,6.32,-0.45,-0.05,-0.03,-0.06,1.0,hello
3427.0,3327.0,3662.0,2814.0,4095.0,4095.0,4095.0,3425.0,7.96,6.32,-0.46,-0.07,-0.0,-0.07,1.0,hello
3441.0,3344.0,3664.0,2813.0,4095.0,4095.0,4095.0,3434.0,9.07,5.93,-0.74,-0.09,-0.17,-0.15,1.0,hello
3424.0,3332.0,3677.0,2779.0,4095.0,4095.0,4095.0,3351.0,15.31,6.35,-6.24,-0.92,-0.54,-1.64,1.0,hello
3421.0,3340.0,3675.0,2826.0,4095.0,4095.0,4095.0,3328.0,1.79,5.4,3.07,-2.06,0.01,-2.82,1.0,hello
3431.0,3332.0,3662.0,2835.0,4095.0,4095.0,4095.0,3633.0,-2.15,8.21,5.71,-0.65,-0.47,-0.62,1.0,hello
3399.0,3341.0,3667.0,2865.0,4095.0,4095.0,4095.0,3632.0,3.71,9.89,1.79,-0.06,-0.17,-0.01,1.0,hello
3404.0,3319.0,3678.0,2864.0,4095.0,4095.0,4095.0,3671.0,3.64,9.21,1.8,-0.05,-0.05,-0.1,1.0,hello
3425.0,3345.0,3675.0,2865.0,4095.0,4095.0,4095.0,3696.0,3.49,9.26,1.5,-0.03,-0.06,-0.09,1.0,hello
3423.0,3338.0,3673.0,2876.0,4095.0,4095.0,4095.0,3742.0,3.31,9.33,1.42,-0.09,-0.08,-0.04,1.0,hello
3399.0,3337.0,3690.0,2879.0,4095.0,4095.0,4095.0,3743.0,3.98,9.54,1.4,-0.07,0.0,-0.04,1.0,hello
3408.0,3344.0,3689.0,2887.0,4095.0,4095.0,4095.0,3799.0,3.49,9.56,1.67,-0.08,-0.01,-0.07,1.0,hello
3395.0,3337.0,3677.0,2881.0,4095.0,4095.0,4095.0,3826.0,3.3,9.37,1.49,-0.11,0.02,-0.03,1.0,hello
3407.0,3328.0,3678.0,2875.0,4095.0,4095.0,4095.0,3810.0,3.39,9.48,1.53,-0.07,0.03,-0.04,1.0,hello
3415.0,3344.0,3671.0,2873.0,4095.0,4095.0,4095.0,3856.0,3.51,9.43,1.68,-0.07,0.01,-0.03,1.0,hello
3401.0,3341.0,3694.0,2882.0,4095.0,4095.0,4095.0,3853.0,3.5,9.48,1.57,-0.11,0.04,-0.02,1.0,hello
3418.0,3335.0,3666.0,2880.0,4095.0,4095.0,4095.0,3870.0,3.39,9.41,1.7,-0.08,0.01,-0.02,1.0,hello
3402.0,3343.0,3677.0,2881.0,4095.0,4095.0,4095.0,3881.0,3.41,9.4,1.69,-0.06,0.03,0.01,1.0,hello
3423.0,3333.0,3671.0,2875.0,4095.0,4095.0,4095.0,3865.0,3.51,9.36,1.71,-0.09,-0.03,-0.01,1.0,hello
3212.0,3333.0,3979.0,2758.0,4095.0,4095.0,4095.0,4087.0,8.26,6.03,-0.09,-0.05,-0.03,-0.03,1.0,hello
3183.0,3334.0,3979.0,2768.0,4095.0,4095.0,4095.0,4066.0,8.48,5.92,-0.28,-0.09,-0.04,-0.09,1.0,hello
3189.0,3335.0,3981.0,2741.0,4095.0,4095.0,4095.0,3568.0,16.2,5.82,-5.31,-0.57,-0.56,-1.14,1.0,hello
3188.0,3336.0,3979.0,2771.0,4095.0,4095.0,4095.0,3679.0,9.08,4.72,-0.85,-2.03,-0.17,-3.34,1.0,hello
3211.0,3353.0,3977.0,2800.0,4095.0,4095.0,4095.0,4095.0,-5.59,6.45,8.9,-0.69,-0.44,-1.4,1.0,hello
3211.0,3341.0,3987.0,2800.0,4095.0,4095.0,4095.0,4095.0,2.57,9.85,2.12,-0.1,-0.06,-0.11,1.0,hello
3203.0,3339.0,3962.0,2802.0,4095.0,4095.0,4095.0,4095.0,3.55,9.23,2.28,-0.07,-0.02,-0.11,1.0,hello
3202.0,3354.0,3979.0,2818.0,4095.0,4095.0,4095.0,4095.0,3.31,9.2,2.39,-0.04,-0.02,-0.1,1.0,hello
3189.0,3347.0,3978.0,2830.0,4095.0,4095.0,4095.0,4095.0,3.38,9.4,2.06,-0.05,-0.11,-0.05,1.0,hello
3198.0,3364.0,3955.0,2830.0,4095.0,4095.0,4095.0,4095.0,3.37,9.34,2.13,-0.09,-0.05,0.01,1.0,hello
3201.0,3351.0,3973.0,2832.0,4095.0,4095.0,4095.0,4095.0,3.49,9.28,2.25,-0.12,-0.01,-0.0,1.0,hello
3202.0,3349.0,3998.0,2832.0,4095.0,4095.0,4095.0,4095.0,3.48,9.32,2.33,-0.11,-0.04,-0.04,1.0,hello
3190.0,3347.0,3935.0,2843.0,4095.0,4095.0,4095.0,4095.0,3.5,9.31,2.37,-0.07,-0.01,-0.04,1.0,hello
3190.0,3374.0,3951.0,2847.0,4095.0,4095.0,4095.0,4095.0,3.43,9.26,2.28,-0.08,-0.02,-0.03,1.0,hello
3197.0,3351.0,3948.0,2847.0,4095.0,4095.0,4095.0,4095.0,3.59,9.3,2.27,-0.05,0.04,-0.04,1.0,hello
3202.0,3355.0,3971.0,2847.0,4095.0,4095.0,4095.0,4095.0,3.44,9.27,2.35,-0.05,0.02,-0.01,1.0,hello
3191.0,3346.0,3967.0,2850.0,4095.0,4095.0,4095.0,4095.0,3.61,9.32,2.26,-0.03,-0.02,-0.05,1.0,hello
3193.0,3343.0,3967.0,2845.0,4095.0,4095.0,4095.0,4095.0,3.68,9.33,2.25,-0.03,-0.01,-0.04,1.0,hello
3199.0,3344.0,3952.0,2846.0,4095.0,4095.0,4095.0,4095.0,3.64,9.32,2.26,-0.03,-0.02,-0.04,1.0,hello
3190.0,3358.0,3953.0,2861.0,4095.0,4095.0,4095.0,4095.0,3.44,9.24,2.25,-0.04,-0.01,-0.04,1.0,hello
3139.0,3463.0,4077.0,2863.0,4095.0,4095.0,4095.0,4095.0,7.76,6.44,-0.23,-0.06,0.05,-0.04,1.0,hello
3139.0,3478.0,4051.0,2867.0,4095.0,4095.0,4095.0,4095.0,7.76,6.31,-0.25,-0.11,0.12,-0.08,1.0,hello
3137.0,3487.0,4058.0,2791.0,4095.0,4095.0,4095.0,3699.0,12.55,5.3,-4.25,-0.3,0.16,-0.66,1.0,hello
3131.0,3472.0,4057.0,2821.0,4095.0,4095.0,4095.0,3958.0,13.34,4.45,1.26,-2.28,-0.29,-3.85,1.0,hello
3167.0,3481.0,4014.0,2863.0,4095.0,4095.0,4095.0,4095.0,-6.49,8.01,3.06,-0.84,-0.7,-1.85,1.0,hello
3163.0,3485.0,4048.0,2898.0,4095.0,4095.0,4095.0,4095.0,0.61,9.44,3.95,-0.39,0.19,0.06,1.0,hello
3151.0,3472.0,4030.0,2898.0,4095.0,4095.0,4095.0,4095.0,3.21,9.87,2.39,-0.1,0.01,0.04,1.0,hello
3168.0,3487.0,4043.0,2906.0,4095.0,4095.0,4095.0,4095.0,2.72,9.45,2.43,-0.07,0.08,-0.04,1.0,hello
3146.0,3501.0,4041.0,2903.0,4095.0,4095.0,4095.0,4095.0,2.94,9.68,2.27,-0.07,0.06,-0.04,1.0,hello
3129.0,3504.0,4032.0,2910.0,4095.0,4095.0,4095.0,4095.0,2.65,9.45,2.64,-0.09,-0.04,-0.05,1.0,hello
3143.0,3477.0,4042.0,2922.0,4095.0,4095.0,4095.0,4095.0,2.77,9.44,2.53,-0.06,0.01,0.01,1.0,hello
3139.0,3479.0,4017.0,2911.0,4095.0,4095.0,4095.0,4095.0,3.06,9.56,2.47,-0.05,-0.01,-0.02,1.0,hello
3143.0,3471.0,4043.0,2906.0,4095.0,4095.0,4095.0,4095.0,2.58,9.58,2.21,-0.08,-0.07,-0.02,1.0,hello
3150.0,3473.0,4030.0,2911.0,4095.0,4095.0,4095.0,4095.0,2.68,9.34,2.38,-0.08,-0.08,-0.0,1.0,hello
3143.0,3487.0,4045.0,2918.0,4095.0,4095.0,4095.0,4095.0,2.9,9.49,2.43,-0.09,-0.05,-0.04,1.0,hello
3149.0,3462.0,4033.0,2923.0,4095.0,4095.0,4095.0,4095.0,2.61,9.41,2.41,-0.09,-0.08,-0.0,1.0,hello
3155.0,3467.0,4016.0,2928.0,4095.0,4095.0,4095.0,4095.0,2.91,9.44,2.42,-0.11,0.08,0.04,1.0,hello
3137.0,3466.0,4016.0,2919.0,4095.0,4095.0,4095.0,4095.0,3.1,9.39,2.55,-0.08,0.03,-0.03,1.0,hello
3140.0,3470.0,4036.0,2915.0,4095.0,4095.0,4095.0,4095.0,3.0,9.4,2.59,-0.08,-0.01,-0.01,1.0,hello
3146.0,3471.0,4033.0,2922.0,4095.0,4095.0,4095.0,4095.0,3.22,9.46,2.62,-0.05,-0.02,-0.04,1.0,hello
3327.0,3344.0,3822.0,2802.0,4095.0,4095.0,4095.0,4015.0,7.94,6.15,-0.51,-0.04,-0.05,-0.03,1.0,hello
3331.0,3335.0,3817.0,2817.0,4095.0,4095.0,4095.0,4000.0,8.11,6.07,-0.61,-0.04,-0.0,-0.04,1.0,hello
3344.0,3340.0,3825.0,2814.0,4095.0,4095.0,4095.0,3939.0,8.56,5.84,-1.0,-0.05,-0.06,-0.1,1.0,hello
3343.0,3338.0,3840.0,2704.0,4095.0,4095.0,4095.0,3305.0,15.38,4.79,-7.07,-0.52,0.03,-1.26,1.0,hello
3342.0,3339.0,3844.0,2778.0,4095.0,4095.0,4095.0,3853.0,4.66,3.7,2.33,-2.79,0.42,-3.76,1.0,hello
3328.0,3360.0,3801.0,2819.0,4095.0,4095.0,4095.0,4095.0,-3.56,8.56,6.61,-0.83,-0.5,-0.69,1.0,hello
3303.0,3362.0,3810.0,2820.0,4095.0,4095.0,4095.0,4095.0,3.28,9.53,3.16,0.0,0.02,-0.1,1.0,hello
3313.0,3344.0,3807.0,2834.0,4095.0,4095.0,4095.0,4095.0,3.2,9.4,2.27,-0.02,0.04,-0.06,1.0,hello
3303.0,3345.0,3805.0,2834.0,4095.0,4095.0,4095.0,4095.0,3.39,9.21,2.48,-0.01,-0.01,-0.06,1.0,hello
3312.0,3344.0,3842.0,2842.0,4095.0,4095.0,4095.0,4095.0,3.29,9.4,2.35,0.0,-0.03,-0.06,1.0,hello
3311.0,3344.0,3817.0,2853.0,4095.0,4095.0,4095.0,4095.0,3.46,9.44,2.34,-0.11,0.0,0.0,1.0,hello
3305.0,3356.0,3824.0,2851.0,4095.0,4095.0,4095.0,4095.0,3.3,9.25,2.46,-0.03,0.05,-0.0,1.0,hello
3299.0,3362.0,3831.0,2851.0,4095.0,4095.0,4095.0,4095.0,3.78,9.22,2.28,-0.03,-0.01,-0.02,1.0,hello
3301.0,3335.0,3814.0,2849.0,4095.0,4095.0,4095.0,4095.0,3.31,9.13,2.43,-0.05,0.01,-0.03,1.0,hello
3308.0,3344.0,3825.0,2849.0,4095.0,4095.0,4095.0,4095.0,3.57,9.32,2.39,-0.04,-0.03,-0.01,1.0,hello
3307.0,3343.0,3822.0,2850.0,4095.0,4095.0,4095.0,4095.0,3.51,9.33,2.21,-0.05,-0.02,0.03,1.0,hello
3309.0,3350.0,3845.0,2845.0,4095.0,4095.0,4095.0,4095.0,3.79,9.24,2.39,-0.05,-0.04,0.01,1.0,hello
3306.0,3338.0,3840.0,2853.0,4095.0,4095.0,4095.0,4095.0,3.57,9.26,2.3,-0.02,-0.0,-0.05,1.0,hello
3303.0,3358.0,3831.0,2838.0,4095.0,4095.0,4095.0,4095.0,3.67,9.32,2.09,-0.07,-0.03,-0.01,1.0,hello
3309.0,3339.0,3824.0,2851.0,4095.0,4095.0,4095.0,4095.0,3.54,9.18,2.37,-0.09,0.0,-0.03,1.0,hello
3129.0,3266.0,3651.0,2817.0,4095.0,4095.0,4095.0,4095.0,7.99,6.38,0.3,-0.04,-0.02,-0.04,1.0,hello
3125.0,3280.0,3643.0,2818.0,4095.0,4095.0,4095.0,4095.0,8.02,6.33,0.43,-0.04,-0.03,-0.05,1.0,hello
3121.0,3263.0,3645.0,2835.0,4095.0,4095.0,4095.0,4095.0,8.36,6.3,0.06,-0.12,-0.05,-0.07,1.0,hello
3121.0,3270.0,3664.0,2798.0,4095.0,4095.0,4095.0,4095.0,13.73,6.73,-4.9,-0.63,-0.2,-0.67,1.0,hello
3130.0,3283.0,3692.0,2795.0,4095.0,4095.0,4095.0,4095.0,8.94,4.41,1.06,-1.63,0.42,-3.28,1.0,hello
3136.0,3281.0,3702.0,2864.0,4095.0,4095.0,4095.0,4095.0,-3.43,7.19,5.34,-0.95,-0.18,-1.38,1.0,hello
3142.0,3285.0,3680.0,2861.0,4095.0,4095.0,4095.0,4095.0,1.07,9.01,4.32,-0.14,-0.07,0.04,1.0,hello
3135.0,3287.0,3714.0,2866.0,4095.0,4095.0,4095.0,4095.0,3.97,9.42,2.85,0.04,-0.07,-0.0,1.0,hello
3143.0,3265.0,3696.0,2867.0,4095.0,4095.0,4095.0,4095.0,3.64,9.06,2.69,-0.05,0.01,-0.06,1.0,hello
3130.0,3285.0,3701.0,2865.0,4095.0,4095.0,4095.0,4095.0,3.7,9.21,2.73,-0.06,-0.02,-0.04,1.0,hello
3137.0,3280.0,3713.0,2867.0,4095.0,4095.0,4095.0,4095.0,3.55,9.2,2.72,-0.03,0.02,-0.06,1.0,hello
3150.0,3274.0,3718.0,2879.0,4095.0,4095.0,4095.0,4095.0,3.63,9.2,2.59,-0.07,0.08,-0.0,1.0,hello
3127.0,3275.0,3700.0,2878.0,4095.0,4095.0,4095.0,4095.0,3.51,9.11,2.8,-0.06,0.07,-0.03,1.0,hello
3127.0,3296.0,3707.0,2880.0,4095.0,4095.0,4095.0,4095.0,3.65,9.21,2.58,-0.08,0.07,-0.03,1.0,hello
3126.0,3278.0,3723.0,2890.0,4095.0,4095.0,4095.0,4095.0,3.52,9.12,2.84,-0.08,0.02,-0.02,1.0,hello
3121.0,3274.0,3694.0,2887.0,4095.0,4095.0,4095.0,4095.0,3.6,9.18,2.88,-0.06,-0.03,-0.0,1.0,hello
3136.0,3295.0,3712.0,2884.0,4095.0,4095.0,4095.0,4095.0,3.55,9.16,2.57,-0.05,0.03,-0.04,1.0,hello
3136.0,3269.0,3707.0,2885.0,4095.0,4095.0,4095.0,4095.0,3.6,9.21,2.24,-0.06,-0.01,-0.03,1.0,hello
3141.0,3275.0,3696.0,2886.0,4095.0,4095.0,4095.0,4095.0,3.4,9.17,2.99,-0.03,-0.03,-0.05,1.0,hello
3134.0,3280.0,3718.0,2881.0,4095.0,4095.0,4095.0,4095.0,3.7,9.22,2.57,-0.03,-0.03,-0.02,1.0,hello
3093.0,3521.0,4095.0,2774.0,4095.0,4095.0,4095.0,3669.0,7.89,6.33,-0.88,-0.05,-0.03,-0.06,1.0,hello
3101.0,3511.0,4095.0,2783.0,4095.0,4095.0,4095.0,3658.0,7.85,6.46,-0.75,-0.07,-0.03,-0.09,1.0,hello
3099.0,3511.0,4095.0,2797.0,4095.0,4095.0,4095.0,3697.0,8.02,6.3,-0.9,-0.08,-0.0,-0.05,1.0,hello
3095.0,3497.0,4095.0,2738.0,4095.0,4095.0,4095.0,3469.0,17.33,6.01,-5.81,-0.39,-0.22,-0.94,1.0,hello
3116.0,3537.0,4095.0,2837.0,4095.0,4095.0,4095.0,3583.0,1.18,1.79,3.11,-2.76,0.64,-2.76,1.0,hello
3120.0,3548.0,4095.0,2902.0,4095.0,4095.0,4095.0,3759.0,-0.36,8.53,5.47,-0.47,-0.32,-0.6,1.0,hello
3107.0,3537.0,4095.0,2907.0,4095.0,4095.0,4095.0,3815.0,4.43,9.26,2.59,-0.05,0.0,-0.23,1.0,hello
3108.0,3542.0,4095.0,2898.0,4095.0,4095.0,4095.0,3875.0,4.0,8.74,2.51,-0.08,-0.04,-0.14,1.0,hello
3121.0,3543.0,4095.0,2901.0,4095.0,4095.0,4095.0,3939.0,3.61,9.14,1.98,-0.09,0.08,-0.17,1.0,hello
3102.0,3536.0,4095.0,2903.0,4095.0,4095.0,4095.0,3970.0,4.04,9.47,2.08,-0.01,-0.09,-0.08,1.0,hello
3120.0,3545.0,4095.0,2911.0,4095.0,4095.0,4095.0,3983.0,3.74,9.25,1.77,0.04,0.02,-0.08,1.0,hello
3103.0,3535.0,4095.0,2912.0,4095.0,4095.0,4095.0,3980.0,4.08,9.28,1.66,-0.05,-0.03,-0.01,1.0,hello
3103.0,3537.0,4095.0,2912.0,4095.0,4095.0,4095.0,3999.0,3.73,9.28,1.6,-0.03,-0.0,-0.06,1.0,hello
3103.0,3536.0,4095.0,2907.0,4095.0,4095.0,4095.0,4022.0,3.79,9.21,1.69,-0.07,-0.0,-0.06,1.0,hello
3120.0,3530.0,4095.0,2913.0,4095.0,4095.0,4095.0,4033.0,3.86,9.29,1.74,-0.04,0.04,-0.06,1.0,hello
3107.0,3510.0,4095.0,2930.0,4095.0,4095.0,4095.0,3997.0,3.75,9.15,1.93,-0.11,0.01,-0.03,1.0,hello
3115.0,3536.0,4095.0,2928.0,4095.0,4095.0,4095.0,4016.0,3.97,9.24,1.95,-0.08,-0.01,-0.03,1.0,hello
3095.0,3536.0,4095.0,2937.0,4095.0,4095.0,4095.0,3995.0,3.8,9.26,1.89,-0.07,-0.03,-0.02,1.0,hello
3095.0,3536.0,4095.0,2933.0,4095.0,4095.0,4095.0,4027.0,3.86,9.19,1.92,-0.1,0.02,-0.0,1.0,hello
3106.0,3504.0,4095.0,2945.0,4095.0,4095.0,4095.0,4055.0,3.81,9.25,1.89,-0.08,0.02,-0.0,1.0,hello
3442.0,3434.0,3924.0,2739.0,4095.0,4095.0,4095.0,3797.0,7.93,6.38,-1.12,-0.06,0.0,-0.04,1.0,hello
3445.0,3437.0,3943.0,2741.0,4095.0,4095.0,4095.0,3803.0,7.7,6.38,-1.06,-0.06,-0.05,-0.05,1.0,hello
3463.0,3445.0,3938.0,2761.0,4095.0,4095.0,4095.0,3823.0,7.6,6.5,-1.02,-0.1,0.01,-0.04,1.0,hello
3433.0,3440.0,3935.0,2743.0,4095.0,4095.0,4095.0,3614.0,15.44,7.42,-7.31,-0.28,-0.26,-0.95,1.0,hello
3423.0,3442.0,3989.0,2817.0,4095.0,4095.0,4095.0,3736.0,5.61,2.88,-1.14,-3.86,-0.03,-2.45,1.0,hello
3423.0,3475.0,3984.0,2858.0,4095.0,4095.0,4095.0,3917.0,-1.77,6.9,8.36,-0.41,0.35,-0.59,1.0,hello
3396.0,3477.0,3974.0,2864.0,4095.0,4095.0,4095.0,4027.0,4.11,9.6,1.23,0.2,0.56,-0.14,1.0,hello
3392.0,3466.0,3997.0,2867.0,4095.0,4095.0,4095.0,4049.0,4.34,9.03,1.25,-0.02,0.15,-0.13,1.0,hello
3401.0,3451.0,4005.0,2876.0,4095.0,4095.0,4095.0,4075.0,4.12,8.97,1.36,-0.06,-0.05,0.04,1.0,hello
3413.0,3455.0,3990.0,2878.0,4095.0,4095.0,4095.0,4051.0,4.17,9.4,1.32,-0.1,0.06,0.03,1.0,hello
3392.0,3454.0,3995.0,2880.0,4095.0,4095.0,4095.0,4068.0,4.44,9.18,1.51,-0.03,0.13,-0.01,1.0,hello
3391.0,3461.0,4003.0,2875.0,4095.0,4095.0,4095.0,4079.0,4.55,9.09,1.21,0.02,0.05,-0.06,1.0,hello
3394.0,3440.0,3999.0,2883.0,4095.0,4095.0,4095.0,4095.0,4.45,9.04,1.2,-0.02,-0.05,-0.05,1.0,hello
3408.0,3468.0,4000.0,2884.0,4095.0,4095.0,4095.0,4095.0,4.19,9.24,1.11,-0.02,0.04,-0.07,1.0,hello
3409.0,3461.0,3988.0,2889.0,4095.0,4095.0,4095.0,4095.0,4.36,9.36,1.23,-0.06,-0.02,-0.01,1.0,hello
3402.0,3457.0,4003.0,2892.0,4095.0,4095.0,4095.0,4095.0,4.36,9.08,1.48,-0.04,0.06,-0.01,1.0,hello
3403.0,3475.0,3989.0,2889.0,4095.0,4095.0,4095.0,4095.0,4.35,9.0,1.24,-0.02,0.08,-0.05,1.0,hello
3399.0,3470.0,3984.0,2892.0,4095.0,4095.0,4095.0,4095.0,4.32,9.06,1.0,-0.08,0.07,-0.04,1.0,hello
3402.0,3466.0,3966.0,2896.0,4095.0,4095.0,4095.0,4095.0,4.42,9.15,1.45,-0.06,0.08,-0.03,1.0,hello
3411.0,3457.0,3997.0,2896.0,4095.0,4095.0,4095.0,4095.0,4.38,9.19,1.26,-0.02,0.05,-0.03,1.0,hello
3123.0,3813.0,3906.0,2734.0,4095.0,4095.0,4095.0,3758.0,7.74,6.65,-0.8,-0.07,-0.01,-0.05,1.0,hello
3134.0,3798.0,3904.0,2740.0,4095.0,4095.0,4095.0,3760.0,7.62,6.61,-0.72,-0.08,-0.02,-0.07,1.0,hello
3129.0,3714.0,3927.0,2755.0,4095.0,4095.0,4095.0,3756.0,10.36,6.21,-2.66,-0.23,-0.39,-0.27,1.0,hello
3136.0,3707.0,4031.0,2665.0,4095.0,4095.0,4095.0,3651.0,16.73,4.74,-7.25,-1.99,-0.61,-2.73,1.0,hello
3174.0,3699.0,3997.0,2826.0,4095.0,4095.0,4095.0,3910.0,-8.02,6.58,5.46,-1.48,1.14,-2.17,1.0,hello
3151.0,3660.0,4029.0,2847.0,4095.0,4095.0,4095.0,4007.0,1.19,9.71,6.01,-0.08,-0.12,-0.12,1.0,hello
3157.0,3659.0,4019.0,2859.0,4095.0,4095.0,4095.0,3990.0,3.24,9.74,1.94,0.11,-0.05,-0.1,1.0,hello
3153.0,3634.0,4047.0,2864.0,4095.0,4095.0,4095.0,4009.0,3.11,9.04,2.31,-0.06,-0.15,-0.04,1.0,hello
3151.0,3653.0,4051.0,2871.0,4095.0,4095.0,4095.0,4023.0,3.21,9.49,2.25,-0.05,-0.08,-0.06,1.0,hello
3154.0,3638.0,4039.0,2867.0,4095.0,4095.0,4095.0,4006.0,2.84,9.68,2.07,-0.0,-0.13,-0.04,1.0,hello
3166.0,3632.0,4055.0,2869.0,4095.0,4095.0,4095.0,3979.0,3.17,9.59,1.85,-0.07,0.02,0.01,1.0,hello
3159.0,3610.0,4063.0,2870.0,4095.0,4095.0,4095.0,3989.0,3.25,9.42,2.01,-0.05,-0.02,-0.01,1.0,hello
3154.0,3629.0,4043.0,2874.0,4095.0,4095.0,4095.0,3977.0,3.31,9.32,2.08,-0.0,0.04,-0.05,1.0,hello
3159.0,3623.0,4081.0,2879.0,4095.0,4095.0,4095.0,3955.0,3.18,9.58,1.74,-0.05,-0.04,-0.1,1.0,hello
3152.0,3615.0,4062.0,2870.0,4095.0,4095.0,4095.0,3961.0,2.7,9.58,2.02,-0.04,-0.03,-0.09,1.0,hello
3147.0,3623.0,4070.0,2875.0,4095.0,4095.0,4095.0,3963.0,2.95,9.57,1.8,-0.01,-0.0,-0.04,1.0,hello
3150.0,3631.0,4042.0,2877.0,4095.0,4095.0,4095.0,4009.0,2.77,9.63,1.81,-0.05,0.03,-0.02,1.0,hello
3146.0,3630.0,4061.0,2874.0,4095.0,4095.0,4095.0,3983.0,2.87,9.59,1.72,-0.06,0.03,-0.02,1.0,hello
3151.0,3629.0,4063.0,2867.0,4095.0,4095.0,4095.0,3986.0,3.07,9.56,2.09,-0.05,-0.01,-0.01,1.0,hello
3158.0,3614.0,4057.0,2870.0,4095.0,4095.0,4095.0,3990.0,2.95,9.55,1.72,-0.04,0.05,-0.01,1.0,hello
3220.0,3472.0,3723.0,2768.0,4095.0,4095.0,4095.0,3990.0,7.73,6.52,-0.69,-0.07,-0.03,-0.06,1.0,hello
3241.0,3455.0,3714.0,2746.0,4095.0,4095.0,4095.0,4038.0,8.31,6.3,-1.07,-0.06,-0.07,-0.11,1.0,hello
3219.0,3470.0,3738.0,2703.0,4095.0,4095.0,4095.0,3414.0,16.58,6.48,-7.26,-0.46,-0.61,-1.25,1.0,hello
3247.0,3483.0,3760.0,2754.0,4095.0,4095.0,4095.0,3824.0,3.03,3.67,3.62,-1.94,0.59,-3.11,1.0,hello
3244.0,3485.0,3744.0,2852.0,4095.0,4095.0,4095.0,4095.0,-2.54,9.14,3.37,-0.38,-0.07,-0.71,1.0,hello
3248.0,3484.0,3783.0,2853.0,4095.0,4095.0,4095.0,4095.0,3.31,9.99,1.15,-0.11,0.14,-0.1,1.0,hello
3256.0,3482.0,3788.0,2855.0,4095.0,4095.0,4095.0,4095.0,2.85,9.45,1.5,-0.12,0.08,-0.1,1.0,hello
3229.0,3489.0,3778.0,2861.0,4095.0,4095.0,4095.0,4095.0,3.39,9.62,1.39,-0.04,-0.02,-0.09,1.0,hello
3252.0,3471.0,3782.0,2865.0,4095.0,4095.0,4095.0,4095.0,3.11,9.62,0.99,-0.08,-0.04,-0.03,1.0,hello
3241.0,3472.0,3786.0,2861.0,4095.0,4095.0,4095.0,4095.0,3.13,9.57,1.18,-0.08,0.02,-0.03,1.0,hello
3255.0,3483.0,3794.0,2866.0,4095.0,4095.0,4095.0,4095.0,2.96,9.57,1.27,-0.09,0.0,0.0,1.0,hello
3239.0,3498.0,3778.0,2864.0,4095.0,4095.0,4095.0,4095.0,3.31,9.5,1.22,-0.05,-0.05,-0.0,1.0,hello
3234.0,3487.0,3805.0,2871.0,4095.0,4095.0,4095.0,4095.0,3.32,9.54,1.13,-0.06,-0.02,0.0,1.0,hello
3242.0,3483.0,3793.0,2867.0,4095.0,4095.0,4095.0,4095.0,3.35,9.57,1.26,-0.08,-0.02,-0.01,1.0,hello
3242.0,3489.0,3777.0,2870.0,4095.0,4095.0,4095.0,4095.0,3.25,9.52,1.12,-0.04,-0.06,-0.03,1.0,hello
3236.0,3493.0,3818.0,2864.0,4095.0,4095.0,4095.0,4095.0,3.3,9.55,1.14,-0.03,-0.07,-0.04,1.0,hello
3251.0,3475.0,3801.0,2871.0,4095.0,4095.0,4095.0,4095.0,3.16,9.5,1.13,-0.02,0.03,-0.02,1.0,hello
3231.0,3477.0,3791.0,2864.0,4095.0,4095.0,4095.0,4095.0,3.41,9.62,0.99,-0.05,0.1,-0.06,1.0,hello
3246.0,3499.0,3792.0,2864.0,4095.0,4095.0,4095.0,4095.0,3.11,9.56,1.18,-0.08,0.03,-0.03,1.0,hello
3247.0,3495.0,3825.0,2864.0,4095.0,4095.0,4095.0,4095.0,3.28,9.55,1.37,-0.07,-0.03,0.01,1.0,hello
3358.0,3478.0,4007.0,2787.0,4095.0,4095.0,4095.0,4095.0,7.68,6.62,-0.8,-0.06,0.0,-0.03,1.0,hello
3350.0,3472.0,3971.0,2799.0,4095.0,4095.0,4095.0,4095.0,7.69,6.52,-0.78,-0.05,0.0,-0.04,1.0,hello
3351.0,3475.0,3983.0,2797.0,4095.0,4095.0,4095.0,4055.0,9.04,6.18,-1.58,-0.06,0.1,-0.19,1.0,hello
3344.0,3463.0,4010.0,2731.0,4095.0,4095.0,4095.0,3605.0,18.42,6.19,-7.13,-0.89,-0.62,-1.85,1.0,hello
3366.0,3487.0,3984.0,2832.0,4095.0,4095.0,4095.0,4053.0,-2.89,3.34,5.29,-2.12,0.61,-2.83,1.0,hello
3353.0,3497.0,3971.0,2879.0,4095.0,4095.0,4095.0,4095.0,-1.81,9.03,4.54,-0.54,-0.43,-0.59,1.0,hello
3369.0,3491.0,3955.0,2889.0,4095.0,4095.0,4095.0,4095.0,2.28,9.87,2.28,-0.03,0.01,-0.02,1.0,hello
3351.0,3506.0,3971.0,2898.0,4095.0,4095.0,4095.0,4095.0,2.78,9.42,2.04,-0.02,0.06,-0.04,1.0,hello
3351.0,3504.0,3984.0,2894.0,4095.0,4095.0,4095.0,4095.0,2.7,9.55,1.83,-0.02,0.03,-0.05,1.0,hello
3353.0,3480.0,3986.0,2904.0,4095.0,4095.0,4095.0,4095.0,2.82,9.57,1.6,-0.05,0.01,-0.04,1.0,hello
3353.0,3501.0,3984.0,2882.0,4095.0,4095.0,4095.0,4095.0,2.95,9.68,1.63,-0.14,0.01,-0.01,1.0,hello
3353.0,3491.0,4002.0,2894.0,4095.0,4095.0,4095.0,4095.0,2.71,9.52,1.97,-0.05,0.02,-0.01,1.0,hello
3349.0,3497.0,3956.0,2887.0,4095.0,4095.0,4095.0,4095.0,2.98,9.63,1.72,-0.04,-0.01,-0.02,1.0,hello
3373.0,3479.0,3981.0,2894.0,4095.0,4095.0,4095.0,4095.0,2.91,9.54,1.73,-0.06,-0.03,-0.02,1.0,hello
3340.0,3495.0,3990.0,2891.0,4095.0,4095.0,4095.0,4095.0,2.97,9.57,1.96,-0.05,-0.01,-0.0,1.0,hello
3360.0,3507.0,3986.0,2893.0,4095.0,4095.0,4095.0,4095.0,3.05,9.56,1.85,-0.06,-0.04,0.02,1.0,hello
3350.0,3485.0,4003.0,2893.0,4095.0,4095.0,4095.0,4095.0,2.96,9.48,1.87,-0.04,-0.06,-0.04,1.0,hello
3342.0,3491.0,3969.0,2899.0,4095.0,4095.0,4095.0,4095.0,3.12,9.53,1.73,-0.07,-0.07,-0.01,1.0,hello
3366.0,3486.0,3961.0,2909.0,4095.0,4095.0,4095.0,4095.0,2.94,9.46,1.8,-0.1,-0.07,-0.02,1.0,hello
3345.0,3498.0,3962.0,2907.0,4095.0,4095.0,4095.0,4095.0,3.06,9.52,1.83,-0.09,-0.05,-0.03,1.0,hello
3362.0,3515.0,3925.0,2844.0,4095.0,4095.0,4095.0,4095.0,7.5,6.57,-0.37,-0.04,-0.02,-0.05,1.0,hello
3370.0,3491.0,3923.0,2860.0,4095.0,4095.0,4095.0,4095.0,7.75,6.56,-0.45,-0.05,-0.07,-0.05,1.0,hello
3376.0,3504.0,3941.0,2830.0,4095.0,4095.0,4095.0,4079.0,11.34,6.45,-2.38,-0.08,-0.01,-0.32,1.0,hello
3367.0,3501.0,4032.0,2777.0,4095.0,4095.0,4095.0,3421.0,18.47,5.82,-7.8,-2.27,-0.8,-3.25,1.0,hello
3392.0,3530.0,3983.0,2931.0,4095.0,4095.0,4095.0,4019.0,-12.22,2.97,11.01,-1.14,0.33,-1.78,1.0,hello
3361.0,3520.0,3996.0,2938.0,4095.0,4095.0,4095.0,4095.0,1.84,10.62,2.31,0.27,0.13,0.12,1.0,hello
3375.0,3521.0,4031.0,2930.0,4095.0,4095.0,4095.0,4095.0,3.46,9.54,2.39,-0.06,-0.09,0.0,1.0,hello
3357.0,3520.0,4001.0,2943.0,4095.0,4095.0,4095.0,4095.0,2.54,9.32,2.63,-0.05,-0.05,-0.04,1.0,hello
3357.0,3520.0,4004.0,2939.0,4095.0,4095.0,4095.0,4095.0,3.27,9.56,2.71,0.02,-0.14,-0.01,1.0,hello
3351.0,3507.0,4015.0,2934.0,4095.0,4095.0,4095.0,4095.0,2.83,9.44,2.26,-0.01,-0.05,-0.06,1.0,hello
3361.0,3520.0,4016.0,2946.0,4095.0,4095.0,4095.0,4095.0,3.13,9.43,2.43,-0.01,-0.08,0.02,1.0,hello
3358.0,3504.0,4003.0,2948.0,4095.0,4095.0,4095.0,4095.0,3.03,9.44,2.17,-0.02,-0.0,-0.04,1.0,hello
3357.0,3525.0,4016.0,2943.0,4095.0,4095.0,4095.0,4095.0,2.98,9.45,2.29,0.01,-0.05,-0.01,1.0,hello
3339.0,3514.0,4012.0,2944.0,4095.0,4095.0,4095.0,4095.0,3.03,9.51,2.0,-0.02,-0.02,-0.03,1.0,hello
3360.0,3511.0,4016.0,2944.0,4095.0,4095.0,4095.0,4095.0,3.06,9.53,2.01,-0.03,0.05,-0.02,1.0,hello
3356.0,3519.0,4016.0,2943.0,4095.0,4095.0,4095.0,4095.0,3.16,9.46,2.11,-0.04,0.07,-0.01,1.0,hello
3349.0,3498.0,4041.0,2946.0,4095.0,4095.0,4095.0,4095.0,3.17,9.41,2.07,-0.05,0.05,-0.05,1.0,hello
3349.0,3536.0,4023.0,2941.0,4095.0,4095.0,4095.0,4095.0,3.03,9.51,2.0,-0.03,0.01,-0.04,1.0,hello
3344.0,3507.0,4014.0,2932.0,4095.0,4095.0,4095.0,4095.0,3.18,9.53,2.15,-0.07,-0.01,-0.05,1.0,hello
3361.0,3508.0,4016.0,2908.0,4095.0,4095.0,4095.0,4095.0,2.86,9.51,1.94,-0.04,-0.01,-0.05,1.0,hello
3335.0,3482.0,3993.0,2703.0,4095.0,4095.0,4095.0,4095.0,7.73,6.37,-0.67,-0.07,0.04,-0.05,1.0,hello
3329.0,3487.0,3998.0,2704.0,4095.0,4095.0,4095.0,4095.0,7.78,6.35,-0.68,-0.07,0.06,-0.05,1.0,hello
3344.0,3494.0,3995.0,2698.0,4095.0,4095.0,4095.0,4095.0,7.78,6.45,-0.66,-0.08,0.04,-0.03,1.0,hello
3325.0,3490.0,3993.0,2704.0,4095.0,4095.0,4095.0,4095.0,8.96,6.01,-1.71,-0.09,0.02,0.02,1.0,hello
3323.0,3484.0,4022.0,2672.0,4095.0,4095.0,4095.0,4095.0,17.25,5.99,-7.18,-1.86,-0.63,-1.89,1.0,hello
3346.0,3505.0,4016.0,2721.0,4095.0,4095.0,4095.0,4095.0,-3.51,3.46,5.09,-1.85,2.2,-2.77,1.0,hello
3329.0,3520.0,4049.0,2782.0,4095.0,4095.0,4095.0,4095.0,-0.9,9.29,3.82,-0.27,-0.1,-0.56,1.0,hello
3327.0,3507.0,4023.0,2800.0,4095.0,4095.0,4095.0,4095.0,3.87,9.82,2.66,-0.06,-0.1,-0.02,1.0,hello
3334.0,3507.0,4051.0,2803.0,4095.0,4095.0,4095.0,4095.0,3.25,9.21,2.62,0.01,-0.0,-0.1,1.0,hello
3319.0,3519.0,4037.0,2799.0,4095.0,4095.0,4095.0,4095.0,3.36,9.4,2.15,-0.02,-0.02,-0.0,1.0,hello
3333.0,3505.0,4029.0,2801.0,4095.0,4095.0,4095.0,4095.0,3.34,9.38,2.35,-0.04,0.03,-0.04,1.0,hello
3335.0,3531.0,4045.0,2815.0,4095.0,4095.0,4095.0,4095.0,3.11,9.34,1.96,-0.04,0.14,-0.02,1.0,hello
3325.0,3495.0,4030.0,2812.0,4095.0,4095.0,4095.0,4095.0,3.43,9.26,2.37,-0.06,0.03,-0.01,1.0,hello
3328.0,3484.0,4014.0,2815.0,4095.0,4095.0,4095.0,4095.0,3.3,9.32,2.13,-0.09,0.06,-0.01,1.0,hello
3331.0,3501.0,4031.0,2810.0,4095.0,4095.0,4095.0,4095.0,3.34,9.29,2.42,-0.09,0.03,-0.03,1.0,hello
3343.0,3504.0,4059.0,2822.0,4095.0,4095.0,4095.0,4095.0,3.43,9.36,2.45,-0.06,-0.0,-0.04,1.0,hello
3327.0,3517.0,4037.0,2817.0,4095.0,4095.0,4095.0,4095.0,3.19,9.23,2.29,-0.05,0.03,-0.05,1.0,hello
3333.0,3511.0,4029.0,2831.0,4095.0,4095.0,4095.0,4095.0,3.45,9.34,2.23,-0.06,-0.0,-0.02,1.0,hello
3327.0,3504.0,4033.0,2833.0,4095.0,4095.0,4095.0,4095.0,3.48,9.32,2.27,-0.07,0.01,-0.04,1.0,hello
3342.0,3504.0,4027.0,2829.0,4095.0,4095.0,4095.0,4095.0,3.38,9.31,2.26,-0.06,0.01,-0.03,1.0,hello
3205.0,3486.0,3979.0,2759.0,4095.0,4095.0,4095.0,4095.0,7.85,6.6,-0.2,-0.05,-0.07,-0.04,1.0,hello
3197.0,3485.0,3979.0,2768.0,4095.0,4095.0,4095.0,4095.0,7.74,6.55,-0.33,-0.04,-0.03,-0.05,1.0,hello
3205.0,3485.0,3983.0,2770.0,4095.0,4095.0,4095.0,4095.0,7.84,6.56,-0.51,-0.05,-0.06,-0.06,1.0,hello
3194.0,3481.0,3991.0,2737.0,4095.0,4095.0,4095.0,3657.0,13.07,6.85,-5.17,-0.34,-0.74,-0.54,1.0,hello
3187.0,3508.0,4006.0,2739.0,4095.0,4095.0,4095.0,3603.0,11.96,4.71,-3.54,-2.69,-0.29,-3.03,1.0,hello
3232.0,3515.0,4007.0,2803.0,4095.0,4095.0,4095.0,4010.0,-8.32,4.11,12.45,-1.51,-0.01,-1.45,1.0,hello
3221.0,3494.0,3995.0,2837.0,4095.0,4095.0,4095.0,4095.0,4.09,10.69,1.08,0.08,-0.21,-0.14,1.0,hello
3198.0,3513.0,3988.0,2854.0,4095.0,4095.0,4095.0,4095.0,4.25,9.18,2.7,-0.13,-0.11,-0.12,1.0,hello
3205.0,3502.0,4013.0,2845.0,4095.0,4095.0,4095.0,4095.0,3.03,9.15,2.51,-0.04,-0.03,-0.07,1.0,hello
3196.0,3498.0,4002.0,2855.0,4095.0,4095.0,4095.0,4095.0,3.6,9.39,2.45,0.03,-0.05,-0.01,1.0,hello
3214.0,3494.0,4010.0,2859.0,4095.0,4095.0,4095.0,4095.0,3.44,9.18,2.25,-0.1,-0.05,-0.0,1.0,hello
3215.0,3502.0,4003.0,2855.0,4095.0,4095.0,4095.0,4095.0,3.68,9.12,2.42,-0.06,-0.04,-0.01,1.0,hello
3201.0,3505.0,3999.0,2854.0,4095.0,4095.0,4095.0,4095.0,3.7,9.07,2.44,-0.06,-0.06,-0.03,1.0,hello
3194.0,3504.0,3993.0,2857.0,4095.0,4095.0,4095.0,4095.0,3.47,9.17,2.15,-0.0,0.03,-0.01,1.0,hello
3193.0,3494.0,4005.0,2866.0,4095.0,4095.0,4095.0,4095.0,3.51,9.22,2.36,-0.04,-0.02,-0.03,1.0,hello
3209.0,3516.0,3984.0,2864.0,4095.0,4095.0,4095.0,4095.0,3.76,9.18,2.45,-0.07,0.08,-0.02,1.0,hello
3201.0,3504.0,3983.0,2864.0,4095.0,4095.0,4095.0,4095.0,3.62,9.17,2.38,-0.03,0.03,0.0,1.0,hello
3204.0,3492.0,3984.0,2864.0,4095.0,4095.0,4095.0,4095.0,3.81,9.23,2.25,-0.01,0.0,-0.03,1.0,hello
3194.0,3514.0,4007.0,2863.0,4095.0,4095.0,4095.0,4095.0,3.66,9.14,2.3,-0.06,0.01,-0.04,1.0,hello
3197.0,3495.0,3995.0,2861.0,4095.0,4095.0,4095.0,4095.0,3.76,9.12,2.18,-0.03,-0.08,-0.01,1.0,hello
3411.0,3486.0,3979.0,2711.0,4095.0,4095.0,4095.0,3309.0,7.52,6.67,-1.1,-0.08,0.09,-0.02,1.0,hello
3389.0,3508.0,3966.0,2736.0,4095.0,4095.0,4095.0,3301.0,7.52,6.69,-1.07,-0.07,-0.0,-0.05,1.0,hello
3401.0,3504.0,3971.0,2747.0,4095.0,4095.0,4095.0,3331.0,7.94,6.56,-1.16,-0.1,0.01,-0.09,1.0,hello
3403.0,3493.0,3974.0,2733.0,4095.0,4095.0,4095.0,2853.0,14.21,6.64,-5.38,-0.22,-0.11,-1.06,1.0,hello
3423.0,3492.0,3984.0,2745.0,4095.0,4095.0,4095.0,3378.0,5.01,4.03,-0.57,-3.11,-0.15,-3.17,1.0,hello
3435.0,3497.0,3985.0,2782.0,4095.0,4095.0,4095.0,3620.0,-2.94,8.15,6.17,-0.63,-0.63,-0.76,1.0,hello
3403.0,3494.0,3979.0,2810.0,4095.0,4095.0,4095.0,3679.0,2.82,9.67,2.62,-0.04,-0.11,-0.02,1.0,hello
3398.0,3487.0,3983.0,2817.0,4095.0,4095.0,4095.0,3632.0,3.63,9.32,1.83,0.06,0.07,-0.07,1.0,hello
3405.0,3492.0,3971.0,2823.0,4095.0,4095.0,4095.0,3696.0,3.71,9.42,1.89,-0.04,-0.07,-0.04,1.0,hello
3408.0,3489.0,3981.0,2827.0,4095.0,4095.0,4095.0,3705.0,3.52,9.48,1.62,-0.07,0.07,-0.04,1.0,hello
3410.0,3502.0,3978.0,2831.0,4095.0,4095.0,4095.0,3733.0,3.52,9.39,1.91,-0.07,-0.08,0.0,1.0,hello
3418.0,3486.0,3976.0,2833.0,4095.0,4095.0,4095.0,3729.0,3.62,9.38,1.76,-0.08,-0.06,-0.0,1.0,hello
3408.0,3486.0,3988.0,2829.0,4095.0,4095.0,4095.0,3744.0,3.51,9.38,1.83,-0.06,-0.09,-0.02,1.0,hello
3408.0,3507.0,3984.0,2843.0,4095.0,4095.0,4095.0,3748.0,3.45,9.3,1.9,-0.05,-0.1,-0.04,1.0,hello
3413.0,3493.0,3972.0,2849.0,4095.0,4095.0,4095.0,3755.0,3.65,9.38,1.89,-0.05,-0.09,-0.01,1.0,hello
3393.0,3504.0,3984.0,2849.0,4095.0,4095.0,4095.0,3771.0,3.43,9.29,1.85,-0.04,-0.02,-0.05,1.0,hello
3395.0,3487.0,3993.0,2838.0,4095.0,4095.0,4095.0,3769.0,3.46,9.35,1.85,-0.03,-0.02,-0.02,1.0,hello
3402.0,3472.0,3979.0,2839.0,4095.0,4095.0,4095.0,3769.0,3.58,9.36,1.72,-0.08,-0.01,-0.03,1.0,hello
3406.0,3491.0,4005.0,2847.0,4095.0,4095.0,4095.0,3759.0,3.74,9.38,1.68,-0.08,0.04,-0.02,1.0,hello
3408.0,3481.0,3993.0,2846.0,4095.0,4095.0,4095.0,3750.0,3.63,9.37,1.91,-0.12,0.03,-0.0,1.0,hello
3401.0,3377.0,3927.0,2781.0,4095.0,4095.0,4095.0,3886.0,7.49,6.84,-1.21,-0.1,0.01,-0.02,1.0,hello
3419.0,3377.0,3925.0,2787.0,4095.0,4095.0,4095.0,3875.0,7.37,6.87,-1.37,-0.08,-0.03,-0.02,1.0,hello
3407.0,3369.0,3920.0,2791.0,4095.0,4095.0,4095.0,3895.0,7.4,6.84,-1.29,-0.07,-0.01,-0.03,1.0,hello
3393.0,3378.0,3922.0,2798.0,4095.0,4095.0,4095.0,3935.0,8.09,6.61,-1.82,-0.06,0.13,-0.1,1.0,hello
3377.0,3380.0,3923.0,2747.0,4095.0,4095.0,4095.0,3297.0,16.64,6.33,-8.33,-1.25,-0.19,-1.53,1.0,hello
3376.0,3381.0,3923.0,2815.0,4095.0,4095.0,4095.0,3822.0,2.46,4.55,1.52,-2.38,1.13,-3.39,1.0,hello
3401.0,3398.0,3923.0,2867.0,4095.0,4095.0,4095.0,4059.0,-7.69,5.72,9.14,-0.94,0.16,-0.95,1.0,hello
3381.0,3392.0,3942.0,2880.0,4095.0,4095.0,4095.0,4095.0,1.89,9.82,3.35,-0.02,0.14,0.04,1.0,hello
3395.0,3409.0,3942.0,2884.0,4095.0,4095.0,4095.0,4083.0,2.09,9.58,2.42,0.03,0.06,-0.09,1.0,hello
3378.0,3402.0,3955.0,2877.0,4095.0,4095.0,4095.0,4030.0,2.47,9.58,2.42,0.03,-0.05,0.0,1.0,hello
3399.0,3397.0,3942.0,2882.0,4095.0,4095.0,4095.0,4047.0,2.14,9.74,2.04,-0.04,0.1,0.04,1.0,hello
3399.0,3392.0,3950.0,2881.0,4095.0,4095.0,4095.0,4064.0,2.14,9.77,1.91,-0.0,0.09,0.06,1.0,hello
3370.0,3390.0,3968.0,2887.0,4095.0,4095.0,4095.0,4095.0,2.65,9.56,2.05,-0.06,-0.01,0.08,1.0,hello
3372.0,3397.0,3952.0,2893.0,4095.0,4095.0,4095.0,4095.0,2.92,9.69,2.2,-0.09,0.03,-0.0,1.0,hello
3376.0,3404.0,3946.0,2897.0,4095.0,4095.0,4095.0,4095.0,2.57,9.62,2.17,-0.08,-0.01,-0.02,1.0,hello
3379.0,3395.0,3927.0,2896.0,4095.0,4095.0,4095.0,4095.0,2.59,9.62,1.94,-0.03,0.02,-0.06,1.0,hello
3376.0,3397.0,3952.0,2893.0,4095.0,4095.0,4095.0,4095.0,2.58,9.63,2.08,-0.09,0.01,-0.01,1.0,hello
3378.0,3399.0,3936.0,2891.0,4095.0,4095.0,4095.0,4095.0,2.69,9.58,2.14,-0.04,0.0,-0.03,1.0,hello
3376.0,3401.0,3946.0,2894.0,4095.0,4095.0,4095.0,4095.0,2.53,9.62,2.23,-0.05,-0.04,-0.02,1.0,hello
3376.0,3394.0,3934.0,2899.0,4095.0,4095.0,4095.0,4095.0,2.56,9.68,1.91,-0.06,0.03,-0.03,1.0,hello
3393.0,3531.0,4095.0,2559.0,4095.0,4095.0,4095.0,2765.0,7.66,6.29,2.5,-0.1,-0.07,0.03,1.0,hello
3397.0,3543.0,4095.0,2559.0,4095.0,4095.0,4095.0,2813.0,7.83,6.04,2.34,-0.06,-0.05,0.01,1.0,hello
3409.0,3534.0,4095.0,2559.0,4095.0,4095.0,4095.0,2827.0,7.55,6.26,2.12,-0.01,-0.04,-0.05,1.0,hello
3424.0,3506.0,4095.0,2559.0,4095.0,4095.0,4095.0,2849.0,7.87,6.3,2.22,-0.05,-0.09,-0.04,1.0,hello
3380.0,3523.0,4095.0,2544.0,4095.0,4095.0,4095.0,2383.0,16.28,6.25,-2.29,-0.07,0.39,-0.4,1.0,hello
3376.0,3520.0,4095.0,2530.0,4095.0,4095.0,4095.0,2384.0,4.55,-0.13,4.68,-2.8,2.32,-4.2,1.0,hello
3376.0,3531.0,4095.0,2637.0,4095.0,4095.0,4095.0,2714.0,-3.19,8.44,7.46,-0.18,0.15,-0.66,1.0,hello
3362.0,3528.0,4095.0,2623.0,4095.0,4095.0,4095.0,2690.0,3.47,9.03,4.08,0.15,0.14,-0.07,1.0,hello
3367.0,3523.0,4095.0,2631.0,4095.0,4095.0,4095.0,2843.0,4.28,8.74,3.96,-0.08,-0.34,-0.12,1.0,hello
3367.0,3499.0,4095.0,2613.0,4095.0,4095.0,4095.0,2937.0,3.4,8.4,4.22,-0.06,-0.21,-0.15,1.0,hello
3359.0,3513.0,4095.0,2623.0,4095.0,4095.0,4095.0,2994.0,3.23,8.89,3.79,-0.05,-0.42,-0.1,1.0,hello
3354.0,3519.0,4095.0,2625.0,4095.0,4095.0,4095.0,3023.0,3.17,8.66,4.16,-0.08,0.16,-0.02,1.0,hello
3351.0,3524.0,4095.0,2621.0,4095.0,4095.0,4095.0,2994.0,3.38,8.7,4.1,-0.05,0.05,0.02,1.0,hello
3353.0,3515.0,4095.0,2624.0,4095.0,4095.0,4095.0,3056.0,3.77,8.8,4.06,-0.04,0.01,0.02,1.0,hello
3345.0,3536.0,4095.0,2626.0,4095.0,4095.0,4095.0,2993.0,3.64,8.62,3.9,-0.07,-0.01,-0.0,1.0,hello
3343.0,3531.0,4095.0,2629.0,4095.0,4095.0,4095.0,2965.0,3.62,8.61,3.93,-0.08,-0.01,-0.0,1.0,hello
3346.0,3530.0,4095.0,2626.0,4095.0,4095.0,4095.0,2990.0,3.7,8.67,3.99,-0.02,-0.02,-0.03,1.0,hello
3362.0,3507.0,4095.0,2624.0,4095.0,4095.0,4095.0,3022.0,3.68,8.63,3.86,-0.04,0.01,-0.05,1.0,hello
3362.0,3525.0,4095.0,2631.0,4095.0,4095.0,4095.0,3024.0,3.44,8.71,3.99,-0.08,0.06,-0.02,1.0,hello
3355.0,3509.0,4095.0,2645.0,4095.0,4095.0,4095.0,2944.0,3.68,8.6,3.99,-0.09,-0.14,-0.03,1.0,hello
3380.0,3492.0,4095.0,2670.0,4095.0,4095.0,4095.0,3297.0,7.94,6.32,1.09,-0.08,0.01,0.0,1.0,hello
3361.0,3486.0,4095.0,2681.0,4095.0,4095.0,4095.0,3311.0,8.08,6.44,0.78,-0.01,-0.19,-0.06,1.0,hello
3351.0,3482.0,4095.0,2679.0,4095.0,4095.0,4095.0,3374.0,7.76,6.27,1.11,-0.08,-0.03,-0.01,1.0,hello
3360.0,3487.0,4095.0,2691.0,4095.0,4095.0,4095.0,3388.0,7.76,6.36,1.01,-0.07,0.02,-0.03,1.0,hello
3367.0,3491.0,4095.0,2698.0,4095.0,4095.0,4095.0,3396.0,7.91,6.41,0.88,-0.04,0.02,-0.05,1.0,hello
3361.0,3482.0,4095.0,2707.0,4095.0,4095.0,4095.0,3403.0,7.94,6.48,0.93,-0.01,-0.08,-0.04,1.0,hello
3379.0,3475.0,4095.0,2717.0,4095.0,4095.0,4095.0,3358.0,7.83,6.33,0.84,-0.02,-0.04,-0.03,1.0,hello
3377.0,3477.0,4095.0,2722.0,4095.0,4095.0,4095.0,3219.0,8.26,6.01,0.71,-0.1,0.14,-0.06,1.0,hello
3353.0,3472.0,4095.0,2653.0,4095.0,4095.0,4095.0,2074.0,21.54,7.38,-10.83,-0.73,-0.9,-1.92,1.0,hello
3359.0,3484.0,4095.0,2787.0,4095.0,4095.0,4095.0,2532.0,-9.36,2.21,13.14,-0.03,2.16,-1.75,1.0,hello
3354.0,3493.0,4095.0,2790.0,4095.0,4095.0,4095.0,2681.0,1.41,9.11,4.0,-0.03,0.33,-0.29,1.0,hello
3330.0,3493.0,4095.0,2786.0,4095.0,4095.0,4095.0,2992.0,4.67,8.92,3.12,-0.07,-0.14,-0.01,1.0,hello
3338.0,3494.0,4095.0,2791.0,4095.0,4095.0,4095.0,3011.0,3.85,8.57,3.17,-0.08,0.07,-0.01,1.0,hello
3329.0,3495.0,4095.0,2790.0,4095.0,4095.0,4095.0,3025.0,4.44,9.01,2.8,-0.07,-0.01,-0.03,1.0,hello
3331.0,3483.0,4095.0,2782.0,4095.0,4095.0,4095.0,3037.0,3.87,8.64,3.44,-0.12,-0.0,-0.13,1.0,hello
3338.0,3478.0,4095.0,2812.0,4095.0,4095.0,4095.0,3601.0,3.66,8.79,3.04,-0.07,0.17,0.01,1.0,hello
3335.0,3491.0,4095.0,2795.0,4095.0,4095.0,4095.0,3639.0,3.99,8.73,3.31,-0.09,0.04,0.06,1.0,hello
3328.0,3488.0,4095.0,2800.0,4095.0,4095.0,4095.0,3658.0,4.23,8.77,2.9,-0.06,0.07,-0.04,1.0,hello
3314.0,3482.0,4095.0,2797.0,4095.0,4095.0,4095.0,3716.0,4.18,8.75,3.19,-0.07,0.02,-0.04,1.0,hello
3346.0,3467.0,4095.0,2794.0,4095.0,4095.0,4095.0,3719.0,4.19,8.8,3.06,-0.05,0.03,-0.04,1.0,hello
3387.0,3157.0,3728.0,2802.0,4095.0,4095.0,4095.0,3530.0,7.84,6.19,0.69,-0.08,0.03,-0.02,1.0,hello
3381.0,3152.0,3737.0,2816.0,4095.0,4095.0,4095.0,3567.0,7.93,6.23,0.6,-0.05,-0.05,-0.05,1.0,hello
3386.0,3149.0,3754.0,2823.0,4095.0,4095.0,4095.0,3600.0,7.98,6.23,0.71,-0.06,-0.02,-0.05,1.0,hello
3405.0,3143.0,3759.0,2843.0,4095.0,4095.0,4095.0,3546.0,8.03,6.34,0.69,-0.05,0.0,-0.07,1.0,hello
3391.0,3152.0,3760.0,2844.0,4095.0,4095.0,4095.0,3550.0,7.88,6.27,0.65,-0.07,-0.02,-0.05,1.0,hello
3383.0,3151.0,3762.0,2844.0,4095.0,4095.0,4095.0,3553.0,7.88,6.51,0.63,-0.06,0.22,-0.05,1.0,hello
3376.0,3152.0,3758.0,2851.0,4095.0,4095.0,4095.0,3619.0,8.15,6.25,0.72,-0.03,-0.05,-0.04,1.0,hello
3378.0,3145.0,3778.0,2830.0,4095.0,4095.0,4095.0,3518.0,13.45,6.46,-2.37,-0.07,0.35,-0.3,1.0,hello
3358.0,3152.0,3786.0,2800.0,4095.0,4095.0,4095.0,3418.0,16.23,4.38,-1.29,-1.64,-0.28,-3.6,1.0,hello
3389.0,3171.0,3819.0,2839.0,4095.0,4095.0,4095.0,3724.0,-7.96,5.37,7.51,-1.16,-0.83,-1.86,1.0,hello
3380.0,3158.0,3793.0,2859.0,4095.0,4095.0,4095.0,3712.0,1.89,9.02,5.02,-0.28,-0.22,0.02,1.0,hello
3374.0,3153.0,3833.0,2870.0,4095.0,4095.0,4095.0,3779.0,4.24,9.38,3.45,-0.01,-0.09,0.03,1.0,hello
3381.0,3170.0,3827.0,2871.0,4095.0,4095.0,4095.0,3830.0,3.64,8.52,3.24,-0.02,-0.04,-0.05,1.0,hello
3377.0,3172.0,3830.0,2881.0,4095.0,4095.0,4095.0,3844.0,3.63,9.02,2.95,-0.02,-0.03,-0.06,1.0,hello
3376.0,3167.0,3843.0,2871.0,4095.0,4095.0,4095.0,3847.0,3.64,9.11,2.77,-0.12,0.0,-0.03,1.0,hello
3376.0,3153.0,3841.0,2874.0,4095.0,4095.0,4095.0,3843.0,3.67,9.16,2.96,-0.07,-0.01,-0.01,1.0,hello
3365.0,3157.0,3846.0,2871.0,4095.0,4095.0,4095.0,3889.0,3.65,8.96,2.98,-0.02,-0.09,-0.04,1.0,hello
3376.0,3153.0,3856.0,2879.0,4095.0,4095.0,4095.0,3865.0,3.57,8.94,2.97,0.01,-0.06,-0.07,1.0,hello
3383.0,3153.0,3827.0,2871.0,4095.0,4095.0,4095.0,3877.0,3.58,9.06,2.72,-0.09,0.09,-0.07,1.0,hello
3388.0,3155.0,3834.0,2882.0,4095.0,4095.0,4095.0,3857.0,3.74,9.21,2.93,-0.06,-0.06,-0.04,1.0,hello
3226.0,3190.0,4022.0,2725.0,4095.0,4095.0,4095.0,3826.0,7.78,6.49,-0.04,-0.05,-0.01,-0.02,1.0,hello
3248.0,3207.0,4035.0,2736.0,4095.0,4095.0,4095.0,3817.0,7.86,6.43,-0.03,-0.03,0.0,-0.06,1.0,hello
3243.0,3188.0,4003.0,2747.0,4095.0,4095.0,4095.0,3837.0,7.87,6.51,-0.04,-0.06,0.04,-0.04,1.0,hello
3233.0,3183.0,4029.0,2736.0,4095.0,4095.0,4095.0,3859.0,7.65,6.41,0.02,-0.1,0.18,-0.03,1.0,hello
3255.0,3185.0,4026.0,2737.0,4095.0,4095.0,4095.0,3888.0,7.97,6.47,0.09,-0.04,-0.02,-0.04,1.0,hello
3237.0,3185.0,4031.0,2720.0,4095.0,4095.0,4095.0,3874.0,8.19,6.42,0.11,-0.08,0.03,-0.03,1.0,hello
3231.0,3199.0,4018.0,2730.0,4095.0,4095.0,4095.0,3842.0,10.68,6.28,-0.88,0.09,0.1,-0.19,1.0,hello
3235.0,3197.0,4045.0,2653.0,4095.0,4095.0,4095.0,3687.0,17.96,5.86,-8.66,-1.67,-0.33,-2.98,1.0,hello
3254.0,3200.0,4032.0,2768.0,4095.0,4095.0,4095.0,3835.0,-9.33,3.52,13.11,-1.17,-1.13,-1.54,1.0,hello
3216.0,3187.0,4038.0,2770.0,4095.0,4095.0,4095.0,4049.0,2.67,9.52,3.53,0.14,0.0,-0.15,1.0,hello
3232.0,3189.0,4029.0,2775.0,4095.0,4095.0,4095.0,4045.0,4.79,8.99,2.53,-0.0,-0.01,-0.05,1.0,hello
3219.0,3205.0,4029.0,2781.0,4095.0,4095.0,4095.0,4059.0,3.75,8.71,2.82,-0.04,-0.04,0.02,1.0,hello
3227.0,3197.0,4023.0,2780.0,4095.0,4095.0,4095.0,4095.0,3.98,8.92,2.76,-0.01,-0.02,0.0,1.0,hello
3232.0,3200.0,4023.0,2779.0,4095.0,4095.0,4095.0,4095.0,4.3,8.96,2.31,-0.02,0.06,-0.01,1.0,hello
3229.0,3203.0,4027.0,2789.0,4095.0,4095.0,4095.0,4083.0,4.63,9.0,2.42,-0.01,-0.02,0.02,1.0,hello
3226.0,3207.0,4039.0,2781.0,4095.0,4095.0,4095.0,4095.0,4.37,8.88,2.4,-0.03,-0.03,-0.02,1.0,hello
3216.0,3197.0,4020.0,2770.0,4095.0,4095.0,4095.0,4051.0,4.33,8.92,2.38,-0.13,0.05,-0.02,1.0,hello
3217.0,3186.0,4027.0,2774.0,4095.0,4095.0,4095.0,4036.0,4.35,8.91,2.69,-0.07,-0.02,-0.03,1.0,hello
3230.0,3200.0,4019.0,2775.0,4095.0,4095.0,4095.0,4091.0,4.04,8.81,2.38,-0.08,0.02,-0.01,1.0,hello
3221.0,3187.0,4045.0,2771.0,4095.0,4095.0,4095.0,4075.0,4.35,8.87,2.46,-0.19,0.02,-0.03,1.0,hello
3452.0,3255.0,4042.0,2801.0,4095.0,4095.0,4095.0,3860.0,8.31,6.0,0.34,-0.08,-0.02,-0.06,1.0,hello
3462.0,3244.0,4051.0,2811.0,4095.0,4095.0,4095.0,3825.0,8.07,6.05,0.14,-0.05,-0.01,-0.06,1.0,hello
3455.0,3249.0,4050.0,2811.0,4095.0,4095.0,4095.0,3767.0,9.95,5.87,-0.87,-0.04,-0.01,-0.14,1.0,hello
3429.0,3251.0,4063.0,2787.0,4095.0,4095.0,4095.0,3522.0,16.72,6.09,-5.73,-1.94,-0.31,-2.34,1.0,hello
3414.0,3259.0,4034.0,2859.0,4095.0,4095.0,4095.0,3888.0,-0.92,3.91,6.39,-1.69,1.0,-2.5,1.0,hello
3425.0,3264.0,4021.0,2891.0,4095.0,4095.0,4095.0,4048.0,-0.0,9.19,3.93,-0.15,0.0,-0.35,1.0,hello
3406.0,3248.0,4023.0,2871.0,4095.0,4095.0,4095.0,4034.0,4.82,9.64,2.14,0.06,-0.2,0.05,1.0,hello
3413.0,3250.0,4016.0,2871.0,4095.0,4095.0,4095.0,4076.0,3.96,9.09,2.38,-0.01,0.01,-0.1,1.0,hello
3429.0,3253.0,4034.0,2881.0,4095.0,4095.0,4095.0,4079.0,3.78,9.22,2.35,0.02,-0.04,-0.13,1.0,hello
3406.0,3265.0,4033.0,2902.0,4095.0,4095.0,4095.0,4095.0,3.54,9.2,2.6,-0.05,0.07,-0.04,1.0,hello
3398.0,3253.0,4045.0,2898.0,4095.0,4095.0,4095.0,4090.0,3.45,9.15,2.27,-0.08,0.17,0.0,1.0,hello
3399.0,3262.0,4032.0,2898.0,4095.0,4095.0,4095.0,4095.0,3.84,9.12,2.24,-0.09,0.14,0.02,1.0,hello
3391.0,3257.0,4020.0,2899.0,4095.0,4095.0,4095.0,4095.0,3.79,9.11,2.17,-0.07,-0.08,0.0,1.0,hello
3412.0,3249.0,4048.0,2899.0,4095.0,4095.0,4095.0,4095.0,4.11,9.18,2.33,-0.09,-0.03,-0.03,1.0,hello
3408.0,3258.0,4039.0,2897.0,4095.0,4095.0,4095.0,4095.0,3.81,9.07,2.39,-0.08,0.05,-0.04,1.0,hello
3408.0,3258.0,4029.0,2896.0,4095.0,4095.0,4095.0,4095.0,3.98,9.1,2.35,-0.08,-0.05,-0.01,1.0,hello
3420.0,3246.0,4046.0,2898.0,4095.0,4095.0,4095.0,4095.0,3.95,9.17,2.19,-0.07,0.02,-0.03,1.0,hello
3407.0,3248.0,4025.0,2896.0,4095.0,4095.0,4095.0,4095.0,3.82,9.11,2.32,-0.08,0.08,-0.01,1.0,hello
3406.0,3255.0,4036.0,2909.0,4095.0,4095.0,4095.0,4095.0,3.92,9.04,2.46,-0.06,-0.08,-0.0,1.0,hello
3407.0,3263.0,4053.0,2913.0,4095.0,4095.0,4095.0,4095.0,3.89,9.17,2.17,-0.05,-0.01,-0.06,1.0,hello
3115.0,3212.0,4095.0,2832.0,4095.0,4095.0,4095.0,3886.0,8.31,6.06,0.55,-0.06,0.13,-0.05,1.0,hello
3109.0,3234.0,4095.0,2845.0,4095.0,4095.0,4095.0,4022.0,8.32,5.91,0.64,-0.08,0.01,-0.04,1.0,hello
3099.0,3238.0,4095.0,2850.0,4095.0,4095.0,4095.0,4051.0,8.1,6.02,0.52,-0.04,-0.01,-0.07,1.0,hello
3109.0,3219.0,4095.0,2847.0,4095.0,4095.0,4095.0,4080.0,8.35,6.1,0.59,-0.04,-0.07,-0.05,1.0,hello
3102.0,3223.0,4095.0,2852.0,4095.0,4095.0,4095.0,4086.0,8.34,6.0,0.52,-0.03,-0.01,-0.08,1.0,hello
3103.0,3238.0,4095.0,2858.0,4095.0,4095.0,4095.0,4090.0,8.11,6.05,0.68,-0.03,-0.08,-0.04,1.0,hello
3111.0,3218.0,4095.0,2850.0,4095.0,4095.0,4095.0,4069.0,8.39,5.89,0.45,-0.07,-0.03,-0.03,1.0,hello
3088.0,3244.0,4095.0,2758.0,4095.0,4095.0,4095.0,3058.0,21.16,5.52,-7.41,-0.76,-0.06,-1.94,1.0,hello
3126.0,3238.0,4095.0,2864.0,4095.0,4095.0,4095.0,3717.0,-6.74,2.6,6.59,-0.91,1.72,-2.95,1.0,hello
3112.0,3264.0,4095.0,2907.0,4095.0,4095.0,4095.0,3856.0,-0.14,9.11,4.34,-0.24,0.22,-0.2,1.0,hello
3119.0,3255.0,4095.0,2896.0,4095.0,4095.0,4095.0,3777.0,4.21,9.53,2.25,-0.04,0.14,-0.03,1.0,hello
3105.0,3264.0,4095.0,2901.0,4095.0,4095.0,4095.0,3765.0,3.8,9.06,2.32,-0.09,0.15,-0.1,1.0,hello
3120.0,3271.0,4095.0,2899.0,4095.0,4095.0,4095.0,3671.0,3.65,9.11,2.93,-0.07,0.01,-0.01,1.0,hello
3120.0,3249.0,4095.0,2901.0,4095.0,4095.0,4095.0,3710.0,3.8,9.16,2.43,-0.07,-0.0,-0.03,1.0,hello
3111.0,3258.0,4095.0,2907.0,4095.0,4095.0,4095.0,3824.0,3.98,9.22,2.49,-0.05,0.0,-0.02,1.0,hello
3113.0,3251.0,4095.0,2907.0,4095.0,4095.0,4095.0,3879.0,3.91,9.11,2.52,-0.07,0.07,-0.02,1.0,hello
3125.0,3247.0,4095.0,2896.0,4095.0,4095.0,4095.0,3920.0,4.06,9.1,2.51,-0.07,0.03,0.0,1.0,hello
3107.0,3259.0,4095.0,2905.0,4095.0,4095.0,4095.0,3968.0,4.05,9.07,2.44,-0.05,-0.03,-0.03,1.0,hello
3104.0,3242.0,4095.0,2880.0,4095.0,4095.0,4095.0,3918.0,3.76,9.18,2.38,-0.05,-0.11,-0.01,1.0,hello
3115.0,3255.0,4095.0,2895.0,4095.0,4095.0,4095.0,3924.0,3.69,9.08,2.45,-0.09,-0.04,-0.01,1.0,hello
2805.0,4095.0,926.0,3088.0,4095.0,4095.0,4095.0,2946.0,-10.67,6.32,8.99,-1.41,2.49,-0.45,1.0,hello
959.0,4095.0,903.0,3015.0,4095.0,4095.0,4095.0,3377.0,7.0,10.66,-0.01,0.18,-0.43,-0.23,1.0,hello
1111.0,4095.0,917.0,3026.0,4095.0,4095.0,4095.0,3439.0,3.59,8.95,0.75,-0.09,-0.22,-0.13,1.0,hello
1232.0,4095.0,911.0,3031.0,4095.0,4095.0,4095.0,3485.0,3.86,9.1,0.62,0.02,-0.15,0.08,1.0,hello
1385.0,4095.0,910.0,3024.0,4095.0,4095.0,4095.0,3474.0,4.3,9.17,0.13,-0.03,0.09,0.1,1.0,hello
1360.0,4095.0,912.0,3010.0,4095.0,4095.0,4095.0,3699.0,4.26,9.0,-0.03,-0.03,0.21,0.04,1.0,hello
999.0,4095.0,912.0,2992.0,4095.0,4095.0,4095.0,3694.0,4.86,9.26,0.21,-0.01,0.04,0.03,1.0,hello
976.0,4095.0,912.0,2989.0,4095.0,4095.0,4095.0,3741.0,4.6,8.98,0.18,-0.04,0.18,-0.09,1.0,hello
973.0,4095.0,914.0,2978.0,4095.0,4095.0,4095.0,3739.0,4.64,9.25,0.43,-0.03,0.02,-0.11,1.0,hello
929.0,4095.0,909.0,2938.0,4095.0,4095.0,4095.0,3731.0,4.35,9.04,0.74,0.02,0.15,-0.12,1.0,hello
910.0,4095.0,909.0,2946.0,4095.0,4095.0,4095.0,3683.0,4.54,9.28,-0.22,0.01,0.02,-0.14,1.0,hello
925.0,4095.0,912.0,2943.0,4095.0,4095.0,4095.0,3919.0,4.12,9.36,0.03,-0.2,-0.15,-0.05,1.0,hello
912.0,4095.0,921.0,2949.0,4095.0,4095.0,4095.0,4029.0,4.37,9.06,0.91,-0.1,0.03,-0.09,1.0,hello
916.0,4095.0,911.0,2949.0,4095.0,4095.0,4095.0,4052.0,4.52,9.13,0.19,-0.04,0.0,-0.07,1.0,hello
930.0,4095.0,931.0,2937.0,4095.0,4095.0,4095.0,4051.0,4.44,9.13,0.54,-0.14,0.02,-0.1,1.0,hello
946.0,4095.0,941.0,2942.0,4095.0,4095.0,4095.0,4017.0,4.46,8.97,0.68,-0.09,0.1,-0.04,1.0,hello
944.0,4095.0,933.0,2951.0,4095.0,4095.0,4095.0,4017.0,3.71,9.21,0.56,-0.08,-0.01,0.07,1.0,hello
955.0,4095.0,941.0,2879.0,4095.0,4095.0,4095.0,3999.0,4.56,8.98,0.8,0.02,0.07,0.03,1.0,hello
951.0,4095.0,932.0,2874.0,4095.0,4095.0,4095.0,4015.0,4.28,9.21,0.04,0.05,0.08,-0.09,1.0,hello
961.0,4095.0,932.0,2888.0,4095.0,4095.0,4095.0,4029.0,4.44,9.2,0.11,-0.07,0.05,-0.07,1.0,hello
895.0,2688.0,903.0,2722.0,4095.0,4095.0,4095.0,3497.0,7.54,6.45,-2.23,-0.05,-0.07,-0.05,1.0,hello
908.0,2736.0,903.0,2751.0,4095.0,4095.0,4095.0,3650.0,7.54,6.45,-2.69,0.04,-0.1,-0.11,1.0,hello
914.0,2896.0,901.0,2768.0,4095.0,4095.0,4095.0,3715.0,7.05,6.53,-2.01,-0.04,-0.08,-0.06,1.0,hello
897.0,2943.0,903.0,2775.0,4095.0,4095.0,4095.0,3623.0,7.15,6.55,-2.59,0.0,-0.12,-0.06,1.0,hello
965.0,3071.0,902.0,2791.0,4095.0,4095.0,4095.0,3620.0,7.75,6.49,-2.89,-0.09,-0.13,-0.07,1.0,hello
894.0,3088.0,902.0,2754.0,4095.0,4095.0,4095.0,2237.0,19.42,6.86,-10.66,-0.54,-0.52,-1.77,1.0,hello
912.0,3127.0,922.0,2781.0,4095.0,4095.0,4095.0,2114.0,-7.16,2.96,4.93,-2.01,1.85,-1.81,1.0,hello
943.0,3141.0,917.0,2834.0,4095.0,4095.0,4095.0,3583.0,2.74,10.34,-0.0,0.06,-0.52,-0.31,1.0,hello
956.0,3130.0,919.0,2845.0,4095.0,4095.0,4095.0,3773.0,3.95,9.56,-0.33,-0.18,0.14,0.01,1.0,hello
961.0,3142.0,915.0,2847.0,4095.0,4095.0,4095.0,3858.0,3.91,9.34,-0.35,-0.1,0.09,0.04,1.0,hello
961.0,3131.0,918.0,2851.0,4095.0,4095.0,4095.0,4095.0,3.72,9.39,-0.58,-0.09,0.08,-0.04,1.0,hello
948.0,3137.0,919.0,2843.0,4095.0,4095.0,4095.0,4095.0,3.76,9.4,-0.24,-0.08,0.03,-0.02,1.0,hello
962.0,3126.0,926.0,2833.0,4095.0,4095.0,4095.0,4095.0,4.02,9.36,-0.34,-0.07,-0.02,0.0,1.0,hello
971.0,3134.0,921.0,2833.0,4095.0,4095.0,4095.0,4095.0,4.02,9.38,-0.12,-0.09,-0.01,-0.06,1.0,hello
969.0,3149.0,922.0,2841.0,4095.0,4095.0,4095.0,4095.0,3.68,9.39,-0.35,-0.13,-0.01,-0.05,1.0,hello
962.0,3157.0,918.0,2832.0,4095.0,4095.0,4095.0,4095.0,4.01,9.38,0.16,-0.1,-0.03,-0.05,1.0,hello
961.0,3170.0,926.0,2850.0,4095.0,4095.0,4095.0,4095.0,3.84,9.37,0.11,-0.05,-0.09,-0.06,1.0,hello
960.0,3163.0,912.0,2841.0,4095.0,4095.0,4095.0,4095.0,3.96,9.38,0.05,-0.03,0.02,-0.02,1.0,hello
976.0,3225.0,921.0,2838.0,4095.0,4095.0,4095.0,4095.0,3.99,9.39,-0.1,-0.04,-0.04,-0.04,1.0,hello
974.0,3282.0,930.0,2834.0,4095.0,4095.0,4095.0,4095.0,3.79,9.36,-0.1,-0.09,0.03,-0.04,1.0,hello
944.0,1201.0,903.0,2806.0,4095.0,4095.0,4095.0,2433.0,7.8,6.16,-1.28,-0.04,0.0,-0.05,1.0,hello
944.0,2080.0,912.0,2834.0,4095.0,4095.0,4095.0,2384.0,7.91,6.05,-1.36,-0.03,-0.05,-0.05,1.0,hello
947.0,2276.0,911.0,2847.0,4095.0,4095.0,4095.0,2390.0,7.74,6.22,-1.52,-0.04,0.03,-0.05,1.0,hello
941.0,2445.0,917.0,2858.0,4095.0,4095.0,4095.0,2383.0,7.9,6.18,-1.51,-0.05,0.0,-0.09,1.0,hello
965.0,2682.0,926.0,2854.0,4095.0,4095.0,4095.0,2471.0,7.99,6.27,-1.26,-0.01,-0.11,-0.13,1.0,hello
976.0,2697.0,931.0,2867.0,4095.0,4095.0,4095.0,2017.0,7.75,6.27,-1.74,-0.02,-0.01,-0.08,1.0,hello
994.0,2965.0,929.0,2809.0,4095.0,4095.0,4095.0,2731.0,12.56,5.16,-4.38,0.38,-0.24,-0.77,1.0,hello
987.0,3386.0,927.0,2844.0,4095.0,4095.0,4095.0,3025.0,7.65,5.53,-2.62,-3.72,-1.19,-3.4,1.0,hello
1034.0,4095.0,922.0,2887.0,4095.0,4095.0,4095.0,3063.0,-2.9,7.32,6.68,-0.07,0.05,-0.19,1.0,hello
1211.0,4095.0,915.0,2879.0,4095.0,4095.0,4095.0,3312.0,5.69,9.53,-0.32,0.06,0.22,0.07,1.0,hello
1206.0,4095.0,925.0,2883.0,4095.0,4095.0,4095.0,3239.0,4.09,9.0,0.41,-0.08,0.01,-0.09,1.0,hello
1270.0,4095.0,925.0,2893.0,4095.0,4095.0,4095.0,3239.0,4.6,9.05,0.67,-0.02,0.03,0.05,1.0,hello
1328.0,4095.0,923.0,2896.0,4095.0,4095.0,4095.0,3232.0,4.44,9.11,0.55,-0.01,0.01,-0.03,1.0,hello
1334.0,4095.0,925.0,2895.0,4095.0,4095.0,4095.0,3292.0,4.62,9.05,0.41,-0.01,-0.08,0.03,1.0,hello
2036.0,4095.0,932.0,2911.0,4095.0,4095.0,4095.0,3179.0,4.59,8.97,0.66,-0.07,-0.09,0.03,1.0,hello
2065.0,4095.0,926.0,2914.0,4095.0,4095.0,4095.0,3213.0,4.73,8.87,0.49,-0.06,-0.01,-0.03,1.0,hello
2069.0,4095.0,921.0,2916.0,4095.0,4095.0,4095.0,3161.0,4.81,9.15,0.16,-0.06,-0.03,-0.02,1.0,hello
2063.0,4095.0,926.0,2903.0,4095.0,4095.0,4095.0,3186.0,4.67,8.94,0.47,-0.13,0.03,-0.04,1.0,hello
2075.0,4095.0,921.0,2918.0,4095.0,4095.0,4095.0,3217.0,4.47,8.95,0.6,-0.06,-0.01,-0.01,1.0,hello
2085.0,4095.0,934.0,2919.0,4095.0,4095.0,4095.0,3185.0,4.64,9.12,0.33,-0.06,0.02,-0.02,1.0,hello
4060.0,4095.0,916.0,2854.0,4095.0,4095.0,4095.0,4095.0,7.93,6.03,-1.98,-0.01,-0.14,-0.17,1.0,hello
3956.0,4095.0,912.0,2866.0,4095.0,4095.0,4095.0,4095.0,7.78,6.15,-2.11,0.0,-0.16,-0.24,1.0,hello
3938.0,4095.0,913.0,2896.0,4095.0,4095.0,4095.0,4095.0,7.48,6.07,-2.31,0.01,-0.15,-0.11,1.0,hello
3921.0,4095.0,912.0,2896.0,4095.0,4095.0,4095.0,4095.0,9.62,5.94,-3.02,-0.11,-0.2,-0.26,1.0,hello
3906.0,4095.0,923.0,2869.0,4095.0,4095.0,4095.0,4095.0,11.28,5.86,-5.89,-1.2,-0.72,-2.41,1.0,hello
4013.0,4095.0,926.0,2907.0,4095.0,4095.0,4095.0,4095.0,-1.75,7.4,2.15,-1.07,-0.17,-0.78,1.0,hello
3965.0,4095.0,926.0,2907.0,4095.0,4095.0,4095.0,4095.0,4.47,9.25,-0.57,-0.09,-0.03,-0.02,1.0,hello
3988.0,4095.0,926.0,2915.0,4095.0,4095.0,4095.0,4095.0,4.6,8.84,-0.74,-0.02,0.07,-0.17,1.0,hello
3966.0,4095.0,928.0,2923.0,4095.0,4095.0,4095.0,4095.0,4.79,8.89,-1.43,0.04,-0.05,-0.12,1.0,hello
3959.0,4095.0,924.0,2916.0,4095.0,4095.0,4095.0,4095.0,4.48,8.9,-1.47,-0.05,-0.02,-0.06,1.0,hello
3952.0,4095.0,924.0,2915.0,4095.0,4095.0,4095.0,4095.0,4.71,8.81,-1.11,-0.02,-0.0,-0.06,1.0,hello
3931.0,4095.0,925.0,2919.0,4095.0,4095.0,4095.0,4095.0,4.56,8.94,-1.33,-0.01,0.04,-0.05,1.0,hello
3925.0,4095.0,926.0,2917.0,4095.0,4095.0,4095.0,4095.0,4.88,8.85,-1.4,-0.08,0.01,-0.02,1.0,hello
3934.0,4095.0,919.0,2915.0,4095.0,4095.0,4095.0,4095.0,4.57,8.78,-1.36,-0.05,0.03,-0.04,1.0,hello
3922.0,4095.0,927.0,2928.0,4095.0,4095.0,4095.0,4095.0,4.46,8.94,-1.05,-0.11,-0.03,0.02,1.0,hello
3963.0,4095.0,929.0,2928.0,4095.0,4095.0,4095.0,4095.0,4.72,9.0,-1.47,-0.04,0.02,0.0,1.0,hello
3936.0,4095.0,931.0,2927.0,4095.0,4095.0,4095.0,4095.0,4.81,8.73,-1.21,-0.04,0.02,-0.03,1.0,hello
3942.0,4095.0,927.0,2931.0,4095.0,4095.0,4095.0,4095.0,4.55,8.73,-1.36,-0.13,0.02,0.01,1.0,hello
3929.0,4095.0,927.0,2926.0,4095.0,4095.0,4095.0,4095.0,5.12,8.9,-1.1,-0.12,-0.06,0.0,1.0,hello
3911.0,4095.0,925.0,2916.0,4095.0,4095.0,4095.0,4095.0,4.59,8.83,-1.25,-0.08,-0.01,-0.04,1.0,hello
935.0,4095.0,922.0,2799.0,4095.0,4095.0,4095.0,3216.0,7.73,5.97,-2.08,-0.05,-0.08,-0.05,1.0,hello
949.0,4095.0,919.0,2817.0,4095.0,4095.0,4095.0,3175.0,7.8,6.04,-2.55,-0.05,-0.01,-0.08,1.0,hello
941.0,4095.0,928.0,2825.0,4095.0,4095.0,4095.0,3191.0,7.81,5.94,-2.44,-0.07,0.03,-0.12,1.0,hello
942.0,4095.0,930.0,2823.0,4095.0,4095.0,4095.0,3149.0,8.92,6.2,-3.27,0.02,-0.07,-0.26,1.0,hello
958.0,4095.0,903.0,2825.0,4095.0,4095.0,4095.0,3047.0,15.08,6.47,-7.12,-1.23,-0.6,-1.72,1.0,hello
951.0,4095.0,927.0,2854.0,4095.0,4095.0,4095.0,3162.0,-2.22,4.77,4.6,-1.88,0.54,-1.23,1.0,hello
943.0,4095.0,919.0,2891.0,4095.0,4095.0,4095.0,3103.0,3.12,9.12,0.98,0.09,-0.3,-0.13,1.0,hello
953.0,4095.0,903.0,2891.0,4095.0,4095.0,4095.0,3229.0,5.06,9.15,-0.11,0.06,-0.08,-0.05,1.0,hello
944.0,4095.0,912.0,2880.0,4095.0,4095.0,4095.0,3257.0,4.57,8.92,-0.28,0.02,-0.03,-0.0,1.0,hello
949.0,4095.0,907.0,2880.0,4095.0,4095.0,4095.0,3269.0,4.84,9.02,-0.52,-0.04,-0.0,0.04,1.0,hello
949.0,4095.0,905.0,2887.0,4095.0,4095.0,4095.0,3249.0,4.79,8.98,-0.36,-0.08,-0.02,-0.05,1.0,hello
949.0,4095.0,919.0,2889.0,4095.0,4095.0,4095.0,3264.0,4.82,8.98,-0.25,-0.08,-0.0,0.01,1.0,hello
954.0,4095.0,907.0,2883.0,4095.0,4095.0,4095.0,3216.0,4.76,8.96,-0.31,-0.08,0.02,-0.06,1.0,hello
950.0,4095.0,911.0,2887.0,4095.0,4095.0,4095.0,3223.0,4.75,8.89,-0.22,-0.04,-0.01,-0.01,1.0,hello
950.0,4095.0,906.0,2886.0,4095.0,4095.0,4095.0,3229.0,4.84,8.88,-0.16,-0.1,0.02,-0.05,1.0,hello
944.0,4095.0,906.0,2882.0,4095.0,4095.0,4095.0,3290.0,4.6,8.97,-0.3,-0.02,0.03,-0.05,1.0,hello
944.0,4095.0,899.0,2884.0,4095.0,4095.0,4095.0,3278.0,4.83,8.99,-0.19,-0.05,0.07,-0.0,1.0,hello
951.0,4095.0,907.0,2883.0,4095.0,4095.0,4095.0,3273.0,4.79,8.96,-0.1,-0.06,-0.03,-0.02,1.0,hello
944.0,4095.0,900.0,2890.0,4095.0,4095.0,4095.0,3319.0,4.78,9.12,-0.33,-0.07,0.01,-0.02,1.0,hello
943.0,4095.0,906.0,2891.0,4095.0,4095.0,4095.0,3271.0,4.97,8.96,-0.3,-0.05,0.03,-0.04,1.0,hello
976.0,4095.0,896.0,2873.0,4095.0,4095.0,4095.0,3772.0,7.57,6.03,-2.87,-0.02,-0.11,-0.07,1.0,hello
1063.0,4095.0,902.0,2881.0,4095.0,4095.0,4095.0,3774.0,7.3,6.01,-2.91,0.01,-0.05,-0.14,1.0,hello
1562.0,4095.0,897.0,2880.0,4095.0,4095.0,4095.0,3768.0,7.24,6.01,-3.19,-0.05,-0.02,-0.14,1.0,hello
911.0,4095.0,911.0,2868.0,4095.0,4095.0,4095.0,3427.0,14.12,5.54,-4.9,0.11,-0.48,-0.81,1.0,hello
902.0,4095.0,912.0,2881.0,4095.0,4095.0,4095.0,3088.0,0.56,5.98,-3.39,-1.41,0.1,-2.75,1.0,hello
935.0,4095.0,921.0,2911.0,4095.0,4095.0,4095.0,3325.0,1.89,8.21,0.1,-0.46,-0.83,0.06,1.0,hello
937.0,4095.0,913.0,2911.0,4095.0,4095.0,4095.0,4094.0,4.95,8.91,-1.67,0.03,0.11,-0.19,1.0,hello
925.0,4095.0,928.0,2919.0,4095.0,4095.0,4095.0,4095.0,4.2,8.94,-2.58,0.09,0.09,-0.17,1.0,hello
929.0,4095.0,917.0,2909.0,4095.0,4095.0,4095.0,4095.0,4.32,8.85,-2.42,-0.09,0.03,-0.01,1.0,hello
922.0,4095.0,919.0,2919.0,4095.0,4095.0,4095.0,4095.0,4.32,8.77,-2.34,-0.01,-0.02,-0.05,1.0,hello
923.0,4095.0,918.0,2914.0,4095.0,4095.0,4095.0,4095.0,4.44,8.73,-2.39,-0.12,-0.01,0.0,1.0,hello
925.0,4095.0,917.0,2915.0,4095.0,4095.0,4095.0,4095.0,4.41,8.75,-2.23,-0.06,0.05,-0.01,1.0,hello
919.0,4095.0,917.0,2913.0,4095.0,4095.0,4095.0,4095.0,4.41,8.76,-2.43,-0.05,-0.04,-0.0,1.0,hello
926.0,4095.0,916.0,2927.0,4095.0,4095.0,4095.0,4095.0,4.54,8.79,-2.38,-0.08,-0.02,-0.02,1.0,hello
935.0,4095.0,912.0,2927.0,4095.0,4095.0,4095.0,4095.0,4.58,8.8,-2.38,-0.09,-0.05,-0.05,1.0,hello
927.0,4095.0,924.0,2917.0,4095.0,4095.0,4095.0,4095.0,4.51,8.77,-2.23,-0.06,-0.03,-0.03,1.0,hello
926.0,4095.0,913.0,2915.0,4095.0,4095.0,4095.0,4095.0,4.42,8.74,-2.45,-0.07,0.01,-0.07,1.0,hello
926.0,4095.0,918.0,2923.0,4095.0,4095.0,4095.0,4095.0,4.39,8.72,-2.29,-0.07,-0.01,-0.06,1.0,hello
925.0,4095.0,921.0,2925.0,4095.0,4095.0,4095.0,4095.0,4.42,8.78,-2.4,-0.09,-0.04,-0.04,1.0,hello
928.0,4095.0,923.0,2925.0,4095.0,4095.0,4095.0,4095.0,4.23,8.81,-2.26,-0.05,-0.01,-0.06,1.0,hello
1103.0,4095.0,944.0,2809.0,4095.0,4095.0,4095.0,4095.0,8.19,7.19,-2.44,0.17,-0.6,0.29,1.0,hello
1023.0,4095.0,935.0,2800.0,4095.0,4095.0,4095.0,4082.0,7.09,6.55,-3.34,0.2,-0.63,0.1,1.0,hello
997.0,4095.0,925.0,2893.0,4095.0,4095.0,4095.0,4095.0,7.0,6.55,-3.9,0.21,-0.22,-0.07,1.0,hello
1595.0,4095.0,925.0,2962.0,4095.0,4095.0,4095.0,4095.0,6.69,6.11,-3.64,-0.01,0.24,-0.01,1.0,hello
1593.0,4095.0,921.0,2969.0,4095.0,4095.0,4095.0,4095.0,7.42,6.47,-3.34,-0.09,0.01,0.02,1.0,hello
917.0,4095.0,929.0,2979.0,4095.0,4095.0,4095.0,4095.0,9.12,6.3,-4.82,0.04,0.01,-0.17,1.0,hello
931.0,4095.0,922.0,2984.0,4095.0,4095.0,4095.0,4095.0,11.94,6.26,-6.1,-2.03,-0.71,-2.31,1.0,hello
980.0,4095.0,935.0,3039.0,4095.0,4095.0,4095.0,4095.0,-1.64,7.36,1.3,-0.32,-1.21,-0.6,1.0,hello
961.0,4095.0,927.0,3041.0,4095.0,4095.0,4095.0,4095.0,5.75,8.37,-1.27,-0.29,-0.11,-0.02,1.0,hello
959.0,4095.0,933.0,3038.0,4095.0,4095.0,4095.0,4095.0,5.2,8.64,-1.53,-0.07,0.01,-0.08,1.0,hello
962.0,4095.0,927.0,3030.0,4095.0,4095.0,4095.0,4095.0,5.16,8.31,-1.34,-0.15,0.04,-0.03,1.0,hello
963.0,4095.0,930.0,3014.0,4095.0,4095.0,4095.0,4095.0,5.42,8.64,-1.55,0.05,-0.13,-0.16,1.0,hello
959.0,4095.0,928.0,3015.0,4095.0,4095.0,4095.0,4095.0,4.74,8.56,-1.58,-0.08,-0.02,-0.16,1.0,hello
960.0,4095.0,935.0,3006.0,4095.0,4095.0,4095.0,4095.0,4.87,8.71,-1.64,-0.08,-0.09,-0.01,1.0,hello
970.0,4095.0,935.0,3015.0,4095.0,4095.0,4095.0,4095.0,5.03,8.75,-1.53,-0.03,0.04,-0.1,1.0,hello
963.0,4095.0,928.0,3021.0,4095.0,4095.0,4095.0,4095.0,4.72,8.77,-1.66,-0.01,0.12,-0.09,1.0,hello
966.0,4095.0,933.0,3015.0,4095.0,4095.0,4095.0,4095.0,4.88,8.84,-1.64,-0.06,0.02,-0.04,1.0,hello
960.0,4095.0,917.0,2996.0,4095.0,4095.0,4095.0,4095.0,4.91,8.65,-1.12,-0.0,0.05,-0.11,1.0,hello
963.0,4095.0,935.0,2992.0,4095.0,4095.0,4095.0,4095.0,4.69,8.93,-2.11,-0.02,-0.04,-0.04,1.0,hello
955.0,4095.0,933.0,2973.0,4095.0,4095.0,4095.0,4095.0,5.01,8.78,-1.62,-0.09,-0.04,0.01,1.0,hello
975.0,4095.0,976.0,2771.0,4095.0,4095.0,4095.0,4095.0,7.87,5.82,-2.6,-0.04,-0.08,-0.09,1.0,hello
981.0,4095.0,969.0,2791.0,4095.0,4095.0,4095.0,4095.0,7.73,5.81,-2.65,-0.03,-0.02,-0.11,1.0,hello
985.0,4095.0,949.0,2813.0,4095.0,4095.0,4095.0,4095.0,7.69,5.83,-2.85,-0.0,-0.02,-0.13,1.0,hello
969.0,4095.0,944.0,2810.0,4095.0,4095.0,4095.0,4095.0,8.8,6.29,-3.39,0.01,0.4,-0.24,1.0,hello
991.0,4095.0,897.0,2813.0,4095.0,4095.0,4095.0,4095.0,13.71,6.49,-6.48,-1.29,-0.55,-2.32,1.0,hello
964.0,4095.0,907.0,2880.0,4095.0,4095.0,4095.0,4095.0,-1.78,6.19,3.51,-0.97,-0.04,-0.36,1.0,hello
960.0,4095.0,909.0,2886.0,4095.0,4095.0,4095.0,4095.0,6.3,8.52,-1.23,-0.18,0.15,-0.38,1.0,hello
953.0,4095.0,911.0,2898.0,4095.0,4095.0,4095.0,4095.0,4.63,8.65,-1.41,-0.09,-0.04,-0.16,1.0,hello
957.0,4095.0,912.0,2890.0,4095.0,4095.0,4095.0,4095.0,5.23,8.57,-1.34,-0.12,0.04,-0.03,1.0,hello
956.0,4095.0,910.0,2898.0,4095.0,4095.0,4095.0,4095.0,4.83,8.8,-1.78,-0.1,0.07,-0.08,1.0,hello
957.0,4095.0,910.0,2896.0,4095.0,4095.0,4095.0,4095.0,5.16,8.72,-1.39,-0.09,0.03,-0.03,1.0,hello
949.0,4095.0,911.0,2896.0,4095.0,4095.0,4095.0,4095.0,4.99,8.65,-1.37,-0.04,0.01,-0.03,1.0,hello
957.0,4095.0,909.0,2899.0,4095.0,4095.0,4095.0,4095.0,5.17,8.62,-1.32,-0.05,-0.01,-0.04,1.0,hello
960.0,4095.0,912.0,2893.0,4095.0,4095.0,4095.0,4095.0,5.06,8.66,-1.53,-0.02,0.02,-0.07,1.0,hello
962.0,4095.0,913.0,2893.0,4095.0,4095.0,4095.0,4095.0,5.09,8.6,-1.45,-0.09,0.02,-0.04,1.0,hello
953.0,4095.0,914.0,2899.0,4095.0,4095.0,4095.0,4095.0,5.07,8.72,-1.61,-0.07,0.03,-0.04,1.0,hello
959.0,4095.0,912.0,2908.0,4095.0,4095.0,4095.0,4095.0,4.92,8.6,-1.4,-0.1,-0.01,-0.02,1.0,hello
965.0,4095.0,908.0,2902.0,4095.0,4095.0,4095.0,4095.0,5.08,8.65,-1.39,-0.06,0.04,0.01,1.0,hello
965.0,4095.0,914.0,2898.0,4095.0,4095.0,4095.0,4095.0,5.12,8.65,-1.36,-0.12,0.05,-0.01,1.0,hello
968.0,4095.0,915.0,2917.0,4095.0,4095.0,4095.0,4095.0,4.96,8.47,-1.01,-0.02,-0.0,0.01,1.0,hello
900.0,4095.0,900.0,2877.0,4095.0,4095.0,4095.0,4095.0,7.81,5.61,-2.84,-0.09,-0.04,-0.02,1.0,hello
903.0,4095.0,896.0,2883.0,4095.0,4095.0,4095.0,4095.0,7.89,5.61,-2.92,-0.07,-0.07,-0.08,1.0,hello
908.0,4095.0,912.0,2896.0,4095.0,4095.0,4095.0,4095.0,7.71,5.65,-2.71,-0.06,-0.07,-0.1,1.0,hello
904.0,4095.0,905.0,2898.0,4095.0,4095.0,4095.0,4095.0,7.84,5.76,-2.79,-0.06,-0.08,-0.13,1.0,hello
911.0,4095.0,908.0,2899.0,4095.0,4095.0,4095.0,4095.0,7.43,5.94,-2.98,-0.07,-0.03,-0.08,1.0,hello
911.0,4095.0,897.0,2907.0,4095.0,4095.0,4095.0,4095.0,7.41,5.93,-2.76,-0.13,0.08,-0.02,1.0,hello
923.0,4095.0,902.0,2914.0,4095.0,4095.0,4095.0,4095.0,8.06,5.82,-2.62,-0.05,0.06,-0.12,1.0,hello
989.0,4095.0,901.0,2923.0,4095.0,4095.0,4095.0,3769.0,11.12,6.34,-7.21,-0.15,0.04,-0.45,1.0,hello
965.0,4095.0,903.0,2931.0,4095.0,4095.0,4095.0,3918.0,8.27,4.93,-0.34,-1.89,0.03,-2.71,1.0,hello
976.0,4095.0,901.0,2954.0,4095.0,4095.0,4095.0,4095.0,-0.44,8.12,-0.32,0.06,-0.62,-0.56,1.0,hello
979.0,4095.0,912.0,2944.0,4095.0,4095.0,4095.0,4095.0,6.37,8.98,-1.31,-0.04,-0.18,-0.07,1.0,hello
981.0,4095.0,904.0,2960.0,4095.0,4095.0,4095.0,4095.0,4.87,8.63,-1.16,-0.06,0.06,-0.14,1.0,hello
999.0,4095.0,912.0,2948.0,4095.0,4095.0,4095.0,4095.0,4.92,8.58,-1.78,-0.07,0.03,0.01,1.0,hello
992.0,4095.0,909.0,2967.0,4095.0,4095.0,4095.0,4095.0,5.15,8.61,-1.36,-0.17,-0.11,0.04,1.0,hello
998.0,4095.0,907.0,2985.0,4095.0,4095.0,4095.0,4095.0,5.25,8.67,-1.21,-0.07,-0.0,-0.07,1.0,hello
994.0,4095.0,911.0,2984.0,4095.0,4095.0,4095.0,4095.0,4.85,8.59,-1.41,-0.13,-0.02,-0.0,1.0,hello
991.0,4095.0,908.0,2979.0,4095.0,4095.0,4095.0,4095.0,5.09,8.54,-1.11,-0.08,-0.02,-0.0,1.0,hello
995.0,4095.0,908.0,2986.0,4095.0,4095.0,4095.0,4095.0,5.39,8.66,-1.7,-0.04,-0.08,-0.03,1.0,hello
997.0,4095.0,909.0,2987.0,4095.0,4095.0,4095.0,4095.0,4.81,8.68,-1.35,-0.06,-0.01,-0.04,1.0,hello
1008.0,4095.0,907.0,2976.0,4095.0,4095.0,4095.0,4095.0,5.1,8.72,-1.59,-0.07,0.05,0.0,1.0,hello
895.0,3929.0,951.0,2928.0,4095.0,4095.0,4095.0,4095.0,8.05,5.78,-2.5,-0.09,-0.02,-0.03,1.0,hello
903.0,3938.0,953.0,2938.0,4095.0,4095.0,4095.0,4095.0,7.84,5.75,-2.38,-0.06,0.0,-0.03,1.0,hello
897.0,3962.0,944.0,2938.0,4095.0,4095.0,4095.0,4095.0,8.08,5.7,-2.52,-0.02,0.0,-0.07,1.0,hello
897.0,3991.0,944.0,2957.0,4095.0,4095.0,4095.0,4095.0,7.92,5.8,-2.46,-0.04,-0.0,-0.06,1.0,hello
902.0,3981.0,939.0,2960.0,4095.0,4095.0,4095.0,4095.0,7.68,5.91,-2.44,-0.1,-0.02,-0.07,1.0,hello
912.0,4016.0,926.0,2989.0,4095.0,4095.0,4095.0,4095.0,7.58,5.96,-2.66,-0.08,0.01,-0.05,1.0,hello
944.0,4056.0,942.0,2991.0,4095.0,4095.0,4095.0,4095.0,7.58,5.89,-2.66,-0.03,0.04,-0.06,1.0,hello
1013.0,4051.0,932.0,2983.0,4095.0,4095.0,4095.0,4095.0,8.32,6.14,-3.1,-0.0,0.07,-0.13,1.0,hello
922.0,4053.0,929.0,2974.0,4095.0,4095.0,4095.0,4095.0,8.47,5.96,-2.86,-0.35,-0.15,-0.46,1.0,hello
912.0,4080.0,930.0,2973.0,4095.0,4095.0,4095.0,4095.0,7.72,6.48,-2.31,-0.46,-0.33,-0.75,1.0,hello
914.0,4083.0,934.0,2969.0,4095.0,4095.0,4095.0,4095.0,6.67,7.05,-2.33,-0.41,-0.12,-0.9,1.0,hello
917.0,4073.0,927.0,2956.0,4095.0,4095.0,4095.0,4095.0,5.61,7.81,-2.71,-0.43,-0.03,-0.82,1.0,hello
919.0,4065.0,930.0,2962.0,4095.0,4095.0,4095.0,4095.0,3.18,7.97,-1.47,-0.67,0.08,-0.54,1.0,hello
918.0,4077.0,931.0,2962.0,4095.0,4095.0,4095.0,4095.0,4.65,8.36,0.11,-0.36,-0.08,-0.01,1.0,hello
925.0,4080.0,939.0,2979.0,4095.0,4095.0,4095.0,4095.0,5.27,8.77,-0.75,-0.0,0.04,-0.06,1.0,hello
927.0,4087.0,924.0,2977.0,4095.0,4095.0,4095.0,4095.0,5.05,8.71,-1.54,0.01,0.04,-0.03,1.0,hello
922.0,4050.0,937.0,2967.0,4095.0,4095.0,4095.0,4095.0,5.24,8.46,-1.32,-0.06,0.1,0.07,1.0,hello
925.0,4077.0,927.0,2973.0,4095.0,4095.0,4095.0,4095.0,5.38,8.7,-1.42,-0.07,-0.0,-0.07,1.0,hello
926.0,4077.0,930.0,2978.0,4095.0,4095.0,4095.0,4095.0,5.03,8.66,-1.4,-0.03,0.05,-0.04,1.0,hello
930.0,4095.0,927.0,2985.0,4095.0,4095.0,4095.0,4095.0,5.35,8.47,-1.12,-0.1,-0.02,0.05,1.0,hello
1375.0,4095.0,899.0,2781.0,4095.0,4095.0,4095.0,4095.0,8.29,5.38,-2.06,-0.02,0.02,-0.02,1.0,hello
1369.0,4095.0,896.0,2798.0,4095.0,4095.0,4095.0,4095.0,8.34,5.3,-2.14,-0.05,-0.04,-0.05,1.0,hello
1390.0,4095.0,902.0,2815.0,4095.0,4095.0,4095.0,4095.0,8.11,5.39,-2.11,-0.04,-0.03,-0.04,1.0,hello
1409.0,4095.0,905.0,2832.0,4095.0,4095.0,4095.0,4095.0,8.51,5.38,-2.2,-0.03,-0.05,-0.06,1.0,hello
1415.0,4095.0,899.0,2831.0,4095.0,4095.0,4095.0,4095.0,8.16,5.53,-2.37,-0.07,0.04,-0.05,1.0,hello
1360.0,4095.0,901.0,2832.0,4095.0,4095.0,4095.0,4095.0,8.57,5.48,-2.2,-0.05,-0.02,-0.18,1.0,hello
1128.0,4095.0,901.0,2782.0,4095.0,4095.0,4095.0,4095.0,9.55,5.43,-2.57,-0.02,-0.2,-0.56,1.0,hello
1135.0,4095.0,906.0,2796.0,4095.0,4095.0,4095.0,4095.0,9.64,6.22,-3.87,-0.53,-0.49,-1.16,1.0,hello
1601.0,4095.0,906.0,2814.0,4095.0,4095.0,4095.0,4095.0,5.66,7.15,-1.81,-0.81,-0.18,-1.34,1.0,hello
1597.0,4095.0,899.0,2830.0,4095.0,4095.0,4095.0,4095.0,3.75,7.76,-0.32,-0.55,-0.15,-0.72,1.0,hello
1559.0,4095.0,903.0,2833.0,4095.0,4095.0,4095.0,4095.0,4.04,8.45,-0.51,-0.24,0.03,-0.17,1.0,hello
1472.0,4095.0,906.0,2831.0,4095.0,4095.0,4095.0,4095.0,5.38,8.7,-1.04,-0.04,0.07,-0.03,1.0,hello
1387.0,4095.0,902.0,2845.0,4095.0,4095.0,4095.0,4095.0,5.36,8.6,-1.28,-0.08,0.02,-0.04,1.0,hello
1366.0,4095.0,905.0,2839.0,4095.0,4095.0,4095.0,4095.0,5.14,8.47,-1.08,-0.07,0.01,-0.03,1.0,hello
1318.0,4095.0,905.0,2837.0,4095.0,4095.0,4095.0,4095.0,5.3,8.52,-1.19,-0.04,-0.01,-0.03,1.0,hello
1266.0,4095.0,909.0,2832.0,4095.0,4095.0,4095.0,4095.0,5.48,8.47,-1.01,-0.08,-0.02,-0.05,1.0,hello
1200.0,4095.0,911.0,2835.0,4095.0,4095.0,4095.0,4095.0,5.14,8.54,-1.24,-0.09,0.0,-0.06,1.0,hello
1136.0,4095.0,907.0,2846.0,4095.0,4095.0,4095.0,4095.0,5.24,8.53,-1.0,-0.07,-0.01,-0.01,1.0,hello
1057.0,4095.0,902.0,2837.0,4095.0,4095.0,4095.0,4095.0,5.42,8.58,-1.17,-0.05,0.03,-0.04,1.0,hello
1035.0,4095.0,909.0,2842.0,4095.0,4095.0,4095.0,4095.0,5.39,8.54,-1.19,-0.07,0.01,-0.04,1.0,hello
1230.0,4095.0,902.0,2907.0,4095.0,4095.0,4095.0,4095.0,8.4,5.57,-1.74,-0.04,-0.0,-0.01,1.0,hello
1249.0,4095.0,906.0,2911.0,4095.0,4095.0,4095.0,4095.0,8.16,5.65,-2.03,-0.01,-0.01,-0.08,1.0,hello
1248.0,4095.0,896.0,2926.0,4095.0,4095.0,4095.0,4095.0,8.17,5.63,-1.85,-0.0,-0.01,-0.1,1.0,hello
1264.0,4095.0,903.0,2928.0,4095.0,4095.0,4095.0,4095.0,8.17,5.8,-1.91,0.0,-0.03,-0.13,1.0,hello
1275.0,4095.0,903.0,2926.0,4095.0,4095.0,4095.0,4095.0,8.31,5.67,-2.25,-0.04,-0.0,-0.13,1.0,hello
915.0,4095.0,907.0,2911.0,4095.0,4095.0,4095.0,4095.0,8.31,5.99,-2.22,-0.12,-0.04,-0.25,1.0,hello
913.0,4095.0,896.0,2911.0,4095.0,4095.0,4095.0,4095.0,8.17,6.04,-2.22,-0.25,-0.06,-0.4,1.0,hello
912.0,4095.0,900.0,2912.0,4095.0,4095.0,4095.0,4095.0,7.63,6.58,-1.85,-0.3,-0.06,-0.53,1.0,hello
915.0,4095.0,896.0,2916.0,4095.0,4095.0,4095.0,4095.0,7.16,6.95,-1.87,-0.4,-0.05,-0.52,1.0,hello
905.0,4095.0,905.0,2912.0,4095.0,4095.0,4095.0,4095.0,7.36,7.21,-1.01,-0.38,-0.29,-0.49,1.0,hello
916.0,4095.0,903.0,2928.0,4095.0,4095.0,4095.0,4095.0,6.68,7.67,-1.34,-0.28,-0.08,-0.63,1.0,hello
912.0,4095.0,898.0,2923.0,4095.0,4095.0,4095.0,4095.0,5.82,7.97,-1.49,-0.35,-0.08,-0.64,1.0,hello
922.0,4095.0,894.0,2925.0,4095.0,4095.0,4095.0,4095.0,4.96,8.23,-0.52,-0.36,-0.1,-0.62,1.0,hello
921.0,4095.0,891.0,2927.0,4095.0,4095.0,4095.0,4095.0,4.21,8.69,-0.46,-0.27,-0.09,-0.41,1.0,hello
929.0,4095.0,896.0,2928.0,4095.0,4095.0,4095.0,4095.0,4.13,8.88,-0.08,-0.18,-0.07,-0.08,1.0,hello
919.0,4095.0,896.0,2929.0,4095.0,4095.0,4095.0,4095.0,4.78,8.97,-0.39,-0.06,0.01,0.02,1.0,hello
933.0,4095.0,892.0,2933.0,4095.0,4095.0,4095.0,4095.0,4.77,8.91,-0.54,-0.07,0.01,-0.01,1.0,hello
928.0,4095.0,893.0,2935.0,4095.0,4095.0,4095.0,4095.0,4.77,8.86,-0.5,-0.07,-0.01,-0.0,1.0,hello
929.0,4095.0,890.0,2929.0,4095.0,4095.0,4095.0,4095.0,4.98,8.9,-0.53,-0.03,0.0,0.0,1.0,hello
925.0,4095.0,896.0,2937.0,4095.0,4095.0,4095.0,4095.0,4.98,8.91,-0.77,-0.05,-0.03,-0.04,1.0,hello
1254.0,4095.0,912.0,2894.0,4095.0,4095.0,4095.0,2994.0,8.1,5.62,-2.19,-0.06,-0.02,-0.01,1.0,hello
1216.0,4095.0,907.0,2909.0,4095.0,4095.0,4095.0,3053.0,8.03,5.65,-1.97,-0.02,-0.07,-0.07,1.0,hello
1337.0,4095.0,907.0,2935.0,4095.0,4095.0,4095.0,3056.0,7.87,5.69,-2.12,-0.0,-0.04,-0.11,1.0,hello
1320.0,4095.0,905.0,2929.0,4095.0,4095.0,4095.0,3110.0,8.57,5.68,-2.49,-0.05,-0.01,-0.14,1.0,hello
903.0,4095.0,909.0,2903.0,4095.0,4095.0,4095.0,2867.0,14.6,6.51,-5.95,-0.48,-0.35,-1.17,1.0,hello
899.0,4095.0,912.0,2919.0,4095.0,4095.0,4095.0,3202.0,-0.73,5.49,0.47,-1.38,0.98,-1.67,1.0,hello
911.0,4095.0,907.0,2944.0,4095.0,4095.0,4095.0,3358.0,3.61,8.05,0.35,-0.21,-0.47,-0.05,1.0,hello
933.0,4095.0,912.0,2945.0,4095.0,4095.0,4095.0,3367.0,6.52,8.62,-1.14,0.02,0.0,-0.04,1.0,hello
923.0,4095.0,912.0,2943.0,4095.0,4095.0,4095.0,3365.0,5.55,8.35,-1.31,-0.11,0.03,-0.09,1.0,hello
922.0,4095.0,902.0,2949.0,4095.0,4095.0,4095.0,3361.0,5.49,8.27,-1.12,-0.09,-0.02,-0.01,1.0,hello
929.0,4095.0,910.0,2946.0,4095.0,4095.0,4095.0,3343.0,5.43,8.33,-1.25,-0.09,-0.03,-0.01,1.0,hello
936.0,4095.0,912.0,2951.0,4095.0,4095.0,4095.0,3289.0,5.43,8.37,-1.31,-0.12,-0.03,-0.01,1.0,hello
938.0,4095.0,912.0,2948.0,4095.0,4095.0,4095.0,3296.0,5.7,8.37,-1.22,-0.05,-0.05,-0.05,1.0,hello
927.0,4095.0,902.0,2949.0,4095.0,4095.0,4095.0,3312.0,5.43,8.4,-1.47,-0.05,-0.02,-0.07,1.0,hello
934.0,4095.0,913.0,2946.0,4095.0,4095.0,4095.0,3358.0,5.47,8.34,-1.3,-0.04,-0.02,-0.03,1.0,hello
933.0,4095.0,902.0,2949.0,4095.0,4095.0,4095.0,3375.0,5.47,8.47,-1.43,-0.05,0.02,-0.08,1.0,hello
925.0,4095.0,913.0,2947.0,4095.0,4095.0,4095.0,3377.0,5.44,8.42,-1.28,-0.04,0.0,-0.08,1.0,hello
931.0,4095.0,911.0,2958.0,4095.0,4095.0,4095.0,3356.0,5.45,8.46,-1.42,-0.05,-0.04,-0.06,1.0,hello
931.0,4095.0,911.0,2939.0,4095.0,4095.0,4095.0,3397.0,5.28,8.43,-1.54,-0.06,0.05,-0.04,1.0,hello
939.0,4095.0,912.0,2942.0,4095.0,4095.0,4095.0,3331.0,5.86,8.45,-1.32,-0.05,0.03,-0.03,1.0,hello
1629.0,4095.0,914.0,2861.0,4095.0,4095.0,4095.0,4095.0,7.68,5.93,-2.68,-0.08,-0.11,-0.07,1.0,hello
1644.0,4095.0,908.0,2860.0,4095.0,4095.0,4095.0,4095.0,7.4,5.9,-2.94,-0.01,-0.06,-0.14,1.0,hello
1757.0,4095.0,909.0,2879.0,4095.0,4095.0,4095.0,4095.0,7.5,6.06,-2.88,0.05,-0.12,-0.15,1.0,hello
1792.0,4095.0,912.0,2898.0,4095.0,4095.0,4095.0,4095.0,7.47,6.15,-3.01,0.02,-0.1,-0.22,1.0,hello
1122.0,4095.0,921.0,2923.0,4095.0,4095.0,4095.0,4095.0,9.49,6.22,-4.82,0.05,0.05,-0.26,1.0,hello
883.0,4095.0,1172.0,2896.0,4095.0,4095.0,4095.0,4095.0,14.32,5.83,-7.28,-1.82,-0.51,-3.16,1.0,hello
976.0,4095.0,1706.0,2966.0,4095.0,4095.0,4095.0,3605.0,-7.45,5.0,5.09,-1.29,1.39,-0.2,1.0,hello
938.0,4095.0,1569.0,2946.0,4095.0,4095.0,4095.0,3961.0,4.79,9.46,-0.43,-0.15,-0.42,0.07,1.0,hello
944.0,4095.0,1424.0,2959.0,4095.0,4095.0,4095.0,4095.0,4.87,9.3,-0.73,-0.06,0.19,-0.12,1.0,hello
944.0,4095.0,1307.0,2960.0,4095.0,4095.0,4095.0,4095.0,4.23,9.03,-0.67,-0.11,-0.08,-0.08,1.0,hello
946.0,4095.0,1269.0,2949.0,4095.0,4095.0,4095.0,4095.0,4.17,9.19,-0.57,-0.14,-0.05,-0.03,1.0,hello
946.0,4095.0,1178.0,2965.0,4095.0,4095.0,4095.0,4095.0,4.23,9.21,-0.76,-0.09,-0.04,0.0,1.0,hello
941.0,4095.0,1118.0,2943.0,4095.0,4095.0,4095.0,4095.0,4.41,9.23,-0.68,-0.07,0.01,-0.0,1.0,hello
945.0,4095.0,1052.0,2947.0,4095.0,4095.0,4095.0,4095.0,4.23,9.13,-0.66,-0.07,0.02,-0.02,1.0,hello
949.0,4095.0,1023.0,2960.0,4095.0,4095.0,4095.0,4095.0,4.36,9.22,-0.78,-0.02,0.0,-0.04,1.0,hello
941.0,4095.0,997.0,2944.0,4095.0,4095.0,4095.0,4095.0,4.31,9.11,-0.69,-0.04,-0.03,-0.05,1.0,hello
944.0,4095.0,1008.0,2939.0,4095.0,4095.0,4095.0,4095.0,4.2,9.09,-0.63,-0.07,0.01,-0.03,1.0,hello
944.0,4095.0,999.0,2950.0,4095.0,4095.0,4095.0,4095.0,4.26,9.17,-0.79,-0.08,0.05,-0.01,1.0,hello
945.0,4095.0,1019.0,2929.0,4095.0,4095.0,4095.0,4095.0,4.25,9.16,-0.54,-0.08,0.02,0.01,1.0,hello
943.0,4095.0,1040.0,2944.0,4095.0,4095.0,4095.0,4095.0,4.49,9.2,-0.96,-0.04,0.05,-0.0,1.0,hello
896.0,4095.0,906.0,2861.0,4095.0,4095.0,4095.0,3783.0,7.73,5.99,-2.5,0.03,-0.08,-0.21,1.0,hello
896.0,4095.0,907.0,2855.0,4095.0,4095.0,4095.0,3756.0,7.45,6.01,-2.86,0.04,-0.1,-0.22,1.0,hello
910.0,4095.0,912.0,2874.0,4095.0,4095.0,4095.0,3886.0,7.69,6.0,-2.82,-0.01,0.0,-0.18,1.0,hello
896.0,4095.0,944.0,2823.0,4095.0,4095.0,4095.0,3739.0,11.91,6.24,-5.68,-0.31,-0.04,-0.9,1.0,hello
912.0,4095.0,1171.0,2851.0,4095.0,4095.0,4095.0,4019.0,9.03,6.2,-4.75,-2.16,-0.32,-3.14,1.0,hello
903.0,4095.0,1759.0,2942.0,4095.0,4095.0,4095.0,3952.0,-4.69,7.02,3.59,-0.51,0.42,-0.5,1.0,hello
909.0,4095.0,1374.0,2968.0,4095.0,4095.0,4095.0,4095.0,4.31,9.7,0.22,-0.22,0.21,0.3,1.0,hello
905.0,4095.0,1058.0,2955.0,4095.0,4095.0,4095.0,4095.0,4.52,9.37,0.1,-0.15,0.04,-0.09,1.0,hello
919.0,4095.0,1001.0,2960.0,4095.0,4095.0,4095.0,4095.0,4.23,9.17,0.25,-0.05,-0.11,-0.07,1.0,hello
923.0,4095.0,990.0,2963.0,4095.0,4095.0,4095.0,4095.0,4.24,9.39,-0.09,-0.04,-0.08,-0.01,1.0,hello
913.0,4095.0,973.0,2962.0,4095.0,4095.0,4095.0,4095.0,4.16,9.28,-0.08,-0.09,0.06,0.01,1.0,hello
926.0,4095.0,973.0,2963.0,4095.0,4095.0,4095.0,4095.0,4.28,9.16,0.06,-0.02,-0.02,-0.02,1.0,hello
930.0,4095.0,970.0,2959.0,4095.0,4095.0,4095.0,4095.0,4.13,9.16,-0.17,-0.06,-0.03,-0.0,1.0,hello
926.0,4095.0,966.0,2958.0,4095.0,4095.0,4095.0,4095.0,4.34,9.26,-0.15,-0.06,-0.06,0.0,1.0,hello
918.0,4095.0,961.0,2953.0,4095.0,4095.0,4095.0,4095.0,4.19,9.09,-0.16,-0.03,-0.03,0.01,1.0,hello
923.0,4095.0,965.0,2954.0,4095.0,4095.0,4095.0,4095.0,4.51,9.14,-0.32,-0.03,-0.03,-0.01,1.0,hello
927.0,4095.0,950.0,2955.0,4095.0,4095.0,4095.0,4095.0,4.27,9.14,-0.26,-0.06,-0.02,-0.02,1.0,hello
935.0,4095.0,947.0,2947.0,4095.0,4095.0,4095.0,4095.0,4.26,9.15,-0.44,-0.07,0.0,-0.02,1.0,hello
927.0,4095.0,945.0,2949.0,4095.0,4095.0,4095.0,4095.0,4.33,9.13,-0.33,-0.08,0.05,-0.02,1.0,hello
930.0,4095.0,941.0,2955.0,4095.0,4095.0,4095.0,4095.0,4.47,9.18,-0.28,-0.1,0.12,-0.0,1.0,hello
1428.0,4095.0,984.0,2787.0,4095.0,4095.0,4095.0,4095.0,7.28,6.26,-3.03,0.01,-0.08,-0.09,1.0,hello
1556.0,4095.0,987.0,2798.0,4095.0,4095.0,4095.0,4095.0,7.31,6.17,-3.09,0.02,0.05,-0.11,1.0,hello
1385.0,4095.0,976.0,2807.0,4095.0,4095.0,4095.0,4095.0,7.17,6.22,-2.88,-0.01,0.03,-0.17,1.0,hello
1006.0,4095.0,897.0,2803.0,4095.0,4095.0,4095.0,3948.0,8.64,6.14,-4.06,-0.1,-0.01,-0.33,1.0,hello
924.0,4095.0,937.0,2743.0,4095.0,4095.0,4095.0,2278.0,13.72,8.12,-8.09,-1.49,-0.65,-2.43,1.0,hello
913.0,4095.0,935.0,2834.0,4095.0,4095.0,4095.0,3945.0,-4.44,5.33,3.38,-0.99,0.33,-0.87,1.0,hello
903.0,4095.0,926.0,2854.0,4095.0,4095.0,4095.0,4095.0,3.98,9.66,-1.26,-0.17,0.13,0.02,1.0,hello
904.0,4095.0,931.0,2864.0,4095.0,4095.0,4095.0,4095.0,4.33,9.32,-1.31,-0.05,0.16,-0.09,1.0,hello
903.0,4095.0,927.0,2869.0,4095.0,4095.0,4095.0,3914.0,3.9,9.11,-1.16,-0.08,-0.01,-0.05,1.0,hello
899.0,4095.0,927.0,2864.0,4095.0,4095.0,4095.0,3994.0,4.19,9.15,-1.24,-0.03,-0.03,-0.01,1.0,hello
898.0,4095.0,934.0,2864.0,4095.0,4095.0,4095.0,4043.0,4.21,9.09,-1.49,-0.05,-0.01,0.0,1.0,hello
898.0,4095.0,939.0,2864.0,4095.0,4095.0,4095.0,4011.0,4.28,9.12,-1.52,-0.07,0.01,-0.01,1.0,hello
897.0,4095.0,934.0,2866.0,4095.0,4095.0,4095.0,4005.0,4.21,9.05,-1.27,-0.07,0.03,-0.05,1.0,hello
902.0,4095.0,931.0,2863.0,4095.0,4095.0,4095.0,4048.0,4.31,9.22,-1.39,-0.03,-0.02,-0.03,1.0,hello
911.0,4095.0,927.0,2864.0,4095.0,4095.0,4095.0,3984.0,4.39,9.12,-1.31,-0.03,-0.01,-0.03,1.0,hello
911.0,4095.0,929.0,2866.0,4095.0,4095.0,4095.0,4083.0,4.12,9.04,-1.5,-0.06,0.0,-0.05,1.0,hello
910.0,4095.0,928.0,2870.0,4095.0,4095.0,4095.0,4058.0,4.19,9.01,-1.39,-0.08,-0.02,-0.0,1.0,hello
903.0,4095.0,932.0,2864.0,4095.0,4095.0,4095.0,4087.0,4.35,9.03,-1.41,-0.07,-0.04,-0.01,1.0,hello
917.0,4095.0,929.0,2861.0,4095.0,4095.0,4095.0,4070.0,4.19,9.06,-1.3,-0.07,0.01,-0.02,1.0,hello
911.0,4095.0,931.0,2859.0,4095.0,4095.0,4095.0,4047.0,4.35,9.07,-1.51,-0.08,0.0,-0.03,1.0,hello
1493.0,4095.0,909.0,2998.0,4095.0,4095.0,4095.0,4095.0,7.98,5.67,-2.79,-0.03,0.05,-0.07,1.0,hello
1269.0,4095.0,909.0,2989.0,4095.0,4095.0,4095.0,4038.0,8.35,5.48,-2.83,-0.05,0.04,-0.18,1.0,hello
900.0,4095.0,903.0,2949.0,4095.0,4095.0,4095.0,3936.0,12.28,5.86,-7.05,-0.42,-0.13,-1.0,1.0,hello
896.0,4095.0,898.0,2931.0,4095.0,4095.0,4095.0,3216.0,5.58,6.08,-0.42,-1.92,-0.29,-3.42,1.0,hello
907.0,4095.0,912.0,2948.0,4095.0,4095.0,4095.0,3210.0,0.03,8.66,0.41,-0.03,-0.42,-0.46,1.0,hello
902.0,4095.0,902.0,2954.0,4095.0,4095.0,4095.0,3249.0,4.25,8.98,-0.98,-0.19,0.02,0.0,1.0,hello
907.0,4095.0,903.0,2962.0,4095.0,4095.0,4095.0,3191.0,4.47,9.05,-0.82,-0.09,0.09,-0.05,1.0,hello
912.0,4095.0,901.0,2976.0,4095.0,4095.0,4095.0,3211.0,4.4,8.9,-0.9,-0.02,0.02,0.06,1.0,hello
911.0,4095.0,910.0,2977.0,4095.0,4095.0,4095.0,3217.0,4.24,8.77,-0.77,-0.05,-0.02,0.14,1.0,hello
897.0,4095.0,905.0,2982.0,4095.0,4095.0,4095.0,3205.0,5.12,8.37,-1.47,0.24,-0.05,0.15,1.0,hello
907.0,4095.0,901.0,2987.0,4095.0,4095.0,4095.0,3183.0,4.98,9.11,-2.21,0.12,0.1,-0.07,1.0,hello
912.0,4095.0,903.0,2983.0,4095.0,4095.0,4095.0,3184.0,4.71,8.66,-1.52,-0.1,-0.02,-0.04,1.0,hello
906.0,4095.0,898.0,2975.0,4095.0,4095.0,4095.0,3195.0,4.87,8.43,-1.06,-0.03,-0.05,-0.03,1.0,hello
912.0,4095.0,907.0,2982.0,4095.0,4095.0,4095.0,3149.0,4.81,8.68,-1.84,-0.02,-0.07,-0.05,1.0,hello
906.0,4095.0,903.0,2983.0,4095.0,4095.0,4095.0,3182.0,5.06,9.14,-1.84,-0.11,-0.04,-0.19,1.0,hello
912.0,4095.0,911.0,2975.0,4095.0,4095.0,4095.0,3147.0,4.2,9.21,-1.76,-0.13,-0.05,-0.15,1.0,hello
909.0,4095.0,901.0,2981.0,4095.0,4095.0,4095.0,3189.0,4.18,9.1,-1.57,-0.13,-0.03,0.02,1.0,hello
912.0,4095.0,900.0,2977.0,4095.0,4095.0,4095.0,3149.0,3.78,9.13,-1.41,-0.09,0.05,0.07,1.0,hello
913.0,4095.0,912.0,2981.0,4095.0,4095.0,4095.0,3146.0,4.38,8.66,-1.0,-0.07,0.08,0.17,1.0,hello
912.0,4095.0,902.0,2974.0,4095.0,4095.0,4095.0,3153.0,5.77,8.48,-1.37,0.05,0.03,0.0,1.0,hello
1527.0,4095.0,933.0,2635.0,4095.0,4095.0,4095.0,3220.0,7.33,5.56,-3.98,-0.04,-0.03,-0.03,1.0,hello
1501.0,4095.0,943.0,2646.0,4095.0,4095.0,4095.0,3374.0,7.33,5.5,-3.91,-0.12,0.02,-0.07,1.0,hello
1466.0,4095.0,939.0,2661.0,4095.0,4095.0,4095.0,3391.0,8.25,5.54,-4.44,-0.1,0.02,-0.06,1.0,hello
912.0,4095.0,940.0,2643.0,4095.0,4095.0,4095.0,3277.0,16.39,5.66,-10.73,-1.69,-0.73,-2.45,1.0,hello
930.0,4095.0,931.0,2679.0,4095.0,4095.0,4095.0,3677.0,-2.22,8.14,0.4,0.33,-1.21,-0.75,1.0,hello
902.0,4095.0,928.0,2693.0,4095.0,4095.0,4095.0,3549.0,6.53,8.11,-2.29,-0.39,-0.24,-0.21,1.0,hello
907.0,4095.0,927.0,2694.0,4095.0,4095.0,4095.0,3853.0,5.02,8.22,-2.48,0.02,-0.18,-0.05,1.0,hello
900.0,4095.0,939.0,2704.0,4095.0,4095.0,4095.0,3929.0,5.23,8.18,-2.99,-0.12,-0.01,0.0,1.0,hello
898.0,4095.0,935.0,2699.0,4095.0,4095.0,4095.0,3925.0,5.26,8.14,-2.22,-0.15,0.04,-0.01,1.0,hello
903.0,4095.0,938.0,2691.0,4095.0,4095.0,4095.0,3967.0,5.41,8.15,-2.38,-0.11,-0.05,-0.0,1.0,hello
899.0,4095.0,943.0,2687.0,4095.0,4095.0,4095.0,3950.0,5.54,8.1,-2.33,-0.08,-0.01,-0.06,1.0,hello
896.0,4095.0,937.0,2689.0,4095.0,4095.0,4095.0,3919.0,5.28,8.35,-2.55,-0.04,0.08,-0.09,1.0,hello
903.0,4095.0,934.0,2698.0,4095.0,4095.0,4095.0,3910.0,5.27,8.54,-2.27,-0.0,0.05,-0.09,1.0,hello
902.0,4095.0,939.0,2704.0,4095.0,4095.0,4095.0,3991.0,5.2,8.29,-2.27,0.01,0.09,-0.1,1.0,hello
901.0,4095.0,933.0,2704.0,4095.0,4095.0,4095.0,4004.0,5.12,8.34,-2.64,-0.05,0.05,-0.04,1.0,hello
907.0,4095.0,938.0,2704.0,4095.0,4095.0,4095.0,3952.0,5.26,8.4,-2.33,-0.05,0.04,-0.04,1.0,hello
896.0,4095.0,930.0,2704.0,4095.0,4095.0,4095.0,3965.0,5.27,8.27,-2.41,-0.08,0.05,-0.02,1.0,hello
903.0,4095.0,934.0,2711.0,4095.0,4095.0,4095.0,3904.0,5.2,8.21,-2.12,-0.03,0.03,-0.07,1.0,hello
898.0,4095.0,931.0,2725.0,4095.0,4095.0,4095.0,3935.0,5.14,8.41,-2.4,-0.02,0.02,-0.02,1.0,hello
899.0,4095.0,937.0,2745.0,4095.0,4095.0,4095.0,3984.0,5.43,8.42,-2.25,0.01,-0.12,-0.07,1.0,hello
933.0,4095.0,912.0,2772.0,4095.0,4095.0,4095.0,4095.0,7.13,5.79,-3.94,-0.06,-0.1,-0.09,1.0,hello
931.0,4095.0,912.0,2783.0,4095.0,4095.0,4095.0,4095.0,6.94,5.9,-3.93,-0.11,-0.03,-0.11,1.0,hello
922.0,4095.0,917.0,2787.0,4095.0,4095.0,4095.0,4095.0,7.68,5.87,-4.16,-0.08,-0.07,-0.08,1.0,hello
892.0,4095.0,912.0,2736.0,4095.0,4095.0,4095.0,3888.0,15.8,6.12,-11.3,-1.35,-0.72,-1.83,1.0,hello
899.0,4095.0,927.0,2800.0,4095.0,4095.0,4095.0,3915.0,-4.72,5.97,6.18,-0.9,0.68,-0.66,1.0,hello
905.0,4095.0,912.0,2803.0,4095.0,4095.0,4095.0,4095.0,6.05,8.83,-3.95,-0.24,0.17,0.1,1.0,hello
905.0,4095.0,923.0,2805.0,4095.0,4095.0,4095.0,4095.0,5.11,8.16,-1.85,-0.17,-0.12,-0.12,1.0,hello
913.0,4095.0,919.0,2807.0,4095.0,4095.0,4095.0,4095.0,5.07,8.4,-2.62,-0.06,-0.11,-0.03,1.0,hello
915.0,4095.0,922.0,2812.0,4095.0,4095.0,4095.0,4095.0,5.23,8.4,-2.02,-0.04,-0.03,-0.07,1.0,hello
922.0,4095.0,925.0,2806.0,4095.0,4095.0,4095.0,4095.0,5.2,8.34,-2.39,-0.04,-0.06,-0.06,1.0,hello
913.0,4095.0,923.0,2809.0,4095.0,4095.0,4095.0,4095.0,4.98,8.28,-2.3,-0.05,-0.01,-0.01,1.0,hello
909.0,4095.0,928.0,2811.0,4095.0,4095.0,4095.0,4095.0,5.3,8.39,-2.59,-0.04,-0.0,-0.01,1.0,hello
916.0,4095.0,915.0,2803.0,4095.0,4095.0,4095.0,4095.0,5.15,8.31,-2.33,-0.05,-0.03,-0.06,1.0,hello
913.0,4095.0,922.0,2811.0,4095.0,4095.0,4095.0,4095.0,5.02,8.37,-2.6,-0.04,0.03,-0.01,1.0,hello
919.0,4095.0,918.0,2789.0,4095.0,4095.0,4095.0,4095.0,5.27,8.31,-2.49,-0.09,-0.02,-0.04,1.0,hello
916.0,4095.0,923.0,2798.0,4095.0,4095.0,4095.0,4095.0,5.24,8.36,-2.32,-0.03,-0.02,-0.04,1.0,hello
917.0,4095.0,923.0,2800.0,4095.0,4095.0,4095.0,4095.0,5.21,8.31,-2.29,-0.05,0.0,-0.04,1.0,hello
924.0,4095.0,924.0,2797.0,4095.0,4095.0,4095.0,4095.0,5.34,8.28,-2.34,-0.01,-0.02,-0.07,1.0,hello
914.0,4095.0,923.0,2813.0,4095.0,4095.0,4095.0,4095.0,5.07,8.38,-2.36,-0.06,-0.07,-0.02,1.0,hello
914.0,4095.0,919.0,2811.0,4095.0,4095.0,4095.0,4095.0,5.24,8.34,-2.47,-0.06,0.0,-0.01,1.0,hello
1733.0,2695.0,912.0,2838.0,4095.0,4095.0,4095.0,4095.0,7.4,5.62,-3.8,-0.05,0.01,-0.05,1.0,hello
1744.0,2734.0,907.0,2843.0,4095.0,4095.0,4095.0,4095.0,7.95,5.66,-4.06,-0.02,-0.05,-0.12,1.0,hello
1481.0,3213.0,912.0,2795.0,4095.0,4095.0,4095.0,2690.0,19.06,6.63,-13.62,-1.46,-0.29,-2.29,1.0,hello
1136.0,3344.0,926.0,2886.0,4095.0,4095.0,4095.0,3916.0,-6.12,6.7,5.63,-0.18,0.93,-0.98,1.0,hello
902.0,3306.0,921.0,2896.0,4095.0,4095.0,4095.0,4095.0,5.79,8.56,-4.04,-0.16,-0.05,0.08,1.0,hello
909.0,3295.0,915.0,2896.0,4095.0,4095.0,4095.0,4095.0,4.86,8.1,-1.75,-0.07,-0.03,-0.1,1.0,hello
901.0,3280.0,918.0,2887.0,4095.0,4095.0,4095.0,4095.0,5.14,8.32,-2.39,-0.15,-0.01,-0.02,1.0,hello
895.0,3279.0,919.0,2898.0,4095.0,4095.0,4095.0,4095.0,5.03,8.47,-2.1,-0.12,0.06,-0.06,1.0,hello
898.0,3268.0,929.0,2898.0,4095.0,4095.0,4095.0,4095.0,5.17,8.41,-2.2,-0.11,0.01,-0.09,1.0,hello
901.0,3267.0,929.0,2896.0,4095.0,4095.0,4095.0,4095.0,5.04,8.38,-1.97,-0.11,0.07,-0.04,1.0,hello
909.0,3257.0,923.0,2900.0,4095.0,4095.0,4095.0,4095.0,5.12,8.51,-1.92,-0.04,0.06,-0.06,1.0,hello
899.0,3254.0,926.0,2896.0,4095.0,4095.0,4095.0,4095.0,5.03,8.55,-2.19,-0.03,0.03,0.01,1.0,hello
889.0,3243.0,914.0,2894.0,4095.0,4095.0,4095.0,4095.0,4.96,8.5,-1.98,-0.07,0.04,-0.06,1.0,hello
901.0,3231.0,918.0,2896.0,4095.0,4095.0,4095.0,4095.0,5.2,8.57,-2.14,-0.03,0.07,-0.05,1.0,hello
901.0,3264.0,917.0,2897.0,4095.0,4095.0,4095.0,4095.0,4.86,8.46,-1.9,-0.08,-0.01,-0.06,1.0,hello
891.0,3279.0,910.0,2889.0,4095.0,4095.0,4095.0,4095.0,4.83,8.58,-2.13,-0.04,0.07,-0.01,1.0,hello
899.0,3279.0,910.0,2893.0,4095.0,4095.0,4095.0,4095.0,5.07,8.52,-2.2,-0.08,0.01,-0.04,1.0,hello
899.0,3280.0,918.0,2894.0,4095.0,4095.0,4095.0,4095.0,5.1,8.5,-1.93,-0.08,0.0,-0.01,1.0,hello
903.0,3281.0,917.0,2893.0,4095.0,4095.0,4095.0,4095.0,5.15,8.48,-2.1,-0.07,0.02,-0.0,1.0,hello
897.0,3295.0,918.0,2883.0,4095.0,4095.0,4095.0,4095.0,5.07,8.47,-2.08,-0.06,0.01,-0.02,1.0,hello
1835.0,4095.0,896.0,2846.0,4095.0,4095.0,4095.0,4095.0,8.16,5.72,-3.75,-0.09,-0.04,-0.11,1.0,hello
1811.0,4095.0,908.0,2791.0,4095.0,4095.0,4095.0,4095.0,17.53,6.07,-11.35,-0.88,-0.13,-1.41,1.0,hello
1424.0,4095.0,906.0,2887.0,4095.0,4095.0,4095.0,3886.0,-8.07,4.03,6.36,-1.09,2.54,-0.91,1.0,hello
1202.0,4095.0,912.0,2903.0,4095.0,4095.0,4095.0,4095.0,7.15,9.13,-2.97,-0.2,-0.0,0.28,1.0,hello
1136.0,4095.0,914.0,2894.0,4095.0,4095.0,4095.0,4095.0,5.22,8.26,-1.37,-0.16,0.03,-0.21,1.0,hello
1119.0,4095.0,912.0,2899.0,4095.0,4095.0,4095.0,4095.0,5.36,8.37,-1.4,-0.04,-0.0,0.01,1.0,hello
1104.0,4095.0,914.0,2902.0,4095.0,4095.0,4095.0,4095.0,5.49,8.4,-1.45,-0.02,0.02,-0.01,1.0,hello
1099.0,4095.0,907.0,2897.0,4095.0,4095.0,4095.0,4095.0,5.8,8.26,-1.44,-0.06,-0.02,-0.06,1.0,hello
1083.0,4095.0,917.0,2896.0,4095.0,4095.0,4095.0,4095.0,5.25,8.45,-1.62,-0.09,-0.02,-0.04,1.0,hello
1058.0,4095.0,916.0,2906.0,4095.0,4095.0,4095.0,4095.0,5.57,8.32,-1.49,-0.04,-0.04,0.01,1.0,hello
1057.0,4095.0,912.0,2898.0,4095.0,4095.0,4095.0,4095.0,5.44,8.62,-1.96,-0.01,-0.03,-0.06,1.0,hello
1055.0,4095.0,915.0,2901.0,4095.0,4095.0,4095.0,4095.0,5.66,8.25,-1.43,-0.04,0.01,-0.04,1.0,hello
1045.0,4095.0,913.0,2896.0,4095.0,4095.0,4095.0,4095.0,5.41,8.32,-1.69,-0.05,-0.01,-0.04,1.0,hello
1037.0,4095.0,913.0,2896.0,4095.0,4095.0,4095.0,4095.0,5.89,8.5,-1.53,-0.05,-0.06,-0.05,1.0,hello
1019.0,4095.0,912.0,2898.0,4095.0,4095.0,4095.0,4095.0,5.41,8.34,-1.53,-0.05,0.04,-0.09,1.0,hello
1016.0,4095.0,917.0,2893.0,4095.0,4095.0,4095.0,4095.0,5.32,8.49,-1.61,-0.08,-0.01,-0.04,1.0,hello
1013.0,4095.0,916.0,2893.0,4095.0,4095.0,4095.0,4095.0,5.54,8.44,-1.49,-0.08,0.07,-0.05,1.0,hello
1008.0,4095.0,923.0,2891.0,4095.0,4095.0,4095.0,4095.0,5.33,8.32,-1.51,-0.05,0.01,-0.06,1.0,hello
1006.0,4095.0,914.0,2896.0,4095.0,4095.0,4095.0,4095.0,5.45,8.44,-1.52,-0.09,0.04,-0.03,1.0,hello
1002.0,4095.0,916.0,2894.0,4095.0,4095.0,4095.0,4095.0,5.51,8.4,-1.46,-0.06,0.0,-0.05,1.0,hello
1753.0,4095.0,911.0,2878.0,4095.0,4095.0,4095.0,4095.0,7.74,5.48,-2.85,-0.07,0.0,-0.02,1.0,hello
1788.0,4095.0,911.0,2881.0,4095.0,4095.0,4095.0,4095.0,11.48,5.62,-5.98,0.14,0.18,-0.22,1.0,hello
1451.0,4095.0,907.0,2878.0,4095.0,4095.0,4095.0,4095.0,8.19,2.82,0.59,-2.38,-0.82,-3.23,1.0,hello
1421.0,4095.0,912.0,2892.0,4095.0,4095.0,4095.0,4095.0,-0.93,8.2,0.14,-0.02,-1.07,-0.53,1.0,hello
1233.0,4095.0,912.0,2898.0,4095.0,4095.0,4095.0,4095.0,6.48,8.49,-1.3,-0.24,0.02,-0.05,1.0,hello
1222.0,4095.0,912.0,2911.0,4095.0,4095.0,4095.0,4095.0,5.33,8.31,-1.17,-0.03,-0.04,-0.09,1.0,hello
1214.0,4095.0,909.0,2909.0,4095.0,4095.0,4095.0,4095.0,5.0,8.58,-1.51,-0.08,0.06,-0.07,1.0,hello
1203.0,4095.0,913.0,2917.0,4095.0,4095.0,4095.0,4095.0,5.27,8.51,-1.36,-0.14,0.12,0.0,1.0,hello
1203.0,4095.0,911.0,2911.0,4095.0,4095.0,4095.0,4095.0,5.34,8.53,-1.5,-0.1,0.07,-0.05,1.0,hello
1201.0,4095.0,916.0,2919.0,4095.0,4095.0,4095.0,4095.0,5.2,8.48,-1.18,-0.07,-0.01,-0.03,1.0,hello
1197.0,4095.0,912.0,2923.0,4095.0,4095.0,4095.0,4095.0,5.38,8.5,-1.53,-0.09,0.06,-0.03,1.0,hello
1200.0,4095.0,910.0,2927.0,4095.0,4095.0,4095.0,4095.0,5.43,8.55,-1.0,-0.06,0.01,-0.04,1.0,hello
1170.0,4095.0,912.0,2921.0,4095.0,4095.0,4095.0,4095.0,5.47,8.59,-1.26,-0.02,0.03,-0.05,1.0,hello
1072.0,4095.0,910.0,2928.0,4095.0,4095.0,4095.0,4095.0,5.16,8.47,-1.44,-0.05,-0.05,-0.03,1.0,hello
1033.0,4095.0,912.0,2928.0,4095.0,4095.0,4095.0,4095.0,5.49,8.55,-1.38,-0.05,-0.03,-0.01,1.0,hello
990.0,4095.0,913.0,2922.0,4095.0,4095.0,4095.0,4095.0,5.4,8.44,-1.12,-0.04,0.01,-0.04,1.0,hello
992.0,4095.0,909.0,2913.0,4095.0,4095.0,4095.0,4095.0,5.47,8.46,-1.31,-0.05,0.02,-0.01,1.0,hello
992.0,4095.0,912.0,2928.0,4095.0,4095.0,4095.0,4095.0,5.25,8.5,-1.34,-0.09,0.04,-0.02,1.0,hello
1038.0,4095.0,912.0,2924.0,4095.0,4095.0,4095.0,4095.0,5.32,8.5,-1.28,-0.04,0.0,-0.01,1.0,hello
1073.0,4095.0,913.0,2919.0,4095.0,4095.0,4095.0,4095.0,5.37,8.51,-1.26,-0.01,-0.03,-0.07,1.0,hello
1820.0,4095.0,912.0,2733.0,4095.0,4095.0,4095.0,3380.0,7.57,5.5,-3.29,-0.06,-0.02,-0.01,1.0,hello
1803.0,4095.0,914.0,2736.0,4095.0,4095.0,4095.0,3435.0,7.92,5.31,-3.62,-0.09,0.02,-0.09,1.0,hello
1779.0,4095.0,918.0,2750.0,4095.0,4095.0,4095.0,3482.0,8.12,5.42,-3.9,-0.07,-0.07,-0.17,1.0,hello
902.0,4095.0,918.0,2721.0,4095.0,4095.0,4095.0,3543.0,18.11,5.7,-10.21,-1.65,-0.59,-2.24,1.0,hello
1264.0,4095.0,922.0,2757.0,4095.0,4095.0,4095.0,3376.0,-6.55,5.9,5.53,-1.34,0.03,-0.35,1.0,hello
940.0,4095.0,919.0,2781.0,4095.0,4095.0,4095.0,3727.0,6.21,9.04,-2.41,-0.21,0.07,0.47,1.0,hello
908.0,4095.0,927.0,2787.0,4095.0,4095.0,4095.0,3783.0,5.96,8.25,-1.76,-0.06,0.07,-0.07,1.0,hello
908.0,4095.0,918.0,2786.0,4095.0,4095.0,4095.0,3799.0,5.49,8.21,-1.53,-0.14,-0.02,-0.04,1.0,hello
902.0,4095.0,922.0,2789.0,4095.0,4095.0,4095.0,3815.0,5.24,8.41,-1.97,-0.12,-0.02,-0.0,1.0,hello
901.0,4095.0,928.0,2784.0,4095.0,4095.0,4095.0,3797.0,5.54,8.38,-1.78,-0.1,-0.01,-0.04,1.0,hello
907.0,4095.0,918.0,2786.0,4095.0,4095.0,4095.0,3792.0,5.65,8.33,-1.68,-0.05,-0.07,-0.04,1.0,hello
901.0,4095.0,917.0,2793.0,4095.0,4095.0,4095.0,3738.0,5.37,8.4,-1.72,-0.02,0.04,-0.06,1.0,hello
894.0,4095.0,923.0,2770.0,4095.0,4095.0,4095.0,3767.0,5.42,8.48,-1.92,-0.03,-0.15,-0.15,1.0,hello
896.0,4095.0,935.0,2767.0,4095.0,4095.0,4095.0,3776.0,5.26,8.47,-1.7,-0.04,-0.07,-0.05,1.0,hello
903.0,4095.0,937.0,2767.0,4095.0,4095.0,4095.0,3786.0,5.05,8.45,-2.04,-0.04,-0.01,-0.08,1.0,hello
909.0,4095.0,929.0,2749.0,4095.0,4095.0,4095.0,3805.0,5.11,8.45,-1.97,-0.07,0.03,-0.03,1.0,hello
909.0,4095.0,928.0,2751.0,4095.0,4095.0,4095.0,3775.0,5.27,8.44,-1.88,-0.08,0.03,-0.02,1.0,hello
905.0,4095.0,928.0,2753.0,4095.0,4095.0,4095.0,3758.0,5.25,8.6,-1.84,-0.1,0.03,-0.02,1.0,hello
901.0,4095.0,927.0,2767.0,4095.0,4095.0,4095.0,3727.0,5.27,8.37,-1.71,-0.1,0.05,-0.04,1.0,hello
911.0,4095.0,927.0,2746.0,4095.0,4095.0,4095.0,3715.0,5.16,8.42,-1.85,0.06,0.01,-0.09,1.0,hello
1177.0,4095.0,899.0,2801.0,4095.0,4095.0,4095.0,2205.0,7.54,5.81,-2.89,-0.1,0.04,-0.06,1.0,hello
1149.0,4095.0,892.0,2818.0,4095.0,4095.0,4095.0,2166.0,7.6,5.84,-2.94,-0.11,-0.06,-0.06,1.0,hello
944.0,4095.0,890.0,2794.0,4095.0,4095.0,4095.0,1879.0,14.08,6.18,-7.53,-0.11,-0.29,-0.73,1.0,hello
976.0,4095.0,894.0,2805.0,4095.0,4095.0,4095.0,2205.0,1.97,3.56,1.81,-2.07,0.49,-2.29,1.0,hello
969.0,4095.0,905.0,2843.0,4095.0,4095.0,4095.0,2235.0,1.34,8.76,-0.48,-0.1,-0.66,-0.15,1.0,hello
976.0,4095.0,894.0,2846.0,4095.0,4095.0,4095.0,2242.0,6.51,8.74,-1.12,-0.07,-0.12,-0.01,1.0,hello
967.0,4095.0,909.0,2857.0,4095.0,4095.0,4095.0,2237.0,4.85,8.46,-1.39,-0.08,-0.08,-0.08,1.0,hello
971.0,4095.0,901.0,2845.0,4095.0,4095.0,4095.0,2246.0,5.18,8.52,-1.08,-0.08,-0.07,0.0,1.0,hello
966.0,4095.0,911.0,2847.0,4095.0,4095.0,4095.0,2287.0,5.19,8.6,-1.38,-0.05,-0.02,-0.02,1.0,hello
976.0,4095.0,912.0,2850.0,4095.0,4095.0,4095.0,2415.0,5.14,8.5,-1.22,-0.06,-0.02,0.04,1.0,hello
961.0,4095.0,907.0,2847.0,4095.0,4095.0,4095.0,2803.0,5.4,8.5,-1.51,-0.03,-0.03,0.02,1.0,hello
965.0,4095.0,912.0,2849.0,4095.0,4095.0,4095.0,2877.0,5.32,8.53,-1.53,-0.06,-0.07,-0.01,1.0,hello
974.0,4095.0,911.0,2847.0,4095.0,4095.0,4095.0,2874.0,5.32,8.53,-1.58,-0.11,0.03,-0.01,1.0,hello
963.0,4095.0,912.0,2855.0,4095.0,4095.0,4095.0,2897.0,5.38,8.46,-1.37,-0.05,-0.01,-0.03,1.0,hello
966.0,4095.0,912.0,2839.0,4095.0,4095.0,4095.0,2848.0,5.26,8.54,-1.53,-0.07,0.06,-0.02,1.0,hello
961.0,4095.0,912.0,2838.0,4095.0,4095.0,4095.0,2814.0,5.35,8.45,-1.29,-0.08,0.04,-0.02,1.0,hello
960.0,4095.0,912.0,2849.0,4095.0,4095.0,4095.0,2867.0,5.04,8.65,-1.38,-0.1,-0.04,0.01,1.0,hello
968.0,4095.0,912.0,2855.0,4095.0,4095.0,4095.0,2899.0,5.43,8.39,-1.3,-0.06,0.04,0.02,1.0,hello
972.0,4095.0,901.0,2854.0,4095.0,4095.0,4095.0,2871.0,5.42,8.39,-1.33,-0.12,0.07,0.0,1.0,hello
970.0,4095.0,912.0,2852.0,4095.0,4095.0,4095.0,2867.0,5.52,8.5,-1.24,-0.07,-0.06,0.01,1.0,hello
909.0,4095.0,906.0,2811.0,4095.0,4095.0,4095.0,2837.0,7.8,5.92,-2.97,-0.05,-0.04,-0.05,1.0,hello
909.0,4095.0,903.0,2807.0,4095.0,4095.0,4095.0,2847.0,7.77,5.87,-2.98,-0.03,-0.06,-0.07,1.0,hello
901.0,4095.0,898.0,2815.0,4095.0,4095.0,4095.0,2892.0,8.0,5.76,-3.43,-0.08,0.03,-0.06,1.0,hello
933.0,4095.0,887.0,2805.0,4095.0,4095.0,4095.0,2915.0,16.56,6.19,-8.09,-0.92,-0.56,-1.72,1.0,hello
944.0,4095.0,897.0,2866.0,4095.0,4095.0,4095.0,2863.0,-4.43,6.26,3.48,-1.11,0.62,-0.67,1.0,hello
948.0,4095.0,895.0,2886.0,4095.0,4095.0,4095.0,3003.0,6.45,8.33,-1.58,-0.29,-0.13,0.05,1.0,hello
950.0,4095.0,895.0,2884.0,4095.0,4095.0,4095.0,2942.0,5.56,8.17,-1.55,-0.13,-0.02,-0.16,1.0,hello
951.0,4095.0,893.0,2880.0,4095.0,4095.0,4095.0,2991.0,5.31,8.28,-1.42,-0.15,-0.04,-0.0,1.0,hello
955.0,4095.0,899.0,2877.0,4095.0,4095.0,4095.0,2973.0,5.62,8.4,-1.29,-0.1,0.04,-0.01,1.0,hello
944.0,4095.0,896.0,2873.0,4095.0,4095.0,4095.0,2963.0,5.58,8.31,-1.36,-0.05,-0.01,-0.08,1.0,hello
946.0,4095.0,894.0,2875.0,4095.0,4095.0,4095.0,2998.0,5.62,8.41,-1.61,-0.02,0.0,-0.06,1.0,hello
949.0,4095.0,897.0,2867.0,4095.0,4095.0,4095.0,2975.0,5.53,8.32,-1.46,-0.08,0.0,-0.03,1.0,hello
955.0,4095.0,896.0,2877.0,4095.0,4095.0,4095.0,2960.0,5.52,8.37,-1.49,-0.07,0.03,-0.03,1.0,hello
950.0,4095.0,900.0,2876.0,4095.0,4095.0,4095.0,2949.0,5.53,8.37,-1.58,-0.06,0.01,-0.04,1.0,hello
949.0,4095.0,892.0,2864.0,4095.0,4095.0,4095.0,2992.0,5.48,8.31,-1.48,-0.05,-0.0,-0.04,1.0,hello
947.0,4095.0,899.0,2863.0,4095.0,4095.0,4095.0,2976.0,5.68,8.43,-1.64,-0.06,0.0,-0.01,1.0,hello
953.0,4095.0,895.0,2865.0,4095.0,4095.0,4095.0,2944.0,5.52,8.29,-1.43,-0.07,-0.01,-0.05,1.0,hello
951.0,4095.0,895.0,2866.0,4095.0,4095.0,4095.0,3002.0,5.7,8.36,-1.66,-0.06,-0.02,-0.05,1.0,hello
949.0,4095.0,892.0,2863.0,4095.0,4095.0,4095.0,2960.0,5.54,8.37,-1.6,-0.08,-0.05,-0.03,1.0,hello
963.0,4095.0,893.0,2863.0,4095.0,4095.0,4095.0,2991.0,5.6,8.36,-1.48,-0.04,-0.01,-0.02,1.0,hello
923.0,4095.0,909.0,2859.0,4095.0,4095.0,4095.0,2958.0,7.82,5.83,-2.73,-0.02,-0.0,-0.03,1.0,hello
912.0,4095.0,895.0,2858.0,4095.0,4095.0,4095.0,2981.0,7.76,5.82,-2.67,-0.05,-0.04,-0.08,1.0,hello
912.0,4095.0,897.0,2864.0,4095.0,4095.0,4095.0,2994.0,7.59,5.93,-2.77,-0.05,0.0,-0.05,1.0,hello
912.0,4095.0,902.0,2867.0,4095.0,4095.0,4095.0,2975.0,7.8,5.8,-2.77,-0.05,-0.01,-0.05,1.0,hello
901.0,4095.0,890.0,2878.0,4095.0,4095.0,4095.0,2949.0,9.17,5.73,-4.01,0.02,0.12,-0.22,1.0,hello
910.0,4095.0,890.0,2864.0,4095.0,4095.0,4095.0,2882.0,15.28,5.82,-6.16,-1.43,-0.24,-2.16,1.0,hello
918.0,4095.0,894.0,2912.0,4095.0,4095.0,4095.0,2919.0,-3.75,6.95,1.12,-0.72,0.32,-1.35,1.0,hello
912.0,4095.0,895.0,2909.0,4095.0,4095.0,4095.0,2935.0,5.42,9.13,-0.53,-0.11,0.04,0.27,1.0,hello
928.0,4095.0,898.0,2907.0,4095.0,4095.0,4095.0,2999.0,5.17,8.65,-0.76,-0.03,0.0,-0.21,1.0,hello
926.0,4095.0,896.0,2907.0,4095.0,4095.0,4095.0,2972.0,5.05,8.6,-1.25,-0.07,-0.04,-0.04,1.0,hello
921.0,4095.0,903.0,2905.0,4095.0,4095.0,4095.0,3038.0,5.12,8.69,-1.29,-0.13,0.04,-0.05,1.0,hello
928.0,4095.0,894.0,2898.0,4095.0,4095.0,4095.0,2973.0,4.91,8.76,-0.95,-0.1,-0.01,-0.07,1.0,hello
934.0,4095.0,895.0,2897.0,4095.0,4095.0,4095.0,2951.0,5.11,8.81,-0.85,-0.08,-0.0,-0.03,1.0,hello
918.0,4095.0,897.0,2901.0,4095.0,4095.0,4095.0,3053.0,4.83,8.71,-0.96,-0.07,-0.03,-0.04,1.0,hello
929.0,4095.0,894.0,2909.0,4095.0,4095.0,4095.0,2983.0,4.93,8.68,-1.3,-0.1,0.0,-0.02,1.0,hello
922.0,4095.0,902.0,2901.0,4095.0,4095.0,4095.0,3032.0,5.05,8.69,-1.04,-0.1,-0.04,-0.05,1.0,hello
924.0,4095.0,898.0,2885.0,4095.0,4095.0,4095.0,3030.0,5.01,8.74,-0.93,-0.06,-0.02,-0.03,1.0,hello
933.0,4095.0,904.0,2886.0,4095.0,4095.0,4095.0,3007.0,5.13,8.78,-1.02,-0.04,0.0,-0.02,1.0,hello
936.0,4095.0,901.0,2897.0,4095.0,4095.0,4095.0,2947.0,5.04,8.76,-0.84,-0.07,0.01,-0.02,1.0,hello
923.0,4095.0,897.0,2896.0,4095.0,4095.0,4095.0,3035.0,5.0,8.76,-1.07,-0.07,0.01,-0.03,1.0,hello
1168.0,4095.0,902.0,2832.0,4095.0,4095.0,4095.0,2829.0,8.34,5.29,-2.62,-0.02,-0.04,-0.09,1.0,hello
1159.0,4095.0,899.0,2847.0,4095.0,4095.0,4095.0,2763.0,8.4,5.33,-2.45,-0.06,-0.04,-0.06,1.0,hello
1165.0,4095.0,891.0,2858.0,4095.0,4095.0,4095.0,2807.0,8.21,5.36,-2.43,-0.03,-0.03,-0.08,1.0,hello
892.0,4095.0,896.0,2826.0,4095.0,4095.0,4095.0,2307.0,15.61,6.01,-7.23,-0.14,-0.22,-1.19,1.0,hello
903.0,4095.0,896.0,2906.0,4095.0,4095.0,4095.0,2807.0,0.99,5.05,2.5,-1.78,-0.18,-1.34,1.0,hello
921.0,4095.0,901.0,2929.0,4095.0,4095.0,4095.0,2934.0,5.1,7.55,-1.43,0.08,0.05,-0.25,1.0,hello
925.0,4095.0,907.0,2934.0,4095.0,4095.0,4095.0,2926.0,6.43,7.83,-1.65,-0.22,0.01,-0.18,1.0,hello
921.0,4095.0,908.0,2927.0,4095.0,4095.0,4095.0,2899.0,6.01,7.87,-1.75,-0.2,0.04,-0.11,1.0,hello
915.0,4095.0,897.0,2928.0,4095.0,4095.0,4095.0,2897.0,6.07,8.01,-1.04,-0.06,0.08,-0.07,1.0,hello
933.0,4095.0,913.0,2928.0,4095.0,4095.0,4095.0,2896.0,6.08,8.12,-1.56,-0.06,0.02,-0.11,1.0,hello
924.0,4095.0,910.0,2918.0,4095.0,4095.0,4095.0,2843.0,5.7,7.98,-1.29,-0.05,0.03,-0.07,1.0,hello
934.0,4095.0,903.0,2919.0,4095.0,4095.0,4095.0,2873.0,6.16,8.22,-1.75,-0.02,0.0,-0.08,1.0,hello
927.0,4095.0,905.0,2927.0,4095.0,4095.0,4095.0,2883.0,5.59,7.92,-1.54,-0.07,0.0,-0.05,1.0,hello
919.0,4095.0,907.0,2923.0,4095.0,4095.0,4095.0,2937.0,5.93,8.09,-1.67,-0.04,0.02,-0.08,1.0,hello
918.0,4095.0,898.0,2923.0,4095.0,4095.0,4095.0,2836.0,5.84,8.35,-1.59,-0.12,0.02,-0.04,1.0,hello
919.0,4095.0,901.0,2928.0,4095.0,4095.0,4095.0,2827.0,5.85,8.07,-1.39,-0.1,-0.02,-0.02,1.0,hello
931.0,4095.0,895.0,2913.0,4095.0,4095.0,4095.0,2786.0,5.72,8.02,-1.3,-0.04,-0.03,-0.02,1.0,hello
914.0,4095.0,898.0,2914.0,4095.0,4095.0,4095.0,2756.0,6.09,8.1,-1.57,-0.05,-0.06,-0.04,1.0,hello
927.0,4095.0,906.0,2911.0,4095.0,4095.0,4095.0,2733.0,5.78,8.04,-1.33,-0.06,-0.09,-0.06,1.0,hello
923.0,4095.0,912.0,2916.0,4095.0,4095.0,4095.0,2693.0,5.87,8.16,-1.75,-0.06,0.03,-0.05,1.0,hello
917.0,4095.0,886.0,2926.0,4095.0,4095.0,4095.0,3095.0,7.64,5.91,-2.99,-0.0,0.01,-0.05,1.0,hello
906.0,4095.0,898.0,2928.0,4095.0,4095.0,4095.0,3044.0,7.83,5.83,-2.88,-0.03,-0.01,-0.11,1.0,hello
907.0,4095.0,893.0,2944.0,4095.0,4095.0,4095.0,3050.0,7.33,6.01,-2.84,-0.1,-0.07,-0.05,1.0,hello
904.0,4095.0,890.0,2945.0,4095.0,4095.0,4095.0,3059.0,8.93,5.96,-3.78,-0.04,0.06,-0.1,1.0,hello
925.0,4095.0,894.0,2919.0,4095.0,4095.0,4095.0,3059.0,13.54,5.76,-6.97,-1.12,-0.4,-1.93,1.0,hello
929.0,4095.0,897.0,2960.0,4095.0,4095.0,4095.0,2991.0,-1.82,6.73,1.09,-1.37,-0.08,-1.04,1.0,hello
935.0,4095.0,897.0,2979.0,4095.0,4095.0,4095.0,3086.0,4.44,8.77,0.04,-0.4,-0.03,0.18,1.0,hello
944.0,4095.0,898.0,2978.0,4095.0,4095.0,4095.0,3097.0,5.75,8.77,-1.32,-0.01,0.18,-0.13,1.0,hello
944.0,4095.0,896.0,2976.0,4095.0,4095.0,4095.0,3023.0,4.97,8.56,-1.6,-0.1,-0.03,-0.1,1.0,hello
949.0,4095.0,901.0,2979.0,4095.0,4095.0,4095.0,3036.0,5.15,8.71,-1.48,-0.11,0.1,-0.05,1.0,hello
946.0,4095.0,896.0,2985.0,4095.0,4095.0,4095.0,2982.0,4.88,8.6,-1.24,-0.09,0.04,-0.07,1.0,hello
947.0,4095.0,903.0,2967.0,4095.0,4095.0,4095.0,3026.0,5.13,8.72,-1.25,-0.09,0.02,-0.04,1.0,hello
945.0,4095.0,902.0,2983.0,4095.0,4095.0,4095.0,2996.0,4.89,8.66,-1.25,-0.05,0.05,-0.05,1.0,hello
944.0,4095.0,899.0,2983.0,4095.0,4095.0,4095.0,3011.0,4.99,8.69,-1.36,-0.05,0.06,-0.02,1.0,hello
944.0,4095.0,897.0,2973.0,4095.0,4095.0,4095.0,3043.0,5.04,8.67,-1.3,-0.05,0.02,0.0,1.0,hello
943.0,4095.0,889.0,2981.0,4095.0,4095.0,4095.0,3109.0,5.09,8.61,-1.38,-0.04,0.01,-0.03,1.0,hello
947.0,4095.0,891.0,2988.0,4095.0,4095.0,4095.0,3069.0,5.19,8.67,-1.36,-0.06,-0.01,-0.06,1.0,hello
948.0,4095.0,903.0,2982.0,4095.0,4095.0,4095.0,3085.0,4.95,8.65,-1.36,-0.05,0.01,-0.05,1.0,hello
958.0,4095.0,896.0,2985.0,4095.0,4095.0,4095.0,3049.0,5.02,8.69,-1.27,-0.03,0.01,-0.03,1.0,hello
944.0,4095.0,898.0,2981.0,4095.0,4095.0,4095.0,4034.0,5.13,8.67,-1.43,-0.07,-0.0,-0.04,1.0,hello
914.0,4095.0,915.0,2877.0,4095.0,4095.0,4095.0,3965.0,7.63,6.12,-2.94,-0.01,0.02,-0.07,1.0,hello
915.0,4095.0,915.0,2880.0,4095.0,4095.0,4095.0,4095.0,7.73,6.13,-2.55,-0.02,-0.04,-0.05,1.0,hello
909.0,4095.0,912.0,2892.0,4095.0,4095.0,4095.0,4095.0,7.65,6.06,-3.0,-0.11,0.04,-0.05,1.0,hello
905.0,4095.0,913.0,2878.0,4095.0,4095.0,4095.0,3896.0,12.52,5.81,-6.63,-0.25,-0.14,-0.61,1.0,hello
895.0,4095.0,913.0,2896.0,4095.0,4095.0,4095.0,4095.0,5.25,5.02,-1.16,-1.98,0.04,-2.79,1.0,hello
912.0,4095.0,916.0,2942.0,4095.0,4095.0,4095.0,4095.0,-0.27,8.37,2.21,-0.39,-0.66,-0.21,1.0,hello
897.0,4095.0,913.0,2954.0,4095.0,4095.0,4095.0,4095.0,6.05,8.99,-0.98,-0.01,-0.02,-0.02,1.0,hello
894.0,4095.0,912.0,2953.0,4095.0,4095.0,4095.0,4095.0,4.71,8.76,-0.94,-0.02,-0.12,-0.08,1.0,hello
894.0,4095.0,912.0,2960.0,4095.0,4095.0,4095.0,4095.0,5.04,8.82,-0.84,-0.03,-0.04,0.03,1.0,hello
901.0,4095.0,927.0,2959.0,4095.0,4095.0,4095.0,4095.0,4.89,8.69,-0.99,-0.03,0.0,-0.01,1.0,hello
892.0,4095.0,912.0,2954.0,4095.0,4095.0,4095.0,4095.0,5.2,8.66,-1.12,-0.02,-0.01,-0.01,1.0,hello
890.0,4095.0,920.0,2962.0,4095.0,4095.0,4095.0,4095.0,5.09,8.74,-1.29,-0.05,-0.05,-0.03,1.0,hello
901.0,4095.0,923.0,2957.0,4095.0,4095.0,4095.0,4095.0,5.0,8.64,-1.09,-0.07,0.01,-0.02,1.0,hello
901.0,4095.0,927.0,2967.0,4095.0,4095.0,4095.0,4095.0,5.17,8.72,-1.1,-0.09,0.02,-0.02,1.0,hello
896.0,4095.0,925.0,2959.0,4095.0,4095.0,4095.0,4095.0,5.07,8.63,-1.0,-0.05,-0.01,-0.03,1.0,hello
891.0,4095.0,926.0,2960.0,4095.0,4095.0,4095.0,4095.0,4.99,8.67,-1.16,-0.06,-0.08,-0.07,1.0,hello
896.0,4095.0,915.0,2963.0,4095.0,4095.0,4095.0,4095.0,4.91,8.72,-1.04,-0.06,0.04,-0.06,1.0,hello
896.0,4095.0,924.0,2957.0,4095.0,4095.0,4095.0,4095.0,5.05,8.7,-1.32,-0.04,0.03,-0.03,1.0,hello
896.0,4095.0,923.0,2966.0,4095.0,4095.0,4095.0,4095.0,5.13,8.73,-1.13,-0.04,0.0,-0.02,1.0,hello
911.0,4095.0,921.0,2959.0,4095.0,4095.0,4095.0,4095.0,5.17,8.71,-1.21,-0.02,0.01,-0.04,1.0,hello
1264.0,4095.0,921.0,3053.0,4095.0,4095.0,4095.0,3509.0,7.36,5.84,-3.62,-0.11,0.02,-0.04,1.0,hello
1269.0,4095.0,915.0,3050.0,4095.0,4095.0,4095.0,3563.0,7.17,6.04,-3.7,-0.1,0.0,-0.06,1.0,hello
1296.0,4095.0,919.0,3054.0,4095.0,4095.0,4095.0,3348.0,7.29,6.03,-3.69,-0.1,0.01,-0.06,1.0,hello
894.0,4095.0,915.0,2966.0,4095.0,4095.0,4095.0,3235.0,13.5,7.25,-9.44,-0.1,0.4,-0.79,1.0,hello
903.0,4095.0,918.0,3059.0,4095.0,4095.0,4095.0,3466.0,2.71,3.46,4.13,-2.1,0.1,-2.18,1.0,hello
910.0,4095.0,928.0,3071.0,4095.0,4095.0,4095.0,3982.0,1.58,8.58,-2.26,0.19,-0.07,-0.14,1.0,hello
903.0,4095.0,925.0,3091.0,4095.0,4095.0,4095.0,3947.0,6.53,8.27,-2.4,-0.13,-0.07,-0.01,1.0,hello
903.0,4095.0,922.0,3099.0,4095.0,4095.0,4095.0,4011.0,4.95,8.28,-2.02,-0.0,-0.1,-0.07,1.0,hello
910.0,4095.0,925.0,3107.0,4095.0,4095.0,4095.0,4037.0,5.17,8.41,-2.56,-0.03,0.01,-0.02,1.0,hello
896.0,4095.0,927.0,3102.0,4095.0,4095.0,4095.0,4037.0,5.54,8.38,-2.22,-0.06,0.02,-0.05,1.0,hello
903.0,4095.0,924.0,3098.0,4095.0,4095.0,4095.0,4048.0,5.04,8.49,-2.66,-0.03,0.01,-0.06,1.0,hello
912.0,4095.0,928.0,3105.0,4095.0,4095.0,4095.0,4087.0,4.98,8.29,-2.07,-0.04,-0.03,-0.0,1.0,hello
901.0,4095.0,917.0,3102.0,4095.0,4095.0,4095.0,4032.0,5.4,8.46,-2.43,-0.02,0.0,-0.03,1.0,hello
910.0,4095.0,925.0,3111.0,4095.0,4095.0,4095.0,4067.0,4.92,8.3,-2.46,-0.05,0.06,-0.02,1.0,hello
896.0,4095.0,918.0,3110.0,4095.0,4095.0,4095.0,4095.0,5.23,8.29,-2.19,-0.05,0.04,0.01,1.0,hello
908.0,4095.0,921.0,3104.0,4095.0,4095.0,4095.0,4095.0,5.45,8.39,-2.39,-0.01,0.03,-0.07,1.0,hello
907.0,4095.0,922.0,3115.0,4095.0,4095.0,4095.0,4095.0,5.15,8.26,-2.34,-0.01,-0.02,-0.05,1.0,hello
901.0,4095.0,919.0,3117.0,4095.0,4095.0,4095.0,4095.0,5.24,8.36,-2.53,-0.02,0.05,-0.02,1.0,hello
910.0,4095.0,923.0,3113.0,4095.0,4095.0,4095.0,4095.0,5.22,8.24,-2.47,-0.13,0.02,-0.02,1.0,hello
902.0,4095.0,918.0,3095.0,4095.0,4095.0,4095.0,4095.0,5.02,8.37,-2.38,-0.1,0.02,-0.03,1.0,hello
919.0,3264.0,3746.0,2237.0,4095.0,4095.0,4095.0,4095.0,6.25,7.63,5.39,0.13,-0.14,-0.32,1.0,hello
890.0,3247.0,3949.0,2203.0,4095.0,4095.0,4095.0,4095.0,3.3,6.83,5.11,0.56,0.2,0.14,1.0,hello
878.0,3246.0,3989.0,2259.0,4095.0,4095.0,4095.0,3412.0,4.14,5.74,3.48,0.95,-1.17,0.77,1.0,hello
879.0,3229.0,3939.0,2243.0,4095.0,4095.0,4095.0,3207.0,8.7,6.65,0.71,0.94,0.14,1.04,1.0,hello
1175.0,3208.0,3937.0,2327.0,4095.0,4095.0,4095.0,3529.0,9.8,5.82,-0.53,-0.25,-0.63,-0.0,1.0,hello
878.0,3185.0,3932.0,2359.0,4095.0,4095.0,4095.0,3294.0,8.06,6.23,1.66,-0.15,-0.36,-0.22,1.0,hello
891.0,3189.0,3895.0,2384.0,4095.0,4095.0,4095.0,3629.0,11.74,7.09,-2.54,-0.57,-0.68,-0.72,1.0,hello
4095.0,3200.0,3968.0,2351.0,4095.0,4095.0,4095.0,3521.0,14.05,7.51,-5.15,-2.17,-0.33,-2.88,1.0,hello
4095.0,3211.0,3970.0,2363.0,4095.0,4095.0,4095.0,3365.0,-8.72,-4.18,15.96,-3.37,0.19,-1.29,1.0,hello
4095.0,3232.0,4030.0,2480.0,4095.0,4095.0,4095.0,3947.0,4.42,9.75,4.77,0.06,0.22,-0.41,1.0,hello
4095.0,3238.0,4013.0,2482.0,4095.0,4095.0,4095.0,4095.0,3.45,7.97,6.03,-0.06,-0.18,-0.21,1.0,hello
4095.0,3216.0,4032.0,2496.0,4095.0,4095.0,4095.0,4095.0,3.48,7.89,5.21,-0.09,0.26,-0.09,1.0,hello
4095.0,3232.0,4004.0,2480.0,4095.0,4095.0,4095.0,4095.0,3.19,7.98,5.47,0.03,0.08,0.11,1.0,hello
4095.0,3219.0,4037.0,2485.0,4095.0,4095.0,4095.0,4095.0,4.2,8.44,5.08,0.02,-0.03,0.12,1.0,hello
4095.0,3213.0,4032.0,2480.0,4095.0,4095.0,4095.0,4095.0,4.01,8.11,5.06,0.03,-0.01,-0.01,1.0,hello
4095.0,3227.0,4015.0,2483.0,4095.0,4095.0,4095.0,4095.0,3.96,7.92,5.12,-0.08,0.01,-0.06,1.0,hello
4095.0,3215.0,4023.0,2483.0,4095.0,4095.0,4095.0,4095.0,3.66,8.02,4.98,-0.09,0.06,-0.03,1.0,hello
4095.0,3203.0,4027.0,2493.0,4095.0,4095.0,4095.0,4095.0,3.73,8.06,5.12,-0.09,0.0,-0.04,1.0,hello
4095.0,3213.0,4021.0,2485.0,4095.0,4095.0,4095.0,4095.0,3.63,8.05,5.16,-0.03,0.07,-0.04,1.0,hello
4095.0,3214.0,4023.0,2496.0,4095.0,4095.0,4095.0,4095.0,3.78,8.1,5.04,-0.04,0.06,-0.03,1.0,hello
4095.0,3267.0,3466.0,3472.0,4095.0,4095.0,4095.0,4095.0,-0.75,5.38,8.64,-0.52,0.01,-0.04,1.0,hello
4095.0,3242.0,3427.0,3277.0,4095.0,4071.0,4095.0,4095.0,-0.75,5.52,10.45,-0.16,0.04,-0.06,1.0,hello
4095.0,3247.0,3435.0,3252.0,4095.0,4095.0,4095.0,4095.0,-0.7,5.4,9.24,-0.2,-0.0,0.07,1.0,hello
3997.0,3465.0,3136.0,3184.0,4095.0,4095.0,4095.0,4095.0,-2.26,6.08,10.15,-0.46,-0.21,0.49,1.0,hello
1587.0,3463.0,3621.0,2815.0,4095.0,4095.0,4095.0,4085.0,-4.05,2.84,15.61,1.18,-0.04,2.31,1.0,hello
956.0,3694.0,4095.0,2351.0,4095.0,4095.0,4095.0,4095.0,2.11,3.47,6.26,2.13,-2.65,2.16,1.0,hello
935.0,3600.0,4095.0,2245.0,4095.0,4095.0,4095.0,3696.0,6.64,3.62,2.19,1.93,-1.66,1.62,1.0,hello
929.0,3527.0,4095.0,2319.0,4095.0,4095.0,4095.0,2545.0,8.67,5.49,0.53,1.25,-0.91,0.58,1.0,hello
1290.0,3460.0,4031.0,2406.0,4095.0,4095.0,4095.0,2253.0,8.66,6.1,2.15,0.08,-0.26,-0.2,1.0,hello
912.0,3474.0,4028.0,2398.0,4095.0,4095.0,4095.0,1389.0,13.42,7.13,-3.86,-0.72,-1.06,-0.49,1.0,hello
911.0,3484.0,4095.0,2416.0,4095.0,4095.0,4095.0,3554.0,14.16,3.57,-0.24,-3.57,0.22,-4.02,1.0,hello
950.0,3539.0,4095.0,2544.0,4095.0,4095.0,4095.0,3947.0,-12.9,1.58,12.96,-0.42,-0.46,-1.82,1.0,hello
938.0,3514.0,4095.0,2558.0,4095.0,4095.0,4095.0,4059.0,1.66,8.49,5.36,-0.32,0.07,-0.23,1.0,hello
939.0,3506.0,4095.0,2528.0,4095.0,4095.0,4095.0,4095.0,2.23,8.34,5.56,-0.18,0.14,-0.21,1.0,hello
935.0,3501.0,4095.0,2546.0,4095.0,4095.0,4095.0,4095.0,1.73,7.86,6.22,0.02,0.14,-0.07,1.0,hello
954.0,3483.0,4095.0,2541.0,4095.0,4095.0,4095.0,4095.0,1.76,8.03,6.21,-0.13,0.15,-0.02,1.0,hello
946.0,3494.0,4095.0,2535.0,4095.0,4095.0,4095.0,4095.0,2.0,8.06,5.93,-0.12,0.1,-0.01,1.0,hello
941.0,3511.0,4095.0,2544.0,4095.0,4095.0,4095.0,4095.0,2.0,8.2,5.83,-0.07,-0.04,-0.02,1.0,hello
944.0,3508.0,4095.0,2547.0,4095.0,4095.0,4095.0,4095.0,2.03,8.19,5.84,-0.04,-0.01,-0.06,1.0,hello
937.0,3502.0,4095.0,2558.0,4095.0,4095.0,4095.0,4095.0,1.98,8.07,5.97,-0.05,0.02,-0.04,1.0,hello
925.0,3435.0,4095.0,3088.0,4095.0,4002.0,4095.0,4095.0,-3.13,0.41,8.28,-0.19,-0.25,0.12,1.0,hello
916.0,3343.0,4041.0,3146.0,4095.0,4047.0,4095.0,4095.0,-4.62,1.16,11.26,-0.45,0.29,-0.41,1.0,hello
925.0,3344.0,4001.0,2655.0,4095.0,4074.0,4095.0,4095.0,-5.77,1.9,12.39,0.07,-0.1,0.11,1.0,hello
1085.0,3524.0,4010.0,2559.0,4095.0,4095.0,4095.0,4095.0,-9.77,0.88,19.76,1.08,-0.11,0.97,1.0,hello
2315.0,3500.0,3757.0,2559.0,4095.0,4095.0,4095.0,4095.0,-8.06,-1.23,8.49,3.17,-1.58,2.75,1.0,hello
972.0,4095.0,4095.0,2497.0,4095.0,4095.0,4095.0,4095.0,0.26,1.48,0.87,2.65,-3.1,3.38,1.0,hello
934.0,3943.0,4095.0,2419.0,4095.0,4095.0,4095.0,2853.0,6.9,2.92,-0.12,1.48,-2.01,2.41,1.0,hello
941.0,3874.0,4095.0,2475.0,4095.0,4095.0,4095.0,2945.0,8.49,6.37,-0.27,1.01,-1.09,0.48,1.0,hello
921.0,3823.0,4095.0,2559.0,4095.0,4095.0,4095.0,3447.0,7.98,6.49,0.52,-0.01,-0.4,-0.05,1.0,hello
925.0,3788.0,4095.0,2588.0,4095.0,4095.0,4095.0,3629.0,15.07,6.96,-5.9,-1.15,-1.24,-1.21,1.0,hello
931.0,3773.0,4095.0,2613.0,4095.0,4095.0,4095.0,4057.0,5.98,2.46,1.25,-4.03,0.5,-3.68,1.0,hello
944.0,3789.0,4095.0,2640.0,4095.0,4095.0,4095.0,4095.0,-4.49,5.56,13.11,-0.16,-0.33,-0.6,1.0,hello
931.0,3799.0,4095.0,2655.0,4095.0,4095.0,4095.0,4095.0,3.23,8.19,6.58,-0.27,0.06,0.07,1.0,hello
923.0,3775.0,4095.0,2647.0,4095.0,4095.0,4095.0,4095.0,3.32,7.83,5.7,-0.17,0.06,-0.1,1.0,hello
928.0,3796.0,4095.0,2644.0,4095.0,4095.0,4095.0,4095.0,2.81,7.47,6.63,-0.13,-0.06,-0.01,1.0,hello
932.0,3792.0,4095.0,2651.0,4095.0,4095.0,4095.0,4095.0,2.98,7.72,5.97,-0.14,-0.08,0.03,1.0,hello
941.0,3783.0,4095.0,2639.0,4095.0,4095.0,4095.0,4095.0,2.9,7.74,6.06,-0.09,0.05,0.03,1.0,hello
945.0,3767.0,4095.0,2662.0,4095.0,4095.0,4095.0,4095.0,3.14,7.57,6.33,-0.11,-0.07,-0.06,1.0,hello
931.0,3799.0,4095.0,2687.0,4095.0,4095.0,4095.0,4095.0,2.84,7.66,6.06,-0.06,-0.01,-0.05,1.0,hello
944.0,3786.0,4095.0,2703.0,4095.0,4095.0,4095.0,4095.0,2.52,7.61,6.3,-0.03,0.07,0.01,1.0,hello
939.0,3235.0,3264.0,3053.0,4095.0,3654.0,4095.0,4095.0,-3.37,-2.09,9.81,-0.08,-0.14,-0.04,1.0,hello
940.0,3290.0,3280.0,3191.0,4095.0,3802.0,4095.0,4095.0,-3.36,-2.23,11.11,-0.18,-0.28,-0.07,1.0,hello
950.0,3392.0,3328.0,3175.0,4095.0,4043.0,4095.0,4095.0,-3.12,-1.68,15.62,0.37,-0.61,0.34,1.0,hello
923.0,3529.0,3463.0,2870.0,4095.0,4095.0,4095.0,4095.0,-13.42,-8.48,18.11,3.69,0.37,2.0,1.0,hello
929.0,3583.0,3632.0,2410.0,4095.0,4095.0,4095.0,4095.0,-3.01,-3.15,4.44,4.55,-2.31,3.83,1.0,hello
949.0,3561.0,3899.0,2373.0,4095.0,4095.0,4095.0,4095.0,3.36,1.83,-0.79,2.52,-2.15,3.1,1.0,hello
941.0,3505.0,3961.0,2374.0,4095.0,4095.0,4095.0,3474.0,6.75,3.59,-1.31,1.49,-1.5,1.54,1.0,hello
944.0,3430.0,3998.0,2455.0,4095.0,4095.0,4095.0,2646.0,8.85,5.9,-0.62,-0.05,-0.98,0.01,1.0,hello
953.0,3447.0,4006.0,2461.0,4095.0,4095.0,4095.0,2234.0,14.1,6.81,-2.84,-0.8,-1.45,-1.08,1.0,hello
942.0,3430.0,4013.0,2480.0,4095.0,4095.0,4095.0,3453.0,10.35,4.71,-2.25,-3.4,-0.38,-3.66,1.0,hello
942.0,3472.0,4010.0,2605.0,4095.0,4095.0,4095.0,4095.0,-8.41,2.25,17.37,-0.36,-0.87,-0.72,1.0,hello
944.0,3461.0,4054.0,2611.0,4095.0,4095.0,4095.0,4095.0,3.86,8.58,6.09,-0.31,0.02,-0.04,1.0,hello
944.0,3478.0,4048.0,2609.0,4095.0,4095.0,4095.0,4095.0,3.06,8.11,5.55,-0.09,0.03,-0.2,1.0,hello
943.0,3472.0,4075.0,2610.0,4095.0,4095.0,4095.0,4095.0,2.82,7.67,6.25,-0.12,-0.02,-0.11,1.0,hello
943.0,3439.0,4037.0,2598.0,4095.0,4095.0,4095.0,4095.0,2.58,8.02,5.77,-0.12,0.01,-0.1,1.0,hello
947.0,3455.0,4033.0,2622.0,4095.0,4095.0,4095.0,4095.0,2.67,7.89,5.91,-0.08,-0.04,-0.04,1.0,hello
945.0,3440.0,4053.0,2608.0,4095.0,4095.0,4095.0,4095.0,2.6,7.88,5.93,-0.11,-0.02,-0.03,1.0,hello
943.0,3440.0,4068.0,2614.0,4095.0,4095.0,4095.0,4095.0,2.64,7.95,5.99,-0.09,0.02,-0.05,1.0,hello
945.0,3443.0,4065.0,2615.0,4095.0,4095.0,4095.0,4095.0,2.66,7.82,6.09,-0.09,-0.0,-0.03,1.0,hello
942.0,3451.0,4065.0,2631.0,4095.0,4095.0,4095.0,4095.0,2.53,7.81,6.1,-0.06,0.02,-0.09,1.0,hello
2397.0,3488.0,4095.0,3492.0,4095.0,3569.0,4095.0,4073.0,-4.44,-1.89,8.7,-0.12,0.01,0.0,1.0,hello
2349.0,3507.0,4095.0,3504.0,4095.0,3573.0,4095.0,4095.0,-4.64,-2.35,9.04,-0.04,-0.07,0.11,1.0,hello
2368.0,3494.0,4095.0,3503.0,4095.0,3573.0,4095.0,4080.0,-3.72,-2.17,8.52,-0.03,-0.04,0.08,1.0,hello
2325.0,3462.0,4095.0,3482.0,4095.0,3583.0,4095.0,4009.0,-3.17,-0.52,11.15,-0.2,0.38,-0.02,1.0,hello
2909.0,3456.0,4095.0,3556.0,4095.0,3607.0,4095.0,3872.0,-3.6,1.67,13.61,0.35,0.22,-0.15,1.0,hello
966.0,3610.0,4095.0,3526.0,4095.0,4095.0,4095.0,4095.0,-18.52,-10.79,13.24,1.31,1.28,0.18,1.0,hello
921.0,4095.0,4095.0,2223.0,4095.0,4095.0,4095.0,4095.0,-10.12,-7.98,6.87,2.25,-0.88,4.3,1.0,hello
943.0,3957.0,4095.0,2359.0,4095.0,4095.0,4095.0,4095.0,1.27,-1.16,2.3,3.3,-4.01,4.46,1.0,hello
933.0,3874.0,4095.0,2291.0,4095.0,4095.0,4095.0,4034.0,7.23,3.04,0.41,2.61,-2.49,2.55,1.0,hello
927.0,3711.0,4095.0,2396.0,4095.0,4095.0,4095.0,3643.0,8.95,5.85,-2.66,0.83,-0.38,0.58,1.0,hello
947.0,3670.0,4095.0,2476.0,4095.0,4095.0,4095.0,3655.0,9.52,6.68,0.47,-0.66,-0.29,-0.34,1.0,hello
932.0,3632.0,4095.0,2496.0,4095.0,4095.0,4095.0,3643.0,18.31,5.52,-3.51,-3.28,-0.11,-4.38,1.0,hello
940.0,3750.0,4095.0,2613.0,4095.0,4095.0,4095.0,4095.0,-15.19,1.91,13.64,0.11,-1.21,-1.34,1.0,hello
931.0,3709.0,4095.0,2655.0,4095.0,4095.0,4095.0,4095.0,3.34,8.82,5.66,-0.44,-0.23,-0.2,1.0,hello
921.0,3697.0,4095.0,2644.0,4095.0,4095.0,4095.0,4095.0,2.32,8.68,5.04,-0.03,-0.06,-0.07,1.0,hello
927.0,3721.0,4095.0,2653.0,4095.0,4095.0,4095.0,4095.0,2.59,7.88,6.28,-0.11,-0.1,-0.08,1.0,hello
924.0,3708.0,4095.0,2645.0,4095.0,4095.0,4095.0,4095.0,2.38,8.43,5.01,-0.09,0.09,-0.09,1.0,hello
922.0,3703.0,4095.0,2643.0,4095.0,4095.0,4095.0,4095.0,2.44,8.08,5.88,-0.13,0.1,0.03,1.0,hello
923.0,3727.0,4095.0,2658.0,4095.0,4095.0,4095.0,4095.0,2.63,8.4,5.65,-0.07,0.11,-0.08,1.0,hello
924.0,3697.0,4095.0,2671.0,4095.0,4095.0,4095.0,4095.0,2.09,8.21,5.74,-0.08,-0.04,-0.0,1.0,hello
1428.0,3330.0,4095.0,3071.0,4095.0,3476.0,3922.0,3632.0,-4.56,-6.78,7.93,-0.3,0.18,-0.04,1.0,hello
1002.0,3273.0,4095.0,2874.0,4095.0,3184.0,3618.0,3598.0,-2.98,-5.27,7.46,0.05,-0.22,0.35,1.0,hello
987.0,3283.0,4095.0,2981.0,4095.0,3227.0,3781.0,3727.0,-5.08,-6.13,9.78,-0.08,0.15,0.13,1.0,hello
954.0,3306.0,4095.0,3186.0,4095.0,3643.0,4095.0,3829.0,-14.53,-9.55,20.12,1.48,1.26,1.95,1.0,hello
944.0,3469.0,4095.0,2521.0,4095.0,4095.0,4095.0,4095.0,-11.58,-10.89,6.98,3.13,-1.93,4.35,1.0,hello
951.0,3761.0,4095.0,2443.0,4095.0,4095.0,4095.0,4095.0,-2.85,-3.77,1.05,3.78,-3.6,3.71,1.0,hello
941.0,3804.0,4095.0,2384.0,4095.0,4095.0,4095.0,3938.0,1.58,1.07,-0.09,2.68,-3.7,2.44,1.0,hello
941.0,3767.0,4095.0,2425.0,4095.0,4095.0,4095.0,3130.0,7.0,4.63,-1.45,1.21,-1.9,1.3,1.0,hello
937.0,3693.0,4095.0,2448.0,4095.0,4095.0,4095.0,3107.0,7.69,6.23,1.36,0.31,-0.74,-0.06,1.0,hello
934.0,3663.0,4095.0,2467.0,4095.0,4095.0,4095.0,3286.0,12.04,6.92,-2.65,-0.51,-0.88,-0.51,1.0,hello
929.0,3653.0,4095.0,2480.0,4095.0,4095.0,4095.0,3542.0,13.34,2.71,-1.06,-4.01,-1.18,-3.76,1.0,hello
953.0,3788.0,4095.0,2603.0,4095.0,4095.0,4095.0,4095.0,-4.61,8.56,6.63,0.49,-0.09,-0.44,1.0,hello
942.0,3793.0,3942.0,2621.0,4095.0,4095.0,4095.0,4095.0,4.38,7.57,5.98,-0.37,0.05,0.03,1.0,hello
929.0,3771.0,3919.0,2607.0,4095.0,4095.0,4095.0,4095.0,3.82,8.48,4.41,-0.19,0.13,-0.02,1.0,hello
926.0,3769.0,3887.0,2615.0,4095.0,4095.0,4095.0,4095.0,3.77,8.09,5.12,-0.08,0.04,-0.02,1.0,hello
944.0,3771.0,3911.0,2633.0,4095.0,4095.0,4095.0,4095.0,3.79,8.26,4.98,-0.11,-0.03,-0.07,1.0,hello
947.0,3754.0,3941.0,2639.0,4095.0,4095.0,4095.0,4095.0,3.53,8.04,5.21,-0.09,-0.01,-0.07,1.0,hello
931.0,3707.0,4031.0,2629.0,4095.0,4095.0,4095.0,4095.0,3.66,8.28,4.8,0.06,-0.07,-0.14,1.0,hello
943.0,3664.0,4041.0,2629.0,4095.0,4095.0,4095.0,4095.0,3.26,8.37,4.66,-0.02,0.06,-0.07,1.0,hello
938.0,3687.0,4041.0,2627.0,4095.0,4095.0,4095.0,4095.0,3.71,8.3,4.67,-0.1,-0.12,-0.02,1.0,hello
959.0,3418.0,4095.0,3063.0,4095.0,3762.0,4095.0,4095.0,-5.76,1.8,9.11,0.42,0.29,-0.18,1.0,hello
950.0,3408.0,4095.0,3091.0,4095.0,3824.0,4095.0,4095.0,-7.27,3.21,11.89,0.23,-0.35,0.57,1.0,hello
942.0,3472.0,4095.0,3026.0,4095.0,3959.0,4095.0,4095.0,-8.4,3.78,13.75,0.41,-0.59,1.49,1.0,hello
934.0,3577.0,4095.0,2359.0,4095.0,4095.0,4095.0,4095.0,-10.92,-0.49,9.36,1.98,-0.95,3.38,1.0,hello
934.0,3621.0,4095.0,2406.0,4095.0,4095.0,4095.0,4095.0,-0.62,1.37,2.62,2.72,-3.95,3.2,1.0,hello
935.0,3557.0,4095.0,2333.0,4095.0,4095.0,4095.0,3866.0,5.71,3.56,0.15,1.87,-2.62,1.89,1.0,hello
944.0,3546.0,4095.0,2390.0,4095.0,4095.0,4095.0,3657.0,7.43,6.24,-1.14,0.69,-0.68,1.03,1.0,hello
944.0,3545.0,4095.0,2453.0,4095.0,4095.0,4095.0,3849.0,7.81,7.06,1.79,-0.1,0.3,0.09,1.0,hello
939.0,3515.0,4095.0,2537.0,4095.0,4095.0,4095.0,4095.0,7.89,7.61,-0.53,-0.28,-0.67,-0.22,1.0,hello
941.0,3531.0,4095.0,2502.0,4095.0,4095.0,4095.0,3953.0,19.9,10.11,-8.62,-0.58,-2.35,-1.73,1.0,hello
907.0,3600.0,4095.0,2559.0,4095.0,4095.0,4095.0,4095.0,-7.93,-8.01,18.85,-3.6,0.24,-2.1,1.0,hello
914.0,3607.0,4095.0,2660.0,4095.0,4095.0,4095.0,4095.0,2.35,10.27,2.87,0.01,0.04,-0.2,1.0,hello
902.0,3604.0,4095.0,2674.0,4095.0,4095.0,4095.0,4095.0,2.98,8.33,6.48,-0.16,-0.14,-0.21,1.0,hello
905.0,3583.0,4095.0,2671.0,4095.0,4095.0,4095.0,4095.0,2.92,8.58,5.01,-0.06,-0.04,-0.09,1.0,hello
909.0,3615.0,4095.0,2679.0,4095.0,4095.0,4095.0,4095.0,2.88,8.34,5.12,-0.1,0.05,-0.12,1.0,hello
912.0,3600.0,4095.0,2679.0,4095.0,4095.0,4095.0,4095.0,2.79,8.57,5.07,-0.07,-0.06,-0.02,1.0,hello
914.0,3617.0,4095.0,2672.0,4095.0,4095.0,4095.0,4095.0,2.7,8.63,4.85,-0.03,-0.01,-0.03,1.0,hello
912.0,3600.0,4095.0,2672.0,4095.0,4095.0,4095.0,4095.0,2.78,8.42,5.26,-0.04,-0.01,-0.1,1.0,hello
912.0,3581.0,4095.0,2670.0,4095.0,4095.0,4095.0,4095.0,2.77,8.53,4.85,-0.07,0.05,-0.0,1.0,hello
907.0,3583.0,4095.0,2674.0,4095.0,4095.0,4095.0,4095.0,2.94,8.57,4.99,-0.06,-0.04,-0.08,1.0,hello
931.0,3290.0,4095.0,3027.0,4095.0,4095.0,4095.0,4095.0,-10.27,1.03,9.52,1.23,-0.69,2.88,1.0,hello
945.0,3396.0,4095.0,2512.0,4095.0,4095.0,4095.0,3984.0,-0.92,4.07,6.68,1.74,-2.26,3.37,1.0,hello
935.0,3498.0,4095.0,2435.0,4095.0,4095.0,4095.0,3817.0,3.24,4.86,2.55,1.53,-2.14,2.43,1.0,hello
919.0,3484.0,4095.0,2403.0,4095.0,4095.0,4095.0,3699.0,8.12,5.65,0.56,1.47,-2.11,1.21,1.0,hello
933.0,3439.0,4095.0,2411.0,4095.0,4095.0,4095.0,3293.0,7.37,6.59,-1.41,0.23,-0.19,0.35,1.0,hello
947.0,3453.0,4095.0,2482.0,4095.0,4095.0,4095.0,3537.0,6.28,6.88,2.61,-0.19,0.09,0.01,1.0,hello
943.0,3449.0,4095.0,2544.0,4095.0,4095.0,4095.0,3671.0,7.47,7.18,1.78,-0.14,-0.16,-0.07,1.0,hello
919.0,3438.0,4095.0,2480.0,4095.0,4095.0,4095.0,3136.0,16.71,8.41,-4.21,-0.51,-2.15,-0.83,1.0,hello
2220.0,3475.0,4095.0,2581.0,4095.0,4095.0,4095.0,3282.0,9.28,3.15,-0.06,-2.88,0.51,-4.29,1.0,hello
3509.0,3501.0,4095.0,2625.0,4095.0,4095.0,4095.0,4095.0,-9.72,2.58,12.13,-0.18,-1.27,-0.88,1.0,hello
4095.0,3483.0,4095.0,2651.0,4095.0,4095.0,4095.0,4095.0,3.23,9.28,6.12,-0.27,-0.13,0.03,1.0,hello
4095.0,3489.0,4095.0,2662.0,4095.0,4095.0,4095.0,4095.0,2.92,9.15,4.45,0.11,0.03,-0.1,1.0,hello
4095.0,3476.0,4095.0,2672.0,4095.0,4095.0,4095.0,4095.0,2.16,8.47,4.46,-0.05,0.04,-0.07,1.0,hello
4095.0,3493.0,4095.0,2672.0,4095.0,4095.0,4095.0,4095.0,2.52,8.71,4.53,-0.08,-0.04,-0.04,1.0,hello
4095.0,3495.0,4095.0,2671.0,4095.0,4095.0,4095.0,4095.0,2.41,8.89,4.44,-0.16,0.05,-0.07,1.0,hello
4095.0,3478.0,4095.0,2673.0,4095.0,4095.0,4095.0,4095.0,2.3,8.71,5.0,-0.2,-0.0,-0.05,1.0,hello
4095.0,3489.0,4095.0,2685.0,4095.0,4095.0,4095.0,4095.0,2.13,8.62,5.09,-0.1,0.1,-0.01,1.0,hello
4095.0,3487.0,4095.0,2675.0,4095.0,4095.0,4095.0,4095.0,2.43,8.73,4.98,-0.1,0.04,-0.06,1.0,hello
4095.0,3493.0,4095.0,2659.0,4095.0,4095.0,4095.0,4095.0,1.99,8.4,5.07,-0.04,0.15,-0.07,1.0,hello
4095.0,3490.0,4095.0,2671.0,4095.0,4095.0,4095.0,4095.0,2.34,8.79,4.73,-0.11,0.07,-0.08,1.0,hello
2031.0,3379.0,4071.0,3152.0,4095.0,3856.0,4095.0,4095.0,-5.02,1.48,9.56,-0.16,0.23,-0.16,1.0,hello
1978.0,3369.0,4066.0,3157.0,4095.0,3849.0,4095.0,4095.0,-4.3,1.75,9.22,0.03,0.21,0.05,1.0,hello
1776.0,3370.0,4095.0,3155.0,4095.0,3843.0,4095.0,4095.0,-4.86,1.43,7.73,-0.15,0.69,-0.1,1.0,hello
1627.0,3391.0,4095.0,3189.0,4095.0,3920.0,4095.0,4095.0,-7.23,3.14,10.33,-0.56,0.41,0.27,1.0,hello
1121.0,3469.0,4001.0,3360.0,4095.0,4095.0,4095.0,4095.0,-9.23,1.64,16.55,0.3,-0.43,0.94,1.0,hello
2288.0,3687.0,4095.0,3440.0,4095.0,4095.0,4095.0,4095.0,-9.59,-0.23,9.61,2.04,-1.67,2.28,1.0,hello
3262.0,3870.0,4095.0,3456.0,4095.0,4095.0,4095.0,4095.0,-4.24,-0.01,5.0,2.19,-2.28,3.23,1.0,hello
3469.0,3798.0,4095.0,2527.0,4095.0,4095.0,4095.0,4095.0,2.95,1.62,1.91,2.27,-3.09,2.86,1.0,hello
3649.0,3740.0,4095.0,2496.0,4095.0,4095.0,4095.0,3455.0,9.81,6.2,-2.71,1.59,-1.29,1.04,1.0,hello
4045.0,3751.0,4095.0,2490.0,4095.0,4095.0,4095.0,3040.0,7.02,6.52,2.05,0.1,0.32,0.35,1.0,hello
4090.0,3712.0,4095.0,2559.0,4095.0,4095.0,4095.0,3870.0,7.23,6.81,2.29,-0.07,0.32,-0.06,1.0,hello
4015.0,3739.0,4095.0,2617.0,4095.0,4095.0,4095.0,3817.0,8.77,7.12,1.54,-0.29,-0.34,-0.19,1.0,hello
4019.0,3701.0,4095.0,2539.0,4095.0,4095.0,4095.0,3831.0,20.06,8.74,-7.17,-1.64,-1.84,-2.68,1.0,hello
4095.0,3728.0,4095.0,2659.0,4095.0,4095.0,4095.0,4095.0,-8.94,-3.04,12.81,-2.92,1.08,-2.28,1.0,hello
4095.0,3745.0,4095.0,2641.0,4095.0,4095.0,4095.0,4095.0,-2.2,7.36,8.73,-0.4,-0.82,-0.07,1.0,hello
4095.0,3707.0,4095.0,2673.0,4095.0,4095.0,4095.0,4095.0,3.32,8.33,6.86,-0.04,0.08,-0.04,1.0,hello
4095.0,3719.0,4095.0,2711.0,4095.0,4095.0,4095.0,4095.0,2.22,8.05,5.82,-0.05,0.11,-0.03,1.0,hello
4095.0,3697.0,4095.0,2720.0,4095.0,4095.0,4095.0,4095.0,2.21,8.02,5.81,-0.05,0.16,-0.0,1.0,hello
4095.0,3697.0,4095.0,2706.0,4095.0,4095.0,4095.0,4095.0,2.39,7.89,5.8,-0.06,0.14,0.01,1.0,hello
4095.0,3659.0,4095.0,2704.0,4095.0,4095.0,4095.0,4095.0,2.66,8.0,5.95,-0.09,0.0,-0.05,1.0,hello
937.0,3213.0,4095.0,3173.0,4095.0,3967.0,4095.0,4095.0,-5.94,1.29,10.66,0.26,-0.03,0.46,1.0,hello
938.0,3216.0,4095.0,3190.0,4095.0,3982.0,4095.0,4095.0,-6.19,1.66,11.12,0.67,-0.29,0.94,1.0,hello
944.0,3239.0,4095.0,3187.0,4095.0,4016.0,4095.0,4095.0,-5.37,3.12,12.07,0.93,-0.29,1.34,1.0,hello
944.0,3321.0,4095.0,3055.0,4095.0,4095.0,4095.0,4095.0,-8.69,2.23,9.25,1.56,-0.18,1.93,1.0,hello
941.0,3430.0,4095.0,2544.0,4095.0,4095.0,4095.0,4095.0,-2.8,1.99,5.07,2.41,-2.71,2.74,1.0,hello
941.0,3457.0,4095.0,2412.0,4095.0,4095.0,4095.0,4095.0,4.25,3.65,1.02,2.35,-3.01,2.72,1.0,hello
930.0,3453.0,4095.0,2428.0,4095.0,4095.0,4095.0,3759.0,8.69,6.0,-2.15,1.04,-1.13,1.6,1.0,hello
903.0,3452.0,4095.0,2410.0,4095.0,4095.0,4095.0,3843.0,7.7,6.45,0.09,0.11,-0.04,0.6,1.0,hello
929.0,3428.0,4095.0,2506.0,4095.0,4095.0,4095.0,4074.0,9.0,6.67,-0.11,0.03,-0.35,-0.09,1.0,hello
2543.0,3452.0,4095.0,2554.0,4095.0,4095.0,4095.0,4095.0,10.79,6.04,-1.12,-0.47,-0.52,-0.79,1.0,hello
1126.0,3415.0,4095.0,2559.0,4095.0,4095.0,4095.0,4046.0,14.34,6.41,-4.58,-2.56,-0.35,-2.92,1.0,hello
935.0,3431.0,4095.0,2679.0,4095.0,4095.0,4095.0,4095.0,-10.83,-1.64,17.76,-2.64,0.12,-0.9,1.0,hello
1834.0,3435.0,4095.0,2684.0,4095.0,4095.0,4095.0,4095.0,4.08,10.66,3.41,-0.58,-0.16,-0.06,1.0,hello
976.0,3428.0,4095.0,2703.0,4095.0,4095.0,4095.0,4095.0,3.04,8.45,6.0,0.04,0.04,-0.18,1.0,hello
1160.0,3427.0,4095.0,2685.0,4095.0,4095.0,4095.0,4095.0,2.83,8.21,5.01,-0.14,-0.08,-0.11,1.0,hello
1150.0,3415.0,4095.0,2699.0,4095.0,4095.0,4095.0,4095.0,2.8,8.43,4.91,-0.04,0.11,-0.08,1.0,hello
1168.0,3419.0,4095.0,2677.0,4095.0,4095.0,4095.0,4095.0,2.97,8.43,4.94,-0.07,0.08,-0.1,1.0,hello
1136.0,3405.0,4095.0,2708.0,4095.0,4095.0,4095.0,4095.0,2.75,8.71,4.63,-0.11,0.44,-0.14,1.0,hello
1061.0,3418.0,4095.0,2723.0,4095.0,4095.0,4095.0,4095.0,2.61,8.48,5.4,-0.18,0.05,-0.05,1.0,hello
1251.0,3402.0,4095.0,2688.0,4095.0,4095.0,4095.0,4095.0,2.67,8.52,4.98,-0.19,0.13,-0.11,1.0,hello
944.0,3345.0,4095.0,3127.0,4095.0,4095.0,4095.0,4095.0,-3.05,0.78,11.14,0.28,-0.06,0.03,1.0,hello
946.0,3355.0,4095.0,3167.0,4095.0,4095.0,4095.0,4095.0,-5.28,0.39,9.6,0.84,0.29,0.03,1.0,hello
943.0,3361.0,4095.0,3172.0,4095.0,4095.0,4095.0,4095.0,-4.87,2.35,9.86,0.7,0.26,0.29,1.0,hello
944.0,3415.0,4095.0,3125.0,4095.0,4095.0,4095.0,4095.0,-12.45,0.84,13.8,1.3,2.15,1.07,1.0,hello
936.0,3548.0,4095.0,2410.0,4095.0,4095.0,4095.0,4095.0,-9.49,-1.0,5.2,2.02,-2.97,4.06,1.0,hello
944.0,3536.0,4095.0,2317.0,4095.0,4095.0,4095.0,4095.0,1.16,1.03,1.83,1.61,-2.91,3.85,1.0,hello
931.0,3463.0,4095.0,2354.0,4095.0,4095.0,4095.0,4016.0,8.7,4.74,0.36,1.17,-2.3,1.86,1.0,hello
912.0,3453.0,4095.0,2415.0,4095.0,4095.0,4095.0,3808.0,5.92,6.12,1.91,0.49,-0.77,0.77,1.0,hello
939.0,3437.0,4095.0,2465.0,4095.0,4095.0,4095.0,4019.0,7.06,6.83,3.0,-0.29,-0.15,0.16,1.0,hello
926.0,3458.0,4095.0,2487.0,4095.0,4095.0,4095.0,3877.0,10.29,7.04,0.78,-0.37,-0.57,-0.19,1.0,hello
1851.0,3444.0,4095.0,2438.0,4095.0,4095.0,4095.0,3523.0,19.8,3.21,1.62,-2.58,-1.23,-4.56,1.0,hello
947.0,3534.0,4095.0,2559.0,4095.0,4095.0,4095.0,4028.0,-14.87,4.37,6.88,-0.16,-1.6,-1.25,1.0,hello
933.0,3495.0,4095.0,2550.0,4095.0,4095.0,4095.0,4095.0,4.05,9.02,4.83,-0.33,-0.3,-0.04,1.0,hello
930.0,3523.0,4095.0,2558.0,4095.0,4095.0,4095.0,4095.0,2.1,9.03,4.46,-0.1,0.04,-0.3,1.0,hello
931.0,3509.0,4095.0,2547.0,4095.0,4095.0,4095.0,4095.0,2.01,8.82,4.95,-0.1,-0.01,-0.13,1.0,hello
933.0,3479.0,4095.0,2555.0,4095.0,4095.0,4095.0,4095.0,1.83,8.86,4.65,-0.1,0.03,-0.08,1.0,hello
924.0,3520.0,4095.0,2559.0,4095.0,4095.0,4095.0,4095.0,2.15,8.88,4.71,-0.1,0.07,-0.1,1.0,hello
926.0,3497.0,4095.0,2559.0,4095.0,4095.0,4095.0,4095.0,1.7,8.66,4.94,-0.15,0.09,-0.08,1.0,hello
928.0,3493.0,4095.0,2559.0,4095.0,4095.0,4095.0,4095.0,1.77,8.8,5.07,-0.08,-0.02,-0.05,1.0,hello
913.0,3504.0,4095.0,2559.0,4095.0,4095.0,4095.0,4095.0,1.78,8.83,4.87,-0.04,-0.03,-0.05,1.0,hello
1008.0,3445.0,1008.0,3250.0,4095.0,4095.0,4095.0,4095.0,-9.97,-0.65,8.61,2.03,-1.83,2.01,1.0,hello
967.0,3553.0,1949.0,3210.0,4095.0,4095.0,4095.0,4095.0,-4.6,1.29,5.27,2.06,-1.2,2.91,1.0,hello
1022.0,3715.0,1984.0,3103.0,4095.0,4095.0,4095.0,4095.0,-0.36,3.39,3.43,1.73,-1.76,2.74,1.0,hello
928.0,4071.0,2748.0,2558.0,4095.0,4095.0,4095.0,4095.0,3.6,4.21,2.99,1.36,-2.02,2.65,1.0,hello
917.0,4000.0,2947.0,2442.0,4095.0,4095.0,4095.0,3635.0,9.97,5.92,0.17,1.29,-1.3,1.37,1.0,hello
923.0,3947.0,3023.0,2401.0,4095.0,4095.0,4095.0,3825.0,9.81,5.78,0.02,-0.02,-1.15,-0.04,1.0,hello
927.0,3939.0,3252.0,2485.0,4095.0,4095.0,4095.0,3987.0,4.9,6.86,2.95,-0.19,-0.28,-0.07,1.0,hello
927.0,3856.0,3543.0,2503.0,4095.0,4095.0,4095.0,3839.0,14.02,7.75,-3.07,0.04,-0.18,-0.46,1.0,hello
912.0,3879.0,3710.0,2498.0,4095.0,4095.0,4095.0,3301.0,11.01,0.95,2.19,-3.77,0.26,-4.17,1.0,hello
2705.0,3809.0,3892.0,2640.0,4095.0,4095.0,4095.0,4095.0,-2.07,9.31,6.74,-0.07,-0.68,-0.6,1.0,hello
2769.0,3839.0,3808.0,2653.0,4095.0,4095.0,4095.0,4095.0,2.74,7.84,6.77,-0.26,-0.03,-0.23,1.0,hello
2654.0,3818.0,3746.0,2644.0,4095.0,4095.0,4095.0,4095.0,3.12,8.62,4.77,-0.16,0.05,-0.13,1.0,hello
2533.0,3809.0,3686.0,2639.0,4095.0,4095.0,4095.0,4095.0,2.97,8.2,5.56,-0.12,0.02,-0.14,1.0,hello
1811.0,3825.0,3626.0,2637.0,4095.0,4095.0,4095.0,4095.0,2.72,8.36,5.32,-0.19,0.03,-0.2,1.0,hello
1513.0,3823.0,3630.0,2641.0,4095.0,4095.0,4095.0,4095.0,2.61,8.31,5.68,-0.11,0.03,-0.11,1.0,hello
1472.0,3824.0,3600.0,2645.0,4095.0,4095.0,4095.0,4095.0,2.49,8.24,5.64,-0.08,-0.03,-0.08,1.0,hello
1198.0,3820.0,3619.0,2647.0,4095.0,4095.0,4095.0,4095.0,2.52,8.15,5.67,-0.05,-0.0,-0.11,1.0,hello
1185.0,3827.0,3600.0,2647.0,4095.0,4095.0,4095.0,4095.0,2.26,8.23,5.49,-0.07,0.06,-0.06,1.0,hello
1341.0,3830.0,3606.0,2661.0,4095.0,4095.0,4095.0,4095.0,2.35,8.22,5.94,-0.12,-0.09,-0.04,1.0,hello
1386.0,3824.0,3583.0,2661.0,4095.0,4095.0,4095.0,4095.0,2.14,8.17,5.73,-0.05,-0.09,-0.06,1.0,hello
3047.0,3259.0,4095.0,3625.0,4095.0,4095.0,4095.0,4095.0,-7.81,-4.2,6.23,0.28,-0.02,-0.03,1.0,hello
3133.0,3290.0,4095.0,3617.0,4095.0,4095.0,4095.0,4095.0,-7.27,-3.02,5.49,0.19,-0.02,0.19,1.0,hello
3088.0,3329.0,4095.0,3637.0,4095.0,4095.0,4095.0,4095.0,-7.1,-2.56,6.37,0.01,0.04,0.31,1.0,hello
2466.0,3391.0,4095.0,3622.0,4095.0,4095.0,4095.0,4095.0,-18.89,-3.35,14.33,0.53,1.08,0.87,1.0,hello
987.0,3472.0,4095.0,3023.0,4095.0,4095.0,4095.0,4095.0,-15.88,-9.04,6.7,2.8,-3.06,4.78,1.0,hello
925.0,3495.0,4095.0,2376.0,4095.0,4095.0,4095.0,4095.0,-0.33,-4.06,-1.24,2.97,-4.73,5.32,1.0,hello
926.0,3458.0,4095.0,2402.0,4095.0,4095.0,4095.0,4095.0,7.62,2.59,-0.86,1.6,-3.45,2.64,1.0,hello
913.0,3442.0,4095.0,2443.0,4095.0,4095.0,4095.0,4095.0,7.92,5.02,1.35,0.81,-1.39,0.55,1.0,hello
2859.0,3446.0,4095.0,2464.0,4095.0,4095.0,4095.0,3890.0,7.08,6.62,1.02,-0.02,-0.73,-0.14,1.0,hello
3583.0,3451.0,4095.0,2541.0,4095.0,4095.0,4095.0,4095.0,6.41,6.74,3.29,-0.11,-0.09,-0.12,1.0,hello
3873.0,3431.0,4095.0,2477.0,4095.0,4095.0,4095.0,4095.0,24.74,11.08,-7.09,-0.81,-1.23,-1.88,1.0,hello
4095.0,3461.0,4095.0,2559.0,4095.0,4095.0,4095.0,4095.0,-17.57,-5.39,15.52,-0.77,3.31,-2.61,1.0,hello
4095.0,3435.0,4095.0,2591.0,4095.0,4095.0,4095.0,4095.0,1.8,8.36,3.58,-0.75,-0.36,0.02,1.0,hello
4095.0,3421.0,4095.0,2621.0,4095.0,4095.0,4095.0,4095.0,2.91,9.1,5.28,-0.16,0.16,-0.21,1.0,hello
4095.0,3415.0,4095.0,2611.0,4095.0,4095.0,4095.0,4095.0,1.96,8.66,4.85,-0.34,-0.01,-0.01,1.0,hello
4095.0,3423.0,4095.0,2609.0,4095.0,4095.0,4095.0,4095.0,1.7,8.47,5.13,-0.26,0.22,-0.03,1.0,hello
4095.0,3398.0,4095.0,2545.0,4095.0,4095.0,4095.0,4095.0,2.13,8.89,5.24,-0.16,0.21,-0.08,1.0,hello
4095.0,3417.0,4095.0,2594.0,4095.0,4095.0,4095.0,4095.0,1.5,8.85,5.09,-0.13,0.08,-0.03,1.0,hello
4095.0,3408.0,4095.0,2639.0,4095.0,4095.0,4095.0,4095.0,2.11,8.49,5.46,-0.07,0.13,-0.05,1.0,hello
4095.0,3419.0,4095.0,2640.0,4095.0,4095.0,4095.0,4095.0,1.76,8.42,5.42,-0.05,0.09,-0.05,1.0,hello
962.0,3231.0,4095.0,3321.0,4095.0,4095.0,4095.0,4095.0,-6.7,-4.13,4.54,-0.22,-0.2,-0.01,1.0,hello
945.0,3220.0,4095.0,3232.0,4095.0,4095.0,4095.0,4095.0,-8.03,-5.18,5.2,-0.31,0.37,-0.01,1.0,hello
947.0,3216.0,4095.0,3327.0,4095.0,4095.0,4095.0,4095.0,-8.49,-3.44,7.99,-0.28,0.12,0.48,1.0,hello
925.0,3298.0,4095.0,3199.0,4095.0,4095.0,4095.0,4095.0,-16.69,-6.05,10.51,1.39,-0.96,0.82,1.0,hello
917.0,3394.0,4095.0,2958.0,4095.0,4095.0,4095.0,4095.0,-17.76,-11.4,3.93,1.95,-2.49,4.04,1.0,hello
3015.0,3399.0,4095.0,2822.0,4095.0,4095.0,4095.0,4095.0,-4.77,-4.76,0.53,2.72,-4.96,4.91,1.0,hello
3443.0,3399.0,4095.0,2629.0,4095.0,4095.0,4095.0,4095.0,4.97,1.77,-0.55,2.56,-3.58,3.11,1.0,hello
3863.0,3375.0,4095.0,2464.0,4095.0,4095.0,4095.0,3903.0,7.43,4.46,0.04,1.44,-1.27,1.24,1.0,hello
3979.0,3389.0,4095.0,2485.0,4095.0,4095.0,4095.0,3539.0,8.2,6.28,1.03,0.09,-1.21,0.06,1.0,hello
4015.0,3377.0,4095.0,2591.0,4095.0,4095.0,4095.0,3649.0,6.04,7.4,3.33,-0.09,-0.29,0.02,1.0,hello
3746.0,3359.0,4095.0,2614.0,4095.0,4095.0,4095.0,3472.0,19.3,9.3,-6.53,-0.27,-2.48,-1.33,1.0,hello
4095.0,3371.0,4095.0,2666.0,4095.0,4095.0,4095.0,3821.0,-3.81,-2.37,9.55,-2.97,2.8,-3.22,1.0,hello
4095.0,3395.0,4095.0,2738.0,4095.0,4095.0,4095.0,4095.0,-1.54,8.85,4.59,-0.16,-0.19,-0.13,1.0,hello
4095.0,3381.0,4095.0,2742.0,4095.0,4095.0,4095.0,4095.0,3.38,8.93,5.17,-0.14,0.29,-0.25,1.0,hello
4095.0,3377.0,4095.0,2730.0,4095.0,4095.0,4095.0,4095.0,1.69,8.53,4.74,-0.12,0.19,-0.15,1.0,hello
4079.0,3375.0,4095.0,2723.0,4095.0,4095.0,4095.0,4095.0,2.33,8.61,4.41,-0.09,0.18,-0.06,1.0,hello
4095.0,3379.0,4095.0,2737.0,4095.0,4095.0,4095.0,4095.0,2.23,8.57,5.02,-0.07,0.02,-0.09,1.0,hello
4095.0,3371.0,4095.0,2733.0,4095.0,4095.0,4095.0,4095.0,2.06,8.89,4.67,-0.07,0.15,-0.06,1.0,hello
4095.0,3373.0,4095.0,2745.0,4095.0,4095.0,4095.0,4095.0,2.31,8.82,4.83,-0.07,0.05,-0.03,1.0,hello
4095.0,3373.0,4095.0,2727.0,4095.0,4095.0,4095.0,4095.0,2.02,8.9,4.45,-0.04,0.02,-0.07,1.0,hello
2300.0,3430.0,4095.0,3186.0,4095.0,4095.0,4095.0,4095.0,-5.37,0.17,5.08,-0.22,-0.46,0.61,1.0,hello
2666.0,3445.0,4095.0,3184.0,4095.0,4095.0,4095.0,4095.0,-5.49,0.69,4.87,-0.47,0.49,-0.01,1.0,hello
2559.0,3453.0,4095.0,3200.0,4095.0,4095.0,4095.0,4095.0,-9.73,0.16,7.74,-0.38,-0.01,0.01,1.0,hello
1475.0,3500.0,3920.0,3050.0,4095.0,4095.0,4095.0,4095.0,-15.47,-1.23,13.02,1.21,-3.04,1.92,1.0,hello
977.0,3579.0,3439.0,2610.0,4095.0,4095.0,4095.0,4095.0,-4.81,0.27,9.76,2.6,-4.35,3.41,1.0,hello
944.0,3834.0,2649.0,2320.0,4095.0,4095.0,4095.0,4095.0,0.54,2.18,1.63,3.08,-3.21,2.86,1.0,hello
942.0,3888.0,2995.0,2214.0,4095.0,4095.0,4095.0,4095.0,6.25,4.21,-0.67,2.32,-2.82,1.81,1.0,hello
3644.0,3837.0,2893.0,2347.0,4095.0,4095.0,4095.0,3047.0,7.66,5.46,-2.62,0.7,-1.14,0.72,1.0,hello
4095.0,3834.0,2877.0,2431.0,4095.0,4095.0,4095.0,2445.0,8.03,5.83,0.02,0.04,-0.71,0.05,1.0,hello
4095.0,3795.0,2867.0,2458.0,4095.0,4095.0,4095.0,2894.0,7.97,6.84,0.43,-0.13,-0.23,-0.05,1.0,hello
3952.0,3741.0,2887.0,2435.0,4095.0,4095.0,4095.0,2874.0,17.74,7.37,-7.89,-0.66,-0.77,-1.46,1.0,hello
3979.0,3729.0,3051.0,2436.0,4095.0,4095.0,4095.0,3422.0,1.67,-1.67,6.65,-3.98,1.43,-3.82,1.0,hello
4095.0,3760.0,3211.0,2521.0,4095.0,4095.0,4095.0,4095.0,-0.76,9.89,3.35,0.2,0.51,-0.48,1.0,hello
4095.0,3739.0,3139.0,2538.0,4095.0,4095.0,4095.0,4095.0,2.65,8.31,4.6,-0.32,0.37,-0.18,1.0,hello
4095.0,3728.0,3169.0,2559.0,4095.0,4095.0,4095.0,4095.0,3.16,9.22,4.03,-0.16,0.02,-0.16,1.0,hello
4095.0,3711.0,3187.0,2558.0,4095.0,4095.0,4095.0,4095.0,2.61,8.94,4.2,-0.11,0.06,-0.09,1.0,hello
4095.0,3729.0,3173.0,2555.0,4095.0,4095.0,4095.0,4095.0,2.56,8.99,4.05,-0.09,0.03,-0.09,1.0,hello
4095.0,3708.0,3195.0,2559.0,4095.0,4095.0,4095.0,4095.0,2.44,9.05,4.03,-0.09,-0.08,-0.05,1.0,hello
4095.0,3684.0,3187.0,2559.0,4095.0,4095.0,4095.0,4095.0,2.83,9.11,3.88,-0.05,-0.02,-0.05,1.0,hello
4095.0,3723.0,3202.0,2559.0,4095.0,4095.0,4095.0,4095.0,2.55,8.94,3.99,-0.06,-0.02,-0.08,1.0,hello
1718.0,3226.0,4048.0,3098.0,4095.0,4095.0,4095.0,4095.0,-7.13,-4.0,4.27,-0.16,-0.06,-0.12,1.0,hello
1823.0,3234.0,4080.0,3115.0,4095.0,4095.0,4095.0,4095.0,-7.39,-4.5,4.65,-0.06,-0.11,-0.02,1.0,hello
2661.0,3232.0,4095.0,3119.0,4095.0,4095.0,4095.0,4095.0,-6.64,-4.42,4.24,-0.05,0.11,-0.04,1.0,hello
3034.0,3310.0,3935.0,3117.0,4095.0,4095.0,4095.0,4095.0,-9.06,-4.32,5.55,-0.46,0.43,0.01,1.0,hello
1318.0,3487.0,4095.0,3600.0,4095.0,4095.0,4095.0,4095.0,-16.97,-4.14,14.42,0.91,-0.19,1.61,1.0,hello
1599.0,3663.0,4095.0,3785.0,4095.0,4095.0,4095.0,4095.0,-15.21,-8.34,4.41,2.75,-1.6,3.8,1.0,hello
1870.0,3666.0,4095.0,2835.0,4095.0,4095.0,4095.0,4095.0,-7.05,-4.54,0.83,2.25,-3.94,4.51,1.0,hello
2846.0,3619.0,4095.0,2465.0,4095.0,4095.0,4095.0,4095.0,1.22,1.02,-0.1,2.16,-5.18,3.77,1.0,hello
3504.0,3625.0,4095.0,2390.0,4095.0,4095.0,4095.0,4095.0,7.68,5.25,-0.58,1.08,-2.73,2.19,1.0,hello
4077.0,3579.0,4095.0,2401.0,4095.0,4095.0,4095.0,4095.0,7.04,5.99,0.16,0.85,-1.27,0.73,1.0,hello
4095.0,3555.0,4095.0,2442.0,4095.0,4095.0,4095.0,3984.0,6.53,6.46,0.55,0.47,0.17,0.36,1.0,hello
4095.0,3549.0,4095.0,2508.0,4095.0,4095.0,4095.0,4095.0,7.11,6.82,0.35,0.01,0.24,-0.03,1.0,hello
4086.0,3531.0,4095.0,2544.0,4095.0,4095.0,4095.0,4023.0,12.06,7.91,-3.2,-0.18,-0.19,-0.27,1.0,hello
4095.0,3500.0,4095.0,2559.0,4095.0,4095.0,4095.0,3927.0,13.14,4.35,-1.23,-2.68,-0.43,-3.71,1.0,hello
4095.0,3525.0,4095.0,2624.0,4095.0,4095.0,4095.0,4095.0,-6.36,4.63,8.93,-0.58,-1.53,-0.68,1.0,hello
4095.0,3506.0,4095.0,2591.0,4095.0,4095.0,4095.0,4095.0,5.53,9.31,3.61,-0.23,0.06,-0.25,1.0,hello
4095.0,3508.0,4095.0,2607.0,4095.0,4095.0,4095.0,4095.0,3.05,8.95,3.26,-0.21,0.11,-0.23,1.0,hello
4095.0,3499.0,4095.0,2631.0,4095.0,4095.0,4095.0,4095.0,3.66,8.91,4.04,-0.25,0.07,-0.12,1.0,hello
4095.0,3490.0,4095.0,2634.0,4095.0,4095.0,4095.0,4095.0,2.84,8.93,4.08,-0.14,0.14,-0.11,1.0,hello
4095.0,3511.0,4095.0,2640.0,4095.0,4095.0,4095.0,4095.0,3.21,9.01,3.95,-0.1,0.14,-0.03,1.0,hello
2319.0,3279.0,4095.0,3216.0,4095.0,4095.0,4095.0,4095.0,-7.17,-3.52,5.49,-0.12,-0.25,-0.06,1.0,hello
2281.0,3278.0,4095.0,3241.0,4095.0,4095.0,4095.0,4095.0,-6.62,-3.41,5.83,-0.02,-0.11,-0.19,1.0,hello
2277.0,3270.0,4095.0,3248.0,4095.0,4095.0,4095.0,4095.0,-7.24,-3.52,5.57,0.01,0.09,-0.16,1.0,hello
2271.0,3282.0,4095.0,3261.0,4095.0,4095.0,4095.0,4095.0,-6.81,-3.39,5.52,-0.03,0.08,-0.15,1.0,hello
2705.0,3289.0,4095.0,3268.0,4095.0,4095.0,4095.0,4095.0,-6.64,-3.37,5.78,-0.15,0.09,-0.28,1.0,hello
1973.0,3311.0,4095.0,3291.0,4095.0,4095.0,4095.0,4095.0,-10.17,-3.28,14.47,0.68,0.87,0.24,1.0,hello
1728.0,3359.0,4095.0,3275.0,4095.0,4095.0,4095.0,4095.0,-19.39,-6.2,9.33,2.68,-0.41,1.78,1.0,hello
1627.0,3402.0,4095.0,2652.0,4095.0,4095.0,4095.0,4095.0,-13.9,-6.98,1.47,2.11,-2.77,4.81,1.0,hello
1450.0,3419.0,4095.0,2371.0,4095.0,4095.0,4095.0,4095.0,-3.38,-1.98,-0.1,1.94,-4.88,4.71,1.0,hello
2697.0,3490.0,4095.0,2416.0,4095.0,4095.0,4095.0,4095.0,5.9,1.98,-1.64,1.78,-4.42,2.97,1.0,hello
3841.0,3457.0,4095.0,2415.0,4095.0,4095.0,4095.0,3836.0,8.28,5.63,-0.18,0.6,-0.43,0.92,1.0,hello
3892.0,3445.0,4095.0,2527.0,4095.0,4095.0,4095.0,4095.0,7.22,6.53,2.44,-0.15,-0.04,0.16,1.0,hello
3915.0,3433.0,4095.0,2559.0,4095.0,4095.0,4095.0,4095.0,9.56,6.94,1.29,-0.16,-0.27,-0.06,1.0,hello
3678.0,3399.0,4095.0,2509.0,4095.0,4095.0,4095.0,3453.0,28.08,8.97,-7.15,-1.73,-2.01,-3.59,1.0,hello
4095.0,3473.0,4095.0,2736.0,4095.0,4095.0,4095.0,4095.0,-19.37,-1.99,12.65,-0.75,0.49,-1.95,1.0,hello
3986.0,3438.0,4095.0,2666.0,4095.0,4095.0,4095.0,4095.0,3.97,9.31,2.8,-0.43,-0.2,-0.13,1.0,hello
4039.0,3451.0,4095.0,2703.0,4095.0,4095.0,4095.0,4095.0,3.17,8.54,4.83,-0.14,0.0,-0.28,1.0,hello
4025.0,3440.0,4095.0,2704.0,4095.0,4095.0,4095.0,4095.0,3.03,8.45,4.92,-0.16,-0.08,-0.11,1.0,hello
4034.0,3442.0,4095.0,2701.0,4095.0,4095.0,4095.0,4095.0,2.85,9.0,4.52,-0.1,0.06,-0.08,1.0,hello
4050.0,3442.0,4095.0,2727.0,4095.0,4095.0,4095.0,4095.0,2.76,8.49,4.79,-0.06,0.01,-0.1,1.0,hello
2011.0,3343.0,4095.0,3162.0,4095.0,4095.0,4095.0,4095.0,-5.96,-3.51,6.71,-0.19,-0.12,-0.03,1.0,hello
2250.0,3337.0,4095.0,3173.0,4095.0,4095.0,4095.0,4095.0,-5.67,-3.66,6.0,-0.25,0.08,-0.25,1.0,hello
2096.0,3330.0,4095.0,3170.0,4095.0,4095.0,4095.0,4095.0,-6.64,-4.06,6.84,-0.27,-0.09,-0.22,1.0,hello
1980.0,3310.0,4095.0,3181.0,4095.0,4095.0,4095.0,4095.0,-6.3,-3.77,6.71,-0.13,0.06,-0.06,1.0,hello
1879.0,3312.0,4095.0,3189.0,4095.0,4095.0,4095.0,4095.0,-9.75,-2.89,11.19,-0.15,0.7,0.38,1.0,hello
932.0,3337.0,4095.0,2918.0,4095.0,4095.0,4095.0,4095.0,-16.69,-5.99,16.58,1.98,0.38,2.22,1.0,hello
944.0,3441.0,4095.0,2651.0,4095.0,4095.0,4095.0,4095.0,-11.16,-7.87,5.33,3.22,-2.65,4.21,1.0,hello
1873.0,3578.0,4095.0,2542.0,4095.0,4095.0,4095.0,4095.0,-2.45,-2.34,-0.97,2.54,-4.11,4.43,1.0,hello
1023.0,3610.0,4095.0,2419.0,4095.0,4095.0,4095.0,4095.0,5.78,2.05,0.44,1.6,-3.48,2.72,1.0,hello
2651.0,3558.0,4095.0,2448.0,4095.0,4095.0,4095.0,4095.0,8.43,5.37,0.32,0.79,-0.78,0.96,1.0,hello
937.0,3520.0,4095.0,2559.0,4095.0,4095.0,4095.0,4095.0,7.2,6.62,1.07,0.07,-0.76,0.26,1.0,hello
2171.0,3519.0,4095.0,2599.0,4095.0,4095.0,4095.0,4095.0,11.76,7.6,0.31,0.01,-0.56,-0.04,1.0,hello
3344.0,3481.0,4095.0,2604.0,4095.0,4095.0,4095.0,3627.0,19.9,5.69,-2.21,-2.81,-0.46,-4.33,1.0,hello
912.0,3535.0,4095.0,2689.0,4095.0,4095.0,4095.0,4095.0,-14.65,1.32,9.07,0.07,-3.71,-1.32,1.0,hello
1474.0,3492.0,4095.0,2697.0,4095.0,4095.0,4095.0,4095.0,5.77,8.74,4.86,-0.21,-0.54,-0.24,1.0,hello
1255.0,3505.0,4095.0,2714.0,4095.0,4095.0,4095.0,4095.0,3.15,8.99,4.12,-0.11,-0.01,-0.16,1.0,hello
1203.0,3489.0,4095.0,2707.0,4095.0,4095.0,4095.0,4095.0,3.43,8.64,4.57,-0.11,0.12,-0.15,1.0,hello
1339.0,3513.0,4095.0,2711.0,4095.0,4095.0,4095.0,4095.0,2.75,8.53,4.39,-0.12,0.07,-0.05,1.0,hello
1367.0,3493.0,4095.0,2701.0,4095.0,4095.0,4095.0,4095.0,3.25,8.47,4.54,-0.11,0.22,-0.08,1.0,hello
1479.0,3504.0,4095.0,2690.0,4095.0,4095.0,4095.0,4095.0,3.11,8.65,4.39,-0.12,0.05,-0.08,1.0,hello
1269.0,3318.0,3203.0,3157.0,4095.0,4095.0,4095.0,4095.0,-6.7,-3.74,5.32,0.04,0.05,-0.07,1.0,hello
1249.0,3310.0,3236.0,3173.0,4095.0,4095.0,4095.0,4095.0,-6.72,-3.71,5.44,-0.13,0.07,-0.13,1.0,hello
1343.0,3314.0,3207.0,3174.0,4095.0,4095.0,4095.0,4095.0,-6.69,-3.59,5.27,-0.17,0.31,-0.12,1.0,hello
1489.0,3364.0,3158.0,3183.0,4095.0,4095.0,4095.0,4095.0,-8.58,-3.35,9.19,-0.53,0.26,-0.03,1.0,hello
925.0,3500.0,2856.0,3155.0,4095.0,4095.0,4095.0,4095.0,-17.72,-7.23,14.68,2.13,-0.21,0.82,1.0,hello
1302.0,3686.0,2615.0,3108.0,4095.0,4095.0,4095.0,4095.0,-16.27,-9.89,3.34,3.04,-2.07,3.98,1.0,hello
2332.0,3748.0,2544.0,2747.0,4095.0,4095.0,4095.0,4095.0,-4.59,-3.88,-0.45,2.77,-4.16,4.97,1.0,hello
1345.0,3631.0,3440.0,2373.0,4095.0,4095.0,4095.0,4095.0,4.71,1.61,-0.08,2.36,-4.17,3.56,1.0,hello
927.0,3574.0,3563.0,2450.0,4095.0,4095.0,4095.0,4095.0,7.66,5.2,-2.4,1.5,-1.75,1.46,1.0,hello
939.0,3564.0,3825.0,2529.0,4095.0,4095.0,4095.0,4095.0,6.91,6.64,-0.77,0.17,-0.7,0.3,1.0,hello
928.0,3565.0,3888.0,2639.0,4095.0,4095.0,4095.0,4095.0,6.38,6.87,1.12,-0.13,0.07,-0.07,1.0,hello
1519.0,3507.0,3996.0,2605.0,4095.0,4095.0,4095.0,2549.0,21.04,7.95,-8.89,-0.88,-0.52,-1.68,1.0,hello
945.0,3520.0,4052.0,2686.0,4095.0,4095.0,4095.0,4018.0,-7.28,-3.4,12.96,-3.29,1.64,-3.08,1.0,hello
940.0,3525.0,4095.0,2751.0,4095.0,4095.0,4095.0,4095.0,-1.47,10.35,4.18,0.08,-0.13,-0.17,1.0,hello
931.0,3519.0,4095.0,2759.0,4095.0,4095.0,4095.0,4095.0,2.56,9.0,5.4,-0.2,0.07,-0.22,1.0,hello
928.0,3525.0,4095.0,2743.0,4095.0,4095.0,4095.0,4095.0,1.59,8.91,4.5,-0.09,0.26,-0.04,1.0,hello
923.0,3545.0,4095.0,2744.0,4095.0,4095.0,4095.0,4095.0,2.35,8.96,4.93,-0.11,0.12,-0.07,1.0,hello
927.0,3519.0,4095.0,2749.0,4095.0,4095.0,4095.0,4095.0,1.73,8.71,4.61,-0.06,0.2,-0.07,1.0,hello
958.0,3520.0,4095.0,2737.0,4095.0,4095.0,4095.0,4095.0,2.21,8.74,4.61,-0.08,0.2,-0.02,1.0,hello
959.0,3526.0,4092.0,2744.0,4095.0,4095.0,4095.0,4095.0,2.1,9.02,4.81,-0.06,0.2,-0.1,1.0,hello
951.0,3295.0,4095.0,2991.0,4095.0,4095.0,4095.0,4095.0,-7.01,-4.3,5.14,-0.15,-0.09,-0.01,1.0,hello
947.0,3301.0,4095.0,2994.0,4095.0,4095.0,4095.0,4095.0,-6.65,-4.44,5.03,-0.13,0.07,-0.06,1.0,hello
955.0,3296.0,4095.0,2993.0,4095.0,4095.0,4095.0,4095.0,-7.06,-4.73,4.17,-0.12,0.45,-0.15,1.0,hello
955.0,3310.0,4095.0,2976.0,4095.0,4095.0,4095.0,4095.0,-8.36,-4.01,6.52,-0.24,0.62,0.08,1.0,hello
924.0,3331.0,4095.0,3157.0,4095.0,4095.0,4095.0,4095.0,-17.33,-4.67,15.06,1.47,-0.93,1.19,1.0,hello
903.0,3445.0,4095.0,3065.0,4095.0,4095.0,4095.0,4095.0,-23.82,-12.95,3.98,2.74,-3.39,5.37,1.0,hello
927.0,3479.0,4095.0,2646.0,4095.0,4095.0,4095.0,4095.0,-1.53,-4.75,-3.37,2.35,-4.81,5.68,1.0,hello
950.0,3491.0,4095.0,2545.0,4095.0,4095.0,4095.0,4095.0,6.75,3.2,-0.39,2.02,-4.07,2.37,1.0,hello
943.0,3501.0,4095.0,2559.0,4095.0,4095.0,4095.0,4095.0,5.43,5.13,0.57,1.03,-1.81,1.17,1.0,hello
922.0,3489.0,4095.0,2689.0,4095.0,4095.0,4095.0,4095.0,6.26,6.0,1.65,0.28,-1.0,0.56,1.0,hello
916.0,3467.0,4095.0,2740.0,4095.0,4095.0,4095.0,4095.0,7.88,6.94,0.71,-0.09,-0.66,0.03,1.0,hello
2222.0,3439.0,4095.0,2752.0,4095.0,4095.0,4095.0,4095.0,16.93,8.09,-5.54,-0.17,-0.42,-0.9,1.0,hello
961.0,3437.0,4095.0,2805.0,4095.0,4095.0,4095.0,4095.0,2.0,-2.89,8.71,-4.72,1.03,-3.97,1.0,hello
1136.0,3419.0,4095.0,2823.0,4095.0,4095.0,4095.0,4095.0,-2.06,10.09,2.85,-0.13,1.34,-0.42,1.0,hello
2365.0,3439.0,4095.0,2846.0,4095.0,4095.0,4095.0,4095.0,2.91,8.47,5.53,-0.24,-0.2,-0.13,1.0,hello
2530.0,3436.0,4095.0,2831.0,4095.0,4095.0,4095.0,4095.0,2.08,8.93,4.19,-0.14,0.25,-0.18,1.0,hello
2541.0,3431.0,4095.0,2832.0,4095.0,4095.0,4095.0,4095.0,2.17,8.82,4.56,-0.08,0.03,-0.08,1.0,hello
2534.0,3414.0,4095.0,2821.0,4095.0,4095.0,4095.0,4095.0,2.16,8.97,4.53,-0.05,-0.07,-0.07,1.0,hello
2538.0,3424.0,4095.0,2819.0,4095.0,4095.0,4095.0,4095.0,2.0,8.81,4.36,-0.13,-0.01,-0.05,1.0,hello
2559.0,3423.0,4095.0,2814.0,4095.0,4095.0,4095.0,4095.0,2.48,8.83,4.77,-0.12,-0.09,-0.05,1.0,hello
1978.0,3391.0,3990.0,3159.0,4095.0,4095.0,4095.0,4095.0,-8.06,-3.83,3.45,-0.03,-0.01,-0.02,1.0,hello
1981.0,3385.0,4011.0,3170.0,4095.0,4095.0,4095.0,4095.0,-7.85,-3.69,3.34,-0.05,0.02,0.01,1.0,hello
2047.0,3373.0,4007.0,3169.0,4095.0,4095.0,4095.0,4095.0,-8.53,-3.87,3.89,-0.0,0.01,0.02,1.0,hello
2330.0,3395.0,3971.0,3157.0,4095.0,4095.0,4095.0,4095.0,-11.6,-2.78,3.9,-0.05,0.48,0.14,1.0,hello
2231.0,3427.0,2181.0,3270.0,4095.0,4095.0,4095.0,4095.0,-18.23,-4.92,12.52,0.03,0.05,1.73,1.0,hello
1841.0,3731.0,1408.0,3227.0,4095.0,4095.0,4095.0,4095.0,-17.37,-8.34,4.99,2.24,-1.98,3.88,1.0,hello
2507.0,3827.0,1259.0,2559.0,4095.0,4095.0,4095.0,4095.0,-6.27,-3.07,-3.72,2.33,-3.21,4.95,1.0,hello
944.0,3999.0,1790.0,2255.0,4095.0,4095.0,4095.0,4095.0,2.43,0.96,-1.77,1.42,-6.02,3.7,1.0,hello
917.0,3858.0,2207.0,2262.0,4095.0,4095.0,4095.0,4095.0,8.86,5.6,-1.22,1.11,-2.41,1.75,1.0,hello
907.0,3807.0,2971.0,2368.0,4095.0,4095.0,4095.0,4095.0,7.14,6.24,1.72,0.43,-1.3,0.59,1.0,hello
3473.0,3750.0,3149.0,2418.0,4095.0,4095.0,4095.0,3719.0,7.82,6.57,0.57,-0.02,-0.4,0.17,1.0,hello
3162.0,3677.0,3330.0,2479.0,4095.0,4095.0,4095.0,4095.0,6.09,6.74,1.46,-0.01,0.23,-0.13,1.0,hello
3175.0,3618.0,3375.0,2483.0,4095.0,4095.0,4095.0,4095.0,11.2,7.47,-0.36,0.09,0.65,-0.27,1.0,hello
3984.0,3600.0,3430.0,2406.0,4095.0,4095.0,4095.0,4071.0,23.94,8.66,-8.44,-1.3,-0.4,-3.61,1.0,hello
4095.0,3648.0,3918.0,2551.0,4095.0,4095.0,4095.0,4095.0,-17.13,-1.71,13.72,-0.6,-0.17,-2.26,1.0,hello
4095.0,3631.0,4001.0,2518.0,4095.0,4095.0,4095.0,4095.0,3.86,11.34,1.16,-0.23,-0.15,-0.07,1.0,hello
4095.0,3630.0,4007.0,2543.0,4095.0,4095.0,4095.0,4095.0,3.06,9.14,4.52,-0.31,-0.21,-0.31,1.0,hello
4095.0,3615.0,3984.0,2551.0,4095.0,4095.0,4095.0,4095.0,1.91,8.63,4.39,-0.33,-0.08,-0.19,1.0,hello
4095.0,3619.0,3969.0,2545.0,4095.0,4095.0,4095.0,4095.0,2.57,9.15,3.96,-0.24,-0.04,-0.12,1.0,hello
4095.0,3614.0,3994.0,2547.0,4095.0,4095.0,4095.0,4095.0,1.98,8.85,4.78,-0.17,0.01,-0.1,1.0,hello
1827.0,3922.0,987.0,3165.0,4095.0,4095.0,4095.0,4095.0,-7.08,-2.07,5.73,-0.18,0.1,-0.1,1.0,hello
2246.0,3743.0,1103.0,3189.0,4095.0,4095.0,4095.0,4095.0,-7.29,-2.08,6.1,-0.15,0.12,-0.15,1.0,hello
2385.0,3622.0,1237.0,3211.0,4095.0,4095.0,4095.0,4095.0,-7.28,-1.98,5.88,-0.23,-0.01,-0.05,1.0,hello
2375.0,3695.0,1205.0,3274.0,4095.0,4095.0,4095.0,4095.0,-7.69,-1.59,7.7,-0.08,0.08,-0.21,1.0,hello
2271.0,3879.0,1178.0,3126.0,4095.0,4095.0,4095.0,4095.0,-18.53,-3.17,15.55,1.35,-1.11,0.95,1.0,hello
2619.0,3792.0,1038.0,2965.0,4095.0,4095.0,4095.0,4095.0,-17.2,-7.63,7.06,2.6,-1.54,4.01,1.0,hello
2518.0,4095.0,1201.0,2679.0,4095.0,4095.0,4095.0,4095.0,-4.01,-3.37,0.74,2.75,-3.65,5.08,1.0,hello
1941.0,4095.0,942.0,2449.0,4095.0,4095.0,4095.0,4095.0,3.67,2.65,-1.75,1.35,-2.94,3.19,1.0,hello
945.0,4095.0,939.0,2628.0,4095.0,4095.0,4095.0,4095.0,7.19,4.62,0.1,0.66,-2.36,1.68,1.0,hello
1370.0,4095.0,919.0,2781.0,4095.0,4095.0,4095.0,4095.0,7.64,6.46,1.02,0.25,-1.07,0.67,1.0,hello
922.0,4095.0,914.0,2835.0,4095.0,4095.0,4095.0,4095.0,7.55,6.59,1.38,-0.07,0.06,0.05,1.0,hello
1575.0,4095.0,912.0,2850.0,4095.0,4095.0,4095.0,4095.0,7.4,6.98,1.75,-0.13,0.09,-0.07,1.0,hello
3649.0,4095.0,923.0,2768.0,4095.0,4095.0,4095.0,3816.0,24.59,7.37,-8.72,-1.3,-0.96,-2.79,1.0,hello
4095.0,4095.0,972.0,2831.0,4095.0,4095.0,4095.0,4095.0,-15.82,-3.02,13.92,-1.81,3.02,-1.98,1.0,hello
4095.0,4095.0,976.0,2842.0,4095.0,4095.0,4095.0,4095.0,1.41,10.94,3.15,-0.03,-0.46,-0.21,1.0,hello
4095.0,4095.0,979.0,2849.0,4095.0,4095.0,4095.0,4095.0,2.3,8.49,5.64,-0.2,0.47,-0.2,1.0,hello
4095.0,4095.0,976.0,2863.0,4095.0,4095.0,4095.0,4095.0,1.94,8.59,4.76,-0.12,0.0,-0.12,1.0,hello
4095.0,4095.0,976.0,2862.0,4095.0,4095.0,4095.0,4095.0,1.77,8.89,4.71,-0.1,0.04,-0.12,1.0,hello
4095.0,4095.0,976.0,2864.0,4095.0,4095.0,4095.0,4095.0,1.87,8.77,4.94,-0.08,-0.03,-0.03,1.0,hello
4095.0,4095.0,974.0,2891.0,4095.0,4095.0,4095.0,4095.0,2.0,8.84,4.97,-0.05,-0.08,-0.11,1.0,hello
3344.0,3781.0,3043.0,3373.0,4095.0,4095.0,4095.0,4095.0,-4.71,-2.95,8.54,-0.39,-0.06,-0.29,1.0,hello
3444.0,3490.0,2629.0,3398.0,4095.0,4095.0,4095.0,4095.0,-4.38,-3.28,9.23,0.01,0.3,-0.2,1.0,hello
2546.0,3346.0,3337.0,3346.0,4095.0,4095.0,4095.0,4095.0,-5.03,-1.92,7.62,-0.17,0.73,-0.3,1.0,hello
2203.0,3392.0,3751.0,3409.0,4095.0,4095.0,4095.0,4095.0,-10.54,-1.63,12.11,-1.56,4.38,0.71,1.0,hello
2448.0,3395.0,4095.0,3008.0,4095.0,4095.0,4095.0,4095.0,-26.63,-6.96,-0.24,-0.28,4.53,2.65,1.0,hello
970.0,3601.0,4095.0,2519.0,4095.0,4095.0,4095.0,4095.0,-13.3,-7.23,1.88,0.95,-4.52,6.58,1.0,hello
935.0,3541.0,4095.0,2330.0,4095.0,4095.0,4095.0,4095.0,0.78,-1.56,-1.77,2.91,-7.04,4.11,1.0,hello
933.0,3505.0,4095.0,2439.0,4095.0,4095.0,4095.0,4095.0,5.27,2.86,-1.05,1.05,-3.0,2.56,1.0,hello
954.0,3502.0,4095.0,2528.0,4095.0,4095.0,4095.0,4095.0,8.2,4.97,-2.46,-0.29,-0.82,0.67,1.0,hello
928.0,3488.0,4095.0,2614.0,4095.0,4095.0,4095.0,4095.0,6.64,6.35,3.42,0.05,-0.13,-0.06,1.0,hello
927.0,3427.0,4095.0,2608.0,4095.0,4095.0,4095.0,3879.0,16.55,7.95,-2.04,-0.35,-0.89,-1.04,1.0,hello
951.0,3441.0,4095.0,2629.0,4095.0,4095.0,4095.0,4095.0,8.0,2.46,2.93,-2.68,0.14,-4.53,1.0,hello
925.0,3491.0,4095.0,2750.0,4095.0,4095.0,4095.0,4095.0,-4.54,7.55,2.58,-0.15,-0.38,-0.03,1.0,hello
1207.0,3501.0,4095.0,2736.0,4095.0,4095.0,4095.0,4095.0,5.26,9.19,4.26,-0.4,0.24,-0.05,1.0,hello
1837.0,3505.0,4095.0,2737.0,4095.0,4095.0,4095.0,4095.0,2.58,9.33,3.43,-0.21,0.13,-0.2,1.0,hello
2078.0,3492.0,4095.0,2735.0,4095.0,4095.0,4095.0,4095.0,3.14,9.04,3.64,-0.14,-0.06,-0.07,1.0,hello
2242.0,3499.0,4095.0,2739.0,4095.0,4095.0,4095.0,4095.0,2.91,9.28,3.29,-0.16,0.04,-0.12,1.0,hello
2303.0,3482.0,4095.0,2730.0,4095.0,4095.0,4095.0,4095.0,3.13,9.05,3.6,-0.13,0.04,-0.05,1.0,hello
2313.0,3469.0,4095.0,2733.0,4095.0,4095.0,4095.0,4095.0,2.74,8.76,3.59,-0.12,-0.0,-0.06,1.0,hello
2320.0,3463.0,4095.0,2747.0,4095.0,4095.0,4095.0,4095.0,2.83,8.88,4.07,-0.16,-0.12,-0.09,1.0,hello
2559.0,3356.0,4095.0,3489.0,4095.0,4095.0,4095.0,4095.0,-5.2,-3.86,7.72,-0.18,-0.03,-0.04,1.0,hello
2634.0,3366.0,4095.0,3479.0,4095.0,4095.0,4095.0,4095.0,-5.01,-3.73,7.69,-0.09,-0.01,-0.06,1.0,hello
2723.0,3355.0,4095.0,3499.0,4095.0,4095.0,4095.0,4095.0,-5.21,-4.03,7.71,-0.08,-0.03,-0.02,1.0,hello
2493.0,3344.0,4095.0,3510.0,4095.0,4095.0,4095.0,4095.0,-7.4,-3.77,14.59,0.16,0.95,0.37,1.0,hello
2388.0,3391.0,3824.0,3407.0,4095.0,4095.0,4095.0,4095.0,-17.36,-5.49,19.8,2.9,-0.48,2.56,1.0,hello
2938.0,3440.0,3309.0,2930.0,4095.0,4095.0,4095.0,4095.0,-12.08,-8.13,3.29,4.17,-2.3,4.26,1.0,hello
2687.0,3497.0,3534.0,2373.0,4095.0,4095.0,4095.0,4095.0,-0.86,-3.16,-3.43,3.06,-4.53,4.39,1.0,hello
2933.0,3459.0,3745.0,2371.0,4095.0,4095.0,4095.0,4095.0,5.53,2.17,-2.8,1.54,-3.35,2.59,1.0,hello
4006.0,3474.0,4095.0,2400.0,4095.0,4095.0,4095.0,4095.0,8.88,5.84,-0.45,0.55,-1.01,0.99,1.0,hello
4016.0,3462.0,4095.0,2479.0,4095.0,4095.0,4095.0,4095.0,7.39,6.71,1.61,0.16,0.03,0.3,1.0,hello
4048.0,3447.0,4095.0,2512.0,4095.0,4095.0,4095.0,4095.0,8.38,6.55,0.25,0.09,0.11,-0.17,1.0,hello
3968.0,3450.0,4095.0,2525.0,4095.0,4095.0,4095.0,3569.0,13.78,7.48,-2.91,-0.1,-0.3,-0.57,1.0,hello
3961.0,3449.0,4095.0,2507.0,4095.0,4095.0,4095.0,3634.0,13.5,2.89,0.87,-3.19,0.03,-4.06,1.0,hello
4095.0,3504.0,4095.0,2630.0,4095.0,4095.0,4095.0,4095.0,-7.08,6.03,7.91,-0.13,-0.38,-0.75,1.0,hello
4095.0,3487.0,4095.0,2641.0,4095.0,4095.0,4095.0,4095.0,3.7,9.64,2.86,-0.16,0.01,-0.3,1.0,hello
4095.0,3503.0,4095.0,2641.0,4095.0,4095.0,4095.0,4095.0,2.6,8.94,4.35,-0.05,0.15,-0.2,1.0,hello
4095.0,3504.0,4095.0,2646.0,4095.0,4095.0,4095.0,4095.0,2.61,9.31,2.8,-0.12,0.03,-0.03,1.0,hello
4095.0,3483.0,4095.0,2650.0,4095.0,4095.0,4095.0,4095.0,3.13,9.19,3.55,-0.14,0.03,-0.04,1.0,hello
4095.0,3472.0,4095.0,2654.0,4095.0,4095.0,4095.0,4095.0,2.97,9.21,3.54,-0.12,0.01,-0.05,1.0,hello
4095.0,3475.0,4095.0,2656.0,4095.0,4095.0,4095.0,4095.0,2.94,9.06,3.81,-0.03,-0.01,-0.08,1.0,hello
2693.0,3227.0,3388.0,3316.0,4095.0,4095.0,4095.0,4095.0,-6.56,-3.33,5.69,-0.07,0.08,-0.04,1.0,hello
2675.0,3280.0,4095.0,3329.0,4095.0,4095.0,4095.0,4095.0,-7.0,-3.47,6.89,0.04,0.0,0.01,1.0,hello
2636.0,3324.0,4095.0,3344.0,4095.0,4095.0,4095.0,4095.0,-8.43,-2.06,10.51,0.37,0.23,0.35,1.0,hello
2483.0,3369.0,4095.0,3391.0,4095.0,4095.0,4095.0,4095.0,-15.6,-2.95,13.99,2.36,-0.65,1.31,1.0,hello
2147.0,3551.0,4095.0,3056.0,4095.0,4095.0,4095.0,4095.0,-16.05,-5.83,8.29,3.13,-1.88,3.43,1.0,hello
1535.0,3662.0,4095.0,2555.0,4095.0,4095.0,4095.0,4095.0,-5.47,-3.02,1.74,2.99,-3.3,4.41,1.0,hello
1413.0,3600.0,4095.0,2479.0,4095.0,4095.0,4095.0,4017.0,3.15,0.65,-2.45,2.26,-3.44,3.27,1.0,hello
2867.0,3539.0,4095.0,2544.0,4095.0,4095.0,4095.0,4095.0,9.01,4.71,-1.47,1.3,-1.67,1.34,1.0,hello
3930.0,3547.0,4095.0,2674.0,4095.0,4095.0,4095.0,4095.0,7.71,6.59,0.28,0.55,-0.28,0.52,1.0,hello
3885.0,3511.0,4095.0,2718.0,4095.0,4095.0,4095.0,4095.0,7.99,6.87,0.32,0.22,-0.16,0.3,1.0,hello
3757.0,3504.0,4095.0,2704.0,4095.0,4095.0,4095.0,4095.0,11.86,6.48,-2.11,-0.31,-0.63,-0.29,1.0,hello
3629.0,3495.0,4095.0,2736.0,4095.0,4095.0,4095.0,3200.0,17.83,5.64,-4.81,-3.41,-0.74,-4.23,1.0,hello
3979.0,3527.0,4095.0,2888.0,4095.0,4095.0,4095.0,4095.0,-9.39,6.34,6.51,0.58,-2.56,-0.93,1.0,hello
3919.0,3486.0,4095.0,2864.0,4095.0,4095.0,4095.0,4095.0,3.96,9.69,1.92,-0.24,-0.18,-0.25,1.0,hello
3915.0,3489.0,4095.0,2866.0,4095.0,4095.0,4095.0,4095.0,3.25,9.42,3.21,-0.22,0.11,-0.16,1.0,hello
3925.0,3517.0,4095.0,2863.0,4095.0,4095.0,4095.0,4095.0,2.64,9.33,3.09,-0.16,0.01,-0.13,1.0,hello
3952.0,3506.0,4095.0,2859.0,4095.0,4095.0,4095.0,4095.0,2.9,9.18,3.17,-0.14,0.01,-0.05,1.0,hello
3938.0,3513.0,4095.0,2860.0,4095.0,4095.0,4095.0,4095.0,3.07,9.11,3.42,-0.09,-0.02,-0.09,1.0,hello
3952.0,3509.0,4095.0,2861.0,4095.0,4095.0,4095.0,4095.0,2.91,9.28,2.94,-0.07,-0.09,-0.09,1.0,hello
3957.0,3517.0,4095.0,2865.0,4095.0,4095.0,4095.0,4095.0,3.06,9.28,3.35,-0.04,-0.11,-0.13,1.0,hello
1127.0,3312.0,4095.0,3089.0,4095.0,4095.0,4095.0,4095.0,-7.92,-2.32,4.46,-0.11,-0.07,-0.04,1.0,hello
1114.0,3302.0,4095.0,3093.0,4095.0,4095.0,4095.0,4095.0,-7.97,-2.69,4.7,-0.15,-0.2,-0.09,1.0,hello
987.0,3326.0,4095.0,3094.0,4095.0,4095.0,4095.0,4095.0,-8.25,-2.51,4.54,-0.01,0.11,-0.12,1.0,hello
1008.0,3287.0,4095.0,3099.0,4095.0,4095.0,4095.0,4095.0,-8.1,-2.23,4.41,-0.05,0.09,-0.09,1.0,hello
1196.0,3353.0,4095.0,3115.0,4095.0,4095.0,4095.0,4095.0,-8.48,-2.21,5.53,-0.08,-0.16,-0.11,1.0,hello
1173.0,3365.0,2895.0,3098.0,4095.0,4095.0,4095.0,4095.0,-17.04,-2.16,15.68,1.21,-1.55,0.74,1.0,hello
920.0,3476.0,3581.0,2999.0,4095.0,4095.0,4095.0,4095.0,-16.95,-4.67,7.28,2.75,-2.32,3.18,1.0,hello
1377.0,3525.0,3566.0,2858.0,4095.0,4095.0,4095.0,4095.0,-7.91,-2.93,0.34,2.11,-3.16,4.32,1.0,hello
1021.0,3484.0,4095.0,2686.0,4095.0,4095.0,4095.0,4095.0,2.08,1.63,0.69,2.15,-4.66,3.05,1.0,hello
1051.0,3470.0,4095.0,2609.0,4095.0,4095.0,4095.0,4095.0,6.56,5.02,-1.05,1.38,-2.94,1.79,1.0,hello
3107.0,3424.0,4095.0,2707.0,4095.0,4095.0,4095.0,4095.0,6.95,5.89,0.0,0.5,-0.82,0.82,1.0,hello
4095.0,3419.0,4095.0,2797.0,4095.0,4095.0,4095.0,3498.0,8.13,6.87,-0.23,0.1,-0.33,0.11,1.0,hello
4067.0,3407.0,4095.0,2798.0,4095.0,4095.0,4095.0,3931.0,6.82,6.89,-0.01,-0.15,0.27,-0.04,1.0,hello
3779.0,3377.0,4095.0,2824.0,4095.0,4095.0,4095.0,3605.0,24.53,10.85,-7.18,-0.89,-1.65,-2.46,1.0,hello
4095.0,3477.0,4095.0,2928.0,4095.0,4095.0,4095.0,4095.0,-15.2,-3.89,10.46,-1.55,3.54,-1.72,1.0,hello
4019.0,3425.0,4095.0,2966.0,4095.0,4095.0,4095.0,4095.0,2.69,10.59,1.52,-0.1,-0.3,-0.12,1.0,hello
4002.0,3439.0,4095.0,2982.0,4095.0,4095.0,4095.0,4095.0,1.67,9.17,3.65,-0.13,-0.02,-0.25,1.0,hello
3997.0,3440.0,4095.0,2996.0,4095.0,4095.0,4095.0,4095.0,2.04,9.21,3.82,-0.23,-0.05,-0.15,1.0,hello
4031.0,3438.0,4095.0,2996.0,4095.0,4095.0,4095.0,4095.0,1.99,9.22,3.74,-0.12,-0.23,-0.13,1.0,hello
4013.0,3427.0,4095.0,3009.0,4095.0,4095.0,4095.0,4095.0,2.31,9.16,3.78,-0.05,-0.12,-0.12,1.0,hello
2448.0,3270.0,3771.0,3055.0,4095.0,4027.0,4095.0,4095.0,-6.63,-0.8,6.75,-0.09,-0.08,-0.05,1.0,hello
2512.0,3267.0,4095.0,3056.0,4095.0,4045.0,4095.0,4095.0,-7.03,-0.77,6.74,-0.13,0.06,0.06,1.0,hello
2917.0,3388.0,4095.0,3040.0,4095.0,4095.0,4095.0,4095.0,-6.14,-0.89,6.11,-0.36,-0.28,-0.33,1.0,hello
2633.0,3345.0,3178.0,3066.0,4095.0,4095.0,4095.0,4095.0,-7.15,-2.03,8.08,-0.26,0.07,-0.21,1.0,hello
2315.0,3462.0,2933.0,3181.0,4095.0,4095.0,4095.0,4095.0,-14.22,0.49,18.58,0.89,-0.47,1.09,1.0,hello
947.0,3749.0,3513.0,3271.0,4095.0,4095.0,4095.0,4095.0,-16.89,-4.52,7.0,2.56,-2.12,4.5,1.0,hello
919.0,3712.0,3379.0,2614.0,4095.0,4095.0,4095.0,4095.0,-3.15,-1.18,1.76,1.73,-2.78,5.17,1.0,hello
932.0,3657.0,3921.0,2416.0,4095.0,4095.0,4095.0,4095.0,3.28,1.14,-0.05,1.17,-3.59,3.55,1.0,hello
966.0,3571.0,4095.0,2441.0,4095.0,4095.0,4095.0,4095.0,8.79,4.74,-0.62,0.69,-1.72,1.57,1.0,hello
1007.0,3553.0,4095.0,2559.0,4095.0,4095.0,4095.0,4095.0,8.15,6.37,0.86,0.13,-0.18,0.32,1.0,hello
1777.0,3563.0,4095.0,2621.0,4095.0,4095.0,4095.0,4095.0,6.24,6.37,2.7,-0.22,0.28,0.08,1.0,hello
4095.0,3552.0,4095.0,2651.0,4095.0,4095.0,4095.0,4095.0,15.26,7.96,-1.44,-0.39,-0.29,-0.55,1.0,hello
3942.0,3523.0,4095.0,2713.0,4095.0,4095.0,4095.0,4095.0,14.49,1.7,3.1,-2.65,0.27,-4.85,1.0,hello
4095.0,3598.0,4095.0,2790.0,4095.0,4095.0,4095.0,4095.0,-12.84,3.64,6.88,0.01,-2.74,-1.46,1.0,hello
4095.0,3579.0,4095.0,2783.0,4095.0,4095.0,4095.0,4095.0,3.84,9.62,4.61,-0.14,-0.54,-0.13,1.0,hello
4095.0,3549.0,4095.0,2827.0,4095.0,4095.0,4095.0,4095.0,2.34,8.99,5.17,-0.01,-0.0,-0.23,1.0,hello
4095.0,3557.0,4095.0,2832.0,4095.0,4095.0,4095.0,4095.0,2.1,8.56,4.98,0.01,-0.13,-0.14,1.0,hello
4083.0,3551.0,4095.0,2833.0,4095.0,4095.0,4095.0,4095.0,2.17,8.76,4.24,-0.11,0.03,-0.12,1.0,hello
4095.0,3550.0,4095.0,2840.0,4095.0,4095.0,4095.0,4095.0,2.17,8.89,4.95,-0.11,-0.05,-0.09,1.0,hello
4087.0,3549.0,4095.0,2835.0,4095.0,4095.0,4095.0,4095.0,2.05,8.74,5.05,-0.04,0.04,-0.12,1.0,hello
2615.0,3337.0,4095.0,3111.0,4095.0,4095.0,4095.0,4095.0,-7.0,-3.19,5.15,-0.06,-0.26,0.07,1.0,hello
2598.0,3337.0,4095.0,3120.0,4095.0,4095.0,4095.0,4095.0,-6.84,-3.54,5.1,0.02,-0.03,-0.03,1.0,hello
2612.0,3371.0,4095.0,3123.0,4095.0,4095.0,4095.0,4095.0,-7.24,-3.38,5.03,0.0,0.27,-0.11,1.0,hello
2758.0,3321.0,3641.0,3135.0,4095.0,4095.0,4095.0,4095.0,-10.93,-3.64,5.11,-1.53,5.46,0.75,1.0,hello
3043.0,3377.0,3705.0,2999.0,4095.0,4095.0,4095.0,4095.0,-15.16,-3.14,0.5,2.42,-6.07,0.94,1.0,hello
3155.0,3443.0,3574.0,2547.0,4095.0,4095.0,4095.0,4095.0,-15.95,-2.14,10.11,1.28,-3.48,4.53,1.0,hello
1885.0,3472.0,3803.0,2399.0,4095.0,4095.0,4095.0,4095.0,-6.09,-3.0,5.62,2.47,-4.59,4.36,1.0,hello
1589.0,3447.0,3856.0,2369.0,4095.0,4095.0,4095.0,4095.0,3.51,1.56,-0.58,1.8,-2.95,2.96,1.0,hello
1679.0,3446.0,3985.0,2425.0,4095.0,4095.0,4095.0,4095.0,6.0,4.05,-0.23,0.87,-1.67,1.25,1.0,hello
925.0,3430.0,4095.0,2501.0,4095.0,4095.0,4095.0,4095.0,11.95,7.17,3.26,-0.27,-1.04,0.04,1.0,hello
931.0,3426.0,4095.0,2549.0,4095.0,4095.0,4095.0,4095.0,16.92,7.65,-1.93,-1.34,-1.4,-3.78,1.0,hello
943.0,3472.0,4095.0,2641.0,4095.0,4095.0,4095.0,4095.0,-12.64,0.65,11.33,-0.14,-1.8,-1.19,1.0,hello
918.0,3462.0,4095.0,2665.0,4095.0,4095.0,4095.0,4095.0,4.16,9.03,3.05,-0.29,-0.13,-0.24,1.0,hello
921.0,3456.0,4095.0,2678.0,4095.0,4095.0,4095.0,4095.0,3.35,8.86,4.71,-0.06,0.0,-0.1,1.0,hello
921.0,3469.0,4095.0,2698.0,4095.0,4095.0,4095.0,4095.0,3.5,8.93,4.38,-0.04,0.12,-0.17,1.0,hello
926.0,3472.0,4095.0,2690.0,4095.0,4095.0,4095.0,4095.0,2.58,8.59,3.93,0.06,-0.08,-0.1,1.0,hello
918.0,3469.0,4095.0,2679.0,4095.0,4095.0,4095.0,4095.0,3.41,8.88,4.27,0.03,-0.17,-0.07,1.0,hello
922.0,3475.0,4095.0,2655.0,4095.0,4095.0,4095.0,4095.0,2.81,8.83,3.83,-0.09,-0.09,-0.11,1.0,hello
927.0,3469.0,4095.0,2670.0,4095.0,4095.0,4095.0,4095.0,2.85,8.81,4.16,-0.05,0.0,-0.02,1.0,hello
944.0,3449.0,4095.0,2666.0,4095.0,4095.0,4095.0,4095.0,3.11,8.86,4.41,0.04,0.03,-0.05,1.0,hello
2827.0,3777.0,3478.0,3037.0,4095.0,4095.0,4095.0,4095.0,-1.66,1.73,2.95,3.02,-2.43,2.33,1.0,hello
2448.0,3857.0,3924.0,2713.0,4095.0,4095.0,4095.0,4095.0,1.99,4.41,2.66,1.64,-2.26,1.88,1.0,hello
2435.0,4016.0,3933.0,2478.0,4095.0,4095.0,4095.0,4095.0,3.65,5.12,2.55,1.1,-2.46,1.73,1.0,hello
1901.0,4041.0,4095.0,2559.0,4095.0,4095.0,4095.0,4095.0,8.77,7.22,-0.07,0.9,-1.38,1.1,1.0,hello
3966.0,3972.0,4095.0,2582.0,4095.0,4095.0,4095.0,4095.0,7.64,6.31,-0.3,0.35,-0.3,0.57,1.0,hello
4083.0,3922.0,4095.0,2689.0,4095.0,4095.0,4095.0,4095.0,8.33,6.21,0.55,-0.08,-0.29,0.2,1.0,hello
4092.0,3887.0,4095.0,2739.0,4095.0,4095.0,4095.0,4095.0,7.76,6.65,1.02,-0.06,-0.04,0.01,1.0,hello
4030.0,3873.0,4095.0,2753.0,4095.0,4095.0,4095.0,4095.0,11.22,6.53,-1.49,-0.19,-0.32,-0.31,1.0,hello
3952.0,3806.0,4095.0,2767.0,4095.0,4095.0,4095.0,4095.0,16.91,6.33,-2.96,-1.56,-0.98,-3.09,1.0,hello
4095.0,3792.0,4095.0,2878.0,4095.0,4095.0,4095.0,4095.0,-9.7,3.88,11.12,-0.96,-2.08,-1.55,1.0,hello
4095.0,3810.0,4095.0,2888.0,4095.0,4095.0,4095.0,4095.0,4.09,9.98,0.37,-0.19,-0.49,-0.35,1.0,hello
4095.0,3810.0,4095.0,2896.0,4095.0,4095.0,4095.0,4095.0,4.05,9.31,1.9,0.0,0.02,-0.2,1.0,hello
4095.0,3802.0,4095.0,2908.0,4095.0,4095.0,4095.0,4095.0,3.69,9.24,2.12,-0.11,0.07,-0.13,1.0,hello
4095.0,3824.0,4095.0,2911.0,4095.0,4095.0,4095.0,4095.0,3.5,9.45,1.84,-0.06,0.2,-0.16,1.0,hello
4095.0,3807.0,4095.0,2882.0,4095.0,4095.0,4095.0,4095.0,3.36,9.36,1.93,-0.14,0.04,-0.06,1.0,hello
4095.0,3792.0,4095.0,2875.0,4095.0,4095.0,4095.0,4095.0,3.43,9.38,1.8,-0.08,-0.0,-0.11,1.0,hello
4095.0,3803.0,4095.0,2866.0,4095.0,4095.0,4095.0,4095.0,3.23,8.59,1.9,-0.2,-0.04,-0.31,1.0,hello
3633.0,3521.0,3984.0,2757.0,4095.0,4095.0,4095.0,4095.0,2.07,5.9,0.4,-0.36,1.13,-0.65,1.0,hello
3335.0,3245.0,3301.0,2688.0,4095.0,4095.0,4095.0,3791.0,0.7,5.77,-0.81,-1.74,1.34,-0.81,1.0,hello
3133.0,3157.0,3343.0,2799.0,4095.0,4095.0,4095.0,4095.0,-0.9,5.51,2.63,-3.17,1.72,-1.12,1.0,hello
1168.0,4095.0,4095.0,2781.0,4095.0,4095.0,4095.0,4095.0,-8.61,-3.08,5.83,2.35,-2.37,3.15,1.0,hello
944.0,4095.0,4095.0,2675.0,4095.0,4095.0,4095.0,4095.0,0.34,1.08,2.77,2.38,-3.63,3.5,1.0,hello
957.0,4095.0,4095.0,2693.0,4095.0,4095.0,4095.0,4095.0,4.92,4.27,0.91,1.6,-2.35,2.67,1.0,hello
960.0,4095.0,4095.0,2975.0,4095.0,4095.0,4095.0,4095.0,8.24,6.19,-1.05,1.1,-1.89,0.82,1.0,hello
1256.0,4095.0,4095.0,3067.0,4095.0,4095.0,4095.0,4095.0,7.64,6.02,0.65,-0.03,-1.24,0.21,1.0,hello
2205.0,4095.0,4095.0,3107.0,4095.0,4095.0,4095.0,4095.0,6.99,6.35,1.63,-0.24,-0.14,0.08,1.0,hello
3543.0,4095.0,4095.0,3125.0,4095.0,4095.0,4095.0,4095.0,12.22,6.82,-1.37,-0.33,-0.25,-0.32,1.0,hello
3789.0,4095.0,4095.0,3162.0,4095.0,4095.0,4095.0,4095.0,18.5,5.05,-0.08,-2.09,-1.14,-4.42,1.0,hello
4095.0,4095.0,4095.0,3133.0,4095.0,4095.0,4095.0,4095.0,-14.05,3.12,9.36,-0.31,-3.1,-1.36,1.0,hello
4033.0,4095.0,4095.0,3133.0,4095.0,4095.0,4095.0,4095.0,4.26,9.02,2.98,-0.3,-0.53,-0.2,1.0,hello
4034.0,4095.0,4095.0,3151.0,4095.0,4095.0,4095.0,4095.0,3.36,9.4,3.27,-0.03,-0.1,-0.25,1.0,hello
4045.0,4095.0,4095.0,3152.0,4095.0,4095.0,4095.0,4095.0,2.84,9.13,3.85,-0.03,-0.09,-0.16,1.0,hello
4031.0,4095.0,4095.0,3154.0,4095.0,4095.0,4095.0,4095.0,2.87,9.28,3.14,0.0,-0.08,-0.14,1.0,hello
4048.0,4095.0,4095.0,3169.0,4095.0,4095.0,4095.0,4095.0,2.61,9.14,3.35,-0.11,-0.1,-0.09,1.0,hello
4064.0,4095.0,4095.0,3157.0,4095.0,4095.0,4095.0,4095.0,2.8,9.23,3.73,-0.09,-0.03,-0.03,1.0,hello
4091.0,4095.0,4095.0,3155.0,4095.0,4095.0,4095.0,4095.0,2.41,9.32,3.34,-0.03,-0.09,-0.04,1.0,hello
4062.0,4095.0,4095.0,3161.0,4095.0,4095.0,4095.0,4095.0,2.51,9.04,3.4,-0.05,-0.0,-0.01,1.0,hello
4071.0,4095.0,4095.0,3149.0,4095.0,4095.0,4095.0,4095.0,2.88,9.27,3.36,-0.08,-0.0,-0.05,1.0,hello
4083.0,4095.0,4095.0,3120.0,4095.0,4095.0,4095.0,4095.0,2.88,9.16,3.36,-0.1,-0.04,-0.09,1.0,hello
4095.0,4095.0,4095.0,3033.0,4095.0,4095.0,4095.0,4095.0,2.91,8.5,3.24,-0.11,-0.02,-0.18,1.0,hello
