hall_1,hall_2,hall_3,flex_t,flex_i,flex_m,flex_r,flex_p,accel_x,accel_y,accel_z,gyro_x,gyro_y,gyro_z,hand,sign
2928.0,881.0,3056.0,3987.0,4095.0,2928.0,3419.0,4095.0,-1.03,9.36,3.37,-0.13,0.04,-0.07,1.0,i-love-you
2931.0,880.0,3056.0,3974.0,4095.0,2933.0,3419.0,4095.0,-1.24,9.45,3.22,-0.12,0.08,-0.06,1.0,i-love-you
2933.0,875.0,3053.0,3939.0,4095.0,2928.0,3415.0,4095.0,-1.39,9.34,3.64,-0.17,-0.02,-0.03,1.0,i-love-you
2943.0,876.0,3049.0,3936.0,4095.0,2935.0,3435.0,4095.0,-1.15,9.33,3.64,-0.04,0.06,0.01,1.0,i-love-you
2935.0,887.0,3056.0,3918.0,4095.0,2928.0,3411.0,4095.0,-0.96,9.48,3.34,-0.06,0.04,-0.01,1.0,i-love-you
2938.0,879.0,3063.0,3926.0,4095.0,2933.0,3422.0,4095.0,-1.0,9.48,3.6,-0.02,-0.05,-0.09,1.0,i-love-you
2930.0,878.0,3056.0,3886.0,4095.0,2930.0,3412.0,4095.0,-1.24,9.46,3.26,-0.04,0.08,-0.02,1.0,i-love-you
2935.0,879.0,3057.0,3875.0,4095.0,2935.0,3429.0,4095.0,-1.22,9.42,3.26,-0.08,0.05,-0.03,1.0,i-love-you
2926.0,879.0,3051.0,3919.0,4095.0,2930.0,3413.0,4095.0,-0.82,9.45,3.71,0.0,-0.06,-0.05,1.0,i-love-you
2943.0,881.0,3050.0,3942.0,4095.0,2937.0,3434.0,4095.0,-1.29,9.4,3.33,-0.04,0.02,-0.11,1.0,i-love-you
2934.0,889.0,3057.0,3936.0,4095.0,2939.0,3418.0,4095.0,-1.47,9.36,3.36,-0.08,0.03,-0.09,1.0,i-love-you
2937.0,885.0,3046.0,3925.0,4095.0,2935.0,3419.0,4095.0,-1.33,9.39,3.43,-0.07,0.1,0.0,1.0,i-love-you
2942.0,886.0,3054.0,3943.0,4095.0,2943.0,3431.0,4095.0,-1.22,9.4,3.35,-0.0,-0.01,-0.01,1.0,i-love-you
2928.0,880.0,3047.0,3922.0,4095.0,2934.0,3422.0,4095.0,-1.19,9.47,3.25,-0.05,0.02,-0.04,1.0,i-love-you
2935.0,888.0,3056.0,3938.0,4095.0,2945.0,3436.0,4095.0,-1.17,9.5,3.22,-0.04,0.02,-0.07,1.0,i-love-you
2930.0,883.0,3051.0,3925.0,4095.0,2932.0,3427.0,4095.0,-1.34,9.36,3.4,-0.07,0.03,-0.04,1.0,i-love-you
2931.0,883.0,3058.0,3949.0,4095.0,2942.0,3423.0,4095.0,-1.28,9.43,3.18,-0.02,0.06,-0.02,1.0,i-love-you
2926.0,882.0,3051.0,3920.0,4095.0,2939.0,3415.0,4095.0,-1.27,9.49,3.22,-0.04,-0.03,-0.07,1.0,i-love-you
2942.0,880.0,3056.0,3933.0,4095.0,2944.0,3423.0,4095.0,-1.37,9.45,3.33,-0.05,0.03,-0.04,1.0,i-love-you
2926.0,880.0,3056.0,3922.0,4095.0,2939.0,3415.0,4095.0,-1.29,9.53,3.07,-0.02,-0.0,-0.09,1.0,i-love-you
2929.0,885.0,3046.0,3935.0,4095.0,2937.0,3419.0,4095.0,-1.38,9.52,2.97,-0.14,-0.04,-0.08,1.0,i-love-you
2935.0,894.0,3056.0,3948.0,4095.0,2944.0,3427.0,4095.0,-1.95,9.19,3.47,-0.2,0.01,-0.13,1.0,i-love-you
2930.0,887.0,3056.0,3923.0,4095.0,2939.0,3422.0,4095.0,-1.79,9.19,3.67,-0.19,0.05,-0.06,1.0,i-love-you
2929.0,880.0,3066.0,3947.0,4095.0,2943.0,3429.0,4095.0,-1.76,9.17,3.71,-0.13,-0.01,-0.1,1.0,i-love-you
2935.0,878.0,3053.0,3952.0,4095.0,2943.0,3408.0,4095.0,-1.77,9.2,3.96,-0.05,0.03,-0.04,1.0,i-love-you
2935.0,887.0,3063.0,3952.0,4095.0,2952.0,3429.0,4095.0,-2.01,9.15,3.52,-0.01,-0.02,-0.05,1.0,i-love-you
2929.0,880.0,3056.0,3953.0,4095.0,2944.0,3406.0,4095.0,-1.98,9.19,3.52,0.03,-0.08,-0.0,1.0,i-love-you
2934.0,884.0,3056.0,3974.0,4095.0,2951.0,3413.0,4095.0,-1.88,9.2,3.53,-0.06,-0.12,0.05,1.0,i-love-you
2939.0,890.0,3050.0,3921.0,4095.0,2943.0,3417.0,4095.0,-1.65,9.21,3.63,-0.02,-0.17,0.11,1.0,i-love-you
2924.0,883.0,3058.0,3907.0,4095.0,2947.0,3421.0,4095.0,-1.28,9.39,3.51,-0.02,-0.16,0.08,1.0,i-love-you
2939.0,887.0,3066.0,3900.0,4095.0,2945.0,3417.0,4095.0,-1.1,9.37,3.7,-0.0,-0.05,0.06,1.0,i-love-you
2930.0,886.0,3056.0,3891.0,4095.0,2945.0,3408.0,4095.0,-0.92,9.47,3.46,-0.02,-0.0,0.06,1.0,i-love-you
2935.0,880.0,3068.0,3916.0,4095.0,2957.0,3422.0,4095.0,-0.63,9.54,3.53,-0.01,0.0,-0.01,1.0,i-love-you
2944.0,886.0,3055.0,3890.0,4095.0,2946.0,3418.0,4095.0,-1.16,9.39,3.4,-0.04,0.1,-0.03,1.0,i-love-you
2942.0,882.0,3071.0,3920.0,4095.0,2944.0,3408.0,4095.0,-0.84,9.47,3.51,0.01,-0.15,-0.13,1.0,i-love-you
2928.0,887.0,3056.0,3907.0,4095.0,2945.0,3411.0,4095.0,-1.28,9.45,3.13,0.03,-0.05,-0.03,1.0,i-love-you
2930.0,885.0,3061.0,3927.0,4095.0,2946.0,3412.0,4095.0,-0.91,9.45,3.37,-0.04,0.0,0.02,1.0,i-love-you
2939.0,880.0,3056.0,3903.0,4095.0,2937.0,3411.0,4095.0,-1.05,9.45,3.15,-0.07,0.06,0.01,1.0,i-love-you
2943.0,889.0,3059.0,3904.0,4095.0,2946.0,3411.0,4095.0,-0.94,9.5,3.2,-0.11,0.05,0.05,1.0,i-love-you
2922.0,886.0,3065.0,3896.0,4095.0,2945.0,3403.0,4095.0,-0.69,9.4,3.89,0.0,-0.02,-0.01,1.0,i-love-you
2928.0,889.0,3059.0,3875.0,4095.0,2947.0,3418.0,4095.0,-0.95,9.53,3.15,-0.09,0.04,-0.07,1.0,i-love-you
2928.0,878.0,3056.0,3851.0,4095.0,2944.0,3408.0,4095.0,-1.23,9.58,2.97,-0.06,0.04,-0.07,1.0,i-love-you
2944.0,879.0,3056.0,3869.0,4095.0,2947.0,3412.0,4095.0,-1.21,9.46,3.23,-0.1,-0.01,-0.04,1.0,i-love-you
2928.0,896.0,3055.0,3838.0,4095.0,2945.0,3408.0,4095.0,-1.05,9.54,3.18,-0.06,0.02,-0.05,1.0,i-love-you
2935.0,881.0,3065.0,3897.0,4095.0,2946.0,3424.0,4095.0,-1.09,9.54,3.13,-0.03,-0.03,-0.08,1.0,i-love-you
2927.0,890.0,3058.0,3905.0,4095.0,2950.0,3409.0,4095.0,-1.41,9.6,2.75,-0.08,0.06,-0.04,1.0,i-love-you
2935.0,879.0,3056.0,3933.0,4095.0,2960.0,3427.0,4095.0,-1.04,9.54,3.09,-0.18,0.06,0.02,1.0,i-love-you
2933.0,876.0,3052.0,3916.0,4095.0,2949.0,3410.0,4095.0,-1.19,9.32,3.52,-0.14,0.01,-0.01,1.0,i-love-you
2937.0,880.0,3056.0,3925.0,4095.0,2959.0,3418.0,4095.0,-1.32,9.58,3.05,-0.01,0.03,-0.03,1.0,i-love-you
2927.0,882.0,3053.0,3937.0,4095.0,2950.0,3408.0,4095.0,-1.11,9.62,2.9,-0.08,0.01,-0.02,1.0,i-love-you
2944.0,880.0,3069.0,3963.0,4095.0,2958.0,3423.0,4095.0,-1.08,9.5,3.21,-0.09,-0.12,-0.05,1.0,i-love-you
2942.0,887.0,3053.0,3941.0,4095.0,2951.0,3406.0,4095.0,-1.29,9.33,3.56,-0.09,-0.0,-0.01,1.0,i-love-you
2937.0,880.0,3057.0,3952.0,4095.0,2951.0,3410.0,4095.0,-0.94,9.51,3.33,-0.05,0.02,0.0,1.0,i-love-you
2942.0,886.0,3056.0,3951.0,4095.0,2960.0,3422.0,4095.0,-1.06,9.46,3.36,-0.09,0.09,-0.05,1.0,i-love-you
2930.0,881.0,3055.0,3925.0,4095.0,2954.0,3412.0,4095.0,-1.09,9.42,3.44,-0.01,0.04,-0.02,1.0,i-love-you
2933.0,883.0,3058.0,3951.0,4095.0,2955.0,3417.0,4095.0,-1.21,9.5,2.99,-0.05,0.1,-0.02,1.0,i-love-you
2937.0,893.0,3051.0,3937.0,4095.0,2947.0,3405.0,4095.0,-1.14,9.52,3.2,-0.07,-0.02,-0.01,1.0,i-love-you
2935.0,875.0,3062.0,3950.0,4095.0,2957.0,3414.0,4095.0,-1.03,9.44,3.43,-0.1,-0.06,-0.09,1.0,i-love-you
2943.0,880.0,3049.0,3934.0,4095.0,2959.0,3418.0,4095.0,-1.19,9.45,3.39,-0.04,-0.0,-0.02,1.0,i-love-you
2942.0,882.0,3062.0,3954.0,4095.0,2960.0,3415.0,4095.0,-1.08,9.55,3.03,-0.06,0.09,0.02,1.0,i-love-you
2947.0,880.0,3066.0,3930.0,4095.0,2960.0,3409.0,4095.0,-0.78,9.48,3.49,-0.02,-0.13,-0.05,1.0,i-love-you
2939.0,881.0,3056.0,3898.0,4095.0,2967.0,3425.0,4095.0,-0.83,9.51,3.17,-0.06,0.07,-0.0,1.0,i-love-you
2935.0,887.0,3047.0,3903.0,4095.0,2957.0,3409.0,4095.0,-0.83,9.5,3.38,-0.08,-0.0,-0.08,1.0,i-love-you
2945.0,882.0,3067.0,3926.0,4095.0,2960.0,3411.0,4095.0,-1.14,9.42,3.38,-0.03,-0.05,-0.07,1.0,i-love-you
2929.0,882.0,3059.0,3885.0,4095.0,2962.0,3408.0,4095.0,-0.72,9.65,3.25,-0.04,-0.17,-0.03,1.0,i-love-you
2931.0,884.0,3054.0,3892.0,4095.0,2960.0,3415.0,4095.0,-0.99,9.52,3.15,-0.02,0.14,-0.04,1.0,i-love-you
2937.0,881.0,3050.0,3857.0,4095.0,2959.0,3423.0,4095.0,-0.83,9.49,3.41,-0.06,-0.07,-0.03,1.0,i-love-you
2943.0,880.0,3064.0,3889.0,4095.0,2961.0,3426.0,4095.0,-0.86,9.52,3.27,-0.02,0.02,-0.04,1.0,i-love-you
2930.0,880.0,3058.0,3871.0,4095.0,2960.0,3422.0,4095.0,-0.92,9.59,3.0,-0.05,0.04,-0.03,1.0,i-love-you
2939.0,881.0,3056.0,3890.0,4095.0,2970.0,3437.0,4095.0,-0.98,9.45,3.38,-0.1,-0.01,-0.0,1.0,i-love-you
2927.0,887.0,3053.0,3867.0,4095.0,2960.0,3423.0,4095.0,-0.77,9.57,3.23,-0.04,0.09,0.0,1.0,i-love-you
2938.0,883.0,3071.0,3866.0,4095.0,2963.0,3431.0,4095.0,-0.69,9.58,3.14,-0.06,-0.02,-0.04,1.0,i-love-you
2932.0,895.0,3066.0,3883.0,4095.0,2960.0,3419.0,4095.0,-0.99,9.45,3.33,-0.08,0.02,-0.03,1.0,i-love-you
2940.0,880.0,3058.0,3897.0,4095.0,2966.0,3430.0,4095.0,-0.76,9.55,3.25,-0.03,0.07,-0.02,1.0,i-love-you
2946.0,880.0,3056.0,3892.0,4095.0,2967.0,3440.0,4095.0,-0.96,9.56,2.98,-0.08,0.01,-0.04,1.0,i-love-you
2924.0,891.0,3055.0,3888.0,4095.0,2971.0,3424.0,4095.0,-0.72,9.55,3.43,-0.11,-0.03,-0.03,1.0,i-love-you
2933.0,880.0,3057.0,3899.0,4095.0,2963.0,3421.0,4095.0,-0.85,9.54,3.15,-0.05,0.01,-0.03,1.0,i-love-you
2925.0,887.0,3055.0,3882.0,4095.0,2960.0,3423.0,4095.0,-0.87,9.42,3.52,-0.06,0.02,-0.05,1.0,i-love-you
2925.0,884.0,3055.0,3889.0,4095.0,2966.0,3421.0,4095.0,-0.97,9.51,3.16,-0.03,0.06,-0.03,1.0,i-love-you
2928.0,880.0,3056.0,3875.0,4095.0,2961.0,3422.0,4095.0,-0.77,9.51,3.15,-0.08,-0.03,-0.04,1.0,i-love-you
2947.0,880.0,3060.0,3878.0,4095.0,2967.0,3427.0,4095.0,-1.01,9.42,3.51,-0.12,-0.01,-0.03,1.0,i-love-you
2934.0,881.0,3047.0,3878.0,4095.0,2966.0,3421.0,4095.0,-0.7,9.47,3.48,-0.05,0.11,-0.01,1.0,i-love-you
2941.0,881.0,3056.0,3856.0,4095.0,2960.0,3419.0,4095.0,-0.8,9.54,3.1,-0.11,0.01,-0.06,1.0,i-love-you
2943.0,887.0,3061.0,3871.0,4095.0,2970.0,3412.0,4095.0,-0.75,9.47,3.51,-0.13,-0.03,-0.06,1.0,i-love-you
2931.0,884.0,3057.0,3858.0,4095.0,2959.0,3418.0,4095.0,-0.89,9.37,3.8,-0.07,-0.05,-0.09,1.0,i-love-you
2928.0,882.0,3062.0,3874.0,4095.0,2976.0,3425.0,4095.0,-1.02,9.38,3.51,-0.05,0.01,-0.04,1.0,i-love-you
2928.0,878.0,3055.0,3857.0,4095.0,2960.0,3411.0,4095.0,-0.84,9.42,3.59,-0.07,0.02,-0.02,1.0,i-love-you
2939.0,890.0,3056.0,3881.0,4095.0,2969.0,3425.0,4095.0,-0.84,9.39,3.58,-0.06,0.01,-0.03,1.0,i-love-you
2934.0,896.0,3056.0,3840.0,4095.0,2959.0,3414.0,4095.0,-0.92,9.51,3.28,-0.06,0.01,-0.03,1.0,i-love-you
2939.0,882.0,3056.0,3862.0,4095.0,2973.0,3428.0,4095.0,-0.86,9.41,3.51,-0.13,0.02,-0.0,1.0,i-love-you
2928.0,879.0,3056.0,3855.0,4095.0,2966.0,3409.0,4095.0,-0.68,9.44,3.71,-0.12,-0.06,-0.08,1.0,i-love-you
2944.0,880.0,3058.0,3873.0,4095.0,2971.0,3417.0,4095.0,-0.96,9.37,3.64,-0.15,0.04,-0.08,1.0,i-love-you
2928.0,892.0,3062.0,3856.0,4095.0,2963.0,3417.0,4095.0,-1.06,9.29,3.81,-0.14,-0.01,-0.1,1.0,i-love-you
2935.0,880.0,3063.0,3862.0,4095.0,2975.0,3425.0,4095.0,-1.13,9.31,3.79,-0.12,-0.01,-0.08,1.0,i-love-you
2942.0,871.0,3056.0,3851.0,4095.0,2973.0,3431.0,4095.0,-1.02,9.27,3.94,-0.13,-0.06,-0.04,1.0,i-love-you
2931.0,883.0,3057.0,3824.0,4095.0,2965.0,3420.0,4095.0,-0.82,9.21,4.19,-0.1,-0.05,-0.08,1.0,i-love-you
2942.0,885.0,3057.0,3857.0,4095.0,2967.0,3417.0,4095.0,-1.17,9.26,3.77,-0.11,0.08,-0.02,1.0,i-love-you
2929.0,886.0,3054.0,3824.0,4095.0,2963.0,3413.0,4095.0,-0.94,9.18,4.35,-0.12,-0.04,-0.05,1.0,i-love-you
2941.0,895.0,3071.0,3850.0,4095.0,2966.0,3415.0,4095.0,-1.17,9.22,3.9,-0.08,0.09,-0.02,1.0,i-love-you
2935.0,879.0,3057.0,3803.0,4095.0,2960.0,3414.0,4095.0,-0.88,9.24,4.18,-0.09,-0.0,-0.05,1.0,i-love-you
2931.0,885.0,3061.0,3490.0,4095.0,2978.0,3418.0,4095.0,0.02,9.15,4.35,-0.04,0.03,0.02,1.0,i-love-you
2928.0,880.0,3051.0,3456.0,4095.0,2979.0,3423.0,4095.0,0.1,9.16,4.4,-0.03,0.05,0.05,1.0,i-love-you
2941.0,886.0,3070.0,3459.0,4095.0,2980.0,3427.0,4095.0,0.15,9.17,4.4,-0.02,-0.01,0.01,1.0,i-love-you
2915.0,890.0,3057.0,3415.0,4095.0,2973.0,3423.0,4095.0,0.16,9.22,4.23,-0.0,-0.0,0.03,1.0,i-love-you
2941.0,880.0,3063.0,3431.0,4095.0,2983.0,3426.0,4095.0,0.23,9.15,4.27,-0.03,0.04,0.07,1.0,i-love-you
2928.0,881.0,3047.0,3418.0,4095.0,2977.0,3427.0,4095.0,0.54,9.27,4.28,-0.0,-0.07,-0.02,1.0,i-love-you
2933.0,879.0,3056.0,3440.0,4095.0,2979.0,3426.0,4095.0,0.37,9.27,4.18,-0.03,0.04,0.01,1.0,i-love-you
2933.0,881.0,3055.0,3440.0,4095.0,2975.0,3418.0,4095.0,0.38,9.2,4.31,-0.03,0.01,-0.01,1.0,i-love-you
2941.0,880.0,3056.0,3456.0,4095.0,2983.0,3435.0,4095.0,0.28,9.23,4.11,0.05,-0.04,0.03,1.0,i-love-you
2934.0,880.0,3063.0,3441.0,4095.0,2976.0,3431.0,4095.0,0.62,9.36,4.02,0.01,0.05,-0.01,1.0,i-love-you
2929.0,882.0,3058.0,3439.0,4095.0,2977.0,3423.0,4095.0,0.45,9.38,3.78,-0.01,0.05,-0.02,1.0,i-love-you
2933.0,883.0,3061.0,3454.0,4095.0,2987.0,3435.0,4095.0,0.54,9.38,3.92,-0.05,-0.01,-0.01,1.0,i-love-you
2933.0,880.0,3050.0,3458.0,4095.0,2979.0,3440.0,4095.0,0.52,9.31,4.02,0.01,0.02,-0.02,1.0,i-love-you
2943.0,880.0,3054.0,3458.0,4095.0,2981.0,3440.0,4095.0,0.54,9.42,3.64,0.02,-0.05,-0.04,1.0,i-love-you
2937.0,880.0,3053.0,3463.0,4095.0,2987.0,3429.0,4095.0,0.44,9.44,3.74,-0.03,-0.06,-0.06,1.0,i-love-you
2937.0,880.0,3055.0,3490.0,4095.0,2991.0,3433.0,4095.0,0.52,9.45,3.68,-0.03,0.01,-0.05,1.0,i-love-you
2931.0,893.0,3057.0,3478.0,4095.0,2979.0,3430.0,4095.0,0.33,9.43,3.53,-0.08,0.03,-0.01,1.0,i-love-you
2932.0,887.0,3055.0,3493.0,4095.0,2986.0,3423.0,4095.0,0.79,9.52,3.65,-0.09,-0.02,-0.03,1.0,i-love-you
2928.0,881.0,3053.0,3478.0,4095.0,2976.0,3423.0,4095.0,0.86,9.51,3.78,-0.03,-0.12,-0.12,1.0,i-love-you
2938.0,881.0,3059.0,3472.0,4095.0,2981.0,3440.0,4095.0,0.66,9.39,4.02,0.01,-0.31,-0.25,1.0,i-love-you
2935.0,880.0,3067.0,3487.0,4095.0,2992.0,3440.0,4095.0,0.58,9.51,3.73,-0.02,-0.03,-0.07,1.0,i-love-you
2928.0,882.0,3056.0,3472.0,4095.0,2979.0,3427.0,4095.0,0.52,9.53,3.46,0.05,-0.04,-0.12,1.0,i-love-you
2931.0,897.0,3059.0,3472.0,4095.0,2989.0,3445.0,4095.0,0.11,9.68,2.71,0.01,-0.01,-0.09,1.0,i-love-you
2931.0,880.0,3046.0,3457.0,4095.0,2983.0,3426.0,4095.0,0.31,9.73,3.0,-0.14,-0.01,-0.03,1.0,i-love-you
2931.0,881.0,3054.0,3474.0,4095.0,2989.0,3438.0,4095.0,0.37,9.44,3.71,-0.15,-0.11,-0.1,1.0,i-love-you
2922.0,878.0,3051.0,3472.0,4095.0,2981.0,3427.0,4095.0,0.06,9.45,3.55,-0.09,0.06,-0.05,1.0,i-love-you
2928.0,884.0,3069.0,3497.0,4095.0,2983.0,3431.0,4095.0,0.0,9.53,3.27,-0.12,0.07,0.02,1.0,i-love-you
2928.0,879.0,3054.0,3475.0,4095.0,2979.0,3436.0,4095.0,0.48,9.49,3.63,-0.11,0.01,0.02,1.0,i-love-you
2944.0,884.0,3061.0,3493.0,4095.0,2983.0,3429.0,4095.0,0.63,9.54,3.72,-0.06,-0.01,-0.06,1.0,i-love-you
2938.0,894.0,3056.0,3485.0,4095.0,2992.0,3439.0,4095.0,0.28,9.51,3.51,0.01,-0.09,-0.14,1.0,i-love-you
2929.0,880.0,3057.0,3481.0,4095.0,2977.0,3431.0,4095.0,-0.13,9.45,3.38,-0.02,-0.17,-0.05,1.0,i-love-you
2938.0,880.0,3058.0,3490.0,4095.0,2987.0,3433.0,4095.0,0.32,9.54,3.56,-0.04,-0.05,-0.01,1.0,i-love-you
2918.0,883.0,3058.0,3487.0,4095.0,2982.0,3422.0,4095.0,0.24,9.5,3.48,-0.03,0.03,-0.03,1.0,i-love-you
2927.0,892.0,3084.0,3499.0,4095.0,2990.0,3435.0,4095.0,-0.18,9.42,3.47,0.03,-0.05,0.07,1.0,i-love-you
2928.0,878.0,3047.0,3487.0,4095.0,2981.0,3437.0,4095.0,0.64,9.6,3.36,0.04,0.03,0.1,1.0,i-love-you
2931.0,882.0,3069.0,3506.0,4095.0,2981.0,3436.0,4095.0,0.88,9.84,2.87,-0.01,0.06,0.01,1.0,i-love-you
2928.0,887.0,3052.0,3492.0,4095.0,2980.0,3435.0,4095.0,0.66,9.6,3.28,-0.07,0.03,-0.13,1.0,i-love-you
2929.0,880.0,3055.0,3500.0,4095.0,2992.0,3442.0,4095.0,0.34,9.54,3.2,-0.01,-0.0,-0.14,1.0,i-love-you
2928.0,886.0,3055.0,3490.0,4095.0,2985.0,3439.0,4095.0,-0.1,9.59,2.87,-0.04,0.02,-0.01,1.0,i-love-you
2941.0,880.0,3059.0,3502.0,4095.0,2990.0,3440.0,4095.0,0.52,9.71,3.08,-0.09,0.01,0.05,1.0,i-love-you
2932.0,879.0,3056.0,3479.0,4095.0,2986.0,3431.0,4095.0,0.25,9.81,2.32,0.09,-0.03,-0.1,1.0,i-love-you
2931.0,882.0,3060.0,3482.0,4095.0,2991.0,3440.0,4095.0,0.15,9.81,2.15,0.03,-0.03,-0.09,1.0,i-love-you
2939.0,886.0,3056.0,3472.0,4095.0,2983.0,3436.0,4095.0,0.17,9.91,1.9,0.03,0.08,-0.05,1.0,i-love-you
2941.0,883.0,3057.0,3482.0,4095.0,2983.0,3440.0,4095.0,0.02,9.92,2.03,-0.09,0.0,-0.09,1.0,i-love-you
2934.0,885.0,3058.0,3494.0,4095.0,2985.0,3440.0,4095.0,0.3,9.96,2.13,0.0,0.05,-0.08,1.0,i-love-you
2929.0,886.0,3071.0,3507.0,4095.0,2992.0,3440.0,4095.0,-0.18,9.93,1.9,-0.32,0.87,-0.0,1.0,i-love-you
2931.0,879.0,3053.0,3503.0,4095.0,2990.0,3433.0,4095.0,-0.53,9.61,2.65,-0.15,-0.11,-0.22,1.0,i-love-you
2940.0,877.0,3062.0,3517.0,4095.0,2983.0,3451.0,4095.0,-0.65,9.59,2.6,-0.09,-0.03,-0.08,1.0,i-love-you
2927.0,887.0,3056.0,3507.0,4095.0,2985.0,3433.0,4095.0,0.26,9.88,2.41,-0.02,0.03,-0.07,1.0,i-love-you
2934.0,884.0,3059.0,3500.0,4095.0,2986.0,3443.0,4095.0,0.1,10.17,1.7,-0.26,0.4,-0.11,1.0,i-love-you
2931.0,886.0,3066.0,3515.0,4095.0,2989.0,3440.0,4095.0,-1.25,9.09,3.55,-0.19,-0.27,-0.3,1.0,i-love-you
2938.0,891.0,3054.0,3527.0,4095.0,2979.0,3429.0,4095.0,-0.82,9.53,2.96,-0.03,0.16,0.0,1.0,i-love-you
2929.0,880.0,3056.0,3514.0,4095.0,2994.0,3443.0,4095.0,-0.58,9.69,2.77,-0.06,-0.03,-0.09,1.0,i-love-you
2938.0,883.0,3051.0,3505.0,4095.0,2977.0,3429.0,4095.0,-0.72,9.79,2.48,-0.09,0.16,-0.03,1.0,i-love-you
2934.0,889.0,3065.0,3519.0,4095.0,2985.0,3442.0,4095.0,-0.89,9.7,2.61,0.02,-0.09,-0.11,1.0,i-love-you
2939.0,885.0,3050.0,3504.0,4095.0,2988.0,3441.0,4095.0,-0.73,9.7,2.61,0.01,-0.01,-0.1,1.0,i-love-you
2934.0,880.0,3069.0,3514.0,4095.0,2992.0,3444.0,4095.0,-1.09,9.63,2.62,-0.01,0.01,-0.12,1.0,i-love-you
2931.0,895.0,3063.0,3517.0,4095.0,2983.0,3430.0,4095.0,-0.98,9.64,2.6,0.05,-0.07,-0.11,1.0,i-love-you
2923.0,874.0,3069.0,3520.0,4095.0,2993.0,3447.0,4095.0,-1.21,9.7,2.35,0.1,0.02,-0.01,1.0,i-love-you
2933.0,884.0,3059.0,3510.0,4095.0,2987.0,3434.0,4095.0,-0.95,9.8,2.27,0.11,-0.14,-0.06,1.0,i-love-you
2943.0,887.0,3062.0,3522.0,4095.0,2990.0,3441.0,4095.0,-0.81,9.96,1.11,0.04,-0.02,-0.08,1.0,i-love-you
2938.0,891.0,3056.0,3535.0,4095.0,2982.0,3431.0,4095.0,-0.73,9.99,0.91,0.1,-0.03,-0.07,1.0,i-love-you
2943.0,883.0,3057.0,3532.0,4095.0,2991.0,3456.0,4095.0,-1.05,9.99,0.56,0.09,-0.05,-0.12,1.0,i-love-you
2928.0,885.0,3056.0,3536.0,4095.0,2995.0,3456.0,4095.0,-0.88,9.96,0.63,0.04,-0.06,-0.11,1.0,i-love-you
2942.0,881.0,3062.0,3522.0,4095.0,2979.0,3442.0,4095.0,-0.87,9.93,1.01,0.08,-0.11,-0.22,1.0,i-love-you
2935.0,887.0,3059.0,3539.0,4095.0,2990.0,3451.0,4095.0,-1.43,9.84,0.34,0.18,-0.02,-0.28,1.0,i-love-you
2948.0,895.0,3059.0,3544.0,4095.0,2986.0,3426.0,4095.0,-1.61,9.92,-0.11,0.12,-0.13,-0.21,1.0,i-love-you
2923.0,882.0,3061.0,3551.0,4095.0,2992.0,3451.0,4095.0,-1.76,9.86,-0.17,0.05,-0.09,-0.16,1.0,i-love-you
2932.0,883.0,3051.0,3533.0,4095.0,2987.0,3446.0,4095.0,-1.96,9.76,-0.01,0.03,-0.08,-0.19,1.0,i-love-you
2930.0,887.0,3062.0,3564.0,4095.0,2989.0,3438.0,4095.0,-1.71,9.82,-0.18,0.03,-0.09,-0.15,1.0,i-love-you
2928.0,882.0,3056.0,3602.0,4095.0,2987.0,3440.0,4095.0,-2.04,9.79,-0.07,-0.02,-0.12,-0.21,1.0,i-love-you
2948.0,881.0,3055.0,3627.0,4095.0,2977.0,3440.0,4095.0,-2.39,9.75,-0.38,0.03,-0.17,-0.16,1.0,i-love-you
2928.0,873.0,3058.0,3652.0,4095.0,2978.0,3440.0,4095.0,-1.71,9.79,-0.09,0.01,-0.24,-0.32,1.0,i-love-you
2939.0,880.0,3070.0,3675.0,4095.0,2965.0,3445.0,4095.0,-2.87,9.65,-0.56,-0.14,-0.1,-0.22,1.0,i-love-you
2935.0,883.0,3056.0,3682.0,4095.0,2973.0,3438.0,4095.0,-2.69,9.54,0.06,-0.25,0.24,-0.01,1.0,i-love-you
2939.0,880.0,3053.0,3687.0,4095.0,2967.0,3440.0,4095.0,-2.79,9.54,0.06,-0.11,-0.11,-0.11,1.0,i-love-you
2939.0,886.0,3066.0,3726.0,4095.0,2977.0,3440.0,4095.0,-2.74,9.56,0.21,-0.11,-0.11,-0.09,1.0,i-love-you
2935.0,885.0,3056.0,3706.0,4095.0,2975.0,3431.0,4095.0,-2.77,9.59,-0.06,-0.16,0.04,-0.08,1.0,i-love-you
2938.0,884.0,3069.0,3727.0,4095.0,2983.0,3431.0,4095.0,-2.71,9.57,0.3,-0.16,-0.09,-0.1,1.0,i-love-you
2933.0,885.0,3056.0,3723.0,4095.0,2977.0,3430.0,4095.0,-3.0,9.45,0.34,-0.21,0.03,-0.11,1.0,i-love-you
2941.0,885.0,3066.0,3698.0,4095.0,2987.0,3297.0,4095.0,-1.57,9.48,2.99,-0.11,0.07,0.11,1.0,i-love-you
2929.0,886.0,3066.0,3689.0,4095.0,2976.0,3290.0,4095.0,-1.52,9.54,2.88,-0.09,0.06,0.07,1.0,i-love-you
2929.0,887.0,3058.0,3696.0,4095.0,2991.0,3306.0,4095.0,-1.5,9.45,3.14,-0.1,0.02,0.05,1.0,i-love-you
2928.0,899.0,3056.0,3685.0,4095.0,2983.0,3294.0,4095.0,-1.26,9.55,3.01,-0.08,-0.03,0.02,1.0,i-love-you
2925.0,896.0,3071.0,3697.0,4095.0,2992.0,3297.0,4095.0,-1.39,9.54,3.06,-0.09,0.01,-0.01,1.0,i-love-you
2924.0,899.0,3056.0,3682.0,4095.0,2992.0,3289.0,4095.0,-1.5,9.45,3.12,-0.07,0.02,0.0,1.0,i-love-you
2931.0,899.0,3061.0,3666.0,4095.0,2991.0,3295.0,4095.0,-1.33,9.48,3.07,-0.1,0.06,0.04,1.0,i-love-you
2940.0,891.0,3082.0,3691.0,4095.0,2992.0,3298.0,4095.0,-1.37,9.5,2.97,-0.12,0.02,0.02,1.0,i-love-you
2931.0,887.0,3059.0,3665.0,4095.0,2989.0,3287.0,4095.0,-1.24,9.41,3.31,-0.09,0.05,0.08,1.0,i-love-you
2930.0,896.0,3066.0,3685.0,4095.0,2993.0,3311.0,4095.0,-0.88,9.54,3.25,-0.04,-0.01,0.02,1.0,i-love-you
2933.0,885.0,3060.0,3663.0,4095.0,2992.0,3290.0,4095.0,-1.13,9.59,2.97,-0.06,0.01,-0.02,1.0,i-love-you
2945.0,893.0,3061.0,3681.0,4095.0,2995.0,3307.0,4095.0,-1.19,9.43,3.3,-0.08,0.03,-0.0,1.0,i-love-you
2939.0,895.0,3067.0,3681.0,4095.0,2991.0,3295.0,4095.0,-1.12,9.55,2.98,-0.04,0.08,0.02,1.0,i-love-you
2945.0,896.0,3061.0,3703.0,4095.0,2998.0,3301.0,4095.0,-0.96,9.59,3.03,-0.05,0.01,0.02,1.0,i-love-you
2934.0,904.0,3060.0,3694.0,4095.0,2992.0,3287.0,4095.0,-0.98,9.55,3.15,-0.02,-0.04,-0.01,1.0,i-love-you
2934.0,897.0,3062.0,3682.0,4095.0,2991.0,3299.0,4095.0,-1.09,9.56,2.91,-0.06,0.07,0.03,1.0,i-love-you
2928.0,898.0,3065.0,3675.0,4095.0,2990.0,3287.0,4095.0,-0.79,9.53,3.23,-0.09,0.01,-0.01,1.0,i-love-you
2939.0,895.0,3069.0,3691.0,4095.0,2997.0,3307.0,4095.0,-0.97,9.53,3.09,-0.09,0.01,-0.05,1.0,i-love-you
2934.0,890.0,3066.0,3696.0,4095.0,3003.0,3306.0,4095.0,-0.83,9.57,3.18,-0.05,-0.06,-0.03,1.0,i-love-you
2935.0,887.0,3056.0,3685.0,4095.0,2991.0,3292.0,4095.0,-0.73,9.63,3.18,-0.03,-0.02,-0.09,1.0,i-love-you
2933.0,880.0,3059.0,3395.0,4095.0,3070.0,3327.0,4095.0,-1.91,9.71,1.28,-0.16,-0.03,-0.08,1.0,i-love-you
2938.0,886.0,3063.0,3418.0,4095.0,3062.0,3333.0,4095.0,-2.06,9.65,1.42,-0.15,-0.04,-0.03,1.0,i-love-you
2934.0,887.0,3058.0,3418.0,4095.0,3071.0,3333.0,4095.0,-1.89,9.71,1.61,-0.16,-0.03,-0.06,1.0,i-love-you
2933.0,891.0,3060.0,3443.0,4095.0,3085.0,3341.0,4095.0,-1.75,9.75,1.83,-0.08,-0.14,-0.06,1.0,i-love-you
2928.0,890.0,3055.0,3439.0,4095.0,3059.0,3323.0,4095.0,-2.03,9.58,1.65,-0.06,0.07,-0.01,1.0,i-love-you
2935.0,892.0,3059.0,3449.0,4095.0,3071.0,3337.0,4095.0,-1.85,9.75,1.69,-0.09,-0.0,-0.02,1.0,i-love-you
2935.0,890.0,3062.0,3440.0,4095.0,3059.0,3326.0,4095.0,-1.84,9.63,1.55,-0.02,0.0,-0.04,1.0,i-love-you
2932.0,891.0,3058.0,3451.0,4095.0,3070.0,3331.0,4095.0,-1.9,9.67,1.67,-0.08,0.04,-0.06,1.0,i-love-you
2929.0,882.0,3062.0,3438.0,4095.0,3063.0,3322.0,4095.0,-2.14,9.59,1.58,-0.1,0.1,-0.03,1.0,i-love-you
2939.0,895.0,3060.0,3438.0,4095.0,3071.0,3342.0,4095.0,-1.89,9.57,1.83,-0.06,-0.06,-0.05,1.0,i-love-you
2932.0,885.0,3062.0,3442.0,4095.0,3059.0,3323.0,4095.0,-2.03,9.68,1.53,-0.05,0.09,0.0,1.0,i-love-you
2938.0,891.0,3055.0,3461.0,4095.0,3067.0,3328.0,4095.0,-1.69,9.78,1.85,-0.05,-0.01,-0.04,1.0,i-love-you
2937.0,897.0,3057.0,3462.0,4095.0,3070.0,3333.0,4095.0,-2.1,9.65,1.41,-0.05,-0.05,-0.1,1.0,i-love-you
2931.0,882.0,3055.0,3453.0,4095.0,3071.0,3329.0,4095.0,-1.88,9.73,1.45,-0.11,-0.02,-0.11,1.0,i-love-you
2941.0,887.0,3067.0,3466.0,4095.0,3071.0,3335.0,4095.0,-2.13,9.64,1.82,-0.15,-0.02,-0.03,1.0,i-love-you
2919.0,882.0,3046.0,3455.0,4095.0,3067.0,3332.0,4095.0,-2.12,9.63,1.72,-0.1,-0.01,-0.04,1.0,i-love-you
2935.0,893.0,3071.0,3455.0,4095.0,3057.0,3322.0,4095.0,-1.86,9.71,1.78,-0.13,-0.09,0.01,1.0,i-love-you
2927.0,893.0,3051.0,3461.0,4095.0,3059.0,3323.0,4095.0,-1.96,9.61,2.0,-0.18,0.07,0.04,1.0,i-love-you
2944.0,891.0,3060.0,3461.0,4095.0,3068.0,3328.0,4095.0,-1.84,9.56,2.18,-0.18,0.04,0.02,1.0,i-love-you
2929.0,900.0,3066.0,3465.0,4095.0,3061.0,3315.0,4095.0,-2.06,9.55,2.21,-0.2,0.1,0.04,1.0,i-love-you
2931.0,887.0,3070.0,3503.0,4095.0,3071.0,3328.0,4095.0,-1.61,9.49,2.69,-0.11,0.01,-0.02,1.0,i-love-you
2939.0,891.0,3066.0,3510.0,4095.0,3071.0,3318.0,4095.0,-1.58,9.54,2.74,-0.1,0.02,-0.0,1.0,i-love-you
2933.0,880.0,3079.0,3522.0,4095.0,3069.0,3328.0,4095.0,-1.62,9.56,2.59,-0.08,0.03,0.02,1.0,i-love-you
2931.0,896.0,3056.0,3509.0,4095.0,3060.0,3318.0,4095.0,-1.44,9.57,2.68,-0.13,-0.01,0.07,1.0,i-love-you
2927.0,890.0,3058.0,3535.0,4095.0,3083.0,3342.0,4095.0,-1.34,9.67,2.8,-0.13,0.02,0.05,1.0,i-love-you
2935.0,887.0,3058.0,3521.0,4095.0,3066.0,3333.0,4095.0,-1.26,9.58,2.83,-0.12,-0.02,0.08,1.0,i-love-you
2935.0,881.0,3071.0,3545.0,4095.0,3079.0,3333.0,4095.0,-0.99,9.55,2.96,-0.13,-0.07,0.09,1.0,i-love-you
2929.0,889.0,3057.0,3518.0,4095.0,3063.0,3335.0,4095.0,-0.89,9.56,3.2,-0.11,-0.01,0.05,1.0,i-love-you
2934.0,881.0,3058.0,3527.0,4095.0,3088.0,3346.0,4095.0,-0.85,9.55,3.16,-0.13,0.08,0.14,1.0,i-love-you
2923.0,897.0,3057.0,3517.0,4095.0,3084.0,3339.0,4095.0,-0.47,9.61,3.39,-0.14,0.08,0.14,1.0,i-love-you
2938.0,879.0,3067.0,3527.0,4095.0,3088.0,3344.0,4095.0,-0.56,9.62,3.06,-0.08,0.12,0.07,1.0,i-love-you
2928.0,884.0,3058.0,3522.0,4095.0,3088.0,3348.0,4095.0,-0.49,9.61,3.34,-0.09,-0.03,0.05,1.0,i-love-you
2929.0,890.0,3051.0,3511.0,4095.0,3086.0,3334.0,4095.0,-0.48,9.55,3.25,-0.03,0.01,0.05,1.0,i-love-you
2928.0,881.0,3059.0,3515.0,4095.0,3088.0,3351.0,4095.0,-0.39,9.57,3.33,-0.01,0.02,0.03,1.0,i-love-you
2935.0,898.0,3055.0,3508.0,4095.0,3081.0,3335.0,4095.0,-0.39,9.6,3.11,-0.02,0.04,0.04,1.0,i-love-you
2946.0,885.0,3082.0,3525.0,4095.0,3083.0,3330.0,4095.0,-0.26,9.61,3.13,-0.01,-0.02,0.03,1.0,i-love-you
2933.0,889.0,3061.0,3520.0,4095.0,3082.0,3342.0,4095.0,-0.16,9.67,2.92,-0.01,0.05,0.07,1.0,i-love-you
2934.0,893.0,3071.0,3537.0,4095.0,3085.0,3334.0,4095.0,0.04,9.7,3.17,-0.03,0.01,0.0,1.0,i-love-you
2928.0,892.0,3057.0,3536.0,4095.0,3088.0,3338.0,4095.0,-0.15,9.64,2.94,0.0,0.01,-0.04,1.0,i-love-you
2942.0,889.0,3067.0,3530.0,4095.0,3071.0,3335.0,4095.0,-0.18,9.71,2.96,-0.02,0.02,-0.04,1.0,i-love-you
2925.0,893.0,3056.0,3447.0,4095.0,3090.0,3339.0,4095.0,0.08,9.8,1.99,0.12,0.09,0.02,1.0,i-love-you
2937.0,885.0,3071.0,3411.0,4095.0,3090.0,3344.0,4095.0,0.33,9.95,1.89,0.01,-0.03,-0.08,1.0,i-love-you
2935.0,894.0,3057.0,3408.0,4095.0,3088.0,3344.0,4095.0,0.05,9.89,1.8,0.03,-0.03,-0.03,1.0,i-love-you
2929.0,883.0,3067.0,3428.0,4095.0,3093.0,3347.0,4095.0,0.23,9.92,1.99,-0.0,-0.05,-0.07,1.0,i-love-you
2928.0,893.0,3061.0,3440.0,4095.0,3082.0,3339.0,4095.0,0.01,10.0,1.7,0.01,-0.03,-0.05,1.0,i-love-you
2932.0,891.0,3056.0,3469.0,4095.0,3089.0,3354.0,4095.0,-0.02,9.88,1.85,-0.0,0.0,-0.04,1.0,i-love-you
2929.0,903.0,3056.0,3454.0,4095.0,3088.0,3344.0,4095.0,0.1,9.99,1.69,0.04,-0.06,-0.07,1.0,i-love-you
2934.0,893.0,3071.0,3444.0,4095.0,3096.0,3345.0,4095.0,0.09,9.97,1.58,0.03,-0.02,-0.02,1.0,i-love-you
2919.0,884.0,3047.0,3424.0,4095.0,3098.0,3355.0,4095.0,0.17,9.92,1.58,0.01,-0.02,-0.08,1.0,i-love-you
2930.0,885.0,3056.0,3429.0,4095.0,3090.0,3344.0,4095.0,0.12,10.02,1.5,0.04,-0.03,-0.07,1.0,i-love-you
2933.0,896.0,3071.0,3434.0,4095.0,3088.0,3349.0,4095.0,0.06,9.92,1.56,0.08,-0.01,-0.05,1.0,i-love-you
2927.0,896.0,3056.0,3411.0,4095.0,3092.0,3344.0,4095.0,0.12,10.1,1.05,0.09,-0.02,-0.1,1.0,i-love-you
2947.0,891.0,3056.0,3424.0,4095.0,3101.0,3361.0,4095.0,-0.07,10.03,0.95,0.06,0.01,-0.05,1.0,i-love-you
2926.0,891.0,3057.0,3401.0,4095.0,3088.0,3341.0,4095.0,-0.11,9.97,0.89,0.01,0.01,-0.09,1.0,i-love-you
2933.0,902.0,3071.0,3408.0,4095.0,3088.0,3346.0,4095.0,-0.02,10.14,0.78,0.05,0.01,-0.06,1.0,i-love-you
2941.0,875.0,3064.0,3408.0,4095.0,3087.0,3339.0,4095.0,-0.14,10.01,0.83,0.08,-0.03,-0.14,1.0,i-love-you
2938.0,890.0,3079.0,3423.0,4095.0,3089.0,3353.0,4095.0,-0.33,10.08,0.49,0.03,0.05,-0.03,1.0,i-love-you
2922.0,893.0,3058.0,3408.0,4095.0,3088.0,3346.0,4095.0,-0.33,10.04,0.44,-0.02,0.1,-0.04,1.0,i-love-you
2925.0,894.0,3082.0,3417.0,4095.0,3091.0,3343.0,4095.0,-0.17,10.13,0.39,-0.0,-0.08,-0.14,1.0,i-love-you
2935.0,895.0,3062.0,3405.0,4095.0,3088.0,3344.0,4095.0,-0.37,10.13,0.37,0.03,-0.06,-0.15,1.0,i-love-you
2931.0,889.0,3060.0,3447.0,4095.0,3088.0,3344.0,4095.0,-0.92,10.0,0.06,-0.01,0.03,-0.07,1.0,i-love-you
2933.0,889.0,3059.0,3452.0,4095.0,3091.0,3355.0,4095.0,-0.93,9.94,0.11,-0.04,-0.08,-0.09,1.0,i-love-you
2923.0,887.0,3070.0,3439.0,4095.0,3085.0,3344.0,4095.0,-0.9,10.06,-0.04,0.02,-0.07,-0.21,1.0,i-love-you
2943.0,893.0,3062.0,3455.0,4095.0,3092.0,3353.0,4095.0,-1.53,9.76,0.01,-0.04,-0.07,-0.14,1.0,i-love-you
2929.0,884.0,3071.0,3456.0,4095.0,3086.0,3341.0,4095.0,-1.25,9.94,0.14,-0.05,-0.08,-0.1,1.0,i-love-you
2938.0,890.0,3065.0,3467.0,4095.0,3099.0,3359.0,4095.0,-1.36,9.96,-0.04,-0.03,0.01,-0.06,1.0,i-love-you
2937.0,894.0,3071.0,3454.0,4095.0,3088.0,3351.0,4095.0,-1.33,9.87,0.03,-0.08,-0.05,-0.07,1.0,i-love-you
2940.0,902.0,3079.0,3456.0,4095.0,3085.0,3347.0,4095.0,-1.36,9.98,0.02,-0.1,0.04,-0.07,1.0,i-love-you
2939.0,887.0,3071.0,3459.0,4095.0,3071.0,3348.0,4095.0,-1.45,9.86,0.17,-0.06,-0.08,-0.1,1.0,i-love-you
2933.0,893.0,3065.0,3462.0,4095.0,3087.0,3344.0,4095.0,-1.59,9.94,0.01,-0.06,-0.03,-0.11,1.0,i-love-you
2927.0,897.0,3058.0,3486.0,4095.0,3091.0,3347.0,4095.0,-1.52,9.84,0.03,-0.02,-0.06,-0.08,1.0,i-love-you
2941.0,883.0,3063.0,3455.0,4095.0,3081.0,3340.0,4095.0,-1.5,9.93,0.07,-0.08,-0.05,-0.09,1.0,i-love-you
2943.0,895.0,3068.0,3467.0,4095.0,3088.0,3344.0,4095.0,-1.61,9.87,-0.01,-0.07,0.01,-0.08,1.0,i-love-you
2928.0,890.0,3063.0,3454.0,4095.0,3083.0,3344.0,4095.0,-1.69,9.81,0.36,-0.12,-0.05,-0.1,1.0,i-love-you
2947.0,877.0,3063.0,3451.0,4095.0,3088.0,3354.0,4095.0,-1.62,9.87,0.24,-0.01,-0.04,-0.09,1.0,i-love-you
2937.0,887.0,3082.0,3463.0,4095.0,3071.0,3333.0,4095.0,-1.74,9.86,0.14,-0.06,-0.07,-0.11,1.0,i-love-you
2947.0,880.0,3067.0,3484.0,4095.0,3088.0,3351.0,4095.0,-1.87,9.85,0.03,-0.04,0.05,-0.09,1.0,i-love-you
2919.0,887.0,3059.0,3504.0,4095.0,3083.0,3334.0,4095.0,-1.98,9.67,0.39,-0.08,-0.06,-0.06,1.0,i-love-you
2929.0,888.0,3070.0,3505.0,4095.0,3094.0,3357.0,4095.0,-1.8,9.93,0.05,-0.05,0.03,-0.05,1.0,i-love-you
2928.0,891.0,3071.0,3504.0,4095.0,3095.0,3349.0,4095.0,-1.87,9.78,0.24,-0.08,-0.06,-0.09,1.0,i-love-you
2934.0,891.0,3079.0,3517.0,4095.0,3092.0,3348.0,4095.0,-1.95,9.7,0.45,-0.14,-0.04,-0.1,1.0,i-love-you
2933.0,887.0,3062.0,3503.0,4095.0,3088.0,3340.0,4095.0,-2.14,9.78,0.28,-0.07,0.02,-0.09,1.0,i-love-you
2929.0,887.0,3066.0,3517.0,4095.0,3098.0,3350.0,4095.0,-2.17,9.68,0.53,-0.08,-0.07,-0.11,1.0,i-love-you
2934.0,891.0,3069.0,3510.0,4095.0,3088.0,3341.0,4095.0,-2.06,9.8,0.32,-0.03,0.0,-0.08,1.0,i-love-you
2939.0,905.0,3071.0,3530.0,4095.0,3097.0,3353.0,4095.0,-2.1,9.73,0.4,-0.05,-0.12,-0.13,1.0,i-love-you
2933.0,891.0,3066.0,3517.0,4095.0,3090.0,3339.0,4095.0,-2.35,9.64,0.45,-0.08,-0.03,-0.11,1.0,i-love-you
2940.0,886.0,3083.0,3521.0,4095.0,3088.0,3346.0,4095.0,-2.26,9.67,0.69,-0.08,-0.05,-0.12,1.0,i-love-you
2928.0,881.0,3058.0,3502.0,4095.0,3088.0,3347.0,4095.0,-2.4,9.62,0.26,-0.04,-0.0,-0.12,1.0,i-love-you
2934.0,895.0,3063.0,3511.0,4095.0,3099.0,3353.0,4095.0,-2.36,9.71,0.5,-0.15,-0.07,-0.14,1.0,i-love-you
2942.0,891.0,3058.0,3500.0,4095.0,3092.0,3349.0,4095.0,-2.73,9.51,0.79,-0.09,-0.03,-0.12,1.0,i-love-you
2926.0,899.0,3068.0,3494.0,4095.0,3091.0,3349.0,4095.0,-2.68,9.57,0.77,-0.12,-0.02,-0.08,1.0,i-love-you
2929.0,893.0,3066.0,3492.0,4095.0,3099.0,3362.0,4095.0,-2.71,9.5,0.81,-0.08,0.08,-0.04,1.0,i-love-you
2930.0,885.0,3065.0,3504.0,4095.0,3088.0,3344.0,4095.0,-2.7,9.56,0.85,-0.09,0.11,-0.05,1.0,i-love-you
2930.0,886.0,3082.0,3505.0,4095.0,3093.0,3357.0,4095.0,-2.58,9.58,0.64,-0.08,0.12,-0.07,1.0,i-love-you
2928.0,893.0,3059.0,3491.0,4095.0,3088.0,3341.0,4095.0,-2.83,9.56,0.62,-0.15,0.16,-0.07,1.0,i-love-you
2935.0,899.0,3063.0,3493.0,4095.0,3102.0,3353.0,4095.0,-2.93,9.42,0.85,-0.08,0.09,-0.1,1.0,i-love-you
2939.0,892.0,3062.0,3489.0,4095.0,3093.0,3346.0,4095.0,-2.98,9.45,0.77,-0.01,-0.1,-0.1,1.0,i-love-you
2937.0,891.0,3063.0,3494.0,4095.0,3108.0,3362.0,4095.0,-2.9,9.47,0.68,-0.03,-0.06,-0.07,1.0,i-love-you
2930.0,883.0,3063.0,3486.0,4095.0,3094.0,3349.0,4095.0,-3.01,9.45,0.76,-0.04,-0.05,-0.1,1.0,i-love-you
2941.0,893.0,3068.0,3501.0,4095.0,3095.0,3351.0,4095.0,-3.02,9.53,0.56,-0.01,0.0,-0.09,1.0,i-love-you
2943.0,893.0,3081.0,3482.0,4095.0,3118.0,3354.0,4095.0,-3.46,9.25,1.09,-0.11,0.03,-0.08,1.0,i-love-you
2937.0,885.0,3058.0,3487.0,4095.0,3105.0,3345.0,4095.0,-3.07,9.43,1.08,-0.2,-0.1,-0.07,1.0,i-love-you
2928.0,895.0,3070.0,3501.0,4095.0,3109.0,3350.0,4095.0,-3.47,9.25,1.06,-0.24,0.09,-0.04,1.0,i-love-you
2927.0,895.0,3071.0,3494.0,4095.0,3110.0,3343.0,4095.0,-3.27,9.23,1.63,-0.18,-0.11,-0.07,1.0,i-love-you
2945.0,894.0,3085.0,3504.0,4095.0,3107.0,3347.0,4095.0,-3.46,9.16,1.53,-0.11,0.05,-0.02,1.0,i-love-you
2928.0,897.0,3065.0,3499.0,4095.0,3110.0,3345.0,4095.0,-3.39,9.22,1.61,-0.15,0.05,-0.01,1.0,i-love-you
2930.0,883.0,3086.0,3509.0,4095.0,3107.0,3348.0,4095.0,-3.35,9.23,1.45,-0.1,0.01,-0.02,1.0,i-love-you
2942.0,880.0,3065.0,3492.0,4095.0,3104.0,3344.0,4095.0,-3.26,9.2,1.71,-0.15,-0.05,-0.04,1.0,i-love-you
2926.0,892.0,3069.0,3515.0,4095.0,3118.0,3358.0,4095.0,-3.21,9.2,1.84,-0.12,0.03,-0.03,1.0,i-love-you
2931.0,894.0,3071.0,3510.0,4095.0,3105.0,3348.0,4095.0,-3.37,9.19,1.74,-0.1,0.01,-0.12,1.0,i-love-you
2928.0,897.0,3058.0,3495.0,4095.0,3111.0,3347.0,4095.0,-3.51,9.19,1.74,-0.08,-0.04,-0.06,1.0,i-love-you
2946.0,895.0,3086.0,3514.0,4095.0,3106.0,3342.0,4095.0,-3.78,9.05,1.92,-0.12,0.09,-0.01,1.0,i-love-you
2933.0,900.0,3056.0,3504.0,4095.0,3111.0,3350.0,4095.0,-3.35,9.21,1.85,-0.09,0.05,-0.02,1.0,i-love-you
2945.0,890.0,3082.0,3511.0,4095.0,3107.0,3344.0,4095.0,-3.4,9.17,1.88,-0.11,-0.01,-0.03,1.0,i-love-you
2930.0,887.0,3071.0,3510.0,4095.0,3108.0,3344.0,4095.0,-3.29,9.17,1.98,-0.08,-0.05,-0.07,1.0,i-love-you
2937.0,893.0,3070.0,3530.0,4095.0,3111.0,3355.0,4095.0,-3.54,9.11,1.84,-0.12,0.03,-0.06,1.0,i-love-you
2930.0,906.0,3083.0,3510.0,4095.0,3103.0,3344.0,4095.0,-3.47,9.08,2.21,-0.12,-0.01,-0.06,1.0,i-love-you
2938.0,890.0,3071.0,3504.0,4095.0,3105.0,3358.0,4095.0,-3.69,9.06,1.96,-0.09,0.05,0.0,1.0,i-love-you
2939.0,880.0,3081.0,3504.0,4095.0,3106.0,3344.0,4095.0,-3.39,9.11,2.24,-0.12,0.01,-0.0,1.0,i-love-you
2928.0,895.0,3068.0,3521.0,4095.0,3109.0,3346.0,4095.0,-3.39,9.1,2.11,-0.09,0.05,-0.03,1.0,i-love-you
2943.0,889.0,3082.0,3521.0,4095.0,3099.0,3344.0,4095.0,-3.2,9.14,2.35,-0.08,0.07,0.02,1.0,i-love-you
2936.0,891.0,3069.0,3509.0,4095.0,3103.0,3345.0,4095.0,-3.01,9.07,2.77,-0.16,0.02,0.06,1.0,i-love-you
2945.0,894.0,3071.0,3530.0,4095.0,3114.0,3349.0,4095.0,-2.97,9.18,2.58,-0.09,0.12,-0.02,1.0,i-love-you
2927.0,907.0,3067.0,3516.0,4095.0,3105.0,3344.0,4095.0,-2.97,9.13,2.69,-0.09,-0.02,-0.02,1.0,i-love-you
2931.0,891.0,3083.0,3526.0,4095.0,3111.0,3350.0,4095.0,-2.93,9.2,2.63,-0.07,-0.02,-0.02,1.0,i-love-you
2937.0,891.0,3056.0,3520.0,4095.0,3102.0,3345.0,4095.0,-2.78,9.19,2.69,-0.09,-0.06,-0.03,1.0,i-love-you
2949.0,890.0,3082.0,3523.0,4095.0,3107.0,3344.0,4095.0,-2.94,9.17,2.8,-0.17,0.12,-0.01,1.0,i-love-you
2935.0,897.0,3065.0,3504.0,4095.0,3099.0,3342.0,4095.0,-3.45,8.91,2.82,-0.26,0.38,0.09,1.0,i-love-you
2942.0,897.0,3071.0,3483.0,4095.0,3114.0,3344.0,4095.0,-2.81,9.11,2.98,-0.04,-0.28,0.05,1.0,i-love-you
2937.0,891.0,3066.0,3487.0,4095.0,3118.0,3358.0,4095.0,-2.54,9.19,3.05,-0.06,-0.11,0.03,1.0,i-love-you
2925.0,886.0,3071.0,3465.0,4095.0,3109.0,3344.0,4095.0,-2.72,9.16,2.81,-0.1,0.0,0.01,1.0,i-love-you
2928.0,889.0,3071.0,3465.0,4095.0,3110.0,3354.0,4095.0,-2.65,9.14,3.19,-0.1,-0.02,-0.0,1.0,i-love-you
2928.0,896.0,3070.0,3445.0,4095.0,3095.0,3347.0,4095.0,-2.64,9.17,2.89,-0.06,0.03,-0.01,1.0,i-love-you
2929.0,901.0,3071.0,3457.0,4095.0,3111.0,3357.0,4095.0,-2.67,9.09,3.17,-0.13,0.04,0.01,1.0,i-love-you
2930.0,890.0,3088.0,3456.0,4095.0,3102.0,3342.0,4095.0,-2.44,9.21,3.09,-0.04,0.01,0.01,1.0,i-love-you
2928.0,886.0,3071.0,3447.0,4095.0,3120.0,3355.0,4095.0,-2.49,9.22,2.9,-0.09,-0.02,-0.03,1.0,i-love-you
2923.0,894.0,3081.0,3440.0,4095.0,3110.0,3343.0,4095.0,-2.58,9.11,3.37,-0.13,0.02,0.03,1.0,i-love-you
2943.0,890.0,3087.0,3451.0,4095.0,3107.0,3349.0,4095.0,-2.53,9.2,3.0,-0.09,0.08,0.06,1.0,i-love-you
2928.0,895.0,3069.0,3425.0,4095.0,3108.0,3345.0,4095.0,-2.45,9.17,3.22,-0.15,0.1,0.07,1.0,i-love-you
2932.0,894.0,3095.0,3455.0,4095.0,3109.0,3347.0,4095.0,-2.28,9.18,3.46,-0.1,0.02,0.02,1.0,i-love-you
2928.0,897.0,3063.0,3476.0,4095.0,3101.0,3351.0,4095.0,-1.88,9.31,3.22,-0.05,-0.0,-0.02,1.0,i-love-you
2933.0,899.0,3081.0,3502.0,4095.0,3115.0,3356.0,4095.0,-1.97,9.23,3.49,-0.07,-0.03,-0.03,1.0,i-love-you
2943.0,880.0,3063.0,3472.0,4095.0,3100.0,3345.0,4095.0,-1.75,9.33,3.38,-0.06,-0.03,-0.02,1.0,i-love-you
2933.0,896.0,3069.0,3500.0,4095.0,3109.0,3363.0,4095.0,-1.89,9.26,3.58,-0.06,-0.05,-0.03,1.0,i-love-you
2928.0,890.0,3082.0,3486.0,4095.0,3111.0,3355.0,4095.0,-1.93,9.27,3.25,-0.06,-0.01,0.01,1.0,i-love-you
2927.0,891.0,3066.0,3489.0,4095.0,3107.0,3345.0,4095.0,-1.83,9.29,3.39,-0.12,0.03,0.04,1.0,i-love-you
2941.0,895.0,3091.0,3491.0,4095.0,3111.0,3355.0,4095.0,-1.66,9.23,3.75,-0.09,-0.02,0.04,1.0,i-love-you
2919.0,894.0,3071.0,3483.0,4095.0,3101.0,3347.0,4095.0,-1.54,9.35,3.38,-0.08,0.07,0.04,1.0,i-love-you
2935.0,892.0,3071.0,3495.0,4095.0,3116.0,3360.0,4095.0,-1.59,9.22,3.76,-0.12,0.02,-0.02,1.0,i-love-you
2935.0,894.0,3082.0,3485.0,4095.0,3103.0,3340.0,4095.0,-1.59,9.31,3.51,-0.03,0.02,-0.03,1.0,i-love-you
2944.0,892.0,3087.0,3494.0,4095.0,3111.0,3355.0,4095.0,-1.62,9.25,3.54,-0.08,-0.01,-0.01,1.0,i-love-you
2937.0,891.0,3082.0,3490.0,4095.0,3101.0,3343.0,4095.0,-1.53,9.22,3.75,-0.07,0.04,-0.01,1.0,i-love-you
2937.0,896.0,3085.0,3490.0,4095.0,3109.0,3351.0,4095.0,-1.59,9.34,3.38,-0.08,0.06,-0.01,1.0,i-love-you
2937.0,893.0,3067.0,3479.0,4095.0,3102.0,3346.0,4095.0,-1.63,9.25,3.75,-0.1,0.02,-0.01,1.0,i-love-you
2931.0,884.0,3085.0,3487.0,4095.0,3109.0,3353.0,4095.0,-1.4,9.35,3.48,-0.04,0.0,-0.03,1.0,i-love-you
2931.0,883.0,3081.0,3461.0,4095.0,3105.0,3343.0,4095.0,-1.45,9.37,3.46,-0.1,-0.03,-0.04,1.0,i-love-you
2930.0,898.0,3088.0,3478.0,4095.0,3101.0,3344.0,4095.0,-1.57,9.17,3.94,-0.08,-0.03,-0.01,1.0,i-love-you
2941.0,887.0,3088.0,3462.0,4095.0,3105.0,3343.0,4095.0,-1.41,9.3,3.58,-0.08,0.02,-0.01,1.0,i-love-you
2931.0,893.0,3069.0,3423.0,4095.0,3101.0,3350.0,4095.0,-1.55,9.16,3.92,-0.12,-0.01,-0.02,1.0,i-love-you
2929.0,886.0,3086.0,3408.0,4095.0,3110.0,3354.0,4095.0,-1.42,9.3,3.65,-0.08,0.04,-0.01,1.0,i-love-you
2925.0,903.0,3079.0,3378.0,4095.0,3091.0,3350.0,4095.0,-1.23,9.0,3.98,-0.06,-0.04,-0.12,1.0,i-love-you
2935.0,898.0,3086.0,3383.0,4095.0,3105.0,3359.0,4095.0,-0.93,9.19,4.3,0.0,-0.03,0.16,1.0,i-love-you
2942.0,894.0,3071.0,3376.0,4095.0,3089.0,3347.0,4095.0,-0.91,9.31,3.58,-0.21,0.13,0.16,1.0,i-love-you
2931.0,899.0,3083.0,3379.0,4095.0,3107.0,3367.0,4095.0,-0.67,9.29,3.82,-0.21,0.07,0.05,1.0,i-love-you
2922.0,893.0,3071.0,3378.0,4095.0,3102.0,3356.0,4095.0,-0.76,9.06,4.72,-0.18,-0.15,0.23,1.0,i-love-you
2934.0,893.0,3088.0,3392.0,4095.0,3101.0,3355.0,4095.0,0.28,9.25,4.61,0.04,-0.03,-0.2,1.0,i-love-you
2929.0,894.0,3085.0,3376.0,4095.0,3098.0,3350.0,4095.0,-0.28,9.22,4.16,-0.03,-0.21,-0.0,1.0,i-love-you
2939.0,896.0,3067.0,3383.0,4095.0,3115.0,3367.0,4095.0,-0.37,9.2,4.38,-0.03,0.22,-0.05,1.0,i-love-you
2930.0,883.0,3071.0,3369.0,4095.0,3098.0,3355.0,4095.0,0.31,9.23,4.63,0.23,-0.38,0.01,1.0,i-love-you
2939.0,889.0,3085.0,3382.0,4095.0,3102.0,3364.0,4095.0,-0.98,9.17,3.65,0.1,0.07,-0.11,1.0,i-love-you
2925.0,895.0,3071.0,3372.0,4095.0,3099.0,3351.0,4095.0,0.06,9.65,3.46,-0.03,-0.07,-0.02,1.0,i-love-you
2941.0,896.0,3071.0,3359.0,4095.0,3101.0,3355.0,4095.0,-0.62,9.32,3.87,-0.07,0.01,0.12,1.0,i-love-you
2922.0,895.0,3071.0,3375.0,4095.0,3117.0,3366.0,4095.0,0.05,9.34,4.25,-0.09,-0.04,-0.08,1.0,i-love-you
2928.0,889.0,3081.0,3365.0,4095.0,3098.0,3359.0,4095.0,-0.07,9.56,3.74,0.14,-0.06,0.04,1.0,i-love-you
2935.0,891.0,3083.0,3359.0,4095.0,3110.0,3361.0,4095.0,-0.32,9.32,3.7,0.03,0.03,0.04,1.0,i-love-you
2922.0,897.0,3080.0,3346.0,4095.0,3108.0,3366.0,4095.0,-0.08,9.62,3.35,0.03,0.07,-0.0,1.0,i-love-you
2928.0,903.0,3081.0,3361.0,4095.0,3119.0,3370.0,4095.0,0.16,9.56,3.42,-0.04,0.01,0.04,1.0,i-love-you
2935.0,897.0,3071.0,3358.0,4095.0,3107.0,3353.0,4095.0,0.23,9.55,3.72,-0.01,0.0,-0.12,1.0,i-love-you
2944.0,901.0,3070.0,3358.0,4095.0,3105.0,3375.0,4095.0,-0.26,9.5,3.32,0.07,0.04,-0.04,1.0,i-love-you
2934.0,889.0,3066.0,3351.0,4095.0,3102.0,3355.0,4095.0,-0.25,9.41,3.56,0.03,0.0,-0.01,1.0,i-love-you
2934.0,895.0,3088.0,3354.0,4095.0,3110.0,3362.0,4095.0,-0.47,9.82,2.38,-0.0,-0.01,-0.04,1.0,i-love-you
2928.0,895.0,3066.0,3334.0,4095.0,3111.0,3359.0,4095.0,-0.37,9.89,2.34,-0.03,-0.02,-0.1,1.0,i-love-you
2930.0,892.0,3088.0,3344.0,4095.0,3118.0,3366.0,4095.0,-0.66,9.91,2.13,0.01,0.12,-0.08,1.0,i-love-you
2928.0,901.0,3083.0,3344.0,4095.0,3109.0,3363.0,4095.0,-0.93,9.73,2.21,0.06,-0.05,-0.13,1.0,i-love-you
2941.0,900.0,3091.0,3333.0,4095.0,3111.0,3359.0,4095.0,-1.23,9.88,1.56,-0.02,0.15,-0.06,1.0,i-love-you
2930.0,892.0,3061.0,3330.0,4095.0,3110.0,3360.0,4095.0,-0.47,9.91,2.28,0.03,-0.11,-0.11,1.0,i-love-you
2943.0,898.0,3081.0,3343.0,4095.0,3104.0,3354.0,4095.0,-1.06,9.81,1.67,0.1,-0.04,-0.06,1.0,i-love-you
2946.0,882.0,3081.0,3319.0,4095.0,3113.0,3366.0,4095.0,-0.86,9.93,1.67,-0.02,-0.03,-0.06,1.0,i-love-you
2928.0,895.0,3071.0,3309.0,4095.0,3113.0,3357.0,4095.0,-0.89,9.91,1.6,0.02,-0.06,-0.06,1.0,i-love-you
2942.0,881.0,3088.0,3319.0,4095.0,3113.0,3365.0,4095.0,-0.74,9.99,1.64,0.03,-0.19,-0.17,1.0,i-love-you
2935.0,896.0,3094.0,3312.0,4095.0,3106.0,3357.0,4095.0,-1.12,9.86,1.42,0.03,-0.06,-0.17,1.0,i-love-you
2930.0,886.0,3081.0,3323.0,4095.0,3120.0,3375.0,4095.0,-1.38,9.86,1.38,-0.02,-0.06,-0.11,1.0,i-love-you
2941.0,897.0,3088.0,3315.0,4095.0,3110.0,3362.0,4095.0,-1.39,9.76,1.65,-0.07,0.0,-0.05,1.0,i-love-you
2932.0,891.0,3082.0,3314.0,4095.0,3117.0,3365.0,4095.0,-1.07,9.86,1.51,-0.02,-0.02,-0.05,1.0,i-love-you
2935.0,882.0,3082.0,3314.0,4095.0,3107.0,3358.0,4095.0,-1.09,9.92,1.4,-0.02,-0.03,-0.1,1.0,i-love-you
2943.0,891.0,3086.0,3313.0,4095.0,3114.0,3366.0,4095.0,-1.3,9.87,1.28,-0.03,0.01,-0.1,1.0,i-love-you
2927.0,899.0,3067.0,3314.0,4095.0,3110.0,3357.0,4095.0,-1.42,9.79,1.5,-0.04,-0.06,-0.09,1.0,i-love-you
2935.0,894.0,3071.0,3321.0,4095.0,3119.0,3366.0,4095.0,-1.39,9.93,1.11,-0.03,0.0,-0.1,1.0,i-love-you
2928.0,891.0,3070.0,3307.0,4095.0,3116.0,3376.0,4095.0,-1.45,9.81,1.56,-0.06,-0.08,-0.1,1.0,i-love-you
2927.0,890.0,3088.0,3310.0,4095.0,3111.0,3357.0,4095.0,-1.6,9.82,1.18,-0.0,0.05,-0.05,1.0,i-love-you
2929.0,905.0,3051.0,3806.0,4095.0,3257.0,3408.0,4095.0,-2.39,9.59,1.71,0.01,-0.03,-0.11,1.0,i-love-you
2939.0,899.0,3055.0,3959.0,4095.0,3255.0,3408.0,4095.0,-2.38,9.64,1.8,-0.04,-0.05,-0.08,1.0,i-love-you
2935.0,903.0,3052.0,4095.0,4095.0,3269.0,3408.0,4095.0,-2.61,9.6,1.69,-0.04,0.01,-0.02,1.0,i-love-you
2931.0,909.0,3037.0,4075.0,4095.0,3259.0,3408.0,4095.0,-2.32,9.6,1.68,-0.15,-0.02,-0.01,1.0,i-love-you
2927.0,898.0,3056.0,4059.0,4095.0,3251.0,3408.0,4095.0,-2.17,9.6,2.17,-0.09,-0.13,-0.08,1.0,i-love-you
2929.0,901.0,3037.0,4038.0,4095.0,3248.0,3407.0,4095.0,-2.15,9.59,1.87,-0.0,0.03,-0.16,1.0,i-love-you
2928.0,905.0,3043.0,4048.0,4095.0,3249.0,3411.0,4095.0,-2.69,9.44,1.52,-0.03,0.01,-0.12,1.0,i-love-you
2921.0,910.0,3047.0,4019.0,4095.0,3244.0,3397.0,4095.0,-2.66,9.49,1.74,-0.06,-0.0,-0.14,1.0,i-love-you
2935.0,899.0,3052.0,4021.0,4095.0,3248.0,3410.0,4095.0,-2.57,9.51,1.79,-0.07,-0.04,-0.2,1.0,i-love-you
2919.0,895.0,3037.0,4011.0,4095.0,3245.0,3407.0,4095.0,-2.9,9.38,1.93,-0.04,-0.05,-0.18,1.0,i-love-you
2936.0,896.0,3058.0,4035.0,4095.0,3239.0,3385.0,4095.0,-3.13,9.36,1.63,-0.09,0.03,-0.14,1.0,i-love-you
2930.0,893.0,3041.0,4014.0,4095.0,3246.0,3404.0,4095.0,-3.09,9.37,1.65,-0.14,0.03,-0.08,1.0,i-love-you
2935.0,897.0,3044.0,4020.0,4095.0,3239.0,3403.0,4095.0,-3.11,9.28,2.03,-0.1,-0.01,-0.07,1.0,i-love-you
2928.0,896.0,3035.0,3981.0,4095.0,3238.0,3395.0,4095.0,-3.08,9.23,1.97,-0.07,-0.04,-0.05,1.0,i-love-you
2938.0,902.0,3055.0,3933.0,4095.0,3238.0,3398.0,4095.0,-3.2,9.24,1.81,-0.11,0.0,0.02,1.0,i-love-you
2930.0,896.0,3054.0,3925.0,4095.0,3237.0,3397.0,4095.0,-3.03,9.27,1.91,-0.11,0.05,-0.03,1.0,i-love-you
2926.0,897.0,3043.0,3899.0,4095.0,3233.0,3399.0,4095.0,-3.13,9.31,1.97,-0.07,-0.0,-0.03,1.0,i-love-you
2938.0,893.0,3056.0,3827.0,4095.0,3239.0,3397.0,4095.0,-2.94,9.3,1.94,-0.1,0.03,-0.05,1.0,i-love-you
2945.0,898.0,3049.0,3857.0,4095.0,3239.0,3393.0,4095.0,-3.05,9.28,2.11,-0.12,-0.06,-0.08,1.0,i-love-you
2935.0,895.0,3055.0,3835.0,4095.0,3258.0,3414.0,4095.0,-3.05,9.23,2.35,-0.1,-0.08,-0.07,1.0,i-love-you
2941.0,900.0,3058.0,3565.0,4095.0,3249.0,3422.0,4095.0,-2.9,9.03,3.38,-0.08,0.01,-0.01,1.0,i-love-you
2930.0,906.0,3060.0,3535.0,4095.0,3247.0,3414.0,4095.0,-2.65,9.27,3.34,-0.09,-0.09,0.07,1.0,i-love-you
2934.0,903.0,3061.0,3547.0,4095.0,3239.0,3408.0,4095.0,-2.64,9.08,3.3,-0.0,-0.11,0.01,1.0,i-love-you
2931.0,883.0,3060.0,3563.0,4095.0,3248.0,3418.0,4095.0,-2.43,9.21,3.16,-0.03,-0.04,0.03,1.0,i-love-you
2931.0,896.0,3058.0,3541.0,4095.0,3237.0,3411.0,4095.0,-2.51,9.17,3.13,-0.09,-0.04,0.07,1.0,i-love-you
2937.0,903.0,3062.0,3542.0,4095.0,3252.0,3423.0,4095.0,-2.24,9.23,3.3,-0.16,0.09,0.09,1.0,i-love-you
2928.0,895.0,3056.0,3561.0,4095.0,3237.0,3418.0,4095.0,-2.05,9.22,3.49,-0.15,0.07,0.07,1.0,i-love-you
2929.0,893.0,3067.0,3583.0,4095.0,3245.0,3418.0,4095.0,-1.83,9.28,3.54,-0.06,0.06,0.03,1.0,i-love-you
2929.0,890.0,3057.0,3573.0,4095.0,3233.0,3411.0,4095.0,-2.16,9.21,3.3,-0.05,0.03,-0.02,1.0,i-love-you
2937.0,896.0,3070.0,3583.0,4095.0,3239.0,3411.0,4095.0,-2.19,9.18,3.2,-0.08,-0.01,0.01,1.0,i-love-you
2929.0,894.0,3056.0,3583.0,4095.0,3237.0,3410.0,4095.0,-1.87,9.28,3.48,-0.1,0.04,0.03,1.0,i-love-you
2943.0,895.0,3083.0,3609.0,4095.0,3242.0,3414.0,4095.0,-1.95,9.2,3.52,-0.05,-0.02,0.01,1.0,i-love-you
2925.0,891.0,3061.0,3583.0,4095.0,3236.0,3419.0,4095.0,-2.18,9.23,3.49,-0.1,0.04,0.06,1.0,i-love-you
2934.0,890.0,3070.0,3600.0,4095.0,3240.0,3428.0,4095.0,-1.76,9.35,3.45,-0.0,0.08,0.09,1.0,i-love-you
2923.0,894.0,3063.0,3571.0,4095.0,3235.0,3424.0,4095.0,-1.53,9.4,3.27,0.05,-0.01,0.05,1.0,i-love-you
2927.0,881.0,3054.0,3569.0,4095.0,3237.0,3413.0,4095.0,-1.53,9.4,3.23,-0.03,0.03,0.04,1.0,i-love-you
2935.0,897.0,3065.0,3583.0,4095.0,3245.0,3425.0,4095.0,-1.6,9.44,3.25,-0.05,0.04,0.03,1.0,i-love-you
2934.0,898.0,3056.0,3569.0,4095.0,3241.0,3411.0,4095.0,-1.43,9.45,3.26,-0.05,0.0,0.0,1.0,i-love-you
2946.0,901.0,3071.0,3569.0,4095.0,3238.0,3423.0,4095.0,-1.47,9.44,3.27,-0.0,0.01,0.01,1.0,i-love-you
2939.0,896.0,3071.0,3564.0,4095.0,3233.0,3415.0,4095.0,-1.48,9.43,3.19,-0.01,0.07,0.01,1.0,i-love-you
2928.0,903.0,3056.0,3616.0,4095.0,3259.0,3439.0,4095.0,-1.03,9.88,1.41,-0.04,0.04,-0.04,1.0,i-love-you
2933.0,899.0,3066.0,3601.0,4095.0,3262.0,3447.0,4095.0,-0.97,9.91,1.34,-0.02,0.03,-0.03,1.0,i-love-you
2928.0,893.0,3057.0,3599.0,4095.0,3253.0,3439.0,4095.0,-0.92,9.92,1.02,-0.0,0.02,-0.04,1.0,i-love-you
2943.0,899.0,3081.0,3619.0,4095.0,3261.0,3445.0,4095.0,-0.55,10.11,0.73,0.02,0.0,-0.09,1.0,i-love-you
2927.0,898.0,3071.0,3609.0,4095.0,3247.0,3440.0,4095.0,-0.98,9.77,1.85,-0.25,-0.16,-0.21,1.0,i-love-you
2932.0,910.0,3062.0,3619.0,4095.0,3264.0,3438.0,4095.0,-1.48,9.76,1.72,-0.15,-0.03,-0.14,1.0,i-love-you
2943.0,897.0,3069.0,3608.0,4095.0,3259.0,3442.0,4095.0,-1.51,9.73,1.77,-0.05,0.09,-0.01,1.0,i-love-you
2921.0,904.0,3063.0,3612.0,4095.0,3249.0,3434.0,4095.0,-1.13,9.86,1.44,0.0,0.03,-0.0,1.0,i-love-you
2941.0,897.0,3070.0,3625.0,4095.0,3265.0,3445.0,4095.0,-0.61,10.15,1.46,-0.03,-0.19,-0.27,1.0,i-love-you
2934.0,903.0,3059.0,3583.0,4095.0,3253.0,3436.0,4095.0,-1.95,9.48,1.81,0.04,-0.03,-0.14,1.0,i-love-you
2945.0,909.0,3071.0,3607.0,4095.0,3263.0,3447.0,4095.0,-1.07,10.14,0.94,0.12,-0.36,-0.11,1.0,i-love-you
2944.0,901.0,3060.0,3597.0,4095.0,3249.0,3439.0,4095.0,-2.28,9.64,1.05,-0.22,0.14,0.05,1.0,i-love-you
2931.0,911.0,3067.0,3621.0,4095.0,3259.0,3441.0,4095.0,-1.3,9.84,1.6,-0.0,0.0,0.02,1.0,i-love-you
2937.0,899.0,3056.0,3611.0,4095.0,3254.0,3433.0,4095.0,-1.72,9.7,1.52,0.01,0.12,0.06,1.0,i-love-you
2930.0,899.0,3059.0,3612.0,4095.0,3267.0,3458.0,4095.0,-1.19,9.94,0.95,0.07,0.04,0.05,1.0,i-love-you
2927.0,906.0,3059.0,3562.0,4095.0,3255.0,3446.0,4095.0,-1.21,9.87,0.98,0.02,0.03,0.05,1.0,i-love-you
2939.0,894.0,3071.0,3580.0,4095.0,3271.0,3452.0,4095.0,-1.28,9.87,0.94,-0.05,0.03,0.01,1.0,i-love-you
2931.0,912.0,3063.0,3583.0,4095.0,3260.0,3439.0,4095.0,-1.2,9.86,0.94,-0.04,0.08,0.0,1.0,i-love-you
2922.0,898.0,3061.0,3577.0,4095.0,3258.0,3447.0,4095.0,-1.16,9.94,0.75,0.01,0.02,-0.02,1.0,i-love-you
2934.0,896.0,3067.0,3583.0,4095.0,3259.0,3449.0,4095.0,-0.95,9.9,1.03,-0.02,-0.06,-0.02,1.0,i-love-you
2943.0,896.0,3066.0,3622.0,4095.0,3267.0,3451.0,4095.0,-1.15,9.93,-0.08,-0.03,-0.03,-0.04,1.0,i-love-you
2923.0,905.0,3066.0,3614.0,4095.0,3271.0,3445.0,4095.0,-1.11,9.94,-0.15,-0.01,0.0,-0.06,1.0,i-love-you
2941.0,896.0,3068.0,3618.0,4095.0,3264.0,3455.0,4095.0,-0.93,9.98,-0.2,-0.01,-0.06,-0.11,1.0,i-love-you
2922.0,896.0,3063.0,3606.0,4095.0,3259.0,3446.0,4095.0,-1.53,9.79,-0.14,-0.08,-0.03,-0.17,1.0,i-love-you
2929.0,896.0,3067.0,3629.0,4095.0,3255.0,3438.0,4095.0,-1.62,9.79,0.02,-0.03,-0.02,-0.07,1.0,i-love-you
2935.0,898.0,3081.0,3619.0,4095.0,3261.0,3456.0,4095.0,-1.52,9.9,-0.26,-0.03,0.03,-0.03,1.0,i-love-you
2928.0,897.0,3059.0,3601.0,4095.0,3254.0,3439.0,4095.0,-1.4,9.9,-0.22,-0.04,0.01,-0.07,1.0,i-love-you
2933.0,892.0,3063.0,3606.0,4095.0,3258.0,3450.0,4095.0,-1.57,9.82,-0.26,-0.03,-0.01,-0.09,1.0,i-love-you
2931.0,899.0,3056.0,3617.0,4095.0,3249.0,3438.0,4095.0,-1.36,9.95,-0.45,0.08,0.01,-0.1,1.0,i-love-you
2929.0,910.0,3071.0,3627.0,4095.0,3260.0,3443.0,4095.0,-1.94,9.77,-0.7,-0.04,-0.06,-0.11,1.0,i-love-you
2926.0,896.0,3066.0,3603.0,4095.0,3249.0,3439.0,4095.0,-1.82,9.7,-0.24,-0.06,0.01,-0.03,1.0,i-love-you
2944.0,899.0,3070.0,3600.0,4095.0,3263.0,3454.0,4095.0,-1.67,9.85,-0.48,-0.05,0.01,-0.04,1.0,i-love-you
2929.0,905.0,3071.0,3600.0,4095.0,3258.0,3438.0,4095.0,-1.77,9.79,-0.43,-0.06,-0.01,-0.05,1.0,i-love-you
2930.0,890.0,3061.0,3600.0,4095.0,3263.0,3455.0,4095.0,-1.56,9.85,-0.43,-0.03,-0.0,-0.08,1.0,i-love-you
2928.0,897.0,3056.0,3583.0,4095.0,3247.0,3443.0,4095.0,-1.79,9.82,-0.56,-0.01,-0.03,-0.08,1.0,i-love-you
2930.0,898.0,3067.0,3603.0,4095.0,3264.0,3446.0,4095.0,-1.7,9.89,-0.53,-0.03,0.05,-0.09,1.0,i-love-you
2919.0,905.0,3061.0,3568.0,4095.0,3254.0,3467.0,4095.0,-1.94,9.77,-0.7,0.01,0.01,-0.13,1.0,i-love-you
2928.0,902.0,3063.0,3567.0,4095.0,3248.0,3435.0,4095.0,-1.85,9.7,-0.69,0.01,0.01,-0.08,1.0,i-love-you
2937.0,894.0,3071.0,3557.0,4095.0,3254.0,3441.0,4095.0,-1.95,9.79,-0.77,-0.01,-0.07,-0.11,1.0,i-love-you
2931.0,898.0,3059.0,3550.0,4095.0,3255.0,3444.0,4095.0,-2.04,9.65,-0.68,-0.0,-0.05,-0.11,1.0,i-love-you
2928.0,887.0,3071.0,3458.0,4095.0,3262.0,3452.0,4095.0,-2.98,9.54,0.0,-0.17,-0.05,-0.08,1.0,i-love-you
2933.0,900.0,3083.0,3446.0,4095.0,3255.0,3454.0,4095.0,-2.98,9.46,0.41,-0.16,-0.04,-0.04,1.0,i-love-you
2932.0,891.0,3069.0,3472.0,4095.0,3264.0,3459.0,4095.0,-2.85,9.5,0.51,-0.05,-0.02,0.01,1.0,i-love-you
2922.0,898.0,3071.0,3450.0,4095.0,3260.0,3453.0,4095.0,-2.76,9.6,-0.08,-0.09,0.01,-0.05,1.0,i-love-you
2935.0,911.0,3068.0,3472.0,4095.0,3259.0,3448.0,4095.0,-2.65,9.56,0.49,-0.21,-0.08,-0.07,1.0,i-love-you
2931.0,890.0,3058.0,3458.0,4095.0,3253.0,3450.0,4095.0,-2.88,9.43,0.71,-0.18,-0.05,-0.1,1.0,i-love-you
2942.0,894.0,3070.0,3483.0,4095.0,3251.0,3454.0,4095.0,-3.12,9.41,0.82,-0.12,0.02,-0.05,1.0,i-love-you
2933.0,901.0,3063.0,3472.0,4095.0,3264.0,3453.0,4095.0,-2.91,9.54,0.67,-0.09,-0.01,-0.03,1.0,i-love-you
2949.0,902.0,3066.0,3472.0,4095.0,3262.0,3450.0,4095.0,-2.84,9.48,0.37,-0.12,0.07,-0.04,1.0,i-love-you
2936.0,901.0,3069.0,3465.0,4095.0,3255.0,3459.0,4095.0,-3.24,9.43,0.69,-0.27,-0.08,-0.15,1.0,i-love-you
2938.0,893.0,3071.0,3471.0,4095.0,3254.0,3456.0,4095.0,-3.22,9.45,1.8,-0.22,-0.11,0.02,1.0,i-love-you
2937.0,895.0,3069.0,3478.0,4095.0,3252.0,3443.0,4095.0,-2.77,9.49,1.01,-0.06,-0.03,-0.03,1.0,i-love-you
2919.0,882.0,3057.0,3499.0,4095.0,3248.0,3440.0,4095.0,-3.11,9.36,1.1,-0.03,-0.03,-0.03,1.0,i-love-you
2937.0,885.0,3071.0,3511.0,4095.0,3261.0,3451.0,4095.0,-3.12,9.16,0.93,0.04,0.05,-0.04,1.0,i-love-you
2928.0,896.0,3059.0,3469.0,4095.0,3250.0,3441.0,4095.0,-3.0,9.54,0.79,-0.03,0.11,-0.01,1.0,i-love-you
2942.0,896.0,3059.0,3472.0,4095.0,3279.0,3449.0,4095.0,-2.86,9.55,0.71,-0.1,-0.05,-0.06,1.0,i-love-you
2930.0,903.0,3060.0,3469.0,4095.0,3261.0,3441.0,4095.0,-3.0,9.38,1.13,-0.14,0.02,-0.08,1.0,i-love-you
2929.0,897.0,3056.0,3487.0,4095.0,3279.0,3459.0,4095.0,-3.56,9.33,0.82,-0.16,0.01,-0.0,1.0,i-love-you
2941.0,897.0,3058.0,3472.0,4095.0,3263.0,3445.0,4095.0,-2.84,9.52,0.95,-0.12,0.02,0.01,1.0,i-love-you
2944.0,900.0,3067.0,3459.0,4095.0,3263.0,3445.0,4095.0,-3.2,9.56,0.94,-0.17,-0.17,-0.03,1.0,i-love-you
2938.0,895.0,3059.0,3462.0,4095.0,3268.0,3450.0,4095.0,-2.73,9.5,1.7,-0.15,0.02,0.01,1.0,i-love-you
2924.0,896.0,3056.0,3454.0,4095.0,3252.0,3435.0,4095.0,-2.63,9.42,1.94,-0.11,-0.02,0.1,1.0,i-love-you
2945.0,895.0,3069.0,3451.0,4095.0,3259.0,3447.0,4095.0,-2.26,9.56,1.75,-0.07,0.04,0.04,1.0,i-love-you
2942.0,898.0,3056.0,3441.0,4095.0,3247.0,3440.0,4095.0,-2.37,9.56,1.7,-0.1,-0.0,0.01,1.0,i-love-you
2951.0,890.0,3058.0,3443.0,4095.0,3255.0,3456.0,4095.0,-2.46,9.51,1.83,-0.08,0.0,0.01,1.0,i-love-you
2933.0,894.0,3056.0,3439.0,4095.0,3248.0,3437.0,4095.0,-2.49,9.49,1.8,-0.1,0.05,0.0,1.0,i-love-you
2927.0,902.0,3070.0,3454.0,4095.0,3264.0,3449.0,4095.0,-2.39,9.52,1.83,-0.08,0.05,0.04,1.0,i-love-you
2930.0,896.0,3057.0,3422.0,4095.0,3250.0,3441.0,4095.0,-2.13,9.6,1.8,-0.06,-0.0,0.04,1.0,i-love-you
2929.0,895.0,3071.0,3429.0,4095.0,3255.0,3455.0,4095.0,-2.32,9.49,1.92,-0.15,0.19,0.08,1.0,i-love-you
2923.0,883.0,3061.0,3424.0,4095.0,3250.0,3440.0,4095.0,-1.76,9.74,1.88,0.0,0.0,0.02,1.0,i-love-you
2931.0,896.0,3055.0,3431.0,4095.0,3251.0,3445.0,4095.0,-2.11,9.64,1.69,-0.05,-0.06,-0.02,1.0,i-love-you
2934.0,896.0,3065.0,3456.0,4095.0,3257.0,3452.0,4095.0,-2.39,9.56,1.75,-0.03,-0.12,0.04,1.0,i-love-you
2925.0,898.0,3062.0,3449.0,4095.0,3248.0,3441.0,4095.0,-1.82,9.69,1.88,-0.03,-0.07,0.05,1.0,i-love-you
2933.0,894.0,3058.0,3446.0,4095.0,3259.0,3461.0,4095.0,-1.62,9.74,1.84,-0.03,-0.04,0.02,1.0,i-love-you
2943.0,884.0,3050.0,3443.0,4095.0,3250.0,3440.0,4095.0,-1.85,9.7,1.72,-0.06,0.0,-0.0,1.0,i-love-you
2935.0,885.0,3066.0,3445.0,4095.0,3261.0,3457.0,4095.0,-1.88,9.66,1.81,-0.06,0.05,0.05,1.0,i-love-you
2930.0,890.0,3065.0,3444.0,4095.0,3251.0,3440.0,4095.0,-1.76,9.71,1.73,-0.06,0.03,0.05,1.0,i-love-you
2933.0,906.0,3069.0,3454.0,4095.0,3251.0,3449.0,4095.0,-1.51,9.76,1.81,-0.08,0.07,0.05,1.0,i-love-you
2937.0,911.0,3054.0,3440.0,4095.0,3258.0,3445.0,4095.0,-1.54,9.81,1.74,-0.05,0.03,0.04,1.0,i-love-you
2939.0,903.0,3071.0,3445.0,4095.0,3269.0,3461.0,4095.0,-1.62,9.75,1.68,-0.1,-0.0,0.01,1.0,i-love-you
2935.0,897.0,3069.0,3398.0,4095.0,3243.0,3465.0,4095.0,-0.76,9.53,3.53,-0.19,-0.07,0.29,1.0,i-love-you
2941.0,896.0,3062.0,3396.0,4095.0,3216.0,3471.0,4095.0,-0.55,9.44,3.57,-0.05,-0.09,0.3,1.0,i-love-you
2937.0,899.0,3063.0,3406.0,4095.0,3215.0,3482.0,4095.0,0.6,9.68,3.44,-0.17,0.04,0.14,1.0,i-love-you
2933.0,891.0,3063.0,3405.0,4095.0,3206.0,3471.0,4095.0,-0.07,9.59,3.28,-0.11,0.06,0.08,1.0,i-love-you
2929.0,891.0,3086.0,3419.0,4095.0,3216.0,3474.0,4095.0,0.44,9.77,3.37,0.03,-0.02,0.06,1.0,i-love-you
2935.0,886.0,3067.0,3409.0,4095.0,3207.0,3467.0,4095.0,0.09,9.56,3.36,0.03,-0.02,-0.08,1.0,i-love-you
2944.0,895.0,3062.0,3406.0,4095.0,3216.0,3477.0,4095.0,0.01,9.67,3.22,0.13,0.1,-0.11,1.0,i-love-you
2925.0,894.0,3066.0,3408.0,4095.0,3200.0,3461.0,4095.0,-0.69,9.74,2.44,0.13,0.1,-0.15,1.0,i-love-you
2933.0,891.0,3065.0,3407.0,4095.0,3211.0,3479.0,4095.0,-0.8,9.78,1.89,-0.0,0.11,0.09,1.0,i-love-you
2944.0,894.0,3081.0,3408.0,4095.0,3199.0,3475.0,4095.0,0.1,9.95,2.46,-0.13,0.06,0.08,1.0,i-love-you
2934.0,895.0,3062.0,3401.0,4095.0,3205.0,3463.0,4095.0,-0.41,9.61,2.83,-0.12,0.0,0.11,1.0,i-love-you
2923.0,896.0,3067.0,3411.0,4095.0,3201.0,3468.0,4095.0,0.31,9.79,2.62,-0.03,0.01,0.2,1.0,i-love-you
2924.0,886.0,3056.0,3397.0,4095.0,3198.0,3457.0,4095.0,0.65,9.75,2.77,0.01,-0.02,0.08,1.0,i-love-you
2936.0,895.0,3069.0,3411.0,4095.0,3198.0,3472.0,4095.0,0.89,9.84,2.79,-0.05,-0.03,0.03,1.0,i-love-you
2930.0,893.0,3071.0,3409.0,4095.0,3193.0,3457.0,4095.0,0.26,9.6,3.1,0.02,-0.01,-0.05,1.0,i-love-you
2928.0,890.0,3067.0,3414.0,4095.0,3206.0,3472.0,4095.0,0.26,9.77,2.5,0.11,-0.04,-0.11,1.0,i-love-you
2931.0,886.0,3056.0,3405.0,4095.0,3199.0,3471.0,4095.0,0.57,9.97,2.05,0.07,0.01,-0.05,1.0,i-love-you
2934.0,895.0,3071.0,3411.0,4095.0,3206.0,3472.0,4095.0,0.5,9.82,2.16,0.02,0.06,-0.01,1.0,i-love-you
2935.0,889.0,3065.0,3408.0,4095.0,3217.0,3470.0,4095.0,0.37,9.94,2.01,0.01,0.06,-0.1,1.0,i-love-you
2947.0,890.0,3070.0,3413.0,4095.0,3217.0,3473.0,4095.0,0.28,9.86,2.05,-0.0,-0.02,-0.08,1.0,i-love-you
2927.0,897.0,3065.0,3412.0,4095.0,3218.0,3488.0,4095.0,-0.07,10.01,1.16,0.08,0.02,-0.1,1.0,i-love-you
2931.0,902.0,3061.0,3405.0,4095.0,3209.0,3472.0,4095.0,-0.02,9.95,1.57,-0.04,-0.06,-0.06,1.0,i-love-you
2928.0,897.0,3071.0,3377.0,4095.0,3222.0,3479.0,4095.0,-0.09,9.92,1.47,0.01,-0.03,-0.08,1.0,i-love-you
2928.0,891.0,3059.0,3376.0,4095.0,3212.0,3472.0,4095.0,0.08,10.07,1.25,0.0,0.05,-0.06,1.0,i-love-you
2938.0,896.0,3061.0,3381.0,4095.0,3227.0,3501.0,4095.0,-0.07,10.0,1.33,-0.03,0.0,-0.09,1.0,i-love-you
2918.0,891.0,3067.0,3386.0,4095.0,3212.0,3477.0,4095.0,-0.3,9.96,1.3,-0.01,0.01,-0.1,1.0,i-love-you
2925.0,899.0,3056.0,3392.0,4095.0,3225.0,3489.0,4095.0,-0.02,10.12,1.1,0.04,-0.05,-0.12,1.0,i-love-you
2933.0,896.0,3071.0,3366.0,4095.0,3215.0,3491.0,4095.0,-0.41,10.04,1.03,0.01,-0.08,-0.13,1.0,i-love-you
2929.0,885.0,3063.0,3379.0,4095.0,3213.0,3471.0,4095.0,-0.38,9.99,1.02,0.02,-0.02,-0.07,1.0,i-love-you
2931.0,883.0,3088.0,3381.0,4095.0,3217.0,3485.0,4095.0,-0.49,10.03,0.75,-0.03,0.02,-0.04,1.0,i-love-you
2928.0,880.0,3069.0,3374.0,4095.0,3205.0,3472.0,4095.0,-0.28,10.03,0.97,-0.06,0.04,-0.04,1.0,i-love-you
2939.0,910.0,3069.0,3376.0,4095.0,3216.0,3478.0,4095.0,-0.39,10.02,0.94,-0.03,-0.04,-0.07,1.0,i-love-you
2926.0,894.0,3071.0,3374.0,4095.0,3215.0,3466.0,4095.0,-0.51,9.96,0.85,-0.05,0.01,-0.04,1.0,i-love-you
2930.0,896.0,3068.0,3375.0,4095.0,3222.0,3478.0,4095.0,-0.38,10.01,0.89,-0.05,0.01,-0.03,1.0,i-love-you
2928.0,895.0,3067.0,3379.0,4095.0,3213.0,3472.0,4095.0,-0.32,10.05,0.87,-0.04,-0.01,-0.06,1.0,i-love-you
2928.0,895.0,3065.0,3378.0,4095.0,3223.0,3482.0,4095.0,-0.39,9.96,0.92,-0.01,-0.02,-0.08,1.0,i-love-you
2938.0,897.0,3061.0,3375.0,4095.0,3216.0,3475.0,4095.0,-0.55,10.05,0.67,-0.01,-0.01,-0.08,1.0,i-love-you
2926.0,885.0,3071.0,3387.0,4095.0,3221.0,3478.0,4095.0,-0.44,10.06,0.8,-0.02,-0.03,-0.11,1.0,i-love-you
2928.0,891.0,3067.0,3360.0,4095.0,3215.0,3472.0,4095.0,-0.7,9.97,0.69,-0.02,-0.09,-0.1,1.0,i-love-you
2944.0,895.0,3084.0,3371.0,4095.0,3211.0,3472.0,4095.0,-0.69,9.96,0.71,-0.04,0.02,-0.05,1.0,i-love-you
2928.0,902.0,3071.0,3351.0,4095.0,3229.0,3482.0,4095.0,-0.69,10.05,0.58,-0.07,0.02,-0.05,1.0,i-love-you
2935.0,897.0,3067.0,3324.0,4095.0,3214.0,3465.0,4095.0,-0.79,9.96,0.58,-0.03,-0.08,-0.09,1.0,i-love-you
2928.0,890.0,3071.0,3329.0,4095.0,3223.0,3482.0,4095.0,-0.81,10.03,0.51,-0.06,-0.02,-0.07,1.0,i-love-you
2923.0,880.0,3061.0,3318.0,4095.0,3218.0,3472.0,4095.0,-0.91,9.96,0.57,-0.07,-0.05,-0.05,1.0,i-love-you
2935.0,899.0,3071.0,3341.0,4095.0,3216.0,3472.0,4095.0,-0.84,9.97,0.71,-0.08,-0.0,-0.05,1.0,i-love-you
2932.0,896.0,3058.0,3347.0,4095.0,3223.0,3484.0,4095.0,-0.93,9.93,0.67,-0.05,0.03,-0.05,1.0,i-love-you
2930.0,894.0,3059.0,3335.0,4095.0,3214.0,3466.0,4095.0,-0.95,10.0,0.3,-0.07,0.04,-0.05,1.0,i-love-you
2935.0,891.0,3068.0,3333.0,4095.0,3227.0,3486.0,4095.0,-0.78,9.98,0.79,-0.07,-0.06,-0.07,1.0,i-love-you
2925.0,902.0,3068.0,3307.0,4095.0,3216.0,3470.0,4095.0,-0.96,9.98,0.57,-0.02,-0.01,-0.06,1.0,i-love-you
2942.0,903.0,3071.0,3318.0,4095.0,3217.0,3477.0,4095.0,-0.98,10.0,0.45,-0.06,-0.02,-0.06,1.0,i-love-you
2928.0,897.0,3063.0,3310.0,4095.0,3226.0,3472.0,4095.0,-1.11,9.92,0.63,-0.09,0.0,-0.08,1.0,i-love-you
2942.0,895.0,3071.0,3307.0,4095.0,3218.0,3481.0,4095.0,-1.15,9.94,0.47,-0.07,0.04,-0.04,1.0,i-love-you
2928.0,887.0,3065.0,3297.0,4095.0,3216.0,3470.0,4095.0,-0.95,10.0,0.68,-0.07,-0.03,-0.06,1.0,i-love-you
2928.0,900.0,3089.0,3311.0,4095.0,3219.0,3477.0,4095.0,-0.98,10.01,0.51,-0.05,-0.06,-0.1,1.0,i-love-you
2932.0,895.0,3061.0,3287.0,4095.0,3219.0,3475.0,4095.0,-1.36,9.9,0.66,-0.09,0.01,-0.08,1.0,i-love-you
2932.0,893.0,3091.0,3303.0,4095.0,3234.0,3493.0,4095.0,-1.14,9.85,0.89,-0.03,0.03,-0.04,1.0,i-love-you
2931.0,893.0,3069.0,3327.0,4095.0,3229.0,3479.0,4095.0,-1.06,10.08,0.41,-0.07,0.01,-0.04,1.0,i-love-you
2928.0,887.0,3063.0,3314.0,4095.0,3221.0,3465.0,4095.0,-1.22,9.88,0.82,-0.11,0.0,-0.1,1.0,i-love-you
2939.0,897.0,3086.0,3312.0,4095.0,3221.0,3488.0,4095.0,-1.36,9.9,0.71,-0.06,-0.01,-0.06,1.0,i-love-you
2933.0,896.0,3069.0,3321.0,4095.0,3215.0,3461.0,4095.0,-1.33,9.86,0.71,-0.07,0.04,-0.06,1.0,i-love-you
2931.0,892.0,3083.0,3351.0,4095.0,3231.0,3485.0,4095.0,-1.56,9.91,0.63,-0.09,0.02,-0.07,1.0,i-love-you
2936.0,903.0,3059.0,3323.0,4095.0,3219.0,3482.0,4095.0,-1.69,9.77,1.02,-0.09,-0.05,-0.05,1.0,i-love-you
2935.0,906.0,3069.0,3333.0,4095.0,3229.0,3491.0,4095.0,-1.55,9.85,0.81,-0.08,0.13,-0.01,1.0,i-love-you
2931.0,893.0,3058.0,3349.0,4095.0,3238.0,3493.0,4095.0,-1.47,9.93,0.63,-0.08,-0.03,-0.06,1.0,i-love-you
2941.0,887.0,3069.0,3345.0,4095.0,3229.0,3483.0,4095.0,-1.68,9.8,0.89,-0.15,-0.01,-0.07,1.0,i-love-you
2938.0,906.0,3071.0,3349.0,4095.0,3233.0,3483.0,4095.0,-1.78,9.73,1.06,-0.13,0.03,-0.05,1.0,i-love-you
2930.0,891.0,3055.0,3344.0,4095.0,3216.0,3473.0,4095.0,-1.78,9.77,1.12,-0.1,0.01,-0.05,1.0,i-love-you
2930.0,894.0,3071.0,3360.0,4095.0,3233.0,3487.0,4095.0,-1.61,9.86,0.97,-0.05,-0.02,-0.06,1.0,i-love-you
2928.0,896.0,3066.0,3351.0,4095.0,3223.0,3485.0,4095.0,-1.73,9.81,0.96,-0.09,-0.0,-0.07,1.0,i-love-you
2932.0,890.0,3084.0,3370.0,4095.0,3236.0,3491.0,4095.0,-1.87,9.73,1.23,-0.08,-0.01,-0.06,1.0,i-love-you
2928.0,890.0,3066.0,3344.0,4095.0,3217.0,3472.0,4095.0,-1.77,9.84,0.82,-0.1,0.05,-0.05,1.0,i-love-you
2939.0,895.0,3070.0,3362.0,4095.0,3234.0,3486.0,4095.0,-1.88,9.78,1.23,-0.15,-0.02,-0.08,1.0,i-love-you
2935.0,890.0,3063.0,3349.0,4095.0,3219.0,3471.0,4095.0,-1.98,9.7,1.14,-0.11,0.05,-0.04,1.0,i-love-you
2943.0,895.0,3071.0,3364.0,4095.0,3222.0,3482.0,4095.0,-1.93,9.75,1.26,-0.16,0.01,-0.07,1.0,i-love-you
2929.0,884.0,3069.0,3345.0,4095.0,3233.0,3477.0,4095.0,-2.03,9.63,1.48,-0.12,-0.03,-0.04,1.0,i-love-you
2929.0,898.0,3069.0,3350.0,4095.0,3218.0,3475.0,4095.0,-1.91,9.77,1.27,-0.09,-0.03,-0.03,1.0,i-love-you
2933.0,896.0,3067.0,3356.0,4095.0,3227.0,3482.0,4095.0,-1.91,9.76,1.44,-0.12,-0.11,-0.05,1.0,i-love-you
2928.0,896.0,3061.0,3315.0,4095.0,3226.0,3477.0,4095.0,-2.0,9.65,1.57,-0.09,-0.03,-0.04,1.0,i-love-you
2931.0,896.0,3059.0,3328.0,4095.0,3232.0,3489.0,4095.0,-2.07,9.62,1.7,-0.14,0.04,-0.01,1.0,i-love-you
2927.0,899.0,3069.0,3332.0,4095.0,3224.0,3472.0,4095.0,-1.95,9.75,1.45,-0.07,0.07,-0.02,1.0,i-love-you
2935.0,963.0,3023.0,3855.0,4095.0,3142.0,3402.0,4095.0,-1.79,9.75,1.7,-0.08,-0.38,-0.11,1.0,i-love-you
2947.0,976.0,3029.0,3885.0,4095.0,3136.0,3388.0,4095.0,-1.42,9.68,2.23,-0.07,-0.21,0.01,1.0,i-love-you
2925.0,962.0,3011.0,3826.0,4095.0,3127.0,3389.0,4095.0,-1.36,9.83,2.04,-0.03,-0.12,-0.0,1.0,i-love-you
2929.0,957.0,3010.0,3853.0,4095.0,3121.0,3387.0,4095.0,-1.18,9.89,1.96,-0.02,-0.05,-0.03,1.0,i-love-you
2937.0,943.0,3015.0,3840.0,4095.0,3120.0,3378.0,4095.0,-1.84,9.52,1.84,-0.07,0.09,0.04,1.0,i-love-you
2943.0,933.0,3013.0,3827.0,4095.0,3121.0,3393.0,4095.0,-1.47,9.81,1.92,-0.02,-0.01,-0.07,1.0,i-love-you
2933.0,923.0,3010.0,3792.0,4095.0,3120.0,3386.0,4095.0,-1.64,9.74,1.72,-0.01,0.09,-0.08,1.0,i-love-you
2929.0,931.0,3011.0,3780.0,4095.0,3129.0,3397.0,4095.0,-1.61,9.82,1.64,-0.05,0.02,-0.05,1.0,i-love-you
2933.0,913.0,3008.0,3747.0,4095.0,3119.0,3384.0,4095.0,-1.81,9.71,1.58,-0.03,-0.02,-0.09,1.0,i-love-you
2932.0,912.0,3011.0,3754.0,4095.0,3135.0,3397.0,4095.0,-2.05,9.6,1.7,-0.11,0.1,0.01,1.0,i-love-you
2941.0,928.0,3022.0,3670.0,4095.0,3131.0,3393.0,4095.0,-1.28,9.75,1.96,-0.05,0.04,0.01,1.0,i-love-you
2938.0,923.0,3021.0,3568.0,4095.0,3124.0,3376.0,4095.0,-1.65,9.63,1.78,0.01,-0.03,0.02,1.0,i-love-you
2943.0,926.0,3024.0,3614.0,4095.0,3129.0,3392.0,4095.0,-1.64,9.74,1.71,-0.02,0.05,0.08,1.0,i-love-you
2928.0,912.0,3024.0,3617.0,4095.0,3125.0,3385.0,4095.0,-1.38,9.81,1.66,-0.07,0.07,0.1,1.0,i-love-you
2933.0,918.0,3029.0,3638.0,4095.0,3123.0,3382.0,4095.0,-1.45,9.74,1.64,-0.05,-0.05,0.02,1.0,i-love-you
2935.0,911.0,3026.0,3631.0,4095.0,3113.0,3374.0,4095.0,-1.43,9.73,1.52,-0.08,0.12,0.08,1.0,i-love-you
2936.0,915.0,3026.0,3649.0,4095.0,3129.0,3393.0,4095.0,-0.96,9.94,1.59,-0.08,0.03,0.05,1.0,i-love-you
2932.0,905.0,3021.0,3635.0,4095.0,3115.0,3376.0,4095.0,-1.18,9.9,1.49,-0.14,0.04,-0.03,1.0,i-love-you
2938.0,912.0,3041.0,3650.0,4095.0,3126.0,3396.0,4095.0,-1.07,9.81,1.99,-0.14,0.12,-0.07,1.0,i-love-you
2938.0,916.0,3024.0,3654.0,4095.0,3123.0,3375.0,4095.0,-1.52,9.68,1.75,-0.06,0.04,-0.06,1.0,i-love-you
2928.0,905.0,3051.0,3650.0,4095.0,3141.0,3389.0,4095.0,-1.56,9.78,1.58,-0.05,-0.03,-0.04,1.0,i-love-you
2933.0,913.0,3066.0,3651.0,4095.0,3143.0,3390.0,4095.0,-1.5,9.78,1.73,-0.09,0.09,0.01,1.0,i-love-you
2937.0,907.0,3051.0,3631.0,4095.0,3143.0,3397.0,4095.0,-1.41,9.84,1.62,-0.07,0.01,-0.01,1.0,i-love-you
2929.0,911.0,3040.0,3621.0,4095.0,3136.0,3388.0,4095.0,-1.38,9.87,1.67,-0.11,-0.0,0.02,1.0,i-love-you
2927.0,911.0,3049.0,3637.0,4095.0,3146.0,3399.0,4095.0,-1.06,9.75,2.43,-0.07,0.03,-0.0,1.0,i-love-you
2927.0,911.0,3050.0,3568.0,4095.0,3136.0,3391.0,4095.0,-1.39,9.85,1.37,-0.02,0.11,-0.07,1.0,i-love-you
2946.0,913.0,3056.0,3581.0,4095.0,3136.0,3392.0,4095.0,-1.36,9.75,1.87,-0.08,0.07,-0.06,1.0,i-love-you
2930.0,919.0,3053.0,3598.0,4095.0,3139.0,3391.0,4095.0,-1.56,9.78,1.7,-0.07,0.07,-0.07,1.0,i-love-you
2937.0,924.0,3057.0,3578.0,4095.0,3147.0,3399.0,4095.0,-1.65,9.75,1.68,-0.06,0.0,-0.02,1.0,i-love-you
2939.0,913.0,3056.0,3562.0,4095.0,3142.0,3395.0,4095.0,-1.44,9.73,1.86,-0.09,0.08,0.04,1.0,i-love-you
2931.0,912.0,3057.0,3568.0,4095.0,3150.0,3399.0,4095.0,-1.15,9.9,1.78,-0.07,0.02,-0.0,1.0,i-love-you
2925.0,912.0,3056.0,3558.0,4095.0,3139.0,3394.0,4095.0,-1.27,9.85,1.66,-0.07,0.05,-0.05,1.0,i-love-you
2934.0,912.0,3055.0,3568.0,4095.0,3146.0,3395.0,4095.0,-1.32,9.76,1.82,-0.09,0.0,-0.01,1.0,i-love-you
2951.0,915.0,3050.0,3553.0,4095.0,3141.0,3391.0,4095.0,-1.3,9.77,1.91,-0.06,0.01,-0.02,1.0,i-love-you
2941.0,912.0,3056.0,3555.0,4095.0,3145.0,3409.0,4095.0,-1.35,9.78,1.74,-0.05,0.09,-0.02,1.0,i-love-you
2943.0,905.0,3063.0,3562.0,4095.0,3140.0,3389.0,4095.0,-1.22,9.89,1.76,-0.05,-0.05,-0.02,1.0,i-love-you
2935.0,901.0,3049.0,3547.0,4095.0,3138.0,3387.0,4095.0,-1.08,9.72,2.18,-0.05,-0.01,-0.07,1.0,i-love-you
2938.0,901.0,3060.0,3547.0,4095.0,3137.0,3383.0,4095.0,-1.73,9.84,1.28,-0.06,0.05,-0.02,1.0,i-love-you
2942.0,906.0,3056.0,3514.0,4095.0,3141.0,3387.0,4095.0,-1.13,9.81,1.9,-0.09,-0.04,-0.01,1.0,i-love-you
2931.0,908.0,3071.0,3475.0,4095.0,3138.0,3393.0,4095.0,-1.21,9.78,1.95,-0.02,-0.06,-0.07,1.0,i-love-you
2929.0,909.0,3061.0,3482.0,4095.0,3136.0,3390.0,4095.0,-1.32,9.8,1.73,-0.05,-0.0,-0.03,1.0,i-love-you
2927.0,908.0,3069.0,3495.0,4095.0,3141.0,3389.0,4095.0,-1.27,9.79,1.81,-0.07,0.02,-0.04,1.0,i-love-you
2942.0,909.0,3063.0,3487.0,4095.0,3138.0,3379.0,4095.0,-1.1,9.86,1.89,-0.02,-0.04,-0.08,1.0,i-love-you
2954.0,909.0,3069.0,3493.0,4095.0,3150.0,3403.0,4095.0,-1.51,9.79,1.56,-0.06,0.04,-0.02,1.0,i-love-you
2929.0,902.0,3056.0,3473.0,4095.0,3138.0,3389.0,4095.0,-1.47,9.71,1.95,-0.11,0.05,0.03,1.0,i-love-you
2932.0,911.0,3071.0,3485.0,4095.0,3162.0,3399.0,4095.0,-1.16,9.82,1.87,-0.07,0.04,-0.0,1.0,i-love-you
2942.0,906.0,3067.0,3489.0,4095.0,3130.0,3389.0,4095.0,-1.24,9.77,1.93,-0.08,-0.0,-0.02,1.0,i-love-you
2950.0,904.0,3067.0,3493.0,4095.0,3142.0,3383.0,4095.0,-1.23,9.82,1.91,-0.07,0.06,0.0,1.0,i-love-you
2939.0,899.0,3071.0,3505.0,4095.0,3149.0,3393.0,4095.0,-1.17,9.79,1.79,-0.04,0.05,-0.04,1.0,i-love-you
2926.0,903.0,3058.0,3495.0,4095.0,3136.0,3391.0,4095.0,-1.18,9.87,1.65,-0.06,-0.01,-0.04,1.0,i-love-you
2945.0,912.0,3071.0,3518.0,4095.0,3141.0,3395.0,4095.0,-1.25,9.75,1.93,-0.07,-0.03,-0.06,1.0,i-love-you
2939.0,912.0,3061.0,3512.0,4095.0,3136.0,3390.0,4095.0,-1.18,9.79,1.95,-0.04,-0.08,-0.05,1.0,i-love-you
2943.0,908.0,3071.0,3477.0,4095.0,3141.0,3408.0,4095.0,-1.26,9.78,1.8,-0.06,0.05,-0.02,1.0,i-love-you
2930.0,919.0,3066.0,3472.0,4095.0,3134.0,3389.0,4095.0,-1.25,9.74,1.95,-0.08,0.06,-0.01,1.0,i-love-you
2943.0,913.0,3070.0,3483.0,4095.0,3146.0,3401.0,4095.0,-0.99,9.91,1.68,-0.02,0.03,-0.05,1.0,i-love-you
2930.0,909.0,3070.0,3481.0,4095.0,3137.0,3394.0,4095.0,-1.18,9.87,1.61,-0.06,-0.1,-0.05,1.0,i-love-you
2934.0,901.0,3071.0,3511.0,4095.0,3150.0,3402.0,4095.0,-1.1,9.81,2.11,-0.06,-0.07,-0.08,1.0,i-love-you
2932.0,909.0,3065.0,3504.0,4095.0,3138.0,3399.0,4095.0,-1.49,9.73,1.74,-0.05,0.07,-0.0,1.0,i-love-you
2941.0,903.0,3066.0,3525.0,4095.0,3145.0,3402.0,4095.0,-1.09,9.86,1.8,-0.09,0.01,-0.0,1.0,i-love-you
2933.0,899.0,3067.0,3519.0,4095.0,3136.0,3397.0,4095.0,-1.11,9.75,2.12,-0.04,-0.03,-0.06,1.0,i-love-you
2939.0,898.0,3067.0,3536.0,4095.0,3141.0,3385.0,4095.0,-1.19,9.83,1.81,-0.07,0.01,-0.05,1.0,i-love-you
2933.0,903.0,3086.0,3534.0,4095.0,3139.0,3391.0,4095.0,-1.17,9.79,1.92,-0.05,-0.0,-0.04,1.0,i-love-you
2934.0,912.0,3065.0,3523.0,4095.0,3139.0,3393.0,4095.0,-1.22,9.82,1.72,-0.05,-0.06,-0.03,1.0,i-love-you
2948.0,897.0,3081.0,3536.0,4095.0,3147.0,3403.0,4095.0,-1.14,9.83,1.71,-0.11,-0.08,-0.07,1.0,i-love-you
2939.0,901.0,3071.0,3520.0,4095.0,3145.0,3397.0,4095.0,-1.03,9.82,1.97,-0.08,-0.11,-0.08,1.0,i-love-you
2942.0,909.0,3071.0,3536.0,4095.0,3152.0,3407.0,4095.0,-1.19,9.78,2.02,-0.14,0.08,-0.07,1.0,i-love-you
2928.0,903.0,3085.0,3534.0,4095.0,3150.0,3397.0,4095.0,-1.5,9.71,1.91,-0.12,-0.05,-0.05,1.0,i-love-you
2945.0,910.0,3088.0,3536.0,4095.0,3152.0,3403.0,4095.0,-1.21,9.59,2.6,-0.07,-0.08,-0.01,1.0,i-love-you
2946.0,909.0,3090.0,3524.0,4095.0,3153.0,3408.0,4095.0,-1.39,9.72,1.94,0.06,0.07,-0.04,1.0,i-love-you
2938.0,902.0,3091.0,3525.0,4095.0,3145.0,3395.0,4095.0,-1.25,9.79,1.64,-0.07,0.14,0.03,1.0,i-love-you
2942.0,913.0,3067.0,3524.0,4095.0,3154.0,3409.0,4095.0,-1.19,9.76,1.95,-0.08,0.01,-0.04,1.0,i-love-you
2932.0,917.0,3085.0,3520.0,4095.0,3137.0,3420.0,4095.0,-1.08,9.83,2.12,-0.09,0.02,-0.05,1.0,i-love-you
2939.0,914.0,3083.0,3524.0,4095.0,3153.0,3436.0,4095.0,-1.38,9.73,2.05,-0.05,0.06,-0.05,1.0,i-love-you
2928.0,915.0,3087.0,3533.0,4095.0,3147.0,3430.0,4095.0,-1.43,9.79,1.88,-0.08,0.08,-0.0,1.0,i-love-you
2935.0,911.0,3071.0,3522.0,4095.0,3149.0,3439.0,4095.0,-1.15,9.86,1.88,-0.08,-0.02,-0.01,1.0,i-love-you
2943.0,913.0,3059.0,3522.0,4095.0,3139.0,3437.0,4095.0,-1.14,9.83,2.03,-0.04,-0.04,-0.05,1.0,i-love-you
2944.0,902.0,3088.0,3542.0,4095.0,3150.0,3430.0,4095.0,-1.12,9.87,1.92,-0.09,0.03,-0.0,1.0,i-love-you
2941.0,907.0,3066.0,3537.0,4095.0,3145.0,3425.0,4095.0,-1.15,9.75,2.1,-0.08,0.01,-0.05,1.0,i-love-you
2934.0,905.0,3082.0,3546.0,4095.0,3145.0,3435.0,4095.0,-1.37,9.67,2.13,-0.03,-0.03,-0.07,1.0,i-love-you
2939.0,919.0,3071.0,3551.0,4095.0,3146.0,3430.0,4095.0,-1.31,9.79,1.82,-0.09,0.07,0.02,1.0,i-love-you
2939.0,906.0,3088.0,3559.0,4095.0,3152.0,3438.0,4095.0,-1.42,9.78,1.79,-0.04,0.04,-0.02,1.0,i-love-you
2932.0,899.0,3088.0,3557.0,4095.0,3146.0,3427.0,4095.0,-1.08,9.84,1.9,-0.05,-0.02,0.02,1.0,i-love-you
2928.0,912.0,3093.0,3568.0,4095.0,3158.0,3440.0,4095.0,-0.86,9.86,1.79,-0.01,0.04,-0.01,1.0,i-love-you
2934.0,907.0,3088.0,3558.0,4095.0,3152.0,3439.0,4095.0,-1.21,9.84,1.4,-0.06,0.01,0.0,1.0,i-love-you
2924.0,910.0,3095.0,3547.0,4095.0,3143.0,3437.0,4095.0,-1.04,9.87,1.97,-0.23,0.05,0.03,1.0,i-love-you
2945.0,912.0,3088.0,3539.0,4095.0,3150.0,3439.0,4095.0,-0.95,9.63,2.83,-0.16,-0.03,-0.03,1.0,i-love-you
2929.0,905.0,3091.0,3536.0,4095.0,3150.0,3423.0,4095.0,-0.97,9.79,2.21,0.03,0.08,-0.01,1.0,i-love-you
2934.0,911.0,3088.0,3535.0,4095.0,3146.0,3440.0,4095.0,-1.03,9.79,1.69,-0.02,0.02,-0.0,1.0,i-love-you
2939.0,909.0,3088.0,3515.0,4095.0,3146.0,3429.0,4095.0,-0.97,9.9,1.62,-0.06,0.0,0.01,1.0,i-love-you
2941.0,908.0,3094.0,3513.0,4095.0,3158.0,3444.0,4095.0,-0.55,9.89,2.04,-0.04,-0.03,-0.02,1.0,i-love-you
2928.0,899.0,3090.0,3509.0,4095.0,3147.0,3431.0,4095.0,-0.61,10.03,1.53,0.01,0.26,0.04,1.0,i-love-you
2944.0,909.0,3092.0,3491.0,4095.0,3154.0,3437.0,4095.0,-1.04,9.66,2.3,-0.13,-0.09,-0.15,1.0,i-love-you
2928.0,902.0,3082.0,3476.0,4095.0,3146.0,3433.0,4095.0,-1.28,9.64,2.4,-0.04,-0.11,-0.11,1.0,i-love-you
2928.0,897.0,3087.0,3511.0,4095.0,3152.0,3433.0,4095.0,-0.82,9.87,2.02,0.03,-0.02,-0.05,1.0,i-love-you
2925.0,896.0,3088.0,3471.0,4095.0,3152.0,3440.0,4095.0,-0.85,9.92,1.66,0.02,-0.05,-0.07,1.0,i-love-you
2946.0,900.0,3099.0,3483.0,4095.0,3158.0,3445.0,4095.0,-1.01,9.81,1.76,-0.01,-0.06,-0.1,1.0,i-love-you
2934.0,906.0,3089.0,3472.0,4095.0,3165.0,3457.0,4095.0,-0.96,9.92,1.55,-0.02,-0.01,-0.06,1.0,i-love-you
2928.0,907.0,3087.0,3473.0,4095.0,3149.0,3436.0,4095.0,-1.18,9.88,1.25,-0.12,0.07,0.04,1.0,i-love-you
2935.0,908.0,3098.0,3491.0,4095.0,3158.0,3453.0,4095.0,-0.95,9.84,1.76,-0.23,0.12,0.02,1.0,i-love-you
2943.0,905.0,3088.0,3489.0,4095.0,3149.0,3440.0,4095.0,-0.81,9.62,2.93,-0.16,-0.14,-0.06,1.0,i-love-you
2937.0,915.0,3071.0,3515.0,4095.0,3149.0,3440.0,4095.0,-1.18,9.84,1.44,-0.04,0.03,-0.05,1.0,i-love-you
2942.0,903.0,3099.0,3527.0,4095.0,3163.0,3456.0,4095.0,-1.07,9.82,1.57,-0.13,-0.0,-0.05,1.0,i-love-you
2922.0,908.0,3092.0,3517.0,4095.0,3155.0,3447.0,4095.0,-1.09,9.78,1.87,0.0,-0.38,-0.09,1.0,i-love-you
2942.0,911.0,3088.0,3488.0,4095.0,3152.0,3445.0,4095.0,-0.85,9.83,2.34,-0.14,-0.11,-0.17,1.0,i-love-you
2932.0,917.0,3088.0,3469.0,4095.0,3149.0,3441.0,4095.0,-1.18,9.6,2.04,0.03,-0.36,-0.25,1.0,i-love-you
2932.0,907.0,3071.0,3461.0,4095.0,3154.0,3453.0,4095.0,-1.36,9.7,2.0,-0.23,-0.36,-0.23,1.0,i-love-you
2942.0,905.0,3085.0,3472.0,4095.0,3165.0,3458.0,4095.0,-1.66,9.5,2.71,-0.1,-0.3,-0.16,1.0,i-love-you
2935.0,911.0,3070.0,3458.0,4095.0,3159.0,3447.0,4095.0,-1.71,9.59,2.39,0.08,-0.24,-0.04,1.0,i-love-you
2944.0,919.0,3069.0,3450.0,4095.0,3170.0,3467.0,4095.0,-1.58,9.46,1.87,0.26,-0.38,-0.06,1.0,i-love-you
2932.0,927.0,3041.0,3433.0,4095.0,3157.0,3463.0,4095.0,-1.45,9.92,1.33,0.32,-0.55,-0.14,1.0,i-love-you
2944.0,942.0,3056.0,3418.0,4095.0,3177.0,3474.0,4095.0,-0.69,9.84,2.0,-0.18,-0.03,0.12,1.0,i-love-you
2944.0,913.0,3056.0,3413.0,4095.0,3182.0,3435.0,4095.0,-0.93,9.77,2.61,-0.53,0.78,0.01,1.0,i-love-you
2934.0,912.0,3071.0,3419.0,4095.0,3171.0,3429.0,4095.0,-1.93,9.41,2.1,-0.23,0.55,-0.08,1.0,i-love-you
2933.0,910.0,3068.0,3446.0,4095.0,3179.0,3416.0,4095.0,-1.51,9.77,1.96,-0.03,-0.01,-0.09,1.0,i-love-you
2944.0,909.0,3083.0,3471.0,4095.0,3187.0,3439.0,4095.0,-1.72,9.69,1.62,0.06,0.11,-0.05,1.0,i-love-you
2933.0,907.0,3067.0,3463.0,4095.0,3180.0,3438.0,4095.0,-1.98,9.67,1.32,0.01,0.14,-0.01,1.0,i-love-you
2938.0,917.0,3070.0,3454.0,4095.0,3190.0,3450.0,4095.0,-1.58,9.84,1.56,-0.05,0.14,0.07,1.0,i-love-you
2931.0,903.0,3071.0,3456.0,4095.0,3188.0,3455.0,4095.0,-1.15,9.79,1.91,-0.15,0.01,0.04,1.0,i-love-you
2938.0,909.0,3065.0,3459.0,4095.0,3175.0,3442.0,4095.0,-1.16,9.71,2.11,-0.09,-0.07,-0.15,1.0,i-love-you
2937.0,913.0,3069.0,3466.0,4095.0,3184.0,3456.0,4095.0,-1.98,9.87,0.84,-0.35,0.08,-0.11,1.0,i-love-you
2930.0,903.0,3071.0,3458.0,4095.0,3177.0,3443.0,4095.0,-0.92,9.57,2.91,-0.12,0.01,0.06,1.0,i-love-you
2938.0,903.0,3097.0,3478.0,4095.0,3177.0,3435.0,4095.0,-0.89,9.53,3.0,-0.14,0.11,0.15,1.0,i-love-you
2939.0,903.0,3088.0,3472.0,4095.0,3182.0,3454.0,4095.0,-0.27,9.66,3.08,-0.07,0.0,0.13,1.0,i-love-you
2938.0,907.0,3094.0,3465.0,4095.0,3179.0,3443.0,4095.0,0.02,9.69,3.27,-0.02,-0.03,0.07,1.0,i-love-you
2939.0,903.0,3095.0,3472.0,4095.0,3182.0,3455.0,4095.0,-0.28,9.67,2.87,-0.03,0.05,0.02,1.0,i-love-you
2929.0,903.0,3094.0,3481.0,4095.0,3170.0,3440.0,4095.0,-0.32,9.59,2.96,-0.11,0.1,0.04,1.0,i-love-you
2943.0,903.0,3107.0,3485.0,4095.0,3175.0,3442.0,4095.0,0.02,9.66,3.09,-0.05,0.0,0.01,1.0,i-love-you
2922.0,901.0,3094.0,3470.0,4095.0,3174.0,3443.0,4095.0,-0.0,9.77,2.83,-0.01,-0.03,-0.01,1.0,i-love-you
2943.0,908.0,3106.0,3475.0,4095.0,3179.0,3456.0,4095.0,-0.23,9.63,2.96,-0.07,0.09,0.05,1.0,i-love-you
2936.0,908.0,3098.0,3473.0,4095.0,3180.0,3440.0,4095.0,0.16,9.64,3.17,-0.02,0.08,0.05,1.0,i-love-you
2939.0,903.0,3106.0,3472.0,4095.0,3180.0,3455.0,4095.0,0.11,9.62,3.11,0.04,0.05,-0.0,1.0,i-love-you
2939.0,907.0,3106.0,3450.0,4095.0,3166.0,3440.0,4095.0,0.07,9.68,2.94,0.1,-0.0,-0.02,1.0,i-love-you
2939.0,902.0,3102.0,3467.0,4095.0,3185.0,3453.0,4095.0,0.05,9.79,2.42,0.11,0.06,-0.0,1.0,i-love-you
2925.0,905.0,3101.0,3469.0,4095.0,3174.0,3455.0,4095.0,0.15,9.92,2.03,-0.02,0.02,0.05,1.0,i-love-you
2927.0,901.0,3101.0,3472.0,4095.0,3182.0,3443.0,4095.0,0.38,9.89,2.31,-0.02,0.09,0.04,1.0,i-love-you
2928.0,896.0,3117.0,3475.0,4095.0,3183.0,3448.0,4095.0,0.13,9.81,2.25,-0.1,0.06,0.01,1.0,i-love-you
2928.0,896.0,3103.0,3463.0,4095.0,3169.0,3440.0,4095.0,0.68,9.84,2.71,-0.05,-0.13,-0.05,1.0,i-love-you
2949.0,911.0,3114.0,3473.0,4095.0,3169.0,3440.0,4095.0,0.17,9.73,2.65,-0.02,-0.07,-0.07,1.0,i-love-you
2921.0,893.0,3102.0,3461.0,4095.0,3171.0,3447.0,4095.0,0.04,9.79,2.41,0.04,-0.11,-0.04,1.0,i-love-you
2933.0,906.0,3110.0,3459.0,4095.0,3185.0,3459.0,4095.0,0.83,9.91,2.53,0.07,-0.18,-0.09,1.0,i-love-you
2941.0,912.0,3116.0,3674.0,4095.0,3179.0,3452.0,4095.0,0.23,9.97,1.39,0.09,-0.08,-0.13,1.0,i-love-you
2950.0,912.0,3095.0,3676.0,4095.0,3184.0,3469.0,4095.0,0.16,9.94,1.14,0.18,-0.03,-0.25,1.0,i-love-you
2926.0,913.0,3081.0,3719.0,4095.0,3179.0,3459.0,4095.0,-0.18,10.14,0.9,0.06,0.06,-0.09,1.0,i-love-you
2941.0,932.0,3057.0,3735.0,4095.0,3182.0,3470.0,4095.0,-0.1,10.09,0.94,0.07,-0.1,-0.21,1.0,i-love-you
2926.0,1183.0,3034.0,3792.0,4095.0,3174.0,3491.0,4095.0,-0.44,10.02,1.21,-0.01,-0.12,-0.23,1.0,i-love-you
2939.0,1606.0,3047.0,3913.0,4095.0,3168.0,3523.0,4095.0,-0.87,9.91,0.8,-0.07,0.03,-0.09,1.0,i-love-you
2928.0,1590.0,3024.0,4015.0,4095.0,3167.0,3524.0,4095.0,-0.68,10.13,0.75,-0.16,0.14,-0.0,1.0,i-love-you
2942.0,1596.0,3051.0,4095.0,4095.0,3173.0,3529.0,4095.0,-0.52,9.96,0.75,-0.05,0.11,-0.08,1.0,i-love-you
2945.0,1617.0,3039.0,4095.0,4095.0,3179.0,3536.0,4095.0,-0.73,9.92,0.81,0.0,0.05,-0.06,1.0,i-love-you
2931.0,1584.0,3045.0,4095.0,4095.0,3167.0,3535.0,4095.0,-0.93,9.97,0.63,0.02,0.05,-0.07,1.0,i-love-you
2940.0,1573.0,3041.0,4095.0,4095.0,3168.0,3527.0,4095.0,-0.84,9.95,0.67,-0.07,0.04,-0.03,1.0,i-love-you
2941.0,1535.0,3051.0,4095.0,4095.0,3167.0,3520.0,4095.0,-0.67,9.85,0.99,-0.06,0.06,-0.07,1.0,i-love-you
2946.0,1525.0,3053.0,4095.0,4095.0,3166.0,3525.0,4095.0,-0.97,9.98,0.45,0.04,-0.02,-0.08,1.0,i-love-you
2934.0,1514.0,3038.0,4095.0,4095.0,3158.0,3522.0,4095.0,-0.63,10.13,0.38,0.04,-0.12,-0.09,1.0,i-love-you
2929.0,1479.0,3056.0,4095.0,4095.0,3167.0,3523.0,4095.0,-0.64,10.05,0.32,-0.01,-0.14,-0.11,1.0,i-love-you
2934.0,1439.0,3043.0,4095.0,4095.0,3165.0,3525.0,4095.0,-0.92,10.04,0.36,-0.0,-0.02,-0.15,1.0,i-love-you
2939.0,1429.0,3059.0,4095.0,4095.0,3170.0,3525.0,4095.0,-1.23,9.85,0.44,-0.01,0.01,-0.11,1.0,i-love-you
2939.0,1423.0,3051.0,4095.0,4095.0,3165.0,3520.0,4095.0,-0.96,10.1,0.45,0.04,-0.04,-0.09,1.0,i-love-you
2949.0,1411.0,3069.0,4095.0,4095.0,3163.0,3514.0,4095.0,-1.22,9.85,0.71,0.01,-0.03,-0.07,1.0,i-love-you
2932.0,1383.0,3050.0,4030.0,4095.0,3169.0,3511.0,4095.0,-1.08,9.85,0.24,0.11,0.03,-0.05,1.0,i-love-you
2933.0,1270.0,3081.0,3906.0,4095.0,3159.0,3515.0,4095.0,-1.4,9.88,0.35,-0.04,-0.09,-0.14,1.0,i-love-you
2929.0,1232.0,3069.0,3903.0,4095.0,3159.0,3515.0,4095.0,-1.57,9.86,-0.08,-0.03,-0.02,-0.12,1.0,i-love-you
2949.0,1234.0,3071.0,3903.0,4095.0,3159.0,3518.0,4095.0,-1.19,9.88,-0.13,-0.03,-0.06,-0.04,1.0,i-love-you
2933.0,1207.0,3063.0,3861.0,4095.0,3155.0,3519.0,4095.0,-1.09,10.0,-0.13,-0.01,-0.0,-0.14,1.0,i-love-you
2938.0,1190.0,3071.0,3888.0,4095.0,3167.0,3525.0,4095.0,-1.84,9.7,0.04,-0.09,0.01,-0.18,1.0,i-love-you
2929.0,1179.0,3058.0,3842.0,4095.0,3163.0,3511.0,4095.0,-1.7,9.84,0.0,-0.07,0.01,-0.13,1.0,i-love-you
2930.0,1153.0,3069.0,3859.0,4095.0,3170.0,3519.0,4095.0,-1.87,9.78,0.16,-0.08,0.0,-0.13,1.0,i-love-you
2928.0,1105.0,3071.0,3841.0,4095.0,3152.0,3504.0,4095.0,-1.99,9.64,0.42,-0.01,0.02,-0.09,1.0,i-love-you
2945.0,1088.0,3093.0,3831.0,4095.0,3157.0,3517.0,4095.0,-2.19,9.7,0.02,0.04,0.05,-0.07,1.0,i-love-you
2938.0,1088.0,3071.0,3758.0,4095.0,3155.0,3504.0,4095.0,-1.87,9.75,-0.31,0.07,0.0,0.05,1.0,i-love-you
2930.0,1087.0,3071.0,3728.0,4095.0,3166.0,3514.0,4095.0,-1.5,9.93,-0.64,-0.02,0.02,-0.06,1.0,i-love-you
2930.0,1075.0,3091.0,3711.0,4095.0,3167.0,3506.0,4095.0,-1.78,9.87,-0.53,-0.12,-0.01,-0.09,1.0,i-love-you
2932.0,1071.0,3071.0,3696.0,4095.0,3165.0,3507.0,4095.0,-2.25,9.69,-0.15,-0.22,0.14,-0.09,1.0,i-love-you
2928.0,1060.0,3087.0,3738.0,4095.0,3164.0,3517.0,4095.0,-2.15,9.62,0.29,-0.16,0.05,-0.08,1.0,i-love-you
2938.0,1055.0,3071.0,3734.0,4095.0,3153.0,3503.0,4095.0,-2.23,9.68,0.17,-0.1,-0.02,-0.07,1.0,i-love-you
2935.0,1056.0,3083.0,3739.0,4095.0,3171.0,3521.0,4095.0,-2.14,9.7,0.01,-0.07,0.04,-0.03,1.0,i-love-you
2933.0,1046.0,3071.0,3727.0,4095.0,3162.0,3505.0,4095.0,-2.05,9.84,-0.14,-0.02,0.01,-0.1,1.0,i-love-you
2929.0,1038.0,3088.0,3727.0,4095.0,3165.0,3509.0,4095.0,-2.4,9.67,-0.27,-0.04,-0.13,-0.08,1.0,i-love-you
2928.0,1040.0,3071.0,3719.0,4095.0,3161.0,3511.0,4095.0,-2.33,9.79,0.13,-0.17,-0.11,-0.14,1.0,i-love-you
2938.0,1044.0,3083.0,3679.0,4095.0,3168.0,3526.0,4095.0,-2.5,9.47,0.27,-0.04,-0.02,-0.05,1.0,i-love-you
2950.0,1010.0,3071.0,3749.0,4095.0,3170.0,3533.0,4095.0,-3.07,9.39,0.47,-0.13,-0.07,-0.08,1.0,i-love-you
2934.0,1011.0,3071.0,3760.0,4095.0,3164.0,3486.0,4095.0,-3.16,9.43,0.51,-0.13,0.07,-0.05,1.0,i-love-you
2939.0,1023.0,3083.0,3777.0,4095.0,3162.0,3509.0,4095.0,-2.95,9.59,0.24,-0.16,0.07,-0.03,1.0,i-love-you
2928.0,1023.0,3085.0,3770.0,4095.0,3161.0,3508.0,4095.0,-3.24,9.39,0.51,-0.18,-0.03,-0.03,1.0,i-love-you
2944.0,1013.0,3082.0,3765.0,4095.0,3171.0,3525.0,4095.0,-2.93,9.46,0.63,-0.12,-0.02,0.0,1.0,i-love-you
2932.0,1018.0,3071.0,3750.0,4095.0,3165.0,3505.0,4095.0,-2.93,9.48,0.51,-0.16,-0.09,-0.0,1.0,i-love-you
2931.0,1018.0,3066.0,3776.0,4095.0,3178.0,3518.0,4095.0,-2.92,9.43,0.96,-0.15,-0.07,0.02,1.0,i-love-you
2941.0,1011.0,3079.0,3760.0,4095.0,3164.0,3506.0,4095.0,-2.82,9.48,1.14,-0.16,0.05,-0.03,1.0,i-love-you
2938.0,1019.0,3090.0,3747.0,4095.0,3179.0,3516.0,4095.0,-2.99,9.38,1.39,-0.2,0.04,-0.03,1.0,i-love-you
2928.0,1039.0,3071.0,3741.0,4095.0,3173.0,3510.0,4095.0,-2.81,9.52,1.0,-0.02,0.01,-0.06,1.0,i-love-you
2935.0,1023.0,3066.0,3758.0,4095.0,3167.0,3504.0,4095.0,-3.01,9.44,0.91,-0.11,-0.06,-0.09,1.0,i-love-you
2940.0,1023.0,3079.0,3776.0,4095.0,3181.0,3529.0,4095.0,-3.11,9.37,1.06,-0.06,-0.04,-0.05,1.0,i-love-you
2933.0,1007.0,3071.0,3777.0,4095.0,3184.0,3506.0,4095.0,-3.3,9.37,0.89,-0.15,0.04,0.03,1.0,i-love-you
2939.0,1008.0,3071.0,3772.0,4095.0,3183.0,3531.0,4095.0,-3.03,9.42,1.26,-0.23,0.13,0.08,1.0,i-love-you
2925.0,999.0,3081.0,3759.0,4095.0,3170.0,3509.0,4095.0,-2.51,9.52,1.72,-0.12,-0.1,-0.01,1.0,i-love-you
2940.0,1003.0,3086.0,3770.0,4095.0,3167.0,3504.0,4095.0,-2.56,9.43,2.0,-0.07,-0.09,-0.14,1.0,i-love-you
2939.0,984.0,3069.0,3760.0,4095.0,3159.0,3493.0,4095.0,-3.28,9.34,1.24,0.01,0.03,-0.05,1.0,i-love-you
2931.0,986.0,3085.0,3765.0,4095.0,3169.0,3504.0,4095.0,-2.92,9.48,1.14,-0.09,0.07,0.01,1.0,i-love-you
2937.0,986.0,3088.0,3746.0,4095.0,3163.0,3510.0,4095.0,-3.08,9.42,1.11,-0.14,0.11,0.03,1.0,i-love-you
2939.0,991.0,3070.0,3750.0,4095.0,3172.0,3518.0,4095.0,-2.81,9.52,1.35,-0.11,-0.03,0.06,1.0,i-love-you
2931.0,935.0,3065.0,3491.0,4095.0,2887.0,3266.0,3545.0,-1.67,9.78,1.08,-0.16,0.12,0.11,1.0,i-love-you
2947.0,931.0,3071.0,3504.0,4095.0,2895.0,3266.0,3613.0,-1.14,9.92,1.24,-0.15,0.25,0.08,1.0,i-love-you
2929.0,932.0,3067.0,3514.0,4095.0,2892.0,3259.0,3654.0,-1.32,9.92,0.85,-0.03,-0.07,0.01,1.0,i-love-you
2932.0,931.0,3063.0,3530.0,4095.0,2906.0,3278.0,3629.0,-1.11,9.98,0.91,-0.13,0.04,0.09,1.0,i-love-you
2929.0,939.0,3059.0,3495.0,4095.0,2905.0,3261.0,3623.0,-0.83,9.97,1.59,-0.27,0.08,0.1,1.0,i-love-you
2930.0,940.0,3071.0,3508.0,4095.0,2921.0,3277.0,3606.0,-0.66,9.85,2.25,-0.17,0.07,-0.02,1.0,i-love-you
2922.0,940.0,3060.0,3487.0,4095.0,2911.0,3279.0,3529.0,-1.02,9.88,1.74,-0.05,0.05,-0.05,1.0,i-love-you
2934.0,935.0,3071.0,3502.0,4095.0,2912.0,3277.0,3603.0,-0.96,9.98,1.24,-0.03,0.06,-0.06,1.0,i-love-you
2924.0,943.0,3071.0,3485.0,4095.0,2911.0,3275.0,3605.0,-1.02,10.04,0.9,-0.1,-0.03,-0.12,1.0,i-love-you
2927.0,941.0,3061.0,3475.0,4095.0,2914.0,3280.0,3637.0,-0.87,9.81,1.98,-0.31,-0.01,-0.06,1.0,i-love-you
2944.0,948.0,3071.0,3502.0,4095.0,2923.0,3276.0,3673.0,-1.24,9.68,2.29,-0.15,0.02,-0.07,1.0,i-love-you
2922.0,943.0,3063.0,3494.0,4095.0,2910.0,3276.0,3632.0,-1.1,9.72,2.1,-0.07,0.02,-0.02,1.0,i-love-you
2934.0,943.0,3071.0,3486.0,4095.0,2926.0,3286.0,3648.0,-1.04,9.9,1.93,-0.02,-0.06,-0.11,1.0,i-love-you
2937.0,942.0,3068.0,3487.0,4095.0,2925.0,3280.0,3647.0,-1.57,9.71,1.78,-0.05,-0.01,-0.02,1.0,i-love-you
2934.0,939.0,3071.0,3505.0,4095.0,2931.0,3291.0,3632.0,-1.22,9.76,1.82,-0.09,0.03,0.07,1.0,i-love-you
2928.0,942.0,3070.0,3493.0,4095.0,2931.0,3287.0,3631.0,-0.66,9.95,1.98,-0.09,0.03,-0.0,1.0,i-love-you
2954.0,958.0,3085.0,3504.0,4095.0,2935.0,3294.0,3658.0,-0.82,9.84,2.06,-0.06,-0.02,-0.03,1.0,i-love-you
2929.0,944.0,3056.0,3482.0,4095.0,2923.0,3290.0,3656.0,-1.24,9.8,1.86,-0.1,0.06,0.02,1.0,i-love-you
2940.0,944.0,3087.0,3463.0,4095.0,2934.0,3297.0,3606.0,-1.01,9.85,2.05,-0.12,0.07,-0.04,1.0,i-love-you
2939.0,944.0,3071.0,3475.0,4095.0,2931.0,3298.0,3622.0,-0.83,9.82,2.23,-0.07,-0.06,-0.03,1.0,i-love-you
2944.0,944.0,3069.0,3463.0,4095.0,2960.0,3334.0,4095.0,-0.67,9.77,2.37,-0.19,-0.01,0.01,1.0,i-love-you
2930.0,944.0,3082.0,3478.0,4095.0,2946.0,3319.0,4095.0,-0.46,9.72,2.9,-0.18,-0.08,0.05,1.0,i-love-you
2933.0,945.0,3085.0,3495.0,4095.0,2947.0,3328.0,4095.0,-0.27,9.69,3.1,-0.13,-0.02,0.09,1.0,i-love-you
2931.0,944.0,3071.0,3495.0,4095.0,2960.0,3333.0,4095.0,0.22,9.94,2.8,-0.12,0.08,0.02,1.0,i-love-you
2938.0,947.0,3091.0,3507.0,4095.0,2957.0,3321.0,4095.0,-0.18,9.6,3.37,-0.13,-0.14,-0.11,1.0,i-love-you
2930.0,942.0,3071.0,3514.0,4095.0,2954.0,3319.0,4095.0,-0.65,9.51,2.86,-0.06,0.07,0.04,1.0,i-love-you
2941.0,955.0,3085.0,3520.0,4095.0,2958.0,3334.0,4095.0,-0.06,9.78,2.59,-0.05,0.07,0.11,1.0,i-love-you
2930.0,947.0,3066.0,3521.0,4095.0,2949.0,3314.0,4095.0,0.16,9.71,3.0,-0.11,0.06,0.05,1.0,i-love-you
2941.0,944.0,3071.0,3531.0,4095.0,2959.0,3328.0,4095.0,-0.03,9.66,3.15,-0.08,0.01,0.07,1.0,i-love-you
2927.0,947.0,3065.0,3513.0,4095.0,2957.0,3333.0,4095.0,0.14,9.65,3.39,-0.07,0.02,0.02,1.0,i-love-you
2933.0,944.0,3071.0,3511.0,4095.0,2960.0,3333.0,4095.0,0.2,9.58,3.45,-0.01,0.03,-0.03,1.0,i-love-you
2934.0,944.0,3091.0,3535.0,4095.0,2967.0,3338.0,4095.0,-0.13,9.67,2.84,0.03,0.07,-0.05,1.0,i-love-you
2938.0,946.0,3087.0,3519.0,4095.0,2955.0,3323.0,4095.0,-0.06,9.79,2.63,0.12,-0.03,-0.07,1.0,i-love-you
2933.0,947.0,3071.0,3536.0,4095.0,2960.0,3331.0,4095.0,0.2,9.78,2.54,-0.01,0.0,0.01,1.0,i-love-you
2933.0,958.0,3062.0,3520.0,4095.0,2955.0,3331.0,4095.0,0.08,9.7,2.57,-0.04,0.1,0.08,1.0,i-love-you
2949.0,953.0,3067.0,3536.0,4095.0,2961.0,3344.0,4095.0,0.3,9.77,2.74,-0.05,0.05,0.05,1.0,i-love-you
2928.0,944.0,3063.0,3526.0,4095.0,2961.0,3328.0,4095.0,0.29,9.71,3.09,-0.08,0.02,0.01,1.0,i-love-you
2944.0,944.0,3086.0,3558.0,4095.0,2960.0,3326.0,4095.0,0.14,9.61,3.01,0.01,0.09,-0.01,1.0,i-love-you
2934.0,944.0,3085.0,3522.0,4095.0,2960.0,3337.0,4095.0,0.44,9.78,2.58,0.03,0.05,-0.02,1.0,i-love-you
2928.0,955.0,3084.0,3539.0,4095.0,2966.0,3335.0,4095.0,0.31,9.9,2.07,-0.03,0.04,-0.04,1.0,i-love-you
2947.0,950.0,3071.0,3568.0,4095.0,2973.0,3339.0,4095.0,0.03,9.56,3.24,-0.03,-0.01,-0.07,1.0,i-love-you
2932.0,944.0,3087.0,3568.0,4095.0,2982.0,3351.0,4095.0,-0.08,9.81,2.28,0.06,0.03,-0.09,1.0,i-love-you
2931.0,957.0,3088.0,3570.0,4095.0,2977.0,3342.0,4095.0,-0.18,9.91,1.87,-0.02,-0.12,0.0,1.0,i-love-you
2931.0,959.0,3065.0,3568.0,4095.0,2987.0,3344.0,4095.0,-0.07,9.88,2.04,-0.11,0.2,0.04,1.0,i-love-you
2931.0,945.0,3086.0,3559.0,4095.0,2975.0,3343.0,4095.0,0.19,9.89,2.05,-0.08,0.1,0.0,1.0,i-love-you
2928.0,965.0,3089.0,3568.0,4095.0,2975.0,3343.0,4095.0,0.0,9.85,2.11,-0.17,-0.06,-0.02,1.0,i-love-you
2927.0,957.0,3083.0,3573.0,4095.0,2977.0,3344.0,4095.0,-0.07,9.78,2.97,-0.23,-0.02,-0.06,1.0,i-love-you
2941.0,955.0,3086.0,3583.0,4095.0,2982.0,3349.0,4095.0,0.04,9.56,3.17,0.01,-0.01,-0.04,1.0,i-love-you
2928.0,949.0,3092.0,3597.0,4095.0,2977.0,3323.0,4095.0,0.14,9.9,2.17,0.02,-0.03,-0.18,1.0,i-love-you
2933.0,944.0,3091.0,3570.0,4095.0,2977.0,3341.0,4095.0,0.12,10.04,1.99,-0.08,-0.15,-0.29,1.0,i-love-you
2942.0,960.0,3088.0,3583.0,4095.0,2990.0,3344.0,4095.0,-0.63,9.94,1.95,-0.22,-0.17,-0.28,1.0,i-love-you
2928.0,954.0,3099.0,3572.0,4095.0,2979.0,3335.0,4095.0,-1.21,9.34,3.11,-0.34,-0.16,-0.14,1.0,i-love-you
2943.0,955.0,3088.0,3571.0,4095.0,2990.0,3356.0,4095.0,-0.98,9.27,3.68,-0.13,0.0,-0.08,1.0,i-love-you
2931.0,949.0,3088.0,3563.0,4095.0,2986.0,3342.0,4095.0,-0.65,9.66,2.98,-0.04,0.02,0.02,1.0,i-love-you
2940.0,944.0,3097.0,3553.0,4095.0,2987.0,3350.0,4095.0,-0.25,9.72,3.16,-0.17,0.07,0.0,1.0,i-love-you
2930.0,959.0,3093.0,3550.0,4095.0,2979.0,3340.0,4095.0,-0.31,9.65,3.18,-0.05,-0.02,-0.14,1.0,i-love-you
2928.0,953.0,3093.0,3536.0,4095.0,2983.0,3344.0,4095.0,-0.73,9.72,2.97,-0.01,0.13,-0.19,1.0,i-love-you
2927.0,949.0,3086.0,3520.0,4095.0,2985.0,3328.0,4095.0,-1.38,9.5,2.66,0.05,0.23,-0.24,1.0,i-love-you
2926.0,954.0,3086.0,3535.0,4095.0,2988.0,3345.0,4095.0,-1.37,9.47,2.67,-0.07,0.06,0.05,1.0,i-love-you
2927.0,955.0,3083.0,3494.0,4095.0,2977.0,3344.0,4095.0,-0.82,9.64,3.06,-0.07,-0.04,-0.04,1.0,i-love-you
2938.0,945.0,3071.0,3234.0,4095.0,3011.0,3410.0,4095.0,-0.03,9.52,3.52,-0.04,-0.0,0.0,1.0,i-love-you
2937.0,947.0,3066.0,3218.0,4095.0,2997.0,3401.0,4095.0,0.06,9.44,3.64,-0.02,-0.04,-0.01,1.0,i-love-you
2929.0,949.0,3047.0,3219.0,4095.0,2990.0,3394.0,4095.0,-0.0,9.68,3.38,-0.01,0.1,-0.01,1.0,i-love-you
2938.0,944.0,3058.0,3258.0,4095.0,3002.0,3408.0,4095.0,0.2,9.48,3.67,-0.01,-0.09,-0.1,1.0,i-love-you
2926.0,955.0,3065.0,3270.0,4095.0,2999.0,3402.0,4095.0,-0.24,9.52,3.42,-0.02,0.03,0.0,1.0,i-love-you
2935.0,944.0,3056.0,3294.0,4095.0,3008.0,3408.0,4095.0,-0.13,9.51,3.42,-0.02,0.1,0.0,1.0,i-love-you
2927.0,957.0,3062.0,3281.0,4095.0,3007.0,3403.0,4095.0,0.04,9.46,3.45,-0.06,0.13,0.03,1.0,i-love-you
2943.0,933.0,3059.0,3303.0,4095.0,3018.0,3419.0,4095.0,0.1,9.63,3.27,0.07,-0.01,-0.01,1.0,i-love-you
2928.0,937.0,3059.0,3315.0,4095.0,3008.0,3408.0,4095.0,0.21,9.6,3.25,0.09,-0.02,0.0,1.0,i-love-you
2933.0,944.0,3056.0,3328.0,4095.0,3013.0,3399.0,4095.0,0.1,9.75,2.91,0.01,0.14,-0.01,1.0,i-love-you
2923.0,942.0,3048.0,3343.0,4095.0,3002.0,3403.0,4095.0,0.05,9.75,2.68,0.0,0.01,-0.02,1.0,i-love-you
2941.0,944.0,3063.0,3335.0,4095.0,3008.0,3409.0,4095.0,0.05,9.7,2.78,-0.08,0.03,-0.02,1.0,i-love-you
2922.0,941.0,3042.0,3346.0,4095.0,3013.0,3402.0,4095.0,0.0,9.66,3.11,-0.09,0.02,-0.02,1.0,i-love-you
2935.0,943.0,3047.0,3345.0,4095.0,3002.0,3405.0,4095.0,0.03,9.6,3.2,-0.1,0.09,-0.0,1.0,i-love-you
2928.0,944.0,3066.0,3345.0,4095.0,3008.0,3408.0,4095.0,0.22,9.69,3.02,-0.04,0.06,-0.01,1.0,i-love-you
2926.0,938.0,3063.0,3346.0,4095.0,3008.0,3408.0,4095.0,0.45,9.78,3.21,0.12,0.11,-0.07,1.0,i-love-you
2935.0,945.0,3063.0,3344.0,4095.0,3007.0,3408.0,4095.0,-0.88,9.38,2.72,-0.17,0.46,-0.06,1.0,i-love-you
2927.0,944.0,3053.0,3328.0,4095.0,3008.0,3409.0,4095.0,-0.18,9.71,2.85,0.01,-0.05,-0.04,1.0,i-love-you
2931.0,946.0,3061.0,3351.0,4095.0,3015.0,3414.0,4095.0,0.09,9.79,2.73,0.01,-0.14,-0.07,1.0,i-love-you
2937.0,949.0,3062.0,3358.0,4095.0,3007.0,3408.0,4095.0,-0.17,9.64,2.79,-0.05,0.04,-0.03,1.0,i-love-you
2931.0,944.0,3055.0,3312.0,4095.0,3020.0,3397.0,4095.0,-0.51,9.84,1.92,-0.04,0.01,-0.12,1.0,i-love-you
2941.0,944.0,3067.0,3322.0,4095.0,3027.0,3427.0,4095.0,-0.45,9.91,1.77,0.04,-0.05,-0.1,1.0,i-love-you
2921.0,947.0,3060.0,3310.0,4095.0,3014.0,3408.0,4095.0,-0.18,9.92,1.79,0.08,-0.11,-0.11,1.0,i-love-you
2930.0,960.0,3067.0,3287.0,4095.0,3024.0,3422.0,4095.0,-0.5,9.97,1.36,0.04,-0.05,-0.12,1.0,i-love-you
2926.0,949.0,3067.0,3279.0,4095.0,3015.0,3414.0,4095.0,-0.61,9.97,1.44,-0.01,-0.08,-0.13,1.0,i-love-you
2933.0,947.0,3059.0,3295.0,4095.0,3021.0,3415.0,4095.0,-0.87,9.85,1.46,0.01,-0.03,-0.09,1.0,i-love-you
2934.0,950.0,3071.0,3325.0,4095.0,3021.0,3417.0,4095.0,-0.9,9.92,1.23,-0.01,0.03,-0.09,1.0,i-love-you
2931.0,946.0,3069.0,3334.0,4095.0,3014.0,3406.0,4095.0,-0.83,9.98,1.27,0.01,-0.08,-0.1,1.0,i-love-you
2943.0,953.0,3066.0,3341.0,4095.0,3023.0,3410.0,4095.0,-0.94,9.92,1.27,-0.03,-0.04,-0.09,1.0,i-love-you
2928.0,949.0,3069.0,3337.0,4095.0,3014.0,3408.0,4095.0,-0.77,9.91,1.32,-0.01,-0.05,0.0,1.0,i-love-you
2928.0,963.0,3061.0,3344.0,4095.0,3025.0,3418.0,4095.0,-0.61,10.07,1.05,-0.03,0.02,-0.04,1.0,i-love-you
2927.0,954.0,3067.0,3341.0,4095.0,3019.0,3408.0,4095.0,-1.01,9.94,1.22,-0.08,-0.05,-0.12,1.0,i-love-you
2928.0,959.0,3063.0,3363.0,4095.0,3024.0,3411.0,4095.0,-0.95,9.94,1.19,-0.04,-0.05,-0.11,1.0,i-love-you
2930.0,948.0,3084.0,3346.0,4095.0,3024.0,3408.0,4095.0,-1.15,9.88,1.21,-0.02,-0.04,-0.08,1.0,i-love-you
2937.0,947.0,3065.0,3357.0,4095.0,3023.0,3424.0,4095.0,-0.83,10.03,1.09,-0.05,0.01,-0.05,1.0,i-love-you
2929.0,955.0,3070.0,3355.0,4095.0,3017.0,3405.0,4095.0,-1.1,9.86,1.1,-0.08,0.03,-0.05,1.0,i-love-you
2938.0,946.0,3071.0,3362.0,4095.0,3024.0,3408.0,4095.0,-1.01,9.9,1.16,-0.02,-0.04,-0.19,1.0,i-love-you
2925.0,948.0,3071.0,3365.0,4095.0,3015.0,3411.0,4095.0,-1.1,9.96,1.05,-0.02,-0.07,-0.07,1.0,i-love-you
2943.0,955.0,3083.0,3364.0,4095.0,3018.0,3408.0,4095.0,-1.13,9.96,1.02,-0.05,0.03,-0.06,1.0,i-love-you
2931.0,951.0,3070.0,3367.0,4095.0,3031.0,3429.0,4095.0,-1.15,9.88,1.06,-0.04,-0.04,-0.08,1.0,i-love-you
2935.0,950.0,3069.0,3375.0,4095.0,3029.0,3408.0,4095.0,-1.27,9.91,1.08,-0.07,-0.0,-0.05,1.0,i-love-you
2935.0,959.0,3063.0,3366.0,4095.0,3020.0,3407.0,4095.0,-1.31,9.85,1.12,-0.05,0.03,-0.05,1.0,i-love-you
2941.0,953.0,3069.0,3367.0,4095.0,3023.0,3408.0,4095.0,-1.21,9.92,0.96,-0.01,-0.08,-0.09,1.0,i-love-you
2934.0,963.0,3067.0,3376.0,4095.0,3024.0,3404.0,4095.0,-1.6,9.82,1.04,-0.07,-0.05,-0.08,1.0,i-love-you
2929.0,957.0,3088.0,3385.0,4095.0,3023.0,3409.0,4095.0,-1.4,9.84,1.13,-0.05,-0.02,-0.03,1.0,i-love-you
2931.0,950.0,3066.0,3376.0,4095.0,3023.0,3408.0,4095.0,-1.42,9.88,1.0,-0.06,0.02,-0.03,1.0,i-love-you
2927.0,954.0,3060.0,3376.0,4095.0,3029.0,3404.0,4095.0,-1.31,9.88,1.09,-0.05,-0.01,-0.05,1.0,i-love-you
2934.0,954.0,3061.0,3387.0,4095.0,3026.0,3411.0,4095.0,-1.41,9.79,1.13,-0.04,-0.02,-0.04,1.0,i-love-you
2941.0,959.0,3071.0,3376.0,4095.0,3025.0,3408.0,4095.0,-1.52,9.9,0.84,-0.04,0.02,-0.07,1.0,i-love-you
2941.0,947.0,3083.0,3397.0,4095.0,3029.0,3409.0,4095.0,-1.53,9.91,0.85,-0.04,-0.06,-0.11,1.0,i-love-you
2938.0,957.0,3069.0,3380.0,4095.0,3019.0,3407.0,4095.0,-1.56,9.83,1.01,-0.07,-0.07,-0.12,1.0,i-love-you
2938.0,945.0,3070.0,3393.0,4095.0,3030.0,3414.0,4095.0,-1.56,9.83,1.2,-0.05,-0.09,-0.08,1.0,i-love-you
2931.0,953.0,3071.0,3377.0,4095.0,3024.0,3397.0,4095.0,-1.76,9.79,1.03,-0.06,0.01,-0.05,1.0,i-love-you
2940.0,947.0,3067.0,3385.0,4095.0,3030.0,3421.0,4095.0,-1.76,9.82,1.03,-0.11,0.09,-0.02,1.0,i-love-you
2928.0,960.0,3068.0,3376.0,4095.0,3024.0,3408.0,4095.0,-1.56,9.88,1.0,-0.11,-0.03,-0.07,1.0,i-love-you
2933.0,955.0,3069.0,3389.0,4095.0,3033.0,3408.0,4095.0,-1.8,9.84,1.05,-0.15,0.05,-0.05,1.0,i-love-you
2923.0,951.0,3067.0,3389.0,4095.0,3026.0,3398.0,4095.0,-1.7,9.76,1.12,-0.1,-0.05,-0.05,1.0,i-love-you
2930.0,950.0,3071.0,3393.0,4095.0,3025.0,3408.0,4095.0,-1.69,9.96,0.85,-0.29,-0.07,-0.07,1.0,i-love-you
2943.0,954.0,3085.0,3382.0,4095.0,3025.0,3408.0,4095.0,-1.92,9.55,2.15,-0.46,0.02,-0.08,1.0,i-love-you
2929.0,957.0,3068.0,3358.0,4095.0,3024.0,3396.0,4095.0,-1.88,9.42,2.76,-0.11,-0.11,-0.06,1.0,i-love-you
2928.0,944.0,3062.0,3343.0,4095.0,3038.0,3408.0,4095.0,-2.94,9.02,3.11,0.03,-0.01,-0.05,1.0,i-love-you
2935.0,945.0,3079.0,3334.0,4095.0,3042.0,3408.0,4095.0,-2.9,9.05,3.08,-0.01,0.01,-0.03,1.0,i-love-you
2925.0,946.0,3059.0,3297.0,4095.0,3037.0,3403.0,4095.0,-2.97,9.12,2.84,-0.0,0.06,-0.02,1.0,i-love-you
2937.0,950.0,3071.0,3326.0,4095.0,3043.0,3413.0,4095.0,-2.88,9.15,2.95,-0.03,0.03,-0.03,1.0,i-love-you
2934.0,959.0,3066.0,3318.0,4095.0,3034.0,3395.0,4095.0,-2.89,9.11,2.93,-0.03,0.05,-0.0,1.0,i-love-you
2954.0,957.0,3093.0,3314.0,4095.0,3034.0,3408.0,4095.0,-2.99,9.14,2.75,0.02,0.07,0.02,1.0,i-love-you
2918.0,930.0,3082.0,3324.0,4095.0,3036.0,3399.0,4095.0,-2.68,9.21,2.82,-0.01,-0.0,-0.01,1.0,i-love-you
2945.0,939.0,3083.0,3319.0,4095.0,3040.0,3408.0,4095.0,-2.92,9.09,3.01,-0.01,-0.01,-0.02,1.0,i-love-you
2928.0,953.0,3067.0,3341.0,4095.0,3043.0,3396.0,4095.0,-2.66,9.37,2.27,0.23,0.01,0.09,1.0,i-love-you
2946.0,950.0,3071.0,3339.0,4095.0,3037.0,3395.0,4095.0,-2.64,9.36,2.37,-0.03,0.01,0.03,1.0,i-love-you
2936.0,944.0,3071.0,3346.0,4095.0,3040.0,3407.0,4095.0,-2.74,9.13,2.73,0.03,0.02,0.11,1.0,i-love-you
2938.0,944.0,3071.0,3377.0,4095.0,3035.0,3405.0,4095.0,-2.03,9.79,1.53,0.23,0.06,0.04,1.0,i-love-you
2928.0,962.0,3079.0,3392.0,4095.0,3039.0,3413.0,4095.0,-2.19,9.6,2.04,-0.19,-0.04,-0.07,1.0,i-love-you
2931.0,947.0,3071.0,3390.0,4095.0,3037.0,3404.0,4095.0,-2.34,9.36,2.11,0.25,0.11,-0.0,1.0,i-love-you
2941.0,951.0,3063.0,3359.0,4095.0,3053.0,3421.0,4095.0,-3.1,9.56,1.36,0.0,-0.09,-0.24,1.0,i-love-you
2919.0,959.0,3061.0,3379.0,4095.0,3046.0,3408.0,4095.0,-2.6,9.23,2.19,-0.12,-0.02,0.24,1.0,i-love-you
2938.0,947.0,3079.0,3395.0,4095.0,3042.0,3410.0,4095.0,-2.3,9.74,1.2,0.12,0.06,0.01,1.0,i-love-you
2928.0,953.0,3056.0,3387.0,4095.0,3042.0,3408.0,4095.0,-2.17,9.56,1.72,-0.08,-0.09,-0.01,1.0,i-love-you
2942.0,948.0,3071.0,3362.0,4095.0,3046.0,3415.0,4095.0,-2.31,9.56,1.32,0.06,-0.0,-0.07,1.0,i-love-you
2927.0,954.0,3050.0,3273.0,4095.0,3042.0,3405.0,4095.0,-2.41,9.46,1.51,0.01,-0.12,-0.05,1.0,i-love-you
2937.0,903.0,3067.0,4034.0,4095.0,3028.0,3353.0,4095.0,-1.88,9.72,0.97,-0.02,-0.06,-0.02,1.0,i-love-you
2937.0,889.0,3067.0,4082.0,4095.0,3039.0,3369.0,4095.0,-1.59,9.81,1.04,0.03,-0.13,-0.03,1.0,i-love-you
2941.0,914.0,3067.0,4077.0,4095.0,3031.0,3359.0,4095.0,-1.75,9.77,1.0,-0.04,-0.01,0.02,1.0,i-love-you
2937.0,907.0,3071.0,4089.0,4095.0,3035.0,3376.0,4095.0,-1.69,9.82,0.94,-0.04,0.03,0.01,1.0,i-love-you
2943.0,903.0,3069.0,4051.0,4095.0,3037.0,3376.0,4095.0,-1.65,9.84,0.83,-0.02,0.01,-0.0,1.0,i-love-you
2923.0,906.0,3069.0,4075.0,4095.0,3038.0,3376.0,4095.0,-1.81,9.78,0.75,-0.08,0.06,0.06,1.0,i-love-you
2926.0,901.0,3061.0,4062.0,4095.0,3036.0,3371.0,4095.0,-1.5,9.84,0.9,-0.09,0.07,0.08,1.0,i-love-you
2929.0,905.0,3069.0,4065.0,4095.0,3040.0,3385.0,4095.0,-1.22,9.88,1.02,-0.07,0.01,0.01,1.0,i-love-you
2927.0,911.0,3056.0,4002.0,4095.0,3039.0,3381.0,4095.0,-1.43,9.88,0.86,-0.03,0.01,-0.01,1.0,i-love-you
2936.0,902.0,3063.0,3963.0,4095.0,3029.0,3376.0,4095.0,-1.38,9.91,0.79,-0.04,0.03,0.05,1.0,i-love-you
2934.0,912.0,3065.0,3979.0,4095.0,3035.0,3376.0,4095.0,-1.07,9.98,0.82,-0.08,0.03,0.02,1.0,i-love-you
2927.0,910.0,3065.0,3927.0,4095.0,3032.0,3374.0,4095.0,-1.25,9.93,0.88,-0.1,0.04,0.02,1.0,i-love-you
2933.0,896.0,3065.0,3883.0,4095.0,3041.0,3394.0,4095.0,-1.11,9.92,0.98,-0.11,0.09,0.01,1.0,i-love-you
2928.0,895.0,3059.0,3786.0,4095.0,3025.0,3379.0,4095.0,-1.06,9.93,0.99,-0.07,0.01,0.0,1.0,i-love-you
2939.0,911.0,3071.0,3739.0,4095.0,3036.0,3381.0,4095.0,-1.04,9.93,0.88,-0.07,-0.03,-0.01,1.0,i-love-you
2936.0,905.0,3066.0,3743.0,4095.0,3033.0,3381.0,4095.0,-0.85,10.01,1.01,-0.05,0.01,-0.01,1.0,i-love-you
2921.0,912.0,3082.0,3722.0,4095.0,3027.0,3382.0,4095.0,-1.06,9.94,1.0,-0.09,0.03,-0.04,1.0,i-love-you
2928.0,905.0,3067.0,3685.0,4095.0,3028.0,3376.0,4095.0,-0.88,9.98,1.2,-0.08,0.06,-0.04,1.0,i-love-you
2938.0,902.0,3071.0,3696.0,4095.0,3037.0,3383.0,4095.0,-0.89,9.99,1.1,0.0,-0.09,-0.07,1.0,i-love-you
2933.0,907.0,3068.0,3713.0,4095.0,3042.0,3391.0,4095.0,-1.13,9.86,0.96,-0.03,0.09,-0.02,1.0,i-love-you
2930.0,905.0,3071.0,3755.0,4095.0,3038.0,3389.0,4095.0,-0.85,9.99,0.96,-0.02,-0.09,-0.05,1.0,i-love-you
2935.0,912.0,3059.0,3750.0,4095.0,3038.0,3391.0,4095.0,-0.82,10.01,0.85,-0.07,-0.18,-0.01,1.0,i-love-you
2927.0,907.0,3071.0,3771.0,4095.0,3047.0,3383.0,4095.0,-0.88,9.93,1.14,-0.1,0.02,0.0,1.0,i-love-you
2928.0,907.0,3071.0,3753.0,4095.0,3038.0,3391.0,4095.0,-0.71,9.97,1.23,-0.1,0.03,0.01,1.0,i-love-you
2935.0,912.0,3081.0,3754.0,4095.0,3042.0,3388.0,4095.0,-0.45,10.01,1.15,-0.04,-0.08,0.0,1.0,i-love-you
2929.0,904.0,3065.0,3742.0,4095.0,3038.0,3376.0,4095.0,-0.65,9.98,0.94,-0.05,-0.04,-0.03,1.0,i-love-you
2939.0,905.0,3059.0,3745.0,4095.0,3033.0,3377.0,4095.0,-0.6,10.0,1.08,-0.07,-0.05,-0.01,1.0,i-love-you
2951.0,908.0,3079.0,3738.0,4095.0,3041.0,3398.0,4095.0,-0.51,10.03,1.23,-0.07,-0.02,-0.03,1.0,i-love-you
2926.0,897.0,3069.0,3745.0,4095.0,3039.0,3383.0,4095.0,-0.61,9.98,1.15,-0.08,-0.0,0.01,1.0,i-love-you
2935.0,905.0,3071.0,3758.0,4095.0,3043.0,3387.0,4095.0,-0.35,10.01,1.3,-0.08,-0.01,-0.03,1.0,i-love-you
2931.0,907.0,3071.0,3732.0,4095.0,3037.0,3393.0,4095.0,-0.55,9.93,1.23,-0.07,0.03,-0.02,1.0,i-love-you
2927.0,907.0,3084.0,3757.0,4095.0,3041.0,3393.0,4095.0,-0.4,10.05,0.99,-0.07,0.02,-0.03,1.0,i-love-you
2928.0,901.0,3065.0,3741.0,4095.0,3035.0,3388.0,4095.0,-0.43,10.0,1.24,-0.1,-0.02,-0.0,1.0,i-love-you
2935.0,902.0,3067.0,3763.0,4095.0,3040.0,3395.0,4095.0,-0.38,9.95,1.4,-0.09,0.0,-0.03,1.0,i-love-you
2928.0,897.0,3061.0,3762.0,4095.0,3040.0,3391.0,4095.0,-0.48,9.95,1.4,-0.09,-0.03,-0.03,1.0,i-love-you
2930.0,909.0,3082.0,3776.0,4095.0,3053.0,3395.0,4095.0,-0.41,9.95,1.43,-0.06,0.02,-0.01,1.0,i-love-you
2926.0,909.0,3071.0,3775.0,4095.0,3039.0,3381.0,4095.0,-0.28,10.04,1.13,-0.09,-0.02,-0.0,1.0,i-love-you
2941.0,912.0,3067.0,3767.0,4095.0,3046.0,3391.0,4095.0,-0.24,10.04,1.42,-0.11,-0.04,-0.03,1.0,i-love-you
2928.0,907.0,3071.0,3760.0,4095.0,3042.0,3401.0,4095.0,-0.28,9.97,1.58,-0.1,-0.03,-0.05,1.0,i-love-you
2937.0,905.0,3061.0,3761.0,4095.0,3039.0,3377.0,4095.0,-0.38,9.95,1.53,-0.07,-0.03,-0.05,1.0,i-love-you
2944.0,912.0,3067.0,3711.0,4095.0,3038.0,3397.0,4095.0,-0.51,9.89,1.84,-0.15,-0.06,-0.09,1.0,i-love-you
2944.0,903.0,3086.0,3728.0,4095.0,3038.0,3386.0,4095.0,-0.61,9.78,2.05,-0.07,-0.01,-0.04,1.0,i-love-you
2928.0,912.0,3070.0,3693.0,4095.0,3038.0,3392.0,4095.0,-0.5,9.92,1.83,-0.06,0.04,-0.02,1.0,i-love-you
2931.0,912.0,3071.0,3697.0,4095.0,3039.0,3391.0,4095.0,-0.43,9.97,1.85,-0.05,-0.04,-0.05,1.0,i-love-you
2933.0,913.0,3070.0,3669.0,4095.0,3045.0,3408.0,4095.0,-0.51,9.87,1.98,-0.05,-0.08,-0.06,1.0,i-love-you
2928.0,909.0,3069.0,3676.0,4095.0,3044.0,3387.0,4095.0,-0.44,9.9,2.02,-0.05,0.01,-0.04,1.0,i-love-you
2928.0,902.0,3071.0,3694.0,4095.0,3046.0,3398.0,4095.0,-0.57,9.88,1.76,-0.08,0.04,-0.09,1.0,i-love-you
2933.0,910.0,3065.0,3679.0,4095.0,3035.0,3387.0,4095.0,-0.62,9.85,1.98,-0.1,-0.04,-0.08,1.0,i-love-you
2931.0,896.0,3081.0,3679.0,4095.0,3042.0,3391.0,4095.0,-0.78,9.8,1.93,-0.08,0.03,-0.03,1.0,i-love-you
2928.0,907.0,3067.0,3653.0,4095.0,3043.0,3401.0,4095.0,-0.45,9.93,1.97,-0.07,-0.02,-0.04,1.0,i-love-you
2939.0,903.0,3081.0,3651.0,4095.0,3043.0,3401.0,4095.0,-0.63,9.86,2.08,-0.07,-0.02,-0.06,1.0,i-love-you
2943.0,906.0,3068.0,3639.0,4095.0,3040.0,3392.0,4095.0,-0.7,9.78,2.16,-0.1,0.09,-0.03,1.0,i-love-you
2934.0,903.0,3090.0,3647.0,4095.0,3039.0,3397.0,4095.0,-0.21,10.05,1.9,-0.02,-0.06,-0.1,1.0,i-love-you
2930.0,912.0,3069.0,3630.0,4095.0,3043.0,3392.0,4095.0,-0.96,9.79,1.91,-0.16,-0.03,-0.19,1.0,i-love-you
2931.0,899.0,3087.0,3641.0,4095.0,3042.0,3397.0,4095.0,-1.19,9.56,2.41,-0.09,-0.0,-0.05,1.0,i-love-you
2934.0,907.0,3066.0,3634.0,4095.0,3047.0,3408.0,4095.0,-0.85,9.87,1.92,-0.05,0.11,-0.01,1.0,i-love-you
2929.0,905.0,3068.0,3620.0,4095.0,3043.0,3391.0,4095.0,-0.63,9.91,2.19,-0.1,-0.04,-0.04,1.0,i-love-you
2944.0,901.0,3069.0,3605.0,4095.0,3052.0,3403.0,4095.0,-0.91,9.67,2.48,-0.05,0.0,-0.06,1.0,i-love-you
2928.0,901.0,3071.0,3570.0,4095.0,3041.0,3393.0,4095.0,-0.97,9.82,1.93,0.01,0.06,-0.06,1.0,i-love-you
2959.0,897.0,3071.0,3601.0,4095.0,3046.0,3395.0,4095.0,-0.87,9.85,1.96,-0.04,-0.06,-0.07,1.0,i-love-you
