hall_1,hall_2,hall_3,flex_t,flex_i,flex_m,flex_r,flex_p,accel_x,accel_y,accel_z,gyro_x,gyro_y,gyro_z,hand,sign
3026.0,3124.0,2935.0,4095.0,4095.0,2544.0,2960.0,4095.0,0.16,9.87,4.34,0.05,-0.01,0.03,0.0,i-love-you
3026.0,3124.0,2932.0,4095.0,4095.0,2544.0,2961.0,4095.0,-3.68,9.47,5.04,-0.01,-0.41,-0.47,0.0,i-love-you
3029.0,3129.0,2928.0,4095.0,4095.0,2544.0,2960.0,4095.0,0.06,10.86,5.92,-0.25,0.38,0.29,0.0,i-love-you
3022.0,3123.0,2928.0,4095.0,4095.0,2546.0,2958.0,4095.0,-1.35,10.15,7.57,0.19,0.14,-0.38,0.0,i-love-you
3029.0,3138.0,2942.0,4095.0,4095.0,2545.0,2966.0,4095.0,-0.51,8.66,6.68,0.6,-0.31,0.71,0.0,i-love-you
3029.0,3122.0,2944.0,4095.0,4095.0,2541.0,2958.0,4095.0,1.64,9.73,3.6,0.82,-0.51,0.14,0.0,i-love-you
3026.0,3135.0,2934.0,4095.0,4095.0,2544.0,2961.0,4095.0,0.06,9.16,3.47,0.14,-0.47,-0.35,0.0,i-love-you
3033.0,3143.0,2932.0,4095.0,4095.0,2545.0,2960.0,4095.0,-1.36,9.29,2.84,0.09,-0.15,-0.56,0.0,i-love-you
3030.0,3136.0,2929.0,4095.0,4095.0,2529.0,2951.0,4095.0,-2.8,9.39,4.67,-0.68,1.0,-0.82,0.0,i-love-you
3042.0,3143.0,2936.0,4095.0,4095.0,2544.0,2964.0,4095.0,1.13,9.03,5.63,-0.39,0.4,0.04,0.0,i-love-you
3029.0,3150.0,2929.0,4095.0,4095.0,2544.0,2959.0,4095.0,0.07,9.81,5.29,-0.25,-0.02,-0.42,0.0,i-love-you
3044.0,3143.0,2935.0,4095.0,4095.0,2544.0,2967.0,4095.0,-0.04,9.75,5.71,-0.12,0.18,-0.18,0.0,i-love-you
3031.0,3149.0,2931.0,4095.0,4095.0,2544.0,2965.0,4095.0,0.07,9.51,6.54,-0.1,0.06,-0.15,0.0,i-love-you
3027.0,3158.0,2951.0,4095.0,4095.0,2558.0,2978.0,4095.0,-0.33,9.61,6.47,0.12,-0.11,-0.13,0.0,i-love-you
3023.0,3139.0,2929.0,4095.0,4095.0,2545.0,2966.0,4095.0,0.38,9.81,5.51,0.24,-0.06,-0.17,0.0,i-love-you
3043.0,3149.0,2937.0,4095.0,4095.0,2553.0,2975.0,4095.0,0.96,9.22,5.61,0.22,-0.27,-0.28,0.0,i-love-you
3039.0,3148.0,2938.0,4095.0,4095.0,2546.0,2971.0,4095.0,-0.68,10.4,4.11,-0.05,-0.32,-0.36,0.0,i-love-you
3045.0,3157.0,2934.0,4095.0,4095.0,2559.0,2979.0,4095.0,-2.22,11.55,4.92,0.19,0.06,-0.46,0.0,i-love-you
3040.0,3149.0,2928.0,4095.0,4095.0,2557.0,2969.0,4095.0,-0.65,9.84,3.67,0.25,0.28,-0.05,0.0,i-love-you
3035.0,3152.0,2925.0,4095.0,4095.0,2554.0,2972.0,4095.0,-0.29,9.09,3.54,-0.02,-0.3,-0.26,0.0,i-love-you
3034.0,3152.0,2937.0,4095.0,4095.0,2559.0,2983.0,4095.0,-0.84,9.77,4.92,-0.0,-0.09,0.07,0.0,i-love-you
3038.0,3152.0,2940.0,4095.0,4095.0,2559.0,2983.0,4095.0,-0.36,9.74,4.67,0.14,0.16,0.1,0.0,i-love-you
3022.0,3149.0,2932.0,4095.0,4095.0,2559.0,2974.0,4095.0,-0.64,9.95,4.73,0.41,0.5,-0.21,0.0,i-love-you
3028.0,3153.0,2928.0,4095.0,4095.0,2545.0,2942.0,4095.0,-1.34,9.97,4.25,0.49,0.66,-0.22,0.0,i-love-you
3021.0,3146.0,2918.0,4095.0,4095.0,2545.0,2938.0,4095.0,-0.31,9.89,3.9,0.38,0.33,-0.24,0.0,i-love-you
3043.0,3154.0,2927.0,4095.0,4095.0,2544.0,2917.0,4095.0,-0.48,9.58,3.29,0.8,0.11,-0.66,0.0,i-love-you
3036.0,3145.0,2928.0,4095.0,4095.0,2546.0,2914.0,4095.0,-1.44,9.78,2.0,0.63,-0.19,-0.53,0.0,i-love-you
3039.0,3152.0,2935.0,4095.0,4095.0,2559.0,2922.0,4095.0,-1.95,9.73,1.72,0.08,-0.0,-0.12,0.0,i-love-you
3035.0,3134.0,2929.0,4095.0,4095.0,2559.0,2932.0,4095.0,-1.3,9.44,1.92,-0.17,-0.18,-0.1,0.0,i-love-you
3043.0,3133.0,2937.0,4095.0,4095.0,2582.0,2939.0,4095.0,-1.82,9.56,2.28,-0.07,-0.2,-0.08,0.0,i-love-you
3027.0,3141.0,2934.0,4095.0,4095.0,2582.0,2956.0,4095.0,-1.67,9.75,2.38,-0.18,0.28,0.09,0.0,i-love-you
3039.0,3136.0,2929.0,4095.0,4095.0,2559.0,2942.0,4095.0,-0.41,9.65,3.09,-0.22,0.04,0.03,0.0,i-love-you
3039.0,3152.0,2927.0,4095.0,4095.0,2582.0,2948.0,4095.0,-0.57,9.78,3.05,-0.05,-0.09,-0.18,0.0,i-love-you
3029.0,3141.0,2935.0,4095.0,4095.0,2580.0,2947.0,4095.0,-1.15,9.74,3.11,-0.04,-0.14,-0.2,0.0,i-love-you
3037.0,3134.0,2928.0,4095.0,4095.0,2589.0,2953.0,4095.0,-1.06,9.7,3.15,-0.01,-0.12,-0.15,0.0,i-love-you
3033.0,3129.0,2931.0,4095.0,4095.0,2589.0,2958.0,4095.0,-0.8,9.8,3.0,-0.03,-0.03,-0.18,0.0,i-love-you
3026.0,3143.0,2942.0,4095.0,4095.0,2595.0,2970.0,4095.0,-0.96,9.78,3.3,-0.09,-0.11,-0.22,0.0,i-love-you
3024.0,3123.0,2928.0,4095.0,4095.0,2592.0,2960.0,4095.0,-1.69,9.73,3.55,-0.01,-0.08,-0.17,0.0,i-love-you
3036.0,3140.0,2944.0,4095.0,4095.0,2598.0,2966.0,4095.0,-1.36,9.84,3.44,-0.0,-0.1,-0.1,0.0,i-love-you
3026.0,3125.0,2928.0,4095.0,4095.0,2592.0,2963.0,4095.0,-1.06,9.8,3.19,0.04,-0.05,-0.14,0.0,i-love-you
3027.0,3123.0,2927.0,4095.0,4095.0,2603.0,2976.0,4095.0,-1.16,9.79,3.32,0.01,0.1,-0.04,0.0,i-love-you
3038.0,3121.0,2939.0,4095.0,4095.0,2599.0,2985.0,4095.0,-0.89,9.72,3.38,0.06,0.23,-0.09,0.0,i-love-you
3046.0,3117.0,2919.0,4095.0,4095.0,2597.0,2983.0,4095.0,-0.74,9.64,2.94,0.18,1.35,-0.01,0.0,i-love-you
3031.0,3137.0,2928.0,4095.0,4095.0,2596.0,2986.0,4095.0,-0.65,9.9,2.89,-0.2,0.6,0.25,0.0,i-love-you
3024.0,3122.0,2934.0,4095.0,4095.0,2581.0,2970.0,4095.0,0.26,9.8,3.85,-0.52,-0.25,0.57,0.0,i-love-you
3036.0,3142.0,2943.0,4095.0,4095.0,2591.0,2979.0,4095.0,0.78,9.9,3.67,-0.09,0.04,-0.01,0.0,i-love-you
3030.0,3130.0,2932.0,4095.0,4095.0,2583.0,2977.0,4095.0,0.49,9.9,3.73,-0.03,-0.04,-0.26,0.0,i-love-you
3043.0,3142.0,2927.0,4095.0,4095.0,2579.0,2973.0,4095.0,-0.14,9.98,3.87,-0.15,-0.18,-0.13,0.0,i-love-you
3038.0,3126.0,2940.0,4095.0,4095.0,2591.0,2975.0,4095.0,0.48,9.88,4.13,-0.14,0.02,0.01,0.0,i-love-you
3030.0,3115.0,2935.0,4095.0,4095.0,2583.0,2982.0,4095.0,0.82,9.82,4.37,-0.06,-0.12,-0.14,0.0,i-love-you
3038.0,3147.0,2934.0,4095.0,4095.0,2585.0,2992.0,4095.0,0.59,9.89,4.34,0.1,-0.09,-0.35,0.0,i-love-you
3038.0,3118.0,2925.0,4095.0,4095.0,2582.0,2985.0,4095.0,0.3,10.01,3.92,-0.04,-0.0,-0.15,0.0,i-love-you
3046.0,3120.0,2925.0,4095.0,4095.0,2597.0,2989.0,4095.0,0.49,9.96,4.33,-0.05,-0.0,-0.14,0.0,i-love-you
3034.0,3123.0,2928.0,4095.0,4095.0,2559.0,2986.0,4095.0,0.54,9.85,4.37,0.02,-0.03,-0.23,0.0,i-love-you
3042.0,3121.0,2944.0,4095.0,4095.0,2581.0,2991.0,4095.0,0.21,9.91,4.43,0.09,-0.04,-0.34,0.0,i-love-you
3041.0,3120.0,2931.0,4095.0,4095.0,2581.0,2987.0,4095.0,0.01,9.9,4.22,0.03,0.02,-0.28,0.0,i-love-you
3042.0,3145.0,2932.0,4095.0,4095.0,2590.0,2963.0,4095.0,0.37,9.76,4.26,0.04,0.0,-0.39,0.0,i-love-you
3024.0,3152.0,2933.0,4095.0,4095.0,2592.0,2960.0,4095.0,-0.46,9.93,3.89,0.21,-0.07,-0.47,0.0,i-love-you
3043.0,3140.0,2933.0,4095.0,4095.0,2606.0,2989.0,4095.0,-0.92,9.91,3.64,0.13,-0.08,-0.28,0.0,i-love-you
3031.0,3143.0,2927.0,4095.0,4095.0,2604.0,2990.0,4095.0,-0.83,9.84,3.58,0.05,0.0,-0.16,0.0,i-love-you
3051.0,3136.0,2924.0,4095.0,4095.0,2608.0,3011.0,4095.0,-0.55,9.86,3.62,0.01,-0.01,-0.14,0.0,i-love-you
3041.0,3151.0,2933.0,4095.0,4095.0,2615.0,3015.0,4095.0,-0.75,9.88,3.73,0.01,0.01,-0.14,0.0,i-love-you
3024.0,3131.0,2928.0,4095.0,4095.0,2609.0,3018.0,4095.0,-0.67,9.85,3.77,0.01,0.01,-0.13,0.0,i-love-you
3039.0,3141.0,2938.0,4095.0,4095.0,2611.0,3010.0,4095.0,-0.49,9.87,3.65,0.01,-0.04,-0.14,0.0,i-love-you
3042.0,3152.0,2938.0,4095.0,4095.0,2609.0,3013.0,4095.0,-0.59,9.85,3.77,-0.0,-0.0,-0.15,0.0,i-love-you
3045.0,3131.0,2923.0,4095.0,4095.0,2608.0,3011.0,4095.0,-0.62,9.84,3.78,0.02,-0.01,-0.16,0.0,i-love-you
3041.0,3138.0,2928.0,4095.0,4095.0,2612.0,3024.0,4095.0,-0.59,9.88,3.64,0.01,0.0,-0.15,0.0,i-love-you
3037.0,3129.0,2931.0,4095.0,4095.0,2611.0,3015.0,4095.0,-0.64,9.9,3.68,-0.01,0.02,-0.13,0.0,i-love-you
3039.0,3130.0,2928.0,4095.0,4095.0,2620.0,3025.0,4095.0,-0.52,9.63,3.85,-0.15,-0.07,0.02,0.0,i-love-you
3030.0,3133.0,2927.0,4095.0,4095.0,2608.0,3019.0,4095.0,-0.51,9.84,3.82,0.02,-0.02,-0.17,0.0,i-love-you
3034.0,3139.0,2942.0,4095.0,4095.0,2615.0,3015.0,4095.0,-0.75,9.89,3.65,-0.01,0.04,-0.13,0.0,i-love-you
3037.0,3136.0,2927.0,4095.0,4095.0,2611.0,3013.0,4095.0,-0.99,9.88,3.75,-0.08,0.06,-0.04,0.0,i-love-you
3037.0,3143.0,2929.0,4095.0,4095.0,2610.0,3025.0,4095.0,-0.15,9.82,4.09,-0.1,0.11,0.1,0.0,i-love-you
3036.0,3134.0,2928.0,4095.0,4095.0,2613.0,3019.0,4095.0,0.18,9.89,4.18,-0.07,0.03,-0.07,0.0,i-love-you
3034.0,3138.0,2941.0,4095.0,4095.0,2610.0,3019.0,4095.0,-0.11,9.88,4.22,-0.05,0.02,-0.12,0.0,i-love-you
3040.0,3146.0,2926.0,4095.0,4095.0,2617.0,3022.0,4095.0,-0.09,9.92,4.19,-0.06,0.01,-0.08,0.0,i-love-you
3039.0,3138.0,2934.0,4095.0,4095.0,2612.0,3022.0,4095.0,0.23,9.89,4.26,-0.09,-0.04,-0.11,0.0,i-love-you
3029.0,3144.0,2931.0,4095.0,4095.0,2615.0,3024.0,4095.0,0.04,9.9,4.45,-0.09,-0.03,-0.15,0.0,i-love-you
3030.0,3131.0,2923.0,4095.0,4095.0,2612.0,3019.0,4095.0,-0.02,9.9,4.52,-0.1,-0.01,-0.13,0.0,i-love-you
3027.0,3139.0,2940.0,4095.0,4095.0,2614.0,3024.0,4095.0,0.11,9.9,4.57,-0.11,0.01,-0.11,0.0,i-love-you
3044.0,3136.0,2941.0,4095.0,4095.0,2617.0,3024.0,4095.0,0.32,9.89,5.04,-0.04,-0.04,-0.14,0.0,i-love-you
3044.0,3129.0,2921.0,4095.0,4095.0,2608.0,3023.0,4095.0,0.26,9.88,5.03,-0.07,-0.02,-0.12,0.0,i-love-you
3042.0,3146.0,2935.0,4095.0,4095.0,2614.0,3031.0,4095.0,0.36,9.83,5.18,-0.08,0.0,-0.12,0.0,i-love-you
3033.0,3136.0,2919.0,4095.0,4095.0,2623.0,3029.0,4095.0,0.56,9.86,5.25,-0.07,-0.01,-0.16,0.0,i-love-you
3031.0,3140.0,2937.0,4095.0,4095.0,2610.0,3017.0,4095.0,0.29,9.86,5.39,-0.11,-0.08,-0.14,0.0,i-love-you
3044.0,3147.0,2938.0,4095.0,4095.0,2612.0,3024.0,4095.0,0.4,9.81,5.64,-0.11,-0.07,-0.14,0.0,i-love-you
3041.0,3146.0,2927.0,4095.0,4095.0,2610.0,3022.0,4095.0,0.6,9.78,5.77,-0.06,-0.04,-0.2,0.0,i-love-you
3035.0,3143.0,2932.0,4095.0,4095.0,2615.0,3025.0,4095.0,0.34,9.79,5.75,-0.08,-0.07,-0.2,0.0,i-love-you
3026.0,3138.0,2925.0,4095.0,4095.0,2609.0,3023.0,4095.0,0.32,9.77,5.82,-0.14,-0.12,-0.13,0.0,i-love-you
3037.0,3136.0,2943.0,4095.0,4095.0,2613.0,3025.0,4095.0,0.34,9.76,6.1,-0.12,-0.02,-0.14,0.0,i-love-you
3030.0,3135.0,2931.0,4095.0,4095.0,2603.0,3014.0,4095.0,0.3,9.7,6.18,-0.14,-0.04,-0.13,0.0,i-love-you
3045.0,3149.0,2940.0,4095.0,4095.0,2608.0,3024.0,4095.0,0.55,9.69,6.4,-0.12,-0.04,-0.17,0.0,i-love-you
3033.0,3133.0,2929.0,4095.0,4095.0,2609.0,3022.0,4095.0,1.32,9.66,6.36,-0.1,-0.08,-0.26,0.0,i-love-you
3043.0,3136.0,2942.0,4095.0,4095.0,2610.0,3021.0,4095.0,0.09,9.63,6.44,-0.03,-0.14,-0.4,0.0,i-love-you
3037.0,3126.0,2927.0,4095.0,4095.0,2608.0,3022.0,4095.0,-0.24,9.58,6.7,-0.05,-0.08,-0.34,0.0,i-love-you
3025.0,3136.0,2928.0,4095.0,4095.0,2608.0,3023.0,4095.0,-0.24,9.53,6.92,-0.02,-0.08,-0.31,0.0,i-love-you
3026.0,3142.0,2934.0,4095.0,4095.0,2609.0,3025.0,4095.0,-0.23,9.59,6.65,0.05,-0.08,-0.25,0.0,i-love-you
3028.0,3138.0,2925.0,4095.0,4095.0,2608.0,3021.0,4095.0,-0.35,9.62,6.57,0.05,-0.06,-0.24,0.0,i-love-you
3044.0,3125.0,2929.0,4095.0,4095.0,2614.0,3031.0,4095.0,-0.28,9.59,6.64,0.11,-0.06,-0.21,0.0,i-love-you
3027.0,3130.0,2928.0,4095.0,4095.0,2608.0,3023.0,4095.0,-0.58,9.65,6.38,0.12,-0.04,-0.26,0.0,i-love-you
3038.0,3135.0,2935.0,4095.0,4095.0,2624.0,3033.0,4095.0,-0.89,9.38,7.06,-0.28,-0.04,-0.13,0.0,i-love-you
3039.0,3141.0,2930.0,4095.0,4095.0,2638.0,3047.0,4095.0,-0.64,9.26,7.61,-0.24,-0.07,-0.12,0.0,i-love-you
3027.0,3130.0,2929.0,4095.0,4095.0,2625.0,3035.0,4095.0,-0.7,9.19,8.06,-0.14,0.0,-0.16,0.0,i-love-you
3037.0,3148.0,2935.0,4095.0,4095.0,2626.0,3039.0,4095.0,-0.55,9.24,7.58,-0.04,-0.06,-0.25,0.0,i-love-you
3035.0,3130.0,2928.0,4095.0,4095.0,2624.0,3036.0,4095.0,-0.93,9.17,7.83,-0.09,-0.12,-0.29,0.0,i-love-you
3040.0,3143.0,2939.0,4095.0,4095.0,2622.0,3036.0,4095.0,-0.96,9.13,7.86,-0.05,-0.06,-0.31,0.0,i-love-you
3040.0,3131.0,2927.0,4095.0,4095.0,2630.0,3048.0,4095.0,-1.16,9.03,8.09,-0.07,-0.04,-0.25,0.0,i-love-you
3037.0,3140.0,2927.0,4095.0,4095.0,2624.0,3035.0,4095.0,-1.13,9.02,8.11,-0.07,-0.06,-0.21,0.0,i-love-you
3025.0,3131.0,2928.0,4095.0,4095.0,2635.0,3047.0,4095.0,-1.15,9.02,8.1,-0.06,0.0,-0.21,0.0,i-love-you
3039.0,3138.0,2927.0,4095.0,4095.0,2629.0,3037.0,4095.0,-1.1,8.97,8.27,-0.05,-0.02,-0.22,0.0,i-love-you
3046.0,3141.0,2941.0,4095.0,4095.0,2630.0,3047.0,4095.0,-1.24,8.89,8.4,-0.02,-0.07,-0.24,0.0,i-love-you
3024.0,3137.0,2925.0,4095.0,4095.0,2624.0,3034.0,4095.0,-1.38,8.9,8.4,0.03,-0.02,-0.2,0.0,i-love-you
3038.0,3145.0,2934.0,4095.0,4095.0,2638.0,3050.0,4095.0,-1.41,8.91,8.36,0.05,-0.08,-0.19,0.0,i-love-you
3049.0,3126.0,2928.0,4095.0,4095.0,2626.0,3042.0,4095.0,-1.3,8.93,8.28,0.07,-0.04,-0.16,0.0,i-love-you
3025.0,3138.0,2931.0,4095.0,4095.0,2631.0,3053.0,4095.0,-1.21,9.0,8.07,0.07,-0.06,-0.17,0.0,i-love-you
3026.0,3136.0,2934.0,4095.0,4095.0,2631.0,3043.0,4095.0,-1.32,9.01,8.11,0.02,-0.03,-0.17,0.0,i-love-you
3029.0,3131.0,2938.0,4095.0,4095.0,2635.0,3041.0,4095.0,-1.42,8.96,8.2,0.01,-0.0,-0.16,0.0,i-love-you
3035.0,3139.0,2936.0,4095.0,4095.0,2633.0,3045.0,4095.0,-1.37,8.98,8.2,0.03,-0.0,-0.15,0.0,i-love-you
3028.0,3127.0,2918.0,4095.0,4095.0,2625.0,3047.0,4095.0,-1.2,8.95,8.16,0.05,-0.02,-0.15,0.0,i-love-you
3051.0,3144.0,2946.0,4095.0,4095.0,2631.0,3049.0,4095.0,-1.27,8.99,8.11,0.04,-0.03,-0.16,0.0,i-love-you
3033.0,3443.0,2925.0,4095.0,4095.0,2513.0,3045.0,4095.0,-1.21,9.9,0.55,-0.07,-0.02,-0.15,0.0,i-love-you
3033.0,3440.0,2928.0,4095.0,4095.0,2518.0,3039.0,4095.0,-1.25,9.63,2.66,-0.4,-0.09,-0.14,0.0,i-love-you
3040.0,3440.0,2917.0,4095.0,4095.0,2527.0,3044.0,4095.0,-1.39,9.63,3.23,-0.21,-0.13,-0.21,0.0,i-love-you
3035.0,3446.0,2928.0,4095.0,4095.0,2513.0,3037.0,4095.0,-1.52,9.66,3.34,-0.17,-0.07,-0.16,0.0,i-love-you
3022.0,3441.0,2926.0,4095.0,4095.0,2522.0,3041.0,4095.0,-1.39,9.68,3.42,-0.17,-0.09,-0.13,0.0,i-love-you
3038.0,3443.0,2929.0,4095.0,4095.0,2512.0,3043.0,4095.0,-1.02,9.78,3.41,-0.21,0.06,-0.18,0.0,i-love-you
3024.0,3450.0,2935.0,4095.0,4095.0,2518.0,3043.0,4095.0,-1.65,9.75,3.69,-0.09,0.05,-0.19,0.0,i-love-you
3034.0,3440.0,2924.0,4095.0,4095.0,2518.0,3046.0,4095.0,-1.68,9.7,3.95,-0.09,-0.11,-0.15,0.0,i-love-you
3037.0,3440.0,2928.0,4095.0,4095.0,2515.0,3043.0,4095.0,-1.43,9.7,4.11,-0.02,-0.06,-0.13,0.0,i-love-you
3024.0,3453.0,2930.0,4095.0,4095.0,2524.0,3049.0,4095.0,-1.6,9.73,3.9,0.03,-0.04,-0.12,0.0,i-love-you
3024.0,3445.0,2925.0,4095.0,4095.0,2515.0,3044.0,4095.0,-1.53,9.79,3.77,0.04,-0.05,-0.12,0.0,i-love-you
3036.0,3454.0,2925.0,4095.0,4095.0,2523.0,3050.0,4095.0,-1.42,9.8,3.75,0.04,-0.03,-0.15,0.0,i-love-you
3025.0,3452.0,2930.0,4095.0,4095.0,2521.0,3041.0,4095.0,-1.53,9.79,3.74,0.03,0.02,-0.18,0.0,i-love-you
3042.0,3456.0,2937.0,4095.0,4095.0,2521.0,3056.0,4095.0,-1.52,9.62,3.72,0.01,-0.05,-0.14,0.0,i-love-you
3037.0,3437.0,2923.0,4095.0,4095.0,2512.0,3049.0,4095.0,-1.49,9.91,3.79,0.02,-0.02,-0.12,0.0,i-love-you
3039.0,3440.0,2935.0,4095.0,4095.0,2516.0,3054.0,4095.0,-1.59,9.72,3.95,0.04,-0.04,-0.15,0.0,i-love-you
3038.0,3433.0,2925.0,4095.0,4095.0,2518.0,3049.0,4095.0,-1.5,9.76,3.7,0.04,-0.0,-0.14,0.0,i-love-you
3032.0,3408.0,2930.0,4095.0,4095.0,2515.0,3057.0,4095.0,-1.7,9.71,3.81,-0.02,0.05,-0.09,0.0,i-love-you
3024.0,3415.0,2918.0,4095.0,4095.0,2509.0,3056.0,4095.0,-1.39,9.77,3.9,0.0,-0.01,-0.06,0.0,i-love-you
3025.0,3415.0,2927.0,4095.0,4095.0,2516.0,3055.0,4095.0,-1.22,9.75,3.96,0.06,-0.04,-0.04,0.0,i-love-you
3043.0,3408.0,2933.0,4095.0,4095.0,2512.0,3059.0,4095.0,-1.24,10.03,3.45,-0.4,-0.23,-0.25,0.0,i-love-you
3038.0,3409.0,2928.0,4095.0,4095.0,2519.0,3063.0,4095.0,-1.53,9.54,4.83,-0.55,-0.06,-0.24,0.0,i-love-you
3023.0,3407.0,2925.0,4095.0,4095.0,2513.0,3054.0,4095.0,-1.39,9.53,5.78,-0.55,-0.21,-0.25,0.0,i-love-you
3051.0,3407.0,2946.0,4095.0,4095.0,2525.0,3059.0,4095.0,-1.87,9.34,6.68,-0.27,-0.02,-0.34,0.0,i-love-you
3035.0,3395.0,2927.0,4095.0,4095.0,2524.0,3062.0,4095.0,-2.27,9.55,6.48,-0.27,-0.03,-0.31,0.0,i-love-you
3034.0,3408.0,2931.0,4095.0,4095.0,2531.0,3056.0,4095.0,-1.56,9.45,6.36,-0.3,-0.23,-0.14,0.0,i-love-you
3030.0,3387.0,2916.0,4095.0,4095.0,2515.0,3059.0,4095.0,-1.87,9.24,6.96,-0.16,-0.07,-0.44,0.0,i-love-you
3039.0,3428.0,2923.0,4095.0,4095.0,2516.0,3057.0,4095.0,-2.48,9.06,7.59,-0.28,-0.21,-0.33,0.0,i-love-you
3039.0,3408.0,2928.0,4095.0,4095.0,2526.0,3071.0,4095.0,-2.01,8.84,8.15,-0.27,-0.13,-0.12,0.0,i-love-you
3024.0,3398.0,2927.0,4095.0,4095.0,2523.0,3064.0,4095.0,-1.88,8.78,8.73,0.09,0.19,-0.27,0.0,i-love-you
3041.0,3426.0,2935.0,4095.0,4095.0,2526.0,3070.0,4095.0,-2.61,9.17,7.03,0.14,0.09,-0.22,0.0,i-love-you
3026.0,3413.0,2926.0,4095.0,4095.0,2523.0,3063.0,4095.0,-2.29,9.19,6.96,0.02,0.01,-0.18,0.0,i-love-you
3027.0,3406.0,2935.0,4095.0,4095.0,2533.0,3081.0,4095.0,-2.24,8.92,7.64,-0.16,0.14,-0.12,0.0,i-love-you
3028.0,3408.0,2933.0,4095.0,4095.0,2527.0,3071.0,4095.0,-1.77,9.11,7.01,-0.05,-0.1,-0.27,0.0,i-love-you
3029.0,3412.0,2939.0,4095.0,4095.0,2531.0,3071.0,4095.0,-2.66,9.01,7.12,-0.19,-0.13,-0.46,0.0,i-love-you
3039.0,3407.0,2926.0,4095.0,4095.0,2529.0,3079.0,4095.0,-3.54,8.5,8.81,-0.22,0.05,-0.2,0.0,i-love-you
3037.0,3414.0,2935.0,4095.0,4095.0,2529.0,3088.0,4095.0,-2.63,8.48,8.63,-0.04,0.04,0.03,0.0,i-love-you
3034.0,3393.0,2923.0,4095.0,4095.0,2527.0,3071.0,4095.0,-2.33,8.62,8.15,0.03,0.01,-0.07,0.0,i-love-you
3035.0,3408.0,2933.0,4095.0,4095.0,2522.0,3088.0,4095.0,-2.35,8.72,8.06,0.06,0.02,-0.09,0.0,i-love-you
3031.0,3397.0,2926.0,4095.0,4095.0,2534.0,3088.0,4095.0,-2.37,8.73,8.26,0.04,-0.03,-0.11,0.0,i-love-you
3033.0,3399.0,2928.0,4095.0,4095.0,2528.0,3088.0,4095.0,-1.71,8.99,7.7,0.05,-0.01,-0.1,0.0,i-love-you
3049.0,3408.0,2943.0,4095.0,4095.0,2531.0,3092.0,4095.0,-1.81,9.02,7.61,0.06,-0.11,-0.23,0.0,i-love-you
3035.0,3391.0,2919.0,4095.0,4095.0,2518.0,3087.0,4095.0,-2.22,8.89,7.98,-0.03,-0.22,-0.28,0.0,i-love-you
3036.0,3398.0,2931.0,4095.0,4095.0,2529.0,3091.0,4095.0,-2.54,8.94,7.86,0.04,-0.13,-0.17,0.0,i-love-you
3024.0,3385.0,2927.0,4095.0,4095.0,2525.0,3086.0,4095.0,-1.84,8.92,7.89,-0.01,0.03,-0.12,0.0,i-love-you
3042.0,3403.0,2935.0,4095.0,4095.0,2525.0,3091.0,4095.0,-1.75,8.93,7.77,-0.01,-0.11,-0.29,0.0,i-love-you
3035.0,3397.0,2935.0,4095.0,4095.0,2528.0,3094.0,4095.0,-2.44,8.86,7.98,-0.05,-0.11,-0.33,0.0,i-love-you
3034.0,3381.0,2923.0,4095.0,4095.0,2529.0,3089.0,4095.0,-2.51,8.77,7.61,-0.13,-0.02,-0.27,0.0,i-love-you
3039.0,3408.0,2929.0,4095.0,4095.0,2529.0,3094.0,4095.0,-2.33,8.77,7.88,-0.31,-0.07,-0.29,0.0,i-love-you
3033.0,3376.0,2928.0,4095.0,4095.0,2524.0,3099.0,4095.0,-2.33,8.31,8.61,-0.49,0.07,-0.14,0.0,i-love-you
3045.0,3387.0,2938.0,4095.0,4095.0,2531.0,3098.0,4095.0,-2.15,8.01,10.05,-0.3,0.33,-0.03,0.0,i-love-you
3019.0,3383.0,2923.0,4095.0,4095.0,2533.0,3095.0,4095.0,-2.43,8.01,9.53,0.05,-0.08,-0.27,0.0,i-love-you
3037.0,3398.0,2942.0,4095.0,4095.0,2538.0,3104.0,4095.0,-3.15,8.23,8.85,0.07,-0.01,-0.19,0.0,i-love-you
3031.0,3379.0,2929.0,4095.0,4095.0,2527.0,3099.0,4095.0,-2.72,8.38,9.0,0.16,0.02,-0.08,0.0,i-love-you
3025.0,3376.0,2928.0,4095.0,4095.0,2532.0,3113.0,4095.0,-2.24,8.37,8.81,0.16,0.05,0.01,0.0,i-love-you
3024.0,3380.0,2929.0,4095.0,4095.0,2521.0,3099.0,4095.0,-3.17,8.48,8.52,0.27,0.04,0.01,0.0,i-love-you
3034.0,3379.0,2934.0,4095.0,4095.0,2531.0,3106.0,4095.0,-2.36,8.67,8.01,0.24,0.04,0.12,0.0,i-love-you
3024.0,3391.0,2935.0,4095.0,4095.0,2527.0,3097.0,4095.0,-1.59,8.95,7.98,0.1,0.09,0.08,0.0,i-love-you
3025.0,3378.0,2931.0,4095.0,4095.0,2533.0,3101.0,4095.0,-1.63,8.88,8.13,0.06,0.05,0.03,0.0,i-love-you
3043.0,3383.0,2928.0,4095.0,4095.0,2527.0,3106.0,4095.0,-2.23,8.85,8.37,-0.04,0.39,0.43,0.0,i-love-you
3035.0,3380.0,2928.0,4095.0,4095.0,2531.0,3117.0,4095.0,-0.93,8.95,8.43,-0.34,-0.15,-0.04,0.0,i-love-you
3036.0,3377.0,2945.0,4095.0,4095.0,2530.0,3114.0,4095.0,-0.66,8.8,9.07,-0.13,-0.03,-0.06,0.0,i-love-you
3038.0,3357.0,2928.0,4095.0,4095.0,2528.0,3111.0,4095.0,-0.02,8.84,8.5,-0.07,-0.13,-0.15,0.0,i-love-you
3041.0,3402.0,2931.0,4095.0,4095.0,2535.0,3118.0,4095.0,-0.64,8.94,8.36,-0.08,-0.04,-0.21,0.0,i-love-you
3038.0,3370.0,2942.0,4095.0,4095.0,2535.0,3119.0,4095.0,-0.76,8.93,8.54,-0.12,-0.01,-0.09,0.0,i-love-you
3026.0,3379.0,2930.0,4095.0,4095.0,2529.0,3116.0,4095.0,-0.4,8.89,8.41,-0.24,-0.07,-0.09,0.0,i-love-you
3052.0,3376.0,2942.0,4095.0,4095.0,2532.0,3127.0,4095.0,-0.75,8.83,8.74,-0.12,-0.23,-0.1,0.0,i-love-you
3041.0,3347.0,2927.0,4095.0,4095.0,2530.0,3120.0,4095.0,-0.37,8.69,8.5,-0.2,-0.41,-0.13,0.0,i-love-you
3033.0,3364.0,2928.0,4095.0,4095.0,2528.0,3125.0,4095.0,1.25,8.22,9.67,-0.49,0.24,-0.08,0.0,i-love-you
3038.0,3369.0,2928.0,4095.0,4095.0,2522.0,3124.0,4095.0,-0.57,7.81,11.01,-0.28,-0.02,-0.42,0.0,i-love-you
3035.0,3371.0,2931.0,4095.0,4095.0,2535.0,3134.0,4095.0,-0.59,8.21,9.4,-0.2,-0.1,-0.38,0.0,i-love-you
3029.0,3371.0,2935.0,4095.0,4095.0,2530.0,3127.0,4095.0,-0.41,7.8,9.67,-0.72,0.1,0.04,0.0,i-love-you
3024.0,3376.0,2922.0,4095.0,4095.0,2535.0,3143.0,4095.0,0.5,7.22,11.6,-0.56,0.32,-0.25,0.0,i-love-you
3027.0,3366.0,2921.0,4095.0,4095.0,2531.0,3137.0,4095.0,-1.2,6.12,13.97,-0.18,0.1,-0.25,0.0,i-love-you
3034.0,3390.0,2928.0,4095.0,4095.0,2534.0,3138.0,4095.0,-0.77,6.64,12.05,0.86,0.04,-0.12,0.0,i-love-you
3038.0,3383.0,2930.0,4095.0,4095.0,2525.0,3120.0,4095.0,-1.19,7.34,10.31,1.08,-0.06,-0.13,0.0,i-love-you
3029.0,3381.0,2927.0,4095.0,4095.0,2526.0,3120.0,4095.0,-0.23,8.51,8.27,0.78,-0.06,-0.19,0.0,i-love-you
3031.0,3390.0,2933.0,4095.0,4095.0,2533.0,3127.0,4095.0,-1.74,8.6,9.23,0.52,-0.03,0.15,0.0,i-love-you
3024.0,3377.0,2928.0,4095.0,4095.0,2529.0,3126.0,4095.0,0.61,8.77,6.63,0.94,0.3,-0.08,0.0,i-love-you
3031.0,3392.0,2930.0,4095.0,4095.0,2538.0,3132.0,4095.0,-0.43,9.25,7.05,0.16,0.21,-0.32,0.0,i-love-you
3035.0,3477.0,2923.0,4095.0,4095.0,2614.0,3106.0,4095.0,-1.63,9.52,6.23,-0.07,-0.03,-0.08,0.0,i-love-you
3031.0,3471.0,2923.0,4095.0,4095.0,2611.0,3108.0,4095.0,-1.64,9.48,6.42,0.03,-0.24,-0.17,0.0,i-love-you
3034.0,3491.0,2928.0,4095.0,4095.0,2621.0,3105.0,4095.0,-1.92,9.42,6.39,0.02,-0.01,-0.21,0.0,i-love-you
3023.0,3490.0,2930.0,4095.0,4095.0,2625.0,3115.0,4095.0,-1.88,9.46,6.19,0.03,0.03,-0.15,0.0,i-love-you
3031.0,3479.0,2926.0,4095.0,4095.0,2624.0,3111.0,4095.0,-1.53,9.48,6.27,-0.01,-0.08,-0.21,0.0,i-love-you
3029.0,3496.0,2933.0,4095.0,4095.0,2628.0,3113.0,4095.0,-1.76,9.44,6.39,0.03,-0.14,-0.28,0.0,i-love-you
3024.0,3481.0,2928.0,4095.0,4095.0,2624.0,3113.0,4095.0,-2.28,9.31,6.58,0.0,-0.08,-0.31,0.0,i-love-you
3039.0,3491.0,2924.0,4095.0,4095.0,2624.0,3109.0,4095.0,-2.04,9.42,6.29,0.05,-0.03,-0.22,0.0,i-love-you
3027.0,3487.0,2919.0,4095.0,4095.0,2619.0,3104.0,4095.0,-2.25,9.44,6.23,0.03,0.0,-0.14,0.0,i-love-you
3050.0,3504.0,2927.0,4095.0,4095.0,2545.0,3115.0,4095.0,-2.11,9.36,6.33,-0.08,0.0,0.0,0.0,i-love-you
3039.0,3483.0,2926.0,4095.0,4095.0,2552.0,3103.0,4095.0,-1.77,9.39,6.63,-0.02,0.04,-0.08,0.0,i-love-you
3041.0,3494.0,2922.0,4095.0,4095.0,2559.0,3117.0,4095.0,-1.57,9.43,6.46,-0.0,0.03,-0.18,0.0,i-love-you
3036.0,3479.0,2929.0,4095.0,4095.0,2559.0,3112.0,4095.0,-2.17,9.39,6.48,0.06,-0.12,-0.24,0.0,i-love-you
3035.0,3492.0,2927.0,4095.0,4095.0,2559.0,3105.0,4095.0,-2.28,9.33,6.28,0.04,0.04,-0.12,0.0,i-love-you
3042.0,3490.0,2928.0,4095.0,4095.0,2547.0,3106.0,4095.0,-2.05,9.38,6.54,0.01,-0.03,-0.15,0.0,i-love-you
3029.0,3496.0,2926.0,4095.0,4095.0,2551.0,3102.0,4095.0,-1.96,9.52,5.93,-0.05,-0.06,-0.05,0.0,i-love-you
3042.0,3504.0,2923.0,4095.0,4095.0,2559.0,3111.0,4095.0,-0.78,9.5,6.25,-0.29,0.03,-0.09,0.0,i-love-you
3033.0,3488.0,2928.0,4095.0,4095.0,2559.0,3113.0,4095.0,-2.54,9.0,7.77,-0.22,-0.1,-0.37,0.0,i-love-you
3034.0,3491.0,2933.0,4095.0,4095.0,2559.0,3116.0,4095.0,-2.33,9.12,6.9,0.03,0.04,-0.05,0.0,i-love-you
3020.0,3484.0,2933.0,4095.0,4095.0,2559.0,3113.0,4095.0,-1.54,9.38,7.03,-0.12,0.18,0.05,0.0,i-love-you
3034.0,3439.0,2931.0,4095.0,4095.0,2525.0,2998.0,4095.0,-1.9,9.5,5.72,0.0,0.0,-0.12,0.0,i-love-you
3024.0,3440.0,2919.0,4095.0,4095.0,2531.0,3010.0,4095.0,-1.75,9.57,5.57,-0.01,0.0,-0.13,0.0,i-love-you
3039.0,3450.0,2937.0,4095.0,4095.0,2529.0,3014.0,4095.0,-2.02,9.5,5.85,0.06,0.05,-0.15,0.0,i-love-you
3024.0,3440.0,2928.0,4095.0,4095.0,2532.0,3015.0,4095.0,-2.03,9.67,5.04,-0.0,-0.01,-0.15,0.0,i-love-you
3024.0,3436.0,2937.0,4095.0,4095.0,2539.0,3020.0,4095.0,-1.68,9.49,5.9,-0.12,0.06,-0.16,0.0,i-love-you
3037.0,3440.0,2922.0,4095.0,4095.0,2530.0,3021.0,4095.0,-1.93,9.54,5.84,-0.05,-0.06,-0.24,0.0,i-love-you
3038.0,3454.0,2943.0,4095.0,4095.0,2533.0,3024.0,4095.0,-2.01,9.44,6.02,-0.05,-0.1,-0.24,0.0,i-love-you
3023.0,3442.0,2921.0,4095.0,4095.0,2531.0,3024.0,4095.0,-2.22,9.46,5.9,-0.02,-0.09,-0.23,0.0,i-love-you
3034.0,3440.0,2928.0,4095.0,4095.0,2540.0,3039.0,4095.0,-2.08,9.45,5.92,-0.06,-0.03,-0.17,0.0,i-love-you
3029.0,3438.0,2931.0,4095.0,4095.0,2531.0,3024.0,4095.0,-1.97,9.34,6.22,-0.03,-0.12,-0.18,0.0,i-love-you
3041.0,3443.0,2926.0,4095.0,4095.0,2543.0,3038.0,4095.0,-2.15,9.42,6.15,0.0,-0.06,-0.23,0.0,i-love-you
3020.0,3427.0,2918.0,4095.0,4095.0,2537.0,3025.0,4095.0,-2.24,9.4,6.08,-0.02,-0.14,-0.22,0.0,i-love-you
3043.0,3456.0,2943.0,4095.0,4095.0,2542.0,3035.0,4095.0,-2.24,9.38,6.02,-0.08,-0.08,-0.27,0.0,i-love-you
3034.0,3440.0,2928.0,4095.0,4095.0,2547.0,3042.0,4095.0,-2.53,9.25,6.45,-0.08,-0.03,-0.21,0.0,i-love-you
3024.0,3438.0,2928.0,4095.0,4095.0,2541.0,3035.0,4095.0,-1.69,9.2,6.67,-0.2,-0.1,-0.26,0.0,i-love-you
3024.0,3441.0,2919.0,4095.0,4095.0,2544.0,3047.0,4095.0,-3.27,8.96,6.87,-0.09,-0.12,-0.28,0.0,i-love-you
3024.0,3451.0,2919.0,4095.0,4095.0,2540.0,3033.0,4095.0,-2.87,9.03,7.11,-0.09,0.01,-0.15,0.0,i-love-you
3037.0,3457.0,2934.0,4095.0,4095.0,2549.0,3045.0,4095.0,-2.38,9.09,6.9,-0.03,-0.02,-0.18,0.0,i-love-you
3033.0,3435.0,2919.0,4095.0,4095.0,2541.0,3033.0,4095.0,-2.74,9.07,6.94,-0.07,-0.05,-0.19,0.0,i-love-you
3034.0,3443.0,2928.0,4095.0,4095.0,2547.0,3050.0,4095.0,-2.6,8.94,7.38,-0.03,-0.01,-0.15,0.0,i-love-you
3040.0,3466.0,2934.0,4095.0,4095.0,2557.0,3054.0,4095.0,-2.56,8.78,8.11,-0.01,-0.04,-0.13,0.0,i-love-you
3031.0,3441.0,2915.0,4095.0,4095.0,2551.0,3049.0,4095.0,-2.38,8.97,7.3,0.13,-0.14,-0.23,0.0,i-love-you
3036.0,3470.0,2935.0,4095.0,4095.0,2558.0,3059.0,4095.0,-2.95,8.93,7.35,0.01,0.01,-0.24,0.0,i-love-you
3039.0,3439.0,2922.0,4095.0,4095.0,2544.0,3046.0,4095.0,-3.0,8.85,7.54,0.04,-0.02,-0.15,0.0,i-love-you
3032.0,3447.0,2929.0,4095.0,4095.0,2558.0,3060.0,4095.0,-2.59,9.05,6.99,0.03,-0.0,-0.14,0.0,i-love-you
3023.0,3453.0,2921.0,4095.0,4095.0,2549.0,3047.0,4095.0,-2.86,8.88,7.37,-0.07,0.04,-0.13,0.0,i-love-you
3031.0,3458.0,2929.0,4095.0,4095.0,2559.0,3058.0,4095.0,-2.92,8.84,7.77,-0.06,-0.02,-0.04,0.0,i-love-you
3026.0,3440.0,2911.0,4095.0,4095.0,2550.0,3052.0,4095.0,-2.27,8.93,7.58,0.05,0.12,-0.03,0.0,i-love-you
3049.0,3472.0,2921.0,4095.0,4095.0,2556.0,3056.0,4095.0,-1.83,9.03,7.29,-0.1,-0.01,-0.01,0.0,i-love-you
3024.0,3456.0,2938.0,4095.0,4095.0,2551.0,3058.0,4095.0,-2.56,8.88,7.57,-0.02,-0.04,-0.2,0.0,i-love-you
3025.0,3456.0,2928.0,4095.0,4095.0,2550.0,3056.0,4095.0,-2.38,8.93,7.66,0.01,-0.03,-0.13,0.0,i-love-you
3027.0,3463.0,2928.0,4095.0,4095.0,2551.0,3060.0,4095.0,-2.46,8.93,7.61,0.03,0.03,-0.18,0.0,i-love-you
3023.0,3457.0,2915.0,4095.0,4095.0,2546.0,3051.0,4095.0,-2.72,8.9,7.72,0.08,0.04,-0.13,0.0,i-love-you
3024.0,3471.0,2933.0,4095.0,4095.0,2549.0,3057.0,4095.0,-2.26,9.01,7.32,0.16,0.05,-0.1,0.0,i-love-you
3026.0,3446.0,2917.0,4095.0,4095.0,2550.0,3056.0,4095.0,-2.39,9.09,7.03,0.09,0.01,-0.14,0.0,i-love-you
3028.0,3467.0,2935.0,4095.0,4095.0,2557.0,3063.0,4095.0,-2.46,9.12,7.24,0.04,-0.05,-0.12,0.0,i-love-you
3030.0,3447.0,2925.0,4095.0,4095.0,2558.0,3058.0,4095.0,-2.81,9.01,7.53,0.12,0.02,-0.06,0.0,i-love-you
3024.0,3462.0,2928.0,4095.0,4095.0,2559.0,3067.0,4095.0,-2.45,9.13,7.12,0.18,0.07,0.04,0.0,i-love-you
3024.0,3447.0,2931.0,4095.0,4095.0,2550.0,3056.0,4095.0,-2.03,9.29,6.85,0.17,0.06,0.09,0.0,i-love-you
3040.0,3455.0,2931.0,4095.0,4095.0,2552.0,3060.0,4095.0,-1.67,9.44,6.46,0.14,0.07,0.04,0.0,i-love-you
3031.0,3461.0,2930.0,4095.0,4095.0,2559.0,3070.0,4095.0,-0.48,9.39,7.11,-0.15,-0.07,-0.03,0.0,i-love-you
3030.0,3451.0,2914.0,4095.0,4095.0,2551.0,3061.0,4095.0,-0.12,9.41,7.47,-0.12,-0.08,-0.03,0.0,i-love-you
3024.0,3455.0,2933.0,4095.0,4095.0,2559.0,3071.0,4095.0,-0.21,9.36,7.4,-0.12,0.01,-0.07,0.0,i-love-you
3033.0,3455.0,2922.0,4095.0,4095.0,2555.0,3059.0,4095.0,-0.12,9.3,7.71,-0.07,-0.01,-0.12,0.0,i-love-you
3033.0,3456.0,2931.0,4095.0,4095.0,2559.0,3070.0,4095.0,-0.1,9.32,7.6,-0.03,-0.1,-0.16,0.0,i-love-you
3025.0,3461.0,2917.0,4095.0,4095.0,2554.0,3065.0,4095.0,-0.28,9.34,7.52,-0.02,0.07,-0.14,0.0,i-love-you
3023.0,3455.0,2930.0,4095.0,4095.0,2559.0,3060.0,4095.0,-0.23,9.26,7.74,0.01,0.07,-0.17,0.0,i-love-you
3040.0,3451.0,2931.0,4095.0,4095.0,2555.0,3071.0,4095.0,-0.21,9.3,7.6,0.02,-0.06,-0.2,0.0,i-love-you
3024.0,3453.0,2915.0,4095.0,4095.0,2550.0,3066.0,4095.0,-0.44,9.4,7.33,-0.0,-0.07,-0.19,0.0,i-love-you
3027.0,3457.0,2934.0,4095.0,4095.0,2557.0,3070.0,4095.0,-0.49,9.3,7.52,-0.08,0.03,-0.18,0.0,i-love-you
3042.0,3443.0,2927.0,4095.0,4095.0,2557.0,3067.0,4095.0,-0.42,9.31,7.64,-0.17,0.04,-0.19,0.0,i-love-you
3039.0,3458.0,2926.0,4095.0,4095.0,2551.0,3066.0,4095.0,-0.4,9.09,8.15,-0.16,-0.08,-0.21,0.0,i-love-you
3024.0,3441.0,2928.0,4095.0,4095.0,2554.0,3067.0,4095.0,-0.49,9.08,8.27,-0.1,-0.04,-0.24,0.0,i-love-you
3046.0,3455.0,2928.0,4095.0,4095.0,2559.0,3070.0,4095.0,-0.68,9.06,8.22,-0.07,-0.05,-0.24,0.0,i-love-you
3030.0,3451.0,2931.0,4095.0,4095.0,2551.0,3067.0,4095.0,-0.69,9.02,8.38,-0.03,0.03,-0.24,0.0,i-love-you
3034.0,3439.0,2939.0,4095.0,4095.0,2559.0,3069.0,4095.0,-0.59,8.96,8.39,-0.02,-0.08,-0.3,0.0,i-love-you
3029.0,3449.0,2933.0,4095.0,4095.0,2559.0,3068.0,4095.0,-0.83,8.96,8.26,-0.01,-0.09,-0.35,0.0,i-love-you
3029.0,3445.0,2933.0,4095.0,4095.0,2559.0,3068.0,4095.0,-1.24,8.91,8.43,-0.02,-0.01,-0.29,0.0,i-love-you
3035.0,3440.0,2927.0,4095.0,4095.0,2559.0,3071.0,4095.0,-1.2,8.92,8.39,-0.01,-0.02,-0.25,0.0,i-love-you
3027.0,3435.0,2928.0,4095.0,4095.0,2547.0,3063.0,4095.0,-1.2,8.87,8.46,-0.03,-0.04,-0.24,0.0,i-love-you
3039.0,3453.0,2929.0,4095.0,4095.0,2559.0,3083.0,4095.0,-2.34,8.44,8.64,0.12,0.0,-0.27,0.0,i-love-you
3028.0,3441.0,2934.0,4095.0,4095.0,2558.0,3071.0,4095.0,-2.7,8.47,8.46,0.13,0.0,-0.29,0.0,i-love-you
3029.0,3457.0,2930.0,4095.0,4095.0,2559.0,3066.0,4095.0,-2.85,8.52,8.28,0.19,0.03,-0.27,0.0,i-love-you
3024.0,3462.0,2919.0,4095.0,4095.0,2557.0,3063.0,4095.0,-2.98,8.51,8.07,0.18,-0.01,-0.25,0.0,i-love-you
3038.0,3442.0,2929.0,4095.0,4095.0,2559.0,3079.0,4095.0,-2.87,8.6,7.8,0.11,-0.09,-0.24,0.0,i-love-you
3035.0,3440.0,2937.0,4095.0,4095.0,2555.0,3081.0,4095.0,-3.27,8.57,7.92,0.06,0.01,-0.2,0.0,i-love-you
3024.0,3446.0,2931.0,4095.0,4095.0,2559.0,3071.0,4095.0,-3.17,8.56,7.92,0.09,0.02,-0.12,0.0,i-love-you
3025.0,3441.0,2923.0,4095.0,4095.0,2559.0,3082.0,4095.0,-2.8,8.62,7.87,0.09,0.01,-0.15,0.0,i-love-you
3026.0,3445.0,2928.0,4095.0,4095.0,2559.0,3071.0,4095.0,-2.99,8.63,7.68,0.13,0.02,-0.19,0.0,i-love-you
3030.0,3447.0,2927.0,4095.0,4095.0,2559.0,3071.0,4095.0,-3.22,8.72,7.54,0.15,0.05,-0.19,0.0,i-love-you
3041.0,3441.0,2941.0,4095.0,4095.0,2559.0,3069.0,4095.0,-3.22,8.7,7.45,0.14,0.07,-0.15,0.0,i-love-you
3039.0,3455.0,2935.0,4095.0,4095.0,2559.0,3071.0,4095.0,-3.29,8.77,7.35,0.12,0.03,-0.12,0.0,i-love-you
3027.0,3445.0,2928.0,4095.0,4095.0,2559.0,3071.0,4095.0,-3.3,8.83,7.25,0.17,0.08,-0.12,0.0,i-love-you
3034.0,3445.0,2926.0,4095.0,4095.0,2559.0,3087.0,4095.0,-3.05,8.8,7.44,0.2,0.07,-0.08,0.0,i-love-you
3027.0,3440.0,2934.0,4095.0,4095.0,2559.0,3069.0,4095.0,-3.38,8.79,7.26,0.32,0.17,-0.05,0.0,i-love-you
3039.0,3450.0,2928.0,4095.0,4095.0,2559.0,3090.0,4095.0,-3.06,9.02,6.32,0.34,0.18,-0.01,0.0,i-love-you
3018.0,3439.0,2919.0,4095.0,4095.0,2559.0,3088.0,4095.0,-2.64,9.27,5.75,0.24,0.18,0.02,0.0,i-love-you
3040.0,3445.0,2921.0,4095.0,4095.0,2581.0,3090.0,4095.0,-2.79,9.4,5.67,0.13,0.09,-0.01,0.0,i-love-you
3027.0,3450.0,2924.0,4095.0,4095.0,2559.0,3070.0,4095.0,-2.72,9.36,5.53,0.12,0.02,-0.08,0.0,i-love-you
3021.0,3446.0,2927.0,4095.0,4095.0,2580.0,3085.0,4095.0,-2.55,9.37,5.47,0.05,0.09,-0.01,0.0,i-love-you
3037.0,3440.0,2928.0,4095.0,4095.0,2580.0,3071.0,4095.0,-2.3,9.65,5.16,-0.03,-0.05,-0.1,0.0,i-love-you
3030.0,3449.0,2937.0,4095.0,4095.0,2559.0,3082.0,4095.0,-2.02,9.6,5.6,0.04,0.02,-0.15,0.0,i-love-you
3024.0,3441.0,2925.0,4095.0,4095.0,2579.0,3085.0,4095.0,-1.99,9.74,5.06,-0.01,-0.11,-0.16,0.0,i-love-you
3043.0,3450.0,2929.0,4095.0,4095.0,2585.0,3089.0,4095.0,-1.92,9.67,5.12,-0.16,0.01,-0.0,0.0,i-love-you
3024.0,3441.0,2932.0,4095.0,4095.0,2559.0,3083.0,4095.0,-1.16,9.56,5.7,-0.26,0.02,0.01,0.0,i-love-you
3030.0,3463.0,2941.0,4095.0,4095.0,2559.0,3085.0,4095.0,-1.34,9.61,6.01,-0.23,0.17,-0.04,0.0,i-love-you
3049.0,3450.0,2928.0,4095.0,4095.0,2581.0,3085.0,4095.0,-1.47,9.53,6.43,-0.24,-0.04,-0.06,0.0,i-love-you
3037.0,3444.0,2927.0,4095.0,4095.0,2581.0,3079.0,4095.0,-1.0,9.48,6.73,-0.22,0.05,-0.02,0.0,i-love-you
3041.0,3472.0,2928.0,4095.0,4095.0,2583.0,3082.0,4095.0,-1.1,9.41,6.99,-0.14,-0.04,-0.08,0.0,i-love-you
3041.0,3451.0,2925.0,4095.0,4095.0,2559.0,3071.0,4095.0,-1.02,9.44,6.88,-0.1,-0.13,-0.13,0.0,i-love-you
3035.0,3469.0,2928.0,4095.0,4095.0,2559.0,3071.0,4095.0,-0.93,9.55,6.52,-0.17,-0.05,-0.14,0.0,i-love-you
3017.0,3452.0,2925.0,4095.0,4095.0,2559.0,3079.0,4095.0,-1.07,9.26,7.35,-0.25,-0.1,-0.16,0.0,i-love-you
3039.0,3452.0,2926.0,4095.0,4095.0,2581.0,3088.0,4095.0,-1.02,9.15,7.74,-0.2,0.01,-0.07,0.0,i-love-you
3033.0,3441.0,2928.0,4095.0,4095.0,2559.0,3071.0,4095.0,-0.42,9.31,7.42,-0.27,-0.06,-0.2,0.0,i-love-you
3047.0,3457.0,2921.0,4095.0,4095.0,2583.0,3088.0,4095.0,-0.89,8.98,8.46,-0.24,-0.19,-0.17,0.0,i-love-you
3033.0,3455.0,2919.0,4095.0,4095.0,2559.0,3087.0,4095.0,-0.81,9.02,8.27,-0.15,-0.26,-0.19,0.0,i-love-you
3030.0,3454.0,2928.0,4095.0,4095.0,2559.0,3082.0,4095.0,-0.68,8.98,8.36,-0.08,-0.24,-0.24,0.0,i-love-you
3023.0,3452.0,2923.0,4095.0,4095.0,2559.0,3088.0,4095.0,-0.58,8.91,8.55,-0.04,-0.22,-0.19,0.0,i-love-you
3025.0,3451.0,2922.0,4095.0,4095.0,2559.0,3083.0,4095.0,-0.66,8.81,8.88,0.06,-0.06,-0.21,0.0,i-love-you
3030.0,3458.0,2927.0,4095.0,4095.0,2582.0,3088.0,4095.0,-1.25,8.7,9.36,0.31,0.2,-0.07,0.0,i-love-you
3029.0,3519.0,2933.0,4095.0,4095.0,2531.0,3011.0,4095.0,-2.98,9.4,4.15,-0.02,-0.05,0.02,0.0,i-love-you
3024.0,3514.0,2928.0,4095.0,4095.0,2535.0,3019.0,4095.0,-2.83,9.52,4.13,-0.11,0.26,0.05,0.0,i-love-you
3038.0,3521.0,2923.0,4095.0,4095.0,2538.0,3026.0,4095.0,-2.19,9.53,4.3,-0.14,0.2,0.16,0.0,i-love-you
3034.0,3495.0,2928.0,4095.0,4095.0,2544.0,3036.0,4095.0,-1.84,9.67,4.77,-0.18,0.08,0.14,0.0,i-love-you
3024.0,3515.0,2925.0,4095.0,4095.0,2545.0,3043.0,4095.0,-1.46,9.69,4.68,-0.14,-0.15,-0.05,0.0,i-love-you
3031.0,3492.0,2919.0,4095.0,4095.0,2543.0,3042.0,4095.0,-1.47,9.68,4.75,-0.19,-0.15,-0.02,0.0,i-love-you
3035.0,3506.0,2918.0,4095.0,4095.0,2545.0,3056.0,4095.0,-1.13,9.83,5.09,-0.15,-0.03,-0.05,0.0,i-love-you
3021.0,3475.0,2923.0,4095.0,4095.0,2543.0,3059.0,4095.0,-1.65,9.64,5.72,-0.03,-0.01,-0.18,0.0,i-love-you
3037.0,3481.0,2933.0,4095.0,4095.0,2551.0,3063.0,4095.0,-1.55,9.71,5.06,-0.02,0.02,-0.1,0.0,i-love-you
3017.0,3464.0,2923.0,4095.0,4095.0,2548.0,3069.0,4095.0,-1.36,9.72,5.23,-0.07,-0.02,-0.14,0.0,i-love-you
3035.0,3466.0,2926.0,4095.0,4095.0,2548.0,3066.0,4095.0,-1.48,9.67,5.56,-0.04,-0.06,-0.18,0.0,i-love-you
3028.0,3481.0,2925.0,4095.0,4095.0,2554.0,3071.0,4095.0,-1.33,9.72,5.26,-0.04,-0.04,-0.15,0.0,i-love-you
3028.0,3481.0,2926.0,4095.0,4095.0,2549.0,3071.0,4095.0,-1.53,9.75,5.67,-0.11,-0.07,-0.14,0.0,i-love-you
3024.0,3465.0,2920.0,4095.0,4095.0,2555.0,3084.0,4095.0,-1.33,9.65,5.87,-0.05,-0.07,-0.17,0.0,i-love-you
3024.0,3463.0,2917.0,4095.0,4095.0,2549.0,3069.0,4095.0,-1.53,9.59,5.85,-0.05,-0.1,-0.18,0.0,i-love-you
3049.0,3474.0,2926.0,4095.0,4095.0,2559.0,3088.0,4095.0,-1.54,9.6,5.88,-0.05,-0.01,-0.12,0.0,i-love-you
3030.0,3443.0,2916.0,4095.0,4095.0,2546.0,3079.0,4095.0,-1.22,9.63,5.91,-0.06,0.02,-0.15,0.0,i-love-you
3043.0,3454.0,2925.0,4095.0,4095.0,2553.0,3086.0,4095.0,-1.28,9.67,6.05,-0.09,-0.12,-0.15,0.0,i-love-you
3035.0,3437.0,2918.0,4095.0,4095.0,2554.0,3087.0,4095.0,-1.49,9.55,6.12,-0.01,-0.12,-0.22,0.0,i-love-you
3034.0,3445.0,2922.0,4095.0,4095.0,2559.0,3088.0,4095.0,-1.09,9.52,6.17,0.0,-0.08,-0.21,0.0,i-love-you
3038.0,3440.0,2925.0,4095.0,4095.0,2554.0,3090.0,4095.0,-2.93,9.07,6.9,-0.2,-0.29,-0.51,0.0,i-love-you
3034.0,3430.0,2919.0,4095.0,4095.0,2559.0,3105.0,4095.0,-3.27,8.8,8.21,-0.26,-0.09,-0.23,0.0,i-love-you
3024.0,3423.0,2928.0,4095.0,4095.0,2550.0,3091.0,4095.0,-2.43,8.78,8.32,-0.02,0.04,-0.05,0.0,i-love-you
3031.0,3423.0,2928.0,4095.0,4095.0,2559.0,3104.0,4095.0,-2.28,8.93,8.32,0.27,-0.11,-0.18,0.0,i-love-you
3026.0,3413.0,2926.0,4095.0,4095.0,2559.0,3102.0,4095.0,-2.1,8.83,7.94,0.68,-0.07,-0.32,0.0,i-love-you
3024.0,3419.0,2928.0,4095.0,4095.0,2559.0,3108.0,4095.0,-2.32,9.31,5.64,0.55,-0.19,-0.33,0.0,i-love-you
3039.0,3413.0,2928.0,4095.0,4095.0,2559.0,3094.0,4095.0,-3.51,9.25,6.0,0.35,-0.19,-0.35,0.0,i-love-you
3043.0,3422.0,2929.0,4095.0,4095.0,2559.0,3112.0,4095.0,-3.07,9.29,5.93,0.21,-0.11,-0.21,0.0,i-love-you
3035.0,3427.0,2928.0,4095.0,4095.0,2559.0,3109.0,4095.0,-2.41,9.32,5.79,0.13,-0.05,-0.21,0.0,i-love-you
3022.0,3407.0,2927.0,4095.0,4095.0,2559.0,3102.0,4095.0,-3.14,9.26,5.73,0.18,-0.08,-0.2,0.0,i-love-you
3027.0,3409.0,2927.0,4095.0,4095.0,2559.0,3109.0,4095.0,-2.27,9.32,5.39,0.12,-0.14,-0.11,0.0,i-love-you
3025.0,3419.0,2922.0,4095.0,4095.0,2559.0,3099.0,4095.0,-2.86,9.39,5.58,0.12,-0.01,-0.15,0.0,i-love-you
3043.0,3421.0,2922.0,4095.0,4095.0,2559.0,3118.0,4095.0,-2.9,9.42,5.28,0.03,-0.0,-0.19,0.0,i-love-you
3030.0,3414.0,2927.0,4095.0,4095.0,2559.0,3107.0,4095.0,-2.66,9.34,5.54,-0.13,-0.02,-0.27,0.0,i-love-you
3024.0,3411.0,2927.0,4095.0,4095.0,2559.0,3120.0,4095.0,-2.78,9.31,5.41,-0.06,-0.08,-0.27,0.0,i-love-you
3030.0,3408.0,2915.0,4095.0,4095.0,2559.0,3113.0,4095.0,-3.17,9.24,5.37,-0.21,-0.04,-0.25,0.0,i-love-you
3029.0,3408.0,2931.0,4095.0,4095.0,2585.0,3117.0,4095.0,-2.49,8.89,5.39,-0.65,-0.09,-0.37,0.0,i-love-you
3020.0,3409.0,2928.0,4095.0,4095.0,2559.0,3107.0,4095.0,-3.75,8.99,7.15,-0.46,-0.1,-0.28,0.0,i-love-you
3024.0,3408.0,2926.0,4095.0,4095.0,2583.0,3123.0,4095.0,-3.48,8.64,7.64,-0.47,-0.04,-0.15,0.0,i-love-you
3019.0,3407.0,2931.0,4095.0,4095.0,2586.0,3117.0,4095.0,-3.63,8.28,9.3,-0.16,0.03,-0.16,0.0,i-love-you
3030.0,3429.0,2928.0,4095.0,4095.0,2597.0,3121.0,4095.0,-3.03,9.06,6.02,0.09,-0.38,-0.23,0.0,i-love-you
3041.0,3408.0,2923.0,4095.0,4095.0,2583.0,3115.0,4095.0,-3.56,9.1,5.97,0.06,-0.12,-0.32,0.0,i-love-you
3033.0,3431.0,2939.0,4095.0,4095.0,2587.0,3120.0,4095.0,-3.63,8.91,6.01,-0.0,-0.2,-0.31,0.0,i-love-you
3026.0,3411.0,2925.0,4095.0,4095.0,2583.0,3118.0,4095.0,-3.9,8.78,6.47,-0.1,-0.08,-0.19,0.0,i-love-you
3037.0,3415.0,2927.0,4095.0,4095.0,2601.0,3120.0,4095.0,-3.72,8.94,5.97,-0.19,-0.05,-0.1,0.0,i-love-you
3025.0,3401.0,2915.0,4095.0,4095.0,2602.0,3126.0,4095.0,-3.51,8.88,6.58,-0.28,-0.21,-0.28,0.0,i-love-you
3038.0,3403.0,2933.0,4095.0,4095.0,2591.0,3119.0,4095.0,-3.82,8.43,7.85,-0.35,-0.22,-0.03,0.0,i-love-you
3034.0,3411.0,2935.0,4095.0,4095.0,2602.0,3125.0,4095.0,-3.35,8.55,7.92,-0.02,0.16,-0.01,0.0,i-love-you
3031.0,3412.0,2931.0,4095.0,4095.0,2594.0,3120.0,4095.0,-2.71,8.55,7.93,0.22,-0.09,-0.06,0.0,i-love-you
3026.0,3414.0,2933.0,4095.0,4095.0,2599.0,3127.0,4095.0,-3.95,8.63,7.32,0.48,0.62,0.14,0.0,i-love-you
3039.0,3403.0,2922.0,4095.0,4095.0,2587.0,3121.0,4095.0,-2.74,9.3,5.4,0.22,0.07,0.27,0.0,i-love-you
3039.0,3409.0,2928.0,4095.0,4095.0,2598.0,3129.0,4095.0,-2.52,8.97,6.64,0.11,0.32,0.21,0.0,i-love-you
3027.0,3401.0,2925.0,4095.0,4095.0,2594.0,3125.0,4095.0,-2.3,9.23,5.62,0.33,0.11,-0.19,0.0,i-love-you
3037.0,3423.0,2944.0,4095.0,4095.0,2603.0,3130.0,4095.0,-2.93,9.39,5.32,0.13,0.32,-0.01,0.0,i-love-you
3037.0,3399.0,2926.0,4095.0,4095.0,2589.0,3121.0,4095.0,-2.63,9.57,4.96,0.11,0.22,-0.06,0.0,i-love-you
3028.0,3408.0,2931.0,4095.0,4095.0,2606.0,3136.0,4095.0,-2.21,9.45,5.23,0.03,0.11,0.1,0.0,i-love-you
3035.0,3408.0,2923.0,4095.0,4095.0,2604.0,3133.0,4095.0,-2.09,9.58,5.3,-0.07,0.11,-0.04,0.0,i-love-you
3028.0,3409.0,2918.0,4095.0,4095.0,2589.0,3123.0,4095.0,-1.68,9.58,5.05,-0.03,-0.17,-0.18,0.0,i-love-you
3039.0,3402.0,2930.0,4095.0,4095.0,2602.0,3137.0,4095.0,-2.5,9.52,5.2,-0.12,-0.16,-0.2,0.0,i-love-you
3033.0,3390.0,2921.0,4095.0,4095.0,2593.0,3125.0,4095.0,-2.05,9.45,6.06,-0.12,-0.03,-0.13,0.0,i-love-you
3029.0,3402.0,2924.0,4095.0,4095.0,2591.0,3129.0,4095.0,-2.73,9.5,4.5,-0.09,0.05,-0.09,0.0,i-love-you
3024.0,3404.0,2933.0,4095.0,4095.0,2597.0,3133.0,4095.0,-2.58,9.44,4.75,-0.01,-0.08,-0.15,0.0,i-love-you
3033.0,3387.0,2931.0,4095.0,4095.0,2593.0,3123.0,4095.0,-2.75,9.43,4.77,0.03,-0.09,-0.21,0.0,i-love-you
3030.0,3403.0,2928.0,4095.0,4095.0,2603.0,3135.0,4095.0,-2.77,9.41,4.57,0.07,-0.09,-0.19,0.0,i-love-you
3032.0,3407.0,2928.0,4095.0,4095.0,2604.0,3129.0,4095.0,-3.08,9.4,4.79,-0.0,0.04,-0.14,0.0,i-love-you
3031.0,3388.0,2928.0,4095.0,4095.0,2598.0,3126.0,4095.0,-2.49,9.51,4.58,0.01,0.11,-0.08,0.0,i-love-you
3020.0,3391.0,2928.0,4095.0,4095.0,2603.0,3132.0,4095.0,-2.34,9.34,4.92,-0.09,0.09,-0.08,0.0,i-love-you
3018.0,3385.0,2917.0,4095.0,4095.0,2605.0,3132.0,4095.0,-2.45,9.49,4.87,0.07,-0.03,-0.16,0.0,i-love-you
3034.0,3399.0,2925.0,4095.0,4095.0,2607.0,3135.0,4095.0,-2.58,9.52,4.61,0.11,-0.1,-0.2,0.0,i-love-you
3037.0,3407.0,2917.0,4095.0,4095.0,2604.0,3124.0,4095.0,-2.63,9.48,4.67,0.01,-0.15,-0.16,0.0,i-love-you
3042.0,3401.0,2931.0,4095.0,4095.0,2611.0,3139.0,4095.0,-2.61,9.55,4.55,0.03,0.08,-0.14,0.0,i-love-you
3039.0,3397.0,2925.0,4095.0,4095.0,2604.0,3131.0,4095.0,-2.61,9.65,4.33,0.06,-0.01,-0.2,0.0,i-love-you
3027.0,3407.0,2933.0,4095.0,4095.0,2618.0,3143.0,4095.0,-2.56,9.45,5.28,-0.08,0.15,-0.15,0.0,i-love-you
3040.0,3399.0,2923.0,4095.0,4095.0,2607.0,3134.0,4095.0,-2.52,9.56,4.45,0.07,-0.13,-0.2,0.0,i-love-you
3039.0,3405.0,2926.0,4095.0,4095.0,2619.0,3136.0,4095.0,-2.86,9.33,5.32,-0.04,-0.22,-0.13,0.0,i-love-you
3015.0,3391.0,2917.0,4095.0,4095.0,2617.0,3138.0,4095.0,-2.28,9.57,4.56,0.05,-0.03,-0.15,0.0,i-love-you
3037.0,3394.0,2925.0,4095.0,4095.0,2608.0,3136.0,4095.0,-2.55,9.53,4.56,-0.03,-0.14,-0.25,0.0,i-love-you
3024.0,3402.0,2928.0,4095.0,4095.0,2612.0,3138.0,4095.0,-2.84,9.33,5.54,-0.11,-0.01,-0.23,0.0,i-love-you
3023.0,3393.0,2917.0,4095.0,4095.0,2607.0,3131.0,4095.0,-2.89,9.43,4.82,0.1,0.01,-0.18,0.0,i-love-you
3024.0,3396.0,2925.0,4095.0,4095.0,2619.0,3142.0,4095.0,-2.67,9.5,4.98,-0.09,0.06,-0.08,0.0,i-love-you
3039.0,3392.0,2917.0,4095.0,4095.0,2609.0,3138.0,4095.0,-2.96,9.33,5.12,0.03,-0.11,-0.19,0.0,i-love-you
3042.0,3395.0,2922.0,4095.0,4095.0,2619.0,3138.0,4095.0,-2.84,9.39,5.05,0.06,0.04,-0.15,0.0,i-love-you
3035.0,3385.0,2928.0,4095.0,4095.0,2619.0,3139.0,4095.0,-2.66,9.43,4.94,0.03,-0.07,-0.16,0.0,i-love-you
3035.0,3387.0,2934.0,4095.0,4095.0,2621.0,3138.0,4095.0,-2.83,9.43,5.0,0.01,0.0,-0.16,0.0,i-love-you
3047.0,3391.0,2928.0,4095.0,4095.0,2621.0,3146.0,4095.0,-2.51,9.43,4.99,-0.01,-0.01,-0.16,0.0,i-love-you
3018.0,3386.0,2922.0,4095.0,4095.0,2617.0,3136.0,4095.0,-2.8,9.36,5.31,0.02,-0.03,-0.16,0.0,i-love-you
3024.0,3381.0,2935.0,4095.0,4095.0,2622.0,3147.0,4095.0,-2.64,9.4,5.0,0.03,0.01,-0.17,0.0,i-love-you
3024.0,3399.0,2919.0,4095.0,4095.0,2617.0,3138.0,4095.0,-2.78,9.4,4.98,0.02,-0.03,-0.2,0.0,i-love-you
3027.0,3391.0,2925.0,4095.0,4095.0,2618.0,3137.0,4095.0,-2.82,9.36,5.2,-0.0,-0.07,-0.18,0.0,i-love-you
3026.0,3379.0,2913.0,4095.0,4095.0,2619.0,3140.0,4095.0,-2.8,9.36,5.14,0.03,-0.02,-0.18,0.0,i-love-you
3033.0,3393.0,2938.0,4095.0,4095.0,2621.0,3137.0,4095.0,-2.84,9.34,5.2,0.01,-0.05,-0.18,0.0,i-love-you
3026.0,3401.0,2918.0,4095.0,4095.0,2615.0,3136.0,4095.0,-2.94,9.38,5.11,0.01,-0.02,-0.13,0.0,i-love-you
3026.0,3397.0,2938.0,4095.0,4095.0,2619.0,3139.0,4095.0,-2.56,9.35,5.09,0.02,-0.0,-0.16,0.0,i-love-you
3024.0,3379.0,2921.0,4095.0,4095.0,2615.0,3142.0,4095.0,-2.83,9.37,5.1,0.03,-0.08,-0.18,0.0,i-love-you
3030.0,3397.0,2934.0,4095.0,4095.0,2625.0,3149.0,4095.0,-2.99,9.33,5.17,0.03,-0.09,-0.17,0.0,i-love-you
3031.0,3387.0,2926.0,4095.0,4095.0,2624.0,3150.0,4095.0,-2.92,9.37,5.04,0.02,-0.03,-0.16,0.0,i-love-you
3025.0,3391.0,2935.0,4095.0,4095.0,2615.0,3139.0,4095.0,-2.94,9.32,5.18,0.01,0.02,-0.15,0.0,i-love-you
3031.0,3393.0,2927.0,4095.0,4095.0,2624.0,3149.0,4095.0,-2.97,9.32,5.06,0.03,0.01,-0.15,0.0,i-love-you
3030.0,3391.0,2917.0,4095.0,4095.0,2623.0,3142.0,4095.0,-2.93,9.3,5.37,0.01,0.06,-0.13,0.0,i-love-you
3026.0,3401.0,2928.0,4095.0,4095.0,2628.0,3152.0,4095.0,-2.98,9.27,5.26,0.03,0.07,-0.11,0.0,i-love-you
3036.0,3395.0,2935.0,4095.0,4095.0,2603.0,3121.0,4095.0,-3.87,9.17,5.23,0.19,0.23,-0.13,0.0,i-love-you
3034.0,3401.0,2927.0,4095.0,4095.0,2604.0,3118.0,4095.0,-2.65,9.37,4.4,-0.02,0.42,-0.01,0.0,i-love-you
3027.0,3410.0,2928.0,4095.0,4095.0,2612.0,3120.0,4095.0,-2.73,9.43,4.3,0.18,0.14,0.32,0.0,i-love-you
3031.0,3402.0,2928.0,4095.0,4095.0,2607.0,3117.0,4095.0,-1.86,9.49,4.48,-0.18,0.23,0.05,0.0,i-love-you
3043.0,3408.0,2924.0,4095.0,4095.0,2611.0,3134.0,4095.0,-2.71,9.64,4.73,0.13,0.0,0.03,0.0,i-love-you
3025.0,3398.0,2913.0,4095.0,4095.0,2608.0,3123.0,4095.0,-1.77,9.79,4.16,-0.09,0.17,0.02,0.0,i-love-you
3034.0,3410.0,2929.0,4095.0,4095.0,2603.0,3133.0,4095.0,-1.83,9.61,4.42,0.03,-0.03,0.13,0.0,i-love-you
3029.0,3440.0,2928.0,4095.0,4095.0,2582.0,3125.0,4095.0,-1.38,9.39,4.81,-0.34,-0.03,0.09,0.0,i-love-you
3039.0,3453.0,2930.0,4095.0,4095.0,2598.0,3143.0,4095.0,-1.12,9.87,4.52,0.11,-0.05,-0.02,0.0,i-love-you
3024.0,3450.0,2929.0,4095.0,4095.0,2598.0,3134.0,4095.0,-1.34,9.83,4.42,0.02,-0.08,-0.05,0.0,i-love-you
3024.0,3446.0,2933.0,4095.0,4095.0,2602.0,3148.0,4095.0,-0.84,9.87,4.32,-0.1,0.09,0.05,0.0,i-love-you
3026.0,3442.0,2929.0,4095.0,4095.0,2599.0,3143.0,4095.0,-0.41,9.84,4.71,-0.2,-0.11,-0.08,0.0,i-love-you
3024.0,3443.0,2931.0,4095.0,4095.0,2598.0,3151.0,4095.0,-0.87,9.82,5.47,-0.24,-0.05,-0.17,0.0,i-love-you
3037.0,3447.0,2926.0,4095.0,4095.0,2603.0,3152.0,4095.0,-0.69,9.79,5.36,-0.13,-0.04,-0.11,0.0,i-love-you
3036.0,3435.0,2928.0,4095.0,4095.0,2600.0,3152.0,4095.0,-0.88,9.67,5.92,-0.08,0.02,-0.18,0.0,i-love-you
3037.0,3440.0,2928.0,4095.0,4095.0,2607.0,3154.0,4095.0,-0.55,9.8,5.42,-0.07,0.05,-0.19,0.0,i-love-you
3031.0,3439.0,2928.0,4095.0,4095.0,2595.0,3143.0,4095.0,-0.96,9.71,5.9,-0.06,-0.05,-0.2,0.0,i-love-you
3030.0,3431.0,2928.0,4095.0,4095.0,2608.0,3154.0,4095.0,-1.21,9.71,5.81,-0.04,-0.0,-0.13,0.0,i-love-you
3039.0,3439.0,2930.0,4095.0,4095.0,2603.0,3150.0,4095.0,-0.67,9.74,5.57,-0.18,0.08,-0.08,0.0,i-love-you
3045.0,3439.0,2929.0,4095.0,4095.0,2606.0,3153.0,4095.0,-0.64,9.64,6.3,-0.22,-0.02,-0.04,0.0,i-love-you
3030.0,3425.0,2930.0,4095.0,4095.0,2602.0,3166.0,4095.0,-1.04,9.48,6.76,-0.04,-0.06,-0.24,0.0,i-love-you
3042.0,3409.0,2929.0,4095.0,4095.0,2603.0,3163.0,4095.0,-0.97,9.51,6.58,0.02,-0.18,-0.34,0.0,i-love-you
3035.0,3432.0,2919.0,4095.0,4095.0,2606.0,3168.0,4095.0,-1.67,9.46,6.73,0.06,-0.11,-0.33,0.0,i-love-you
3025.0,3418.0,2924.0,4095.0,4095.0,2607.0,3165.0,4095.0,-1.54,9.42,6.69,0.05,0.02,-0.22,0.0,i-love-you
3026.0,3413.0,2929.0,4095.0,4095.0,2608.0,3175.0,4095.0,-1.13,9.47,6.5,0.06,-0.12,-0.27,0.0,i-love-you
3023.0,3409.0,2915.0,4095.0,4095.0,2608.0,3168.0,4095.0,-1.64,9.43,6.39,0.03,-0.17,-0.35,0.0,i-love-you
3037.0,3422.0,2927.0,4095.0,4095.0,2612.0,3167.0,4095.0,-1.84,9.46,6.45,-0.01,-0.16,-0.28,0.0,i-love-you
3031.0,3406.0,2918.0,4095.0,4095.0,2607.0,3170.0,4095.0,-2.0,9.39,6.7,0.02,-0.11,-0.32,0.0,i-love-you
3027.0,3421.0,2933.0,4095.0,4095.0,2607.0,3162.0,4095.0,-2.11,9.29,6.78,0.04,-0.08,-0.31,0.0,i-love-you
3039.0,3424.0,2931.0,4095.0,4095.0,2609.0,3170.0,4095.0,-2.02,9.3,6.62,0.08,-0.21,-0.29,0.0,i-love-you
3030.0,3418.0,2926.0,4095.0,4095.0,2609.0,3169.0,4095.0,-2.17,9.28,6.55,0.08,-0.21,-0.26,0.0,i-love-you
3035.0,3425.0,2941.0,4095.0,4095.0,2606.0,3170.0,4095.0,-2.61,9.27,6.6,0.12,-0.03,-0.23,0.0,i-love-you
3035.0,3424.0,2933.0,4095.0,4095.0,2602.0,3162.0,4095.0,-2.56,9.33,6.3,0.08,-0.03,-0.11,0.0,i-love-you
3035.0,3429.0,2929.0,4095.0,4095.0,2612.0,3181.0,4095.0,-1.89,9.39,6.23,0.05,0.03,-0.1,0.0,i-love-you
3019.0,3409.0,2927.0,4095.0,4095.0,2608.0,3169.0,4095.0,-2.23,9.37,6.4,0.05,-0.07,-0.23,0.0,i-love-you
3030.0,3431.0,2942.0,4095.0,4095.0,2608.0,3171.0,4095.0,-2.32,9.3,6.55,0.09,-0.01,-0.22,0.0,i-love-you
3024.0,3420.0,2919.0,4095.0,4095.0,2608.0,3171.0,4095.0,-2.44,9.32,6.44,0.14,0.02,-0.28,0.0,i-love-you
3031.0,3430.0,2933.0,4095.0,4095.0,2613.0,3171.0,4095.0,-2.77,9.27,6.16,0.19,-0.01,-0.27,0.0,i-love-you
3029.0,3405.0,2922.0,4095.0,4095.0,2613.0,3173.0,4095.0,-2.64,9.31,5.92,0.15,0.08,-0.19,0.0,i-love-you
3033.0,3418.0,2932.0,4095.0,4095.0,2615.0,3178.0,4095.0,-2.57,9.3,5.8,0.19,0.2,-0.16,0.0,i-love-you
3035.0,3402.0,2926.0,4095.0,4095.0,2621.0,3169.0,4095.0,-1.9,9.7,4.02,0.04,-0.19,-0.08,0.0,i-love-you
3027.0,3399.0,2923.0,4095.0,4095.0,2627.0,3175.0,4095.0,-1.51,9.63,4.03,0.02,0.11,-0.02,0.0,i-love-you
3024.0,3389.0,2923.0,4095.0,4095.0,2622.0,3166.0,4095.0,-1.19,9.77,3.99,0.01,0.14,0.01,0.0,i-love-you
3031.0,3404.0,2942.0,4095.0,4095.0,2623.0,3167.0,4095.0,-1.26,9.78,3.79,0.02,-0.08,-0.08,0.0,i-love-you
3024.0,3390.0,2932.0,4095.0,4095.0,2624.0,3167.0,4095.0,-1.36,9.86,3.66,-0.07,-0.2,-0.04,0.0,i-love-you
3040.0,3399.0,2929.0,4095.0,4095.0,2625.0,3173.0,4095.0,-1.9,9.64,4.34,-0.02,-0.01,0.12,0.0,i-love-you
3034.0,3382.0,2928.0,4095.0,4095.0,2618.0,3157.0,4095.0,-0.67,9.83,4.13,-0.02,0.25,0.06,0.0,i-love-you
3047.0,3394.0,2925.0,4095.0,4095.0,2619.0,3173.0,4095.0,-0.39,9.85,3.96,-0.02,0.07,0.03,0.0,i-love-you
3022.0,3399.0,2928.0,4095.0,4095.0,2621.0,3167.0,4095.0,-0.27,9.86,4.13,-0.07,-0.41,-0.05,0.0,i-love-you
3026.0,3376.0,2921.0,4095.0,4095.0,2617.0,3162.0,4095.0,-0.59,9.86,4.34,-0.09,-0.3,-0.02,0.0,i-love-you
3054.0,3397.0,2939.0,4095.0,4095.0,2624.0,3170.0,4095.0,-0.09,9.89,4.4,-0.05,0.06,-0.03,0.0,i-love-you
3029.0,3376.0,2925.0,4095.0,4095.0,2614.0,3168.0,4095.0,-0.16,9.87,4.46,-0.08,-0.15,-0.06,0.0,i-love-you
3024.0,3389.0,2941.0,4095.0,4095.0,2624.0,3178.0,4095.0,0.09,9.94,4.54,-0.12,0.18,-0.06,0.0,i-love-you
3030.0,3375.0,2928.0,4095.0,4095.0,2624.0,3173.0,4095.0,0.3,9.9,4.75,-0.07,0.31,-0.12,0.0,i-love-you
3024.0,3387.0,2938.0,4095.0,4095.0,2624.0,3171.0,4095.0,-0.19,9.9,4.93,-0.05,-0.29,-0.17,0.0,i-love-you
3024.0,3367.0,2938.0,4095.0,4095.0,2622.0,3163.0,4095.0,-0.19,9.89,4.7,-0.1,-0.1,-0.09,0.0,i-love-you
3026.0,3384.0,2935.0,4095.0,4095.0,2627.0,3173.0,4095.0,0.1,9.88,4.92,-0.15,0.13,-0.07,0.0,i-love-you
3031.0,3386.0,2931.0,4095.0,4095.0,2619.0,3167.0,4095.0,0.24,9.83,5.21,-0.13,-0.27,-0.1,0.0,i-love-you
3045.0,3376.0,2927.0,4095.0,4095.0,2622.0,3179.0,4095.0,0.38,9.87,5.31,-0.16,-0.08,-0.1,0.0,i-love-you
3021.0,3379.0,2933.0,4095.0,4095.0,2621.0,3170.0,4095.0,0.5,9.79,5.65,-0.14,0.08,-0.23,0.0,i-love-you
3031.0,3377.0,2931.0,4095.0,4095.0,2613.0,3181.0,4095.0,-0.59,9.65,6.39,0.01,-0.06,-0.2,0.0,i-love-you
3026.0,3387.0,2934.0,4095.0,4095.0,2620.0,3179.0,4095.0,-0.67,9.64,6.34,0.01,-0.04,-0.2,0.0,i-love-you
3019.0,3376.0,2919.0,4095.0,4095.0,2627.0,3183.0,4095.0,-0.79,9.65,6.34,-0.01,-0.07,-0.21,0.0,i-love-you
3023.0,3378.0,2933.0,4095.0,4095.0,2620.0,3178.0,4095.0,-0.77,9.63,6.44,0.0,-0.0,-0.21,0.0,i-love-you
3042.0,3395.0,2934.0,4095.0,4095.0,2619.0,3183.0,4095.0,-0.77,9.53,6.57,-0.02,0.07,-0.23,0.0,i-love-you
3039.0,3365.0,2931.0,4095.0,4095.0,2621.0,3175.0,4095.0,-1.05,9.57,6.44,-0.0,0.11,-0.24,0.0,i-love-you
3023.0,3387.0,2933.0,4095.0,4095.0,2623.0,3179.0,4095.0,-1.27,9.53,6.46,0.0,-0.07,-0.12,0.0,i-love-you
3025.0,3381.0,2940.0,4095.0,4095.0,2619.0,3184.0,4095.0,-0.98,9.58,6.48,0.01,-0.05,-0.19,0.0,i-love-you
3035.0,3389.0,2935.0,4095.0,4095.0,2623.0,3183.0,4095.0,-0.96,9.54,6.5,0.01,-0.04,-0.18,0.0,i-love-you
3024.0,3381.0,2928.0,4095.0,4095.0,2618.0,3179.0,4095.0,-1.09,9.53,6.59,0.01,-0.08,-0.2,0.0,i-love-you
3037.0,3376.0,2928.0,4095.0,4095.0,2624.0,3183.0,4095.0,-1.14,9.56,6.59,0.01,-0.03,-0.18,0.0,i-love-you
3027.0,3375.0,2931.0,4095.0,4095.0,2619.0,3173.0,4095.0,-1.07,9.54,6.5,0.02,-0.0,-0.16,0.0,i-love-you
3027.0,3386.0,2927.0,4095.0,4095.0,2624.0,3181.0,4095.0,-1.05,9.56,6.57,0.01,-0.02,-0.17,0.0,i-love-you
3024.0,3389.0,2928.0,4095.0,4095.0,2624.0,3184.0,4095.0,-1.04,9.55,6.52,0.0,-0.03,-0.18,0.0,i-love-you
3038.0,3379.0,2930.0,4095.0,4095.0,2635.0,3185.0,4095.0,-1.13,9.5,6.53,0.01,-0.07,-0.19,0.0,i-love-you
3043.0,3392.0,2933.0,4095.0,4095.0,2626.0,3185.0,4095.0,-1.19,9.49,6.67,0.01,0.03,-0.15,0.0,i-love-you
3025.0,3374.0,2927.0,4095.0,4095.0,2624.0,3183.0,4095.0,-1.13,9.51,6.65,0.02,0.0,-0.14,0.0,i-love-you
3043.0,3391.0,2931.0,4095.0,4095.0,2626.0,3184.0,4095.0,-1.13,9.54,6.51,0.03,0.02,-0.14,0.0,i-love-you
3022.0,3389.0,2928.0,4095.0,4095.0,2623.0,3182.0,4095.0,-0.93,9.56,6.44,0.02,-0.06,-0.16,0.0,i-love-you
3045.0,3389.0,2932.0,4095.0,4095.0,2625.0,3184.0,4095.0,-1.04,9.48,6.97,-0.01,0.25,-0.24,0.0,i-love-you
3043.0,3150.0,2938.0,4095.0,4095.0,2674.0,3088.0,4095.0,-2.33,9.54,4.42,0.06,-0.1,-0.13,0.0,i-love-you
3034.0,3133.0,2928.0,4095.0,4095.0,2685.0,3094.0,4095.0,-2.37,9.56,4.38,0.03,-0.1,-0.15,0.0,i-love-you
3035.0,3121.0,2921.0,4095.0,4095.0,2680.0,3102.0,4095.0,-2.33,9.61,4.35,0.05,-0.06,-0.17,0.0,i-love-you
3030.0,3125.0,2927.0,4095.0,4095.0,2686.0,3099.0,4095.0,-2.28,9.61,4.02,0.06,-0.05,-0.12,0.0,i-love-you
3043.0,3117.0,2925.0,4095.0,4095.0,2684.0,3094.0,4095.0,-1.67,9.7,4.1,-0.31,0.06,-0.1,0.0,i-love-you
3040.0,3122.0,2931.0,4095.0,4095.0,2694.0,3117.0,4095.0,-2.63,9.41,5.53,0.01,-0.15,-0.3,0.0,i-love-you
3024.0,3123.0,2928.0,4095.0,4095.0,2685.0,3104.0,4095.0,-2.6,9.52,4.67,0.07,-0.07,-0.17,0.0,i-love-you
3042.0,3120.0,2921.0,4095.0,4095.0,2698.0,3111.0,4095.0,-2.2,9.6,4.41,0.04,-0.05,-0.08,0.0,i-love-you
3041.0,3120.0,2924.0,4095.0,4095.0,2691.0,3111.0,4095.0,-1.96,9.59,4.6,-0.02,0.02,-0.17,0.0,i-love-you
3047.0,3129.0,2940.0,4095.0,4095.0,2703.0,3110.0,4095.0,-2.33,9.5,4.98,0.02,-0.1,-0.22,0.0,i-love-you
3028.0,3123.0,2928.0,4095.0,4095.0,2693.0,3113.0,4095.0,-2.4,9.52,4.67,0.06,-0.13,-0.22,0.0,i-love-you
3045.0,3117.0,2928.0,4095.0,4095.0,2704.0,3117.0,4095.0,-2.51,9.56,4.47,0.01,-0.15,-0.2,0.0,i-love-you
3039.0,3114.0,2928.0,4095.0,4095.0,2698.0,3120.0,4095.0,-2.48,9.5,4.66,0.0,0.03,-0.12,0.0,i-love-you
3030.0,3105.0,2922.0,4095.0,4095.0,2691.0,3115.0,4095.0,-2.24,9.46,4.99,-0.01,-0.02,-0.12,0.0,i-love-you
3035.0,3124.0,2928.0,4095.0,4095.0,2696.0,3123.0,4095.0,-2.22,9.55,4.66,0.06,-0.2,-0.18,0.0,i-love-you
3024.0,3106.0,2930.0,4095.0,4095.0,2699.0,3117.0,4095.0,-2.72,9.53,4.55,-0.01,0.02,-0.15,0.0,i-love-you
3038.0,3109.0,2935.0,4095.0,4095.0,2698.0,3120.0,4095.0,-2.46,9.57,4.82,-0.02,0.11,-0.07,0.0,i-love-you
3031.0,3109.0,2928.0,4095.0,4095.0,2689.0,3120.0,4095.0,-2.17,9.56,4.92,0.02,0.07,-0.12,0.0,i-love-you
3039.0,3120.0,2926.0,4095.0,4095.0,2704.0,3126.0,4095.0,-2.27,9.62,4.5,0.06,-0.05,-0.14,0.0,i-love-you
3024.0,3115.0,2928.0,4095.0,4095.0,2695.0,3117.0,4095.0,-2.28,9.52,4.79,-0.05,-0.0,-0.12,0.0,i-love-you
3027.0,3125.0,2944.0,4095.0,4095.0,2706.0,3127.0,4095.0,-2.04,9.43,6.22,-0.0,-0.16,-0.25,0.0,i-love-you
3030.0,3106.0,2922.0,4095.0,4095.0,2709.0,3123.0,4095.0,-2.16,9.37,6.25,0.04,-0.16,-0.27,0.0,i-love-you
3030.0,3123.0,2931.0,4095.0,4095.0,2713.0,3125.0,4095.0,-2.19,9.45,6.08,0.01,-0.12,-0.21,0.0,i-love-you
3040.0,3115.0,2926.0,4095.0,4095.0,2710.0,3122.0,4095.0,-2.46,9.36,6.25,0.05,-0.02,-0.24,0.0,i-love-you
3035.0,3127.0,2942.0,4095.0,4095.0,2725.0,3131.0,4095.0,-1.99,9.4,6.13,0.0,0.03,-0.18,0.0,i-love-you
3015.0,3121.0,2933.0,4095.0,4095.0,2715.0,3120.0,4095.0,-2.23,9.19,6.48,-0.15,-0.02,-0.14,0.0,i-love-you
3026.0,3104.0,2925.0,4095.0,4095.0,2721.0,3119.0,4095.0,-2.76,9.16,6.44,-0.01,0.04,-0.27,0.0,i-love-you
3039.0,3133.0,2938.0,4095.0,4095.0,2726.0,3136.0,4095.0,-2.41,9.39,6.63,0.11,0.07,-0.38,0.0,i-love-you
3024.0,3120.0,2919.0,4095.0,4095.0,2724.0,3127.0,4095.0,-2.57,9.26,6.1,0.17,-0.08,-0.18,0.0,i-love-you
3033.0,3120.0,2928.0,4095.0,4095.0,2727.0,3129.0,4095.0,-2.61,9.31,5.97,0.13,-0.15,-0.28,0.0,i-love-you
3018.0,3110.0,2924.0,4095.0,4095.0,2725.0,3127.0,4095.0,-3.14,9.28,5.83,0.09,-0.21,-0.3,0.0,i-love-you
3030.0,3129.0,2931.0,4095.0,4095.0,2726.0,3125.0,4095.0,-2.98,9.1,6.41,-0.06,-0.11,-0.23,0.0,i-love-you
3024.0,3122.0,2918.0,4095.0,4095.0,2717.0,3120.0,4095.0,-2.88,9.24,6.16,-0.01,-0.04,-0.2,0.0,i-love-you
3024.0,3131.0,2927.0,4095.0,4095.0,2728.0,3134.0,4095.0,-2.88,9.15,6.53,-0.02,-0.02,-0.15,0.0,i-love-you
3028.0,3121.0,2919.0,4095.0,4095.0,2723.0,3126.0,4095.0,-2.78,9.15,6.32,0.07,-0.08,-0.15,0.0,i-love-you
3034.0,3134.0,2928.0,4095.0,4095.0,2723.0,3136.0,4095.0,-2.72,9.21,6.2,0.03,-0.14,-0.13,0.0,i-love-you
3020.0,3115.0,2930.0,4095.0,4095.0,2725.0,3127.0,4095.0,-2.91,9.14,6.43,0.04,-0.03,-0.08,0.0,i-love-you
3034.0,3136.0,2938.0,4095.0,4095.0,2729.0,3136.0,4095.0,-2.75,9.21,6.47,0.09,0.03,-0.05,0.0,i-love-you
3041.0,3134.0,2939.0,4095.0,4095.0,2725.0,3133.0,4095.0,-2.35,9.39,5.83,0.08,0.08,-0.09,0.0,i-love-you
3039.0,3125.0,2931.0,4095.0,4095.0,2725.0,3132.0,4095.0,-2.72,9.31,6.24,0.02,0.05,-0.15,0.0,i-love-you
3025.0,3130.0,2939.0,4095.0,4095.0,2727.0,3143.0,4095.0,-1.62,9.66,5.24,0.02,-0.02,-0.28,0.0,i-love-you
3031.0,3103.0,2928.0,4095.0,4095.0,2726.0,3134.0,4095.0,-2.25,9.52,5.58,-0.05,-0.22,-0.32,0.0,i-love-you
3049.0,3125.0,2933.0,4095.0,4095.0,2736.0,3152.0,4095.0,-2.24,9.53,5.6,-0.01,-0.12,-0.2,0.0,i-love-you
3024.0,3119.0,2926.0,4095.0,4095.0,2728.0,3138.0,4095.0,-1.68,9.56,5.51,-0.17,-0.13,-0.07,0.0,i-love-you
3030.0,3123.0,2933.0,4095.0,4095.0,2735.0,3147.0,4095.0,-2.54,9.34,6.2,-0.14,0.16,-0.27,0.0,i-love-you
3034.0,3118.0,2922.0,4095.0,4095.0,2725.0,3141.0,4095.0,-2.51,9.35,6.49,0.08,0.07,-0.13,0.0,i-love-you
3031.0,3122.0,2929.0,4095.0,4095.0,2736.0,3151.0,4095.0,-1.94,9.48,5.74,0.09,0.06,-0.13,0.0,i-love-you
3035.0,3119.0,2929.0,4095.0,4095.0,2725.0,3143.0,4095.0,-2.82,9.45,5.53,0.03,0.48,0.22,0.0,i-love-you
3047.0,3131.0,2928.0,4095.0,4095.0,2713.0,3151.0,4095.0,-1.68,9.6,5.52,-0.01,0.29,0.14,0.0,i-love-you
3024.0,3111.0,2929.0,4095.0,4095.0,2707.0,3147.0,4095.0,-1.35,9.43,5.88,0.25,0.14,-0.2,0.0,i-love-you
3024.0,3115.0,2933.0,4095.0,4095.0,2675.0,3123.0,4095.0,-1.66,9.69,4.98,0.36,-0.36,-0.51,0.0,i-love-you
3027.0,3104.0,2932.0,4095.0,4095.0,2682.0,3129.0,4095.0,-2.45,9.61,4.4,0.06,-0.02,-0.14,0.0,i-love-you
3038.0,3104.0,2926.0,4095.0,4095.0,2688.0,3128.0,4095.0,-1.83,9.48,5.12,-0.14,-0.58,0.08,0.0,i-love-you
3025.0,3095.0,2928.0,4095.0,4095.0,2705.0,3138.0,4095.0,-1.88,9.33,5.08,-0.12,0.08,-0.01,0.0,i-love-you
3026.0,3104.0,2930.0,4095.0,4095.0,2697.0,3136.0,4095.0,-1.85,9.66,5.11,0.03,0.17,-0.07,0.0,i-love-you
3024.0,3110.0,2935.0,4095.0,4095.0,2707.0,3148.0,4095.0,-1.58,9.67,5.02,0.09,0.01,-0.12,0.0,i-love-you
3024.0,3119.0,2923.0,4095.0,4095.0,2704.0,3138.0,4095.0,-2.0,9.78,4.64,0.05,0.28,-0.03,0.0,i-love-you
3025.0,3101.0,2934.0,4095.0,4095.0,2705.0,3140.0,4095.0,-1.35,9.73,4.78,-0.0,0.09,-0.05,0.0,i-love-you
3027.0,3095.0,2929.0,4095.0,4095.0,2704.0,3142.0,4095.0,-1.36,9.74,4.82,0.01,-0.06,-0.15,0.0,i-love-you
3028.0,3115.0,2930.0,4095.0,4095.0,2713.0,3143.0,4095.0,-1.75,9.68,4.9,-0.09,-0.59,-0.14,0.0,i-love-you
3033.0,3109.0,2939.0,4095.0,4095.0,2719.0,3154.0,4095.0,-1.62,9.69,5.43,-0.04,-0.04,-0.13,0.0,i-love-you
3029.0,3098.0,2930.0,4095.0,4095.0,2717.0,3157.0,4095.0,-1.4,9.7,5.53,-0.05,0.13,-0.06,0.0,i-love-you
3038.0,3108.0,2940.0,4095.0,4095.0,2722.0,3156.0,4095.0,-0.95,9.76,5.2,-0.06,0.04,-0.11,0.0,i-love-you
3024.0,3108.0,2914.0,4095.0,4095.0,2719.0,3164.0,4095.0,-1.46,9.73,5.35,-0.1,0.06,-0.12,0.0,i-love-you
3027.0,3107.0,2928.0,4095.0,4095.0,2723.0,3152.0,4095.0,-1.3,9.73,5.46,-0.21,0.15,-0.05,0.0,i-love-you
3024.0,3115.0,2928.0,4095.0,4095.0,2734.0,3159.0,4095.0,-1.06,9.55,6.25,-0.19,0.19,-0.08,0.0,i-love-you
3029.0,3099.0,2922.0,4095.0,4095.0,2722.0,3155.0,4095.0,-0.84,9.62,6.1,-0.05,0.08,-0.11,0.0,i-love-you
3034.0,3124.0,2928.0,4095.0,4095.0,2723.0,3158.0,4095.0,-0.91,9.61,6.28,-0.04,0.06,-0.17,0.0,i-love-you
3039.0,3106.0,2926.0,4095.0,4095.0,2720.0,3140.0,4095.0,-0.98,9.54,6.44,0.07,0.38,-0.2,0.0,i-love-you
3034.0,3119.0,2927.0,4095.0,4095.0,2718.0,3094.0,4095.0,-1.26,9.57,6.01,0.18,-0.06,-0.41,0.0,i-love-you
3030.0,3119.0,2918.0,4095.0,4095.0,2711.0,3086.0,4095.0,-1.47,9.61,5.88,0.23,-0.04,-0.3,0.0,i-love-you
3039.0,3151.0,2931.0,4095.0,4095.0,2743.0,3120.0,4095.0,-1.52,9.64,5.14,0.17,-0.25,-0.35,0.0,i-love-you
3031.0,3136.0,2912.0,4095.0,4095.0,2745.0,3133.0,4095.0,-1.95,9.67,5.19,0.04,-0.16,-0.23,0.0,i-love-you
3035.0,3150.0,2923.0,4095.0,4095.0,2752.0,3136.0,4095.0,-1.89,9.58,5.43,0.0,-0.02,-0.2,0.0,i-love-you
3024.0,3136.0,2929.0,4095.0,4095.0,2752.0,3138.0,4095.0,-2.21,9.53,5.58,0.05,0.0,-0.18,0.0,i-love-you
3034.0,3142.0,2935.0,4095.0,4095.0,2752.0,3141.0,4095.0,-2.05,9.62,5.36,0.09,0.01,-0.07,0.0,i-love-you
3025.0,3142.0,2935.0,4095.0,4095.0,2764.0,3149.0,4095.0,-1.64,9.67,5.13,0.06,0.03,-0.07,0.0,i-love-you
3031.0,3139.0,2915.0,4095.0,4095.0,2730.0,3121.0,4095.0,-1.74,9.53,5.4,-0.02,0.02,-0.03,0.0,i-love-you
3038.0,3133.0,2927.0,4095.0,4095.0,2735.0,3131.0,4095.0,-1.42,9.67,5.27,0.05,-0.07,-0.07,0.0,i-love-you
3030.0,3142.0,2928.0,4095.0,4095.0,2737.0,3135.0,4095.0,-1.52,9.67,5.19,0.02,-0.14,-0.11,0.0,i-love-you
3027.0,3137.0,2935.0,4095.0,4095.0,2737.0,3143.0,4095.0,-1.49,9.69,5.01,-0.04,-0.08,-0.25,0.0,i-love-you
3031.0,3122.0,2928.0,4095.0,4095.0,2747.0,3157.0,4095.0,-2.01,9.66,5.47,-0.1,-0.0,-0.14,0.0,i-love-you
3034.0,3123.0,2928.0,4095.0,4095.0,2745.0,3152.0,4095.0,-1.44,9.6,5.63,-0.18,-0.05,-0.09,0.0,i-love-you
3040.0,3141.0,2928.0,4095.0,4095.0,2751.0,3166.0,4095.0,-1.13,9.56,6.04,-0.12,-0.03,-0.16,0.0,i-love-you
3039.0,3135.0,2927.0,4095.0,4095.0,2748.0,3155.0,4095.0,-1.24,9.61,5.83,-0.1,-0.14,-0.28,0.0,i-love-you
3026.0,3136.0,2941.0,4095.0,4095.0,2752.0,3157.0,4095.0,-1.7,9.54,6.06,-0.09,-0.19,-0.35,0.0,i-love-you
3024.0,3135.0,2930.0,4095.0,4095.0,2751.0,3152.0,4095.0,-2.08,9.42,6.32,-0.05,-0.14,-0.32,0.0,i-love-you
3038.0,3131.0,2928.0,4095.0,4095.0,2753.0,3167.0,4095.0,-1.82,9.35,6.51,-0.07,-0.19,-0.29,0.0,i-love-you
3031.0,3131.0,2928.0,4095.0,4095.0,2754.0,3162.0,4095.0,-2.35,9.37,6.45,0.04,-0.13,-0.34,0.0,i-love-you
3026.0,3152.0,2928.0,4095.0,4095.0,2755.0,3168.0,4095.0,-2.56,9.35,6.44,0.03,-0.05,-0.24,0.0,i-love-you
3028.0,3141.0,2930.0,4095.0,4095.0,2751.0,3154.0,4095.0,-2.19,9.35,6.43,0.03,0.06,-0.18,0.0,i-love-you
3030.0,3136.0,2926.0,4095.0,4095.0,2752.0,3163.0,4095.0,-2.2,9.33,6.51,0.06,-0.04,-0.27,0.0,i-love-you
3025.0,3140.0,2919.0,4095.0,4095.0,2753.0,3167.0,4095.0,-2.52,9.33,6.37,0.08,-0.03,-0.27,0.0,i-love-you
3038.0,3141.0,2931.0,4095.0,4095.0,2751.0,3159.0,4095.0,-2.49,9.32,6.33,0.06,-0.09,-0.26,0.0,i-love-you
3031.0,3139.0,2928.0,4095.0,4095.0,2759.0,3166.0,4095.0,-2.58,9.28,6.29,0.07,-0.04,-0.28,0.0,i-love-you
3027.0,3127.0,2924.0,4095.0,4095.0,2751.0,3171.0,4095.0,-2.5,9.25,6.14,0.05,-0.1,-0.3,0.0,i-love-you
3028.0,3146.0,2928.0,4095.0,4095.0,2755.0,3171.0,4095.0,-2.71,9.13,6.72,-0.1,-0.14,-0.18,0.0,i-love-you
3024.0,3122.0,2938.0,4095.0,4095.0,2750.0,3168.0,4095.0,-3.13,9.17,6.32,0.19,-0.06,-0.18,0.0,i-love-you
3039.0,3139.0,2928.0,4095.0,4095.0,2751.0,3170.0,4095.0,-2.62,9.28,5.8,0.05,0.04,-0.13,0.0,i-love-you
3034.0,3135.0,2931.0,4095.0,4095.0,2748.0,3168.0,4095.0,-2.89,9.14,6.2,0.11,0.05,-0.19,0.0,i-love-you
3039.0,4095.0,2929.0,4095.0,4095.0,2559.0,3061.0,4095.0,-1.35,9.76,4.98,0.08,0.05,-0.25,0.0,i-love-you
3031.0,4095.0,2926.0,4095.0,4095.0,2552.0,3056.0,4095.0,-1.82,9.67,4.95,0.09,0.12,-0.25,0.0,i-love-you
3029.0,4095.0,2919.0,4095.0,4095.0,2553.0,3057.0,4095.0,-1.68,9.72,4.7,0.04,0.03,-0.21,0.0,i-love-you
3024.0,4095.0,2922.0,4095.0,4095.0,2555.0,3057.0,4095.0,-1.87,9.69,4.89,-0.0,0.05,-0.2,0.0,i-love-you
3034.0,4095.0,2927.0,4095.0,4095.0,2550.0,3063.0,4095.0,-1.81,9.7,4.53,0.01,-0.03,-0.19,0.0,i-love-you
3022.0,4095.0,2919.0,4095.0,4095.0,2551.0,3056.0,4095.0,-2.39,9.59,5.07,-0.03,-0.1,-0.18,0.0,i-love-you
3038.0,4095.0,2929.0,4095.0,4095.0,2558.0,3061.0,4095.0,-1.69,9.67,4.6,-0.04,-0.04,-0.11,0.0,i-love-you
3037.0,4095.0,2922.0,4095.0,4095.0,2554.0,3069.0,4095.0,-1.65,9.75,4.94,-0.18,-0.09,-0.09,0.0,i-love-you
3025.0,4095.0,2931.0,4095.0,4095.0,2559.0,3061.0,4095.0,-1.85,9.49,5.66,-0.01,-0.17,-0.31,0.0,i-love-you
3038.0,4095.0,2928.0,4095.0,4095.0,2559.0,3069.0,4095.0,-2.31,9.6,5.17,-0.07,-0.15,-0.19,0.0,i-love-you
3027.0,4095.0,2921.0,4095.0,4095.0,2559.0,3071.0,4095.0,-2.34,9.45,6.19,0.09,0.03,-0.05,0.0,i-love-you
3037.0,4095.0,2929.0,4095.0,4095.0,2559.0,3065.0,4095.0,-1.58,9.74,4.67,0.13,-0.18,-0.17,0.0,i-love-you
3019.0,4095.0,2917.0,4095.0,4095.0,2558.0,3065.0,4095.0,-1.73,9.58,5.59,0.01,-0.09,-0.23,0.0,i-love-you
3027.0,4095.0,2928.0,4095.0,4095.0,2559.0,3069.0,4095.0,-1.91,9.7,4.66,0.07,-0.29,-0.25,0.0,i-love-you
3033.0,4095.0,2926.0,4095.0,4095.0,2559.0,3062.0,4095.0,-2.2,9.52,5.5,-0.02,-0.04,-0.21,0.0,i-love-you
3044.0,4095.0,2929.0,4095.0,4095.0,2579.0,3087.0,4095.0,-2.11,9.61,5.24,0.0,-0.1,-0.18,0.0,i-love-you
3024.0,4095.0,2927.0,4095.0,4095.0,2559.0,3071.0,4095.0,-1.94,9.53,5.4,0.06,0.0,-0.16,0.0,i-love-you
3043.0,4095.0,2929.0,4095.0,4095.0,2559.0,3071.0,4095.0,-2.11,9.59,5.16,0.0,0.01,-0.15,0.0,i-love-you
3027.0,4095.0,2921.0,4095.0,4095.0,2559.0,3071.0,4095.0,-1.77,9.56,5.51,0.02,0.17,-0.15,0.0,i-love-you
3025.0,4095.0,2933.0,4095.0,4095.0,2559.0,3071.0,4095.0,-2.14,9.54,5.14,0.06,0.03,-0.3,0.0,i-love-you
3024.0,4095.0,2922.0,4095.0,4095.0,2559.0,3070.0,4095.0,-1.1,9.68,4.61,-0.06,-0.08,-0.22,0.0,i-love-you
3023.0,4095.0,2928.0,4095.0,4095.0,2580.0,3087.0,4095.0,-2.12,9.61,4.14,0.16,0.01,-0.2,0.0,i-love-you
3024.0,4095.0,2931.0,4095.0,4095.0,2559.0,3071.0,4095.0,-2.17,9.74,3.79,0.08,0.14,-0.06,0.0,i-love-you
3026.0,4095.0,2935.0,4095.0,4095.0,2559.0,3088.0,4095.0,-1.51,9.78,3.96,0.01,0.07,-0.04,0.0,i-love-you
3029.0,4080.0,2934.0,4095.0,4095.0,2559.0,3088.0,4095.0,-1.44,9.81,3.96,0.02,-0.03,-0.08,0.0,i-love-you
3024.0,4080.0,2918.0,4095.0,4095.0,2559.0,3087.0,4095.0,-1.7,9.73,3.98,-0.05,-0.08,-0.06,0.0,i-love-you
3024.0,4074.0,2917.0,4095.0,4095.0,2583.0,3091.0,4095.0,-1.32,9.6,4.13,-0.09,-0.1,0.02,0.0,i-love-you
3034.0,4052.0,2922.0,4095.0,4095.0,2559.0,3085.0,4095.0,-1.64,9.91,3.27,-0.03,0.05,-0.07,0.0,i-love-you
3043.0,4059.0,2929.0,4095.0,4095.0,2559.0,3088.0,4095.0,-1.61,9.69,4.44,-0.43,0.03,-0.03,0.0,i-love-you
3020.0,4027.0,2926.0,4095.0,4095.0,2579.0,3086.0,4095.0,-0.86,9.71,5.44,-0.21,0.01,0.02,0.0,i-love-you
3037.0,4059.0,2926.0,4095.0,4095.0,2579.0,3087.0,4095.0,-0.79,9.78,4.87,-0.1,-0.01,-0.14,0.0,i-love-you
3019.0,4033.0,2912.0,4095.0,4095.0,2559.0,3082.0,4095.0,-0.9,9.76,5.28,-0.28,-0.01,-0.15,0.0,i-love-you
3045.0,4063.0,2922.0,4095.0,4095.0,2583.0,3093.0,4095.0,-0.87,9.67,5.99,-0.12,-0.17,-0.23,0.0,i-love-you
3033.0,4058.0,2916.0,4095.0,4095.0,2559.0,3087.0,4095.0,-1.43,9.66,5.63,-0.05,-0.06,-0.23,0.0,i-love-you
3037.0,4036.0,2939.0,4095.0,4095.0,2582.0,3098.0,4095.0,-1.19,9.68,5.49,-0.17,0.03,-0.1,0.0,i-love-you
3027.0,4039.0,2918.0,4095.0,4095.0,2559.0,3091.0,4095.0,-1.07,9.64,6.12,-0.18,-0.03,-0.08,0.0,i-love-you
3033.0,4059.0,2914.0,4095.0,4095.0,2559.0,3088.0,4095.0,-0.82,9.63,6.23,-0.02,-0.05,-0.19,0.0,i-love-you
3035.0,4062.0,2931.0,4095.0,4095.0,2581.0,3093.0,4095.0,-1.25,9.66,6.0,0.04,-0.05,-0.23,0.0,i-love-you
3040.0,4034.0,2926.0,4095.0,4095.0,2579.0,3092.0,4095.0,-1.08,9.68,5.83,0.02,-0.04,-0.2,0.0,i-love-you
3038.0,4054.0,2923.0,4095.0,4095.0,2582.0,3099.0,4095.0,-1.05,9.62,6.1,0.03,-0.07,-0.27,0.0,i-love-you
3024.0,4037.0,2943.0,4095.0,4095.0,2584.0,3107.0,4095.0,-1.61,9.56,6.04,0.05,-0.02,-0.2,0.0,i-love-you
3023.0,4005.0,2928.0,4095.0,4095.0,2559.0,3101.0,4095.0,-1.45,9.6,5.96,-0.05,0.01,-0.21,0.0,i-love-you
3043.0,3981.0,2929.0,4095.0,4095.0,2580.0,3099.0,4095.0,-1.73,9.45,6.41,-0.04,-0.05,-0.24,0.0,i-love-you
3027.0,3957.0,2924.0,4095.0,4095.0,2581.0,3102.0,4095.0,-1.78,9.46,6.32,-0.01,-0.09,-0.29,0.0,i-love-you
3038.0,3980.0,2928.0,4095.0,4095.0,2586.0,3107.0,4095.0,-2.02,9.5,6.39,0.04,-0.06,-0.25,0.0,i-love-you
3029.0,3962.0,2928.0,4095.0,4095.0,2582.0,3107.0,4095.0,-1.92,9.45,6.31,0.03,-0.05,-0.28,0.0,i-love-you
3029.0,3973.0,2930.0,4095.0,4095.0,2559.0,3097.0,4095.0,-2.05,9.38,6.35,-0.03,-0.08,-0.29,0.0,i-love-you
3040.0,3984.0,2927.0,4095.0,4095.0,2586.0,3106.0,4095.0,-2.15,9.34,6.45,-0.01,-0.08,-0.31,0.0,i-love-you
3024.0,3946.0,2928.0,4095.0,4095.0,2579.0,3102.0,4095.0,-2.32,9.33,6.41,0.01,-0.13,-0.31,0.0,i-love-you
3024.0,3969.0,2928.0,4095.0,4095.0,2591.0,3114.0,4095.0,-2.36,9.22,6.63,0.04,-0.05,-0.33,0.0,i-love-you
3030.0,3957.0,2928.0,4095.0,4095.0,2583.0,3106.0,4095.0,-2.54,9.2,6.61,0.05,-0.02,-0.24,0.0,i-love-you
3035.0,3952.0,2929.0,4095.0,4095.0,2581.0,3107.0,4095.0,-2.38,9.22,6.38,0.02,-0.12,-0.24,0.0,i-love-you
3029.0,3946.0,2928.0,4095.0,4095.0,2586.0,3104.0,4095.0,-2.54,9.18,6.58,0.02,-0.14,-0.22,0.0,i-love-you
3024.0,3962.0,2927.0,4095.0,4095.0,2589.0,3108.0,4095.0,-2.64,9.14,6.56,0.05,-0.14,-0.27,0.0,i-love-you
3035.0,3935.0,2935.0,4095.0,4095.0,2583.0,3105.0,4095.0,-3.13,9.15,6.61,0.07,-0.14,-0.22,0.0,i-love-you
3024.0,3952.0,2928.0,4095.0,4095.0,2591.0,3111.0,4095.0,-2.72,9.16,6.45,0.08,-0.03,-0.12,0.0,i-love-you
3029.0,3901.0,2923.0,4095.0,4095.0,2589.0,3113.0,4095.0,-2.72,9.19,6.38,0.06,-0.02,-0.16,0.0,i-love-you
3029.0,3900.0,2917.0,4095.0,4095.0,2586.0,3113.0,4095.0,-2.58,9.19,6.31,0.04,-0.04,-0.19,0.0,i-love-you
3034.0,3952.0,2928.0,4095.0,4095.0,2587.0,3119.0,4095.0,-3.0,9.14,6.59,-0.01,-0.07,-0.13,0.0,i-love-you
3025.0,3937.0,2927.0,4095.0,4095.0,2586.0,3120.0,4095.0,-2.45,9.25,6.27,0.04,-0.02,-0.12,0.0,i-love-you
3035.0,3898.0,2923.0,4095.0,4095.0,2592.0,3118.0,4095.0,-3.0,9.17,6.29,-0.02,-0.04,-0.17,0.0,i-love-you
3024.0,3901.0,2927.0,4095.0,4095.0,2585.0,3119.0,4095.0,-2.27,9.3,6.31,0.04,-0.04,-0.07,0.0,i-love-you
3033.0,3926.0,2937.0,4095.0,4095.0,2593.0,3121.0,4095.0,-2.17,9.33,6.36,0.04,-0.05,-0.2,0.0,i-love-you
3031.0,3927.0,2919.0,4095.0,4095.0,2592.0,3120.0,4095.0,-3.19,9.2,6.36,0.05,-0.14,-0.19,0.0,i-love-you
3029.0,3907.0,2928.0,4095.0,4095.0,2594.0,3120.0,4095.0,-2.38,9.24,6.48,0.05,-0.17,0.04,0.0,i-love-you
3027.0,3903.0,2931.0,4095.0,4095.0,2587.0,3114.0,4095.0,-0.93,9.33,6.65,0.15,0.27,-0.3,0.0,i-love-you
3029.0,3926.0,2928.0,4095.0,4095.0,2593.0,3120.0,4095.0,-2.95,9.39,6.08,0.13,-0.01,-0.45,0.0,i-love-you
3035.0,3895.0,2924.0,4095.0,4095.0,2589.0,3116.0,4095.0,-3.33,9.42,6.07,0.14,-0.05,-0.04,0.0,i-love-you
3041.0,3922.0,2929.0,4095.0,4095.0,2601.0,3123.0,4095.0,-1.08,9.72,5.93,0.01,-0.08,-0.11,0.0,i-love-you
3039.0,3909.0,2919.0,4095.0,4095.0,2594.0,3122.0,4095.0,-3.44,9.4,5.79,0.22,-0.2,-0.53,0.0,i-love-you
3049.0,3920.0,2933.0,4095.0,4095.0,2607.0,3131.0,4095.0,-3.34,9.4,5.09,0.25,-0.15,0.11,0.0,i-love-you
3028.0,3875.0,2928.0,4095.0,4095.0,2599.0,3123.0,4095.0,-2.35,9.5,4.98,-0.05,-0.2,0.18,0.0,i-love-you
3027.0,3917.0,2926.0,4095.0,4095.0,2599.0,3127.0,4095.0,-1.48,8.96,6.56,-0.37,0.19,-0.48,0.0,i-love-you
3031.0,3910.0,2925.0,4095.0,4095.0,2605.0,3127.0,4095.0,-3.19,9.59,5.76,-0.01,-0.19,-0.43,0.0,i-love-you
3031.0,3899.0,2927.0,4095.0,4095.0,2589.0,3115.0,4095.0,-3.01,9.17,5.79,-0.08,0.07,-0.13,0.0,i-love-you
3027.0,3890.0,2930.0,4095.0,4095.0,2589.0,3120.0,4095.0,-2.15,9.31,6.05,-0.19,-0.41,-0.17,0.0,i-love-you
3038.0,3910.0,2928.0,4095.0,4095.0,2592.0,3119.0,4095.0,-3.25,9.2,6.27,-0.13,-0.46,-0.6,0.0,i-love-you
3037.0,3862.0,2926.0,4095.0,4095.0,2559.0,3127.0,4095.0,-6.31,8.78,7.4,-0.29,0.16,0.27,0.0,i-love-you
3037.0,3814.0,2923.0,4095.0,4095.0,2559.0,3120.0,4095.0,-1.42,9.1,6.38,-0.06,0.19,0.68,0.0,i-love-you
3026.0,3810.0,2918.0,4095.0,4095.0,2559.0,3135.0,4095.0,-1.99,9.3,6.71,-0.27,0.32,0.24,0.0,i-love-you
3035.0,3857.0,2927.0,4095.0,4095.0,2618.0,3175.0,4095.0,-0.39,9.91,4.05,-0.09,0.18,0.13,0.0,i-love-you
3043.0,3859.0,2928.0,4095.0,4095.0,2624.0,3180.0,4095.0,0.47,9.79,4.62,-0.0,0.16,0.0,0.0,i-love-you
3037.0,3854.0,2927.0,4095.0,4095.0,2608.0,3168.0,4095.0,0.12,9.92,4.14,0.03,-0.04,-0.14,0.0,i-love-you
3025.0,3863.0,2931.0,4095.0,4095.0,2611.0,3173.0,4095.0,-0.18,9.91,4.38,-0.03,-0.03,-0.11,0.0,i-love-you
3024.0,3870.0,2928.0,4095.0,4095.0,2618.0,3167.0,4095.0,0.02,9.89,4.59,-0.06,0.12,-0.01,0.0,i-love-you
3043.0,3883.0,2934.0,4095.0,4095.0,2621.0,3172.0,4095.0,0.39,9.9,4.52,-0.02,0.09,-0.04,0.0,i-love-you
3033.0,3851.0,2922.0,4095.0,4095.0,2615.0,3166.0,4095.0,0.27,9.95,4.41,-0.04,0.01,-0.05,0.0,i-love-you
3027.0,3839.0,2924.0,4095.0,4095.0,2618.0,3171.0,4095.0,0.42,9.87,4.7,-0.01,-0.12,-0.01,0.0,i-love-you
3026.0,3851.0,2925.0,4095.0,4095.0,2623.0,3174.0,4095.0,0.87,9.87,4.71,-0.03,-0.03,0.15,0.0,i-love-you
3027.0,3859.0,2934.0,4095.0,4095.0,2613.0,3167.0,4095.0,0.88,9.85,4.81,-0.01,-0.01,-0.04,0.0,i-love-you
3041.0,3868.0,2925.0,4095.0,4095.0,2619.0,3171.0,4095.0,1.14,9.83,4.79,0.1,0.11,0.0,0.0,i-love-you
3034.0,3856.0,2919.0,4095.0,4095.0,2619.0,3173.0,4095.0,1.33,9.81,4.64,0.08,0.04,-0.04,0.0,i-love-you
3043.0,3867.0,2937.0,4095.0,4095.0,2624.0,3175.0,4095.0,1.53,9.81,4.73,0.07,-0.01,-0.11,0.0,i-love-you
3034.0,3862.0,2930.0,4095.0,4095.0,2617.0,3174.0,4095.0,1.35,9.75,4.93,0.15,0.02,-0.17,0.0,i-love-you
3025.0,3843.0,2930.0,4095.0,4095.0,2615.0,3178.0,4095.0,1.24,9.84,4.28,0.35,-0.01,-0.3,0.0,i-love-you
3019.0,3829.0,2919.0,4095.0,4095.0,2615.0,3178.0,4095.0,0.67,9.91,3.7,0.32,-0.12,-0.28,0.0,i-love-you
3037.0,3873.0,2929.0,4095.0,4095.0,2617.0,3184.0,4095.0,0.76,9.88,3.53,0.26,0.05,-0.11,0.0,i-love-you
3021.0,3837.0,2928.0,4095.0,4095.0,2622.0,3179.0,4095.0,1.19,9.79,3.36,0.36,0.09,-0.13,0.0,i-love-you
3029.0,3851.0,2928.0,4095.0,4095.0,2623.0,3183.0,4095.0,1.16,9.83,2.39,0.32,0.03,-0.18,0.0,i-love-you
3041.0,3861.0,2928.0,4095.0,4095.0,2620.0,3184.0,4095.0,1.04,9.81,2.23,0.08,-0.2,-0.19,0.0,i-love-you
3030.0,3851.0,2927.0,4095.0,4095.0,2629.0,3184.0,4095.0,1.01,9.69,2.11,-0.44,-0.1,0.02,0.0,i-love-you
3027.0,3852.0,2922.0,4095.0,4095.0,2625.0,3184.0,4095.0,1.39,9.65,3.73,-0.33,0.06,0.1,0.0,i-love-you
3024.0,3859.0,2929.0,4095.0,4095.0,2625.0,3175.0,4095.0,1.96,9.58,3.89,-0.29,-0.03,-0.05,0.0,i-love-you
3035.0,3855.0,2928.0,4095.0,4095.0,2634.0,3185.0,4095.0,2.09,9.89,3.37,-0.19,-0.2,-0.18,0.0,i-love-you
3031.0,3840.0,2927.0,4095.0,4095.0,2624.0,3184.0,4095.0,1.43,9.75,4.01,-0.13,-0.08,-0.19,0.0,i-love-you
3030.0,3849.0,2933.0,4095.0,4095.0,2624.0,3190.0,4095.0,1.69,9.81,3.71,-0.08,-0.06,-0.19,0.0,i-love-you
3040.0,3849.0,2928.0,4095.0,4095.0,2623.0,3181.0,4095.0,1.74,9.8,3.96,-0.06,-0.01,-0.27,0.0,i-love-you
3049.0,3869.0,2927.0,4095.0,4095.0,2638.0,3193.0,4095.0,1.03,9.78,4.56,-0.11,-0.21,-0.27,0.0,i-love-you
3022.0,3826.0,2930.0,4095.0,4095.0,2626.0,3183.0,4095.0,1.11,9.83,4.03,-0.08,0.02,-0.25,0.0,i-love-you
3037.0,3871.0,2929.0,4095.0,4095.0,2629.0,3184.0,4095.0,1.3,9.84,4.2,-0.08,-0.09,-0.11,0.0,i-love-you
3024.0,3834.0,2928.0,4095.0,4095.0,2624.0,3179.0,4095.0,1.29,9.89,4.22,-0.17,-0.14,-0.15,0.0,i-love-you
3038.0,3861.0,2929.0,4095.0,4095.0,2626.0,3187.0,4095.0,1.35,9.91,3.97,-0.15,-0.16,-0.47,0.0,i-love-you
3026.0,3845.0,2922.0,4095.0,4095.0,2624.0,3174.0,4095.0,0.4,9.88,4.81,-0.3,-0.16,-0.19,0.0,i-love-you
3030.0,3868.0,2928.0,4095.0,4095.0,2631.0,3193.0,4095.0,0.76,9.8,5.37,-0.24,-0.08,-0.16,0.0,i-love-you
3018.0,3867.0,2928.0,4095.0,4095.0,2624.0,3180.0,4095.0,0.81,9.81,5.67,-0.19,0.04,-0.07,0.0,i-love-you
3025.0,3842.0,2926.0,4095.0,4095.0,2625.0,3182.0,4095.0,1.33,9.76,5.7,-0.12,-0.14,-0.03,0.0,i-love-you
3034.0,3871.0,2938.0,4095.0,4095.0,2625.0,3175.0,4095.0,1.27,9.75,5.75,-0.05,-0.01,-0.19,0.0,i-love-you
3026.0,3845.0,2941.0,4095.0,4095.0,2625.0,3178.0,4095.0,1.19,9.77,5.71,-0.04,-0.01,-0.24,0.0,i-love-you
3039.0,3856.0,2922.0,4095.0,4095.0,2627.0,3191.0,4095.0,0.91,9.75,5.56,0.0,-0.04,-0.27,0.0,i-love-you
3025.0,3837.0,2927.0,4095.0,4095.0,2626.0,3182.0,4095.0,0.89,9.77,5.82,-0.08,-0.05,-0.28,0.0,i-love-you
3037.0,3851.0,2922.0,4095.0,4095.0,2636.0,3186.0,4095.0,0.43,9.77,5.87,-0.02,-0.11,-0.25,0.0,i-love-you
3027.0,3838.0,2916.0,4095.0,4095.0,2627.0,3183.0,4095.0,0.16,9.78,5.87,-0.03,-0.08,-0.25,0.0,i-love-you
3026.0,3854.0,2926.0,4095.0,4095.0,2634.0,3186.0,4095.0,0.3,9.73,6.11,-0.03,-0.01,-0.25,0.0,i-love-you
3026.0,3847.0,2938.0,4095.0,4095.0,2631.0,3184.0,4095.0,0.14,9.79,5.88,0.08,-0.01,-0.25,0.0,i-love-you
3029.0,3855.0,2919.0,4095.0,4095.0,2631.0,3181.0,4095.0,0.22,9.77,5.78,0.0,-0.01,-0.26,0.0,i-love-you
3031.0,3868.0,2928.0,4095.0,4095.0,2635.0,3184.0,4095.0,-0.16,9.73,6.16,-0.05,-0.11,-0.3,0.0,i-love-you
3036.0,3838.0,2924.0,4095.0,4095.0,2626.0,3184.0,4095.0,-0.57,9.65,6.27,0.01,-0.05,-0.24,0.0,i-love-you
3042.0,3858.0,2930.0,4095.0,4095.0,2633.0,3185.0,4095.0,-0.43,9.68,6.09,0.09,0.06,-0.15,0.0,i-love-you
3026.0,3850.0,2928.0,4095.0,4095.0,2629.0,3184.0,4095.0,0.19,9.82,5.61,0.04,-0.1,-0.18,0.0,i-love-you
3028.0,3856.0,2943.0,4095.0,4095.0,2640.0,3191.0,4095.0,-0.28,9.73,5.98,-0.03,-0.12,-0.25,0.0,i-love-you
3023.0,3847.0,2931.0,4095.0,4095.0,2634.0,3184.0,4095.0,-0.57,9.71,6.08,-0.02,0.06,-0.16,0.0,i-love-you
3049.0,3862.0,2934.0,4095.0,4095.0,2634.0,3187.0,4095.0,-0.34,9.72,6.14,0.06,0.06,-0.16,0.0,i-love-you
3018.0,3852.0,2919.0,4095.0,4095.0,2629.0,3185.0,4095.0,-0.32,9.79,5.82,0.05,-0.09,-0.18,0.0,i-love-you
3024.0,3854.0,2933.0,4095.0,4095.0,2640.0,3195.0,4095.0,-0.5,9.75,6.0,0.01,-0.06,-0.17,0.0,i-love-you
3024.0,3844.0,2928.0,4095.0,4095.0,2635.0,3191.0,4095.0,-0.59,9.69,6.12,0.01,-0.03,-0.09,0.0,i-love-you
3024.0,3861.0,2918.0,4095.0,4095.0,2630.0,3183.0,4095.0,-0.25,9.73,6.01,0.05,-0.02,-0.09,0.0,i-love-you
3030.0,3867.0,2941.0,4095.0,4095.0,2639.0,3189.0,4095.0,-0.08,9.77,5.81,0.06,-0.05,-0.1,0.0,i-love-you
3031.0,3841.0,2926.0,4095.0,4095.0,2639.0,3185.0,4095.0,-0.03,9.78,5.74,0.04,-0.03,-0.19,0.0,i-love-you
3042.0,3862.0,2934.0,4095.0,4095.0,2639.0,3194.0,4095.0,-0.32,9.78,5.74,0.09,-0.05,-0.2,0.0,i-love-you
3029.0,3853.0,2930.0,4095.0,4095.0,2634.0,3185.0,4095.0,-0.52,9.77,5.78,0.01,-0.04,-0.17,0.0,i-love-you
3040.0,3868.0,2925.0,4095.0,4095.0,2641.0,3192.0,4095.0,-0.61,9.73,5.63,-0.03,0.03,-0.13,0.0,i-love-you
3034.0,3861.0,2918.0,4095.0,4095.0,2626.0,3174.0,4095.0,-0.96,9.7,5.83,0.09,-0.07,-0.2,0.0,i-love-you
3039.0,3887.0,2934.0,4095.0,4095.0,2639.0,3167.0,4095.0,-1.03,9.66,5.95,0.32,-0.1,-0.47,0.0,i-love-you
3034.0,3885.0,2917.0,4095.0,4095.0,2624.0,3143.0,4095.0,-1.35,9.75,4.73,0.39,0.04,-0.39,0.0,i-love-you
3022.0,3897.0,2926.0,4095.0,4095.0,2627.0,3143.0,4095.0,-1.6,9.86,3.84,0.27,0.13,-0.36,0.0,i-love-you
3033.0,3867.0,2927.0,4095.0,4095.0,2643.0,3173.0,4095.0,-2.25,9.64,4.52,-0.06,-0.24,-0.17,0.0,i-love-you
3039.0,3853.0,2924.0,4095.0,4095.0,2672.0,3199.0,4095.0,-1.81,9.79,5.18,-0.22,0.1,-0.07,0.0,i-love-you
3038.0,3847.0,2928.0,4095.0,4095.0,2666.0,3186.0,4095.0,-1.36,9.68,5.01,-0.04,0.02,-0.25,0.0,i-love-you
3037.0,3854.0,2934.0,4095.0,4095.0,2673.0,3186.0,4095.0,-1.7,9.61,5.16,0.06,-0.06,-0.31,0.0,i-love-you
3023.0,3841.0,2923.0,4095.0,4095.0,2663.0,3178.0,4095.0,-1.76,9.57,5.05,0.13,-0.11,-0.41,0.0,i-love-you
3029.0,3848.0,2928.0,4095.0,4095.0,2670.0,3180.0,4095.0,-1.86,9.56,4.84,0.01,-0.16,-0.36,0.0,i-love-you
3025.0,3855.0,2915.0,4095.0,4095.0,2672.0,3184.0,4095.0,-2.61,9.5,4.78,0.06,-0.06,-0.43,0.0,i-love-you
3028.0,3843.0,2917.0,4095.0,4095.0,2670.0,3179.0,4095.0,-3.08,9.45,4.72,0.05,-0.06,-0.29,0.0,i-love-you
3037.0,3882.0,2928.0,4095.0,4095.0,2672.0,3184.0,4095.0,-2.79,9.43,4.8,-0.03,-0.08,-0.16,0.0,i-love-you
3034.0,3856.0,2923.0,4095.0,4095.0,2662.0,3175.0,4095.0,-2.41,9.4,4.87,0.02,-0.1,-0.22,0.0,i-love-you
3026.0,3860.0,2919.0,4095.0,4095.0,2661.0,3159.0,4095.0,-2.97,9.38,4.89,0.02,-0.09,-0.21,0.0,i-love-you
3025.0,3845.0,2917.0,4095.0,4095.0,2662.0,3157.0,4095.0,-2.85,9.38,4.89,0.01,-0.02,-0.14,0.0,i-love-you
3024.0,3857.0,2925.0,4095.0,4095.0,2671.0,3165.0,4095.0,-2.62,9.41,4.87,0.04,-0.03,-0.17,0.0,i-love-you
3026.0,3853.0,2915.0,4095.0,4095.0,2672.0,3169.0,4095.0,-2.95,9.41,4.94,0.0,-0.02,-0.16,0.0,i-love-you
3023.0,3853.0,2928.0,4095.0,4095.0,2659.0,3168.0,4095.0,-2.79,9.42,5.0,0.05,0.01,-0.11,0.0,i-love-you
3045.0,3859.0,2921.0,4095.0,4095.0,2662.0,3178.0,4095.0,-2.58,9.48,4.76,0.05,-0.03,-0.17,0.0,i-love-you
3030.0,3839.0,2925.0,4095.0,4095.0,2657.0,3169.0,4095.0,-2.67,9.42,4.85,0.01,-0.02,-0.18,0.0,i-love-you
3035.0,3843.0,2916.0,4095.0,4095.0,2666.0,3175.0,4095.0,-2.7,9.5,4.56,-0.01,0.17,-0.1,0.0,i-love-you
3024.0,3830.0,2923.0,4095.0,4095.0,2662.0,3167.0,4095.0,-2.74,9.41,4.76,0.05,-0.15,-0.15,0.0,i-love-you
3029.0,3855.0,2928.0,4095.0,4095.0,2658.0,3168.0,4095.0,-2.79,9.42,4.9,0.04,-0.11,-0.16,0.0,i-love-you
3022.0,3857.0,2918.0,4095.0,4095.0,2656.0,3163.0,4095.0,-2.97,9.45,5.39,-0.13,0.15,0.02,0.0,i-love-you
3030.0,3843.0,2930.0,4095.0,4095.0,2663.0,3173.0,4095.0,-2.16,9.43,5.36,0.04,0.05,-0.03,0.0,i-love-you
3024.0,3856.0,2919.0,4095.0,4095.0,2659.0,3173.0,4095.0,-2.23,9.54,4.83,0.12,0.09,-0.15,0.0,i-love-you
3029.0,3867.0,2928.0,4095.0,4095.0,2662.0,3172.0,4095.0,-2.58,9.55,4.54,0.08,0.05,-0.13,0.0,i-love-you
3038.0,3856.0,2923.0,4095.0,4095.0,2659.0,3169.0,4095.0,-2.43,9.6,4.43,0.04,0.09,-0.11,0.0,i-love-you
3037.0,3841.0,2926.0,4095.0,4095.0,2670.0,3184.0,4095.0,-2.29,9.46,4.56,0.04,0.16,-0.15,0.0,i-love-you
3030.0,3856.0,2934.0,4095.0,4095.0,2670.0,3183.0,4095.0,-2.89,9.68,3.96,0.06,0.13,0.02,0.0,i-love-you
3030.0,3854.0,2927.0,4095.0,4095.0,2661.0,3171.0,4095.0,-1.89,9.56,4.74,-0.26,0.1,0.1,0.0,i-love-you
3033.0,3856.0,2927.0,4095.0,4095.0,2665.0,3183.0,4095.0,-1.64,9.58,5.49,-0.07,-0.0,-0.0,0.0,i-love-you
3027.0,3843.0,2929.0,4095.0,4095.0,2660.0,3171.0,4095.0,-1.34,9.69,4.8,0.12,-0.05,-0.14,0.0,i-love-you
3033.0,3856.0,2921.0,4095.0,4095.0,2670.0,3178.0,4095.0,-1.58,9.78,4.43,0.07,-0.01,-0.18,0.0,i-love-you
3024.0,3842.0,2923.0,4095.0,4095.0,2666.0,3173.0,4095.0,-1.76,9.66,4.69,0.01,-0.04,-0.22,0.0,i-love-you
3041.0,3852.0,2930.0,4095.0,4095.0,2671.0,3181.0,4095.0,-2.02,9.69,4.68,0.01,-0.11,-0.2,0.0,i-love-you
3036.0,3838.0,2919.0,4095.0,4095.0,2672.0,3186.0,4095.0,-1.85,9.64,4.67,-0.03,0.08,-0.17,0.0,i-love-you
3024.0,3851.0,2935.0,4095.0,4095.0,2670.0,3185.0,4095.0,-1.96,9.6,4.91,0.03,0.0,-0.26,0.0,i-love-you
3027.0,3844.0,2927.0,4095.0,4095.0,2671.0,3185.0,4095.0,-1.86,9.72,4.58,-0.1,0.03,-0.11,0.0,i-love-you
3033.0,3859.0,2928.0,4095.0,4095.0,2674.0,3183.0,4095.0,-2.35,9.61,5.2,-0.02,-0.17,-0.15,0.0,i-love-you
3025.0,3843.0,2914.0,4095.0,4095.0,2665.0,3184.0,4095.0,-2.04,9.57,5.25,0.17,-0.18,-0.15,0.0,i-love-you
3034.0,3858.0,2928.0,4095.0,4095.0,2675.0,3184.0,4095.0,-1.58,9.72,4.62,0.02,-0.1,-0.13,0.0,i-love-you
3023.0,3847.0,2917.0,4095.0,4095.0,2672.0,3186.0,4095.0,-2.18,9.62,4.35,0.06,0.76,-0.13,0.0,i-love-you
3039.0,3852.0,2922.0,4095.0,4095.0,2674.0,3198.0,4095.0,-2.01,9.76,4.21,-0.19,-0.44,-0.27,0.0,i-love-you
3027.0,3839.0,2923.0,4095.0,4095.0,2671.0,3185.0,4095.0,-2.54,9.39,5.5,-0.22,-0.27,-0.22,0.0,i-love-you
3041.0,3865.0,2928.0,4095.0,4095.0,2675.0,3190.0,4095.0,-2.2,9.52,5.39,-0.0,-0.01,-0.14,0.0,i-love-you
3038.0,3827.0,2927.0,4095.0,4095.0,2670.0,3195.0,4095.0,-2.09,9.61,5.2,-0.04,0.03,-0.16,0.0,i-love-you
3039.0,3870.0,2935.0,4095.0,4095.0,2675.0,3198.0,4095.0,-2.21,9.51,5.51,0.01,-0.02,-0.15,0.0,i-love-you
3027.0,3833.0,2922.0,4095.0,4095.0,2669.0,3198.0,4095.0,-2.18,9.49,5.29,0.05,-0.06,-0.15,0.0,i-love-you
3029.0,3856.0,2928.0,4095.0,4095.0,2673.0,3191.0,4095.0,-2.14,9.57,4.9,0.08,-0.06,-0.18,0.0,i-love-you
3052.0,3849.0,2929.0,4095.0,4095.0,2672.0,3189.0,4095.0,-2.25,9.62,5.03,-0.02,-0.06,-0.11,0.0,i-love-you
3027.0,3850.0,2915.0,4095.0,4095.0,2666.0,3187.0,4095.0,-2.21,9.53,5.45,-0.06,-0.01,-0.05,0.0,i-love-you
3031.0,3858.0,2925.0,4095.0,4095.0,2672.0,3189.0,4095.0,-1.91,9.47,5.56,0.03,0.03,-0.03,0.0,i-love-you
3041.0,3859.0,2927.0,4095.0,4095.0,2663.0,3171.0,4095.0,-1.55,9.6,5.2,0.08,0.03,-0.12,0.0,i-love-you
3041.0,3897.0,2933.0,4095.0,4095.0,2670.0,3159.0,4095.0,-2.1,9.62,4.96,0.24,0.27,-0.18,0.0,i-love-you
3040.0,3891.0,2928.0,4095.0,4095.0,2670.0,3163.0,4095.0,-1.82,9.73,4.67,0.08,0.06,-0.11,0.0,i-love-you
3051.0,3930.0,2930.0,4095.0,4095.0,2683.0,3187.0,4095.0,-1.61,9.71,4.68,0.08,0.26,-0.13,0.0,i-love-you
3031.0,3920.0,2923.0,4095.0,4095.0,2688.0,3183.0,4095.0,-1.61,9.65,4.62,0.02,-0.09,-0.22,0.0,i-love-you
3040.0,4095.0,2935.0,4095.0,4095.0,2515.0,2657.0,4095.0,-1.36,9.67,5.3,-0.12,-0.03,-0.23,0.0,i-love-you
3042.0,4095.0,2927.0,4095.0,4095.0,2517.0,2657.0,4095.0,-1.13,9.7,4.98,-0.01,0.1,-0.27,0.0,i-love-you
3030.0,4095.0,2942.0,4095.0,4095.0,2526.0,2693.0,4095.0,-1.26,9.58,5.31,-0.24,0.07,-0.1,0.0,i-love-you
3041.0,4095.0,2944.0,4095.0,4095.0,2527.0,2711.0,4095.0,-1.69,9.65,5.28,0.05,-0.01,-0.34,0.0,i-love-you
3036.0,4095.0,2926.0,4095.0,4095.0,2532.0,2704.0,4095.0,-1.42,9.73,4.94,0.02,-0.09,-0.19,0.0,i-love-you
3030.0,4095.0,2939.0,4095.0,4095.0,2534.0,2720.0,4095.0,-1.9,9.64,5.06,-0.01,-0.05,-0.18,0.0,i-love-you
3019.0,4095.0,2934.0,4095.0,4095.0,2533.0,2710.0,4095.0,-1.39,9.67,5.2,0.02,-0.01,-0.09,0.0,i-love-you
3037.0,4095.0,2926.0,4095.0,4095.0,2545.0,2720.0,4095.0,-1.39,9.69,5.13,-0.0,-0.08,-0.12,0.0,i-love-you
3027.0,4095.0,2929.0,4095.0,4095.0,2536.0,2719.0,4095.0,-1.65,9.75,5.25,0.0,-0.1,-0.12,0.0,i-love-you
3039.0,4095.0,2928.0,4095.0,4095.0,2541.0,2723.0,4095.0,-1.46,9.74,5.15,0.05,0.09,-0.05,0.0,i-love-you
3024.0,4095.0,2928.0,4095.0,4095.0,2543.0,2720.0,4095.0,-1.38,9.75,4.99,0.06,0.08,-0.1,0.0,i-love-you
3041.0,4095.0,2927.0,4095.0,4095.0,2545.0,2726.0,4095.0,-1.23,9.76,4.92,0.03,0.02,-0.08,0.0,i-love-you
3025.0,4095.0,2931.0,4095.0,4095.0,2544.0,2722.0,4095.0,-1.04,9.85,4.95,-0.04,-0.05,-0.02,0.0,i-love-you
3046.0,4095.0,2931.0,4095.0,4095.0,2555.0,2736.0,4095.0,-0.88,9.73,5.28,-0.01,-0.07,-0.22,0.0,i-love-you
3024.0,4095.0,2928.0,4095.0,4095.0,2551.0,2731.0,4095.0,-1.55,9.76,5.18,0.06,-0.04,-0.21,0.0,i-love-you
3024.0,4095.0,2926.0,4095.0,4095.0,2550.0,2731.0,4095.0,-1.17,9.78,4.95,0.04,0.04,-0.14,0.0,i-love-you
3029.0,4095.0,2948.0,4095.0,4095.0,2555.0,2738.0,4095.0,-1.15,9.77,5.02,0.02,-0.04,-0.16,0.0,i-love-you
3036.0,4095.0,2922.0,4095.0,4095.0,2556.0,2736.0,4095.0,-1.2,9.77,5.01,0.01,-0.03,-0.18,0.0,i-love-you
3038.0,4095.0,2935.0,4095.0,4095.0,2559.0,2741.0,4095.0,-1.18,9.71,5.13,0.02,-0.08,-0.18,0.0,i-love-you
3027.0,4095.0,2926.0,4095.0,4095.0,2559.0,2741.0,4095.0,-1.26,9.79,5.03,0.05,0.12,-0.16,0.0,i-love-you
3050.0,4095.0,2933.0,4095.0,4095.0,2559.0,2751.0,4095.0,-1.11,9.77,5.01,0.03,-0.03,-0.19,0.0,i-love-you
3030.0,4095.0,2935.0,4095.0,4095.0,2559.0,2745.0,4095.0,-1.31,9.74,4.82,0.04,-0.06,-0.2,0.0,i-love-you
3024.0,4095.0,2933.0,4095.0,4095.0,2559.0,2744.0,4095.0,-1.42,9.76,4.9,0.02,-0.01,-0.17,0.0,i-love-you
3024.0,4095.0,2931.0,4095.0,4095.0,2559.0,2748.0,4095.0,-1.33,9.78,4.87,0.01,0.01,-0.16,0.0,i-love-you
3040.0,4095.0,2927.0,4095.0,4095.0,2559.0,2742.0,4095.0,-1.45,9.77,4.84,0.01,0.04,-0.12,0.0,i-love-you
3029.0,4095.0,2945.0,4095.0,4095.0,2559.0,2756.0,4095.0,-1.21,9.79,4.78,-0.05,0.01,-0.08,0.0,i-love-you
3035.0,4095.0,2925.0,4095.0,4095.0,2559.0,2750.0,4095.0,-1.19,9.73,5.09,-0.03,-0.0,-0.12,0.0,i-love-you
3033.0,4095.0,2939.0,4095.0,4095.0,2559.0,2755.0,4095.0,-1.09,9.79,5.02,-0.01,0.04,-0.11,0.0,i-love-you
3034.0,4095.0,2928.0,4095.0,4095.0,2583.0,2757.0,4095.0,-1.08,9.77,5.01,-0.02,0.02,-0.14,0.0,i-love-you
3035.0,4095.0,2944.0,4095.0,4095.0,2582.0,2761.0,4095.0,-0.85,9.78,5.07,-0.05,-0.03,-0.18,0.0,i-love-you
3031.0,4095.0,2928.0,4095.0,4095.0,2559.0,2757.0,4095.0,-1.3,9.77,5.09,-0.03,-0.03,-0.18,0.0,i-love-you
3026.0,4095.0,2929.0,4095.0,4095.0,2578.0,2761.0,4095.0,-1.26,9.77,5.16,-0.06,-0.03,-0.18,0.0,i-love-you
3022.0,4095.0,2923.0,4095.0,4095.0,2559.0,2759.0,4095.0,-1.18,9.76,5.34,-0.07,-0.02,-0.16,0.0,i-love-you
3040.0,4095.0,2933.0,4095.0,4095.0,2580.0,2768.0,4095.0,-1.2,9.7,5.4,-0.06,-0.05,-0.15,0.0,i-love-you
3034.0,4095.0,2931.0,4095.0,4095.0,2583.0,2766.0,4095.0,-1.06,9.73,5.41,-0.07,-0.08,-0.19,0.0,i-love-you
3035.0,4095.0,2937.0,4095.0,4095.0,2559.0,2762.0,4095.0,-1.2,9.68,5.61,-0.07,-0.03,-0.2,0.0,i-love-you
3046.0,4095.0,2928.0,4095.0,4095.0,2590.0,2768.0,4095.0,-1.49,9.65,5.75,-0.04,-0.06,-0.19,0.0,i-love-you
3029.0,4095.0,2928.0,4095.0,4095.0,2559.0,2758.0,4095.0,-1.12,9.68,5.76,-0.03,-0.06,-0.2,0.0,i-love-you
3027.0,4095.0,2929.0,4095.0,4095.0,2559.0,2759.0,4095.0,-1.3,9.63,5.89,-0.02,-0.13,-0.35,0.0,i-love-you
3035.0,4095.0,2925.0,4095.0,4095.0,2559.0,2765.0,4095.0,-1.84,9.52,5.94,0.0,-0.1,-0.25,0.0,i-love-you
3023.0,4095.0,2934.0,4095.0,4095.0,2590.0,2770.0,4095.0,-2.01,9.48,5.81,0.03,-0.04,-0.22,0.0,i-love-you
3035.0,4095.0,2941.0,4095.0,4095.0,2585.0,2771.0,4095.0,-2.17,9.48,5.81,0.04,-0.04,-0.2,0.0,i-love-you
3042.0,4095.0,2941.0,4095.0,4095.0,2588.0,2773.0,4095.0,-2.24,9.48,5.76,0.05,0.0,-0.18,0.0,i-love-you
3020.0,4095.0,2932.0,4095.0,4095.0,2589.0,2768.0,4095.0,-2.09,9.47,5.79,0.05,0.02,-0.18,0.0,i-love-you
3036.0,4095.0,2927.0,4095.0,4095.0,2593.0,2771.0,4095.0,-2.1,9.46,5.79,0.07,0.04,-0.18,0.0,i-love-you
3030.0,4095.0,2933.0,4095.0,4095.0,2591.0,2772.0,4095.0,-2.18,9.48,5.56,0.08,0.07,-0.2,0.0,i-love-you
3047.0,4095.0,2947.0,4095.0,4095.0,2589.0,2777.0,4095.0,-2.27,9.48,5.5,0.06,-0.03,-0.21,0.0,i-love-you
3027.0,4095.0,2925.0,4095.0,4095.0,2588.0,2771.0,4095.0,-2.35,9.47,5.43,0.06,0.01,-0.2,0.0,i-love-you
3039.0,4095.0,2935.0,4095.0,4095.0,2597.0,2783.0,4095.0,-2.34,9.45,5.44,0.07,-0.02,-0.23,0.0,i-love-you
3026.0,4095.0,2927.0,4095.0,4095.0,2591.0,2777.0,4095.0,-2.57,9.41,5.52,0.08,-0.05,-0.2,0.0,i-love-you
3043.0,4095.0,2931.0,4095.0,4095.0,2591.0,2781.0,4095.0,-2.55,9.45,5.44,0.09,0.01,-0.16,0.0,i-love-you
3030.0,4095.0,2932.0,4095.0,4095.0,2593.0,2777.0,4095.0,-2.54,9.46,5.27,0.13,-0.0,-0.16,0.0,i-love-you
3044.0,4095.0,2938.0,4095.0,4095.0,2597.0,2784.0,4095.0,-2.63,9.47,5.12,0.13,0.03,-0.16,0.0,i-love-you
3025.0,4095.0,2938.0,4095.0,4095.0,2597.0,2786.0,4095.0,-2.52,9.47,4.93,0.1,0.0,-0.15,0.0,i-love-you
3025.0,4095.0,2928.0,4095.0,4095.0,2595.0,2784.0,4095.0,-2.6,9.48,4.88,0.08,0.02,-0.16,0.0,i-love-you
3043.0,4095.0,2928.0,4095.0,4095.0,2602.0,2795.0,4095.0,-2.5,9.49,4.9,0.07,0.04,-0.14,0.0,i-love-you
3026.0,4095.0,2929.0,4095.0,4095.0,2597.0,2783.0,4095.0,-2.63,9.47,4.87,0.07,-0.0,-0.13,0.0,i-love-you
3027.0,4095.0,2938.0,4095.0,4095.0,2599.0,2791.0,4095.0,-2.48,9.5,4.78,0.06,0.03,-0.11,0.0,i-love-you
3029.0,4095.0,2941.0,4095.0,4095.0,2596.0,2782.0,4095.0,-2.44,9.5,4.76,0.08,-0.02,-0.12,0.0,i-love-you
3040.0,4095.0,2939.0,4095.0,4095.0,2599.0,2786.0,4095.0,-2.43,9.51,4.71,0.1,0.0,-0.13,0.0,i-love-you
3031.0,4095.0,2928.0,4095.0,4095.0,2595.0,2786.0,4095.0,-2.58,9.58,4.16,0.1,-0.0,-0.09,0.0,i-love-you
3029.0,4095.0,2932.0,4095.0,4095.0,2607.0,2798.0,4095.0,-2.37,9.57,4.04,0.11,0.06,0.08,0.0,i-love-you
3024.0,4095.0,2929.0,4095.0,4095.0,2606.0,2788.0,4095.0,-1.73,9.64,3.85,0.1,0.03,0.03,0.0,i-love-you
3033.0,4095.0,2944.0,4095.0,4095.0,2608.0,2795.0,4095.0,-1.45,9.71,3.65,0.09,0.06,-0.03,0.0,i-love-you
3034.0,4095.0,2928.0,4095.0,4095.0,2605.0,2799.0,4095.0,-1.39,9.74,3.52,0.09,-0.02,-0.14,0.0,i-love-you
3035.0,4095.0,2930.0,4095.0,4095.0,2602.0,2798.0,4095.0,-1.87,9.68,3.56,0.08,-0.06,-0.13,0.0,i-love-you
3026.0,4095.0,2929.0,4095.0,4095.0,2603.0,2792.0,4066.0,-1.54,9.71,3.44,0.06,-0.04,-0.11,0.0,i-love-you
3035.0,4095.0,2944.0,4095.0,4095.0,2603.0,2795.0,4085.0,-1.49,9.72,3.48,0.04,-0.03,-0.14,0.0,i-love-you
3025.0,4095.0,2923.0,4095.0,4095.0,2606.0,2799.0,4077.0,-1.81,9.73,3.45,0.02,-0.04,-0.13,0.0,i-love-you
3034.0,4095.0,2928.0,4095.0,4095.0,2607.0,2795.0,4064.0,-1.47,9.77,3.44,-0.02,0.15,-0.06,0.0,i-love-you
3026.0,4095.0,2941.0,4095.0,4095.0,2605.0,2798.0,4080.0,-1.37,9.7,3.49,0.04,0.04,-0.11,0.0,i-love-you
3027.0,4095.0,2934.0,4095.0,4095.0,2593.0,2795.0,4048.0,-1.36,9.76,3.37,0.02,-0.01,-0.15,0.0,i-love-you
3042.0,4095.0,2934.0,4095.0,4095.0,2608.0,2800.0,4068.0,-1.8,9.73,3.45,0.08,0.03,-0.19,0.0,i-love-you
3024.0,4095.0,2938.0,4095.0,4095.0,2602.0,2800.0,4046.0,-1.46,9.75,3.47,0.03,0.03,-0.09,0.0,i-love-you
3032.0,4095.0,2934.0,4095.0,4095.0,2602.0,2799.0,4047.0,-1.12,9.71,3.48,0.03,-0.07,-0.11,0.0,i-love-you
3034.0,4095.0,2939.0,4095.0,4095.0,2606.0,2800.0,4027.0,-1.2,9.71,3.43,0.08,-0.12,-0.28,0.0,i-love-you
3035.0,4095.0,2937.0,4095.0,4095.0,2607.0,2801.0,4062.0,-1.81,9.64,3.41,0.09,0.01,-0.16,0.0,i-love-you
3024.0,4095.0,2922.0,4095.0,4095.0,2603.0,2799.0,4089.0,-1.49,9.77,3.16,0.02,0.02,-0.12,0.0,i-love-you
3031.0,4095.0,2943.0,4095.0,4095.0,2611.0,2803.0,4095.0,-1.82,9.64,3.42,0.03,0.02,-0.03,0.0,i-love-you
3034.0,4095.0,2928.0,4095.0,4095.0,2607.0,2799.0,4088.0,-1.11,9.8,3.11,0.09,0.06,0.01,0.0,i-love-you
3047.0,4095.0,2937.0,4095.0,4095.0,2615.0,2815.0,4095.0,-0.2,9.86,2.87,-0.0,0.09,-0.12,0.0,i-love-you
3027.0,4095.0,2929.0,4095.0,4095.0,2613.0,2811.0,4095.0,0.08,9.73,2.81,0.11,0.15,-0.17,0.0,i-love-you
3035.0,4095.0,2928.0,4095.0,4095.0,2610.0,2813.0,4095.0,-0.19,9.83,2.85,0.03,0.02,-0.18,0.0,i-love-you
3031.0,4095.0,2928.0,4095.0,4095.0,2615.0,2815.0,4095.0,-0.28,9.8,2.82,-0.02,-0.07,-0.16,0.0,i-love-you
3029.0,4095.0,2934.0,4095.0,4095.0,2609.0,2813.0,4095.0,-0.06,9.78,3.0,-0.02,-0.12,-0.15,0.0,i-love-you
3045.0,4095.0,2934.0,4095.0,4095.0,2622.0,2817.0,4095.0,-0.29,9.84,2.91,0.02,-0.03,-0.2,0.0,i-love-you
3039.0,4095.0,2935.0,4095.0,4095.0,2615.0,2818.0,4095.0,-0.37,9.8,2.91,0.03,-0.01,-0.17,0.0,i-love-you
3045.0,4095.0,2928.0,4095.0,4095.0,2621.0,2821.0,4095.0,-0.48,9.95,2.88,-0.12,-0.11,-0.17,0.0,i-love-you
3036.0,4095.0,2934.0,4095.0,4095.0,2619.0,2817.0,4095.0,-0.32,9.99,2.5,0.14,0.09,-0.06,0.0,i-love-you
3031.0,4095.0,2931.0,4095.0,4095.0,2619.0,2816.0,4095.0,0.44,9.77,2.8,-0.13,-0.07,-0.15,0.0,i-love-you
3033.0,4095.0,2927.0,4095.0,4095.0,2613.0,2810.0,4095.0,-0.43,9.74,3.34,-0.09,-0.17,-0.33,0.0,i-love-you
3037.0,4095.0,2946.0,4095.0,4095.0,2624.0,2819.0,4095.0,-0.66,9.77,3.34,0.09,-0.07,-0.31,0.0,i-love-you
3026.0,4095.0,2939.0,4095.0,4095.0,2614.0,2813.0,4095.0,-0.78,9.74,2.94,0.11,-0.09,-0.12,0.0,i-love-you
3024.0,4095.0,2930.0,4095.0,4095.0,2618.0,2820.0,4095.0,-0.67,9.85,2.67,0.04,-0.13,-0.16,0.0,i-love-you
3026.0,4095.0,2935.0,4095.0,4095.0,2613.0,2820.0,4095.0,-0.88,9.8,2.94,-0.03,-0.04,-0.12,0.0,i-love-you
3033.0,4095.0,2944.0,4095.0,4095.0,2624.0,2820.0,4095.0,-0.65,9.73,2.86,0.02,-0.05,-0.05,0.0,i-love-you
3029.0,4095.0,2928.0,4095.0,4095.0,2626.0,2830.0,4095.0,-0.53,9.99,2.53,-0.08,-0.14,-0.16,0.0,i-love-you
3027.0,4095.0,2938.0,4095.0,4095.0,2614.0,2817.0,4095.0,-0.83,9.74,3.5,-0.06,0.0,-0.1,0.0,i-love-you
3025.0,4095.0,2938.0,4095.0,4095.0,2625.0,2826.0,4095.0,-0.03,9.73,3.46,-0.06,0.08,-0.08,0.0,i-love-you
3024.0,4095.0,2925.0,4095.0,4095.0,2618.0,2822.0,4095.0,-0.3,9.91,2.92,0.05,-0.09,-0.24,0.0,i-love-you
3036.0,4095.0,2937.0,4095.0,4095.0,2624.0,2823.0,4095.0,-0.4,9.88,4.7,-0.31,-0.15,-0.18,0.0,i-love-you
3027.0,4095.0,2933.0,4095.0,4095.0,2631.0,2832.0,4095.0,-0.37,9.75,5.26,-0.28,-0.18,-0.11,0.0,i-love-you
3043.0,4095.0,2925.0,4095.0,4095.0,2627.0,2825.0,4095.0,-0.13,9.75,5.63,-0.22,-0.07,-0.12,0.0,i-love-you
3024.0,4095.0,2946.0,4095.0,4095.0,2626.0,2830.0,4095.0,0.21,9.6,5.89,-0.13,-0.06,-0.16,0.0,i-love-you
3027.0,4095.0,2928.0,4095.0,4095.0,2628.0,2825.0,4095.0,-0.21,9.74,5.88,-0.0,0.04,-0.19,0.0,i-love-you
3031.0,4095.0,2944.0,4095.0,4095.0,2629.0,2826.0,4095.0,-0.5,9.88,5.65,0.06,0.11,-0.23,0.0,i-love-you
3024.0,4095.0,2926.0,4095.0,4095.0,2631.0,2833.0,4095.0,-0.65,9.79,5.57,0.0,0.05,-0.15,0.0,i-love-you
3024.0,4095.0,2934.0,4095.0,4095.0,2640.0,2832.0,4095.0,-0.32,9.75,5.67,-0.12,0.03,-0.05,0.0,i-love-you
3027.0,4095.0,2928.0,4095.0,4095.0,2640.0,2832.0,4095.0,-0.49,9.68,6.04,-0.06,0.32,-0.12,0.0,i-love-you
3035.0,4095.0,2931.0,4095.0,4095.0,2640.0,2839.0,4095.0,-0.02,9.79,5.71,0.06,0.03,-0.05,0.0,i-love-you
3025.0,4095.0,2918.0,4095.0,4095.0,2640.0,2844.0,4095.0,-0.35,9.84,5.55,0.2,-0.23,-0.37,0.0,i-love-you
3038.0,4095.0,2934.0,4095.0,4095.0,2654.0,2859.0,4095.0,-0.38,9.86,5.44,0.08,-0.02,-0.17,0.0,i-love-you
3031.0,4095.0,2931.0,4095.0,4095.0,2649.0,2853.0,4095.0,-0.67,9.79,5.48,0.03,0.02,-0.14,0.0,i-love-you
3027.0,4095.0,2937.0,4095.0,4095.0,2652.0,2853.0,4095.0,-0.85,9.83,5.3,0.03,0.02,-0.02,0.0,i-love-you
3031.0,4095.0,2931.0,4095.0,4095.0,2658.0,2863.0,4095.0,0.05,9.89,5.32,-0.03,0.2,-0.06,0.0,i-love-you
3027.0,4095.0,2935.0,4095.0,4095.0,2653.0,2864.0,4095.0,0.04,9.78,5.67,-0.04,-0.07,-0.04,0.0,i-love-you
3035.0,4095.0,2943.0,4095.0,4095.0,2655.0,2858.0,4095.0,0.04,9.78,5.73,0.0,-0.03,-0.08,0.0,i-love-you
3019.0,4095.0,2923.0,4095.0,4095.0,2656.0,2864.0,4095.0,0.11,9.92,5.33,0.01,-0.06,-0.13,0.0,i-love-you
3030.0,4095.0,2934.0,4095.0,4095.0,2655.0,2865.0,4095.0,-0.05,9.77,5.78,-0.01,-0.07,-0.17,0.0,i-love-you
3038.0,4095.0,2943.0,4095.0,4095.0,2651.0,2861.0,4095.0,-0.1,9.78,5.67,0.02,-0.06,-0.11,0.0,i-love-you
3025.0,4095.0,2938.0,4095.0,4095.0,2659.0,2867.0,4095.0,0.09,9.78,5.58,0.01,-0.13,-0.17,0.0,i-love-you
3043.0,4095.0,2939.0,4095.0,4095.0,2659.0,2870.0,4095.0,0.09,9.8,5.45,0.04,-0.12,-0.21,0.0,i-love-you
3034.0,4095.0,2944.0,4095.0,4095.0,2662.0,2870.0,4095.0,0.0,9.77,5.66,-0.04,0.03,-0.19,0.0,i-love-you
3032.0,4095.0,2944.0,4095.0,4095.0,2653.0,2864.0,4095.0,-0.07,9.8,5.89,-0.05,0.01,-0.18,0.0,i-love-you
3041.0,4095.0,2931.0,4095.0,4095.0,2657.0,2876.0,4095.0,-0.31,9.78,5.81,-0.03,-0.1,-0.23,0.0,i-love-you
3027.0,4095.0,2931.0,4095.0,4095.0,2658.0,2868.0,4095.0,-0.43,9.71,5.93,0.08,0.08,-0.24,0.0,i-love-you
3027.0,4095.0,2942.0,4095.0,4095.0,2669.0,2873.0,4095.0,-0.22,9.81,5.53,0.03,0.01,-0.1,0.0,i-love-you
3031.0,4095.0,2926.0,4095.0,4095.0,2663.0,2874.0,4095.0,-0.42,9.79,5.88,-0.07,0.04,-0.15,0.0,i-love-you
3025.0,4095.0,2932.0,4095.0,4095.0,2671.0,2882.0,4095.0,-0.26,9.79,5.76,0.04,0.05,-0.09,0.0,i-love-you
3031.0,4095.0,2932.0,4095.0,4095.0,2657.0,2875.0,4095.0,-0.09,9.76,6.0,0.0,0.01,-0.12,0.0,i-love-you
3027.0,4095.0,2934.0,4095.0,4095.0,2670.0,2878.0,4095.0,-0.1,9.84,5.46,0.02,-0.12,-0.09,0.0,i-love-you
3035.0,4095.0,2928.0,4095.0,4095.0,2663.0,2871.0,4095.0,-0.39,9.58,6.49,0.1,-0.17,-0.07,0.0,i-love-you
3037.0,4095.0,2938.0,4095.0,4095.0,2671.0,2882.0,4095.0,-0.0,9.91,5.06,0.24,0.07,-0.01,0.0,i-love-you
3030.0,4095.0,2931.0,4095.0,4095.0,2669.0,2876.0,4095.0,0.88,9.95,4.78,-0.12,0.03,-0.13,0.0,i-love-you
3041.0,4095.0,2933.0,4095.0,4095.0,2665.0,2876.0,4095.0,-0.12,9.79,5.65,-0.11,0.02,-0.27,0.0,i-love-you
3044.0,4095.0,2929.0,4095.0,4095.0,2672.0,2886.0,4095.0,-0.25,9.67,6.42,-0.02,-0.03,-0.2,0.0,i-love-you
3027.0,4095.0,2929.0,4095.0,4095.0,2662.0,2881.0,4095.0,-0.21,9.84,5.6,0.11,0.0,-0.22,0.0,i-love-you
3026.0,4095.0,2939.0,4095.0,4095.0,2668.0,2883.0,4095.0,-0.06,9.87,5.17,0.21,-0.14,-0.26,0.0,i-love-you
3031.0,4095.0,2939.0,4095.0,4095.0,2667.0,2876.0,4095.0,-0.39,9.88,4.99,0.15,-0.23,-0.16,0.0,i-love-you
3039.0,4095.0,2940.0,4095.0,4095.0,2672.0,2884.0,4095.0,-0.04,9.83,5.32,-0.18,0.06,-0.28,0.0,i-love-you
3024.0,4095.0,2931.0,4095.0,4095.0,2672.0,2891.0,4095.0,0.1,9.88,4.65,0.11,-0.25,-0.27,0.0,i-love-you
3023.0,4095.0,2935.0,4095.0,4095.0,2678.0,2896.0,4095.0,-0.29,9.96,4.4,-0.0,-0.04,-0.17,0.0,i-love-you
3035.0,4095.0,2928.0,4095.0,4095.0,2667.0,2899.0,4095.0,0.51,9.84,5.01,-0.14,-0.1,-0.16,0.0,i-love-you
3028.0,4095.0,2938.0,4095.0,4095.0,2673.0,2897.0,4095.0,0.08,9.84,4.96,0.09,-0.05,-0.19,0.0,i-love-you
3020.0,4095.0,2927.0,4095.0,4095.0,2672.0,2887.0,4095.0,-0.09,9.94,4.86,-0.09,0.03,-0.22,0.0,i-love-you
3038.0,4095.0,2939.0,4095.0,4095.0,2678.0,2893.0,4095.0,-0.48,9.8,5.38,-0.01,-0.01,-0.18,0.0,i-love-you
3028.0,4095.0,2929.0,4095.0,4095.0,2672.0,2885.0,4095.0,-0.09,9.94,4.69,0.02,-0.07,-0.16,0.0,i-love-you
3042.0,4095.0,2931.0,4095.0,4095.0,2678.0,2897.0,4095.0,-0.16,9.91,4.82,-0.09,-0.04,-0.15,0.0,i-love-you
3029.0,4095.0,2939.0,4095.0,4095.0,2673.0,2893.0,4095.0,-0.23,9.89,4.87,-0.18,-0.05,-0.14,0.0,i-love-you
3034.0,4095.0,2937.0,4095.0,4095.0,2672.0,2891.0,4095.0,-0.14,9.81,5.8,-0.28,-0.07,-0.06,0.0,i-love-you
3035.0,4095.0,2941.0,4095.0,4095.0,2673.0,2887.0,4095.0,0.25,9.55,6.59,-0.03,0.09,-0.11,0.0,i-love-you
3025.0,4095.0,2932.0,4095.0,4095.0,2668.0,2884.0,4095.0,0.19,9.79,5.88,0.13,0.07,-0.19,0.0,i-love-you
3023.0,4095.0,2942.0,4095.0,4095.0,2677.0,2893.0,4095.0,0.04,9.83,5.43,0.12,-0.04,-0.22,0.0,i-love-you
3031.0,4095.0,2933.0,4095.0,4095.0,2670.0,2887.0,4095.0,-0.16,9.84,5.4,0.09,-0.09,-0.23,0.0,i-love-you
3031.0,4095.0,2928.0,4095.0,4095.0,2681.0,2896.0,4095.0,-0.33,9.83,5.35,0.06,0.12,-0.17,0.0,i-love-you
3034.0,4095.0,2941.0,4095.0,4095.0,2670.0,2886.0,4095.0,-0.19,9.89,5.21,0.02,0.02,-0.14,0.0,i-love-you
3030.0,4095.0,2929.0,4095.0,4095.0,2676.0,2897.0,4095.0,-0.02,9.82,5.44,-0.04,-0.03,-0.13,0.0,i-love-you
3030.0,4095.0,2941.0,4095.0,4095.0,2672.0,2892.0,4095.0,0.04,9.85,5.41,-0.01,-0.08,-0.17,0.0,i-love-you
3043.0,4095.0,2928.0,4095.0,4095.0,2674.0,2898.0,4095.0,-0.21,9.8,5.65,-0.03,-0.04,-0.18,0.0,i-love-you
3027.0,4095.0,2930.0,4095.0,4095.0,2670.0,2883.0,4095.0,-0.05,9.82,5.42,0.02,-0.01,-0.19,0.0,i-love-you
3037.0,4095.0,2935.0,4095.0,4095.0,2671.0,2889.0,4095.0,-0.71,9.73,5.93,0.05,-0.06,-0.28,0.0,i-love-you
3041.0,4095.0,2947.0,4095.0,4095.0,2684.0,2901.0,4095.0,-0.89,9.65,5.95,0.05,-0.08,-0.3,0.0,i-love-you
3024.0,4095.0,2939.0,4095.0,4095.0,2678.0,2896.0,4095.0,-1.02,9.66,5.89,0.06,-0.02,-0.23,0.0,i-love-you
3024.0,4095.0,2923.0,4095.0,4095.0,2677.0,2894.0,4095.0,-1.21,9.71,5.69,0.05,-0.07,-0.2,0.0,i-love-you
3041.0,4095.0,2931.0,4095.0,4095.0,2682.0,2901.0,4095.0,-1.19,9.67,5.8,-0.0,0.09,-0.11,0.0,i-love-you
3023.0,4095.0,2938.0,4095.0,4095.0,2672.0,2891.0,4095.0,-0.94,9.69,5.97,-0.05,-0.03,-0.07,0.0,i-love-you
3024.0,4095.0,2929.0,4095.0,4095.0,2677.0,2897.0,4095.0,-0.8,9.65,6.1,0.02,-0.0,-0.16,0.0,i-love-you
3033.0,4095.0,2939.0,4095.0,4095.0,2672.0,2896.0,4095.0,-0.83,9.72,5.67,0.08,0.01,-0.2,0.0,i-love-you
3025.0,4095.0,2945.0,4095.0,4095.0,2677.0,2902.0,4095.0,-1.01,9.84,5.33,-0.12,0.04,-0.21,0.0,i-love-you
3024.0,4095.0,2923.0,4095.0,4095.0,2675.0,2896.0,4095.0,-1.64,9.56,6.22,-0.12,0.03,-0.11,0.0,i-love-you
3027.0,4095.0,2941.0,4095.0,4095.0,2681.0,2901.0,4095.0,-1.09,9.65,6.11,-0.04,0.04,-0.14,0.0,i-love-you
3024.0,4095.0,2923.0,4095.0,4095.0,2676.0,2896.0,4095.0,-1.01,9.59,6.31,-0.05,-0.02,-0.1,0.0,i-love-you
3033.0,4095.0,2933.0,4095.0,4095.0,2681.0,2903.0,4095.0,-0.66,9.66,5.91,0.03,-0.01,-0.15,0.0,i-love-you
3024.0,4095.0,2930.0,4095.0,4095.0,2672.0,2895.0,4095.0,-0.98,9.65,6.05,-0.02,-0.03,-0.16,0.0,i-love-you
3038.0,4095.0,2930.0,4095.0,4095.0,2673.0,2896.0,4095.0,-1.14,9.66,6.24,-0.0,0.06,-0.11,0.0,i-love-you
3043.0,4095.0,2938.0,4095.0,4095.0,2683.0,2896.0,4095.0,-0.93,9.57,6.06,0.02,0.05,-0.1,0.0,i-love-you
3038.0,4095.0,2933.0,4095.0,4095.0,2672.0,2899.0,4095.0,-0.8,9.65,6.31,0.01,0.07,-0.1,0.0,i-love-you
3038.0,4095.0,2941.0,4095.0,4095.0,2677.0,2898.0,4095.0,-0.58,9.58,6.32,0.05,-0.06,-0.2,0.0,i-love-you
3032.0,4095.0,2932.0,4095.0,4095.0,2672.0,2896.0,4095.0,-0.88,9.63,6.08,0.01,-0.02,-0.2,0.0,i-love-you
3033.0,4095.0,2932.0,4095.0,4095.0,2685.0,2902.0,4095.0,-1.17,9.64,6.23,0.02,-0.0,-0.18,0.0,i-love-you
3024.0,4095.0,2943.0,4095.0,4095.0,2690.0,2903.0,4095.0,-0.83,9.5,6.12,0.06,0.0,-0.2,0.0,i-love-you
3027.0,4095.0,2941.0,4095.0,4095.0,2687.0,2897.0,4095.0,-1.78,9.52,6.2,-0.03,-0.03,-0.31,0.0,i-love-you
3039.0,4095.0,2930.0,4095.0,4095.0,2693.0,2910.0,4095.0,-1.37,9.52,6.15,0.02,-0.17,-0.34,0.0,i-love-you
3029.0,4095.0,2923.0,4095.0,4095.0,2687.0,2906.0,4095.0,-2.02,9.43,6.44,0.01,-0.08,-0.29,0.0,i-love-you
3029.0,4095.0,2931.0,4095.0,4095.0,2691.0,2902.0,4095.0,-1.83,9.46,6.29,-0.05,0.03,-0.24,0.0,i-love-you
3023.0,4095.0,2927.0,4095.0,4095.0,2687.0,2899.0,4095.0,-2.09,9.35,6.58,-0.0,-0.22,-0.36,0.0,i-love-you
3041.0,4095.0,2928.0,4095.0,4095.0,2695.0,2911.0,4095.0,-2.49,9.39,6.39,0.03,-0.38,-0.37,0.0,i-love-you
3024.0,4095.0,2928.0,4095.0,4095.0,2691.0,2907.0,4095.0,-1.63,9.11,7.09,-0.05,-0.6,-0.31,0.0,i-love-you
3031.0,4095.0,2929.0,4095.0,4095.0,2702.0,2914.0,4095.0,-2.71,9.31,6.7,0.04,0.02,-0.23,0.0,i-love-you
3023.0,4095.0,2935.0,4095.0,4095.0,2691.0,2912.0,4095.0,-2.24,9.27,6.75,0.06,0.04,-0.21,0.0,i-love-you
3027.0,4095.0,2935.0,4095.0,4095.0,2689.0,2899.0,4095.0,-2.61,9.24,6.64,0.05,-0.17,-0.22,0.0,i-love-you
3031.0,4095.0,2934.0,4095.0,4095.0,2693.0,2914.0,4095.0,-1.9,9.24,6.43,0.0,0.04,-0.16,0.0,i-love-you
3037.0,4095.0,2942.0,4095.0,4095.0,2691.0,2903.0,4095.0,-2.95,9.31,6.36,-0.02,0.55,-0.13,0.0,i-love-you
3024.0,4095.0,2937.0,4095.0,4095.0,2695.0,2912.0,4095.0,-2.3,9.18,6.6,-0.07,-0.07,-0.25,0.0,i-love-you
3025.0,4095.0,2935.0,4095.0,4095.0,2691.0,2910.0,4095.0,-3.07,9.21,6.87,0.09,-0.07,-0.25,0.0,i-love-you
3026.0,4095.0,2939.0,4095.0,4095.0,2697.0,2902.0,4095.0,-3.16,9.11,6.46,0.17,0.02,-0.14,0.0,i-love-you
3026.0,4095.0,2938.0,4095.0,4095.0,2686.0,2902.0,4095.0,-2.38,9.29,6.05,0.19,0.12,-0.09,0.0,i-love-you
3039.0,4095.0,2943.0,4095.0,4095.0,2694.0,2910.0,4095.0,-3.32,9.23,6.33,0.03,-0.71,-0.06,0.0,i-love-you
3024.0,4095.0,2935.0,4095.0,4095.0,2689.0,2905.0,4095.0,-2.38,9.35,5.98,0.14,0.28,0.02,0.0,i-love-you
3040.0,4095.0,2932.0,4095.0,4095.0,2702.0,2918.0,4095.0,-2.46,9.38,5.87,0.23,0.28,0.01,0.0,i-love-you
