hall_1_L,hall_2_L,hall_3_L,flex_t_L,flex_i_L,flex_m_L,flex_r_L,flex_p_L,accel_x_L,accel_y_L,accel_z_L,gyro_x_L,gyro_y_L,gyro_z_L,hand,hall_1_R,hall_2_R,hall_3_R,flex_t_R,flex_i_R,flex_m_R,flex_r_R,flex_p_R,accel_x_R,accel_y_R,accel_z_R,gyro_x_R,gyro_y_R,gyro_z_R,hand,sign
3205.0,1023.0,2970.0,4095.0,3051.0,3010.0,3889.0,3325.0,6.29,-5.44,12.44,-0.32,0.57,-0.55,0.0,2357.0,2129.0,1200.0,3372.0,4095.0,4095.0,4095.0,4095.0,-11.77,-3.52,0.59,-0.49,1.21,0.42,1.0,my-name-is
3206.0,1010.0,3150.0,4095.0,3066.0,3024.0,3919.0,3427.0,4.99,-3.65,10.51,-0.35,0.29,-0.52,0.0,2629.0,4095.0,925.0,3117.0,4095.0,4095.0,4095.0,4095.0,-8.62,-0.71,-0.92,-0.14,-0.36,0.49,1.0,my-name-is
3211.0,1008.0,3539.0,4095.0,3057.0,3014.0,3997.0,3538.0,4.81,-4.21,11.69,-0.22,-0.23,-0.51,0.0,2137.0,4095.0,912.0,3042.0,4095.0,4095.0,4095.0,4095.0,-11.88,-0.77,-0.42,-0.03,-0.07,0.54,1.0,my-name-is
3213.0,1019.0,3497.0,4095.0,3085.0,3014.0,4076.0,3583.0,5.12,-4.13,11.24,0.21,0.31,0.03,0.0,1069.0,4095.0,1045.0,3153.0,4095.0,4095.0,4095.0,4095.0,-13.46,0.73,-7.6,-0.87,0.46,1.6,1.0,my-name-is
3175.0,2971.0,2777.0,4090.0,3071.0,3107.0,3897.0,3164.0,5.9,-3.93,12.48,0.54,-0.57,-0.21,0.0,971.0,4095.0,2150.0,3451.0,4095.0,4095.0,4095.0,3347.0,-4.23,-2.41,3.31,-4.67,-0.06,-0.3,1.0,my-name-is
3123.0,4095.0,2559.0,3773.0,3089.0,3097.0,3783.0,2986.0,6.25,-3.88,14.31,0.64,-0.32,-0.64,0.0,944.0,2834.0,3051.0,3251.0,4095.0,4095.0,4095.0,4095.0,-10.18,-1.48,8.13,4.27,-0.62,0.14,1.0,my-name-is
2791.0,3007.0,2801.0,3351.0,3219.0,2997.0,2101.0,1267.0,9.67,-1.99,8.22,2.19,-0.82,-3.22,0.0,3169.0,2969.0,3124.0,2429.0,4095.0,4095.0,2925.0,2866.0,-10.29,3.82,-6.42,3.56,-1.66,0.99,1.0,my-name-is
3461.0,3015.0,3837.0,2835.0,3459.0,3547.0,2123.0,1469.0,0.98,1.38,5.03,-0.06,-1.12,-2.41,0.0,3803.0,2945.0,2997.0,2281.0,4095.0,4095.0,2797.0,1846.0,1.58,7.07,0.44,-1.44,-0.43,-2.33,1.0,my-name-is
3674.0,3010.0,3947.0,2851.0,3514.0,4067.0,2288.0,1610.0,8.65,2.98,11.11,0.25,0.23,-0.46,0.0,3705.0,2924.0,3005.0,2323.0,4095.0,4095.0,2864.0,2362.0,-21.05,-6.54,10.48,1.0,0.59,0.23,1.0,my-name-is
3739.0,3002.0,4014.0,2928.0,3456.0,4095.0,2326.0,1677.0,4.95,0.05,11.61,-0.47,0.64,0.84,0.0,3783.0,2926.0,3011.0,2416.0,4095.0,4095.0,2815.0,1856.0,-10.52,-3.67,3.3,-1.96,0.38,-2.97,1.0,my-name-is
3678.0,3002.0,3991.0,2997.0,3497.0,4071.0,2326.0,1622.0,8.57,3.45,9.62,0.18,-0.43,-0.26,0.0,3696.0,2928.0,3003.0,2609.0,4095.0,4095.0,2831.0,2058.0,-6.76,2.57,3.0,0.38,-0.26,0.28,1.0,my-name-is
3664.0,2993.0,3995.0,3020.0,3501.0,3966.0,2310.0,1658.0,8.84,3.7,9.33,0.03,-0.11,-0.1,0.0,3679.0,2937.0,3008.0,2615.0,4095.0,4095.0,2835.0,2015.0,-8.26,2.0,2.93,0.01,0.2,-0.02,1.0,my-name-is
3660.0,3001.0,4066.0,3018.0,3455.0,3946.0,2325.0,1678.0,7.85,3.5,9.61,-0.0,-0.15,-0.28,0.0,3678.0,2928.0,2992.0,2622.0,4095.0,4095.0,2837.0,2213.0,-8.79,2.15,3.1,0.0,0.03,0.14,1.0,my-name-is
3664.0,3015.0,4081.0,3017.0,3473.0,3919.0,2330.0,1678.0,8.39,3.19,9.39,0.11,0.03,-0.3,0.0,3679.0,2935.0,3003.0,2630.0,4095.0,4095.0,2849.0,2256.0,-8.39,1.97,2.83,-0.05,0.16,0.05,1.0,my-name-is
3666.0,3019.0,4082.0,3019.0,3501.0,3915.0,2339.0,1686.0,8.82,3.56,9.08,-0.02,0.06,-0.2,0.0,3676.0,2939.0,3002.0,2629.0,4095.0,4095.0,2851.0,2255.0,-9.2,1.93,2.78,-0.08,0.18,-0.1,1.0,my-name-is
3649.0,3005.0,4070.0,3024.0,3503.0,3867.0,2325.0,1689.0,7.78,3.67,9.1,0.02,-0.03,-0.19,0.0,3675.0,2937.0,3012.0,2638.0,4095.0,4095.0,2861.0,2257.0,-8.44,2.4,2.56,-0.1,0.02,-0.02,1.0,my-name-is
3663.0,3008.0,4095.0,3026.0,3504.0,3855.0,2311.0,1684.0,8.19,3.81,9.02,-0.04,-0.01,-0.17,0.0,3687.0,2931.0,3003.0,2634.0,4095.0,4095.0,2862.0,2251.0,-9.1,2.01,2.85,-0.1,0.1,0.01,1.0,my-name-is
3648.0,2993.0,4095.0,3030.0,3505.0,3886.0,2323.0,1703.0,8.04,3.73,9.26,0.02,-0.04,-0.2,0.0,3691.0,2932.0,2997.0,2630.0,4095.0,4095.0,2871.0,2255.0,-8.93,2.12,2.87,-0.03,0.06,-0.02,1.0,my-name-is
3630.0,3015.0,4095.0,3030.0,3501.0,3823.0,2325.0,1706.0,7.94,3.57,9.1,-0.01,-0.02,-0.2,0.0,3675.0,2929.0,3003.0,2640.0,4095.0,4095.0,2864.0,2266.0,-8.77,2.1,2.66,-0.09,0.04,-0.04,1.0,my-name-is
3647.0,3014.0,3984.0,3054.0,3485.0,3833.0,2332.0,1725.0,8.05,4.11,8.99,0.06,-0.06,-0.17,0.0,3675.0,2933.0,3006.0,2608.0,4095.0,4095.0,2875.0,2205.0,-8.98,2.15,2.6,-0.0,-0.03,-0.03,1.0,my-name-is
3259.0,983.0,2367.0,3829.0,3158.0,3085.0,3722.0,3046.0,7.68,-1.24,9.22,0.16,-0.03,-0.15,0.0,3971.0,2738.0,1968.0,3261.0,4095.0,3789.0,4095.0,4095.0,-9.9,-3.8,3.0,-0.01,0.18,-0.42,1.0,my-name-is
3265.0,996.0,2307.0,3790.0,3166.0,3088.0,3722.0,3042.0,8.89,-1.66,9.54,-0.3,-0.06,0.16,0.0,4043.0,2771.0,1382.0,3311.0,4095.0,3799.0,4095.0,4095.0,-8.97,-2.55,2.77,-0.21,0.51,-0.13,1.0,my-name-is
3233.0,1005.0,3217.0,3952.0,3153.0,3171.0,3887.0,3455.0,7.95,-1.88,8.76,-0.68,0.03,0.09,0.0,3573.0,2758.0,1163.0,3343.0,4095.0,3861.0,4095.0,4095.0,-10.81,-1.46,2.46,-0.29,1.11,0.44,1.0,my-name-is
3153.0,1232.0,2923.0,4095.0,3248.0,3344.0,4095.0,3967.0,7.65,-3.26,9.55,-0.46,0.39,-0.14,0.0,2241.0,2303.0,2648.0,3408.0,4095.0,4095.0,4095.0,4095.0,-9.31,-1.53,-7.3,-2.37,-0.37,2.29,1.0,my-name-is
3173.0,976.0,2667.0,4095.0,3323.0,3543.0,4095.0,3968.0,7.12,-3.67,9.36,0.04,-0.04,-0.14,0.0,1591.0,1633.0,2602.0,3386.0,4095.0,4095.0,4095.0,4095.0,-3.85,-0.73,-7.21,-3.62,0.38,1.82,1.0,my-name-is
3157.0,969.0,2150.0,4095.0,3297.0,3526.0,4095.0,3742.0,7.65,-3.63,9.4,-0.11,0.11,-0.09,0.0,2541.0,1634.0,2725.0,3841.0,4095.0,4095.0,4095.0,4095.0,-0.62,-0.43,6.22,1.12,3.06,0.56,1.0,my-name-is
3169.0,1003.0,1718.0,4063.0,3257.0,3546.0,4095.0,3303.0,7.8,-4.12,10.76,0.25,-0.01,-0.32,0.0,961.0,2167.0,2602.0,3939.0,4095.0,4095.0,4095.0,4095.0,-9.46,-0.53,10.75,2.37,-1.7,0.31,1.0,my-name-is
3150.0,3031.0,3362.0,3653.0,3068.0,3043.0,2359.0,1557.0,11.08,-2.27,11.16,1.63,-0.5,-1.85,0.0,1009.0,2955.0,3125.0,2589.0,4095.0,3606.0,2897.0,2845.0,-10.35,0.97,-0.9,5.76,-1.62,0.03,1.0,my-name-is
3219.0,3021.0,3363.0,2850.0,3294.0,3039.0,2158.0,1381.0,8.15,0.08,8.05,0.7,-0.94,-2.44,0.0,3344.0,2960.0,3015.0,2325.0,4095.0,4075.0,2736.0,1260.0,-3.47,5.37,-4.64,2.14,-1.84,-0.1,1.0,my-name-is
3199.0,3008.0,3348.0,2794.0,3447.0,3647.0,2122.0,1367.0,7.77,1.76,7.02,-0.2,-0.7,-1.41,0.0,3787.0,2923.0,3008.0,2251.0,4095.0,4095.0,2802.0,1849.0,-16.43,-7.25,6.54,-3.46,0.84,-4.04,1.0,my-name-is
3213.0,3013.0,3362.0,2926.0,3471.0,4050.0,2194.0,1575.0,12.33,4.17,7.21,-0.28,-0.01,-1.05,0.0,3817.0,2928.0,3009.0,2290.0,4095.0,4095.0,2831.0,2333.0,3.95,6.08,-1.08,0.69,-0.49,-0.43,1.0,my-name-is
3184.0,3002.0,3343.0,3018.0,3505.0,4095.0,2203.0,1568.0,5.99,1.16,8.11,-0.13,-0.28,-0.03,0.0,4021.0,2928.0,3007.0,2198.0,4095.0,4095.0,2863.0,1242.0,-19.6,-8.92,14.27,0.6,-1.15,1.92,1.0,my-name-is
3179.0,3006.0,3344.0,3024.0,3504.0,4095.0,2240.0,1591.0,8.15,3.84,7.58,-0.03,0.3,-0.11,0.0,3975.0,2919.0,3015.0,2373.0,4095.0,4095.0,2885.0,1835.0,-9.11,0.56,2.33,-0.16,0.51,0.0,1.0,my-name-is
3167.0,3019.0,3358.0,3040.0,3525.0,4095.0,2255.0,1616.0,8.87,3.21,7.52,0.03,-0.23,-0.21,0.0,3969.0,2922.0,3007.0,2397.0,4095.0,4095.0,2878.0,1810.0,-9.03,0.02,2.72,-0.09,0.13,0.06,1.0,my-name-is
3178.0,3008.0,3344.0,3051.0,3563.0,4087.0,2263.0,1630.0,8.62,3.11,7.97,0.07,-0.03,-0.2,0.0,3982.0,2925.0,3011.0,2403.0,4095.0,4095.0,2885.0,1791.0,-9.24,0.19,2.12,-0.03,0.04,-0.02,1.0,my-name-is
3190.0,2993.0,3377.0,3024.0,3541.0,4030.0,2274.0,1640.0,8.75,3.0,8.08,-0.01,-0.02,-0.12,0.0,3959.0,2927.0,3015.0,2406.0,4095.0,4095.0,2898.0,1803.0,-8.87,0.31,2.07,-0.01,0.09,-0.1,1.0,my-name-is
3204.0,3003.0,3363.0,3035.0,3534.0,4034.0,2289.0,1650.0,8.49,2.87,8.5,-0.04,-0.06,-0.15,0.0,3978.0,2931.0,3013.0,2453.0,4095.0,4095.0,2886.0,1859.0,-9.4,0.38,1.9,-0.05,0.12,-0.03,1.0,my-name-is
3202.0,3008.0,3370.0,3058.0,3552.0,4000.0,2303.0,1664.0,8.54,2.95,8.16,0.05,-0.06,-0.14,0.0,3954.0,2927.0,3007.0,2478.0,4095.0,4095.0,2885.0,1867.0,-9.07,0.5,1.99,-0.12,0.15,-0.04,1.0,my-name-is
3184.0,3003.0,3345.0,3059.0,3546.0,4032.0,2300.0,1666.0,9.01,2.86,8.15,0.02,-0.05,-0.18,0.0,3965.0,2930.0,3024.0,2508.0,4095.0,4095.0,2895.0,1933.0,-9.06,0.27,1.96,-0.06,-0.08,-0.09,1.0,my-name-is
3184.0,3019.0,3349.0,3079.0,3551.0,3994.0,2303.0,1679.0,8.81,2.91,8.11,0.06,-0.03,-0.19,0.0,3956.0,2929.0,3022.0,2511.0,4095.0,4095.0,2890.0,2000.0,-9.28,0.32,1.9,-0.02,-0.04,-0.09,1.0,my-name-is
3196.0,1008.0,1675.0,4057.0,3024.0,3025.0,3829.0,3095.0,8.36,-1.93,9.37,-0.23,0.4,0.03,0.0,1649.0,3248.0,1737.0,3101.0,4095.0,4048.0,4095.0,4095.0,-9.73,-2.48,0.46,0.27,0.08,0.32,1.0,my-name-is
3191.0,1072.0,995.0,4095.0,3098.0,3035.0,3894.0,3143.0,7.59,-3.61,10.04,-0.57,-0.24,0.2,0.0,1879.0,3330.0,1598.0,3059.0,4095.0,4095.0,4095.0,4095.0,-13.4,-0.87,1.72,-0.43,1.2,0.95,1.0,my-name-is
3200.0,1055.0,977.0,4095.0,3131.0,3046.0,3863.0,3152.0,8.47,-3.77,9.77,-0.38,0.28,-0.11,0.0,1358.0,2857.0,1963.0,3231.0,4095.0,4095.0,4095.0,4095.0,-13.15,-2.66,-7.79,-1.1,0.54,2.66,1.0,my-name-is
3190.0,1050.0,991.0,4095.0,3133.0,3056.0,3890.0,3161.0,7.46,-3.92,9.99,-0.3,0.29,-0.21,0.0,1245.0,994.0,2386.0,3200.0,4095.0,4095.0,4095.0,4095.0,-4.71,-1.88,-0.04,-4.67,-0.13,0.69,1.0,my-name-is
3199.0,1060.0,989.0,4095.0,3142.0,3046.0,3927.0,3185.0,7.69,-3.62,9.16,0.04,0.04,-0.12,0.0,1491.0,1010.0,2541.0,3705.0,4095.0,4095.0,4095.0,4095.0,-6.66,1.6,6.0,-3.18,0.38,-0.15,1.0,my-name-is
3188.0,1053.0,997.0,4095.0,3137.0,3054.0,3844.0,3194.0,7.41,-3.85,9.51,-0.07,0.19,-0.22,0.0,1728.0,1447.0,2464.0,3534.0,4095.0,4095.0,4095.0,4095.0,-8.58,2.31,2.76,-0.16,0.22,0.14,1.0,my-name-is
3149.0,3330.0,977.0,3511.0,3168.0,3094.0,3857.0,3055.0,8.94,-3.0,11.86,0.95,-0.68,-0.86,0.0,943.0,2947.0,3328.0,2916.0,4095.0,4095.0,3183.0,3153.0,-9.53,-1.78,2.75,6.45,-1.08,-0.56,1.0,my-name-is
3237.0,3009.0,3583.0,3166.0,3300.0,3330.0,2263.0,1623.0,8.89,0.49,6.46,0.47,-0.04,-1.35,0.0,989.0,2953.0,3034.0,2010.0,4095.0,4095.0,2805.0,2608.0,-6.03,4.19,-4.09,3.17,-3.19,-1.11,1.0,my-name-is
3213.0,3008.0,3541.0,2847.0,3567.0,3858.0,2196.0,1606.0,9.84,0.94,7.18,-0.17,-0.49,-1.3,0.0,4095.0,2929.0,2992.0,2086.0,4095.0,4095.0,2780.0,2589.0,-1.93,5.49,0.45,0.31,-1.26,-1.57,1.0,my-name-is
3215.0,2993.0,3598.0,2895.0,3578.0,3987.0,2209.0,1515.0,9.51,1.3,8.19,-0.33,-0.28,-1.9,0.0,3970.0,2925.0,2999.0,2165.0,4095.0,4095.0,2813.0,2224.0,-24.85,-2.61,2.65,1.16,0.61,-0.19,1.0,my-name-is
3217.0,3014.0,3611.0,3011.0,3575.0,4045.0,2236.0,1680.0,11.68,3.34,7.67,0.19,-0.23,-0.51,0.0,3901.0,2912.0,2992.0,2273.0,4095.0,4095.0,2826.0,2695.0,-3.82,2.09,1.81,0.69,-0.16,1.39,1.0,my-name-is
3229.0,3024.0,3600.0,2943.0,3546.0,4047.0,2203.0,1669.0,5.7,8.09,9.86,-0.19,-0.26,-1.55,0.0,3875.0,2935.0,2991.0,2296.0,4095.0,4095.0,2825.0,2751.0,-0.63,2.6,-0.1,-1.02,0.06,-2.12,1.0,my-name-is
3213.0,3017.0,3613.0,3027.0,3579.0,4081.0,2251.0,1727.0,11.46,3.18,7.79,0.22,-1.42,-0.45,0.0,3995.0,2925.0,3008.0,2338.0,4095.0,4095.0,2831.0,2686.0,-9.43,-0.78,3.42,-0.11,-0.08,0.05,1.0,my-name-is
3217.0,3018.0,3631.0,3058.0,3632.0,4095.0,2299.0,1750.0,9.43,2.71,7.88,0.15,-0.14,-0.15,0.0,3991.0,2928.0,3004.0,2353.0,4095.0,4095.0,2843.0,2667.0,-9.43,-0.28,1.69,-0.15,0.03,-0.01,1.0,my-name-is
3216.0,3008.0,3615.0,3056.0,3623.0,4069.0,2305.0,1761.0,8.88,2.66,7.36,0.12,0.03,-0.1,0.0,3979.0,2926.0,2997.0,2373.0,4095.0,4095.0,2837.0,2697.0,-9.1,-0.15,2.49,-0.18,0.06,0.03,1.0,my-name-is
3215.0,3021.0,3623.0,3056.0,3601.0,4073.0,2316.0,1760.0,9.25,2.66,7.6,0.1,-0.05,-0.14,0.0,3946.0,2923.0,3003.0,2406.0,4095.0,4095.0,2843.0,2678.0,-9.12,-0.21,2.12,-0.07,0.03,0.01,1.0,my-name-is
3226.0,3019.0,3633.0,3082.0,3616.0,4045.0,2326.0,1774.0,8.93,2.62,7.62,0.01,0.06,-0.11,0.0,3972.0,2915.0,3008.0,2416.0,4095.0,4095.0,2851.0,2755.0,-9.01,0.01,2.08,-0.07,0.04,-0.0,1.0,my-name-is
3214.0,3024.0,3632.0,3067.0,3600.0,4019.0,2322.0,1777.0,9.1,2.58,7.6,-0.01,0.0,-0.13,0.0,3973.0,2934.0,2989.0,2416.0,4095.0,4095.0,2854.0,2746.0,-9.5,-0.17,1.76,-0.06,0.0,-0.03,1.0,my-name-is
3207.0,3024.0,3643.0,3062.0,3609.0,3995.0,2341.0,1795.0,9.05,2.42,7.52,0.0,0.02,-0.12,0.0,3952.0,2924.0,2998.0,2435.0,4095.0,4095.0,2862.0,2766.0,-9.32,-0.2,1.82,-0.06,-0.06,-0.01,1.0,my-name-is
3210.0,3010.0,3633.0,3086.0,3630.0,3987.0,2333.0,1803.0,9.17,2.58,7.63,-0.04,-0.01,-0.11,0.0,3965.0,2921.0,3008.0,2458.0,4095.0,4095.0,2864.0,2765.0,-9.37,-0.09,2.07,-0.08,-0.07,-0.01,1.0,my-name-is
3257.0,2289.0,2789.0,3762.0,3071.0,3121.0,3762.0,3147.0,10.13,-0.64,8.03,-0.26,0.18,0.06,0.0,1165.0,1823.0,2928.0,2896.0,4095.0,3646.0,4095.0,4095.0,-9.19,-2.07,0.75,-0.0,0.26,-0.05,1.0,my-name-is
3153.0,941.0,2671.0,3658.0,3118.0,3069.0,3734.0,3105.0,10.4,-0.97,8.41,-0.14,0.01,-0.03,0.0,2707.0,1859.0,2173.0,2871.0,4095.0,3942.0,4095.0,4095.0,-10.01,-2.19,-0.57,-0.42,0.55,0.12,1.0,my-name-is
3105.0,986.0,2431.0,3699.0,3122.0,3087.0,3724.0,3140.0,8.55,-1.0,8.88,-0.18,0.25,-0.1,0.0,2176.0,1913.0,2642.0,3103.0,4095.0,4095.0,4095.0,4095.0,-13.69,-1.58,-8.71,-0.54,0.67,2.17,1.0,my-name-is
3091.0,1063.0,960.0,3567.0,3200.0,3070.0,3652.0,2832.0,9.21,-0.82,8.62,-0.39,0.33,0.19,0.0,1968.0,949.0,2641.0,3111.0,4095.0,4095.0,4095.0,4095.0,-5.24,-1.38,-8.68,-2.88,-0.5,1.7,1.0,my-name-is
3111.0,1146.0,1171.0,3430.0,3230.0,3103.0,3658.0,2693.0,9.05,-1.5,9.08,-0.11,0.17,-0.08,0.0,1101.0,1072.0,2661.0,3142.0,4095.0,4095.0,4095.0,4095.0,-7.73,-1.16,3.9,-5.14,0.26,-0.4,1.0,my-name-is
3136.0,1249.0,2069.0,3549.0,3223.0,3094.0,3610.0,2643.0,8.55,-1.45,8.57,-0.15,-0.03,-0.26,0.0,2147.0,1472.0,2677.0,3536.0,4095.0,4095.0,4095.0,4095.0,-9.68,2.25,6.12,-0.12,-0.69,-0.83,1.0,my-name-is
3125.0,3391.0,3903.0,3641.0,3216.0,3058.0,2911.0,2034.0,10.22,-0.12,9.62,0.55,-0.13,0.09,0.0,970.0,2688.0,2624.0,3441.0,4095.0,4095.0,4095.0,4095.0,-10.22,-1.85,9.18,3.05,-1.0,0.43,1.0,my-name-is
3201.0,3025.0,3305.0,3392.0,3191.0,3036.0,2207.0,1474.0,10.62,0.48,8.31,0.8,0.19,-1.29,0.0,1087.0,2980.0,3015.0,2885.0,4095.0,4095.0,3570.0,3567.0,-9.6,-0.05,-0.25,5.53,-2.51,-1.09,1.0,my-name-is
3250.0,3024.0,3248.0,2965.0,3376.0,3356.0,2219.0,1456.0,10.3,1.15,7.73,0.57,-0.87,-1.74,0.0,977.0,2935.0,3013.0,2209.0,4095.0,4095.0,2785.0,2711.0,-4.14,5.22,-0.46,0.78,-0.52,-0.81,1.0,my-name-is
3279.0,3023.0,3216.0,2835.0,3542.0,3974.0,2215.0,1503.0,7.79,1.7,7.34,-0.5,-0.22,-1.63,0.0,1188.0,2931.0,3013.0,1769.0,4095.0,4095.0,2786.0,2601.0,-3.53,2.88,0.82,-2.09,0.7,-3.24,1.0,my-name-is
3278.0,3031.0,3213.0,2928.0,3522.0,4091.0,2256.0,1568.0,6.04,1.64,7.98,0.44,0.15,0.8,0.0,4095.0,2925.0,3027.0,2150.0,4095.0,4095.0,2806.0,2753.0,-1.77,3.47,0.23,0.12,-0.1,0.98,1.0,my-name-is
3287.0,3009.0,3217.0,2967.0,3536.0,4095.0,2282.0,1633.0,5.93,0.38,8.32,0.1,-0.93,0.67,0.0,4095.0,2938.0,3019.0,2320.0,4095.0,4095.0,2810.0,2745.0,-6.35,-0.68,0.66,-1.89,-0.02,-2.68,1.0,my-name-is
3274.0,3008.0,3229.0,2959.0,3527.0,4083.0,2279.0,1642.0,12.05,3.5,6.53,0.3,-0.62,0.14,0.0,3979.0,2928.0,3019.0,2369.0,4095.0,4095.0,2821.0,2703.0,-13.21,-1.99,2.33,0.33,-0.94,0.85,1.0,my-name-is
3261.0,3019.0,3238.0,2991.0,3536.0,4081.0,2295.0,1639.0,10.31,2.88,7.18,0.1,0.01,-0.33,0.0,4010.0,2935.0,3026.0,2341.0,4095.0,4095.0,2830.0,2737.0,-5.73,1.85,1.74,0.35,-0.42,0.5,1.0,my-name-is
3254.0,2999.0,3248.0,2992.0,3539.0,4081.0,2304.0,1655.0,8.67,2.7,7.05,0.15,-0.1,-0.22,0.0,4001.0,2933.0,3022.0,2384.0,4095.0,4095.0,2835.0,2767.0,-10.0,0.81,1.76,-0.07,0.11,-0.12,1.0,my-name-is
3255.0,3022.0,3247.0,3009.0,3495.0,3967.0,2320.0,1680.0,8.97,2.67,7.3,0.15,-0.17,-0.22,0.0,3996.0,2930.0,3024.0,2401.0,4095.0,4095.0,2847.0,2832.0,-9.43,0.98,1.91,-0.08,0.15,-0.03,1.0,my-name-is
3254.0,3008.0,3249.0,3018.0,3459.0,3940.0,2320.0,1679.0,9.41,2.75,7.04,-0.11,-0.05,-0.13,0.0,3994.0,2945.0,3024.0,2404.0,4095.0,4095.0,2847.0,2825.0,-9.46,1.16,1.33,-0.01,0.11,0.0,1.0,my-name-is
3271.0,3021.0,3236.0,3006.0,3470.0,3933.0,2352.0,1689.0,9.26,2.63,7.46,-0.02,-0.02,-0.19,0.0,4005.0,2938.0,3024.0,2409.0,4095.0,4095.0,2843.0,2842.0,-9.76,0.94,1.34,-0.17,0.05,-0.02,1.0,my-name-is
3253.0,3023.0,3241.0,3015.0,3436.0,3901.0,2352.0,1698.0,9.17,2.78,7.27,0.01,-0.02,-0.19,0.0,4005.0,2928.0,3010.0,2416.0,4095.0,4095.0,2852.0,2800.0,-9.38,1.04,1.33,-0.13,0.04,-0.04,1.0,my-name-is
3310.0,3004.0,3264.0,3051.0,3383.0,3860.0,2352.0,1680.0,8.81,2.75,7.47,-0.0,-0.0,-0.15,0.0,3996.0,2937.0,3023.0,2423.0,4095.0,4095.0,2850.0,2787.0,-9.45,0.91,1.52,-0.16,-0.03,-0.01,1.0,my-name-is
3258.0,1100.0,3505.0,3471.0,3168.0,3105.0,3937.0,3328.0,9.07,-4.39,8.77,0.27,0.31,-0.16,0.0,2785.0,1762.0,1120.0,2928.0,4095.0,4028.0,4095.0,4095.0,-11.91,-4.1,-0.17,0.13,0.64,0.37,1.0,my-name-is
3248.0,1114.0,3513.0,3487.0,3184.0,3097.0,3932.0,3297.0,8.07,-3.58,7.92,0.7,-0.2,-0.09,0.0,2741.0,1763.0,1119.0,2941.0,4095.0,4031.0,4095.0,4095.0,-11.18,-3.59,-0.07,-0.15,0.17,1.22,1.0,my-name-is
3248.0,1136.0,3517.0,3504.0,3184.0,3090.0,3895.0,3254.0,8.45,-3.13,7.46,0.63,-0.3,0.02,0.0,2976.0,1724.0,1259.0,2928.0,4095.0,4048.0,4095.0,4095.0,-9.25,-1.88,-1.93,-0.49,-0.06,1.47,1.0,my-name-is
3231.0,1154.0,3527.0,3488.0,3185.0,3093.0,3873.0,3247.0,9.21,-4.1,8.12,0.37,0.21,0.06,0.0,2479.0,1904.0,1936.0,2923.0,4095.0,4095.0,4095.0,4095.0,-7.76,-1.46,-5.1,-3.18,-0.12,1.8,1.0,my-name-is
3215.0,1872.0,3521.0,3519.0,3187.0,3090.0,3861.0,3245.0,7.82,-2.95,8.53,0.66,-0.66,-0.07,0.0,2195.0,1931.0,2512.0,3060.0,4095.0,4095.0,4095.0,4095.0,-4.1,-2.3,-2.87,-6.51,1.25,0.86,1.0,my-name-is
3200.0,2003.0,3483.0,3507.0,3189.0,3089.0,3851.0,3245.0,9.53,-2.75,8.97,0.26,-0.22,0.08,0.0,2783.0,1628.0,2722.0,3851.0,4095.0,4095.0,4095.0,3395.0,-22.22,-23.47,8.88,-0.46,6.7,4.07,1.0,my-name-is
3165.0,3877.0,3353.0,3485.0,3225.0,3127.0,3854.0,3150.0,9.55,-2.03,9.67,0.15,-0.4,-0.58,0.0,989.0,2559.0,2829.0,4003.0,4095.0,4095.0,4095.0,4095.0,-8.65,-1.08,8.78,3.77,-1.63,-0.26,1.0,my-name-is
3149.0,3193.0,958.0,3482.0,3163.0,3181.0,3223.0,2415.0,11.47,-2.0,9.99,0.86,-0.21,-1.26,0.0,1168.0,2960.0,3110.0,2914.0,4095.0,4030.0,2998.0,2912.0,-8.43,2.25,-0.67,4.66,-1.61,-0.63,1.0,my-name-is
3179.0,3042.0,3895.0,3429.0,3030.0,2928.0,2335.0,1711.0,10.96,-0.72,7.94,0.66,0.24,-1.89,0.0,2551.0,2948.0,3024.0,2390.0,4095.0,3871.0,2769.0,1893.0,-6.88,4.35,-2.65,3.03,-2.0,-1.14,1.0,my-name-is
3166.0,3023.0,4095.0,2935.0,3445.0,3691.0,2187.0,1615.0,8.17,0.91,8.33,-0.58,-0.33,-1.76,0.0,934.0,2928.0,3009.0,2358.0,4095.0,4095.0,2800.0,1935.0,-4.09,5.59,-0.32,0.28,-0.63,-1.34,1.0,my-name-is
3205.0,2997.0,4095.0,2981.0,3530.0,3931.0,2211.0,1657.0,-2.86,-2.02,6.46,-0.41,-1.17,1.84,0.0,932.0,2922.0,3025.0,2197.0,4095.0,4095.0,2816.0,1875.0,-10.48,-1.7,2.68,-2.87,0.87,-3.44,1.0,my-name-is
3185.0,3016.0,4095.0,2987.0,3533.0,3962.0,2236.0,1697.0,12.89,3.24,8.35,-0.16,-0.75,0.58,0.0,950.0,2932.0,3024.0,2528.0,4095.0,4095.0,2835.0,2162.0,-14.04,-1.39,4.43,0.76,-0.3,1.27,1.0,my-name-is
3179.0,3002.0,4095.0,3024.0,3533.0,3984.0,2247.0,1744.0,11.82,4.3,7.6,-0.23,-0.48,-0.96,0.0,943.0,2918.0,3010.0,2419.0,4095.0,4095.0,2832.0,2224.0,-0.96,4.0,0.38,1.18,-0.51,0.7,1.0,my-name-is
3190.0,3011.0,4095.0,3039.0,3573.0,4047.0,2274.0,1740.0,7.75,1.62,9.36,-0.42,1.08,0.29,0.0,3024.0,2915.0,3024.0,2537.0,4095.0,4095.0,2833.0,1969.0,-19.26,-7.12,9.43,-2.18,0.13,-2.87,1.0,my-name-is
3194.0,3019.0,4095.0,3071.0,3577.0,4080.0,2288.0,1760.0,10.09,4.13,7.41,-0.24,-0.4,-0.49,0.0,4095.0,2915.0,3024.0,2482.0,4095.0,4095.0,2823.0,1626.0,-9.76,0.87,0.75,0.13,-0.41,-0.02,1.0,my-name-is
3183.0,3008.0,4095.0,3093.0,3573.0,4015.0,2295.0,1781.0,8.39,2.97,7.33,-0.26,0.14,-0.09,0.0,4095.0,2932.0,3039.0,2544.0,4095.0,4095.0,2848.0,1771.0,-8.96,0.33,2.44,0.13,0.07,-0.15,1.0,my-name-is
3184.0,3014.0,4095.0,3109.0,3547.0,4063.0,2305.0,1818.0,9.71,3.22,7.48,-0.17,-0.19,-0.18,0.0,4095.0,2934.0,3039.0,2559.0,4095.0,4095.0,2846.0,1727.0,-9.23,0.33,2.97,0.25,0.08,-0.24,1.0,my-name-is
3199.0,3023.0,4095.0,3107.0,3573.0,4007.0,2304.0,1835.0,8.94,3.38,7.32,-0.04,-0.12,-0.1,0.0,4095.0,2928.0,3039.0,2599.0,4095.0,4095.0,2861.0,1767.0,-8.78,0.52,2.92,0.14,-0.17,-0.12,1.0,my-name-is
3179.0,3017.0,4095.0,3122.0,3583.0,4019.0,2320.0,1839.0,9.22,3.27,7.43,0.16,-0.03,-0.13,0.0,4095.0,2925.0,3041.0,2593.0,4095.0,4095.0,2857.0,1775.0,-9.43,0.34,3.08,-0.05,-0.04,-0.02,1.0,my-name-is
3182.0,3005.0,4095.0,3115.0,3550.0,3950.0,2327.0,1847.0,8.85,3.51,6.87,0.09,-0.23,-0.24,0.0,4095.0,2928.0,3038.0,2590.0,4095.0,4095.0,2864.0,1795.0,-9.75,0.02,2.48,-0.18,-0.07,0.02,1.0,my-name-is
3184.0,1097.0,1866.0,3657.0,3200.0,2938.0,3667.0,2992.0,8.79,-2.93,8.51,0.04,0.0,-0.32,0.0,3136.0,2817.0,2415.0,2871.0,4095.0,3891.0,4095.0,4095.0,-9.52,-3.86,2.5,-0.05,-0.0,-0.02,1.0,my-name-is
3190.0,1091.0,2399.0,3648.0,3210.0,2944.0,3692.0,3039.0,9.58,-2.89,8.68,-0.19,0.01,-0.16,0.0,3158.0,2979.0,2674.0,2992.0,4095.0,3963.0,4095.0,4095.0,-8.94,-3.32,2.42,-0.06,-0.06,0.21,1.0,my-name-is
3199.0,1111.0,2373.0,3665.0,3197.0,2956.0,3698.0,3046.0,8.22,-2.65,8.6,-0.13,-0.06,-0.16,0.0,3184.0,2731.0,1920.0,3115.0,4095.0,4095.0,4095.0,4095.0,-10.28,0.17,3.93,-0.81,1.38,1.79,1.0,my-name-is
3200.0,1104.0,2234.0,3687.0,3211.0,2970.0,3664.0,3061.0,8.71,-2.75,8.56,-0.37,0.24,-0.23,0.0,2711.0,1609.0,1931.0,3137.0,4095.0,4095.0,4095.0,4095.0,-13.53,0.09,-5.89,-0.78,1.72,1.83,1.0,my-name-is
3190.0,1101.0,2240.0,3715.0,3191.0,2983.0,3715.0,3069.0,8.09,-3.06,8.74,-0.23,0.31,-0.16,0.0,2178.0,1132.0,2635.0,3262.0,4095.0,4095.0,4095.0,4095.0,-3.46,-2.55,-3.01,-7.05,-0.09,0.45,1.0,my-name-is
3203.0,1125.0,2128.0,3728.0,3206.0,2979.0,3697.0,3047.0,7.67,-3.22,8.83,0.07,0.07,-0.25,0.0,2375.0,1708.0,2645.0,4095.0,4095.0,4095.0,4095.0,4095.0,-8.6,2.28,3.91,0.13,-0.44,0.05,1.0,my-name-is
3155.0,3280.0,4095.0,3716.0,3182.0,3095.0,3381.0,2798.0,10.71,-2.19,9.97,0.84,-0.54,-0.53,0.0,1006.0,2847.0,2681.0,4063.0,4095.0,4095.0,4095.0,4095.0,-7.64,-0.7,8.07,3.59,-1.39,0.44,1.0,my-name-is
3189.0,3020.0,917.0,3552.0,3067.0,3056.0,2253.0,1749.0,11.41,-0.68,7.71,0.94,-0.51,-1.55,0.0,992.0,2944.0,3101.0,2671.0,4095.0,4095.0,2861.0,2931.0,-9.53,3.12,-2.07,1.87,0.45,-1.09,1.0,my-name-is
3186.0,3019.0,931.0,2935.0,3490.0,3681.0,2191.0,1669.0,12.29,-0.15,7.54,-0.14,-0.88,-1.66,0.0,2059.0,2945.0,3018.0,2371.0,4095.0,4095.0,2759.0,2829.0,-17.14,-6.61,1.6,-3.09,-0.13,-3.81,1.0,my-name-is
3195.0,2999.0,933.0,3040.0,3481.0,4047.0,2226.0,1765.0,11.15,1.58,7.38,-0.0,-0.91,0.66,0.0,2878.0,2942.0,3019.0,2324.0,4095.0,4095.0,2837.0,2783.0,-14.85,-3.23,2.12,1.19,-0.82,2.21,1.0,my-name-is
3184.0,3022.0,925.0,3033.0,3514.0,4066.0,2271.0,1755.0,5.23,-0.45,7.95,-0.39,0.49,0.12,0.0,4095.0,2917.0,3015.0,2736.0,4095.0,4095.0,2842.0,2650.0,-31.0,-9.51,11.34,-0.99,1.3,0.61,1.0,my-name-is
3189.0,3019.0,929.0,3060.0,3541.0,4087.0,2283.0,1791.0,9.93,2.46,7.93,-0.03,-0.0,-0.26,0.0,4095.0,2927.0,3024.0,2875.0,4095.0,4095.0,2851.0,2698.0,-7.24,-0.67,0.74,-0.28,0.23,0.05,1.0,my-name-is
3187.0,3015.0,937.0,3118.0,3514.0,4070.0,2282.0,1787.0,9.18,1.94,7.15,0.09,-0.06,-0.15,0.0,4094.0,2912.0,3023.0,2891.0,4095.0,4095.0,2861.0,2750.0,-9.31,-1.31,1.21,-0.1,0.19,0.09,1.0,my-name-is
3184.0,3018.0,926.0,3089.0,3497.0,4050.0,2305.0,1827.0,9.18,2.2,7.37,0.09,-0.1,-0.15,0.0,4095.0,2923.0,3019.0,2861.0,4095.0,4095.0,2867.0,2765.0,-8.82,-0.99,0.9,-0.03,0.07,0.07,1.0,my-name-is
3200.0,3010.0,925.0,3105.0,3501.0,3982.0,2317.0,1827.0,9.27,2.23,7.13,0.02,-0.01,-0.16,0.0,4095.0,2915.0,3014.0,2854.0,4095.0,4095.0,2871.0,2823.0,-9.21,-1.07,0.72,-0.09,-0.14,-0.03,1.0,my-name-is
3187.0,3009.0,937.0,3115.0,3520.0,3966.0,2307.0,1847.0,9.36,2.31,7.13,-0.04,0.0,-0.13,0.0,4095.0,2924.0,3017.0,2857.0,4095.0,4095.0,2868.0,2846.0,-9.62,-1.03,0.59,-0.03,-0.08,0.0,1.0,my-name-is
3174.0,2991.0,926.0,3098.0,3525.0,3949.0,2327.0,1831.0,9.2,1.92,7.36,-0.06,0.01,-0.1,0.0,4095.0,2929.0,3031.0,2861.0,4095.0,4095.0,2870.0,2836.0,-9.58,-1.05,0.36,-0.04,0.01,-0.02,1.0,my-name-is
3167.0,3011.0,934.0,3099.0,3507.0,3891.0,2321.0,1830.0,9.44,2.0,7.31,0.05,-0.06,-0.18,0.0,4083.0,2925.0,3019.0,2849.0,4095.0,4095.0,2877.0,2846.0,-9.27,-1.07,0.94,-0.08,0.1,-0.05,1.0,my-name-is
3186.0,3018.0,933.0,3088.0,3522.0,3918.0,2325.0,1840.0,9.21,2.02,7.52,0.03,-0.13,-0.19,0.0,4095.0,2931.0,3011.0,2863.0,4095.0,4095.0,2877.0,2895.0,-9.35,-0.96,0.75,-0.1,0.01,-0.04,1.0,my-name-is
3169.0,3014.0,941.0,3117.0,3543.0,3888.0,2320.0,1824.0,9.21,2.0,7.14,0.01,0.02,-0.15,0.0,4083.0,2923.0,3034.0,2877.0,4095.0,4095.0,2885.0,2838.0,-9.32,-0.95,0.95,0.03,-0.25,-0.12,1.0,my-name-is
3379.0,1077.0,953.0,4053.0,3136.0,2926.0,3709.0,3008.0,10.36,-3.08,8.67,-0.24,0.58,-0.08,0.0,4095.0,3141.0,2322.0,3351.0,4095.0,3699.0,4095.0,4095.0,-9.13,-3.72,1.17,-0.45,-0.01,0.32,1.0,my-name-is
3374.0,1082.0,944.0,4038.0,3145.0,2940.0,3702.0,3022.0,8.96,-2.08,7.88,0.39,-0.1,-0.29,0.0,4095.0,3137.0,2339.0,3659.0,4095.0,3743.0,4095.0,4095.0,-9.22,-3.59,1.1,-0.43,-0.1,0.63,1.0,my-name-is
3367.0,1081.0,943.0,4071.0,3139.0,2939.0,3719.0,3024.0,8.14,-2.14,7.97,0.47,-0.22,0.06,0.0,2592.0,2551.0,2411.0,3071.0,4095.0,4093.0,4095.0,4095.0,-12.02,-2.79,-1.84,-1.33,2.25,1.57,1.0,my-name-is
3379.0,1072.0,944.0,4079.0,3140.0,2935.0,3709.0,3024.0,9.77,-2.19,8.13,0.11,-0.0,0.38,0.0,2192.0,2478.0,2374.0,3343.0,4095.0,4095.0,4095.0,4095.0,-11.4,-0.15,-8.02,-2.13,-0.5,2.1,1.0,my-name-is
3382.0,1072.0,938.0,4069.0,3135.0,2939.0,3697.0,3024.0,9.8,-2.5,8.16,-0.19,0.29,0.05,0.0,1885.0,1953.0,2537.0,3199.0,4095.0,4095.0,4095.0,4095.0,-4.63,0.26,-5.02,-4.5,0.75,1.79,1.0,my-name-is
3319.0,2895.0,949.0,4084.0,3117.0,2900.0,3663.0,3008.0,7.94,-2.63,8.63,-0.29,0.31,-0.31,0.0,2944.0,1591.0,2657.0,3519.0,4095.0,4095.0,4095.0,4095.0,-7.9,2.83,-1.23,0.89,-1.26,-0.88,1.0,my-name-is
3149.0,3155.0,1527.0,3731.0,3130.0,2981.0,3315.0,2555.0,10.4,-1.83,9.41,0.6,-0.19,-0.88,0.0,965.0,1142.0,2558.0,3661.0,4095.0,4095.0,4095.0,4095.0,-9.39,0.37,7.43,1.39,-1.31,-0.24,1.0,my-name-is
3119.0,3022.0,1557.0,3429.0,3200.0,3011.0,2522.0,1897.0,11.85,-1.55,8.14,1.24,-0.54,-1.8,0.0,2502.0,2942.0,3165.0,3419.0,4095.0,3997.0,3454.0,3302.0,-6.11,-0.67,6.15,4.79,-0.48,-0.62,1.0,my-name-is
3187.0,3017.0,2023.0,3100.0,3280.0,3035.0,2185.0,1651.0,8.74,0.45,6.18,-0.02,-0.22,-1.84,0.0,950.0,2974.0,3033.0,2559.0,4095.0,3473.0,2797.0,2418.0,-9.88,1.88,-4.97,3.91,-1.69,-1.34,1.0,my-name-is
3173.0,3006.0,2017.0,2913.0,3453.0,3970.0,2224.0,1654.0,9.29,1.88,7.9,-0.72,-0.63,-1.04,0.0,933.0,2935.0,3021.0,2293.0,4095.0,4095.0,2803.0,2143.0,-2.42,3.43,0.93,-1.21,1.19,-1.87,1.0,my-name-is
3155.0,3009.0,1987.0,3011.0,3471.0,4061.0,2256.0,1763.0,6.64,0.98,9.71,0.12,0.22,0.07,0.0,942.0,2928.0,3013.0,2451.0,4095.0,4095.0,2819.0,2544.0,-5.83,1.88,2.44,0.56,-0.1,1.74,1.0,my-name-is
3168.0,3021.0,1995.0,3047.0,3495.0,4083.0,2274.0,1771.0,10.58,2.81,7.16,-0.11,0.12,-1.31,0.0,912.0,2926.0,3024.0,2559.0,4095.0,4095.0,2834.0,2469.0,-20.44,-2.92,3.14,0.43,1.58,-0.51,1.0,my-name-is
3177.0,3007.0,1986.0,3071.0,3557.0,4066.0,2272.0,1773.0,8.03,2.54,7.82,-0.16,0.5,-0.11,0.0,2179.0,2935.0,3012.0,2515.0,4095.0,4095.0,2847.0,2599.0,-8.68,-0.92,2.06,-0.47,0.62,0.26,1.0,my-name-is
3166.0,3013.0,1983.0,3088.0,3599.0,4047.0,2278.0,1809.0,8.88,2.5,7.05,-0.08,0.19,0.0,0.0,3008.0,2928.0,3029.0,2542.0,4095.0,4095.0,2851.0,2621.0,-9.56,-0.37,1.48,0.02,0.22,-0.01,1.0,my-name-is
3165.0,3007.0,1971.0,3097.0,3574.0,4031.0,2319.0,1823.0,9.1,2.22,7.34,0.17,0.09,-0.06,0.0,3375.0,2923.0,3016.0,2558.0,4095.0,4095.0,2868.0,2522.0,-9.28,-0.46,1.65,-0.04,-0.2,-0.15,1.0,my-name-is
3161.0,3009.0,1968.0,3095.0,3573.0,3983.0,2325.0,1827.0,9.06,2.13,7.91,0.07,0.17,-0.14,0.0,3614.0,2924.0,3022.0,2559.0,4095.0,4095.0,2864.0,2541.0,-9.43,-0.47,1.57,-0.18,0.05,-0.14,1.0,my-name-is
3167.0,3004.0,1969.0,3089.0,3581.0,3997.0,2324.0,1828.0,9.02,2.08,7.74,0.15,0.12,-0.14,0.0,4095.0,2926.0,3024.0,2617.0,4095.0,4095.0,2864.0,2471.0,-9.62,-0.3,1.47,-0.22,-0.02,-0.02,1.0,my-name-is
3177.0,3001.0,1969.0,3105.0,3568.0,3941.0,2322.0,1840.0,8.91,2.21,7.46,0.09,0.03,-0.1,0.0,4095.0,2923.0,3014.0,2623.0,4095.0,4095.0,2876.0,2557.0,-9.46,-0.69,1.48,-0.09,-0.04,0.01,1.0,my-name-is
3162.0,3007.0,1979.0,3095.0,3583.0,3914.0,2320.0,1827.0,8.95,2.6,7.32,0.11,-0.22,-0.16,0.0,4095.0,2928.0,3024.0,2655.0,4095.0,4095.0,2877.0,2542.0,-9.02,-0.41,1.61,-0.01,-0.18,-0.06,1.0,my-name-is
3166.0,3018.0,1982.0,3103.0,3558.0,3889.0,2330.0,1839.0,9.45,2.47,7.51,0.01,-0.14,-0.18,0.0,4095.0,2928.0,3024.0,2663.0,4095.0,4095.0,2882.0,2541.0,-9.67,-0.58,1.91,0.01,-0.18,-0.09,1.0,my-name-is
3025.0,2243.0,1965.0,3658.0,3248.0,3122.0,3824.0,3009.0,9.27,-0.57,7.42,-0.3,0.1,0.07,0.0,2206.0,1312.0,993.0,2815.0,4095.0,4095.0,4095.0,4095.0,-10.15,-2.72,0.84,-0.25,0.18,-0.33,1.0,my-name-is
3061.0,1104.0,1079.0,4046.0,3278.0,3057.0,3760.0,3003.0,8.33,-1.26,7.62,-0.34,0.27,-0.0,0.0,2133.0,2015.0,974.0,2963.0,4095.0,4095.0,4095.0,4095.0,-11.14,-2.57,1.28,-0.15,0.31,0.14,1.0,my-name-is
3099.0,1758.0,951.0,4048.0,3145.0,2963.0,3679.0,2996.0,9.66,-2.3,8.72,0.07,-0.03,0.01,0.0,2082.0,2214.0,1190.0,2977.0,4095.0,4095.0,4095.0,4095.0,-12.81,-1.01,1.14,-0.63,0.88,0.86,1.0,my-name-is
3092.0,1690.0,961.0,4002.0,3194.0,3001.0,3671.0,3008.0,8.57,-2.45,8.55,-0.29,0.14,-0.18,0.0,1945.0,1984.0,2193.0,2980.0,4095.0,4095.0,4095.0,4095.0,-4.23,-1.72,-6.36,-3.02,-1.27,1.77,1.0,my-name-is
3088.0,4095.0,976.0,4031.0,3163.0,2974.0,3631.0,2978.0,8.89,-2.76,8.57,0.16,0.11,-0.17,0.0,2097.0,1327.0,2437.0,2989.0,4095.0,4095.0,4095.0,4095.0,-4.48,-3.42,-2.31,-5.72,-0.02,0.41,1.0,my-name-is
3088.0,4095.0,3101.0,4021.0,3195.0,3028.0,3633.0,2672.0,9.15,-1.84,8.68,0.21,-0.02,-0.28,0.0,2613.0,1437.0,2512.0,3333.0,4095.0,4095.0,4095.0,4095.0,-8.54,1.57,3.34,0.25,-0.46,-0.02,1.0,my-name-is
3100.0,3123.0,4095.0,3651.0,3280.0,3104.0,2863.0,2022.0,10.99,-0.35,8.18,1.02,-0.45,-1.63,0.0,962.0,2971.0,3269.0,3269.0,4095.0,4031.0,3365.0,3276.0,-8.9,-0.53,-0.01,5.44,-1.1,-0.79,1.0,my-name-is
3130.0,3034.0,3721.0,3130.0,3431.0,3197.0,2337.0,1668.0,8.9,0.18,7.15,0.35,0.68,-1.68,0.0,2255.0,2946.0,3008.0,2405.0,4095.0,4095.0,2800.0,2517.0,-6.95,3.62,-1.54,2.36,-1.8,-1.41,1.0,my-name-is
3115.0,3024.0,3551.0,2993.0,3461.0,3345.0,2317.0,1673.0,9.28,1.66,7.05,-0.27,-0.62,-1.4,0.0,4095.0,2931.0,3001.0,2286.0,4095.0,4095.0,2779.0,2602.0,-4.28,4.17,-1.72,-0.06,-0.15,-1.85,1.0,my-name-is
3125.0,3034.0,3535.0,2989.0,3466.0,3654.0,2278.0,1637.0,1.98,-0.54,8.0,-0.48,-0.71,1.5,0.0,4095.0,2929.0,3002.0,2416.0,4095.0,4095.0,2810.0,2605.0,-12.6,-1.54,2.86,0.8,-1.04,1.18,1.0,my-name-is
3118.0,3005.0,3515.0,3071.0,3495.0,3747.0,2323.0,1699.0,12.17,3.86,7.41,0.03,-0.32,0.24,0.0,4095.0,2928.0,3002.0,2384.0,4095.0,4095.0,2826.0,1978.0,0.01,4.54,0.91,0.59,-0.5,0.08,1.0,my-name-is
3121.0,3011.0,3542.0,3093.0,2938.0,3871.0,2335.0,1701.0,5.74,0.28,7.81,-0.51,2.03,0.92,0.0,4095.0,2925.0,3002.0,2399.0,4095.0,4095.0,2848.0,2330.0,-7.92,0.3,0.91,-0.3,0.17,-0.02,1.0,my-name-is
3120.0,3024.0,3536.0,3130.0,3472.0,3929.0,2347.0,1740.0,9.67,3.57,8.25,-0.02,0.18,-0.05,0.0,4095.0,2927.0,3010.0,2414.0,4095.0,4095.0,2857.0,2288.0,-9.09,0.03,2.29,-0.02,0.09,0.03,1.0,my-name-is
3151.0,3021.0,3558.0,3147.0,3328.0,3917.0,2363.0,1781.0,9.22,2.82,7.75,0.19,-0.14,-0.16,0.0,4095.0,2915.0,3005.0,2445.0,4095.0,4095.0,2853.0,2390.0,-9.32,-0.35,1.63,-0.07,-0.12,0.0,1.0,my-name-is
3134.0,3018.0,3552.0,3150.0,3458.0,3918.0,2381.0,1795.0,9.04,2.74,7.45,0.16,-0.08,-0.09,0.0,4095.0,2909.0,3000.0,2446.0,4095.0,4095.0,2862.0,2406.0,-9.14,-0.36,1.84,-0.13,-0.11,-0.05,1.0,my-name-is
3115.0,3005.0,3555.0,3152.0,3511.0,3899.0,2390.0,1810.0,9.06,2.83,7.71,0.09,-0.05,-0.1,0.0,4095.0,2923.0,3007.0,2454.0,4095.0,4095.0,2874.0,2404.0,-9.3,-0.45,1.81,-0.14,-0.02,-0.04,1.0,my-name-is
3121.0,3015.0,3564.0,3152.0,3568.0,3942.0,2409.0,1817.0,8.97,2.84,7.64,0.03,0.03,-0.13,0.0,4095.0,2928.0,3006.0,2464.0,4095.0,4095.0,2879.0,2388.0,-9.23,-0.3,1.8,-0.12,-0.06,-0.02,1.0,my-name-is
3130.0,3005.0,3575.0,3173.0,3562.0,3895.0,2405.0,1823.0,9.16,2.82,7.65,0.0,0.04,-0.14,0.0,4095.0,2925.0,3006.0,2470.0,4095.0,4095.0,2870.0,2707.0,-9.19,-0.36,1.96,-0.12,-0.08,-0.02,1.0,my-name-is
3120.0,3021.0,3567.0,3159.0,3568.0,3901.0,2417.0,1824.0,8.97,2.58,7.88,0.02,-0.01,-0.13,0.0,4095.0,2928.0,2999.0,2480.0,4095.0,4095.0,2878.0,2711.0,-9.28,-0.36,1.6,-0.11,-0.02,-0.04,1.0,my-name-is
3122.0,3024.0,3558.0,3184.0,3562.0,3898.0,2411.0,1834.0,8.93,2.58,7.91,0.06,0.04,-0.13,0.0,4095.0,2915.0,3001.0,2483.0,4095.0,4095.0,2882.0,2701.0,-9.35,-0.4,1.65,-0.13,0.02,-0.07,1.0,my-name-is
3103.0,1909.0,1346.0,3390.0,3131.0,3147.0,3967.0,3280.0,9.24,-2.06,8.33,-0.28,0.19,-0.04,0.0,2208.0,2853.0,1859.0,3024.0,4095.0,4095.0,4095.0,4095.0,-9.43,-1.3,-1.67,-0.86,-0.27,1.5,1.0,my-name-is
3147.0,1583.0,1807.0,3484.0,3343.0,3117.0,3967.0,3321.0,8.87,-2.41,8.45,-0.13,-0.02,-0.04,0.0,2209.0,2732.0,1982.0,2985.0,4095.0,4095.0,4095.0,4095.0,-6.52,0.13,-5.9,-2.99,0.06,0.89,1.0,my-name-is
3215.0,1373.0,1533.0,3523.0,3263.0,3119.0,3951.0,3335.0,8.67,-2.4,8.82,0.07,-0.09,-0.15,0.0,2210.0,1470.0,2112.0,2990.0,4095.0,4095.0,4095.0,4095.0,-7.81,-1.48,-2.71,-4.7,0.16,0.42,1.0,my-name-is
3210.0,1366.0,2032.0,3504.0,3278.0,3125.0,4023.0,3344.0,8.76,-2.49,8.47,0.03,0.05,-0.12,0.0,2689.0,1563.0,2140.0,3344.0,4095.0,4095.0,4095.0,4095.0,-11.85,1.49,5.88,-0.48,0.47,-0.21,1.0,my-name-is
3181.0,2608.0,1392.0,3531.0,3303.0,3105.0,3946.0,3296.0,8.85,-2.15,9.67,0.3,-0.05,-0.11,0.0,2637.0,1398.0,2081.0,3392.0,4095.0,4095.0,4095.0,4095.0,-8.09,1.82,3.28,-0.03,0.03,0.17,1.0,my-name-is
3221.0,2928.0,2629.0,3508.0,3326.0,3179.0,4052.0,3226.0,10.75,-1.24,9.63,0.93,-0.29,-0.9,0.0,1175.0,2932.0,3311.0,2870.0,4095.0,4095.0,3572.0,3583.0,-7.48,0.65,1.12,4.98,-0.63,-0.88,1.0,my-name-is
3177.0,3039.0,4095.0,3619.0,3173.0,2674.0,2213.0,1658.0,9.33,1.41,6.12,0.72,0.55,-1.86,0.0,915.0,2958.0,3030.0,2628.0,4095.0,4095.0,2812.0,2722.0,-9.47,3.23,-0.78,3.41,-0.97,-0.7,1.0,my-name-is
3184.0,3001.0,4095.0,2931.0,3411.0,3744.0,2140.0,1651.0,-4.6,1.46,7.49,-0.26,-0.11,-0.07,0.0,1099.0,2921.0,3014.0,2256.0,4095.0,4095.0,2830.0,2071.0,-6.0,1.64,2.46,-1.09,-0.24,-2.98,1.0,my-name-is
3186.0,2995.0,4095.0,3050.0,3520.0,3950.0,2215.0,1718.0,11.92,4.06,7.37,-0.21,-0.24,-0.37,0.0,1045.0,2924.0,3011.0,2553.0,4095.0,4095.0,2850.0,2282.0,-2.29,3.65,1.64,0.33,0.17,1.02,1.0,my-name-is
3188.0,3015.0,4095.0,3046.0,3546.0,3958.0,2253.0,1723.0,-1.22,1.63,6.69,-0.36,0.65,0.87,0.0,940.0,2928.0,3018.0,2593.0,4095.0,4095.0,2896.0,2319.0,-10.65,0.15,2.53,-0.14,-0.11,-0.31,1.0,my-name-is
3171.0,3022.0,4095.0,3121.0,3539.0,4005.0,2228.0,1770.0,10.56,3.81,7.15,0.01,-1.04,-0.27,0.0,2757.0,2927.0,3024.0,2559.0,4095.0,4095.0,2907.0,2445.0,-8.27,-0.26,3.08,0.04,-0.11,-0.1,1.0,my-name-is
3168.0,3007.0,4095.0,3126.0,3583.0,3980.0,2260.0,1774.0,8.6,2.78,7.51,0.01,-0.01,0.03,0.0,2890.0,2929.0,3025.0,2617.0,4095.0,4095.0,2912.0,2471.0,-9.81,-0.41,1.95,-0.03,0.03,-0.17,1.0,my-name-is
3167.0,2992.0,4095.0,3149.0,3577.0,3956.0,2262.0,1799.0,9.28,2.72,8.08,0.05,-0.1,-0.07,0.0,2903.0,2925.0,3024.0,2627.0,4095.0,4095.0,2906.0,2436.0,-9.05,-0.29,2.55,-0.09,0.16,-0.05,1.0,my-name-is
3193.0,3023.0,4095.0,3148.0,3557.0,3959.0,2282.0,1815.0,9.16,2.68,7.8,0.07,-0.01,-0.18,0.0,2901.0,2926.0,3019.0,2611.0,4095.0,4095.0,2919.0,2384.0,-9.3,-0.24,1.94,-0.03,-0.06,-0.04,1.0,my-name-is
3153.0,3008.0,4095.0,3153.0,3568.0,3975.0,2287.0,1795.0,8.85,2.66,7.76,0.0,0.05,-0.14,0.0,2907.0,2927.0,3024.0,2636.0,4095.0,4095.0,2917.0,2477.0,-8.99,-0.22,2.17,-0.12,0.1,0.02,1.0,my-name-is
3170.0,3014.0,4095.0,3170.0,3612.0,3946.0,2305.0,1825.0,8.89,2.75,7.77,0.01,-0.07,-0.19,0.0,2909.0,2913.0,3022.0,2637.0,4095.0,4095.0,2914.0,2466.0,-9.21,-0.34,2.08,-0.06,-0.07,-0.03,1.0,my-name-is
3175.0,3004.0,4095.0,3166.0,3583.0,3961.0,2311.0,1838.0,8.87,2.84,7.82,-0.02,-0.16,-0.17,0.0,2914.0,2921.0,3015.0,2640.0,4095.0,4095.0,2921.0,2390.0,-9.26,-0.24,2.09,-0.08,-0.0,-0.11,1.0,my-name-is
3169.0,3021.0,4095.0,3167.0,3578.0,3940.0,2320.0,1842.0,9.24,2.72,7.65,-0.02,-0.08,-0.17,0.0,2971.0,2928.0,3027.0,2661.0,4095.0,4095.0,2928.0,2451.0,-9.27,-0.44,1.96,-0.03,0.03,-0.09,1.0,my-name-is
3184.0,3007.0,4095.0,3181.0,3583.0,3952.0,2309.0,1823.0,9.0,2.73,7.63,-0.01,-0.13,-0.17,0.0,2960.0,2929.0,3018.0,2654.0,4095.0,4095.0,2922.0,2502.0,-9.03,-0.31,2.1,-0.05,0.04,-0.09,1.0,my-name-is
3176.0,3019.0,4095.0,3171.0,3567.0,3939.0,2337.0,1853.0,9.34,2.66,7.75,-0.04,-0.03,-0.12,0.0,2986.0,2916.0,3025.0,2634.0,4095.0,4095.0,2919.0,2493.0,-9.27,-0.32,1.99,0.03,0.02,-0.09,1.0,my-name-is
3286.0,1062.0,927.0,3953.0,3136.0,3111.0,3873.0,3094.0,8.64,-2.33,7.54,-0.06,0.09,-0.25,0.0,1089.0,2481.0,1424.0,2883.0,4095.0,4095.0,4095.0,4095.0,-7.78,0.06,-0.96,-0.74,-0.15,0.95,1.0,my-name-is
3291.0,1056.0,939.0,3959.0,3146.0,3103.0,3851.0,3054.0,9.07,-2.06,7.81,-0.07,-0.03,-0.16,0.0,1285.0,2491.0,1495.0,2926.0,4095.0,4095.0,4095.0,4095.0,-7.06,2.52,0.35,-1.0,-0.3,0.68,1.0,my-name-is
3280.0,1069.0,938.0,3951.0,3154.0,3099.0,3806.0,3051.0,9.2,-2.47,7.84,-0.27,0.2,-0.15,0.0,1436.0,2406.0,1562.0,2973.0,4095.0,4095.0,4095.0,4095.0,-10.34,1.68,-2.86,-0.97,0.71,0.64,1.0,my-name-is
3279.0,1057.0,943.0,3967.0,3152.0,3090.0,3777.0,2997.0,8.82,-2.43,7.94,-0.07,0.06,-0.13,0.0,1773.0,2215.0,2064.0,3009.0,4095.0,4095.0,4095.0,4095.0,-6.81,1.73,-3.27,-3.92,0.25,0.34,1.0,my-name-is
3271.0,1073.0,944.0,3995.0,3147.0,3057.0,3749.0,3009.0,9.52,-2.26,7.53,-0.05,-0.0,-0.13,0.0,2925.0,1522.0,2531.0,3403.0,4095.0,4095.0,4095.0,4095.0,-8.63,2.52,1.76,-0.1,0.15,-0.0,1.0,my-name-is
3246.0,1139.0,944.0,3984.0,3147.0,3054.0,3733.0,3007.0,9.09,-2.41,8.2,-0.07,0.06,-0.21,0.0,3007.0,1515.0,2544.0,3414.0,4095.0,4095.0,4095.0,4095.0,-8.73,2.22,2.23,0.13,0.05,0.14,1.0,my-name-is
3203.0,3508.0,1115.0,3957.0,3142.0,3039.0,3691.0,2842.0,9.41,-2.23,8.78,0.13,0.03,-0.44,0.0,2786.0,1420.0,2448.0,3452.0,4095.0,4095.0,4095.0,4095.0,-10.27,1.2,4.92,0.32,-0.16,0.11,1.0,my-name-is
3159.0,3147.0,2970.0,3521.0,3113.0,3002.0,2900.0,2161.0,11.58,-0.89,8.38,0.88,-0.38,-1.15,0.0,2439.0,2828.0,2807.0,3423.0,4095.0,4095.0,4095.0,4095.0,-8.63,-0.95,6.11,3.7,-1.1,-0.04,1.0,my-name-is
3165.0,3031.0,3952.0,3627.0,2999.0,2870.0,2323.0,1755.0,10.15,-0.37,7.19,0.58,0.44,-1.43,0.0,946.0,2938.0,3027.0,2387.0,4095.0,4095.0,2807.0,2834.0,-6.74,3.9,-1.34,1.43,-0.15,-0.51,1.0,my-name-is
3154.0,3030.0,3826.0,2935.0,3489.0,3718.0,2205.0,1776.0,7.89,1.36,7.13,-0.33,-0.39,-1.55,0.0,929.0,2927.0,3023.0,2340.0,4095.0,4095.0,2795.0,2513.0,-2.54,2.54,-0.59,-0.56,0.03,-2.82,1.0,my-name-is
3169.0,3007.0,3753.0,3034.0,3535.0,3947.0,2218.0,1769.0,6.73,1.42,8.69,-0.31,-0.51,-0.7,0.0,959.0,2944.0,3029.0,2615.0,4095.0,4095.0,2823.0,2691.0,-8.16,-0.0,1.91,0.47,-0.18,1.46,1.0,my-name-is
3147.0,3008.0,3782.0,3045.0,3536.0,3950.0,2243.0,1798.0,12.23,3.25,7.5,-0.05,0.18,0.05,0.0,976.0,2939.0,3031.0,2599.0,4095.0,4095.0,2832.0,2551.0,0.98,3.49,-1.54,-1.0,0.09,-1.46,1.0,my-name-is
3141.0,3024.0,3723.0,3067.0,3565.0,3998.0,2254.0,1802.0,10.71,2.38,7.23,0.21,-0.61,-0.49,0.0,913.0,2922.0,3042.0,2413.0,4095.0,4095.0,2823.0,2732.0,-15.41,-0.8,2.37,0.48,1.11,-0.11,1.0,my-name-is
3158.0,3001.0,3733.0,3151.0,3555.0,4023.0,2261.0,1815.0,8.01,2.33,7.78,0.09,-0.0,-0.15,0.0,3047.0,2927.0,3057.0,2543.0,4095.0,4095.0,2845.0,2850.0,-9.37,-0.79,1.22,-0.22,0.38,-0.09,1.0,my-name-is
3180.0,3002.0,3743.0,3136.0,3551.0,4004.0,2284.0,1840.0,9.33,2.42,7.5,0.03,0.13,-0.05,0.0,3130.0,2926.0,3040.0,2613.0,4095.0,4095.0,2855.0,2871.0,-9.33,-0.95,0.99,-0.17,0.33,-0.01,1.0,my-name-is
3158.0,3007.0,3746.0,3159.0,3583.0,4015.0,2298.0,1863.0,9.18,2.19,7.7,-0.01,0.09,-0.15,0.0,3143.0,2922.0,3035.0,2624.0,4095.0,4095.0,2863.0,2847.0,-9.09,-0.8,0.97,-0.09,-0.0,0.08,1.0,my-name-is
3164.0,3007.0,3758.0,3137.0,3553.0,4005.0,2319.0,1865.0,9.34,2.06,8.05,-0.07,0.0,-0.14,0.0,3127.0,2927.0,3038.0,2621.0,4095.0,4095.0,2869.0,2838.0,-8.95,-0.54,0.9,-0.07,0.05,0.01,1.0,my-name-is
3172.0,3003.0,3744.0,3148.0,3595.0,3957.0,2324.0,1876.0,9.37,1.96,7.75,-0.0,-0.11,-0.08,0.0,3136.0,2925.0,3045.0,2634.0,4095.0,4095.0,2877.0,2855.0,-9.47,-0.77,0.75,-0.07,0.07,-0.11,1.0,my-name-is
3146.0,3008.0,3743.0,3134.0,3600.0,3965.0,2320.0,1873.0,9.31,2.11,7.88,-0.0,-0.03,-0.1,0.0,3149.0,2926.0,3031.0,2640.0,4095.0,4095.0,2891.0,2903.0,-9.3,-0.67,0.71,-0.07,-0.0,-0.11,1.0,my-name-is
3152.0,2989.0,3751.0,3143.0,3601.0,4001.0,2330.0,1877.0,9.24,1.9,7.81,0.02,-0.03,-0.16,0.0,3201.0,2921.0,3040.0,2663.0,4095.0,4095.0,2880.0,2873.0,-9.47,-0.71,0.54,-0.09,0.08,-0.02,1.0,my-name-is
3111.0,1583.0,2715.0,4095.0,3184.0,3152.0,3792.0,3152.0,11.23,-3.8,6.54,0.07,0.31,0.78,0.0,1616.0,3025.0,1806.0,3194.0,4095.0,4095.0,4095.0,4095.0,-8.78,-3.1,-1.33,-0.01,0.17,-0.54,1.0,my-name-is
3117.0,1520.0,2611.0,4095.0,3090.0,3089.0,3872.0,3203.0,8.56,-1.86,5.77,0.02,0.4,-0.12,0.0,1572.0,3453.0,1345.0,3283.0,4095.0,4095.0,4095.0,4095.0,-8.8,-2.95,-1.23,-0.6,-0.25,-0.18,1.0,my-name-is
3120.0,1390.0,2509.0,4095.0,3063.0,3055.0,3858.0,3220.0,8.79,-2.61,6.47,-0.18,0.7,0.17,0.0,1333.0,3071.0,955.0,3328.0,4095.0,4095.0,4095.0,4095.0,-9.31,-4.02,-0.44,-0.55,0.02,-0.48,1.0,my-name-is
3118.0,1358.0,2450.0,4095.0,3118.0,3057.0,3879.0,3229.0,10.42,-4.47,7.99,-0.17,-0.11,-0.0,0.0,2003.0,2763.0,1846.0,3203.0,4095.0,4095.0,4095.0,4095.0,-14.82,-3.34,-7.86,-0.37,-0.8,2.27,1.0,my-name-is
3105.0,1366.0,2416.0,4095.0,3134.0,3071.0,3877.0,3243.0,8.63,-4.13,8.07,0.0,0.12,-0.37,0.0,1446.0,2543.0,2422.0,3050.0,4095.0,4095.0,4095.0,4095.0,-4.33,-3.0,-5.85,-4.86,-0.67,1.0,1.0,my-name-is
3120.0,1457.0,2382.0,4095.0,3123.0,3082.0,3859.0,3191.0,8.94,-3.78,7.73,-0.1,0.2,-0.14,0.0,3051.0,1535.0,2638.0,3376.0,4095.0,4095.0,4095.0,4095.0,-16.05,-26.85,70.75,-1.72,-1.05,-0.58,1.0,my-name-is
3117.0,1413.0,2357.0,4095.0,3135.0,3067.0,3841.0,3206.0,8.09,-4.13,8.06,0.07,0.17,-0.18,0.0,1504.0,957.0,2611.0,3235.0,4095.0,4095.0,4095.0,4095.0,-9.38,6.44,-22.97,0.83,-0.76,1.05,1.0,my-name-is
3130.0,1757.0,2307.0,4095.0,3146.0,3067.0,3823.0,3157.0,8.63,-3.88,8.55,0.28,-0.06,-0.28,0.0,2143.0,1267.0,2498.0,3403.0,4095.0,4095.0,4095.0,4095.0,-9.27,2.03,4.5,0.09,-0.51,-0.05,1.0,my-name-is
3122.0,3071.0,2396.0,3974.0,3151.0,3066.0,3664.0,2960.0,9.42,-3.72,8.82,0.81,-0.38,-0.63,0.0,1797.0,1124.0,2522.0,3477.0,4095.0,4095.0,4095.0,4095.0,-9.76,-0.79,6.99,0.09,-0.31,0.23,1.0,my-name-is
3152.0,3337.0,3013.0,3703.0,3120.0,3045.0,3147.0,2393.0,12.04,-2.33,9.11,1.18,-0.04,-1.25,0.0,993.0,2977.0,3045.0,2313.0,4095.0,4095.0,2911.0,2930.0,-5.41,2.7,-2.05,3.89,-1.43,-1.89,1.0,my-name-is
3184.0,3029.0,4095.0,3088.0,3069.0,3067.0,2324.0,1763.0,9.66,0.62,6.3,0.75,0.14,-2.37,0.0,1042.0,2950.0,3009.0,2231.0,4095.0,4095.0,2797.0,2730.0,-6.31,1.73,-4.3,0.12,0.3,-2.91,1.0,my-name-is
3211.0,3024.0,4095.0,2928.0,3507.0,3984.0,2288.0,1756.0,3.49,1.03,9.98,-0.38,-0.0,-0.56,0.0,2853.0,2937.0,3020.0,2385.0,4095.0,4095.0,2812.0,2757.0,-4.23,1.66,1.47,1.13,0.25,1.35,1.0,my-name-is
3231.0,3026.0,4095.0,2956.0,3407.0,4029.0,2271.0,1799.0,-5.94,-0.76,10.13,0.11,1.8,1.75,0.0,4095.0,2930.0,3013.0,2367.0,4095.0,4095.0,2809.0,2822.0,-16.24,-1.76,0.72,0.12,0.17,-0.52,1.0,my-name-is
3196.0,3022.0,4095.0,3059.0,3601.0,4048.0,2331.0,1893.0,8.78,2.11,7.81,0.09,-0.03,-0.07,0.0,4095.0,2916.0,3018.0,2478.0,4095.0,4095.0,2832.0,2818.0,-8.92,-0.98,3.49,-0.03,0.19,0.07,1.0,my-name-is
3209.0,3011.0,4095.0,3058.0,3583.0,4016.0,2352.0,1874.0,9.08,1.94,7.79,0.14,0.04,-0.11,0.0,4095.0,2918.0,3013.0,2496.0,4095.0,4095.0,2847.0,2873.0,-9.2,-0.69,1.93,-0.14,0.35,0.13,1.0,my-name-is
3202.0,3009.0,4095.0,3058.0,3581.0,4065.0,2365.0,1859.0,9.37,2.0,8.08,0.14,0.07,-0.2,0.0,4095.0,2926.0,3018.0,2494.0,4095.0,4095.0,2853.0,2839.0,-9.35,-0.49,1.42,-0.12,0.0,0.09,1.0,my-name-is
3202.0,3027.0,4095.0,3086.0,3583.0,4026.0,2359.0,1878.0,8.85,1.96,8.15,0.08,0.04,-0.21,0.0,4095.0,2929.0,3025.0,2480.0,4095.0,4095.0,2858.0,2870.0,-8.88,-0.52,1.64,-0.08,-0.03,0.03,1.0,my-name-is
3204.0,3011.0,4095.0,3088.0,3583.0,4048.0,2375.0,1910.0,9.21,2.27,7.85,-0.08,0.01,-0.16,0.0,4095.0,2918.0,3024.0,2478.0,4095.0,4095.0,2861.0,2749.0,-9.09,-0.68,1.85,-0.01,-0.01,-0.07,1.0,my-name-is
3199.0,3025.0,4095.0,3093.0,3600.0,4038.0,2371.0,1925.0,9.0,2.04,8.15,-0.07,-0.02,-0.2,0.0,4095.0,2931.0,3019.0,2480.0,4095.0,4095.0,2863.0,2857.0,-9.59,-0.62,1.52,0.02,-0.01,-0.07,1.0,my-name-is
3200.0,3032.0,4095.0,3104.0,3608.0,4016.0,2369.0,1922.0,9.16,1.99,8.15,-0.04,-0.08,-0.13,0.0,4095.0,2909.0,3015.0,2465.0,4095.0,4095.0,2848.0,2836.0,-9.36,-0.31,1.45,-0.01,0.12,-0.06,1.0,my-name-is
3172.0,1202.0,2227.0,3438.0,3181.0,2890.0,3637.0,2845.0,8.01,-2.06,8.68,-0.39,-0.01,-0.68,0.0,2160.0,2211.0,2779.0,2821.0,3349.0,3719.0,4095.0,4095.0,-10.3,-1.89,0.6,1.29,0.75,-0.51,1.0,my-name-is
3171.0,1184.0,1861.0,3435.0,3184.0,2887.0,3649.0,2866.0,8.74,-2.29,9.21,-0.45,0.26,-0.21,0.0,3635.0,2924.0,2863.0,2829.0,4095.0,3859.0,4095.0,4095.0,-9.53,-1.36,0.43,-0.03,0.05,-0.15,1.0,my-name-is
3181.0,1115.0,934.0,3465.0,3179.0,2926.0,3739.0,3299.0,8.53,-2.31,9.27,0.07,-0.14,-0.25,0.0,3922.0,2735.0,2118.0,2977.0,4095.0,3939.0,4095.0,4095.0,-9.38,-2.12,1.54,-0.29,-0.3,-0.02,1.0,my-name-is
3201.0,1111.0,4095.0,3481.0,3199.0,2928.0,3751.0,3504.0,8.37,-1.87,8.77,0.22,-0.19,-0.12,0.0,2741.0,1901.0,1406.0,3124.0,4095.0,4095.0,4095.0,4095.0,-11.71,-1.27,4.3,0.96,0.19,-0.0,1.0,my-name-is
3198.0,1121.0,4095.0,3502.0,3191.0,2928.0,3705.0,3339.0,8.24,-1.28,8.16,0.04,-0.15,-0.03,0.0,1951.0,1968.0,1615.0,3063.0,4095.0,4095.0,4095.0,4095.0,-15.11,-1.27,-5.14,0.16,0.35,1.44,1.0,my-name-is
3204.0,1119.0,4095.0,3506.0,3197.0,2914.0,3715.0,3343.0,9.17,-2.13,9.14,-0.22,0.17,0.09,0.0,1680.0,896.0,2247.0,3005.0,4095.0,4095.0,4095.0,4095.0,-3.56,-2.18,-6.44,-4.22,-0.01,1.65,1.0,my-name-is
3200.0,1139.0,3457.0,3503.0,3210.0,2944.0,3702.0,3263.0,8.6,-2.83,8.98,0.04,0.09,-0.22,0.0,2038.0,1498.0,2433.0,3297.0,4095.0,4095.0,4095.0,4095.0,-7.81,0.36,5.47,0.81,-2.68,-0.55,1.0,my-name-is
3178.0,1147.0,3255.0,3507.0,3203.0,2921.0,3690.0,3262.0,7.61,-3.01,8.98,0.01,0.17,-0.26,0.0,2106.0,1458.0,2405.0,3354.0,4095.0,4095.0,4095.0,4095.0,-9.38,1.79,3.46,0.06,-0.14,0.03,1.0,my-name-is
3151.0,2737.0,1063.0,3525.0,3206.0,2923.0,3647.0,3122.0,8.88,-2.45,10.47,0.29,-0.69,-0.26,0.0,2158.0,1502.0,2410.0,3375.0,4095.0,4095.0,4095.0,4095.0,-9.77,0.43,5.08,0.07,0.02,0.27,1.0,my-name-is
3147.0,3122.0,4095.0,3511.0,3173.0,3029.0,3059.0,2702.0,10.97,-1.68,9.47,0.95,-1.07,-0.8,0.0,950.0,2949.0,3047.0,2638.0,4095.0,4095.0,2935.0,2901.0,-8.73,1.11,0.67,5.0,-1.14,-1.0,1.0,my-name-is
3190.0,3014.0,4095.0,3618.0,3111.0,3058.0,2387.0,1983.0,10.45,-0.91,7.57,1.14,0.47,-1.3,0.0,935.0,2929.0,3024.0,2512.0,4095.0,4095.0,2779.0,2093.0,-4.36,3.75,-1.84,1.94,-1.11,-1.0,1.0,my-name-is
3243.0,3012.0,4095.0,2944.0,3474.0,3575.0,2198.0,1824.0,6.27,1.3,7.88,-0.33,-0.58,-1.92,0.0,938.0,2924.0,3015.0,2433.0,4095.0,4095.0,2827.0,2240.0,-4.69,0.74,0.91,-1.81,0.12,-3.92,1.0,my-name-is
3237.0,3013.0,4095.0,3024.0,3553.0,3983.0,2262.0,1921.0,12.06,3.3,7.99,-0.07,-0.26,-0.57,0.0,947.0,2928.0,3007.0,2498.0,4095.0,4095.0,2853.0,2400.0,-2.16,3.17,0.85,0.76,0.05,1.08,1.0,my-name-is
3215.0,3050.0,4095.0,3082.0,3605.0,4095.0,2302.0,1961.0,10.77,3.38,8.23,-0.03,-0.44,-0.24,0.0,954.0,2928.0,3021.0,2519.0,4095.0,4095.0,2864.0,2624.0,-9.22,-0.06,1.55,-0.01,-0.1,-0.13,1.0,my-name-is
3219.0,3009.0,4095.0,3094.0,3610.0,4095.0,2310.0,1975.0,8.95,2.02,8.19,0.04,0.09,-0.03,0.0,955.0,2926.0,3024.0,2515.0,4095.0,4095.0,2877.0,2671.0,-9.53,-0.97,0.9,-0.14,0.1,-0.04,1.0,my-name-is
3234.0,3005.0,4095.0,3125.0,3600.0,4087.0,2322.0,1975.0,8.76,2.49,7.7,0.07,0.08,-0.13,0.0,944.0,2928.0,3024.0,2512.0,4095.0,4095.0,2876.0,2669.0,-9.28,-0.9,1.67,-0.1,0.1,-0.01,1.0,my-name-is
3213.0,3003.0,4095.0,3133.0,3611.0,4081.0,2321.0,1986.0,9.25,2.41,7.96,-0.01,0.01,-0.16,0.0,956.0,2929.0,3027.0,2559.0,4095.0,4095.0,2880.0,2686.0,-9.62,-1.03,1.34,-0.08,0.0,-0.01,1.0,my-name-is
3221.0,3024.0,4095.0,3110.0,3601.0,4057.0,2319.0,1999.0,9.04,2.35,7.94,-0.01,-0.02,-0.16,0.0,955.0,2923.0,3024.0,2559.0,4095.0,4095.0,2878.0,2690.0,-9.3,-0.94,1.53,-0.1,-0.02,0.0,1.0,my-name-is
3236.0,3009.0,4095.0,3109.0,3569.0,4043.0,2319.0,2004.0,9.15,2.43,7.78,0.03,0.03,-0.16,0.0,959.0,2922.0,3024.0,2583.0,4095.0,4095.0,2879.0,2704.0,-9.22,-0.71,1.27,-0.09,0.15,-0.01,1.0,my-name-is
3215.0,3013.0,4095.0,3122.0,3583.0,4032.0,2331.0,2021.0,9.24,2.35,7.89,0.02,0.02,-0.14,0.0,946.0,2917.0,3029.0,2559.0,4095.0,4095.0,2880.0,2705.0,-9.31,-0.75,1.16,-0.11,0.11,-0.01,1.0,my-name-is
3301.0,1015.0,3968.0,3703.0,3187.0,3211.0,4095.0,4032.0,8.98,-4.72,7.91,-0.09,0.53,0.98,0.0,2268.0,3574.0,996.0,3151.0,4095.0,4095.0,4095.0,4095.0,-9.99,-6.86,3.78,-1.01,0.09,-0.99,1.0,my-name-is
3307.0,938.0,3333.0,3760.0,3227.0,3234.0,4095.0,4095.0,9.7,-5.4,8.35,0.1,-0.52,-0.23,0.0,1584.0,4095.0,957.0,2909.0,4095.0,4095.0,4095.0,4095.0,-8.45,-6.53,-7.12,-1.89,-0.61,3.5,1.0,my-name-is
3281.0,1033.0,3290.0,3760.0,3219.0,3182.0,4095.0,3716.0,8.64,-4.2,8.3,-0.24,-0.08,-0.28,0.0,1714.0,4095.0,1232.0,2987.0,4095.0,4095.0,4095.0,4095.0,-3.24,-3.33,-3.6,-3.85,-0.32,2.73,1.0,my-name-is
3269.0,1040.0,3186.0,3737.0,3241.0,3178.0,4095.0,3711.0,7.94,-4.49,8.59,-0.17,0.26,-0.44,0.0,2083.0,2429.0,2101.0,3035.0,4095.0,4095.0,4095.0,4095.0,-3.06,-1.6,0.37,-5.79,-0.39,0.73,1.0,my-name-is
3295.0,1036.0,3139.0,3745.0,3216.0,3175.0,4069.0,3671.0,7.94,-4.46,8.47,-0.17,0.46,-0.43,0.0,2271.0,1362.0,2352.0,3340.0,4095.0,4095.0,4095.0,4095.0,-7.92,1.08,4.81,-0.19,0.01,-0.23,1.0,my-name-is
3280.0,1088.0,3061.0,3731.0,3223.0,3152.0,4000.0,3557.0,8.28,-4.14,7.85,0.08,0.09,-0.22,0.0,2639.0,1442.0,2389.0,3399.0,4095.0,4095.0,4095.0,4095.0,-9.25,1.75,3.12,0.03,0.25,0.1,1.0,my-name-is
3209.0,4095.0,2053.0,3647.0,3214.0,3089.0,3323.0,2466.0,10.18,-3.55,9.92,1.05,-0.77,-0.97,0.0,2224.0,1345.0,2267.0,3466.0,4095.0,4095.0,4095.0,4095.0,-9.14,-0.04,8.16,1.19,0.3,0.36,1.0,my-name-is
3216.0,3012.0,3739.0,3050.0,3141.0,3134.0,2235.0,1726.0,8.26,-0.7,6.4,-0.07,-0.41,-2.47,0.0,1015.0,2963.0,3005.0,2613.0,4095.0,4095.0,2793.0,2654.0,-3.88,1.41,-4.23,1.77,-1.0,-3.03,1.0,my-name-is
3188.0,3020.0,3449.0,2994.0,3456.0,3835.0,2212.0,1793.0,4.35,1.29,9.54,-0.28,-0.36,-1.57,0.0,1088.0,2933.0,3001.0,2367.0,4095.0,4095.0,2807.0,2055.0,-11.56,-3.9,-0.79,-1.91,0.09,-3.59,1.0,my-name-is
3198.0,2999.0,3155.0,2959.0,3430.0,4032.0,2219.0,1811.0,10.98,1.79,8.36,0.35,-2.07,-0.49,0.0,1867.0,2931.0,3008.0,2513.0,4095.0,4095.0,2838.0,2559.0,-6.18,-0.22,1.04,0.76,-0.01,1.52,1.0,my-name-is
3190.0,3008.0,3142.0,3028.0,3519.0,4052.0,2242.0,1749.0,11.63,3.39,6.98,-0.15,-0.71,-1.65,0.0,2495.0,2928.0,3023.0,2526.0,4095.0,4095.0,2835.0,2467.0,-1.43,1.72,-0.71,-1.19,-0.14,-1.71,1.0,my-name-is
3203.0,3007.0,3033.0,3097.0,3517.0,4041.0,2289.0,1870.0,10.63,2.94,5.94,0.19,-0.8,-0.52,0.0,4095.0,2928.0,3010.0,2502.0,4095.0,4095.0,2837.0,2415.0,-15.15,-2.09,2.44,-0.34,0.8,-0.33,1.0,my-name-is
3214.0,3018.0,3035.0,3120.0,3563.0,4067.0,2302.0,1873.0,8.71,2.26,7.07,0.22,0.21,-0.31,0.0,4095.0,2926.0,3017.0,2559.0,4095.0,4095.0,2849.0,2475.0,-9.28,-1.72,2.18,-0.2,0.16,0.2,1.0,my-name-is
3209.0,3024.0,3034.0,3122.0,3568.0,4068.0,2307.0,1878.0,9.16,2.15,6.99,0.3,0.17,-0.13,0.0,4095.0,2921.0,3009.0,2559.0,4095.0,4095.0,2859.0,2461.0,-9.15,-0.66,0.67,-0.09,0.12,0.03,1.0,my-name-is
3211.0,3023.0,3033.0,3134.0,3583.0,4054.0,2320.0,1881.0,9.34,2.37,6.97,0.22,0.33,-0.07,0.0,4095.0,2917.0,3017.0,2587.0,4095.0,4095.0,2858.0,2657.0,-9.44,-1.29,1.95,-0.19,0.12,0.01,1.0,my-name-is
3225.0,3023.0,3051.0,3151.0,3581.0,4047.0,2315.0,1894.0,9.55,2.49,7.25,0.02,0.04,-0.09,0.0,4095.0,2919.0,3024.0,2606.0,4095.0,4095.0,2887.0,2684.0,-9.5,-1.04,1.63,-0.13,0.19,-0.01,1.0,my-name-is
3207.0,3034.0,3049.0,3137.0,3575.0,4051.0,2343.0,1877.0,9.37,2.32,7.15,0.02,-0.05,-0.19,0.0,4095.0,2913.0,3024.0,2609.0,4095.0,4095.0,2865.0,2678.0,-9.53,-0.95,1.25,-0.08,0.14,0.05,1.0,my-name-is
3203.0,3030.0,3058.0,3155.0,3558.0,4013.0,2336.0,1903.0,9.38,2.21,7.25,0.02,-0.1,-0.15,0.0,4095.0,2928.0,3023.0,2627.0,4095.0,4095.0,2878.0,2711.0,-9.28,-0.79,1.01,-0.02,0.12,-0.04,1.0,my-name-is
3233.0,3024.0,3056.0,3140.0,3558.0,4001.0,2353.0,1891.0,9.53,2.13,7.1,0.06,-0.04,-0.14,0.0,4095.0,2911.0,3019.0,2594.0,4095.0,4095.0,2870.0,2299.0,-9.38,-0.67,1.21,-0.06,0.15,0.01,1.0,my-name-is
3209.0,3026.0,3046.0,3152.0,3565.0,3997.0,2354.0,1903.0,9.44,2.17,7.03,-0.01,-0.01,-0.08,0.0,4095.0,2919.0,3023.0,2619.0,4095.0,4095.0,2866.0,2703.0,-9.25,-0.58,0.94,-0.12,0.19,0.09,1.0,my-name-is
3201.0,1057.0,3467.0,3679.0,3259.0,3410.0,4095.0,4095.0,8.16,-3.84,7.07,0.2,-0.11,-0.1,0.0,1984.0,2559.0,2480.0,2867.0,4095.0,4095.0,4095.0,4095.0,-7.15,-4.48,0.85,0.28,0.12,0.2,1.0,my-name-is
3244.0,1061.0,3216.0,3682.0,3293.0,3393.0,4095.0,4095.0,8.5,-4.13,7.58,0.09,0.11,-0.11,0.0,1775.0,2528.0,1303.0,2815.0,4095.0,4095.0,4095.0,4095.0,-8.01,-4.55,0.6,0.29,0.52,-0.09,1.0,my-name-is
3273.0,1056.0,3227.0,3678.0,3342.0,3392.0,4095.0,4095.0,8.59,-4.23,7.81,0.06,-0.06,-0.19,0.0,1017.0,4095.0,931.0,2913.0,4095.0,4095.0,4095.0,4095.0,-12.48,-3.39,0.99,-0.59,1.9,0.53,1.0,my-name-is
3238.0,1091.0,3285.0,3709.0,3307.0,3407.0,4095.0,4095.0,8.78,-3.9,7.48,-0.18,0.13,-0.05,0.0,1345.0,3100.0,1050.0,2833.0,4095.0,4095.0,4095.0,4095.0,-16.95,-4.53,-9.66,-0.54,-0.15,2.32,1.0,my-name-is
3217.0,1088.0,3312.0,3723.0,3327.0,3405.0,4095.0,4095.0,8.03,-4.24,8.12,0.15,0.06,-0.27,0.0,2149.0,2086.0,2256.0,3014.0,4095.0,4095.0,4095.0,4095.0,-3.06,-1.7,-2.17,-4.3,-0.24,1.2,1.0,my-name-is
3236.0,1094.0,3372.0,3719.0,3331.0,3393.0,4095.0,4095.0,8.3,-4.01,7.39,0.04,0.06,-0.2,0.0,1959.0,958.0,2313.0,3115.0,4095.0,4095.0,4095.0,4095.0,-5.62,-0.42,2.24,-4.19,0.24,0.03,1.0,my-name-is
3216.0,1102.0,3389.0,3709.0,3333.0,3391.0,4095.0,4095.0,7.74,-4.26,7.85,-0.17,0.18,-0.21,0.0,2986.0,1366.0,2526.0,3343.0,4095.0,4095.0,4095.0,4095.0,-9.2,2.03,2.83,0.05,-0.12,0.04,1.0,my-name-is
3230.0,2635.0,944.0,3664.0,3334.0,3347.0,4095.0,3292.0,9.82,-3.71,9.72,0.81,-0.26,-0.52,0.0,2994.0,1130.0,2250.0,3317.0,4095.0,4095.0,4095.0,4095.0,-9.69,0.43,6.65,0.87,-0.42,0.24,1.0,my-name-is
3222.0,3159.0,944.0,3629.0,3195.0,3181.0,2957.0,2257.0,12.05,-2.45,8.93,1.63,-0.27,-1.56,0.0,1042.0,3008.0,3035.0,2454.0,4095.0,3925.0,2809.0,2714.0,-7.97,2.21,-3.53,4.63,-0.46,-1.34,1.0,my-name-is
3277.0,3041.0,1715.0,3023.0,3335.0,3488.0,2264.0,1815.0,7.92,0.33,6.67,-0.38,-0.47,-1.9,0.0,925.0,2942.0,3018.0,2483.0,4095.0,4095.0,2794.0,2495.0,-8.59,3.58,-0.7,1.05,-1.35,-0.61,1.0,my-name-is
3265.0,3033.0,1757.0,2959.0,3477.0,4029.0,2230.0,1783.0,6.92,1.23,7.47,-0.73,-0.39,-1.4,0.0,941.0,2928.0,3007.0,2443.0,4095.0,4095.0,2827.0,2499.0,-17.9,-5.38,5.82,-0.87,1.97,-0.65,1.0,my-name-is
3280.0,3007.0,1885.0,3056.0,3568.0,4095.0,2273.0,1811.0,11.27,3.2,7.54,-0.15,0.02,-1.31,0.0,944.0,2919.0,3020.0,2559.0,4095.0,4095.0,2864.0,2608.0,-17.19,-4.87,3.56,0.32,1.62,-0.17,1.0,my-name-is
3279.0,3014.0,1884.0,3104.0,3568.0,4095.0,2336.0,1895.0,8.32,2.24,8.42,-0.02,0.21,-0.1,0.0,927.0,2926.0,3019.0,2605.0,4095.0,4095.0,2874.0,2446.0,-7.92,-0.54,1.3,-0.2,0.32,0.21,1.0,my-name-is
3285.0,3015.0,1879.0,3120.0,3574.0,4095.0,2347.0,1904.0,9.16,1.92,7.72,0.04,0.11,-0.1,0.0,911.0,2924.0,3023.0,2610.0,4095.0,4095.0,2881.0,2436.0,-9.22,-0.79,0.94,-0.12,0.3,-0.04,1.0,my-name-is
3283.0,3010.0,1875.0,3149.0,3600.0,4095.0,2351.0,1910.0,9.1,2.03,7.84,0.05,-0.05,-0.12,0.0,938.0,2934.0,3008.0,2611.0,4095.0,4095.0,2880.0,2627.0,-9.27,-1.17,1.53,-0.11,0.12,-0.03,1.0,my-name-is
3273.0,3029.0,1875.0,3151.0,3597.0,4095.0,2353.0,1920.0,8.92,2.05,7.87,0.04,-0.12,-0.15,0.0,1446.0,2916.0,3008.0,2641.0,4095.0,4095.0,2878.0,2689.0,-8.73,-0.87,0.69,-0.11,0.02,-0.1,1.0,my-name-is
3285.0,3027.0,1877.0,3140.0,3611.0,4095.0,2378.0,1927.0,9.66,2.09,8.06,0.02,-0.06,-0.27,0.0,2272.0,2927.0,3014.0,2670.0,4095.0,4095.0,2880.0,2718.0,-10.32,-1.18,0.88,-0.05,-0.03,0.0,1.0,my-name-is
3268.0,3022.0,1872.0,3143.0,3610.0,4095.0,2394.0,1943.0,8.96,2.18,7.83,0.03,0.03,-0.23,0.0,2525.0,2930.0,3024.0,2678.0,4095.0,4095.0,2894.0,2719.0,-9.27,-0.83,0.68,-0.13,0.0,0.02,1.0,my-name-is
3281.0,3021.0,1872.0,3163.0,3603.0,4095.0,2384.0,1942.0,8.9,2.33,7.61,0.05,0.08,-0.23,0.0,2558.0,2927.0,3022.0,2684.0,4095.0,4095.0,2887.0,2704.0,-9.09,-0.78,0.69,-0.05,0.06,-0.05,1.0,my-name-is
3269.0,3024.0,1872.0,3158.0,3600.0,4095.0,2389.0,1945.0,9.42,2.27,7.73,-0.01,0.04,-0.09,0.0,2659.0,2928.0,3024.0,2697.0,4095.0,4095.0,2894.0,2733.0,-9.73,-0.88,0.42,-0.02,0.09,-0.05,1.0,my-name-is
3063.0,2349.0,2925.0,4095.0,2906.0,3850.0,4095.0,4095.0,8.99,-0.03,7.87,0.19,-0.37,-0.11,0.0,2030.0,2922.0,3088.0,2685.0,4095.0,3685.0,3697.0,3664.0,-8.87,-1.62,-0.27,0.05,-0.1,-0.22,1.0,my-name-is
3026.0,2382.0,2931.0,3606.0,2341.0,3821.0,4095.0,4078.0,9.78,0.19,6.57,0.09,-0.47,-0.15,0.0,2081.0,2890.0,3063.0,2672.0,4095.0,3696.0,3728.0,3709.0,-10.26,-0.51,1.16,0.51,0.01,0.16,1.0,my-name-is
2978.0,2559.0,2895.0,3408.0,3538.0,3927.0,4095.0,4048.0,8.64,-0.5,7.27,-0.62,-0.23,0.85,0.0,2235.0,2768.0,2951.0,2700.0,4095.0,3910.0,4095.0,4095.0,-15.65,-1.37,-6.35,-0.38,0.96,0.79,1.0,my-name-is
3059.0,2023.0,2816.0,4059.0,3235.0,3547.0,4095.0,3583.0,9.72,-1.78,7.4,-0.28,0.63,1.04,0.0,2209.0,2353.0,2687.0,2903.0,4095.0,4095.0,4095.0,4095.0,-8.16,-2.88,-7.02,-2.9,-1.13,2.06,1.0,my-name-is
3094.0,1131.0,2645.0,4048.0,3113.0,3159.0,4095.0,3483.0,10.17,-3.11,7.79,-0.44,-0.45,0.16,0.0,1775.0,1737.0,2625.0,3137.0,4095.0,4095.0,4095.0,4095.0,-4.35,-1.59,-1.91,-4.84,-0.43,1.22,1.0,my-name-is
3103.0,961.0,2511.0,4068.0,3117.0,3143.0,4095.0,3439.0,9.4,-2.71,7.93,-0.22,-0.04,-0.24,0.0,2002.0,1782.0,2644.0,3215.0,4095.0,4095.0,4095.0,4095.0,-5.38,-0.96,-0.08,-5.39,0.11,0.09,1.0,my-name-is
3103.0,950.0,2460.0,4062.0,3136.0,3163.0,4063.0,3447.0,9.22,-3.02,7.56,-0.19,0.01,-0.33,0.0,2719.0,2065.0,2621.0,3509.0,4095.0,4095.0,4095.0,4095.0,-9.16,2.41,2.53,0.07,-0.24,-0.15,1.0,my-name-is
3043.0,4060.0,2448.0,4095.0,3093.0,3251.0,3888.0,3414.0,9.53,-2.59,7.63,0.33,0.18,-0.26,0.0,2742.0,2075.0,2613.0,3520.0,4095.0,4095.0,4095.0,4095.0,-10.54,0.99,4.51,0.12,0.0,0.11,1.0,my-name-is
3053.0,3280.0,2795.0,4095.0,3143.0,3433.0,3559.0,2979.0,10.0,-2.04,8.23,0.59,0.09,-0.43,0.0,944.0,2913.0,3343.0,3091.0,4095.0,3701.0,3284.0,3124.0,-9.37,-0.57,-1.11,5.28,-0.1,-1.27,1.0,my-name-is
3268.0,3009.0,4095.0,3835.0,3070.0,2849.0,2317.0,1774.0,9.57,0.19,5.9,0.6,0.14,-1.22,0.0,967.0,2935.0,3029.0,2416.0,4095.0,4095.0,2803.0,2292.0,-5.97,1.88,-0.93,-0.02,0.8,-1.93,1.0,my-name-is
3250.0,3011.0,4095.0,3042.0,3535.0,3916.0,2340.0,1797.0,12.86,1.93,7.06,-0.21,0.06,-0.0,0.0,2367.0,2933.0,3030.0,2512.0,4095.0,4095.0,2848.0,2394.0,-10.66,-3.01,2.66,0.68,-0.57,1.24,1.0,my-name-is
3251.0,3014.0,4095.0,3063.0,3575.0,4005.0,2351.0,1824.0,11.43,2.32,7.57,-0.08,-0.22,-1.33,0.0,2736.0,2946.0,3035.0,2470.0,4095.0,4095.0,2861.0,2481.0,0.73,3.68,-0.89,0.34,-0.39,-0.5,1.0,my-name-is
3227.0,3019.0,4095.0,3103.0,3579.0,4095.0,2379.0,1845.0,9.77,0.46,6.42,0.11,-0.41,-0.3,0.0,4095.0,2917.0,3047.0,2559.0,4095.0,4095.0,2871.0,2821.0,-8.38,-1.47,0.95,-0.27,0.4,0.2,1.0,my-name-is
3248.0,3011.0,4095.0,3123.0,3580.0,4053.0,2389.0,1883.0,8.88,2.19,7.54,0.04,0.23,-0.15,0.0,4095.0,2933.0,3046.0,2602.0,4095.0,4095.0,2871.0,2773.0,-9.05,-1.04,1.66,-0.15,0.21,0.05,1.0,my-name-is
3232.0,3007.0,4095.0,3142.0,3598.0,4071.0,2416.0,1899.0,9.44,2.02,7.35,0.15,0.05,-0.15,0.0,4095.0,2928.0,3051.0,2586.0,4095.0,4095.0,2871.0,2817.0,-9.14,-1.61,1.3,-0.07,0.13,0.02,1.0,my-name-is
3247.0,3005.0,4095.0,3154.0,3602.0,4064.0,2416.0,1904.0,9.46,1.98,7.14,0.13,0.04,-0.14,0.0,4095.0,2917.0,3054.0,2557.0,4095.0,4095.0,2878.0,2839.0,-9.42,-1.57,0.84,-0.17,0.18,0.05,1.0,my-name-is
3253.0,2995.0,4095.0,3155.0,3598.0,4059.0,2419.0,1903.0,9.25,2.1,7.06,0.14,0.01,-0.12,0.0,4095.0,2930.0,3042.0,2545.0,4095.0,4095.0,2874.0,2839.0,-9.26,-1.51,1.11,-0.22,0.07,0.03,1.0,my-name-is
3257.0,3006.0,4095.0,3167.0,3619.0,4095.0,2429.0,1923.0,9.24,2.1,7.35,0.09,0.04,-0.12,0.0,4095.0,2927.0,3045.0,2551.0,4095.0,4095.0,2881.0,2832.0,-9.24,-1.37,0.97,-0.17,0.12,-0.02,1.0,my-name-is
3245.0,2991.0,4095.0,3155.0,3611.0,4095.0,2447.0,1927.0,9.46,2.13,7.1,0.08,0.0,-0.15,0.0,4095.0,2917.0,3056.0,2559.0,4095.0,4095.0,2892.0,2835.0,-9.25,-1.45,0.91,-0.1,0.1,-0.04,1.0,my-name-is
3239.0,3007.0,4095.0,3173.0,3583.0,4064.0,2430.0,1936.0,9.65,1.83,7.43,-0.01,-0.01,-0.18,0.0,4095.0,2922.0,3045.0,2596.0,4095.0,4095.0,2881.0,2856.0,-9.16,-1.36,1.07,-0.08,0.02,-0.06,1.0,my-name-is
3182.0,1123.0,4095.0,3696.0,3270.0,3171.0,4095.0,3963.0,10.78,-2.17,7.86,-0.21,0.11,-0.07,0.0,1077.0,4095.0,4095.0,2894.0,4095.0,4095.0,4095.0,4095.0,-8.26,-2.81,0.51,0.0,0.05,-0.11,1.0,my-name-is
3197.0,1136.0,4095.0,3693.0,3216.0,3184.0,4095.0,4063.0,9.7,-1.93,7.4,-0.22,0.19,-0.23,0.0,1149.0,4095.0,4095.0,2889.0,4095.0,4095.0,4095.0,4095.0,-8.54,-4.23,0.15,0.09,0.37,-0.15,1.0,my-name-is
3189.0,1145.0,4095.0,3696.0,3219.0,3184.0,4095.0,4016.0,8.73,-2.0,8.05,-0.11,0.06,-0.06,0.0,2394.0,2666.0,1535.0,2813.0,4095.0,4095.0,4095.0,4095.0,-10.2,-2.7,-0.5,0.09,0.78,0.24,1.0,my-name-is
3184.0,1157.0,4095.0,3718.0,3237.0,3184.0,4095.0,3792.0,9.7,-2.25,8.04,-0.31,0.28,-0.19,0.0,2559.0,1486.0,2096.0,2875.0,4095.0,4095.0,4095.0,4095.0,-11.3,-3.18,-6.99,-1.95,-1.04,2.15,1.0,my-name-is
3184.0,1161.0,4095.0,3711.0,3248.0,3226.0,4095.0,3913.0,9.1,-2.37,8.08,-0.03,0.06,-0.3,0.0,2112.0,886.0,2393.0,3021.0,4095.0,4095.0,4095.0,4095.0,-4.11,-2.01,-0.45,-4.78,-0.1,0.26,1.0,my-name-is
3191.0,1197.0,4095.0,3702.0,3255.0,3200.0,4095.0,3792.0,9.1,-2.6,7.99,-0.15,0.23,-0.41,0.0,2807.0,1446.0,2473.0,3248.0,4095.0,4095.0,4095.0,4095.0,-9.09,1.83,2.6,-0.26,0.17,-0.18,1.0,my-name-is
3165.0,2138.0,2363.0,3713.0,3277.0,3161.0,4062.0,3458.0,8.96,-2.79,9.01,0.29,-0.07,-0.16,0.0,2736.0,1445.0,2443.0,3267.0,4095.0,4095.0,4095.0,4095.0,-9.86,1.01,3.73,-0.2,0.23,0.2,1.0,my-name-is
3201.0,3050.0,2823.0,3765.0,2966.0,2971.0,2579.0,1927.0,10.01,-0.34,7.57,1.31,0.2,-1.15,0.0,1287.0,2974.0,3049.0,2979.0,4095.0,4095.0,2944.0,2335.0,-8.29,0.44,-0.17,5.07,-1.36,-0.68,1.0,my-name-is
3235.0,3030.0,3911.0,2953.0,3467.0,3776.0,2254.0,1744.0,8.96,0.93,7.7,-0.61,-0.24,-1.44,0.0,959.0,2924.0,3003.0,2437.0,4095.0,4095.0,2826.0,1951.0,-30.12,-13.18,8.82,-1.57,1.27,0.4,1.0,my-name-is
3216.0,3033.0,3733.0,3010.0,3568.0,4095.0,2338.0,1825.0,11.48,2.65,7.61,-0.19,0.67,0.05,0.0,1648.0,2938.0,3008.0,2352.0,4095.0,4095.0,2857.0,2385.0,-6.71,0.09,3.19,0.85,-0.47,1.06,1.0,my-name-is
3223.0,3011.0,3723.0,2989.0,3568.0,4095.0,2353.0,1831.0,11.82,2.72,8.11,-0.22,0.08,-1.29,0.0,2903.0,2932.0,2999.0,2275.0,4095.0,4095.0,2863.0,2377.0,0.49,3.02,-0.57,-0.61,-0.27,-1.18,1.0,my-name-is
3221.0,3018.0,3638.0,3089.0,3578.0,4095.0,2362.0,1854.0,9.62,1.29,7.9,-0.09,-0.03,-0.11,0.0,4095.0,2919.0,3010.0,2526.0,4095.0,4095.0,2865.0,2383.0,-15.37,-2.25,0.7,0.48,0.91,-0.29,1.0,my-name-is
3201.0,3007.0,3660.0,3115.0,3563.0,4095.0,2375.0,1877.0,8.93,1.85,8.38,0.09,0.12,-0.09,0.0,4095.0,2928.0,3021.0,2559.0,4095.0,4095.0,2883.0,2504.0,-9.28,-1.13,1.11,-0.28,0.43,0.13,1.0,my-name-is
3230.0,3012.0,3667.0,3127.0,3564.0,4090.0,2387.0,1872.0,9.37,1.89,7.88,0.07,0.08,-0.18,0.0,4095.0,2923.0,3009.0,2559.0,4095.0,4095.0,2889.0,2508.0,-9.08,-1.3,1.19,-0.08,0.18,0.09,1.0,my-name-is
3212.0,3029.0,3645.0,3122.0,3599.0,4062.0,2402.0,1889.0,9.12,1.75,8.17,0.01,0.03,-0.19,0.0,4095.0,2931.0,3010.0,2559.0,4095.0,4095.0,2893.0,2542.0,-9.36,-1.11,0.11,-0.16,-0.0,0.01,1.0,my-name-is
3215.0,3010.0,3634.0,3119.0,3579.0,4050.0,2416.0,1901.0,8.91,1.61,8.26,0.1,0.02,-0.03,0.0,4095.0,2923.0,3003.0,2559.0,4095.0,4095.0,2896.0,2517.0,-9.35,-0.95,0.31,-0.18,0.05,-0.06,1.0,my-name-is
3222.0,3003.0,3642.0,3123.0,3569.0,4070.0,2423.0,1907.0,9.38,1.95,8.03,0.17,0.03,-0.03,0.0,4095.0,2922.0,3008.0,2559.0,4095.0,4095.0,2896.0,2534.0,-9.52,-1.19,0.42,-0.25,0.07,-0.08,1.0,my-name-is
3216.0,3011.0,3635.0,3116.0,3607.0,4048.0,2426.0,1915.0,9.27,2.04,8.08,0.21,0.04,-0.07,0.0,4095.0,2928.0,3008.0,2586.0,4095.0,4095.0,2896.0,2505.0,-9.56,-1.34,0.38,-0.27,0.08,0.02,1.0,my-name-is
3227.0,3023.0,3623.0,3143.0,3606.0,4021.0,2427.0,1910.0,8.97,2.26,7.76,0.1,0.05,-0.14,0.0,4095.0,2928.0,3008.0,2593.0,4095.0,4095.0,2897.0,2489.0,-9.25,-1.33,0.62,-0.27,0.08,0.07,1.0,my-name-is
3201.0,3012.0,3635.0,3110.0,3600.0,4045.0,2427.0,1929.0,9.07,1.95,7.96,0.07,-0.03,-0.18,0.0,4095.0,2921.0,3023.0,2591.0,4095.0,4095.0,2897.0,2494.0,-9.16,-1.06,0.5,-0.14,-0.08,0.05,1.0,my-name-is
3162.0,1761.0,3049.0,4095.0,3227.0,3429.0,4095.0,3865.0,9.15,-2.76,7.58,0.46,-0.28,-0.45,0.0,2540.0,3247.0,1392.0,3018.0,4095.0,4095.0,4095.0,4095.0,-11.13,-4.17,-4.43,-0.22,0.89,1.95,1.0,my-name-is
3171.0,1081.0,3117.0,4095.0,2974.0,3443.0,4095.0,3873.0,8.58,-3.34,8.3,0.06,0.18,-0.16,0.0,2446.0,2674.0,1686.0,2987.0,4095.0,4095.0,4095.0,4095.0,-9.22,-2.55,-6.34,-1.52,0.46,1.4,1.0,my-name-is
3168.0,987.0,3147.0,4095.0,3195.0,3439.0,4095.0,3894.0,8.14,-3.36,8.44,0.2,-0.07,-0.13,0.0,1993.0,2769.0,2135.0,3024.0,4095.0,4095.0,4095.0,4095.0,-3.65,-0.49,-5.86,-3.62,-0.97,1.0,1.0,my-name-is
3179.0,1004.0,3184.0,4095.0,3199.0,3425.0,4095.0,3856.0,8.75,-3.22,8.29,0.09,-0.07,-0.12,0.0,1696.0,1823.0,2480.0,3094.0,4095.0,4095.0,4095.0,4095.0,-8.29,-4.69,1.46,-6.82,0.6,0.18,1.0,my-name-is
3174.0,1019.0,3209.0,4095.0,3201.0,3383.0,4095.0,3829.0,8.63,-3.53,8.19,-0.15,0.29,-0.27,0.0,2179.0,1535.0,2592.0,3334.0,4095.0,4095.0,4095.0,4095.0,-9.05,0.81,3.89,-0.3,0.42,-0.28,1.0,my-name-is
3147.0,1036.0,2987.0,4095.0,3187.0,3305.0,4095.0,3456.0,10.53,-3.25,9.19,0.39,-0.22,-0.24,0.0,2139.0,1586.0,2559.0,3342.0,4095.0,4095.0,4095.0,4095.0,-10.41,0.74,4.71,-0.07,0.46,0.23,1.0,my-name-is
3135.0,3279.0,1099.0,3920.0,3127.0,3143.0,3444.0,2559.0,11.64,-1.5,9.26,0.96,-0.43,-1.41,0.0,1669.0,2845.0,2815.0,3483.0,4095.0,4095.0,4095.0,4095.0,-6.37,-2.09,6.64,4.8,-0.85,-0.52,1.0,my-name-is
3185.0,3034.0,2189.0,3837.0,3071.0,2781.0,2307.0,1777.0,10.21,-1.09,7.35,0.73,0.19,-1.99,0.0,959.0,2940.0,3028.0,2559.0,4095.0,4095.0,2834.0,2459.0,-7.87,2.83,-2.57,1.46,0.59,-1.42,1.0,my-name-is
3222.0,3033.0,3963.0,3027.0,3504.0,3995.0,2239.0,1734.0,7.74,0.34,7.66,-0.53,-0.48,-1.22,0.0,921.0,2924.0,3028.0,2511.0,4095.0,4095.0,2835.0,2096.0,-23.29,-9.96,4.34,-0.29,-0.28,0.49,1.0,my-name-is
3227.0,3025.0,3910.0,3104.0,3521.0,4095.0,2273.0,1817.0,15.44,0.8,8.15,0.03,-0.53,0.06,0.0,1918.0,2930.0,3023.0,2559.0,4095.0,4095.0,2851.0,2808.0,-8.04,-0.45,1.18,0.45,0.05,1.4,1.0,my-name-is
3227.0,3019.0,3920.0,3121.0,3532.0,4095.0,2288.0,1823.0,12.1,1.77,8.01,-0.14,0.03,-1.4,0.0,2311.0,2928.0,3037.0,2548.0,4095.0,4095.0,2863.0,2783.0,0.03,2.32,-0.4,-0.51,0.23,-1.34,1.0,my-name-is
3229.0,3008.0,3903.0,3199.0,3658.0,4095.0,2304.0,1835.0,8.63,1.67,6.87,0.05,0.33,-0.16,0.0,4095.0,2928.0,3033.0,2537.0,4095.0,4095.0,2865.0,2871.0,-8.86,-1.63,0.37,-0.46,0.72,0.43,1.0,my-name-is
3243.0,3008.0,3882.0,3219.0,3559.0,4095.0,2324.0,1862.0,9.2,1.51,7.64,0.18,-0.18,-0.26,0.0,4095.0,2927.0,3038.0,2615.0,4095.0,4095.0,2871.0,2827.0,-9.19,-1.66,0.43,-0.24,-0.06,-0.04,1.0,my-name-is
3232.0,3031.0,3856.0,3214.0,3533.0,4095.0,2338.0,1872.0,9.05,1.19,7.64,0.0,0.01,-0.1,0.0,4095.0,2928.0,3031.0,2654.0,4095.0,4095.0,2879.0,2841.0,-9.41,-1.57,0.07,-0.17,0.27,0.03,1.0,my-name-is
3238.0,3021.0,3839.0,3225.0,3558.0,4095.0,2355.0,1883.0,9.27,1.61,7.38,0.09,-0.08,-0.18,0.0,4095.0,2915.0,3028.0,2725.0,4095.0,4095.0,2878.0,2939.0,-9.24,-1.57,1.0,-0.13,0.07,0.02,1.0,my-name-is
3216.0,3017.0,3865.0,3223.0,3598.0,4095.0,2359.0,1881.0,9.19,1.7,7.18,0.08,-0.13,-0.23,0.0,4095.0,2907.0,3039.0,2736.0,4095.0,4095.0,2885.0,2943.0,-9.41,-1.58,0.38,-0.03,-0.06,-0.14,1.0,my-name-is
3214.0,3022.0,3871.0,3191.0,3560.0,4095.0,2364.0,1884.0,8.82,1.34,7.07,0.0,-0.1,-0.18,0.0,4095.0,2927.0,3035.0,2745.0,4095.0,4095.0,2882.0,2945.0,-9.12,-1.49,0.04,-0.11,0.01,-0.08,1.0,my-name-is
3230.0,3024.0,3869.0,3095.0,3500.0,4006.0,2343.0,1877.0,9.45,1.22,7.49,-0.01,-0.03,0.12,0.0,4095.0,2925.0,3041.0,2755.0,4095.0,4095.0,2883.0,2949.0,-10.2,-1.87,-0.21,-0.21,0.26,-0.05,1.0,my-name-is
3243.0,3031.0,3918.0,3056.0,3479.0,3961.0,2350.0,1869.0,8.98,1.47,6.43,0.06,-0.0,-0.17,0.0,4095.0,2927.0,3047.0,2764.0,4095.0,4095.0,2906.0,2962.0,-9.05,-1.73,-0.02,-0.07,0.02,-0.11,1.0,my-name-is
3239.0,3014.0,3920.0,3086.0,3493.0,3961.0,2352.0,1870.0,9.74,1.33,7.42,0.0,-0.07,-0.13,0.0,4095.0,2925.0,3035.0,2776.0,4095.0,4095.0,2885.0,2955.0,-9.41,-1.57,-0.2,-0.11,0.02,-0.04,1.0,my-name-is
3175.0,997.0,934.0,3550.0,3122.0,2944.0,3926.0,3358.0,9.84,-2.39,9.31,0.18,-0.15,-0.18,0.0,1522.0,2586.0,2112.0,2807.0,4095.0,3649.0,4095.0,4095.0,-8.59,-2.73,0.21,-0.17,0.07,-0.24,1.0,my-name-is
3181.0,988.0,2885.0,3554.0,3119.0,2945.0,3947.0,3419.0,9.14,-3.28,8.61,-0.21,0.46,-0.48,0.0,1230.0,2682.0,1402.0,2802.0,4095.0,3792.0,4095.0,4095.0,-9.0,-3.43,0.37,-0.37,0.0,-0.31,1.0,my-name-is
3195.0,982.0,4095.0,3541.0,3130.0,2957.0,4010.0,3814.0,7.44,-3.31,8.31,0.15,-0.12,-0.3,0.0,1120.0,2551.0,1494.0,3117.0,4095.0,4095.0,4095.0,4095.0,-15.15,-3.6,0.45,-0.45,1.81,0.4,1.0,my-name-is
3190.0,990.0,4095.0,3551.0,3138.0,2974.0,4021.0,3776.0,8.1,-3.24,8.72,0.06,-0.14,-0.0,0.0,974.0,2402.0,1074.0,3173.0,4095.0,4095.0,4095.0,4095.0,-14.08,-5.25,-8.12,-0.37,-0.61,2.64,1.0,my-name-is
3185.0,981.0,4095.0,3551.0,3135.0,2975.0,4003.0,3740.0,8.99,-2.86,8.83,0.0,-0.07,-0.09,0.0,1072.0,3058.0,1455.0,3125.0,4095.0,4095.0,4095.0,4095.0,-3.92,-3.18,-6.86,-2.89,-1.0,2.65,1.0,my-name-is
3199.0,995.0,3995.0,3543.0,3136.0,2973.0,3878.0,3472.0,8.73,-3.72,9.06,-0.28,0.34,-0.27,0.0,2367.0,1525.0,2275.0,3345.0,4095.0,4095.0,4095.0,4095.0,-7.3,1.13,3.83,-0.13,-0.06,-0.31,1.0,my-name-is
3191.0,3943.0,2155.0,3559.0,3155.0,2899.0,3123.0,2471.0,7.82,-4.2,9.4,-0.23,0.03,-0.16,0.0,2546.0,1535.0,2320.0,3415.0,4095.0,4095.0,4095.0,4095.0,-9.55,1.55,3.66,-0.16,0.64,0.13,1.0,my-name-is
3120.0,3056.0,2155.0,3468.0,3055.0,2736.0,2335.0,1854.0,10.3,-2.97,10.33,1.12,-0.43,-0.53,0.0,1850.0,2851.0,2831.0,3434.0,4095.0,4095.0,4095.0,4095.0,-8.71,-2.04,7.85,3.96,-0.89,0.42,1.0,my-name-is
3169.0,3025.0,3312.0,3011.0,3051.0,2633.0,2186.0,1742.0,7.65,-1.47,9.18,-0.18,-0.12,-1.42,0.0,1278.0,2930.0,3002.0,2494.0,4095.0,3838.0,2855.0,2287.0,-8.39,3.82,-0.92,1.51,-0.66,-0.86,1.0,my-name-is
3136.0,3008.0,3308.0,3042.0,3493.0,3834.0,2203.0,1764.0,9.74,0.35,8.8,-0.21,-0.91,-1.37,0.0,917.0,2928.0,3003.0,2421.0,4095.0,4095.0,2830.0,2543.0,-3.4,2.49,-0.31,0.32,0.42,-2.5,1.0,my-name-is
3127.0,2999.0,3309.0,3124.0,3543.0,4095.0,2247.0,1835.0,0.41,-0.21,6.56,-0.34,0.29,1.01,0.0,946.0,2916.0,3007.0,2419.0,4095.0,4095.0,2881.0,2539.0,-13.26,-4.61,0.43,-2.03,1.18,-3.22,1.0,my-name-is
3131.0,2995.0,3314.0,3107.0,3539.0,4016.0,2256.0,1859.0,13.12,3.28,7.17,0.0,-0.4,-1.42,0.0,970.0,2926.0,3007.0,2493.0,4095.0,4095.0,2854.0,2645.0,1.87,3.33,-2.17,0.29,-1.16,-0.2,1.0,my-name-is
3145.0,3017.0,3317.0,3153.0,3553.0,3952.0,2290.0,1875.0,7.34,0.3,6.87,0.18,-0.22,-0.38,0.0,1763.0,2912.0,3007.0,2646.0,4095.0,4095.0,2928.0,2608.0,-7.69,-1.34,0.93,-0.11,0.03,0.17,1.0,my-name-is
3138.0,3009.0,3285.0,3178.0,3603.0,3984.0,2294.0,1899.0,9.3,1.97,6.87,0.09,0.32,-0.04,0.0,1441.0,2925.0,3005.0,2683.0,4095.0,4095.0,2943.0,2670.0,-8.86,-1.02,2.08,-0.18,0.3,0.01,1.0,my-name-is
3135.0,3004.0,3278.0,3168.0,3581.0,3940.0,2276.0,1904.0,9.86,2.05,7.15,-0.03,0.15,-0.06,0.0,2059.0,2915.0,2998.0,2688.0,4095.0,4095.0,2934.0,2590.0,-9.12,-1.44,1.3,-0.03,0.09,0.02,1.0,my-name-is
3152.0,2992.0,3254.0,3185.0,3543.0,3833.0,2316.0,1895.0,9.57,1.87,7.37,0.09,-0.01,-0.04,0.0,2062.0,2921.0,3003.0,2615.0,4095.0,4095.0,2935.0,2626.0,-9.38,-1.4,0.77,-0.11,0.3,0.0,1.0,my-name-is
3147.0,3005.0,3259.0,3185.0,3539.0,3839.0,2321.0,1904.0,9.41,2.09,7.12,0.02,0.05,-0.11,0.0,2278.0,2927.0,3008.0,2640.0,4095.0,4095.0,2945.0,2611.0,-9.17,-1.27,1.29,-0.19,0.14,0.03,1.0,my-name-is
3147.0,3007.0,3248.0,3191.0,3565.0,3819.0,2317.0,1905.0,9.51,1.9,7.44,0.01,0.03,-0.11,0.0,2512.0,2922.0,2992.0,2672.0,4095.0,4095.0,2941.0,2559.0,-9.24,-1.13,1.04,-0.09,0.04,-0.03,1.0,my-name-is
3147.0,3013.0,3261.0,3200.0,3566.0,3824.0,2340.0,1914.0,9.16,1.98,7.3,-0.02,0.03,-0.13,0.0,2800.0,2923.0,3009.0,2687.0,4095.0,4095.0,2944.0,2619.0,-9.13,-1.2,0.96,-0.05,0.03,-0.03,1.0,my-name-is
3132.0,3024.0,3254.0,3193.0,3568.0,3779.0,2338.0,1901.0,9.87,1.71,7.29,-0.1,-0.2,-0.1,0.0,2800.0,2927.0,3002.0,2687.0,4095.0,4095.0,2939.0,2663.0,-8.94,-1.58,0.63,-0.15,-0.08,-0.24,1.0,my-name-is
3275.0,1136.0,2252.0,4095.0,3268.0,3187.0,3881.0,3344.0,10.57,-0.07,3.42,0.05,0.42,0.08,0.0,1423.0,2725.0,2000.0,3083.0,4095.0,4095.0,4095.0,4095.0,-7.27,-1.28,-5.05,0.44,-1.81,0.03,1.0,my-name-is
3323.0,1264.0,1936.0,4095.0,3257.0,3184.0,3809.0,3253.0,9.94,0.13,3.45,-0.08,1.1,0.6,0.0,1406.0,2788.0,2042.0,2915.0,4095.0,4095.0,4095.0,4095.0,-7.95,-1.97,-3.16,0.46,-2.36,-0.51,1.0,my-name-is
3317.0,1173.0,997.0,4095.0,3174.0,3042.0,3747.0,3138.0,8.68,-1.67,7.42,-0.24,0.31,-0.03,0.0,2176.0,2486.0,1648.0,3207.0,4095.0,4095.0,4095.0,4095.0,-8.48,-1.7,-0.25,-0.65,1.5,-0.11,1.0,my-name-is
3274.0,1200.0,1038.0,4095.0,3149.0,3057.0,3789.0,3161.0,9.08,-1.56,7.11,-0.17,-0.0,0.12,0.0,2373.0,2425.0,1907.0,3210.0,4095.0,4095.0,4095.0,4095.0,-19.59,-1.26,-6.74,-0.09,-0.45,0.81,1.0,my-name-is
3211.0,1281.0,1040.0,4095.0,3136.0,3051.0,3740.0,3145.0,9.3,-2.15,7.61,-0.46,0.39,-0.05,0.0,1469.0,3056.0,2106.0,3071.0,4095.0,4095.0,4095.0,4095.0,0.04,-2.46,-9.15,-3.78,-1.58,1.43,1.0,my-name-is
3197.0,1360.0,1023.0,4095.0,3139.0,3056.0,3734.0,3120.0,8.92,-2.82,8.0,0.07,-0.08,-0.27,0.0,1606.0,1019.0,2356.0,3229.0,4095.0,4095.0,4095.0,4095.0,-2.46,-3.49,-1.24,-6.43,-0.26,-0.69,1.0,my-name-is
3206.0,1618.0,1017.0,4095.0,3151.0,3054.0,3677.0,3143.0,8.96,-2.46,7.86,-0.11,0.16,-0.31,0.0,1984.0,1590.0,2518.0,3575.0,4095.0,4095.0,4095.0,4095.0,-8.77,1.97,3.39,0.25,-0.94,-0.05,1.0,my-name-is
3203.0,2640.0,1323.0,4095.0,3157.0,3026.0,3604.0,3011.0,9.03,-2.38,7.97,0.24,-0.07,-0.22,0.0,1998.0,2746.0,2641.0,3606.0,4095.0,4095.0,4095.0,4095.0,-7.45,-0.43,7.49,3.11,-0.4,0.46,1.0,my-name-is
3146.0,3664.0,3551.0,3633.0,3127.0,3012.0,3264.0,2406.0,11.08,-1.12,8.43,0.86,-0.76,-0.98,0.0,965.0,2961.0,3210.0,3146.0,4095.0,4095.0,3123.0,3019.0,-8.19,0.37,-1.8,4.89,-0.48,-0.74,1.0,my-name-is
3243.0,3056.0,3504.0,3504.0,3124.0,2893.0,2243.0,1631.0,8.66,0.64,6.25,0.09,0.07,-1.29,0.0,953.0,2935.0,3039.0,2669.0,4095.0,4034.0,2807.0,2338.0,-7.86,2.88,-2.41,1.9,-0.82,-1.08,1.0,my-name-is
3268.0,3027.0,3517.0,3024.0,3435.0,3952.0,2271.0,1744.0,10.37,0.61,6.77,-1.08,0.39,-0.96,0.0,4062.0,2919.0,3022.0,2159.0,4095.0,4095.0,2832.0,2118.0,-27.9,-13.06,3.07,-2.06,1.88,-2.28,1.0,my-name-is
3279.0,3024.0,3518.0,3122.0,3568.0,4095.0,2293.0,1808.0,14.48,0.97,5.93,0.11,-0.05,0.55,0.0,4014.0,2928.0,3019.0,2479.0,4095.0,4095.0,2877.0,1811.0,-8.15,-0.19,0.51,1.04,-0.88,1.67,1.0,my-name-is
3281.0,3027.0,3525.0,3088.0,3602.0,4095.0,2277.0,1813.0,13.04,2.45,6.31,-0.53,0.15,-1.23,0.0,4095.0,2925.0,3041.0,2496.0,4095.0,4095.0,2903.0,1847.0,-17.61,-4.8,4.52,-0.81,2.62,-0.17,1.0,my-name-is
3307.0,3019.0,3542.0,3133.0,3635.0,4095.0,2320.0,1856.0,8.28,1.31,8.14,0.12,0.28,0.03,0.0,3866.0,2918.0,3037.0,2595.0,4095.0,4095.0,2921.0,2243.0,-7.01,-0.55,1.47,-0.15,0.29,0.12,1.0,my-name-is
3296.0,3029.0,3536.0,3167.0,3645.0,4095.0,2313.0,1859.0,9.72,1.62,6.88,0.21,0.09,-0.15,0.0,3934.0,2912.0,3024.0,2640.0,4095.0,4095.0,2925.0,2320.0,-9.77,-1.37,0.02,-0.12,0.16,-0.07,1.0,my-name-is
3300.0,3019.0,3522.0,3185.0,3623.0,4095.0,2332.0,1866.0,9.71,1.48,7.08,0.07,-0.03,-0.15,0.0,3928.0,2915.0,3030.0,2658.0,4095.0,4095.0,2933.0,2305.0,-9.27,-1.37,0.34,-0.08,0.12,-0.06,1.0,my-name-is
3302.0,3024.0,3536.0,3190.0,3649.0,4095.0,2320.0,1863.0,9.5,1.63,6.97,-0.08,0.08,-0.09,0.0,3959.0,2918.0,3019.0,2675.0,4095.0,4095.0,2937.0,2375.0,-8.98,-1.45,0.83,-0.14,-0.08,-0.14,1.0,my-name-is
3307.0,3041.0,3525.0,3195.0,3650.0,4095.0,2349.0,1885.0,9.9,1.47,7.13,-0.03,-0.01,-0.15,0.0,3972.0,2919.0,3027.0,2689.0,4095.0,4095.0,2933.0,2272.0,-10.07,-1.92,0.37,-0.11,0.13,-0.06,1.0,my-name-is
3283.0,3036.0,3545.0,3200.0,3664.0,4095.0,2359.0,1879.0,9.22,1.45,7.1,-0.02,0.13,-0.16,0.0,3963.0,2915.0,3037.0,2704.0,4095.0,4095.0,2943.0,2326.0,-9.03,-1.52,0.34,-0.06,0.12,0.02,1.0,my-name-is
3285.0,3020.0,3545.0,3216.0,3646.0,4095.0,2388.0,1886.0,10.1,1.24,6.97,0.14,-0.15,-0.23,0.0,3969.0,2909.0,3024.0,2713.0,4095.0,4095.0,2935.0,2306.0,-9.38,-1.69,0.17,-0.09,0.19,0.04,1.0,my-name-is
3243.0,2041.0,1003.0,3690.0,3057.0,2951.0,3880.0,3209.0,8.7,-3.93,8.7,0.45,0.11,-0.23,0.0,1038.0,2189.0,1760.0,2747.0,4095.0,3782.0,4095.0,4095.0,-10.19,-4.23,-0.25,0.13,-0.11,-0.58,1.0,my-name-is
3095.0,944.0,981.0,3662.0,2987.0,2972.0,3797.0,3217.0,9.08,-2.64,7.58,0.07,-0.13,-0.09,0.0,1344.0,2102.0,1008.0,2987.0,4095.0,3978.0,4095.0,4095.0,-8.15,-3.05,1.05,-0.14,0.14,-0.22,1.0,my-name-is
3114.0,942.0,972.0,3684.0,3085.0,2958.0,3783.0,3212.0,7.77,-2.33,7.39,-0.08,-0.08,-0.55,0.0,1005.0,965.0,938.0,3263.0,4095.0,4095.0,4095.0,4095.0,-16.5,-4.95,-4.12,-0.06,0.05,1.72,1.0,my-name-is
3136.0,944.0,917.0,3657.0,3088.0,2963.0,3811.0,3251.0,8.96,-3.05,8.27,-0.2,-0.0,0.12,0.0,1101.0,4095.0,1071.0,3098.0,4095.0,4095.0,4095.0,3440.0,-8.45,-4.19,-7.62,-1.61,-0.88,2.82,1.0,my-name-is
3113.0,944.0,927.0,3681.0,3088.0,2974.0,3831.0,3297.0,9.72,-3.06,8.32,-0.3,0.12,-0.13,0.0,1082.0,4095.0,1045.0,2544.0,4095.0,4095.0,4095.0,4006.0,-2.39,-2.83,-7.24,-3.03,-1.13,1.83,1.0,my-name-is
3121.0,934.0,912.0,3670.0,3101.0,2967.0,3818.0,3287.0,8.48,-3.18,8.47,-0.15,0.16,-0.29,0.0,970.0,2537.0,1680.0,3386.0,4095.0,4095.0,4095.0,4095.0,-5.12,-2.71,0.5,-6.08,0.21,-0.03,1.0,my-name-is
3125.0,932.0,938.0,3685.0,3107.0,2960.0,3824.0,3280.0,8.53,-3.25,8.09,0.09,-0.04,-0.25,0.0,2097.0,1461.0,1664.0,3632.0,4095.0,4095.0,4095.0,4095.0,-16.13,0.94,0.53,2.3,-3.16,-0.33,1.0,my-name-is
3123.0,935.0,957.0,3652.0,3117.0,2959.0,3763.0,3227.0,8.5,-3.3,8.45,-0.19,0.21,-0.29,0.0,1011.0,1338.0,1534.0,3709.0,4095.0,4095.0,4095.0,4095.0,-10.29,1.09,2.87,0.13,-0.1,-0.28,1.0,my-name-is
3138.0,1104.0,995.0,3655.0,3120.0,2987.0,3692.0,2928.0,9.62,-3.3,9.53,0.5,-0.23,-0.41,0.0,2027.0,2957.0,3297.0,3391.0,4095.0,4095.0,4095.0,4068.0,-7.92,-0.99,5.77,3.53,-1.17,0.18,1.0,my-name-is
3151.0,3083.0,3456.0,3605.0,2981.0,2701.0,2373.0,1785.0,10.54,-1.72,8.26,0.86,0.6,-1.49,0.0,944.0,2958.0,3041.0,2637.0,4095.0,3872.0,2891.0,2628.0,-8.03,1.13,-1.12,4.2,-0.55,-1.05,1.0,my-name-is
3146.0,3009.0,3782.0,3062.0,3414.0,4095.0,2252.0,1840.0,8.28,2.13,8.25,-0.91,-0.24,-0.75,0.0,913.0,2930.0,3007.0,2559.0,4095.0,4095.0,2850.0,2277.0,-8.47,-1.84,-0.85,-1.65,0.69,-3.31,1.0,my-name-is
3154.0,3031.0,3311.0,3107.0,3583.0,4095.0,2314.0,1857.0,11.51,2.6,7.23,-0.25,-0.65,-0.97,0.0,945.0,2920.0,3014.0,2639.0,4095.0,4095.0,2883.0,2468.0,-0.66,2.64,-0.44,0.64,-0.36,0.6,1.0,my-name-is
3174.0,3023.0,3011.0,3089.0,3571.0,4095.0,2307.0,1861.0,6.85,-0.1,7.77,-0.38,1.6,0.65,0.0,954.0,2926.0,3009.0,2690.0,4095.0,4095.0,2885.0,2141.0,-26.58,-10.34,0.42,-1.14,0.7,-0.5,1.0,my-name-is
3162.0,3025.0,3009.0,3162.0,3583.0,4095.0,2335.0,1875.0,10.01,2.5,7.71,-0.08,-0.08,-0.19,0.0,954.0,2941.0,3012.0,2731.0,4095.0,4095.0,2910.0,2309.0,-8.13,-0.59,0.57,-0.15,-0.01,0.19,1.0,my-name-is
3167.0,3015.0,2921.0,3154.0,3649.0,4095.0,2354.0,1884.0,9.09,2.31,6.99,0.03,0.23,-0.07,0.0,926.0,2923.0,3011.0,2748.0,4095.0,4095.0,2919.0,2522.0,-9.79,-1.5,0.87,0.06,0.01,-0.03,1.0,my-name-is
3158.0,3013.0,2911.0,3183.0,3626.0,4095.0,2367.0,1903.0,9.01,2.07,7.18,0.08,-0.01,-0.17,0.0,922.0,2911.0,3006.0,2768.0,4095.0,4095.0,2905.0,2547.0,-8.93,-0.81,0.75,-0.03,-0.01,0.03,1.0,my-name-is
3152.0,3024.0,2907.0,3178.0,3603.0,4095.0,2368.0,1901.0,9.51,2.12,7.56,0.02,0.03,-0.16,0.0,918.0,2919.0,3007.0,2758.0,4095.0,4095.0,2922.0,2537.0,-9.23,-1.07,1.06,-0.09,-0.03,-0.01,1.0,my-name-is
3155.0,3028.0,2912.0,3183.0,3610.0,4049.0,2384.0,1911.0,9.18,2.01,7.61,0.03,-0.04,-0.21,0.0,919.0,2925.0,3006.0,2789.0,4095.0,4095.0,2922.0,2559.0,-9.26,-0.91,0.84,-0.08,0.1,0.04,1.0,my-name-is
3146.0,3030.0,2911.0,3185.0,3621.0,4095.0,2395.0,1927.0,9.13,1.98,7.76,0.09,0.01,-0.11,0.0,929.0,2917.0,3010.0,2778.0,4095.0,4095.0,2950.0,2583.0,-9.3,-0.8,0.58,-0.13,0.09,-0.02,1.0,my-name-is
3151.0,3017.0,2906.0,3186.0,3612.0,4071.0,2399.0,1930.0,9.12,2.08,7.57,0.04,0.09,-0.07,0.0,919.0,2927.0,3011.0,2789.0,4095.0,4095.0,2935.0,2559.0,-9.29,-0.93,0.86,-0.2,0.09,-0.03,1.0,my-name-is
3135.0,970.0,3490.0,4095.0,3085.0,3039.0,4095.0,4015.0,9.01,-3.45,6.92,0.02,-0.08,-0.13,0.0,1791.0,2475.0,944.0,3051.0,4095.0,4095.0,4095.0,4095.0,-9.71,-5.48,0.49,0.11,0.41,-0.23,1.0,my-name-is
3143.0,960.0,3397.0,4047.0,3106.0,3045.0,4095.0,3984.0,7.88,-3.88,7.29,-0.03,0.09,-0.41,0.0,1043.0,3450.0,944.0,3089.0,4095.0,4095.0,4095.0,4095.0,-13.26,-6.41,0.22,0.28,0.23,0.7,1.0,my-name-is
3167.0,973.0,3344.0,4015.0,3098.0,3026.0,4095.0,3952.0,8.45,-4.1,7.22,-0.04,0.06,-0.09,0.0,1584.0,2213.0,1413.0,3025.0,4095.0,4095.0,4095.0,4095.0,-6.39,-5.03,-8.77,-2.48,-0.94,3.02,1.0,my-name-is
3152.0,967.0,3367.0,4095.0,3099.0,3053.0,4095.0,3952.0,8.41,-3.8,7.32,-0.15,0.11,-0.05,0.0,1763.0,1904.0,1891.0,3056.0,4095.0,4095.0,4095.0,4095.0,-3.19,-2.69,-3.98,-3.8,-0.52,1.88,1.0,my-name-is
3152.0,971.0,3420.0,3818.0,3120.0,3049.0,4095.0,3941.0,8.43,-4.34,7.47,-0.05,0.01,-0.22,0.0,2529.0,1586.0,2290.0,3215.0,4095.0,4095.0,4095.0,4095.0,-9.26,0.38,0.43,-0.05,-0.67,-1.1,1.0,my-name-is
3166.0,975.0,3465.0,3918.0,3120.0,3059.0,4048.0,3735.0,7.98,-4.14,7.94,0.11,-0.1,-0.3,0.0,2495.0,1535.0,2277.0,3349.0,4095.0,4095.0,4095.0,4095.0,-8.83,1.91,2.87,0.02,0.13,-0.01,1.0,my-name-is
3152.0,1285.0,3327.0,3926.0,3114.0,3034.0,3793.0,3295.0,11.2,-3.89,8.52,1.08,-0.48,-0.69,0.0,1864.0,2944.0,3185.0,3170.0,4095.0,4095.0,3462.0,3198.0,-6.57,-1.07,3.46,5.06,-0.66,-0.45,1.0,my-name-is
3203.0,3030.0,1744.0,3604.0,3059.0,2688.0,2209.0,1814.0,8.24,-0.49,5.86,0.31,0.08,-2.16,0.0,976.0,2954.0,3029.0,3067.0,4095.0,4022.0,2813.0,2826.0,-8.39,1.0,-4.56,3.61,-1.42,-1.57,1.0,my-name-is
3184.0,3023.0,945.0,3071.0,3363.0,3351.0,2198.0,1817.0,7.51,0.17,6.4,-0.98,-0.08,-1.68,0.0,949.0,2937.0,3020.0,2649.0,4095.0,4095.0,2842.0,2294.0,-5.02,3.54,-1.19,0.53,-0.14,-1.41,1.0,my-name-is
3199.0,3019.0,944.0,3135.0,3557.0,4002.0,2238.0,1856.0,4.93,0.28,6.35,-0.81,-0.56,1.23,0.0,960.0,2927.0,3021.0,2617.0,4095.0,4095.0,2768.0,2257.0,-13.63,-2.93,0.82,0.84,-0.82,1.28,1.0,my-name-is
3180.0,3017.0,949.0,3158.0,3536.0,4095.0,2257.0,1904.0,10.4,2.31,7.15,0.1,-0.71,0.04,0.0,1583.0,2928.0,3026.0,2639.0,4095.0,4095.0,2887.0,2191.0,-22.27,-7.26,6.42,-0.17,-0.74,1.26,1.0,my-name-is
3171.0,3024.0,1014.0,3178.0,3557.0,4095.0,2277.0,1959.0,7.13,-0.63,7.33,-0.04,0.48,-0.31,0.0,3015.0,2913.0,3030.0,2663.0,4095.0,4095.0,2909.0,2414.0,-7.98,-0.45,0.16,-0.24,-0.18,0.08,1.0,my-name-is
3169.0,3021.0,1017.0,3216.0,3630.0,4095.0,2288.0,1989.0,9.47,2.75,7.48,0.1,0.23,-0.2,0.0,3046.0,2926.0,3022.0,2690.0,4095.0,4095.0,2929.0,2494.0,-9.16,-0.95,1.5,-0.15,0.11,0.0,1.0,my-name-is
3171.0,3024.0,1013.0,3223.0,3648.0,4095.0,2288.0,2003.0,9.79,2.03,6.45,0.16,0.19,-0.09,0.0,3053.0,2931.0,3028.0,2699.0,4095.0,4095.0,2933.0,2495.0,-9.45,-1.34,0.67,-0.08,-0.14,-0.08,1.0,my-name-is
3186.0,3005.0,1152.0,3234.0,3634.0,4095.0,2320.0,2013.0,9.56,2.16,6.81,0.07,0.03,-0.14,0.0,3031.0,2926.0,3022.0,2711.0,4095.0,4095.0,2942.0,2502.0,-9.1,-1.26,1.03,-0.15,-0.05,-0.04,1.0,my-name-is
3163.0,3027.0,1152.0,3245.0,3627.0,4095.0,2326.0,2017.0,9.4,2.12,6.88,0.02,-0.02,-0.17,0.0,3042.0,2927.0,3024.0,2720.0,4095.0,4095.0,2940.0,2513.0,-9.1,-1.19,1.09,-0.07,-0.05,-0.04,1.0,my-name-is
3174.0,3023.0,1185.0,3247.0,3645.0,4095.0,2337.0,2027.0,9.54,2.26,6.99,-0.02,-0.03,-0.19,0.0,3105.0,2917.0,3021.0,2723.0,4095.0,4095.0,2946.0,2508.0,-9.16,-1.18,0.85,-0.04,-0.07,0.01,1.0,my-name-is
3169.0,3025.0,1275.0,3247.0,3620.0,4095.0,2349.0,2018.0,10.03,1.71,7.07,-0.0,0.03,-0.11,0.0,3120.0,2925.0,3011.0,2729.0,4095.0,4095.0,2949.0,2486.0,-9.56,-1.01,0.58,0.01,0.09,-0.06,1.0,my-name-is
3183.0,3006.0,1343.0,3248.0,3632.0,4095.0,2350.0,2034.0,9.34,2.02,6.58,0.01,0.15,-0.12,0.0,3180.0,2923.0,3011.0,2736.0,4095.0,4095.0,2964.0,2481.0,-9.09,-1.06,0.65,-0.07,0.12,-0.09,1.0,my-name-is
3181.0,3010.0,1406.0,3250.0,3643.0,4095.0,2357.0,2032.0,9.56,1.9,6.83,0.1,0.07,-0.14,0.0,3221.0,2912.0,3018.0,2733.0,4095.0,4095.0,2954.0,2466.0,-9.79,-1.27,0.13,-0.07,0.09,-0.03,1.0,my-name-is
3200.0,1123.0,965.0,4095.0,3024.0,3120.0,3965.0,3313.0,8.76,-4.18,6.86,0.02,0.07,-0.4,0.0,1481.0,2651.0,978.0,3229.0,4095.0,4095.0,4095.0,4095.0,-8.43,-5.08,0.13,0.09,0.42,-0.01,1.0,my-name-is
3186.0,1142.0,951.0,4095.0,3045.0,3066.0,3911.0,3312.0,8.21,-3.79,6.86,0.19,-0.09,-0.22,0.0,2250.0,3146.0,934.0,3183.0,4095.0,4095.0,4095.0,4095.0,-12.82,-4.25,1.06,0.14,0.61,0.41,1.0,my-name-is
3206.0,1144.0,962.0,4095.0,3054.0,3056.0,3895.0,3307.0,9.22,-3.24,6.82,-0.13,0.05,-0.03,0.0,1444.0,3085.0,939.0,3051.0,4095.0,4095.0,4095.0,4095.0,-15.49,-6.01,-7.24,-0.21,-0.12,2.29,1.0,my-name-is
3191.0,1136.0,957.0,4095.0,3054.0,3083.0,3867.0,3300.0,9.37,-4.07,7.34,-0.02,0.27,-0.19,0.0,1891.0,2318.0,1957.0,2988.0,4095.0,4095.0,4095.0,4095.0,-2.14,-2.89,-5.52,-4.29,-0.9,1.17,1.0,my-name-is
3221.0,1149.0,951.0,4095.0,3069.0,3057.0,3853.0,3311.0,8.82,-3.89,6.85,0.09,0.04,-0.27,0.0,2389.0,1824.0,2419.0,3332.0,4095.0,4095.0,4095.0,4095.0,-7.85,0.6,1.52,0.24,-1.26,-0.38,1.0,my-name-is
3210.0,1776.0,959.0,4095.0,3027.0,3085.0,3879.0,3287.0,8.83,-3.49,8.63,0.56,-0.39,-0.44,0.0,2626.0,2810.0,3119.0,3443.0,4095.0,4095.0,4095.0,4095.0,-8.36,-1.5,6.77,3.8,-0.93,0.29,1.0,my-name-is
3279.0,3067.0,3191.0,3847.0,2981.0,2849.0,2422.0,1906.0,10.02,-0.98,6.41,1.0,0.63,-1.7,0.0,1771.0,2960.0,3078.0,2726.0,4095.0,4095.0,3011.0,2834.0,-4.41,1.41,-0.89,3.95,-0.44,-1.3,1.0,my-name-is
3479.0,3049.0,3091.0,3426.0,3146.0,2928.0,2351.0,1830.0,7.08,-0.42,7.08,-0.18,0.53,-1.47,0.0,4095.0,2931.0,2992.0,2385.0,4095.0,4095.0,2937.0,1995.0,-5.07,2.89,0.67,-0.07,0.62,-1.31,1.0,my-name-is
3386.0,3018.0,2655.0,3056.0,3553.0,4095.0,2320.0,1865.0,8.81,0.13,8.36,-0.77,0.55,0.67,0.0,4095.0,2928.0,3004.0,2427.0,4095.0,4095.0,2969.0,1857.0,-28.34,-13.61,5.13,-2.27,2.37,-0.87,1.0,my-name-is
3376.0,3021.0,2397.0,3110.0,3536.0,4095.0,2364.0,1891.0,13.12,2.09,6.84,-0.23,0.02,-1.16,0.0,4095.0,2926.0,3005.0,2646.0,4095.0,4095.0,3005.0,2559.0,2.46,4.11,-1.67,-0.28,-0.19,-0.47,1.0,my-name-is
3408.0,3024.0,2125.0,3140.0,3583.0,4095.0,2362.0,1890.0,8.3,-0.43,7.36,-0.11,0.31,-0.32,0.0,4095.0,2923.0,2991.0,2415.0,4095.0,4095.0,2975.0,2384.0,-21.64,-9.73,9.41,-0.19,-0.28,1.58,1.0,my-name-is
3393.0,3010.0,2119.0,3170.0,3606.0,4095.0,2383.0,1916.0,9.29,2.14,6.47,0.02,0.12,-0.09,0.0,4095.0,2941.0,3003.0,2730.0,4095.0,4095.0,3026.0,2582.0,-8.91,-1.44,1.59,-0.13,0.16,-0.01,1.0,my-name-is
3395.0,3024.0,2135.0,3167.0,3639.0,4095.0,2407.0,1920.0,9.55,2.26,6.94,0.02,-0.0,-0.18,0.0,4095.0,2922.0,3002.0,2749.0,4095.0,4095.0,3020.0,2594.0,-9.42,-1.21,1.07,-0.1,-0.02,0.04,1.0,my-name-is
3377.0,3010.0,2123.0,3198.0,3609.0,4095.0,2402.0,1915.0,9.45,2.12,6.82,-0.01,0.04,-0.17,0.0,4095.0,2915.0,3005.0,2752.0,4095.0,4095.0,3037.0,2603.0,-8.95,-1.04,1.26,-0.05,-0.07,0.01,1.0,my-name-is
3384.0,3024.0,2128.0,3193.0,3621.0,4095.0,2411.0,1920.0,9.51,2.02,7.11,-0.05,0.14,-0.12,0.0,4095.0,2934.0,2997.0,2679.0,4095.0,4095.0,3031.0,2590.0,-9.13,-0.99,1.73,-0.08,0.12,-0.03,1.0,my-name-is
3399.0,3023.0,2115.0,3165.0,3626.0,4095.0,2402.0,1920.0,9.33,1.78,7.29,-0.09,0.0,-0.19,0.0,4095.0,2918.0,3001.0,2723.0,4095.0,4095.0,3037.0,2597.0,-9.18,-0.83,1.26,-0.1,-0.07,-0.06,1.0,my-name-is
3387.0,3017.0,2077.0,3171.0,3607.0,4095.0,2397.0,1908.0,9.33,1.87,7.35,0.04,-0.16,-0.18,0.0,4095.0,2934.0,2991.0,2736.0,4095.0,4095.0,3038.0,2594.0,-9.36,-0.94,1.14,-0.04,-0.08,-0.06,1.0,my-name-is
3404.0,3007.0,1968.0,3184.0,3619.0,4095.0,2416.0,1908.0,9.48,2.04,7.06,0.03,-0.03,-0.16,0.0,4095.0,2915.0,3007.0,2724.0,4095.0,4095.0,3034.0,2594.0,-9.32,-1.08,1.18,-0.09,-0.02,-0.03,1.0,my-name-is
3395.0,3022.0,1978.0,3184.0,3615.0,4095.0,2419.0,1930.0,9.25,2.0,7.2,0.03,-0.03,-0.16,0.0,4095.0,2930.0,2999.0,2751.0,4095.0,4095.0,3053.0,2597.0,-9.37,-0.91,1.19,-0.08,-0.01,-0.02,1.0,my-name-is
3406.0,3022.0,1968.0,3184.0,3613.0,4095.0,2419.0,1906.0,9.35,1.91,7.3,0.04,-0.11,-0.22,0.0,4095.0,2928.0,3007.0,2769.0,4095.0,4095.0,3041.0,2597.0,-9.22,-0.93,1.04,-0.09,0.06,-0.03,1.0,my-name-is
3127.0,1230.0,1559.0,4054.0,3154.0,3117.0,4095.0,3501.0,9.71,-2.73,7.98,-0.01,-0.06,-0.04,0.0,1040.0,2033.0,939.0,3106.0,4095.0,4095.0,4095.0,4095.0,-10.4,-4.06,-0.48,-0.39,0.42,0.03,1.0,my-name-is
3132.0,1234.0,1573.0,4078.0,3155.0,3119.0,4067.0,3461.0,9.23,-2.13,7.72,0.08,0.01,-0.25,0.0,1407.0,2918.0,949.0,3142.0,4095.0,4095.0,4095.0,4095.0,-8.2,-5.1,0.35,0.21,-0.89,0.68,1.0,my-name-is
3131.0,1237.0,1646.0,4048.0,3206.0,3119.0,4095.0,3478.0,8.32,-3.0,7.84,-0.07,0.39,-0.22,0.0,1751.0,2977.0,1056.0,3088.0,4095.0,4095.0,4095.0,4095.0,-13.61,-3.26,-1.27,-0.16,0.36,0.66,1.0,my-name-is
3138.0,1229.0,1728.0,4067.0,3185.0,3100.0,4032.0,3369.0,8.27,-2.61,7.47,-0.22,-0.13,-0.05,0.0,2207.0,2559.0,1887.0,3079.0,4095.0,4095.0,4095.0,4095.0,-12.68,-4.61,-7.75,-1.69,-0.51,2.68,1.0,my-name-is
3136.0,1343.0,1729.0,4043.0,3223.0,3103.0,3979.0,3338.0,9.52,-2.99,8.1,-0.33,-0.02,-0.02,0.0,1595.0,893.0,2365.0,2997.0,4095.0,4095.0,4095.0,4095.0,-6.98,-4.89,3.33,-6.77,1.12,0.6,1.0,my-name-is
3150.0,1869.0,1627.0,4071.0,3201.0,3114.0,3921.0,3290.0,8.86,-3.03,7.96,-0.0,0.11,-0.25,0.0,2559.0,1481.0,2438.0,3263.0,4095.0,4095.0,4095.0,4095.0,-8.39,1.23,6.38,0.42,-1.23,-0.51,1.0,my-name-is
3184.0,2879.0,2816.0,4095.0,3135.0,3152.0,3919.0,2672.0,9.87,-2.67,9.24,0.43,0.21,-0.65,0.0,1616.0,1099.0,2455.0,3377.0,4095.0,4095.0,4095.0,4095.0,-10.55,-0.61,4.8,1.55,-1.49,0.48,1.0,my-name-is
3248.0,3010.0,3578.0,3792.0,3105.0,2709.0,2320.0,1630.0,8.74,-0.31,6.42,0.6,0.21,-1.63,0.0,1194.0,2970.0,3007.0,2638.0,4095.0,4095.0,2813.0,2671.0,-6.67,3.3,-4.11,3.18,-0.9,-0.31,1.0,my-name-is
3251.0,3019.0,3467.0,3053.0,3466.0,3838.0,2332.0,1673.0,8.81,2.02,7.24,-0.38,-0.39,-1.3,0.0,1498.0,2927.0,2992.0,2454.0,4095.0,4095.0,2863.0,2312.0,-6.26,-0.89,0.19,-2.1,0.97,-3.54,1.0,my-name-is
3216.0,2998.0,3426.0,3117.0,3557.0,3919.0,2355.0,1717.0,4.11,0.73,9.25,0.79,-0.5,0.99,0.0,2310.0,2933.0,3014.0,2491.0,4095.0,4095.0,2880.0,2027.0,-21.43,-6.15,-0.06,-0.48,0.63,0.25,1.0,my-name-is
3219.0,3011.0,3408.0,3110.0,3603.0,4025.0,2343.0,1728.0,14.64,3.1,5.5,-0.08,-0.79,-0.6,0.0,3387.0,2941.0,3003.0,2487.0,4095.0,4095.0,2891.0,2599.0,0.13,2.98,-0.7,0.6,-0.65,0.92,1.0,my-name-is
3224.0,3030.0,3391.0,3190.0,3551.0,4095.0,2357.0,1734.0,-0.85,0.47,8.31,-0.42,0.82,1.06,0.0,3109.0,2946.0,3005.0,2555.0,4095.0,4095.0,2902.0,2610.0,-7.78,-2.34,0.11,-1.26,0.32,-2.49,1.0,my-name-is
3221.0,3003.0,3391.0,3151.0,3606.0,4095.0,2384.0,1779.0,11.85,2.62,7.64,0.04,-0.86,-0.64,0.0,4095.0,2928.0,3007.0,2583.0,4095.0,4095.0,2899.0,2226.0,-11.99,-2.22,0.33,-0.14,-0.7,-0.19,1.0,my-name-is
3213.0,3006.0,3367.0,3180.0,3604.0,4095.0,2384.0,1779.0,7.98,1.58,7.4,0.04,-0.03,-0.19,0.0,4095.0,2928.0,3009.0,2658.0,4095.0,4095.0,2931.0,2544.0,-9.14,-1.33,-0.02,0.03,0.04,-0.0,1.0,my-name-is
3227.0,3002.0,3366.0,3178.0,3636.0,4054.0,2403.0,1799.0,9.1,1.84,7.73,0.06,-0.11,-0.06,0.0,4095.0,2928.0,3005.0,2671.0,4095.0,4095.0,2907.0,2544.0,-9.13,-1.17,1.23,-0.23,0.17,-0.01,1.0,my-name-is
3234.0,3004.0,3382.0,3189.0,3615.0,4095.0,2416.0,1809.0,9.36,1.93,7.48,0.06,-0.12,-0.1,0.0,4095.0,2922.0,3008.0,2675.0,4095.0,4095.0,2933.0,2541.0,-9.49,-1.52,0.57,-0.12,0.1,-0.06,1.0,my-name-is
3234.0,2994.0,3366.0,3184.0,3642.0,4095.0,2403.0,1807.0,9.28,1.63,7.54,-0.09,0.06,0.02,0.0,4095.0,2919.0,3008.0,2685.0,4095.0,4095.0,2943.0,2522.0,-9.64,-1.39,0.2,-0.2,0.34,-0.08,1.0,my-name-is
3225.0,3022.0,3367.0,3190.0,3631.0,4087.0,2421.0,1835.0,9.28,1.46,7.89,0.06,-0.03,-0.12,0.0,4095.0,2928.0,3010.0,2688.0,4095.0,4095.0,2943.0,2557.0,-8.84,-1.33,0.29,-0.17,0.1,-0.03,1.0,my-name-is
3238.0,2999.0,3385.0,3201.0,3647.0,4095.0,2416.0,1837.0,9.5,1.49,7.72,0.02,0.03,-0.13,0.0,4095.0,2928.0,3015.0,2705.0,4095.0,4095.0,2958.0,2522.0,-8.89,-1.12,0.48,-0.1,-0.18,0.02,1.0,my-name-is
3231.0,2999.0,3373.0,3204.0,3645.0,4095.0,2427.0,1863.0,9.81,1.36,7.86,-0.02,0.09,-0.11,0.0,4095.0,2929.0,3009.0,2701.0,4095.0,4095.0,2956.0,2586.0,-9.73,-1.59,0.21,-0.05,-0.01,-0.09,1.0,my-name-is
3258.0,1067.0,1621.0,4095.0,3200.0,3039.0,3936.0,3331.0,8.96,-4.67,8.14,0.1,-0.02,-0.09,0.0,2141.0,2994.0,1717.0,3381.0,4095.0,4095.0,4095.0,4095.0,-8.27,-5.84,0.3,-0.21,0.16,-0.08,1.0,my-name-is
3267.0,1066.0,1729.0,4095.0,3229.0,3051.0,3925.0,3305.0,8.99,-4.13,7.73,-0.19,0.21,-0.08,0.0,1189.0,2687.0,953.0,3259.0,4095.0,4095.0,4095.0,4095.0,-10.53,-5.84,0.46,0.35,0.05,0.46,1.0,my-name-is
3265.0,1072.0,1817.0,4095.0,3212.0,3050.0,3926.0,3287.0,8.23,-4.07,7.84,-0.21,0.33,-0.21,0.0,1599.0,2315.0,2128.0,2928.0,4095.0,4095.0,4095.0,4095.0,-4.47,-2.3,-6.9,-2.62,-1.0,2.39,1.0,my-name-is
3264.0,1070.0,1653.0,4095.0,3210.0,3056.0,3910.0,3305.0,8.31,-4.74,7.92,-0.07,0.22,-0.13,0.0,2127.0,1883.0,2485.0,2795.0,4095.0,4095.0,4095.0,4095.0,-3.3,-4.34,-5.24,-5.51,-0.87,0.76,1.0,my-name-is
3245.0,1084.0,1587.0,3536.0,3222.0,3053.0,3910.0,3296.0,9.14,-4.41,7.85,0.01,0.01,-0.06,0.0,1920.0,1345.0,2643.0,3300.0,4095.0,4095.0,4095.0,4095.0,-3.46,-18.41,59.58,-3.19,-7.63,-2.19,1.0,my-name-is
3250.0,1091.0,1573.0,3670.0,3225.0,3066.0,3888.0,3283.0,8.19,-4.41,8.26,-0.06,-0.04,-0.33,0.0,1082.0,1367.0,2549.0,3685.0,4095.0,4095.0,4095.0,4095.0,-9.2,1.17,2.02,-0.04,0.44,0.14,1.0,my-name-is
3219.0,1339.0,948.0,3781.0,3227.0,3043.0,3756.0,3025.0,9.22,-4.03,8.75,0.38,-0.23,-0.45,0.0,1901.0,2927.0,3248.0,3255.0,4095.0,4095.0,3874.0,3631.0,-7.15,-2.06,4.6,5.13,-1.43,-0.31,1.0,my-name-is
3172.0,3029.0,4094.0,3569.0,3035.0,2652.0,2198.0,1637.0,9.87,-0.79,7.47,1.02,-0.25,-2.08,0.0,1017.0,2950.0,3031.0,2592.0,4095.0,4095.0,2838.0,2637.0,-11.0,2.42,-5.28,4.08,-1.77,-0.42,1.0,my-name-is
3168.0,3023.0,3825.0,3149.0,3154.0,3001.0,2230.0,1713.0,7.7,0.4,5.6,-0.31,-0.19,-1.38,0.0,944.0,2932.0,3010.0,2497.0,4095.0,4095.0,2835.0,2432.0,-6.99,3.87,-2.33,1.36,-0.37,-0.4,1.0,my-name-is
3166.0,3008.0,3834.0,3049.0,3599.0,4095.0,2285.0,1846.0,4.9,-0.55,9.33,-0.06,0.45,-0.47,0.0,917.0,2928.0,3019.0,2612.0,4095.0,4095.0,2830.0,1495.0,-33.02,-13.37,9.76,-0.7,0.45,0.81,1.0,my-name-is
3173.0,3019.0,3824.0,3088.0,3600.0,4095.0,2306.0,1861.0,12.62,1.28,6.18,0.09,0.11,0.18,0.0,2932.0,2930.0,3011.0,2611.0,4095.0,4095.0,2946.0,2496.0,2.82,4.39,0.52,-0.12,-0.2,-1.1,1.0,my-name-is
3169.0,3007.0,3687.0,3056.0,3565.0,4066.0,2278.0,1806.0,6.93,0.13,7.03,-0.05,0.29,-0.07,0.0,4095.0,2926.0,3014.0,2299.0,4095.0,4095.0,2918.0,2281.0,-20.53,-7.95,7.62,0.53,-0.45,1.16,1.0,my-name-is
3180.0,3018.0,3687.0,3085.0,3578.0,4041.0,2279.0,1810.0,9.01,2.34,8.1,0.06,0.33,-0.06,0.0,4095.0,2929.0,3013.0,2619.0,4095.0,4095.0,2956.0,2523.0,-7.74,0.14,0.9,-0.29,0.41,0.21,1.0,my-name-is
3187.0,3013.0,3725.0,3071.0,3582.0,4087.0,2298.0,1840.0,9.62,2.38,6.56,0.11,0.16,-0.09,0.0,4095.0,2928.0,3018.0,2641.0,4095.0,4095.0,2969.0,2559.0,-9.23,-0.65,1.47,-0.13,0.2,0.1,1.0,my-name-is
3184.0,3022.0,3685.0,3084.0,3561.0,4087.0,2308.0,1843.0,10.06,2.08,6.71,0.07,0.21,-0.03,0.0,4095.0,2922.0,3008.0,2663.0,4095.0,4095.0,2971.0,2480.0,-9.46,-0.58,1.09,-0.16,0.26,0.03,1.0,my-name-is
3191.0,3011.0,3695.0,3091.0,3568.0,4014.0,2318.0,1852.0,9.53,2.03,6.95,0.08,0.13,-0.13,0.0,4095.0,2916.0,3015.0,2685.0,4095.0,4095.0,2967.0,2480.0,-9.11,-0.51,1.14,-0.2,-0.09,0.06,1.0,my-name-is
3184.0,3007.0,3691.0,3079.0,3555.0,3969.0,2321.0,1853.0,9.52,2.01,7.07,0.02,0.04,-0.1,0.0,4095.0,2927.0,3008.0,2671.0,4095.0,4095.0,2971.0,2461.0,-9.22,-0.54,0.64,-0.13,0.09,0.01,1.0,my-name-is
3184.0,3013.0,3683.0,3069.0,3536.0,3986.0,2318.0,1869.0,9.86,2.2,7.07,0.05,0.07,-0.19,0.0,4095.0,2916.0,3018.0,2687.0,4095.0,4095.0,2978.0,2487.0,-9.92,-0.47,0.66,-0.13,-0.03,-0.01,1.0,my-name-is
3170.0,3024.0,3683.0,3091.0,3537.0,3981.0,2333.0,1872.0,9.4,2.31,6.79,0.06,0.11,-0.17,0.0,4095.0,2922.0,3009.0,2706.0,4095.0,4095.0,2982.0,2525.0,-9.38,-0.46,0.96,-0.15,-0.04,0.03,1.0,my-name-is
3185.0,2999.0,3699.0,3088.0,3550.0,3975.0,2351.0,1876.0,9.38,2.04,6.97,0.03,0.11,-0.17,0.0,4095.0,2931.0,3009.0,2721.0,4095.0,4095.0,2978.0,2537.0,-9.28,-0.47,0.66,-0.06,0.01,-0.0,1.0,my-name-is
3338.0,4095.0,944.0,3677.0,3238.0,3025.0,4095.0,3550.0,8.89,-4.23,6.57,-0.09,0.12,-0.09,0.0,1022.0,1647.0,1557.0,2913.0,4095.0,3888.0,4095.0,4095.0,-8.61,-4.3,-0.72,0.08,0.47,-0.33,1.0,my-name-is
3344.0,4095.0,3699.0,3687.0,3219.0,3018.0,4095.0,3876.0,8.82,-4.42,6.7,0.05,-0.07,-0.21,0.0,1631.0,2083.0,973.0,2994.0,4095.0,4095.0,4095.0,4095.0,-7.52,-3.9,-0.31,0.22,0.22,-0.13,1.0,my-name-is
3347.0,4095.0,3649.0,3696.0,3231.0,3029.0,4095.0,3870.0,8.72,-4.36,6.52,0.12,0.05,-0.25,0.0,1264.0,3331.0,973.0,3071.0,4095.0,4095.0,4095.0,4095.0,-11.22,-4.85,1.5,0.51,0.11,-0.32,1.0,my-name-is
3357.0,4095.0,3665.0,3677.0,3233.0,3034.0,4095.0,3903.0,8.67,-4.13,6.33,-0.04,0.03,-0.15,0.0,976.0,4095.0,950.0,2702.0,4095.0,4095.0,4095.0,4095.0,-16.78,-6.91,-1.96,0.65,-0.05,1.23,1.0,my-name-is
3335.0,4095.0,3673.0,3664.0,3249.0,3039.0,4095.0,3881.0,8.55,-3.84,6.68,-0.13,0.02,-0.17,0.0,967.0,4095.0,1115.0,2032.0,4095.0,4095.0,4095.0,4095.0,-2.17,-3.6,-8.21,-3.89,-0.99,2.47,1.0,my-name-is
3335.0,4095.0,3671.0,3686.0,3257.0,3033.0,4095.0,3889.0,10.01,-5.14,6.85,-0.2,0.11,-0.13,0.0,2128.0,4095.0,1796.0,3197.0,4095.0,4095.0,4095.0,4095.0,-11.77,-0.03,3.38,1.94,-3.76,-0.62,1.0,my-name-is
3347.0,4095.0,3747.0,3695.0,3251.0,3041.0,4095.0,3815.0,8.46,-4.54,7.14,0.01,-0.01,-0.13,0.0,1653.0,4095.0,1801.0,3718.0,4095.0,4095.0,4095.0,4095.0,-9.71,1.47,1.55,0.05,-0.04,-0.02,1.0,my-name-is
3328.0,4095.0,3935.0,3698.0,3271.0,3037.0,4095.0,3546.0,9.55,-4.16,7.07,0.29,-0.1,-0.29,0.0,1360.0,2933.0,3003.0,3347.0,4095.0,4095.0,4095.0,4095.0,-9.08,-1.58,6.65,3.72,-1.52,0.33,1.0,my-name-is
3391.0,3010.0,911.0,3583.0,2997.0,2738.0,2256.0,1789.0,13.1,-0.88,6.75,1.14,0.28,-2.95,0.0,1197.0,2960.0,3098.0,2665.0,4095.0,4095.0,3036.0,2707.0,-7.31,0.59,-0.07,4.87,-0.62,-1.25,1.0,my-name-is
3393.0,3015.0,908.0,3003.0,3269.0,3152.0,2256.0,1762.0,7.44,0.34,4.89,-0.69,0.33,-2.55,0.0,998.0,2928.0,3012.0,2290.0,4095.0,4095.0,2845.0,2145.0,-6.3,-0.13,0.29,-1.26,0.59,-2.67,1.0,my-name-is
3382.0,3011.0,907.0,3063.0,3525.0,4071.0,2320.0,1808.0,8.78,1.45,8.43,0.3,0.15,0.44,0.0,946.0,2930.0,3017.0,2343.0,4095.0,4095.0,2868.0,2277.0,-19.18,-3.67,-1.48,-0.03,0.32,-0.14,1.0,my-name-is
3369.0,3022.0,925.0,3065.0,3530.0,4069.0,2309.0,1817.0,11.78,3.08,8.03,-0.24,-0.12,-0.34,0.0,2037.0,2937.0,3009.0,2419.0,4095.0,4095.0,2890.0,1829.0,-1.77,2.73,1.6,0.26,-0.9,1.07,1.0,my-name-is
3392.0,3007.0,911.0,3012.0,3520.0,4059.0,2316.0,1807.0,-3.04,1.62,6.3,-0.12,0.08,0.93,0.0,4095.0,2922.0,3024.0,2432.0,4095.0,4095.0,2913.0,2022.0,-11.64,-0.46,1.66,0.06,-0.4,-0.34,1.0,my-name-is
3379.0,3009.0,906.0,3106.0,3579.0,4095.0,2349.0,1833.0,8.45,2.48,7.75,0.19,0.04,-0.09,0.0,4095.0,2932.0,3014.0,2503.0,4095.0,4095.0,2929.0,2113.0,-10.13,-0.85,1.26,-0.05,0.0,0.03,1.0,my-name-is
3394.0,3024.0,921.0,3107.0,3583.0,4095.0,2368.0,1870.0,8.57,2.1,8.11,0.09,0.02,-0.01,0.0,4095.0,2916.0,3022.0,2510.0,4095.0,4095.0,2941.0,2091.0,-9.22,-0.73,1.31,-0.2,0.14,0.02,1.0,my-name-is
3387.0,3015.0,909.0,3121.0,3611.0,4082.0,2382.0,1871.0,9.11,2.17,7.84,0.05,0.04,0.0,0.0,4095.0,2915.0,3014.0,2512.0,4095.0,4095.0,2945.0,2076.0,-9.8,-1.16,0.79,-0.22,0.14,-0.03,1.0,my-name-is
3381.0,3012.0,910.0,3141.0,3601.0,4094.0,2383.0,1874.0,8.46,2.38,7.56,0.12,-0.11,-0.09,0.0,4095.0,2929.0,3013.0,2527.0,4095.0,4095.0,2956.0,2092.0,-9.31,-0.67,1.11,-0.03,0.28,-0.12,1.0,my-name-is
3377.0,3002.0,919.0,3132.0,3599.0,4064.0,2370.0,1866.0,9.6,1.42,7.5,0.16,-0.29,-0.05,0.0,4095.0,2924.0,3021.0,2511.0,4095.0,4095.0,2974.0,2130.0,-8.9,-1.59,0.8,-0.2,0.37,-0.27,1.0,my-name-is
3383.0,2997.0,911.0,3149.0,3571.0,4076.0,2390.0,1876.0,10.07,1.86,7.42,-0.19,-0.02,0.18,0.0,4095.0,2927.0,3010.0,2515.0,4095.0,4095.0,2983.0,2128.0,-9.89,-1.35,0.44,-0.1,0.15,-0.21,1.0,my-name-is
3381.0,3001.0,912.0,3152.0,3583.0,4070.0,2406.0,1892.0,9.17,1.33,7.36,-0.01,0.11,-0.17,0.0,4095.0,2919.0,3013.0,2523.0,4095.0,4095.0,2978.0,1677.0,-9.2,-1.39,0.25,-0.06,-0.0,0.02,1.0,my-name-is
3039.0,2967.0,2896.0,4095.0,3408.0,3891.0,4095.0,3792.0,8.4,2.17,6.95,0.15,-0.02,-0.04,0.0,2917.0,2990.0,3085.0,2787.0,4095.0,4025.0,3218.0,3232.0,-10.01,-1.96,-1.61,-0.12,0.05,-0.1,1.0,my-name-is
3046.0,2926.0,2897.0,4095.0,3539.0,3824.0,4095.0,3622.0,7.91,1.49,7.55,0.87,0.1,0.21,0.0,2994.0,3090.0,3090.0,2832.0,4095.0,3363.0,3525.0,3478.0,-6.75,-1.39,-0.78,1.53,-0.5,-0.41,1.0,my-name-is
3041.0,1847.0,2864.0,4095.0,3396.0,3332.0,4095.0,3696.0,8.96,1.6,5.69,0.52,-0.3,0.54,0.0,3299.0,3203.0,3167.0,2800.0,4095.0,3627.0,4095.0,4095.0,-12.38,-1.72,-2.94,0.41,-0.87,-0.64,1.0,my-name-is
3027.0,1011.0,2698.0,4095.0,3409.0,3615.0,4095.0,3934.0,12.05,2.86,1.0,0.59,-2.76,-0.59,0.0,1903.0,2752.0,2074.0,3156.0,4095.0,4095.0,4095.0,4095.0,-12.79,-2.38,6.52,0.85,-3.43,0.58,1.0,my-name-is
3088.0,1019.0,2526.0,4095.0,3409.0,3630.0,4095.0,4095.0,10.29,1.15,0.54,0.02,0.28,-0.3,0.0,1099.0,3184.0,1782.0,2774.0,4095.0,4095.0,4095.0,4095.0,-2.86,-1.24,5.34,-0.24,0.1,1.25,1.0,my-name-is
3136.0,1047.0,1875.0,4080.0,3171.0,3050.0,3983.0,3215.0,7.27,-0.65,3.91,-1.7,3.05,2.62,0.0,1094.0,3551.0,2390.0,2978.0,4095.0,4095.0,4095.0,4095.0,-12.62,2.66,-0.08,-1.46,3.5,1.04,1.0,my-name-is
3138.0,1053.0,1180.0,4006.0,3173.0,3071.0,4029.0,3437.0,10.2,-4.35,7.73,-0.61,0.08,0.21,0.0,976.0,4095.0,1791.0,3443.0,4095.0,4095.0,4095.0,4095.0,-1.59,2.65,-1.11,-1.86,0.86,1.12,1.0,my-name-is
3150.0,1062.0,1008.0,3834.0,3217.0,3008.0,4001.0,3458.0,9.96,-4.46,7.68,0.05,-0.2,0.07,0.0,1226.0,4095.0,1151.0,3603.0,4095.0,4095.0,4095.0,3638.0,-5.95,-2.0,-6.88,-8.35,0.88,-0.55,1.0,my-name-is
3163.0,1060.0,997.0,4043.0,3216.0,2989.0,3953.0,3382.0,9.34,-3.96,7.26,0.18,-0.29,-0.25,0.0,1456.0,4095.0,1860.0,3329.0,4095.0,4095.0,4095.0,4095.0,-5.69,4.39,-1.63,0.39,-1.9,-0.22,1.0,my-name-is
3154.0,1094.0,1019.0,4076.0,3229.0,2975.0,3880.0,3351.0,8.99,-3.67,6.93,0.39,0.08,-0.41,0.0,1938.0,4095.0,1813.0,3503.0,4095.0,4095.0,4095.0,4095.0,-10.04,0.42,7.81,0.29,-0.68,0.1,1.0,my-name-is
3180.0,3051.0,3373.0,3410.0,3062.0,2887.0,2469.0,1887.0,13.2,-1.44,6.77,1.58,0.01,-2.25,0.0,1759.0,2958.0,3113.0,3164.0,4095.0,4095.0,3393.0,3263.0,-7.93,-0.86,3.26,5.3,-1.61,-0.56,1.0,my-name-is
3222.0,3024.0,3875.0,3262.0,3188.0,2986.0,2285.0,1728.0,10.24,0.05,6.11,0.53,0.66,-1.9,0.0,1175.0,2945.0,3010.0,2366.0,3265.0,4095.0,2821.0,2773.0,-8.33,3.54,-4.97,3.96,-1.58,-0.82,1.0,my-name-is
3207.0,3024.0,3795.0,2947.0,3446.0,3696.0,2255.0,1776.0,8.98,0.65,6.39,-0.09,0.0,-1.68,0.0,2276.0,2929.0,2998.0,2333.0,4095.0,4095.0,2874.0,2496.0,-8.15,0.59,-0.09,-1.19,0.15,-3.15,1.0,my-name-is
3219.0,3014.0,3786.0,3037.0,3568.0,4013.0,2320.0,1825.0,8.91,2.99,7.57,0.11,-0.93,0.49,0.0,2533.0,2926.0,3002.0,2535.0,4095.0,4095.0,2885.0,2514.0,-17.76,-3.07,1.33,0.21,0.39,0.14,1.0,my-name-is
3197.0,3015.0,3805.0,3095.0,3578.0,4046.0,2326.0,1857.0,12.03,3.4,7.66,-0.21,-0.17,-0.41,0.0,4095.0,2927.0,3008.0,2493.0,4095.0,4095.0,2917.0,2652.0,-5.84,0.22,0.05,-1.11,0.05,-2.26,1.0,my-name-is
3216.0,3007.0,3727.0,3091.0,3619.0,4057.0,2352.0,1893.0,10.06,3.87,8.0,0.13,-1.07,-0.5,0.0,4095.0,2911.0,3006.0,2613.0,4095.0,4095.0,2919.0,2608.0,-10.91,0.11,1.61,-0.05,-0.54,-0.44,1.0,my-name-is
3198.0,3015.0,3693.0,3109.0,3600.0,4094.0,2357.0,1891.0,8.35,2.23,8.1,-0.0,-0.07,-0.02,0.0,4095.0,2927.0,3003.0,2599.0,4095.0,4095.0,2942.0,2640.0,-9.54,-0.65,1.38,-0.07,-0.02,-0.12,1.0,my-name-is
3220.0,3011.0,3641.0,3149.0,3627.0,4061.0,2378.0,1904.0,8.86,2.41,7.97,0.05,0.04,-0.1,0.0,4095.0,2931.0,3002.0,2605.0,4095.0,4095.0,2943.0,2650.0,-9.18,-0.69,1.69,-0.17,0.12,-0.06,1.0,my-name-is
3216.0,3005.0,3547.0,3152.0,3617.0,4053.0,2384.0,1920.0,9.43,2.45,7.82,0.07,0.01,-0.13,0.0,4095.0,2931.0,3007.0,2621.0,4095.0,4095.0,2947.0,2629.0,-9.5,-0.79,1.34,-0.11,0.09,0.03,1.0,my-name-is
3198.0,3013.0,3564.0,3122.0,3617.0,4083.0,2397.0,1904.0,9.07,2.38,7.82,0.02,0.05,-0.13,0.0,4095.0,2930.0,3003.0,2615.0,4095.0,4095.0,2947.0,2676.0,-9.43,-0.81,1.41,-0.08,-0.0,-0.01,1.0,my-name-is
3158.0,1499.0,4086.0,3479.0,3152.0,3214.0,4095.0,3878.0,8.46,-3.3,7.35,0.15,-0.15,-0.1,0.0,1751.0,3230.0,2623.0,3173.0,4095.0,4095.0,4095.0,4095.0,-8.26,-3.83,0.44,-0.19,0.03,-0.12,1.0,my-name-is
3155.0,1621.0,3814.0,3491.0,3165.0,3230.0,4095.0,4071.0,8.83,-3.68,7.42,0.17,-0.08,0.01,0.0,1851.0,3638.0,1248.0,3209.0,4095.0,4095.0,4095.0,4095.0,-8.77,-4.51,-0.01,-0.24,0.11,-0.24,1.0,my-name-is
3178.0,2433.0,3632.0,3485.0,3152.0,3175.0,4095.0,3741.0,9.11,-3.28,7.35,0.18,-0.17,-0.07,0.0,1514.0,1585.0,1260.0,2979.0,4095.0,4095.0,4095.0,4095.0,-16.93,-5.35,-6.74,-1.28,0.09,1.86,1.0,my-name-is
3167.0,2554.0,3462.0,3510.0,3171.0,3152.0,4049.0,3581.0,9.36,-2.9,7.24,-0.22,0.18,-0.19,0.0,1285.0,2294.0,1903.0,2960.0,4095.0,4095.0,4095.0,4095.0,-6.33,-3.57,-7.83,-3.42,-0.81,2.66,1.0,my-name-is
3155.0,2549.0,3439.0,3509.0,3162.0,3152.0,4061.0,3538.0,9.45,-3.41,7.57,-0.23,0.23,-0.22,0.0,2128.0,1383.0,2512.0,3040.0,4095.0,4095.0,4095.0,4095.0,-4.46,-6.4,9.45,-5.78,-0.78,-0.64,1.0,my-name-is
3167.0,2674.0,3440.0,3527.0,3195.0,3152.0,3991.0,3497.0,8.04,-3.36,6.93,0.07,-0.14,-0.22,0.0,2749.0,1514.0,2480.0,3369.0,4095.0,4095.0,4095.0,4095.0,-7.95,3.5,1.11,-0.18,0.24,-0.13,1.0,my-name-is
3175.0,2701.0,3376.0,3531.0,3184.0,3139.0,3967.0,3456.0,9.19,-3.45,7.42,0.04,-0.05,-0.06,0.0,2855.0,1525.0,2407.0,3428.0,4095.0,4095.0,4095.0,4095.0,-9.59,0.61,8.4,0.78,-0.44,0.46,1.0,my-name-is
3143.0,3216.0,1567.0,3522.0,3085.0,2915.0,2896.0,2266.0,11.17,-2.03,8.7,1.68,-0.25,-0.96,0.0,2773.0,2965.0,3268.0,3238.0,4095.0,4095.0,3217.0,2889.0,-7.89,0.2,3.15,4.5,-0.81,-0.2,1.0,my-name-is
3205.0,3024.0,2557.0,3596.0,2960.0,2368.0,2142.0,1693.0,9.77,-0.62,7.26,0.88,0.9,-1.43,0.0,3169.0,2929.0,2995.0,2645.0,4095.0,4095.0,2852.0,2422.0,-4.76,3.31,-1.91,0.01,-0.14,-2.05,1.0,my-name-is
3216.0,3010.0,3177.0,2965.0,3527.0,3822.0,2181.0,1714.0,7.91,0.86,7.26,-0.48,-0.31,-1.36,0.0,2493.0,2930.0,3000.0,2462.0,4095.0,4095.0,2864.0,2493.0,-8.98,-2.7,1.11,-2.46,1.03,-3.54,1.0,my-name-is
3205.0,3008.0,3125.0,3012.0,3598.0,3959.0,2233.0,1793.0,9.69,2.76,6.9,0.61,-0.61,0.3,0.0,1905.0,2927.0,3005.0,2505.0,4095.0,4095.0,2899.0,2390.0,-20.91,-4.88,1.31,0.23,0.74,0.3,1.0,my-name-is
3197.0,3001.0,3111.0,3055.0,3525.0,4037.0,2249.0,1774.0,-2.84,-0.09,5.2,-0.14,0.52,1.02,0.0,3312.0,2928.0,3002.0,2637.0,4095.0,4095.0,2935.0,2596.0,-5.5,-1.11,0.22,-1.14,0.5,-2.06,1.0,my-name-is
3191.0,3017.0,3071.0,3070.0,3637.0,4095.0,2246.0,1823.0,11.33,2.43,7.93,0.18,-1.04,-0.39,0.0,4095.0,2921.0,2996.0,2688.0,4095.0,4095.0,2944.0,2548.0,-11.27,-1.33,0.61,-0.17,-0.31,-0.31,1.0,my-name-is
3200.0,3042.0,3056.0,3119.0,3662.0,4095.0,2267.0,1825.0,8.94,1.69,7.4,-0.05,0.15,-0.0,0.0,4095.0,2918.0,3001.0,2716.0,4095.0,4095.0,2956.0,2583.0,-9.39,-1.62,0.58,-0.07,-0.02,-0.03,1.0,my-name-is
3184.0,3018.0,3056.0,3099.0,3648.0,4095.0,2274.0,1843.0,9.63,1.86,8.01,0.08,0.29,-0.13,0.0,4095.0,2919.0,3007.0,2724.0,4095.0,4095.0,2954.0,2559.0,-9.1,-1.49,1.22,-0.1,-0.06,-0.05,1.0,my-name-is
3197.0,2992.0,3043.0,3089.0,3682.0,4095.0,2284.0,1840.0,9.49,1.71,7.91,0.08,0.14,-0.12,0.0,4095.0,2914.0,2999.0,2735.0,4095.0,4095.0,2946.0,2559.0,-9.1,-1.46,0.65,-0.09,-0.16,-0.09,1.0,my-name-is
3202.0,3007.0,3036.0,3135.0,3676.0,4095.0,2293.0,1853.0,9.31,1.89,7.64,0.06,-0.02,-0.1,0.0,4095.0,2914.0,2999.0,2737.0,4095.0,4095.0,2966.0,2503.0,-9.18,-1.63,1.23,-0.06,0.0,-0.08,1.0,my-name-is
3190.0,3008.0,3056.0,3082.0,3664.0,4095.0,2311.0,1863.0,9.39,1.74,8.15,0.04,0.06,-0.2,0.0,4095.0,2921.0,3006.0,2739.0,4095.0,4095.0,2965.0,2485.0,-9.27,-1.48,0.93,-0.05,-0.0,0.01,1.0,my-name-is
3207.0,3015.0,3042.0,3119.0,3696.0,4095.0,2317.0,1871.0,9.03,1.78,8.22,-0.02,0.06,-0.2,0.0,4095.0,2923.0,2998.0,2754.0,4095.0,4095.0,2967.0,2457.0,-9.42,-1.39,0.85,-0.07,-0.08,0.05,1.0,my-name-is
3184.0,3008.0,3051.0,3123.0,3687.0,4095.0,2320.0,1882.0,8.93,1.75,8.13,-0.09,0.01,-0.13,0.0,4095.0,2939.0,3008.0,2747.0,4095.0,4095.0,2971.0,2471.0,-9.09,-1.23,1.08,-0.04,-0.03,0.03,1.0,my-name-is
3264.0,3061.0,963.0,3861.0,3175.0,2914.0,3873.0,3185.0,9.65,-2.7,7.49,-0.11,0.27,0.01,0.0,1103.0,3249.0,970.0,3088.0,4095.0,4095.0,4095.0,4095.0,-7.99,-5.66,-0.38,-0.02,0.34,-0.01,1.0,my-name-is
3209.0,1891.0,967.0,3914.0,3041.0,2940.0,3914.0,3217.0,9.09,-2.54,7.58,-0.12,-0.06,-0.11,0.0,1157.0,3141.0,963.0,3031.0,4095.0,4095.0,4095.0,4095.0,-10.63,-4.16,-0.11,-0.21,0.08,0.21,1.0,my-name-is
3202.0,1755.0,958.0,3917.0,3106.0,2956.0,3893.0,3221.0,8.98,-2.42,7.53,-0.21,0.01,-0.19,0.0,1088.0,3088.0,970.0,3090.0,4095.0,4095.0,4095.0,4095.0,-18.16,-5.28,-4.61,-0.93,1.88,1.68,1.0,my-name-is
3216.0,1758.0,981.0,3917.0,3120.0,2955.0,3866.0,3217.0,9.41,-2.73,8.03,-0.39,0.18,-0.08,0.0,1598.0,1475.0,2277.0,2999.0,4095.0,4095.0,4095.0,4095.0,2.45,-2.48,-4.47,-3.66,-2.47,1.16,1.0,my-name-is
3157.0,1915.0,957.0,3921.0,3184.0,3001.0,3888.0,3247.0,9.49,-3.39,7.8,-0.17,-0.04,-0.06,0.0,2078.0,1296.0,2544.0,3149.0,4095.0,4095.0,4095.0,4095.0,-9.19,-1.8,-4.84,-5.43,0.04,0.07,1.0,my-name-is
3169.0,2177.0,976.0,3939.0,3216.0,2991.0,3839.0,3227.0,9.17,-3.17,7.9,-0.3,0.18,-0.24,0.0,2206.0,1366.0,2467.0,3471.0,4095.0,4095.0,4095.0,4095.0,-7.89,2.81,11.82,0.14,0.24,-1.35,1.0,my-name-is
3141.0,4095.0,3406.0,3908.0,3173.0,2983.0,3398.0,2517.0,9.09,-2.19,8.67,0.66,-0.25,-0.5,0.0,2075.0,1623.0,2513.0,3657.0,4095.0,4095.0,4095.0,4095.0,-10.43,0.08,5.59,0.17,-0.1,0.15,1.0,my-name-is
3202.0,3024.0,3679.0,3186.0,3211.0,3008.0,2254.0,1727.0,9.52,-0.1,6.82,0.26,-0.06,-1.8,0.0,1206.0,2960.0,3025.0,2483.0,4095.0,4063.0,2800.0,2341.0,-8.91,4.1,-6.54,3.38,-1.72,-0.93,1.0,my-name-is
3190.0,3024.0,3661.0,3052.0,3456.0,3541.0,2330.0,1789.0,9.36,-0.11,6.73,-0.51,0.12,-1.54,0.0,950.0,2931.0,3011.0,2455.0,4095.0,4095.0,2842.0,2311.0,-2.49,4.44,-2.07,0.37,-0.2,-1.8,1.0,my-name-is
3190.0,3020.0,3579.0,3157.0,3375.0,3844.0,2319.0,1754.0,-5.35,0.62,6.92,-0.71,1.49,0.62,0.0,2293.0,2933.0,3024.0,2677.0,4095.0,4095.0,2885.0,2263.0,-16.41,-4.97,3.48,-0.23,-0.82,0.94,1.0,my-name-is
3185.0,3022.0,3583.0,3166.0,3599.0,4047.0,2272.0,1839.0,8.99,1.44,8.58,0.13,-1.05,0.26,0.0,3443.0,2929.0,3024.0,2710.0,4095.0,4095.0,2906.0,2370.0,-2.48,1.6,1.82,0.97,-0.01,0.87,1.0,my-name-is
3184.0,3023.0,3543.0,3136.0,3600.0,4053.0,2337.0,1798.0,0.02,0.66,5.78,-0.37,0.3,0.57,0.0,4095.0,2934.0,3011.0,2674.0,4095.0,4095.0,2915.0,2399.0,-5.69,-0.95,-0.63,-0.98,0.51,-2.27,1.0,my-name-is
3184.0,3024.0,3562.0,3145.0,3648.0,4080.0,2353.0,1857.0,11.47,3.39,6.9,0.19,-1.27,-0.71,0.0,4095.0,2934.0,3024.0,2758.0,4095.0,4095.0,2935.0,2527.0,-9.12,-1.11,1.38,-0.01,-0.17,0.06,1.0,my-name-is
3179.0,2994.0,3539.0,3167.0,3628.0,4095.0,2367.0,1859.0,9.22,2.19,7.17,0.06,-0.07,-0.07,0.0,4095.0,2919.0,3011.0,2782.0,4095.0,4095.0,2951.0,2546.0,-9.27,-1.5,0.96,-0.05,-0.0,-0.05,1.0,my-name-is
3175.0,3013.0,3553.0,3186.0,3631.0,4095.0,2381.0,1880.0,9.0,2.34,7.0,0.04,0.13,0.03,0.0,4095.0,2922.0,3024.0,2798.0,4095.0,4095.0,2934.0,2559.0,-9.46,-1.7,1.13,-0.14,0.04,-0.1,1.0,my-name-is
3187.0,3024.0,3539.0,3193.0,3632.0,4076.0,2379.0,1895.0,9.32,2.19,7.52,0.05,-0.13,-0.17,0.0,4095.0,2919.0,3029.0,2799.0,4095.0,4095.0,2960.0,2547.0,-9.4,-1.76,1.05,-0.12,0.05,-0.06,1.0,my-name-is
3182.0,3002.0,3519.0,3191.0,3666.0,4095.0,2387.0,1890.0,9.29,2.03,7.72,0.03,-0.06,-0.14,0.0,4095.0,2927.0,3029.0,2807.0,4095.0,4095.0,2960.0,2554.0,-9.38,-1.65,1.02,-0.08,0.07,-0.04,1.0,my-name-is
3181.0,2993.0,3536.0,3179.0,3635.0,4095.0,2395.0,1897.0,9.1,2.07,7.66,-0.0,-0.09,-0.17,0.0,4095.0,2933.0,3027.0,2820.0,4095.0,4095.0,2966.0,2535.0,-9.33,-1.66,1.2,-0.11,0.12,0.01,1.0,my-name-is
3185.0,3024.0,3523.0,3206.0,3632.0,4095.0,2383.0,1903.0,9.09,2.08,7.47,-0.04,0.01,-0.12,0.0,4095.0,2911.0,3015.0,2833.0,4095.0,4095.0,2960.0,2530.0,-9.04,-1.56,1.38,-0.05,0.06,0.0,1.0,my-name-is
3175.0,3001.0,3542.0,3209.0,3629.0,4059.0,2410.0,1909.0,9.28,2.05,7.59,-0.0,0.01,-0.16,0.0,4095.0,2928.0,3013.0,2835.0,4095.0,4095.0,2963.0,2550.0,-9.31,-1.56,0.91,-0.01,0.16,-0.02,1.0,my-name-is
3164.0,1181.0,1104.0,3670.0,3280.0,3002.0,3861.0,3125.0,8.69,-2.66,8.18,0.09,-0.01,-0.12,0.0,1842.0,4095.0,926.0,2925.0,4095.0,4095.0,4095.0,4095.0,-8.32,-3.95,-0.61,0.23,0.17,-0.14,1.0,my-name-is
3155.0,1186.0,1095.0,3687.0,3283.0,2991.0,3831.0,3102.0,8.82,-2.63,8.16,-0.01,0.06,-0.08,0.0,2240.0,4095.0,928.0,2934.0,4095.0,4095.0,4095.0,4095.0,-8.37,-4.0,-1.23,0.07,0.17,0.03,1.0,my-name-is
3141.0,1182.0,1117.0,3678.0,3282.0,2993.0,3826.0,3103.0,8.57,-2.74,8.31,0.02,0.01,-0.16,0.0,1466.0,3728.0,933.0,2950.0,4095.0,4095.0,4095.0,4095.0,-8.33,-3.68,-1.72,-0.09,0.15,0.01,1.0,my-name-is
3156.0,1184.0,1097.0,3667.0,3280.0,2992.0,3825.0,3088.0,8.99,-2.53,7.99,-0.1,0.04,-0.06,0.0,1232.0,3617.0,944.0,3275.0,4095.0,4095.0,4095.0,4095.0,-15.55,-3.14,1.2,-0.69,-0.04,0.53,1.0,my-name-is
3153.0,1185.0,1105.0,3689.0,3278.0,3003.0,3819.0,3093.0,9.17,-2.66,8.32,-0.38,0.22,-0.07,0.0,1009.0,3771.0,1059.0,3338.0,4095.0,4095.0,4095.0,4095.0,-12.27,-4.29,-9.97,-0.42,-1.42,2.97,1.0,my-name-is
3167.0,1183.0,1104.0,3718.0,3276.0,2995.0,3795.0,3086.0,8.77,-2.98,8.68,-0.22,0.19,-0.32,0.0,960.0,3732.0,1674.0,3347.0,4095.0,4095.0,4095.0,4095.0,-3.12,-3.04,-4.24,-1.88,-1.28,1.88,1.0,my-name-is
3177.0,1199.0,1105.0,3711.0,3290.0,3007.0,3789.0,3099.0,8.08,-3.08,8.35,0.02,0.02,-0.29,0.0,1858.0,3217.0,2367.0,3153.0,4095.0,4095.0,4095.0,4095.0,-3.98,-1.16,-3.04,-4.0,-0.45,0.73,1.0,my-name-is
3170.0,1200.0,1104.0,3703.0,3276.0,3003.0,3797.0,3088.0,9.32,-2.81,8.23,0.06,-0.04,-0.21,0.0,1349.0,1341.0,2413.0,3510.0,4095.0,4095.0,4095.0,4095.0,-8.83,1.88,0.73,-0.38,0.74,0.52,1.0,my-name-is
3167.0,1190.0,1104.0,3679.0,3280.0,3008.0,3822.0,3098.0,8.93,-3.1,8.7,-0.05,0.04,-0.25,0.0,1288.0,1354.0,2351.0,3550.0,4095.0,4095.0,4095.0,4095.0,-9.43,0.97,1.61,-0.05,-0.06,-0.04,1.0,my-name-is
3151.0,2762.0,1075.0,3694.0,3279.0,3013.0,3599.0,2973.0,9.48,-2.23,8.96,0.32,-0.09,-0.14,0.0,1854.0,2922.0,3189.0,2288.0,4095.0,4095.0,3539.0,3377.0,-7.33,-0.53,1.77,5.91,-1.36,-1.33,1.0,my-name-is
3179.0,3024.0,1053.0,3426.0,3088.0,2675.0,2139.0,1829.0,10.13,-1.47,8.45,0.89,0.64,-1.26,0.0,938.0,2958.0,3009.0,2763.0,4095.0,3874.0,2791.0,2820.0,-13.47,-2.12,-2.77,3.45,-1.88,-0.06,1.0,my-name-is
3195.0,3021.0,934.0,3309.0,3161.0,2912.0,2137.0,1792.0,9.12,-0.77,8.81,0.24,-1.04,-1.95,0.0,922.0,2937.0,3002.0,2702.0,4095.0,3683.0,2792.0,2089.0,-6.91,3.0,-1.82,-0.19,-0.12,-0.38,1.0,my-name-is
3214.0,3015.0,945.0,3023.0,3433.0,3632.0,2214.0,1835.0,8.43,-0.33,7.69,-0.32,-0.95,-2.21,0.0,1307.0,2921.0,3005.0,2587.0,4095.0,4095.0,2878.0,2458.0,-1.83,1.95,-0.37,-2.79,1.38,-2.14,1.0,my-name-is
3198.0,3017.0,944.0,3062.0,3542.0,3921.0,2254.0,1872.0,6.18,0.13,8.33,-0.75,0.36,-0.61,0.0,4095.0,2917.0,3002.0,2559.0,4095.0,4095.0,1963.0,2288.0,-26.23,-12.35,10.43,-0.63,1.32,1.26,1.0,my-name-is
3191.0,3007.0,945.0,3095.0,3598.0,3955.0,2270.0,1910.0,13.31,2.16,7.55,-0.06,0.12,-0.05,0.0,4095.0,2929.0,2995.0,2672.0,4095.0,4095.0,2955.0,2610.0,0.85,3.34,-0.99,-0.54,0.12,-1.63,1.0,my-name-is
3200.0,3018.0,944.0,3111.0,3538.0,4029.0,2271.0,1937.0,11.74,2.87,7.66,-0.25,-0.46,-1.51,0.0,4095.0,2925.0,3005.0,2687.0,4095.0,4095.0,2965.0,2559.0,-15.57,-3.03,0.97,-0.02,0.42,-0.16,1.0,my-name-is
3186.0,3007.0,950.0,3122.0,3644.0,4032.0,2307.0,1945.0,6.84,2.1,7.36,0.15,-0.19,-0.06,0.0,4069.0,2930.0,2999.0,2737.0,4095.0,4095.0,2973.0,2624.0,-7.97,-0.3,1.89,0.07,-0.76,0.2,1.0,my-name-is
3182.0,3031.0,951.0,3136.0,3605.0,4043.0,2319.0,1968.0,10.14,2.55,6.68,0.18,-0.04,-0.08,0.0,4080.0,2924.0,2993.0,2722.0,4095.0,4095.0,2985.0,2559.0,-9.11,-1.53,1.72,-0.28,0.08,-0.17,1.0,my-name-is
3184.0,3014.0,961.0,3139.0,3629.0,4045.0,2321.0,1957.0,9.63,2.34,6.85,0.16,0.05,-0.05,0.0,4080.0,2915.0,3003.0,2699.0,4095.0,4095.0,2991.0,2582.0,-9.67,-1.22,1.86,-0.11,-0.09,-0.07,1.0,my-name-is
3186.0,3021.0,965.0,3133.0,3639.0,4038.0,2337.0,1968.0,9.31,2.33,6.87,0.1,0.07,-0.09,0.0,4074.0,2921.0,2991.0,2718.0,4095.0,4095.0,2991.0,2622.0,-9.96,-1.44,1.13,-0.17,-0.06,-0.07,1.0,my-name-is
3120.0,987.0,3365.0,3998.0,3109.0,3159.0,4095.0,4095.0,8.46,-4.97,8.75,-0.17,-0.01,0.56,0.0,4095.0,3632.0,932.0,3067.0,4095.0,4067.0,4095.0,4095.0,-8.75,-4.53,1.22,0.04,0.39,-0.19,1.0,my-name-is
3136.0,1033.0,3564.0,3906.0,3070.0,3167.0,4095.0,4095.0,8.51,-3.88,8.14,0.02,-0.03,-0.37,0.0,1573.0,3327.0,998.0,3209.0,4095.0,4095.0,4095.0,4095.0,-12.23,-5.24,0.5,-0.72,2.29,0.51,1.0,my-name-is
3120.0,1060.0,1721.0,3904.0,3113.0,3150.0,4095.0,3685.0,8.6,-4.0,8.04,-0.16,-0.01,-0.26,0.0,1922.0,3302.0,1211.0,2636.0,4095.0,4095.0,4095.0,4095.0,-15.54,-5.1,-5.43,-0.33,-0.65,1.51,1.0,my-name-is
3143.0,1072.0,1617.0,3888.0,3138.0,3149.0,4095.0,3669.0,8.39,-4.04,8.06,-0.43,0.31,-0.1,0.0,1077.0,2525.0,2205.0,2896.0,4095.0,4095.0,4095.0,4095.0,1.01,-0.5,-6.17,-3.31,-3.05,1.23,1.0,my-name-is
3139.0,1130.0,1446.0,3921.0,3136.0,3152.0,4095.0,3570.0,8.5,-4.29,8.4,-0.1,0.2,-0.35,0.0,2130.0,1366.0,2619.0,3530.0,4095.0,4095.0,4095.0,4095.0,-11.58,2.38,5.6,0.5,-1.55,-1.02,1.0,my-name-is
3145.0,1261.0,1271.0,3903.0,3149.0,3152.0,4095.0,3583.0,7.8,-4.0,8.1,0.06,0.07,-0.32,0.0,1979.0,1358.0,2531.0,3583.0,4095.0,4095.0,4095.0,4095.0,-8.55,1.8,2.25,0.04,0.01,-0.16,1.0,my-name-is
3148.0,1456.0,1098.0,3905.0,3159.0,3152.0,4035.0,3470.0,9.22,-3.49,9.4,0.77,-0.39,-0.45,0.0,1715.0,1299.0,2349.0,3619.0,4095.0,4095.0,4095.0,3522.0,-10.65,0.89,6.03,0.23,-0.2,0.21,1.0,my-name-is
3155.0,4095.0,3266.0,3903.0,3241.0,3109.0,3299.0,2259.0,11.43,-3.02,10.06,1.42,-0.12,-1.31,0.0,960.0,2918.0,3176.0,3103.0,4095.0,4095.0,3478.0,2954.0,-7.48,0.41,5.05,3.46,-1.36,-0.03,1.0,my-name-is
3207.0,3066.0,3414.0,3738.0,3042.0,2906.0,2448.0,1775.0,12.11,-1.15,8.52,1.87,-0.1,-2.49,0.0,3766.0,2928.0,3024.0,2496.0,4095.0,3817.0,2768.0,2045.0,-9.55,2.44,-2.11,4.59,-0.95,-0.89,1.0,my-name-is
3220.0,3013.0,3369.0,3598.0,3154.0,3022.0,2439.0,1663.0,8.65,1.29,5.59,0.2,-0.51,-1.94,0.0,4095.0,2931.0,3005.0,2425.0,4095.0,4095.0,2887.0,2358.0,-4.44,4.27,-2.08,1.14,0.24,-2.22,1.0,my-name-is
3191.0,3019.0,3325.0,3122.0,3554.0,4017.0,2413.0,1714.0,9.32,2.82,8.7,0.38,-1.82,0.16,0.0,4095.0,2919.0,3013.0,2479.0,4095.0,4095.0,2935.0,2559.0,-18.08,-3.94,0.55,-0.3,0.87,-0.22,1.0,my-name-is
3207.0,3007.0,3297.0,3135.0,3426.0,4095.0,2395.0,1717.0,-7.66,-0.47,9.28,-0.23,0.55,0.28,0.0,4095.0,2914.0,3018.0,2450.0,4095.0,4095.0,2970.0,2611.0,-13.0,-0.94,0.15,0.32,-0.12,-0.54,1.0,my-name-is
3194.0,3013.0,3302.0,3205.0,3648.0,4095.0,2451.0,1840.0,9.43,2.89,7.51,-0.02,0.26,0.13,0.0,3895.0,2922.0,3011.0,2529.0,4095.0,4095.0,2970.0,2634.0,-8.82,-1.55,2.16,-0.09,-0.31,-0.23,1.0,my-name-is
3207.0,3003.0,3309.0,3195.0,3654.0,4095.0,2475.0,1840.0,8.66,2.92,7.76,0.07,0.12,-0.03,0.0,3856.0,2928.0,2993.0,2619.0,4095.0,4095.0,3005.0,2646.0,-9.11,-1.19,1.14,-0.28,0.07,0.04,1.0,my-name-is
3199.0,3008.0,3312.0,3237.0,3635.0,4095.0,2475.0,1858.0,9.27,2.78,7.9,0.19,-0.02,-0.13,0.0,3847.0,2927.0,3008.0,2642.0,4095.0,4095.0,2999.0,2619.0,-9.06,-1.4,1.16,-0.24,0.22,0.05,1.0,my-name-is
3194.0,2998.0,3312.0,3250.0,3642.0,4095.0,2499.0,1862.0,9.16,2.77,7.55,-0.02,0.04,-0.06,0.0,3847.0,2918.0,3012.0,2675.0,4095.0,4095.0,2999.0,2620.0,-9.32,-1.36,0.28,-0.11,0.06,-0.06,1.0,my-name-is
3189.0,3007.0,3317.0,3251.0,3633.0,4095.0,2497.0,1871.0,9.06,2.83,7.61,-0.03,0.04,-0.13,0.0,3835.0,2927.0,3005.0,2686.0,4095.0,4095.0,2994.0,2622.0,-9.27,-1.32,0.43,-0.1,0.03,-0.04,1.0,my-name-is
3177.0,2999.0,3302.0,3261.0,3623.0,4095.0,2518.0,1866.0,8.75,2.64,7.51,-0.01,-0.01,-0.17,0.0,3862.0,2929.0,3005.0,2687.0,4095.0,4095.0,3001.0,2613.0,-9.21,-1.25,0.74,-0.1,-0.07,-0.0,1.0,my-name-is
3182.0,2999.0,3295.0,3255.0,3636.0,4095.0,2519.0,1856.0,9.06,2.55,7.7,0.02,-0.04,-0.17,0.0,3868.0,2925.0,3009.0,2710.0,4095.0,4095.0,3003.0,2643.0,-9.21,-1.19,0.25,-0.14,-0.03,-0.02,1.0,my-name-is
3216.0,3015.0,3315.0,3270.0,3618.0,4095.0,2517.0,1872.0,9.01,2.55,7.77,0.02,0.01,-0.14,0.0,3849.0,2928.0,3017.0,2714.0,4095.0,4095.0,3014.0,2654.0,-9.31,-1.2,0.48,-0.12,-0.04,-0.01,1.0,my-name-is
