hall_1,hall_2,hall_3,flex_t,flex_i,flex_m,flex_r,flex_p,accel_x,accel_y,accel_z,gyro_x,gyro_y,gyro_z,hand,sign
2114.0,1791.0,3456.0,3784.0,4095.0,3270.0,3344.0,3598.0,1.14,8.78,5.04,-0.04,0.02,-0.07,1.0,o
2113.0,1786.0,3464.0,3794.0,4095.0,3281.0,3335.0,3581.0,1.33,8.65,5.22,-0.05,0.02,-0.02,1.0,o
2109.0,1777.0,3461.0,3791.0,4095.0,3279.0,3345.0,3599.0,1.16,8.74,5.0,-0.08,-0.02,-0.02,1.0,o
2109.0,1776.0,3469.0,3754.0,4095.0,3278.0,3347.0,3603.0,1.28,8.71,5.11,-0.08,-0.02,-0.01,1.0,o
2126.0,1786.0,3457.0,3758.0,4095.0,3279.0,3341.0,3625.0,1.3,8.73,5.18,-0.03,0.04,-0.03,1.0,o
2101.0,1779.0,3457.0,3757.0,4095.0,3271.0,3347.0,3622.0,1.31,8.73,5.14,-0.07,-0.02,-0.03,1.0,o
2094.0,1783.0,3456.0,3738.0,4095.0,3280.0,3346.0,3617.0,1.23,8.72,5.09,-0.06,0.01,-0.04,1.0,o
2029.0,1779.0,3451.0,3758.0,4095.0,3269.0,3328.0,3631.0,1.33,8.66,5.16,-0.05,0.02,-0.03,1.0,o
2013.0,1779.0,3449.0,3703.0,4095.0,3267.0,3334.0,3632.0,1.17,8.74,5.14,-0.09,-0.02,-0.04,1.0,o
2030.0,1776.0,3440.0,3697.0,4095.0,3269.0,3327.0,3613.0,1.31,8.74,5.2,-0.07,-0.02,-0.04,1.0,o
2032.0,1767.0,3450.0,3691.0,4095.0,3275.0,3342.0,3627.0,1.27,8.71,5.14,-0.07,-0.01,-0.03,1.0,o
2025.0,1776.0,3449.0,3696.0,4095.0,3266.0,3328.0,3619.0,1.22,8.66,5.21,-0.09,0.01,-0.02,1.0,o
2036.0,1785.0,3459.0,3702.0,4095.0,3277.0,3341.0,3613.0,1.25,8.73,5.2,-0.07,0.01,-0.03,1.0,o
2032.0,1769.0,3458.0,3725.0,4095.0,3278.0,3335.0,3624.0,1.23,8.66,5.24,-0.08,-0.01,-0.02,1.0,o
2034.0,1758.0,3473.0,3702.0,4095.0,3276.0,3349.0,3630.0,1.34,8.66,5.21,-0.08,-0.02,-0.03,1.0,o
2027.0,1698.0,3454.0,3697.0,4095.0,3280.0,3349.0,3640.0,1.22,8.64,5.21,-0.06,-0.0,-0.04,1.0,o
2032.0,1770.0,3461.0,3696.0,4095.0,3279.0,3346.0,3621.0,1.25,8.67,5.29,-0.09,-0.04,-0.05,1.0,o
2034.0,1779.0,3454.0,3695.0,4095.0,3275.0,3344.0,3629.0,1.27,8.65,5.31,-0.04,0.01,-0.03,1.0,o
2042.0,1776.0,3476.0,3695.0,4095.0,3280.0,3344.0,3618.0,1.33,8.63,5.18,-0.07,0.0,-0.03,1.0,o
2033.0,1765.0,3467.0,3691.0,4095.0,3279.0,3344.0,3631.0,1.34,8.6,5.34,-0.07,0.01,-0.04,1.0,o
1072.0,3829.0,3044.0,3763.0,4047.0,3349.0,3403.0,3408.0,1.28,8.63,5.18,-0.07,0.01,-0.03,1.0,o
1060.0,3823.0,3029.0,3742.0,4039.0,3350.0,3403.0,3408.0,1.34,8.52,5.34,-0.08,-0.02,-0.02,1.0,o
1069.0,3824.0,3040.0,3788.0,4051.0,3346.0,3408.0,3419.0,1.36,8.67,5.32,-0.08,-0.03,-0.04,1.0,o
1062.0,3837.0,3046.0,3750.0,4033.0,3348.0,3394.0,3422.0,1.4,8.61,5.34,-0.04,-0.0,-0.05,1.0,o
1044.0,3835.0,3029.0,3778.0,4062.0,3349.0,3403.0,3439.0,1.36,8.62,5.25,-0.03,0.01,-0.03,1.0,o
1040.0,3814.0,3051.0,3778.0,4059.0,3335.0,3407.0,3426.0,1.39,8.53,5.38,-0.08,-0.01,-0.01,1.0,o
1040.0,3824.0,3047.0,3774.0,4058.0,3350.0,3395.0,3428.0,1.39,8.6,5.38,-0.06,0.0,-0.04,1.0,o
1041.0,3815.0,3041.0,3785.0,4066.0,3344.0,3394.0,3429.0,1.39,8.58,5.44,-0.05,-0.01,-0.03,1.0,o
1042.0,3841.0,3042.0,3761.0,4095.0,3345.0,3409.0,3417.0,1.42,8.59,5.27,-0.05,-0.01,-0.03,1.0,o
1040.0,3746.0,3046.0,3765.0,4087.0,3344.0,3405.0,3440.0,1.44,8.6,5.33,-0.05,0.0,-0.03,1.0,o
1038.0,3839.0,3041.0,3779.0,4065.0,3346.0,3396.0,3436.0,1.35,8.61,5.24,-0.07,0.0,-0.04,1.0,o
1043.0,3893.0,3045.0,3777.0,4095.0,3346.0,3405.0,3440.0,1.53,8.59,5.38,-0.06,-0.02,-0.03,1.0,o
1045.0,3824.0,3039.0,3777.0,4087.0,3347.0,3407.0,3446.0,1.44,8.55,5.35,-0.06,-0.0,-0.03,1.0,o
1038.0,3850.0,3051.0,3760.0,4066.0,3356.0,3399.0,3423.0,1.4,8.49,5.26,-0.07,-0.0,-0.04,1.0,o
1037.0,3846.0,3039.0,3755.0,4083.0,3345.0,3407.0,3435.0,1.37,8.5,5.53,-0.08,-0.0,-0.05,1.0,o
1042.0,3826.0,3040.0,3767.0,4066.0,3363.0,3397.0,3443.0,1.39,8.56,5.41,-0.02,0.02,-0.06,1.0,o
1042.0,3831.0,3033.0,3760.0,4076.0,3358.0,3415.0,3450.0,1.41,8.6,5.3,-0.04,0.01,-0.04,1.0,o
1039.0,3840.0,3039.0,3759.0,4067.0,3341.0,3406.0,3440.0,1.41,8.49,5.43,-0.08,-0.0,-0.03,1.0,o
1038.0,4067.0,3033.0,3765.0,4065.0,3347.0,3412.0,3442.0,1.29,8.57,5.4,-0.06,0.01,-0.04,1.0,o
1045.0,3856.0,3044.0,3750.0,4073.0,3345.0,3409.0,3447.0,1.41,8.55,5.45,-0.06,-0.0,-0.02,1.0,o
3706.0,3909.0,3042.0,3825.0,4080.0,3415.0,3517.0,3451.0,1.1,8.53,5.51,-0.07,-0.01,-0.02,1.0,o
3717.0,3935.0,3037.0,3842.0,4094.0,3421.0,3510.0,3450.0,1.04,8.56,5.51,-0.07,0.01,-0.03,1.0,o
3716.0,3941.0,3031.0,3836.0,4095.0,3409.0,3511.0,3441.0,1.03,8.54,5.4,-0.07,-0.01,-0.03,1.0,o
3707.0,3935.0,3035.0,3853.0,4083.0,3408.0,3519.0,3440.0,1.1,8.57,5.41,-0.11,0.0,-0.03,1.0,o
3729.0,3908.0,3034.0,3859.0,4095.0,3407.0,3505.0,3452.0,1.14,8.51,5.51,-0.08,0.02,0.02,1.0,o
3701.0,3933.0,3029.0,3820.0,4095.0,3429.0,3520.0,3472.0,1.13,8.69,5.31,-0.06,-0.01,-0.03,1.0,o
3738.0,3930.0,3045.0,3795.0,4095.0,3408.0,3515.0,3447.0,1.1,8.54,5.59,-0.08,-0.01,-0.0,1.0,o
3760.0,3918.0,3051.0,3767.0,4095.0,3419.0,3507.0,3457.0,1.22,8.54,5.45,-0.05,-0.02,-0.01,1.0,o
3741.0,3895.0,3043.0,3783.0,4095.0,3427.0,3519.0,3461.0,1.27,8.48,5.51,-0.05,-0.02,-0.02,1.0,o
3754.0,3959.0,3028.0,3793.0,4095.0,3413.0,3514.0,3471.0,1.19,8.55,5.46,-0.07,-0.01,-0.04,1.0,o
3754.0,3888.0,3035.0,3795.0,4095.0,3421.0,3527.0,3477.0,1.28,8.5,5.51,-0.05,-0.03,-0.04,1.0,o
3760.0,3918.0,3037.0,3797.0,4095.0,3427.0,3520.0,3470.0,1.22,8.49,5.4,-0.08,-0.01,-0.03,1.0,o
3760.0,3941.0,3037.0,3825.0,4095.0,3420.0,3520.0,3489.0,1.3,8.46,5.57,-0.06,0.02,-0.03,1.0,o
3759.0,3920.0,3040.0,3824.0,4093.0,3425.0,3510.0,3493.0,1.23,8.54,5.5,-0.06,0.0,-0.04,1.0,o
3748.0,3927.0,3049.0,3824.0,4095.0,3417.0,3525.0,3475.0,1.28,8.55,5.48,-0.03,0.01,-0.05,1.0,o
3743.0,3983.0,3037.0,3827.0,4095.0,3418.0,3495.0,3485.0,1.13,8.53,5.43,-0.06,0.0,-0.04,1.0,o
3739.0,3929.0,3031.0,3814.0,4095.0,3411.0,3504.0,3475.0,1.24,8.55,5.38,-0.07,0.02,-0.03,1.0,o
3755.0,3952.0,3039.0,3818.0,4095.0,3413.0,3510.0,3486.0,1.24,8.47,5.54,-0.08,0.01,-0.03,1.0,o
3731.0,3934.0,3031.0,3821.0,4095.0,3419.0,3510.0,3489.0,1.2,8.5,5.55,-0.07,0.0,-0.03,1.0,o
3759.0,3909.0,3035.0,3817.0,4095.0,3430.0,3518.0,3494.0,1.28,8.64,5.52,-0.05,0.01,-0.03,1.0,o
2801.0,3127.0,3033.0,4095.0,4095.0,3521.0,3654.0,3659.0,1.82,8.43,5.53,-0.09,-0.03,-0.06,1.0,o
2795.0,3088.0,3039.0,4095.0,4095.0,3533.0,3658.0,3652.0,1.71,8.37,5.47,-0.05,0.01,-0.04,1.0,o
2802.0,3136.0,3045.0,4095.0,4095.0,3542.0,3663.0,3641.0,1.84,8.49,5.38,-0.07,-0.02,-0.03,1.0,o
2797.0,3130.0,3045.0,4095.0,4095.0,3531.0,3655.0,3654.0,1.63,8.64,5.28,-0.06,0.01,-0.03,1.0,o
2801.0,3136.0,3029.0,4095.0,4095.0,3529.0,3665.0,3653.0,1.81,8.54,5.36,-0.07,-0.02,-0.03,1.0,o
2779.0,3124.0,3040.0,4095.0,4095.0,3533.0,3657.0,3669.0,1.76,8.54,5.32,-0.06,0.04,-0.01,1.0,o
2761.0,3143.0,3056.0,4095.0,4095.0,3536.0,3684.0,3660.0,1.87,8.48,5.38,-0.06,0.02,-0.02,1.0,o
2743.0,3127.0,3039.0,4095.0,4095.0,3528.0,3670.0,3664.0,1.82,8.5,5.36,-0.08,-0.03,-0.02,1.0,o
2729.0,3134.0,3045.0,4095.0,4095.0,3546.0,3664.0,3685.0,1.88,8.49,5.42,-0.01,-0.0,-0.06,1.0,o
2695.0,3125.0,3028.0,4095.0,4095.0,3536.0,3659.0,3670.0,1.8,8.52,5.33,-0.06,-0.01,-0.04,1.0,o
2711.0,3120.0,3045.0,4095.0,4095.0,3535.0,3652.0,3662.0,1.72,8.54,5.33,-0.07,-0.01,-0.03,1.0,o
2702.0,3121.0,3037.0,4095.0,4095.0,3535.0,3661.0,3655.0,1.75,8.49,5.5,-0.05,-0.01,-0.03,1.0,o
2704.0,3108.0,3028.0,4095.0,4095.0,3523.0,3655.0,3682.0,1.84,8.5,5.38,-0.05,-0.01,-0.04,1.0,o
2702.0,3132.0,3041.0,4095.0,4095.0,3531.0,3655.0,3655.0,1.77,8.45,5.32,-0.06,-0.01,-0.03,1.0,o
2705.0,3137.0,3034.0,4095.0,4095.0,3536.0,3646.0,3677.0,1.74,8.48,5.36,-0.08,0.01,-0.04,1.0,o
2695.0,3004.0,3035.0,4095.0,4095.0,3534.0,3648.0,3661.0,1.85,8.47,5.4,-0.07,-0.02,-0.04,1.0,o
2699.0,3125.0,3041.0,4095.0,4095.0,3526.0,3648.0,3657.0,1.75,8.48,5.36,-0.07,-0.0,-0.03,1.0,o
2687.0,3136.0,3038.0,4095.0,4095.0,3535.0,3653.0,3666.0,1.81,8.45,5.37,-0.08,0.0,-0.03,1.0,o
2693.0,3117.0,3054.0,4095.0,4095.0,3520.0,3659.0,3667.0,1.74,8.48,5.36,-0.08,0.02,-0.03,1.0,o
2687.0,3127.0,3035.0,4095.0,4095.0,3520.0,3651.0,3665.0,1.87,8.48,5.4,-0.09,0.01,-0.03,1.0,o
2789.0,3780.0,3063.0,3926.0,4095.0,3511.0,3611.0,3861.0,1.58,8.67,5.24,-0.07,0.02,-0.01,1.0,o
2789.0,3786.0,3071.0,3955.0,4095.0,3507.0,3646.0,3879.0,1.55,8.67,5.11,-0.05,0.04,-0.03,1.0,o
2798.0,3783.0,3071.0,3969.0,4095.0,3519.0,3636.0,3876.0,1.67,8.7,5.15,-0.09,0.02,-0.0,1.0,o
2778.0,3805.0,3069.0,3971.0,4095.0,3506.0,3653.0,3879.0,1.61,8.6,5.14,-0.05,0.01,-0.04,1.0,o
2785.0,3787.0,3068.0,3984.0,4095.0,3514.0,3642.0,3888.0,1.57,8.66,5.09,-0.07,0.01,-0.01,1.0,o
2794.0,3802.0,3069.0,4003.0,4095.0,3517.0,3662.0,3888.0,1.68,8.66,5.34,-0.08,-0.01,-0.03,1.0,o
2778.0,3792.0,3085.0,3990.0,4095.0,3520.0,3655.0,3883.0,1.7,8.6,5.37,-0.04,-0.0,-0.04,1.0,o
2779.0,3801.0,3081.0,3991.0,4095.0,3517.0,3639.0,3874.0,1.73,8.6,5.13,-0.05,0.0,-0.02,1.0,o
2766.0,3728.0,3085.0,4005.0,4095.0,3521.0,3642.0,3867.0,1.67,8.56,5.27,-0.05,0.0,-0.03,1.0,o
2783.0,3815.0,3082.0,4013.0,4095.0,3518.0,3643.0,3871.0,1.72,8.64,5.24,-0.04,-0.01,-0.04,1.0,o
2782.0,3930.0,3071.0,3982.0,4095.0,3521.0,3641.0,3874.0,1.77,8.64,5.13,-0.06,-0.03,-0.04,1.0,o
2783.0,3798.0,3071.0,4005.0,4095.0,3526.0,3659.0,3882.0,1.79,8.47,5.09,-0.05,0.03,-0.03,1.0,o
2783.0,3792.0,3065.0,3987.0,4095.0,3517.0,3664.0,3896.0,1.67,8.62,5.32,-0.07,-0.0,-0.06,1.0,o
2766.0,3793.0,3071.0,4010.0,4095.0,3514.0,3662.0,3907.0,1.68,8.7,5.3,-0.09,-0.01,-0.03,1.0,o
2768.0,3781.0,3083.0,3999.0,4095.0,3511.0,3643.0,3869.0,1.6,8.59,5.15,-0.09,0.01,-0.03,1.0,o
2763.0,3791.0,3088.0,4016.0,4095.0,3514.0,3664.0,3889.0,1.52,8.58,5.35,-0.1,0.05,-0.02,1.0,o
2758.0,3792.0,3070.0,4015.0,4095.0,3526.0,3662.0,3885.0,1.68,8.52,5.43,-0.07,0.01,-0.03,1.0,o
2745.0,3815.0,3063.0,4001.0,4095.0,3510.0,3663.0,3901.0,1.71,8.54,5.36,-0.06,0.01,-0.03,1.0,o
2711.0,3822.0,3067.0,4010.0,4095.0,3511.0,3658.0,3890.0,1.78,8.7,5.18,-0.04,0.0,-0.04,1.0,o
2678.0,3775.0,3083.0,4009.0,4095.0,3527.0,3635.0,3899.0,1.63,8.51,5.28,-0.06,-0.0,-0.04,1.0,o
1010.0,3270.0,3035.0,3839.0,4095.0,3414.0,3527.0,3583.0,1.14,8.9,4.92,-0.09,0.05,-0.01,1.0,o
1002.0,3251.0,3040.0,3836.0,4095.0,3429.0,3532.0,3603.0,1.37,8.96,4.59,-0.05,-0.02,-0.03,1.0,o
1008.0,3343.0,3038.0,3843.0,4095.0,3430.0,3522.0,3583.0,1.18,8.89,4.73,-0.09,-0.03,-0.04,1.0,o
1003.0,3474.0,3044.0,3850.0,4095.0,3439.0,3533.0,3617.0,1.13,8.95,4.85,-0.08,-0.0,-0.06,1.0,o
990.0,3275.0,3039.0,3853.0,4095.0,3439.0,3537.0,3609.0,1.24,8.93,4.88,-0.05,-0.01,-0.03,1.0,o
1003.0,3240.0,3039.0,3866.0,4095.0,3429.0,3543.0,3621.0,1.26,8.94,4.8,-0.04,-0.01,-0.01,1.0,o
999.0,3280.0,3039.0,3873.0,4095.0,3436.0,3553.0,3609.0,1.24,8.84,4.79,-0.07,-0.02,-0.01,1.0,o
1013.0,3263.0,3046.0,3878.0,4095.0,3440.0,3550.0,3603.0,1.25,8.93,4.79,-0.07,0.01,-0.03,1.0,o
1002.0,3264.0,3031.0,3867.0,4095.0,3425.0,3557.0,3630.0,1.3,8.97,4.86,-0.05,0.02,-0.02,1.0,o
1009.0,3277.0,3030.0,3887.0,4095.0,3437.0,3551.0,3631.0,1.38,8.7,4.7,-0.05,0.02,-0.02,1.0,o
1007.0,3309.0,3038.0,3900.0,4095.0,3427.0,3558.0,3626.0,1.24,8.94,4.83,-0.1,0.04,-0.05,1.0,o
999.0,3271.0,3029.0,3894.0,4095.0,3413.0,3555.0,3629.0,1.28,8.83,4.94,-0.09,-0.02,-0.06,1.0,o
1013.0,3260.0,3045.0,3908.0,4095.0,3418.0,3549.0,3659.0,1.22,8.92,4.87,-0.09,0.04,-0.05,1.0,o
995.0,3263.0,3053.0,3918.0,4095.0,3436.0,3559.0,3632.0,1.16,8.88,4.99,-0.06,-0.01,-0.06,1.0,o
1007.0,3267.0,3052.0,3903.0,4095.0,3429.0,3556.0,3640.0,1.33,8.8,4.98,-0.02,-0.02,-0.07,1.0,o
1008.0,3261.0,3048.0,3926.0,4095.0,3429.0,3562.0,3632.0,1.1,8.93,4.73,-0.05,-0.03,-0.05,1.0,o
1011.0,3257.0,3051.0,3906.0,4095.0,3440.0,3568.0,3651.0,1.28,8.88,4.8,-0.03,0.0,-0.04,1.0,o
1008.0,3274.0,3041.0,3891.0,4095.0,3437.0,3558.0,3638.0,0.99,8.92,4.75,-0.08,-0.03,-0.03,1.0,o
1011.0,3277.0,3039.0,3910.0,4095.0,3433.0,3568.0,3663.0,1.23,8.87,4.89,-0.05,-0.01,-0.01,1.0,o
1000.0,3274.0,3039.0,3920.0,4095.0,3433.0,3563.0,3664.0,1.28,8.93,4.66,-0.05,0.02,-0.04,1.0,o
1692.0,3203.0,3034.0,3963.0,4048.0,3281.0,3488.0,3616.0,0.77,9.16,4.25,-0.12,-0.01,-0.01,1.0,o
1681.0,3207.0,3023.0,3963.0,4041.0,3281.0,3506.0,3638.0,1.17,9.19,4.53,-0.05,0.04,0.05,1.0,o
1677.0,3204.0,3025.0,3983.0,4047.0,3289.0,3520.0,3651.0,1.09,9.25,4.11,-0.12,-0.04,-0.02,1.0,o
1680.0,3130.0,3039.0,3963.0,4063.0,3291.0,3505.0,3634.0,0.98,9.15,4.36,-0.13,-0.04,-0.04,1.0,o
1669.0,3203.0,3025.0,3997.0,4080.0,3298.0,3520.0,3633.0,0.62,9.14,4.88,-0.12,-0.08,0.0,1.0,o
1616.0,3223.0,3029.0,3993.0,4047.0,3313.0,3523.0,3679.0,1.17,9.18,4.22,0.03,0.02,-0.05,1.0,o
1622.0,3213.0,3030.0,4007.0,4066.0,3310.0,3520.0,3667.0,1.23,9.08,4.09,-0.03,0.09,0.02,1.0,o
1634.0,3210.0,3024.0,3998.0,4043.0,3312.0,3511.0,3663.0,1.26,9.14,4.56,-0.16,0.01,0.04,1.0,o
1645.0,3214.0,3024.0,4010.0,4066.0,3323.0,3523.0,3651.0,1.16,9.08,4.63,-0.04,0.04,-0.03,1.0,o
1666.0,3134.0,3043.0,3991.0,4059.0,3326.0,3513.0,3657.0,1.24,9.13,4.47,-0.02,0.01,-0.04,1.0,o
1669.0,3216.0,3027.0,3989.0,4075.0,3318.0,3521.0,3669.0,1.1,9.12,4.37,-0.07,-0.02,-0.03,1.0,o
1663.0,3205.0,3025.0,4013.0,4080.0,3331.0,3530.0,3659.0,1.36,8.9,4.56,0.03,0.08,-0.03,1.0,o
1683.0,3214.0,3024.0,3987.0,4078.0,3319.0,3521.0,3666.0,1.24,9.17,4.26,-0.12,-0.04,0.02,1.0,o
1675.0,3315.0,3027.0,3995.0,4052.0,3318.0,3518.0,3665.0,1.24,9.02,4.48,-0.08,-0.0,-0.04,1.0,o
1674.0,3213.0,3027.0,4014.0,4090.0,3319.0,3530.0,3660.0,1.14,9.03,4.5,-0.09,-0.02,-0.04,1.0,o
1677.0,3201.0,3024.0,4005.0,4079.0,3331.0,3533.0,3653.0,1.07,9.05,4.56,-0.07,0.0,-0.04,1.0,o
1671.0,3156.0,3045.0,4016.0,4094.0,3328.0,3523.0,3682.0,1.18,9.09,4.49,-0.07,0.01,-0.04,1.0,o
1680.0,3175.0,3024.0,4003.0,4087.0,3327.0,3537.0,3680.0,1.22,9.03,4.49,-0.1,-0.02,-0.04,1.0,o
1675.0,3146.0,3030.0,4015.0,4084.0,3329.0,3514.0,3675.0,1.24,9.11,4.47,-0.06,-0.01,-0.03,1.0,o
1680.0,3210.0,3024.0,4004.0,4079.0,3325.0,3522.0,3685.0,1.14,9.07,4.45,-0.15,-0.04,-0.01,1.0,o
1296.0,3787.0,3060.0,4013.0,4095.0,3619.0,3583.0,3897.0,1.29,9.14,4.41,-0.08,0.05,-0.03,1.0,o
1282.0,3781.0,3052.0,3996.0,4095.0,3628.0,3605.0,3891.0,1.43,8.98,4.62,-0.04,0.0,-0.03,1.0,o
1283.0,3765.0,3039.0,4037.0,4095.0,3635.0,3605.0,3906.0,1.19,9.17,4.42,-0.08,0.01,-0.03,1.0,o
1280.0,3870.0,3040.0,4037.0,4095.0,3636.0,3602.0,3909.0,1.39,9.0,4.57,-0.06,-0.0,-0.02,1.0,o
1286.0,3801.0,3045.0,4028.0,4095.0,3632.0,3600.0,3933.0,1.53,9.03,4.38,-0.05,0.03,-0.03,1.0,o
1280.0,3783.0,3039.0,4055.0,4095.0,3632.0,3628.0,3922.0,1.32,9.04,4.48,-0.12,-0.02,-0.08,1.0,o
1283.0,3655.0,3041.0,4069.0,4095.0,3632.0,3615.0,3936.0,1.24,9.11,4.64,-0.08,-0.03,-0.05,1.0,o
1281.0,3787.0,3041.0,4048.0,4095.0,3633.0,3625.0,3931.0,1.32,9.06,4.45,-0.07,0.0,-0.03,1.0,o
1290.0,3686.0,3055.0,4034.0,4095.0,3627.0,3620.0,3943.0,1.39,8.95,4.58,-0.05,0.05,-0.03,1.0,o
1279.0,3775.0,3042.0,4032.0,4095.0,3642.0,3629.0,3937.0,1.3,9.11,4.51,-0.09,-0.02,-0.05,1.0,o
1280.0,3765.0,3042.0,4049.0,4095.0,3627.0,3615.0,3922.0,1.28,8.96,4.71,-0.06,0.01,-0.02,1.0,o
1276.0,3717.0,3047.0,4049.0,4095.0,3618.0,3632.0,3965.0,1.42,9.0,4.52,-0.07,-0.0,-0.03,1.0,o
1281.0,3791.0,3043.0,4039.0,4095.0,3632.0,3610.0,3955.0,1.34,9.01,4.52,-0.04,-0.0,-0.05,1.0,o
1318.0,3774.0,3047.0,4055.0,4095.0,3628.0,3630.0,3944.0,1.25,8.99,4.56,-0.07,0.01,-0.03,1.0,o
1302.0,3760.0,3039.0,4058.0,4095.0,3635.0,3622.0,3958.0,1.29,9.0,4.53,-0.07,0.02,-0.04,1.0,o
1305.0,3783.0,3056.0,4048.0,4095.0,3647.0,3617.0,3946.0,1.44,8.99,4.64,-0.07,-0.01,-0.03,1.0,o
1306.0,3779.0,3040.0,4038.0,4095.0,3633.0,3631.0,3952.0,1.37,9.02,4.5,-0.07,0.0,-0.05,1.0,o
1301.0,3758.0,3045.0,4048.0,4095.0,3622.0,3632.0,3963.0,1.48,8.99,4.71,-0.05,-0.02,-0.04,1.0,o
1349.0,3805.0,3049.0,4016.0,4095.0,3648.0,3621.0,3942.0,1.3,8.99,4.5,-0.07,-0.04,-0.03,1.0,o
1346.0,3770.0,3056.0,4026.0,4095.0,3621.0,3626.0,3962.0,1.41,8.95,4.72,-0.05,-0.0,-0.03,1.0,o
1534.0,3827.0,3042.0,3966.0,4095.0,3437.0,3537.0,3792.0,1.45,9.09,4.6,-0.17,-0.02,-0.01,1.0,o
1534.0,3824.0,3042.0,3991.0,4095.0,3442.0,3536.0,3778.0,1.52,8.92,4.69,-0.05,-0.01,-0.04,1.0,o
1535.0,3814.0,3047.0,3982.0,4095.0,3447.0,3542.0,3783.0,1.55,8.97,4.6,-0.09,-0.05,-0.03,1.0,o
1535.0,3809.0,3055.0,3995.0,4095.0,3462.0,3542.0,3776.0,1.52,9.0,4.57,-0.04,-0.02,-0.06,1.0,o
1535.0,3823.0,3056.0,3987.0,4095.0,3467.0,3537.0,3783.0,1.45,8.93,4.57,-0.09,-0.0,-0.05,1.0,o
1516.0,3811.0,3041.0,4019.0,4095.0,3466.0,3543.0,3794.0,1.4,9.01,4.61,-0.07,-0.02,-0.04,1.0,o
1499.0,3823.0,3052.0,4011.0,4095.0,3458.0,3558.0,3815.0,1.54,8.91,4.64,-0.06,-0.02,-0.03,1.0,o
1482.0,3792.0,3043.0,4017.0,4095.0,3447.0,3540.0,3807.0,1.66,8.96,4.46,-0.06,-0.01,-0.06,1.0,o
1488.0,3773.0,3055.0,4003.0,4095.0,3460.0,3553.0,3822.0,1.25,8.91,4.58,-0.13,0.04,-0.04,1.0,o
1488.0,3811.0,3053.0,3982.0,4095.0,3456.0,3550.0,3798.0,1.52,9.02,4.7,-0.09,-0.01,-0.04,1.0,o
1474.0,3815.0,3053.0,3983.0,4095.0,3451.0,3535.0,3824.0,1.57,8.99,4.6,-0.07,0.03,-0.03,1.0,o
1454.0,3810.0,3039.0,4001.0,4095.0,3453.0,3536.0,3791.0,1.62,8.87,4.7,-0.09,-0.0,-0.03,1.0,o
1456.0,3821.0,3050.0,3989.0,4095.0,3467.0,3553.0,3820.0,1.54,8.94,4.73,-0.11,-0.02,-0.06,1.0,o
1439.0,3802.0,3041.0,3997.0,4095.0,3457.0,3553.0,3793.0,1.43,8.94,4.83,-0.06,-0.02,-0.06,1.0,o
1455.0,3841.0,3042.0,3983.0,4095.0,3469.0,3537.0,3795.0,1.5,8.95,4.6,-0.07,-0.01,-0.03,1.0,o
1439.0,3813.0,3043.0,3973.0,4095.0,3458.0,3546.0,3823.0,1.4,8.81,4.72,-0.08,0.07,-0.06,1.0,o
1424.0,3808.0,3047.0,3991.0,4095.0,3447.0,3545.0,3851.0,1.52,8.93,4.76,-0.09,-0.01,-0.04,1.0,o
1425.0,3824.0,3047.0,3994.0,4095.0,3465.0,3553.0,3854.0,1.38,8.92,4.87,-0.07,-0.02,-0.05,1.0,o
1437.0,3875.0,3056.0,3989.0,4095.0,3458.0,3542.0,3841.0,1.44,8.87,4.77,-0.04,-0.01,-0.02,1.0,o
1446.0,3809.0,3057.0,3983.0,4095.0,3471.0,3536.0,3846.0,1.37,8.85,4.73,-0.06,0.0,-0.05,1.0,o
1434.0,3018.0,3086.0,3627.0,4095.0,3374.0,3568.0,3861.0,0.71,9.14,4.34,-0.04,-0.0,-0.0,1.0,o
1423.0,3161.0,3067.0,3638.0,4095.0,3373.0,3562.0,3852.0,0.92,8.98,4.56,-0.02,0.02,-0.01,1.0,o
1424.0,3153.0,3085.0,3638.0,4095.0,3369.0,3552.0,3877.0,0.81,9.03,4.46,-0.09,-0.06,-0.04,1.0,o
1413.0,3178.0,3071.0,3642.0,4095.0,3358.0,3560.0,3888.0,0.8,9.09,4.57,-0.09,-0.03,-0.06,1.0,o
1423.0,3163.0,3071.0,3648.0,4095.0,3354.0,3549.0,3883.0,0.69,9.03,4.46,-0.08,0.0,-0.01,1.0,o
1403.0,3167.0,3088.0,3649.0,4095.0,3370.0,3546.0,3916.0,0.77,9.05,4.77,-0.07,0.07,-0.0,1.0,o
1408.0,3141.0,3084.0,3646.0,4095.0,3373.0,3555.0,3904.0,0.84,9.07,4.48,-0.06,-0.02,-0.01,1.0,o
1408.0,3059.0,3083.0,3654.0,4095.0,3361.0,3558.0,3903.0,0.91,9.06,4.5,-0.08,-0.02,-0.05,1.0,o
1406.0,3162.0,3071.0,3662.0,4095.0,3373.0,3562.0,3911.0,0.88,9.0,4.67,-0.07,-0.02,-0.02,1.0,o
1417.0,3152.0,3071.0,3646.0,4095.0,3375.0,3567.0,3919.0,0.9,9.03,4.64,-0.05,-0.01,-0.03,1.0,o
1450.0,3120.0,3083.0,3677.0,4095.0,3379.0,3571.0,3929.0,0.94,8.99,4.59,-0.07,-0.02,-0.03,1.0,o
1457.0,3106.0,3062.0,3659.0,4095.0,3373.0,3557.0,3930.0,0.9,9.04,4.58,-0.09,-0.0,-0.02,1.0,o
1456.0,3209.0,3069.0,3654.0,4095.0,3387.0,3559.0,3923.0,0.83,9.03,4.67,-0.08,-0.01,-0.02,1.0,o
1458.0,3157.0,3071.0,3677.0,4095.0,3391.0,3568.0,3910.0,0.87,9.03,4.64,-0.06,0.01,-0.02,1.0,o
1460.0,3180.0,3064.0,3678.0,4095.0,3387.0,3558.0,3935.0,0.94,9.03,4.58,-0.08,-0.01,-0.03,1.0,o
1471.0,3222.0,3071.0,3665.0,4095.0,3385.0,3568.0,3959.0,0.91,9.04,4.69,-0.09,0.05,-0.02,1.0,o
1483.0,3155.0,3068.0,3670.0,4095.0,3408.0,3583.0,3957.0,1.06,8.99,4.8,-0.09,0.01,0.06,1.0,o
1510.0,3163.0,3071.0,3694.0,4095.0,3402.0,3583.0,3984.0,0.97,8.99,4.63,-0.06,0.03,-0.03,1.0,o
1480.0,3167.0,3070.0,3696.0,4095.0,3411.0,3597.0,3989.0,1.11,8.9,4.74,-0.07,-0.06,-0.02,1.0,o
1472.0,3166.0,3086.0,3711.0,4095.0,3410.0,3603.0,3987.0,0.88,8.98,4.81,-0.06,0.02,-0.03,1.0,o
3152.0,3323.0,3014.0,4095.0,4095.0,3483.0,3536.0,3631.0,1.29,8.91,4.84,-0.05,0.01,-0.02,1.0,o
3127.0,3255.0,3007.0,4095.0,4095.0,3502.0,3532.0,3621.0,1.37,8.8,4.89,-0.06,0.03,-0.03,1.0,o
3088.0,3264.0,3019.0,4095.0,4095.0,3495.0,3555.0,3632.0,1.32,8.91,4.85,-0.1,-0.0,-0.03,1.0,o
3105.0,3275.0,3012.0,4095.0,4095.0,3510.0,3541.0,3644.0,1.26,8.78,4.96,-0.06,0.01,-0.04,1.0,o
3103.0,3178.0,3010.0,4095.0,4095.0,3505.0,3546.0,3634.0,1.35,8.78,4.83,-0.08,0.01,-0.05,1.0,o
3071.0,3269.0,3005.0,4095.0,4095.0,3499.0,3550.0,3652.0,1.27,8.9,4.96,-0.06,-0.0,-0.05,1.0,o
3089.0,3280.0,3015.0,4095.0,4095.0,3504.0,3568.0,3654.0,1.2,8.84,4.95,-0.06,-0.02,-0.02,1.0,o
3067.0,3273.0,3015.0,4095.0,4095.0,3504.0,3562.0,3664.0,1.37,8.83,4.92,-0.04,-0.02,-0.03,1.0,o
3055.0,3266.0,3021.0,4095.0,4095.0,3504.0,3562.0,3658.0,1.53,8.77,4.78,-0.03,0.0,-0.06,1.0,o
3055.0,3273.0,3010.0,4095.0,4095.0,3514.0,3557.0,3663.0,1.18,8.72,5.0,-0.09,-0.02,-0.08,1.0,o
3031.0,3271.0,3019.0,4095.0,4095.0,3499.0,3543.0,3670.0,1.29,8.82,5.17,-0.11,-0.07,-0.05,1.0,o
3022.0,3266.0,3006.0,4095.0,4095.0,3511.0,3551.0,3662.0,1.25,8.83,4.92,-0.05,-0.04,-0.05,1.0,o
3002.0,3251.0,3018.0,4095.0,4095.0,3503.0,3569.0,3663.0,1.09,8.78,4.85,-0.05,0.02,-0.04,1.0,o
2995.0,3280.0,2998.0,4095.0,4095.0,3509.0,3561.0,3664.0,1.34,8.81,4.99,-0.07,-0.01,-0.03,1.0,o
2992.0,3265.0,3012.0,4095.0,4095.0,3508.0,3566.0,3682.0,1.22,8.82,4.97,-0.06,0.0,-0.04,1.0,o
2994.0,3264.0,3022.0,4095.0,4095.0,3518.0,3568.0,3679.0,1.13,8.82,4.9,-0.08,0.02,-0.03,1.0,o
2995.0,3292.0,3007.0,4095.0,4095.0,3509.0,3553.0,3667.0,1.23,8.75,5.06,-0.08,-0.0,-0.02,1.0,o
2971.0,3341.0,3002.0,4095.0,4095.0,3504.0,3568.0,3678.0,1.3,8.88,4.7,-0.06,0.05,-0.04,1.0,o
2935.0,3281.0,3015.0,4095.0,4095.0,3462.0,3554.0,3663.0,1.22,8.88,4.84,-0.09,0.01,-0.06,1.0,o
2950.0,3257.0,3024.0,4095.0,4095.0,3447.0,3539.0,3663.0,1.24,8.83,5.12,-0.06,0.01,-0.05,1.0,o
2869.0,3723.0,3038.0,3862.0,4090.0,3431.0,3440.0,3504.0,1.72,8.35,5.34,-0.03,0.04,-0.03,1.0,o
2853.0,3727.0,3043.0,3890.0,4093.0,3439.0,3461.0,3524.0,1.61,8.55,5.16,-0.03,0.08,-0.01,1.0,o
2823.0,3742.0,3045.0,3921.0,4095.0,3447.0,3471.0,3527.0,1.72,8.58,5.59,-0.07,-0.02,-0.04,1.0,o
2813.0,3745.0,3051.0,3935.0,4095.0,3438.0,3458.0,3534.0,1.51,8.54,5.32,-0.04,-0.02,-0.04,1.0,o
2785.0,3721.0,3046.0,3952.0,4095.0,3443.0,3461.0,3550.0,1.71,8.55,5.32,-0.02,-0.01,-0.05,1.0,o
2798.0,3793.0,3050.0,3941.0,4095.0,3450.0,3462.0,3556.0,1.53,8.57,5.29,-0.05,-0.01,-0.04,1.0,o
2771.0,3763.0,3042.0,3974.0,4095.0,3440.0,3467.0,3539.0,1.57,8.67,5.31,-0.06,-0.03,-0.05,1.0,o
2779.0,3730.0,3051.0,3971.0,4095.0,3433.0,3465.0,3559.0,1.63,8.71,5.14,-0.07,-0.03,-0.03,1.0,o
2774.0,3760.0,3045.0,3982.0,4095.0,3431.0,3462.0,3573.0,1.65,8.6,5.23,-0.08,0.02,-0.04,1.0,o
2768.0,3728.0,3047.0,3983.0,4095.0,3445.0,3460.0,3568.0,1.5,8.59,5.48,-0.09,0.04,-0.02,1.0,o
2771.0,3753.0,3048.0,3979.0,4095.0,3441.0,3472.0,3579.0,1.68,8.52,5.55,-0.06,-0.0,-0.02,1.0,o
2767.0,3751.0,3055.0,4001.0,4095.0,3447.0,3481.0,3575.0,1.62,8.52,5.2,-0.05,-0.04,-0.07,1.0,o
2758.0,3728.0,3034.0,3989.0,4095.0,3441.0,3471.0,3583.0,1.56,8.63,5.21,-0.06,-0.02,-0.07,1.0,o
2764.0,3760.0,3047.0,3987.0,4095.0,3445.0,3472.0,3583.0,1.58,8.66,5.29,-0.05,0.0,-0.05,1.0,o
2751.0,3877.0,3047.0,3994.0,4095.0,3451.0,3471.0,3569.0,1.59,8.56,5.35,-0.06,0.01,-0.01,1.0,o
2753.0,3753.0,3044.0,3998.0,4095.0,3465.0,3477.0,3573.0,1.63,8.53,5.29,-0.06,0.0,-0.04,1.0,o
2751.0,3773.0,3053.0,3994.0,4095.0,3441.0,3481.0,3599.0,1.72,8.46,5.51,-0.07,-0.02,-0.03,1.0,o
2748.0,3733.0,3056.0,4005.0,4095.0,3459.0,3472.0,3575.0,1.61,8.52,5.24,-0.06,-0.01,-0.05,1.0,o
2742.0,3743.0,3042.0,4003.0,4095.0,3441.0,3474.0,3583.0,1.87,8.52,5.32,-0.05,-0.03,-0.06,1.0,o
2739.0,3746.0,3056.0,4015.0,4095.0,3457.0,3486.0,3571.0,1.53,8.82,4.56,-0.18,0.02,-0.07,1.0,o
3578.0,863.0,3139.0,3636.0,3947.0,3216.0,3322.0,3413.0,0.63,8.94,4.7,-0.1,0.03,-0.02,1.0,o
3573.0,869.0,3136.0,3654.0,3966.0,3216.0,3322.0,3442.0,0.92,8.99,4.97,-0.1,-0.01,-0.01,1.0,o
3568.0,825.0,3108.0,3642.0,3986.0,3218.0,3326.0,3442.0,0.8,8.9,4.76,-0.1,-0.01,-0.04,1.0,o
3569.0,880.0,3126.0,3661.0,3970.0,3216.0,3327.0,3470.0,0.72,8.8,5.08,-0.09,-0.04,-0.06,1.0,o
3545.0,877.0,3124.0,3651.0,3981.0,3227.0,3334.0,3405.0,0.77,8.87,4.9,-0.1,-0.04,-0.05,1.0,o
3568.0,881.0,3126.0,3661.0,3970.0,3219.0,3338.0,3440.0,0.76,8.77,5.04,-0.12,-0.02,-0.03,1.0,o
3563.0,873.0,3127.0,3648.0,3984.0,3229.0,3333.0,3457.0,0.86,8.85,4.98,-0.06,0.01,-0.05,1.0,o
3567.0,880.0,3070.0,3652.0,4000.0,3227.0,3336.0,3423.0,0.63,8.85,4.94,-0.05,-0.0,-0.1,1.0,o
3522.0,884.0,3041.0,3665.0,3985.0,3227.0,3319.0,3425.0,0.69,8.81,5.02,-0.1,-0.0,-0.02,1.0,o
3553.0,879.0,3033.0,3667.0,3995.0,3230.0,3342.0,3436.0,0.72,8.84,4.99,-0.06,0.0,-0.02,1.0,o
3532.0,887.0,3039.0,3677.0,3985.0,3229.0,3339.0,3440.0,0.71,8.84,4.99,-0.07,0.01,-0.04,1.0,o
3522.0,894.0,3042.0,3664.0,3989.0,3227.0,3334.0,3447.0,0.78,8.87,5.04,-0.07,0.0,-0.02,1.0,o
3518.0,892.0,3019.0,3669.0,4001.0,3241.0,3344.0,3441.0,0.9,8.78,4.94,-0.1,-0.05,-0.06,1.0,o
3541.0,880.0,3021.0,3686.0,3986.0,3237.0,3330.0,3458.0,0.67,8.76,5.26,-0.03,-0.0,-0.06,1.0,o
3555.0,881.0,3033.0,3687.0,4005.0,3232.0,3341.0,3461.0,0.82,8.77,5.0,-0.05,0.0,-0.01,1.0,o
3549.0,880.0,3084.0,3659.0,3994.0,3248.0,3318.0,3430.0,0.74,8.89,4.93,-0.08,0.03,-0.05,1.0,o
3547.0,879.0,3071.0,3646.0,4016.0,3247.0,3344.0,3433.0,0.78,8.78,5.19,-0.08,0.03,-0.0,1.0,o
3559.0,883.0,3105.0,3633.0,4017.0,3254.0,3342.0,3449.0,0.72,8.75,5.04,-0.08,0.07,-0.03,1.0,o
3485.0,884.0,3095.0,3622.0,3998.0,3238.0,3345.0,3443.0,0.85,8.74,5.23,-0.11,0.03,-0.05,1.0,o
3487.0,816.0,3094.0,3638.0,4006.0,3260.0,3347.0,3472.0,0.7,8.8,5.23,-0.08,-0.02,-0.06,1.0,o
1231.0,3770.0,3120.0,3329.0,3967.0,3248.0,3376.0,3291.0,0.84,8.5,5.43,0.02,0.03,-0.02,1.0,o
1209.0,3785.0,3120.0,3342.0,3971.0,3255.0,3361.0,3308.0,0.8,8.82,4.92,-0.05,0.09,-0.06,1.0,o
1188.0,3738.0,3119.0,3340.0,3958.0,3247.0,3367.0,3311.0,1.05,8.73,5.42,-0.03,-0.04,-0.07,1.0,o
1197.0,3787.0,3123.0,3349.0,3987.0,3243.0,3363.0,3335.0,0.84,8.68,5.31,-0.07,-0.08,-0.07,1.0,o
1190.0,3918.0,3121.0,3346.0,3969.0,3254.0,3363.0,3328.0,0.84,8.66,5.4,-0.09,-0.04,-0.03,1.0,o
1187.0,3776.0,3117.0,3355.0,3977.0,3251.0,3370.0,3344.0,1.05,8.62,5.33,-0.06,-0.03,-0.04,1.0,o
1183.0,3767.0,3117.0,3346.0,3983.0,3248.0,3370.0,3330.0,0.96,8.72,5.16,-0.03,0.01,-0.05,1.0,o
1171.0,3837.0,3115.0,3347.0,3963.0,3260.0,3373.0,3343.0,1.01,8.64,5.07,-0.01,0.09,-0.03,1.0,o
1168.0,3766.0,3120.0,3346.0,3969.0,3246.0,3371.0,3295.0,0.96,8.77,5.34,-0.04,0.01,-0.07,1.0,o
1177.0,4035.0,3114.0,3350.0,3968.0,3249.0,3370.0,3301.0,0.85,8.7,5.34,-0.09,-0.04,-0.06,1.0,o
1170.0,3781.0,3125.0,3355.0,3997.0,3250.0,3373.0,3296.0,0.81,8.63,5.27,-0.06,-0.01,-0.06,1.0,o
1167.0,3769.0,3114.0,3364.0,3984.0,3248.0,3372.0,3311.0,0.75,8.61,5.32,-0.09,-0.01,-0.06,1.0,o
1168.0,3772.0,3125.0,3363.0,3991.0,3257.0,3369.0,3307.0,0.75,8.66,5.36,-0.07,-0.03,-0.06,1.0,o
1155.0,3779.0,3113.0,3367.0,3995.0,3249.0,3375.0,3317.0,0.84,8.66,5.34,-0.06,-0.03,-0.05,1.0,o
1162.0,3770.0,3127.0,3365.0,3973.0,3254.0,3366.0,3327.0,0.78,8.64,5.28,-0.07,-0.03,-0.05,1.0,o
1168.0,3793.0,3123.0,3370.0,3982.0,3261.0,3375.0,3327.0,0.69,8.66,5.26,-0.09,-0.01,-0.04,1.0,o
1170.0,3789.0,3121.0,3361.0,4005.0,3253.0,3376.0,3327.0,0.88,8.72,5.42,-0.07,-0.01,-0.01,1.0,o
1162.0,3762.0,3126.0,3370.0,4001.0,3261.0,3378.0,3316.0,0.86,8.66,5.24,-0.06,-0.07,-0.06,1.0,o
1169.0,3776.0,3120.0,3361.0,4016.0,3265.0,3374.0,3313.0,0.77,8.67,5.47,-0.04,-0.03,-0.03,1.0,o
1184.0,3776.0,3121.0,3351.0,4016.0,3262.0,3380.0,3329.0,0.88,8.59,5.23,-0.05,-0.03,-0.0,1.0,o
1431.0,3728.0,3031.0,3493.0,4095.0,3319.0,3355.0,3408.0,0.8,9.02,4.69,-0.12,-0.02,-0.08,1.0,o
1424.0,3740.0,3040.0,3500.0,4095.0,3321.0,3363.0,3422.0,0.79,8.81,5.16,-0.07,-0.0,-0.06,1.0,o
1421.0,3728.0,3026.0,3510.0,4095.0,3331.0,3366.0,3456.0,0.7,8.9,4.8,-0.09,0.0,0.01,1.0,o
1423.0,3665.0,3045.0,3521.0,4095.0,3342.0,3363.0,3456.0,0.95,8.85,4.96,-0.07,0.03,0.01,1.0,o
1446.0,3739.0,3031.0,3495.0,4095.0,3327.0,3376.0,3462.0,0.88,8.87,4.84,-0.06,-0.04,-0.0,1.0,o
1456.0,3731.0,3021.0,3477.0,4095.0,3316.0,3367.0,3462.0,0.79,8.93,4.95,-0.16,-0.07,0.0,1.0,o
1446.0,3728.0,3046.0,3488.0,4095.0,3332.0,3367.0,3434.0,1.07,8.79,5.22,-0.07,-0.03,0.01,1.0,o
1446.0,3745.0,3030.0,3487.0,4095.0,3319.0,3366.0,3438.0,1.0,8.76,4.83,-0.02,-0.03,-0.03,1.0,o
1472.0,3696.0,3046.0,3478.0,4095.0,3318.0,3367.0,3462.0,1.02,8.7,5.03,-0.04,-0.04,-0.02,1.0,o
1456.0,3709.0,3037.0,3479.0,4095.0,3319.0,3372.0,3435.0,1.1,8.9,4.79,-0.03,0.0,-0.01,1.0,o
1469.0,3735.0,3027.0,3481.0,4095.0,3328.0,3365.0,3444.0,0.97,8.81,4.84,-0.07,-0.0,-0.02,1.0,o
1457.0,3747.0,3038.0,3473.0,4095.0,3315.0,3376.0,3439.0,1.29,8.78,5.17,-0.04,-0.02,-0.02,1.0,o
1463.0,3728.0,3047.0,3474.0,4095.0,3325.0,3371.0,3440.0,1.22,8.92,4.74,-0.03,-0.02,-0.03,1.0,o
1461.0,3735.0,3051.0,3488.0,4095.0,3334.0,3367.0,3429.0,1.0,9.0,4.88,-0.08,0.02,-0.09,1.0,o
1463.0,3762.0,3041.0,3494.0,4095.0,3325.0,3371.0,3427.0,1.12,8.88,5.04,-0.06,-0.02,-0.03,1.0,o
1467.0,3744.0,3038.0,3487.0,4095.0,3323.0,3365.0,3432.0,1.11,8.86,4.76,-0.06,0.0,-0.06,1.0,o
1475.0,3696.0,3024.0,3475.0,4095.0,3312.0,3376.0,3431.0,1.0,8.88,4.97,-0.06,0.0,-0.05,1.0,o
1479.0,3738.0,3036.0,3471.0,4095.0,3328.0,3373.0,3433.0,1.08,8.91,4.9,-0.03,-0.0,-0.05,1.0,o
1515.0,3756.0,3049.0,3477.0,4095.0,3323.0,3371.0,3440.0,1.11,8.8,4.93,-0.03,-0.02,-0.04,1.0,o
1601.0,3760.0,3031.0,3471.0,4095.0,3317.0,3370.0,3458.0,1.01,8.93,4.86,-0.12,-0.01,-0.04,1.0,o
2507.0,3727.0,3025.0,3607.0,3851.0,3253.0,3406.0,3505.0,1.09,8.86,4.86,-0.09,-0.0,-0.06,1.0,o
2486.0,3717.0,3037.0,3619.0,3875.0,3255.0,3415.0,3520.0,1.04,8.87,5.03,-0.06,0.01,-0.04,1.0,o
2480.0,3714.0,3051.0,3649.0,3882.0,3268.0,3411.0,3520.0,1.12,8.85,5.0,-0.09,-0.04,0.0,1.0,o
2477.0,3728.0,3035.0,3655.0,3873.0,3263.0,3423.0,3534.0,1.1,8.75,4.99,-0.05,0.01,-0.02,1.0,o
2477.0,3717.0,3033.0,3662.0,3902.0,3271.0,3425.0,3539.0,1.13,8.88,4.88,-0.06,-0.02,-0.04,1.0,o
2465.0,3731.0,3036.0,3665.0,3920.0,3259.0,3415.0,3541.0,1.21,8.88,4.92,-0.04,0.01,-0.03,1.0,o
2462.0,3666.0,3039.0,3681.0,3898.0,3279.0,3421.0,3536.0,1.15,8.9,4.83,-0.07,-0.03,-0.05,1.0,o
2448.0,3713.0,3043.0,3682.0,3907.0,3286.0,3413.0,3536.0,1.17,8.83,4.93,-0.05,0.02,-0.03,1.0,o
2444.0,3718.0,3042.0,3661.0,3905.0,3265.0,3447.0,3525.0,1.29,8.85,4.88,-0.06,-0.01,-0.05,1.0,o
2442.0,3728.0,3045.0,3682.0,3905.0,3278.0,3422.0,3513.0,1.07,8.77,4.98,-0.08,-0.05,-0.04,1.0,o
2448.0,3726.0,3047.0,3697.0,3918.0,3279.0,3426.0,3531.0,1.21,8.84,4.92,-0.04,0.01,-0.03,1.0,o
2443.0,3711.0,3031.0,3715.0,3927.0,3283.0,3418.0,3535.0,1.3,8.88,4.84,-0.07,0.02,-0.03,1.0,o
2460.0,3703.0,3037.0,3718.0,3937.0,3275.0,3427.0,3526.0,1.19,8.79,4.99,-0.07,-0.0,-0.03,1.0,o
2441.0,3728.0,3039.0,3713.0,3923.0,3311.0,3447.0,3509.0,1.24,8.87,4.82,-0.06,-0.01,-0.03,1.0,o
2449.0,3713.0,3045.0,3701.0,3929.0,3287.0,3434.0,3541.0,1.25,8.81,4.97,-0.07,-0.03,-0.03,1.0,o
2443.0,3725.0,3039.0,3713.0,3935.0,3282.0,3437.0,3525.0,1.21,8.83,4.93,-0.06,-0.0,-0.05,1.0,o
2402.0,3732.0,3043.0,3703.0,3935.0,3282.0,3435.0,3547.0,1.18,8.92,4.88,-0.08,-0.01,-0.04,1.0,o
2416.0,3711.0,3035.0,3711.0,3952.0,3280.0,3425.0,3525.0,1.24,8.9,4.89,-0.09,0.02,-0.02,1.0,o
2414.0,3709.0,3030.0,3728.0,3952.0,3281.0,3431.0,3518.0,1.28,8.75,5.04,-0.05,0.01,-0.02,1.0,o
2355.0,3725.0,3051.0,3739.0,3941.0,3296.0,3429.0,3536.0,1.29,8.87,4.8,-0.04,0.1,-0.06,1.0,o
3649.0,3697.0,3054.0,3685.0,4095.0,3461.0,3446.0,3605.0,1.07,8.98,4.65,-0.06,-0.0,-0.02,1.0,o
3642.0,3665.0,3034.0,3691.0,4095.0,3451.0,3463.0,3583.0,0.94,9.0,4.61,-0.08,0.01,-0.04,1.0,o
3659.0,3696.0,3042.0,3684.0,4095.0,3469.0,3472.0,3626.0,1.17,8.8,5.1,-0.08,-0.04,-0.01,1.0,o
3642.0,3670.0,3034.0,3695.0,4095.0,3463.0,3463.0,3628.0,1.13,8.92,4.72,-0.04,-0.01,-0.03,1.0,o
3664.0,3689.0,3038.0,3696.0,4095.0,3459.0,3468.0,3627.0,1.06,8.92,4.65,-0.07,0.0,-0.01,1.0,o
3645.0,3680.0,3039.0,3705.0,4095.0,3470.0,3457.0,3623.0,1.13,8.94,4.8,-0.1,-0.03,-0.03,1.0,o
3642.0,3689.0,3037.0,3703.0,4095.0,3472.0,3477.0,3622.0,1.17,8.92,4.96,-0.07,-0.01,-0.03,1.0,o
3665.0,3680.0,3040.0,3707.0,4095.0,3467.0,3477.0,3636.0,1.13,8.88,4.78,-0.05,-0.01,-0.03,1.0,o
3627.0,3677.0,3047.0,3712.0,4095.0,3474.0,3485.0,3605.0,1.17,8.9,4.81,-0.05,-0.01,-0.04,1.0,o
3639.0,3691.0,3035.0,3714.0,4095.0,3482.0,3488.0,3634.0,1.12,8.9,4.76,-0.04,0.0,-0.04,1.0,o
3618.0,3684.0,3047.0,3728.0,4095.0,3487.0,3479.0,3635.0,1.05,8.88,4.82,-0.06,0.0,-0.06,1.0,o
3632.0,3691.0,3045.0,3705.0,4095.0,3472.0,3485.0,3635.0,1.18,9.0,4.78,-0.06,-0.01,-0.03,1.0,o
3642.0,3690.0,3042.0,3705.0,4095.0,3475.0,3479.0,3635.0,1.15,8.88,4.8,-0.06,0.0,-0.02,1.0,o
3641.0,3703.0,3041.0,3707.0,4095.0,3479.0,3477.0,3628.0,1.11,8.95,4.82,-0.08,0.01,-0.05,1.0,o
3646.0,3709.0,3042.0,3698.0,4095.0,3489.0,3487.0,3625.0,1.1,8.86,4.86,-0.05,0.01,-0.03,1.0,o
3627.0,3690.0,3041.0,3718.0,4095.0,3487.0,3488.0,3633.0,1.24,8.89,4.77,-0.07,0.0,-0.04,1.0,o
3622.0,3935.0,3037.0,3728.0,4095.0,3491.0,3491.0,3634.0,1.12,8.9,4.82,-0.05,0.02,-0.04,1.0,o
3635.0,3696.0,3057.0,3715.0,4095.0,3499.0,3479.0,3651.0,1.17,8.93,4.86,-0.05,0.0,-0.05,1.0,o
3631.0,3753.0,3034.0,3726.0,4095.0,3487.0,3494.0,3632.0,0.93,8.96,4.77,-0.06,0.01,-0.03,1.0,o
3634.0,3635.0,3043.0,3739.0,4095.0,3477.0,3501.0,3650.0,1.24,8.86,4.88,-0.06,-0.02,-0.01,1.0,o
2896.0,3600.0,3031.0,3637.0,3920.0,3354.0,3488.0,3490.0,1.1,8.89,4.74,-0.04,0.02,-0.04,1.0,o
2926.0,3597.0,3035.0,3654.0,3927.0,3359.0,3487.0,3504.0,1.04,8.87,4.88,-0.12,-0.01,-0.01,1.0,o
2946.0,3623.0,3039.0,3674.0,3935.0,3381.0,3504.0,3506.0,1.15,8.95,4.83,-0.05,0.01,-0.03,1.0,o
2954.0,3623.0,3024.0,3685.0,3943.0,3381.0,3503.0,3487.0,1.1,8.82,4.91,-0.04,-0.03,-0.02,1.0,o
3055.0,3615.0,3041.0,3706.0,3952.0,3395.0,3506.0,3483.0,1.17,8.98,4.65,-0.06,-0.01,-0.05,1.0,o
3030.0,3601.0,3024.0,3724.0,3975.0,3393.0,3508.0,3496.0,1.08,8.93,4.78,-0.08,-0.01,-0.03,1.0,o
3068.0,3637.0,3026.0,3721.0,3955.0,3399.0,3510.0,3515.0,1.24,9.05,4.71,-0.08,0.01,-0.04,1.0,o
3083.0,3569.0,3037.0,3718.0,3967.0,3399.0,3515.0,3497.0,1.22,8.94,4.9,-0.06,0.01,-0.03,1.0,o
3088.0,3615.0,3043.0,3739.0,3958.0,3409.0,3519.0,3486.0,1.21,8.95,4.74,-0.07,0.02,-0.02,1.0,o
3071.0,3615.0,3024.0,3731.0,3957.0,3409.0,3515.0,3526.0,1.15,8.88,4.85,-0.07,0.02,-0.04,1.0,o
3085.0,3614.0,3022.0,3733.0,3967.0,3414.0,3526.0,3507.0,1.18,8.9,4.87,-0.05,0.0,-0.04,1.0,o
3083.0,3605.0,3042.0,3737.0,3957.0,3408.0,3505.0,3495.0,1.16,8.91,4.89,-0.06,-0.02,-0.03,1.0,o
3095.0,3622.0,3034.0,3753.0,3968.0,3417.0,3515.0,3519.0,1.09,8.85,4.81,-0.07,-0.01,-0.02,1.0,o
3088.0,3565.0,3030.0,3724.0,3967.0,3410.0,3520.0,3536.0,1.13,8.83,4.74,-0.08,-0.01,-0.02,1.0,o
3071.0,3626.0,3037.0,3747.0,3969.0,3412.0,3519.0,3513.0,1.19,8.88,5.04,-0.09,-0.01,-0.02,1.0,o
3085.0,3630.0,3033.0,3760.0,3969.0,3414.0,3518.0,3509.0,1.21,8.93,4.91,-0.04,-0.0,-0.03,1.0,o
3057.0,3626.0,3033.0,3758.0,3966.0,3424.0,3520.0,3523.0,1.3,8.86,4.81,-0.05,-0.02,-0.03,1.0,o
3083.0,3601.0,3030.0,3725.0,3968.0,3405.0,3509.0,3509.0,1.2,8.79,4.89,-0.11,-0.04,-0.02,1.0,o
3087.0,3599.0,3034.0,3695.0,3974.0,3401.0,3509.0,3510.0,1.24,8.83,5.0,-0.08,-0.02,-0.03,1.0,o
3071.0,3617.0,3032.0,3657.0,3979.0,3407.0,3517.0,3536.0,1.24,8.86,4.98,-0.06,-0.01,-0.03,1.0,o
1008.0,3567.0,3025.0,3709.0,4066.0,3451.0,3473.0,3477.0,1.25,8.91,5.17,-0.03,0.04,-0.03,1.0,o
1016.0,3495.0,3031.0,3716.0,4085.0,3455.0,3503.0,3504.0,1.6,8.76,5.08,0.03,0.01,-0.03,1.0,o
997.0,3490.0,3024.0,3739.0,4091.0,3445.0,3473.0,3477.0,1.45,8.7,5.1,-0.04,-0.03,-0.02,1.0,o
1006.0,3502.0,3041.0,3725.0,4092.0,3445.0,3478.0,3507.0,1.27,8.77,5.05,-0.05,-0.02,-0.04,1.0,o
1003.0,3491.0,3022.0,3759.0,4095.0,3441.0,3486.0,3491.0,1.43,8.77,4.98,-0.05,-0.02,-0.01,1.0,o
1007.0,3517.0,3025.0,3749.0,4090.0,3451.0,3495.0,3469.0,1.46,8.78,5.01,-0.1,-0.02,-0.04,1.0,o
1008.0,3502.0,3027.0,3760.0,4094.0,3439.0,3488.0,3469.0,1.45,8.69,5.11,-0.02,0.01,-0.04,1.0,o
1003.0,3499.0,3023.0,3765.0,4094.0,3427.0,3472.0,3487.0,1.56,8.77,4.92,-0.07,-0.02,-0.03,1.0,o
1018.0,3477.0,3034.0,3776.0,4095.0,3446.0,3473.0,3488.0,1.49,8.68,5.11,-0.07,0.01,-0.04,1.0,o
1014.0,3489.0,3024.0,3760.0,4087.0,3443.0,3479.0,3502.0,1.42,8.76,4.96,-0.04,0.02,-0.03,1.0,o
1019.0,3484.0,3039.0,3781.0,4095.0,3447.0,3479.0,3498.0,1.61,8.62,5.39,-0.0,-0.03,-0.04,1.0,o
1008.0,3499.0,3036.0,3780.0,4095.0,3440.0,3483.0,3515.0,1.78,8.86,4.38,-0.08,-0.04,-0.01,1.0,o
1023.0,3566.0,3029.0,3781.0,4095.0,3451.0,3484.0,3511.0,1.2,8.85,5.16,-0.18,-0.03,-0.04,1.0,o
1014.0,3497.0,3028.0,3792.0,4095.0,3453.0,3474.0,3514.0,1.56,8.58,5.63,-0.09,0.03,0.07,1.0,o
1017.0,3500.0,3034.0,3775.0,4083.0,3453.0,3488.0,3503.0,1.88,8.5,5.3,-0.04,0.0,0.04,1.0,o
1010.0,3579.0,3024.0,3791.0,4095.0,3455.0,3484.0,3495.0,1.64,8.68,5.12,-0.09,0.02,-0.04,1.0,o
1011.0,3504.0,3034.0,3794.0,4095.0,3457.0,3477.0,3504.0,1.7,8.79,5.09,-0.07,-0.01,-0.02,1.0,o
1021.0,3472.0,3034.0,3787.0,4095.0,3469.0,3478.0,3486.0,1.58,8.62,4.96,-0.1,-0.03,-0.03,1.0,o
1017.0,3486.0,3024.0,3782.0,4095.0,3454.0,3497.0,3508.0,1.54,8.4,5.55,-0.1,0.02,-0.03,1.0,o
1010.0,3531.0,3026.0,3790.0,4095.0,3458.0,3481.0,3507.0,1.86,8.63,5.54,-0.01,-0.02,-0.07,1.0,o
2381.0,3723.0,3059.0,3658.0,4047.0,3280.0,3447.0,3525.0,1.41,8.99,4.36,-0.14,-0.01,-0.01,1.0,o
2365.0,3718.0,3063.0,3669.0,4067.0,3283.0,3450.0,3551.0,1.52,9.0,4.55,-0.08,0.01,-0.02,1.0,o
2367.0,3723.0,3056.0,3671.0,4046.0,3286.0,3460.0,3559.0,1.42,9.04,4.34,-0.11,0.05,-0.03,1.0,o
2357.0,3730.0,3055.0,3695.0,4065.0,3298.0,3459.0,3549.0,1.5,8.93,4.49,-0.1,0.07,0.01,1.0,o
2335.0,3719.0,3056.0,3691.0,4047.0,3291.0,3471.0,3568.0,1.42,8.98,4.73,-0.12,0.05,-0.02,1.0,o
2350.0,3731.0,3055.0,3696.0,4047.0,3299.0,3469.0,3568.0,1.62,8.9,4.75,-0.07,0.01,0.0,1.0,o
2342.0,3749.0,3055.0,3711.0,4080.0,3312.0,3458.0,3563.0,1.7,8.98,4.73,-0.08,-0.03,-0.04,1.0,o
2335.0,3713.0,3061.0,3719.0,4080.0,3299.0,3471.0,3568.0,1.65,9.05,4.55,-0.05,-0.01,-0.07,1.0,o
2330.0,3927.0,3058.0,3721.0,4080.0,3309.0,3471.0,3567.0,1.51,8.89,4.6,-0.06,-0.01,-0.04,1.0,o
2342.0,3726.0,3056.0,3703.0,4082.0,3310.0,3471.0,3571.0,1.44,8.97,4.62,-0.04,0.01,-0.06,1.0,o
2340.0,3734.0,3061.0,3717.0,4079.0,3307.0,3482.0,3555.0,1.49,9.1,4.72,-0.06,-0.02,-0.04,1.0,o
2321.0,3751.0,3055.0,3715.0,4083.0,3307.0,3475.0,3563.0,1.31,8.96,4.59,-0.06,-0.03,-0.03,1.0,o
2327.0,3728.0,3063.0,3718.0,4082.0,3307.0,3486.0,3565.0,1.49,8.96,4.59,-0.06,0.02,-0.02,1.0,o
2322.0,3713.0,3069.0,3731.0,4080.0,3314.0,3471.0,3607.0,1.53,8.94,4.68,-0.09,-0.02,-0.03,1.0,o
2320.0,3709.0,3056.0,3727.0,4080.0,3315.0,3481.0,3569.0,1.65,8.95,4.7,-0.03,-0.02,-0.04,1.0,o
2318.0,3682.0,3056.0,3714.0,4086.0,3312.0,3482.0,3568.0,1.47,8.94,4.55,-0.04,-0.0,-0.03,1.0,o
2347.0,3728.0,3066.0,3730.0,4075.0,3315.0,3486.0,3579.0,1.53,8.94,4.45,-0.07,-0.01,-0.02,1.0,o
2339.0,3723.0,3057.0,3719.0,4095.0,3310.0,3473.0,3565.0,1.58,9.02,4.72,-0.09,0.0,-0.02,1.0,o
2342.0,3787.0,3056.0,3713.0,4087.0,3325.0,3482.0,3572.0,1.43,9.01,4.63,-0.05,0.03,-0.02,1.0,o
2342.0,3718.0,3068.0,3744.0,4087.0,3327.0,3482.0,3583.0,1.74,8.97,4.64,-0.06,-0.01,-0.03,1.0,o
3951.0,3578.0,3019.0,3915.0,4095.0,3521.0,3437.0,3421.0,1.32,9.14,4.51,-0.05,0.11,-0.06,1.0,o
3956.0,3583.0,3024.0,3945.0,4095.0,3551.0,3437.0,3440.0,1.37,9.19,4.39,-0.05,0.02,-0.05,1.0,o
3932.0,3553.0,3024.0,3951.0,4095.0,3556.0,3435.0,3440.0,1.24,8.95,4.57,-0.07,-0.0,-0.04,1.0,o
3967.0,3527.0,3038.0,3958.0,4095.0,3539.0,3451.0,3460.0,0.96,9.05,4.41,-0.08,0.23,-0.06,1.0,o
3982.0,3583.0,3041.0,3967.0,4095.0,3527.0,3458.0,3477.0,1.26,9.26,4.35,-0.09,-0.04,-0.03,1.0,o
3997.0,3583.0,3025.0,3975.0,4095.0,3531.0,3447.0,3483.0,1.19,9.08,4.44,-0.07,-0.03,-0.03,1.0,o
3983.0,3597.0,3026.0,3957.0,4095.0,3550.0,3463.0,3475.0,1.24,9.09,4.43,-0.06,-0.03,-0.02,1.0,o
3963.0,3603.0,3021.0,3952.0,4095.0,3533.0,3456.0,3484.0,1.18,9.04,4.43,-0.08,-0.03,-0.04,1.0,o
3987.0,3668.0,3017.0,3984.0,4095.0,3536.0,3467.0,3485.0,1.16,9.09,4.45,-0.05,-0.01,-0.03,1.0,o
3987.0,3571.0,3029.0,3974.0,4095.0,3539.0,3451.0,3502.0,1.18,9.09,4.44,-0.08,0.0,-0.03,1.0,o
4017.0,3583.0,3029.0,3958.0,4095.0,3536.0,3460.0,3498.0,1.25,9.12,4.35,-0.12,0.06,-0.02,1.0,o
4016.0,3598.0,3025.0,3952.0,4095.0,3547.0,3470.0,3499.0,1.28,9.12,4.47,-0.08,-0.07,-0.05,1.0,o
4022.0,3583.0,3029.0,3955.0,4095.0,3539.0,3467.0,3494.0,1.29,9.14,4.65,-0.05,-0.04,-0.02,1.0,o
4037.0,3634.0,3025.0,3963.0,4095.0,3547.0,3469.0,3490.0,1.21,9.03,4.58,-0.03,0.0,-0.01,1.0,o
4019.0,3599.0,3026.0,3968.0,4095.0,3540.0,3472.0,3490.0,1.33,9.03,4.45,-0.07,0.0,-0.01,1.0,o
4025.0,3601.0,3027.0,3973.0,4095.0,3559.0,3462.0,3487.0,1.31,9.01,4.55,-0.06,0.02,-0.03,1.0,o
4039.0,3603.0,3027.0,3969.0,4095.0,3542.0,3458.0,3493.0,1.41,9.05,4.54,-0.06,-0.02,-0.04,1.0,o
4023.0,3608.0,3030.0,3965.0,4095.0,3547.0,3461.0,3493.0,1.31,9.09,4.37,-0.06,-0.03,-0.04,1.0,o
4035.0,3615.0,3030.0,3970.0,4095.0,3545.0,3466.0,3494.0,1.28,9.02,4.4,-0.06,0.02,-0.05,1.0,o
4027.0,3690.0,3024.0,3958.0,4095.0,3555.0,3475.0,3483.0,1.27,9.06,4.63,-0.1,0.02,-0.03,1.0,o
3110.0,3260.0,3023.0,3846.0,4095.0,3429.0,3505.0,3379.0,1.19,9.1,4.42,-0.06,0.03,-0.02,1.0,o
3084.0,3264.0,3028.0,3861.0,4095.0,3439.0,3511.0,3413.0,1.18,9.26,4.25,-0.06,-0.01,-0.05,1.0,o
3095.0,3264.0,3031.0,3878.0,4095.0,3435.0,3510.0,3414.0,1.26,9.15,4.4,-0.04,-0.03,-0.04,1.0,o
3088.0,3248.0,3026.0,3885.0,4095.0,3440.0,3521.0,3440.0,1.06,9.17,4.27,-0.05,0.0,-0.05,1.0,o
3088.0,3280.0,3038.0,3893.0,4095.0,3444.0,3508.0,3438.0,1.11,9.07,4.45,-0.03,0.0,-0.05,1.0,o
3079.0,3258.0,3024.0,3903.0,4095.0,3440.0,3521.0,3457.0,1.22,9.12,4.37,-0.05,-0.03,-0.05,1.0,o
3071.0,3263.0,3023.0,3936.0,4095.0,3451.0,3514.0,3471.0,1.13,9.13,4.42,-0.06,-0.02,-0.04,1.0,o
3039.0,3269.0,3026.0,3950.0,4095.0,3456.0,3514.0,3467.0,1.04,9.1,4.35,-0.08,-0.0,-0.03,1.0,o
3037.0,3263.0,3031.0,3959.0,4095.0,3468.0,3523.0,3469.0,1.18,9.15,4.42,-0.07,0.01,-0.03,1.0,o
3033.0,3388.0,3024.0,3962.0,4095.0,3453.0,3511.0,3442.0,1.16,9.13,4.4,-0.06,0.03,-0.03,1.0,o
3029.0,3274.0,3037.0,3954.0,4095.0,3459.0,3519.0,3465.0,1.02,9.14,4.36,-0.1,-0.02,-0.03,1.0,o
3011.0,3269.0,3026.0,3970.0,4095.0,3470.0,3529.0,3459.0,1.14,9.11,4.52,-0.07,0.0,-0.02,1.0,o
2993.0,3263.0,3029.0,3988.0,4095.0,3458.0,3534.0,3469.0,1.23,9.09,4.32,-0.05,-0.01,-0.03,1.0,o
3006.0,3266.0,3024.0,4006.0,4095.0,3463.0,3526.0,3467.0,1.18,9.05,4.47,-0.08,-0.02,-0.02,1.0,o
3019.0,3365.0,3027.0,3975.0,4095.0,3472.0,3524.0,3478.0,1.16,9.11,4.46,-0.06,-0.01,-0.03,1.0,o
3013.0,3290.0,3027.0,3987.0,4095.0,3475.0,3525.0,3472.0,1.17,9.09,4.39,-0.07,0.0,-0.02,1.0,o
3017.0,3248.0,3026.0,3979.0,4095.0,3467.0,3536.0,3462.0,1.27,9.05,4.49,-0.06,-0.03,-0.02,1.0,o
2984.0,3263.0,3028.0,3999.0,4095.0,3461.0,3531.0,3465.0,1.27,9.13,4.36,-0.08,-0.01,-0.04,1.0,o
2971.0,3264.0,3029.0,3994.0,4095.0,3484.0,3531.0,3472.0,1.29,9.09,4.63,-0.04,0.02,-0.04,1.0,o
2960.0,3228.0,3018.0,3981.0,4095.0,3491.0,3536.0,3485.0,1.24,9.03,4.35,-0.04,-0.0,-0.03,1.0,o
3889.0,3510.0,3081.0,3989.0,4058.0,3357.0,3530.0,3442.0,1.26,8.92,4.73,-0.11,0.03,-0.02,1.0,o
3922.0,3514.0,3081.0,3998.0,4080.0,3361.0,3536.0,3472.0,1.45,8.91,4.83,-0.11,0.01,-0.02,1.0,o
3921.0,3507.0,3071.0,4006.0,4095.0,3371.0,3536.0,3487.0,1.55,8.92,4.79,-0.05,-0.05,-0.05,1.0,o
3923.0,3499.0,3071.0,4028.0,4095.0,3369.0,3550.0,3499.0,1.38,8.95,4.6,-0.03,0.02,-0.05,1.0,o
3931.0,3517.0,3082.0,4007.0,4095.0,3365.0,3552.0,3477.0,1.4,8.92,4.73,-0.05,-0.0,-0.04,1.0,o
3939.0,3536.0,3067.0,4007.0,4095.0,3360.0,3559.0,3495.0,1.45,9.03,4.71,-0.06,-0.01,-0.03,1.0,o
3921.0,3536.0,3082.0,4005.0,4095.0,3371.0,3553.0,3502.0,1.53,8.92,4.69,-0.05,0.01,-0.03,1.0,o
3920.0,3540.0,3056.0,4018.0,4095.0,3379.0,3557.0,3505.0,1.48,8.95,4.7,-0.08,-0.04,-0.05,1.0,o
3931.0,3543.0,3056.0,4029.0,4095.0,3382.0,3558.0,3519.0,1.6,8.89,4.87,-0.05,-0.04,-0.04,1.0,o
3920.0,3562.0,3071.0,4045.0,4095.0,3373.0,3555.0,3517.0,1.52,8.87,4.71,-0.05,-0.04,-0.03,1.0,o
3922.0,3560.0,3068.0,4023.0,4095.0,3373.0,3549.0,3520.0,1.52,8.86,4.73,-0.06,-0.04,-0.04,1.0,o
3919.0,3514.0,3056.0,4016.0,4095.0,3376.0,3555.0,3501.0,1.44,8.88,4.68,-0.06,-0.01,-0.04,1.0,o
3916.0,3564.0,3071.0,4039.0,4095.0,3371.0,3554.0,3514.0,1.59,8.88,4.8,-0.05,-0.01,-0.04,1.0,o
3923.0,3568.0,3066.0,4035.0,4095.0,3371.0,3543.0,3525.0,1.5,8.89,4.69,-0.05,-0.01,-0.04,1.0,o
3921.0,3485.0,3085.0,4032.0,4095.0,3385.0,3551.0,3518.0,1.49,8.94,4.75,-0.1,-0.01,-0.04,1.0,o
3919.0,3578.0,3084.0,4037.0,4095.0,3370.0,3561.0,3507.0,1.58,8.86,4.88,-0.06,0.01,-0.02,1.0,o
3933.0,3539.0,3071.0,4037.0,4095.0,3385.0,3541.0,3537.0,1.55,8.9,4.64,-0.04,0.01,-0.02,1.0,o
3938.0,3581.0,3071.0,4023.0,4095.0,3375.0,3555.0,3511.0,1.56,8.9,4.76,-0.06,-0.01,-0.04,1.0,o
3902.0,3619.0,3060.0,4042.0,4095.0,3381.0,3549.0,3504.0,1.57,8.91,4.8,-0.04,-0.0,-0.05,1.0,o
3929.0,3628.0,3071.0,4048.0,4095.0,3389.0,3568.0,3523.0,1.63,8.85,4.82,-0.06,-0.06,-0.05,1.0,o
3887.0,3692.0,3031.0,3782.0,4095.0,3459.0,3545.0,3292.0,1.15,9.13,4.42,-0.13,0.03,-0.01,1.0,o
3856.0,3711.0,3044.0,3802.0,4095.0,3459.0,3550.0,3321.0,1.23,8.98,4.71,-0.08,0.03,-0.03,1.0,o
3877.0,3707.0,3037.0,3826.0,4095.0,3479.0,3561.0,3335.0,1.18,9.04,4.55,-0.1,-0.01,-0.03,1.0,o
3878.0,3706.0,3037.0,3818.0,4095.0,3490.0,3565.0,3326.0,1.13,9.0,4.52,-0.08,0.0,-0.03,1.0,o
3882.0,3713.0,3043.0,3839.0,4095.0,3485.0,3562.0,3326.0,1.29,8.97,4.62,-0.05,0.01,-0.03,1.0,o
3852.0,3691.0,3035.0,3845.0,4095.0,3487.0,3568.0,3319.0,1.2,9.05,4.61,-0.07,-0.01,-0.05,1.0,o
3886.0,3706.0,3038.0,3835.0,4095.0,3501.0,3573.0,3326.0,1.31,8.95,4.76,-0.05,-0.03,-0.03,1.0,o
3863.0,3711.0,3037.0,3846.0,4095.0,3493.0,3583.0,3329.0,1.3,8.98,4.54,-0.04,-0.03,-0.03,1.0,o
3865.0,3701.0,3030.0,3856.0,4095.0,3501.0,3583.0,3296.0,1.3,8.93,4.65,-0.06,-0.01,-0.04,1.0,o
3863.0,3699.0,3026.0,3866.0,4095.0,3503.0,3581.0,3319.0,0.92,8.89,4.79,-0.13,-0.0,-0.01,1.0,o
3865.0,3694.0,3039.0,3847.0,4095.0,3504.0,3573.0,3327.0,1.29,9.08,4.7,-0.05,0.02,-0.02,1.0,o
3871.0,3696.0,3024.0,3875.0,4095.0,3503.0,3582.0,3317.0,1.18,8.92,4.64,-0.07,-0.01,-0.02,1.0,o
3882.0,3691.0,3039.0,3872.0,4095.0,3509.0,3582.0,3339.0,1.22,9.01,4.71,-0.09,-0.03,-0.0,1.0,o
3859.0,3706.0,3041.0,3878.0,4095.0,3505.0,3583.0,3333.0,1.19,8.88,4.78,-0.04,-0.03,-0.04,1.0,o
3859.0,3681.0,3043.0,3874.0,4095.0,3519.0,3599.0,3378.0,1.41,8.98,4.54,-0.03,-0.01,-0.01,1.0,o
3863.0,3699.0,3038.0,3853.0,4095.0,3520.0,3583.0,3312.0,1.22,8.95,4.63,-0.05,-0.01,-0.04,1.0,o
3855.0,3697.0,3043.0,3879.0,4095.0,3505.0,3601.0,3314.0,1.19,9.07,4.65,-0.07,-0.01,-0.01,1.0,o
3861.0,3719.0,3037.0,3851.0,4095.0,3518.0,3583.0,3349.0,1.34,8.95,4.74,-0.03,0.0,-0.02,1.0,o
3859.0,3703.0,3029.0,3853.0,4095.0,3517.0,3603.0,3350.0,1.37,8.93,4.66,-0.05,-0.01,-0.01,1.0,o
3849.0,3718.0,3026.0,3856.0,4095.0,3503.0,3597.0,3347.0,1.37,8.89,4.56,-0.04,0.02,-0.03,1.0,o
3935.0,3216.0,3063.0,3729.0,4092.0,3323.0,3603.0,3298.0,1.06,9.33,4.11,-0.1,0.0,-0.01,1.0,o
3949.0,3218.0,3049.0,3745.0,4095.0,3326.0,3611.0,3307.0,1.26,9.09,4.4,-0.05,-0.04,-0.03,1.0,o
3942.0,3213.0,3050.0,3752.0,4095.0,3334.0,3613.0,3263.0,1.07,9.28,3.94,-0.08,-0.04,-0.03,1.0,o
3955.0,3207.0,3056.0,3742.0,4091.0,3330.0,3620.0,3231.0,1.17,9.21,4.29,-0.06,-0.01,-0.03,1.0,o
3952.0,3264.0,3056.0,3760.0,4082.0,3335.0,3625.0,3233.0,1.0,9.17,4.13,-0.08,-0.01,-0.01,1.0,o
3946.0,3217.0,3050.0,3744.0,4095.0,3330.0,3626.0,3202.0,1.17,9.27,4.13,-0.07,0.02,-0.04,1.0,o
3936.0,3215.0,3050.0,3758.0,4087.0,3344.0,3627.0,3221.0,1.12,9.2,4.18,-0.08,0.02,-0.02,1.0,o
3954.0,3264.0,3050.0,3771.0,4095.0,3350.0,3632.0,3216.0,1.19,9.27,4.19,-0.07,0.03,-0.02,1.0,o
3959.0,3202.0,3056.0,3772.0,4095.0,3339.0,3638.0,3219.0,1.19,9.17,4.24,-0.06,-0.0,-0.03,1.0,o
3943.0,3205.0,3046.0,3785.0,4095.0,3344.0,3622.0,3236.0,1.18,9.26,4.07,-0.09,-0.02,-0.05,1.0,o
3946.0,3216.0,3051.0,3781.0,4095.0,3346.0,3642.0,3326.0,1.22,9.18,4.32,-0.08,-0.02,-0.02,1.0,o
3920.0,3205.0,3050.0,3780.0,4095.0,3344.0,3632.0,3368.0,1.14,9.21,4.13,-0.07,-0.01,-0.03,1.0,o
3922.0,3175.0,3058.0,3792.0,4095.0,3341.0,3649.0,3364.0,1.12,9.17,4.21,-0.1,-0.02,-0.03,1.0,o
3917.0,3216.0,3061.0,3792.0,4095.0,3350.0,3629.0,3360.0,1.2,9.23,4.29,-0.07,-0.0,-0.04,1.0,o
3921.0,3223.0,3050.0,3789.0,4094.0,3353.0,3629.0,3343.0,1.22,9.24,4.24,-0.07,0.01,-0.03,1.0,o
3915.0,3216.0,3057.0,3782.0,4095.0,3344.0,3637.0,3357.0,1.21,9.18,4.25,-0.07,0.01,-0.03,1.0,o
3920.0,3218.0,3055.0,3785.0,4095.0,3355.0,3635.0,3372.0,1.1,9.18,4.26,-0.1,0.02,-0.05,1.0,o
3918.0,3207.0,3056.0,3790.0,4095.0,3354.0,3632.0,3375.0,1.32,9.14,4.46,-0.05,0.0,-0.03,1.0,o
3939.0,3216.0,3056.0,3792.0,4095.0,3362.0,3637.0,3397.0,1.23,9.14,4.25,-0.07,-0.02,-0.04,1.0,o
3918.0,3184.0,3047.0,3789.0,4095.0,3365.0,3654.0,3370.0,1.11,9.12,4.34,-0.06,-0.0,-0.04,1.0,o
1199.0,4015.0,3044.0,3421.0,4095.0,3237.0,3359.0,3139.0,1.12,9.24,4.26,-0.09,-0.01,-0.01,1.0,o
1176.0,4018.0,3045.0,3431.0,4091.0,3245.0,3375.0,3136.0,1.24,9.19,4.27,-0.05,-0.01,-0.05,1.0,o
1168.0,4030.0,3043.0,3444.0,4095.0,3247.0,3375.0,3136.0,1.07,9.21,4.25,-0.07,-0.03,-0.04,1.0,o
1168.0,3990.0,3038.0,3441.0,4095.0,3248.0,3375.0,3133.0,1.13,9.22,4.27,-0.06,-0.01,-0.05,1.0,o
1168.0,4039.0,3045.0,3442.0,4095.0,3252.0,3379.0,3119.0,1.11,9.16,4.21,-0.05,-0.0,-0.04,1.0,o
1171.0,4025.0,3039.0,3450.0,4095.0,3262.0,3385.0,3163.0,1.01,9.23,4.35,-0.1,0.0,-0.02,1.0,o
1159.0,4022.0,3051.0,3455.0,4095.0,3264.0,3379.0,3139.0,1.16,9.11,4.31,-0.04,-0.0,-0.02,1.0,o
1154.0,4043.0,3046.0,3470.0,4095.0,3265.0,3377.0,3152.0,1.19,9.2,4.25,-0.06,-0.02,-0.03,1.0,o
1161.0,4023.0,3043.0,3462.0,4095.0,3264.0,3376.0,3184.0,1.17,9.14,4.32,-0.05,0.0,-0.03,1.0,o
1152.0,3845.0,3037.0,3461.0,4095.0,3261.0,3395.0,3162.0,1.17,9.16,4.26,-0.05,-0.02,-0.03,1.0,o
1159.0,4046.0,3039.0,3466.0,4095.0,3266.0,3386.0,3175.0,1.14,9.17,4.15,-0.07,-0.01,-0.04,1.0,o
1165.0,4013.0,3049.0,3472.0,4095.0,3269.0,3390.0,3181.0,1.16,9.15,4.17,-0.06,0.0,-0.03,1.0,o
1163.0,3994.0,3054.0,3471.0,4095.0,3264.0,3397.0,3158.0,1.1,9.19,4.34,-0.09,0.01,-0.04,1.0,o
1163.0,3981.0,3039.0,3471.0,4095.0,3267.0,3394.0,3184.0,1.15,9.12,4.29,-0.06,0.0,-0.04,1.0,o
1148.0,3947.0,3049.0,3483.0,4095.0,3277.0,3403.0,3200.0,1.28,9.18,4.18,-0.09,0.01,-0.05,1.0,o
1159.0,4011.0,3039.0,3475.0,4095.0,3271.0,3403.0,3200.0,1.04,9.13,4.35,-0.08,-0.02,-0.05,1.0,o
1154.0,4016.0,3043.0,3489.0,4095.0,3280.0,3404.0,3214.0,1.14,9.14,4.37,-0.06,-0.02,-0.02,1.0,o
1151.0,4029.0,3045.0,3471.0,4095.0,3274.0,3390.0,3196.0,1.21,9.15,4.42,-0.03,0.02,-0.04,1.0,o
1157.0,4029.0,3047.0,3488.0,4095.0,3280.0,3405.0,3219.0,1.17,9.13,4.23,-0.05,-0.01,-0.03,1.0,o
1151.0,4033.0,3040.0,3486.0,4095.0,3282.0,3401.0,3218.0,1.11,9.14,4.31,-0.08,0.01,-0.05,1.0,o
3381.0,3967.0,3050.0,3654.0,4032.0,3218.0,3358.0,3306.0,1.11,9.23,4.09,-0.1,0.03,-0.0,1.0,o
3382.0,3971.0,3047.0,3681.0,4029.0,3230.0,3374.0,3280.0,1.35,9.28,4.24,-0.03,-0.0,-0.05,1.0,o
3369.0,3967.0,3043.0,3715.0,4048.0,3249.0,3370.0,3322.0,1.17,9.26,4.1,-0.08,-0.01,-0.02,1.0,o
3373.0,3981.0,3045.0,3727.0,4049.0,3253.0,3379.0,3326.0,1.16,9.27,4.1,-0.05,-0.03,-0.06,1.0,o
3344.0,3963.0,3055.0,3717.0,4064.0,3264.0,3378.0,3294.0,1.21,9.21,4.08,-0.06,-0.02,-0.06,1.0,o
3344.0,3947.0,3047.0,3731.0,4064.0,3263.0,3390.0,3309.0,1.27,9.24,4.13,-0.05,0.0,-0.03,1.0,o
3353.0,3978.0,3041.0,3734.0,4077.0,3264.0,3387.0,3328.0,1.23,9.22,4.2,-0.05,-0.03,-0.04,1.0,o
3328.0,3968.0,3054.0,3760.0,4071.0,3271.0,3383.0,3386.0,1.27,9.18,4.19,-0.04,-0.03,-0.01,1.0,o
3342.0,3780.0,3039.0,3795.0,4070.0,3280.0,3391.0,3363.0,1.3,9.19,4.09,-0.05,-0.0,-0.01,1.0,o
3330.0,3949.0,3050.0,3777.0,4069.0,3279.0,3386.0,3344.0,1.28,9.17,4.1,-0.06,0.0,-0.01,1.0,o
3322.0,3972.0,3051.0,3772.0,4095.0,3281.0,3387.0,3332.0,1.31,9.2,4.14,-0.09,-0.0,-0.03,1.0,o
3323.0,3984.0,3053.0,3776.0,4095.0,3283.0,3407.0,3342.0,1.37,9.21,4.16,-0.05,-0.02,-0.04,1.0,o
3328.0,3966.0,3041.0,3782.0,4095.0,3289.0,3393.0,3351.0,1.32,9.23,4.05,-0.08,-0.01,-0.04,1.0,o
3339.0,3977.0,3061.0,3792.0,4083.0,3280.0,3392.0,3355.0,1.31,9.2,4.23,-0.07,0.02,-0.04,1.0,o
3330.0,3967.0,3043.0,3783.0,4094.0,3286.0,3393.0,3344.0,1.31,9.24,4.16,-0.07,-0.03,-0.04,1.0,o
3325.0,3975.0,3046.0,3781.0,4091.0,3286.0,3408.0,3333.0,1.26,9.19,4.1,-0.06,-0.0,-0.04,1.0,o
3341.0,3959.0,3051.0,3802.0,4083.0,3293.0,3401.0,3346.0,1.3,9.17,4.12,-0.07,0.0,-0.03,1.0,o
3335.0,3958.0,3043.0,3799.0,4083.0,3287.0,3408.0,3323.0,1.27,9.21,4.22,-0.1,-0.0,-0.05,1.0,o
3338.0,3949.0,3046.0,3776.0,4093.0,3285.0,3401.0,3338.0,1.24,9.19,4.27,-0.06,0.01,-0.04,1.0,o
3334.0,3947.0,3046.0,3795.0,4094.0,3293.0,3402.0,3325.0,1.34,9.18,4.2,-0.07,-0.0,-0.04,1.0,o
2215.0,3693.0,2996.0,3680.0,4056.0,3458.0,3488.0,3286.0,1.07,9.1,4.41,-0.05,-0.01,-0.04,1.0,o
2219.0,3746.0,3008.0,3683.0,4039.0,3457.0,3486.0,3294.0,1.04,9.15,4.46,-0.07,0.01,-0.05,1.0,o
2208.0,3728.0,3011.0,3689.0,4053.0,3458.0,3488.0,3280.0,0.93,9.02,4.6,-0.1,0.02,-0.03,1.0,o
2207.0,3733.0,2992.0,3698.0,4069.0,3455.0,3499.0,3286.0,1.01,9.09,4.3,-0.08,-0.0,-0.05,1.0,o
2218.0,3743.0,2995.0,3713.0,4054.0,3459.0,3493.0,3286.0,0.9,9.07,4.44,-0.09,0.04,-0.04,1.0,o
2218.0,3732.0,3003.0,3717.0,4062.0,3462.0,3495.0,3296.0,0.93,9.14,4.46,-0.08,0.03,-0.01,1.0,o
2209.0,3571.0,3007.0,3711.0,4078.0,3470.0,3503.0,3283.0,1.04,9.09,4.46,-0.08,0.03,-0.03,1.0,o
2192.0,3741.0,2999.0,3728.0,4073.0,3456.0,3495.0,3297.0,1.07,9.06,4.3,-0.07,0.01,-0.04,1.0,o
2192.0,3757.0,3007.0,3741.0,4057.0,3460.0,3509.0,3283.0,0.96,9.16,4.6,-0.07,-0.02,-0.05,1.0,o
2178.0,3747.0,3013.0,3758.0,4077.0,3466.0,3494.0,3297.0,0.96,9.13,4.44,-0.02,-0.0,-0.04,1.0,o
2161.0,3763.0,3003.0,3746.0,4077.0,3454.0,3502.0,3301.0,1.0,9.11,4.41,-0.05,-0.03,-0.04,1.0,o
2163.0,3743.0,3008.0,3753.0,4083.0,3470.0,3501.0,3300.0,0.98,9.06,4.37,-0.04,-0.03,-0.05,1.0,o
2155.0,3714.0,3002.0,3747.0,4077.0,3461.0,3504.0,3294.0,1.03,9.09,4.47,-0.08,-0.04,-0.04,1.0,o
2156.0,3744.0,3005.0,3744.0,4087.0,3471.0,3504.0,3301.0,0.97,9.11,4.53,-0.04,-0.02,-0.03,1.0,o
2160.0,3738.0,3011.0,3755.0,4077.0,3472.0,3505.0,3311.0,1.06,9.1,4.3,-0.06,-0.04,-0.03,1.0,o
2158.0,3745.0,3006.0,3770.0,4080.0,3471.0,3504.0,3313.0,1.01,9.04,4.51,-0.07,0.01,-0.02,1.0,o
2160.0,3759.0,3010.0,3765.0,4095.0,3459.0,3504.0,3298.0,0.97,9.09,4.32,-0.14,-0.01,-0.0,1.0,o
2128.0,3666.0,3016.0,3760.0,4095.0,3477.0,3509.0,3297.0,1.05,9.02,4.57,-0.06,0.03,-0.04,1.0,o
2125.0,3748.0,2999.0,3742.0,4073.0,3468.0,3499.0,3301.0,1.02,9.16,4.46,-0.07,0.06,-0.03,1.0,o
2127.0,3786.0,3008.0,3741.0,4087.0,3470.0,3503.0,3318.0,1.09,9.04,4.54,-0.06,-0.02,-0.04,1.0,o
3732.0,4013.0,3071.0,3693.0,4095.0,3395.0,3541.0,3183.0,1.06,9.08,4.22,-0.08,0.02,0.0,1.0,o
3727.0,3979.0,3084.0,3691.0,4095.0,3403.0,3541.0,3216.0,1.31,9.11,4.46,-0.08,-0.04,-0.05,1.0,o
3725.0,3967.0,3063.0,3714.0,4095.0,3393.0,3553.0,3213.0,1.04,9.09,4.26,-0.11,-0.01,-0.05,1.0,o
3733.0,3981.0,3058.0,3710.0,4095.0,3397.0,3537.0,3231.0,1.02,9.09,4.55,-0.11,-0.06,-0.02,1.0,o
3728.0,4049.0,3065.0,3727.0,4095.0,3423.0,3537.0,3216.0,1.16,9.01,4.49,-0.07,0.01,0.01,1.0,o
3728.0,4032.0,3057.0,3716.0,4095.0,3409.0,3548.0,3244.0,1.26,9.15,4.44,-0.07,0.05,-0.01,1.0,o
3721.0,3971.0,3071.0,3726.0,4095.0,3417.0,3557.0,3245.0,1.18,9.05,4.61,-0.07,0.01,-0.03,1.0,o
3715.0,3990.0,3061.0,3727.0,4095.0,3407.0,3550.0,3248.0,1.14,9.02,4.45,-0.09,-0.0,-0.03,1.0,o
3712.0,3955.0,3070.0,3717.0,4095.0,3411.0,3555.0,3244.0,1.28,9.05,4.63,-0.05,-0.01,-0.01,1.0,o
3728.0,3962.0,3069.0,3740.0,4095.0,3419.0,3556.0,3253.0,1.3,9.02,4.5,-0.04,-0.03,-0.02,1.0,o
3705.0,4009.0,3071.0,3738.0,4095.0,3408.0,3543.0,3251.0,1.23,9.14,4.27,-0.08,-0.02,-0.04,1.0,o
3707.0,3975.0,3056.0,3745.0,4095.0,3410.0,3567.0,3277.0,1.29,9.09,4.48,-0.08,0.03,-0.02,1.0,o
3710.0,3977.0,3071.0,3750.0,4095.0,3411.0,3559.0,3280.0,1.28,9.06,4.49,-0.05,0.01,-0.03,1.0,o
3695.0,3990.0,3061.0,3760.0,4095.0,3415.0,3557.0,3267.0,1.25,9.12,4.49,-0.08,-0.01,-0.05,1.0,o
3728.0,3984.0,3067.0,3771.0,4095.0,3430.0,3565.0,3283.0,1.23,9.11,4.48,-0.04,-0.01,-0.04,1.0,o
3707.0,3966.0,3083.0,3763.0,4095.0,3413.0,3556.0,3280.0,1.29,9.04,4.51,-0.04,-0.03,-0.04,1.0,o
3712.0,3965.0,3069.0,3765.0,4095.0,3418.0,3557.0,3285.0,1.27,9.11,4.44,-0.04,-0.03,-0.03,1.0,o
3719.0,3984.0,3071.0,3769.0,4095.0,3417.0,3567.0,3281.0,1.37,9.09,4.31,-0.04,-0.0,-0.05,1.0,o
3718.0,3984.0,3063.0,3789.0,4095.0,3427.0,3568.0,3282.0,1.27,9.07,4.53,-0.06,-0.03,-0.03,1.0,o
3705.0,3995.0,3071.0,3760.0,4095.0,3419.0,3557.0,3285.0,1.31,9.09,4.46,-0.04,-0.01,-0.03,1.0,o
3887.0,3166.0,3057.0,3536.0,4058.0,3427.0,3574.0,3243.0,0.95,9.08,4.58,-0.09,0.05,-0.04,1.0,o
3867.0,3234.0,3062.0,3541.0,4059.0,3450.0,3563.0,3217.0,0.96,9.06,4.51,-0.07,-0.02,-0.02,1.0,o
3889.0,3225.0,3069.0,3553.0,4081.0,3444.0,3583.0,3235.0,1.04,9.11,4.56,-0.06,-0.04,-0.02,1.0,o
3873.0,3229.0,3071.0,3574.0,4067.0,3454.0,3572.0,3230.0,0.91,8.93,4.29,-0.07,0.01,-0.03,1.0,o
3888.0,3250.0,3070.0,3569.0,4080.0,3450.0,3579.0,3251.0,0.85,9.08,4.79,-0.15,-0.06,0.0,1.0,o
3869.0,3238.0,3059.0,3599.0,4095.0,3455.0,3600.0,3235.0,0.86,9.04,4.66,-0.04,0.03,-0.01,1.0,o
3875.0,3219.0,3062.0,3605.0,4087.0,3456.0,3582.0,3251.0,0.95,9.01,4.5,-0.07,0.06,-0.01,1.0,o
3850.0,3235.0,3069.0,3583.0,4095.0,3452.0,3605.0,3250.0,0.91,9.02,4.73,-0.09,-0.0,-0.01,1.0,o
3887.0,3232.0,3084.0,3598.0,4091.0,3459.0,3607.0,3251.0,0.95,8.96,4.69,-0.08,-0.0,0.01,1.0,o
3858.0,3229.0,3071.0,3599.0,4095.0,3446.0,3600.0,3237.0,1.04,8.98,4.64,-0.05,-0.01,-0.01,1.0,o
3855.0,3397.0,3070.0,3583.0,4081.0,3440.0,3583.0,3269.0,1.16,9.04,4.54,-0.03,0.01,-0.01,1.0,o
3862.0,3244.0,3081.0,3607.0,4080.0,3440.0,3597.0,3263.0,1.16,9.07,4.45,-0.05,-0.01,-0.03,1.0,o
3866.0,3231.0,3068.0,3607.0,4081.0,3430.0,3601.0,3266.0,1.11,8.99,4.52,-0.08,0.01,-0.03,1.0,o
3877.0,3216.0,3070.0,3600.0,4062.0,3408.0,3571.0,3245.0,1.18,8.99,4.68,-0.09,-0.03,-0.04,1.0,o
3874.0,3230.0,3067.0,3602.0,4054.0,3408.0,3582.0,3259.0,1.14,8.94,4.67,-0.05,-0.03,-0.04,1.0,o
3869.0,3221.0,3058.0,3623.0,4055.0,3422.0,3577.0,3269.0,1.2,8.99,4.56,-0.06,0.01,-0.03,1.0,o
3851.0,3134.0,3070.0,3605.0,4075.0,3414.0,3581.0,3258.0,1.01,9.0,4.59,-0.08,-0.01,-0.04,1.0,o
3866.0,3250.0,3071.0,3606.0,4078.0,3434.0,3583.0,3242.0,1.13,9.0,4.73,-0.07,-0.03,-0.03,1.0,o
3930.0,3218.0,3059.0,3603.0,4075.0,3455.0,3603.0,3243.0,1.13,8.99,4.59,-0.04,-0.03,-0.03,1.0,o
3886.0,3216.0,3070.0,3599.0,4095.0,3441.0,3604.0,3264.0,1.18,9.03,4.53,-0.07,0.01,-0.04,1.0,o
3263.0,3229.0,3211.0,3435.0,3987.0,3175.0,3456.0,3008.0,1.2,8.85,4.92,-0.05,0.03,-0.03,1.0,o
3233.0,3239.0,3207.0,3445.0,3971.0,3171.0,3438.0,3067.0,1.2,8.94,4.72,-0.04,0.06,-0.05,1.0,o
3216.0,3239.0,3197.0,3453.0,3983.0,3170.0,3456.0,3069.0,1.25,8.8,4.95,-0.09,0.0,-0.03,1.0,o
3221.0,3232.0,3194.0,3450.0,4013.0,3175.0,3467.0,3081.0,1.11,8.83,4.81,-0.07,0.03,-0.07,1.0,o
3200.0,3230.0,3206.0,3467.0,3989.0,3182.0,3467.0,3086.0,1.01,8.83,5.09,-0.09,-0.02,-0.02,1.0,o
3195.0,3248.0,3209.0,3472.0,3998.0,3184.0,3476.0,3094.0,1.22,8.92,4.96,-0.06,-0.0,-0.01,1.0,o
3190.0,3268.0,3209.0,3473.0,4013.0,3187.0,3472.0,3106.0,1.23,8.83,4.86,-0.05,0.03,-0.01,1.0,o
3211.0,3248.0,3205.0,3478.0,4036.0,3190.0,3486.0,3069.0,1.27,8.87,4.79,-0.06,0.0,-0.03,1.0,o
3218.0,3237.0,3216.0,3490.0,4032.0,3187.0,3482.0,3116.0,1.27,8.81,5.02,-0.07,-0.03,-0.03,1.0,o
3235.0,3225.0,3202.0,3477.0,4022.0,3189.0,3472.0,3142.0,1.19,8.87,4.88,-0.02,-0.03,-0.03,1.0,o
3210.0,3258.0,3205.0,3482.0,4022.0,3191.0,3491.0,3197.0,1.23,8.79,4.83,-0.07,-0.0,-0.02,1.0,o
3216.0,3248.0,3190.0,3483.0,4011.0,3200.0,3478.0,3203.0,1.24,8.78,4.94,-0.04,0.01,-0.04,1.0,o
3198.0,3253.0,3216.0,3504.0,4028.0,3201.0,3477.0,3197.0,1.29,8.86,4.89,-0.06,0.0,-0.05,1.0,o
3184.0,3247.0,3211.0,3485.0,4027.0,3194.0,3474.0,3200.0,1.35,8.9,4.77,-0.06,-0.03,-0.02,1.0,o
3189.0,3247.0,3214.0,3478.0,4029.0,3193.0,3472.0,3198.0,1.21,8.87,4.87,-0.07,-0.01,-0.04,1.0,o
3200.0,3241.0,3213.0,3497.0,4034.0,3197.0,3475.0,3226.0,1.13,8.84,4.84,-0.05,0.07,-0.02,1.0,o
3186.0,3238.0,3216.0,3491.0,4031.0,3197.0,3486.0,3248.0,1.28,8.84,5.04,-0.08,0.02,-0.02,1.0,o
3182.0,3232.0,3205.0,3491.0,4043.0,3202.0,3482.0,3248.0,1.38,8.89,4.99,-0.06,-0.02,-0.03,1.0,o
3187.0,3249.0,3200.0,3481.0,4029.0,3201.0,3488.0,3280.0,1.22,8.78,4.93,-0.03,-0.02,-0.04,1.0,o
3183.0,3243.0,3201.0,3495.0,4018.0,3199.0,3479.0,3281.0,1.24,8.74,4.92,-0.07,-0.01,-0.02,1.0,o
996.0,3319.0,3050.0,3709.0,4085.0,3358.0,3559.0,3428.0,0.08,9.58,3.28,-0.02,0.01,-0.05,1.0,o
991.0,3328.0,3047.0,3696.0,4079.0,3371.0,3564.0,3417.0,0.03,9.53,3.44,-0.08,-0.04,-0.02,1.0,o
997.0,3326.0,3043.0,3720.0,4090.0,3371.0,3563.0,3397.0,0.36,9.57,3.51,-0.04,-0.01,0.03,1.0,o
999.0,3332.0,3045.0,3707.0,4084.0,3369.0,3578.0,3410.0,0.33,9.51,3.53,-0.06,0.01,-0.01,1.0,o
985.0,3334.0,3047.0,3712.0,4075.0,3359.0,3573.0,3423.0,0.39,9.55,3.38,-0.07,0.01,-0.01,1.0,o
988.0,3328.0,3047.0,3707.0,4087.0,3373.0,3566.0,3427.0,0.22,9.5,3.43,-0.06,0.02,-0.01,1.0,o
976.0,3343.0,3046.0,3718.0,4078.0,3364.0,3568.0,3425.0,0.28,9.52,3.44,-0.06,0.01,-0.02,1.0,o
979.0,3334.0,3047.0,3719.0,4090.0,3362.0,3564.0,3421.0,0.44,9.46,3.64,-0.07,-0.04,-0.02,1.0,o
985.0,3328.0,3052.0,3710.0,4080.0,3370.0,3563.0,3405.0,0.34,9.53,3.41,-0.05,0.01,-0.07,1.0,o
983.0,3342.0,3051.0,3717.0,4085.0,3364.0,3572.0,3427.0,0.14,9.55,3.4,-0.07,-0.04,-0.03,1.0,o
976.0,3342.0,3047.0,3728.0,4083.0,3371.0,3565.0,3406.0,0.36,9.5,3.61,-0.08,-0.0,-0.01,1.0,o
990.0,3335.0,3043.0,3727.0,4095.0,3372.0,3568.0,3410.0,0.36,9.52,3.48,-0.06,0.0,-0.04,1.0,o
987.0,3341.0,3039.0,3721.0,4095.0,3375.0,3570.0,3406.0,0.2,9.49,3.43,-0.1,0.0,-0.02,1.0,o
987.0,3344.0,3042.0,3725.0,4084.0,3379.0,3571.0,3426.0,0.5,9.48,3.62,-0.05,-0.01,-0.0,1.0,o
1003.0,3350.0,3041.0,3711.0,4081.0,3382.0,3571.0,3427.0,0.42,9.45,3.56,-0.06,-0.02,-0.04,1.0,o
1035.0,3354.0,3043.0,3717.0,4095.0,3387.0,3577.0,3415.0,0.29,9.5,3.51,-0.05,0.02,-0.01,1.0,o
1059.0,3355.0,3061.0,3722.0,4095.0,3403.0,3580.0,3418.0,0.42,9.48,3.6,-0.06,-0.01,-0.02,1.0,o
1066.0,3356.0,3051.0,3717.0,4093.0,3406.0,3583.0,3424.0,0.45,9.47,3.58,-0.08,-0.0,-0.02,1.0,o
1067.0,3353.0,3043.0,3728.0,4094.0,3406.0,3582.0,3437.0,0.34,9.46,3.66,-0.06,-0.01,-0.03,1.0,o
1042.0,3358.0,3041.0,3731.0,4095.0,3408.0,3579.0,3418.0,0.52,9.51,3.48,-0.05,0.01,-0.03,1.0,o
977.0,3975.0,3088.0,3807.0,4095.0,3392.0,3423.0,3105.0,0.45,9.59,3.43,-0.07,0.0,-0.05,1.0,o
979.0,3967.0,3093.0,3796.0,4095.0,3399.0,3424.0,3131.0,0.42,9.51,3.5,-0.06,0.01,-0.02,1.0,o
989.0,3975.0,3101.0,3821.0,4095.0,3403.0,3437.0,3145.0,0.63,9.48,3.55,-0.05,0.02,-0.02,1.0,o
992.0,3955.0,3093.0,3837.0,4095.0,3408.0,3426.0,3166.0,0.63,9.45,3.64,-0.03,0.0,-0.01,1.0,o
989.0,3953.0,3090.0,3831.0,4095.0,3415.0,3429.0,3144.0,0.66,9.48,3.57,-0.06,-0.03,-0.04,1.0,o
978.0,3993.0,3093.0,3839.0,4095.0,3408.0,3427.0,3145.0,0.54,9.43,3.66,-0.07,-0.01,-0.03,1.0,o
977.0,3951.0,3088.0,3841.0,4095.0,3408.0,3442.0,3135.0,0.62,9.47,3.59,-0.05,0.01,-0.02,1.0,o
976.0,3962.0,3100.0,3839.0,4095.0,3426.0,3446.0,3125.0,0.59,9.45,3.69,-0.08,-0.02,-0.03,1.0,o
978.0,3963.0,3098.0,3846.0,4095.0,3422.0,3442.0,3071.0,0.55,9.46,3.6,-0.06,-0.02,-0.04,1.0,o
981.0,3964.0,3087.0,3856.0,4095.0,3431.0,3451.0,3136.0,0.62,9.47,3.57,-0.08,-0.03,-0.05,1.0,o
993.0,3961.0,3089.0,3839.0,4095.0,3418.0,3443.0,3184.0,0.61,9.46,3.62,-0.07,-0.04,-0.03,1.0,o
982.0,3967.0,3104.0,3851.0,4095.0,3428.0,3447.0,3152.0,0.66,9.48,3.62,-0.08,-0.0,-0.04,1.0,o
980.0,3973.0,3095.0,3847.0,4095.0,3430.0,3442.0,3188.0,0.61,9.4,3.71,-0.06,0.01,-0.04,1.0,o
975.0,3950.0,3089.0,3863.0,4095.0,3429.0,3450.0,3216.0,0.69,9.42,3.73,-0.05,-0.02,-0.05,1.0,o
986.0,3962.0,3091.0,3839.0,4095.0,3430.0,3446.0,3184.0,0.59,9.46,3.61,-0.05,-0.04,-0.06,1.0,o
987.0,3984.0,3089.0,3866.0,4095.0,3429.0,3446.0,3182.0,0.6,9.45,3.66,-0.07,-0.03,-0.04,1.0,o
982.0,3963.0,3089.0,3863.0,4095.0,3427.0,3451.0,3194.0,0.56,9.45,3.65,-0.07,0.01,-0.02,1.0,o
978.0,3974.0,3092.0,3856.0,4095.0,3425.0,3452.0,3199.0,0.71,9.48,3.57,-0.05,0.01,-0.04,1.0,o
982.0,3965.0,3084.0,3873.0,4095.0,3439.0,3454.0,3214.0,0.6,9.44,3.68,-0.07,0.01,-0.04,1.0,o
973.0,3962.0,3095.0,3871.0,4095.0,3431.0,3461.0,3169.0,0.58,9.47,3.6,-0.06,-0.0,-0.04,1.0,o
1651.0,3824.0,3024.0,3551.0,4041.0,3355.0,3419.0,3157.0,0.43,9.65,3.14,-0.09,-0.02,-0.03,1.0,o
1607.0,3856.0,3037.0,3567.0,4039.0,3361.0,3425.0,3158.0,0.6,9.56,3.34,-0.04,0.0,-0.0,1.0,o
1605.0,3829.0,3037.0,3562.0,4032.0,3359.0,3431.0,3154.0,0.54,9.54,3.27,-0.07,-0.01,-0.01,1.0,o
1602.0,3813.0,3033.0,3574.0,4045.0,3361.0,3431.0,3153.0,0.69,9.58,3.36,-0.07,0.02,-0.03,1.0,o
1603.0,3835.0,3024.0,3582.0,4079.0,3369.0,3431.0,3152.0,0.47,9.58,3.32,-0.05,-0.04,-0.05,1.0,o
1608.0,3833.0,3026.0,3578.0,4043.0,3381.0,3431.0,3152.0,0.5,9.57,3.26,-0.05,0.02,-0.01,1.0,o
1597.0,3819.0,3031.0,3583.0,4065.0,3376.0,3432.0,3175.0,0.66,9.61,3.19,-0.08,0.03,-0.04,1.0,o
1605.0,3822.0,3033.0,3583.0,4052.0,3381.0,3438.0,3183.0,0.57,9.53,3.39,-0.05,0.03,-0.03,1.0,o
1631.0,3837.0,3027.0,3598.0,4068.0,3367.0,3431.0,3184.0,0.66,9.6,3.28,-0.06,-0.01,-0.03,1.0,o
1625.0,3910.0,3024.0,3610.0,4080.0,3379.0,3430.0,3165.0,0.6,9.59,3.35,-0.07,-0.02,-0.03,1.0,o
1625.0,3831.0,3031.0,3601.0,4074.0,3379.0,3439.0,3141.0,0.65,9.56,3.35,-0.07,-0.02,-0.04,1.0,o
1602.0,3830.0,3041.0,3607.0,4089.0,3376.0,3449.0,3174.0,0.5,9.52,3.47,-0.05,-0.02,-0.04,1.0,o
1611.0,3846.0,3024.0,3619.0,4091.0,3383.0,3440.0,3184.0,0.7,9.58,3.29,-0.05,-0.01,-0.03,1.0,o
1632.0,3809.0,3024.0,3615.0,4065.0,3377.0,3437.0,3205.0,0.6,9.57,3.34,-0.06,-0.01,-0.04,1.0,o
1641.0,3836.0,3039.0,3621.0,4077.0,3375.0,3445.0,3203.0,0.54,9.56,3.31,-0.05,-0.02,-0.03,1.0,o
1635.0,3840.0,3043.0,3621.0,4078.0,3387.0,3453.0,3216.0,0.56,9.54,3.32,-0.08,-0.05,-0.03,1.0,o
1680.0,3836.0,3026.0,3632.0,4080.0,3381.0,3450.0,3189.0,0.61,9.54,3.36,-0.09,0.03,-0.01,1.0,o
1705.0,3826.0,3029.0,3625.0,4064.0,3383.0,3447.0,3184.0,0.62,9.53,3.44,-0.1,-0.01,-0.03,1.0,o
1713.0,3823.0,3034.0,3631.0,4078.0,3376.0,3450.0,3206.0,0.58,9.51,3.48,-0.05,0.0,-0.03,1.0,o
1791.0,3826.0,3031.0,3626.0,4069.0,3376.0,3450.0,3189.0,0.76,9.57,3.4,-0.04,-0.02,-0.03,1.0,o
997.0,3797.0,3022.0,3712.0,4091.0,3361.0,3423.0,3390.0,0.93,9.38,3.72,-0.07,0.05,-0.01,1.0,o
997.0,3786.0,3021.0,3728.0,4061.0,3350.0,3418.0,3402.0,0.97,9.44,3.66,-0.08,-0.02,-0.04,1.0,o
1005.0,3779.0,3021.0,3738.0,4051.0,3358.0,3413.0,3398.0,0.92,9.38,3.75,-0.11,-0.01,-0.01,1.0,o
999.0,3786.0,3031.0,3727.0,4055.0,3367.0,3422.0,3387.0,1.07,9.43,3.73,-0.09,-0.03,-0.02,1.0,o
989.0,3791.0,3024.0,3734.0,4062.0,3365.0,3431.0,3394.0,0.93,9.34,3.97,-0.07,0.03,-0.02,1.0,o
1003.0,3778.0,3024.0,3728.0,4054.0,3371.0,3431.0,3411.0,1.1,9.37,3.81,-0.04,0.07,-0.02,1.0,o
1008.0,3805.0,3021.0,3719.0,4061.0,3362.0,3427.0,3408.0,1.0,9.36,3.84,-0.08,-0.02,-0.04,1.0,o
1011.0,3927.0,3024.0,3729.0,4070.0,3373.0,3422.0,3403.0,1.1,9.37,3.84,-0.04,-0.02,-0.04,1.0,o
1004.0,3792.0,3029.0,3721.0,4048.0,3367.0,3414.0,3403.0,1.04,9.4,3.81,-0.05,0.01,-0.05,1.0,o
1006.0,3792.0,3024.0,3703.0,4061.0,3370.0,3415.0,3414.0,0.97,9.39,3.77,-0.04,0.03,-0.02,1.0,o
1007.0,3695.0,3024.0,3718.0,4066.0,3355.0,3429.0,3408.0,1.09,9.37,3.79,-0.08,-0.03,-0.05,1.0,o
999.0,3774.0,3019.0,3723.0,4056.0,3363.0,3421.0,3435.0,0.9,9.36,3.87,-0.07,-0.04,-0.04,1.0,o
999.0,3787.0,3023.0,3710.0,4061.0,3359.0,3435.0,3433.0,1.03,9.38,3.8,-0.07,0.03,-0.02,1.0,o
988.0,3790.0,3038.0,3729.0,4050.0,3360.0,3415.0,3439.0,0.96,9.31,3.98,-0.08,0.03,-0.03,1.0,o
999.0,3792.0,3022.0,3719.0,4053.0,3363.0,3421.0,3419.0,1.04,9.38,3.8,-0.05,0.0,-0.03,1.0,o
1001.0,3786.0,3013.0,3715.0,4048.0,3359.0,3420.0,3437.0,1.09,9.35,3.79,-0.06,-0.04,-0.04,1.0,o
992.0,3778.0,3024.0,3711.0,4034.0,3357.0,3415.0,3422.0,1.02,9.34,3.89,-0.05,-0.01,-0.04,1.0,o
990.0,3792.0,3013.0,3723.0,4048.0,3346.0,3422.0,3415.0,0.99,9.37,3.87,-0.06,0.0,-0.05,1.0,o
989.0,3798.0,3022.0,3698.0,4045.0,3349.0,3409.0,3401.0,0.91,9.34,3.86,-0.05,0.01,-0.04,1.0,o
997.0,3785.0,3019.0,3694.0,4065.0,3345.0,3408.0,3414.0,1.02,9.38,3.79,-0.08,-0.0,-0.04,1.0,o
1143.0,3719.0,3039.0,3440.0,3989.0,3313.0,3438.0,3899.0,0.6,9.51,3.48,-0.1,0.01,-0.01,1.0,o
1141.0,3725.0,3039.0,3456.0,4011.0,3323.0,3453.0,3911.0,0.57,9.53,3.53,-0.08,-0.01,-0.03,1.0,o
1142.0,3709.0,3037.0,3456.0,4030.0,3323.0,3443.0,3931.0,0.65,9.53,3.49,-0.06,-0.01,-0.04,1.0,o
1133.0,3714.0,3049.0,3469.0,4016.0,3321.0,3453.0,3925.0,0.57,9.47,3.55,-0.06,-0.04,-0.05,1.0,o
1120.0,3728.0,3035.0,3472.0,4022.0,3334.0,3456.0,3920.0,0.57,9.51,3.52,-0.07,-0.0,-0.02,1.0,o
1113.0,3729.0,3041.0,3479.0,4032.0,3332.0,3459.0,3931.0,0.52,9.47,3.57,-0.09,0.01,-0.03,1.0,o
1123.0,3735.0,3038.0,3483.0,4045.0,3338.0,3457.0,3935.0,0.6,9.48,3.55,-0.07,0.01,-0.03,1.0,o
1121.0,3730.0,3042.0,3499.0,4051.0,3337.0,3455.0,3940.0,0.54,9.49,3.55,-0.1,-0.03,-0.04,1.0,o
1118.0,3719.0,3038.0,3503.0,4048.0,3335.0,3458.0,3975.0,0.62,9.48,3.62,-0.04,0.08,-0.03,1.0,o
1101.0,3712.0,3046.0,3511.0,4032.0,3343.0,3459.0,3977.0,0.71,9.5,3.55,-0.06,-0.03,-0.04,1.0,o
1093.0,3757.0,3041.0,3510.0,4032.0,3344.0,3460.0,3984.0,0.52,9.45,3.6,-0.07,0.01,-0.03,1.0,o
1101.0,3707.0,3043.0,3520.0,4041.0,3343.0,3456.0,3991.0,0.5,9.43,3.65,-0.09,0.0,-0.03,1.0,o
1073.0,3733.0,3051.0,3523.0,4053.0,3344.0,3472.0,3983.0,0.68,9.46,3.66,-0.07,-0.04,-0.03,1.0,o
1075.0,3733.0,3049.0,3523.0,4050.0,3345.0,3471.0,3989.0,0.6,9.46,3.65,-0.06,0.0,-0.03,1.0,o
1069.0,3724.0,3034.0,3528.0,4049.0,3353.0,3472.0,3987.0,0.55,9.42,3.73,-0.08,-0.01,-0.03,1.0,o
1074.0,3726.0,3042.0,3533.0,4042.0,3346.0,3461.0,4029.0,0.72,9.46,3.64,-0.04,0.03,-0.03,1.0,o
1071.0,3742.0,3041.0,3537.0,4032.0,3358.0,3472.0,4023.0,0.63,9.45,3.68,-0.06,-0.02,-0.04,1.0,o
1062.0,3709.0,3049.0,3540.0,4048.0,3346.0,3472.0,4011.0,0.6,9.44,3.62,-0.06,0.01,-0.02,1.0,o
1065.0,3713.0,3044.0,3549.0,4043.0,3359.0,3477.0,4026.0,0.67,9.43,3.72,-0.06,-0.01,-0.04,1.0,o
1056.0,3731.0,3042.0,3537.0,4066.0,3350.0,3461.0,4039.0,0.63,9.46,3.65,-0.04,-0.0,-0.04,1.0,o
2329.0,3563.0,3030.0,3664.0,4035.0,3370.0,3426.0,3802.0,0.57,9.61,3.22,-0.03,0.01,-0.02,1.0,o
2309.0,3571.0,3020.0,3667.0,4039.0,3377.0,3430.0,3849.0,0.58,9.57,3.32,-0.07,-0.01,-0.03,1.0,o
2275.0,3524.0,3023.0,3677.0,4054.0,3377.0,3440.0,3846.0,0.62,9.6,3.26,-0.06,-0.01,-0.04,1.0,o
2241.0,3568.0,3028.0,3696.0,4075.0,3377.0,3439.0,3888.0,0.55,9.6,3.25,-0.08,-0.01,-0.02,1.0,o
2228.0,3551.0,3033.0,3680.0,4065.0,3385.0,3437.0,3888.0,0.56,9.55,3.35,-0.06,0.02,-0.01,1.0,o
2213.0,3547.0,3021.0,3689.0,4070.0,3389.0,3440.0,3863.0,0.66,9.62,3.21,-0.07,0.01,-0.03,1.0,o
2214.0,3548.0,3024.0,3681.0,4062.0,3392.0,3443.0,3899.0,0.73,9.53,3.44,-0.08,-0.02,-0.02,1.0,o
2203.0,3546.0,3034.0,3703.0,4073.0,3387.0,3443.0,3901.0,0.71,9.55,3.39,-0.05,-0.02,-0.03,1.0,o
2183.0,3568.0,3024.0,3700.0,4065.0,3391.0,3440.0,3888.0,0.65,9.58,3.34,-0.07,-0.02,-0.03,1.0,o
2182.0,3776.0,3024.0,3711.0,4057.0,3392.0,3438.0,3900.0,0.65,9.56,3.33,-0.08,0.0,-0.02,1.0,o
2175.0,3573.0,3023.0,3696.0,4050.0,3391.0,3442.0,3901.0,0.67,9.52,3.45,-0.07,0.03,-0.02,1.0,o
2160.0,3553.0,3026.0,3723.0,4063.0,3391.0,3441.0,3923.0,0.75,9.54,3.4,-0.06,0.01,-0.03,1.0,o
2173.0,3547.0,3023.0,3711.0,4080.0,3389.0,3447.0,3917.0,0.69,9.52,3.45,-0.05,-0.01,-0.04,1.0,o
2170.0,3569.0,3024.0,3715.0,4076.0,3390.0,3435.0,3921.0,0.71,9.54,3.36,-0.05,-0.01,-0.04,1.0,o
2190.0,3566.0,3024.0,3727.0,4062.0,3397.0,3451.0,3918.0,0.74,9.53,3.39,-0.07,-0.01,-0.03,1.0,o
2192.0,3546.0,3030.0,3719.0,4083.0,3389.0,3440.0,3921.0,0.7,9.5,3.52,-0.07,-0.03,-0.04,1.0,o
2202.0,3546.0,3023.0,3711.0,4066.0,3394.0,3441.0,3933.0,0.76,9.54,3.39,-0.05,-0.02,-0.05,1.0,o
2194.0,3550.0,3022.0,3726.0,4080.0,3406.0,3441.0,3931.0,0.66,9.52,3.48,-0.06,-0.0,-0.04,1.0,o
2177.0,3543.0,3024.0,3725.0,4067.0,3403.0,3444.0,3895.0,0.7,9.55,3.34,-0.06,0.0,-0.02,1.0,o
2183.0,3549.0,3034.0,3708.0,4078.0,3401.0,3450.0,3914.0,0.74,9.49,3.54,-0.07,0.0,-0.04,1.0,o
3057.0,3712.0,3024.0,3695.0,4052.0,3294.0,3403.0,3747.0,0.65,9.67,3.1,-0.07,-0.03,-0.05,1.0,o
3027.0,3703.0,3008.0,3710.0,4020.0,3303.0,3409.0,3778.0,0.58,9.61,3.17,-0.08,0.05,-0.02,1.0,o
3023.0,3701.0,3023.0,3731.0,4054.0,3311.0,3425.0,3786.0,0.87,9.63,3.12,-0.09,0.02,-0.03,1.0,o
2993.0,3715.0,3006.0,3733.0,4052.0,3310.0,3429.0,3792.0,0.72,9.61,3.26,-0.08,-0.02,-0.02,1.0,o
2991.0,3712.0,3035.0,3729.0,4059.0,3328.0,3429.0,3794.0,0.74,9.63,3.11,-0.05,0.0,-0.03,1.0,o
2979.0,3700.0,3013.0,3744.0,4063.0,3325.0,3411.0,3813.0,0.77,9.6,3.3,-0.08,-0.01,-0.01,1.0,o
2959.0,3645.0,3035.0,3755.0,4055.0,3314.0,3421.0,3803.0,0.82,9.62,3.19,-0.05,0.0,-0.04,1.0,o
2945.0,3696.0,3022.0,3754.0,4070.0,3323.0,3425.0,3815.0,0.71,9.6,3.2,-0.08,-0.0,-0.03,1.0,o
2957.0,3715.0,3024.0,3747.0,4071.0,3316.0,3425.0,3817.0,0.76,9.61,3.22,-0.07,0.02,-0.02,1.0,o
2942.0,3701.0,3018.0,3759.0,4075.0,3323.0,3431.0,3823.0,0.83,9.59,3.27,-0.07,0.0,-0.03,1.0,o
2937.0,3707.0,3026.0,3760.0,4073.0,3323.0,3431.0,3801.0,0.77,9.55,3.35,-0.06,-0.01,-0.03,1.0,o
2928.0,3705.0,3024.0,3777.0,4086.0,3339.0,3440.0,3805.0,0.8,9.65,3.22,-0.09,-0.01,-0.01,1.0,o
2928.0,3713.0,3025.0,3786.0,4089.0,3346.0,3430.0,3840.0,0.78,9.51,3.39,-0.08,-0.02,-0.01,1.0,o
2933.0,3694.0,3023.0,3787.0,4085.0,3353.0,3440.0,3856.0,0.95,9.57,3.29,-0.05,0.0,-0.04,1.0,o
2916.0,3674.0,3017.0,3789.0,4073.0,3347.0,3443.0,3888.0,0.79,9.57,3.34,-0.08,-0.01,-0.03,1.0,o
2911.0,3699.0,3037.0,3792.0,4095.0,3358.0,3451.0,3902.0,0.8,9.57,3.27,-0.05,0.01,-0.02,1.0,o
2895.0,3714.0,3028.0,3787.0,4083.0,3360.0,3460.0,3911.0,0.88,9.51,3.39,-0.08,-0.02,-0.04,1.0,o
2892.0,3711.0,3029.0,3794.0,4095.0,3361.0,3446.0,3919.0,0.83,9.54,3.39,-0.05,0.01,-0.03,1.0,o
2885.0,3694.0,3025.0,3798.0,4095.0,3363.0,3447.0,3927.0,0.94,9.59,3.25,-0.07,-0.01,-0.03,1.0,o
2893.0,3708.0,3024.0,3809.0,4085.0,3358.0,3451.0,3955.0,0.8,9.5,3.49,-0.08,-0.04,-0.04,1.0,o
975.0,3199.0,3043.0,3683.0,4095.0,3527.0,3662.0,3951.0,0.97,9.28,3.93,-0.06,-0.02,-0.01,1.0,o
963.0,3211.0,3031.0,3697.0,4095.0,3531.0,3647.0,3958.0,0.92,9.33,3.89,-0.06,-0.01,-0.03,1.0,o
961.0,3215.0,3056.0,3709.0,4095.0,3538.0,3664.0,3995.0,0.9,9.41,3.75,-0.05,0.0,-0.04,1.0,o
959.0,3204.0,3053.0,3702.0,4095.0,3539.0,3662.0,3974.0,0.84,9.38,3.77,-0.08,0.01,-0.02,1.0,o
954.0,3203.0,3037.0,3715.0,4095.0,3535.0,3664.0,4025.0,1.0,9.37,3.85,-0.08,0.01,-0.01,1.0,o
967.0,3205.0,3050.0,3728.0,4095.0,3541.0,3678.0,4023.0,1.0,9.36,3.87,-0.06,0.02,-0.03,1.0,o
961.0,3206.0,3056.0,3706.0,4095.0,3539.0,3673.0,4043.0,0.98,9.35,3.9,-0.04,0.01,-0.03,1.0,o
960.0,3216.0,3045.0,3736.0,4095.0,3542.0,3685.0,4020.0,0.97,9.37,3.78,-0.05,-0.01,-0.03,1.0,o
950.0,3203.0,3043.0,3737.0,4095.0,3536.0,3671.0,4061.0,0.94,9.31,3.92,-0.07,-0.01,-0.02,1.0,o
957.0,3203.0,3054.0,3747.0,4095.0,3536.0,3695.0,4047.0,0.91,9.32,3.89,-0.09,-0.01,-0.03,1.0,o
960.0,3206.0,3055.0,3760.0,4095.0,3547.0,3671.0,4007.0,0.99,9.33,3.97,-0.03,-0.0,-0.03,1.0,o
955.0,3209.0,3047.0,3761.0,4095.0,3543.0,3666.0,4027.0,1.07,9.36,3.83,-0.06,-0.03,-0.05,1.0,o
955.0,3207.0,3047.0,3758.0,4095.0,3539.0,3666.0,4049.0,0.86,9.34,3.89,-0.07,-0.01,-0.04,1.0,o
959.0,3212.0,3053.0,3760.0,4095.0,3540.0,3669.0,4048.0,0.9,9.31,3.9,-0.07,0.02,-0.02,1.0,o
960.0,3202.0,3049.0,3761.0,4095.0,3534.0,3681.0,4080.0,1.06,9.33,3.9,-0.06,0.0,-0.04,1.0,o
970.0,3215.0,3056.0,3759.0,4095.0,3527.0,3679.0,4080.0,1.0,9.34,3.86,-0.07,-0.0,-0.04,1.0,o
946.0,3203.0,3054.0,3781.0,4095.0,3534.0,3680.0,4087.0,0.92,9.34,3.9,-0.07,0.02,-0.03,1.0,o
959.0,3205.0,3047.0,3784.0,4095.0,3523.0,3682.0,4080.0,0.97,9.32,3.96,-0.05,0.03,-0.02,1.0,o
960.0,3205.0,3049.0,3783.0,4095.0,3530.0,3668.0,4074.0,1.08,9.38,3.85,-0.07,-0.02,-0.05,1.0,o
956.0,3205.0,3056.0,3809.0,4095.0,3519.0,3671.0,4095.0,0.93,9.31,4.0,-0.06,-0.02,-0.04,1.0,o
1402.0,3534.0,3133.0,3799.0,4095.0,3515.0,3558.0,3842.0,0.71,9.0,4.66,-0.09,0.03,-0.01,1.0,o
1392.0,3548.0,3134.0,3825.0,4095.0,3510.0,3583.0,3850.0,0.77,9.04,4.64,-0.02,0.03,-0.03,1.0,o
1392.0,3531.0,3137.0,3840.0,4095.0,3520.0,3575.0,3851.0,0.74,9.03,4.65,-0.09,-0.01,-0.03,1.0,o
1381.0,3533.0,3133.0,3855.0,4095.0,3517.0,3574.0,3831.0,0.74,9.0,4.77,-0.08,-0.03,-0.03,1.0,o
1381.0,3626.0,3136.0,3851.0,4095.0,3534.0,3579.0,3805.0,0.91,9.01,4.67,-0.03,0.0,-0.03,1.0,o
1373.0,3520.0,3136.0,3856.0,4095.0,3519.0,3575.0,3821.0,0.77,9.0,4.7,-0.06,-0.01,-0.05,1.0,o
1341.0,3539.0,3141.0,3839.0,4095.0,3522.0,3583.0,3818.0,0.72,8.96,4.77,-0.03,-0.01,-0.04,1.0,o
1342.0,3526.0,3131.0,3859.0,4095.0,3525.0,3597.0,3705.0,0.82,9.04,4.58,-0.09,-0.03,-0.03,1.0,o
1331.0,3537.0,3139.0,3863.0,4095.0,3517.0,3581.0,3783.0,0.67,8.99,4.7,-0.08,-0.01,-0.04,1.0,o
1342.0,3536.0,3136.0,3872.0,4095.0,3514.0,3579.0,3648.0,0.71,8.97,4.76,-0.06,-0.03,-0.03,1.0,o
1331.0,3534.0,3130.0,3873.0,4095.0,3501.0,3583.0,3662.0,0.9,8.97,4.71,-0.05,-0.0,-0.02,1.0,o
1327.0,3537.0,3133.0,3842.0,4095.0,3529.0,3578.0,3647.0,0.83,9.0,4.63,-0.05,0.04,-0.04,1.0,o
1338.0,3406.0,3122.0,3874.0,4095.0,3510.0,3583.0,3744.0,0.73,8.99,4.75,-0.06,-0.03,-0.05,1.0,o
1328.0,3535.0,3140.0,3867.0,4095.0,3522.0,3580.0,3709.0,0.74,9.07,4.51,-0.06,-0.04,-0.03,1.0,o
1331.0,3539.0,3136.0,3857.0,4095.0,3535.0,3583.0,3739.0,0.82,9.02,4.62,-0.08,-0.0,-0.02,1.0,o
1328.0,3536.0,3141.0,3857.0,4095.0,3527.0,3598.0,3770.0,0.85,8.96,4.74,-0.06,0.01,-0.03,1.0,o
1335.0,3466.0,3134.0,3865.0,4095.0,3522.0,3606.0,3718.0,0.88,8.98,4.74,-0.06,0.01,-0.03,1.0,o
1333.0,3600.0,3133.0,3872.0,4095.0,3521.0,3600.0,3715.0,0.89,8.99,4.73,-0.04,-0.01,-0.04,1.0,o
1328.0,3538.0,3135.0,3867.0,4095.0,3532.0,3583.0,3742.0,0.86,9.02,4.63,-0.04,-0.01,-0.06,1.0,o
1328.0,3566.0,3129.0,3865.0,4095.0,3526.0,3602.0,3759.0,0.79,8.96,4.75,-0.07,-0.04,-0.05,1.0,o
1535.0,3458.0,3028.0,3982.0,4095.0,3440.0,3474.0,3155.0,0.93,9.17,4.36,-0.07,0.01,-0.03,1.0,o
1519.0,3605.0,3026.0,3973.0,4095.0,3446.0,3471.0,3185.0,0.93,9.07,4.5,-0.07,0.02,-0.01,1.0,o
1509.0,3614.0,3040.0,3998.0,4095.0,3456.0,3477.0,3163.0,0.95,9.1,4.41,-0.07,0.01,-0.03,1.0,o
1456.0,3583.0,3048.0,3986.0,4095.0,3456.0,3480.0,3158.0,0.96,9.1,4.47,-0.02,0.03,-0.03,1.0,o
1394.0,3606.0,3038.0,4016.0,4095.0,3456.0,3495.0,3182.0,0.99,9.07,4.44,-0.08,-0.03,-0.03,1.0,o
1383.0,3611.0,3037.0,4018.0,4095.0,3462.0,3503.0,3200.0,0.92,9.08,4.48,-0.06,-0.0,-0.03,1.0,o
1380.0,3607.0,3038.0,4031.0,4095.0,3458.0,3495.0,3184.0,0.91,9.12,4.42,-0.08,-0.01,-0.03,1.0,o
1377.0,3614.0,3043.0,4047.0,4095.0,3472.0,3507.0,3174.0,0.89,9.11,4.42,-0.07,0.04,-0.03,1.0,o
1370.0,3613.0,3036.0,4053.0,4095.0,3475.0,3506.0,3172.0,0.92,9.1,4.42,-0.08,0.02,-0.01,1.0,o
1371.0,3604.0,3029.0,4038.0,4095.0,3467.0,3507.0,3163.0,0.98,9.09,4.52,-0.05,0.0,-0.03,1.0,o
1388.0,3619.0,3047.0,4059.0,4095.0,3471.0,3511.0,3184.0,0.97,9.11,4.46,-0.06,-0.04,-0.03,1.0,o
1374.0,3612.0,3037.0,4050.0,4095.0,3475.0,3504.0,3175.0,0.99,9.11,4.44,-0.07,-0.02,-0.03,1.0,o
1382.0,3583.0,3029.0,4052.0,4095.0,3488.0,3504.0,3191.0,1.01,9.08,4.5,-0.06,0.01,-0.02,1.0,o
1361.0,3583.0,3025.0,4069.0,4095.0,3484.0,3511.0,3207.0,1.1,9.11,4.46,-0.05,0.01,-0.04,1.0,o
1351.0,3619.0,3042.0,4048.0,4095.0,3491.0,3518.0,3200.0,0.93,9.08,4.52,-0.05,-0.01,-0.04,1.0,o
1354.0,3583.0,3041.0,4069.0,4095.0,3479.0,3512.0,3191.0,1.1,9.06,4.5,-0.06,-0.02,-0.02,1.0,o
1339.0,3616.0,3035.0,4065.0,4095.0,3470.0,3520.0,3203.0,0.96,9.06,4.52,-0.08,-0.04,-0.04,1.0,o
1363.0,3607.0,3029.0,4059.0,4095.0,3490.0,3522.0,3195.0,0.96,9.06,4.5,-0.05,0.02,-0.03,1.0,o
1349.0,3617.0,3034.0,4081.0,4095.0,3479.0,3522.0,3194.0,1.03,9.11,4.42,-0.08,0.0,-0.04,1.0,o
1355.0,3615.0,3031.0,4070.0,4095.0,3483.0,3520.0,3202.0,0.98,9.05,4.6,-0.06,0.02,-0.04,1.0,o
2962.0,3779.0,3051.0,3699.0,4075.0,3362.0,3557.0,4075.0,0.85,9.35,4.05,-0.06,0.04,-0.03,1.0,o
2915.0,3698.0,3046.0,3731.0,4075.0,3359.0,3571.0,4078.0,0.99,9.18,4.32,-0.08,-0.02,-0.02,1.0,o
2928.0,3714.0,3056.0,3743.0,4095.0,3376.0,3568.0,4095.0,0.92,9.24,4.09,-0.06,-0.02,-0.05,1.0,o
2913.0,3692.0,3048.0,3759.0,4095.0,3375.0,3573.0,4095.0,0.94,9.22,4.2,-0.06,-0.02,-0.03,1.0,o
2917.0,3702.0,3056.0,3753.0,4094.0,3381.0,3582.0,4095.0,0.9,9.24,4.08,-0.09,-0.0,-0.01,1.0,o
2924.0,3671.0,3052.0,3760.0,4095.0,3391.0,3583.0,4095.0,0.97,9.22,4.2,-0.08,0.02,-0.03,1.0,o
2923.0,3696.0,3055.0,3779.0,4095.0,3386.0,3598.0,4095.0,0.97,9.21,4.19,-0.06,-0.0,-0.04,1.0,o
2918.0,3709.0,3056.0,3767.0,4095.0,3387.0,3583.0,4095.0,0.97,9.21,4.16,-0.06,-0.01,-0.04,1.0,o
2914.0,3699.0,3058.0,3775.0,4095.0,3395.0,3597.0,4095.0,1.03,9.2,4.21,-0.05,0.01,-0.03,1.0,o
2913.0,3698.0,3051.0,3785.0,4095.0,3398.0,3600.0,4095.0,0.96,9.22,4.19,-0.06,-0.01,-0.04,1.0,o
2903.0,3710.0,3054.0,3799.0,4095.0,3391.0,3600.0,4094.0,0.89,9.22,4.19,-0.05,0.0,-0.03,1.0,o
2903.0,3710.0,3048.0,3792.0,4095.0,3402.0,3606.0,4095.0,1.07,9.24,4.15,-0.07,-0.01,-0.05,1.0,o
2911.0,3710.0,3056.0,3810.0,4095.0,3407.0,3605.0,4087.0,0.91,9.18,4.32,-0.07,-0.02,-0.03,1.0,o
2914.0,3701.0,3055.0,3808.0,4095.0,3411.0,3616.0,4095.0,1.02,9.22,4.11,-0.06,-0.01,-0.03,1.0,o
2907.0,3699.0,3056.0,3807.0,4095.0,3415.0,3612.0,4095.0,0.9,9.18,4.27,-0.11,-0.01,-0.04,1.0,o
2907.0,3728.0,3056.0,3813.0,4095.0,3403.0,3620.0,4095.0,1.0,9.17,4.33,-0.04,0.01,-0.03,1.0,o
2906.0,3693.0,3054.0,3814.0,4095.0,3403.0,3614.0,4095.0,1.11,9.2,4.2,-0.05,-0.01,-0.06,1.0,o
2894.0,3722.0,3047.0,3819.0,4095.0,3410.0,3615.0,4095.0,0.83,9.19,4.24,-0.07,0.01,-0.04,1.0,o
2905.0,3696.0,3051.0,3813.0,4095.0,3420.0,3606.0,4093.0,0.96,9.18,4.29,-0.06,-0.01,-0.04,1.0,o
2897.0,3690.0,3047.0,3821.0,4095.0,3408.0,3618.0,4091.0,0.99,9.17,4.26,-0.04,-0.01,-0.04,1.0,o
3877.0,3510.0,3019.0,4095.0,4095.0,3697.0,3488.0,3778.0,1.09,9.27,4.14,-0.05,-0.0,-0.01,1.0,o
3836.0,3521.0,3023.0,4095.0,4095.0,3677.0,3482.0,3789.0,1.08,9.28,4.02,-0.06,0.01,-0.06,1.0,o
3849.0,3535.0,3022.0,4095.0,4095.0,3696.0,3494.0,3779.0,0.78,9.25,4.12,-0.06,-0.03,-0.03,1.0,o
3833.0,3528.0,3011.0,4095.0,4095.0,3678.0,3513.0,3799.0,1.03,9.26,4.1,-0.06,-0.01,-0.02,1.0,o
3835.0,3518.0,3010.0,4095.0,4095.0,3691.0,3510.0,3809.0,1.02,9.26,4.13,-0.05,-0.01,-0.05,1.0,o
3854.0,3530.0,3025.0,4095.0,4095.0,3693.0,3500.0,3797.0,0.88,9.23,4.11,-0.07,0.01,-0.03,1.0,o
3824.0,3520.0,3018.0,4095.0,4095.0,3682.0,3525.0,3798.0,1.02,9.24,4.13,-0.06,0.0,-0.02,1.0,o
3842.0,3525.0,3022.0,4095.0,4095.0,3689.0,3504.0,3815.0,1.11,9.27,4.09,-0.04,0.01,-0.04,1.0,o
3828.0,3399.0,3023.0,4095.0,4095.0,3696.0,3518.0,3823.0,0.86,9.25,4.14,-0.07,-0.01,-0.04,1.0,o
3840.0,3514.0,3011.0,4095.0,4095.0,3670.0,3518.0,3851.0,0.96,9.23,4.12,-0.05,0.01,-0.02,1.0,o
3855.0,3532.0,3019.0,4095.0,4095.0,3679.0,3522.0,3840.0,1.13,9.26,4.13,-0.06,-0.02,-0.06,1.0,o
3844.0,3536.0,3029.0,4095.0,4095.0,3682.0,3517.0,3856.0,0.89,9.23,4.17,-0.07,-0.01,-0.03,1.0,o
3831.0,3524.0,3029.0,4095.0,4095.0,3679.0,3519.0,3859.0,1.02,9.22,4.19,-0.05,0.0,-0.02,1.0,o
3826.0,3519.0,3014.0,4095.0,4095.0,3679.0,3509.0,3872.0,1.06,9.27,4.1,-0.06,0.0,-0.04,1.0,o
3846.0,3527.0,3027.0,4095.0,4095.0,3684.0,3522.0,3873.0,0.94,9.27,4.11,-0.06,-0.0,-0.05,1.0,o
3840.0,3537.0,3023.0,4095.0,4095.0,3665.0,3517.0,3865.0,0.93,9.22,4.18,-0.07,0.01,-0.03,1.0,o
3841.0,3495.0,3014.0,4095.0,4095.0,3677.0,3520.0,3843.0,1.03,9.21,4.14,-0.06,-0.03,-0.04,1.0,o
3811.0,3539.0,3018.0,4095.0,4095.0,3679.0,3515.0,3861.0,0.96,9.27,4.06,-0.07,-0.0,-0.05,1.0,o
3839.0,3514.0,3020.0,4095.0,4095.0,3680.0,3519.0,3854.0,0.91,9.21,4.25,-0.06,0.02,-0.02,1.0,o
3838.0,3500.0,3027.0,4095.0,4095.0,3679.0,3515.0,3877.0,1.15,9.23,4.11,-0.04,0.02,-0.04,1.0,o
3399.0,3440.0,3018.0,4063.0,4095.0,3469.0,3450.0,3809.0,1.03,9.34,3.94,-0.07,-0.0,-0.05,1.0,o
3401.0,3473.0,3024.0,4059.0,4095.0,3472.0,3454.0,3814.0,0.87,9.38,3.85,-0.06,0.0,-0.05,1.0,o
3374.0,3425.0,3021.0,4062.0,4095.0,3477.0,3467.0,3817.0,0.87,9.33,3.88,-0.06,-0.01,-0.02,1.0,o
3358.0,3458.0,3024.0,4043.0,4095.0,3483.0,3469.0,3840.0,0.97,9.33,4.02,-0.06,0.0,-0.03,1.0,o
3363.0,3489.0,3025.0,4058.0,4095.0,3489.0,3472.0,3825.0,0.98,9.34,3.95,-0.03,0.01,-0.05,1.0,o
3374.0,3483.0,3017.0,4075.0,4095.0,3495.0,3474.0,3836.0,0.84,9.35,3.87,-0.07,-0.01,-0.04,1.0,o
3373.0,3490.0,3025.0,4078.0,4095.0,3494.0,3482.0,3841.0,0.91,9.33,3.93,-0.06,0.01,-0.02,1.0,o
3363.0,3490.0,3021.0,4083.0,4095.0,3498.0,3472.0,3856.0,1.01,9.37,3.83,-0.06,-0.01,-0.04,1.0,o
3339.0,3474.0,3019.0,4069.0,4095.0,3497.0,3479.0,3861.0,0.87,9.33,3.99,-0.06,-0.01,-0.04,1.0,o
3348.0,3490.0,3018.0,4068.0,4095.0,3498.0,3472.0,3859.0,0.94,9.35,3.88,-0.04,0.01,-0.02,1.0,o
3347.0,3493.0,3023.0,4081.0,4095.0,3493.0,3491.0,3859.0,0.98,9.38,3.86,-0.06,-0.03,-0.06,1.0,o
3328.0,3478.0,3019.0,4095.0,4095.0,3498.0,3477.0,3867.0,0.83,9.3,4.02,-0.05,-0.01,-0.04,1.0,o
3334.0,3440.0,3023.0,4094.0,4095.0,3499.0,3487.0,3859.0,1.0,9.35,3.87,-0.05,0.0,-0.03,1.0,o
3313.0,3479.0,3019.0,4082.0,4095.0,3489.0,3477.0,3885.0,0.95,9.34,3.9,-0.05,-0.0,-0.05,1.0,o
3312.0,3477.0,3014.0,4079.0,4095.0,3488.0,3473.0,3889.0,0.89,9.31,3.93,-0.07,0.0,-0.03,1.0,o
3314.0,3503.0,3019.0,4095.0,4095.0,3492.0,3484.0,3904.0,0.88,9.33,3.95,-0.07,0.01,-0.03,1.0,o
3287.0,3487.0,3020.0,4065.0,4095.0,3494.0,3478.0,3874.0,1.03,9.32,3.93,-0.06,0.01,-0.02,1.0,o
3301.0,3486.0,3019.0,4071.0,4095.0,3486.0,3490.0,3884.0,0.89,9.33,4.0,-0.07,-0.01,-0.04,1.0,o
3290.0,3485.0,3020.0,4086.0,4095.0,3498.0,3493.0,3888.0,0.89,9.33,3.93,-0.06,0.01,-0.02,1.0,o
3267.0,3475.0,3024.0,4071.0,4095.0,3485.0,3489.0,3888.0,1.02,9.31,3.95,-0.07,-0.01,-0.03,1.0,o
1535.0,3236.0,3005.0,3657.0,4079.0,3360.0,3391.0,3659.0,0.72,9.56,3.55,-0.08,-0.01,-0.03,1.0,o
1491.0,3241.0,2998.0,3694.0,4095.0,3369.0,3405.0,3675.0,0.77,9.52,3.47,-0.07,-0.01,-0.02,1.0,o
1456.0,3122.0,3008.0,3698.0,4095.0,3382.0,3399.0,3712.0,0.95,9.51,3.49,-0.06,0.02,-0.04,1.0,o
1440.0,3239.0,2992.0,3701.0,4080.0,3381.0,3398.0,3709.0,0.73,9.51,3.51,-0.07,0.01,-0.04,1.0,o
1428.0,3232.0,2998.0,3723.0,4093.0,3386.0,3407.0,3727.0,0.78,9.48,3.57,-0.04,0.02,-0.02,1.0,o
1406.0,3233.0,3003.0,3737.0,4095.0,3391.0,3411.0,3774.0,0.84,9.46,3.55,-0.05,-0.0,-0.04,1.0,o
1375.0,3236.0,3005.0,3742.0,4095.0,3402.0,3439.0,3786.0,0.79,9.51,3.46,-0.06,-0.04,-0.05,1.0,o
1390.0,3248.0,3008.0,3759.0,4095.0,3397.0,3437.0,3789.0,0.75,9.53,3.44,-0.07,0.02,-0.04,1.0,o
1381.0,3231.0,3001.0,3743.0,4095.0,3407.0,3424.0,3796.0,0.81,9.46,3.6,-0.07,-0.0,-0.02,1.0,o
1348.0,3303.0,2998.0,3758.0,4095.0,3408.0,3425.0,3812.0,0.89,9.5,3.49,-0.07,-0.0,-0.04,1.0,o
1325.0,3234.0,2998.0,3760.0,4095.0,3405.0,3435.0,3802.0,0.74,9.5,3.51,-0.07,-0.01,-0.05,1.0,o
1313.0,3218.0,3007.0,3763.0,4095.0,3411.0,3437.0,3821.0,0.82,9.5,3.52,-0.07,-0.0,-0.02,1.0,o
1237.0,3247.0,3006.0,3763.0,4095.0,3405.0,3431.0,3801.0,0.88,9.48,3.57,-0.06,-0.01,-0.03,1.0,o
1223.0,3125.0,3008.0,3760.0,4095.0,3418.0,3440.0,3833.0,0.82,9.48,3.53,-0.07,0.0,-0.03,1.0,o
1185.0,3298.0,3008.0,3759.0,4095.0,3408.0,3439.0,3819.0,0.75,9.45,3.58,-0.08,-0.01,-0.03,1.0,o
1099.0,3229.0,3007.0,3750.0,4095.0,3413.0,3440.0,3824.0,0.91,9.45,3.61,-0.06,-0.02,-0.02,1.0,o
1090.0,3229.0,3002.0,3757.0,4095.0,3403.0,3446.0,3825.0,0.85,9.47,3.57,-0.07,0.0,-0.04,1.0,o
1088.0,3219.0,3008.0,3744.0,4095.0,3414.0,3439.0,3818.0,0.72,9.44,3.6,-0.06,0.01,-0.03,1.0,o
1091.0,3235.0,3002.0,3760.0,4095.0,3408.0,3442.0,3822.0,0.91,9.48,3.55,-0.07,0.01,-0.02,1.0,o
1089.0,3238.0,3009.0,3749.0,4095.0,3413.0,3443.0,3830.0,0.9,9.45,3.62,-0.07,0.0,-0.04,1.0,o
3583.0,3521.0,3039.0,4051.0,4095.0,3731.0,3696.0,4045.0,0.86,9.4,3.84,-0.08,-0.0,-0.02,1.0,o
3571.0,3529.0,3033.0,4066.0,4095.0,3702.0,3695.0,4037.0,0.95,9.36,3.73,-0.12,-0.05,-0.02,1.0,o
3582.0,3523.0,3045.0,4076.0,4095.0,3705.0,3683.0,4067.0,0.83,9.41,3.7,-0.08,0.0,-0.06,1.0,o
3583.0,3526.0,3041.0,4075.0,4095.0,3722.0,3684.0,4059.0,0.81,9.42,3.71,-0.05,0.01,-0.02,1.0,o
3568.0,3523.0,3028.0,4095.0,4095.0,3728.0,3693.0,4065.0,0.96,9.39,3.83,-0.07,-0.0,-0.04,1.0,o
3583.0,3536.0,3030.0,4083.0,4095.0,3714.0,3686.0,4080.0,0.8,9.41,3.75,-0.05,0.01,-0.04,1.0,o
3568.0,3520.0,3054.0,4075.0,4095.0,3730.0,3687.0,4074.0,0.97,9.42,3.68,-0.07,-0.02,-0.03,1.0,o
3579.0,3527.0,3034.0,4073.0,4095.0,3731.0,3687.0,4095.0,0.86,9.39,3.78,-0.07,-0.0,-0.02,1.0,o
3568.0,3514.0,3025.0,4080.0,4095.0,3735.0,3686.0,4095.0,0.92,9.43,3.68,-0.06,0.01,-0.03,1.0,o
3607.0,3502.0,3030.0,4095.0,4095.0,3728.0,3693.0,4095.0,0.85,9.41,3.76,-0.06,0.02,-0.04,1.0,o
3579.0,3510.0,3045.0,4079.0,4095.0,3742.0,3694.0,4095.0,0.96,9.4,3.75,-0.04,0.01,-0.02,1.0,o
3569.0,3521.0,3042.0,4086.0,4095.0,3733.0,3708.0,4095.0,0.97,9.44,3.65,-0.07,-0.04,-0.04,1.0,o
3582.0,3450.0,3025.0,4082.0,4095.0,3733.0,3695.0,4095.0,0.77,9.41,3.79,-0.08,0.0,-0.03,1.0,o
3595.0,3524.0,3042.0,4081.0,4095.0,3733.0,3705.0,4095.0,0.92,9.4,3.75,-0.06,0.01,-0.02,1.0,o
3583.0,3509.0,3046.0,4095.0,4095.0,3741.0,3700.0,4095.0,0.97,9.39,3.75,-0.07,-0.0,-0.03,1.0,o
3567.0,3520.0,3024.0,4095.0,4095.0,3737.0,3695.0,4095.0,0.88,9.37,3.74,-0.08,-0.03,-0.03,1.0,o
3603.0,3517.0,3035.0,4095.0,4095.0,3734.0,3709.0,4095.0,0.91,9.37,3.77,-0.07,-0.01,-0.03,1.0,o
3583.0,3514.0,3028.0,4091.0,4095.0,3746.0,3696.0,4095.0,1.01,9.36,3.88,-0.05,-0.01,-0.03,1.0,o
3583.0,3517.0,3042.0,4095.0,4095.0,3738.0,3708.0,4095.0,0.98,9.4,3.77,-0.07,-0.02,-0.04,1.0,o
3570.0,3539.0,3035.0,4079.0,4095.0,3726.0,3698.0,4095.0,0.85,9.36,3.83,-0.06,-0.0,-0.03,1.0,o
1473.0,3179.0,3025.0,3915.0,4095.0,3445.0,3513.0,3786.0,1.27,9.28,3.94,-0.04,-0.03,-0.06,1.0,o
1465.0,3121.0,3025.0,3952.0,4095.0,3455.0,3507.0,3792.0,1.45,9.33,3.88,-0.08,-0.0,-0.04,1.0,o
1455.0,3158.0,3024.0,3961.0,4095.0,3462.0,3504.0,3815.0,1.19,9.3,3.9,-0.08,0.0,-0.04,1.0,o
1443.0,3158.0,3018.0,3986.0,4095.0,3463.0,3517.0,3822.0,1.33,9.28,3.94,-0.06,0.0,-0.02,1.0,o
1437.0,3157.0,3022.0,3995.0,4095.0,3465.0,3516.0,3828.0,1.33,9.27,3.95,-0.09,-0.01,-0.04,1.0,o
1421.0,3154.0,3010.0,3990.0,4095.0,3454.0,3520.0,3860.0,1.43,9.28,4.02,-0.03,0.03,-0.05,1.0,o
1426.0,3167.0,3024.0,3980.0,4095.0,3443.0,3535.0,3849.0,1.32,9.25,4.0,-0.07,-0.01,-0.04,1.0,o
1419.0,3167.0,3027.0,3977.0,4095.0,3443.0,3520.0,3862.0,1.29,9.28,3.95,-0.03,0.03,-0.02,1.0,o
1410.0,3152.0,3024.0,3959.0,4095.0,3443.0,3519.0,3886.0,1.3,9.33,3.82,-0.08,-0.02,-0.08,1.0,o
1411.0,3165.0,3041.0,3962.0,4095.0,3438.0,3515.0,3879.0,1.31,9.27,4.07,-0.05,0.01,-0.03,1.0,o
1398.0,3152.0,3023.0,3969.0,4095.0,3437.0,3514.0,3906.0,1.36,9.29,3.95,-0.06,-0.02,-0.04,1.0,o
1403.0,3153.0,3034.0,3958.0,4095.0,3440.0,3520.0,3888.0,1.31,9.25,3.99,-0.06,-0.02,-0.06,1.0,o
1379.0,3135.0,3027.0,3968.0,4095.0,3435.0,3524.0,3907.0,1.22,9.28,3.98,-0.06,0.02,-0.05,1.0,o
1389.0,3147.0,3027.0,3954.0,4095.0,3429.0,3536.0,3899.0,1.31,9.28,3.99,-0.07,-0.01,-0.04,1.0,o
1391.0,3161.0,3027.0,3978.0,4095.0,3450.0,3513.0,3896.0,1.28,9.28,3.99,-0.06,0.01,-0.03,1.0,o
1392.0,3159.0,3029.0,3966.0,4095.0,3442.0,3534.0,3911.0,1.28,9.26,4.02,-0.07,0.0,-0.04,1.0,o
1394.0,3184.0,3050.0,3974.0,4095.0,3441.0,3524.0,3895.0,1.3,9.25,3.98,-0.04,0.0,-0.03,1.0,o
1389.0,3147.0,3039.0,3963.0,4095.0,3441.0,3520.0,3856.0,1.38,9.29,3.95,-0.07,-0.05,-0.06,1.0,o
1393.0,3133.0,3043.0,3956.0,4095.0,3437.0,3520.0,3886.0,1.19,9.22,4.03,-0.07,-0.03,-0.04,1.0,o
1424.0,3149.0,3034.0,3951.0,4095.0,3440.0,3531.0,3903.0,1.42,9.25,4.05,-0.05,-0.01,-0.05,1.0,o
1480.0,3609.0,3017.0,3951.0,3985.0,3305.0,3440.0,4073.0,1.05,9.32,3.89,-0.08,-0.01,-0.02,1.0,o
1424.0,3622.0,3024.0,3967.0,3991.0,3294.0,3451.0,4080.0,1.0,9.35,3.9,-0.06,-0.01,-0.04,1.0,o
1405.0,3622.0,3011.0,3970.0,3986.0,3308.0,3447.0,4080.0,0.87,9.27,4.02,-0.07,0.0,-0.01,1.0,o
1364.0,3609.0,3018.0,3990.0,3997.0,3292.0,3451.0,4074.0,1.17,9.36,3.85,-0.07,0.0,-0.03,1.0,o
1356.0,3601.0,3024.0,3979.0,4003.0,3301.0,3459.0,4068.0,1.05,9.31,4.04,-0.08,-0.01,-0.02,1.0,o
1338.0,3603.0,3021.0,3972.0,4016.0,3312.0,3457.0,4095.0,1.02,9.28,4.08,-0.06,0.03,-0.02,1.0,o
1338.0,3603.0,3024.0,3987.0,4019.0,3306.0,3463.0,4095.0,1.15,9.31,4.05,-0.06,-0.01,-0.04,1.0,o
1342.0,3600.0,3011.0,4000.0,4019.0,3296.0,3456.0,4095.0,1.04,9.31,3.96,-0.06,0.01,-0.05,1.0,o
1307.0,3595.0,3026.0,3990.0,4026.0,3312.0,3466.0,4095.0,0.94,9.3,3.98,-0.08,-0.04,-0.03,1.0,o
1298.0,3600.0,3024.0,4004.0,4033.0,3312.0,3456.0,4095.0,1.03,9.3,4.0,-0.07,-0.02,-0.02,1.0,o
1297.0,3583.0,3025.0,4009.0,4014.0,3314.0,3468.0,4095.0,1.06,9.25,4.02,-0.07,-0.01,-0.04,1.0,o
1288.0,3582.0,3033.0,3984.0,4020.0,3314.0,3467.0,4095.0,0.97,9.28,3.98,-0.05,0.01,-0.04,1.0,o
1313.0,3616.0,3024.0,3997.0,4032.0,3319.0,3461.0,4095.0,1.11,9.3,4.04,-0.05,-0.01,-0.04,1.0,o
1297.0,3583.0,3024.0,3995.0,4037.0,3315.0,3473.0,4095.0,1.06,9.28,3.99,-0.05,-0.01,-0.04,1.0,o
1307.0,3618.0,3027.0,4005.0,4048.0,3312.0,3461.0,4095.0,1.03,9.28,3.96,-0.06,0.02,-0.04,1.0,o
1295.0,3603.0,3025.0,3987.0,4062.0,3319.0,3471.0,4095.0,1.04,9.28,4.08,-0.05,-0.0,-0.04,1.0,o
1283.0,3617.0,3024.0,3993.0,4047.0,3316.0,3466.0,4095.0,1.1,9.33,3.93,-0.1,-0.02,-0.05,1.0,o
1210.0,3599.0,3030.0,4007.0,4052.0,3312.0,3478.0,4095.0,0.96,9.25,4.18,-0.07,0.01,-0.04,1.0,o
1232.0,3600.0,3037.0,4000.0,4069.0,3327.0,3472.0,4095.0,1.09,9.28,4.02,-0.03,0.02,-0.03,1.0,o
1181.0,3602.0,3024.0,4015.0,4070.0,3321.0,3465.0,4095.0,1.05,9.29,3.98,-0.06,-0.03,-0.06,1.0,o
944.0,3527.0,2999.0,3741.0,4095.0,3365.0,3410.0,3793.0,0.47,9.54,3.32,-0.06,0.03,-0.03,1.0,o
951.0,3531.0,3001.0,3771.0,4095.0,3363.0,3410.0,3805.0,0.85,9.53,3.32,-0.11,0.01,-0.01,1.0,o
947.0,3532.0,2992.0,3789.0,4095.0,3363.0,3409.0,3810.0,0.87,9.55,3.53,-0.09,-0.01,-0.04,1.0,o
944.0,3536.0,2992.0,3795.0,4095.0,3359.0,3409.0,3824.0,0.68,9.56,3.43,-0.06,0.03,-0.04,1.0,o
951.0,3549.0,2992.0,3802.0,4095.0,3370.0,3414.0,3827.0,0.79,9.52,3.41,-0.07,-0.02,-0.02,1.0,o
962.0,3536.0,3003.0,3814.0,4095.0,3389.0,3423.0,3871.0,0.82,9.46,3.6,-0.09,-0.0,-0.02,1.0,o
950.0,3541.0,2997.0,3827.0,4095.0,3380.0,3429.0,3863.0,0.9,9.53,3.47,-0.06,-0.01,-0.04,1.0,o
944.0,3526.0,2995.0,3849.0,4095.0,3389.0,3444.0,3895.0,0.79,9.45,3.49,-0.09,-0.01,-0.05,1.0,o
941.0,3523.0,3001.0,3842.0,4095.0,3363.0,3433.0,3889.0,0.85,9.47,3.59,-0.08,0.0,-0.01,1.0,o
949.0,3534.0,3004.0,3850.0,4095.0,3375.0,3443.0,3900.0,0.84,9.43,3.55,-0.07,-0.01,-0.03,1.0,o
956.0,3523.0,3002.0,3841.0,4095.0,3378.0,3443.0,3904.0,0.79,9.45,3.62,-0.07,0.01,-0.03,1.0,o
945.0,3520.0,2993.0,3844.0,4095.0,3376.0,3435.0,3897.0,0.9,9.49,3.52,-0.07,-0.01,-0.03,1.0,o
944.0,3524.0,2999.0,3857.0,4095.0,3391.0,3447.0,3907.0,0.92,9.45,3.67,-0.08,-0.01,-0.02,1.0,o
950.0,3530.0,2998.0,3857.0,4095.0,3378.0,3437.0,3920.0,0.91,9.46,3.57,-0.05,-0.01,-0.04,1.0,o
950.0,3536.0,2993.0,3840.0,4095.0,3394.0,3440.0,3937.0,0.79,9.43,3.61,-0.08,-0.01,-0.02,1.0,o
949.0,3526.0,3010.0,3850.0,4095.0,3358.0,3436.0,3927.0,0.99,9.45,3.6,-0.05,-0.0,-0.03,1.0,o
945.0,3537.0,3005.0,3852.0,4095.0,3388.0,3444.0,3941.0,0.95,9.48,3.62,-0.07,-0.0,-0.04,1.0,o
957.0,3537.0,2998.0,3841.0,4095.0,3393.0,3435.0,3917.0,0.88,9.47,3.54,-0.05,0.01,-0.02,1.0,o
954.0,3526.0,2991.0,3847.0,4095.0,3388.0,3440.0,3949.0,0.96,9.43,3.68,-0.07,-0.01,-0.03,1.0,o
962.0,3543.0,2991.0,3853.0,4095.0,3387.0,3440.0,3952.0,1.01,9.47,3.63,-0.04,-0.01,-0.05,1.0,o
1023.0,3661.0,3094.0,3675.0,4095.0,3472.0,3478.0,4095.0,1.04,9.46,3.63,-0.11,-0.04,-0.02,1.0,o
1018.0,3690.0,3088.0,3678.0,4095.0,3474.0,3488.0,4095.0,0.83,9.43,3.68,-0.08,-0.0,-0.04,1.0,o
1017.0,3669.0,3088.0,3696.0,4095.0,3483.0,3489.0,4095.0,0.93,9.48,3.61,-0.07,0.02,-0.03,1.0,o
1015.0,3664.0,3083.0,3698.0,4095.0,3477.0,3500.0,4095.0,0.91,9.42,3.72,-0.08,-0.01,-0.04,1.0,o
1014.0,3641.0,3089.0,3697.0,4095.0,3497.0,3497.0,4095.0,0.89,9.44,3.65,-0.08,0.03,-0.01,1.0,o
1011.0,3671.0,3091.0,3715.0,4095.0,3493.0,3504.0,4095.0,0.94,9.4,3.74,-0.09,-0.0,-0.02,1.0,o
1009.0,3659.0,3095.0,3713.0,4095.0,3498.0,3499.0,4095.0,0.95,9.42,3.68,-0.06,0.01,-0.03,1.0,o
1013.0,3845.0,3087.0,3727.0,4095.0,3485.0,3506.0,4095.0,0.95,9.43,3.68,-0.07,0.01,-0.03,1.0,o
1011.0,3675.0,3088.0,3728.0,4095.0,3507.0,3504.0,4095.0,1.0,9.39,3.82,-0.07,-0.01,-0.02,1.0,o
1023.0,3664.0,3082.0,3737.0,4095.0,3499.0,3504.0,4095.0,1.01,9.43,3.68,-0.06,-0.01,-0.05,1.0,o
1006.0,3677.0,3086.0,3726.0,4095.0,3499.0,3518.0,4095.0,0.85,9.34,3.81,-0.08,-0.01,-0.03,1.0,o
1022.0,3659.0,3088.0,3726.0,4095.0,3504.0,3515.0,4095.0,1.05,9.39,3.75,-0.06,-0.0,-0.01,1.0,o
1008.0,3678.0,3088.0,3729.0,4095.0,3495.0,3510.0,4095.0,1.03,9.33,3.86,-0.06,-0.01,-0.05,1.0,o
1023.0,3645.0,3088.0,3724.0,4095.0,3499.0,3513.0,4095.0,0.99,9.35,3.79,-0.04,-0.03,-0.04,1.0,o
1023.0,3675.0,3088.0,3729.0,4095.0,3504.0,3503.0,4095.0,1.04,9.38,3.78,-0.07,-0.01,-0.04,1.0,o
1016.0,3658.0,3088.0,3747.0,4095.0,3494.0,3518.0,4095.0,0.98,9.36,3.88,-0.07,-0.01,-0.04,1.0,o
1019.0,3669.0,3088.0,3728.0,4095.0,3499.0,3511.0,4095.0,1.04,9.39,3.79,-0.07,-0.01,-0.05,1.0,o
1017.0,3680.0,3094.0,3746.0,4095.0,3491.0,3515.0,4095.0,0.98,9.39,3.74,-0.1,-0.01,-0.05,1.0,o
1019.0,3664.0,3083.0,3744.0,4095.0,3509.0,3506.0,4095.0,0.99,9.33,3.87,-0.11,-0.01,-0.06,1.0,o
1019.0,3708.0,3097.0,3729.0,4095.0,3504.0,3511.0,4095.0,0.85,9.28,4.04,-0.07,-0.01,-0.05,1.0,o
1777.0,3831.0,3110.0,3423.0,3953.0,3346.0,3462.0,3204.0,1.0,8.76,5.09,-0.1,0.0,0.02,1.0,o
1774.0,3870.0,3105.0,3376.0,3942.0,3335.0,3424.0,3185.0,1.21,8.8,5.03,-0.06,0.02,-0.0,1.0,o
1842.0,3856.0,3110.0,3400.0,3963.0,3341.0,3442.0,3153.0,1.02,8.7,5.22,-0.05,-0.0,-0.05,1.0,o
1840.0,3855.0,3114.0,3399.0,3985.0,3344.0,3455.0,3152.0,1.16,8.79,5.12,-0.03,-0.07,-0.04,1.0,o
1899.0,3837.0,3117.0,3391.0,4028.0,3350.0,3449.0,3153.0,1.16,8.8,4.96,-0.08,-0.04,-0.06,1.0,o
1895.0,3816.0,3104.0,3393.0,3982.0,3355.0,3439.0,3177.0,1.07,8.71,5.21,-0.06,-0.01,-0.03,1.0,o
1873.0,3831.0,3122.0,3387.0,4000.0,3344.0,3436.0,3163.0,1.17,8.77,5.1,-0.06,-0.04,-0.06,1.0,o
1901.0,3875.0,3107.0,3391.0,4011.0,3335.0,3439.0,3162.0,1.07,8.74,5.1,-0.07,-0.01,-0.04,1.0,o
1883.0,3859.0,3105.0,3373.0,3990.0,3329.0,3431.0,3173.0,1.14,8.79,5.12,-0.06,-0.01,-0.04,1.0,o
1875.0,3863.0,3083.0,3381.0,4018.0,3338.0,3439.0,3152.0,1.16,8.78,5.1,-0.04,0.0,-0.05,1.0,o
1850.0,3842.0,3105.0,3387.0,3995.0,3339.0,3437.0,3143.0,1.14,8.75,5.1,-0.07,-0.03,-0.04,1.0,o
1869.0,3863.0,3109.0,3405.0,4006.0,3328.0,3456.0,3130.0,1.07,8.74,5.04,-0.11,-0.05,-0.03,1.0,o
1885.0,3861.0,3097.0,3381.0,4011.0,3345.0,3450.0,3131.0,1.17,8.73,5.18,-0.06,0.0,-0.04,1.0,o
1874.0,3862.0,3100.0,3397.0,4030.0,3358.0,3441.0,3071.0,1.13,8.73,5.2,-0.08,0.0,-0.03,1.0,o
1868.0,3849.0,3108.0,3381.0,4016.0,3363.0,3444.0,3070.0,1.2,8.74,5.09,-0.07,-0.02,-0.03,1.0,o
1919.0,3871.0,3107.0,3385.0,4000.0,3349.0,3454.0,3046.0,1.16,8.74,5.13,-0.1,-0.01,-0.03,1.0,o
1933.0,3856.0,3101.0,3376.0,3999.0,3366.0,3439.0,3065.0,1.09,8.66,5.29,-0.08,0.01,-0.02,1.0,o
1965.0,3857.0,3103.0,3395.0,4016.0,3351.0,3456.0,3071.0,1.22,8.71,5.19,-0.04,0.02,-0.03,1.0,o
1959.0,3877.0,3109.0,3383.0,4015.0,3350.0,3439.0,3071.0,1.24,8.75,5.13,-0.06,-0.03,-0.04,1.0,o
1973.0,3866.0,3110.0,3387.0,4035.0,3370.0,3442.0,3071.0,1.15,8.73,5.21,-0.07,-0.01,-0.03,1.0,o
1680.0,3153.0,3067.0,3504.0,3920.0,3327.0,3474.0,3613.0,1.42,8.68,5.15,-0.06,0.05,0.0,1.0,o
1643.0,3152.0,3088.0,3495.0,3930.0,3344.0,3469.0,3611.0,1.28,8.72,5.19,-0.06,-0.01,-0.04,1.0,o
1620.0,3147.0,3063.0,3490.0,3952.0,3331.0,3474.0,3605.0,1.16,8.85,4.87,-0.05,0.04,-0.03,1.0,o
1613.0,3152.0,3083.0,3504.0,3919.0,3333.0,3455.0,3616.0,1.26,8.78,5.02,-0.06,0.0,-0.01,1.0,o
1600.0,3134.0,3062.0,3495.0,3962.0,3330.0,3458.0,3619.0,1.28,8.76,4.88,-0.06,0.01,-0.04,1.0,o
1597.0,3141.0,3062.0,3494.0,3923.0,3338.0,3473.0,3600.0,1.19,8.71,5.14,-0.05,-0.02,-0.05,1.0,o
1584.0,3167.0,3058.0,3504.0,3947.0,3374.0,3466.0,3583.0,1.13,8.83,4.97,-0.05,-0.0,-0.03,1.0,o
1590.0,3150.0,3087.0,3511.0,3937.0,3335.0,3471.0,3606.0,1.24,8.89,4.87,-0.05,0.02,-0.02,1.0,o
1613.0,3151.0,3068.0,3485.0,3969.0,3331.0,3472.0,3571.0,1.29,8.89,4.88,-0.06,0.01,-0.03,1.0,o
1629.0,3155.0,3070.0,3510.0,3941.0,3351.0,3472.0,3577.0,1.25,8.84,4.94,-0.08,-0.0,-0.03,1.0,o
1632.0,3147.0,3082.0,3504.0,3962.0,3358.0,3467.0,3597.0,1.25,8.85,4.92,-0.06,0.0,-0.03,1.0,o
1632.0,3154.0,3063.0,3504.0,3951.0,3329.0,3460.0,3625.0,1.2,8.86,4.93,-0.07,0.02,-0.03,1.0,o
1639.0,3150.0,3071.0,3491.0,3972.0,3351.0,3463.0,3604.0,1.18,8.81,4.97,-0.08,0.01,-0.04,1.0,o
1631.0,3137.0,3086.0,3507.0,3957.0,3349.0,3486.0,3570.0,1.25,8.77,5.05,-0.05,-0.01,-0.04,1.0,o
1621.0,3158.0,3063.0,3485.0,3970.0,3342.0,3475.0,3533.0,1.23,8.84,4.92,-0.05,-0.0,-0.04,1.0,o
1622.0,3147.0,3069.0,3520.0,3953.0,3344.0,3461.0,3617.0,1.14,8.87,4.87,-0.08,-0.01,-0.06,1.0,o
1601.0,3155.0,3070.0,3495.0,3949.0,3345.0,3472.0,3617.0,1.2,8.82,4.99,-0.08,-0.01,-0.04,1.0,o
1582.0,3142.0,3081.0,3504.0,3959.0,3357.0,3461.0,3609.0,1.16,8.8,5.09,-0.07,0.0,-0.02,1.0,o
1584.0,3152.0,3090.0,3521.0,3987.0,3343.0,3466.0,3575.0,1.19,8.82,4.95,-0.07,0.01,-0.02,1.0,o
1566.0,3146.0,3071.0,3501.0,3985.0,3361.0,3490.0,3575.0,1.21,8.83,4.95,-0.07,-0.01,-0.03,1.0,o
1562.0,3152.0,3061.0,3495.0,3996.0,3343.0,3474.0,3524.0,1.2,8.79,5.05,-0.06,-0.0,-0.02,1.0,o
1535.0,3142.0,3062.0,3511.0,3953.0,3355.0,3465.0,3568.0,1.29,8.83,4.96,-0.05,0.0,-0.03,1.0,o
1535.0,3149.0,3063.0,3506.0,3981.0,3341.0,3466.0,3573.0,1.32,8.82,5.03,-0.06,-0.02,-0.04,1.0,o
1535.0,3145.0,3066.0,3518.0,3964.0,3353.0,3455.0,3581.0,1.3,8.84,4.94,-0.06,-0.01,-0.03,1.0,o
1530.0,3152.0,3067.0,3520.0,3927.0,3350.0,3477.0,3607.0,1.25,8.8,5.0,-0.07,0.01,-0.03,1.0,o
1526.0,3152.0,3070.0,3505.0,3945.0,3344.0,3465.0,3583.0,1.29,8.84,4.99,-0.06,0.02,-0.02,1.0,o
1505.0,3152.0,3067.0,3504.0,3952.0,3341.0,3463.0,3583.0,1.31,8.85,4.89,-0.06,0.02,-0.04,1.0,o
1535.0,3168.0,3061.0,3531.0,3985.0,3353.0,3473.0,3605.0,1.27,8.85,5.0,-0.06,0.01,-0.03,1.0,o
1488.0,3153.0,3071.0,3543.0,3996.0,3347.0,3455.0,3583.0,1.33,8.8,5.0,-0.05,0.0,-0.04,1.0,o
1535.0,3136.0,3081.0,3519.0,3983.0,3364.0,3483.0,3583.0,1.21,8.78,5.07,-0.05,-0.02,-0.04,1.0,o
1535.0,3139.0,3068.0,3510.0,3977.0,3346.0,3486.0,3583.0,1.17,8.86,4.77,0.05,0.05,-0.05,1.0,o
1562.0,3153.0,3079.0,3530.0,3988.0,3351.0,3475.0,3284.0,1.47,8.95,4.76,-0.1,-0.04,0.02,1.0,o
1571.0,3145.0,3071.0,3526.0,3989.0,3358.0,3474.0,3269.0,1.22,8.78,4.94,-0.06,0.01,-0.03,1.0,o
1554.0,3146.0,3057.0,3527.0,3979.0,3351.0,3470.0,3293.0,1.47,8.82,4.96,-0.09,-0.02,-0.02,1.0,o
1552.0,3154.0,3069.0,3535.0,3971.0,3351.0,3471.0,3677.0,1.33,8.83,4.97,-0.09,0.01,-0.01,1.0,o
1530.0,3152.0,3056.0,3523.0,3985.0,3346.0,3472.0,3710.0,1.37,8.78,4.97,-0.08,0.01,-0.03,1.0,o
1519.0,3160.0,3067.0,3509.0,3986.0,3368.0,3488.0,3741.0,1.47,8.77,5.1,-0.03,0.01,-0.07,1.0,o
1520.0,3151.0,3085.0,3536.0,3979.0,3350.0,3504.0,3718.0,1.38,8.91,4.9,0.0,0.01,-0.11,1.0,o
1525.0,3152.0,3066.0,3520.0,3974.0,3349.0,3482.0,3721.0,1.11,8.88,4.78,-0.07,-0.02,-0.05,1.0,o
1504.0,3161.0,3056.0,3529.0,3982.0,3346.0,3470.0,3713.0,1.28,8.88,4.93,-0.09,0.01,-0.04,1.0,o
1518.0,3152.0,3053.0,3521.0,4003.0,3345.0,3483.0,3698.0,1.18,8.77,5.08,-0.08,-0.0,-0.03,1.0,o
1515.0,3131.0,3065.0,3523.0,3974.0,3351.0,3472.0,3709.0,1.2,8.76,5.03,-0.06,-0.03,-0.04,1.0,o
1531.0,3149.0,3071.0,3530.0,3990.0,3365.0,3491.0,3709.0,1.28,8.79,4.94,-0.06,-0.03,-0.04,1.0,o
1531.0,3152.0,3071.0,3519.0,3995.0,3346.0,3489.0,3730.0,1.24,8.8,5.02,-0.07,-0.01,-0.03,1.0,o
1520.0,3126.0,3063.0,3527.0,3967.0,3376.0,3472.0,3706.0,1.3,8.79,5.02,-0.08,-0.02,-0.04,1.0,o
1526.0,3156.0,3067.0,3526.0,3967.0,3351.0,3480.0,3696.0,1.21,8.78,5.0,-0.07,-0.02,-0.04,1.0,o
1528.0,3152.0,3059.0,3531.0,3971.0,3346.0,3472.0,3718.0,1.31,8.8,4.99,-0.07,0.01,-0.03,1.0,o
1507.0,3157.0,3085.0,3550.0,3995.0,3373.0,3478.0,3734.0,1.3,8.81,5.0,-0.05,0.02,-0.05,1.0,o
1488.0,3147.0,3071.0,3539.0,4003.0,3365.0,3490.0,3727.0,1.24,8.81,4.99,-0.06,0.02,-0.04,1.0,o
1488.0,3142.0,3062.0,3543.0,3971.0,3347.0,3481.0,3722.0,1.21,8.78,4.98,-0.1,-0.03,-0.06,1.0,o
1490.0,3145.0,3088.0,3537.0,3970.0,3360.0,3490.0,3742.0,1.14,8.75,5.07,-0.07,-0.02,-0.04,1.0,o
1487.0,3143.0,3062.0,3538.0,3972.0,3370.0,3472.0,3727.0,1.22,8.81,5.01,-0.05,0.0,-0.02,1.0,o
1502.0,3145.0,3085.0,3545.0,3991.0,3364.0,3483.0,3732.0,1.26,8.79,5.0,-0.07,0.0,-0.03,1.0,o
1491.0,3138.0,3062.0,3522.0,4006.0,3358.0,3472.0,3744.0,1.32,8.8,5.04,-0.04,-0.01,-0.05,1.0,o
1501.0,3152.0,3062.0,3536.0,3995.0,3346.0,3472.0,3708.0,1.3,8.8,5.03,-0.06,-0.01,-0.05,1.0,o
1507.0,3150.0,3086.0,3534.0,3996.0,3363.0,3473.0,3711.0,1.18,8.78,5.09,-0.05,-0.01,-0.04,1.0,o
1489.0,3163.0,3071.0,3520.0,3999.0,3346.0,3472.0,3725.0,1.23,8.77,5.05,-0.06,0.0,-0.02,1.0,o
1495.0,3158.0,3068.0,3575.0,3971.0,3360.0,3488.0,3731.0,1.24,8.79,5.01,-0.07,-0.02,-0.05,1.0,o
1507.0,3153.0,3071.0,3552.0,3974.0,3383.0,3473.0,3735.0,1.15,8.79,5.02,-0.07,-0.0,-0.03,1.0,o
1496.0,3144.0,3071.0,3558.0,3986.0,3374.0,3489.0,3747.0,1.24,8.77,5.04,-0.07,-0.01,-0.02,1.0,o
3503.0,3683.0,3104.0,3457.0,3924.0,3406.0,3646.0,3713.0,1.16,8.91,4.87,-0.0,0.03,-0.02,1.0,o
3498.0,3699.0,3098.0,3455.0,3961.0,3391.0,3643.0,3703.0,1.1,8.91,4.83,-0.07,0.01,-0.05,1.0,o
3502.0,3703.0,3118.0,3456.0,3950.0,3395.0,3669.0,3712.0,1.02,8.82,5.12,-0.08,-0.02,-0.04,1.0,o
3471.0,3709.0,3106.0,3454.0,3935.0,3409.0,3648.0,3728.0,1.18,8.9,4.89,-0.01,0.0,-0.03,1.0,o
3458.0,3711.0,3101.0,3453.0,3953.0,3423.0,3662.0,3735.0,1.01,8.91,4.84,-0.05,0.01,-0.04,1.0,o
3475.0,3689.0,3101.0,3454.0,3929.0,3418.0,3632.0,3806.0,1.07,8.88,4.88,-0.06,0.0,-0.04,1.0,o
3468.0,3707.0,3116.0,3479.0,3920.0,3413.0,3579.0,3845.0,1.15,8.83,5.04,-0.06,-0.0,-0.03,1.0,o
3451.0,3712.0,3115.0,3481.0,3898.0,3401.0,3658.0,3851.0,1.05,8.83,4.97,-0.05,-0.02,-0.03,1.0,o
3457.0,3707.0,3123.0,3465.0,3906.0,3417.0,3635.0,3839.0,1.1,8.87,4.89,-0.03,-0.02,-0.04,1.0,o
3429.0,3726.0,3099.0,3488.0,3921.0,3418.0,3644.0,3825.0,1.1,8.88,4.84,-0.06,-0.03,-0.05,1.0,o
3442.0,3716.0,3107.0,3481.0,3938.0,3435.0,3655.0,3838.0,1.07,8.93,4.79,-0.07,-0.01,-0.05,1.0,o
3431.0,3713.0,3107.0,3485.0,3947.0,3415.0,3651.0,3879.0,1.17,8.84,4.97,-0.08,-0.01,-0.03,1.0,o
3434.0,3719.0,3100.0,3497.0,3943.0,3426.0,3629.0,3875.0,1.12,8.85,4.87,-0.07,-0.03,-0.05,1.0,o
3426.0,3693.0,3090.0,3479.0,3947.0,3411.0,3643.0,3886.0,0.96,8.81,5.03,-0.05,-0.03,-0.02,1.0,o
3434.0,3700.0,3120.0,3505.0,3966.0,3426.0,3639.0,3894.0,1.34,8.88,4.8,-0.06,-0.13,-0.06,1.0,o
3440.0,3687.0,3107.0,3487.0,3971.0,3421.0,3654.0,3888.0,1.24,8.84,5.0,-0.07,-0.02,-0.04,1.0,o
3449.0,3711.0,3110.0,3504.0,3952.0,3415.0,3655.0,3884.0,1.08,8.87,4.86,-0.05,0.01,-0.04,1.0,o
3415.0,3708.0,3106.0,3505.0,3979.0,3435.0,3653.0,3922.0,1.19,8.88,4.88,-0.07,-0.02,-0.03,1.0,o
3393.0,3690.0,3120.0,3527.0,3984.0,3424.0,3654.0,3907.0,1.22,8.88,4.91,-0.06,-0.02,-0.03,1.0,o
3388.0,3697.0,3102.0,3514.0,3997.0,3439.0,3657.0,3935.0,1.25,8.89,4.85,-0.07,-0.02,-0.02,1.0,o
3396.0,3710.0,3103.0,3499.0,4018.0,3428.0,3664.0,3920.0,1.21,8.85,4.88,-0.06,0.01,-0.03,1.0,o
3377.0,3694.0,3098.0,3515.0,3997.0,3423.0,3651.0,3925.0,1.2,8.86,4.94,-0.04,0.01,-0.06,1.0,o
3361.0,3700.0,3126.0,3536.0,3965.0,3427.0,3632.0,3910.0,1.12,8.85,4.86,-0.07,-0.01,-0.03,1.0,o
3350.0,3668.0,3111.0,3521.0,3973.0,3440.0,3648.0,3923.0,1.12,8.89,4.75,-0.08,-0.02,-0.04,1.0,o
3375.0,3710.0,3103.0,3507.0,3962.0,3418.0,3635.0,3952.0,1.26,8.87,4.95,-0.06,0.03,-0.02,1.0,o
3386.0,3703.0,3120.0,3535.0,3955.0,3433.0,3651.0,3946.0,1.28,8.84,4.92,-0.06,0.0,-0.04,1.0,o
3381.0,3717.0,3109.0,3521.0,3964.0,3411.0,3653.0,3923.0,1.17,8.87,4.87,-0.05,-0.0,-0.05,1.0,o
3376.0,3692.0,3107.0,3542.0,3978.0,3435.0,3660.0,3934.0,1.15,8.94,4.73,-0.05,-0.02,-0.04,1.0,o
3354.0,3687.0,3111.0,3539.0,3984.0,3437.0,3643.0,3859.0,1.22,8.87,4.93,-0.07,-0.01,-0.01,1.0,o
3360.0,3711.0,3116.0,3539.0,3997.0,3427.0,3664.0,3908.0,1.21,8.84,4.92,-0.07,-0.01,-0.02,1.0,o
3380.0,3687.0,3103.0,3543.0,3968.0,3423.0,3651.0,3955.0,1.25,8.84,4.91,-0.07,0.0,-0.04,1.0,o
3346.0,3693.0,3098.0,3535.0,3965.0,3425.0,3633.0,3947.0,1.26,8.88,4.85,-0.06,-0.01,-0.04,1.0,o
3354.0,3691.0,3102.0,3534.0,3984.0,3431.0,3648.0,3960.0,1.15,8.84,4.89,-0.07,-0.0,-0.04,1.0,o
3377.0,3697.0,3105.0,3546.0,3973.0,3430.0,3655.0,3909.0,1.18,8.86,4.92,-0.07,0.0,-0.03,1.0,o
3370.0,3674.0,3103.0,3547.0,4011.0,3421.0,3637.0,3927.0,1.29,8.86,4.94,-0.06,-0.01,-0.04,1.0,o
3376.0,3713.0,3115.0,3551.0,4005.0,3423.0,3648.0,3951.0,1.21,8.88,4.87,-0.06,-0.01,-0.04,1.0,o
3386.0,3696.0,3092.0,3535.0,3985.0,3423.0,3651.0,3932.0,1.22,8.88,4.84,-0.07,-0.02,-0.04,1.0,o
3373.0,3696.0,3103.0,3519.0,3972.0,3430.0,3637.0,3915.0,1.2,8.84,4.92,-0.09,-0.03,-0.04,1.0,o
3408.0,3702.0,3112.0,3511.0,4007.0,3419.0,3648.0,3942.0,1.21,8.8,5.0,-0.04,0.02,-0.03,1.0,o
3422.0,3710.0,3107.0,3525.0,3975.0,3429.0,3632.0,3941.0,1.27,8.88,4.87,-0.05,-0.02,-0.04,1.0,o
1251.0,3189.0,3067.0,3573.0,3819.0,3333.0,3502.0,3844.0,0.78,9.19,4.26,-0.06,-0.02,-0.04,1.0,o
1249.0,3207.0,3056.0,3582.0,3813.0,3330.0,3479.0,3845.0,0.77,9.25,4.18,-0.02,0.0,-0.04,1.0,o
1245.0,3174.0,3057.0,3556.0,3807.0,3324.0,3468.0,3862.0,0.75,9.19,4.23,-0.1,-0.02,-0.04,1.0,o
1247.0,3201.0,3083.0,3580.0,3847.0,3344.0,3472.0,3854.0,0.91,9.16,4.42,-0.08,-0.0,-0.04,1.0,o
1244.0,3188.0,3081.0,3600.0,3826.0,3328.0,3480.0,3844.0,0.87,9.16,4.39,-0.04,-0.0,-0.05,1.0,o
1244.0,3195.0,3062.0,3581.0,3836.0,3347.0,3482.0,3861.0,0.81,9.16,4.33,-0.04,0.0,-0.03,1.0,o
1236.0,3196.0,3085.0,3599.0,3824.0,3343.0,3504.0,3826.0,0.79,9.18,4.29,-0.08,-0.02,-0.05,1.0,o
1244.0,3181.0,3065.0,3563.0,3842.0,3327.0,3476.0,3873.0,0.71,9.09,4.55,-0.06,-0.03,-0.04,1.0,o
1237.0,3196.0,3083.0,3583.0,3851.0,3333.0,3473.0,3878.0,0.85,9.19,4.2,-0.03,-0.01,-0.04,1.0,o
1238.0,3184.0,3069.0,3601.0,3847.0,3339.0,3481.0,3871.0,0.73,9.19,4.31,-0.07,0.0,-0.03,1.0,o
1242.0,3189.0,3071.0,3568.0,3824.0,3333.0,3474.0,3870.0,0.72,9.14,4.4,-0.08,-0.02,-0.05,1.0,o
1239.0,3183.0,3067.0,3574.0,3831.0,3333.0,3505.0,3881.0,0.77,9.21,4.24,-0.05,-0.01,-0.04,1.0,o
1254.0,3184.0,3094.0,3567.0,3813.0,3329.0,3487.0,3855.0,0.78,9.27,4.08,-0.06,0.04,-0.02,1.0,o
1239.0,3191.0,3059.0,3579.0,3826.0,3326.0,3489.0,3858.0,0.75,9.13,4.51,-0.1,-0.04,-0.04,1.0,o
1241.0,3185.0,3062.0,3570.0,3839.0,3344.0,3482.0,3871.0,0.85,9.15,4.38,-0.07,0.02,0.01,1.0,o
1233.0,3182.0,3069.0,3603.0,3826.0,3330.0,3502.0,3891.0,0.91,9.13,4.48,-0.06,-0.03,-0.04,1.0,o
1249.0,3191.0,3059.0,3583.0,3824.0,3342.0,3486.0,3856.0,0.83,9.16,4.39,-0.04,-0.03,-0.06,1.0,o
1257.0,3187.0,3071.0,3575.0,3853.0,3327.0,3486.0,3873.0,0.71,9.18,4.23,-0.08,-0.01,-0.04,1.0,o
1239.0,3188.0,3069.0,3568.0,3851.0,3339.0,3477.0,3878.0,0.87,9.14,4.36,-0.06,0.0,-0.03,1.0,o
1238.0,3207.0,3086.0,3568.0,3819.0,3344.0,3479.0,3879.0,0.85,9.15,4.33,-0.05,0.0,-0.03,1.0,o
3217.0,3251.0,3026.0,3626.0,4017.0,3459.0,3569.0,3229.0,0.89,9.16,4.21,-0.08,-0.03,-0.07,1.0,o
3235.0,3247.0,3025.0,3649.0,4034.0,3461.0,3567.0,3234.0,0.71,9.22,4.28,-0.06,-0.01,-0.04,1.0,o
3231.0,3257.0,3027.0,3631.0,4031.0,3434.0,3573.0,3233.0,0.71,9.24,4.24,-0.1,-0.01,-0.03,1.0,o
3242.0,3248.0,3037.0,3639.0,4069.0,3436.0,3574.0,3229.0,0.94,9.16,4.45,-0.05,-0.02,-0.02,1.0,o
3229.0,3257.0,3026.0,3630.0,4058.0,3440.0,3582.0,3231.0,0.85,9.2,4.26,-0.04,-0.02,-0.04,1.0,o
3220.0,3250.0,3040.0,3632.0,4047.0,3434.0,3568.0,3247.0,0.88,9.16,4.38,-0.07,-0.01,-0.02,1.0,o
3209.0,3250.0,3053.0,3637.0,4083.0,3455.0,3583.0,3255.0,0.79,9.15,4.3,-0.05,-0.01,-0.04,1.0,o
3204.0,3237.0,3035.0,3641.0,4063.0,3466.0,3568.0,3259.0,0.87,9.2,4.24,-0.06,0.01,-0.04,1.0,o
3088.0,3248.0,3034.0,3637.0,4058.0,3444.0,3574.0,3243.0,0.87,9.17,4.32,-0.03,0.01,-0.03,1.0,o
3087.0,3234.0,3026.0,3645.0,4085.0,3442.0,3574.0,3239.0,0.77,9.16,4.35,-0.09,-0.04,-0.04,1.0,o
3085.0,3248.0,3039.0,3648.0,4048.0,3460.0,3583.0,3232.0,0.91,9.18,4.26,-0.02,0.02,-0.03,1.0,o
3071.0,3251.0,3027.0,3659.0,4066.0,3438.0,3582.0,3248.0,0.93,9.23,4.2,-0.08,-0.0,-0.05,1.0,o
3070.0,3248.0,3025.0,3683.0,4048.0,3447.0,3599.0,3242.0,0.9,9.08,4.55,-0.06,-0.03,-0.06,1.0,o
3060.0,3246.0,3058.0,3660.0,4076.0,3442.0,3568.0,3223.0,0.91,9.22,4.25,-0.03,-0.01,-0.06,1.0,o
3045.0,3253.0,3027.0,3684.0,4047.0,3462.0,3574.0,3239.0,0.75,9.14,4.4,-0.03,0.01,-0.03,1.0,o
3040.0,3248.0,3038.0,3677.0,4079.0,3439.0,3559.0,3229.0,0.79,9.12,4.42,-0.08,-0.02,-0.05,1.0,o
3060.0,3243.0,3039.0,3682.0,4074.0,3443.0,3583.0,3242.0,0.72,9.14,4.39,-0.08,-0.02,-0.04,1.0,o
3055.0,3248.0,3023.0,3680.0,4064.0,3463.0,3563.0,3232.0,0.89,9.22,4.24,-0.04,0.0,-0.03,1.0,o
3046.0,3239.0,3034.0,3680.0,4045.0,3466.0,3561.0,3227.0,0.78,9.25,4.14,-0.08,-0.0,-0.04,1.0,o
3046.0,3248.0,3038.0,3696.0,4048.0,3440.0,3616.0,3245.0,0.79,9.17,4.34,-0.06,0.02,-0.03,1.0,o
3052.0,3239.0,3037.0,3694.0,4082.0,3455.0,3577.0,3253.0,0.77,9.19,4.24,-0.09,-0.01,-0.01,1.0,o
3029.0,3249.0,3025.0,3675.0,4089.0,3441.0,3577.0,3242.0,0.83,9.11,4.45,-0.07,0.0,-0.03,1.0,o
3025.0,3248.0,3043.0,3666.0,4059.0,3438.0,3567.0,3239.0,0.88,9.15,4.38,-0.05,-0.01,-0.02,1.0,o
3038.0,3248.0,3036.0,3673.0,4051.0,3449.0,3557.0,3244.0,0.86,9.21,4.15,-0.07,-0.01,-0.04,1.0,o
3030.0,3255.0,3030.0,3668.0,4065.0,3438.0,3567.0,3242.0,0.81,9.16,4.36,-0.07,0.0,-0.03,1.0,o
3031.0,3266.0,3031.0,3690.0,4079.0,3441.0,3549.0,3221.0,0.82,9.11,4.37,-0.1,-0.02,-0.03,1.0,o
3027.0,3273.0,3031.0,3687.0,4065.0,3442.0,3566.0,3255.0,0.87,9.16,4.36,-0.04,0.02,-0.05,1.0,o
3041.0,3242.0,3042.0,3661.0,4080.0,3442.0,3598.0,3229.0,0.84,9.2,4.28,-0.05,0.01,-0.02,1.0,o
3031.0,3263.0,3016.0,3667.0,4085.0,3443.0,3574.0,3248.0,0.89,9.11,4.44,-0.07,-0.02,-0.03,1.0,o
3034.0,3248.0,3036.0,3677.0,4048.0,3442.0,3571.0,3241.0,0.97,9.17,4.32,-0.05,-0.02,-0.05,1.0,o
3019.0,3242.0,3035.0,3669.0,4059.0,3445.0,3579.0,3235.0,0.87,9.17,4.31,-0.05,-0.01,-0.05,1.0,o
3014.0,3242.0,3040.0,3679.0,4059.0,3447.0,3567.0,3241.0,0.82,9.18,4.34,-0.05,0.0,-0.03,1.0,o
3019.0,3248.0,3020.0,3698.0,4066.0,3446.0,3569.0,3239.0,0.92,9.16,4.34,-0.05,0.01,-0.03,1.0,o
3023.0,3245.0,3031.0,3696.0,4065.0,3435.0,3571.0,3246.0,0.93,9.16,4.36,-0.05,0.0,-0.05,1.0,o
3008.0,3242.0,3037.0,3655.0,4057.0,3445.0,3551.0,3254.0,0.86,9.17,4.38,-0.05,-0.02,-0.05,1.0,o
3008.0,3246.0,3034.0,3673.0,4051.0,3415.0,3550.0,3257.0,0.9,9.17,4.3,-0.03,0.02,-0.04,1.0,o
3019.0,3259.0,3035.0,3685.0,4055.0,3440.0,3553.0,3248.0,0.82,9.18,4.34,-0.04,-0.01,-0.03,1.0,o
3030.0,3262.0,3040.0,3668.0,4079.0,3434.0,3568.0,3233.0,0.7,9.22,4.16,-0.09,-0.03,-0.02,1.0,o
3008.0,3251.0,3038.0,3660.0,4079.0,3453.0,3573.0,3231.0,0.88,9.14,4.34,-0.11,0.01,-0.0,1.0,o
3021.0,3258.0,3040.0,3691.0,4048.0,3450.0,3577.0,3247.0,1.03,9.15,4.5,-0.06,0.01,-0.02,1.0,o
2853.0,3149.0,3063.0,3506.0,4007.0,3410.0,3582.0,3310.0,0.6,9.01,4.55,-0.07,-0.01,-0.05,1.0,o
2834.0,3148.0,3056.0,3486.0,4013.0,3392.0,3577.0,3327.0,0.78,9.16,4.33,-0.06,0.01,-0.03,1.0,o
2820.0,3171.0,3051.0,3507.0,3997.0,3395.0,3559.0,3312.0,0.78,9.16,4.51,-0.08,-0.01,-0.02,1.0,o
2832.0,3182.0,3058.0,3515.0,4007.0,3411.0,3581.0,3340.0,0.88,9.12,4.44,-0.02,0.01,-0.04,1.0,o
2815.0,3161.0,3054.0,3505.0,4016.0,3408.0,3582.0,3330.0,0.71,9.17,4.37,-0.06,0.02,-0.04,1.0,o
2817.0,3152.0,3056.0,3498.0,4028.0,3386.0,3579.0,3322.0,0.71,9.08,4.53,-0.1,0.01,-0.02,1.0,o
2823.0,3162.0,3061.0,3499.0,4032.0,3386.0,3583.0,3328.0,0.79,9.13,4.45,-0.03,-0.0,-0.05,1.0,o
2814.0,3169.0,3066.0,3509.0,4007.0,3395.0,3583.0,3344.0,0.75,9.16,4.37,-0.05,-0.01,-0.06,1.0,o
2813.0,3179.0,3058.0,3535.0,4041.0,3407.0,3565.0,3313.0,0.73,9.17,4.4,-0.04,0.01,-0.03,1.0,o
2815.0,3170.0,3045.0,3517.0,4023.0,3406.0,3565.0,3347.0,0.8,9.08,4.5,-0.07,-0.01,-0.04,1.0,o
2817.0,3158.0,3059.0,3508.0,4032.0,3347.0,3599.0,3346.0,0.73,9.14,4.45,-0.05,-0.01,-0.05,1.0,o
2811.0,3167.0,3086.0,3474.0,4027.0,3401.0,3568.0,3333.0,0.7,9.13,4.43,-0.06,0.0,-0.04,1.0,o
2791.0,3155.0,3051.0,3515.0,4010.0,3397.0,3583.0,3327.0,0.69,9.12,4.41,-0.06,-0.01,-0.02,1.0,o
2810.0,3169.0,3056.0,3522.0,4047.0,3402.0,3598.0,3317.0,0.78,9.14,4.4,-0.06,0.0,-0.03,1.0,o
2811.0,3165.0,3067.0,3513.0,4022.0,3405.0,3578.0,3330.0,0.66,9.13,4.43,-0.06,-0.02,-0.04,1.0,o
2809.0,3167.0,3062.0,3521.0,4013.0,3404.0,3583.0,3319.0,0.83,9.16,4.34,-0.06,-0.0,-0.02,1.0,o
2784.0,3165.0,3045.0,3530.0,4033.0,3409.0,3579.0,3316.0,0.68,9.12,4.42,-0.07,-0.02,-0.03,1.0,o
2817.0,3159.0,3042.0,3515.0,4013.0,3392.0,3577.0,3311.0,0.79,9.16,4.31,-0.04,0.01,-0.05,1.0,o
2800.0,3173.0,3057.0,3539.0,4034.0,3402.0,3573.0,3298.0,0.82,9.19,4.38,-0.07,0.02,-0.01,1.0,o
2800.0,3165.0,3071.0,3525.0,4036.0,3408.0,3583.0,3315.0,0.76,9.17,4.33,-0.07,0.01,-0.02,1.0,o
2789.0,3163.0,3058.0,3536.0,4041.0,3392.0,3572.0,3334.0,0.74,9.1,4.45,-0.07,-0.01,-0.04,1.0,o
2794.0,3157.0,3058.0,3539.0,4016.0,3395.0,3569.0,3315.0,0.75,9.15,4.42,-0.07,-0.02,-0.04,1.0,o
2814.0,3158.0,3063.0,3531.0,4003.0,3406.0,3565.0,3331.0,0.79,9.16,4.38,-0.05,0.01,-0.02,1.0,o
2786.0,3168.0,3056.0,3537.0,4047.0,3406.0,3577.0,3309.0,0.87,9.14,4.37,-0.08,-0.03,-0.01,1.0,o
2794.0,3175.0,3059.0,3547.0,4035.0,3407.0,3575.0,3323.0,0.82,9.11,4.48,-0.09,-0.03,-0.04,1.0,o
2794.0,3184.0,3051.0,3518.0,4049.0,3393.0,3575.0,3318.0,0.68,9.08,4.43,-0.05,-0.03,-0.07,1.0,o
2797.0,3175.0,3060.0,3542.0,4007.0,3393.0,3568.0,3323.0,0.88,9.24,4.19,-0.04,-0.0,-0.03,1.0,o
2787.0,3165.0,3056.0,3539.0,4016.0,3391.0,3573.0,3259.0,0.83,9.13,4.41,-0.06,0.01,-0.03,1.0,o
2799.0,3175.0,3071.0,3517.0,3999.0,3371.0,3583.0,3308.0,0.79,9.14,4.36,-0.03,0.02,-0.03,1.0,o
2798.0,3158.0,3052.0,3524.0,4017.0,3407.0,3579.0,3312.0,0.95,9.19,4.35,-0.08,0.01,-0.04,1.0,o
2789.0,3179.0,3058.0,3536.0,4001.0,3413.0,3599.0,3327.0,0.85,9.08,4.55,-0.07,0.03,-0.01,1.0,o
2795.0,3161.0,3055.0,3533.0,4029.0,3393.0,3558.0,3319.0,0.78,9.13,4.33,-0.06,-0.05,-0.05,1.0,o
2800.0,3161.0,3062.0,3536.0,4039.0,3403.0,3621.0,3300.0,0.82,9.06,4.54,-0.1,-0.03,-0.05,1.0,o
2782.0,3174.0,3063.0,3569.0,4016.0,3395.0,3569.0,3299.0,0.94,9.1,4.51,-0.03,-0.0,-0.03,1.0,o
2783.0,3181.0,3058.0,3550.0,4040.0,3397.0,3578.0,3303.0,0.81,9.13,4.41,-0.06,-0.02,-0.05,1.0,o
2771.0,3152.0,3058.0,3540.0,4001.0,3383.0,3571.0,3306.0,0.79,9.11,4.45,-0.07,0.0,-0.03,1.0,o
2779.0,3152.0,3061.0,3536.0,4032.0,3394.0,3574.0,3323.0,0.84,9.11,4.44,-0.06,0.01,-0.03,1.0,o
2782.0,3166.0,3056.0,3539.0,4021.0,3397.0,3559.0,3312.0,0.91,9.11,4.47,-0.08,-0.02,-0.05,1.0,o
2777.0,3162.0,3061.0,3537.0,4037.0,3418.0,3577.0,3306.0,0.86,9.14,4.4,-0.02,0.03,-0.05,1.0,o
2799.0,3156.0,3060.0,3548.0,4009.0,3392.0,3568.0,3309.0,0.82,9.08,4.53,-0.06,-0.02,-0.04,1.0,o
2783.0,3167.0,3054.0,3541.0,4005.0,3391.0,3573.0,3289.0,0.76,9.11,4.41,-0.06,-0.01,-0.03,1.0,o
2789.0,3174.0,3068.0,3556.0,4023.0,3408.0,3583.0,3312.0,0.81,9.13,4.44,-0.05,0.0,-0.03,1.0,o
2798.0,3153.0,3056.0,3531.0,4016.0,3355.0,3581.0,3275.0,0.91,9.17,4.36,-0.05,0.01,-0.02,1.0,o
2789.0,3157.0,3083.0,3546.0,4032.0,3393.0,3567.0,3299.0,0.86,9.15,4.43,-0.06,0.01,-0.04,1.0,o
2790.0,3163.0,3056.0,3536.0,4021.0,3394.0,3569.0,3306.0,0.78,9.09,4.52,-0.05,0.02,-0.03,1.0,o
2791.0,3175.0,3055.0,3534.0,4048.0,3407.0,3561.0,3295.0,0.87,9.12,4.4,-0.07,-0.0,-0.04,1.0,o
2783.0,3152.0,3055.0,3536.0,4095.0,3407.0,3583.0,3296.0,0.81,9.11,4.47,-0.05,-0.01,-0.05,1.0,o
2813.0,3172.0,3058.0,3537.0,4041.0,3403.0,3583.0,3287.0,0.83,9.13,4.37,-0.06,-0.01,-0.03,1.0,o
2786.0,3172.0,3063.0,3536.0,4015.0,3402.0,3577.0,3282.0,0.83,9.12,4.47,-0.05,0.0,-0.04,1.0,o
2800.0,3152.0,3053.0,3537.0,4017.0,3413.0,3583.0,3298.0,0.81,9.1,4.47,-0.06,0.0,-0.03,1.0,o
2782.0,3153.0,3063.0,3563.0,4044.0,3393.0,3583.0,3283.0,0.83,9.14,4.39,-0.05,-0.01,-0.04,1.0,o
2781.0,3173.0,3059.0,3555.0,4031.0,3409.0,3583.0,3285.0,0.8,9.11,4.47,-0.06,-0.02,-0.03,1.0,o
2794.0,3157.0,3066.0,3530.0,4023.0,3404.0,3601.0,3286.0,0.84,9.11,4.41,-0.06,-0.01,-0.04,1.0,o
2788.0,3171.0,3057.0,3547.0,4037.0,3397.0,3583.0,3287.0,0.84,9.12,4.49,-0.05,-0.01,-0.05,1.0,o
2794.0,3170.0,3062.0,3557.0,4061.0,3407.0,3575.0,3319.0,0.87,9.16,4.35,-0.06,-0.01,-0.03,1.0,o
2796.0,3157.0,3071.0,3551.0,4017.0,3391.0,3583.0,3292.0,0.75,9.11,4.43,-0.07,-0.01,-0.04,1.0,o
2789.0,3161.0,3044.0,3533.0,4041.0,3399.0,3569.0,3294.0,0.84,9.07,4.51,-0.05,0.0,-0.03,1.0,o
2794.0,3175.0,3071.0,3551.0,4034.0,3406.0,3582.0,3306.0,0.8,9.11,4.41,-0.07,-0.01,-0.04,1.0,o
2786.0,3154.0,3056.0,3562.0,4062.0,3402.0,3563.0,3299.0,0.8,9.13,4.46,-0.06,-0.01,-0.03,1.0,o
2779.0,3175.0,3043.0,3574.0,4011.0,3397.0,3571.0,3281.0,0.82,9.14,4.42,-0.06,-0.0,-0.03,1.0,o
3127.0,3680.0,3121.0,3327.0,3906.0,3319.0,3568.0,3503.0,1.25,9.19,4.28,-0.07,-0.01,-0.04,1.0,o
3119.0,3646.0,3107.0,3331.0,3937.0,3312.0,3566.0,3668.0,1.02,9.22,4.11,-0.07,0.0,-0.03,1.0,o
3120.0,3669.0,3091.0,3328.0,3965.0,3330.0,3568.0,3728.0,1.27,9.16,4.27,-0.08,0.0,-0.03,1.0,o
3119.0,3671.0,3120.0,3337.0,3935.0,3319.0,3583.0,3685.0,1.16,9.19,4.22,-0.07,-0.0,-0.04,1.0,o
3136.0,3696.0,3110.0,3354.0,3921.0,3328.0,3598.0,3680.0,1.16,9.22,4.23,-0.06,-0.01,-0.04,1.0,o
3129.0,3654.0,3119.0,3343.0,3941.0,3327.0,3583.0,3775.0,1.2,9.21,4.13,-0.05,0.0,-0.05,1.0,o
3113.0,3674.0,3110.0,3368.0,3917.0,3306.0,3583.0,3792.0,1.16,9.15,4.34,-0.06,0.01,-0.03,1.0,o
3110.0,3651.0,3106.0,3344.0,3949.0,3318.0,3574.0,3795.0,1.1,9.2,4.14,-0.07,-0.01,-0.06,1.0,o
3129.0,3664.0,3111.0,3355.0,3930.0,3344.0,3583.0,3795.0,1.19,9.23,4.2,-0.07,0.0,-0.03,1.0,o
3125.0,3670.0,3107.0,3378.0,3933.0,3325.0,3582.0,3763.0,1.15,9.19,4.18,-0.07,0.0,-0.03,1.0,o
3111.0,3677.0,3105.0,3366.0,3936.0,3331.0,3582.0,3792.0,1.19,9.1,4.33,-0.04,-0.0,-0.05,1.0,o
3117.0,3658.0,3124.0,3373.0,3943.0,3325.0,3583.0,3763.0,1.04,9.14,4.23,-0.08,-0.02,-0.03,1.0,o
3111.0,3676.0,3111.0,3366.0,3956.0,3319.0,3568.0,3786.0,1.38,9.22,4.16,-0.03,-0.02,-0.05,1.0,o
3099.0,3682.0,3117.0,3371.0,3958.0,3328.0,3582.0,3783.0,1.17,9.19,4.16,-0.07,-0.05,-0.05,1.0,o
3101.0,3676.0,3116.0,3373.0,3956.0,3321.0,3573.0,3797.0,1.13,9.17,4.32,-0.06,-0.02,-0.03,1.0,o
3119.0,3691.0,3094.0,3366.0,3963.0,3337.0,3582.0,3760.0,1.17,9.27,4.05,-0.04,0.03,-0.04,1.0,o
3089.0,3701.0,3113.0,3365.0,3983.0,3325.0,3583.0,3765.0,1.22,9.18,4.32,-0.06,0.0,-0.04,1.0,o
3109.0,3667.0,3101.0,3383.0,3938.0,3328.0,3568.0,3831.0,1.13,9.19,4.19,-0.05,0.02,-0.03,1.0,o
3090.0,3681.0,3122.0,3367.0,3959.0,3317.0,3582.0,3798.0,1.21,9.2,4.2,-0.06,0.01,-0.03,1.0,o
3098.0,3683.0,3110.0,3369.0,3953.0,3328.0,3583.0,3805.0,1.16,9.18,4.26,-0.06,0.0,-0.03,1.0,o
3093.0,3670.0,3106.0,3389.0,3953.0,3337.0,3610.0,3805.0,1.21,9.19,4.19,-0.06,-0.01,-0.05,1.0,o
3082.0,3668.0,3105.0,3383.0,3943.0,3350.0,3582.0,3790.0,1.22,9.23,4.19,-0.05,-0.0,-0.04,1.0,o
3082.0,3706.0,3113.0,3391.0,3969.0,3342.0,3597.0,3771.0,1.17,9.24,4.16,-0.05,-0.01,-0.05,1.0,o
3102.0,3689.0,3120.0,3376.0,3946.0,3341.0,3583.0,3799.0,1.12,9.22,4.13,-0.1,-0.0,-0.03,1.0,o
3111.0,3682.0,3117.0,3369.0,3982.0,3347.0,3583.0,3793.0,1.17,9.16,4.36,-0.07,0.0,-0.02,1.0,o
3095.0,3681.0,3132.0,3403.0,3888.0,3345.0,3583.0,3762.0,1.26,9.22,4.16,-0.04,0.01,-0.05,1.0,o
3101.0,3679.0,3117.0,3393.0,3952.0,3333.0,3583.0,3762.0,1.13,9.17,4.24,-0.07,-0.01,-0.05,1.0,o
3094.0,3691.0,3119.0,3397.0,3953.0,3339.0,3579.0,3789.0,1.13,9.2,4.19,-0.04,0.03,-0.03,1.0,o
3085.0,3675.0,3123.0,3377.0,3977.0,3307.0,3570.0,3787.0,1.2,9.22,4.21,-0.06,-0.01,-0.05,1.0,o
3082.0,3683.0,3111.0,3392.0,3950.0,3345.0,3600.0,3760.0,1.17,9.19,4.25,-0.07,-0.01,-0.04,1.0,o
3087.0,3707.0,3120.0,3391.0,3977.0,3329.0,3583.0,3783.0,1.15,9.21,4.19,-0.05,0.01,-0.05,1.0,o
3066.0,3666.0,3114.0,3376.0,3950.0,3344.0,3575.0,3777.0,1.12,9.2,4.22,-0.06,0.01,-0.03,1.0,o
3071.0,3701.0,3140.0,3407.0,3963.0,3330.0,3614.0,3774.0,1.11,9.21,4.16,-0.07,0.01,-0.03,1.0,o
3071.0,3702.0,3110.0,3377.0,3954.0,3327.0,3602.0,3766.0,1.07,9.18,4.24,-0.08,-0.03,-0.03,1.0,o
3056.0,3694.0,3111.0,3376.0,3981.0,3334.0,3609.0,3780.0,1.12,9.18,4.27,-0.05,0.01,-0.02,1.0,o
3027.0,3694.0,3107.0,3394.0,3949.0,3342.0,3579.0,3770.0,1.22,9.22,4.16,-0.06,0.03,-0.04,1.0,o
3037.0,3687.0,3120.0,3376.0,3955.0,3346.0,3583.0,3775.0,1.15,9.19,4.2,-0.07,-0.0,-0.04,1.0,o
3035.0,3686.0,3114.0,3391.0,3970.0,3328.0,3581.0,3777.0,1.13,9.18,4.24,-0.06,-0.01,-0.03,1.0,o
3026.0,3691.0,3117.0,3393.0,3937.0,3346.0,3583.0,3773.0,1.14,9.16,4.25,-0.08,-0.01,-0.03,1.0,o
3042.0,3676.0,3113.0,3401.0,3978.0,3335.0,3635.0,3824.0,1.17,9.17,4.25,-0.05,-0.0,-0.03,1.0,o
3028.0,3709.0,3113.0,3389.0,3972.0,3338.0,3573.0,3824.0,1.22,9.2,4.24,-0.06,-0.01,-0.04,1.0,o
3024.0,3693.0,3114.0,3392.0,3958.0,3335.0,3606.0,3792.0,1.12,9.18,4.27,-0.07,0.0,-0.02,1.0,o
3039.0,3696.0,3120.0,3387.0,3959.0,3337.0,3639.0,3818.0,1.21,9.18,4.27,-0.06,0.0,-0.03,1.0,o
3024.0,3697.0,3104.0,3397.0,3959.0,3342.0,3599.0,3824.0,1.19,9.15,4.32,-0.07,-0.02,-0.04,1.0,o
3027.0,3713.0,3119.0,3392.0,3965.0,3343.0,3600.0,3813.0,1.17,9.17,4.25,-0.07,-0.01,-0.03,1.0,o
3025.0,3696.0,3119.0,3389.0,3984.0,3343.0,3575.0,3811.0,1.21,9.19,4.24,-0.06,-0.0,-0.04,1.0,o
3031.0,3691.0,3101.0,3383.0,3984.0,3359.0,3583.0,3815.0,1.24,9.15,4.32,-0.06,-0.01,-0.04,1.0,o
3018.0,3706.0,3115.0,3399.0,3955.0,3331.0,3607.0,3825.0,1.14,9.17,4.28,-0.05,0.01,-0.03,1.0,o
3013.0,3687.0,3122.0,3396.0,3985.0,3354.0,3579.0,3847.0,1.3,9.19,4.22,-0.08,0.01,-0.02,1.0,o
3018.0,3691.0,3115.0,3395.0,3951.0,3350.0,3583.0,3807.0,1.25,9.13,4.38,-0.06,-0.0,-0.04,1.0,o
3019.0,3719.0,3113.0,3389.0,3970.0,3358.0,3619.0,3837.0,1.08,9.19,4.25,-0.05,-0.0,-0.05,1.0,o
3008.0,3696.0,3124.0,3401.0,3974.0,3358.0,3600.0,3794.0,1.15,9.21,4.2,-0.06,-0.01,-0.04,1.0,o
3014.0,3710.0,3098.0,3391.0,3950.0,3341.0,3579.0,3792.0,1.19,9.19,4.22,-0.07,-0.01,-0.02,1.0,o
3026.0,3696.0,3110.0,3387.0,3983.0,3341.0,3601.0,3792.0,1.19,9.17,4.3,-0.06,0.01,-0.02,1.0,o
3008.0,3726.0,3114.0,3413.0,3959.0,3344.0,3583.0,3837.0,1.19,9.15,4.26,-0.07,0.01,-0.04,1.0,o
3004.0,3715.0,3119.0,3408.0,3985.0,3339.0,3568.0,3814.0,1.12,9.14,4.29,-0.04,0.01,-0.04,1.0,o
3009.0,3691.0,3120.0,3395.0,3983.0,3346.0,3582.0,3839.0,1.21,9.17,4.25,-0.07,-0.0,-0.03,1.0,o
3007.0,3722.0,3107.0,3387.0,3950.0,3372.0,3583.0,3830.0,1.1,9.16,4.31,-0.07,-0.01,-0.04,1.0,o
3005.0,3734.0,3113.0,3415.0,3981.0,3356.0,3583.0,3823.0,1.2,9.12,4.35,-0.05,0.0,-0.03,1.0,o
2996.0,3696.0,3109.0,3408.0,3974.0,3353.0,3575.0,3805.0,1.24,9.2,4.25,-0.06,-0.0,-0.04,1.0,o
2806.0,3583.0,3025.0,3477.0,4001.0,3379.0,3504.0,3579.0,1.24,9.12,4.46,-0.03,-0.0,-0.03,1.0,o
2805.0,3559.0,3041.0,3491.0,3994.0,3395.0,3490.0,3526.0,1.02,9.19,4.08,-0.08,-0.03,-0.06,1.0,o
2815.0,3583.0,3042.0,3503.0,4039.0,3396.0,3499.0,3566.0,1.33,9.1,4.6,-0.06,-0.02,-0.02,1.0,o
2800.0,3583.0,3043.0,3497.0,4048.0,3402.0,3473.0,3557.0,1.08,9.21,4.03,-0.02,0.03,-0.03,1.0,o
2774.0,3571.0,3031.0,3494.0,4047.0,3410.0,3504.0,3543.0,0.97,9.14,4.3,-0.14,-0.05,-0.06,1.0,o
2786.0,3619.0,3038.0,3518.0,4048.0,3405.0,3491.0,3583.0,1.19,9.14,4.36,-0.03,0.04,-0.0,1.0,o
2799.0,3539.0,3045.0,3511.0,4038.0,3402.0,3497.0,3607.0,1.32,9.2,4.22,-0.08,-0.02,-0.02,1.0,o
2789.0,3555.0,3046.0,3515.0,4065.0,3398.0,3495.0,3583.0,1.1,9.03,4.58,-0.07,-0.02,-0.03,1.0,o
2801.0,3597.0,3049.0,3522.0,4048.0,3406.0,3509.0,3603.0,1.47,9.1,4.56,0.05,-0.04,-0.13,1.0,o
2797.0,3583.0,3056.0,3536.0,4074.0,3399.0,3518.0,3603.0,0.88,9.16,4.14,-0.11,-0.06,-0.04,1.0,o
2797.0,3564.0,3046.0,3517.0,4049.0,3408.0,3504.0,3583.0,1.2,9.12,4.45,-0.04,0.01,-0.02,1.0,o
2787.0,3583.0,3031.0,3527.0,4053.0,3427.0,3516.0,3583.0,1.42,9.11,4.04,-0.07,0.01,-0.06,1.0,o
2795.0,3571.0,3031.0,3529.0,4074.0,3393.0,3491.0,3579.0,1.03,8.91,4.69,-0.11,0.02,-0.1,1.0,o
2798.0,3575.0,3036.0,3540.0,4050.0,3401.0,3515.0,3583.0,0.79,9.18,4.2,-0.06,-0.02,-0.06,1.0,o
2802.0,3575.0,3042.0,3522.0,4065.0,3422.0,3523.0,3583.0,1.09,9.18,4.45,-0.06,-0.03,-0.02,1.0,o
2799.0,3568.0,3038.0,3538.0,4070.0,3415.0,3504.0,3618.0,1.09,9.17,4.2,-0.03,0.0,-0.04,1.0,o
2801.0,3597.0,3034.0,3530.0,4080.0,3410.0,3504.0,3601.0,1.26,9.13,4.49,-0.08,-0.01,-0.03,1.0,o
2799.0,3602.0,3035.0,3531.0,4067.0,3404.0,3513.0,3597.0,0.96,9.17,4.24,-0.04,0.02,-0.06,1.0,o
2797.0,3621.0,3020.0,3536.0,4045.0,3402.0,3504.0,3605.0,1.04,9.14,4.38,-0.08,-0.02,-0.02,1.0,o
2797.0,3578.0,3042.0,3527.0,4045.0,3409.0,3501.0,3557.0,1.17,9.1,4.38,-0.04,-0.01,-0.02,1.0,o
2801.0,3578.0,3050.0,3530.0,4052.0,3405.0,3502.0,3557.0,1.25,9.11,4.42,-0.05,0.0,0.0,1.0,o
2789.0,3601.0,3060.0,3520.0,4058.0,3402.0,3509.0,3583.0,1.12,9.13,4.35,-0.04,0.01,-0.02,1.0,o
2805.0,3579.0,3030.0,3548.0,4069.0,3403.0,3514.0,3639.0,1.17,9.13,4.3,-0.08,-0.03,-0.02,1.0,o
2782.0,3578.0,3035.0,3535.0,4074.0,3421.0,3502.0,3603.0,1.23,9.18,4.25,-0.07,0.0,-0.03,1.0,o
2802.0,3575.0,3040.0,3524.0,4058.0,3398.0,3504.0,3613.0,1.14,9.1,4.41,-0.09,0.01,-0.02,1.0,o
2795.0,3583.0,3050.0,3536.0,4059.0,3392.0,3520.0,3621.0,1.15,9.09,4.36,-0.09,0.04,-0.03,1.0,o
2796.0,3575.0,3041.0,3542.0,4062.0,3413.0,3503.0,3633.0,1.2,9.1,4.44,-0.07,0.01,-0.05,1.0,o
2801.0,3599.0,3039.0,3533.0,4093.0,3399.0,3513.0,3631.0,1.09,9.1,4.41,-0.03,0.01,-0.02,1.0,o
2800.0,3578.0,3051.0,3543.0,4043.0,3383.0,3504.0,3612.0,1.18,9.26,4.06,-0.08,-0.01,-0.03,1.0,o
2800.0,3569.0,3043.0,3539.0,4059.0,3388.0,3515.0,3631.0,1.09,9.02,4.64,-0.1,-0.01,0.0,1.0,o
2782.0,3572.0,3031.0,3546.0,4080.0,3396.0,3507.0,3622.0,1.35,9.12,4.42,-0.04,-0.01,-0.05,1.0,o
2795.0,3583.0,3030.0,3536.0,4057.0,3407.0,3504.0,3619.0,1.11,9.17,4.32,-0.08,-0.04,-0.07,1.0,o
2798.0,3583.0,3038.0,3526.0,4065.0,3387.0,3495.0,3621.0,1.07,9.15,4.36,-0.07,-0.03,-0.05,1.0,o
2795.0,3578.0,3047.0,3522.0,4047.0,3403.0,3523.0,3639.0,1.17,9.06,4.52,-0.06,0.02,-0.02,1.0,o
2801.0,3596.0,3021.0,3551.0,4080.0,3383.0,3491.0,3633.0,1.3,9.14,4.38,-0.05,0.01,-0.04,1.0,o
2791.0,3583.0,3047.0,3547.0,4071.0,3394.0,3501.0,3625.0,1.14,9.11,4.39,-0.04,-0.01,-0.04,1.0,o
2778.0,3568.0,3040.0,3536.0,4055.0,3408.0,3521.0,3628.0,1.16,9.13,4.29,-0.05,-0.0,-0.04,1.0,o
2803.0,3583.0,3035.0,3539.0,4069.0,3399.0,3498.0,3613.0,1.19,9.14,4.35,-0.07,-0.02,-0.04,1.0,o
2798.0,3600.0,3034.0,3547.0,4067.0,3397.0,3511.0,3616.0,1.08,9.09,4.45,-0.04,0.01,-0.03,1.0,o
2794.0,3583.0,3055.0,3539.0,4046.0,3378.0,3495.0,3630.0,1.24,9.11,4.37,-0.04,-0.01,-0.02,1.0,o
3386.0,3839.0,3082.0,3565.0,4046.0,3487.0,3794.0,3760.0,0.93,9.26,4.14,-0.08,-0.01,-0.02,1.0,o
3371.0,3856.0,3084.0,3534.0,4064.0,3483.0,3786.0,3738.0,1.01,9.31,3.92,-0.07,0.02,-0.04,1.0,o
3364.0,3838.0,3086.0,3541.0,4061.0,3505.0,3792.0,3765.0,0.98,9.13,4.53,-0.08,-0.0,-0.02,1.0,o
3378.0,3861.0,3070.0,3566.0,4051.0,3491.0,3774.0,3814.0,1.03,9.34,3.88,-0.03,-0.0,-0.04,1.0,o
3366.0,3846.0,3098.0,3574.0,4049.0,3475.0,3808.0,3765.0,0.95,9.19,4.33,-0.07,-0.01,-0.04,1.0,o
3376.0,3823.0,3089.0,3557.0,4054.0,3509.0,3790.0,3740.0,0.82,9.22,4.07,-0.05,-0.01,-0.05,1.0,o
3377.0,3827.0,3088.0,3569.0,4095.0,3491.0,3799.0,3749.0,0.99,9.28,4.02,-0.05,-0.02,-0.03,1.0,o
3387.0,3820.0,3087.0,3574.0,4087.0,3502.0,3777.0,3761.0,0.98,9.2,4.19,-0.07,-0.02,-0.03,1.0,o
3373.0,3849.0,3069.0,3579.0,4071.0,3455.0,3813.0,3756.0,0.94,9.23,4.21,-0.06,-0.0,-0.03,1.0,o
3372.0,3824.0,3090.0,3579.0,4074.0,3519.0,3779.0,3714.0,0.99,9.29,4.05,-0.06,-0.01,-0.04,1.0,o
3365.0,3823.0,3084.0,3573.0,4078.0,3499.0,3776.0,3728.0,0.96,9.24,4.15,-0.07,-0.01,-0.04,1.0,o
3356.0,3827.0,3083.0,3578.0,4051.0,3483.0,3792.0,3727.0,1.01,9.27,4.12,-0.08,-0.01,-0.02,1.0,o
3367.0,3827.0,3088.0,3568.0,4076.0,3502.0,3773.0,3745.0,0.92,9.2,4.23,-0.06,-0.02,-0.05,1.0,o
3353.0,3873.0,3071.0,3599.0,4095.0,3498.0,3778.0,3732.0,1.06,9.27,4.07,-0.04,-0.01,-0.04,1.0,o
3329.0,3866.0,3091.0,3583.0,4093.0,3504.0,3802.0,3738.0,0.96,9.2,4.14,-0.06,-0.01,-0.03,1.0,o
3359.0,3821.0,3066.0,3597.0,4094.0,3503.0,3782.0,3739.0,1.02,9.23,4.16,-0.07,-0.0,-0.02,1.0,o
3335.0,3842.0,3091.0,3575.0,4079.0,3520.0,3811.0,3737.0,1.0,9.15,4.37,-0.08,-0.01,-0.04,1.0,o
3346.0,3825.0,3063.0,3601.0,4049.0,3504.0,3781.0,3732.0,1.02,9.28,4.02,-0.05,0.0,-0.05,1.0,o
3344.0,3838.0,3091.0,3600.0,4079.0,3502.0,3776.0,3750.0,0.93,9.2,4.26,-0.06,-0.02,-0.04,1.0,o
3344.0,3836.0,3086.0,3582.0,4089.0,3504.0,3781.0,3746.0,0.99,9.23,4.15,-0.07,-0.01,-0.03,1.0,o
3327.0,3845.0,3087.0,3618.0,4075.0,3503.0,3795.0,3721.0,0.99,9.22,4.2,-0.07,-0.01,-0.04,1.0,o
3344.0,3838.0,3066.0,3583.0,4080.0,3514.0,3797.0,3717.0,0.96,9.24,4.13,-0.06,-0.0,-0.02,1.0,o
3331.0,3827.0,3079.0,3605.0,4080.0,3491.0,3788.0,3754.0,1.03,9.14,4.31,-0.07,0.0,-0.02,1.0,o
3328.0,3863.0,3082.0,3600.0,4090.0,3493.0,3786.0,3738.0,1.07,9.18,4.22,-0.06,-0.01,-0.03,1.0,o
3338.0,3821.0,3089.0,3583.0,4095.0,3521.0,3805.0,3718.0,1.01,9.21,4.15,-0.07,-0.01,-0.03,1.0,o
3347.0,3837.0,3098.0,3600.0,4095.0,3495.0,3806.0,3730.0,1.03,9.22,4.22,-0.05,0.0,-0.03,1.0,o
3350.0,3869.0,3083.0,3605.0,4058.0,3515.0,3798.0,3742.0,1.04,9.19,4.22,-0.07,-0.01,-0.03,1.0,o
3349.0,3844.0,3089.0,3618.0,4095.0,3493.0,3787.0,3733.0,1.09,9.2,4.28,-0.04,0.0,-0.04,1.0,o
3345.0,3851.0,3091.0,3602.0,4079.0,3504.0,3792.0,3734.0,0.97,9.18,4.17,-0.06,-0.02,-0.05,1.0,o
3347.0,3855.0,3088.0,3605.0,4082.0,3509.0,3792.0,3735.0,1.01,9.19,4.24,-0.06,0.0,-0.04,1.0,o
3344.0,3841.0,3083.0,3631.0,4095.0,3532.0,3795.0,3741.0,1.1,9.21,4.22,-0.05,0.01,-0.04,1.0,o
3345.0,3835.0,3089.0,3613.0,4095.0,3509.0,3789.0,3728.0,1.02,9.21,4.23,-0.06,-0.01,-0.04,1.0,o
3339.0,3859.0,3085.0,3583.0,4081.0,3505.0,3798.0,3715.0,1.08,9.21,4.23,-0.06,-0.01,-0.04,1.0,o
3358.0,3841.0,3083.0,3607.0,4095.0,3507.0,3813.0,3737.0,1.0,9.21,4.14,-0.07,-0.0,-0.05,1.0,o
3336.0,3839.0,3089.0,3611.0,4065.0,3504.0,3802.0,3718.0,1.09,9.2,4.25,-0.05,0.0,-0.04,1.0,o
3341.0,3854.0,3090.0,3600.0,4095.0,3521.0,3767.0,3715.0,1.09,9.22,4.2,-0.05,-0.02,-0.05,1.0,o
3347.0,3824.0,3067.0,3600.0,4074.0,3519.0,3801.0,3696.0,0.95,9.19,4.22,-0.07,-0.01,-0.03,1.0,o
3334.0,3841.0,3097.0,3630.0,4073.0,3503.0,3787.0,3715.0,1.03,9.22,4.2,-0.05,-0.0,-0.04,1.0,o
3341.0,3858.0,3088.0,3613.0,4087.0,3514.0,3791.0,3728.0,1.07,9.17,4.28,-0.06,-0.0,-0.04,1.0,o
3344.0,3831.0,3091.0,3619.0,4095.0,3503.0,3775.0,3722.0,1.02,9.18,4.2,-0.06,-0.01,-0.04,1.0,o
1946.0,3570.0,3088.0,3357.0,3787.0,3197.0,3459.0,3820.0,1.3,8.66,5.11,-0.06,-0.01,-0.08,1.0,o
1951.0,3546.0,3063.0,3362.0,3762.0,3177.0,3465.0,3821.0,1.44,8.66,5.1,-0.07,-0.01,-0.03,1.0,o
2002.0,3568.0,3093.0,3371.0,3759.0,3201.0,3471.0,3819.0,1.39,8.66,5.27,-0.07,-0.02,-0.03,1.0,o
2032.0,3554.0,3103.0,3367.0,3792.0,3213.0,3470.0,3846.0,1.41,8.67,5.2,-0.06,-0.05,-0.05,1.0,o
2060.0,3553.0,3071.0,3375.0,3787.0,3213.0,3472.0,3844.0,1.4,8.59,5.36,-0.04,-0.01,-0.07,1.0,o
2059.0,3541.0,3088.0,3375.0,3789.0,3229.0,3494.0,3856.0,1.51,8.64,5.32,-0.02,-0.01,-0.08,1.0,o
2032.0,3574.0,3085.0,3374.0,3775.0,3219.0,3472.0,3863.0,1.22,8.72,5.11,-0.06,-0.04,-0.08,1.0,o
2035.0,3552.0,3085.0,3376.0,3776.0,3247.0,3492.0,3840.0,1.17,8.71,5.11,-0.05,0.03,-0.06,1.0,o
2027.0,3568.0,3095.0,3375.0,3767.0,3231.0,3483.0,3845.0,1.35,8.73,5.14,-0.06,-0.0,-0.05,1.0,o
2027.0,3557.0,3071.0,3380.0,3805.0,3225.0,3490.0,3829.0,1.11,8.77,4.99,-0.09,-0.0,-0.04,1.0,o
2025.0,3559.0,3087.0,3390.0,3767.0,3234.0,3481.0,3856.0,1.23,8.71,5.2,-0.06,-0.0,-0.04,1.0,o
2032.0,3553.0,3087.0,3378.0,3819.0,3248.0,3491.0,3837.0,1.24,8.68,5.21,-0.05,-0.02,-0.06,1.0,o
2035.0,3565.0,3071.0,3382.0,3790.0,3245.0,3482.0,3824.0,1.24,8.75,5.15,-0.03,-0.01,-0.03,1.0,o
2023.0,3559.0,3095.0,3381.0,3807.0,3246.0,3477.0,3839.0,1.28,8.74,5.06,-0.04,0.02,-0.04,1.0,o
2032.0,3557.0,3082.0,3387.0,3811.0,3235.0,3504.0,3839.0,1.21,8.79,5.0,-0.07,-0.0,-0.05,1.0,o
2029.0,3558.0,3069.0,3403.0,3786.0,3250.0,3493.0,3784.0,1.21,8.77,5.08,-0.07,-0.01,-0.06,1.0,o
2026.0,3563.0,3093.0,3399.0,3810.0,3248.0,3490.0,3796.0,1.21,8.69,5.2,-0.07,-0.02,-0.05,1.0,o
2068.0,3567.0,3071.0,3389.0,3799.0,3243.0,3489.0,3784.0,1.23,8.74,5.11,-0.02,0.01,-0.05,1.0,o
2077.0,3565.0,3081.0,3408.0,3786.0,3251.0,3478.0,3766.0,1.27,8.75,5.12,-0.08,-0.02,-0.03,1.0,o
2080.0,3568.0,3088.0,3411.0,3836.0,3266.0,3488.0,3760.0,1.29,8.75,5.07,-0.07,-0.01,-0.03,1.0,o
2069.0,3561.0,3095.0,3420.0,3827.0,3261.0,3488.0,3777.0,1.3,8.75,5.08,-0.06,0.01,-0.04,1.0,o
2075.0,3536.0,3091.0,3409.0,3767.0,3275.0,3477.0,3792.0,1.2,8.7,5.21,-0.08,-0.0,-0.05,1.0,o
2043.0,3549.0,3089.0,3405.0,3809.0,3280.0,3505.0,3824.0,1.18,8.73,5.12,-0.06,0.01,-0.04,1.0,o
2071.0,3579.0,3071.0,3415.0,3844.0,3278.0,3486.0,3798.0,1.31,8.72,5.14,-0.07,-0.02,-0.03,1.0,o
2075.0,3579.0,3087.0,3406.0,3799.0,3283.0,3506.0,3833.0,1.26,8.73,5.09,-0.08,0.0,-0.04,1.0,o
2091.0,3555.0,3086.0,3417.0,3831.0,3280.0,3521.0,3819.0,1.13,8.65,5.23,-0.06,-0.0,-0.05,1.0,o
2069.0,3568.0,3102.0,3407.0,3850.0,3280.0,3482.0,3792.0,1.19,8.72,5.17,-0.07,0.02,-0.02,1.0,o
2073.0,3558.0,3085.0,3393.0,3825.0,3267.0,3503.0,3805.0,1.13,8.75,5.09,-0.07,0.0,-0.02,1.0,o
2066.0,3583.0,3089.0,3403.0,3836.0,3275.0,3498.0,3829.0,1.34,8.72,5.13,-0.06,0.01,-0.01,1.0,o
2057.0,3549.0,3089.0,3422.0,3845.0,3277.0,3509.0,3819.0,1.34,8.65,5.28,-0.08,-0.02,-0.03,1.0,o
2066.0,3545.0,3083.0,3407.0,3813.0,3280.0,3536.0,3824.0,1.22,8.63,5.32,-0.08,-0.03,-0.03,1.0,o
2063.0,3580.0,3087.0,3406.0,3840.0,3291.0,3506.0,3830.0,1.3,8.66,5.25,-0.06,-0.0,-0.02,1.0,o
2066.0,3570.0,3097.0,3417.0,3814.0,3280.0,3520.0,3792.0,1.36,8.68,5.2,-0.07,0.01,-0.02,1.0,o
2062.0,3549.0,3088.0,3413.0,3813.0,3279.0,3502.0,3791.0,1.25,8.59,5.37,-0.09,0.02,-0.02,1.0,o
2077.0,3559.0,3089.0,3419.0,3822.0,3291.0,3527.0,3804.0,1.3,8.6,5.35,-0.06,-0.0,-0.04,1.0,o
2077.0,3583.0,3079.0,3423.0,3840.0,3291.0,3502.0,3791.0,1.29,8.68,5.16,-0.01,0.02,-0.05,1.0,o
2083.0,3559.0,3071.0,3418.0,3839.0,3280.0,3521.0,3749.0,1.25,8.69,5.16,-0.04,0.02,-0.03,1.0,o
2089.0,3568.0,3081.0,3415.0,3810.0,3297.0,3491.0,3741.0,1.31,8.71,5.17,-0.04,0.01,-0.03,1.0,o
2091.0,3578.0,3082.0,3408.0,3854.0,3286.0,3523.0,2998.0,1.33,8.67,5.26,-0.05,-0.02,-0.05,1.0,o
2029.0,3559.0,3091.0,3427.0,3831.0,3285.0,3517.0,3829.0,1.28,8.75,5.13,-0.05,-0.01,-0.05,1.0,o
2139.0,3158.0,3047.0,3313.0,3818.0,3430.0,3597.0,2707.0,1.34,8.58,5.27,-0.15,0.04,0.02,1.0,o
2113.0,3163.0,3053.0,3328.0,3849.0,3410.0,3583.0,2673.0,1.6,8.44,5.53,-0.04,0.06,-0.04,1.0,o
2103.0,3167.0,3054.0,3362.0,3843.0,3429.0,3575.0,2681.0,1.39,8.45,5.49,-0.05,0.03,-0.05,1.0,o
2109.0,3154.0,3050.0,3348.0,3792.0,3403.0,3583.0,2559.0,1.57,8.57,5.42,-0.02,0.0,-0.03,1.0,o
2093.0,3161.0,3038.0,3362.0,3722.0,3411.0,3599.0,2559.0,1.58,8.54,5.44,-0.04,-0.03,-0.05,1.0,o
2079.0,3164.0,3054.0,3366.0,3802.0,3375.0,3583.0,2586.0,1.43,8.51,5.43,-0.05,-0.03,-0.07,1.0,o
2106.0,3171.0,3055.0,3351.0,3825.0,3370.0,3575.0,2592.0,1.48,8.59,5.32,-0.04,-0.0,-0.07,1.0,o
2078.0,3171.0,3059.0,3367.0,3789.0,3343.0,3561.0,2723.0,1.36,8.61,5.27,-0.03,0.04,-0.05,1.0,o
1936.0,3161.0,3046.0,3370.0,3789.0,3365.0,3536.0,2800.0,1.4,8.6,5.43,-0.11,0.05,0.0,1.0,o
1991.0,3154.0,3038.0,3369.0,3831.0,3338.0,3543.0,2829.0,1.47,8.55,5.35,-0.07,-0.02,-0.05,1.0,o
2018.0,3152.0,3054.0,3388.0,3819.0,3365.0,3549.0,2815.0,1.31,8.53,5.45,-0.07,-0.03,-0.05,1.0,o
2022.0,3151.0,3071.0,3375.0,3854.0,3360.0,3543.0,2852.0,1.37,8.55,5.37,-0.01,0.01,-0.06,1.0,o
2007.0,3154.0,3062.0,3389.0,3855.0,3351.0,3543.0,2771.0,1.4,8.59,5.32,-0.06,-0.01,-0.05,1.0,o
2013.0,3155.0,3037.0,3381.0,3853.0,3362.0,3527.0,3768.0,1.36,8.66,5.26,-0.08,0.01,-0.03,1.0,o
2012.0,3155.0,3063.0,3376.0,3848.0,3390.0,3537.0,3767.0,1.42,8.49,5.56,-0.05,0.03,-0.01,1.0,o
2023.0,3163.0,3044.0,3393.0,3859.0,3358.0,3533.0,3793.0,1.66,8.62,5.26,-0.03,-0.01,-0.03,1.0,o
2030.0,3190.0,3057.0,3381.0,3858.0,3369.0,3531.0,3821.0,1.5,8.55,5.44,-0.07,-0.04,-0.06,1.0,o
2039.0,3153.0,3055.0,3387.0,3841.0,3367.0,3526.0,3782.0,1.4,8.56,5.4,-0.05,-0.03,-0.06,1.0,o
2071.0,3184.0,3061.0,3391.0,3889.0,3366.0,3529.0,3783.0,1.49,8.48,5.54,-0.05,-0.04,-0.03,1.0,o
2139.0,3167.0,3042.0,3383.0,3877.0,3375.0,3555.0,3824.0,1.4,8.7,5.11,-0.03,-0.02,-0.05,1.0,o
2135.0,3170.0,3063.0,3373.0,3878.0,3376.0,3541.0,3864.0,1.26,8.61,5.31,-0.1,-0.06,-0.07,1.0,o
2130.0,3152.0,3067.0,3378.0,3873.0,3392.0,3536.0,3883.0,1.42,8.52,5.54,-0.11,0.01,0.01,1.0,o
2135.0,3168.0,3055.0,3394.0,3849.0,3387.0,3570.0,3879.0,1.52,8.58,5.36,-0.05,0.02,-0.01,1.0,o
2107.0,3163.0,3052.0,3385.0,3889.0,3402.0,3557.0,3860.0,1.45,8.59,5.36,-0.05,-0.01,-0.05,1.0,o
2129.0,3161.0,3056.0,3385.0,3877.0,3387.0,3536.0,3871.0,1.44,8.59,5.3,-0.07,0.0,-0.04,1.0,o
2125.0,3168.0,3054.0,3397.0,3907.0,3374.0,3546.0,3873.0,1.44,8.49,5.49,-0.04,0.06,0.05,1.0,o
2093.0,3163.0,3060.0,3367.0,3891.0,3383.0,3533.0,3885.0,1.65,8.48,5.55,-0.06,-0.04,-0.04,1.0,o
2109.0,3152.0,3071.0,3367.0,3893.0,3383.0,3536.0,3904.0,1.52,8.5,5.49,-0.04,-0.06,-0.07,1.0,o
2097.0,3159.0,3057.0,3403.0,3874.0,3392.0,3525.0,3898.0,1.46,8.57,5.34,-0.05,-0.01,-0.05,1.0,o
2090.0,3178.0,3057.0,3377.0,3889.0,3385.0,3583.0,3867.0,1.38,8.55,5.39,-0.09,-0.01,-0.05,1.0,o
2099.0,3163.0,3047.0,3374.0,3909.0,3371.0,3558.0,3897.0,1.46,8.56,5.38,-0.07,-0.01,-0.04,1.0,o
2096.0,3173.0,3050.0,3374.0,3905.0,3369.0,3523.0,3897.0,1.42,8.55,5.36,-0.07,-0.0,-0.04,1.0,o
2094.0,3170.0,3045.0,3386.0,3862.0,3376.0,3542.0,3921.0,1.35,8.49,5.51,-0.05,0.01,-0.03,1.0,o
2080.0,3158.0,3053.0,3377.0,3911.0,3376.0,3536.0,3917.0,1.61,8.57,5.34,-0.07,0.02,-0.04,1.0,o
2103.0,3169.0,3056.0,3383.0,3894.0,3395.0,3538.0,3929.0,1.4,8.49,5.49,-0.06,-0.02,-0.03,1.0,o
2108.0,3152.0,3066.0,3395.0,3905.0,3367.0,3536.0,3920.0,1.56,8.59,5.38,-0.03,0.03,-0.01,1.0,o
2027.0,3158.0,3054.0,3379.0,3882.0,3357.0,3519.0,3888.0,1.43,8.48,5.56,-0.07,-0.03,-0.07,1.0,o
2112.0,3151.0,3055.0,3367.0,3851.0,3328.0,3502.0,3909.0,1.42,8.62,5.35,-0.04,-0.06,-0.1,1.0,o
2160.0,3167.0,3042.0,3355.0,3861.0,3344.0,3500.0,3899.0,1.34,8.57,5.35,-0.06,0.03,-0.03,1.0,o
2192.0,3163.0,3060.0,3347.0,3884.0,3330.0,3513.0,3941.0,1.42,8.5,5.49,-0.07,0.01,-0.02,1.0,o
3664.0,3182.0,3088.0,3311.0,3910.0,3332.0,3537.0,3847.0,1.25,8.82,5.11,-0.05,-0.0,-0.03,1.0,o
3703.0,3162.0,3068.0,3309.0,3929.0,3327.0,3583.0,3853.0,1.14,8.84,4.91,-0.06,0.03,-0.02,1.0,o
3665.0,3157.0,3079.0,3344.0,3950.0,3328.0,3537.0,3857.0,1.29,8.78,5.08,-0.09,0.0,-0.01,1.0,o
3652.0,3159.0,3063.0,3330.0,3952.0,3333.0,3542.0,3893.0,1.18,8.94,4.72,-0.07,0.01,-0.04,1.0,o
3638.0,3180.0,3063.0,3338.0,3948.0,3350.0,3567.0,3881.0,1.16,8.82,4.93,-0.11,0.0,-0.03,1.0,o
3583.0,3159.0,3063.0,3330.0,3929.0,3343.0,3559.0,3915.0,1.11,8.65,5.26,-0.08,0.03,-0.06,1.0,o
3598.0,3181.0,3085.0,3347.0,3937.0,3344.0,3556.0,3859.0,1.22,8.79,4.98,-0.04,-0.0,-0.01,1.0,o
3550.0,3146.0,3067.0,3338.0,3925.0,3338.0,3539.0,3889.0,1.1,8.84,4.84,-0.05,-0.0,-0.07,1.0,o
3487.0,3167.0,3099.0,3327.0,3950.0,3346.0,3553.0,3898.0,1.07,8.76,5.09,-0.08,0.01,0.01,1.0,o
3504.0,3169.0,3071.0,3296.0,3950.0,3344.0,3551.0,3888.0,1.44,8.83,5.03,-0.07,0.0,-0.02,1.0,o
3482.0,3169.0,3071.0,3342.0,3952.0,3353.0,3571.0,3875.0,1.21,8.71,5.18,-0.06,-0.01,-0.04,1.0,o
3492.0,3160.0,3071.0,3322.0,3978.0,3341.0,3572.0,3903.0,1.13,8.73,5.12,-0.04,-0.01,-0.06,1.0,o
3479.0,3185.0,3087.0,3322.0,3987.0,3339.0,3566.0,3899.0,1.27,8.82,4.97,-0.04,-0.0,-0.03,1.0,o
3493.0,3166.0,3067.0,3344.0,3950.0,3354.0,3545.0,3920.0,1.24,8.78,4.97,-0.07,-0.03,-0.05,1.0,o
3423.0,3166.0,3070.0,3334.0,3953.0,3347.0,3553.0,3888.0,1.12,8.8,5.04,-0.03,-0.04,-0.07,1.0,o
3369.0,3166.0,3063.0,3329.0,3954.0,3379.0,3566.0,3904.0,1.19,8.75,5.11,-0.07,0.01,-0.03,1.0,o
3405.0,3159.0,3067.0,3334.0,3957.0,3371.0,3568.0,3905.0,1.4,8.92,4.8,-0.07,0.04,0.01,1.0,o
3419.0,3182.0,3087.0,3335.0,3957.0,3373.0,3583.0,3930.0,1.05,8.81,4.96,-0.11,0.01,-0.04,1.0,o
3404.0,3175.0,3062.0,3369.0,3982.0,3360.0,3569.0,3921.0,1.16,8.56,5.55,-0.08,-0.05,-0.02,1.0,o
3429.0,3183.0,3088.0,3341.0,3991.0,3370.0,3568.0,3897.0,1.39,8.79,4.95,-0.02,-0.04,-0.03,1.0,o
3388.0,3168.0,3086.0,3346.0,3984.0,3376.0,3577.0,3943.0,1.27,8.81,5.01,-0.06,-0.06,-0.09,1.0,o
3407.0,3169.0,3066.0,3349.0,3962.0,3387.0,3572.0,3907.0,1.24,8.77,5.08,-0.06,-0.05,-0.05,1.0,o
3373.0,3168.0,3061.0,3349.0,3981.0,3370.0,3568.0,3920.0,1.45,8.9,4.79,-0.08,0.0,-0.04,1.0,o
3382.0,3169.0,3083.0,3362.0,3952.0,3392.0,3575.0,3911.0,1.31,8.72,5.16,-0.11,0.01,-0.03,1.0,o
3392.0,3167.0,3062.0,3352.0,3981.0,3378.0,3578.0,3910.0,1.15,8.69,5.3,-0.05,0.01,-0.05,1.0,o
3389.0,3171.0,3083.0,3339.0,3980.0,3391.0,3583.0,3916.0,1.03,8.81,5.0,-0.05,-0.04,-0.04,1.0,o
3398.0,3157.0,3071.0,3353.0,3987.0,3383.0,3595.0,3905.0,1.19,8.8,4.92,-0.04,-0.01,-0.02,1.0,o
3408.0,3171.0,3071.0,3344.0,3999.0,3388.0,3583.0,3940.0,1.42,8.79,5.04,-0.08,-0.02,-0.05,1.0,o
3439.0,3169.0,3081.0,3343.0,3979.0,3415.0,3566.0,3920.0,1.32,8.7,5.19,-0.06,-0.01,-0.05,1.0,o
3423.0,3171.0,3087.0,3359.0,4016.0,3402.0,3583.0,3915.0,1.37,8.64,5.35,-0.02,0.03,-0.07,1.0,o
3435.0,3184.0,3068.0,3354.0,3995.0,3408.0,3573.0,3903.0,1.17,8.95,4.8,-0.04,-0.06,-0.12,1.0,o
3446.0,3179.0,3088.0,3374.0,3994.0,3408.0,3583.0,3930.0,0.82,8.91,4.7,-0.01,-0.02,-0.07,1.0,o
3486.0,3184.0,3068.0,3360.0,3983.0,3392.0,3567.0,3940.0,1.22,8.85,4.86,-0.09,0.06,0.03,1.0,o
3503.0,3191.0,3089.0,3367.0,3998.0,3382.0,3568.0,3952.0,1.3,8.72,5.28,-0.12,0.0,-0.07,1.0,o
3510.0,3183.0,3059.0,3361.0,3987.0,3394.0,3568.0,3927.0,1.07,8.72,5.27,-0.04,-0.01,-0.05,1.0,o
3500.0,3152.0,3082.0,3365.0,3974.0,3378.0,3583.0,3925.0,1.15,8.75,5.1,-0.04,0.0,-0.02,1.0,o
3520.0,3166.0,3089.0,3352.0,3997.0,3389.0,3568.0,3945.0,1.18,8.81,4.98,-0.01,0.06,-0.02,1.0,o
3568.0,3185.0,3069.0,3355.0,3974.0,3378.0,3578.0,3927.0,1.35,8.84,5.06,-0.01,0.08,-0.04,1.0,o
3619.0,3167.0,3056.0,3347.0,3983.0,3391.0,3599.0,3952.0,0.71,8.91,4.68,-0.03,0.0,-0.11,1.0,o
3600.0,3170.0,3082.0,3370.0,3989.0,3392.0,3568.0,3927.0,0.83,8.73,5.13,-0.07,-0.05,-0.04,1.0,o
4001.0,3658.0,3057.0,3583.0,3853.0,3257.0,3504.0,3667.0,1.38,9.11,4.29,-0.03,-0.0,-0.03,1.0,o
3952.0,3685.0,3071.0,3626.0,3865.0,3257.0,3489.0,3664.0,1.29,8.99,4.7,-0.1,-0.01,-0.02,1.0,o
3963.0,3639.0,3059.0,3623.0,3914.0,3277.0,3497.0,3697.0,1.31,8.76,5.23,-0.05,-0.02,-0.01,1.0,o
3970.0,3655.0,3071.0,3613.0,3875.0,3251.0,3506.0,3754.0,1.28,9.0,4.36,-0.02,0.01,-0.03,1.0,o
3989.0,3658.0,3056.0,3637.0,3887.0,3254.0,3514.0,3710.0,1.45,9.05,4.57,-0.1,-0.02,-0.03,1.0,o
3952.0,3675.0,3071.0,3647.0,3861.0,3278.0,3490.0,3723.0,1.15,8.87,4.8,-0.08,0.02,-0.04,1.0,o
3969.0,3687.0,3071.0,3659.0,3883.0,3280.0,3497.0,3828.0,1.31,9.04,4.49,-0.02,0.03,0.01,1.0,o
3954.0,3687.0,3088.0,3679.0,3899.0,3271.0,3503.0,3828.0,1.5,9.04,4.49,-0.09,-0.01,-0.01,1.0,o
3951.0,3664.0,3061.0,3696.0,3885.0,3262.0,3516.0,3796.0,1.31,8.76,5.09,-0.12,0.0,-0.04,1.0,o
3947.0,3675.0,3058.0,3679.0,3877.0,3263.0,3518.0,3850.0,1.47,8.97,4.7,-0.0,-0.02,0.0,1.0,o
3971.0,3658.0,3084.0,3685.0,3914.0,3270.0,3498.0,3838.0,1.54,9.11,4.3,-0.04,-0.03,-0.02,1.0,o
3952.0,3664.0,3069.0,3694.0,3882.0,3274.0,3506.0,3869.0,1.48,8.78,5.04,-0.12,-0.07,-0.05,1.0,o
3974.0,3663.0,3086.0,3705.0,3882.0,3279.0,3504.0,3853.0,1.37,8.84,4.78,-0.02,-0.03,-0.07,1.0,o
3971.0,3664.0,3088.0,3687.0,3910.0,3281.0,3494.0,3825.0,1.39,9.07,4.36,-0.07,-0.06,-0.07,1.0,o
3967.0,3683.0,3056.0,3701.0,3908.0,3280.0,3504.0,3903.0,1.42,8.96,4.65,-0.12,0.06,-0.07,1.0,o
3968.0,3679.0,3086.0,3726.0,3882.0,3270.0,3511.0,3915.0,1.06,8.82,4.89,-0.11,-0.01,-0.05,1.0,o
3984.0,3667.0,3066.0,3717.0,3888.0,3283.0,3513.0,3905.0,1.25,8.95,4.67,-0.1,-0.05,-0.02,1.0,o
3966.0,3664.0,3070.0,3700.0,3887.0,3281.0,3505.0,3908.0,1.45,8.76,5.14,-0.08,-0.01,-0.07,1.0,o
3962.0,3671.0,3071.0,3705.0,3904.0,3286.0,3519.0,3917.0,1.36,8.97,4.67,-0.01,0.03,-0.03,1.0,o
3938.0,3663.0,3071.0,3696.0,3888.0,3289.0,3504.0,3904.0,1.33,8.95,4.67,-0.06,-0.05,-0.05,1.0,o
3952.0,3683.0,3069.0,3747.0,3883.0,3306.0,3525.0,3923.0,1.36,8.85,4.91,-0.1,-0.0,-0.05,1.0,o
3970.0,3653.0,3059.0,3712.0,3893.0,3287.0,3530.0,3907.0,1.15,8.84,4.92,-0.04,-0.0,-0.02,1.0,o
3949.0,3680.0,3069.0,3713.0,3888.0,3296.0,3505.0,3910.0,1.3,8.99,4.6,-0.09,-0.03,-0.03,1.0,o
3971.0,3676.0,3079.0,3728.0,3876.0,3298.0,3532.0,3921.0,1.38,8.8,5.07,-0.06,0.03,-0.03,1.0,o
3949.0,3669.0,3087.0,3728.0,3890.0,3280.0,3516.0,3934.0,1.3,8.84,4.81,-0.01,0.01,-0.05,1.0,o
3920.0,3653.0,3079.0,3724.0,3901.0,3297.0,3542.0,3927.0,1.45,9.04,4.5,-0.06,-0.01,-0.04,1.0,o
3957.0,3664.0,3087.0,3737.0,3898.0,3285.0,3507.0,3923.0,1.44,8.86,5.02,-0.07,0.06,-0.04,1.0,o
3941.0,3671.0,3078.0,3760.0,3900.0,3302.0,3511.0,3901.0,1.07,8.72,5.05,-0.08,-0.03,-0.04,1.0,o
3951.0,3664.0,3071.0,3741.0,3922.0,3296.0,3500.0,3935.0,1.37,9.03,4.5,-0.05,-0.01,-0.05,1.0,o
3919.0,3664.0,3092.0,3732.0,3911.0,3296.0,3507.0,3893.0,1.4,8.86,4.79,-0.09,0.07,-0.03,1.0,o
3919.0,3698.0,3056.0,3739.0,3914.0,3298.0,3526.0,3918.0,1.08,8.66,5.26,-0.07,-0.0,-0.03,1.0,o
3938.0,3675.0,3069.0,3737.0,3919.0,3290.0,3535.0,3902.0,1.31,9.0,4.63,-0.01,-0.03,-0.04,1.0,o
3956.0,3672.0,3063.0,3747.0,3917.0,3303.0,3506.0,3886.0,1.29,8.82,5.04,-0.07,0.0,-0.03,1.0,o
3976.0,3663.0,3071.0,3739.0,3905.0,3302.0,3542.0,3920.0,1.17,8.73,5.19,0.0,-0.02,-0.02,1.0,o
3949.0,3664.0,3071.0,3749.0,3909.0,3301.0,3520.0,3903.0,1.64,9.09,4.35,0.01,-0.02,0.01,1.0,o
3936.0,3664.0,3057.0,3760.0,3882.0,3306.0,3524.0,3915.0,1.64,9.0,4.61,-0.05,0.01,-0.06,1.0,o
3948.0,3692.0,3056.0,3729.0,3912.0,3305.0,3523.0,3930.0,1.36,8.81,4.97,-0.07,-0.01,-0.07,1.0,o
3931.0,3655.0,3061.0,3741.0,3922.0,3313.0,3507.0,3900.0,1.37,9.01,4.53,-0.05,0.0,-0.04,1.0,o
3946.0,3670.0,3065.0,3749.0,3905.0,3306.0,3521.0,3916.0,1.3,8.8,5.07,-0.03,0.01,0.01,1.0,o
3967.0,3646.0,3071.0,3767.0,3926.0,3297.0,3517.0,3920.0,1.48,8.9,4.77,-0.04,-0.03,-0.05,1.0,o
2866.0,3793.0,3071.0,3487.0,3984.0,3466.0,3719.0,3870.0,1.35,9.0,4.52,-0.07,0.01,0.0,1.0,o
2863.0,3811.0,3071.0,3435.0,4014.0,3440.0,3696.0,3888.0,1.41,9.1,4.33,-0.09,0.02,-0.03,1.0,o
2843.0,3810.0,3059.0,3451.0,4004.0,3440.0,3698.0,3898.0,1.26,8.94,4.68,-0.12,-0.01,0.01,1.0,o
2843.0,3807.0,3066.0,3472.0,3981.0,3456.0,3713.0,3982.0,1.5,9.09,4.37,-0.06,0.02,-0.05,1.0,o
2827.0,3792.0,3097.0,3487.0,4014.0,3466.0,3740.0,3955.0,1.39,8.95,4.7,-0.08,0.01,-0.05,1.0,o
2801.0,3779.0,3059.0,3486.0,3957.0,3453.0,3740.0,3952.0,1.44,8.97,4.59,-0.04,-0.03,-0.05,1.0,o
2797.0,3803.0,3067.0,3520.0,3959.0,3440.0,3728.0,3957.0,1.41,9.03,4.46,-0.08,-0.01,-0.04,1.0,o
2771.0,3799.0,3086.0,3505.0,3968.0,3451.0,3698.0,3952.0,1.41,9.0,4.55,-0.08,0.01,-0.03,1.0,o
2774.0,3809.0,3067.0,3525.0,3998.0,3465.0,3695.0,3987.0,1.42,8.96,4.75,-0.07,0.01,-0.05,1.0,o
2767.0,3793.0,3066.0,3517.0,3965.0,3439.0,3723.0,4075.0,1.39,8.96,4.63,-0.05,0.0,-0.04,1.0,o
2726.0,3805.0,3071.0,3521.0,3971.0,3441.0,3737.0,4045.0,1.38,9.0,4.51,-0.09,-0.03,-0.06,1.0,o
2694.0,3792.0,3071.0,3536.0,3984.0,3441.0,3711.0,4095.0,1.41,9.0,4.71,-0.08,0.01,-0.02,1.0,o
2692.0,3798.0,3066.0,3552.0,3979.0,3440.0,3698.0,4095.0,1.53,9.0,4.57,-0.08,0.01,-0.03,1.0,o
2681.0,3790.0,3069.0,3546.0,3970.0,3442.0,3717.0,4095.0,1.41,8.9,4.81,-0.07,-0.01,-0.04,1.0,o
2689.0,3824.0,3063.0,3541.0,3994.0,3479.0,3741.0,4095.0,1.35,8.99,4.56,-0.07,0.01,-0.05,1.0,o
2675.0,3783.0,3066.0,3547.0,4048.0,3451.0,3707.0,4095.0,1.35,8.93,4.73,-0.08,0.0,-0.04,1.0,o
2683.0,3792.0,3084.0,3556.0,3967.0,3461.0,3699.0,4095.0,1.39,8.93,4.72,-0.06,-0.01,-0.04,1.0,o
2672.0,3802.0,3085.0,3559.0,3982.0,3471.0,3713.0,4095.0,1.43,8.99,4.63,-0.07,-0.0,-0.05,1.0,o
2682.0,3795.0,3088.0,3550.0,3967.0,3466.0,3698.0,4095.0,1.29,8.92,4.75,-0.07,0.01,-0.04,1.0,o
2682.0,3822.0,3066.0,3536.0,3984.0,3465.0,3711.0,4095.0,1.38,8.91,4.79,-0.07,-0.0,-0.03,1.0,o
2671.0,3788.0,3065.0,3543.0,3980.0,3470.0,3713.0,4095.0,1.41,8.93,4.74,-0.06,-0.01,-0.04,1.0,o
2676.0,3807.0,3055.0,3567.0,3979.0,3456.0,3715.0,4095.0,1.3,8.95,4.67,-0.06,-0.0,-0.04,1.0,o
2665.0,3803.0,3071.0,3559.0,3967.0,3473.0,3710.0,4095.0,1.34,8.92,4.81,-0.06,0.01,-0.02,1.0,o
2666.0,3823.0,3082.0,3579.0,3997.0,3455.0,3717.0,4095.0,1.46,8.95,4.73,-0.06,-0.01,-0.04,1.0,o
2674.0,3806.0,3062.0,3568.0,4002.0,3465.0,3702.0,4095.0,1.35,8.91,4.73,-0.06,-0.01,-0.04,1.0,o
2665.0,3803.0,3067.0,3562.0,3993.0,3459.0,3743.0,4095.0,1.4,8.91,4.79,-0.04,0.01,-0.02,1.0,o
2659.0,3771.0,3071.0,3577.0,4001.0,3472.0,3697.0,4095.0,1.42,8.98,4.67,-0.04,0.01,-0.02,1.0,o
2671.0,3818.0,3071.0,3575.0,3986.0,3457.0,3696.0,4095.0,1.42,8.93,4.73,-0.06,-0.0,-0.03,1.0,o
2657.0,3794.0,3083.0,3551.0,3989.0,3456.0,3716.0,4095.0,1.41,8.92,4.72,-0.08,-0.0,-0.03,1.0,o
2659.0,3814.0,3071.0,3573.0,3991.0,3462.0,3691.0,4095.0,1.43,8.91,4.78,-0.08,-0.0,-0.03,1.0,o
2655.0,3792.0,3088.0,3571.0,4025.0,3472.0,3728.0,4095.0,1.43,8.96,4.67,-0.04,0.04,-0.02,1.0,o
2650.0,3811.0,3088.0,3571.0,4002.0,3471.0,3689.0,4095.0,1.42,8.92,4.75,-0.09,-0.02,-0.03,1.0,o
2631.0,3794.0,3063.0,3583.0,3996.0,3467.0,3719.0,4095.0,1.43,8.88,4.76,-0.05,-0.01,-0.02,1.0,o
2642.0,3809.0,3088.0,3581.0,3988.0,3453.0,3707.0,4095.0,1.4,8.9,4.76,-0.05,-0.01,-0.05,1.0,o
2645.0,3805.0,3071.0,3547.0,4029.0,3466.0,3696.0,4095.0,1.44,8.95,4.69,-0.06,-0.0,-0.03,1.0,o
2666.0,3802.0,3068.0,3575.0,4011.0,3465.0,3707.0,4095.0,1.48,8.91,4.73,-0.08,0.0,-0.03,1.0,o
2647.0,3811.0,3059.0,3574.0,3995.0,3469.0,3716.0,4095.0,1.4,8.92,4.75,-0.07,-0.0,-0.05,1.0,o
2653.0,3840.0,3068.0,3558.0,4020.0,3472.0,3709.0,4095.0,1.5,8.94,4.75,-0.04,0.01,-0.03,1.0,o
2653.0,3810.0,3063.0,3583.0,4023.0,3489.0,3726.0,4095.0,1.46,8.91,4.76,-0.07,-0.01,-0.04,1.0,o
2645.0,3822.0,3086.0,3572.0,4057.0,3458.0,3720.0,4095.0,1.41,8.88,4.75,-0.06,-0.0,-0.03,1.0,o
2559.0,3227.0,3071.0,3659.0,4014.0,3510.0,3748.0,3927.0,1.23,9.12,4.33,-0.07,-0.0,-0.03,1.0,o
2538.0,3229.0,3058.0,3650.0,4021.0,3522.0,3763.0,3908.0,1.24,9.08,4.4,-0.06,0.04,-0.03,1.0,o
2514.0,3228.0,3066.0,3648.0,4034.0,3498.0,3741.0,3910.0,1.24,9.08,4.47,-0.06,0.02,-0.02,1.0,o
2499.0,3232.0,3061.0,3686.0,4055.0,3506.0,3775.0,3901.0,1.31,9.13,4.35,-0.07,-0.0,-0.04,1.0,o
2496.0,3216.0,3063.0,3663.0,4041.0,3499.0,3774.0,3898.0,1.24,9.07,4.5,-0.04,-0.01,-0.03,1.0,o
2493.0,3231.0,3059.0,3647.0,4030.0,3503.0,3769.0,3920.0,1.31,9.14,4.31,-0.07,0.0,-0.03,1.0,o
2484.0,3248.0,3063.0,3664.0,4055.0,3504.0,3777.0,3895.0,1.26,9.06,4.46,-0.1,0.0,-0.03,1.0,o
2479.0,3233.0,3066.0,3675.0,4039.0,3499.0,3755.0,3924.0,1.3,9.05,4.48,-0.06,0.02,-0.03,1.0,o
2457.0,3230.0,3090.0,3666.0,4065.0,3504.0,3791.0,3934.0,1.21,9.07,4.37,-0.09,-0.01,-0.03,1.0,o
2445.0,3239.0,3071.0,3681.0,4042.0,3485.0,3760.0,3933.0,1.28,9.0,4.55,-0.09,-0.01,-0.02,1.0,o
2447.0,3262.0,3057.0,3665.0,4095.0,3490.0,3760.0,3957.0,1.35,9.05,4.51,-0.07,0.0,-0.04,1.0,o
2446.0,3237.0,3055.0,3649.0,4080.0,3504.0,3777.0,3930.0,1.27,9.06,4.51,-0.06,-0.01,-0.03,1.0,o
2419.0,3253.0,3061.0,3666.0,4067.0,3515.0,3760.0,3971.0,1.3,9.03,4.54,-0.07,-0.01,-0.04,1.0,o
2430.0,3232.0,3069.0,3668.0,4080.0,3486.0,3751.0,3953.0,1.34,9.05,4.47,-0.06,0.02,-0.05,1.0,o
2406.0,3231.0,3054.0,3666.0,4075.0,3522.0,3786.0,3983.0,1.22,9.01,4.55,-0.1,-0.03,-0.03,1.0,o
2384.0,3220.0,3062.0,3679.0,4059.0,3519.0,3760.0,3924.0,1.29,9.02,4.58,-0.07,-0.01,-0.03,1.0,o
2403.0,3244.0,3057.0,3671.0,4062.0,3515.0,3763.0,3952.0,1.31,8.99,4.61,-0.07,0.01,-0.04,1.0,o
2386.0,3238.0,3061.0,3678.0,4060.0,3510.0,3766.0,3961.0,1.36,9.02,4.61,-0.05,-0.01,-0.04,1.0,o
2394.0,3233.0,3061.0,3678.0,4064.0,3503.0,3779.0,3968.0,1.32,9.01,4.53,-0.07,-0.01,-0.04,1.0,o
2399.0,3239.0,3056.0,3677.0,4062.0,3498.0,3757.0,3949.0,1.29,8.98,4.6,-0.07,0.01,-0.03,1.0,o
2518.0,3949.0,3053.0,3031.0,3625.0,3023.0,3238.0,3295.0,1.17,8.81,4.95,-0.07,-0.07,-0.07,1.0,o
2518.0,3939.0,3045.0,3022.0,3633.0,3021.0,3233.0,3295.0,1.07,8.75,5.23,-0.05,0.04,-0.01,1.0,o
2512.0,3957.0,3043.0,3024.0,3633.0,3024.0,3240.0,3270.0,1.28,8.76,5.11,-0.07,0.0,-0.02,1.0,o
2519.0,3917.0,3058.0,3024.0,3631.0,3030.0,3239.0,3265.0,1.16,8.77,5.15,-0.06,-0.04,-0.06,1.0,o
2517.0,3943.0,3043.0,3019.0,3649.0,3034.0,3239.0,3291.0,1.27,8.76,5.17,-0.07,0.01,-0.02,1.0,o
2512.0,3903.0,3034.0,3031.0,3667.0,3025.0,3244.0,3311.0,1.23,8.83,5.06,-0.04,0.01,-0.04,1.0,o
2512.0,3954.0,3053.0,3041.0,3653.0,3027.0,3245.0,3307.0,1.24,8.78,5.05,-0.02,-0.01,-0.04,1.0,o
2509.0,3934.0,3046.0,3036.0,3659.0,3034.0,3242.0,3291.0,1.15,8.77,5.01,-0.07,-0.05,-0.04,1.0,o
2509.0,3982.0,3046.0,3034.0,3642.0,3040.0,3248.0,3298.0,1.16,8.79,4.98,-0.08,-0.02,-0.05,1.0,o
2503.0,3937.0,3050.0,3047.0,3658.0,3027.0,3248.0,3293.0,1.23,8.82,5.05,-0.07,-0.02,-0.04,1.0,o
2494.0,3956.0,3040.0,3046.0,3659.0,3037.0,3251.0,3301.0,1.15,8.78,5.04,-0.08,0.01,-0.02,1.0,o
2489.0,3945.0,3049.0,3044.0,3646.0,3028.0,3245.0,3295.0,1.19,8.77,5.08,-0.07,0.01,-0.03,1.0,o
2501.0,3967.0,3043.0,3046.0,3669.0,3027.0,3254.0,3311.0,1.21,8.76,5.04,-0.06,0.0,-0.03,1.0,o
2496.0,3947.0,3056.0,3050.0,3664.0,3050.0,3248.0,3312.0,1.21,8.79,5.11,-0.09,-0.0,-0.03,1.0,o
2501.0,3970.0,3037.0,3054.0,3664.0,3040.0,3248.0,3307.0,1.27,8.78,5.09,-0.08,-0.02,-0.02,1.0,o
2498.0,3980.0,3046.0,3040.0,3671.0,3031.0,3249.0,3312.0,1.26,8.74,5.18,-0.07,0.01,-0.03,1.0,o
2495.0,3964.0,3051.0,3053.0,3664.0,3042.0,3254.0,3317.0,1.16,8.72,5.16,-0.08,-0.01,-0.04,1.0,o
2485.0,3972.0,3044.0,3045.0,3664.0,3053.0,3263.0,3327.0,1.13,8.74,5.11,-0.09,0.01,-0.02,1.0,o
2491.0,3963.0,3045.0,3053.0,3649.0,3050.0,3254.0,3325.0,1.38,8.74,5.19,-0.05,0.0,-0.04,1.0,o
2496.0,3952.0,3035.0,3053.0,3664.0,3047.0,3248.0,3343.0,1.19,8.73,5.14,-0.08,-0.02,-0.04,1.0,o
2480.0,3943.0,3044.0,3049.0,3677.0,3053.0,3248.0,3414.0,1.34,8.62,5.36,-0.08,0.01,-0.03,1.0,o
2485.0,3834.0,3054.0,3051.0,3660.0,3061.0,3255.0,3415.0,1.37,8.58,5.45,-0.07,0.01,-0.03,1.0,o
2489.0,3981.0,3045.0,3056.0,3664.0,3059.0,3265.0,3414.0,1.32,8.68,5.19,-0.05,0.0,-0.05,1.0,o
2463.0,3951.0,3053.0,3065.0,3670.0,3055.0,3258.0,3425.0,1.31,8.58,5.41,-0.07,0.01,-0.03,1.0,o
2481.0,3958.0,3047.0,3054.0,3697.0,3051.0,3261.0,3423.0,1.31,8.63,5.36,-0.06,-0.0,-0.03,1.0,o
2477.0,4030.0,3055.0,3056.0,3677.0,3056.0,3263.0,3422.0,1.34,8.65,5.26,-0.04,0.03,-0.02,1.0,o
2465.0,3971.0,3047.0,3059.0,3691.0,3050.0,3263.0,3422.0,1.3,8.65,5.33,-0.09,-0.02,-0.05,1.0,o
2480.0,3978.0,3043.0,3052.0,3691.0,3062.0,3260.0,3429.0,1.29,8.65,5.25,-0.05,0.01,-0.01,1.0,o
2474.0,3965.0,3046.0,3063.0,3669.0,3055.0,3276.0,3433.0,1.41,8.58,5.43,-0.06,0.0,-0.04,1.0,o
2475.0,3958.0,3045.0,3067.0,3683.0,3059.0,3265.0,3436.0,1.4,8.64,5.29,-0.06,-0.01,-0.05,1.0,o
2470.0,3955.0,3053.0,3061.0,3687.0,3069.0,3264.0,3421.0,1.32,8.66,5.25,-0.07,0.0,-0.03,1.0,o
2475.0,3953.0,3056.0,3056.0,3684.0,3063.0,3262.0,3410.0,1.25,8.61,5.34,-0.07,-0.0,-0.02,1.0,o
2480.0,3953.0,3048.0,3069.0,3694.0,3058.0,3267.0,3426.0,1.38,8.64,5.26,-0.06,0.02,-0.02,1.0,o
2491.0,3975.0,3054.0,3065.0,3677.0,3057.0,3275.0,3421.0,1.29,8.6,5.38,-0.03,0.02,-0.04,1.0,o
2474.0,3999.0,3049.0,3071.0,3697.0,3062.0,3255.0,3422.0,1.41,8.67,5.2,-0.05,-0.01,-0.04,1.0,o
2479.0,4037.0,3054.0,3066.0,3674.0,3067.0,3268.0,3426.0,1.4,8.65,5.31,-0.05,-0.0,-0.03,1.0,o
2471.0,3930.0,3053.0,3063.0,3681.0,3062.0,3259.0,3425.0,1.37,8.65,5.27,-0.05,0.01,-0.03,1.0,o
2485.0,4005.0,3056.0,3071.0,3696.0,3063.0,3267.0,3422.0,1.38,8.64,5.26,-0.03,0.02,-0.05,1.0,o
2485.0,3981.0,3057.0,3063.0,3695.0,3068.0,3261.0,3422.0,1.33,8.71,5.21,-0.05,0.0,-0.04,1.0,o
2468.0,3967.0,3055.0,3071.0,3696.0,3070.0,3255.0,3426.0,1.41,8.69,5.2,-0.06,0.02,-0.03,1.0,o
2690.0,3376.0,3024.0,3205.0,3679.0,3053.0,3282.0,3025.0,1.51,8.83,4.97,-0.06,0.05,0.03,1.0,o
2665.0,3391.0,3017.0,3182.0,3661.0,3038.0,3269.0,2986.0,1.52,8.71,5.14,-0.1,0.21,0.06,1.0,o
2598.0,3401.0,3026.0,3140.0,3648.0,2992.0,3247.0,3019.0,1.56,8.7,4.92,-0.01,0.06,-0.03,1.0,o
2559.0,3411.0,3023.0,3153.0,3644.0,3018.0,3249.0,3047.0,1.5,8.71,5.07,-0.05,0.02,-0.02,1.0,o
2591.0,3472.0,3023.0,3150.0,3653.0,3012.0,3253.0,3071.0,1.41,8.84,5.0,-0.08,0.02,-0.04,1.0,o
2593.0,3425.0,3022.0,3165.0,3655.0,3024.0,3251.0,3099.0,1.41,8.73,5.1,-0.08,0.02,-0.03,1.0,o
2598.0,3434.0,3018.0,3169.0,3656.0,3022.0,3265.0,3094.0,1.51,8.78,5.08,-0.06,0.01,-0.03,1.0,o
2607.0,3303.0,3024.0,3172.0,3664.0,3037.0,3265.0,3089.0,1.39,8.79,4.98,-0.09,0.01,-0.02,1.0,o
2595.0,3428.0,3024.0,3180.0,3664.0,3026.0,3265.0,3088.0,1.5,8.75,5.09,-0.07,0.03,-0.01,1.0,o
2603.0,3508.0,3017.0,3188.0,3659.0,3037.0,3266.0,3097.0,1.58,8.78,5.0,-0.06,0.0,-0.04,1.0,o
2591.0,3440.0,3024.0,3195.0,3674.0,3043.0,3272.0,3071.0,1.53,8.81,5.0,-0.08,0.0,-0.04,1.0,o
2593.0,3438.0,3029.0,3181.0,3664.0,3023.0,3266.0,3086.0,1.41,8.75,5.07,-0.05,-0.01,-0.05,1.0,o
2601.0,3424.0,3038.0,3198.0,3667.0,3047.0,3265.0,3115.0,1.5,8.77,5.08,-0.07,-0.02,-0.04,1.0,o
2603.0,3428.0,3028.0,3202.0,3665.0,3042.0,3263.0,3088.0,1.39,8.74,5.13,-0.1,-0.03,-0.04,1.0,o
2608.0,3451.0,3033.0,3204.0,3664.0,3047.0,3267.0,3138.0,1.41,8.69,5.19,-0.03,0.01,-0.02,1.0,o
2605.0,3440.0,3030.0,3211.0,3671.0,3049.0,3266.0,3126.0,1.53,8.8,4.92,-0.04,-0.0,-0.03,1.0,o
2608.0,3435.0,3029.0,3199.0,3674.0,3053.0,3260.0,3152.0,1.54,8.73,5.12,-0.06,-0.01,-0.03,1.0,o
2607.0,3451.0,3027.0,3210.0,3681.0,3051.0,3277.0,3119.0,1.59,8.77,5.05,-0.04,-0.0,-0.06,1.0,o
2608.0,3417.0,3024.0,3215.0,3667.0,3040.0,3277.0,3147.0,1.42,8.79,4.96,-0.05,-0.0,-0.05,1.0,o
2606.0,3441.0,3025.0,3204.0,3676.0,3055.0,3276.0,3174.0,1.51,8.81,5.0,-0.05,0.0,-0.03,1.0,o
2607.0,3441.0,3020.0,3194.0,3693.0,3051.0,3275.0,3183.0,1.49,8.79,5.01,-0.08,0.01,-0.03,1.0,o
2608.0,3433.0,3033.0,3216.0,3653.0,3054.0,3271.0,3174.0,1.54,8.75,5.09,-0.07,-0.01,-0.05,1.0,o
2596.0,3439.0,3022.0,3209.0,3680.0,3055.0,3280.0,3193.0,1.55,8.79,5.0,-0.02,0.04,-0.05,1.0,o
2583.0,3442.0,3024.0,3219.0,3678.0,3053.0,3281.0,3175.0,1.41,8.78,4.99,-0.09,-0.0,-0.03,1.0,o
2559.0,3441.0,3023.0,3219.0,3682.0,3057.0,3279.0,3188.0,1.47,8.71,5.19,-0.03,-0.01,-0.02,1.0,o
2588.0,3421.0,3045.0,3229.0,3694.0,3051.0,3274.0,3179.0,1.68,8.83,5.01,-0.0,-0.0,-0.03,1.0,o
2559.0,3437.0,3022.0,3227.0,3661.0,3050.0,3281.0,3184.0,1.4,8.87,4.88,-0.07,-0.07,-0.08,1.0,o
2581.0,3460.0,3039.0,3229.0,3700.0,3056.0,3283.0,3203.0,1.51,8.79,4.94,-0.08,-0.07,-0.07,1.0,o
2559.0,3435.0,3031.0,3221.0,3689.0,3047.0,3280.0,3199.0,1.45,8.9,4.8,-0.03,-0.02,-0.07,1.0,o
2559.0,3478.0,3029.0,3229.0,3702.0,3066.0,3278.0,3198.0,1.26,8.86,4.91,-0.07,-0.04,-0.08,1.0,o
2583.0,3450.0,3024.0,3230.0,3710.0,3068.0,3279.0,3203.0,1.59,8.86,4.84,-0.1,-0.03,-0.02,1.0,o
2586.0,3438.0,3024.0,3241.0,3679.0,3047.0,3289.0,3177.0,1.56,8.77,5.1,-0.1,-0.03,-0.04,1.0,o
2586.0,3445.0,3027.0,3237.0,3699.0,3061.0,3278.0,3184.0,1.38,8.75,5.03,-0.1,-0.04,-0.06,1.0,o
2589.0,3440.0,3030.0,3239.0,3671.0,3062.0,3275.0,3189.0,1.38,8.85,4.8,-0.09,-0.02,-0.05,1.0,o
2593.0,3451.0,3024.0,3234.0,3689.0,3045.0,3281.0,3178.0,1.56,8.7,5.24,-0.06,0.02,-0.02,1.0,o
2597.0,3435.0,3024.0,3231.0,3680.0,3061.0,3285.0,3186.0,1.6,8.78,5.07,-0.04,0.01,-0.04,1.0,o
2608.0,3435.0,3027.0,3233.0,3696.0,3063.0,3280.0,3204.0,1.4,8.87,4.96,-0.05,-0.01,-0.04,1.0,o
2601.0,3442.0,3029.0,3238.0,3696.0,3051.0,3289.0,3191.0,1.74,8.8,4.96,-0.04,0.01,-0.03,1.0,o
2601.0,3435.0,3030.0,3235.0,3714.0,3063.0,3289.0,3187.0,1.46,8.82,4.95,-0.1,0.01,-0.06,1.0,o
2597.0,3438.0,3024.0,3235.0,3696.0,3057.0,3275.0,3203.0,1.36,8.73,5.14,-0.09,0.04,-0.02,1.0,o
2587.0,3442.0,3024.0,3248.0,3702.0,3066.0,3281.0,3195.0,1.47,8.73,5.15,-0.04,0.03,-0.02,1.0,o
2592.0,3442.0,3024.0,3231.0,3696.0,3069.0,3267.0,3198.0,1.4,8.8,4.99,-0.05,-0.0,-0.01,1.0,o
2597.0,3410.0,3018.0,3231.0,3687.0,3057.0,3289.0,3184.0,1.8,8.82,4.92,-0.04,-0.02,0.0,1.0,o
2602.0,3439.0,3024.0,3227.0,3697.0,3053.0,3282.0,3184.0,1.65,8.86,4.69,-0.08,-0.08,-0.1,1.0,o
2608.0,3437.0,3024.0,3239.0,3689.0,3059.0,3280.0,3184.0,1.55,8.81,5.02,-0.07,-0.05,-0.09,1.0,o
2608.0,3440.0,3024.0,3232.0,3712.0,3069.0,3283.0,3171.0,1.47,8.75,4.99,-0.07,-0.02,-0.03,1.0,o
2608.0,3445.0,3034.0,3235.0,3683.0,3068.0,3293.0,3184.0,1.52,8.75,5.09,-0.12,-0.05,-0.0,1.0,o
2613.0,3434.0,3025.0,3237.0,3698.0,3069.0,3262.0,3168.0,1.58,8.64,5.34,-0.1,-0.04,-0.01,1.0,o
2618.0,3450.0,3027.0,3238.0,3696.0,3071.0,3290.0,3162.0,1.55,8.77,5.01,-0.05,0.01,-0.05,1.0,o
2606.0,3442.0,3033.0,3223.0,3696.0,3058.0,3291.0,3177.0,1.59,8.72,5.15,-0.06,-0.0,-0.04,1.0,o
2613.0,3440.0,3025.0,3223.0,3714.0,3054.0,3301.0,3181.0,1.71,8.71,5.17,-0.03,0.02,-0.04,1.0,o
2608.0,3438.0,3026.0,3239.0,3726.0,3061.0,3285.0,3177.0,1.53,8.78,4.99,-0.05,0.01,-0.04,1.0,o
2613.0,3440.0,3024.0,3233.0,3723.0,3066.0,3285.0,3173.0,1.47,8.75,5.08,-0.07,0.02,-0.01,1.0,o
2617.0,3428.0,3037.0,3234.0,3715.0,3057.0,3285.0,3158.0,1.55,8.74,5.06,-0.05,0.02,-0.02,1.0,o
2609.0,3439.0,3025.0,3229.0,3697.0,3067.0,3287.0,3175.0,1.55,8.76,5.04,-0.05,0.02,-0.03,1.0,o
2614.0,3441.0,3030.0,3234.0,3699.0,3061.0,3287.0,3149.0,1.67,8.78,5.01,-0.04,0.03,-0.01,1.0,o
2608.0,3450.0,3041.0,3226.0,3693.0,3065.0,3285.0,3146.0,1.63,8.75,5.07,-0.07,0.01,-0.02,1.0,o
2622.0,3408.0,3025.0,3223.0,3711.0,3071.0,3290.0,3167.0,1.53,8.79,4.98,-0.07,0.0,-0.05,1.0,o
2611.0,3399.0,3029.0,3230.0,3715.0,3056.0,3290.0,3136.0,1.49,8.71,5.18,-0.04,0.0,-0.02,1.0,o
2608.0,3453.0,3039.0,3227.0,3707.0,3052.0,3275.0,3120.0,1.6,8.77,5.03,-0.04,0.0,-0.03,1.0,o
2623.0,3451.0,3031.0,3226.0,3703.0,3055.0,3290.0,3146.0,1.53,8.79,4.99,-0.04,-0.0,-0.05,1.0,o
2605.0,3459.0,3039.0,3231.0,3714.0,3063.0,3287.0,3152.0,1.59,8.8,4.92,-0.06,-0.0,-0.03,1.0,o
2608.0,3456.0,3030.0,3225.0,3699.0,3067.0,3286.0,3183.0,1.55,8.77,5.04,-0.06,0.0,-0.03,1.0,o
2594.0,3443.0,3034.0,3224.0,3703.0,3063.0,3275.0,3186.0,1.62,8.75,5.06,-0.06,-0.01,-0.03,1.0,o
2606.0,3454.0,3029.0,3221.0,3707.0,3066.0,3290.0,3190.0,1.63,8.78,5.01,-0.06,-0.01,-0.05,1.0,o
2602.0,3463.0,3035.0,3231.0,3703.0,3061.0,3301.0,3183.0,1.61,8.78,5.03,-0.05,-0.02,-0.05,1.0,o
2614.0,3456.0,3032.0,3229.0,3710.0,3061.0,3283.0,3157.0,1.5,8.77,5.02,-0.05,-0.01,-0.03,1.0,o
2598.0,3522.0,3025.0,3219.0,3698.0,3066.0,3291.0,3173.0,1.53,8.81,4.95,-0.05,0.01,-0.04,1.0,o
2613.0,3455.0,3030.0,3226.0,3719.0,3057.0,3289.0,3189.0,1.58,8.79,5.01,-0.06,0.02,-0.03,1.0,o
2599.0,3446.0,3038.0,3220.0,3707.0,3062.0,3296.0,3183.0,1.61,8.75,5.04,-0.06,0.0,-0.03,1.0,o
2608.0,3462.0,3024.0,3238.0,3727.0,3063.0,3287.0,3197.0,1.59,8.75,5.02,-0.07,-0.02,-0.03,1.0,o
2613.0,3520.0,3030.0,3229.0,3710.0,3059.0,3296.0,3187.0,1.51,8.77,5.0,-0.07,-0.02,-0.03,1.0,o
2606.0,3462.0,3024.0,3229.0,3718.0,3061.0,3299.0,3171.0,1.67,8.76,5.04,-0.05,0.0,-0.03,1.0,o
2611.0,3463.0,3046.0,3223.0,3717.0,3071.0,3281.0,3165.0,1.57,8.76,5.08,-0.06,-0.01,-0.05,1.0,o
2610.0,3457.0,3029.0,3216.0,3722.0,3061.0,3307.0,3165.0,1.62,8.79,4.98,-0.07,-0.01,-0.04,1.0,o
2598.0,3456.0,3023.0,3217.0,3714.0,3066.0,3291.0,3170.0,1.62,8.78,5.0,-0.08,-0.02,-0.04,1.0,o
2595.0,3457.0,3038.0,3223.0,3696.0,3062.0,3295.0,3168.0,1.53,8.78,5.04,-0.05,0.01,-0.03,1.0,o
2598.0,3455.0,3032.0,3233.0,3705.0,3067.0,3283.0,3176.0,1.53,8.76,5.07,-0.07,0.0,-0.04,1.0,o
2607.0,3456.0,3037.0,3223.0,3722.0,3068.0,3291.0,3185.0,1.59,8.79,4.96,-0.06,0.0,-0.05,1.0,o
2595.0,3459.0,3043.0,3245.0,3703.0,3065.0,3287.0,3177.0,1.59,8.78,4.98,-0.05,0.02,-0.03,1.0,o
1984.0,880.0,3302.0,3126.0,3735.0,3011.0,3198.0,2978.0,1.8,8.9,4.55,-0.06,0.04,0.0,1.0,o
1968.0,914.0,3311.0,3120.0,3745.0,3011.0,3205.0,2994.0,1.99,8.88,4.7,-0.05,0.03,-0.02,1.0,o
1956.0,879.0,3295.0,3130.0,3759.0,3013.0,3199.0,2996.0,1.88,8.91,4.53,-0.07,0.09,-0.03,1.0,o
1951.0,887.0,3312.0,3137.0,3735.0,3015.0,3198.0,3001.0,1.88,8.91,4.55,-0.08,-0.0,-0.05,1.0,o
1950.0,878.0,3312.0,3141.0,3735.0,3012.0,3210.0,3005.0,1.84,8.94,4.56,-0.09,-0.02,-0.08,1.0,o
1937.0,811.0,3303.0,3153.0,3751.0,3014.0,3213.0,3011.0,1.69,8.92,4.72,-0.1,0.01,-0.03,1.0,o
1903.0,873.0,3312.0,3164.0,3749.0,3014.0,3210.0,3024.0,1.79,8.95,4.54,-0.09,0.07,-0.06,1.0,o
1931.0,885.0,3309.0,3162.0,3742.0,3009.0,3213.0,3014.0,1.88,8.99,4.63,-0.05,0.03,-0.04,1.0,o
1934.0,881.0,3301.0,3162.0,3734.0,3023.0,3205.0,3009.0,1.79,8.85,4.84,-0.09,-0.03,-0.05,1.0,o
1936.0,879.0,3305.0,3162.0,3751.0,3021.0,3211.0,3005.0,1.75,8.94,4.64,-0.05,-0.01,-0.06,1.0,o
1927.0,882.0,3312.0,3171.0,3751.0,3021.0,3205.0,3030.0,1.76,8.92,4.62,-0.04,0.02,-0.04,1.0,o
1937.0,885.0,3309.0,3189.0,3747.0,3011.0,3210.0,3037.0,1.68,8.92,4.7,-0.08,-0.02,-0.04,1.0,o
1951.0,896.0,3312.0,3197.0,3754.0,3031.0,3216.0,3046.0,1.73,8.94,4.71,-0.06,-0.02,-0.04,1.0,o
1953.0,800.0,3297.0,3197.0,3754.0,3022.0,3216.0,3040.0,1.73,8.92,4.67,-0.04,0.01,-0.04,1.0,o
1936.0,879.0,3307.0,3203.0,3731.0,3021.0,3206.0,3025.0,1.78,8.94,4.65,-0.05,-0.02,-0.03,1.0,o
1963.0,880.0,3312.0,3213.0,3735.0,3029.0,3218.0,3024.0,1.74,8.93,4.65,-0.06,-0.01,-0.04,1.0,o
1975.0,817.0,3312.0,3199.0,3753.0,3024.0,3218.0,3023.0,1.75,8.9,4.7,-0.05,-0.0,-0.04,1.0,o
1981.0,880.0,3312.0,3198.0,3755.0,3024.0,3221.0,3052.0,1.74,8.92,4.67,-0.08,-0.02,-0.03,1.0,o
1968.0,882.0,3315.0,3198.0,3759.0,3031.0,3216.0,3061.0,1.64,8.89,4.7,-0.08,-0.01,-0.03,1.0,o
1955.0,877.0,3312.0,3206.0,3748.0,3025.0,3222.0,3051.0,1.68,8.91,4.69,-0.07,-0.0,-0.03,1.0,o
1949.0,880.0,3310.0,3217.0,3760.0,3029.0,3216.0,3057.0,1.8,8.91,4.62,-0.04,0.0,-0.04,1.0,o
1963.0,896.0,3314.0,3223.0,3763.0,3013.0,3220.0,3062.0,1.69,8.93,4.68,-0.05,-0.01,-0.04,1.0,o
1968.0,816.0,3303.0,3217.0,3760.0,3033.0,3221.0,3056.0,1.82,8.96,4.68,-0.06,0.02,-0.03,1.0,o
1977.0,876.0,3312.0,3233.0,3763.0,3033.0,3218.0,3071.0,1.79,8.91,4.73,-0.05,0.01,-0.05,1.0,o
1970.0,875.0,3318.0,3236.0,3765.0,3040.0,3215.0,3059.0,1.75,8.92,4.64,-0.0,0.03,-0.03,1.0,o
1949.0,880.0,3318.0,3225.0,3777.0,3023.0,3226.0,3065.0,1.76,8.91,4.59,-0.09,-0.04,-0.04,1.0,o
1932.0,830.0,3315.0,3227.0,3774.0,3035.0,3215.0,3062.0,1.67,8.93,4.63,-0.06,0.0,-0.03,1.0,o
1932.0,879.0,3335.0,3232.0,3765.0,3042.0,3231.0,3069.0,1.78,8.83,4.86,-0.0,0.0,-0.05,1.0,o
1919.0,829.0,3295.0,3238.0,3783.0,3045.0,3227.0,3071.0,1.62,8.99,4.43,-0.04,-0.04,-0.05,1.0,o
1919.0,879.0,3299.0,3242.0,3789.0,3041.0,3221.0,3084.0,1.7,8.95,4.6,-0.09,-0.03,-0.04,1.0,o
1917.0,1055.0,3301.0,3237.0,3778.0,3041.0,3216.0,3071.0,1.78,9.0,4.58,-0.07,0.01,-0.03,1.0,o
1910.0,765.0,3312.0,3239.0,3791.0,3033.0,3225.0,3063.0,1.75,8.91,4.72,-0.03,0.01,-0.05,1.0,o
1905.0,885.0,3309.0,3245.0,3775.0,3038.0,3222.0,3071.0,1.78,8.95,4.77,-0.08,-0.03,-0.04,1.0,o
1935.0,907.0,3312.0,3231.0,3785.0,3037.0,3218.0,3086.0,1.47,9.03,4.41,-0.07,-0.02,-0.03,1.0,o
1915.0,886.0,3312.0,3233.0,3787.0,3040.0,3223.0,3087.0,1.87,8.97,4.56,0.0,0.04,0.02,1.0,o
1907.0,880.0,3295.0,3234.0,3772.0,3037.0,3213.0,3083.0,1.9,9.02,4.42,-0.05,-0.01,-0.02,1.0,o
1901.0,845.0,3312.0,3233.0,3772.0,3034.0,3217.0,3071.0,1.67,9.02,4.39,-0.05,-0.01,-0.05,1.0,o
1904.0,880.0,3297.0,3227.0,3786.0,3040.0,3217.0,3079.0,1.83,9.0,4.45,-0.04,0.0,-0.06,1.0,o
1891.0,876.0,3297.0,3235.0,3759.0,3035.0,3222.0,3069.0,1.76,9.03,4.49,-0.04,0.02,-0.03,1.0,o
1887.0,881.0,3299.0,3247.0,3820.0,3049.0,3216.0,3069.0,1.78,9.02,4.4,-0.08,-0.04,-0.06,1.0,o
1870.0,878.0,3311.0,3242.0,3777.0,3037.0,3219.0,3091.0,1.7,9.01,4.48,-0.04,-0.0,-0.04,1.0,o
1862.0,876.0,3309.0,3248.0,3791.0,3038.0,3227.0,3099.0,1.75,9.08,4.23,-0.08,0.02,-0.04,1.0,o
1866.0,751.0,3313.0,3232.0,3787.0,3029.0,3216.0,3101.0,1.78,9.01,4.53,-0.08,0.01,-0.04,1.0,o
1866.0,873.0,3307.0,3242.0,3778.0,3040.0,3220.0,3114.0,1.7,9.02,4.54,-0.08,-0.02,-0.04,1.0,o
1846.0,886.0,3312.0,3242.0,3765.0,3047.0,3227.0,3094.0,1.69,8.99,4.47,-0.05,0.01,-0.03,1.0,o
1840.0,880.0,3303.0,3238.0,3771.0,3028.0,3226.0,3092.0,1.73,9.0,4.44,-0.07,-0.02,-0.03,1.0,o
1866.0,880.0,3311.0,3235.0,3776.0,3035.0,3231.0,3103.0,1.75,8.99,4.49,-0.06,0.01,-0.02,1.0,o
1872.0,884.0,3298.0,3239.0,3771.0,3039.0,3216.0,3101.0,1.83,9.05,4.39,-0.05,0.01,-0.05,1.0,o
1857.0,879.0,3312.0,3249.0,3810.0,3038.0,3223.0,3100.0,1.81,9.02,4.51,-0.07,0.0,-0.05,1.0,o
1853.0,864.0,3301.0,3255.0,3776.0,3046.0,3221.0,3093.0,1.76,9.01,4.47,-0.06,0.0,-0.06,1.0,o
1862.0,880.0,3312.0,3262.0,3759.0,3045.0,3227.0,3091.0,1.71,9.05,4.46,-0.05,0.01,-0.04,1.0,o
1872.0,880.0,3309.0,3266.0,3760.0,3046.0,3225.0,3082.0,1.74,9.05,4.35,-0.08,0.01,-0.04,1.0,o
1873.0,889.0,3305.0,3248.0,3778.0,3039.0,3226.0,3086.0,1.68,9.01,4.44,-0.05,0.03,-0.04,1.0,o
1865.0,880.0,3302.0,3262.0,3774.0,3035.0,3218.0,3086.0,1.79,9.04,4.44,-0.05,0.02,-0.04,1.0,o
1872.0,878.0,3306.0,3270.0,3779.0,3037.0,3227.0,3089.0,1.69,9.04,4.47,-0.04,0.01,-0.05,1.0,o
1879.0,906.0,3315.0,3251.0,3762.0,3040.0,3227.0,3085.0,1.73,9.06,4.4,-0.06,-0.02,-0.04,1.0,o
1894.0,880.0,3299.0,3259.0,3780.0,3038.0,3229.0,3104.0,1.72,9.03,4.46,-0.07,-0.02,-0.03,1.0,o
1909.0,873.0,3305.0,3253.0,3776.0,3050.0,3229.0,3099.0,1.67,9.02,4.41,-0.05,-0.02,-0.03,1.0,o
1959.0,880.0,3299.0,3248.0,3773.0,3039.0,3229.0,3094.0,1.62,8.98,4.53,-0.11,-0.05,-0.05,1.0,o
1962.0,887.0,3309.0,3249.0,3774.0,3046.0,3239.0,3116.0,1.72,9.02,4.46,-0.05,0.0,-0.03,1.0,o
3047.0,3118.0,3004.0,3167.0,3311.0,2738.0,3131.0,2757.0,0.23,9.24,4.11,-0.08,0.02,-0.03,1.0,o
3025.0,3121.0,3001.0,3175.0,3329.0,2749.0,3146.0,2763.0,0.2,9.29,4.16,-0.11,0.02,0.01,1.0,o
3024.0,3099.0,2999.0,3179.0,3362.0,2755.0,3136.0,2773.0,0.49,9.24,4.23,-0.09,0.02,0.01,1.0,o
3003.0,3120.0,2999.0,3175.0,3374.0,2755.0,3152.0,2768.0,0.5,9.25,4.24,-0.09,0.01,0.06,1.0,o
2993.0,3112.0,3003.0,3169.0,3397.0,2759.0,3151.0,2763.0,0.41,9.19,4.3,-0.08,0.02,0.02,1.0,o
3022.0,3167.0,3002.0,3182.0,3407.0,2767.0,3132.0,2768.0,0.77,9.31,4.27,-0.03,-0.04,-0.02,1.0,o
3023.0,3103.0,2992.0,3178.0,3403.0,2770.0,3151.0,2787.0,0.55,9.22,4.3,-0.05,0.02,-0.02,1.0,o
3007.0,3024.0,3013.0,3175.0,3417.0,2772.0,3166.0,2791.0,0.76,9.23,4.36,-0.04,-0.0,-0.01,1.0,o
2992.0,3115.0,3003.0,3184.0,3423.0,2770.0,3161.0,2796.0,0.64,9.23,4.26,-0.07,-0.02,-0.03,1.0,o
2998.0,3104.0,3008.0,3190.0,3419.0,2774.0,3171.0,2800.0,0.49,9.17,4.29,-0.08,-0.03,0.0,1.0,o
2992.0,3121.0,3001.0,3182.0,3438.0,2785.0,3168.0,2806.0,0.75,9.18,4.21,-0.06,0.04,0.0,1.0,o
2986.0,3114.0,2999.0,3194.0,3450.0,2780.0,3152.0,2800.0,0.94,9.17,4.37,-0.04,0.01,0.01,1.0,o
2980.0,3113.0,3008.0,3186.0,3458.0,2781.0,3158.0,2815.0,0.9,9.32,4.22,-0.07,0.01,0.0,1.0,o
2979.0,3115.0,3005.0,3200.0,3455.0,2785.0,3154.0,2805.0,0.68,9.08,4.39,-0.14,-0.04,0.03,1.0,o
2992.0,3115.0,2993.0,3197.0,3450.0,2787.0,3152.0,2800.0,0.89,9.15,4.4,-0.05,0.01,-0.03,1.0,o
2967.0,3153.0,3013.0,3191.0,3439.0,2786.0,3159.0,2806.0,0.94,9.17,4.45,-0.05,0.0,-0.02,1.0,o
2956.0,3097.0,3006.0,3207.0,3469.0,2782.0,3132.0,2800.0,0.9,9.14,4.4,-0.08,-0.02,-0.02,1.0,o
2951.0,3120.0,3008.0,3200.0,3466.0,2786.0,3158.0,2800.0,0.98,9.14,4.37,-0.05,-0.0,-0.03,1.0,o
2930.0,3111.0,3007.0,3199.0,3472.0,2785.0,3155.0,2801.0,0.86,9.14,4.37,-0.06,0.01,-0.03,1.0,o
2897.0,3125.0,3018.0,3187.0,3473.0,2783.0,3150.0,2788.0,0.91,9.17,4.36,-0.08,0.01,-0.03,1.0,o
2881.0,3118.0,3006.0,3192.0,3472.0,2787.0,3155.0,2807.0,1.0,9.1,4.5,-0.06,-0.0,-0.04,1.0,o
2869.0,3120.0,3011.0,3200.0,3482.0,2786.0,3152.0,2802.0,0.88,9.11,4.42,-0.07,-0.02,-0.04,1.0,o
2864.0,3116.0,3004.0,3189.0,3493.0,2790.0,3151.0,2807.0,0.92,9.12,4.41,-0.06,-0.02,-0.03,1.0,o
2858.0,3118.0,3003.0,3189.0,3489.0,2787.0,3152.0,2791.0,0.88,9.11,4.5,-0.05,0.01,-0.04,1.0,o
2851.0,3120.0,3006.0,3198.0,3486.0,2786.0,3156.0,2789.0,0.97,9.17,4.38,-0.06,-0.01,-0.03,1.0,o
2838.0,3114.0,3009.0,3202.0,3486.0,2785.0,3165.0,2779.0,1.0,9.14,4.46,-0.05,0.02,-0.04,1.0,o
2833.0,3104.0,2999.0,3204.0,3483.0,2790.0,3169.0,2784.0,0.91,9.14,4.43,-0.05,-0.0,-0.04,1.0,o
2819.0,3098.0,3008.0,3201.0,3489.0,2783.0,3169.0,2782.0,0.96,9.14,4.39,-0.06,-0.01,-0.03,1.0,o
2835.0,3118.0,3007.0,3212.0,3483.0,2790.0,3173.0,2770.0,0.91,9.16,4.37,-0.03,0.01,-0.05,1.0,o
2818.0,3110.0,3007.0,3203.0,3482.0,2795.0,3168.0,2753.0,0.9,9.2,4.32,-0.08,-0.01,-0.03,1.0,o
2807.0,3127.0,3007.0,3210.0,3481.0,2801.0,3173.0,2717.0,0.95,9.14,4.53,-0.07,0.0,-0.03,1.0,o
2814.0,3120.0,3008.0,3216.0,3498.0,2796.0,3157.0,2738.0,0.94,9.15,4.41,-0.09,-0.01,-0.03,1.0,o
2799.0,3105.0,3009.0,3219.0,3489.0,2790.0,3178.0,2739.0,1.06,9.12,4.5,-0.06,0.0,-0.04,1.0,o
2807.0,3123.0,3008.0,3231.0,3488.0,2800.0,3162.0,2752.0,0.91,9.13,4.46,-0.07,-0.04,-0.03,1.0,o
2814.0,3151.0,3009.0,3223.0,3504.0,2790.0,3184.0,2748.0,1.11,9.09,4.59,-0.04,-0.01,-0.04,1.0,o
2809.0,3109.0,3017.0,3226.0,3497.0,2793.0,3159.0,2735.0,0.88,9.14,4.36,-0.06,-0.01,-0.04,1.0,o
2802.0,3110.0,3014.0,3226.0,3504.0,2791.0,3165.0,2735.0,0.9,9.16,4.37,-0.07,-0.0,-0.03,1.0,o
2778.0,3120.0,3009.0,3221.0,3504.0,2794.0,3174.0,2735.0,0.92,9.13,4.46,-0.07,0.03,-0.04,1.0,o
2779.0,3111.0,3008.0,3219.0,3491.0,2791.0,3184.0,2735.0,0.94,9.11,4.46,-0.06,-0.01,-0.03,1.0,o
2770.0,3105.0,3008.0,3216.0,3502.0,2805.0,3167.0,2739.0,0.95,9.11,4.44,-0.06,-0.01,-0.03,1.0,o
2770.0,3011.0,2997.0,3229.0,3504.0,2799.0,3166.0,2725.0,0.97,9.06,4.56,-0.03,-0.0,-0.03,1.0,o
2752.0,3111.0,3008.0,3221.0,3498.0,2800.0,3182.0,2752.0,1.05,9.15,4.29,-0.03,-0.0,-0.07,1.0,o
2730.0,3103.0,3004.0,3222.0,3500.0,2802.0,3169.0,2753.0,0.78,9.15,4.42,-0.04,-0.03,-0.07,1.0,o
2704.0,3115.0,3008.0,3230.0,3505.0,2800.0,3179.0,2773.0,0.82,9.16,4.23,-0.07,-0.02,-0.05,1.0,o
2704.0,3135.0,3018.0,3231.0,3509.0,2800.0,3182.0,2758.0,0.88,9.08,4.61,-0.07,-0.02,-0.02,1.0,o
2683.0,3068.0,3013.0,3216.0,3510.0,2801.0,3183.0,2829.0,0.93,9.13,4.39,-0.07,-0.01,-0.01,1.0,o
2688.0,3114.0,3008.0,3226.0,3509.0,2807.0,3173.0,2803.0,0.91,9.19,4.23,-0.07,0.01,-0.06,1.0,o
2693.0,3103.0,3020.0,3226.0,3509.0,2802.0,3180.0,2807.0,0.77,9.3,3.92,-0.13,0.09,-0.01,1.0,o
2699.0,3110.0,3006.0,3219.0,3503.0,2803.0,3165.0,2810.0,0.91,8.91,5.16,-0.18,-0.03,0.09,1.0,o
2692.0,3116.0,3001.0,3230.0,3504.0,2805.0,3165.0,2802.0,1.43,9.02,4.48,-0.11,-0.01,0.0,1.0,o
2701.0,3030.0,3003.0,3239.0,3524.0,2812.0,3163.0,2806.0,0.85,8.92,4.91,-0.11,-0.04,-0.06,1.0,o
2698.0,3120.0,3011.0,3221.0,3530.0,2804.0,3175.0,2798.0,1.12,9.05,4.72,-0.01,-0.01,-0.0,1.0,o
2704.0,3115.0,2997.0,3232.0,3507.0,2802.0,3170.0,2807.0,1.24,9.06,4.53,-0.07,-0.03,0.0,1.0,o
2699.0,3115.0,3010.0,3229.0,3510.0,2811.0,3159.0,2811.0,0.92,9.02,4.57,-0.07,-0.01,-0.06,1.0,o
2697.0,3102.0,3015.0,3236.0,3523.0,2806.0,3166.0,2809.0,1.26,9.14,4.4,-0.05,0.01,-0.02,1.0,o
2704.0,3111.0,3013.0,3237.0,3511.0,2803.0,3183.0,2802.0,0.98,9.03,4.66,-0.09,-0.04,-0.06,1.0,o
2706.0,3099.0,2999.0,3237.0,3519.0,2807.0,3165.0,2807.0,1.22,9.05,4.59,-0.03,0.01,-0.02,1.0,o
2715.0,3120.0,3001.0,3235.0,3533.0,2805.0,3177.0,2816.0,1.16,9.06,4.6,-0.05,-0.01,-0.05,1.0,o
2695.0,3127.0,3009.0,3236.0,3534.0,2805.0,3181.0,2822.0,1.24,9.03,4.61,-0.03,-0.01,-0.05,1.0,o
2704.0,3113.0,3006.0,3231.0,3520.0,2802.0,3170.0,2820.0,1.1,9.05,4.58,-0.06,-0.03,-0.06,1.0,o
2693.0,3116.0,3015.0,3233.0,3536.0,2806.0,3171.0,2819.0,1.07,9.02,4.63,-0.05,0.01,-0.04,1.0,o
2673.0,3117.0,2999.0,3237.0,3525.0,2806.0,3172.0,2820.0,1.1,9.02,4.62,0.02,0.03,-0.07,1.0,o
2631.0,3110.0,3010.0,3227.0,3521.0,2809.0,3183.0,2815.0,0.99,9.13,4.33,-0.07,-0.01,-0.06,1.0,o
2640.0,3088.0,3012.0,3239.0,3534.0,2803.0,3184.0,2821.0,1.06,9.11,4.46,-0.06,-0.01,-0.07,1.0,o
2654.0,3115.0,3008.0,3248.0,3536.0,2813.0,3184.0,2819.0,1.06,9.08,4.46,-0.05,0.0,-0.06,1.0,o
2659.0,3116.0,3008.0,3245.0,3536.0,2805.0,3187.0,2817.0,0.93,9.05,4.54,-0.09,-0.05,-0.06,1.0,o
2677.0,3113.0,3013.0,3227.0,3536.0,2815.0,3173.0,3052.0,0.99,9.09,4.55,-0.03,-0.02,-0.04,1.0,o
2665.0,3115.0,3019.0,3239.0,3553.0,2806.0,3171.0,3088.0,0.94,9.15,4.27,-0.06,0.01,-0.02,1.0,o
2656.0,3063.0,3013.0,3239.0,3535.0,2802.0,3188.0,3115.0,1.07,9.11,4.47,-0.07,-0.03,-0.01,1.0,o
2647.0,3088.0,3013.0,3235.0,3524.0,2813.0,3178.0,3106.0,1.06,9.12,4.38,-0.06,0.0,-0.02,1.0,o
2649.0,3111.0,3007.0,3236.0,3530.0,2817.0,3184.0,3127.0,0.96,9.12,4.39,-0.08,0.03,-0.01,1.0,o
2643.0,3010.0,3006.0,3242.0,3537.0,2812.0,3190.0,3120.0,1.09,9.08,4.47,-0.07,0.0,-0.03,1.0,o
2651.0,3062.0,3007.0,3241.0,3538.0,2818.0,3184.0,3121.0,1.19,9.18,4.29,-0.03,0.01,-0.05,1.0,o
2656.0,3117.0,3009.0,3233.0,3536.0,2811.0,3177.0,3122.0,1.05,9.16,4.41,-0.07,0.01,-0.03,1.0,o
2646.0,3120.0,3008.0,3238.0,3543.0,2806.0,3184.0,3129.0,1.07,9.12,4.47,-0.08,0.03,-0.01,1.0,o
2641.0,3031.0,3009.0,3238.0,3536.0,2807.0,3184.0,3127.0,1.2,9.12,4.4,-0.05,0.01,-0.03,1.0,o
2640.0,3149.0,3008.0,3243.0,3534.0,2815.0,3182.0,3137.0,1.08,9.09,4.42,-0.04,-0.02,-0.04,1.0,o
2653.0,3091.0,3021.0,3248.0,3534.0,2816.0,3169.0,3139.0,1.11,9.2,4.2,-0.06,0.0,-0.02,1.0,o
2640.0,3097.0,3005.0,3248.0,3536.0,2810.0,3183.0,3136.0,1.07,9.14,4.37,-0.07,0.02,-0.04,1.0,o
2625.0,3123.0,3007.0,3238.0,3539.0,2809.0,3189.0,3136.0,1.18,9.11,4.48,-0.05,-0.02,-0.03,1.0,o
2629.0,3118.0,3002.0,3247.0,3546.0,2820.0,3180.0,3130.0,1.1,9.16,4.31,-0.04,-0.01,-0.03,1.0,o
2624.0,3084.0,3003.0,3248.0,3543.0,2808.0,3175.0,3146.0,1.04,9.16,4.3,-0.06,0.01,-0.02,1.0,o
2631.0,3291.0,3004.0,3249.0,3534.0,2816.0,3182.0,3142.0,1.15,9.17,4.36,-0.05,0.01,-0.03,1.0,o
2615.0,3110.0,3007.0,3239.0,3552.0,2816.0,3194.0,3147.0,1.16,9.17,4.24,-0.03,0.02,-0.03,1.0,o
2615.0,3125.0,3001.0,3247.0,3536.0,2818.0,3179.0,3143.0,1.14,9.17,4.31,-0.04,0.02,-0.04,1.0,o
2627.0,3115.0,3022.0,3241.0,3531.0,2816.0,3184.0,3141.0,1.06,9.18,4.23,-0.06,0.01,-0.04,1.0,o
2618.0,3119.0,3014.0,3247.0,3540.0,2811.0,3179.0,3147.0,1.13,9.15,4.25,-0.06,0.0,-0.04,1.0,o
2606.0,3090.0,3011.0,3248.0,3555.0,2818.0,3169.0,3140.0,1.17,9.18,4.29,-0.04,0.01,-0.05,1.0,o
2597.0,3123.0,3019.0,3243.0,3532.0,2818.0,3170.0,3151.0,1.06,9.16,4.32,-0.05,0.01,-0.03,1.0,o
2586.0,3104.0,3017.0,3246.0,3543.0,2813.0,3171.0,3153.0,1.11,9.22,4.18,-0.06,-0.01,-0.03,1.0,o
2587.0,3122.0,3020.0,3248.0,3537.0,2821.0,3167.0,3152.0,1.11,9.19,4.24,-0.05,0.0,-0.03,1.0,o
2582.0,3119.0,2999.0,3251.0,3558.0,2825.0,3181.0,3157.0,1.19,9.22,4.24,-0.06,0.01,-0.03,1.0,o
2583.0,3117.0,3013.0,3245.0,3554.0,2819.0,3184.0,3163.0,1.15,9.15,4.34,-0.07,-0.01,-0.04,1.0,o
2581.0,3105.0,3014.0,3241.0,3547.0,2818.0,3183.0,3173.0,1.19,9.2,4.28,-0.06,-0.01,-0.04,1.0,o
2609.0,3120.0,3014.0,3248.0,3541.0,2815.0,3187.0,3172.0,1.15,9.18,4.31,-0.04,0.0,-0.05,1.0,o
2613.0,3126.0,3001.0,3248.0,3542.0,2816.0,3184.0,3180.0,1.12,9.22,4.25,-0.08,-0.01,-0.03,1.0,o
2619.0,3116.0,3017.0,3255.0,3558.0,2818.0,3183.0,3190.0,1.08,9.12,4.46,-0.04,-0.0,-0.03,1.0,o
2621.0,3096.0,3003.0,3248.0,3562.0,2819.0,3189.0,3190.0,1.18,9.18,4.25,-0.05,-0.01,-0.04,1.0,o
2602.0,3119.0,3011.0,3249.0,3566.0,2821.0,3190.0,3184.0,1.08,9.22,4.22,-0.05,-0.0,-0.05,1.0,o
2601.0,3122.0,2997.0,3248.0,3555.0,2823.0,3178.0,3190.0,1.03,9.15,4.28,-0.08,0.0,-0.02,1.0,o
3841.0,3453.0,3134.0,3263.0,3728.0,2983.0,3406.0,2992.0,1.2,9.54,3.74,-0.07,0.08,-0.0,1.0,o
3852.0,3471.0,3123.0,3263.0,3727.0,2995.0,3420.0,3014.0,0.84,9.4,3.8,-0.06,0.11,-0.03,1.0,o
3840.0,3487.0,3138.0,3281.0,3739.0,3007.0,3411.0,3022.0,1.06,9.42,3.68,-0.06,0.02,-0.02,1.0,o
3868.0,3463.0,3124.0,3280.0,3733.0,3009.0,3373.0,3037.0,0.91,9.44,3.8,-0.08,0.01,-0.02,1.0,o
3883.0,3504.0,3122.0,3286.0,3750.0,3008.0,3410.0,3051.0,1.05,9.4,3.77,-0.09,0.03,-0.01,1.0,o
3870.0,3485.0,3136.0,3285.0,3751.0,3016.0,3428.0,3049.0,0.99,9.36,3.8,-0.08,0.0,-0.04,1.0,o
3871.0,3476.0,3134.0,3298.0,3751.0,3015.0,3403.0,3063.0,1.05,9.37,3.88,-0.06,0.01,-0.02,1.0,o
3860.0,3466.0,3132.0,3294.0,3749.0,3011.0,3419.0,3070.0,1.21,9.35,3.88,-0.08,-0.03,-0.0,1.0,o
3873.0,3477.0,3133.0,3301.0,3749.0,3003.0,3399.0,3055.0,1.11,9.35,3.89,-0.06,-0.02,-0.03,1.0,o
3847.0,3488.0,3134.0,3295.0,3762.0,3017.0,3398.0,3053.0,1.11,9.38,3.9,-0.08,0.0,-0.02,1.0,o
3872.0,3494.0,3147.0,3303.0,3757.0,3014.0,3397.0,3065.0,1.2,9.32,3.95,-0.06,0.01,-0.03,1.0,o
3895.0,3485.0,3134.0,3296.0,3761.0,3022.0,3399.0,3062.0,1.21,9.35,3.93,-0.07,-0.0,-0.03,1.0,o
3892.0,3476.0,3127.0,3298.0,3759.0,3024.0,3398.0,3067.0,1.15,9.33,3.98,-0.05,0.01,-0.02,1.0,o
3904.0,3488.0,3133.0,3314.0,3762.0,3021.0,3403.0,3071.0,1.22,9.33,4.02,-0.09,-0.02,-0.03,1.0,o
3888.0,3479.0,3141.0,3303.0,3775.0,3012.0,3394.0,3089.0,1.11,9.3,4.01,-0.06,-0.01,-0.04,1.0,o
3879.0,3473.0,3139.0,3307.0,3759.0,3024.0,3393.0,3083.0,1.14,9.33,3.9,-0.05,0.01,-0.05,1.0,o
3883.0,3481.0,3136.0,3315.0,3771.0,3015.0,3378.0,3095.0,1.12,9.27,3.95,-0.08,0.01,-0.04,1.0,o
3887.0,3494.0,3130.0,3312.0,3760.0,3009.0,3400.0,3116.0,1.08,9.28,3.97,-0.06,-0.01,-0.03,1.0,o
3873.0,3494.0,3135.0,3317.0,3767.0,3021.0,3382.0,3123.0,1.12,9.33,3.9,-0.05,-0.02,-0.04,1.0,o
3877.0,3484.0,3145.0,3306.0,3771.0,3013.0,3389.0,3126.0,1.21,9.35,3.81,-0.05,-0.01,-0.04,1.0,o
3888.0,3474.0,3144.0,3312.0,3782.0,3014.0,3402.0,3111.0,1.05,9.33,3.9,-0.1,-0.0,-0.03,1.0,o
3893.0,3477.0,3134.0,3318.0,3755.0,3019.0,3408.0,3111.0,1.19,9.28,4.04,-0.08,-0.01,0.0,1.0,o
3888.0,3487.0,3134.0,3327.0,3770.0,3011.0,3408.0,3116.0,1.26,9.3,3.96,-0.06,-0.03,-0.04,1.0,o
3871.0,3489.0,3138.0,3318.0,3763.0,3009.0,3376.0,3127.0,1.17,9.34,3.87,-0.05,0.0,-0.03,1.0,o
3900.0,3504.0,3142.0,3327.0,3765.0,3011.0,3415.0,3121.0,1.28,9.31,3.96,-0.07,0.0,-0.03,1.0,o
3888.0,3485.0,3142.0,3323.0,3767.0,3008.0,3398.0,3121.0,1.2,9.33,3.92,-0.05,-0.0,-0.03,1.0,o
3897.0,3486.0,3143.0,3313.0,3760.0,3019.0,3417.0,3120.0,1.21,9.34,3.89,-0.08,0.0,-0.03,1.0,o
3920.0,3474.0,3143.0,3318.0,3765.0,3013.0,3415.0,3131.0,1.22,9.31,3.95,-0.06,0.02,-0.04,1.0,o
3920.0,3482.0,3137.0,3331.0,3767.0,3015.0,3424.0,3111.0,1.15,9.31,4.01,-0.08,-0.0,-0.03,1.0,o
3918.0,3473.0,3136.0,3322.0,3772.0,3014.0,3420.0,3115.0,1.25,9.28,3.93,-0.05,0.0,-0.03,1.0,o
3914.0,3469.0,3140.0,3317.0,3760.0,3020.0,3430.0,3120.0,1.3,9.32,3.96,-0.05,0.01,-0.04,1.0,o
3922.0,3489.0,3136.0,3315.0,3759.0,3008.0,3427.0,3119.0,1.25,9.32,3.98,-0.05,0.02,-0.03,1.0,o
3911.0,3487.0,3127.0,3323.0,3778.0,3009.0,3397.0,3120.0,1.2,9.29,4.0,-0.06,0.01,-0.04,1.0,o
3888.0,3483.0,3141.0,3327.0,3757.0,3008.0,3405.0,3106.0,1.17,9.3,3.9,-0.05,0.0,-0.03,1.0,o
3899.0,3491.0,3133.0,3326.0,3760.0,3017.0,3408.0,3097.0,1.23,9.34,3.9,-0.05,-0.0,-0.04,1.0,o
3907.0,3505.0,3131.0,3325.0,3761.0,3010.0,3401.0,3089.0,1.18,9.3,3.9,-0.07,0.01,-0.02,1.0,o
3919.0,3483.0,3138.0,3328.0,3757.0,3012.0,3424.0,3091.0,1.26,9.33,3.88,-0.08,0.0,-0.03,1.0,o
3931.0,3518.0,3137.0,3318.0,3760.0,3011.0,3427.0,3098.0,1.16,9.33,3.98,-0.06,0.01,-0.03,1.0,o
3937.0,3477.0,3136.0,3328.0,3765.0,3007.0,3431.0,3089.0,1.21,9.34,3.98,-0.06,0.01,-0.03,1.0,o
3908.0,3504.0,3150.0,3332.0,3776.0,3007.0,3435.0,3104.0,1.22,9.32,3.92,-0.06,-0.01,-0.04,1.0,o
3913.0,3474.0,3141.0,3334.0,3776.0,3011.0,3430.0,3094.0,1.24,9.37,3.81,-0.07,-0.0,-0.03,1.0,o
3927.0,3472.0,3135.0,3331.0,3769.0,3005.0,3436.0,3091.0,1.26,9.32,3.99,-0.06,0.02,-0.04,1.0,o
3931.0,3467.0,3136.0,3328.0,3764.0,3010.0,3433.0,3104.0,1.3,9.33,3.97,-0.04,0.0,-0.03,1.0,o
3912.0,3488.0,3137.0,3334.0,3782.0,3002.0,3420.0,3106.0,1.21,9.32,3.9,-0.05,0.01,-0.03,1.0,o
3914.0,3499.0,3136.0,3330.0,3771.0,3011.0,3428.0,3096.0,1.16,9.35,3.83,-0.06,0.01,-0.03,1.0,o
3919.0,3487.0,3135.0,3323.0,3760.0,3008.0,3406.0,3102.0,1.22,9.31,3.93,-0.06,0.0,-0.03,1.0,o
3906.0,3490.0,3135.0,3326.0,3775.0,3008.0,3421.0,3108.0,1.14,9.32,3.97,-0.06,-0.02,-0.05,1.0,o
3939.0,3479.0,3147.0,3341.0,3760.0,3006.0,3417.0,3083.0,1.3,9.35,3.82,-0.06,-0.01,-0.04,1.0,o
3925.0,3477.0,3143.0,3341.0,3766.0,3011.0,3418.0,3105.0,1.16,9.33,3.93,-0.06,0.02,-0.04,1.0,o
3927.0,3486.0,3131.0,3329.0,3785.0,3013.0,3443.0,3088.0,1.24,9.32,3.95,-0.07,0.0,-0.03,1.0,o
3936.0,3471.0,3147.0,3329.0,3772.0,3009.0,3429.0,3089.0,1.22,9.3,3.91,-0.05,-0.0,-0.04,1.0,o
3921.0,3498.0,3142.0,3327.0,3786.0,3010.0,3427.0,3098.0,1.15,9.32,3.91,-0.05,-0.0,-0.03,1.0,o
3949.0,3493.0,3137.0,3334.0,3775.0,3003.0,3445.0,3105.0,1.19,9.33,3.91,-0.06,-0.0,-0.04,1.0,o
3917.0,3518.0,3138.0,3328.0,3776.0,3012.0,3444.0,3093.0,1.25,9.37,3.86,-0.06,0.01,-0.04,1.0,o
3934.0,3491.0,3136.0,3329.0,3787.0,3005.0,3423.0,3093.0,1.25,9.35,3.86,-0.05,0.02,-0.04,1.0,o
3919.0,3487.0,3136.0,3331.0,3773.0,3005.0,3439.0,3102.0,1.23,9.36,3.83,-0.06,0.01,-0.04,1.0,o
3927.0,3488.0,3136.0,3330.0,3773.0,3008.0,3438.0,3105.0,1.13,9.32,3.94,-0.06,0.01,-0.03,1.0,o
3914.0,3499.0,3139.0,3329.0,3779.0,3011.0,3425.0,3094.0,1.24,9.36,3.9,-0.05,0.02,-0.03,1.0,o
3949.0,3499.0,3139.0,3331.0,3783.0,3008.0,3429.0,3095.0,1.15,9.33,3.87,-0.06,-0.0,-0.04,1.0,o
3922.0,3483.0,3143.0,3343.0,3761.0,3009.0,3421.0,3098.0,1.23,9.34,3.85,-0.06,0.0,-0.04,1.0,o
3925.0,3347.0,3141.0,3325.0,3775.0,3007.0,3445.0,3093.0,1.22,9.33,3.92,-0.06,-0.0,-0.04,1.0,o
3947.0,3489.0,3137.0,3338.0,3767.0,3007.0,3440.0,3088.0,1.18,9.34,3.86,-0.06,0.01,-0.03,1.0,o
3930.0,3486.0,3141.0,3333.0,3779.0,3014.0,3415.0,3095.0,1.2,9.34,3.88,-0.07,0.01,-0.02,1.0,o
3918.0,3469.0,3139.0,3344.0,3779.0,3015.0,3431.0,3091.0,1.19,9.33,3.92,-0.08,0.02,-0.02,1.0,o
3935.0,3490.0,3139.0,3329.0,3775.0,3022.0,3431.0,3088.0,1.27,9.28,3.96,-0.03,0.02,-0.05,1.0,o
3922.0,3482.0,3143.0,3344.0,3781.0,3018.0,3423.0,3088.0,1.15,9.32,3.89,-0.06,-0.03,-0.03,1.0,o
3927.0,3495.0,3143.0,3334.0,3776.0,3007.0,3424.0,3085.0,1.22,9.3,3.86,-0.09,-0.0,-0.03,1.0,o
3930.0,3441.0,3141.0,3322.0,3767.0,3011.0,3415.0,3099.0,1.32,9.28,4.06,-0.04,0.0,-0.03,1.0,o
3924.0,3498.0,3141.0,3334.0,3783.0,3015.0,3422.0,3094.0,1.35,9.31,3.96,-0.04,-0.02,-0.05,1.0,o
3920.0,3477.0,3150.0,3333.0,3777.0,3015.0,3444.0,3106.0,1.2,9.32,3.99,-0.05,-0.02,-0.03,1.0,o
3965.0,3487.0,3135.0,3345.0,3779.0,3023.0,3440.0,3088.0,1.35,9.33,3.85,-0.04,-0.01,-0.03,1.0,o
3920.0,3479.0,3141.0,3344.0,3773.0,3019.0,3440.0,3094.0,1.1,9.31,3.92,-0.06,-0.01,-0.05,1.0,o
3930.0,3473.0,3133.0,3340.0,3763.0,3011.0,3435.0,3088.0,1.29,9.41,3.65,-0.06,0.02,-0.03,1.0,o
3946.0,3479.0,3135.0,3344.0,3803.0,3011.0,3445.0,3099.0,1.33,9.3,3.99,-0.07,0.02,-0.03,1.0,o
3947.0,3486.0,3152.0,3347.0,3769.0,3022.0,3440.0,3095.0,1.2,9.31,3.94,-0.08,-0.0,-0.04,1.0,o
3947.0,3490.0,3152.0,3339.0,3787.0,3010.0,3451.0,3102.0,1.29,9.36,3.86,-0.06,0.01,-0.03,1.0,o
3952.0,3490.0,3154.0,3329.0,3791.0,3017.0,3442.0,3101.0,1.28,9.31,3.96,-0.06,0.01,-0.04,1.0,o
3957.0,3477.0,3149.0,3344.0,3767.0,3006.0,3429.0,3113.0,1.19,9.29,4.03,-0.05,0.0,-0.03,1.0,o
3974.0,3473.0,3130.0,3341.0,3763.0,3002.0,3447.0,3103.0,1.24,9.32,3.87,-0.08,-0.02,-0.04,1.0,o
3981.0,3504.0,3151.0,3348.0,3777.0,2992.0,3439.0,3105.0,1.25,9.31,3.91,-0.06,0.0,-0.02,1.0,o
4095.0,3442.0,955.0,3531.0,3847.0,3130.0,3390.0,3172.0,1.24,9.39,3.66,-0.02,0.2,0.06,1.0,o
4095.0,3434.0,945.0,3538.0,3850.0,3136.0,3379.0,3168.0,1.07,9.51,3.38,-0.01,0.08,0.05,1.0,o
4095.0,3493.0,938.0,3521.0,3856.0,3143.0,3367.0,3146.0,1.42,9.5,3.49,-0.09,-0.0,0.02,1.0,o
4095.0,3445.0,947.0,3522.0,3856.0,3136.0,3377.0,3177.0,1.36,9.5,3.57,-0.07,0.04,-0.04,1.0,o
4095.0,3440.0,958.0,3520.0,3842.0,3137.0,3387.0,3158.0,1.42,9.48,3.58,-0.07,-0.02,-0.04,1.0,o
4095.0,3426.0,946.0,3532.0,3851.0,3145.0,3392.0,3142.0,1.39,9.44,3.69,-0.06,0.01,-0.04,1.0,o
4095.0,3426.0,946.0,3536.0,3840.0,3139.0,3408.0,3131.0,1.24,9.38,3.33,-0.13,-0.04,-0.02,1.0,o
4095.0,3440.0,944.0,3525.0,3851.0,3139.0,3398.0,3177.0,1.41,9.35,3.74,-0.05,0.02,-0.05,1.0,o
4095.0,3345.0,942.0,3519.0,3854.0,3136.0,3397.0,3147.0,1.4,9.4,3.55,-0.06,0.01,-0.04,1.0,o
4095.0,3440.0,950.0,3535.0,3856.0,3143.0,3408.0,3147.0,1.46,9.38,3.68,-0.06,-0.01,-0.03,1.0,o
4095.0,3431.0,948.0,3520.0,3855.0,3135.0,3404.0,3140.0,1.4,9.43,3.57,-0.06,0.0,-0.04,1.0,o
4095.0,3443.0,942.0,3509.0,3853.0,3133.0,3408.0,3091.0,1.34,9.36,3.78,-0.07,-0.02,-0.02,1.0,o
4095.0,3437.0,954.0,3514.0,3840.0,3149.0,3407.0,3107.0,1.35,9.41,3.57,-0.05,0.01,-0.03,1.0,o
4095.0,3455.0,947.0,3519.0,3850.0,3139.0,3409.0,3221.0,1.35,9.41,3.64,-0.05,-0.01,-0.03,1.0,o
4095.0,3435.0,945.0,3495.0,3863.0,3145.0,3413.0,3191.0,1.41,9.4,3.67,-0.07,-0.03,-0.03,1.0,o
4095.0,3443.0,945.0,3499.0,3873.0,3140.0,3423.0,3190.0,1.41,9.41,3.64,-0.07,-0.01,-0.03,1.0,o
4095.0,3411.0,956.0,3490.0,3859.0,3135.0,3408.0,3190.0,1.42,9.41,3.68,-0.06,-0.02,-0.03,1.0,o
4095.0,3431.0,947.0,3484.0,3872.0,3136.0,3408.0,3180.0,1.44,9.37,3.76,-0.06,0.02,-0.04,1.0,o
4095.0,3450.0,944.0,3491.0,3873.0,3136.0,3413.0,3184.0,1.38,9.4,3.66,-0.04,0.03,-0.04,1.0,o
4095.0,3437.0,948.0,3490.0,3867.0,3145.0,3398.0,3167.0,1.37,9.4,3.71,-0.07,0.02,-0.03,1.0,o
4095.0,3440.0,954.0,3493.0,3878.0,3136.0,3412.0,3184.0,1.43,9.4,3.55,-0.08,0.0,-0.04,1.0,o
4095.0,3426.0,947.0,3483.0,3856.0,3138.0,3413.0,3216.0,1.57,9.44,3.58,-0.06,-0.02,-0.06,1.0,o
4095.0,3431.0,945.0,3491.0,3873.0,3139.0,3422.0,3232.0,1.29,9.37,3.74,-0.06,-0.01,-0.06,1.0,o
4095.0,3427.0,946.0,3472.0,3883.0,3139.0,3423.0,3250.0,1.15,9.41,3.56,-0.09,0.04,-0.02,1.0,o
4095.0,3312.0,944.0,3472.0,3866.0,3146.0,3418.0,3250.0,1.55,9.35,3.74,-0.07,-0.03,-0.01,1.0,o
4095.0,3431.0,945.0,3387.0,3854.0,3117.0,3397.0,3243.0,1.35,9.33,3.79,-0.06,-0.06,-0.07,1.0,o
4095.0,3425.0,946.0,3338.0,3853.0,3091.0,3397.0,3205.0,1.26,9.42,3.53,-0.07,-0.04,-0.07,1.0,o
4095.0,3497.0,947.0,3294.0,3829.0,3085.0,3408.0,3230.0,1.38,9.38,3.71,-0.07,-0.04,-0.02,1.0,o
4095.0,3436.0,945.0,3187.0,3839.0,3061.0,3415.0,3221.0,1.52,9.41,3.75,-0.02,-0.12,-0.06,1.0,o
4042.0,3440.0,946.0,3109.0,3803.0,3058.0,3333.0,2205.0,1.37,9.34,3.68,-0.02,-0.04,-0.05,1.0,o
3915.0,3453.0,946.0,2997.0,3788.0,3059.0,3365.0,2226.0,1.36,9.35,3.6,0.02,-0.03,-0.06,1.0,o
3888.0,3454.0,948.0,3002.0,3811.0,3071.0,3334.0,2295.0,1.49,9.5,3.46,-0.04,-0.0,-0.04,1.0,o
3874.0,3445.0,944.0,3008.0,3809.0,3088.0,3343.0,2234.0,1.42,9.39,3.62,-0.06,0.0,-0.05,1.0,o
3874.0,3392.0,944.0,3012.0,3809.0,3066.0,3344.0,2256.0,1.41,9.54,3.36,-0.03,-0.02,-0.06,1.0,o
3869.0,3442.0,944.0,3009.0,3825.0,3071.0,3349.0,2247.0,1.42,9.44,3.55,-0.07,-0.01,-0.05,1.0,o
3885.0,3455.0,945.0,3024.0,3824.0,3083.0,3344.0,2288.0,1.42,9.45,3.56,-0.04,-0.0,-0.03,1.0,o
3885.0,3454.0,933.0,3039.0,3821.0,3085.0,3350.0,2296.0,1.45,9.49,3.48,-0.07,-0.02,-0.05,1.0,o
3902.0,3454.0,941.0,3052.0,3818.0,3097.0,3376.0,2290.0,1.34,9.45,3.49,-0.08,-0.0,-0.03,1.0,o
3898.0,3487.0,945.0,3062.0,3825.0,3089.0,3362.0,2357.0,1.5,9.5,3.48,-0.01,0.08,-0.06,1.0,o
3923.0,3491.0,944.0,3081.0,3824.0,3071.0,3349.0,2614.0,1.36,9.43,3.51,-0.05,-0.02,-0.07,1.0,o
3922.0,3447.0,944.0,3085.0,3824.0,3092.0,3345.0,2655.0,1.3,9.45,3.44,-0.1,-0.04,-0.05,1.0,o
3947.0,3453.0,944.0,3089.0,3798.0,3090.0,3350.0,2674.0,1.3,9.48,3.44,-0.07,0.02,-0.04,1.0,o
3947.0,3447.0,944.0,3095.0,3820.0,3094.0,3341.0,2723.0,1.4,9.44,3.54,-0.05,-0.01,-0.06,1.0,o
3959.0,3456.0,941.0,3110.0,3834.0,3102.0,3353.0,2704.0,1.35,9.48,3.48,-0.07,-0.01,-0.03,1.0,o
3963.0,3455.0,944.0,3101.0,3825.0,3105.0,3349.0,2755.0,1.37,9.45,3.57,-0.06,0.0,-0.04,1.0,o
3974.0,3441.0,941.0,3099.0,3813.0,3099.0,3364.0,2689.0,1.36,9.45,3.54,-0.07,0.0,-0.03,1.0,o
3990.0,3447.0,944.0,3109.0,3818.0,3102.0,3379.0,2702.0,1.28,9.46,3.49,-0.07,0.01,-0.02,1.0,o
3999.0,3459.0,943.0,3106.0,3815.0,3105.0,3379.0,2723.0,1.36,9.51,3.49,-0.08,0.03,-0.02,1.0,o
4074.0,3458.0,941.0,3116.0,3811.0,3090.0,3372.0,2770.0,1.39,9.4,3.69,-0.1,-0.0,-0.03,1.0,o
4049.0,3456.0,943.0,3114.0,3822.0,3086.0,3367.0,2787.0,1.32,9.44,3.6,-0.05,-0.02,-0.05,1.0,o
4027.0,3471.0,944.0,3109.0,3835.0,3085.0,3375.0,2750.0,1.31,9.43,3.57,-0.07,-0.02,-0.04,1.0,o
4001.0,3433.0,944.0,3113.0,3821.0,3088.0,3373.0,2750.0,1.3,9.41,3.55,-0.06,-0.02,-0.04,1.0,o
4032.0,3453.0,942.0,3107.0,3810.0,3095.0,3370.0,2753.0,1.34,9.46,3.52,-0.07,-0.02,-0.04,1.0,o
4028.0,3443.0,943.0,3114.0,3827.0,3088.0,3376.0,2758.0,1.2,9.46,3.55,-0.06,0.06,-0.01,1.0,o
4042.0,3470.0,942.0,3107.0,3818.0,3094.0,3376.0,2768.0,1.43,9.48,3.5,-0.08,-0.0,-0.03,1.0,o
4033.0,3473.0,943.0,3114.0,3824.0,3099.0,3376.0,2807.0,1.21,9.43,3.6,-0.11,-0.02,-0.04,1.0,o
4046.0,3471.0,943.0,3125.0,3838.0,3088.0,3376.0,2791.0,1.37,9.43,3.68,-0.06,0.02,-0.02,1.0,o
4029.0,3458.0,951.0,3126.0,3825.0,3095.0,3389.0,2797.0,1.39,9.44,3.66,-0.05,0.03,-0.01,1.0,o
4031.0,3453.0,939.0,3131.0,3824.0,3093.0,3382.0,2802.0,1.37,9.39,3.64,-0.07,-0.01,-0.05,1.0,o
4066.0,3447.0,944.0,3135.0,3811.0,3090.0,3382.0,2827.0,1.41,9.4,3.7,-0.02,0.01,-0.07,1.0,o
4095.0,3513.0,945.0,3136.0,3810.0,3071.0,3375.0,2803.0,1.38,9.43,3.52,-0.1,-0.02,-0.05,1.0,o
4095.0,3519.0,943.0,3140.0,3824.0,3082.0,3385.0,2803.0,1.21,9.42,3.66,-0.09,-0.02,-0.05,1.0,o
4095.0,3441.0,939.0,3147.0,3818.0,3088.0,3363.0,2815.0,1.3,9.37,3.7,-0.05,-0.01,-0.01,1.0,o
4095.0,3441.0,944.0,3139.0,3821.0,3086.0,3376.0,2816.0,1.25,9.39,3.55,-0.08,0.0,-0.01,1.0,o
4095.0,3464.0,944.0,3151.0,3821.0,3082.0,3374.0,2795.0,1.27,9.39,3.68,-0.07,0.03,-0.01,1.0,o
4095.0,3376.0,943.0,3149.0,3810.0,3085.0,3377.0,2822.0,1.45,9.4,3.63,-0.05,-0.03,-0.03,1.0,o
4095.0,3438.0,947.0,3151.0,3833.0,3090.0,3365.0,2841.0,1.29,9.42,3.51,-0.08,0.0,-0.01,1.0,o
4095.0,3452.0,940.0,3149.0,3818.0,3071.0,3370.0,2838.0,1.26,9.36,3.67,-0.08,0.01,-0.02,1.0,o
4095.0,3446.0,944.0,3154.0,3795.0,3069.0,3380.0,2855.0,1.36,9.36,3.66,-0.07,0.02,-0.02,1.0,o
4095.0,3465.0,951.0,3163.0,3825.0,3071.0,3369.0,2859.0,1.53,9.36,3.67,-0.07,-0.01,-0.04,1.0,o
4095.0,3469.0,945.0,3152.0,3809.0,3071.0,3367.0,2832.0,1.41,9.39,3.67,-0.04,-0.01,-0.03,1.0,o
4095.0,3457.0,947.0,3164.0,3824.0,3071.0,3370.0,2859.0,1.38,9.35,3.71,-0.07,-0.0,-0.02,1.0,o
4095.0,3458.0,933.0,3166.0,3824.0,3071.0,3376.0,2864.0,1.49,9.38,3.68,-0.05,0.04,-0.04,1.0,o
4095.0,3456.0,944.0,3169.0,3824.0,3071.0,3363.0,2853.0,1.38,9.43,3.6,-0.06,-0.01,-0.03,1.0,o
4095.0,3486.0,939.0,3167.0,3835.0,3086.0,3365.0,2851.0,1.45,9.4,3.67,-0.03,0.02,-0.03,1.0,o
4095.0,3475.0,944.0,3171.0,3855.0,3087.0,3367.0,2864.0,1.44,9.4,3.75,-0.07,0.01,-0.03,1.0,o
4095.0,3455.0,943.0,3171.0,3833.0,3085.0,3381.0,2871.0,1.46,9.37,3.64,-0.05,0.02,-0.03,1.0,o
4095.0,3459.0,945.0,3183.0,3827.0,3089.0,3374.0,2865.0,1.49,9.44,3.63,-0.05,0.01,-0.03,1.0,o
4095.0,3471.0,946.0,3175.0,3827.0,3089.0,3371.0,2862.0,1.41,9.37,3.78,-0.07,0.01,-0.03,1.0,o
4095.0,3471.0,947.0,3181.0,3826.0,3088.0,3366.0,2880.0,1.46,9.39,3.73,-0.06,0.0,-0.04,1.0,o
4095.0,3462.0,939.0,3181.0,3840.0,3088.0,3369.0,2864.0,1.49,9.38,3.68,-0.04,0.01,-0.04,1.0,o
4095.0,3471.0,943.0,3183.0,3823.0,3093.0,3369.0,2845.0,1.53,9.39,3.7,-0.05,0.03,-0.04,1.0,o
4095.0,3478.0,950.0,3181.0,3819.0,3088.0,3369.0,2848.0,1.46,9.39,3.78,-0.05,0.02,-0.04,1.0,o
4095.0,3487.0,942.0,3177.0,3840.0,3088.0,3383.0,2850.0,1.51,9.35,3.68,-0.05,0.0,-0.03,1.0,o
4095.0,3515.0,944.0,3179.0,3836.0,3084.0,3388.0,2849.0,1.44,9.42,3.72,-0.05,0.03,-0.01,1.0,o
4095.0,3479.0,943.0,3180.0,3824.0,3093.0,3387.0,2853.0,1.58,9.42,3.66,-0.06,-0.0,-0.01,1.0,o
4095.0,3467.0,934.0,3171.0,3837.0,3098.0,3376.0,2851.0,1.52,9.44,3.59,-0.07,0.0,-0.03,1.0,o
4095.0,3475.0,940.0,3184.0,3847.0,3090.0,3386.0,2852.0,1.52,9.4,3.69,-0.06,-0.01,-0.03,1.0,o
4095.0,3485.0,938.0,3179.0,3827.0,3101.0,3395.0,2837.0,1.43,9.39,3.71,-0.07,-0.0,-0.03,1.0,o
4095.0,3481.0,938.0,3184.0,3831.0,3107.0,3392.0,2798.0,1.58,9.41,3.61,-0.04,0.0,-0.03,1.0,o
4095.0,3460.0,951.0,3182.0,3837.0,3099.0,3391.0,2830.0,1.63,9.37,3.64,-0.07,-0.01,-0.04,1.0,o
4095.0,3447.0,941.0,3175.0,3839.0,3098.0,3394.0,2801.0,1.47,9.38,3.68,-0.09,-0.06,-0.03,1.0,o
4095.0,3479.0,939.0,3181.0,3839.0,3110.0,3395.0,2811.0,1.54,9.41,3.62,-0.07,0.01,-0.02,1.0,o
4095.0,3419.0,946.0,3175.0,3828.0,3103.0,3386.0,2815.0,1.67,9.36,3.69,-0.04,0.01,-0.05,1.0,o
4095.0,3479.0,941.0,3181.0,3824.0,3099.0,3392.0,2843.0,1.56,9.34,3.71,-0.06,-0.01,-0.04,1.0,o
4095.0,3473.0,944.0,3182.0,3822.0,3099.0,3398.0,2818.0,1.48,9.36,3.62,-0.08,-0.0,-0.04,1.0,o
4095.0,3490.0,943.0,3175.0,3853.0,3109.0,3394.0,2837.0,1.59,9.39,3.6,-0.06,0.01,-0.04,1.0,o
4095.0,3485.0,944.0,3183.0,3824.0,3104.0,3382.0,2864.0,1.56,9.32,3.7,-0.06,-0.02,-0.05,1.0,o
4095.0,3470.0,942.0,3185.0,3835.0,3099.0,3386.0,2832.0,1.47,9.33,3.72,-0.11,-0.02,-0.02,1.0,o
4095.0,3457.0,947.0,3189.0,3839.0,3111.0,3397.0,2852.0,1.54,9.38,3.63,-0.06,-0.05,-0.04,1.0,o
4095.0,3466.0,947.0,3174.0,3823.0,3111.0,3385.0,2864.0,1.55,9.39,3.65,-0.08,-0.0,-0.04,1.0,o
4095.0,3483.0,939.0,3177.0,3810.0,3109.0,3392.0,2878.0,1.63,9.33,3.77,-0.1,-0.03,-0.04,1.0,o
4095.0,3490.0,943.0,3177.0,3824.0,3107.0,3392.0,3135.0,1.57,9.36,3.76,-0.03,0.0,-0.06,1.0,o
4095.0,3493.0,947.0,3183.0,3824.0,3104.0,3388.0,3137.0,1.62,9.33,3.82,-0.07,0.0,-0.05,1.0,o
4095.0,3486.0,944.0,3184.0,3819.0,3106.0,3379.0,3119.0,1.42,9.33,3.77,-0.05,0.03,-0.02,1.0,o
4095.0,3479.0,944.0,3175.0,3825.0,3100.0,3389.0,3131.0,1.63,9.29,3.76,-0.1,0.02,-0.01,1.0,o
4095.0,3490.0,937.0,3183.0,3822.0,3092.0,3386.0,3091.0,1.53,9.27,3.92,-0.06,0.02,-0.03,1.0,o
4095.0,3497.0,944.0,3179.0,3824.0,3098.0,3392.0,3090.0,1.49,9.27,3.92,-0.03,0.01,-0.03,1.0,o
4095.0,3504.0,945.0,3173.0,3835.0,3092.0,3382.0,3087.0,1.63,9.35,3.66,-0.09,-0.03,-0.04,1.0,o
4095.0,3488.0,944.0,3184.0,3814.0,3101.0,3391.0,3085.0,1.42,9.36,3.77,-0.04,-0.01,-0.06,1.0,o
4095.0,3483.0,943.0,3184.0,3819.0,3089.0,3382.0,3071.0,1.59,9.35,3.74,-0.08,-0.01,-0.03,1.0,o
4095.0,3510.0,942.0,3174.0,3815.0,3085.0,3373.0,3088.0,1.45,9.33,3.85,-0.09,-0.02,-0.05,1.0,o
4095.0,3505.0,944.0,3184.0,3817.0,3088.0,3383.0,3015.0,1.46,9.39,3.72,-0.03,0.01,-0.03,1.0,o
4095.0,3495.0,947.0,3184.0,3804.0,3098.0,3376.0,3084.0,1.57,9.35,3.71,-0.08,-0.03,-0.03,1.0,o
4095.0,3725.0,943.0,3183.0,3814.0,3088.0,3382.0,3071.0,1.48,9.36,3.82,-0.06,0.0,-0.03,1.0,o
4095.0,3548.0,944.0,3179.0,3824.0,3086.0,3378.0,3088.0,1.55,9.38,3.64,-0.06,0.01,-0.04,1.0,o
4095.0,3503.0,947.0,3186.0,3823.0,3087.0,3376.0,3057.0,1.45,9.35,3.86,-0.05,0.02,-0.04,1.0,o
4095.0,3497.0,945.0,3189.0,3815.0,3081.0,3373.0,3071.0,1.52,9.36,3.77,-0.06,0.03,-0.05,1.0,o
4095.0,3504.0,943.0,3190.0,3780.0,3071.0,3385.0,3083.0,1.58,9.35,4.0,-0.03,0.02,-0.06,1.0,o
4095.0,3514.0,943.0,3191.0,3821.0,3088.0,3381.0,3202.0,1.54,9.35,3.81,-0.05,-0.01,-0.06,1.0,o
2427.0,3981.0,3045.0,3245.0,3750.0,3098.0,3325.0,2963.0,0.0,9.72,2.73,-0.08,-0.06,-0.0,1.0,o
2447.0,3966.0,3054.0,3237.0,3760.0,3088.0,3315.0,2940.0,0.01,9.72,2.62,-0.06,-0.01,0.03,1.0,o
2459.0,3979.0,3046.0,3239.0,3775.0,3109.0,3323.0,2947.0,0.16,9.76,2.74,-0.08,-0.02,-0.03,1.0,o
2491.0,3971.0,3046.0,3239.0,3778.0,3100.0,3319.0,2967.0,-0.05,9.72,2.81,-0.11,-0.0,0.01,1.0,o
2510.0,3956.0,3051.0,3235.0,3785.0,3105.0,3312.0,2962.0,0.19,9.71,2.81,-0.04,-0.04,-0.03,1.0,o
2522.0,3956.0,3056.0,3235.0,3767.0,3095.0,3331.0,2975.0,0.28,9.76,2.74,-0.05,-0.02,-0.03,1.0,o
2525.0,3983.0,3051.0,3247.0,3792.0,3106.0,3313.0,2979.0,0.13,9.65,2.92,-0.05,-0.01,-0.02,1.0,o
2523.0,3979.0,3051.0,3247.0,3781.0,3105.0,3317.0,2988.0,0.21,9.76,2.86,-0.05,-0.02,-0.04,1.0,o
2529.0,3963.0,3057.0,3246.0,3773.0,3109.0,3333.0,2962.0,0.29,9.77,2.89,-0.04,-0.0,-0.05,1.0,o
2522.0,3944.0,3053.0,3247.0,3775.0,3107.0,3328.0,2975.0,0.17,9.72,2.85,-0.06,-0.04,-0.04,1.0,o
2529.0,4050.0,3059.0,3248.0,3776.0,3119.0,3323.0,2986.0,0.04,9.7,2.83,-0.07,-0.01,-0.03,1.0,o
2525.0,3967.0,3065.0,3248.0,3797.0,3119.0,3327.0,2987.0,0.18,9.74,2.81,-0.09,-0.01,-0.02,1.0,o
2522.0,3942.0,3055.0,3245.0,3786.0,3119.0,3322.0,2974.0,0.13,9.67,2.89,-0.06,-0.0,-0.03,1.0,o
2519.0,4002.0,3056.0,3251.0,3775.0,3118.0,3341.0,2993.0,0.11,9.69,2.98,-0.07,0.01,-0.03,1.0,o
2517.0,3966.0,3053.0,3250.0,3792.0,3121.0,3327.0,2986.0,0.18,9.71,2.83,-0.07,-0.01,-0.04,1.0,o
2518.0,3965.0,3046.0,3245.0,3797.0,3123.0,3338.0,2974.0,0.13,9.71,2.89,-0.06,0.0,-0.06,1.0,o
2487.0,3968.0,3051.0,3248.0,3791.0,3122.0,3329.0,2986.0,0.17,9.68,2.91,-0.05,0.02,-0.03,1.0,o
2483.0,3975.0,3051.0,3255.0,3779.0,3117.0,3328.0,2976.0,0.14,9.74,2.82,-0.07,-0.01,-0.04,1.0,o
2480.0,3964.0,3043.0,3250.0,3791.0,3126.0,3343.0,2985.0,0.15,9.72,2.82,-0.04,-0.01,-0.03,1.0,o
2463.0,3955.0,3040.0,3263.0,3797.0,3131.0,3325.0,2995.0,0.25,9.72,2.78,-0.07,-0.0,-0.03,1.0,o
2458.0,4061.0,3056.0,3261.0,3799.0,3127.0,3326.0,2999.0,0.07,9.74,2.82,-0.09,-0.01,-0.05,1.0,o
2461.0,3978.0,3051.0,3263.0,3802.0,3119.0,3327.0,2982.0,0.16,9.72,2.89,-0.06,0.0,-0.03,1.0,o
2468.0,3958.0,3039.0,3245.0,3791.0,3122.0,3339.0,2977.0,0.17,9.71,2.87,-0.07,0.02,-0.04,1.0,o
2480.0,3962.0,3066.0,3251.0,3802.0,3123.0,3334.0,2998.0,0.16,9.69,2.9,-0.05,0.02,-0.03,1.0,o
2474.0,4063.0,3065.0,3254.0,3812.0,3123.0,3334.0,2985.0,0.21,9.74,2.79,-0.06,0.01,-0.04,1.0,o
2477.0,3963.0,3037.0,3253.0,3797.0,3130.0,3344.0,2992.0,0.32,9.73,2.89,-0.05,0.07,-0.07,1.0,o
2471.0,3948.0,3053.0,3263.0,3679.0,3120.0,3342.0,2998.0,0.09,9.76,2.73,-0.07,-0.06,-0.05,1.0,o
2471.0,3959.0,3051.0,3259.0,3694.0,3121.0,3349.0,3008.0,0.03,9.69,3.02,-0.09,-0.02,-0.04,1.0,o
2471.0,3935.0,3056.0,3262.0,3711.0,3130.0,3343.0,3001.0,0.1,9.71,2.89,-0.04,-0.01,-0.03,1.0,o
2469.0,3986.0,3059.0,3265.0,3710.0,3133.0,3328.0,2995.0,0.17,9.74,2.86,-0.05,-0.01,-0.04,1.0,o
2455.0,3963.0,3053.0,3267.0,3706.0,3133.0,3341.0,2994.0,0.02,9.69,2.94,-0.07,-0.01,-0.03,1.0,o
2480.0,3980.0,3060.0,3257.0,3711.0,3132.0,3344.0,2993.0,0.07,9.66,2.9,-0.06,-0.02,-0.04,1.0,o
2467.0,3963.0,3056.0,3254.0,3700.0,3133.0,3344.0,3008.0,0.06,9.69,2.89,-0.07,0.0,-0.03,1.0,o
2459.0,3979.0,3056.0,3270.0,3697.0,3132.0,3343.0,2999.0,0.1,9.69,2.88,-0.06,0.02,-0.03,1.0,o
2463.0,3975.0,3043.0,3267.0,3706.0,3139.0,3341.0,3013.0,0.11,9.72,2.86,-0.09,0.02,-0.02,1.0,o
2458.0,3986.0,3056.0,3266.0,3696.0,3120.0,3334.0,3008.0,0.19,9.7,2.98,-0.06,0.02,-0.04,1.0,o
2457.0,3989.0,3056.0,3248.0,3712.0,3136.0,3344.0,2989.0,0.15,9.73,2.89,-0.07,-0.0,-0.03,1.0,o
2480.0,3983.0,3053.0,3261.0,3695.0,3137.0,3333.0,2995.0,0.2,9.7,2.89,-0.07,-0.01,-0.03,1.0,o
2462.0,3937.0,3057.0,3265.0,3709.0,3134.0,3344.0,2976.0,0.1,9.69,2.91,-0.06,-0.0,-0.04,1.0,o
2481.0,3981.0,3050.0,3255.0,3715.0,3136.0,3344.0,2985.0,0.16,9.72,2.87,-0.07,0.03,-0.02,1.0,o
2451.0,3983.0,3053.0,3265.0,3701.0,3136.0,3344.0,2991.0,0.26,9.68,2.95,-0.06,0.01,-0.03,1.0,o
2471.0,3989.0,3066.0,3264.0,3712.0,3137.0,3342.0,2992.0,0.22,9.71,2.95,-0.05,-0.01,-0.04,1.0,o
2477.0,3952.0,3056.0,3265.0,3694.0,3146.0,3332.0,2977.0,0.23,9.73,2.92,-0.06,-0.0,-0.04,1.0,o
2466.0,3977.0,3037.0,3276.0,3709.0,3136.0,3347.0,2988.0,0.26,9.71,2.96,-0.05,-0.02,-0.03,1.0,o
2467.0,3977.0,3058.0,3261.0,3696.0,3139.0,3348.0,2987.0,0.21,9.67,2.94,-0.06,-0.01,-0.03,1.0,o
2437.0,3957.0,3057.0,3255.0,3706.0,3130.0,3345.0,2977.0,0.18,9.71,2.93,-0.08,-0.03,-0.03,1.0,o
2444.0,3962.0,3056.0,3266.0,3706.0,3125.0,3344.0,2973.0,0.15,9.66,2.96,-0.05,-0.01,-0.03,1.0,o
2444.0,3959.0,3061.0,3262.0,3715.0,3131.0,3339.0,2985.0,0.21,9.72,2.83,-0.04,-0.02,-0.05,1.0,o
2453.0,3974.0,3041.0,3256.0,3711.0,3139.0,3344.0,3004.0,0.18,9.69,2.93,-0.06,-0.01,-0.03,1.0,o
2448.0,3943.0,3056.0,3271.0,3723.0,3136.0,3344.0,3001.0,0.21,9.72,2.85,-0.07,-0.0,-0.03,1.0,o
2448.0,3982.0,3056.0,3258.0,3706.0,3137.0,3339.0,3008.0,0.2,9.71,2.89,-0.06,0.0,-0.04,1.0,o
2448.0,3914.0,3056.0,3262.0,3724.0,3133.0,3341.0,3009.0,0.2,9.69,2.86,-0.07,-0.0,-0.03,1.0,o
2453.0,3991.0,3055.0,3261.0,3718.0,3130.0,3350.0,3018.0,0.23,9.73,2.83,-0.06,0.0,-0.03,1.0,o
2466.0,3968.0,3053.0,3275.0,3705.0,3137.0,3347.0,3019.0,0.25,9.72,2.91,-0.06,-0.0,-0.03,1.0,o
2448.0,3977.0,3046.0,3264.0,3720.0,3138.0,3346.0,3031.0,0.32,9.72,2.88,-0.06,-0.01,-0.04,1.0,o
2451.0,3970.0,3051.0,3267.0,3711.0,3131.0,3345.0,3015.0,0.17,9.7,2.93,-0.06,-0.01,-0.03,1.0,o
2464.0,4029.0,3056.0,3269.0,3719.0,3141.0,3330.0,3026.0,0.28,9.73,2.85,-0.05,-0.01,-0.04,1.0,o
2461.0,3998.0,3058.0,3266.0,3719.0,3136.0,3344.0,3019.0,0.17,9.69,2.93,-0.06,-0.01,-0.04,1.0,o
2457.0,3965.0,3046.0,3271.0,3696.0,3136.0,3349.0,3010.0,0.27,9.73,2.87,-0.05,0.0,-0.03,1.0,o
2458.0,3984.0,3046.0,3275.0,3705.0,3141.0,3346.0,3024.0,0.23,9.7,2.88,-0.05,0.02,-0.04,1.0,o
3458.0,4095.0,3047.0,3243.0,3424.0,2743.0,3150.0,2735.0,-0.49,9.68,2.82,-0.09,-0.0,0.0,1.0,o
3471.0,4095.0,3055.0,3243.0,3430.0,2747.0,3144.0,2752.0,-0.37,9.65,3.0,-0.09,-0.01,-0.02,1.0,o
3479.0,4095.0,3057.0,3239.0,3431.0,2763.0,3159.0,2766.0,-0.3,9.68,2.96,-0.08,0.02,-0.04,1.0,o
3471.0,4095.0,3055.0,3247.0,3445.0,2755.0,3157.0,2781.0,-0.41,9.67,2.98,-0.07,-0.02,-0.02,1.0,o
3469.0,4095.0,3052.0,3249.0,3425.0,2757.0,3155.0,2779.0,-0.34,9.65,2.94,-0.07,-0.02,-0.02,1.0,o
3462.0,4095.0,3051.0,3259.0,3441.0,2763.0,3158.0,2743.0,-0.31,9.59,3.19,-0.04,0.01,-0.0,1.0,o
3465.0,4095.0,3049.0,3261.0,3421.0,2767.0,3162.0,2755.0,-0.19,9.68,2.93,-0.05,0.01,-0.03,1.0,o
3453.0,4095.0,3053.0,3254.0,3440.0,2768.0,3163.0,2759.0,-0.24,9.66,2.98,-0.06,-0.01,-0.03,1.0,o
3453.0,4095.0,3059.0,3251.0,3447.0,2768.0,3154.0,2766.0,-0.31,9.62,3.16,-0.06,0.0,-0.0,1.0,o
3446.0,4095.0,3053.0,3254.0,3443.0,2779.0,3153.0,2779.0,-0.15,9.67,3.0,-0.05,-0.01,-0.03,1.0,o
3441.0,4095.0,3056.0,3258.0,3458.0,2775.0,3152.0,2768.0,-0.17,9.63,3.12,-0.05,0.01,-0.03,1.0,o
3423.0,4095.0,3056.0,3255.0,3469.0,2768.0,3153.0,2767.0,-0.15,9.61,3.16,-0.05,0.01,-0.03,1.0,o
3418.0,4095.0,3056.0,3271.0,3459.0,2781.0,3155.0,2758.0,-0.19,9.66,2.98,-0.05,-0.03,-0.03,1.0,o
3437.0,4095.0,3051.0,3252.0,3450.0,2777.0,3173.0,2768.0,-0.1,9.66,3.0,-0.07,-0.05,-0.05,1.0,o
3417.0,4095.0,3053.0,3265.0,3455.0,2787.0,3165.0,2784.0,-0.21,9.67,3.01,-0.1,-0.01,-0.04,1.0,o
3414.0,4095.0,3057.0,3263.0,3440.0,2783.0,3167.0,2811.0,-0.17,9.62,3.18,-0.08,-0.02,-0.05,1.0,o
3410.0,4095.0,3049.0,3271.0,3429.0,2786.0,3173.0,2775.0,-0.16,9.6,3.07,0.01,-0.06,-0.05,1.0,o
3404.0,4095.0,3055.0,3268.0,3445.0,2784.0,3169.0,2786.0,-0.31,9.62,3.15,-0.04,0.0,-0.0,1.0,o
3408.0,4095.0,3050.0,3258.0,3431.0,2786.0,3171.0,2782.0,-0.04,9.62,3.12,-0.07,0.01,-0.02,1.0,o
3405.0,4095.0,3050.0,3259.0,3431.0,2781.0,3164.0,2802.0,-0.18,9.66,3.11,-0.08,-0.04,-0.02,1.0,o
3389.0,4095.0,3063.0,3268.0,3433.0,2790.0,3173.0,2808.0,-0.17,9.59,3.25,-0.03,-0.03,-0.05,1.0,o
3393.0,4095.0,3056.0,3279.0,3437.0,2788.0,3159.0,2807.0,-0.08,9.63,2.96,-0.03,0.0,-0.04,1.0,o
3378.0,4095.0,3057.0,3276.0,3431.0,2800.0,3174.0,2815.0,-0.16,9.66,3.14,-0.08,-0.02,-0.02,1.0,o
3393.0,4095.0,3050.0,3279.0,3439.0,2796.0,3169.0,2805.0,-0.01,9.66,3.04,-0.05,0.0,-0.03,1.0,o
3378.0,4095.0,3051.0,3282.0,3424.0,2786.0,3174.0,2805.0,-0.15,9.68,3.01,-0.07,0.01,-0.03,1.0,o
3389.0,4095.0,3056.0,3287.0,3426.0,2787.0,3169.0,2803.0,-0.13,9.67,3.02,-0.08,0.01,-0.02,1.0,o
3386.0,4095.0,3046.0,3280.0,3439.0,2793.0,3174.0,2803.0,-0.05,9.52,3.28,-0.07,0.01,-0.04,1.0,o
3396.0,4095.0,3055.0,3279.0,3441.0,2795.0,3183.0,2810.0,-0.13,9.56,3.21,-0.07,-0.01,-0.02,1.0,o
3395.0,4095.0,3038.0,3269.0,3439.0,2794.0,3181.0,2815.0,-0.05,9.61,3.12,-0.07,-0.02,-0.03,1.0,o
3398.0,4095.0,3055.0,3275.0,3429.0,2788.0,3184.0,2804.0,-0.14,9.63,3.15,-0.09,0.01,-0.03,1.0,o
3382.0,4095.0,3040.0,3290.0,3445.0,2800.0,3181.0,2820.0,0.01,9.64,3.17,-0.05,0.01,-0.03,1.0,o
3394.0,4095.0,3054.0,3283.0,3441.0,2800.0,3175.0,2816.0,-0.21,9.61,3.15,-0.09,0.02,-0.03,1.0,o
3391.0,4095.0,3049.0,3282.0,3438.0,2800.0,3184.0,2800.0,-0.04,9.66,3.14,-0.08,-0.06,-0.03,1.0,o
3394.0,4095.0,3052.0,3287.0,3442.0,2800.0,3169.0,2815.0,-0.05,9.62,3.2,-0.06,-0.0,-0.05,1.0,o
3385.0,4095.0,3041.0,3285.0,3442.0,2795.0,3183.0,2828.0,-0.17,9.63,3.06,-0.06,0.01,-0.03,1.0,o
3396.0,4095.0,3053.0,3277.0,3447.0,2807.0,3185.0,2813.0,-0.1,9.62,3.19,-0.06,0.0,-0.02,1.0,o
3390.0,4095.0,3056.0,3287.0,3457.0,2800.0,3183.0,2823.0,-0.04,9.59,3.22,-0.04,0.01,-0.03,1.0,o
3393.0,4095.0,3058.0,3287.0,3446.0,2804.0,3174.0,2814.0,0.02,9.65,3.2,-0.05,-0.01,-0.04,1.0,o
3395.0,4095.0,3053.0,3281.0,3458.0,2800.0,3189.0,2830.0,-0.02,9.59,3.23,-0.07,-0.02,-0.03,1.0,o
3388.0,4095.0,3053.0,3274.0,3471.0,2801.0,3179.0,2831.0,-0.0,9.63,3.19,-0.05,-0.02,-0.03,1.0,o
3401.0,4095.0,3058.0,3279.0,3471.0,2800.0,3170.0,2839.0,0.0,9.59,3.2,-0.06,-0.02,-0.04,1.0,o
3395.0,4095.0,3056.0,3278.0,3472.0,2807.0,3163.0,2821.0,-0.11,9.62,3.17,-0.06,0.0,-0.04,1.0,o
3408.0,4095.0,3056.0,3285.0,3461.0,2800.0,3177.0,2847.0,-0.02,9.63,3.16,-0.07,-0.0,-0.04,1.0,o
3408.0,4095.0,3049.0,3285.0,3469.0,2800.0,3175.0,2844.0,-0.04,9.61,3.18,-0.07,-0.0,-0.03,1.0,o
3402.0,4095.0,3053.0,3284.0,3479.0,2810.0,3180.0,2857.0,0.02,9.64,3.22,-0.06,0.02,-0.03,1.0,o
3412.0,4095.0,3055.0,3267.0,3472.0,2806.0,3184.0,2838.0,0.04,9.6,3.19,-0.07,-0.02,-0.04,1.0,o
3408.0,4095.0,3047.0,3274.0,3473.0,2813.0,3184.0,2859.0,-0.05,9.6,3.2,-0.05,-0.03,-0.04,1.0,o
3411.0,4095.0,3055.0,3281.0,3483.0,2807.0,3179.0,2864.0,-0.13,9.56,3.21,-0.08,-0.0,-0.02,1.0,o
3404.0,4095.0,3045.0,3275.0,3472.0,2801.0,3184.0,2847.0,0.07,9.63,3.19,-0.08,-0.01,-0.04,1.0,o
3410.0,4095.0,3057.0,3280.0,3473.0,2804.0,3194.0,2863.0,-0.06,9.57,3.29,-0.07,0.0,-0.03,1.0,o
3423.0,4095.0,3054.0,3280.0,3481.0,2807.0,3190.0,2865.0,0.01,9.53,3.33,-0.08,-0.03,-0.04,1.0,o
3393.0,4095.0,3043.0,3279.0,3499.0,2810.0,3184.0,2874.0,0.01,9.6,3.24,-0.06,-0.03,-0.04,1.0,o
3405.0,4095.0,3047.0,3280.0,3483.0,2807.0,3174.0,2885.0,-0.02,9.59,3.27,-0.08,-0.03,-0.03,1.0,o
3405.0,4095.0,3047.0,3279.0,3487.0,2801.0,3190.0,2867.0,-0.01,9.62,3.17,-0.05,-0.0,-0.04,1.0,o
3424.0,4095.0,3054.0,3280.0,3487.0,2810.0,3184.0,2853.0,0.0,9.58,3.28,-0.06,0.01,-0.03,1.0,o
3405.0,4095.0,3057.0,3271.0,3499.0,2809.0,3186.0,2855.0,0.06,9.62,3.24,-0.06,-0.01,-0.04,1.0,o
3421.0,4095.0,3059.0,3289.0,3493.0,2805.0,3178.0,2880.0,0.05,9.61,3.27,-0.06,0.0,-0.03,1.0,o
3427.0,4095.0,3054.0,3280.0,3504.0,2816.0,3187.0,2866.0,-0.04,9.63,3.23,-0.06,-0.01,-0.04,1.0,o
3421.0,4095.0,3047.0,3274.0,3495.0,2805.0,3189.0,2862.0,0.0,9.63,3.19,-0.05,0.0,-0.04,1.0,o
3413.0,4095.0,3040.0,3283.0,3493.0,2812.0,3188.0,2870.0,0.07,9.65,3.22,-0.06,-0.01,-0.05,1.0,o
