hall_1,hall_2,hall_3,flex_t,flex_i,flex_m,flex_r,flex_p,accel_x,accel_y,accel_z,gyro_x,gyro_y,gyro_z,hand,sign
2929.0,2957.0,2991.0,2892.0,4095.0,4095.0,2891.0,2750.0,3.57,7.6,10.54,0.24,-0.94,-0.25,1.0,see-you-later
2928.0,2965.0,2983.0,2825.0,4095.0,4095.0,2894.0,2743.0,-7.09,9.04,0.97,1.4,-0.82,-0.49,1.0,see-you-later
2939.0,2967.0,2992.0,2838.0,4095.0,4095.0,2897.0,2722.0,-2.86,9.59,2.22,0.1,-0.71,0.11,1.0,see-you-later
2906.0,2950.0,2979.0,2810.0,4095.0,4095.0,2887.0,2714.0,25.58,14.6,6.46,0.66,-3.75,-1.81,1.0,see-you-later
2921.0,2942.0,2994.0,3637.0,4095.0,2173.0,2875.0,0.0,-26.54,-16.16,7.52,-2.81,2.09,-6.44,1.0,see-you-later
2908.0,2962.0,2992.0,4095.0,4095.0,2103.0,2870.0,1667.0,-12.85,2.59,5.72,0.77,0.67,1.4,1.0,see-you-later
2896.0,2973.0,2987.0,4095.0,4095.0,2189.0,2871.0,1953.0,-1.81,8.84,4.19,0.06,-0.53,-0.03,1.0,see-you-later
2896.0,2973.0,2990.0,4095.0,4095.0,2207.0,2882.0,2109.0,-2.67,7.59,5.78,-0.44,-0.48,-1.68,1.0,see-you-later
2894.0,2968.0,2992.0,4095.0,4095.0,2215.0,2885.0,2171.0,-9.48,1.47,4.45,-0.36,-0.21,-0.62,1.0,see-you-later
2903.0,2962.0,2992.0,4095.0,4095.0,2229.0,2881.0,2208.0,-8.06,3.75,4.66,0.02,-0.06,-0.18,1.0,see-you-later
2898.0,2959.0,2985.0,4095.0,4095.0,2240.0,2881.0,2209.0,-8.31,3.51,4.66,0.05,-0.06,-0.03,1.0,see-you-later
2887.0,2971.0,2987.0,4095.0,4095.0,2255.0,2894.0,2222.0,-7.89,3.64,4.5,-0.06,-0.05,-0.02,1.0,see-you-later
2894.0,2963.0,2981.0,4095.0,4095.0,2267.0,2887.0,2247.0,-7.94,3.43,4.65,-0.16,0.03,-0.02,1.0,see-you-later
2896.0,2969.0,2985.0,4095.0,4095.0,2286.0,2896.0,2261.0,-7.83,3.46,4.47,-0.02,0.03,0.0,1.0,see-you-later
2896.0,2960.0,2979.0,4095.0,4095.0,2277.0,2897.0,2275.0,-7.96,3.51,4.71,-0.12,0.04,-0.04,1.0,see-you-later
2895.0,2960.0,2983.0,4095.0,4095.0,2295.0,2896.0,2290.0,-7.71,3.67,4.36,-0.1,0.13,0.0,1.0,see-you-later
2896.0,2962.0,2983.0,4095.0,4095.0,2305.0,2899.0,2271.0,-7.87,3.39,4.35,-0.08,0.01,-0.03,1.0,see-you-later
2910.0,2966.0,2987.0,4095.0,4095.0,2321.0,2905.0,2284.0,-7.83,3.71,4.03,-0.07,0.05,-0.03,1.0,see-you-later
2899.0,2961.0,2992.0,4095.0,4095.0,2331.0,2901.0,2299.0,-8.32,3.65,4.64,-0.02,-0.1,-0.08,1.0,see-you-later
2903.0,2975.0,2993.0,4095.0,4095.0,2330.0,2907.0,2305.0,-8.08,3.33,4.72,-0.02,-0.09,-0.03,1.0,see-you-later
2895.0,2931.0,2982.0,2875.0,4095.0,4095.0,2928.0,2330.0,-8.07,5.64,1.29,0.2,0.05,-0.22,1.0,see-you-later
2911.0,2937.0,2979.0,2843.0,4095.0,4095.0,2934.0,2338.0,-9.01,5.81,-0.18,-0.07,0.23,0.02,1.0,see-you-later
2901.0,2934.0,2970.0,2785.0,4095.0,4095.0,2939.0,2301.0,-13.54,4.59,-3.88,-0.83,0.49,0.99,1.0,see-you-later
2915.0,2944.0,2983.0,2811.0,4095.0,4095.0,2942.0,2340.0,-7.38,5.58,0.11,-2.35,-0.24,2.53,1.0,see-you-later
2917.0,2951.0,2973.0,2826.0,4095.0,4095.0,2928.0,2395.0,0.1,4.9,6.98,-2.76,-0.55,2.44,1.0,see-you-later
2937.0,2931.0,2969.0,2799.0,4095.0,4095.0,2941.0,2223.0,1.09,6.19,14.42,1.29,-1.5,-0.74,1.0,see-you-later
2947.0,2949.0,2978.0,2721.0,4095.0,2673.0,2928.0,2320.0,-12.31,5.45,-6.67,3.99,-4.7,-2.55,1.0,see-you-later
2896.0,2960.0,2991.0,3650.0,4095.0,2142.0,2909.0,1998.0,-0.15,8.33,-2.26,1.79,-4.01,0.99,1.0,see-you-later
2896.0,2965.0,2974.0,4064.0,4095.0,2208.0,2900.0,2081.0,12.47,10.39,-0.89,-3.54,-1.86,-6.51,1.0,see-you-later
2894.0,2961.0,2981.0,4095.0,4095.0,2274.0,2943.0,2192.0,-21.44,-16.6,7.66,-0.32,0.54,-2.38,1.0,see-you-later
2896.0,2944.0,2973.0,4095.0,4095.0,2291.0,2939.0,2295.0,-8.35,0.53,6.76,-0.08,0.09,0.06,1.0,see-you-later
2898.0,2959.0,2975.0,4095.0,4095.0,2309.0,2930.0,2288.0,-8.33,0.8,5.59,-0.0,0.41,0.07,1.0,see-you-later
2908.0,2961.0,2990.0,4095.0,4095.0,2331.0,2939.0,2257.0,-7.38,1.37,4.88,-0.01,0.35,0.27,1.0,see-you-later
2903.0,2958.0,2978.0,4095.0,4095.0,2345.0,2933.0,2325.0,-7.58,1.87,5.13,-0.28,0.48,-0.01,1.0,see-you-later
2896.0,2960.0,2987.0,4095.0,4095.0,2347.0,2946.0,2353.0,-8.12,1.36,5.02,0.07,0.03,-0.09,1.0,see-you-later
2896.0,2960.0,2974.0,4095.0,4095.0,2357.0,2937.0,2366.0,-8.53,1.34,4.95,0.11,-0.03,0.04,1.0,see-you-later
2909.0,2950.0,2987.0,4095.0,4095.0,2365.0,2937.0,2366.0,-8.24,1.76,4.76,-0.01,-0.02,0.01,1.0,see-you-later
2911.0,2959.0,2992.0,4095.0,4095.0,2358.0,2934.0,2373.0,-8.21,1.77,4.82,0.04,-0.09,-0.04,1.0,see-you-later
2896.0,2949.0,2965.0,4095.0,4095.0,2367.0,2943.0,2354.0,-8.36,1.75,4.38,0.01,0.01,-0.02,1.0,see-you-later
2895.0,2958.0,2982.0,4095.0,4095.0,2371.0,2953.0,2361.0,-8.45,1.59,4.7,-0.08,0.03,-0.01,1.0,see-you-later
2928.0,2938.0,2993.0,2768.0,4095.0,4095.0,2943.0,2517.0,-3.83,6.27,2.71,-2.26,-0.49,2.52,1.0,see-you-later
2929.0,2947.0,2971.0,2795.0,4095.0,4095.0,2928.0,2614.0,6.74,6.13,14.54,-0.15,-0.94,0.43,1.0,see-you-later
2935.0,2930.0,2976.0,2768.0,4095.0,4095.0,2927.0,2659.0,3.44,8.1,7.68,2.02,-0.94,-1.71,1.0,see-you-later
2931.0,2944.0,2983.0,3090.0,4095.0,3542.0,2960.0,2351.0,-8.34,6.73,0.58,0.81,-1.06,-3.81,1.0,see-you-later
2910.0,2931.0,2980.0,3383.0,4095.0,2302.0,2947.0,2299.0,-13.37,2.96,1.97,0.6,-0.39,-0.45,1.0,see-you-later
2901.0,2943.0,2992.0,4095.0,4095.0,2250.0,2951.0,2075.0,0.92,9.19,3.72,-0.93,-1.77,-3.36,1.0,see-you-later
2907.0,2955.0,2977.0,4095.0,4095.0,2302.0,2945.0,2305.0,-15.29,-7.05,7.1,-0.8,0.16,-1.69,1.0,see-you-later
2910.0,2957.0,2985.0,4095.0,4095.0,2322.0,2945.0,2350.0,-8.97,-0.1,5.39,-0.29,0.6,0.14,1.0,see-you-later
2901.0,2947.0,2978.0,4095.0,4095.0,2343.0,2956.0,2383.0,-8.03,1.1,5.4,-0.1,0.22,0.12,1.0,see-you-later
2893.0,2947.0,2967.0,4095.0,4095.0,2350.0,2957.0,2370.0,-7.83,1.37,4.58,-0.04,0.19,0.09,1.0,see-you-later
2902.0,2951.0,2991.0,4095.0,4095.0,2355.0,2958.0,2368.0,-7.84,1.64,4.7,0.14,-0.12,-0.01,1.0,see-you-later
2911.0,2951.0,2979.0,4095.0,4095.0,2375.0,2950.0,2393.0,-8.2,1.43,4.7,0.01,0.02,-0.01,1.0,see-you-later
2903.0,2951.0,2981.0,4095.0,4095.0,2384.0,2947.0,2411.0,-8.2,1.53,4.68,-0.04,0.16,0.02,1.0,see-you-later
2907.0,2951.0,2989.0,4095.0,4095.0,2386.0,2956.0,2396.0,-8.28,1.6,4.42,-0.02,0.05,0.06,1.0,see-you-later
2903.0,2951.0,2981.0,4095.0,4095.0,2391.0,2951.0,2386.0,-8.21,1.81,4.42,-0.01,0.05,0.04,1.0,see-you-later
2897.0,2947.0,2986.0,4095.0,4095.0,2398.0,2955.0,2397.0,-8.35,1.85,4.59,-0.06,0.05,-0.01,1.0,see-you-later
2908.0,2946.0,2981.0,4095.0,4095.0,2401.0,2953.0,2387.0,-8.52,1.73,4.23,-0.09,0.01,-0.03,1.0,see-you-later
2900.0,2960.0,2979.0,4095.0,4095.0,2409.0,2960.0,2393.0,-8.25,1.73,4.21,-0.06,0.04,0.07,1.0,see-you-later
2902.0,2949.0,2979.0,4095.0,4095.0,2411.0,2958.0,2400.0,-8.33,1.74,4.22,-0.05,0.07,0.07,1.0,see-you-later
2913.0,2939.0,2982.0,4095.0,4095.0,2410.0,2959.0,2395.0,-7.97,2.07,4.58,-0.03,-0.09,0.01,1.0,see-you-later
2960.0,2947.0,3025.0,2807.0,4095.0,4095.0,2960.0,2630.0,-6.85,6.23,1.05,0.06,0.03,-0.29,1.0,see-you-later
2971.0,2959.0,3024.0,2832.0,4095.0,4095.0,2955.0,2587.0,-8.33,6.15,0.11,0.03,0.24,-0.16,1.0,see-you-later
2972.0,2954.0,3026.0,2800.0,4095.0,4095.0,2960.0,2416.0,-13.08,5.06,-3.54,-0.49,0.32,0.69,1.0,see-you-later
2966.0,2951.0,3037.0,2804.0,4095.0,4095.0,2961.0,2660.0,-8.14,5.33,-1.03,-2.1,-0.21,2.51,1.0,see-you-later
2943.0,2956.0,3026.0,2843.0,4095.0,4095.0,2959.0,2427.0,3.16,5.18,8.65,-2.06,-0.17,2.44,1.0,see-you-later
2959.0,2959.0,3033.0,2832.0,4095.0,4095.0,2973.0,2775.0,-0.87,8.34,9.9,2.69,-1.65,-1.48,1.0,see-you-later
2946.0,2961.0,3051.0,2850.0,4095.0,2539.0,2958.0,2407.0,-8.35,8.55,-4.36,1.96,-5.26,1.32,1.0,see-you-later
2934.0,2977.0,3050.0,3674.0,4095.0,2273.0,2909.0,1108.0,5.34,10.45,-3.79,1.57,-3.69,0.95,1.0,see-you-later
2904.0,2995.0,3042.0,3919.0,4095.0,2275.0,2893.0,1700.0,15.14,1.71,-7.09,-8.22,0.1,-8.73,1.0,see-you-later
2893.0,2964.0,3059.0,4095.0,4095.0,2352.0,2923.0,2258.0,-19.11,-8.18,-0.12,2.92,-7.57,0.13,1.0,see-you-later
2902.0,2951.0,3043.0,4095.0,4095.0,2383.0,2923.0,2411.0,-7.35,2.94,5.32,0.6,-1.52,-0.03,1.0,see-you-later
2897.0,2950.0,3047.0,4095.0,4095.0,2390.0,2929.0,2419.0,-8.04,1.99,5.08,0.22,-0.43,-0.13,1.0,see-you-later
2911.0,2949.0,3050.0,4095.0,4095.0,2400.0,2938.0,2446.0,-7.89,1.92,4.74,0.09,0.05,-0.16,1.0,see-you-later
2902.0,2960.0,3057.0,4095.0,4095.0,2410.0,2947.0,2447.0,-8.4,2.02,4.66,-0.07,0.02,-0.09,1.0,see-you-later
2899.0,2960.0,3047.0,4095.0,4095.0,2423.0,2941.0,2446.0,-8.15,2.43,4.28,-0.13,0.16,-0.12,1.0,see-you-later
2890.0,2960.0,3055.0,4095.0,4095.0,2421.0,2939.0,2462.0,-8.61,1.57,4.85,-0.18,0.1,-0.06,1.0,see-you-later
2902.0,2960.0,3042.0,4095.0,4095.0,2426.0,2943.0,2448.0,-8.26,1.85,4.8,-0.08,-0.01,-0.05,1.0,see-you-later
2914.0,2963.0,3035.0,4095.0,4095.0,2432.0,2945.0,2453.0,-8.4,1.73,4.62,-0.05,-0.01,0.0,1.0,see-you-later
2902.0,2961.0,3056.0,4095.0,4095.0,2437.0,2942.0,2466.0,-8.19,1.69,4.75,-0.07,-0.01,-0.05,1.0,see-you-later
2907.0,2960.0,3056.0,4095.0,4095.0,2439.0,2948.0,2471.0,-8.36,1.55,4.72,-0.09,0.04,-0.04,1.0,see-you-later
2922.0,2933.0,2977.0,2905.0,4095.0,4095.0,2977.0,2363.0,-7.96,4.71,1.35,0.04,-0.04,-0.11,1.0,see-you-later
2933.0,2941.0,2974.0,2896.0,4095.0,4095.0,2981.0,2355.0,-8.15,5.16,1.26,-0.02,0.46,-0.1,1.0,see-you-later
2928.0,2942.0,2983.0,2874.0,4095.0,4095.0,2991.0,2346.0,-12.35,4.63,-1.71,-0.17,0.88,0.25,1.0,see-you-later
2939.0,2941.0,2993.0,2871.0,4095.0,4095.0,2979.0,2354.0,-13.76,4.13,-3.83,-1.7,0.24,2.29,1.0,see-you-later
2935.0,2939.0,2969.0,2891.0,4095.0,4095.0,2978.0,2304.0,-4.51,2.98,2.02,-2.55,-0.64,3.29,1.0,see-you-later
2960.0,2928.0,2992.0,2895.0,4095.0,4095.0,2976.0,2294.0,8.49,4.36,15.37,-1.67,-0.6,0.8,1.0,see-you-later
2926.0,2949.0,2982.0,2879.0,4095.0,4095.0,2992.0,2399.0,-1.47,8.62,9.42,2.59,-1.14,-2.02,1.0,see-you-later
2979.0,2945.0,2981.0,2750.0,4095.0,2604.0,2960.0,2313.0,-10.01,7.08,-4.98,2.24,-4.91,-0.58,1.0,see-you-later
2914.0,2960.0,2992.0,3408.0,4095.0,2256.0,2911.0,2189.0,3.08,11.21,-1.91,1.77,-4.5,0.41,1.0,see-you-later
2914.0,2970.0,2989.0,4077.0,4095.0,2192.0,2918.0,1958.0,15.12,8.05,-8.88,-5.87,-0.59,-6.68,1.0,see-you-later
2901.0,2950.0,2989.0,4095.0,4095.0,2300.0,2940.0,2300.0,-20.37,-10.24,1.19,3.31,-8.29,0.18,1.0,see-you-later
2894.0,2955.0,2992.0,4095.0,4095.0,2331.0,2949.0,2361.0,-8.03,1.84,4.94,0.48,-1.57,-0.07,1.0,see-you-later
2897.0,2957.0,2998.0,4095.0,4095.0,2370.0,2959.0,2398.0,-7.5,1.74,4.3,0.06,-0.14,0.04,1.0,see-you-later
2899.0,2960.0,2992.0,4095.0,4095.0,2371.0,2955.0,2418.0,-8.12,1.4,4.59,-0.09,0.38,-0.08,1.0,see-you-later
2897.0,2947.0,2994.0,4095.0,4095.0,2384.0,2960.0,2432.0,-8.11,1.86,4.08,-0.02,-0.1,-0.04,1.0,see-you-later
2918.0,2956.0,2993.0,4095.0,4095.0,2400.0,2962.0,2434.0,-8.54,1.66,4.26,-0.13,0.13,-0.03,1.0,see-you-later
2906.0,2943.0,2990.0,4095.0,4095.0,2403.0,2957.0,2406.0,-8.37,1.86,4.23,-0.12,0.07,-0.0,1.0,see-you-later
2898.0,2951.0,2997.0,4095.0,4095.0,2414.0,2959.0,2401.0,-8.35,1.65,4.48,-0.06,-0.03,-0.07,1.0,see-you-later
2896.0,2943.0,2983.0,4095.0,4095.0,2411.0,2960.0,2414.0,-8.68,1.53,4.35,-0.02,0.0,-0.04,1.0,see-you-later
2910.0,2949.0,2992.0,4095.0,4095.0,2416.0,2966.0,2421.0,-8.51,1.34,4.36,-0.06,-0.01,-0.01,1.0,see-you-later
2934.0,2944.0,2974.0,2866.0,4095.0,4095.0,2991.0,2455.0,-7.11,6.44,0.59,-0.09,-0.01,0.03,1.0,see-you-later
2939.0,2943.0,2992.0,2881.0,4095.0,4095.0,2988.0,2454.0,-7.36,6.52,0.84,-0.05,-0.01,0.03,1.0,see-you-later
2945.0,2949.0,2978.0,2887.0,4095.0,4095.0,2995.0,2462.0,-10.35,5.67,-1.01,-0.16,0.14,0.16,1.0,see-you-later
2948.0,2943.0,2979.0,2878.0,4095.0,4095.0,3000.0,2468.0,-10.39,6.18,-3.13,-1.31,-0.2,1.87,1.0,see-you-later
2954.0,2947.0,2981.0,2885.0,4095.0,4095.0,2994.0,2449.0,-3.51,6.11,1.8,-2.28,-0.43,2.66,1.0,see-you-later
2958.0,2938.0,2978.0,2899.0,4095.0,4095.0,2993.0,2406.0,10.88,6.7,19.12,0.23,-1.63,0.07,1.0,see-you-later
2967.0,2943.0,2985.0,2721.0,4095.0,4095.0,2960.0,2425.0,-8.22,7.58,2.26,2.79,-2.53,0.36,1.0,see-you-later
3008.0,2942.0,2989.0,3023.0,4095.0,2355.0,2944.0,2439.0,2.1,10.53,-0.19,0.76,-2.23,-0.12,1.0,see-you-later
2928.0,2946.0,2993.0,3583.0,4095.0,2286.0,2933.0,2238.0,15.91,13.51,-8.07,-0.55,-2.18,-3.39,1.0,see-you-later
2916.0,2935.0,2979.0,4095.0,4095.0,2351.0,2977.0,2467.0,-12.57,-16.11,10.25,-5.89,3.27,-8.23,1.0,see-you-later
2910.0,2931.0,2992.0,4090.0,4095.0,2390.0,2964.0,2399.0,-8.7,1.19,4.35,-0.7,3.08,-0.25,1.0,see-you-later
2910.0,2941.0,2986.0,4080.0,4095.0,2414.0,2978.0,2431.0,-7.5,1.89,5.23,-0.28,1.21,-0.12,1.0,see-you-later
2901.0,2931.0,2976.0,4076.0,4095.0,2426.0,2967.0,2480.0,-7.8,1.51,4.53,-0.1,0.12,-0.07,1.0,see-you-later
2919.0,2945.0,2973.0,4059.0,4095.0,2441.0,2973.0,2486.0,-7.96,1.64,5.11,-0.08,0.03,0.02,1.0,see-you-later
2901.0,2950.0,2991.0,4020.0,4095.0,2443.0,2974.0,2489.0,-8.11,1.83,4.82,-0.16,0.01,-0.08,1.0,see-you-later
2910.0,2944.0,2999.0,4011.0,4095.0,2450.0,2972.0,2493.0,-8.0,1.7,4.82,-0.07,-0.0,-0.04,1.0,see-you-later
2919.0,2939.0,2991.0,4010.0,4095.0,2451.0,2982.0,2496.0,-8.04,1.55,5.07,-0.16,0.11,-0.03,1.0,see-you-later
2910.0,2939.0,2982.0,4028.0,4095.0,2464.0,2987.0,2486.0,-8.27,1.82,4.72,-0.06,0.08,-0.01,1.0,see-you-later
2915.0,2939.0,2987.0,4012.0,4095.0,2474.0,2974.0,2491.0,-8.06,1.79,4.77,-0.05,-0.06,0.01,1.0,see-you-later
2907.0,2940.0,2994.0,4000.0,4095.0,2470.0,2982.0,2481.0,-8.1,1.87,4.67,-0.09,0.01,0.04,1.0,see-you-later
2962.0,2942.0,2991.0,2859.0,4095.0,4095.0,3011.0,2515.0,-6.98,7.33,1.16,-0.04,0.22,-0.04,1.0,see-you-later
2960.0,2942.0,2981.0,2875.0,4095.0,4095.0,3015.0,2506.0,-9.12,7.27,-0.68,-0.4,0.25,0.4,1.0,see-you-later
2960.0,2948.0,2988.0,2879.0,4095.0,4095.0,3007.0,2512.0,-8.42,6.73,-0.19,-1.67,0.07,1.76,1.0,see-you-later
2943.0,2934.0,2971.0,2877.0,4095.0,4095.0,3011.0,2467.0,-0.14,6.07,7.2,-2.07,-0.07,2.17,1.0,see-you-later
2951.0,2947.0,2983.0,2875.0,4095.0,4095.0,3008.0,2413.0,4.84,7.56,11.14,1.31,-1.03,-0.92,1.0,see-you-later
2967.0,2947.0,2985.0,2907.0,4095.0,4095.0,2978.0,2506.0,-11.16,7.21,-2.76,2.43,0.15,-0.89,1.0,see-you-later
2945.0,2946.0,2989.0,3203.0,4095.0,2465.0,2990.0,2471.0,-5.71,8.74,0.95,1.64,-3.7,0.7,1.0,see-you-later
2935.0,2930.0,2992.0,3437.0,4095.0,2342.0,2962.0,2375.0,11.71,14.07,-6.63,0.84,-3.09,-0.49,1.0,see-you-later
2928.0,2959.0,2986.0,4095.0,4095.0,2351.0,2963.0,2434.0,0.76,-6.85,5.36,-7.68,0.84,-7.99,1.0,see-you-later
2929.0,2947.0,2987.0,4095.0,4095.0,2375.0,2973.0,2395.0,-15.12,-4.12,3.91,0.26,-0.4,0.09,1.0,see-you-later
2923.0,2941.0,2993.0,4095.0,4095.0,2414.0,2977.0,2415.0,-8.46,0.75,6.57,-0.17,0.19,-0.19,1.0,see-you-later
2924.0,2938.0,3005.0,4095.0,4095.0,2421.0,2980.0,2447.0,-8.27,1.11,4.84,-0.08,0.05,-0.07,1.0,see-you-later
2927.0,2944.0,2987.0,4095.0,4095.0,2433.0,2983.0,2455.0,-8.03,1.21,5.09,-0.06,-0.05,-0.09,1.0,see-you-later
2929.0,2941.0,2989.0,4095.0,4095.0,2438.0,2987.0,2468.0,-8.4,1.09,5.39,-0.05,-0.03,-0.02,1.0,see-you-later
2928.0,2942.0,2990.0,4095.0,4095.0,2447.0,2992.0,2461.0,-8.16,1.29,5.16,-0.02,0.0,-0.04,1.0,see-you-later
2928.0,2954.0,2986.0,4095.0,4095.0,2454.0,2995.0,2470.0,-8.28,1.11,5.02,-0.05,0.02,-0.08,1.0,see-you-later
2918.0,2928.0,2990.0,4095.0,4095.0,2459.0,2994.0,2465.0,-8.19,1.19,5.2,-0.01,-0.07,-0.08,1.0,see-you-later
2923.0,2942.0,2990.0,4095.0,4095.0,2452.0,2992.0,2486.0,-8.13,1.26,5.01,0.01,-0.06,-0.07,1.0,see-you-later
2927.0,2942.0,2985.0,4095.0,4095.0,2465.0,2994.0,2483.0,-8.15,1.2,4.95,-0.07,0.01,-0.04,1.0,see-you-later
2911.0,2937.0,2977.0,4095.0,4095.0,2465.0,2999.0,2493.0,-8.02,1.41,4.97,-0.17,0.11,-0.03,1.0,see-you-later
2950.0,2934.0,2989.0,2826.0,4095.0,4095.0,3009.0,2811.0,-6.32,7.46,1.02,-0.02,-0.08,-0.01,1.0,see-you-later
2961.0,2935.0,2985.0,2826.0,4095.0,4095.0,3011.0,2829.0,-8.35,7.31,-0.76,-0.32,0.06,0.32,1.0,see-you-later
2958.0,2934.0,2981.0,2803.0,4095.0,4095.0,3010.0,2819.0,-8.45,7.23,-1.32,-1.33,0.04,1.69,1.0,see-you-later
2942.0,2945.0,2973.0,2814.0,4095.0,4095.0,3006.0,2845.0,-0.18,6.49,4.52,-2.56,-0.23,2.42,1.0,see-you-later
2953.0,2946.0,2982.0,2793.0,4095.0,4095.0,3006.0,2863.0,2.88,6.9,10.14,1.02,-0.96,-0.65,1.0,see-you-later
2963.0,2933.0,2982.0,2981.0,4095.0,3753.0,2999.0,2897.0,-9.53,8.08,-2.36,2.21,-2.36,-1.46,1.0,see-you-later
3086.0,2943.0,2990.0,2992.0,4095.0,2492.0,2999.0,2759.0,-4.83,9.23,2.24,0.7,-1.53,0.41,1.0,see-you-later
2953.0,2943.0,2985.0,3225.0,4095.0,2343.0,2962.0,2658.0,13.41,16.55,-6.08,0.72,-2.4,-1.19,1.0,see-you-later
2929.0,2946.0,2975.0,4095.0,4095.0,2374.0,2993.0,2854.0,-8.24,-15.74,8.82,-7.01,3.95,-8.51,1.0,see-you-later
2928.0,2943.0,2973.0,4019.0,4095.0,2385.0,2985.0,2800.0,-7.08,1.97,1.16,-0.1,-0.6,0.58,1.0,see-you-later
2928.0,2944.0,2992.0,4014.0,4095.0,2423.0,3005.0,2853.0,-7.57,1.92,4.19,0.01,-0.39,-0.04,1.0,see-you-later
2918.0,2946.0,2983.0,3990.0,4095.0,2448.0,3002.0,2864.0,-8.0,1.38,4.76,0.17,-0.45,-0.03,1.0,see-you-later
2921.0,2932.0,2983.0,4011.0,4095.0,2445.0,2999.0,2883.0,-8.08,1.6,4.39,-0.05,-0.21,-0.08,1.0,see-you-later
2919.0,2943.0,2989.0,4015.0,4095.0,2459.0,3002.0,2889.0,-8.33,1.19,5.18,-0.05,-0.17,-0.06,1.0,see-you-later
2918.0,2949.0,2990.0,4034.0,4095.0,2465.0,3003.0,2911.0,-8.3,1.3,4.82,-0.14,0.08,-0.04,1.0,see-you-later
2917.0,2932.0,2992.0,4045.0,4095.0,2466.0,3005.0,2901.0,-8.2,1.31,4.97,-0.07,0.09,-0.1,1.0,see-you-later
2911.0,2949.0,2983.0,4035.0,4095.0,2472.0,3009.0,2912.0,-8.45,1.12,5.06,-0.07,-0.02,-0.08,1.0,see-you-later
2913.0,2939.0,2987.0,4015.0,4095.0,2481.0,3006.0,2906.0,-8.39,1.15,4.83,-0.06,-0.0,-0.01,1.0,see-you-later
2929.0,2929.0,2992.0,4016.0,4095.0,2480.0,3006.0,2916.0,-8.21,1.32,4.84,-0.05,-0.01,0.0,1.0,see-you-later
2927.0,2931.0,2995.0,4003.0,4095.0,2487.0,3008.0,2919.0,-8.04,1.48,4.58,-0.02,-0.09,0.01,1.0,see-you-later
3227.0,2947.0,2970.0,3035.0,4095.0,4075.0,3329.0,2960.0,-8.26,2.66,3.96,-0.1,0.19,0.08,1.0,see-you-later
3035.0,2929.0,2978.0,2934.0,4095.0,4095.0,3106.0,2817.0,-8.9,2.67,3.62,-0.36,0.86,0.43,1.0,see-you-later
2924.0,2938.0,2973.0,2798.0,4095.0,4095.0,3006.0,2774.0,-9.37,2.46,2.76,-0.65,1.07,0.44,1.0,see-you-later
2923.0,2955.0,2986.0,2688.0,4095.0,4095.0,2963.0,2773.0,-12.16,1.55,0.23,-0.61,1.32,1.04,1.0,see-you-later
2939.0,2930.0,2992.0,2688.0,4095.0,4095.0,2967.0,2763.0,-12.93,2.57,-1.75,-1.45,0.32,2.82,1.0,see-you-later
2972.0,2941.0,2992.0,2683.0,4095.0,4095.0,2961.0,2812.0,-5.07,2.98,0.84,-2.49,-0.87,4.32,1.0,see-you-later
3012.0,2943.0,2971.0,2695.0,4095.0,4095.0,2987.0,2747.0,18.79,4.91,22.76,-0.57,-1.06,0.09,1.0,see-you-later
2955.0,2958.0,2983.0,2672.0,4095.0,4095.0,3023.0,2809.0,-9.93,5.03,0.05,4.32,0.33,-3.65,1.0,see-you-later
2976.0,2947.0,2992.0,2975.0,4095.0,2481.0,3008.0,2677.0,-9.93,7.91,0.42,1.37,-1.53,0.64,1.0,see-you-later
2931.0,2951.0,2983.0,3487.0,4095.0,2339.0,2977.0,2695.0,3.67,12.05,0.01,0.23,-2.45,0.12,1.0,see-you-later
2915.0,2946.0,2980.0,4015.0,4095.0,2304.0,2959.0,2608.0,11.28,9.55,-5.55,-5.47,-0.11,-6.99,1.0,see-you-later
2909.0,2947.0,2975.0,4095.0,4095.0,2405.0,2998.0,2762.0,-16.46,-10.18,3.44,1.81,-2.23,-0.77,1.0,see-you-later
2909.0,2945.0,2983.0,4095.0,4095.0,2429.0,3007.0,2858.0,-8.41,1.05,5.53,0.36,0.83,0.04,1.0,see-you-later
2902.0,2946.0,2989.0,4095.0,4095.0,2438.0,3013.0,2870.0,-7.86,1.55,4.78,0.26,-0.84,0.1,1.0,see-you-later
2911.0,2956.0,2992.0,4095.0,4095.0,2447.0,3019.0,2868.0,-7.97,1.28,4.24,0.1,-0.35,-0.04,1.0,see-you-later
2905.0,2943.0,2983.0,4095.0,4095.0,2448.0,3018.0,2879.0,-8.2,1.47,4.56,0.02,-0.12,-0.03,1.0,see-you-later
2906.0,2957.0,2983.0,4095.0,4095.0,2462.0,3014.0,2892.0,-8.58,1.13,4.47,0.04,-0.05,-0.02,1.0,see-you-later
2902.0,2947.0,2992.0,4095.0,4095.0,2464.0,3009.0,2895.0,-8.43,1.18,4.41,-0.05,-0.07,0.0,1.0,see-you-later
2907.0,2957.0,2989.0,4095.0,4095.0,2477.0,3021.0,2895.0,-8.39,1.31,4.56,-0.0,-0.05,-0.02,1.0,see-you-later
2918.0,2943.0,2977.0,4095.0,4095.0,2480.0,3011.0,2901.0,-8.25,1.23,4.51,-0.07,0.1,-0.0,1.0,see-you-later
2972.0,2937.0,2974.0,3023.0,4095.0,4095.0,3092.0,2847.0,-8.57,3.15,3.12,-0.06,0.13,-0.1,1.0,see-you-later
2987.0,2949.0,2979.0,3062.0,4095.0,4095.0,3060.0,2815.0,-8.5,3.15,2.9,-0.01,0.11,-0.07,1.0,see-you-later
3009.0,2943.0,2971.0,2853.0,4095.0,4095.0,3008.0,2780.0,-10.06,2.43,2.61,-0.26,1.12,0.46,1.0,see-you-later
2982.0,2943.0,2991.0,2642.0,4095.0,4095.0,2987.0,2785.0,-14.9,1.2,-2.09,-1.05,1.64,2.42,1.0,see-you-later
3002.0,2953.0,2978.0,2613.0,4095.0,4095.0,2986.0,2739.0,-9.22,3.51,-0.98,-1.78,0.22,3.22,1.0,see-you-later
2999.0,2949.0,2993.0,2602.0,4095.0,4095.0,2967.0,2677.0,-0.59,5.62,2.33,-2.6,-0.31,3.42,1.0,see-you-later
3010.0,2929.0,2975.0,2583.0,4095.0,4095.0,2965.0,2790.0,8.13,6.79,17.76,0.42,-1.08,-0.22,1.0,see-you-later
2947.0,2949.0,2986.0,2682.0,4095.0,4095.0,3022.0,2695.0,-9.02,6.84,-1.86,3.52,-2.21,-3.09,1.0,see-you-later
2958.0,2946.0,2985.0,3209.0,4095.0,2458.0,2995.0,2470.0,-8.71,7.47,0.6,0.65,-0.6,0.36,1.0,see-you-later
2934.0,2959.0,2990.0,3518.0,4095.0,2364.0,2983.0,2661.0,7.91,13.82,-1.44,0.48,-2.06,-0.2,1.0,see-you-later
2918.0,2955.0,2977.0,3959.0,4095.0,2357.0,2977.0,2691.0,5.25,1.93,0.03,-5.76,0.54,-7.11,1.0,see-you-later
2923.0,2944.0,3001.0,4095.0,4095.0,2414.0,3010.0,2837.0,-15.33,-6.25,3.94,0.21,-1.53,-0.57,1.0,see-you-later
2923.0,2943.0,2987.0,4095.0,4095.0,2437.0,3001.0,2847.0,-8.46,1.01,5.29,-0.01,-0.22,-0.08,1.0,see-you-later
2914.0,2931.0,2980.0,4095.0,4095.0,2448.0,3015.0,2867.0,-8.43,1.13,4.99,0.09,0.07,0.05,1.0,see-you-later
2923.0,2942.0,2992.0,4080.0,4095.0,2453.0,3007.0,2882.0,-8.21,0.94,4.51,-0.02,0.01,-0.02,1.0,see-you-later
2923.0,2947.0,3005.0,4081.0,4095.0,2469.0,3014.0,2885.0,-8.26,1.38,4.82,-0.01,0.06,-0.04,1.0,see-you-later
2928.0,2946.0,2978.0,4046.0,4095.0,2465.0,3023.0,2848.0,-8.42,1.14,4.57,-0.01,-0.0,-0.07,1.0,see-you-later
2913.0,2940.0,2983.0,4049.0,4095.0,2469.0,3008.0,2848.0,-8.12,1.39,4.35,-0.1,-0.02,-0.03,1.0,see-you-later
2909.0,2943.0,2992.0,4073.0,4095.0,2480.0,3014.0,2864.0,-8.64,0.93,4.44,0.02,-0.18,-0.1,1.0,see-you-later
2919.0,2934.0,2992.0,4074.0,4095.0,2480.0,3020.0,2868.0,-8.5,1.25,4.5,-0.05,-0.05,0.02,1.0,see-you-later
3027.0,2954.0,2979.0,2790.0,4095.0,4095.0,2993.0,2850.0,-8.45,3.95,2.18,-0.01,-0.06,-0.0,1.0,see-you-later
3002.0,2935.0,2978.0,2832.0,4095.0,4095.0,3000.0,2858.0,-8.71,3.76,2.09,-0.06,0.02,-0.04,1.0,see-you-later
2992.0,2942.0,2987.0,2812.0,4095.0,4095.0,3008.0,2842.0,-12.51,2.27,0.03,-0.43,0.5,0.5,1.0,see-you-later
2978.0,2943.0,2977.0,2806.0,4095.0,4095.0,3007.0,2859.0,-12.61,2.73,-1.61,-1.5,0.65,2.73,1.0,see-you-later
2949.0,2960.0,2996.0,2782.0,4095.0,4095.0,2992.0,2837.0,-5.17,3.76,1.85,-2.32,-0.13,3.64,1.0,see-you-later
2937.0,2946.0,2982.0,2795.0,4095.0,4095.0,2997.0,2734.0,8.49,5.27,14.86,-1.83,-0.11,1.65,1.0,see-you-later
2928.0,2954.0,2988.0,2806.0,4095.0,4095.0,2999.0,2788.0,-5.26,6.82,6.42,3.62,-0.68,-1.54,1.0,see-you-later
2953.0,2943.0,2994.0,2679.0,4095.0,2641.0,3015.0,2708.0,-8.91,8.39,-2.88,2.28,-2.9,0.11,1.0,see-you-later
2959.0,2944.0,2982.0,3056.0,4095.0,2417.0,2985.0,2773.0,3.73,10.85,-1.13,0.69,-3.11,0.36,1.0,see-you-later
2913.0,2951.0,2978.0,3598.0,4095.0,2385.0,2985.0,2447.0,15.14,7.05,-5.51,-5.92,-0.44,-7.4,1.0,see-you-later
2923.0,2943.0,2996.0,3923.0,4095.0,2431.0,3005.0,2789.0,-22.51,-13.31,1.24,2.42,-4.86,0.25,1.0,see-you-later
2912.0,2935.0,2999.0,3945.0,4095.0,2482.0,3006.0,2831.0,-7.99,2.58,5.82,-0.3,1.36,-0.22,1.0,see-you-later
2907.0,2942.0,2982.0,3940.0,4095.0,2485.0,3018.0,2867.0,-8.22,1.88,4.87,0.02,0.58,-0.06,1.0,see-you-later
2928.0,2946.0,2992.0,3939.0,4095.0,2506.0,3015.0,2878.0,-8.26,1.73,4.41,-0.04,0.26,0.0,1.0,see-you-later
2911.0,2958.0,2976.0,3941.0,4095.0,2509.0,3010.0,2880.0,-8.13,2.08,4.77,-0.05,0.02,0.03,1.0,see-you-later
2907.0,2950.0,2993.0,3922.0,4095.0,2512.0,3010.0,2879.0,-8.13,1.83,4.45,-0.02,-0.02,-0.01,1.0,see-you-later
2922.0,2950.0,2992.0,3920.0,4095.0,2526.0,3020.0,2871.0,-8.24,1.79,4.73,-0.06,0.01,-0.08,1.0,see-you-later
2923.0,2957.0,2986.0,3939.0,4095.0,2533.0,3019.0,2885.0,-8.2,1.93,4.69,-0.06,0.0,-0.08,1.0,see-you-later
2918.0,2949.0,2990.0,3918.0,4095.0,2527.0,3024.0,2881.0,-8.31,1.95,4.45,-0.11,0.09,-0.02,1.0,see-you-later
2919.0,2951.0,2992.0,3897.0,4095.0,2533.0,3024.0,2879.0,-8.32,1.87,4.39,-0.06,0.05,-0.05,1.0,see-you-later
2993.0,2939.0,2983.0,2695.0,4095.0,4095.0,3019.0,2837.0,-8.5,4.82,1.24,-0.18,0.16,0.0,1.0,see-you-later
2985.0,2953.0,2992.0,2709.0,4095.0,4095.0,3013.0,2851.0,-10.5,4.01,0.01,-0.37,0.41,0.32,1.0,see-you-later
2960.0,2950.0,2989.0,2723.0,4095.0,4095.0,2999.0,2856.0,-11.78,3.8,-2.81,-1.46,0.46,1.96,1.0,see-you-later
2953.0,2944.0,2981.0,2702.0,4095.0,4095.0,2999.0,2795.0,-5.81,4.41,2.32,-2.49,0.05,2.88,1.0,see-you-later
2959.0,2941.0,2992.0,2624.0,4095.0,4095.0,2997.0,2811.0,6.11,5.09,14.07,-1.54,0.17,1.83,1.0,see-you-later
2944.0,2942.0,2991.0,2681.0,4095.0,4095.0,3007.0,2811.0,-3.82,7.29,7.86,3.26,-0.7,-1.4,1.0,see-you-later
2972.0,2947.0,2987.0,2715.0,4095.0,2741.0,3035.0,2871.0,-6.39,9.46,-3.66,1.23,-2.42,-0.15,1.0,see-you-later
2933.0,2957.0,2992.0,3255.0,4095.0,2467.0,3015.0,2901.0,-0.09,9.68,1.8,1.26,-2.8,0.78,1.0,see-you-later
2919.0,2951.0,2989.0,3705.0,4095.0,2332.0,2985.0,2304.0,22.06,16.32,-10.65,-2.72,-2.06,-5.25,1.0,see-you-later
2928.0,2944.0,2981.0,4044.0,4095.0,2411.0,3029.0,2819.0,-25.93,-27.61,7.21,0.02,-0.18,-4.17,1.0,see-you-later
2931.0,2951.0,2992.0,4078.0,4095.0,2416.0,3007.0,2819.0,-7.76,2.34,4.7,-0.04,-0.64,0.09,1.0,see-you-later
2918.0,2950.0,2987.0,4063.0,4095.0,2416.0,3009.0,2832.0,-8.24,0.75,5.71,-0.0,-0.5,-0.01,1.0,see-you-later
2912.0,2938.0,2998.0,4051.0,4095.0,2429.0,3026.0,2855.0,-8.21,1.32,4.7,0.04,-0.08,-0.0,1.0,see-you-later
2914.0,2938.0,2983.0,4086.0,4095.0,2423.0,3020.0,2876.0,-8.09,1.5,5.01,0.03,-0.22,-0.02,1.0,see-you-later
2922.0,2935.0,2987.0,4089.0,4095.0,2451.0,3025.0,2880.0,-8.17,1.39,4.99,0.02,-0.07,0.03,1.0,see-you-later
2925.0,2937.0,2989.0,4095.0,4095.0,2463.0,3024.0,2876.0,-8.04,1.38,4.96,-0.16,0.13,-0.03,1.0,see-you-later
2911.0,2943.0,2973.0,4095.0,4095.0,2473.0,3031.0,2881.0,-8.05,1.42,4.75,-0.13,0.09,-0.04,1.0,see-you-later
2923.0,2941.0,2985.0,4095.0,4095.0,2479.0,3022.0,2886.0,-8.15,1.5,5.08,-0.08,0.06,-0.02,1.0,see-you-later
2913.0,2955.0,2983.0,4095.0,4095.0,2485.0,3027.0,2871.0,-8.27,1.35,4.81,-0.08,0.04,0.0,1.0,see-you-later
2915.0,2943.0,2993.0,4095.0,4095.0,2491.0,3034.0,2882.0,-8.21,1.38,4.79,-0.05,0.02,-0.02,1.0,see-you-later
2974.0,2943.0,2981.0,2672.0,4095.0,4095.0,3009.0,2861.0,-7.88,4.99,1.67,-0.08,0.04,0.01,1.0,see-you-later
2960.0,2937.0,2991.0,2681.0,4095.0,4095.0,3015.0,2863.0,-8.17,4.99,1.29,-0.06,0.12,-0.01,1.0,see-you-later
2960.0,2949.0,2986.0,2704.0,4095.0,4095.0,3011.0,2861.0,-10.86,3.96,-0.31,-0.38,0.64,0.33,1.0,see-you-later
2976.0,2933.0,2981.0,2709.0,4095.0,4095.0,3015.0,2813.0,-11.75,3.98,-2.16,-1.36,0.65,1.8,1.0,see-you-later
2955.0,2946.0,2975.0,2705.0,4095.0,4095.0,3011.0,2807.0,-7.15,4.05,0.03,-2.53,-0.02,2.88,1.0,see-you-later
2951.0,2947.0,2991.0,2721.0,4095.0,4095.0,3011.0,2885.0,7.48,6.22,15.41,-1.84,-0.19,1.91,1.0,see-you-later
2954.0,2948.0,2990.0,2703.0,4095.0,4095.0,3017.0,2914.0,-1.5,7.4,7.12,2.88,-0.69,-2.02,1.0,see-you-later
2940.0,2950.0,2989.0,2539.0,4095.0,3511.0,3048.0,2827.0,-11.3,7.22,-1.72,1.69,-2.4,-0.33,1.0,see-you-later
2929.0,2964.0,2993.0,3120.0,4095.0,2491.0,3042.0,2832.0,-0.87,9.84,1.42,0.94,-3.35,0.54,1.0,see-you-later
2929.0,2962.0,2993.0,3687.0,4095.0,2320.0,2996.0,1905.0,18.37,17.29,-13.04,-2.11,-1.83,-3.61,1.0,see-you-later
2923.0,2965.0,2991.0,4095.0,4095.0,2413.0,3066.0,2822.0,-27.04,-33.79,10.78,-3.4,3.78,-5.77,1.0,see-you-later
2919.0,2942.0,2993.0,4031.0,4095.0,2432.0,3017.0,2832.0,-9.6,1.27,5.35,0.03,-1.52,0.3,1.0,see-you-later
2923.0,2957.0,2999.0,4095.0,4095.0,2448.0,3038.0,2878.0,-9.69,0.14,5.97,-0.01,-0.36,0.06,1.0,see-you-later
2919.0,2954.0,2992.0,4095.0,4095.0,2464.0,3039.0,2866.0,-8.71,0.51,4.4,-0.13,0.51,0.12,1.0,see-you-later
2915.0,2942.0,2987.0,4095.0,4095.0,2474.0,3029.0,2864.0,-8.22,1.24,4.77,-0.11,0.22,0.04,1.0,see-you-later
2914.0,2938.0,2987.0,4095.0,4095.0,2473.0,3039.0,2879.0,-8.4,0.95,4.62,-0.14,0.19,0.03,1.0,see-you-later
2930.0,2954.0,2981.0,4095.0,4095.0,2482.0,3035.0,2894.0,-8.09,1.22,4.45,-0.16,0.12,-0.02,1.0,see-you-later
2917.0,2958.0,2992.0,4095.0,4095.0,2493.0,3034.0,2896.0,-8.42,1.11,4.36,-0.22,0.21,-0.03,1.0,see-you-later
2919.0,2960.0,2974.0,4092.0,4095.0,2499.0,3039.0,2891.0,-8.38,1.29,4.4,-0.16,0.08,-0.02,1.0,see-you-later
2915.0,2946.0,2993.0,4095.0,4095.0,2511.0,3040.0,2894.0,-8.32,1.34,4.32,-0.08,0.06,-0.04,1.0,see-you-later
2977.0,2942.0,2974.0,2770.0,4095.0,4095.0,3021.0,2894.0,-6.92,5.98,1.38,-0.04,0.07,-0.11,1.0,see-you-later
2986.0,2933.0,2983.0,2794.0,4095.0,4095.0,3021.0,2897.0,-7.53,5.69,0.97,-0.05,0.09,-0.08,1.0,see-you-later
2979.0,2937.0,2971.0,2813.0,4095.0,4095.0,3023.0,2902.0,-9.52,5.23,-0.11,-0.29,0.38,0.17,1.0,see-you-later
2960.0,2946.0,2976.0,2818.0,4095.0,4095.0,3011.0,2903.0,-12.0,5.04,-2.5,-1.17,0.23,1.67,1.0,see-you-later
2941.0,2950.0,2979.0,2831.0,4095.0,4095.0,3021.0,2907.0,-5.22,5.92,1.38,-2.13,0.09,2.56,1.0,see-you-later
2967.0,2943.0,2990.0,2818.0,4095.0,4095.0,3009.0,2865.0,5.62,4.98,15.22,-1.49,-0.07,1.54,1.0,see-you-later
2954.0,2957.0,2985.0,2759.0,4095.0,4095.0,2999.0,2858.0,-6.22,7.75,2.13,2.57,-0.3,-1.65,1.0,see-you-later
2990.0,2933.0,2983.0,2554.0,4095.0,3422.0,3050.0,2868.0,-3.74,9.89,-0.53,1.91,-3.81,-0.47,1.0,see-you-later
2998.0,2955.0,2983.0,2777.0,4095.0,2497.0,3054.0,2516.0,2.44,11.55,-0.31,0.99,-2.68,-0.4,1.0,see-you-later
2930.0,2977.0,2991.0,3318.0,4095.0,2327.0,3012.0,2498.0,14.69,10.51,-10.04,-5.15,-0.29,-7.18,1.0,see-you-later
2928.0,2957.0,2992.0,4095.0,4095.0,2412.0,3040.0,2847.0,-22.82,-14.72,3.68,3.3,-4.79,0.75,1.0,see-you-later
2927.0,2944.0,2985.0,4039.0,4095.0,2465.0,3033.0,2898.0,-7.13,2.44,6.37,-0.19,1.38,-0.18,1.0,see-you-later
2926.0,2949.0,2990.0,4049.0,4095.0,2477.0,3042.0,2915.0,-7.72,1.22,5.39,0.03,0.54,-0.06,1.0,see-you-later
2919.0,2953.0,2992.0,4051.0,4095.0,2482.0,3039.0,2922.0,-7.71,1.41,4.77,-0.0,-0.33,-0.02,1.0,see-you-later
2929.0,2955.0,2988.0,4058.0,4095.0,2490.0,3048.0,2927.0,-8.01,1.73,5.55,-0.08,-0.18,-0.05,1.0,see-you-later
2919.0,2938.0,2989.0,4053.0,4095.0,2496.0,3041.0,2918.0,-8.26,1.56,4.98,-0.05,-0.02,0.03,1.0,see-you-later
2922.0,2949.0,2991.0,4048.0,4095.0,2517.0,3031.0,2918.0,-8.15,1.56,5.15,-0.06,0.05,0.05,1.0,see-you-later
2919.0,2951.0,2981.0,4029.0,4095.0,2519.0,3055.0,2913.0,-8.26,1.52,5.21,-0.14,0.2,-0.01,1.0,see-you-later
2927.0,2951.0,2992.0,4062.0,4095.0,2522.0,3047.0,2918.0,-8.19,1.72,4.86,-0.13,0.17,0.01,1.0,see-you-later
2927.0,2953.0,2992.0,4027.0,4095.0,2534.0,3047.0,2914.0,-8.01,1.95,4.81,-0.01,0.02,0.1,1.0,see-you-later
2993.0,2928.0,3035.0,2769.0,4095.0,4095.0,2919.0,2399.0,-10.05,5.89,1.1,-0.53,0.24,0.48,1.0,see-you-later
2976.0,2932.0,3030.0,2727.0,4095.0,4095.0,2925.0,2435.0,-9.4,5.52,-0.44,-0.9,0.01,1.01,1.0,see-you-later
2971.0,2944.0,3035.0,2694.0,4095.0,4095.0,2941.0,2433.0,-9.52,3.82,-0.21,-1.59,-0.04,1.81,1.0,see-you-later
2963.0,2941.0,3039.0,2667.0,4095.0,4095.0,2933.0,2368.0,-2.91,3.99,3.55,-1.56,-0.43,2.49,1.0,see-you-later
2963.0,2945.0,3039.0,2684.0,4095.0,4095.0,2943.0,2371.0,6.91,7.64,12.96,0.64,-1.07,-0.18,1.0,see-you-later
2934.0,2954.0,3031.0,2663.0,4095.0,3833.0,2967.0,2339.0,-16.54,6.48,-2.5,4.13,-2.99,-0.92,1.0,see-you-later
2919.0,2975.0,3047.0,3156.0,4095.0,2320.0,2934.0,2186.0,-3.05,8.16,-1.79,2.1,-3.86,2.13,1.0,see-you-later
2915.0,2987.0,3047.0,3760.0,4095.0,2221.0,2892.0,2083.0,24.15,14.39,-17.4,-1.13,-0.65,-2.53,1.0,see-you-later
2919.0,2962.0,3053.0,4095.0,4095.0,2369.0,2985.0,2238.0,-26.94,-28.84,20.76,-6.64,5.75,-7.48,1.0,see-you-later
2912.0,2965.0,3047.0,4095.0,4095.0,2361.0,2923.0,2416.0,-8.47,4.87,4.35,-0.76,0.66,0.07,1.0,see-you-later
2913.0,2974.0,3045.0,4095.0,4095.0,2384.0,2941.0,2517.0,-8.15,2.87,5.32,-0.55,1.35,-0.41,1.0,see-you-later
2912.0,2967.0,3056.0,4095.0,4095.0,2400.0,2944.0,2544.0,-8.16,2.63,4.62,-0.19,0.43,-0.17,1.0,see-you-later
2917.0,2961.0,3057.0,4095.0,4095.0,2427.0,2960.0,2559.0,-8.71,2.77,4.67,-0.08,0.11,-0.07,1.0,see-you-later
2914.0,2954.0,3051.0,4095.0,4095.0,2432.0,2962.0,2559.0,-8.16,2.84,4.46,-0.14,0.04,0.01,1.0,see-you-later
2910.0,2962.0,3054.0,4095.0,4095.0,2438.0,2955.0,2559.0,-7.89,3.0,4.19,-0.15,0.06,-0.02,1.0,see-you-later
2922.0,2960.0,3046.0,4095.0,4095.0,2437.0,2961.0,2586.0,-8.0,2.65,4.04,-0.14,0.2,-0.07,1.0,see-you-later
2923.0,2971.0,3041.0,4095.0,4095.0,2448.0,2969.0,2559.0,-7.92,2.86,4.15,-0.18,0.07,-0.04,1.0,see-you-later
2928.0,2959.0,3053.0,4095.0,4095.0,2446.0,2976.0,2559.0,-8.09,2.74,4.45,-0.08,-0.08,-0.07,1.0,see-you-later
2921.0,2948.0,3041.0,4095.0,4095.0,2450.0,2962.0,2595.0,-8.04,2.58,4.4,-0.12,-0.02,-0.03,1.0,see-you-later
2905.0,2960.0,3046.0,4095.0,4095.0,2460.0,2978.0,2585.0,-8.14,2.71,4.24,-0.13,0.06,-0.03,1.0,see-you-later
2909.0,2947.0,2978.0,2923.0,4095.0,4095.0,2960.0,2284.0,-7.74,5.41,0.67,-0.04,0.16,0.07,1.0,see-you-later
2909.0,2935.0,2982.0,2915.0,4095.0,4095.0,2978.0,2315.0,-8.67,5.55,-0.1,0.0,0.06,0.07,1.0,see-you-later
2924.0,2939.0,2979.0,2881.0,4095.0,4095.0,2980.0,2278.0,-10.48,5.63,-1.51,-0.34,0.08,0.46,1.0,see-you-later
2930.0,2929.0,2986.0,2855.0,4095.0,4095.0,2976.0,2329.0,-12.93,4.08,-4.08,-1.53,-0.09,2.03,1.0,see-you-later
2945.0,2935.0,2985.0,2879.0,4095.0,4095.0,2975.0,1890.0,-2.67,4.59,5.18,-3.17,0.08,3.15,1.0,see-you-later
2944.0,2940.0,2981.0,2796.0,4095.0,4095.0,2981.0,2398.0,7.73,5.24,12.12,1.69,-1.55,-1.26,1.0,see-you-later
2964.0,2955.0,2976.0,2770.0,4095.0,4095.0,2987.0,2406.0,-18.92,6.81,-3.78,2.56,-4.08,-0.03,1.0,see-you-later
2993.0,2938.0,3004.0,2810.0,4095.0,2801.0,2990.0,2479.0,-0.74,8.61,-0.15,2.11,-6.42,1.47,1.0,see-you-later
2928.0,2960.0,2985.0,3327.0,4095.0,2335.0,2958.0,2127.0,20.83,14.19,-17.43,-1.6,0.08,-3.37,1.0,see-you-later
2935.0,2946.0,2995.0,4095.0,4095.0,2440.0,3039.0,2239.0,-29.61,-26.98,15.19,-5.9,6.58,-5.62,1.0,see-you-later
2929.0,2950.0,2987.0,4049.0,4095.0,2422.0,2970.0,2502.0,-8.83,3.69,6.17,-0.63,0.54,0.25,1.0,see-you-later
2915.0,2943.0,2992.0,4094.0,4095.0,2443.0,2988.0,2559.0,-8.12,2.22,5.1,-0.02,0.04,-0.18,1.0,see-you-later
2917.0,2960.0,2987.0,4082.0,4095.0,2454.0,2982.0,2589.0,-8.22,2.02,4.49,0.02,-0.29,-0.15,1.0,see-you-later
2928.0,2951.0,2990.0,4095.0,4095.0,2463.0,2993.0,2592.0,-8.28,2.33,4.76,-0.05,-0.34,-0.01,1.0,see-you-later
2949.0,2960.0,2992.0,4095.0,4095.0,2480.0,2992.0,2559.0,-8.06,2.24,4.73,-0.04,0.07,-0.06,1.0,see-you-later
2939.0,2945.0,2992.0,4095.0,4095.0,2476.0,2998.0,2590.0,-8.43,2.08,4.66,-0.05,0.02,-0.05,1.0,see-you-later
2934.0,2957.0,2992.0,4095.0,4095.0,2486.0,2999.0,2559.0,-8.41,1.96,4.26,-0.12,0.08,-0.04,1.0,see-you-later
2944.0,2957.0,3003.0,4095.0,4095.0,2491.0,2998.0,2559.0,-8.11,2.14,4.55,-0.13,0.12,-0.07,1.0,see-you-later
2953.0,2947.0,2983.0,4095.0,4095.0,2494.0,2997.0,2582.0,-8.2,2.16,4.45,-0.07,-0.05,-0.01,1.0,see-you-later
2939.0,2947.0,2983.0,4095.0,4095.0,2493.0,2992.0,2762.0,-8.26,2.03,4.33,-0.15,0.07,-0.02,1.0,see-you-later
2944.0,2938.0,2997.0,2822.0,4095.0,4095.0,2986.0,2455.0,-8.87,5.25,-0.12,-0.18,0.23,-0.11,1.0,see-you-later
2958.0,2938.0,2993.0,2813.0,4095.0,4095.0,2985.0,2438.0,-13.95,4.38,-2.66,-0.78,0.46,0.76,1.0,see-you-later
2949.0,2931.0,3008.0,2825.0,4095.0,4095.0,2983.0,2355.0,-9.44,4.48,-1.29,-1.77,0.17,2.6,1.0,see-you-later
2939.0,2945.0,2999.0,2832.0,4095.0,4095.0,2990.0,2349.0,-1.7,4.0,5.59,-2.6,-0.5,3.46,1.0,see-you-later
2943.0,2935.0,3001.0,2861.0,4095.0,4095.0,2975.0,2445.0,9.56,7.69,12.14,0.84,-0.85,-0.93,1.0,see-you-later
2933.0,2960.0,2992.0,2780.0,4095.0,4095.0,2991.0,2449.0,-13.09,6.62,-2.16,1.76,-0.63,-1.08,1.0,see-you-later
2944.0,2960.0,3008.0,2845.0,4095.0,3429.0,3019.0,2559.0,-6.76,8.78,0.66,1.22,-3.4,1.1,1.0,see-you-later
2908.0,3018.0,2996.0,3195.0,4095.0,2245.0,2951.0,2254.0,14.14,13.99,-6.28,0.96,-3.31,-0.41,1.0,see-you-later
2903.0,3005.0,3009.0,3922.0,4095.0,2247.0,2925.0,2329.0,-0.54,-10.45,2.36,-7.7,1.4,-7.79,1.0,see-you-later
2911.0,2975.0,2995.0,4095.0,4095.0,2304.0,2922.0,2445.0,-11.64,0.91,2.89,-0.16,1.52,0.23,1.0,see-you-later
2908.0,2970.0,3002.0,4095.0,4095.0,2334.0,2933.0,2511.0,-7.53,2.19,5.97,-0.12,0.4,-0.11,1.0,see-you-later
2911.0,2972.0,3001.0,4095.0,4095.0,2358.0,2945.0,2559.0,-7.95,2.02,3.97,-0.08,-0.02,0.01,1.0,see-you-later
2899.0,2971.0,2990.0,4095.0,4095.0,2367.0,2938.0,2544.0,-8.06,1.98,4.18,-0.08,0.01,-0.06,1.0,see-you-later
2908.0,2965.0,3015.0,4095.0,4095.0,2368.0,2955.0,2548.0,-8.18,1.99,4.64,0.06,-0.15,-0.09,1.0,see-you-later
2906.0,2960.0,3006.0,4095.0,4095.0,2379.0,2957.0,2559.0,-8.36,1.77,4.07,-0.08,0.05,-0.06,1.0,see-you-later
2895.0,2970.0,2996.0,4095.0,4095.0,2384.0,2959.0,2589.0,-8.25,1.85,4.3,-0.1,0.05,-0.07,1.0,see-you-later
2901.0,2960.0,3007.0,4095.0,4095.0,2389.0,2963.0,2559.0,-8.45,1.56,4.21,-0.09,-0.02,-0.06,1.0,see-you-later
2913.0,2971.0,3008.0,4095.0,4095.0,2405.0,2958.0,2559.0,-8.44,1.65,4.34,-0.1,0.03,-0.01,1.0,see-you-later
2913.0,2966.0,3013.0,4095.0,4095.0,2401.0,2959.0,2597.0,-8.43,1.75,4.24,-0.08,0.02,0.03,1.0,see-you-later
2915.0,2961.0,2992.0,4095.0,4095.0,2413.0,2965.0,2591.0,-8.4,1.61,4.11,-0.04,0.05,0.03,1.0,see-you-later
2942.0,2945.0,2989.0,2906.0,4095.0,4095.0,2992.0,2450.0,-8.02,4.97,1.37,-0.1,0.09,-0.1,1.0,see-you-later
2937.0,2939.0,2997.0,2907.0,4095.0,4095.0,2989.0,2449.0,-8.63,4.76,0.73,-0.19,0.39,-0.03,1.0,see-you-later
2943.0,2935.0,2989.0,2887.0,4095.0,4095.0,2992.0,2421.0,-15.18,2.74,-3.27,-0.79,0.99,0.95,1.0,see-you-later
2939.0,2953.0,2999.0,2871.0,4095.0,4095.0,2998.0,2445.0,-10.78,3.76,-2.44,-2.3,0.34,3.0,1.0,see-you-later
2944.0,2935.0,2989.0,2855.0,4095.0,4095.0,2992.0,2390.0,5.4,5.97,8.63,-2.43,-1.1,3.56,1.0,see-you-later
2949.0,2944.0,2998.0,2799.0,4095.0,4095.0,2977.0,2482.0,9.09,6.56,11.54,1.69,-0.74,-1.73,1.0,see-you-later
2939.0,2951.0,2992.0,2749.0,4095.0,4095.0,2993.0,2535.0,-12.4,7.69,-3.98,1.36,-1.26,-1.11,1.0,see-you-later
2939.0,2943.0,3005.0,2775.0,4095.0,4095.0,3022.0,2559.0,-5.76,8.15,1.63,1.05,-2.19,0.64,1.0,see-you-later
2928.0,2967.0,2998.0,2849.0,4095.0,2337.0,2982.0,2288.0,14.04,15.39,-6.39,0.97,-4.52,-1.32,1.0,see-you-later
2933.0,2960.0,2993.0,3952.0,4095.0,2291.0,2996.0,2286.0,-21.73,-34.2,18.49,-8.15,6.81,-8.73,1.0,see-you-later
2912.0,2959.0,2998.0,4095.0,4095.0,2273.0,2930.0,2544.0,-8.15,3.67,4.67,-0.58,-0.31,0.2,1.0,see-you-later
2916.0,2951.0,2994.0,4047.0,4095.0,2327.0,2950.0,2559.0,-8.12,1.56,5.78,0.04,-0.59,0.13,1.0,see-you-later
2929.0,2945.0,2999.0,4049.0,4095.0,2334.0,2958.0,2580.0,-7.39,1.24,4.7,-0.42,0.3,-0.04,1.0,see-you-later
2913.0,2954.0,2992.0,4030.0,4095.0,2352.0,2959.0,2617.0,-8.27,1.41,4.49,-0.38,0.93,-0.16,1.0,see-you-later
2911.0,2958.0,3011.0,4043.0,4095.0,2361.0,2962.0,2624.0,-8.47,1.63,4.94,-0.2,0.29,-0.02,1.0,see-you-later
2915.0,2949.0,3005.0,4010.0,4095.0,2372.0,2960.0,2621.0,-8.66,1.52,4.15,-0.02,0.09,-0.05,1.0,see-you-later
2925.0,2947.0,3006.0,4021.0,4095.0,2383.0,2966.0,2632.0,-8.65,1.62,4.07,-0.14,-0.0,-0.07,1.0,see-you-later
2907.0,2960.0,2991.0,4048.0,4095.0,2384.0,2960.0,2639.0,-8.24,1.75,4.06,-0.1,0.05,-0.02,1.0,see-you-later
2924.0,2955.0,3001.0,4049.0,4095.0,2395.0,2970.0,2639.0,-8.29,1.85,4.35,-0.19,0.1,0.01,1.0,see-you-later
2917.0,2960.0,2997.0,4043.0,4095.0,2400.0,2967.0,2638.0,-8.02,1.52,3.98,-0.09,0.01,-0.01,1.0,see-you-later
2962.0,2943.0,2992.0,2876.0,4095.0,4095.0,3013.0,2559.0,-7.33,6.4,0.37,-0.09,0.11,0.1,1.0,see-you-later
2960.0,2954.0,2993.0,2874.0,4095.0,4095.0,3010.0,2559.0,-7.57,6.42,-0.11,-0.29,0.23,0.2,1.0,see-you-later
2960.0,2956.0,2992.0,2855.0,4095.0,4095.0,3005.0,2597.0,-11.77,5.44,-2.28,-0.69,0.47,0.75,1.0,see-you-later
2961.0,2948.0,2979.0,2861.0,4095.0,4095.0,3013.0,2559.0,-8.21,5.8,-1.16,-1.74,0.03,2.38,1.0,see-you-later
2945.0,2947.0,2987.0,2833.0,4095.0,4095.0,3008.0,2613.0,5.23,7.47,7.57,-1.53,-0.36,2.25,1.0,see-you-later
2943.0,2949.0,2992.0,2810.0,4095.0,4095.0,3022.0,2559.0,-2.55,7.32,9.4,2.03,-0.42,-1.65,1.0,see-you-later
2970.0,2958.0,3007.0,2826.0,4095.0,3690.0,2998.0,2610.0,-6.75,8.88,-3.39,1.99,-2.46,-0.35,1.0,see-you-later
3037.0,2956.0,2987.0,2834.0,4095.0,2448.0,3013.0,2640.0,-0.16,10.8,1.1,0.73,-3.43,-0.06,1.0,see-you-later
2959.0,2949.0,2986.0,3198.0,4095.0,2298.0,2969.0,2242.0,20.27,16.47,-11.95,-2.4,-1.46,-4.9,1.0,see-you-later
2958.0,2932.0,2994.0,3983.0,4095.0,2390.0,3010.0,2554.0,-25.01,-23.75,8.94,0.13,-0.0,-2.83,1.0,see-you-later
2937.0,2929.0,3005.0,4080.0,4095.0,2381.0,2994.0,2589.0,-8.27,0.32,7.49,-0.99,0.59,-0.01,1.0,see-you-later
2919.0,2945.0,2993.0,4065.0,4095.0,2406.0,2994.0,2626.0,-8.25,0.75,4.77,-0.08,0.6,0.1,1.0,see-you-later
2934.0,2936.0,3005.0,4063.0,4095.0,2418.0,2999.0,2642.0,-8.1,1.18,4.81,-0.02,0.09,0.04,1.0,see-you-later
2937.0,2944.0,3001.0,4049.0,4095.0,2430.0,3015.0,2654.0,-8.15,1.39,5.11,-0.07,0.2,-0.0,1.0,see-you-later
2926.0,2939.0,2992.0,4041.0,4095.0,2435.0,3013.0,2647.0,-7.9,1.33,4.32,-0.09,0.09,-0.06,1.0,see-you-later
2918.0,2957.0,2999.0,4023.0,4095.0,2449.0,3009.0,2646.0,-8.36,1.06,4.95,-0.01,0.13,-0.08,1.0,see-you-later
2957.0,2939.0,3006.0,4013.0,4095.0,2448.0,3005.0,2643.0,-8.64,1.23,4.58,0.01,0.01,-0.08,1.0,see-you-later
2947.0,2942.0,2992.0,4023.0,4095.0,2449.0,3009.0,2654.0,-8.67,0.95,4.62,-0.06,-0.09,-0.04,1.0,see-you-later
2956.0,2947.0,3003.0,4026.0,4095.0,2448.0,3010.0,2657.0,-8.53,1.1,4.62,-0.02,-0.1,-0.02,1.0,see-you-later
2939.0,2947.0,3006.0,4030.0,4095.0,2454.0,3011.0,2642.0,-8.2,0.98,4.57,-0.05,-0.15,0.0,1.0,see-you-later
2958.0,2950.0,2983.0,2722.0,4095.0,4095.0,3004.0,2608.0,-7.89,5.47,0.63,-0.17,0.09,0.1,1.0,see-you-later
2959.0,2941.0,2992.0,2736.0,4095.0,4095.0,3008.0,2606.0,-7.81,5.32,0.95,-0.17,0.2,0.02,1.0,see-you-later
2953.0,2949.0,2975.0,2752.0,4095.0,4095.0,3013.0,2601.0,-10.25,4.92,-0.7,-0.39,0.45,0.36,1.0,see-you-later
2963.0,2937.0,2992.0,2753.0,4095.0,4095.0,3013.0,2615.0,-11.94,4.59,-1.62,-1.02,0.69,1.52,1.0,see-you-later
2963.0,2955.0,2997.0,2734.0,4095.0,4095.0,3019.0,2615.0,-6.87,6.5,-0.69,-1.78,-0.49,2.42,1.0,see-you-later
2957.0,2951.0,2981.0,2742.0,4095.0,4095.0,3012.0,2480.0,3.91,6.9,10.61,-1.77,-0.96,1.49,1.0,see-you-later
2958.0,2947.0,2985.0,2679.0,4095.0,4095.0,3008.0,2467.0,1.15,7.37,10.66,1.83,-1.56,-1.36,1.0,see-you-later
2959.0,2951.0,2993.0,2738.0,4095.0,4095.0,3008.0,2444.0,-9.26,7.12,-3.42,1.67,-1.92,-1.36,1.0,see-you-later
3058.0,2929.0,2998.0,2880.0,4095.0,2997.0,3034.0,2614.0,-5.48,8.33,1.99,1.55,-3.13,-0.22,1.0,see-you-later
2992.0,2951.0,2995.0,3022.0,4095.0,2286.0,3007.0,2537.0,12.33,17.31,-6.22,-0.64,-1.94,-2.2,1.0,see-you-later
2958.0,2951.0,2980.0,4049.0,4095.0,2380.0,3023.0,2647.0,-15.97,-24.36,13.97,-4.84,1.59,-5.94,1.0,see-you-later
2939.0,2951.0,2985.0,4052.0,4095.0,2370.0,3002.0,2667.0,-10.62,1.05,4.99,-0.87,2.76,0.09,1.0,see-you-later
2939.0,2946.0,3005.0,4095.0,4095.0,2390.0,3008.0,2677.0,-8.44,1.37,5.17,-0.26,1.01,0.04,1.0,see-you-later
2931.0,2928.0,2994.0,4057.0,4095.0,2409.0,3008.0,2690.0,-8.12,1.47,4.56,-0.16,0.28,0.07,1.0,see-you-later
2944.0,2955.0,3002.0,4083.0,4095.0,2420.0,3017.0,2695.0,-8.14,1.41,4.66,-0.22,0.02,-0.02,1.0,see-you-later
2935.0,2942.0,2987.0,4095.0,4095.0,2446.0,3015.0,2691.0,-7.94,1.77,4.87,-0.18,0.03,-0.03,1.0,see-you-later
2928.0,2943.0,2989.0,4095.0,4095.0,2451.0,3028.0,2673.0,-8.26,1.55,4.35,-0.14,0.11,-0.02,1.0,see-you-later
2928.0,2945.0,2994.0,4095.0,4095.0,2460.0,3022.0,2670.0,-8.07,1.34,4.61,-0.12,0.09,-0.0,1.0,see-you-later
2921.0,2954.0,2991.0,4095.0,4095.0,2461.0,3024.0,2674.0,-8.45,1.04,4.7,-0.05,0.0,-0.01,1.0,see-you-later
2942.0,2951.0,2999.0,4095.0,4095.0,2462.0,3023.0,2672.0,-8.25,1.53,4.64,-0.14,0.14,-0.02,1.0,see-you-later
2939.0,2933.0,2995.0,2887.0,4095.0,4095.0,3047.0,2685.0,-7.11,6.43,0.65,-0.13,-0.05,0.02,1.0,see-you-later
2938.0,2929.0,2983.0,2869.0,4095.0,4095.0,3056.0,2685.0,-6.92,6.35,0.66,0.01,-0.04,0.03,1.0,see-you-later
2928.0,2928.0,2987.0,2866.0,4095.0,4095.0,3056.0,2671.0,-7.84,6.25,0.48,0.01,0.03,-0.07,1.0,see-you-later
2934.0,2943.0,2992.0,2873.0,4095.0,4095.0,3059.0,2666.0,-9.5,5.96,-0.39,-0.18,-0.02,0.28,1.0,see-you-later
2939.0,2947.0,2989.0,2862.0,4095.0,4095.0,3055.0,2687.0,-13.06,4.78,-4.01,-0.88,-0.02,1.66,1.0,see-you-later
2950.0,2941.0,2982.0,2862.0,4095.0,4095.0,3056.0,2682.0,-1.94,4.98,0.93,-2.77,-0.24,3.03,1.0,see-you-later
2960.0,2942.0,2992.0,2871.0,4095.0,4095.0,3046.0,2684.0,8.54,8.0,15.21,0.94,-0.47,-0.71,1.0,see-you-later
2954.0,2937.0,2985.0,2820.0,4095.0,4095.0,3045.0,2673.0,-10.05,7.79,-2.15,1.58,-0.51,-1.41,1.0,see-you-later
2964.0,2944.0,2982.0,2933.0,4095.0,3622.0,3088.0,2685.0,-5.26,8.18,2.0,1.0,-2.84,-0.03,1.0,see-you-later
2942.0,2946.0,2987.0,2935.0,4095.0,2416.0,3031.0,2277.0,15.0,17.54,-4.2,0.65,-3.88,-2.01,1.0,see-you-later
2953.0,2950.0,2996.0,3648.0,4095.0,2341.0,3034.0,2559.0,-6.75,-12.27,9.69,-5.39,0.69,-8.05,1.0,see-you-later
2943.0,2942.0,2992.0,3926.0,4095.0,2375.0,3013.0,2409.0,-10.81,0.47,3.16,0.24,-0.72,0.38,1.0,see-you-later
2937.0,2935.0,2992.0,3977.0,4095.0,2416.0,3019.0,2506.0,-8.55,1.57,5.43,-0.2,0.11,-0.01,1.0,see-you-later
2930.0,2945.0,2993.0,3981.0,4095.0,2431.0,3030.0,2602.0,-8.17,1.2,4.19,0.01,0.04,-0.14,1.0,see-you-later
2947.0,2942.0,2989.0,4003.0,4095.0,2433.0,3033.0,2624.0,-8.14,1.3,4.73,-0.14,0.05,-0.02,1.0,see-you-later
2939.0,2941.0,2991.0,4012.0,4095.0,2448.0,3034.0,2638.0,-8.38,1.53,4.84,-0.19,0.17,-0.09,1.0,see-you-later
2944.0,2941.0,2986.0,3996.0,4095.0,2451.0,3039.0,2653.0,-8.26,1.37,4.43,-0.05,0.08,0.01,1.0,see-you-later
2955.0,2945.0,2999.0,4032.0,4095.0,2463.0,3041.0,2640.0,-8.47,1.19,4.52,-0.07,-0.01,-0.02,1.0,see-you-later
2930.0,2949.0,2978.0,4048.0,4095.0,2463.0,3030.0,2641.0,-8.36,1.65,4.54,0.05,-0.09,-0.04,1.0,see-you-later
2933.0,2944.0,2986.0,4058.0,4095.0,2470.0,3034.0,2663.0,-8.67,1.3,4.56,-0.08,-0.03,-0.01,1.0,see-you-later
2967.0,2945.0,2985.0,2873.0,4095.0,4095.0,3022.0,2662.0,-7.25,6.48,0.13,-0.09,-0.03,-0.01,1.0,see-you-later
2964.0,2944.0,2995.0,2890.0,4095.0,4095.0,3022.0,2671.0,-8.37,6.44,-0.61,-0.08,-0.01,0.11,1.0,see-you-later
2962.0,2943.0,2981.0,2886.0,4095.0,4095.0,3026.0,2649.0,-11.73,5.86,-2.53,-0.57,0.01,0.98,1.0,see-you-later
2975.0,2949.0,2991.0,2879.0,4095.0,4095.0,3024.0,2654.0,-7.05,5.82,-1.82,-1.7,-0.02,2.24,1.0,see-you-later
2966.0,2943.0,2983.0,2864.0,4095.0,4095.0,3011.0,2559.0,2.05,7.29,5.91,-2.5,0.02,2.44,1.0,see-you-later
2973.0,2945.0,2993.0,2865.0,4095.0,4095.0,3004.0,2554.0,4.88,8.03,10.34,0.83,-0.5,-0.68,1.0,see-you-later
2960.0,2945.0,2987.0,2797.0,4095.0,4095.0,3012.0,2649.0,-9.65,6.73,-1.85,1.36,-0.69,-1.48,1.0,see-you-later
2987.0,2945.0,2989.0,2835.0,4095.0,4095.0,3024.0,2673.0,-7.07,7.88,1.75,0.52,-0.55,0.29,1.0,see-you-later
2996.0,2940.0,2982.0,2781.0,4095.0,2778.0,3037.0,2591.0,9.3,13.57,-0.4,2.06,-7.43,-1.52,1.0,see-you-later
2965.0,2939.0,2981.0,3793.0,4095.0,3214.0,3071.0,2381.0,-7.3,-17.81,10.75,-6.32,0.8,-8.73,1.0,see-you-later
2917.0,2934.0,2982.0,3969.0,4095.0,2544.0,3079.0,2448.0,-10.86,0.17,3.12,-0.05,-0.54,0.75,1.0,see-you-later
2929.0,2930.0,2995.0,4052.0,4095.0,2435.0,3038.0,2503.0,-8.7,-0.03,5.83,0.03,-0.39,0.21,1.0,see-you-later
2924.0,2925.0,2987.0,4080.0,4095.0,2373.0,3024.0,2479.0,-8.21,0.56,4.89,-0.03,0.01,0.12,1.0,see-you-later
2933.0,2933.0,2990.0,4095.0,4095.0,2384.0,3035.0,2496.0,-8.0,0.55,4.85,-0.08,0.12,-0.02,1.0,see-you-later
2928.0,2943.0,2993.0,4095.0,4095.0,2417.0,3038.0,2501.0,-8.41,0.74,5.35,-0.09,0.01,-0.03,1.0,see-you-later
2937.0,2934.0,2990.0,4082.0,4095.0,2427.0,3029.0,2786.0,-8.43,0.75,4.67,0.0,0.03,0.06,1.0,see-you-later
2923.0,2941.0,2992.0,4095.0,4095.0,2435.0,3045.0,2832.0,-7.98,1.06,4.89,-0.11,0.1,0.07,1.0,see-you-later
2911.0,2938.0,2985.0,4077.0,4095.0,2444.0,3039.0,2863.0,-8.25,0.98,4.9,-0.04,-0.01,-0.02,1.0,see-you-later
2930.0,2942.0,2992.0,4030.0,4095.0,2430.0,3041.0,2871.0,-8.29,0.76,4.85,-0.15,0.2,0.03,1.0,see-you-later
2917.0,2939.0,2997.0,4021.0,4095.0,2442.0,3039.0,2870.0,-8.29,0.97,4.88,-0.12,0.13,0.04,1.0,see-you-later
3004.0,2960.0,2974.0,3155.0,4095.0,4095.0,3152.0,2766.0,-8.38,4.68,3.2,-0.31,1.05,0.13,1.0,see-you-later
2992.0,2954.0,2986.0,3025.0,4095.0,4095.0,3071.0,2602.0,-8.07,5.16,1.74,-0.62,1.31,0.53,1.0,see-you-later
3024.0,2942.0,2983.0,2672.0,4095.0,4095.0,3024.0,2559.0,-7.89,5.3,1.36,-0.48,1.0,0.48,1.0,see-you-later
3049.0,2945.0,2986.0,2709.0,4095.0,4095.0,3007.0,2538.0,-9.49,4.74,-0.34,-0.28,0.76,0.3,1.0,see-you-later
3191.0,2939.0,2983.0,2673.0,4095.0,4095.0,2997.0,2559.0,-13.81,3.35,-3.57,-1.23,0.59,2.06,1.0,see-you-later
3187.0,2943.0,2981.0,2650.0,4095.0,4095.0,3003.0,2599.0,-5.47,5.18,-1.05,-2.45,0.09,3.26,1.0,see-you-later
3472.0,2944.0,2979.0,2699.0,4095.0,4095.0,3021.0,2816.0,15.95,5.89,23.01,-0.73,-1.33,0.42,1.0,see-you-later
3046.0,2939.0,2981.0,2625.0,4095.0,4095.0,3003.0,2591.0,-6.49,7.5,1.31,2.12,-1.12,-1.92,1.0,see-you-later
3088.0,2955.0,2992.0,2719.0,4095.0,3517.0,3049.0,2591.0,-7.0,8.38,0.54,1.61,-3.11,-0.37,1.0,see-you-later
2946.0,2960.0,2992.0,3122.0,4095.0,2287.0,2992.0,1968.0,14.35,16.32,-3.18,0.28,-3.49,-1.34,1.0,see-you-later
2931.0,2941.0,2992.0,3884.0,4095.0,2227.0,2979.0,2672.0,-5.89,-10.29,5.3,-5.97,2.98,-8.06,1.0,see-you-later
2942.0,2938.0,2992.0,3965.0,4095.0,2295.0,2972.0,2833.0,-12.01,-0.04,3.16,-0.31,1.18,-0.01,1.0,see-you-later
2941.0,2955.0,2990.0,3903.0,4095.0,2323.0,2992.0,2892.0,-8.83,1.49,5.15,0.01,0.15,-0.16,1.0,see-you-later
2940.0,2944.0,2988.0,3966.0,4095.0,2349.0,3003.0,2844.0,-8.71,1.51,3.75,0.06,-0.1,0.02,1.0,see-you-later
2935.0,2948.0,2982.0,3968.0,4095.0,2367.0,3008.0,2864.0,-8.37,1.6,4.19,-0.12,0.06,-0.02,1.0,see-you-later
2918.0,2951.0,2998.0,3966.0,4095.0,2378.0,3005.0,2882.0,-8.56,1.63,4.51,-0.13,0.11,-0.04,1.0,see-you-later
2938.0,2954.0,2993.0,3952.0,4095.0,2384.0,2997.0,2889.0,-8.43,1.5,4.36,-0.03,-0.01,-0.01,1.0,see-you-later
2938.0,2942.0,3002.0,3973.0,4095.0,2385.0,2997.0,2899.0,-8.44,1.49,4.08,-0.1,0.04,-0.02,1.0,see-you-later
2941.0,2949.0,2991.0,3983.0,4095.0,2400.0,3003.0,2889.0,-8.56,1.57,4.3,-0.09,0.05,-0.04,1.0,see-you-later
2943.0,2930.0,2995.0,3971.0,4095.0,2402.0,3010.0,2901.0,-8.67,1.52,4.23,-0.06,0.06,-0.02,1.0,see-you-later
2934.0,2940.0,2978.0,3003.0,4095.0,4095.0,3088.0,2546.0,-7.94,5.32,0.51,-0.06,0.04,-0.08,1.0,see-you-later
2941.0,2933.0,2990.0,2992.0,4095.0,4095.0,3088.0,2550.0,-8.31,5.32,-0.06,-0.08,0.2,-0.05,1.0,see-you-later
2939.0,2929.0,2981.0,2991.0,4095.0,4095.0,3071.0,2559.0,-11.5,4.13,-2.07,-0.47,0.15,0.36,1.0,see-you-later
2948.0,2929.0,2983.0,2987.0,4095.0,4095.0,3088.0,2548.0,-11.04,4.62,-2.45,-1.66,0.29,1.96,1.0,see-you-later
2935.0,2931.0,2981.0,2992.0,4095.0,4095.0,3088.0,2495.0,-4.5,5.2,3.05,-1.97,-0.02,2.27,1.0,see-you-later
2933.0,2948.0,2983.0,3013.0,4095.0,4095.0,3088.0,2559.0,2.86,7.57,7.85,-1.53,0.52,1.49,1.0,see-you-later
2928.0,2937.0,2983.0,2998.0,4095.0,4095.0,3088.0,2603.0,0.48,8.54,11.04,1.34,-0.84,-0.66,1.0,see-you-later
2957.0,2950.0,2975.0,3002.0,4095.0,4095.0,3061.0,2595.0,-12.35,6.58,-4.29,2.15,-2.74,-1.21,1.0,see-you-later
2960.0,2943.0,2998.0,3056.0,4095.0,2475.0,3053.0,2542.0,-1.29,9.73,2.6,1.19,-3.24,-0.11,1.0,see-you-later
2931.0,2949.0,2997.0,3063.0,4095.0,2256.0,2993.0,2317.0,18.11,15.36,-8.25,-1.81,-1.48,-3.7,1.0,see-you-later
2925.0,2944.0,2992.0,3867.0,4095.0,2291.0,3019.0,2790.0,-27.89,-25.05,9.37,-1.38,2.0,-3.52,1.0,see-you-later
2907.0,2944.0,2985.0,3921.0,4095.0,2307.0,2992.0,2818.0,-8.22,3.16,5.68,-0.69,0.47,0.05,1.0,see-you-later
2928.0,2951.0,2993.0,3927.0,4095.0,2343.0,3007.0,2896.0,-8.89,1.97,4.33,-0.03,0.42,-0.1,1.0,see-you-later
2918.0,2942.0,2992.0,3933.0,4095.0,2352.0,3004.0,2896.0,-7.97,2.1,4.54,-0.23,0.19,-0.08,1.0,see-you-later
2925.0,2954.0,2999.0,3913.0,4095.0,2371.0,3004.0,2907.0,-8.26,2.05,4.94,-0.22,0.07,-0.04,1.0,see-you-later
2917.0,2948.0,2990.0,3922.0,4095.0,2380.0,3012.0,2918.0,-8.52,1.84,4.64,-0.17,0.07,-0.05,1.0,see-you-later
2916.0,2946.0,2992.0,3873.0,4095.0,2387.0,3008.0,2913.0,-8.35,2.01,4.05,-0.11,0.01,-0.04,1.0,see-you-later
2918.0,2953.0,2997.0,3882.0,4095.0,2390.0,3003.0,2915.0,-8.31,2.02,4.3,-0.02,-0.1,-0.06,1.0,see-you-later
2927.0,2947.0,2993.0,3872.0,4095.0,2402.0,3006.0,2929.0,-8.37,1.98,4.24,-0.1,-0.05,-0.02,1.0,see-you-later
2928.0,2946.0,2986.0,3871.0,4095.0,2406.0,3008.0,2943.0,-8.23,1.96,4.31,-0.02,-0.05,-0.07,1.0,see-you-later
2935.0,2944.0,2982.0,2909.0,4095.0,4095.0,3058.0,2860.0,-8.21,5.65,-1.32,-0.01,0.15,-0.15,1.0,see-you-later
2935.0,2942.0,2992.0,2902.0,4095.0,4095.0,3054.0,2868.0,-10.38,5.29,-2.69,-0.42,0.1,0.3,1.0,see-you-later
2942.0,2941.0,2978.0,2910.0,4095.0,4095.0,3057.0,2885.0,-12.43,4.49,-4.56,-1.7,0.01,1.69,1.0,see-you-later
2961.0,2945.0,2976.0,2895.0,4095.0,4095.0,3035.0,2833.0,-6.28,4.4,1.04,-2.88,0.03,3.27,1.0,see-you-later
2955.0,2930.0,2981.0,2901.0,4095.0,4095.0,3027.0,2803.0,15.34,8.04,18.92,-0.07,-0.93,-0.12,1.0,see-you-later
2951.0,2951.0,2989.0,2816.0,4095.0,4095.0,3031.0,2900.0,-10.34,6.81,-0.13,1.63,-1.06,-1.52,1.0,see-you-later
3008.0,2957.0,2989.0,2991.0,4095.0,3403.0,3071.0,2935.0,-7.58,8.62,0.2,1.57,-2.93,0.01,1.0,see-you-later
2993.0,2955.0,2987.0,2841.0,4095.0,2298.0,2992.0,2586.0,1.83,11.13,0.53,1.53,-2.75,0.0,1.0,see-you-later
2927.0,2950.0,2977.0,3328.0,4095.0,2223.0,2971.0,2559.0,15.15,8.8,-6.65,-4.13,-1.49,-7.32,1.0,see-you-later
2942.0,2945.0,2995.0,3977.0,4095.0,2289.0,2989.0,2838.0,-18.53,-7.45,0.79,3.32,-6.59,0.92,1.0,see-you-later
2934.0,2941.0,2984.0,3978.0,4095.0,2329.0,2997.0,2912.0,-8.81,1.53,6.29,-0.62,1.12,-0.22,1.0,see-you-later
2935.0,2941.0,2993.0,3968.0,4095.0,2349.0,2995.0,2913.0,-8.88,1.82,4.67,-0.07,0.59,-0.04,1.0,see-you-later
2928.0,2947.0,2977.0,3989.0,4095.0,2352.0,2985.0,2922.0,-8.75,1.52,4.28,-0.04,0.2,-0.01,1.0,see-you-later
2913.0,2957.0,2993.0,3947.0,4095.0,2366.0,2996.0,2928.0,-8.25,2.03,4.23,-0.13,-0.18,-0.06,1.0,see-you-later
2926.0,2953.0,2986.0,3975.0,4095.0,2357.0,3003.0,2946.0,-8.26,2.08,4.08,-0.13,0.05,0.06,1.0,see-you-later
2936.0,2946.0,2989.0,3945.0,4095.0,2359.0,3006.0,2941.0,-8.2,2.03,4.09,0.0,0.05,-0.08,1.0,see-you-later
2918.0,2935.0,2992.0,3930.0,4095.0,2370.0,3003.0,2928.0,-8.36,2.0,3.83,-0.07,0.07,-0.05,1.0,see-you-later
2907.0,2949.0,2978.0,3922.0,4095.0,2390.0,3009.0,2907.0,-8.57,2.12,4.24,-0.14,0.09,-0.07,1.0,see-you-later
2926.0,2950.0,2995.0,3911.0,4095.0,2397.0,3002.0,2914.0,-8.71,2.03,3.84,0.11,0.04,-0.05,1.0,see-you-later
2923.0,2943.0,2991.0,3838.0,4095.0,2403.0,3007.0,2915.0,-8.52,1.98,4.13,-0.08,-0.02,-0.03,1.0,see-you-later
2945.0,2939.0,2987.0,2798.0,4095.0,4095.0,3039.0,2672.0,-7.51,5.47,-0.22,-0.16,0.04,-0.05,1.0,see-you-later
2970.0,2960.0,2984.0,2793.0,4095.0,4095.0,3042.0,2641.0,-9.83,4.71,-1.54,-0.32,0.33,0.1,1.0,see-you-later
3015.0,2956.0,2982.0,2768.0,4095.0,4095.0,3033.0,2545.0,-12.91,3.83,-4.59,-1.2,-0.06,1.66,1.0,see-you-later
3019.0,2947.0,2977.0,2753.0,4095.0,4095.0,3033.0,2558.0,-7.57,4.23,-0.2,-2.49,-0.03,3.61,1.0,see-you-later
3119.0,2943.0,2971.0,2715.0,4095.0,4095.0,3011.0,2507.0,15.61,7.16,15.41,-2.15,-0.76,1.72,1.0,see-you-later
3027.0,2945.0,2987.0,2670.0,4095.0,4095.0,2992.0,2618.0,-5.28,6.26,4.57,2.4,-0.32,-2.58,1.0,see-you-later
2992.0,2952.0,2975.0,2799.0,4095.0,4095.0,3045.0,2641.0,-9.67,8.18,-0.6,1.28,-1.95,0.03,1.0,see-you-later
3069.0,2944.0,2987.0,2783.0,4095.0,2542.0,3050.0,2624.0,3.91,12.28,2.02,1.78,-4.31,-0.78,1.0,see-you-later
2949.0,2961.0,2992.0,3382.0,4095.0,2270.0,2990.0,2589.0,10.86,6.56,-3.22,-3.77,-0.84,-7.18,1.0,see-you-later
2944.0,2950.0,2983.0,3759.0,4095.0,2277.0,3008.0,2874.0,-19.77,-9.14,2.2,1.51,-3.13,0.15,1.0,see-you-later
2933.0,2947.0,2992.0,3676.0,4095.0,2332.0,3006.0,2957.0,-8.49,1.24,6.34,-0.1,-0.32,-0.06,1.0,see-you-later
2927.0,2941.0,2989.0,3712.0,4095.0,2347.0,3020.0,2960.0,-8.74,1.76,3.9,-0.03,-0.01,-0.06,1.0,see-you-later
2921.0,2949.0,2991.0,3729.0,4095.0,2362.0,3014.0,2960.0,-8.4,1.56,4.33,-0.18,0.31,-0.03,1.0,see-you-later
2928.0,2956.0,2976.0,3750.0,4095.0,2364.0,3024.0,2962.0,-8.79,1.51,4.5,-0.15,0.06,-0.07,1.0,see-you-later
2926.0,2955.0,2990.0,3776.0,4095.0,2383.0,3024.0,2973.0,-8.75,1.46,4.48,-0.14,0.17,-0.02,1.0,see-you-later
2925.0,2956.0,2985.0,3829.0,4095.0,2384.0,3026.0,2991.0,-8.5,1.43,4.41,-0.05,0.03,-0.03,1.0,see-you-later
2914.0,2969.0,2992.0,3807.0,4095.0,2395.0,3021.0,2979.0,-8.68,1.32,4.33,-0.07,-0.0,-0.0,1.0,see-you-later
2917.0,2954.0,2978.0,3848.0,4095.0,2399.0,3011.0,2992.0,-8.43,1.53,4.3,-0.12,0.08,0.01,1.0,see-you-later
2938.0,2945.0,2988.0,3822.0,4095.0,2407.0,3023.0,2979.0,-8.54,1.46,4.43,-0.07,0.02,-0.03,1.0,see-you-later
2933.0,2955.0,2988.0,3819.0,4095.0,2407.0,3027.0,2988.0,-8.45,1.39,4.19,-0.14,0.17,-0.04,1.0,see-you-later
2990.0,2928.0,2986.0,2847.0,4095.0,4095.0,3060.0,2512.0,-8.23,4.68,0.18,-0.14,0.13,-0.02,1.0,see-you-later
2983.0,2943.0,2989.0,2858.0,4095.0,4095.0,3061.0,2521.0,-10.73,3.83,0.03,-0.35,0.38,0.35,1.0,see-you-later
2963.0,2941.0,2987.0,2846.0,4095.0,4095.0,3059.0,2493.0,-13.61,2.92,-1.82,-0.87,0.54,2.01,1.0,see-you-later
2966.0,2949.0,2975.0,2850.0,4095.0,4095.0,3056.0,2506.0,-6.03,4.67,-1.04,-1.92,0.44,3.15,1.0,see-you-later
2975.0,2933.0,2982.0,2834.0,4095.0,4095.0,3034.0,2608.0,6.89,7.83,12.18,-2.09,0.12,2.47,1.0,see-you-later
2966.0,2951.0,2997.0,2795.0,4095.0,4095.0,3017.0,2667.0,1.34,7.09,5.81,2.67,-0.57,-2.42,1.0,see-you-later
2970.0,2949.0,2979.0,2789.0,4095.0,4095.0,3031.0,2639.0,-10.18,7.58,-2.63,0.21,-0.53,-0.42,1.0,see-you-later
2983.0,2944.0,2983.0,2770.0,4095.0,4095.0,3088.0,2715.0,-2.08,9.92,3.38,1.3,-2.48,-0.35,1.0,see-you-later
2923.0,2954.0,2992.0,2891.0,4095.0,2289.0,2977.0,2195.0,17.01,16.38,-9.32,-2.67,-1.53,-4.54,1.0,see-you-later
2931.0,2956.0,2996.0,3627.0,4095.0,2255.0,3009.0,2891.0,-27.38,-25.55,6.34,-0.5,0.6,-3.12,1.0,see-you-later
2918.0,2944.0,2989.0,3789.0,4095.0,2288.0,2991.0,2886.0,-8.24,1.69,5.5,-0.31,0.25,0.07,1.0,see-you-later
2913.0,2938.0,2983.0,3777.0,4095.0,2312.0,3009.0,2940.0,-8.76,0.89,4.19,-0.08,0.27,-0.04,1.0,see-you-later
2928.0,2960.0,2985.0,3687.0,4095.0,2333.0,3019.0,2963.0,-8.15,0.8,4.57,-0.07,0.07,0.03,1.0,see-you-later
2918.0,2967.0,2987.0,3683.0,4095.0,2346.0,3017.0,2982.0,-8.78,1.11,4.11,-0.07,0.13,-0.03,1.0,see-you-later
2911.0,2950.0,2994.0,3700.0,4095.0,2354.0,3012.0,2993.0,-8.79,1.08,4.43,-0.04,-0.03,-0.02,1.0,see-you-later
2927.0,2946.0,2995.0,3733.0,4095.0,2367.0,3014.0,2995.0,-8.7,0.93,4.47,-0.02,-0.09,0.03,1.0,see-you-later
2912.0,2953.0,2999.0,3763.0,4095.0,2361.0,3018.0,3001.0,-9.2,0.54,3.89,-0.06,-0.08,0.01,1.0,see-you-later
2917.0,2951.0,2987.0,3751.0,4095.0,2382.0,3022.0,2995.0,-8.98,1.13,3.92,-0.04,0.04,0.02,1.0,see-you-later
2914.0,2958.0,2990.0,3797.0,4095.0,2381.0,3019.0,2996.0,-8.53,1.05,4.16,-0.0,-0.07,0.04,1.0,see-you-later
2915.0,2960.0,2987.0,3788.0,4095.0,2383.0,3015.0,3006.0,-8.48,1.07,4.18,-0.0,-0.06,-0.04,1.0,see-you-later
2973.0,2941.0,2983.0,2934.0,4095.0,4095.0,3082.0,2510.0,-8.1,5.32,-0.06,-0.13,0.06,-0.01,1.0,see-you-later
2951.0,2938.0,2963.0,2927.0,4095.0,4095.0,3071.0,2484.0,-10.29,5.2,-1.18,-0.32,0.38,0.3,1.0,see-you-later
2966.0,2946.0,2972.0,2911.0,4095.0,4095.0,3067.0,2559.0,-13.14,3.9,-5.1,-1.32,0.18,2.01,1.0,see-you-later
2965.0,2938.0,2974.0,2907.0,4095.0,4095.0,3071.0,2559.0,-3.47,4.3,2.12,-2.94,0.24,3.19,1.0,see-you-later
2967.0,2957.0,2982.0,2966.0,4095.0,4095.0,3070.0,2633.0,11.31,6.4,18.39,0.68,-0.2,-0.68,1.0,see-you-later
2947.0,2942.0,2980.0,2850.0,4095.0,4095.0,3045.0,2639.0,-14.43,6.36,-5.49,2.37,-1.54,-1.36,1.0,see-you-later
2995.0,2954.0,2989.0,2928.0,4095.0,4095.0,3119.0,2594.0,-3.81,10.11,0.5,1.22,-2.21,0.24,1.0,see-you-later
2928.0,2953.0,2991.0,2755.0,4095.0,2420.0,3040.0,2210.0,10.48,16.81,-6.09,0.27,-2.17,-3.47,1.0,see-you-later
2917.0,2939.0,2996.0,3793.0,4095.0,2523.0,3056.0,2635.0,-27.02,-33.83,10.62,-4.69,3.29,-6.4,1.0,see-you-later
2914.0,2945.0,2987.0,3889.0,4095.0,2343.0,3037.0,2774.0,-7.4,1.7,5.02,-0.9,1.24,0.38,1.0,see-you-later
2896.0,2934.0,2995.0,3943.0,4095.0,2410.0,3040.0,2819.0,-9.56,0.34,4.23,-0.13,0.25,-0.03,1.0,see-you-later
2896.0,2954.0,2991.0,4003.0,4095.0,2413.0,3041.0,2850.0,-8.02,0.87,4.67,0.03,-0.13,-0.04,1.0,see-you-later
2896.0,2950.0,2993.0,4002.0,4095.0,2400.0,3049.0,2791.0,-8.77,0.79,4.13,-0.09,0.06,-0.14,1.0,see-you-later
2896.0,2954.0,3008.0,4024.0,4095.0,2421.0,3045.0,2762.0,-8.76,0.99,4.06,0.03,0.09,-0.01,1.0,see-you-later
2909.0,2946.0,2992.0,3799.0,4095.0,2432.0,3047.0,2770.0,-8.27,0.88,3.77,0.01,0.0,-0.09,1.0,see-you-later
2909.0,2960.0,2991.0,3898.0,4095.0,2431.0,3045.0,2759.0,-9.05,0.58,3.99,0.03,0.04,-0.08,1.0,see-you-later
2906.0,2953.0,2987.0,3935.0,4095.0,2439.0,3047.0,2768.0,-8.71,0.95,4.32,-0.02,-0.02,0.01,1.0,see-you-later
2900.0,2948.0,2986.0,3946.0,4095.0,2426.0,3053.0,2774.0,-8.88,0.75,3.85,-0.11,-0.06,0.02,1.0,see-you-later
2899.0,2945.0,2991.0,3953.0,4095.0,2434.0,3053.0,2795.0,-8.37,1.14,3.84,-0.08,0.05,0.05,1.0,see-you-later
2914.0,2944.0,3001.0,3926.0,4095.0,2443.0,3046.0,2763.0,-8.46,1.01,3.88,-0.09,0.02,-0.04,1.0,see-you-later
2945.0,2960.0,2987.0,2756.0,4095.0,4095.0,2960.0,2255.0,-8.36,6.05,0.62,-0.29,-0.02,-0.01,1.0,see-you-later
2947.0,2953.0,2979.0,2736.0,4095.0,4095.0,2957.0,2335.0,-7.25,6.21,0.76,-0.16,-0.09,-0.09,1.0,see-you-later
2944.0,2965.0,2969.0,2711.0,4095.0,4095.0,2960.0,2303.0,-9.67,6.34,-0.05,-0.2,-0.04,0.12,1.0,see-you-later
2944.0,2958.0,2978.0,2708.0,4095.0,4095.0,2965.0,2405.0,-12.22,5.41,-2.67,-0.95,-0.31,1.43,1.0,see-you-later
2949.0,2960.0,2975.0,2718.0,4095.0,4095.0,2975.0,2467.0,-6.38,3.98,3.0,-1.73,-0.58,2.6,1.0,see-you-later
2958.0,2941.0,2986.0,2706.0,4095.0,4095.0,2959.0,2387.0,13.29,7.51,16.36,0.08,-1.48,-0.2,1.0,see-you-later
2948.0,2966.0,2996.0,2614.0,4095.0,4095.0,2951.0,2449.0,-12.53,7.29,-2.26,2.54,-1.12,-2.22,1.0,see-you-later
2963.0,2949.0,2987.0,2703.0,4095.0,4095.0,2950.0,2447.0,-11.11,7.07,0.71,0.92,-2.44,1.66,1.0,see-you-later
2951.0,2970.0,2979.0,2705.0,4095.0,2256.0,2907.0,1661.0,13.39,13.71,-4.77,3.35,-4.73,-0.21,1.0,see-you-later
2898.0,3121.0,2977.0,3483.0,4095.0,2238.0,2948.0,2341.0,2.33,-13.52,0.69,-8.18,2.84,-8.39,1.0,see-you-later
2896.0,3083.0,2991.0,4095.0,4095.0,2289.0,2957.0,2509.0,-16.0,-0.43,5.54,0.28,-0.52,0.11,1.0,see-you-later
2896.0,3088.0,2990.0,4093.0,4095.0,2332.0,2972.0,2544.0,-8.94,0.71,6.54,0.26,-0.27,-0.19,1.0,see-you-later
2894.0,3057.0,2989.0,4074.0,4095.0,2352.0,2983.0,2539.0,-7.92,1.96,3.12,0.09,-0.1,0.11,1.0,see-you-later
2902.0,3055.0,2979.0,4067.0,4095.0,2366.0,2977.0,2535.0,-7.81,2.42,4.64,-0.01,-0.0,-0.06,1.0,see-you-later
2896.0,3059.0,2971.0,4079.0,4095.0,2391.0,2979.0,2519.0,-7.98,1.87,4.32,-0.02,0.04,-0.09,1.0,see-you-later
2901.0,3050.0,2986.0,4095.0,4095.0,2412.0,2977.0,2528.0,-8.6,1.5,4.37,0.04,0.04,-0.04,1.0,see-you-later
2902.0,3051.0,2991.0,4093.0,4095.0,2419.0,2977.0,2557.0,-8.66,1.96,4.43,-0.01,-0.12,-0.0,1.0,see-you-later
2897.0,3039.0,2979.0,4095.0,4095.0,2423.0,2976.0,2537.0,-8.5,1.72,4.22,-0.06,-0.06,-0.02,1.0,see-you-later
2914.0,3042.0,2980.0,4070.0,4095.0,2428.0,2992.0,2534.0,-8.24,2.07,4.47,-0.04,0.05,-0.09,1.0,see-you-later
2896.0,3050.0,2991.0,4064.0,4095.0,2439.0,2979.0,2535.0,-8.93,1.73,3.67,-0.08,0.21,-0.21,1.0,see-you-later
2949.0,2934.0,2989.0,2745.0,4095.0,4095.0,2990.0,2585.0,-8.37,5.35,-0.91,-0.04,0.08,-0.05,1.0,see-you-later
2960.0,2938.0,2991.0,2754.0,4095.0,4095.0,2993.0,2558.0,-13.6,3.98,-3.65,-0.58,0.32,0.57,1.0,see-you-later
2950.0,2945.0,2980.0,2735.0,4095.0,4095.0,2975.0,2597.0,-9.46,4.16,-4.16,-2.15,-0.05,2.71,1.0,see-you-later
2955.0,2949.0,2981.0,2726.0,4095.0,4095.0,2972.0,2516.0,2.02,4.51,8.38,-2.48,-0.75,3.34,1.0,see-you-later
2967.0,2944.0,2983.0,2689.0,4095.0,4095.0,2945.0,2542.0,6.97,6.56,9.92,1.06,-0.42,-1.64,1.0,see-you-later
2960.0,2959.0,2988.0,2702.0,4095.0,4095.0,2971.0,2559.0,-14.99,7.35,-1.52,1.61,-2.15,-0.22,1.0,see-you-later
2991.0,2945.0,2979.0,2679.0,4095.0,2381.0,2982.0,2269.0,-0.15,9.74,2.15,1.98,-4.98,0.65,1.0,see-you-later
2926.0,2975.0,2978.0,3248.0,4095.0,2240.0,2925.0,2207.0,22.55,9.4,-11.78,-4.88,-1.3,-5.88,1.0,see-you-later
2953.0,2957.0,2991.0,3866.0,4095.0,2282.0,2960.0,2338.0,-28.41,-15.91,4.73,1.35,-3.13,-1.86,1.0,see-you-later
2930.0,2960.0,2990.0,3989.0,4095.0,2295.0,2952.0,2422.0,-7.24,2.24,6.75,-0.29,-0.3,-0.39,1.0,see-you-later
2930.0,2960.0,2977.0,3975.0,4095.0,2322.0,2960.0,2471.0,-8.52,1.11,4.6,0.02,0.03,-0.04,1.0,see-you-later
2918.0,2957.0,2979.0,3949.0,4095.0,2333.0,2964.0,2480.0,-7.9,1.39,4.26,-0.05,-0.13,-0.01,1.0,see-you-later
2917.0,2954.0,2978.0,3978.0,4095.0,2346.0,2970.0,2485.0,-7.73,1.55,5.1,-0.15,0.07,-0.06,1.0,see-you-later
2928.0,2960.0,2978.0,3955.0,4095.0,2352.0,2978.0,2496.0,-8.47,1.18,5.33,-0.18,0.19,0.01,1.0,see-you-later
2930.0,2963.0,2986.0,3938.0,4095.0,2352.0,2966.0,2515.0,-8.4,1.28,4.94,-0.02,-0.04,0.01,1.0,see-you-later
2921.0,2959.0,2992.0,3946.0,4095.0,2361.0,2963.0,2487.0,-7.98,1.57,4.75,-0.05,-0.09,0.03,1.0,see-you-later
2928.0,2960.0,2988.0,3943.0,4095.0,2366.0,2969.0,2499.0,-8.15,1.41,4.86,0.01,0.02,-0.09,1.0,see-you-later
2911.0,2946.0,2989.0,3954.0,4095.0,2366.0,2970.0,2470.0,-8.06,1.4,4.49,-0.17,0.1,-0.05,1.0,see-you-later
2914.0,2960.0,2978.0,3970.0,4095.0,2377.0,2970.0,2494.0,-8.63,1.29,4.86,-0.07,0.27,-0.07,1.0,see-you-later
2921.0,2959.0,2970.0,3972.0,4095.0,2381.0,2962.0,2429.0,-8.31,1.38,4.31,-0.18,0.21,-0.06,1.0,see-you-later
3058.0,2941.0,2983.0,2544.0,4095.0,4095.0,2846.0,1728.0,-4.5,7.52,3.46,0.07,-0.25,0.06,1.0,see-you-later
3152.0,2933.0,2989.0,2559.0,4095.0,4095.0,2855.0,1821.0,-5.98,6.9,3.01,-0.31,-0.08,0.0,1.0,see-you-later
3247.0,2930.0,2992.0,2639.0,4095.0,4095.0,2878.0,1817.0,-7.0,6.54,3.88,0.03,0.17,-0.12,1.0,see-you-later
3363.0,2937.0,2992.0,2674.0,4095.0,4095.0,2890.0,1786.0,-9.84,7.24,1.73,-0.41,0.08,0.59,1.0,see-you-later
3524.0,2938.0,2971.0,2662.0,4095.0,4095.0,2879.0,1898.0,-7.61,5.98,2.03,-1.26,-0.19,1.71,1.0,see-you-later
3661.0,2937.0,2977.0,2625.0,4095.0,4095.0,2866.0,1808.0,0.64,5.81,7.93,-1.42,-0.39,1.92,1.0,see-you-later
3509.0,2947.0,2986.0,2624.0,4095.0,4095.0,2881.0,1804.0,0.12,6.77,10.24,1.29,-1.47,-0.34,1.0,see-you-later
4095.0,2947.0,2985.0,2496.0,4095.0,3137.0,2883.0,1696.0,-7.69,8.31,1.05,3.22,-4.07,0.74,1.0,see-you-later
3137.0,2965.0,2980.0,2349.0,4095.0,2399.0,2897.0,1653.0,7.04,9.38,-4.18,1.23,-3.62,-0.2,1.0,see-you-later
2941.0,2995.0,2978.0,2755.0,4095.0,2203.0,2853.0,1799.0,12.94,11.48,-6.61,-2.82,-2.44,-4.07,1.0,see-you-later
2898.0,2998.0,2981.0,3629.0,4095.0,2272.0,2913.0,1719.0,-13.75,-15.4,11.55,-6.78,4.64,-5.74,1.0,see-you-later
2896.0,2967.0,2982.0,3837.0,4095.0,2241.0,2903.0,2071.0,-10.77,1.16,4.3,0.25,-0.41,-0.32,1.0,see-you-later
2897.0,2966.0,2975.0,3858.0,4095.0,2315.0,2913.0,2301.0,-8.12,1.31,4.64,0.16,0.02,-0.07,1.0,see-you-later
2903.0,2970.0,2990.0,3920.0,4095.0,2331.0,2925.0,2353.0,-8.19,1.17,4.63,-0.09,-0.03,0.05,1.0,see-you-later
2909.0,2955.0,2989.0,3889.0,4095.0,2349.0,2919.0,2401.0,-8.42,1.19,4.85,-0.04,0.14,0.01,1.0,see-you-later
2903.0,2961.0,2975.0,3898.0,4095.0,2367.0,2928.0,2389.0,-8.56,1.4,4.19,0.1,-0.01,0.04,1.0,see-you-later
2897.0,2967.0,2985.0,3910.0,4095.0,2371.0,2934.0,2401.0,-8.3,1.55,4.6,0.06,-0.11,0.06,1.0,see-you-later
2909.0,2964.0,2980.0,3872.0,4095.0,2384.0,2929.0,2338.0,-8.43,1.47,4.51,-0.05,0.06,0.02,1.0,see-you-later
2897.0,2967.0,2986.0,3856.0,4095.0,2374.0,2946.0,2336.0,-8.39,1.37,4.57,-0.15,0.07,0.02,1.0,see-you-later
2913.0,2960.0,2979.0,3850.0,4095.0,2397.0,2947.0,2269.0,-8.54,1.64,4.31,-0.11,0.07,0.01,1.0,see-you-later
2730.0,2958.0,3006.0,3195.0,4095.0,4095.0,3600.0,3184.0,-5.65,6.92,2.67,0.09,-0.36,-0.29,1.0,see-you-later
2736.0,2969.0,3015.0,3174.0,4095.0,4095.0,3763.0,3295.0,-5.66,6.79,3.71,0.14,-0.13,-0.51,1.0,see-you-later
2640.0,2970.0,3007.0,2943.0,4095.0,4095.0,3839.0,3378.0,-7.26,6.21,3.46,0.35,-0.12,-0.55,1.0,see-you-later
2613.0,2960.0,2993.0,3050.0,4095.0,4095.0,3123.0,2863.0,-8.0,6.55,2.15,0.14,0.4,-0.31,1.0,see-you-later
2825.0,2948.0,2986.0,2858.0,4095.0,3952.0,2866.0,2353.0,-9.05,6.87,1.51,-0.56,0.94,0.37,1.0,see-you-later
2853.0,2944.0,2979.0,2383.0,4095.0,4095.0,2866.0,2766.0,-5.67,6.46,2.37,-0.65,1.27,0.59,1.0,see-you-later
2829.0,2944.0,2980.0,2470.0,4095.0,4095.0,2875.0,2471.0,-9.68,4.35,-3.3,-2.17,1.15,1.18,1.0,see-you-later
2864.0,2938.0,2971.0,2559.0,4095.0,4095.0,2871.0,2320.0,-6.06,6.34,3.09,-2.64,0.12,2.06,1.0,see-you-later
3093.0,2942.0,2979.0,2614.0,4095.0,4095.0,2865.0,2667.0,0.45,5.13,10.65,-1.67,-0.24,1.46,1.0,see-you-later
3232.0,2928.0,2991.0,2597.0,4095.0,4095.0,2881.0,2708.0,-6.26,6.35,8.27,2.19,-1.67,-0.95,1.0,see-you-later
3772.0,2954.0,2992.0,2614.0,4095.0,3057.0,2939.0,2674.0,-2.4,8.58,0.25,2.93,-5.25,0.21,1.0,see-you-later
3047.0,2985.0,2998.0,2606.0,4095.0,2397.0,2911.0,2177.0,6.51,9.63,-3.22,0.48,-2.1,-1.96,1.0,see-you-later
2915.0,2980.0,2989.0,3408.0,4095.0,2290.0,2926.0,2076.0,0.27,3.48,0.33,-5.42,-0.11,-6.47,1.0,see-you-later
2918.0,2958.0,2981.0,4016.0,4095.0,2366.0,2953.0,2650.0,-15.17,-5.43,9.01,-1.66,1.82,-1.51,1.0,see-you-later
2899.0,2941.0,2985.0,4030.0,4095.0,2391.0,2951.0,2681.0,-8.24,1.8,5.77,0.59,-0.45,-0.14,1.0,see-you-later
2907.0,2958.0,2986.0,4030.0,4095.0,2413.0,2966.0,2723.0,-7.49,1.55,5.34,-0.22,0.1,-0.0,1.0,see-you-later
2900.0,2957.0,2998.0,4063.0,4095.0,2435.0,2971.0,2752.0,-7.95,1.43,5.59,0.0,0.03,-0.07,1.0,see-you-later
2907.0,2949.0,2983.0,4023.0,4095.0,2447.0,2960.0,2767.0,-7.97,1.43,5.48,-0.11,0.1,-0.03,1.0,see-you-later
2905.0,2949.0,2987.0,4032.0,4095.0,2447.0,2966.0,2775.0,-7.89,1.57,5.25,-0.08,0.02,-0.03,1.0,see-you-later
2897.0,2946.0,2991.0,4032.0,4095.0,2448.0,2980.0,2771.0,-7.78,1.67,5.25,-0.07,0.02,-0.04,1.0,see-you-later
3629.0,3024.0,3056.0,3264.0,4095.0,3746.0,3840.0,3565.0,-7.88,1.36,3.77,0.26,0.85,-0.12,1.0,see-you-later
2973.0,3002.0,3060.0,3264.0,4095.0,3649.0,3822.0,3181.0,-10.47,0.45,2.26,0.35,0.93,-1.13,1.0,see-you-later
2980.0,2961.0,3006.0,3113.0,4095.0,3769.0,3027.0,2818.0,-16.72,-0.34,-0.62,-1.0,1.49,1.09,1.0,see-you-later
3266.0,2960.0,2986.0,3017.0,4095.0,3899.0,2863.0,2635.0,-9.28,1.55,1.54,-1.14,0.57,2.9,1.0,see-you-later
3446.0,2945.0,2991.0,2652.0,4095.0,4095.0,2838.0,2223.0,-5.64,3.78,2.27,-1.13,0.65,2.06,1.0,see-you-later
3244.0,2944.0,2982.0,2545.0,4095.0,4095.0,2835.0,2390.0,-6.35,3.98,-0.42,-1.78,0.36,2.02,1.0,see-you-later
3357.0,2938.0,2990.0,2544.0,4095.0,4095.0,2845.0,2377.0,-3.23,5.72,2.72,-2.31,-0.98,2.02,1.0,see-you-later
3458.0,2938.0,2987.0,2603.0,4095.0,4095.0,2834.0,2634.0,5.8,5.08,14.63,-0.48,-0.96,0.41,1.0,see-you-later
3465.0,2951.0,3008.0,2559.0,4095.0,4095.0,2867.0,2642.0,-7.52,6.6,5.95,3.1,-3.63,-0.4,1.0,see-you-later
3117.0,2960.0,2993.0,2466.0,4095.0,2506.0,2875.0,2005.0,2.38,10.44,-1.43,2.4,-3.47,-0.88,1.0,see-you-later
2918.0,2977.0,2992.0,2954.0,4095.0,2297.0,2846.0,2032.0,6.55,9.04,-3.87,-0.41,-2.09,-4.22,1.0,see-you-later
2925.0,2961.0,2998.0,3568.0,4095.0,2352.0,2883.0,2179.0,-11.14,-4.05,7.49,-5.57,1.37,-5.1,1.0,see-you-later
2915.0,2953.0,2993.0,3878.0,4095.0,2407.0,2910.0,2447.0,-14.33,-2.05,6.83,0.03,-0.15,-0.5,1.0,see-you-later
2915.0,2960.0,2991.0,3945.0,4095.0,2427.0,2923.0,2491.0,-7.01,2.54,5.76,0.15,-0.33,0.05,1.0,see-you-later
2926.0,2960.0,2992.0,3889.0,4095.0,2431.0,2926.0,2525.0,-7.61,1.76,5.31,-0.1,0.1,-0.12,1.0,see-you-later
2901.0,2955.0,2993.0,3863.0,4095.0,2442.0,2915.0,2559.0,-7.76,1.78,5.3,-0.12,0.1,-0.08,1.0,see-you-later
2923.0,2960.0,2998.0,3874.0,4095.0,2451.0,2927.0,2554.0,-7.92,1.7,5.3,-0.02,-0.03,-0.07,1.0,see-you-later
2925.0,2955.0,2987.0,3867.0,4095.0,2449.0,2928.0,2618.0,-8.1,1.61,5.25,-0.12,-0.04,-0.02,1.0,see-you-later
2916.0,2949.0,2997.0,3835.0,4095.0,2477.0,2917.0,2611.0,-7.95,1.67,5.29,-0.07,0.06,-0.05,1.0,see-you-later
2921.0,2964.0,2993.0,3794.0,4095.0,2467.0,2933.0,2605.0,-7.88,1.59,5.35,-0.08,0.01,-0.06,1.0,see-you-later
4071.0,3102.0,3866.0,3039.0,4095.0,3908.0,4095.0,3789.0,-7.7,-3.26,5.52,0.11,0.7,0.24,1.0,see-you-later
3383.0,3025.0,3463.0,2925.0,4095.0,3888.0,3536.0,3248.0,-9.57,-2.77,3.9,-0.09,1.21,0.44,1.0,see-you-later
3114.0,2983.0,3235.0,3037.0,4095.0,3683.0,2955.0,2957.0,-10.79,-2.37,3.06,-0.65,0.69,0.54,1.0,see-you-later
3092.0,2963.0,3166.0,3140.0,4095.0,3692.0,2899.0,2624.0,-12.87,-2.29,2.42,-0.72,1.36,1.97,1.0,see-you-later
3052.0,2934.0,3179.0,2670.0,4095.0,4095.0,2933.0,2804.0,-11.71,-1.18,0.52,-0.89,1.01,2.96,1.0,see-you-later
2954.0,2923.0,3164.0,2559.0,4095.0,4095.0,2863.0,2800.0,-8.01,1.51,-1.14,-1.42,0.1,3.28,1.0,see-you-later
2990.0,2944.0,3184.0,2482.0,4095.0,4095.0,2870.0,2820.0,-4.75,3.57,0.79,-2.53,-0.08,3.05,1.0,see-you-later
3063.0,2946.0,3194.0,2541.0,4095.0,4095.0,2860.0,2790.0,0.75,5.56,6.65,-2.64,-0.15,2.36,1.0,see-you-later
3131.0,2935.0,3197.0,2549.0,4095.0,4095.0,2850.0,2838.0,-4.31,5.37,8.86,1.81,-2.08,-0.52,1.0,see-you-later
3098.0,2947.0,3218.0,2451.0,4095.0,3255.0,2925.0,2880.0,-4.17,9.42,0.62,2.35,-4.72,0.6,1.0,see-you-later
2946.0,2979.0,3251.0,2485.0,4095.0,2467.0,2921.0,2724.0,6.8,9.46,-0.96,0.8,-3.53,-1.37,1.0,see-you-later
2918.0,2981.0,3308.0,3121.0,4095.0,2273.0,2894.0,2787.0,5.32,5.02,-1.47,-4.75,-0.04,-6.82,1.0,see-you-later
2923.0,2960.0,3359.0,3759.0,4095.0,2335.0,2943.0,2890.0,-18.83,-10.61,8.95,-2.22,1.97,-2.65,1.0,see-you-later
2916.0,2960.0,3339.0,3943.0,4095.0,2343.0,2928.0,2951.0,-8.51,1.01,5.99,0.15,-0.25,0.34,1.0,see-you-later
2914.0,2949.0,3349.0,3958.0,4095.0,2359.0,2928.0,2981.0,-7.37,0.84,5.39,0.12,-0.22,-0.03,1.0,see-you-later
2916.0,2951.0,3349.0,3959.0,4095.0,2384.0,2931.0,2986.0,-8.14,0.45,5.54,0.08,-0.15,-0.01,1.0,see-you-later
2918.0,2946.0,3344.0,3925.0,4095.0,2402.0,2938.0,2981.0,-7.69,0.75,5.87,-0.1,0.0,0.04,1.0,see-you-later
2928.0,2944.0,3349.0,3953.0,4095.0,2413.0,2938.0,2991.0,-7.82,0.55,5.9,-0.14,0.15,0.02,1.0,see-you-later
2923.0,2965.0,3334.0,3963.0,4095.0,2414.0,2945.0,2992.0,-7.8,0.89,5.62,-0.1,0.16,0.01,1.0,see-you-later
2926.0,2947.0,3345.0,3965.0,4095.0,2416.0,2946.0,2992.0,-7.89,0.6,5.53,0.01,0.06,-0.02,1.0,see-you-later
3305.0,2963.0,3014.0,3023.0,4095.0,4087.0,2935.0,2651.0,-8.92,1.74,2.47,0.3,1.64,-0.05,1.0,see-you-later
3022.0,2948.0,3001.0,2800.0,4095.0,4095.0,2874.0,1463.0,-9.34,1.91,1.16,-0.03,-0.21,-0.1,1.0,see-you-later
2982.0,2945.0,3005.0,2766.0,4095.0,4095.0,2896.0,2330.0,-12.12,2.74,1.52,-0.07,0.29,0.11,1.0,see-you-later
2944.0,2933.0,2995.0,2555.0,4095.0,4095.0,2917.0,2529.0,-16.56,1.83,-1.73,-0.99,1.65,1.66,1.0,see-you-later
3031.0,2941.0,2995.0,2406.0,4095.0,4095.0,2897.0,2619.0,-9.55,0.87,-3.0,-2.34,-0.02,3.91,1.0,see-you-later
3071.0,2933.0,2989.0,2466.0,4095.0,4095.0,2896.0,2353.0,-1.77,3.36,4.53,-2.97,-1.2,3.17,1.0,see-you-later
2991.0,2949.0,2992.0,2382.0,4095.0,4095.0,2895.0,2614.0,7.03,4.79,10.8,-0.95,-1.15,0.41,1.0,see-you-later
2995.0,2934.0,3003.0,2427.0,4095.0,4095.0,2898.0,2319.0,-6.21,6.45,7.93,1.37,-0.77,-0.34,1.0,see-you-later
2960.0,2945.0,2992.0,2628.0,4095.0,2897.0,2913.0,2543.0,-2.43,9.18,0.11,3.27,-4.68,-0.27,1.0,see-you-later
2921.0,2975.0,3007.0,2747.0,4095.0,2407.0,2892.0,2697.0,6.89,10.3,-2.8,1.08,-2.55,-1.05,1.0,see-you-later
2897.0,2992.0,2992.0,3199.0,4095.0,2367.0,2927.0,2599.0,8.36,6.51,-2.28,-4.66,-0.45,-6.88,1.0,see-you-later
2905.0,2970.0,2997.0,3795.0,4095.0,2425.0,2961.0,1881.0,-20.28,-8.73,7.19,-1.24,0.3,-1.98,1.0,see-you-later
2909.0,2965.0,2992.0,3827.0,4095.0,2445.0,2974.0,1946.0,-7.64,3.24,5.26,0.05,-0.41,0.09,1.0,see-you-later
2902.0,2960.0,2985.0,3875.0,4095.0,2405.0,2967.0,1839.0,-7.27,2.44,4.76,-0.05,0.17,-0.09,1.0,see-you-later
2903.0,2958.0,2985.0,3877.0,4095.0,2448.0,2974.0,1959.0,-8.24,1.97,4.86,-0.06,-0.02,-0.05,1.0,see-you-later
2900.0,2962.0,2989.0,3862.0,4095.0,2451.0,2987.0,1968.0,-7.9,2.19,5.08,-0.18,-0.12,-0.04,1.0,see-you-later
2897.0,2965.0,2997.0,3859.0,4095.0,2451.0,2995.0,2676.0,-8.16,1.98,5.25,-0.3,0.02,-0.12,1.0,see-you-later
2902.0,2965.0,2993.0,3875.0,4095.0,2494.0,2992.0,2677.0,-8.39,1.8,5.54,-0.08,-0.05,-0.03,1.0,see-you-later
2899.0,2949.0,2981.0,3911.0,4095.0,2513.0,2997.0,2705.0,-7.98,1.85,5.04,-0.05,-0.09,-0.02,1.0,see-you-later
2903.0,2958.0,2992.0,3918.0,4095.0,2509.0,3001.0,2749.0,-7.74,1.75,5.45,-0.19,0.07,-0.07,1.0,see-you-later
2915.0,2925.0,3111.0,2680.0,4095.0,4095.0,2896.0,720.0,-9.37,2.11,3.79,-0.02,1.46,0.12,1.0,see-you-later
2899.0,2924.0,3095.0,2497.0,4095.0,4095.0,2918.0,1366.0,-9.12,2.54,2.85,0.02,0.34,0.23,1.0,see-you-later
2928.0,2928.0,3119.0,2411.0,4095.0,4095.0,2928.0,1707.0,-9.12,2.77,3.25,-0.28,0.45,0.23,1.0,see-you-later
2995.0,2928.0,3115.0,2489.0,4095.0,4095.0,2917.0,2000.0,-11.07,2.73,1.65,-0.48,1.04,0.74,1.0,see-you-later
3022.0,2942.0,3120.0,2481.0,4095.0,4095.0,2929.0,2204.0,-12.57,3.3,-0.35,-1.04,1.26,1.81,1.0,see-you-later
3044.0,2928.0,3119.0,2497.0,4095.0,4095.0,2947.0,2231.0,-10.0,4.63,-0.21,-2.19,0.27,3.06,1.0,see-you-later
3062.0,2929.0,3116.0,2443.0,4095.0,4095.0,2928.0,2213.0,1.53,5.22,5.98,-1.9,-0.64,2.52,1.0,see-you-later
3056.0,2924.0,3125.0,2559.0,4095.0,4095.0,2928.0,2242.0,-0.77,5.71,9.03,0.57,-2.04,-0.5,1.0,see-you-later
3090.0,2944.0,3110.0,2535.0,4095.0,4005.0,2922.0,2261.0,-7.24,8.81,3.93,2.75,-3.56,0.47,1.0,see-you-later
3017.0,2953.0,3113.0,2527.0,4095.0,2559.0,2930.0,2110.0,3.6,10.28,-2.78,2.39,-4.18,0.58,1.0,see-you-later
2928.0,2984.0,3095.0,2654.0,4095.0,2409.0,2930.0,2480.0,8.04,9.03,-5.31,-1.56,-1.13,-2.69,1.0,see-you-later
2903.0,3055.0,3129.0,3315.0,4095.0,2496.0,3024.0,2490.0,-13.13,-7.85,9.27,-7.83,4.31,-5.94,1.0,see-you-later
2896.0,3050.0,3145.0,3998.0,4095.0,2405.0,3021.0,2675.0,-11.38,1.99,4.47,0.02,0.76,-0.85,1.0,see-you-later
2899.0,3038.0,3120.0,4033.0,4095.0,2478.0,3019.0,2742.0,-7.83,3.06,5.18,-0.21,-0.28,-0.14,1.0,see-you-later
2901.0,3049.0,3134.0,4011.0,4095.0,2486.0,3020.0,2768.0,-8.2,2.19,5.01,-0.08,-0.11,-0.13,1.0,see-you-later
2902.0,3050.0,3136.0,4007.0,4095.0,2494.0,3030.0,2852.0,-7.85,2.21,5.19,-0.11,-0.06,-0.11,1.0,see-you-later
2894.0,3021.0,3129.0,3963.0,4095.0,2506.0,3049.0,2923.0,-7.89,2.14,4.9,-0.09,0.04,-0.16,1.0,see-you-later
2900.0,3030.0,3138.0,3856.0,4095.0,2514.0,3040.0,2960.0,-8.23,2.28,4.86,-0.15,0.29,-0.03,1.0,see-you-later
2906.0,3023.0,3146.0,3782.0,4095.0,2544.0,3050.0,2946.0,-8.28,2.16,4.92,-0.04,-0.04,-0.07,1.0,see-you-later
2901.0,3022.0,3125.0,3794.0,4095.0,2558.0,3031.0,2950.0,-8.2,1.8,5.15,-0.02,-0.13,-0.04,1.0,see-you-later
2864.0,2958.0,3056.0,2863.0,4095.0,4095.0,3440.0,3114.0,-6.85,3.26,2.93,-0.8,1.15,0.14,1.0,see-you-later
2765.0,2944.0,3005.0,2944.0,4095.0,4095.0,3070.0,3053.0,-10.36,3.2,2.72,-0.06,0.81,0.11,1.0,see-you-later
2777.0,2931.0,3019.0,3015.0,4095.0,4095.0,3026.0,3036.0,-8.93,3.74,2.35,0.25,0.79,0.22,1.0,see-you-later
2799.0,2945.0,3001.0,3121.0,4095.0,4095.0,2921.0,2597.0,-10.47,4.05,0.87,0.25,0.53,-0.03,1.0,see-you-later
2923.0,2941.0,2994.0,2814.0,4095.0,4095.0,2880.0,2467.0,-12.77,2.43,-4.51,-0.84,1.64,1.15,1.0,see-you-later
2925.0,2934.0,2995.0,2559.0,4095.0,4095.0,2890.0,2182.0,-10.22,2.72,-1.56,-2.26,-0.31,2.6,1.0,see-you-later
2983.0,2934.0,2997.0,2512.0,4095.0,4095.0,2885.0,2691.0,-4.86,3.98,2.47,-2.59,-0.44,3.04,1.0,see-you-later
3095.0,2935.0,2993.0,2527.0,4095.0,4095.0,2889.0,2673.0,2.23,5.46,7.9,-2.09,-0.38,1.87,1.0,see-you-later
3088.0,2933.0,3001.0,2495.0,4095.0,4095.0,2892.0,2753.0,-3.45,5.78,8.75,1.63,-1.19,-0.63,1.0,see-you-later
3199.0,2942.0,2983.0,2442.0,4095.0,3289.0,2929.0,2797.0,-6.06,8.32,1.77,3.02,-3.89,-0.0,1.0,see-you-later
2988.0,2959.0,2994.0,2545.0,4095.0,2356.0,2899.0,2511.0,4.64,9.61,-2.09,0.78,-3.13,-0.31,1.0,see-you-later
2939.0,2945.0,2994.0,3056.0,4095.0,2240.0,2893.0,2602.0,12.49,8.58,-4.1,-1.96,-1.77,-5.16,1.0,see-you-later
2943.0,2957.0,3006.0,3797.0,4095.0,2352.0,2945.0,1680.0,-17.55,-14.6,12.56,-4.51,2.26,-4.89,1.0,see-you-later
2942.0,2937.0,3003.0,3402.0,4095.0,2331.0,2928.0,2028.0,-12.38,2.3,4.54,-0.36,0.98,0.02,1.0,see-you-later
2928.0,2944.0,2995.0,3719.0,4095.0,2352.0,2938.0,2111.0,-7.84,1.07,5.65,-0.2,0.01,0.01,1.0,see-you-later
2928.0,2944.0,2995.0,3739.0,4095.0,2371.0,2950.0,2117.0,-8.3,1.25,4.19,-0.0,0.17,0.09,1.0,see-you-later
2934.0,2944.0,3002.0,3725.0,4095.0,2383.0,2944.0,2105.0,-8.16,1.56,4.92,-0.08,-0.12,0.03,1.0,see-you-later
2928.0,2951.0,3007.0,3747.0,4095.0,2397.0,2959.0,2116.0,-7.92,1.34,5.02,-0.11,0.01,0.01,1.0,see-you-later
2919.0,2943.0,2996.0,3718.0,4095.0,2398.0,2962.0,2171.0,-8.19,1.3,4.79,-0.11,0.04,-0.09,1.0,see-you-later
2928.0,2939.0,2993.0,3728.0,4095.0,2406.0,2951.0,2198.0,-8.44,1.24,4.92,-0.2,0.01,-0.06,1.0,see-you-later
3039.0,2960.0,3234.0,3273.0,4095.0,4095.0,3071.0,2372.0,-9.67,1.81,3.86,0.31,0.46,0.93,1.0,see-you-later
2809.0,2947.0,3019.0,3229.0,4095.0,4095.0,2895.0,2331.0,-9.01,2.02,2.74,0.35,0.48,0.99,1.0,see-you-later
3115.0,2934.0,3001.0,2894.0,4095.0,4095.0,2875.0,2582.0,-8.93,3.12,1.55,0.02,0.35,0.74,1.0,see-you-later
3122.0,2933.0,2992.0,2687.0,4095.0,4095.0,2896.0,2016.0,-11.05,3.27,-0.36,-0.38,0.78,1.1,1.0,see-you-later
3085.0,2933.0,2985.0,2419.0,4095.0,4095.0,2916.0,1947.0,-9.58,4.07,-1.95,-1.82,0.84,2.37,1.0,see-you-later
3105.0,2930.0,2988.0,2382.0,4095.0,4095.0,2903.0,2226.0,-5.94,5.81,1.99,-2.29,0.11,2.65,1.0,see-you-later
3053.0,2942.0,2999.0,2461.0,4095.0,4095.0,2905.0,2209.0,-0.3,6.51,5.87,-1.84,-0.82,1.85,1.0,see-you-later
3000.0,2935.0,2990.0,2516.0,4095.0,4095.0,2912.0,2471.0,-1.47,7.22,6.77,0.99,-1.53,-0.26,1.0,see-you-later
2974.0,2948.0,2992.0,2537.0,4095.0,3869.0,2957.0,2543.0,-4.3,8.4,2.6,1.99,-3.28,0.16,1.0,see-you-later
2971.0,2959.0,2990.0,2544.0,4095.0,2599.0,2946.0,2596.0,3.4,9.63,0.18,1.58,-2.97,-0.48,1.0,see-you-later
2928.0,2981.0,3002.0,2947.0,4095.0,2317.0,2918.0,2559.0,6.65,9.85,-0.78,-1.27,-1.68,-3.29,1.0,see-you-later
2907.0,2992.0,2999.0,3614.0,4095.0,2402.0,2983.0,2687.0,-13.02,-6.78,5.99,-5.73,3.95,-5.49,1.0,see-you-later
2906.0,2967.0,2995.0,3852.0,4095.0,2371.0,2978.0,2774.0,-12.67,0.66,3.34,0.17,-0.38,-0.86,1.0,see-you-later
2908.0,2958.0,2986.0,3890.0,4095.0,2420.0,2992.0,2851.0,-9.3,1.48,5.7,-0.27,-0.14,-0.06,1.0,see-you-later
2900.0,2958.0,2999.0,3871.0,4095.0,2439.0,2983.0,2864.0,-8.4,1.41,4.3,0.05,0.03,-0.09,1.0,see-you-later
2910.0,2967.0,2998.0,3847.0,4095.0,2456.0,2992.0,2869.0,-8.29,1.54,4.06,-0.27,0.17,-0.13,1.0,see-you-later
2903.0,2963.0,2990.0,3853.0,4095.0,2448.0,2999.0,2928.0,-8.64,1.37,4.13,-0.09,0.11,-0.14,1.0,see-you-later
2906.0,2975.0,3003.0,3856.0,4095.0,2442.0,3001.0,2899.0,-8.8,1.41,4.15,-0.12,-0.04,-0.04,1.0,see-you-later
2901.0,2962.0,2995.0,3820.0,4095.0,2494.0,2999.0,2913.0,-8.45,1.34,4.38,-0.0,-0.04,-0.01,1.0,see-you-later
2898.0,2967.0,3001.0,3799.0,4095.0,2485.0,3007.0,2916.0,-8.68,1.24,4.03,-0.08,0.04,-0.02,1.0,see-you-later
3071.0,2941.0,3008.0,3107.0,4095.0,3967.0,2906.0,2320.0,-8.45,1.4,4.83,-0.15,0.15,0.23,1.0,see-you-later
3008.0,2944.0,2999.0,3114.0,4095.0,4095.0,2925.0,2156.0,-7.92,2.1,4.21,-0.17,0.31,0.18,1.0,see-you-later
3015.0,2951.0,2999.0,2950.0,4095.0,4095.0,2992.0,1839.0,-8.84,1.45,4.37,-0.19,0.39,0.14,1.0,see-you-later
3127.0,2934.0,2993.0,2606.0,4095.0,4095.0,3031.0,2190.0,-9.04,2.18,3.76,-0.23,0.52,0.22,1.0,see-you-later
3107.0,2941.0,2977.0,2559.0,4095.0,4095.0,3015.0,2085.0,-14.08,3.36,3.02,-0.5,1.57,1.07,1.0,see-you-later
3137.0,2941.0,2983.0,2414.0,4095.0,4095.0,2976.0,2410.0,-14.87,1.08,-1.91,-1.73,1.09,3.52,1.0,see-you-later
3036.0,2933.0,2992.0,2457.0,4095.0,4095.0,2962.0,2474.0,-2.9,2.36,2.21,-2.84,-0.09,3.56,1.0,see-you-later
3017.0,2934.0,2995.0,2461.0,4095.0,4095.0,2944.0,2462.0,8.95,2.93,14.02,-1.07,-0.79,1.13,1.0,see-you-later
2998.0,2933.0,2992.0,2367.0,4095.0,4095.0,2933.0,2511.0,-9.18,7.17,5.85,2.25,-1.51,-1.11,1.0,see-you-later
3059.0,2944.0,2992.0,2512.0,4095.0,3269.0,2960.0,2278.0,-2.4,9.56,0.39,2.4,-3.16,0.75,1.0,see-you-later
2990.0,2946.0,2994.0,2426.0,4095.0,2475.0,2930.0,2497.0,4.45,10.32,-0.56,1.34,-3.16,-1.23,1.0,see-you-later
2897.0,2963.0,2979.0,3026.0,4095.0,2271.0,2945.0,2615.0,10.61,7.78,-4.14,-2.94,-1.14,-5.44,1.0,see-you-later
2896.0,2951.0,2990.0,3799.0,4095.0,2311.0,2982.0,1731.0,-20.0,-14.57,11.11,-3.58,2.23,-3.7,1.0,see-you-later
2913.0,2958.0,2991.0,3887.0,4095.0,2365.0,2976.0,1965.0,-10.81,1.26,5.24,0.28,-0.62,0.24,1.0,see-you-later
2903.0,2949.0,2991.0,3907.0,4095.0,2339.0,2995.0,2006.0,-7.29,1.1,5.79,0.09,0.04,0.13,1.0,see-you-later
2895.0,2957.0,2983.0,3895.0,4095.0,2359.0,2992.0,2081.0,-8.45,0.84,4.97,-0.01,0.15,-0.04,1.0,see-you-later
2909.0,2953.0,2992.0,3861.0,4095.0,2363.0,2992.0,2499.0,-7.7,1.3,5.38,-0.08,0.07,-0.02,1.0,see-you-later
2903.0,2947.0,2992.0,3884.0,4095.0,2380.0,3000.0,2525.0,-8.16,1.04,5.08,-0.13,0.13,-0.1,1.0,see-you-later
2915.0,2961.0,2992.0,3850.0,4095.0,2384.0,2992.0,2553.0,-8.24,1.06,4.95,-0.06,0.02,-0.07,1.0,see-you-later
2915.0,2953.0,2986.0,3809.0,4095.0,2400.0,3003.0,2590.0,-8.21,1.23,4.97,0.11,-0.05,-0.1,1.0,see-you-later
2911.0,2928.0,2985.0,2537.0,4095.0,4095.0,3008.0,2825.0,-9.88,3.99,0.41,-0.74,0.46,0.78,1.0,see-you-later
2957.0,2930.0,2977.0,2541.0,4095.0,4095.0,3011.0,2845.0,-9.7,4.6,0.77,-0.78,-0.04,1.28,1.0,see-you-later
2980.0,2945.0,2975.0,2541.0,4095.0,4095.0,2997.0,2864.0,-10.43,5.22,-3.01,-1.49,0.03,2.45,1.0,see-you-later
2969.0,2933.0,2978.0,2487.0,4095.0,4095.0,3001.0,2799.0,-2.58,4.99,3.02,-2.48,-0.44,2.32,1.0,see-you-later
2965.0,2931.0,2976.0,2542.0,4095.0,4095.0,3007.0,2593.0,3.97,4.64,13.94,0.93,-1.18,-0.73,1.0,see-you-later
2982.0,2938.0,2990.0,2539.0,4095.0,4095.0,2979.0,2631.0,-11.43,8.41,1.35,2.85,-3.38,-0.17,1.0,see-you-later
2951.0,2941.0,2980.0,2492.0,4095.0,2495.0,2997.0,2771.0,3.45,9.53,-0.27,1.21,-3.15,0.09,1.0,see-you-later
2918.0,2962.0,2981.0,2750.0,4095.0,2221.0,2985.0,2778.0,13.13,11.36,-6.68,-0.77,-2.94,-4.37,1.0,see-you-later
2909.0,2951.0,2987.0,3510.0,4095.0,2395.0,3067.0,2527.0,-19.24,-15.56,8.47,-6.32,6.25,-5.41,1.0,see-you-later
2921.0,2946.0,2983.0,3775.0,4095.0,2427.0,3029.0,2736.0,-10.25,1.87,5.37,-0.36,-0.63,-0.01,1.0,see-you-later
2911.0,2944.0,2982.0,3865.0,4095.0,2441.0,3043.0,2797.0,-7.25,1.28,5.51,0.15,0.03,-0.12,1.0,see-you-later
2905.0,2943.0,2980.0,3840.0,4095.0,2465.0,3041.0,2830.0,-8.15,0.86,5.08,0.03,-0.09,-0.08,1.0,see-you-later
2928.0,2941.0,2992.0,3863.0,4095.0,2475.0,3057.0,2889.0,-7.89,1.06,5.68,0.02,-0.1,-0.05,1.0,see-you-later
2916.0,2943.0,2975.0,3855.0,4095.0,2480.0,3051.0,2894.0,-8.03,1.05,5.26,0.1,0.03,-0.01,1.0,see-you-later
2926.0,2945.0,2989.0,3821.0,4095.0,2499.0,3051.0,2902.0,-8.71,1.21,4.68,-0.12,0.1,-0.05,1.0,see-you-later
2910.0,2959.0,2981.0,3839.0,4095.0,2510.0,3049.0,2911.0,-8.01,1.49,5.04,-0.1,0.21,-0.0,1.0,see-you-later
2911.0,2954.0,2977.0,3829.0,4095.0,2501.0,3047.0,2925.0,-8.09,1.5,4.92,-0.13,0.01,-0.03,1.0,see-you-later
2930.0,2955.0,2985.0,3826.0,4095.0,2501.0,3066.0,2949.0,-8.12,0.79,5.53,0.02,-0.03,-0.0,1.0,see-you-later
2931.0,2943.0,2981.0,3842.0,4095.0,2512.0,3059.0,2940.0,-7.93,1.44,4.85,0.02,-0.02,-0.08,1.0,see-you-later
2927.0,2951.0,2992.0,3866.0,4095.0,2512.0,3063.0,2947.0,-8.33,1.5,4.83,-0.03,0.07,-0.05,1.0,see-you-later
2960.0,2933.0,2982.0,2559.0,4095.0,4095.0,2927.0,2607.0,-4.34,4.97,4.78,-1.36,-0.54,1.67,1.0,see-you-later
2945.0,2943.0,2983.0,2534.0,4095.0,4095.0,2923.0,2649.0,-1.27,6.7,5.31,-0.52,-0.26,0.67,1.0,see-you-later
2945.0,2942.0,2980.0,2522.0,4095.0,4095.0,2932.0,2643.0,-3.14,8.31,4.86,0.18,0.11,-0.58,1.0,see-you-later
2935.0,2944.0,2992.0,2546.0,4095.0,4095.0,2928.0,2559.0,-8.32,7.13,1.93,-1.23,0.01,1.54,1.0,see-you-later
2960.0,2939.0,2982.0,2559.0,4095.0,4095.0,2953.0,2608.0,0.79,6.58,7.85,-0.01,-0.68,-0.12,1.0,see-you-later
2945.0,2942.0,2983.0,2671.0,4095.0,4095.0,2942.0,2412.0,-7.92,7.57,8.61,1.78,-3.39,-0.23,1.0,see-you-later
2992.0,2951.0,2976.0,2454.0,4095.0,2745.0,2955.0,2530.0,-1.36,8.46,-1.81,2.76,-2.77,0.65,1.0,see-you-later
2922.0,2962.0,2981.0,2429.0,4095.0,2317.0,2917.0,2382.0,7.9,10.79,-3.37,1.62,-3.68,-1.98,1.0,see-you-later
2918.0,2991.0,2975.0,3219.0,4095.0,2319.0,2943.0,2750.0,4.36,1.62,-0.72,-6.6,0.65,-7.14,1.0,see-you-later
2912.0,2970.0,2992.0,3696.0,4095.0,2384.0,3008.0,1984.0,-19.69,-10.55,7.91,-0.31,1.07,-1.77,1.0,see-you-later
2905.0,2973.0,2975.0,3674.0,4095.0,2405.0,3002.0,2087.0,-8.71,1.75,6.62,-0.06,0.6,0.31,1.0,see-you-later
2902.0,2950.0,2987.0,3632.0,4095.0,2419.0,2997.0,2082.0,-7.71,1.41,4.53,-0.01,0.03,-0.05,1.0,see-you-later
2901.0,2953.0,2989.0,3683.0,4095.0,2390.0,3002.0,2532.0,-7.92,0.92,5.55,-0.11,0.01,-0.01,1.0,see-you-later
2906.0,2949.0,2982.0,3610.0,4095.0,2404.0,3002.0,2502.0,-7.97,1.44,5.03,-0.15,0.29,-0.03,1.0,see-you-later
2915.0,2949.0,2992.0,3663.0,4095.0,2433.0,2999.0,2541.0,-8.24,1.19,5.53,-0.14,-0.0,-0.08,1.0,see-you-later
2905.0,2955.0,2981.0,3569.0,4095.0,2437.0,3008.0,2475.0,-7.86,1.21,5.28,-0.01,0.03,-0.01,1.0,see-you-later
2911.0,2951.0,2987.0,3602.0,4095.0,2454.0,3008.0,2559.0,-7.81,1.44,4.93,-0.01,0.02,-0.05,1.0,see-you-later
2909.0,2959.0,2985.0,3623.0,4095.0,2465.0,3001.0,2559.0,-8.32,1.05,5.27,-0.01,-0.01,-0.08,1.0,see-you-later
2903.0,2954.0,2989.0,3622.0,4095.0,2479.0,3014.0,2559.0,-8.39,1.13,4.7,-0.09,0.04,-0.03,1.0,see-you-later
2914.0,2959.0,2991.0,3626.0,4095.0,2477.0,3008.0,2533.0,-8.08,1.07,4.93,-0.14,-0.01,0.04,1.0,see-you-later
2951.0,2933.0,2974.0,2849.0,4095.0,4095.0,3002.0,2640.0,-9.0,1.28,2.82,-0.47,1.21,0.71,1.0,see-you-later
2928.0,2938.0,2982.0,2731.0,4095.0,4095.0,3025.0,2763.0,-8.84,1.8,1.81,-0.06,0.36,0.42,1.0,see-you-later
2959.0,2930.0,2983.0,2623.0,4095.0,4095.0,2991.0,2733.0,-8.82,2.35,1.84,-0.22,-0.12,-0.02,1.0,see-you-later
2965.0,2928.0,2977.0,2538.0,4095.0,4095.0,2953.0,2693.0,-15.04,2.52,-0.08,-0.62,0.9,0.63,1.0,see-you-later
2960.0,2938.0,2976.0,2531.0,4095.0,4095.0,2930.0,2559.0,-12.52,2.58,-1.81,-1.59,-0.17,2.85,1.0,see-you-later
2960.0,2941.0,2971.0,2517.0,4095.0,4095.0,2933.0,2645.0,-5.9,3.02,2.21,-2.07,-0.45,3.0,1.0,see-you-later
2941.0,2945.0,2982.0,2480.0,4095.0,4095.0,2933.0,2678.0,2.07,4.0,8.6,-1.36,-0.97,1.35,1.0,see-you-later
2945.0,2934.0,2973.0,2512.0,4095.0,4095.0,2945.0,2687.0,-5.89,6.12,7.75,1.75,-1.67,-0.38,1.0,see-you-later
3051.0,2945.0,2986.0,2425.0,4095.0,3087.0,2955.0,2683.0,-3.14,7.98,0.13,3.4,-5.54,0.87,1.0,see-you-later
2943.0,2958.0,2992.0,2076.0,4095.0,2320.0,2927.0,2711.0,7.0,9.62,-2.14,0.01,-2.35,-0.49,1.0,see-you-later
2935.0,2971.0,2979.0,2789.0,4095.0,2247.0,2931.0,2558.0,9.57,8.03,-5.62,-4.17,-1.68,-5.58,1.0,see-you-later
2942.0,2957.0,2978.0,3349.0,4095.0,2352.0,2999.0,2764.0,-21.66,-15.29,12.27,-2.79,2.77,-2.29,1.0,see-you-later
2951.0,2960.0,2983.0,3473.0,4095.0,2375.0,2975.0,2853.0,-9.29,1.75,5.87,-0.18,0.82,0.35,1.0,see-you-later
2939.0,2942.0,2971.0,3453.0,4095.0,2410.0,2989.0,2889.0,-7.3,1.68,5.26,0.08,-0.27,0.0,1.0,see-you-later
2950.0,2944.0,2978.0,3530.0,4095.0,2406.0,2989.0,2903.0,-7.59,1.2,5.42,0.09,-0.16,0.01,1.0,see-you-later
2937.0,2954.0,2985.0,3611.0,4095.0,2405.0,2978.0,2903.0,-8.54,1.44,4.81,-0.25,-0.01,-0.08,1.0,see-you-later
2935.0,2943.0,2979.0,3572.0,4095.0,2409.0,2983.0,2926.0,-8.35,1.43,5.35,-0.22,-0.0,0.07,1.0,see-you-later
2946.0,2946.0,2985.0,3583.0,4095.0,2420.0,2987.0,2941.0,-8.09,1.59,5.42,-0.17,-0.11,0.01,1.0,see-you-later
2941.0,2941.0,2981.0,3621.0,4095.0,2419.0,2987.0,2949.0,-7.77,1.14,5.69,-0.15,0.08,0.05,1.0,see-you-later
2928.0,2938.0,2977.0,3665.0,4095.0,2433.0,2979.0,2955.0,-7.9,1.26,5.37,-0.1,0.03,0.06,1.0,see-you-later
3054.0,2975.0,3165.0,2928.0,4095.0,4095.0,2928.0,2859.0,-12.01,1.13,0.85,-0.86,2.94,0.92,1.0,see-you-later
3053.0,2954.0,3123.0,2942.0,4095.0,4095.0,2955.0,2891.0,-8.96,1.2,0.35,-0.09,0.73,0.87,1.0,see-you-later
3069.0,2951.0,3120.0,2960.0,4095.0,4095.0,2960.0,2815.0,-7.8,3.16,-0.19,-0.25,-0.14,0.41,1.0,see-you-later
3068.0,2943.0,3115.0,2992.0,4095.0,4095.0,2970.0,2795.0,-11.69,5.08,-0.45,-0.59,-0.09,0.7,1.0,see-you-later
3033.0,2941.0,3120.0,2467.0,4095.0,4095.0,2955.0,2747.0,-11.78,3.41,-2.11,-1.32,-0.3,1.77,1.0,see-you-later
3037.0,2935.0,3117.0,2442.0,4095.0,4095.0,2947.0,2690.0,-8.29,3.68,-0.46,-2.31,-0.63,2.66,1.0,see-you-later
3086.0,2944.0,3111.0,2464.0,4095.0,4095.0,2931.0,2714.0,-0.94,3.9,6.42,-2.24,-1.08,2.39,1.0,see-you-later
3102.0,2935.0,3111.0,2433.0,4095.0,4095.0,2928.0,2860.0,0.06,6.36,8.15,1.41,-1.59,-0.64,1.0,see-you-later
3105.0,2947.0,3119.0,2547.0,4095.0,3575.0,2972.0,2917.0,-7.54,7.83,1.07,2.3,-3.08,0.18,1.0,see-you-later
2971.0,2960.0,3118.0,2416.0,4095.0,2387.0,2930.0,2767.0,4.75,8.87,0.72,1.18,-3.56,-0.59,1.0,see-you-later
2941.0,2950.0,3125.0,2750.0,4095.0,2262.0,2899.0,2427.0,9.38,9.54,-4.33,-1.05,-1.77,-4.54,1.0,see-you-later
2950.0,2957.0,3154.0,3213.0,4095.0,2361.0,2973.0,2799.0,-16.95,-14.17,11.62,-6.01,1.57,-5.14,1.0,see-you-later
2945.0,2955.0,3166.0,3440.0,4095.0,2369.0,2959.0,2870.0,-11.69,0.64,4.88,0.26,-0.3,0.3,1.0,see-you-later
2948.0,2947.0,3164.0,3600.0,4095.0,2407.0,2973.0,2889.0,-7.36,1.96,5.07,-0.1,-0.05,0.19,1.0,see-you-later
2943.0,2960.0,3164.0,3651.0,4095.0,2417.0,2977.0,3024.0,-8.45,0.74,5.22,-0.38,-0.04,0.18,1.0,see-you-later
2941.0,2945.0,3152.0,3611.0,4095.0,2431.0,2985.0,2981.0,-7.43,1.87,5.02,-0.42,0.29,0.07,1.0,see-you-later
2951.0,2949.0,3165.0,3632.0,4095.0,2433.0,2987.0,2977.0,-8.48,1.63,5.25,-0.27,0.23,0.05,1.0,see-you-later
2951.0,2954.0,3152.0,3637.0,4095.0,2436.0,2981.0,2963.0,-7.83,1.83,4.59,-0.14,0.19,0.13,1.0,see-you-later
2943.0,2946.0,3155.0,3613.0,4095.0,2446.0,2989.0,2967.0,-7.81,1.8,4.97,0.02,-0.11,0.04,1.0,see-you-later
2959.0,2953.0,3155.0,3610.0,4095.0,2455.0,2996.0,2981.0,-8.16,1.74,5.24,-0.15,0.13,-0.0,1.0,see-you-later
3152.0,2964.0,3014.0,2987.0,4095.0,4095.0,3655.0,3207.0,-9.0,2.13,1.79,-0.09,0.08,0.14,1.0,see-you-later
3163.0,2951.0,3009.0,3002.0,4095.0,4095.0,3427.0,3092.0,-9.51,2.41,1.02,-0.27,0.22,0.12,1.0,see-you-later
3111.0,2953.0,2997.0,3045.0,4095.0,4095.0,3063.0,2944.0,-8.9,2.83,1.23,-0.28,-0.15,0.27,1.0,see-you-later
3064.0,2934.0,3002.0,2860.0,4095.0,4095.0,2957.0,2657.0,-12.9,3.84,-0.22,-0.69,0.97,0.88,1.0,see-you-later
2956.0,2929.0,2987.0,2528.0,4095.0,4095.0,2951.0,2367.0,-11.59,3.23,-0.1,-1.31,-0.09,2.13,1.0,see-you-later
2969.0,2942.0,2991.0,2419.0,4095.0,4095.0,2926.0,2416.0,-7.32,3.83,0.81,-1.55,-0.55,2.49,1.0,see-you-later
2982.0,2935.0,2983.0,2450.0,4095.0,4095.0,2922.0,2315.0,-1.5,3.96,3.26,-1.81,-1.19,2.67,1.0,see-you-later
2989.0,2947.0,2986.0,2501.0,4095.0,4095.0,2931.0,2607.0,0.7,6.37,9.17,0.73,-1.73,-0.32,1.0,see-you-later
2977.0,2940.0,2995.0,2505.0,4095.0,4095.0,2973.0,2791.0,-6.8,8.02,4.09,2.68,-3.78,0.31,1.0,see-you-later
3001.0,2958.0,2989.0,2487.0,4095.0,2610.0,2958.0,2400.0,3.19,10.02,-2.9,1.02,-2.16,-0.09,1.0,see-you-later
2940.0,2966.0,2997.0,2800.0,4095.0,2373.0,2946.0,2544.0,10.36,9.77,-2.35,-0.54,-2.23,-3.6,1.0,see-you-later
2953.0,2953.0,3001.0,3483.0,4095.0,2397.0,2958.0,2611.0,-5.79,-6.25,8.32,-6.67,1.51,-6.96,1.0,see-you-later
2931.0,2935.0,2990.0,3694.0,4095.0,2380.0,2960.0,2818.0,-14.8,-1.11,4.17,1.24,-2.07,-0.39,1.0,see-you-later
2941.0,2928.0,2983.0,3638.0,4095.0,2416.0,2953.0,2911.0,-7.33,2.33,6.1,-0.22,-0.44,0.14,1.0,see-you-later
2935.0,2938.0,2985.0,3667.0,4095.0,2447.0,2978.0,2922.0,-7.92,1.63,4.97,-0.39,0.29,0.06,1.0,see-you-later
2938.0,2941.0,2990.0,3648.0,4095.0,2448.0,2975.0,2929.0,-7.75,2.19,5.1,-0.13,-0.03,-0.0,1.0,see-you-later
2938.0,2947.0,2991.0,3633.0,4095.0,2458.0,2979.0,2896.0,-8.05,1.87,5.53,-0.11,0.0,-0.06,1.0,see-you-later
2939.0,2947.0,2995.0,3657.0,4095.0,2452.0,2986.0,2918.0,-8.29,1.9,5.12,0.01,0.09,-0.03,1.0,see-you-later
2925.0,2939.0,2987.0,3700.0,4095.0,2464.0,2992.0,2917.0,-8.13,1.79,5.13,-0.0,0.0,-0.02,1.0,see-you-later
2941.0,2944.0,2992.0,3683.0,4095.0,2470.0,2992.0,2909.0,-7.94,2.12,4.78,-0.09,0.05,-0.04,1.0,see-you-later
3123.0,2928.0,3005.0,2766.0,4095.0,4095.0,2969.0,2405.0,-9.86,2.91,0.26,-0.13,0.36,0.87,1.0,see-you-later
3081.0,2944.0,2979.0,2333.0,4095.0,4095.0,2987.0,2667.0,-8.76,3.36,0.02,-0.14,0.14,0.83,1.0,see-you-later
3041.0,2958.0,2992.0,2489.0,4095.0,4095.0,2945.0,2658.0,-8.33,4.4,0.08,-0.33,-0.31,0.71,1.0,see-you-later
3012.0,2935.0,2992.0,2465.0,4095.0,4095.0,2921.0,2587.0,-12.65,4.66,-1.6,-0.91,0.09,1.28,1.0,see-you-later
3029.0,2945.0,2992.0,2477.0,4095.0,4095.0,2916.0,1728.0,-8.14,5.38,0.03,-1.7,-0.66,2.38,1.0,see-you-later
3021.0,2949.0,2990.0,2416.0,4095.0,4095.0,2911.0,2559.0,-0.41,4.35,5.0,-2.19,-0.65,2.27,1.0,see-you-later
3001.0,2931.0,3007.0,2525.0,4095.0,4095.0,2922.0,2688.0,2.29,5.43,11.17,0.53,-0.91,-0.59,1.0,see-you-later
3024.0,2945.0,2999.0,2559.0,4095.0,3909.0,2928.0,2785.0,-8.21,7.91,2.11,2.81,-2.58,-0.35,1.0,see-you-later
2993.0,2947.0,3004.0,2582.0,4095.0,2410.0,2911.0,2611.0,4.71,10.59,-0.77,1.92,-4.03,-0.53,1.0,see-you-later
2961.0,2960.0,3001.0,2897.0,4095.0,2286.0,2917.0,2587.0,9.33,8.28,-2.87,-2.03,-2.02,-4.97,1.0,see-you-later
2965.0,2954.0,3001.0,3340.0,4095.0,2361.0,2975.0,2698.0,-17.88,-12.71,11.39,-3.82,1.68,-3.51,1.0,see-you-later
2960.0,2943.0,2998.0,3597.0,4095.0,2384.0,2962.0,2865.0,-12.06,0.33,5.63,0.24,-0.45,0.2,1.0,see-you-later
2960.0,2937.0,2992.0,3603.0,4095.0,2400.0,2953.0,2864.0,-7.54,1.37,5.26,-0.07,-0.29,-0.02,1.0,see-you-later
2953.0,2945.0,2997.0,3578.0,4095.0,2411.0,2950.0,2877.0,-7.7,0.89,4.64,-0.3,0.24,-0.09,1.0,see-you-later
2955.0,2947.0,2993.0,3599.0,4095.0,2418.0,2951.0,2913.0,-8.27,1.14,4.62,-0.18,0.21,-0.07,1.0,see-you-later
2960.0,2942.0,2992.0,3568.0,4095.0,2423.0,2959.0,2928.0,-8.33,1.04,4.58,-0.04,-0.09,-0.08,1.0,see-you-later
2960.0,2935.0,2998.0,3598.0,4095.0,2438.0,2981.0,2928.0,-8.61,0.9,4.7,-0.07,0.03,-0.06,1.0,see-you-later
2955.0,2944.0,3001.0,3581.0,4095.0,2431.0,2961.0,2948.0,-8.5,1.0,4.58,-0.09,0.03,-0.03,1.0,see-you-later
2947.0,2946.0,2985.0,3554.0,4095.0,2438.0,2960.0,2945.0,-8.42,0.91,4.59,-0.13,0.07,0.0,1.0,see-you-later
2958.0,2955.0,2992.0,3572.0,4095.0,2454.0,2974.0,2960.0,-8.28,0.91,4.52,-0.1,0.11,-0.02,1.0,see-you-later
2999.0,2941.0,2972.0,2523.0,4095.0,4095.0,2914.0,2786.0,-8.35,3.58,1.57,-0.36,0.18,0.44,1.0,see-you-later
2995.0,2953.0,2991.0,2559.0,4095.0,4095.0,2919.0,2768.0,-7.91,3.92,2.22,-0.25,-0.01,0.36,1.0,see-you-later
3010.0,2947.0,2986.0,2611.0,4095.0,4095.0,2907.0,2770.0,-8.51,4.66,2.1,-0.17,0.13,0.28,1.0,see-you-later
2999.0,2943.0,2979.0,2605.0,4095.0,4095.0,2916.0,2790.0,-12.13,4.59,0.43,-0.46,0.38,0.73,1.0,see-you-later
2988.0,2947.0,2992.0,2581.0,4095.0,4095.0,2914.0,2797.0,-10.25,4.74,-1.05,-1.39,0.12,2.14,1.0,see-you-later
2982.0,2944.0,2991.0,2616.0,4095.0,4095.0,2909.0,2768.0,-4.16,4.67,3.71,-2.46,-0.09,2.7,1.0,see-you-later
2992.0,2947.0,2986.0,2559.0,4095.0,4095.0,2907.0,2758.0,6.82,4.55,13.76,-0.29,-0.81,0.07,1.0,see-you-later
2975.0,2960.0,2991.0,2613.0,4095.0,4095.0,2923.0,2817.0,-9.97,6.49,4.5,2.61,-2.68,-1.06,1.0,see-you-later
3088.0,2951.0,3005.0,2650.0,4095.0,2694.0,2957.0,2831.0,0.14,9.88,-0.92,2.29,-3.71,-0.41,1.0,see-you-later
2945.0,2992.0,2993.0,2462.0,4095.0,2311.0,2926.0,2533.0,6.45,10.48,-3.66,-0.34,-2.19,-3.25,1.0,see-you-later
2934.0,2941.0,2992.0,3349.0,4095.0,2338.0,2958.0,2800.0,-8.52,-5.5,7.24,-6.16,1.55,-5.57,1.0,see-you-later
2948.0,2939.0,2996.0,3600.0,4095.0,2365.0,2966.0,2900.0,-14.81,-2.52,6.24,-0.07,0.64,-0.37,1.0,see-you-later
2943.0,2960.0,2992.0,3573.0,4095.0,2387.0,2970.0,2903.0,-7.85,1.65,5.63,-0.38,0.01,0.1,1.0,see-you-later
2941.0,2946.0,3009.0,3630.0,4095.0,2418.0,2968.0,2932.0,-7.87,1.05,4.92,-0.04,0.09,-0.03,1.0,see-you-later
2951.0,2957.0,3014.0,3598.0,4095.0,2432.0,2977.0,2933.0,-7.99,1.21,4.58,0.11,0.0,-0.02,1.0,see-you-later
2928.0,2947.0,2992.0,3611.0,4095.0,2442.0,2975.0,2943.0,-8.23,1.08,4.97,-0.12,0.17,0.02,1.0,see-you-later
2945.0,2935.0,2985.0,3603.0,4095.0,2436.0,2982.0,2945.0,-8.35,1.23,4.81,-0.0,0.16,-0.05,1.0,see-you-later
2928.0,2941.0,2989.0,3620.0,4095.0,2445.0,2976.0,2961.0,-8.28,1.39,4.65,-0.03,0.07,0.03,1.0,see-you-later
2928.0,2931.0,2993.0,3621.0,4095.0,2453.0,2973.0,2943.0,-8.26,1.33,4.63,-0.05,0.01,-0.03,1.0,see-you-later
2936.0,2944.0,2998.0,3605.0,4095.0,2480.0,2978.0,2960.0,-8.25,1.39,4.66,-0.03,0.02,-0.04,1.0,see-you-later
2977.0,2934.0,2973.0,2608.0,4095.0,4095.0,2950.0,2955.0,-8.88,2.54,2.58,-0.15,0.55,0.02,1.0,see-you-later
2997.0,2943.0,2973.0,2545.0,4095.0,4095.0,2960.0,2951.0,-9.35,2.71,2.15,-0.18,0.31,0.12,1.0,see-you-later
3011.0,2945.0,2988.0,2559.0,4095.0,4095.0,2955.0,2948.0,-9.51,3.4,2.35,-0.18,0.51,0.23,1.0,see-you-later
3014.0,2955.0,2967.0,2619.0,4095.0,4095.0,2953.0,2963.0,-12.87,3.5,0.62,-0.29,1.02,0.49,1.0,see-you-later
2992.0,2943.0,2987.0,2559.0,4095.0,4095.0,2960.0,2946.0,-13.15,1.73,-3.05,-1.21,0.31,2.32,1.0,see-you-later
2983.0,2933.0,2980.0,2559.0,4095.0,4095.0,2951.0,2960.0,-5.34,3.45,0.09,-2.35,-0.37,3.05,1.0,see-you-later
2982.0,2942.0,2985.0,2586.0,4095.0,4095.0,2949.0,2907.0,-0.13,4.86,6.56,-2.6,-0.4,2.73,1.0,see-you-later
2967.0,2945.0,2974.0,2630.0,4095.0,4095.0,2929.0,2941.0,-0.59,6.32,8.83,0.89,-0.55,-0.39,1.0,see-you-later
2957.0,2961.0,2972.0,2652.0,4095.0,4095.0,2960.0,2944.0,-8.63,7.87,2.77,1.91,-3.92,0.02,1.0,see-you-later
2974.0,2955.0,2992.0,2624.0,4095.0,2607.0,2959.0,2896.0,3.06,9.95,-0.4,2.55,-4.6,-0.99,1.0,see-you-later
2926.0,2972.0,2992.0,2559.0,4095.0,2349.0,2950.0,2782.0,6.76,10.59,-3.73,0.1,-3.01,-2.44,1.0,see-you-later
2911.0,2973.0,2981.0,3472.0,4095.0,2391.0,2991.0,2395.0,-5.0,-2.97,4.09,-7.12,1.39,-6.74,1.0,see-you-later
2917.0,2951.0,2990.0,3426.0,4095.0,2405.0,3023.0,2965.0,-18.09,-6.8,5.66,-0.44,2.21,-0.78,1.0,see-you-later
2926.0,2954.0,2993.0,3667.0,4095.0,2427.0,3012.0,2961.0,-8.37,2.1,4.86,-0.35,0.34,0.36,1.0,see-you-later
2923.0,2957.0,2991.0,3609.0,4095.0,2464.0,3008.0,2971.0,-8.32,0.86,4.97,-0.18,-0.13,0.12,1.0,see-you-later
2923.0,2940.0,2978.0,3628.0,4095.0,2467.0,3013.0,2992.0,-8.01,1.59,4.93,-0.12,0.06,0.19,1.0,see-you-later
2928.0,2951.0,2988.0,3600.0,4095.0,2468.0,3010.0,2981.0,-7.96,1.65,4.98,-0.07,0.07,0.07,1.0,see-you-later
2921.0,2942.0,2981.0,3573.0,4095.0,2473.0,3009.0,2983.0,-7.98,1.85,4.71,0.04,0.1,0.02,1.0,see-you-later
2911.0,2953.0,2990.0,3582.0,4095.0,2483.0,3017.0,2979.0,-8.55,1.8,4.39,-0.03,-0.09,0.01,1.0,see-you-later
2918.0,2947.0,2973.0,3607.0,4095.0,2485.0,3022.0,2991.0,-8.35,1.54,4.82,-0.16,0.12,0.07,1.0,see-you-later
3060.0,2947.0,3004.0,2928.0,4095.0,3671.0,3037.0,2352.0,-7.94,3.32,3.0,-0.07,0.39,0.05,1.0,see-you-later
3042.0,2946.0,2992.0,2943.0,4095.0,3761.0,3030.0,1711.0,-8.48,3.45,2.73,-0.04,0.23,-0.09,1.0,see-you-later
2987.0,2930.0,2992.0,2847.0,4095.0,4028.0,2969.0,2597.0,-8.45,3.8,2.28,-0.15,0.31,0.01,1.0,see-you-later
2925.0,2941.0,2991.0,2559.0,4095.0,4095.0,2943.0,2633.0,-10.26,3.49,1.72,-0.45,0.76,0.11,1.0,see-you-later
2903.0,2939.0,2992.0,2330.0,4095.0,4095.0,2930.0,2625.0,-13.37,3.06,-0.68,-0.98,1.4,1.27,1.0,see-you-later
2966.0,2944.0,2997.0,2361.0,4095.0,4095.0,2937.0,2736.0,-10.97,3.3,-1.1,-1.97,0.61,2.69,1.0,see-you-later
2999.0,2943.0,2987.0,2427.0,4095.0,4095.0,2931.0,2735.0,-5.26,4.4,0.99,-2.7,-0.17,2.91,1.0,see-you-later
2992.0,2945.0,2991.0,2511.0,4095.0,4095.0,2941.0,2723.0,3.28,4.47,10.44,-1.77,-0.81,1.45,1.0,see-you-later
3003.0,2931.0,2983.0,2559.0,4095.0,4095.0,2931.0,2736.0,-7.07,6.19,5.3,1.51,-0.92,-0.7,1.0,see-you-later
3138.0,2935.0,2986.0,2613.0,4095.0,3645.0,2997.0,2817.0,-2.86,9.2,2.15,2.67,-4.51,0.31,1.0,see-you-later
3009.0,2960.0,2998.0,2559.0,4095.0,2630.0,2973.0,2800.0,3.72,8.91,0.55,0.63,-2.45,-0.95,1.0,see-you-later
2986.0,2945.0,2992.0,2589.0,4095.0,2447.0,2951.0,2846.0,7.57,8.92,-1.8,-1.85,-1.65,-4.59,1.0,see-you-later
3012.0,2939.0,2992.0,3217.0,4095.0,2445.0,3005.0,2789.0,-15.71,-8.86,10.41,-4.09,2.86,-4.17,1.0,see-you-later
2991.0,2944.0,3002.0,3540.0,4095.0,2433.0,2978.0,2848.0,-11.87,0.71,4.86,-0.23,0.75,0.01,1.0,see-you-later
2975.0,2942.0,2992.0,3507.0,4095.0,2466.0,2992.0,2896.0,-7.2,2.01,5.5,-0.09,0.26,0.07,1.0,see-you-later
2981.0,2947.0,2982.0,3505.0,4095.0,2481.0,2998.0,2901.0,-8.5,1.51,4.65,-0.15,0.45,-0.07,1.0,see-you-later
2974.0,2949.0,2981.0,3487.0,4095.0,2482.0,2997.0,2907.0,-7.9,1.84,4.67,-0.1,0.03,-0.12,1.0,see-you-later
2977.0,2945.0,2993.0,3476.0,4095.0,2487.0,3008.0,2915.0,-8.37,1.47,4.76,-0.12,0.21,-0.03,1.0,see-you-later
2960.0,2959.0,2989.0,3485.0,4095.0,2490.0,3006.0,2919.0,-8.38,1.7,4.51,0.04,-0.03,-0.09,1.0,see-you-later
2966.0,2941.0,2992.0,3471.0,4095.0,2509.0,2999.0,2897.0,-8.57,1.31,4.57,-0.06,-0.01,-0.04,1.0,see-you-later
3056.0,2945.0,2989.0,3223.0,4095.0,4095.0,4001.0,3243.0,-8.3,1.24,4.7,-0.1,0.16,-0.12,1.0,see-you-later
3037.0,2941.0,2995.0,3219.0,4095.0,4093.0,3854.0,3141.0,-8.36,1.55,4.56,-0.0,0.08,0.02,1.0,see-you-later
3021.0,2955.0,2982.0,3207.0,4095.0,4053.0,3841.0,3127.0,-8.66,1.07,4.33,0.1,0.08,0.11,1.0,see-you-later
3002.0,2960.0,2992.0,3181.0,4095.0,4095.0,3665.0,3021.0,-8.27,1.54,3.97,0.02,0.26,0.1,1.0,see-you-later
2897.0,2939.0,2991.0,2907.0,4095.0,4095.0,3316.0,2992.0,-7.5,2.37,4.54,-0.04,0.64,0.12,1.0,see-you-later
2800.0,2944.0,2978.0,2686.0,4095.0,4095.0,2944.0,2769.0,-11.97,2.53,0.98,-0.14,3.26,0.62,1.0,see-you-later
2890.0,2944.0,2991.0,2448.0,4095.0,4095.0,2918.0,2798.0,-15.29,2.26,-5.03,-1.07,0.92,2.19,1.0,see-you-later
3005.0,2931.0,2986.0,2447.0,4095.0,4095.0,2899.0,2773.0,-8.75,3.47,-2.64,-2.77,-0.63,2.96,1.0,see-you-later
3059.0,2941.0,2987.0,2486.0,4095.0,4095.0,2896.0,2742.0,-1.58,3.32,4.57,-2.93,-0.83,2.49,1.0,see-you-later
3015.0,2939.0,2989.0,2515.0,4095.0,4095.0,2927.0,2814.0,1.49,4.74,11.59,0.95,-1.9,-0.79,1.0,see-you-later
3039.0,2938.0,2994.0,2587.0,4095.0,4095.0,2947.0,2891.0,-8.82,7.92,2.57,2.24,-1.87,-0.67,1.0,see-you-later
2979.0,2944.0,2992.0,2614.0,4095.0,2661.0,2975.0,2926.0,0.33,9.82,0.93,1.15,-3.85,-0.53,1.0,see-you-later
2939.0,2947.0,2986.0,2677.0,4095.0,2416.0,2946.0,2869.0,5.65,10.7,-1.47,0.39,-1.79,-1.98,1.0,see-you-later
2954.0,2951.0,2987.0,3101.0,4095.0,2410.0,2977.0,2825.0,-8.09,-3.08,4.48,-6.14,2.95,-6.32,1.0,see-you-later
2974.0,2943.0,2987.0,3299.0,4095.0,2454.0,3002.0,2871.0,-16.18,-2.33,5.41,0.65,-1.44,-0.4,1.0,see-you-later
2961.0,2944.0,2989.0,3360.0,4095.0,2483.0,2987.0,2939.0,-7.25,2.19,5.99,0.02,-0.63,0.21,1.0,see-you-later
2960.0,2945.0,2981.0,3359.0,4095.0,2483.0,3006.0,2945.0,-7.57,2.02,4.79,0.1,0.11,-0.13,1.0,see-you-later
2953.0,2955.0,2989.0,3375.0,4095.0,2496.0,2996.0,2943.0,-7.48,2.11,4.63,-0.05,0.05,-0.07,1.0,see-you-later
2959.0,2944.0,2995.0,3356.0,4095.0,2510.0,2997.0,2944.0,-8.18,1.98,4.8,0.06,0.03,-0.08,1.0,see-you-later
2944.0,2935.0,2992.0,3397.0,4095.0,2502.0,2999.0,2950.0,-8.0,2.39,4.82,0.09,0.09,-0.14,1.0,see-you-later
2979.0,2953.0,2979.0,2797.0,4095.0,4095.0,3035.0,3066.0,-8.84,2.32,3.16,0.02,0.09,0.01,1.0,see-you-later
2947.0,2956.0,2983.0,2929.0,4095.0,4095.0,3025.0,3063.0,-8.5,2.26,3.08,-0.01,0.16,0.01,1.0,see-you-later
2949.0,2954.0,2975.0,3059.0,4095.0,4095.0,3033.0,3063.0,-9.12,2.41,2.58,-0.06,0.35,-0.02,1.0,see-you-later
3051.0,2940.0,2992.0,2974.0,4095.0,4095.0,2971.0,2875.0,-9.01,3.5,2.33,-0.17,0.47,0.08,1.0,see-you-later
3053.0,2938.0,2982.0,2585.0,4095.0,4095.0,2928.0,2842.0,-12.08,2.67,1.8,-0.13,0.64,0.39,1.0,see-you-later
3070.0,2933.0,2992.0,2382.0,4095.0,4095.0,2928.0,2826.0,-15.71,0.8,-2.83,-1.71,1.12,2.67,1.0,see-you-later
3094.0,2934.0,2983.0,2480.0,4095.0,4095.0,2927.0,2785.0,-7.6,3.2,0.1,-2.37,-0.72,3.21,1.0,see-you-later
3059.0,2938.0,2978.0,2479.0,4095.0,4095.0,2928.0,2837.0,1.94,3.2,5.7,-3.21,-1.31,2.31,1.0,see-you-later
3055.0,2947.0,2981.0,2448.0,4095.0,4095.0,2939.0,2867.0,0.87,4.37,9.18,1.6,-1.2,-1.02,1.0,see-you-later
3087.0,2944.0,2975.0,2451.0,4095.0,4015.0,2983.0,2865.0,-7.24,8.69,1.79,2.87,-2.17,0.38,1.0,see-you-later
3086.0,2944.0,2983.0,2540.0,4095.0,2675.0,2975.0,2927.0,3.05,9.47,0.96,0.53,-1.37,-0.0,1.0,see-you-later
2928.0,2971.0,2969.0,2640.0,4095.0,2338.0,2959.0,2294.0,8.32,8.32,-2.41,-0.89,-1.92,-3.64,1.0,see-you-later
2933.0,2950.0,2989.0,3291.0,4095.0,2358.0,2992.0,2850.0,-16.83,-5.96,8.76,-5.21,3.49,-5.61,1.0,see-you-later
2933.0,2947.0,2992.0,3395.0,4095.0,2384.0,2992.0,2948.0,-11.54,1.48,5.15,0.25,0.19,-0.21,1.0,see-you-later
2935.0,2950.0,2983.0,3463.0,4095.0,2401.0,2992.0,2933.0,-7.6,2.47,5.07,-0.09,-0.09,-0.22,1.0,see-you-later
2928.0,2949.0,2987.0,3498.0,4095.0,2405.0,2987.0,2944.0,-7.92,1.4,4.64,-0.0,0.02,-0.17,1.0,see-you-later
2947.0,2945.0,2991.0,3499.0,4095.0,2417.0,2995.0,2958.0,-8.17,2.07,4.57,-0.06,0.22,-0.13,1.0,see-you-later
2931.0,2951.0,2983.0,3506.0,4095.0,2436.0,2998.0,2958.0,-8.17,1.83,4.92,-0.15,-0.02,-0.12,1.0,see-you-later
2933.0,2960.0,2986.0,3494.0,4095.0,2418.0,3008.0,2949.0,-8.43,1.8,4.88,0.03,-0.02,-0.11,1.0,see-you-later
2933.0,2954.0,2983.0,3472.0,4095.0,2432.0,2998.0,2971.0,-8.28,1.6,4.69,-0.09,0.05,-0.01,1.0,see-you-later
3171.0,2944.0,2970.0,2839.0,4095.0,4095.0,3095.0,2954.0,-8.74,0.75,4.18,-0.13,0.39,0.15,1.0,see-you-later
3126.0,2944.0,2967.0,2842.0,4095.0,4095.0,3067.0,2944.0,-8.56,1.03,3.6,0.11,0.08,0.18,1.0,see-you-later
3120.0,2949.0,2967.0,2895.0,4095.0,4095.0,3067.0,2951.0,-8.13,1.33,3.84,0.01,0.03,0.02,1.0,see-you-later
3089.0,2941.0,2982.0,2654.0,4095.0,4095.0,3013.0,2865.0,-8.99,2.36,4.33,0.12,1.04,0.08,1.0,see-you-later
3071.0,2946.0,2970.0,2463.0,4095.0,4095.0,2947.0,2786.0,-13.59,1.13,0.3,-0.48,2.03,0.72,1.0,see-you-later
3035.0,2945.0,2986.0,2266.0,4095.0,4095.0,2933.0,2738.0,-13.13,0.02,-5.19,-1.53,1.09,2.17,1.0,see-you-later
3024.0,2948.0,2978.0,2368.0,4095.0,4095.0,2928.0,2719.0,-9.45,2.36,-2.01,-2.61,0.09,2.84,1.0,see-you-later
3002.0,2949.0,2966.0,2398.0,4095.0,4095.0,2929.0,2799.0,-1.88,2.08,3.8,-3.58,-0.35,3.0,1.0,see-you-later
2992.0,2943.0,2978.0,2465.0,4095.0,4095.0,2935.0,2862.0,1.35,5.53,13.4,1.53,-1.14,-0.43,1.0,see-you-later
2957.0,2956.0,2991.0,2544.0,4095.0,4095.0,2995.0,2944.0,-10.43,7.39,-1.04,2.66,-4.6,0.82,1.0,see-you-later
2999.0,2959.0,2978.0,2337.0,4095.0,2512.0,2930.0,2639.0,5.35,9.98,-1.0,1.13,-3.27,-0.73,1.0,see-you-later
2942.0,2980.0,2977.0,2717.0,4095.0,2311.0,2945.0,2738.0,8.38,8.66,-3.36,-2.34,-2.72,-4.92,1.0,see-you-later
2960.0,2958.0,2978.0,3543.0,4095.0,2372.0,2997.0,2857.0,-24.09,-11.9,11.3,-1.03,2.09,-1.38,1.0,see-you-later
2943.0,2948.0,2986.0,3646.0,4095.0,2378.0,2966.0,2923.0,-8.35,3.51,4.96,-0.31,0.36,0.14,1.0,see-you-later
2929.0,2951.0,2985.0,3638.0,4095.0,2401.0,2983.0,2929.0,-7.56,2.1,4.62,-0.16,0.12,-0.13,1.0,see-you-later
2933.0,2957.0,2991.0,3583.0,4095.0,2438.0,2980.0,2937.0,-7.71,2.18,4.96,-0.1,0.1,-0.2,1.0,see-you-later
2955.0,2960.0,2990.0,3582.0,4095.0,2447.0,2962.0,2947.0,-8.37,1.93,4.87,-0.09,0.12,-0.1,1.0,see-you-later
2951.0,2948.0,2992.0,3583.0,4095.0,2438.0,2986.0,2957.0,-8.54,1.86,4.74,-0.2,0.1,-0.09,1.0,see-you-later
2945.0,2967.0,2979.0,3554.0,4095.0,2450.0,2994.0,2943.0,-8.16,1.73,4.58,-0.07,0.09,0.06,1.0,see-you-later
2938.0,2951.0,2977.0,3557.0,4095.0,2457.0,2971.0,2954.0,-8.09,2.32,4.33,-0.18,0.07,-0.12,1.0,see-you-later
3088.0,2950.0,2981.0,2880.0,4095.0,4095.0,3245.0,3037.0,-8.32,2.04,3.86,0.07,0.6,-0.18,1.0,see-you-later
3165.0,2947.0,2971.0,2966.0,4095.0,4095.0,3234.0,3041.0,-9.02,2.43,2.9,0.0,0.46,-0.03,1.0,see-you-later
3125.0,2945.0,2981.0,2861.0,4095.0,4095.0,3049.0,2975.0,-9.48,2.07,2.98,-0.11,0.19,0.16,1.0,see-you-later
3082.0,2949.0,2981.0,3050.0,4095.0,4095.0,2981.0,2781.0,-9.77,2.74,2.28,-0.28,0.48,0.35,1.0,see-you-later
3046.0,2938.0,2965.0,2554.0,4095.0,4095.0,2958.0,2785.0,-16.34,0.79,-1.12,-1.61,2.33,1.64,1.0,see-you-later
3023.0,2945.0,2969.0,2519.0,4095.0,4095.0,2959.0,2699.0,-10.19,1.46,-1.43,-2.52,-0.12,3.23,1.0,see-you-later
2992.0,2944.0,2987.0,2483.0,4095.0,4095.0,2963.0,2743.0,-2.41,3.17,4.1,-2.61,-0.35,2.74,1.0,see-you-later
2983.0,2943.0,2963.0,2449.0,4095.0,4095.0,2960.0,2781.0,3.42,4.88,12.84,-0.03,-0.94,-0.15,1.0,see-you-later
2959.0,2946.0,2960.0,2491.0,4095.0,4095.0,2971.0,2811.0,-9.76,7.03,3.61,2.43,-2.05,-0.58,1.0,see-you-later
3054.0,2947.0,2965.0,2496.0,4095.0,3192.0,2999.0,2768.0,-3.43,8.54,0.38,2.59,-4.05,0.68,1.0,see-you-later
3003.0,2959.0,2975.0,2285.0,4095.0,2402.0,2969.0,2761.0,4.78,9.15,-1.53,1.18,-3.62,-0.87,1.0,see-you-later
2939.0,2965.0,2978.0,2918.0,4095.0,2331.0,2977.0,2836.0,5.88,6.92,-3.13,-4.56,0.18,-5.5,1.0,see-you-later
2943.0,2951.0,2973.0,3583.0,4095.0,2422.0,3048.0,2918.0,-19.06,-9.28,10.33,-0.66,-0.9,-2.06,1.0,see-you-later
2947.0,2945.0,2976.0,3651.0,4095.0,2437.0,3024.0,2965.0,-9.18,1.57,5.9,-0.56,0.83,0.36,1.0,see-you-later
2953.0,2939.0,2975.0,3725.0,4095.0,2459.0,3024.0,2981.0,-7.35,2.06,4.85,-0.05,0.27,-0.07,1.0,see-you-later
2947.0,2950.0,2987.0,3727.0,4095.0,2467.0,3024.0,2981.0,-7.92,1.83,5.07,-0.11,0.15,0.05,1.0,see-you-later
2955.0,2947.0,2975.0,3699.0,4095.0,2475.0,3041.0,2986.0,-8.17,1.79,5.22,-0.11,0.31,-0.05,1.0,see-you-later
2946.0,2956.0,2975.0,3721.0,4095.0,2474.0,3041.0,2984.0,-8.41,1.64,5.04,-0.12,0.06,-0.09,1.0,see-you-later
2934.0,2949.0,2969.0,3695.0,4095.0,2486.0,3030.0,2992.0,-8.39,1.58,4.98,-0.06,0.13,0.02,1.0,see-you-later
2941.0,2949.0,2991.0,3698.0,4095.0,2498.0,3037.0,2987.0,-8.17,1.73,4.81,-0.1,0.16,-0.02,1.0,see-you-later
3010.0,2943.0,2982.0,2987.0,4095.0,4095.0,3047.0,2677.0,-9.4,2.09,3.2,-0.14,1.15,0.68,1.0,see-you-later
3022.0,2947.0,2991.0,2922.0,4095.0,4095.0,3027.0,2753.0,-8.39,2.81,2.3,-0.2,0.6,0.6,1.0,see-you-later
3026.0,2950.0,2970.0,2707.0,4095.0,4095.0,3039.0,2788.0,-8.05,2.92,2.43,-0.08,0.25,0.18,1.0,see-you-later
3035.0,2944.0,2985.0,2875.0,4095.0,4095.0,3019.0,2813.0,-9.16,3.41,1.8,-0.13,0.61,0.17,1.0,see-you-later
3006.0,2935.0,2960.0,2176.0,4095.0,4095.0,2991.0,2785.0,-12.42,3.29,-0.33,-0.62,1.15,0.84,1.0,see-you-later
2961.0,2935.0,2973.0,2430.0,4095.0,4095.0,2960.0,2761.0,-11.02,3.43,-4.25,-1.89,0.2,2.51,1.0,see-you-later
2969.0,2938.0,2989.0,2443.0,4095.0,4095.0,2943.0,2806.0,-5.88,2.44,3.16,-3.62,-0.14,2.64,1.0,see-you-later
2959.0,2943.0,2983.0,2487.0,4095.0,4095.0,2949.0,2759.0,5.01,4.02,14.95,-0.08,-0.91,0.21,1.0,see-you-later
2939.0,2943.0,2981.0,2559.0,4095.0,4095.0,2992.0,2855.0,-12.33,6.56,3.72,2.37,-2.94,-0.37,1.0,see-you-later
2909.0,2961.0,2981.0,2663.0,4095.0,2938.0,3021.0,2849.0,2.04,9.26,-1.27,2.78,-4.12,0.05,1.0,see-you-later
2951.0,2957.0,2982.0,2415.0,4095.0,2378.0,2985.0,2801.0,6.52,8.89,-1.84,0.52,-2.74,-1.45,1.0,see-you-later
2912.0,2987.0,2977.0,2806.0,4095.0,2319.0,2989.0,2835.0,6.92,4.49,-2.04,-4.88,0.03,-6.43,1.0,see-you-later
2918.0,2960.0,2976.0,3580.0,4095.0,2455.0,3050.0,2880.0,-23.55,-14.05,9.88,-0.8,1.66,-1.9,1.0,see-you-later
2923.0,2958.0,2994.0,3723.0,4095.0,2467.0,3015.0,2954.0,-8.55,2.72,5.12,-0.25,0.51,0.39,1.0,see-you-later
2919.0,2951.0,2970.0,3712.0,4095.0,2475.0,3008.0,2951.0,-7.74,0.93,5.04,-0.02,0.12,0.02,1.0,see-you-later
2927.0,2957.0,2976.0,3721.0,4095.0,2494.0,3016.0,2966.0,-7.98,1.04,4.74,-0.02,0.03,-0.01,1.0,see-you-later
2928.0,2947.0,2973.0,3731.0,4095.0,2485.0,3009.0,2967.0,-7.86,1.35,4.99,-0.32,0.3,0.01,1.0,see-you-later
2934.0,2943.0,2987.0,3727.0,4095.0,2496.0,3019.0,2971.0,-8.33,1.2,4.65,-0.09,0.07,-0.0,1.0,see-you-later
2928.0,2957.0,2979.0,3728.0,4095.0,2503.0,3014.0,2963.0,-8.1,1.1,5.0,-0.14,0.08,0.0,1.0,see-you-later
2929.0,2948.0,2991.0,3713.0,4095.0,2512.0,3020.0,2972.0,-8.35,1.19,4.7,0.03,-0.03,-0.04,1.0,see-you-later
3787.0,2965.0,2992.0,3071.0,4095.0,4095.0,4016.0,3223.0,-8.7,0.7,4.27,-0.09,0.42,0.12,1.0,see-you-later
3598.0,2949.0,2979.0,3001.0,4095.0,4095.0,3435.0,3023.0,-9.13,1.02,3.46,-0.03,0.45,0.18,1.0,see-you-later
3392.0,2959.0,2979.0,2961.0,4095.0,4095.0,3191.0,2999.0,-8.89,1.13,2.83,0.04,0.01,0.35,1.0,see-you-later
3120.0,2950.0,2972.0,2941.0,4095.0,4095.0,3091.0,3023.0,-8.83,1.82,3.41,-0.26,0.78,0.2,1.0,see-you-later
2997.0,2949.0,2981.0,2704.0,4095.0,4095.0,3023.0,2846.0,-14.65,0.94,-0.13,-0.84,2.23,1.44,1.0,see-you-later
2963.0,2935.0,2975.0,2502.0,4095.0,4095.0,2970.0,2813.0,-11.73,0.74,-3.15,-1.86,0.27,2.87,1.0,see-you-later
2950.0,2957.0,2966.0,2454.0,4095.0,4095.0,2941.0,2844.0,-6.06,2.05,0.78,-3.22,-0.2,3.25,1.0,see-you-later
2947.0,2944.0,2990.0,2392.0,4095.0,4095.0,2949.0,2846.0,7.65,4.1,16.73,-0.66,-1.62,0.96,1.0,see-you-later
2938.0,2960.0,2987.0,2512.0,4095.0,4095.0,2935.0,2877.0,-12.3,5.76,3.67,2.63,-2.3,-1.06,1.0,see-you-later
2932.0,2951.0,2989.0,2591.0,4095.0,3330.0,3024.0,2919.0,-1.35,9.34,0.01,2.71,-3.67,0.87,1.0,see-you-later
2959.0,2956.0,2975.0,2603.0,4095.0,2435.0,2992.0,2833.0,6.88,8.76,-1.11,0.48,-2.69,-1.5,1.0,see-you-later
2928.0,2980.0,2981.0,2771.0,4095.0,2367.0,2992.0,2815.0,6.14,5.36,-1.48,-5.31,-0.61,-6.17,1.0,see-you-later
2928.0,2951.0,2982.0,3664.0,4095.0,2480.0,3067.0,2933.0,-21.72,-11.52,8.52,1.37,1.25,-0.57,1.0,see-you-later
2918.0,2961.0,2986.0,3671.0,4095.0,2505.0,3025.0,2974.0,-7.33,4.35,3.94,-0.27,-0.38,0.44,1.0,see-you-later
2931.0,2946.0,2986.0,3719.0,4095.0,2510.0,3041.0,3027.0,-7.25,2.11,5.39,-0.02,-0.37,0.04,1.0,see-you-later
2933.0,2949.0,2981.0,3730.0,4095.0,2530.0,3054.0,3049.0,-7.92,2.45,4.7,0.07,-0.24,-0.02,1.0,see-you-later
2930.0,2945.0,2985.0,3731.0,4095.0,2522.0,3050.0,3047.0,-7.9,2.16,5.16,-0.08,0.12,-0.09,1.0,see-you-later
2928.0,2946.0,2985.0,3716.0,4095.0,2547.0,3051.0,3045.0,-8.16,2.21,4.55,0.02,0.07,-0.07,1.0,see-you-later
2939.0,2950.0,2976.0,3717.0,4095.0,2550.0,3051.0,3056.0,-8.38,2.28,4.77,-0.09,-0.03,-0.04,1.0,see-you-later
2922.0,2950.0,2989.0,3692.0,4095.0,2543.0,3054.0,3056.0,-8.27,2.26,4.59,-0.06,0.07,0.04,1.0,see-you-later
3003.0,2943.0,2995.0,2929.0,4095.0,4095.0,3056.0,2748.0,-8.4,1.59,2.52,-0.05,0.08,-0.05,1.0,see-you-later
3008.0,2945.0,2971.0,2549.0,4095.0,4095.0,3057.0,2899.0,-9.19,0.68,2.8,-0.2,0.09,0.03,1.0,see-you-later
3023.0,2945.0,2989.0,2559.0,4095.0,4095.0,3066.0,2839.0,-8.9,1.91,3.06,-0.09,0.2,-0.19,1.0,see-you-later
3022.0,2935.0,2982.0,2853.0,4095.0,4095.0,3025.0,2743.0,-11.91,2.09,2.88,-0.07,0.55,0.34,1.0,see-you-later
3047.0,2945.0,2979.0,2370.0,4095.0,4095.0,2950.0,2832.0,-12.39,1.15,-0.07,-1.09,2.08,1.86,1.0,see-you-later
3088.0,2954.0,2974.0,2429.0,4095.0,4095.0,2927.0,2695.0,-12.51,-0.23,-3.56,-2.3,0.71,3.15,1.0,see-you-later
3007.0,2935.0,2997.0,2391.0,4095.0,4095.0,2929.0,2817.0,-1.26,4.37,2.39,-3.27,-0.01,2.91,1.0,see-you-later
3053.0,2942.0,2990.0,2519.0,4095.0,4095.0,2942.0,2826.0,2.53,3.93,12.94,0.57,-0.95,-0.53,1.0,see-you-later
3005.0,2960.0,2980.0,2509.0,4095.0,4095.0,2967.0,2883.0,-13.02,8.39,2.4,3.01,-5.45,-0.24,1.0,see-you-later
3469.0,2948.0,2992.0,2369.0,4095.0,2783.0,3001.0,2852.0,1.05,9.1,-2.27,1.82,-3.1,0.22,1.0,see-you-later
3017.0,2951.0,2980.0,2416.0,4095.0,2453.0,2993.0,2797.0,9.21,10.14,-4.26,0.2,-1.33,-2.43,1.0,see-you-later
3042.0,2937.0,2985.0,3414.0,4095.0,2475.0,3027.0,2880.0,-9.73,-8.77,8.82,-7.56,3.77,-6.65,1.0,see-you-later
3045.0,2937.0,2986.0,3583.0,4095.0,2463.0,3039.0,2820.0,-12.79,-0.24,6.15,0.67,-0.86,-0.59,1.0,see-you-later
3021.0,2939.0,2991.0,3783.0,4095.0,2503.0,3047.0,2896.0,-8.61,1.13,5.78,0.09,-0.24,-0.08,1.0,see-you-later
3008.0,2951.0,2987.0,3753.0,4095.0,2492.0,3043.0,2865.0,-8.14,1.5,4.73,-0.16,0.2,0.03,1.0,see-you-later
3001.0,2949.0,2997.0,3781.0,4095.0,2512.0,3035.0,2874.0,-8.15,1.77,4.73,-0.16,0.11,-0.07,1.0,see-you-later
3009.0,2944.0,2997.0,3764.0,4095.0,2512.0,3047.0,2955.0,-8.52,1.11,4.78,-0.08,-0.05,0.0,1.0,see-you-later
3003.0,2943.0,2989.0,3775.0,4095.0,2514.0,3043.0,2973.0,-8.06,1.74,4.72,-0.11,0.0,-0.02,1.0,see-you-later
2991.0,2943.0,2985.0,3786.0,4095.0,2524.0,3049.0,2966.0,-8.33,1.21,4.86,-0.18,0.09,-0.02,1.0,see-you-later
3009.0,2944.0,2991.0,3792.0,4095.0,2528.0,3039.0,2970.0,-7.99,1.38,5.07,-0.14,0.11,-0.07,1.0,see-you-later
3137.0,2946.0,2971.0,3152.0,4095.0,4095.0,2992.0,2935.0,-10.06,-0.4,4.91,-0.14,0.68,0.8,1.0,see-you-later
3184.0,2943.0,2972.0,2688.0,4095.0,4095.0,2965.0,2927.0,-9.21,0.82,3.66,0.1,1.08,1.18,1.0,see-you-later
3120.0,2941.0,2988.0,2503.0,4095.0,4095.0,2922.0,2861.0,-9.5,0.74,-0.1,-0.73,2.08,1.26,1.0,see-you-later
3071.0,2942.0,2979.0,2539.0,4095.0,4095.0,2912.0,2821.0,-15.08,1.12,-4.7,-1.64,1.35,1.88,1.0,see-you-later
3041.0,2942.0,2983.0,2557.0,4095.0,4095.0,2931.0,2843.0,-8.91,2.33,-1.58,-2.59,-0.21,3.0,1.0,see-you-later
3002.0,2946.0,2983.0,2597.0,4095.0,4095.0,2938.0,2867.0,-2.85,2.74,6.1,-2.67,-0.87,2.27,1.0,see-you-later
2998.0,2939.0,2974.0,2595.0,4095.0,4095.0,2937.0,2896.0,-0.32,4.92,9.67,0.8,-1.44,-0.74,1.0,see-you-later
3007.0,2960.0,2989.0,2766.0,4095.0,4095.0,2970.0,2946.0,-11.58,7.62,3.98,2.93,-5.1,-0.6,1.0,see-you-later
3162.0,2959.0,2979.0,2805.0,4095.0,2585.0,3001.0,2960.0,-1.45,8.53,-0.56,2.81,-3.92,0.5,1.0,see-you-later
3015.0,2947.0,2983.0,2480.0,4095.0,2380.0,2970.0,2857.0,8.55,11.2,-3.81,-0.13,-2.4,-2.42,1.0,see-you-later
3007.0,2962.0,2995.0,3097.0,4095.0,2384.0,3003.0,2879.0,-3.76,-1.82,2.83,-5.72,1.38,-5.98,1.0,see-you-later
3010.0,2954.0,2985.0,3502.0,4095.0,2442.0,3053.0,2896.0,-17.74,-5.5,7.3,-0.05,0.99,-1.25,1.0,see-you-later
2987.0,2957.0,2968.0,3664.0,4095.0,2478.0,3027.0,2928.0,-8.54,1.57,5.91,-0.22,0.15,0.14,1.0,see-you-later
2975.0,2951.0,2981.0,3727.0,4095.0,2480.0,3040.0,2957.0,-8.23,0.93,4.58,-0.12,0.28,0.0,1.0,see-you-later
2986.0,2958.0,2981.0,3695.0,4095.0,2480.0,3025.0,2953.0,-7.91,1.43,4.46,-0.15,0.2,-0.05,1.0,see-you-later
2983.0,2947.0,2979.0,3682.0,4095.0,2502.0,3025.0,2950.0,-8.21,1.06,5.08,-0.1,-0.04,-0.17,1.0,see-you-later
2971.0,2943.0,2991.0,3678.0,4095.0,2505.0,3033.0,2947.0,-8.26,1.36,4.8,-0.02,0.03,-0.02,1.0,see-you-later
2991.0,2959.0,2983.0,3661.0,4095.0,2510.0,3037.0,2949.0,-8.38,1.31,4.75,-0.08,0.07,-0.01,1.0,see-you-later
2977.0,2930.0,2992.0,3681.0,4095.0,2505.0,3042.0,2970.0,-8.4,1.22,4.69,-0.07,0.02,0.03,1.0,see-you-later
2971.0,2944.0,2974.0,3665.0,4095.0,2519.0,3033.0,2965.0,-8.21,1.32,4.64,-0.08,0.06,0.0,1.0,see-you-later
3053.0,2940.0,2981.0,2801.0,4095.0,4095.0,3024.0,2981.0,-9.36,1.95,1.62,0.21,0.18,0.06,1.0,see-you-later
3043.0,2943.0,2977.0,2672.0,4095.0,4095.0,2974.0,2942.0,-10.07,2.31,1.36,-0.08,0.05,0.2,1.0,see-you-later
3022.0,2941.0,2988.0,2436.0,4095.0,4095.0,2945.0,2923.0,-10.77,1.31,1.29,-0.34,0.51,0.78,1.0,see-you-later
3009.0,2944.0,2995.0,2401.0,4095.0,4095.0,2930.0,2927.0,-9.54,2.48,0.57,-0.66,0.48,0.99,1.0,see-you-later
3051.0,2935.0,2989.0,2471.0,4095.0,4095.0,2945.0,2926.0,-10.23,2.95,-0.11,-0.82,0.63,0.95,1.0,see-you-later
3081.0,2943.0,2992.0,2483.0,4095.0,4095.0,2941.0,2912.0,-11.91,3.75,-2.75,-1.36,0.07,1.87,1.0,see-you-later
3056.0,2933.0,2992.0,2493.0,4095.0,4095.0,2938.0,2929.0,-6.1,4.1,1.41,-2.41,-0.74,2.36,1.0,see-you-later
3021.0,2955.0,2992.0,2477.0,4095.0,4095.0,2936.0,2896.0,-1.43,3.87,6.64,-2.24,-0.59,1.79,1.0,see-you-later
3010.0,2933.0,2982.0,2480.0,4095.0,4095.0,2945.0,2929.0,-3.97,5.09,7.66,1.31,-0.52,-0.45,1.0,see-you-later
3014.0,2942.0,2989.0,2514.0,4095.0,4095.0,2994.0,2994.0,-5.05,8.83,2.22,3.0,-5.59,0.35,1.0,see-you-later
2994.0,2955.0,2994.0,2556.0,4095.0,2512.0,2975.0,2892.0,3.84,9.4,0.61,1.08,-3.51,-0.71,1.0,see-you-later
2953.0,2954.0,2993.0,2553.0,4095.0,2329.0,2971.0,2879.0,6.31,8.78,-2.29,-0.72,-2.2,-3.58,1.0,see-you-later
2939.0,2951.0,2986.0,3581.0,4095.0,2383.0,3003.0,2778.0,-8.58,-7.55,8.3,-7.19,3.27,-6.25,1.0,see-you-later
2937.0,2932.0,2992.0,3903.0,4095.0,2418.0,3002.0,2891.0,-13.46,-1.3,5.73,0.61,-0.9,-0.16,1.0,see-you-later
2935.0,2958.0,2979.0,3897.0,4095.0,2453.0,3013.0,2982.0,-8.38,0.52,5.89,-0.07,-0.33,0.11,1.0,see-you-later
2931.0,2960.0,2992.0,3884.0,4095.0,2477.0,3014.0,2992.0,-8.14,0.77,5.33,0.02,0.15,0.02,1.0,see-you-later
2941.0,2950.0,2992.0,3866.0,4095.0,2492.0,3010.0,2995.0,-8.08,0.83,5.25,-0.13,0.26,-0.02,1.0,see-you-later
2940.0,2947.0,2981.0,3851.0,4095.0,2496.0,3014.0,3010.0,-8.11,0.83,5.5,-0.09,0.15,0.04,1.0,see-you-later
2934.0,2947.0,2987.0,3849.0,4095.0,2503.0,3024.0,3014.0,-8.14,1.02,4.98,-0.12,0.16,-0.0,1.0,see-you-later
2951.0,2938.0,2993.0,3806.0,4095.0,2504.0,3001.0,3008.0,-8.18,0.95,4.89,0.03,-0.0,0.08,1.0,see-you-later
2898.0,2950.0,2978.0,2774.0,4095.0,4095.0,2986.0,2903.0,-7.45,0.89,4.9,-0.3,0.82,0.08,1.0,see-you-later
2842.0,2944.0,2975.0,2403.0,4095.0,4095.0,2955.0,2942.0,-8.92,0.47,4.6,-0.35,1.21,0.23,1.0,see-you-later
2864.0,2928.0,2983.0,2511.0,4095.0,4095.0,2928.0,2915.0,-7.31,1.51,2.67,-0.67,2.56,0.22,1.0,see-you-later
2938.0,2949.0,2977.0,2447.0,4095.0,4095.0,2917.0,2927.0,-20.57,-1.85,-7.5,-1.38,2.01,1.8,1.0,see-you-later
2955.0,2954.0,2977.0,2417.0,4095.0,4095.0,2919.0,2899.0,-9.5,0.53,-2.15,-2.34,-1.21,3.57,1.0,see-you-later
2992.0,2935.0,2986.0,2483.0,4095.0,4095.0,2929.0,2928.0,-3.95,3.05,0.4,-2.76,-1.07,2.79,1.0,see-you-later
2987.0,2958.0,2986.0,2547.0,4095.0,4095.0,2928.0,2931.0,0.11,3.62,8.16,-2.2,-0.9,1.58,1.0,see-you-later
2978.0,2947.0,2991.0,2559.0,4095.0,4095.0,2935.0,2943.0,-5.73,4.86,7.55,1.43,-0.75,-0.77,1.0,see-you-later
2971.0,2945.0,2979.0,2508.0,4095.0,4095.0,2965.0,2983.0,-5.35,8.49,2.76,2.91,-5.22,-0.2,1.0,see-you-later
2998.0,2961.0,2985.0,2630.0,4095.0,2501.0,2978.0,2909.0,3.73,9.32,-0.3,1.0,-3.25,-0.3,1.0,see-you-later
2959.0,2946.0,2987.0,2548.0,4095.0,2320.0,2943.0,2854.0,9.05,9.31,-3.49,-0.66,-1.8,-4.38,1.0,see-you-later
2978.0,2943.0,2986.0,3446.0,4095.0,2368.0,2997.0,2864.0,-12.74,-9.74,9.04,-6.53,3.69,-5.76,1.0,see-you-later
2971.0,2951.0,2983.0,3673.0,4095.0,2377.0,2979.0,2975.0,-13.37,-0.8,5.07,0.95,-2.11,-0.14,1.0,see-you-later
2961.0,2940.0,2979.0,3675.0,4095.0,2435.0,2994.0,2992.0,-7.24,0.64,6.08,0.14,-0.84,0.04,1.0,see-you-later
2955.0,2943.0,2986.0,3664.0,4095.0,2448.0,2993.0,2989.0,-7.84,0.69,5.36,-0.08,-0.26,-0.09,1.0,see-you-later
2963.0,2949.0,2976.0,3638.0,4095.0,2463.0,3007.0,2995.0,-8.25,0.6,5.18,-0.17,0.07,-0.11,1.0,see-you-later
2967.0,2943.0,2985.0,3637.0,4095.0,2474.0,3013.0,3001.0,-8.21,1.0,5.15,-0.16,0.05,0.0,1.0,see-you-later
2960.0,2928.0,2986.0,3648.0,4095.0,2467.0,3003.0,3007.0,-8.52,0.62,4.84,-0.11,0.27,-0.09,1.0,see-you-later
2954.0,2933.0,2966.0,3636.0,4095.0,2480.0,3002.0,3008.0,-8.1,1.01,4.93,-0.06,-0.05,0.01,1.0,see-you-later
2967.0,2942.0,2977.0,3618.0,4095.0,2485.0,3006.0,2998.0,-8.39,0.68,5.03,0.01,-0.04,0.03,1.0,see-you-later
3227.0,3045.0,2990.0,3065.0,4095.0,3632.0,3647.0,3255.0,-7.44,0.21,5.66,-0.06,0.26,0.09,1.0,see-you-later
2955.0,2958.0,2986.0,3091.0,4095.0,3874.0,3246.0,2974.0,-7.84,-0.11,5.67,-0.13,0.18,0.12,1.0,see-you-later
2909.0,2946.0,2983.0,3055.0,4095.0,4095.0,3106.0,2983.0,-6.96,0.73,5.56,-0.69,1.03,0.21,1.0,see-you-later
2896.0,2929.0,2979.0,2896.0,4095.0,4095.0,2992.0,2863.0,-9.16,2.18,5.53,-0.51,2.81,0.85,1.0,see-you-later
2910.0,2942.0,2975.0,2355.0,4095.0,4095.0,2981.0,2708.0,-13.93,-0.51,-1.59,-0.2,2.52,1.07,1.0,see-you-later
2964.0,2942.0,2975.0,2419.0,4095.0,4095.0,2946.0,2800.0,-11.71,-0.26,-5.44,-1.49,-0.01,2.25,1.0,see-you-later
3017.0,2931.0,2976.0,2455.0,4095.0,4095.0,2941.0,2882.0,-8.35,2.99,-1.12,-2.62,-0.6,2.7,1.0,see-you-later
3025.0,2948.0,2988.0,2518.0,4095.0,4095.0,2939.0,2843.0,-3.59,3.68,4.86,-2.4,-1.1,2.38,1.0,see-you-later
2990.0,2949.0,2981.0,2557.0,4095.0,4095.0,2940.0,2928.0,4.03,3.23,14.28,0.45,-0.62,-0.68,1.0,see-you-later
2990.0,2932.0,2975.0,2582.0,4095.0,4095.0,2971.0,2949.0,-9.39,7.3,5.45,2.47,-3.06,-0.48,1.0,see-you-later
2991.0,2951.0,2975.0,2494.0,4095.0,3029.0,3007.0,2957.0,-1.55,8.22,0.45,2.94,-4.57,0.11,1.0,see-you-later
2933.0,2944.0,2975.0,2736.0,4095.0,2383.0,2938.0,2759.0,5.54,9.29,-2.1,0.62,-3.03,-1.4,1.0,see-you-later
2921.0,2957.0,2983.0,3349.0,4095.0,2293.0,2959.0,2619.0,5.18,4.0,-0.58,-5.69,0.1,-6.6,1.0,see-you-later
2925.0,2959.0,2994.0,3229.0,4095.0,2378.0,3018.0,2930.0,-18.9,-8.02,8.15,-0.98,3.09,-1.2,1.0,see-you-later
2929.0,2947.0,2971.0,3605.0,4095.0,2405.0,3010.0,2938.0,-8.42,1.64,5.15,-0.27,0.75,0.19,1.0,see-you-later
2926.0,2944.0,2992.0,3845.0,4095.0,2443.0,3018.0,2931.0,-7.5,1.07,5.07,-0.03,0.11,0.05,1.0,see-you-later
2927.0,2944.0,2975.0,3863.0,4095.0,2457.0,3027.0,2937.0,-7.54,1.04,5.59,0.33,-0.22,-0.14,1.0,see-you-later
2938.0,2937.0,2981.0,3902.0,4095.0,2469.0,3019.0,2953.0,-8.42,0.84,5.28,-0.06,0.19,0.01,1.0,see-you-later
2935.0,2934.0,2974.0,3895.0,4095.0,2477.0,3022.0,2950.0,-8.19,1.0,5.33,-0.21,0.22,0.12,1.0,see-you-later
2926.0,2945.0,2981.0,3926.0,4095.0,2483.0,3023.0,2950.0,-8.19,1.2,4.85,-0.05,0.0,0.05,1.0,see-you-later
3635.0,3020.0,3013.0,3330.0,4095.0,3443.0,4043.0,3634.0,-7.85,-1.57,5.08,-0.1,0.09,-0.13,1.0,see-you-later
3599.0,3017.0,3026.0,3345.0,4095.0,3470.0,4051.0,3655.0,-7.88,-1.42,5.18,-0.04,0.0,-0.26,1.0,see-you-later
4095.0,2985.0,3024.0,3309.0,4095.0,3412.0,4045.0,3642.0,-8.32,-0.94,5.59,-0.22,0.17,-0.2,1.0,see-you-later
2994.0,2958.0,2987.0,3054.0,4095.0,4095.0,3718.0,3162.0,-12.76,-2.54,6.57,0.12,1.51,0.7,1.0,see-you-later
2933.0,2942.0,2979.0,2815.0,4095.0,4095.0,2999.0,2143.0,-13.86,-1.28,-1.69,-1.47,3.32,3.63,1.0,see-you-later
2942.0,2939.0,2987.0,2556.0,4095.0,4095.0,2977.0,2672.0,-7.36,1.61,-3.13,-2.37,0.54,3.06,1.0,see-you-later
2938.0,2947.0,2992.0,2343.0,4095.0,4095.0,2967.0,2896.0,-6.82,3.67,-0.55,-2.01,-1.4,1.99,1.0,see-you-later
2939.0,2935.0,2969.0,2379.0,4095.0,4095.0,2948.0,2832.0,-3.35,4.08,5.15,-2.07,-1.62,1.76,1.0,see-you-later
2945.0,2935.0,2991.0,2531.0,4095.0,4095.0,2958.0,2910.0,0.14,5.04,10.91,0.54,-1.76,-0.68,1.0,see-you-later
2928.0,2943.0,2991.0,2613.0,4095.0,4095.0,2997.0,2947.0,-6.75,6.64,5.19,2.94,-4.2,-0.23,1.0,see-you-later
2917.0,2979.0,2997.0,2848.0,4095.0,2720.0,3027.0,2800.0,1.58,9.6,-0.19,2.15,-2.18,-0.26,1.0,see-you-later
2910.0,2983.0,2985.0,2835.0,4095.0,2394.0,2963.0,2705.0,6.23,8.24,-2.29,-0.21,-2.2,-2.39,1.0,see-you-later
2900.0,2991.0,2986.0,3126.0,4095.0,2378.0,3024.0,2844.0,-1.22,-0.99,3.56,-6.56,1.91,-6.99,1.0,see-you-later
2897.0,2960.0,2983.0,3385.0,4095.0,2391.0,3033.0,2975.0,-18.16,-5.97,6.98,0.13,1.35,-1.06,1.0,see-you-later
2908.0,2955.0,2977.0,3582.0,4095.0,2411.0,3024.0,2962.0,-8.21,0.97,5.49,-0.22,0.96,0.29,1.0,see-you-later
2909.0,2953.0,2983.0,3484.0,4095.0,2447.0,3019.0,2966.0,-7.9,0.92,5.08,-0.14,0.18,0.21,1.0,see-you-later
2928.0,2944.0,2989.0,3488.0,4095.0,2466.0,3024.0,2988.0,-8.03,1.0,4.95,0.02,-0.21,0.02,1.0,see-you-later
2925.0,2953.0,2977.0,3436.0,4095.0,2483.0,3038.0,2998.0,-7.87,1.18,5.39,0.05,0.03,0.2,1.0,see-you-later
2907.0,2960.0,2995.0,3511.0,4095.0,2496.0,3051.0,3010.0,-7.88,1.52,4.8,-0.0,-0.05,-0.04,1.0,see-you-later
2925.0,2956.0,2988.0,3679.0,4095.0,2503.0,3053.0,3024.0,-8.13,1.12,5.53,-0.24,0.07,0.02,1.0,see-you-later
