hall_1,hall_2,hall_3,flex_t,flex_i,flex_m,flex_r,flex_p,accel_x,accel_y,accel_z,gyro_x,gyro_y,gyro_z,hand,sign
3083.0,977.0,4095.0,4095.0,4095.0,4095.0,4095.0,4095.0,-0.53,10.06,3.87,-0.07,-0.03,-0.12,0.0,thank-you
3071.0,989.0,4095.0,4095.0,4095.0,4095.0,4095.0,4095.0,-0.53,9.65,3.9,0.03,-0.19,-0.17,0.0,thank-you
3082.0,991.0,4095.0,4095.0,4095.0,4095.0,4095.0,4095.0,-0.91,9.79,3.9,0.08,-0.2,-0.17,0.0,thank-you
3065.0,977.0,4095.0,4095.0,4095.0,4095.0,4095.0,4095.0,-0.78,10.0,5.31,0.04,0.13,-0.08,0.0,thank-you
3030.0,987.0,4095.0,4095.0,4095.0,4095.0,4095.0,4095.0,0.72,9.79,7.85,0.95,0.8,0.02,0.0,thank-you
3058.0,977.0,4095.0,4095.0,4095.0,4095.0,4095.0,4095.0,-1.04,7.33,3.85,1.57,2.02,0.93,0.0,thank-you
3069.0,976.0,4095.0,4095.0,4095.0,4095.0,4095.0,4095.0,0.09,5.49,0.57,2.5,1.99,1.04,0.0,thank-you
3088.0,989.0,4095.0,4095.0,4095.0,4095.0,4095.0,4095.0,1.61,5.13,-6.0,2.19,0.71,0.64,0.0,thank-you
3085.0,979.0,4095.0,4095.0,4095.0,4095.0,4095.0,4095.0,1.26,3.88,-5.49,1.58,0.35,0.25,0.0,thank-you
3071.0,977.0,4095.0,4095.0,4095.0,4095.0,4095.0,4095.0,1.3,3.03,-4.81,1.3,0.18,0.43,0.0,thank-you
3082.0,985.0,4095.0,4095.0,4095.0,4095.0,4095.0,4095.0,2.9,4.57,-7.56,0.35,-0.51,-0.09,0.0,thank-you
3061.0,987.0,4095.0,4095.0,4095.0,4095.0,4095.0,4095.0,1.0,3.1,-4.0,-0.33,0.45,0.08,0.0,thank-you
3068.0,976.0,4095.0,4095.0,4095.0,4095.0,4095.0,4095.0,2.14,4.41,-5.09,0.07,-0.17,-0.2,0.0,thank-you
3059.0,991.0,4095.0,4095.0,4095.0,4095.0,4095.0,4095.0,2.04,4.06,-4.51,-0.1,0.07,-0.04,0.0,thank-you
3071.0,976.0,4095.0,4095.0,4095.0,4095.0,4095.0,4095.0,2.33,4.3,-4.49,-0.08,-0.12,-0.13,0.0,thank-you
3064.0,976.0,4095.0,4095.0,4095.0,4095.0,4095.0,4095.0,2.13,4.16,-4.66,-0.16,0.18,-0.06,0.0,thank-you
3087.0,977.0,4095.0,4095.0,4095.0,4095.0,4095.0,4095.0,2.33,4.41,-4.89,-0.12,-0.08,-0.1,0.0,thank-you
3071.0,976.0,4095.0,4095.0,4095.0,4095.0,4095.0,4095.0,2.64,4.25,-5.04,-0.39,0.27,-0.15,0.0,thank-you
3061.0,978.0,4095.0,4095.0,4095.0,4095.0,4095.0,4095.0,2.5,4.75,-5.25,-0.38,-0.04,-0.17,0.0,thank-you
3082.0,991.0,4095.0,4095.0,4095.0,4095.0,4095.0,4095.0,2.68,4.97,-4.75,-0.44,-0.44,-0.37,0.0,thank-you
2990.0,983.0,2215.0,4095.0,4095.0,4095.0,4095.0,4095.0,-1.87,9.48,1.44,-0.08,0.12,-0.07,0.0,thank-you
2982.0,979.0,2197.0,4095.0,4095.0,4095.0,4095.0,4095.0,-1.89,9.71,1.53,-0.17,-0.05,-0.08,0.0,thank-you
2977.0,967.0,2190.0,4095.0,4095.0,4095.0,4095.0,4095.0,-2.13,9.13,1.92,-0.13,-0.2,-0.25,0.0,thank-you
2959.0,972.0,2192.0,4095.0,4095.0,4095.0,4095.0,4095.0,-2.2,9.17,2.09,-0.09,-0.18,-0.17,0.0,thank-you
2960.0,972.0,2176.0,4095.0,4095.0,4095.0,4095.0,4095.0,-2.03,9.37,2.36,-0.06,-0.07,-0.09,0.0,thank-you
2945.0,979.0,2192.0,4095.0,4095.0,4095.0,4095.0,4095.0,-1.6,9.95,3.47,0.06,0.17,-0.13,0.0,thank-you
2920.0,967.0,2173.0,4095.0,4095.0,4095.0,4095.0,4095.0,-2.35,9.07,5.46,0.67,1.02,0.06,0.0,thank-you
2933.0,966.0,2112.0,4095.0,4095.0,4095.0,4095.0,4095.0,-2.42,7.48,3.29,1.46,1.62,0.22,0.0,thank-you
2938.0,967.0,1802.0,4095.0,4095.0,4095.0,4095.0,4095.0,-0.37,6.37,-1.64,2.13,1.9,0.44,0.0,thank-you
2938.0,981.0,1198.0,4095.0,4095.0,4095.0,4095.0,4095.0,0.8,6.12,-5.15,2.01,0.74,0.52,0.0,thank-you
2896.0,987.0,937.0,4095.0,4095.0,4095.0,4095.0,4095.0,3.85,4.9,-5.69,1.36,-0.05,0.68,0.0,thank-you
2899.0,973.0,933.0,4095.0,4095.0,4095.0,4095.0,4095.0,1.94,5.44,-6.2,-0.01,1.42,0.22,0.0,thank-you
2896.0,974.0,915.0,4095.0,4095.0,4095.0,4095.0,4095.0,4.75,5.12,-7.21,0.97,-0.69,-0.23,0.0,thank-you
2903.0,976.0,934.0,4095.0,4095.0,4095.0,4095.0,4095.0,3.79,3.93,-6.24,0.38,-0.56,-0.02,0.0,thank-you
2897.0,976.0,930.0,4095.0,4095.0,4095.0,4095.0,4095.0,2.66,3.62,-4.73,-0.21,0.11,-0.08,0.0,thank-you
2893.0,973.0,927.0,4095.0,4095.0,4095.0,4095.0,4095.0,2.9,3.75,-4.52,-0.16,0.1,-0.07,0.0,thank-you
2893.0,979.0,923.0,4095.0,4095.0,4095.0,4095.0,4095.0,3.28,3.95,-4.15,-0.08,0.05,-0.19,0.0,thank-you
2901.0,974.0,925.0,4095.0,4095.0,4095.0,4095.0,4095.0,3.39,3.91,-4.3,-0.04,0.01,-0.3,0.0,thank-you
2896.0,977.0,925.0,4095.0,4095.0,4095.0,4095.0,4095.0,3.71,4.07,-4.86,-0.18,-0.09,-0.34,0.0,thank-you
2894.0,970.0,930.0,4095.0,4095.0,4095.0,4095.0,4095.0,3.12,4.29,-4.19,-0.25,-0.07,-0.31,0.0,thank-you
2934.0,983.0,1101.0,4095.0,4095.0,4095.0,4095.0,4095.0,-0.92,9.61,2.18,-0.07,0.06,-0.14,0.0,thank-you
2928.0,976.0,1085.0,4095.0,4095.0,4095.0,4095.0,4095.0,-1.0,9.94,2.02,-0.09,-0.03,-0.1,0.0,thank-you
2925.0,981.0,1083.0,4095.0,4095.0,4095.0,4095.0,4095.0,-1.14,9.62,2.23,-0.15,-0.07,-0.22,0.0,thank-you
2914.0,981.0,1082.0,4095.0,4095.0,4095.0,4095.0,4095.0,-1.01,9.69,2.71,-0.1,-0.07,-0.16,0.0,thank-you
2902.0,983.0,1071.0,4095.0,4095.0,4095.0,4095.0,4095.0,-0.89,9.8,2.71,-0.07,-0.09,-0.19,0.0,thank-you
2883.0,972.0,1070.0,4095.0,4095.0,4095.0,4095.0,4095.0,-0.51,9.89,4.51,-0.17,0.17,-0.1,0.0,thank-you
2846.0,978.0,1088.0,4095.0,4095.0,4095.0,4095.0,4095.0,-0.25,10.55,5.68,0.26,0.68,0.23,0.0,thank-you
2847.0,982.0,1001.0,4095.0,4095.0,4095.0,4095.0,4095.0,-0.59,7.85,5.21,1.95,1.17,0.09,0.0,thank-you
2890.0,967.0,939.0,4095.0,4095.0,4095.0,4095.0,4095.0,3.86,6.25,0.52,2.32,0.65,1.07,0.0,thank-you
2882.0,967.0,944.0,4058.0,4095.0,4095.0,4095.0,4095.0,7.1,6.68,-4.62,1.68,-0.0,0.28,0.0,thank-you
2893.0,985.0,963.0,3967.0,4095.0,4095.0,4095.0,4095.0,6.29,6.11,-4.58,1.66,0.08,-0.19,0.0,thank-you
2881.0,973.0,934.0,4041.0,4095.0,4095.0,4095.0,4095.0,4.61,5.34,-3.93,1.21,-0.65,0.21,0.0,thank-you
2889.0,972.0,926.0,4063.0,4095.0,4095.0,4095.0,4095.0,4.15,5.32,-5.38,0.51,-0.16,0.19,0.0,thank-you
2877.0,975.0,920.0,4081.0,4095.0,4095.0,4095.0,4095.0,3.39,4.18,-4.87,0.33,0.08,-0.03,0.0,thank-you
2893.0,969.0,928.0,4095.0,4095.0,4095.0,4095.0,4095.0,3.85,4.15,-4.39,-0.0,0.04,-0.14,0.0,thank-you
2874.0,973.0,919.0,4095.0,4095.0,4095.0,4095.0,4095.0,3.67,4.22,-4.14,-0.05,0.12,-0.16,0.0,thank-you
2893.0,975.0,937.0,4095.0,4095.0,4095.0,4095.0,4095.0,3.31,4.34,-3.92,-0.07,-0.02,-0.16,0.0,thank-you
2893.0,988.0,927.0,4095.0,4095.0,4095.0,4095.0,4095.0,3.37,4.41,-4.34,-0.1,0.11,-0.14,0.0,thank-you
2896.0,972.0,918.0,4095.0,4095.0,4095.0,4095.0,4095.0,4.0,4.47,-4.25,-0.14,0.04,-0.14,0.0,thank-you
2891.0,983.0,928.0,4095.0,4095.0,4095.0,4095.0,4095.0,4.34,4.76,-3.97,-0.29,0.06,-0.19,0.0,thank-you
2833.0,978.0,1687.0,4095.0,4095.0,4095.0,4095.0,4095.0,-1.56,9.57,2.23,0.06,-0.06,-0.12,0.0,thank-you
2837.0,973.0,1679.0,4095.0,4095.0,4095.0,4095.0,4095.0,-1.52,9.74,2.14,-0.03,-0.08,-0.11,0.0,thank-you
2815.0,976.0,1671.0,4095.0,4095.0,4095.0,4095.0,4095.0,-1.51,9.59,2.77,-0.1,0.06,-0.13,0.0,thank-you
2797.0,980.0,1771.0,4095.0,4095.0,4095.0,4095.0,4095.0,-1.93,9.72,3.86,0.07,0.29,0.08,0.0,thank-you
2799.0,977.0,1727.0,4095.0,4095.0,4095.0,4095.0,4095.0,-2.06,8.94,3.44,0.87,0.41,-0.01,0.0,thank-you
2773.0,979.0,1712.0,4095.0,4095.0,4095.0,4095.0,4095.0,-0.88,8.99,3.44,0.91,0.9,0.27,0.0,thank-you
2791.0,970.0,1678.0,4095.0,4095.0,4095.0,4095.0,4095.0,-1.64,7.29,1.03,1.58,1.02,0.36,0.0,thank-you
2815.0,967.0,1599.0,4074.0,4095.0,4095.0,4095.0,4095.0,2.03,6.47,-3.84,2.05,0.46,0.17,0.0,thank-you
2807.0,974.0,1122.0,4045.0,4095.0,4095.0,4095.0,4095.0,4.42,5.83,-5.74,1.97,-0.64,0.13,0.0,thank-you
2801.0,971.0,973.0,4042.0,4095.0,4095.0,4095.0,4095.0,4.12,4.41,-6.87,1.8,-0.7,0.29,0.0,thank-you
2768.0,961.0,974.0,4038.0,4095.0,4095.0,4095.0,4095.0,0.89,3.9,-3.85,0.87,0.4,0.06,0.0,thank-you
2768.0,973.0,978.0,4033.0,4095.0,4095.0,4095.0,4095.0,2.84,3.68,-7.02,0.63,0.09,-0.1,0.0,thank-you
2779.0,976.0,976.0,4041.0,4095.0,4095.0,4095.0,4095.0,2.31,3.62,-5.03,0.15,0.0,-0.05,0.0,thank-you
2768.0,976.0,975.0,4037.0,4095.0,4095.0,4095.0,4095.0,2.0,2.9,-4.91,0.24,0.1,0.02,0.0,thank-you
2778.0,967.0,974.0,4048.0,4095.0,4095.0,4095.0,4095.0,3.03,2.84,-6.24,-0.07,-0.01,-0.11,0.0,thank-you
2771.0,971.0,972.0,4063.0,4095.0,4095.0,4095.0,4095.0,2.78,2.95,-5.04,-0.1,-0.19,-0.17,0.0,thank-you
2767.0,973.0,973.0,4059.0,4095.0,4095.0,4095.0,4095.0,2.29,3.15,-4.67,-0.12,0.02,-0.13,0.0,thank-you
2766.0,973.0,975.0,4065.0,4095.0,4095.0,4095.0,4095.0,2.16,3.22,-5.1,-0.14,0.16,-0.14,0.0,thank-you
2781.0,974.0,974.0,4071.0,4095.0,4095.0,4095.0,4095.0,2.38,3.25,-5.95,-0.2,-0.07,-0.21,0.0,thank-you
2771.0,966.0,978.0,4076.0,4095.0,4095.0,4095.0,4095.0,3.15,3.87,-6.62,-0.85,-0.1,-0.28,0.0,thank-you
2893.0,983.0,965.0,4095.0,4095.0,4095.0,4095.0,4095.0,-0.87,10.07,2.55,-0.03,0.03,-0.08,0.0,thank-you
2871.0,992.0,960.0,4095.0,4095.0,4095.0,4095.0,4095.0,-0.53,9.82,2.49,-0.15,-0.12,-0.29,0.0,thank-you
2872.0,1003.0,957.0,4095.0,4095.0,4095.0,4095.0,4095.0,-0.59,9.59,2.53,-0.11,-0.17,-0.41,0.0,thank-you
2867.0,995.0,967.0,4091.0,4095.0,4095.0,4095.0,4095.0,-0.85,9.46,3.1,-0.02,-0.2,-0.25,0.0,thank-you
2839.0,992.0,953.0,4095.0,4095.0,4095.0,4095.0,4095.0,0.02,9.76,7.3,-0.14,0.52,0.02,0.0,thank-you
2810.0,989.0,944.0,4095.0,4095.0,4095.0,4095.0,4095.0,-0.42,9.43,6.84,2.06,0.08,0.3,0.0,thank-you
2800.0,991.0,943.0,4069.0,4095.0,4095.0,4095.0,4095.0,-0.93,4.64,2.93,2.66,1.99,1.63,0.0,thank-you
2809.0,991.0,934.0,4009.0,4095.0,4095.0,4095.0,4095.0,1.91,1.71,-4.8,2.7,1.68,1.37,0.0,thank-you
2827.0,994.0,927.0,3995.0,4095.0,4095.0,4095.0,4095.0,2.0,4.32,-9.78,1.61,0.28,0.5,0.0,thank-you
2801.0,990.0,938.0,4015.0,4095.0,4095.0,4095.0,4095.0,2.77,4.46,-6.67,1.04,0.22,-0.15,0.0,thank-you
2806.0,986.0,928.0,4013.0,4095.0,4095.0,4095.0,4095.0,3.34,3.66,-5.64,0.23,0.25,0.04,0.0,thank-you
2795.0,993.0,931.0,4025.0,4095.0,4095.0,4095.0,4095.0,3.07,3.46,-4.85,-0.06,0.18,-0.08,0.0,thank-you
2803.0,981.0,938.0,4023.0,4095.0,4095.0,4095.0,4095.0,2.97,3.42,-4.64,-0.15,0.04,-0.05,0.0,thank-you
2800.0,994.0,926.0,4027.0,4095.0,4095.0,4095.0,4095.0,3.43,3.76,-4.64,-0.24,0.1,-0.05,0.0,thank-you
2797.0,978.0,927.0,4021.0,4095.0,4095.0,4095.0,4095.0,3.19,3.82,-4.63,-0.18,-0.07,-0.14,0.0,thank-you
2787.0,987.0,935.0,4017.0,4095.0,4095.0,4095.0,4095.0,3.4,3.82,-4.25,-0.02,-0.13,-0.19,0.0,thank-you
2783.0,982.0,931.0,4030.0,4095.0,4095.0,4095.0,4095.0,3.06,3.84,-4.41,-0.02,-0.02,-0.11,0.0,thank-you
2778.0,978.0,927.0,4032.0,4095.0,4095.0,4095.0,4095.0,3.07,4.08,-4.49,-0.09,0.08,-0.13,0.0,thank-you
2786.0,982.0,915.0,4022.0,4095.0,4095.0,4095.0,4095.0,3.26,4.19,-4.74,-0.07,-0.04,-0.19,0.0,thank-you
2796.0,981.0,925.0,4025.0,4095.0,4095.0,4095.0,4095.0,3.29,4.37,-4.77,-0.16,-0.06,-0.21,0.0,thank-you
2761.0,1001.0,960.0,4093.0,4095.0,4095.0,4095.0,4095.0,-0.28,9.76,1.28,0.04,-0.13,-0.09,0.0,thank-you
2757.0,992.0,963.0,4095.0,4095.0,4095.0,4095.0,4095.0,-0.42,9.31,1.74,-0.01,-0.17,-0.2,0.0,thank-you
2743.0,987.0,958.0,4095.0,4095.0,4095.0,4095.0,4095.0,-0.02,9.47,1.66,-0.02,-0.09,-0.26,0.0,thank-you
2736.0,999.0,957.0,4095.0,4095.0,4095.0,4095.0,4095.0,-0.96,9.24,2.18,-0.08,0.01,0.0,0.0,thank-you
2686.0,982.0,962.0,4095.0,4095.0,4095.0,4095.0,4095.0,-0.34,8.96,5.39,0.24,0.22,0.32,0.0,thank-you
2666.0,998.0,945.0,4082.0,4095.0,4095.0,4095.0,4095.0,-0.03,8.09,3.45,1.63,0.59,0.5,0.0,thank-you
2649.0,995.0,944.0,4059.0,4095.0,4095.0,4095.0,4095.0,2.44,6.32,-0.35,1.86,1.58,0.57,0.0,thank-you
2695.0,977.0,939.0,3988.0,4095.0,4095.0,4095.0,4095.0,3.11,5.03,-5.35,1.99,0.84,-0.19,0.0,thank-you
2763.0,981.0,937.0,3895.0,4095.0,4095.0,4095.0,4095.0,3.09,4.81,-6.03,0.34,0.82,0.29,0.0,thank-you
2719.0,993.0,944.0,3874.0,4095.0,4095.0,4095.0,4095.0,3.99,4.93,-4.8,0.68,-0.43,0.07,0.0,thank-you
2722.0,3127.0,4095.0,3912.0,4095.0,4095.0,4095.0,4095.0,5.75,5.29,-7.5,0.38,-0.57,-0.05,0.0,thank-you
2736.0,2752.0,3282.0,3952.0,4095.0,4095.0,4095.0,4095.0,3.15,3.6,-3.13,0.08,0.23,0.05,0.0,thank-you
2740.0,2755.0,2814.0,3953.0,4095.0,4095.0,4095.0,4095.0,3.4,3.9,-4.41,-0.03,0.14,-0.09,0.0,thank-you
2736.0,2765.0,2470.0,3965.0,4095.0,4095.0,4095.0,4095.0,4.21,4.2,-4.09,0.11,-0.1,-0.15,0.0,thank-you
2745.0,2786.0,2602.0,3986.0,4095.0,4095.0,4095.0,4095.0,3.5,4.01,-4.19,-0.03,0.08,-0.11,0.0,thank-you
2732.0,2796.0,2607.0,3989.0,4095.0,4095.0,4095.0,4095.0,3.73,3.94,-4.26,0.0,0.09,-0.14,0.0,thank-you
2724.0,2754.0,2435.0,3997.0,4095.0,4095.0,4095.0,4095.0,4.02,4.13,-4.34,0.02,-0.02,-0.22,0.0,thank-you
2735.0,2406.0,1522.0,3984.0,4095.0,4095.0,4095.0,4095.0,4.83,4.64,-4.77,-0.35,0.41,-0.38,0.0,thank-you
2733.0,2374.0,1750.0,3998.0,4095.0,4095.0,4095.0,4095.0,4.69,4.86,-5.67,-0.81,-0.04,-0.53,0.0,thank-you
2722.0,2369.0,1693.0,3968.0,4095.0,4095.0,4095.0,4095.0,4.59,5.68,-4.64,-1.32,-0.18,-0.82,0.0,thank-you
1906.0,1011.0,3797.0,4095.0,4095.0,4095.0,4095.0,4095.0,-2.03,9.82,1.99,-0.08,-0.02,-0.13,0.0,thank-you
1902.0,1023.0,3802.0,4095.0,4095.0,4095.0,4095.0,4095.0,-2.2,9.25,2.02,-0.02,-0.12,-0.21,0.0,thank-you
1890.0,1033.0,3803.0,4095.0,4095.0,4095.0,4095.0,4095.0,-2.39,9.28,2.57,-0.02,-0.14,-0.21,0.0,thank-you
1893.0,1023.0,3792.0,4095.0,4095.0,4095.0,4095.0,4095.0,-2.45,9.22,2.62,-0.03,-0.13,-0.2,0.0,thank-you
1899.0,1023.0,3809.0,4095.0,4095.0,4095.0,4095.0,4095.0,-1.91,9.52,3.21,0.05,0.04,-0.17,0.0,thank-you
1904.0,1008.0,3789.0,4095.0,4095.0,4095.0,4095.0,4095.0,-2.42,9.32,5.79,0.31,0.7,0.12,0.0,thank-you
1883.0,991.0,3862.0,4095.0,4095.0,4095.0,4095.0,4095.0,-1.75,8.26,3.75,1.49,1.07,0.75,0.0,thank-you
1835.0,976.0,4079.0,4095.0,4095.0,4095.0,4095.0,4095.0,0.87,7.49,-1.63,2.29,1.58,0.51,0.0,thank-you
1812.0,969.0,4095.0,4051.0,4095.0,4095.0,4095.0,4095.0,-0.18,6.62,-2.98,1.43,1.5,0.83,0.0,thank-you
1811.0,956.0,4095.0,4049.0,4095.0,4095.0,4095.0,4095.0,2.14,5.45,-5.38,1.41,0.45,0.8,0.0,thank-you
1785.0,941.0,4095.0,3983.0,4095.0,4095.0,4095.0,4095.0,2.09,4.95,-4.12,0.71,0.38,0.82,0.0,thank-you
1797.0,943.0,4095.0,3979.0,4095.0,4095.0,4095.0,4095.0,3.54,4.4,-5.22,0.8,-0.02,0.38,0.0,thank-you
1776.0,943.0,4095.0,3970.0,4095.0,4095.0,4095.0,4095.0,3.29,3.15,-5.96,0.64,-0.09,-0.01,0.0,thank-you
1783.0,931.0,4095.0,3981.0,4095.0,4095.0,4095.0,4095.0,2.89,3.03,-5.01,0.2,0.1,-0.08,0.0,thank-you
1778.0,931.0,4095.0,3990.0,4095.0,4095.0,4095.0,4095.0,3.37,3.06,-5.47,0.02,0.19,-0.11,0.0,thank-you
1776.0,939.0,4095.0,4002.0,4095.0,4095.0,4095.0,4095.0,3.2,2.99,-4.89,-0.03,0.03,-0.16,0.0,thank-you
1781.0,944.0,4095.0,4016.0,4095.0,4095.0,4095.0,4095.0,3.27,3.22,-4.96,-0.05,-0.03,-0.17,0.0,thank-you
1787.0,939.0,4095.0,4009.0,4095.0,4095.0,4095.0,4095.0,3.06,3.17,-5.17,-0.1,0.06,-0.24,0.0,thank-you
1776.0,929.0,4095.0,4017.0,4095.0,4095.0,4095.0,4095.0,3.54,3.68,-5.32,-0.22,-0.15,-0.26,0.0,thank-you
1776.0,930.0,4095.0,4010.0,4095.0,4095.0,4095.0,4095.0,3.14,3.87,-5.27,-0.41,-0.09,-0.35,0.0,thank-you
1840.0,983.0,3920.0,4049.0,4095.0,4095.0,4095.0,4095.0,-0.96,9.76,2.31,-0.05,0.04,-0.12,0.0,thank-you
1834.0,972.0,3913.0,4067.0,4095.0,4095.0,4095.0,4095.0,-1.02,9.64,2.38,-0.04,-0.05,-0.19,0.0,thank-you
1841.0,971.0,3921.0,4077.0,4095.0,4095.0,4095.0,4095.0,-1.41,9.54,2.38,0.02,-0.17,-0.21,0.0,thank-you
1856.0,976.0,3929.0,4051.0,4095.0,4095.0,4095.0,4095.0,-1.16,9.59,2.41,-0.01,-0.08,-0.18,0.0,thank-you
1847.0,981.0,3920.0,4063.0,4095.0,4095.0,4095.0,4095.0,-1.23,9.61,2.75,-0.02,-0.07,-0.12,0.0,thank-you
1851.0,982.0,3909.0,4062.0,4095.0,4095.0,4095.0,4095.0,-1.43,9.66,2.87,-0.03,0.02,-0.12,0.0,thank-you
1847.0,982.0,3899.0,4070.0,4095.0,4095.0,4095.0,4095.0,-0.95,9.52,3.9,0.03,0.13,-0.31,0.0,thank-you
1857.0,972.0,3877.0,4082.0,4095.0,4095.0,4095.0,4095.0,-1.09,9.49,4.37,0.48,0.51,0.03,0.0,thank-you
1857.0,976.0,3920.0,4077.0,4095.0,4095.0,4095.0,4095.0,-0.92,8.62,4.3,1.13,0.77,0.48,0.0,thank-you
1845.0,960.0,4035.0,4065.0,4095.0,4095.0,4095.0,4095.0,-0.84,7.14,2.62,1.8,0.93,1.01,0.0,thank-you
1814.0,944.0,4063.0,4022.0,4095.0,4095.0,4095.0,4095.0,0.59,5.23,-1.44,2.04,1.61,0.97,0.0,thank-you
1786.0,946.0,4095.0,4005.0,4095.0,4095.0,4095.0,4095.0,1.73,3.89,-4.01,1.61,1.33,0.68,0.0,thank-you
1775.0,944.0,4095.0,3984.0,4095.0,4095.0,4095.0,4095.0,3.72,4.31,-5.39,1.24,-0.09,0.31,0.0,thank-you
1781.0,934.0,4047.0,3990.0,4095.0,4095.0,4095.0,4095.0,3.53,3.55,-5.55,0.83,-0.18,0.19,0.0,thank-you
1775.0,941.0,4047.0,4001.0,4095.0,4095.0,4095.0,4095.0,3.77,2.89,-6.0,0.56,-0.08,-0.01,0.0,thank-you
1776.0,944.0,3994.0,4013.0,4095.0,4095.0,4095.0,4095.0,3.25,2.93,-6.44,0.14,-0.64,-0.38,0.0,thank-you
1790.0,945.0,3947.0,4026.0,4095.0,4095.0,4095.0,4095.0,3.05,2.47,-4.93,0.0,-0.02,-0.13,0.0,thank-you
1793.0,944.0,3954.0,4015.0,4095.0,4095.0,4095.0,4095.0,3.2,2.75,-5.08,0.05,-0.01,-0.11,0.0,thank-you
1798.0,938.0,3933.0,4037.0,4095.0,4095.0,4095.0,4095.0,2.78,2.51,-5.04,-0.05,0.12,-0.12,0.0,thank-you
1781.0,946.0,3931.0,4025.0,4095.0,4095.0,4095.0,4095.0,3.19,2.55,-4.59,-0.06,0.07,-0.14,0.0,thank-you
1861.0,988.0,2861.0,4080.0,4095.0,4095.0,4095.0,4095.0,-1.45,9.9,2.88,-0.09,-0.01,-0.11,0.0,thank-you
1863.0,990.0,2847.0,4071.0,4095.0,4095.0,4095.0,4095.0,-1.76,9.44,3.04,-0.11,-0.01,-0.16,0.0,thank-you
1854.0,994.0,2833.0,4079.0,4095.0,4095.0,4095.0,4095.0,-1.61,9.53,3.44,-0.06,-0.08,-0.18,0.0,thank-you
1861.0,989.0,2832.0,4087.0,4095.0,4095.0,4095.0,4095.0,-1.07,9.47,2.99,-0.03,0.09,-0.33,0.0,thank-you
1864.0,980.0,2833.0,4095.0,4095.0,4095.0,4095.0,4095.0,-1.3,9.87,4.39,0.3,-0.02,-0.1,0.0,thank-you
1846.0,977.0,2743.0,4095.0,4095.0,4095.0,4095.0,4095.0,-2.06,9.4,5.52,0.89,0.57,0.2,0.0,thank-you
1843.0,979.0,2588.0,4090.0,4095.0,4095.0,4095.0,4095.0,-1.38,9.15,1.12,2.27,-0.02,0.07,0.0,thank-you
1808.0,958.0,2559.0,4079.0,4095.0,4095.0,4095.0,4095.0,-1.14,7.18,-0.21,1.51,1.02,0.36,0.0,thank-you
1792.0,967.0,2337.0,4043.0,4095.0,4095.0,4095.0,4095.0,1.38,6.16,-3.36,2.03,-0.03,0.56,0.0,thank-you
1777.0,950.0,1343.0,4058.0,4095.0,4095.0,4095.0,4095.0,2.55,4.59,-2.95,1.48,0.59,0.68,0.0,thank-you
1773.0,933.0,1074.0,4059.0,4095.0,4095.0,4095.0,4095.0,3.72,4.09,-5.54,1.29,0.68,0.3,0.0,thank-you
1765.0,942.0,982.0,4045.0,4095.0,4095.0,4095.0,4095.0,4.09,3.77,-6.98,1.23,-0.22,-0.16,0.0,thank-you
1770.0,947.0,977.0,4033.0,4095.0,4095.0,4095.0,4095.0,2.66,3.62,-5.01,0.56,-0.06,0.05,0.0,thank-you
1763.0,943.0,969.0,4069.0,4095.0,4095.0,4095.0,4095.0,3.67,3.37,-6.42,0.49,-0.07,-0.25,0.0,thank-you
1761.0,949.0,971.0,4071.0,4095.0,4095.0,4095.0,4095.0,3.15,3.07,-5.02,0.2,-0.09,-0.13,0.0,thank-you
1765.0,947.0,963.0,4085.0,4095.0,4095.0,4095.0,4095.0,2.72,2.73,-5.45,0.33,-0.15,0.03,0.0,thank-you
1763.0,944.0,969.0,4095.0,4095.0,4095.0,4095.0,4095.0,2.9,2.49,-5.31,-0.17,0.22,-0.09,0.0,thank-you
1756.0,943.0,962.0,4095.0,4095.0,4095.0,4095.0,4095.0,3.09,2.38,-4.71,0.01,-0.05,-0.12,0.0,thank-you
1767.0,949.0,976.0,4095.0,4095.0,4095.0,4095.0,4095.0,3.4,2.61,-4.88,0.04,-0.09,-0.14,0.0,thank-you
1759.0,944.0,966.0,4095.0,4095.0,4095.0,4095.0,4095.0,3.17,2.74,-4.88,0.02,0.01,-0.1,0.0,thank-you
1840.0,1008.0,1662.0,4093.0,4095.0,4095.0,4095.0,4095.0,-0.79,9.7,2.39,-0.05,0.1,-0.08,0.0,thank-you
1849.0,994.0,1712.0,4095.0,4095.0,4095.0,4095.0,4095.0,-0.62,9.83,2.47,-0.08,0.02,-0.23,0.0,thank-you
1840.0,997.0,1701.0,4095.0,4095.0,4095.0,4095.0,4095.0,-0.77,9.73,2.87,-0.05,-0.04,-0.15,0.0,thank-you
1853.0,1003.0,1747.0,4095.0,4095.0,4095.0,4095.0,4095.0,-0.91,9.62,3.32,-0.04,0.1,-0.11,0.0,thank-you
1866.0,1008.0,1750.0,4095.0,4095.0,4095.0,4095.0,4095.0,-0.7,9.77,3.37,0.09,-0.07,-0.08,0.0,thank-you
1859.0,994.0,1735.0,4095.0,4095.0,4095.0,4095.0,4095.0,-0.74,9.9,4.75,0.39,0.18,-0.07,0.0,thank-you
1865.0,980.0,1666.0,4095.0,4095.0,4095.0,4095.0,4095.0,-0.48,9.66,4.28,0.83,0.33,0.24,0.0,thank-you
1840.0,973.0,1602.0,4095.0,4095.0,4095.0,4095.0,4095.0,0.31,8.65,2.55,1.34,0.19,0.28,0.0,thank-you
1840.0,965.0,1457.0,4095.0,4095.0,4095.0,4095.0,4095.0,0.43,7.57,0.74,1.15,1.02,0.48,0.0,thank-you
1825.0,966.0,1103.0,4095.0,4095.0,4095.0,4095.0,4095.0,1.56,6.91,-2.09,1.83,0.39,0.23,0.0,thank-you
1822.0,965.0,1012.0,4095.0,4095.0,4095.0,4095.0,4095.0,3.11,6.42,-3.79,1.19,1.12,0.3,0.0,thank-you
1802.0,960.0,992.0,4095.0,4095.0,4095.0,4095.0,4095.0,4.03,5.29,-3.47,1.71,-0.96,0.19,0.0,thank-you
1794.0,960.0,982.0,4055.0,4095.0,4095.0,4095.0,4095.0,3.84,4.22,-6.92,1.28,-0.73,0.13,0.0,thank-you
1798.0,950.0,980.0,4058.0,4095.0,4095.0,4095.0,4095.0,3.74,3.51,-5.86,0.61,-0.2,0.15,0.0,thank-you
1792.0,944.0,967.0,4048.0,4095.0,4095.0,4095.0,4095.0,3.28,3.11,-5.59,0.29,-0.08,-0.02,0.0,thank-you
1783.0,943.0,965.0,4046.0,4095.0,4095.0,4095.0,4095.0,3.02,2.79,-5.05,0.2,-0.02,-0.17,0.0,thank-you
1785.0,951.0,969.0,4061.0,4095.0,4095.0,4095.0,4095.0,3.21,2.45,-4.92,0.04,-0.01,-0.08,0.0,thank-you
1792.0,938.0,957.0,4094.0,4095.0,4095.0,4095.0,4095.0,2.64,2.19,-5.22,0.1,-0.06,-0.2,0.0,thank-you
1778.0,940.0,966.0,4069.0,4095.0,4095.0,4095.0,4095.0,2.83,2.56,-5.28,0.05,-0.07,-0.31,0.0,thank-you
1783.0,946.0,966.0,4087.0,4095.0,4095.0,4095.0,4095.0,2.55,2.17,-5.54,0.18,-0.26,-0.25,0.0,thank-you
1829.0,1398.0,3918.0,4083.0,4095.0,4095.0,4095.0,4095.0,-0.63,9.83,2.77,-0.04,0.06,-0.12,0.0,thank-you
1834.0,1392.0,3914.0,4091.0,4095.0,4095.0,4095.0,4095.0,-0.64,9.84,3.06,-0.05,0.03,-0.14,0.0,thank-you
1824.0,1398.0,3926.0,4095.0,4095.0,4095.0,4095.0,4095.0,-0.67,9.75,2.94,-0.01,-0.04,-0.2,0.0,thank-you
1840.0,1391.0,3914.0,4079.0,4095.0,4095.0,4095.0,4095.0,-0.32,9.93,3.3,0.03,0.01,-0.23,0.0,thank-you
1831.0,1344.0,3914.0,4095.0,4095.0,4095.0,4095.0,4095.0,-0.91,10.27,5.24,0.13,0.23,-0.12,0.0,thank-you
1840.0,1296.0,3920.0,4095.0,4095.0,4095.0,4095.0,4095.0,-1.39,9.4,5.06,0.8,0.54,0.3,0.0,thank-you
1814.0,1199.0,4009.0,4095.0,4095.0,4095.0,4095.0,4095.0,0.2,7.86,3.0,2.03,0.22,0.63,0.0,thank-you
1779.0,1132.0,4095.0,4091.0,4095.0,4095.0,4095.0,4095.0,0.01,5.66,1.06,2.22,1.03,0.89,0.0,thank-you
1773.0,1105.0,4095.0,4050.0,4095.0,4095.0,4095.0,4095.0,0.97,4.93,-4.69,1.89,1.52,0.04,0.0,thank-you
1727.0,1099.0,4095.0,4026.0,4095.0,4095.0,4095.0,4095.0,2.19,3.47,-7.33,2.14,-0.48,0.31,0.0,thank-you
1725.0,1050.0,4095.0,4035.0,4095.0,4095.0,4095.0,4095.0,1.35,3.8,-4.94,0.46,1.34,0.67,0.0,thank-you
1733.0,1043.0,4095.0,4060.0,4095.0,4095.0,4095.0,4095.0,2.93,3.79,-5.8,0.38,0.47,0.08,0.0,thank-you
1742.0,1035.0,4095.0,4071.0,4095.0,4095.0,4095.0,4095.0,3.6,3.1,-5.81,0.45,-0.2,0.07,0.0,thank-you
1729.0,1015.0,4095.0,4048.0,4095.0,4095.0,4095.0,4095.0,2.85,2.77,-5.49,0.62,-0.55,0.02,0.0,thank-you
1756.0,1037.0,4095.0,4095.0,4095.0,4095.0,4095.0,4095.0,2.69,2.24,-5.6,-0.1,0.04,0.0,0.0,thank-you
1764.0,1023.0,4095.0,4095.0,4095.0,4095.0,4095.0,4095.0,2.81,1.96,-4.98,0.11,-0.21,-0.18,0.0,thank-you
1754.0,1008.0,4095.0,4095.0,4095.0,4095.0,4095.0,4095.0,2.4,1.91,-5.41,0.05,-0.15,-0.19,0.0,thank-you
1755.0,1023.0,4095.0,4095.0,4095.0,4095.0,4095.0,4095.0,2.63,1.91,-5.38,-0.06,0.02,-0.12,0.0,thank-you
1765.0,1030.0,4095.0,4095.0,4095.0,4095.0,4095.0,4095.0,2.71,1.84,-5.46,-0.03,0.05,-0.13,0.0,thank-you
1744.0,1008.0,4095.0,4087.0,4095.0,4095.0,4095.0,4095.0,2.35,1.68,-5.45,-0.02,0.22,-0.14,0.0,thank-you
1904.0,1451.0,3219.0,4095.0,4095.0,4095.0,4095.0,4095.0,-1.53,9.79,2.26,0.0,-0.04,-0.15,0.0,thank-you
1904.0,1443.0,3229.0,4095.0,4095.0,4095.0,4095.0,4095.0,-1.38,9.82,2.49,0.01,-0.07,-0.11,0.0,thank-you
1911.0,1421.0,3222.0,4095.0,4095.0,4095.0,4095.0,4095.0,-1.57,9.57,2.72,0.01,-0.22,-0.19,0.0,thank-you
1894.0,1422.0,3207.0,4095.0,4095.0,4095.0,4095.0,4095.0,-1.63,9.7,3.2,-0.05,0.02,-0.16,0.0,thank-you
1913.0,1399.0,3195.0,4095.0,4095.0,4095.0,4095.0,4095.0,-1.11,9.94,4.22,0.03,0.11,-0.13,0.0,thank-you
1892.0,1354.0,3184.0,4095.0,4095.0,4095.0,4095.0,4095.0,-2.12,9.51,4.32,0.52,0.46,0.09,0.0,thank-you
1889.0,1264.0,3081.0,4095.0,4095.0,4095.0,4095.0,4095.0,-1.94,9.28,3.27,1.08,0.67,0.56,0.0,thank-you
1847.0,1179.0,2977.0,4095.0,4095.0,4095.0,4095.0,4095.0,0.64,8.55,0.46,1.36,0.78,0.67,0.0,thank-you
1831.0,1106.0,2681.0,4095.0,4095.0,4095.0,4095.0,4095.0,1.56,7.12,-1.2,2.02,0.34,0.12,0.0,thank-you
1808.0,1055.0,2455.0,4095.0,4095.0,4095.0,4095.0,4095.0,1.92,5.82,-3.31,1.59,1.04,0.68,0.0,thank-you
1808.0,995.0,1641.0,4095.0,4095.0,4095.0,4095.0,4095.0,2.51,5.62,-4.14,0.9,1.56,0.76,0.0,thank-you
1795.0,1002.0,1230.0,4095.0,4095.0,4095.0,4095.0,4095.0,4.3,4.9,-5.53,1.09,0.47,0.34,0.0,thank-you
1793.0,1004.0,1054.0,4095.0,4095.0,4095.0,4095.0,4095.0,4.26,3.77,-5.22,0.87,-0.01,0.25,0.0,thank-you
1776.0,996.0,1053.0,4095.0,4095.0,4095.0,4095.0,4095.0,4.08,4.03,-6.62,1.53,-1.08,0.49,0.0,thank-you
1810.0,999.0,1065.0,4095.0,4095.0,4095.0,4095.0,4095.0,3.23,3.13,-4.73,-0.04,-0.15,-0.25,0.0,thank-you
1810.0,1011.0,1062.0,4095.0,4095.0,4095.0,4095.0,4095.0,3.84,2.91,-4.81,0.09,-0.04,-0.17,0.0,thank-you
1808.0,1008.0,1052.0,4095.0,4095.0,4095.0,4095.0,4095.0,3.72,2.89,-4.55,0.06,-0.1,-0.14,0.0,thank-you
1803.0,1008.0,1061.0,4095.0,4095.0,4095.0,4095.0,4095.0,3.54,2.75,-4.83,0.04,-0.04,-0.13,0.0,thank-you
1819.0,1019.0,1014.0,4095.0,4095.0,4095.0,4095.0,4095.0,3.55,2.8,-4.64,0.04,-0.01,-0.2,0.0,thank-you
1805.0,1017.0,999.0,4095.0,4095.0,4095.0,4095.0,4095.0,3.38,2.72,-4.75,-0.01,-0.02,-0.17,0.0,thank-you
1873.0,1296.0,1652.0,4095.0,4095.0,4095.0,4095.0,4095.0,-0.68,9.97,2.72,0.01,-0.0,-0.14,0.0,thank-you
1875.0,1278.0,1648.0,4095.0,4095.0,4095.0,4095.0,4095.0,-0.71,9.77,2.85,-0.02,-0.04,-0.17,0.0,thank-you
1870.0,1281.0,1639.0,4095.0,4095.0,4095.0,4095.0,4095.0,-0.66,9.67,2.9,-0.02,-0.13,-0.19,0.0,thank-you
1875.0,1264.0,1631.0,4095.0,4095.0,4095.0,4095.0,4095.0,-0.92,9.84,3.09,0.03,-0.1,-0.12,0.0,thank-you
1884.0,1269.0,1626.0,4095.0,4095.0,4095.0,4095.0,4095.0,-0.79,9.67,2.98,-0.01,-0.1,-0.13,0.0,thank-you
1872.0,1263.0,1616.0,4095.0,4095.0,4095.0,4095.0,4095.0,-0.51,9.96,3.18,0.05,-0.11,-0.12,0.0,thank-you
1891.0,1266.0,1623.0,4095.0,4095.0,4095.0,4095.0,4095.0,-0.71,10.19,3.73,0.08,0.06,-0.16,0.0,thank-you
1875.0,1216.0,1556.0,4095.0,4095.0,4095.0,4095.0,4095.0,-0.25,9.78,4.73,0.03,0.18,-0.11,0.0,thank-you
1862.0,1136.0,1472.0,4091.0,4095.0,4095.0,4095.0,4095.0,-1.02,9.34,5.53,0.52,0.27,0.2,0.0,thank-you
1852.0,1075.0,1362.0,4095.0,4095.0,4095.0,4095.0,4095.0,0.12,9.25,2.72,1.33,0.13,0.02,0.0,thank-you
1815.0,1058.0,1326.0,4095.0,4095.0,4095.0,4095.0,4095.0,0.76,8.4,0.79,1.45,0.55,0.17,0.0,thank-you
1785.0,986.0,975.0,4053.0,4095.0,4095.0,4095.0,4095.0,2.69,7.4,-1.29,2.25,-0.29,-0.07,0.0,thank-you
1762.0,979.0,1273.0,4050.0,4095.0,4095.0,4095.0,4095.0,3.18,6.63,-4.36,1.88,-0.03,0.11,0.0,thank-you
1754.0,961.0,1635.0,4093.0,4095.0,4095.0,4095.0,4095.0,3.02,4.71,-4.96,1.74,-0.04,0.23,0.0,thank-you
1764.0,956.0,1521.0,4095.0,4095.0,4095.0,4095.0,4095.0,3.47,3.66,-7.13,1.32,0.09,0.09,0.0,thank-you
1752.0,955.0,1434.0,4095.0,4095.0,4095.0,4095.0,4095.0,2.03,3.49,-5.23,0.76,0.21,0.12,0.0,thank-you
1763.0,962.0,1423.0,4095.0,4095.0,4095.0,4095.0,4095.0,2.41,2.77,-6.06,0.65,0.09,-0.05,0.0,thank-you
1753.0,969.0,1485.0,4095.0,4095.0,4095.0,4095.0,4095.0,2.61,2.68,-7.13,0.39,-0.55,-0.17,0.0,thank-you
1776.0,960.0,1469.0,4095.0,4095.0,4095.0,4095.0,4095.0,1.69,1.13,-5.21,0.23,-0.27,0.02,0.0,thank-you
1778.0,976.0,1479.0,4095.0,4095.0,4095.0,4095.0,4095.0,1.29,1.47,-5.65,0.0,-0.09,-0.11,0.0,thank-you
1872.0,1738.0,4095.0,4033.0,4095.0,4095.0,4095.0,4095.0,-1.86,9.45,1.86,-0.05,0.05,-0.14,0.0,thank-you
1885.0,1730.0,4095.0,4066.0,4095.0,4095.0,4095.0,4095.0,-1.94,9.54,1.85,-0.2,0.08,-0.17,0.0,thank-you
1874.0,1698.0,4095.0,4054.0,4095.0,4095.0,4095.0,4095.0,-2.1,9.51,3.58,0.02,0.06,-0.17,0.0,thank-you
1872.0,1665.0,4095.0,4067.0,4095.0,4095.0,4095.0,4095.0,-1.48,9.57,4.36,0.48,0.56,-0.04,0.0,thank-you
1840.0,1591.0,4095.0,4005.0,4095.0,4095.0,4095.0,4095.0,-1.05,8.85,1.85,1.24,0.44,-0.19,0.0,thank-you
1822.0,1527.0,4095.0,4038.0,4095.0,4095.0,4095.0,4095.0,-0.17,8.0,0.26,1.48,0.48,-0.19,0.0,thank-you
1776.0,1397.0,4095.0,4048.0,4095.0,4095.0,4095.0,4095.0,0.62,6.74,-0.31,1.8,0.58,-0.42,0.0,thank-you
1758.0,1317.0,4095.0,4048.0,4095.0,4095.0,4095.0,4095.0,1.91,5.83,-2.44,1.77,0.36,-0.38,0.0,thank-you
1731.0,1247.0,4095.0,4059.0,4095.0,4095.0,4095.0,4095.0,1.77,4.37,-5.01,1.88,0.77,-0.52,0.0,thank-you
1722.0,1203.0,4095.0,4046.0,4095.0,4095.0,4095.0,4095.0,1.42,3.22,-6.35,1.65,-0.02,-0.18,0.0,thank-you
1723.0,1180.0,4095.0,4034.0,4095.0,4095.0,4095.0,4095.0,1.12,3.11,-7.13,0.62,0.32,-0.15,0.0,thank-you
1716.0,1166.0,4095.0,4035.0,4095.0,4095.0,4095.0,4095.0,1.11,2.38,-5.88,0.82,-0.26,-0.12,0.0,thank-you
1715.0,1155.0,4095.0,4047.0,4095.0,4095.0,4095.0,4095.0,0.44,1.95,-5.2,0.41,0.04,0.07,0.0,thank-you
1713.0,1161.0,4095.0,4047.0,4095.0,4095.0,4095.0,4095.0,0.95,1.51,-6.39,0.34,0.05,-0.06,0.0,thank-you
1717.0,1139.0,4095.0,4050.0,4095.0,4095.0,4095.0,4095.0,1.2,1.32,-6.27,0.07,-0.03,-0.1,0.0,thank-you
1712.0,1147.0,4095.0,4048.0,4095.0,4095.0,4095.0,4095.0,0.69,1.32,-6.0,-0.07,-0.03,-0.1,0.0,thank-you
1715.0,1142.0,4095.0,4047.0,4095.0,4095.0,4095.0,4095.0,1.0,1.18,-5.65,-0.02,-0.1,-0.14,0.0,thank-you
1713.0,1142.0,4095.0,4051.0,4095.0,4095.0,4095.0,4095.0,1.1,1.16,-5.9,-0.06,-0.03,-0.13,0.0,thank-you
1711.0,1136.0,4095.0,4063.0,4095.0,4095.0,4095.0,4095.0,0.88,1.3,-5.68,-0.06,-0.05,-0.14,0.0,thank-you
1711.0,1153.0,4095.0,4080.0,4095.0,4095.0,4095.0,4095.0,0.96,1.22,-5.2,-0.09,0.34,-0.13,0.0,thank-you
1913.0,1581.0,4095.0,4095.0,4095.0,4095.0,4095.0,4095.0,-1.53,9.63,2.48,-0.04,-0.02,-0.16,0.0,thank-you
1904.0,1568.0,4095.0,4095.0,4095.0,4095.0,4095.0,4095.0,-1.93,9.24,2.78,-0.02,-0.08,-0.15,0.0,thank-you
1920.0,1553.0,4095.0,4095.0,4095.0,4095.0,4095.0,4095.0,-1.56,9.78,2.29,-0.01,-0.11,-0.23,0.0,thank-you
1904.0,1527.0,4095.0,4095.0,4095.0,4095.0,4095.0,4095.0,-1.59,9.54,2.33,0.01,-0.18,-0.14,0.0,thank-you
1905.0,1523.0,4095.0,4095.0,4095.0,4095.0,4095.0,4095.0,-1.91,9.66,3.02,-0.01,0.03,-0.12,0.0,thank-you
1905.0,1493.0,4095.0,4095.0,4095.0,4095.0,4095.0,4095.0,-1.69,9.85,4.08,-0.07,0.33,-0.01,0.0,thank-you
1904.0,1481.0,4095.0,4095.0,4095.0,4095.0,4095.0,4095.0,-0.82,10.19,2.99,0.15,0.34,-0.27,0.0,thank-you
1893.0,1427.0,4095.0,4095.0,4095.0,4095.0,4095.0,4095.0,-2.05,8.88,4.23,0.49,0.76,-0.02,0.0,thank-you
1871.0,1399.0,4095.0,4095.0,4095.0,4095.0,4095.0,4095.0,-0.8,8.96,2.51,1.17,0.22,-0.1,0.0,thank-you
1840.0,1357.0,4095.0,4095.0,4095.0,4095.0,4095.0,4095.0,-0.52,7.81,0.07,1.67,0.17,0.05,0.0,thank-you
1831.0,1290.0,4095.0,4095.0,4095.0,4095.0,4095.0,4095.0,-0.34,6.51,-0.91,1.71,0.59,0.29,0.0,thank-you
1808.0,1255.0,4095.0,4095.0,4095.0,4095.0,4095.0,4095.0,-0.05,5.5,-3.25,1.45,0.89,0.32,0.0,thank-you
1793.0,1217.0,4095.0,4066.0,4095.0,4095.0,4095.0,4095.0,0.63,4.5,-4.47,1.27,0.79,0.33,0.0,thank-you
1797.0,1202.0,4095.0,4022.0,4095.0,4095.0,4095.0,4095.0,1.61,3.82,-5.54,1.34,0.19,0.06,0.0,thank-you
1781.0,1201.0,4095.0,4042.0,4095.0,4095.0,4095.0,4095.0,1.98,3.4,-6.13,0.73,0.21,0.08,0.0,thank-you
1792.0,1189.0,4095.0,4049.0,4095.0,4095.0,4095.0,4095.0,1.91,2.57,-6.05,0.77,0.04,-0.09,0.0,thank-you
1781.0,1184.0,4095.0,4073.0,4095.0,4095.0,4095.0,4095.0,1.71,2.14,-5.77,0.46,0.08,-0.07,0.0,thank-you
1781.0,1200.0,4095.0,4063.0,4095.0,4095.0,4095.0,4095.0,1.95,1.59,-6.34,0.38,-0.11,-0.14,0.0,thank-you
1782.0,1179.0,4095.0,4084.0,4095.0,4095.0,4095.0,4095.0,1.87,1.44,-5.62,0.27,-0.07,-0.18,0.0,thank-you
1772.0,1277.0,4095.0,4095.0,4095.0,4095.0,4095.0,4095.0,2.02,1.17,-6.59,0.32,-0.29,-0.11,0.0,thank-you
1894.0,1488.0,3984.0,4089.0,4095.0,4095.0,4095.0,4095.0,-2.04,9.59,2.89,-0.02,-0.03,-0.13,0.0,thank-you
1904.0,1482.0,3986.0,4087.0,4095.0,4095.0,4095.0,4095.0,-2.0,9.33,3.4,-0.05,-0.04,-0.16,0.0,thank-you
1891.0,1472.0,3981.0,4078.0,4095.0,4095.0,4095.0,4095.0,-1.93,9.66,2.97,-0.06,-0.1,-0.2,0.0,thank-you
1899.0,1456.0,4011.0,4095.0,4095.0,4095.0,4095.0,4095.0,-2.11,9.68,2.96,-0.07,-0.06,-0.17,0.0,thank-you
1898.0,1444.0,3991.0,4085.0,4095.0,4095.0,4095.0,4095.0,-1.79,9.87,3.35,-0.06,-0.09,-0.04,0.0,thank-you
1903.0,1431.0,3995.0,4087.0,4095.0,4095.0,4095.0,4095.0,-2.22,9.68,3.71,-0.05,0.02,-0.09,0.0,thank-you
1903.0,1421.0,3999.0,4095.0,4095.0,4095.0,4095.0,4095.0,-1.94,9.72,4.8,0.08,0.11,0.08,0.0,thank-you
1903.0,1367.0,4048.0,4095.0,4095.0,4095.0,4095.0,4095.0,-2.02,9.5,4.43,0.47,0.46,0.09,0.0,thank-you
1879.0,1338.0,4059.0,4095.0,4095.0,4095.0,4095.0,4095.0,-1.28,8.8,3.39,0.83,0.51,0.19,0.0,thank-you
1859.0,1269.0,4095.0,4095.0,4095.0,4095.0,4095.0,4095.0,-0.59,8.07,3.33,1.43,0.46,0.37,0.0,thank-you
1859.0,1214.0,4095.0,4095.0,4095.0,4095.0,4095.0,4095.0,0.95,6.52,0.13,1.78,1.11,0.48,0.0,thank-you
1829.0,1136.0,4095.0,4095.0,4095.0,4095.0,4095.0,4095.0,1.5,4.79,-2.14,2.33,0.56,0.25,0.0,thank-you
1806.0,1122.0,4095.0,4093.0,4095.0,4095.0,4095.0,4095.0,1.45,3.66,-4.88,1.99,0.91,0.39,0.0,thank-you
1777.0,1094.0,4095.0,4057.0,4095.0,4095.0,4095.0,4095.0,1.98,2.86,-7.85,1.69,0.36,0.31,0.0,thank-you
1773.0,1063.0,4095.0,4093.0,4095.0,4095.0,4095.0,4095.0,2.23,2.15,-6.63,1.24,-0.03,0.12,0.0,thank-you
1774.0,1074.0,4095.0,4093.0,4095.0,4095.0,4095.0,4095.0,2.53,1.47,-7.36,0.66,0.04,0.01,0.0,thank-you
1781.0,1104.0,4095.0,4095.0,4095.0,4095.0,4095.0,4095.0,2.14,1.88,-6.75,0.4,-0.64,-0.3,0.0,thank-you
1783.0,1111.0,4095.0,4095.0,4095.0,4095.0,4095.0,4095.0,1.83,1.04,-5.48,-0.08,0.17,-0.08,0.0,thank-you
1787.0,1119.0,4095.0,4095.0,4095.0,4095.0,4095.0,4095.0,1.94,1.08,-5.57,-0.01,-0.03,-0.09,0.0,thank-you
1797.0,1103.0,4095.0,4095.0,4095.0,4095.0,4095.0,4095.0,1.97,1.3,-5.75,-0.02,0.03,-0.09,0.0,thank-you
1830.0,1257.0,4039.0,4095.0,4095.0,4095.0,4095.0,4095.0,-0.85,9.76,2.55,-0.06,-0.02,-0.14,0.0,thank-you
1823.0,1250.0,4048.0,4095.0,4095.0,4095.0,4095.0,4095.0,-0.91,9.82,2.75,-0.05,-0.14,-0.17,0.0,thank-you
1835.0,1233.0,4048.0,4095.0,4095.0,4095.0,4095.0,4095.0,-1.07,9.63,2.97,-0.01,-0.2,-0.19,0.0,thank-you
1824.0,1235.0,4044.0,4095.0,4095.0,4095.0,4095.0,4095.0,-0.89,9.71,3.07,-0.06,-0.12,-0.18,0.0,thank-you
1825.0,1248.0,4043.0,4095.0,4095.0,4095.0,4095.0,4095.0,-0.71,10.05,3.94,-0.07,-0.01,-0.22,0.0,thank-you
1839.0,1234.0,4046.0,4095.0,4095.0,4095.0,4095.0,4095.0,-0.92,10.08,5.3,0.31,-0.04,-0.05,0.0,thank-you
1824.0,1190.0,4038.0,4095.0,4095.0,4095.0,4095.0,4095.0,-0.75,9.27,4.72,1.28,0.14,-0.09,0.0,thank-you
1807.0,1175.0,4094.0,4095.0,4095.0,4095.0,4095.0,4095.0,0.99,8.93,-0.54,1.67,-0.05,0.12,0.0,thank-you
1777.0,1101.0,4095.0,4095.0,4095.0,4095.0,4095.0,4095.0,1.57,7.13,1.23,1.86,0.26,-0.04,0.0,thank-you
1785.0,1104.0,4095.0,4095.0,4095.0,4095.0,4095.0,4095.0,1.86,6.08,-1.74,2.34,-0.17,-0.28,0.0,thank-you
1769.0,1104.0,4095.0,4094.0,4095.0,4095.0,4095.0,4095.0,1.53,4.44,-5.5,1.94,0.69,-0.15,0.0,thank-you
1763.0,1071.0,4095.0,4061.0,4095.0,4095.0,4095.0,4095.0,1.72,3.85,-6.82,1.43,0.51,0.09,0.0,thank-you
1758.0,1054.0,4095.0,4065.0,4095.0,4095.0,4095.0,4095.0,1.57,3.17,-6.44,0.9,0.27,0.13,0.0,thank-you
1746.0,1040.0,4095.0,4095.0,4095.0,4095.0,4095.0,4095.0,1.87,2.23,-6.62,0.75,0.04,-0.01,0.0,thank-you
1751.0,1037.0,4095.0,4087.0,4095.0,4095.0,4095.0,4095.0,1.7,1.78,-5.89,0.24,0.18,-0.04,0.0,thank-you
1743.0,1037.0,4095.0,4095.0,4095.0,4095.0,4095.0,4095.0,2.16,1.59,-6.39,0.13,0.01,-0.08,0.0,thank-you
1751.0,1041.0,4095.0,4095.0,4095.0,4095.0,4095.0,4095.0,1.99,1.7,-5.75,-0.06,-0.09,-0.13,0.0,thank-you
1739.0,1021.0,4095.0,4095.0,4095.0,4095.0,4095.0,4095.0,1.68,1.51,-5.6,-0.01,-0.03,-0.09,0.0,thank-you
1753.0,1022.0,4095.0,4095.0,4095.0,4095.0,4095.0,4095.0,1.93,1.57,-5.69,-0.08,0.06,-0.12,0.0,thank-you
1745.0,1033.0,4095.0,4095.0,4095.0,4095.0,4095.0,4095.0,2.02,1.61,-7.19,-0.31,-0.08,-0.17,0.0,thank-you
1831.0,1328.0,4095.0,4011.0,4095.0,4095.0,4095.0,4095.0,-1.65,9.52,2.07,-0.14,0.21,-0.2,0.0,thank-you
1826.0,1309.0,4095.0,4023.0,4095.0,4095.0,4095.0,4095.0,-1.24,9.79,2.19,-0.1,0.11,-0.22,0.0,thank-you
1831.0,1322.0,4095.0,4031.0,4095.0,4095.0,4095.0,4095.0,-1.56,9.51,2.72,-0.09,-0.12,-0.2,0.0,thank-you
1840.0,1342.0,4095.0,4025.0,4095.0,4095.0,4095.0,4095.0,-1.47,9.95,3.25,0.12,-0.23,-0.14,0.0,thank-you
1851.0,1314.0,4095.0,4027.0,4095.0,4095.0,4095.0,4095.0,-1.0,10.14,2.24,-0.34,0.27,-0.11,0.0,thank-you
1840.0,1280.0,4095.0,4032.0,4095.0,4095.0,4095.0,4095.0,-0.96,9.93,3.64,0.25,-0.72,-0.18,0.0,thank-you
1840.0,1298.0,4095.0,4035.0,4095.0,4095.0,4095.0,4095.0,-1.31,9.82,3.55,-0.08,-0.18,-0.13,0.0,thank-you
1856.0,1296.0,4095.0,4036.0,4095.0,4095.0,4095.0,4095.0,-1.47,10.0,3.58,-0.1,0.06,-0.13,0.0,thank-you
1855.0,1293.0,4079.0,4042.0,4095.0,4095.0,4095.0,4095.0,-0.58,10.43,5.56,0.06,0.26,-0.18,0.0,thank-you
1852.0,1217.0,4079.0,4066.0,4095.0,4095.0,4095.0,4095.0,-1.26,9.74,7.52,0.62,0.48,0.42,0.0,thank-you
1806.0,1053.0,4095.0,3991.0,4095.0,4095.0,4095.0,4095.0,-0.65,7.27,2.58,2.44,0.52,0.3,0.0,thank-you
1743.0,1037.0,4095.0,3955.0,4095.0,4095.0,4095.0,4095.0,1.24,6.62,-0.85,2.78,0.99,0.53,0.0,thank-you
1729.0,995.0,4095.0,3962.0,4095.0,4095.0,4095.0,4095.0,2.53,4.3,-4.91,2.39,1.46,0.4,0.0,thank-you
1719.0,997.0,4095.0,3914.0,4095.0,4095.0,4095.0,4095.0,2.52,3.43,-6.97,2.42,0.23,-0.31,0.0,thank-you
1712.0,986.0,4095.0,3893.0,4095.0,4095.0,4095.0,4095.0,1.86,2.43,-6.21,1.51,0.39,-0.08,0.0,thank-you
1703.0,986.0,4095.0,3870.0,4095.0,4095.0,4095.0,4095.0,2.25,1.45,-7.27,1.38,-0.33,-0.27,0.0,thank-you
1694.0,986.0,4095.0,3859.0,4095.0,4095.0,4095.0,4095.0,1.7,0.79,-6.27,0.7,-0.25,0.15,0.0,thank-you
1712.0,1602.0,4095.0,3838.0,4095.0,4095.0,4095.0,4095.0,2.13,1.02,-8.25,0.37,-1.03,-0.26,0.0,thank-you
1712.0,1598.0,4095.0,3843.0,4095.0,4095.0,4095.0,4095.0,1.44,0.61,-5.37,0.02,-0.08,-0.04,0.0,thank-you
1724.0,1617.0,4095.0,3844.0,4095.0,4095.0,4095.0,4095.0,1.07,0.43,-5.86,-0.02,-0.2,-0.11,0.0,thank-you
1886.0,1150.0,3879.0,4095.0,4095.0,4095.0,4095.0,4095.0,-1.88,9.68,2.25,-0.06,0.06,-0.08,0.0,thank-you
1891.0,1150.0,3866.0,4095.0,4095.0,4095.0,4095.0,4095.0,-1.74,9.42,2.18,-0.12,0.08,-0.12,0.0,thank-you
1877.0,1152.0,3879.0,4095.0,4095.0,4095.0,4095.0,4095.0,-1.52,9.57,2.85,-0.03,-0.2,-0.22,0.0,thank-you
1891.0,1121.0,3882.0,4095.0,4095.0,4095.0,4095.0,4095.0,-1.58,9.79,4.65,0.3,0.16,0.1,0.0,thank-you
1869.0,1095.0,3931.0,4048.0,4095.0,4095.0,4095.0,4095.0,-1.65,9.77,3.54,0.36,0.62,0.84,0.0,thank-you
1851.0,1065.0,4005.0,4061.0,4095.0,4095.0,4095.0,4095.0,-1.47,9.03,3.13,0.8,0.71,0.24,0.0,thank-you
1827.0,1013.0,4070.0,4063.0,4095.0,4095.0,4095.0,4095.0,0.06,8.2,1.45,1.76,0.32,0.32,0.0,thank-you
1786.0,991.0,4095.0,4025.0,4095.0,4095.0,4095.0,4095.0,0.08,5.71,-1.51,2.51,0.3,0.37,0.0,thank-you
1777.0,1011.0,4095.0,4007.0,4095.0,4095.0,4095.0,4095.0,0.43,3.68,-4.27,2.81,-0.1,0.58,0.0,thank-you
1775.0,1047.0,4095.0,3982.0,4095.0,4095.0,4095.0,4095.0,2.58,2.71,-7.85,1.97,0.31,0.38,0.0,thank-you
1758.0,1021.0,4095.0,3981.0,4095.0,4095.0,4095.0,4095.0,1.52,2.43,-6.96,1.19,-0.05,0.08,0.0,thank-you
1759.0,1035.0,4095.0,3975.0,4095.0,4095.0,4095.0,4095.0,1.71,1.74,-6.27,0.94,0.03,-0.18,0.0,thank-you
1763.0,1037.0,4095.0,3999.0,4095.0,4095.0,4095.0,4095.0,1.75,1.42,-5.74,0.29,0.42,-0.0,0.0,thank-you
1776.0,2002.0,4095.0,4036.0,4095.0,4095.0,4095.0,4095.0,2.24,1.52,-6.58,0.07,-0.76,-0.18,0.0,thank-you
1789.0,1986.0,4095.0,4055.0,4095.0,4095.0,4095.0,4095.0,1.37,0.54,-5.07,0.14,0.04,0.0,0.0,thank-you
1806.0,1989.0,4095.0,4055.0,4095.0,4095.0,4095.0,4095.0,1.13,0.56,-6.0,0.01,-0.09,-0.16,0.0,thank-you
1799.0,1983.0,4095.0,4073.0,4095.0,4095.0,4095.0,4095.0,1.35,0.52,-5.69,-0.04,0.07,-0.11,0.0,thank-you
1806.0,1956.0,4095.0,4069.0,4095.0,4095.0,4095.0,4095.0,1.49,0.58,-5.85,-0.06,0.09,-0.07,0.0,thank-you
1766.0,1809.0,4095.0,4073.0,4095.0,4095.0,4095.0,4095.0,1.58,0.66,-6.51,-0.61,0.89,0.09,0.0,thank-you
1746.0,1660.0,4095.0,4001.0,4095.0,4095.0,4095.0,4095.0,2.43,1.92,-7.07,-0.97,-0.15,-0.21,0.0,thank-you
1894.0,1761.0,3911.0,4080.0,4095.0,4095.0,4095.0,4095.0,-1.99,9.46,1.55,-0.01,-0.02,-0.06,0.0,thank-you
1887.0,1750.0,3930.0,4080.0,4095.0,4095.0,4095.0,4095.0,-2.02,9.65,1.69,-0.12,0.01,-0.13,0.0,thank-you
1903.0,1740.0,3951.0,4092.0,4095.0,4095.0,4095.0,4095.0,-2.22,9.14,2.21,-0.12,-0.07,-0.18,0.0,thank-you
1897.0,1744.0,3941.0,4093.0,4095.0,4095.0,4095.0,4095.0,-2.23,9.47,2.32,-0.12,-0.03,-0.15,0.0,thank-you
1894.0,1744.0,3925.0,4089.0,4095.0,4095.0,4095.0,4095.0,-2.02,9.48,2.7,-0.16,0.12,-0.14,0.0,thank-you
1887.0,1733.0,3904.0,4089.0,4095.0,4095.0,4095.0,4095.0,-1.99,9.88,3.38,0.0,-0.06,-0.1,0.0,thank-you
1898.0,1701.0,3931.0,4095.0,4095.0,4095.0,4095.0,4095.0,-2.0,9.87,3.65,0.47,0.12,0.01,0.0,thank-you
1894.0,1648.0,3989.0,4095.0,4095.0,4095.0,4095.0,4095.0,-2.79,8.62,4.2,0.55,1.22,0.43,0.0,thank-you
1857.0,1588.0,4038.0,4095.0,4095.0,4095.0,4095.0,4095.0,0.38,7.77,1.44,1.61,0.45,0.14,0.0,thank-you
1837.0,1478.0,4080.0,4093.0,4095.0,4095.0,4095.0,4095.0,1.25,7.32,-0.89,1.54,0.56,0.09,0.0,thank-you
1799.0,1279.0,4035.0,4055.0,4095.0,4095.0,4095.0,4095.0,3.68,6.26,-2.84,2.29,-0.99,-0.51,0.0,thank-you
1803.0,1243.0,4047.0,4032.0,4095.0,4095.0,4095.0,4095.0,2.64,4.74,-4.16,1.86,0.13,-0.19,0.0,thank-you
1781.0,1180.0,4053.0,4043.0,4095.0,4095.0,4095.0,4095.0,2.84,3.99,-5.75,1.63,-0.2,-0.08,0.0,thank-you
1762.0,1074.0,4093.0,4011.0,4095.0,4095.0,4095.0,4095.0,2.15,2.14,-7.1,1.52,-0.58,0.01,0.0,thank-you
1758.0,1071.0,4095.0,4031.0,4095.0,4095.0,4095.0,4095.0,1.46,2.04,-6.51,0.79,0.06,-0.04,0.0,thank-you
1767.0,1072.0,4093.0,4041.0,4095.0,4095.0,4095.0,4095.0,2.21,1.57,-5.89,0.75,-0.0,-0.2,0.0,thank-you
1762.0,1073.0,4091.0,4034.0,4095.0,4095.0,4095.0,4095.0,1.73,0.93,-6.05,0.27,0.19,-0.08,0.0,thank-you
1762.0,1063.0,4095.0,4050.0,4095.0,4095.0,4095.0,4095.0,2.17,0.91,-6.17,0.4,-0.33,-0.19,0.0,thank-you
1755.0,1456.0,4072.0,4078.0,4095.0,4095.0,4095.0,4095.0,1.82,0.83,-6.18,0.03,-0.14,-0.23,0.0,thank-you
1767.0,1493.0,4038.0,4087.0,4095.0,4095.0,4095.0,4095.0,1.9,0.42,-5.7,0.16,-0.22,-0.24,0.0,thank-you
1866.0,1682.0,3947.0,4095.0,4095.0,4095.0,4095.0,4095.0,-2.07,9.55,2.26,-0.03,0.02,-0.16,0.0,thank-you
1871.0,1683.0,3970.0,4095.0,4095.0,4095.0,4095.0,4095.0,-2.39,9.57,2.32,-0.04,-0.15,-0.18,0.0,thank-you
1872.0,1680.0,3967.0,4095.0,4095.0,4095.0,4095.0,4095.0,-2.28,9.33,2.55,-0.09,-0.16,-0.17,0.0,thank-you
1873.0,1671.0,3974.0,4095.0,4095.0,4095.0,4095.0,4095.0,-2.21,9.35,2.78,-0.14,-0.08,-0.17,0.0,thank-you
1868.0,1645.0,3965.0,4095.0,4095.0,4095.0,4095.0,4095.0,-1.99,9.95,3.09,-0.33,0.15,-0.17,0.0,thank-you
1872.0,1635.0,3968.0,4095.0,4095.0,4095.0,4095.0,4095.0,-1.77,9.52,3.49,-0.11,-0.09,-0.19,0.0,thank-you
1869.0,1584.0,3961.0,4095.0,4095.0,4095.0,4095.0,4095.0,-2.75,9.39,5.9,0.1,-0.07,0.21,0.0,thank-you
1890.0,1535.0,3986.0,4095.0,4095.0,4095.0,4095.0,4095.0,-1.95,10.02,5.16,0.77,0.41,0.09,0.0,thank-you
1874.0,1517.0,4042.0,4095.0,4095.0,4095.0,4095.0,4095.0,-2.46,8.69,4.36,1.69,1.03,0.08,0.0,thank-you
1843.0,1512.0,4087.0,4081.0,4095.0,4095.0,4095.0,4095.0,-2.08,6.69,-0.42,2.36,0.91,0.05,0.0,thank-you
1803.0,1472.0,4095.0,4059.0,4095.0,4095.0,4095.0,4095.0,-0.42,4.59,-3.76,2.16,0.61,0.54,0.0,thank-you
1792.0,1375.0,4095.0,4060.0,4095.0,4095.0,4095.0,4095.0,0.81,2.97,-3.9,1.38,1.05,0.48,0.0,thank-you
1778.0,1376.0,4095.0,4033.0,4095.0,4095.0,4095.0,4095.0,2.25,3.52,-6.3,1.43,0.38,-0.06,0.0,thank-you
1773.0,1377.0,4095.0,4032.0,4095.0,4095.0,4095.0,4095.0,2.55,2.12,-6.52,1.53,-0.09,-0.08,0.0,thank-you
1765.0,1366.0,4095.0,4053.0,4095.0,4095.0,4095.0,4095.0,1.47,1.36,-6.41,1.04,0.0,0.05,0.0,thank-you
1754.0,1373.0,4095.0,4048.0,4095.0,4095.0,4095.0,4095.0,1.65,0.09,-6.93,0.85,0.24,-0.13,0.0,thank-you
1753.0,1712.0,4095.0,4079.0,4095.0,4095.0,4095.0,4095.0,1.72,0.91,-7.65,0.14,-0.43,-0.06,0.0,thank-you
1758.0,1679.0,4095.0,4083.0,4095.0,4095.0,4095.0,4095.0,1.23,0.46,-5.25,-0.1,0.18,-0.08,0.0,thank-you
1758.0,1677.0,4095.0,4095.0,4095.0,4095.0,4095.0,4095.0,1.86,0.41,-5.55,-0.08,0.01,-0.09,0.0,thank-you
1774.0,1690.0,4095.0,4095.0,4095.0,4095.0,4095.0,4095.0,1.65,0.6,-5.97,-0.13,0.12,-0.1,0.0,thank-you
1863.0,1845.0,4070.0,4095.0,4095.0,4095.0,4095.0,4095.0,-1.95,9.43,2.72,-0.02,0.04,-0.09,0.0,thank-you
1861.0,1856.0,4064.0,4095.0,4095.0,4095.0,4095.0,4095.0,-2.01,9.64,2.59,-0.11,0.11,-0.16,0.0,thank-you
1861.0,1838.0,4049.0,4095.0,4095.0,4095.0,4095.0,4095.0,-2.11,9.41,2.79,-0.11,-0.03,-0.2,0.0,thank-you
1871.0,1827.0,4079.0,4095.0,4095.0,4095.0,4095.0,4095.0,-1.57,9.62,2.73,-0.1,-0.03,-0.2,0.0,thank-you
1875.0,1821.0,4064.0,4095.0,4095.0,4095.0,4095.0,4095.0,-1.82,9.86,3.27,-0.13,-0.06,-0.06,0.0,thank-you
1868.0,1801.0,4075.0,4095.0,4095.0,4095.0,4095.0,4095.0,-2.48,9.69,3.65,-0.05,0.05,-0.07,0.0,thank-you
1887.0,1770.0,4067.0,4095.0,4095.0,4095.0,4095.0,4095.0,-2.27,9.57,5.51,-0.01,0.38,0.06,0.0,thank-you
1868.0,1739.0,4072.0,4095.0,4095.0,4095.0,4095.0,4095.0,-1.2,10.11,3.61,1.13,0.1,-0.44,0.0,thank-you
1845.0,1687.0,4095.0,4095.0,4095.0,4095.0,4095.0,4095.0,-2.48,7.66,3.4,1.42,0.82,0.16,0.0,thank-you
1818.0,1663.0,4095.0,4095.0,4095.0,4095.0,4095.0,4095.0,-0.94,6.6,0.7,1.81,1.26,0.23,0.0,thank-you
1808.0,1637.0,4095.0,4095.0,4095.0,4095.0,4095.0,4095.0,0.89,5.91,-2.69,1.63,1.32,0.04,0.0,thank-you
1786.0,1476.0,4095.0,4095.0,4095.0,4095.0,4095.0,4095.0,1.95,4.91,-3.53,1.53,1.28,0.16,0.0,thank-you
1778.0,1472.0,4095.0,4095.0,4095.0,4095.0,4095.0,4095.0,1.69,4.55,-5.85,1.48,0.47,-0.06,0.0,thank-you
1767.0,1456.0,4095.0,4095.0,4095.0,4095.0,4095.0,4095.0,1.44,2.94,-7.0,1.01,0.57,0.16,0.0,thank-you
1750.0,1443.0,4095.0,4095.0,4095.0,4095.0,4095.0,4095.0,3.45,2.37,-7.42,0.64,0.02,-0.0,0.0,thank-you
1755.0,1388.0,4095.0,4095.0,4095.0,4095.0,4095.0,4095.0,2.38,1.75,-5.38,0.45,-0.16,0.16,0.0,thank-you
1744.0,1397.0,4095.0,4095.0,4095.0,4095.0,4095.0,4095.0,2.65,1.6,-6.05,0.01,0.39,-0.03,0.0,thank-you
1759.0,1392.0,4095.0,4095.0,4095.0,4095.0,4095.0,4095.0,2.74,1.55,-5.45,0.0,0.05,-0.02,0.0,thank-you
1748.0,1378.0,4095.0,4095.0,4095.0,4095.0,4095.0,4095.0,2.99,1.42,-5.43,-0.07,0.1,-0.06,0.0,thank-you
1744.0,1379.0,4095.0,4095.0,4095.0,4095.0,4095.0,4095.0,2.8,1.55,-5.7,-0.15,0.0,-0.17,0.0,thank-you
1866.0,1774.0,3959.0,3968.0,4095.0,4095.0,4095.0,4095.0,-1.9,9.81,1.8,0.02,0.07,-0.1,0.0,thank-you
1877.0,1776.0,3983.0,3970.0,4095.0,4095.0,4095.0,4095.0,-2.2,9.49,2.46,-0.06,0.0,-0.16,0.0,thank-you
1872.0,1767.0,3964.0,3959.0,4095.0,4095.0,4095.0,4095.0,-2.16,9.29,2.84,-0.05,-0.18,-0.11,0.0,thank-you
1886.0,1765.0,3984.0,3984.0,4095.0,4095.0,4095.0,4095.0,-2.0,9.65,3.08,-0.16,0.0,-0.1,0.0,thank-you
1901.0,1759.0,3921.0,3979.0,4095.0,4095.0,4095.0,4095.0,-1.43,8.81,4.75,0.11,0.12,-0.35,0.0,thank-you
1909.0,1726.0,3927.0,3971.0,4095.0,4095.0,4095.0,4095.0,-0.12,10.8,3.55,0.95,-0.06,0.03,0.0,thank-you
1903.0,1703.0,3939.0,3983.0,4095.0,4095.0,4095.0,4095.0,-1.54,9.9,2.19,0.77,0.76,-0.27,0.0,thank-you
1890.0,1618.0,3997.0,4019.0,4095.0,4095.0,4095.0,4095.0,-2.38,7.4,3.07,1.83,-0.08,0.11,0.0,thank-you
1883.0,1645.0,4035.0,4001.0,4095.0,4095.0,4095.0,4095.0,0.86,6.94,-2.14,2.27,-0.28,-0.39,0.0,thank-you
1845.0,1577.0,4075.0,4022.0,4095.0,4095.0,4095.0,4095.0,0.59,4.64,-2.82,2.41,0.4,-0.34,0.0,thank-you
1826.0,1591.0,4095.0,3994.0,4095.0,4095.0,4095.0,4095.0,0.36,2.78,-5.35,2.24,1.0,-0.04,0.0,thank-you
1875.0,1642.0,4095.0,4012.0,4095.0,3935.0,4095.0,4095.0,0.92,2.56,-8.0,1.34,-0.07,0.24,0.0,thank-you
1870.0,1565.0,4095.0,4094.0,4095.0,3918.0,4095.0,4095.0,-0.11,2.38,-5.59,0.92,0.21,0.29,0.0,thank-you
1857.0,1534.0,4095.0,4082.0,4095.0,3989.0,4095.0,4095.0,0.66,0.61,-6.16,0.72,0.51,0.07,0.0,thank-you
1843.0,1497.0,4095.0,4092.0,4095.0,3990.0,4095.0,4095.0,1.34,0.15,-6.06,0.58,0.35,-0.01,0.0,thank-you
1822.0,1646.0,4095.0,4081.0,4095.0,3984.0,4095.0,4095.0,1.53,-0.04,-6.87,0.51,0.02,-0.12,0.0,thank-you
1842.0,2119.0,4095.0,4095.0,4095.0,4031.0,4095.0,4095.0,0.4,0.38,-5.77,-0.26,0.37,-0.17,0.0,thank-you
1843.0,2013.0,4095.0,4095.0,4095.0,4035.0,4095.0,4095.0,1.08,0.14,-5.24,0.02,0.11,-0.12,0.0,thank-you
1859.0,2071.0,4095.0,4095.0,4095.0,4049.0,4095.0,4095.0,0.99,0.03,-5.84,-0.05,-0.04,-0.16,0.0,thank-you
1850.0,2061.0,4095.0,4095.0,4095.0,4067.0,4095.0,4095.0,1.18,0.34,-6.07,-0.08,0.03,-0.09,0.0,thank-you
1814.0,2277.0,4095.0,3989.0,4095.0,4095.0,4095.0,4095.0,-1.54,9.47,1.65,-0.12,0.22,-0.04,0.0,thank-you
1821.0,2267.0,4095.0,3983.0,4095.0,4095.0,4095.0,4095.0,-1.89,9.57,2.05,-0.09,-0.15,-0.32,0.0,thank-you
1813.0,2271.0,4095.0,3984.0,4095.0,4095.0,4095.0,4095.0,-1.86,9.4,2.18,0.01,-0.29,-0.25,0.0,thank-you
1824.0,2266.0,4095.0,3995.0,4095.0,4095.0,4095.0,4095.0,-1.93,9.6,2.59,-0.02,-0.12,-0.13,0.0,thank-you
1835.0,2259.0,4095.0,3978.0,4095.0,4095.0,4095.0,4095.0,-1.47,9.78,2.36,-0.04,-0.07,-0.12,0.0,thank-you
1837.0,2270.0,4095.0,4001.0,4095.0,4095.0,4095.0,4095.0,-1.97,9.76,2.32,-0.01,0.07,-0.23,0.0,thank-you
1843.0,2267.0,4095.0,4003.0,4095.0,4095.0,4095.0,4095.0,-2.31,9.93,3.64,0.04,-0.05,-0.16,0.0,thank-you
1859.0,2253.0,4095.0,4023.0,4095.0,4095.0,4095.0,4095.0,-1.47,10.29,4.5,0.2,0.36,-0.09,0.0,thank-you
1871.0,2196.0,4095.0,4033.0,4095.0,4095.0,4095.0,4095.0,-1.91,10.25,3.88,0.64,0.92,0.11,0.0,thank-you
1844.0,2191.0,4095.0,4022.0,4095.0,4095.0,4095.0,4095.0,0.03,9.12,1.7,1.47,0.14,-0.14,0.0,thank-you
1830.0,2156.0,4095.0,4011.0,4095.0,4095.0,4095.0,4095.0,0.35,6.39,0.04,1.98,0.24,-0.33,0.0,thank-you
1796.0,2159.0,4095.0,3952.0,4095.0,4095.0,4095.0,4095.0,0.71,5.04,-2.05,2.32,-0.26,0.09,0.0,thank-you
1794.0,2176.0,4095.0,3930.0,4095.0,4095.0,4095.0,4095.0,3.0,4.32,-5.27,2.56,-0.67,-0.08,0.0,thank-you
1776.0,2203.0,4095.0,3908.0,4095.0,4095.0,4095.0,4095.0,3.32,3.13,-7.59,2.43,-0.41,-0.29,0.0,thank-you
1776.0,2192.0,4095.0,3942.0,4095.0,4095.0,4095.0,4095.0,1.35,2.63,-7.54,0.91,0.38,-0.01,0.0,thank-you
1773.0,2173.0,4095.0,3966.0,4095.0,4095.0,4095.0,4095.0,1.43,2.38,-6.37,0.39,0.26,-0.07,0.0,thank-you
1765.0,2188.0,4095.0,3971.0,4095.0,4095.0,4095.0,4095.0,1.13,1.13,-6.03,1.0,-0.16,-0.14,0.0,thank-you
1763.0,2199.0,4095.0,3988.0,4095.0,4095.0,4095.0,4095.0,1.21,0.73,-6.4,-0.01,0.39,0.02,0.0,thank-you
1763.0,2175.0,4095.0,3987.0,4095.0,4095.0,4095.0,4095.0,1.6,0.41,-5.82,0.22,-0.09,-0.09,0.0,thank-you
1748.0,2323.0,4095.0,3982.0,4095.0,4095.0,4095.0,4095.0,1.43,0.22,-6.66,-0.01,-0.09,-0.2,0.0,thank-you
1872.0,2146.0,4051.0,4025.0,4095.0,4095.0,4095.0,4095.0,-1.9,9.65,2.24,-0.05,0.04,-0.09,0.0,thank-you
1882.0,2138.0,4031.0,4033.0,4095.0,4095.0,4095.0,4095.0,-1.98,9.63,2.24,-0.1,0.03,-0.12,0.0,thank-you
1881.0,2138.0,4049.0,4031.0,4095.0,4095.0,4095.0,4095.0,-1.96,9.67,2.7,-0.17,-0.06,-0.21,0.0,thank-you
1903.0,2144.0,4032.0,4039.0,4095.0,4095.0,4095.0,4095.0,-1.98,9.52,3.02,-0.16,-0.06,-0.21,0.0,thank-you
1893.0,2131.0,4029.0,4035.0,4095.0,4095.0,4095.0,4095.0,-2.08,9.9,4.2,0.14,0.2,-0.14,0.0,thank-you
1889.0,2081.0,4047.0,4035.0,4095.0,4095.0,4095.0,4095.0,-3.08,10.09,4.18,0.8,0.19,0.24,0.0,thank-you
1872.0,2047.0,4095.0,4014.0,4095.0,4095.0,4095.0,4095.0,-1.99,8.65,3.05,1.24,1.03,0.63,0.0,thank-you
1838.0,2038.0,4095.0,3984.0,4095.0,4095.0,4095.0,4095.0,-0.63,6.25,-0.2,2.25,0.15,0.85,0.0,thank-you
1831.0,2041.0,4095.0,3965.0,4095.0,4095.0,4095.0,4095.0,-0.34,3.87,-1.66,2.1,1.58,0.45,0.0,thank-you
1831.0,2058.0,4095.0,3951.0,4095.0,4095.0,4095.0,4095.0,1.47,3.25,-4.24,2.01,0.62,0.26,0.0,thank-you
1804.0,2014.0,4095.0,3914.0,4095.0,4080.0,4095.0,4095.0,2.22,2.74,-6.61,1.9,-0.22,-0.01,0.0,thank-you
1815.0,2021.0,4095.0,3920.0,4095.0,4094.0,4095.0,4095.0,0.85,1.63,-6.84,1.15,0.54,0.07,0.0,thank-you
1799.0,1984.0,4095.0,3920.0,4095.0,4084.0,4095.0,4095.0,1.41,1.36,-7.14,0.54,0.56,0.15,0.0,thank-you
1806.0,1967.0,4095.0,3941.0,4095.0,4095.0,4095.0,4095.0,2.04,1.27,-6.0,0.36,0.1,-0.04,0.0,thank-you
1807.0,1967.0,4095.0,3943.0,4095.0,4083.0,4095.0,4095.0,2.32,0.84,-5.86,0.3,-0.12,-0.11,0.0,thank-you
1806.0,1963.0,4095.0,3952.0,4095.0,4095.0,4095.0,4095.0,1.92,0.29,-6.23,0.12,0.07,-0.12,0.0,thank-you
1817.0,2003.0,4095.0,3968.0,4095.0,4080.0,4095.0,4095.0,2.0,0.46,-6.03,-0.1,-0.03,-0.2,0.0,thank-you
1805.0,1973.0,4095.0,3963.0,4095.0,4079.0,4095.0,4095.0,2.02,0.27,-6.17,-0.12,-0.04,-0.22,0.0,thank-you
1811.0,1969.0,4095.0,3958.0,4095.0,4083.0,4095.0,4095.0,2.04,0.6,-8.12,-0.56,-0.29,-0.23,0.0,thank-you
1815.0,1994.0,4095.0,3965.0,4095.0,4090.0,4095.0,4095.0,1.79,1.95,-8.72,-1.59,-0.21,-0.25,0.0,thank-you
1892.0,1696.0,3993.0,3953.0,4095.0,4095.0,4095.0,4095.0,-1.47,9.79,2.55,-0.08,0.06,-0.12,0.0,thank-you
1887.0,1690.0,3993.0,3952.0,4095.0,4095.0,4095.0,4095.0,-1.6,9.39,2.6,0.01,-0.18,-0.25,0.0,thank-you
1893.0,1698.0,4006.0,3962.0,4095.0,4095.0,4095.0,4095.0,-1.62,9.73,2.77,-0.01,-0.21,-0.19,0.0,thank-you
1891.0,1686.0,3965.0,3957.0,4095.0,4095.0,4095.0,4095.0,-1.5,9.83,3.79,0.18,-0.16,0.03,0.0,thank-you
1901.0,1687.0,3987.0,3965.0,4095.0,4095.0,4095.0,4095.0,-2.1,10.1,4.42,0.14,0.7,-0.04,0.0,thank-you
1903.0,1679.0,4019.0,3954.0,4095.0,4095.0,4095.0,4095.0,-0.11,10.42,2.67,0.73,0.04,0.13,0.0,thank-you
1881.0,1661.0,4033.0,3952.0,4095.0,4095.0,4095.0,4095.0,0.0,8.64,2.03,0.72,0.66,0.1,0.0,thank-you
1869.0,1614.0,4095.0,3943.0,4095.0,4095.0,4095.0,4095.0,0.67,8.31,1.1,1.66,0.11,-0.27,0.0,thank-you
1846.0,1584.0,4095.0,3941.0,4095.0,4095.0,4095.0,4095.0,0.62,6.63,0.4,1.98,0.42,0.07,0.0,thank-you
1831.0,1578.0,4095.0,3905.0,4095.0,4095.0,4095.0,4095.0,1.12,4.51,-1.56,2.84,-0.17,0.47,0.0,thank-you
1809.0,1634.0,4095.0,3879.0,4095.0,4095.0,4095.0,4095.0,2.55,3.49,-6.49,2.54,-0.02,-0.08,0.0,thank-you
1807.0,1600.0,4095.0,3888.0,4095.0,4095.0,4095.0,4095.0,2.03,2.77,-6.89,1.48,0.48,0.31,0.0,thank-you
1791.0,1517.0,4095.0,3901.0,4095.0,4095.0,4095.0,4095.0,2.97,1.2,-7.02,1.39,0.48,0.25,0.0,thank-you
1778.0,1525.0,4095.0,3892.0,4095.0,4095.0,4095.0,4095.0,3.25,1.19,-6.8,0.78,0.12,0.03,0.0,thank-you
1818.0,2509.0,4095.0,3911.0,4095.0,4095.0,4095.0,4095.0,4.3,0.93,-8.55,0.12,-1.13,0.05,0.0,thank-you
1798.0,2448.0,4095.0,3926.0,4095.0,4095.0,4095.0,4095.0,2.29,0.18,-4.47,-0.08,0.2,-0.09,0.0,thank-you
1802.0,2496.0,4095.0,3926.0,4095.0,4095.0,4095.0,4095.0,2.34,0.34,-5.93,-0.03,-0.04,-0.06,0.0,thank-you
1804.0,2493.0,4095.0,3936.0,4095.0,4095.0,4095.0,4095.0,2.15,0.39,-5.61,0.06,-0.05,-0.13,0.0,thank-you
1808.0,2543.0,4095.0,3943.0,4095.0,4095.0,4095.0,4095.0,1.64,0.42,-6.06,-0.01,-0.02,-0.11,0.0,thank-you
1783.0,2511.0,4095.0,3979.0,4095.0,4095.0,4095.0,4095.0,1.75,0.47,-5.66,-0.18,0.5,-0.05,0.0,thank-you
1903.0,1786.0,3747.0,4095.0,4095.0,4095.0,4095.0,4095.0,-2.35,9.51,1.39,-0.12,0.03,0.03,0.0,thank-you
1915.0,1786.0,3766.0,4095.0,4095.0,4095.0,4095.0,4095.0,-2.47,9.4,2.09,-0.18,-0.09,-0.16,0.0,thank-you
1911.0,1805.0,3767.0,4095.0,4095.0,4095.0,4095.0,4095.0,-1.85,9.51,2.82,-0.17,-0.14,-0.2,0.0,thank-you
1933.0,1731.0,3741.0,4095.0,4095.0,4095.0,4095.0,4095.0,-1.72,9.5,3.61,0.14,-0.26,-0.06,0.0,thank-you
1949.0,1611.0,3745.0,4095.0,4095.0,4038.0,4095.0,4095.0,-2.58,9.43,3.93,0.34,0.52,0.08,0.0,thank-you
1927.0,1535.0,3810.0,4095.0,4095.0,4051.0,4095.0,4095.0,-1.62,9.18,3.76,1.1,0.71,0.09,0.0,thank-you
1909.0,1522.0,3916.0,4095.0,4095.0,4045.0,4095.0,4095.0,-0.3,7.23,1.28,1.64,0.66,0.23,0.0,thank-you
1887.0,1525.0,4048.0,4095.0,4095.0,4035.0,4095.0,4095.0,-0.52,5.68,-0.92,1.91,0.62,0.45,0.0,thank-you
1872.0,1556.0,4095.0,4095.0,4095.0,4032.0,4095.0,4095.0,0.95,5.01,-3.62,2.01,0.6,0.32,0.0,thank-you
1851.0,1586.0,4095.0,4030.0,4095.0,4010.0,4095.0,4095.0,2.22,3.39,-6.5,2.47,-0.77,0.28,0.0,thank-you
1830.0,1553.0,4095.0,3999.0,4095.0,4002.0,4095.0,4095.0,2.24,1.33,-7.26,1.87,-0.08,0.2,0.0,thank-you
1830.0,1535.0,4095.0,4027.0,4095.0,4002.0,4095.0,4095.0,1.74,1.29,-7.61,0.6,0.25,0.08,0.0,thank-you
1844.0,1535.0,4095.0,4042.0,4095.0,4005.0,4095.0,4095.0,2.09,0.93,-6.04,0.32,0.15,-0.1,0.0,thank-you
1842.0,1526.0,4095.0,4043.0,4095.0,4014.0,4095.0,4095.0,1.82,0.93,-5.24,0.23,0.23,-0.15,0.0,thank-you
1863.0,2393.0,4095.0,4033.0,4095.0,4052.0,4095.0,4095.0,1.85,0.79,-6.96,-0.01,-0.25,-0.3,0.0,thank-you
1866.0,2357.0,4095.0,4060.0,4095.0,4048.0,4095.0,4095.0,1.65,0.57,-5.23,0.12,-0.07,-0.1,0.0,thank-you
1872.0,2381.0,4095.0,4080.0,4095.0,4059.0,4095.0,4095.0,1.18,0.45,-5.65,-0.04,-0.05,-0.23,0.0,thank-you
1870.0,2390.0,4095.0,4086.0,4095.0,4049.0,4095.0,4095.0,1.19,0.5,-5.66,0.03,-0.01,-0.12,0.0,thank-you
1866.0,2409.0,4095.0,4043.0,4095.0,4049.0,4095.0,4095.0,1.3,0.46,-6.08,0.04,0.02,-0.1,0.0,thank-you
1877.0,2384.0,4095.0,4059.0,4095.0,4043.0,4095.0,4095.0,1.28,0.38,-5.9,-0.07,0.1,-0.08,0.0,thank-you
1920.0,1851.0,3984.0,3983.0,4095.0,4095.0,4095.0,4095.0,-2.49,9.1,1.86,0.02,-0.02,-0.08,0.0,thank-you
1918.0,1803.0,3994.0,3991.0,4095.0,4095.0,4095.0,4095.0,-2.28,9.51,1.81,-0.02,-0.07,-0.04,0.0,thank-you
1933.0,1789.0,3973.0,3986.0,4095.0,4095.0,4095.0,4095.0,-2.68,9.13,2.53,-0.05,-0.1,-0.11,0.0,thank-you
1926.0,1787.0,3949.0,4005.0,4095.0,4095.0,4095.0,4095.0,-1.99,9.69,4.22,0.13,-0.09,0.03,0.0,thank-you
1941.0,1739.0,3966.0,4013.0,4095.0,4095.0,4095.0,4095.0,-1.53,9.75,3.64,0.56,0.52,-0.13,0.0,thank-you
1919.0,1680.0,4051.0,4009.0,4095.0,4095.0,4095.0,4095.0,-1.54,8.01,2.6,1.4,0.78,0.1,0.0,thank-you
1895.0,1648.0,4095.0,4007.0,4095.0,4095.0,4095.0,4095.0,-0.69,5.87,-0.05,2.4,0.59,0.4,0.0,thank-you
1873.0,1553.0,4095.0,3970.0,4095.0,4080.0,4095.0,4095.0,-0.07,3.58,-2.53,2.79,1.06,0.83,0.0,thank-you
1859.0,1587.0,4095.0,3899.0,4095.0,3981.0,4095.0,4095.0,1.46,1.69,-8.29,3.11,-0.43,0.75,0.0,thank-you
1842.0,1601.0,4095.0,3897.0,4095.0,3959.0,4095.0,4095.0,-0.36,0.68,-8.72,1.35,1.19,0.64,0.0,thank-you
1855.0,1605.0,4095.0,3947.0,4095.0,3993.0,4095.0,4095.0,1.03,1.07,-6.64,0.51,0.7,0.04,0.0,thank-you
1856.0,1594.0,4095.0,3951.0,4095.0,4004.0,4095.0,4095.0,1.87,0.76,-5.86,0.22,0.47,0.09,0.0,thank-you
1879.0,2480.0,4095.0,3978.0,4095.0,4061.0,4095.0,4095.0,1.96,0.7,-7.63,0.08,-0.43,-0.3,0.0,thank-you
1894.0,2493.0,4095.0,3997.0,4095.0,4075.0,4095.0,4095.0,1.06,0.0,-5.0,0.1,-0.11,0.07,0.0,thank-you
1905.0,2527.0,4095.0,4005.0,4095.0,4082.0,4095.0,4095.0,0.81,0.42,-5.77,0.07,-0.12,-0.11,0.0,thank-you
1904.0,2559.0,4056.0,4020.0,4095.0,4095.0,4095.0,4095.0,0.74,0.34,-5.9,0.03,-0.08,-0.14,0.0,thank-you
1925.0,2616.0,3979.0,4029.0,4095.0,4091.0,4095.0,4095.0,0.62,0.51,-5.79,0.02,-0.09,-0.23,0.0,thank-you
1918.0,2644.0,3934.0,4028.0,4095.0,4091.0,4095.0,4095.0,0.58,0.31,-5.72,-0.01,-0.0,-0.14,0.0,thank-you
1934.0,2652.0,3950.0,4029.0,4095.0,4093.0,4095.0,4095.0,0.68,0.26,-5.75,-0.06,0.09,-0.16,0.0,thank-you
1925.0,2638.0,3961.0,4039.0,4095.0,4093.0,4095.0,4095.0,0.91,0.31,-5.68,0.02,0.01,-0.17,0.0,thank-you
1938.0,1270.0,3936.0,3984.0,4095.0,4095.0,4095.0,4095.0,-1.72,9.73,2.53,-0.06,0.08,-0.06,0.0,thank-you
1951.0,1263.0,3959.0,3984.0,4095.0,4095.0,4095.0,4095.0,-1.79,9.46,2.75,-0.14,0.02,-0.05,0.0,thank-you
1941.0,1279.0,3952.0,3990.0,4095.0,4095.0,4095.0,4095.0,-1.72,9.64,2.89,-0.05,-0.21,-0.19,0.0,thank-you
1953.0,1279.0,3923.0,3991.0,4095.0,4095.0,4095.0,4095.0,-1.57,9.53,3.12,0.0,-0.16,-0.22,0.0,thank-you
1947.0,1257.0,3933.0,3995.0,4095.0,4095.0,4095.0,4095.0,-1.79,9.86,3.09,0.06,-0.03,-0.26,0.0,thank-you
1965.0,1138.0,3909.0,4005.0,4095.0,4095.0,4095.0,4095.0,-2.01,9.96,4.47,0.19,0.17,-0.4,0.0,thank-you
1965.0,1118.0,3890.0,4014.0,4095.0,4095.0,4095.0,4095.0,-1.11,9.51,5.75,1.0,0.25,-0.04,0.0,thank-you
1942.0,1113.0,3947.0,3998.0,4095.0,4095.0,4095.0,4095.0,-0.45,7.77,2.95,1.85,0.83,-0.0,0.0,thank-you
1911.0,1051.0,4037.0,4000.0,4095.0,4095.0,4095.0,4095.0,0.45,5.38,1.01,2.07,1.21,0.61,0.0,thank-you
1885.0,1033.0,4095.0,3984.0,4095.0,4093.0,4095.0,4095.0,2.46,3.82,-5.11,2.57,0.97,-0.08,0.0,thank-you
1873.0,1021.0,4095.0,3891.0,4095.0,4063.0,4095.0,4095.0,1.55,2.68,-6.58,2.64,0.17,-0.15,0.0,thank-you
1872.0,1047.0,4095.0,3910.0,4095.0,4062.0,4095.0,4095.0,2.52,2.31,-6.89,1.69,0.15,-0.24,0.0,thank-you
1873.0,1040.0,4095.0,3931.0,4095.0,4041.0,4095.0,4095.0,2.6,1.57,-7.17,1.07,-0.1,-0.11,0.0,thank-you
1873.0,1021.0,4095.0,3934.0,4095.0,4031.0,4095.0,4095.0,1.91,0.76,-7.57,1.11,-0.42,-0.26,0.0,thank-you
1882.0,2108.0,4095.0,3968.0,4095.0,4095.0,4095.0,4095.0,2.46,0.49,-9.05,0.68,-1.46,-0.32,0.0,thank-you
1905.0,2266.0,4054.0,4002.0,4095.0,4095.0,4095.0,4095.0,0.49,0.05,-4.93,0.29,-0.29,-0.26,0.0,thank-you
1925.0,2369.0,3842.0,4027.0,4095.0,4095.0,4095.0,4095.0,0.33,0.02,-5.87,-0.06,-0.04,-0.19,0.0,thank-you
1936.0,2435.0,3811.0,4022.0,4095.0,4095.0,4095.0,4095.0,0.38,0.31,-5.85,0.05,0.03,-0.23,0.0,thank-you
1942.0,2429.0,3779.0,4033.0,4095.0,4095.0,4095.0,4095.0,0.83,0.06,-5.57,-0.03,0.02,-0.15,0.0,thank-you
1942.0,2445.0,3781.0,4030.0,4095.0,4095.0,4095.0,4095.0,0.71,0.18,-5.95,-0.01,0.03,-0.17,0.0,thank-you
1940.0,1815.0,3859.0,3967.0,4095.0,4095.0,4095.0,4095.0,-2.42,9.58,2.17,-0.04,0.06,-0.12,0.0,thank-you
1951.0,1815.0,3845.0,3964.0,4095.0,4095.0,4095.0,4095.0,-2.12,9.79,2.3,-0.01,-0.09,-0.16,0.0,thank-you
1957.0,1809.0,3867.0,3975.0,4095.0,4095.0,4095.0,4095.0,-2.29,9.38,2.7,-0.03,-0.24,-0.17,0.0,thank-you
1963.0,1814.0,3845.0,3984.0,4095.0,4095.0,4095.0,4095.0,-2.27,9.55,2.77,0.0,-0.1,-0.19,0.0,thank-you
1941.0,1818.0,3846.0,3973.0,4095.0,4095.0,4095.0,4095.0,-2.3,9.51,2.45,-0.03,0.0,-0.14,0.0,thank-you
1955.0,1783.0,3846.0,3965.0,4095.0,4095.0,4095.0,4095.0,-2.19,9.51,2.31,-0.07,0.05,-0.1,0.0,thank-you
1953.0,1776.0,3840.0,3978.0,4095.0,4095.0,4095.0,4095.0,-2.1,9.28,2.72,-0.14,0.19,-0.04,0.0,thank-you
1959.0,1776.0,3815.0,3995.0,4095.0,4095.0,4095.0,4095.0,-1.63,10.0,3.86,0.24,0.13,-0.06,0.0,thank-you
1956.0,1680.0,3815.0,3981.0,4095.0,4095.0,4095.0,4095.0,-1.69,9.97,4.71,0.52,0.31,0.06,0.0,thank-you
1947.0,1600.0,3853.0,3975.0,4095.0,4095.0,4095.0,4095.0,-1.18,9.63,2.68,0.42,1.48,0.17,0.0,thank-you
1923.0,1457.0,3989.0,3990.0,4095.0,4095.0,4095.0,4095.0,-0.74,6.95,1.41,1.48,0.62,0.23,0.0,thank-you
1913.0,1397.0,4031.0,3969.0,4095.0,4079.0,4095.0,4095.0,0.79,6.83,-0.04,2.05,-0.11,0.69,0.0,thank-you
1923.0,1459.0,4095.0,3969.0,4095.0,4007.0,4095.0,4095.0,1.61,4.82,-2.71,2.17,0.34,-0.12,0.0,thank-you
1933.0,1498.0,4095.0,3934.0,4095.0,3957.0,4095.0,4095.0,0.07,4.02,-5.0,1.59,0.95,0.62,0.0,thank-you
1921.0,1487.0,4095.0,3917.0,4095.0,3977.0,4095.0,4095.0,0.95,3.88,-5.84,1.27,0.28,0.54,0.0,thank-you
1920.0,1443.0,4095.0,3898.0,4095.0,3984.0,4095.0,4095.0,1.33,2.85,-7.04,0.88,0.26,0.09,0.0,thank-you
1919.0,1409.0,4095.0,3920.0,4095.0,4007.0,4095.0,4095.0,1.61,2.01,-6.14,0.52,0.06,0.15,0.0,thank-you
1911.0,1340.0,4095.0,3918.0,4095.0,3984.0,4095.0,4095.0,1.98,1.61,-6.41,0.33,-0.01,0.18,0.0,thank-you
1918.0,1325.0,4095.0,3942.0,4095.0,3999.0,4095.0,4095.0,1.8,1.45,-5.71,0.2,-0.0,0.09,0.0,thank-you
1927.0,1520.0,4095.0,3953.0,4095.0,4032.0,4095.0,4095.0,2.13,1.22,-6.94,0.04,-0.33,0.16,0.0,thank-you
1950.0,1712.0,3905.0,3974.0,4095.0,4095.0,4095.0,4095.0,-1.97,9.53,2.15,-0.02,0.01,-0.11,0.0,thank-you
1956.0,1687.0,3911.0,3973.0,4095.0,4095.0,4095.0,4095.0,-1.75,9.42,2.17,0.01,-0.09,-0.16,0.0,thank-you
1959.0,1688.0,3895.0,3971.0,4095.0,4095.0,4095.0,4095.0,-2.15,9.35,2.49,0.03,-0.22,-0.17,0.0,thank-you
1953.0,1686.0,3869.0,3967.0,4095.0,4095.0,4095.0,4095.0,-1.9,9.51,2.67,-0.03,-0.21,-0.14,0.0,thank-you
1951.0,1680.0,3872.0,3970.0,4095.0,4095.0,4095.0,4095.0,-2.2,9.44,2.51,-0.12,0.0,-0.16,0.0,thank-you
1966.0,1650.0,3878.0,3994.0,4095.0,4095.0,4095.0,4095.0,-2.02,9.43,4.39,0.13,-0.23,0.15,0.0,thank-you
1974.0,1530.0,3869.0,3985.0,4095.0,4081.0,4095.0,4095.0,-2.2,9.73,3.11,0.5,0.35,0.01,0.0,thank-you
1965.0,1451.0,3931.0,4002.0,4095.0,4055.0,4095.0,4095.0,-1.87,9.26,3.15,0.96,0.58,-0.05,0.0,thank-you
1953.0,1381.0,3954.0,3974.0,4095.0,4049.0,4095.0,4095.0,-0.87,7.79,2.26,1.45,0.62,0.2,0.0,thank-you
1949.0,1407.0,3984.0,3958.0,4095.0,4049.0,4095.0,4095.0,0.34,6.9,-1.09,1.95,0.51,-0.35,0.0,thank-you
1911.0,1363.0,3971.0,3941.0,4095.0,4032.0,4095.0,4095.0,0.79,5.01,-3.15,2.04,0.64,-0.18,0.0,thank-you
1906.0,1323.0,3971.0,3896.0,4095.0,4015.0,4095.0,4095.0,2.23,4.19,-5.32,1.91,0.12,-0.18,0.0,thank-you
1903.0,1301.0,3973.0,3899.0,4095.0,4013.0,4095.0,4095.0,2.7,3.39,-5.98,1.8,-0.18,-0.24,0.0,thank-you
1904.0,1240.0,4007.0,3885.0,4095.0,3975.0,4095.0,4095.0,1.94,2.29,-7.25,1.22,0.07,-0.11,0.0,thank-you
1904.0,1197.0,3999.0,3897.0,4095.0,3968.0,4095.0,4095.0,1.42,1.61,-5.92,0.53,0.69,0.02,0.0,thank-you
1904.0,1185.0,4006.0,3905.0,4095.0,3990.0,4095.0,4095.0,1.97,1.25,-6.16,0.44,0.33,-0.04,0.0,thank-you
1936.0,1255.0,3959.0,3962.0,4095.0,4000.0,4095.0,4095.0,0.64,1.3,-5.78,-0.92,0.79,-0.06,0.0,thank-you
1924.0,1240.0,3970.0,3978.0,4095.0,4001.0,4095.0,4095.0,1.81,0.76,-5.46,0.31,-0.46,-0.16,0.0,thank-you
1931.0,1265.0,3937.0,3986.0,4095.0,4014.0,4095.0,4095.0,1.09,0.44,-5.44,-0.25,0.18,0.1,0.0,thank-you
1918.0,1279.0,3941.0,3985.0,4095.0,4004.0,4095.0,4095.0,1.33,0.74,-6.2,-0.03,-0.06,-0.16,0.0,thank-you
1999.0,1433.0,3733.0,3986.0,4095.0,4095.0,4095.0,4095.0,-2.04,9.54,2.39,-0.04,0.08,-0.11,0.0,thank-you
1993.0,1438.0,3731.0,3967.0,4095.0,4095.0,4095.0,4095.0,-1.98,9.46,2.38,-0.02,-0.03,-0.17,0.0,thank-you
1995.0,1424.0,3728.0,3979.0,4095.0,4095.0,4095.0,4095.0,-1.86,9.55,2.77,-0.03,-0.24,-0.15,0.0,thank-you
2000.0,1430.0,3715.0,3979.0,4095.0,4095.0,4095.0,4095.0,-2.1,9.71,2.85,0.06,-0.13,-0.21,0.0,thank-you
1996.0,1420.0,3732.0,3989.0,4095.0,4095.0,4095.0,4095.0,-1.9,9.23,3.37,0.21,-0.07,-0.15,0.0,thank-you
1993.0,1390.0,3731.0,4026.0,4095.0,4018.0,4095.0,4095.0,-1.01,10.37,4.27,0.56,0.38,-0.05,0.0,thank-you
2000.0,1358.0,3798.0,3994.0,4095.0,4013.0,4095.0,4095.0,-1.63,9.31,3.66,0.99,0.76,-0.11,0.0,thank-you
1975.0,1357.0,3843.0,4009.0,4095.0,3986.0,4095.0,4095.0,-0.39,8.38,1.32,1.82,0.23,-0.11,0.0,thank-you
1954.0,1319.0,3899.0,3983.0,4095.0,3986.0,4095.0,4095.0,-0.07,6.25,-1.35,1.88,0.92,-0.12,0.0,thank-you
1930.0,1229.0,3930.0,3969.0,4095.0,3975.0,4095.0,4095.0,-1.43,3.73,-3.56,1.93,1.56,0.37,0.0,thank-you
1925.0,1264.0,4095.0,3943.0,4095.0,3959.0,4095.0,4095.0,0.18,3.23,-5.99,2.1,0.46,0.35,0.0,thank-you
1911.0,1254.0,4095.0,3920.0,4095.0,3966.0,4095.0,4095.0,1.19,2.89,-5.91,1.17,0.51,0.28,0.0,thank-you
1923.0,1227.0,4095.0,3921.0,4095.0,3964.0,4095.0,4095.0,1.47,1.84,-7.1,1.0,0.23,0.06,0.0,thank-you
1910.0,1230.0,4095.0,3922.0,4095.0,3968.0,4095.0,4095.0,1.68,1.2,-7.31,0.51,-0.11,-0.07,0.0,thank-you
1919.0,1231.0,4095.0,3923.0,4095.0,3953.0,4095.0,4095.0,2.29,0.82,-5.89,0.47,-0.22,-0.13,0.0,thank-you
1921.0,1510.0,4095.0,3948.0,4095.0,3971.0,4095.0,4095.0,2.41,0.06,-7.02,0.49,-0.03,0.19,0.0,thank-you
1934.0,2265.0,4095.0,3975.0,4095.0,4015.0,4095.0,4095.0,2.01,0.37,-5.55,-0.3,0.3,-0.08,0.0,thank-you
1946.0,2242.0,4095.0,3974.0,4095.0,4003.0,4095.0,4095.0,2.07,0.01,-5.53,0.08,-0.09,-0.07,0.0,thank-you
1940.0,2333.0,4095.0,3993.0,4095.0,4014.0,4095.0,4095.0,2.21,0.14,-5.54,0.0,-0.11,-0.27,0.0,thank-you
1950.0,2377.0,4095.0,3985.0,4095.0,4015.0,4095.0,4095.0,1.9,0.2,-5.53,-0.03,0.07,-0.18,0.0,thank-you
1990.0,1899.0,3825.0,3995.0,4095.0,4095.0,4095.0,4095.0,-1.75,9.78,2.43,-0.01,0.09,-0.08,0.0,thank-you
1985.0,1888.0,3835.0,4000.0,4095.0,4095.0,4095.0,4095.0,-2.01,9.53,2.63,-0.06,-0.03,-0.13,0.0,thank-you
1998.0,1865.0,3839.0,4012.0,4095.0,4095.0,4095.0,4095.0,-1.71,9.67,2.51,-0.01,-0.13,-0.2,0.0,thank-you
1997.0,1846.0,3839.0,3995.0,4095.0,4095.0,4095.0,4095.0,-1.39,9.46,2.93,-0.06,-0.17,-0.1,0.0,thank-you
1993.0,1818.0,3822.0,4004.0,4095.0,4095.0,4095.0,4095.0,-1.85,9.3,3.03,-0.11,0.1,-0.11,0.0,thank-you
1997.0,1715.0,3787.0,4007.0,4095.0,4095.0,4095.0,4095.0,-0.98,10.24,4.27,0.06,0.08,0.05,0.0,thank-you
1988.0,1670.0,3803.0,4015.0,4095.0,3963.0,4095.0,4095.0,-1.04,10.15,3.86,0.53,0.23,-0.11,0.0,thank-you
1998.0,1634.0,3841.0,4023.0,4095.0,3965.0,4095.0,4095.0,-0.78,9.45,2.49,1.16,0.27,-0.44,0.0,thank-you
1967.0,1621.0,3888.0,4013.0,4095.0,3958.0,4095.0,4095.0,-1.27,7.69,2.15,1.61,0.6,-0.15,0.0,thank-you
1968.0,1616.0,3905.0,3988.0,4095.0,3950.0,4095.0,4095.0,-0.66,6.33,0.4,2.08,1.28,-0.18,0.0,thank-you
1941.0,1591.0,3975.0,3970.0,4095.0,3920.0,4095.0,4095.0,-1.17,3.81,-2.82,2.48,1.64,-0.18,0.0,thank-you
1936.0,1674.0,4095.0,3919.0,4095.0,3930.0,4095.0,4095.0,0.93,3.72,-7.46,1.89,0.58,-0.46,0.0,thank-you
1932.0,1651.0,4095.0,3904.0,4095.0,3903.0,4095.0,4095.0,1.04,2.39,-7.53,1.33,0.01,-0.02,0.0,thank-you
1915.0,1616.0,4095.0,3920.0,4095.0,3891.0,4095.0,4095.0,1.68,2.02,-7.12,1.12,-0.3,-0.06,0.0,thank-you
1927.0,1600.0,4095.0,3930.0,4095.0,3909.0,4095.0,4095.0,1.99,1.08,-6.38,0.68,0.09,-0.06,0.0,thank-you
1918.0,1583.0,4095.0,3947.0,4095.0,3919.0,4095.0,4095.0,2.02,0.63,-5.64,0.46,0.42,0.06,0.0,thank-you
1949.0,2518.0,4095.0,3957.0,4095.0,3941.0,4095.0,4095.0,2.72,0.43,-8.53,-0.0,-0.72,0.2,0.0,thank-you
1938.0,2371.0,4095.0,3979.0,4095.0,3927.0,4095.0,4095.0,2.03,0.23,-4.47,-0.14,0.3,0.01,0.0,thank-you
1941.0,2493.0,4095.0,3979.0,4095.0,3949.0,4095.0,4095.0,2.18,0.32,-5.8,0.17,-0.52,-0.12,0.0,thank-you
1951.0,2538.0,4095.0,3987.0,4095.0,3937.0,4095.0,4095.0,1.7,0.18,-5.57,-0.07,-0.06,-0.11,0.0,thank-you
1961.0,989.0,2390.0,3935.0,4095.0,4095.0,4095.0,4095.0,-2.01,9.47,3.21,-0.03,0.02,0.03,0.0,thank-you
1955.0,990.0,2377.0,3947.0,4095.0,4095.0,4095.0,4095.0,-1.86,9.68,2.87,-0.01,-0.06,-0.12,0.0,thank-you
1943.0,997.0,2353.0,3948.0,4095.0,4095.0,4095.0,4095.0,-1.95,9.7,3.42,-0.01,-0.18,-0.16,0.0,thank-you
1959.0,976.0,1904.0,3811.0,4095.0,4057.0,4095.0,4095.0,-1.84,9.83,4.66,0.39,-0.21,0.01,0.0,thank-you
1947.0,976.0,1743.0,3775.0,4095.0,4058.0,4095.0,4095.0,-1.23,10.25,2.93,1.03,0.2,-0.24,0.0,thank-you
1931.0,975.0,1527.0,3794.0,4095.0,4073.0,4095.0,4095.0,-1.13,9.05,1.68,0.84,0.66,-0.11,0.0,thank-you
1927.0,971.0,1283.0,3824.0,4095.0,4075.0,4095.0,4095.0,-0.91,8.35,0.21,1.31,0.2,0.0,0.0,thank-you
1895.0,961.0,1056.0,3776.0,4095.0,4064.0,4095.0,4095.0,-1.88,6.45,0.06,1.97,0.32,-0.14,0.0,thank-you
1890.0,967.0,1002.0,3775.0,4095.0,4061.0,4095.0,4095.0,0.25,5.66,-1.5,1.92,0.34,0.39,0.0,thank-you
1840.0,943.0,935.0,3756.0,4095.0,4082.0,4095.0,4095.0,2.2,3.2,-5.84,2.74,-0.3,0.36,0.0,thank-you
1839.0,944.0,931.0,3717.0,4095.0,4038.0,4095.0,4095.0,2.86,0.96,-8.04,2.37,-0.9,-0.19,0.0,thank-you
1839.0,951.0,929.0,3707.0,4095.0,4071.0,4095.0,4095.0,0.87,1.05,-6.69,1.29,0.14,-0.14,0.0,thank-you
1835.0,956.0,928.0,3700.0,4095.0,4053.0,4095.0,4095.0,1.43,1.31,-6.71,0.56,0.28,-0.14,0.0,thank-you
1825.0,950.0,938.0,3699.0,4095.0,4048.0,4095.0,4095.0,1.44,0.48,-5.6,0.47,0.43,-0.05,0.0,thank-you
1827.0,940.0,931.0,3699.0,4095.0,4042.0,4095.0,4095.0,1.81,-0.03,-6.33,0.19,0.18,-0.08,0.0,thank-you
1833.0,951.0,933.0,3733.0,4095.0,4055.0,4095.0,4095.0,1.52,0.13,-4.89,-0.69,0.36,0.22,0.0,thank-you
1835.0,955.0,925.0,3741.0,4095.0,4053.0,4095.0,4095.0,1.55,-0.23,-6.27,0.17,-0.16,-0.23,0.0,thank-you
1836.0,955.0,943.0,3744.0,4095.0,4062.0,4095.0,4095.0,1.65,0.36,-5.43,0.12,-0.13,-0.22,0.0,thank-you
1840.0,961.0,927.0,3751.0,4095.0,4056.0,4095.0,4095.0,1.55,0.19,-5.66,-0.04,0.05,-0.13,0.0,thank-you
1840.0,962.0,943.0,3742.0,4095.0,4048.0,4095.0,4095.0,1.78,0.36,-5.78,-0.04,0.07,-0.08,0.0,thank-you
1753.0,976.0,2867.0,3904.0,4095.0,4095.0,4095.0,4095.0,-1.78,9.4,2.35,-0.02,0.05,-0.0,0.0,thank-you
1730.0,981.0,2864.0,3891.0,4095.0,4095.0,4095.0,4095.0,-1.29,9.86,2.43,0.01,-0.06,-0.22,0.0,thank-you
1738.0,976.0,2862.0,3894.0,4095.0,4095.0,4095.0,4095.0,-1.76,9.28,2.91,0.04,-0.26,-0.17,0.0,thank-you
1767.0,975.0,2865.0,3899.0,4095.0,4095.0,4095.0,4095.0,-1.45,9.77,2.99,0.01,-0.12,-0.21,0.0,thank-you
1766.0,977.0,2842.0,3920.0,4095.0,4065.0,4095.0,4095.0,-1.46,10.58,4.49,-0.05,-0.0,-0.15,0.0,thank-you
1753.0,966.0,2768.0,3931.0,4095.0,3891.0,4095.0,4095.0,-1.8,9.26,5.65,0.13,0.77,0.03,0.0,thank-you
1719.0,975.0,2730.0,3939.0,4095.0,3873.0,4095.0,4095.0,-1.61,8.24,4.13,1.91,0.36,-0.01,0.0,thank-you
1675.0,962.0,2559.0,3907.0,4095.0,3875.0,4095.0,4095.0,-0.16,6.42,0.45,2.26,0.8,0.24,0.0,thank-you
1615.0,951.0,2118.0,3883.0,4095.0,3859.0,4095.0,4095.0,2.56,4.25,-2.94,2.38,0.58,0.05,0.0,thank-you
1600.0,950.0,1871.0,3875.0,4095.0,3865.0,4095.0,4095.0,1.77,3.2,-3.84,1.84,0.77,-0.13,0.0,thank-you
1584.0,935.0,1767.0,3844.0,4095.0,3835.0,4095.0,4095.0,3.33,2.93,-7.86,1.93,-0.27,-0.33,0.0,thank-you
1578.0,943.0,1589.0,3846.0,4095.0,3824.0,4095.0,4095.0,1.65,1.29,-6.23,1.43,-0.01,-0.21,0.0,thank-you
1584.0,944.0,1505.0,3839.0,4095.0,3822.0,4095.0,4095.0,1.31,0.88,-7.6,0.8,0.16,-0.12,0.0,thank-you
1586.0,939.0,1379.0,3849.0,4095.0,3836.0,4095.0,4095.0,1.01,0.17,-6.52,0.53,0.21,0.09,0.0,thank-you
1579.0,942.0,1292.0,3856.0,4095.0,3855.0,4095.0,4095.0,1.45,-0.04,-6.02,0.38,0.02,0.07,0.0,thank-you
1616.0,965.0,1198.0,3860.0,4095.0,3924.0,4095.0,4095.0,2.04,0.25,-7.81,0.08,-0.55,0.28,0.0,thank-you
1570.0,973.0,1166.0,3857.0,4095.0,3920.0,4095.0,4095.0,1.11,-0.26,-5.21,-0.01,0.01,-0.11,0.0,thank-you
1571.0,981.0,1168.0,3868.0,4095.0,3922.0,4095.0,4095.0,1.29,-0.3,-5.84,0.01,-0.1,-0.16,0.0,thank-you
1579.0,976.0,1149.0,3858.0,4095.0,3919.0,4095.0,4095.0,1.34,-0.13,-5.4,-0.12,0.1,-0.08,0.0,thank-you
1561.0,990.0,1136.0,3863.0,4095.0,3919.0,4095.0,4095.0,1.38,-0.09,-5.99,-0.0,-0.04,-0.14,0.0,thank-you
1742.0,1203.0,1520.0,3952.0,4095.0,4095.0,4095.0,4095.0,-1.6,9.56,2.13,0.02,-0.1,-0.17,0.0,thank-you
1748.0,1186.0,1516.0,3951.0,4095.0,4095.0,4095.0,4095.0,-1.67,9.59,2.36,0.01,-0.2,-0.14,0.0,thank-you
1743.0,1187.0,1499.0,3955.0,4095.0,4095.0,4095.0,4095.0,-1.65,9.36,2.33,-0.03,-0.1,-0.17,0.0,thank-you
1754.0,1179.0,1467.0,3972.0,4095.0,4095.0,4095.0,4095.0,-1.69,9.55,2.4,-0.04,-0.03,-0.13,0.0,thank-you
1741.0,1171.0,1454.0,3969.0,4095.0,4095.0,4095.0,4095.0,-2.12,9.04,2.55,0.11,-0.24,-0.14,0.0,thank-you
1747.0,1174.0,1445.0,3965.0,4095.0,4095.0,4095.0,4095.0,-1.67,9.75,1.99,0.13,-0.22,-0.22,0.0,thank-you
1770.0,1168.0,1437.0,3967.0,4095.0,4095.0,4095.0,4095.0,-2.36,9.6,3.3,0.06,-0.09,-0.09,0.0,thank-you
1759.0,1135.0,1438.0,3955.0,4095.0,3959.0,4095.0,4095.0,-2.01,10.37,5.09,0.13,0.31,0.09,0.0,thank-you
1751.0,1114.0,1379.0,3962.0,4095.0,3936.0,4095.0,4095.0,-1.09,9.61,2.89,0.96,0.22,-0.19,0.0,thank-you
1721.0,1039.0,1157.0,3969.0,4095.0,3916.0,4095.0,4095.0,-1.73,6.48,3.11,1.77,0.88,0.5,0.0,thank-you
1666.0,1001.0,978.0,3963.0,4095.0,3888.0,4095.0,4095.0,0.83,3.9,-0.34,2.37,1.37,0.83,0.0,thank-you
1649.0,1005.0,971.0,3945.0,4095.0,3867.0,4095.0,4095.0,3.5,2.66,-4.12,2.35,0.96,-0.13,0.0,thank-you
1666.0,1011.0,966.0,3869.0,4095.0,3835.0,4095.0,4095.0,4.7,3.42,-7.86,1.99,-0.2,0.27,0.0,thank-you
1634.0,997.0,953.0,3894.0,4095.0,3846.0,4095.0,4095.0,4.08,2.55,-7.66,1.98,-0.9,0.23,0.0,thank-you
1622.0,989.0,958.0,3891.0,4095.0,3846.0,4095.0,4095.0,1.93,1.23,-7.55,1.28,-0.2,0.05,0.0,thank-you
1607.0,985.0,953.0,3907.0,4095.0,3853.0,4095.0,4095.0,2.8,0.87,-7.54,0.56,0.11,0.07,0.0,thank-you
1643.0,1143.0,951.0,3937.0,4095.0,3894.0,4095.0,4095.0,1.77,0.3,-5.68,-0.39,0.43,-0.1,0.0,thank-you
1623.0,1057.0,947.0,3939.0,4095.0,3888.0,4095.0,4095.0,2.17,0.66,-5.61,-0.04,0.02,-0.11,0.0,thank-you
1619.0,1067.0,963.0,3943.0,4095.0,3882.0,4095.0,4095.0,2.28,0.49,-5.89,-0.08,-0.02,-0.05,0.0,thank-you
1614.0,1008.0,957.0,3946.0,4095.0,3879.0,4095.0,4095.0,2.39,0.51,-5.79,-0.17,0.29,-0.1,0.0,thank-you
1867.0,1412.0,1301.0,3849.0,4095.0,4095.0,4095.0,4095.0,-3.11,9.12,1.93,0.03,-0.09,-0.14,0.0,thank-you
1872.0,1421.0,1279.0,3840.0,4095.0,4095.0,4095.0,4095.0,-2.87,8.99,1.88,-0.04,-0.05,-0.16,0.0,thank-you
1872.0,1399.0,1267.0,3843.0,4095.0,4095.0,4095.0,4095.0,-2.72,9.41,1.87,-0.09,-0.05,-0.1,0.0,thank-you
1845.0,1389.0,1237.0,3847.0,4095.0,4095.0,4095.0,4095.0,-2.62,9.09,1.99,-0.04,-0.07,-0.14,0.0,thank-you
1853.0,1371.0,1185.0,3850.0,4095.0,4095.0,4095.0,4095.0,-2.7,9.11,2.03,-0.11,0.02,-0.1,0.0,thank-you
1845.0,1358.0,1177.0,3815.0,4095.0,4095.0,4095.0,4095.0,-2.29,9.63,3.12,0.02,-0.08,-0.09,0.0,thank-you
1899.0,1330.0,1192.0,3841.0,4095.0,4048.0,4095.0,4095.0,-1.75,9.92,3.27,0.02,0.22,-0.15,0.0,thank-you
1857.0,1255.0,1078.0,3846.0,4095.0,3989.0,4095.0,4095.0,-2.38,9.44,4.64,0.44,0.22,0.28,0.0,thank-you
1808.0,1178.0,1009.0,3845.0,4095.0,3981.0,4095.0,4095.0,-1.7,9.08,3.45,1.02,0.85,0.49,0.0,thank-you
1783.0,1168.0,974.0,3826.0,4095.0,3967.0,4095.0,4095.0,0.73,7.49,-0.05,1.8,0.28,0.24,0.0,thank-you
1721.0,1073.0,951.0,3829.0,4095.0,3958.0,4095.0,4095.0,3.09,5.09,0.25,2.29,0.22,0.16,0.0,thank-you
1634.0,976.0,927.0,3759.0,4095.0,3867.0,4095.0,4095.0,5.39,1.01,-4.97,3.71,-0.61,0.47,0.0,thank-you
1625.0,976.0,930.0,3777.0,4095.0,3898.0,4095.0,4095.0,3.63,-0.34,-6.54,2.44,0.96,0.98,0.0,thank-you
1631.0,975.0,938.0,3792.0,4095.0,3925.0,4095.0,4095.0,2.84,1.63,-8.98,1.15,0.02,0.58,0.0,thank-you
1627.0,977.0,939.0,3809.0,4095.0,3919.0,4095.0,4095.0,3.31,1.56,-6.73,1.06,-0.4,-0.07,0.0,thank-you
1645.0,1339.0,934.0,3831.0,4095.0,3971.0,4095.0,4095.0,2.33,-0.21,-9.66,1.49,-2.27,0.46,0.0,thank-you
1663.0,1435.0,940.0,3879.0,4095.0,4007.0,4095.0,4095.0,1.75,-0.22,-4.87,-0.24,0.66,-0.24,0.0,thank-you
1648.0,1449.0,945.0,3888.0,4095.0,4011.0,4095.0,4095.0,2.26,-0.05,-5.79,0.1,-0.11,-0.09,0.0,thank-you
1648.0,1439.0,927.0,3887.0,4095.0,4005.0,4095.0,4095.0,1.66,-0.12,-5.36,-0.09,0.03,-0.08,0.0,thank-you
1655.0,1436.0,934.0,3892.0,4095.0,4007.0,4095.0,4095.0,2.15,0.05,-5.83,-0.07,-0.0,-0.04,0.0,thank-you
1899.0,1535.0,939.0,3990.0,4095.0,4095.0,4095.0,4095.0,-2.75,9.69,2.5,-0.1,0.08,-0.1,0.0,thank-you
1891.0,1509.0,934.0,3989.0,4095.0,4095.0,4095.0,4095.0,-2.58,8.98,3.0,-0.09,-0.21,-0.18,0.0,thank-you
1883.0,1478.0,944.0,4000.0,4095.0,4095.0,4095.0,4095.0,-2.57,9.52,2.72,-0.07,-0.12,-0.11,0.0,thank-you
1878.0,1456.0,943.0,4002.0,4095.0,4095.0,4095.0,4095.0,-2.68,9.08,3.28,-0.07,-0.13,-0.13,0.0,thank-you
1888.0,1411.0,941.0,4020.0,4095.0,4095.0,4095.0,4095.0,-2.85,9.67,3.76,-0.2,0.01,-0.12,0.0,thank-you
1875.0,1360.0,941.0,4016.0,4095.0,4095.0,4095.0,4095.0,-2.6,9.65,3.92,-0.09,0.08,-0.0,0.0,thank-you
1859.0,1215.0,939.0,4012.0,4095.0,4034.0,4095.0,4095.0,-2.44,10.01,6.26,0.44,0.54,0.13,0.0,thank-you
1835.0,1133.0,934.0,3995.0,4095.0,4015.0,4095.0,4095.0,-2.32,9.55,5.06,1.47,0.32,0.32,0.0,thank-you
1790.0,1075.0,944.0,3991.0,4095.0,4014.0,4095.0,4095.0,-1.51,7.16,2.33,2.03,1.06,-0.12,0.0,thank-you
1723.0,1015.0,941.0,3969.0,4095.0,3965.0,4095.0,4095.0,0.03,4.03,-1.54,3.17,0.83,0.17,0.0,thank-you
1706.0,995.0,944.0,3969.0,4095.0,3955.0,4095.0,4095.0,2.38,2.61,-4.75,2.55,0.89,0.35,0.0,thank-you
1681.0,970.0,948.0,3991.0,4095.0,3958.0,4095.0,4095.0,1.03,1.05,-6.32,1.98,1.02,0.5,0.0,thank-you
1674.0,975.0,958.0,3993.0,4095.0,3921.0,4095.0,4095.0,3.36,1.49,-9.5,1.84,-0.58,-0.18,0.0,thank-you
1657.0,967.0,960.0,4023.0,4095.0,3935.0,4095.0,4095.0,3.04,0.21,-7.49,1.05,-0.3,-0.02,0.0,thank-you
1664.0,961.0,968.0,4031.0,4095.0,3939.0,4095.0,4095.0,2.27,-0.58,-6.7,0.19,0.39,-0.01,0.0,thank-you
1655.0,974.0,961.0,4031.0,4095.0,3938.0,4095.0,4095.0,2.75,0.18,-5.76,0.01,0.09,-0.11,0.0,thank-you
1647.0,965.0,967.0,4026.0,4095.0,3938.0,4095.0,4095.0,2.54,-0.2,-5.66,-0.04,0.12,-0.16,0.0,thank-you
1657.0,965.0,957.0,4048.0,4095.0,3939.0,4095.0,4095.0,2.58,-0.09,-5.71,-0.1,-0.04,-0.1,0.0,thank-you
1650.0,960.0,959.0,4049.0,4095.0,3952.0,4095.0,4095.0,2.67,-0.02,-5.77,-0.13,-0.1,-0.21,0.0,thank-you
1659.0,976.0,966.0,4045.0,4095.0,3943.0,4095.0,4095.0,2.49,0.06,-6.31,-0.29,-0.05,-0.18,0.0,thank-you
1850.0,1040.0,943.0,4026.0,4095.0,4095.0,4095.0,4095.0,-1.75,9.7,1.86,-0.02,0.05,-0.14,0.0,thank-you
1850.0,1055.0,944.0,4016.0,4095.0,4095.0,4095.0,4095.0,-1.87,9.69,2.01,-0.13,0.09,-0.12,0.0,thank-you
1863.0,1046.0,942.0,4019.0,4095.0,4095.0,4095.0,4095.0,-1.72,9.56,2.35,-0.15,-0.08,-0.13,0.0,thank-you
1861.0,1050.0,943.0,4027.0,4095.0,4095.0,4095.0,4095.0,-1.28,9.64,2.62,-0.18,-0.1,-0.14,0.0,thank-you
1884.0,1040.0,942.0,4024.0,4095.0,4095.0,4095.0,4095.0,-1.4,9.79,3.36,0.01,0.04,-0.19,0.0,thank-you
1904.0,1032.0,942.0,4043.0,4095.0,3931.0,4095.0,4095.0,-1.35,10.24,4.73,-0.24,0.45,-0.0,0.0,thank-you
1886.0,1022.0,935.0,4034.0,4095.0,3939.0,4095.0,4095.0,-1.21,10.11,5.44,1.14,0.22,-0.13,0.0,thank-you
1853.0,999.0,939.0,4045.0,4095.0,3934.0,4095.0,4095.0,-1.51,8.25,2.43,1.68,1.06,0.54,0.0,thank-you
1803.0,995.0,949.0,4044.0,4095.0,3922.0,4095.0,4095.0,-0.71,7.17,0.08,1.99,0.93,0.32,0.0,thank-you
1774.0,978.0,953.0,4027.0,4095.0,3920.0,4095.0,4095.0,1.58,4.25,-1.98,2.28,0.81,0.28,0.0,thank-you
1767.0,983.0,962.0,3952.0,4095.0,3881.0,4095.0,4095.0,2.07,2.11,-6.45,2.43,0.51,0.3,0.0,thank-you
1739.0,969.0,945.0,3968.0,4095.0,3870.0,4095.0,4095.0,1.54,0.95,-6.95,1.54,1.18,0.66,0.0,thank-you
1729.0,970.0,967.0,3990.0,4095.0,3886.0,4095.0,4095.0,2.76,2.03,-4.53,0.65,1.62,0.51,0.0,thank-you
1735.0,960.0,962.0,3989.0,4095.0,3883.0,4095.0,4095.0,4.01,1.28,-5.95,0.72,0.79,0.22,0.0,thank-you
1709.0,963.0,955.0,4001.0,4095.0,3902.0,4095.0,4095.0,5.04,0.55,-9.13,0.9,-0.72,0.75,0.0,thank-you
1680.0,991.0,974.0,4014.0,4095.0,3929.0,4095.0,4095.0,3.21,0.49,-4.7,-0.24,0.57,-0.18,0.0,thank-you
1679.0,974.0,967.0,4022.0,4095.0,3935.0,4095.0,4095.0,3.42,0.24,-5.45,-0.02,-0.07,0.08,0.0,thank-you
1678.0,976.0,962.0,4010.0,4095.0,3931.0,4095.0,4095.0,3.45,0.35,-5.12,-0.09,0.05,-0.05,0.0,thank-you
1680.0,976.0,967.0,4028.0,4095.0,3937.0,4095.0,4095.0,3.38,0.34,-5.32,0.01,-0.05,-0.13,0.0,thank-you
1666.0,975.0,971.0,4018.0,4095.0,3931.0,4095.0,4095.0,3.57,0.55,-6.0,-0.13,-0.03,-0.23,0.0,thank-you
1852.0,1063.0,944.0,3938.0,4095.0,4095.0,4095.0,4095.0,-2.1,9.17,2.9,-0.09,-0.01,-0.14,0.0,thank-you
1857.0,1068.0,948.0,3939.0,4095.0,4095.0,4095.0,4095.0,-2.42,9.69,2.76,-0.03,-0.09,-0.2,0.0,thank-you
1858.0,1063.0,946.0,3952.0,4095.0,4095.0,4095.0,4095.0,-2.06,9.19,2.88,-0.09,-0.09,-0.14,0.0,thank-you
1867.0,1072.0,945.0,3946.0,4095.0,4095.0,4095.0,4095.0,-2.06,9.49,2.72,-0.12,0.01,-0.17,0.0,thank-you
1886.0,1059.0,944.0,3958.0,4095.0,4095.0,4095.0,4095.0,-1.71,9.5,3.28,0.08,-0.07,-0.14,0.0,thank-you
1887.0,1040.0,943.0,3953.0,4095.0,4048.0,4095.0,4095.0,-1.89,10.79,4.72,0.42,-0.07,-0.21,0.0,thank-you
1863.0,1040.0,941.0,3975.0,4095.0,3970.0,4095.0,4095.0,-1.77,10.56,5.5,0.69,0.49,-0.44,0.0,thank-you
1840.0,1020.0,945.0,3967.0,4095.0,3951.0,4095.0,4095.0,-1.73,7.85,3.68,1.41,1.27,-0.36,0.0,thank-you
1789.0,999.0,949.0,3963.0,4095.0,3909.0,4095.0,4095.0,-1.94,5.83,0.9,1.43,2.42,0.53,0.0,thank-you
1771.0,965.0,962.0,3962.0,4095.0,3909.0,4095.0,4095.0,-0.28,4.74,-1.3,2.42,1.21,0.64,0.0,thank-you
1748.0,963.0,962.0,3925.0,4095.0,3874.0,4095.0,4095.0,1.89,2.51,-6.4,3.16,0.24,0.33,0.0,thank-you
1744.0,960.0,970.0,3924.0,4095.0,3871.0,4095.0,4095.0,3.41,1.37,-7.6,2.38,0.03,0.36,0.0,thank-you
1738.0,957.0,976.0,3962.0,4095.0,3876.0,4095.0,4095.0,3.33,0.09,-7.66,1.39,0.28,0.34,0.0,thank-you
1616.0,1001.0,979.0,3962.0,4095.0,3898.0,4095.0,4095.0,4.46,1.19,-9.83,0.49,0.2,0.35,0.0,thank-you
1834.0,1527.0,976.0,3979.0,4095.0,3921.0,4095.0,4095.0,3.3,0.86,-4.82,-0.14,0.02,-0.44,0.0,thank-you
1717.0,1557.0,976.0,3975.0,4095.0,3929.0,4095.0,4095.0,3.51,0.07,-5.41,-0.07,-0.0,0.03,0.0,thank-you
1775.0,1535.0,980.0,3981.0,4095.0,3942.0,4095.0,4095.0,3.16,0.36,-5.23,-0.05,0.02,-0.05,0.0,thank-you
1794.0,1535.0,982.0,3975.0,4095.0,3943.0,4095.0,4095.0,3.08,0.33,-5.55,0.01,-0.04,-0.13,0.0,thank-you
1808.0,1528.0,976.0,4005.0,4095.0,3952.0,4095.0,4095.0,3.23,0.39,-5.11,-0.02,-0.04,-0.15,0.0,thank-you
1741.0,1509.0,983.0,3984.0,4095.0,3920.0,4095.0,4095.0,3.94,0.52,-6.42,-0.29,0.18,-0.24,0.0,thank-you
1809.0,1265.0,953.0,3943.0,4095.0,4095.0,4095.0,4095.0,-2.03,9.61,2.35,-0.05,0.04,-0.09,0.0,thank-you
1807.0,1264.0,951.0,3933.0,4095.0,4095.0,4095.0,4095.0,-1.7,9.71,2.23,0.03,-0.12,-0.12,0.0,thank-you
1811.0,1269.0,949.0,3954.0,4095.0,4095.0,4095.0,4095.0,-1.93,9.52,2.73,0.01,-0.2,-0.17,0.0,thank-you
1810.0,1280.0,959.0,3945.0,4095.0,4095.0,4095.0,4095.0,-2.19,9.6,2.88,-0.01,-0.26,-0.11,0.0,thank-you
1827.0,1275.0,945.0,3943.0,4095.0,4095.0,4095.0,4095.0,-1.28,10.27,2.77,-0.15,-0.35,-0.08,0.0,thank-you
1821.0,1267.0,949.0,3952.0,4095.0,4095.0,4095.0,4095.0,-2.87,9.59,3.82,0.01,-0.26,-0.1,0.0,thank-you
1827.0,1236.0,953.0,3966.0,4095.0,3945.0,4095.0,4095.0,-0.92,10.29,5.06,0.4,0.09,-0.29,0.0,thank-you
1793.0,1199.0,946.0,3986.0,4095.0,3938.0,4095.0,4095.0,-1.32,8.3,5.65,1.73,0.75,-0.23,0.0,thank-you
1734.0,1185.0,957.0,3983.0,4095.0,3920.0,4095.0,4095.0,0.2,7.06,1.95,2.35,1.09,-0.13,0.0,thank-you
1679.0,1082.0,945.0,3977.0,4095.0,3909.0,4095.0,4095.0,-1.02,4.07,-1.14,2.79,1.5,-0.2,0.0,thank-you
1652.0,1040.0,955.0,3987.0,4095.0,3923.0,4095.0,4095.0,0.24,1.79,-5.2,2.35,1.9,0.68,0.0,thank-you
1626.0,1019.0,960.0,3961.0,4095.0,3901.0,4095.0,4095.0,1.54,2.28,-7.15,1.41,0.84,0.75,0.0,thank-you
1617.0,1008.0,964.0,3983.0,4095.0,3904.0,4095.0,4095.0,3.06,1.44,-7.67,1.08,0.29,0.34,0.0,thank-you
1603.0,1004.0,974.0,3999.0,4095.0,3902.0,4095.0,4095.0,3.73,0.55,-7.48,0.83,-0.04,0.02,0.0,thank-you
1598.0,997.0,981.0,3994.0,4095.0,3889.0,4095.0,4095.0,3.4,0.03,-6.35,0.49,-0.12,-0.09,0.0,thank-you
1601.0,2061.0,992.0,4016.0,4095.0,3924.0,4095.0,4095.0,3.21,-0.13,-6.61,-0.24,-0.09,-0.17,0.0,thank-you
1599.0,2013.0,977.0,3999.0,4095.0,3915.0,4095.0,4095.0,3.56,-0.1,-5.03,0.01,-0.15,-0.13,0.0,thank-you
1599.0,2043.0,981.0,4016.0,4095.0,3913.0,4095.0,4095.0,3.39,-0.46,-5.39,0.05,-0.06,-0.23,0.0,thank-you
1600.0,2031.0,989.0,4019.0,4095.0,3932.0,4095.0,4095.0,3.44,-0.14,-5.31,0.01,-0.1,-0.12,0.0,thank-you
1618.0,2007.0,986.0,4016.0,4095.0,3917.0,4095.0,4095.0,3.02,-0.26,-5.45,0.02,-0.11,-0.19,0.0,thank-you
1823.0,1712.0,942.0,3961.0,4095.0,4095.0,4095.0,4095.0,-2.38,9.42,2.14,-0.07,0.07,-0.14,0.0,thank-you
1822.0,1712.0,944.0,3972.0,4095.0,4095.0,4095.0,4095.0,-2.41,9.52,2.32,-0.02,-0.07,-0.18,0.0,thank-you
1826.0,1716.0,950.0,3966.0,4095.0,4095.0,4095.0,4095.0,-2.28,9.51,2.62,-0.07,-0.2,-0.15,0.0,thank-you
1823.0,1712.0,944.0,3963.0,4095.0,4095.0,4095.0,4095.0,-2.47,9.48,1.98,-0.05,-0.24,-0.12,0.0,thank-you
1831.0,1732.0,955.0,3962.0,4095.0,4095.0,4095.0,4095.0,-2.71,8.86,3.14,0.14,-0.29,-0.31,0.0,thank-you
1840.0,1712.0,953.0,3971.0,4095.0,4095.0,4095.0,4095.0,-2.07,9.89,3.98,-0.14,-0.26,-0.13,0.0,thank-you
1837.0,1659.0,944.0,3989.0,4095.0,3983.0,4095.0,4095.0,-2.7,9.64,4.24,0.21,0.13,-0.17,0.0,thank-you
1820.0,1584.0,956.0,3983.0,4095.0,3953.0,4095.0,4095.0,-2.27,9.81,5.36,0.67,0.85,-0.24,0.0,thank-you
1787.0,1526.0,944.0,3999.0,4095.0,3938.0,4095.0,4095.0,-3.22,7.47,3.5,2.1,0.93,0.07,0.0,thank-you
1759.0,1535.0,955.0,3967.0,4095.0,3916.0,4095.0,4095.0,-0.62,4.21,-0.33,2.68,1.3,0.55,0.0,thank-you
1751.0,1533.0,951.0,3939.0,4095.0,3875.0,4095.0,4095.0,1.27,2.09,-5.17,2.8,0.59,0.97,0.0,thank-you
1723.0,1488.0,961.0,3927.0,4095.0,3888.0,4095.0,4095.0,3.01,1.25,-7.61,2.29,0.41,0.74,0.0,thank-you
1702.0,1390.0,975.0,3951.0,4095.0,3885.0,4095.0,4095.0,3.2,1.19,-8.36,1.45,0.14,1.08,0.0,thank-you
1679.0,1381.0,976.0,3969.0,4095.0,3885.0,4095.0,4095.0,2.21,0.18,-6.47,0.85,0.33,0.12,0.0,thank-you
1699.0,1406.0,967.0,3984.0,4095.0,3897.0,4095.0,4095.0,2.73,-0.23,-5.93,0.4,0.46,-0.04,0.0,thank-you
1680.0,2448.0,976.0,3967.0,4095.0,3923.0,4095.0,4095.0,3.6,-0.49,-6.79,-0.39,0.38,0.13,0.0,thank-you
1687.0,2407.0,961.0,3937.0,4095.0,3920.0,4095.0,4095.0,3.06,-0.31,-4.93,-0.0,0.02,-0.07,0.0,thank-you
1679.0,2407.0,971.0,3985.0,4095.0,3914.0,4095.0,4095.0,2.96,-0.21,-5.26,-0.04,0.04,-0.08,0.0,thank-you
1681.0,2402.0,965.0,3994.0,4095.0,3921.0,4095.0,4095.0,2.94,0.04,-5.43,-0.03,-0.0,-0.12,0.0,thank-you
1673.0,2297.0,969.0,3997.0,4095.0,3917.0,4095.0,4095.0,3.29,0.19,-6.36,-0.11,0.08,-0.15,0.0,thank-you
1835.0,2239.0,946.0,3921.0,4095.0,4095.0,4095.0,4095.0,-2.31,9.31,1.65,0.04,-0.08,-0.15,0.0,thank-you
1851.0,2233.0,959.0,3924.0,4095.0,4095.0,4095.0,4095.0,-2.45,9.67,1.73,-0.08,-0.06,-0.16,0.0,thank-you
1835.0,2224.0,941.0,3921.0,4095.0,4095.0,4095.0,4095.0,-1.85,9.56,2.54,-0.07,-0.29,-0.04,0.0,thank-you
1842.0,2114.0,944.0,3943.0,4095.0,3970.0,4095.0,4095.0,-1.59,9.09,4.38,0.49,0.23,-0.02,0.0,thank-you
1828.0,2071.0,938.0,3955.0,4095.0,3962.0,4095.0,4095.0,-1.75,10.76,3.27,0.86,0.86,-0.47,0.0,thank-you
1798.0,2024.0,948.0,3947.0,4095.0,3927.0,4095.0,4095.0,-0.36,8.74,0.98,1.31,0.61,-0.49,0.0,thank-you
1770.0,2032.0,949.0,3938.0,4095.0,3914.0,4095.0,4095.0,-0.21,5.88,-0.63,1.96,0.67,-0.3,0.0,thank-you
1754.0,2040.0,949.0,3925.0,4095.0,3876.0,4095.0,4095.0,0.6,4.86,-3.47,1.52,1.34,-0.56,0.0,thank-you
1722.0,1984.0,969.0,3924.0,4095.0,3867.0,4095.0,4095.0,0.04,2.96,-3.6,1.53,1.24,-0.1,0.0,thank-you
1708.0,2000.0,974.0,3917.0,4095.0,3877.0,4095.0,4095.0,1.04,2.12,-5.64,1.77,0.54,-0.26,0.0,thank-you
1709.0,2040.0,973.0,3927.0,4095.0,3879.0,4095.0,4095.0,1.57,2.08,-5.53,1.05,0.74,0.01,0.0,thank-you
1706.0,2023.0,970.0,3927.0,4095.0,3871.0,4095.0,4095.0,1.48,1.21,-7.16,0.99,0.55,0.11,0.0,thank-you
1708.0,2026.0,965.0,3920.0,4095.0,3856.0,4095.0,4095.0,2.16,1.12,-7.13,0.54,0.13,-0.05,0.0,thank-you
1697.0,1983.0,976.0,3902.0,4095.0,3872.0,4095.0,4095.0,2.28,0.27,-6.28,0.29,0.3,0.06,0.0,thank-you
1696.0,3408.0,950.0,3909.0,4095.0,3904.0,4095.0,4095.0,2.83,-0.02,-7.43,-0.07,-0.12,0.12,0.0,thank-you
1691.0,4005.0,956.0,3922.0,4095.0,3911.0,4095.0,4095.0,2.51,0.19,-4.82,-0.07,0.05,-0.07,0.0,thank-you
1690.0,4046.0,960.0,3939.0,4095.0,3929.0,4095.0,4095.0,2.72,0.04,-5.29,-0.09,0.14,-0.03,0.0,thank-you
1685.0,4027.0,969.0,3923.0,4095.0,3926.0,4095.0,4095.0,2.78,0.1,-5.42,-0.02,-0.04,-0.13,0.0,thank-you
1693.0,4057.0,957.0,3931.0,4095.0,3920.0,4095.0,4095.0,2.79,0.23,-5.81,-0.0,-0.08,-0.16,0.0,thank-you
1691.0,4048.0,964.0,3930.0,4095.0,3919.0,4095.0,4095.0,3.48,0.2,-5.84,-0.14,0.25,-0.36,0.0,thank-you
1790.0,3781.0,969.0,3888.0,4095.0,4095.0,4095.0,4095.0,-1.34,9.52,2.05,-0.1,0.05,-0.13,0.0,thank-you
1808.0,3792.0,973.0,3915.0,4095.0,4095.0,4095.0,4095.0,-1.8,9.59,2.31,-0.06,-0.07,-0.19,0.0,thank-you
1803.0,3798.0,961.0,3914.0,4095.0,4095.0,4095.0,4095.0,-1.72,9.53,2.26,-0.06,-0.11,-0.04,0.0,thank-you
1807.0,3797.0,971.0,3909.0,4095.0,4095.0,4095.0,4095.0,-2.06,9.79,3.12,-0.04,-0.21,-0.07,0.0,thank-you
1799.0,3767.0,966.0,3911.0,4095.0,3888.0,4095.0,4095.0,-1.54,10.07,4.52,0.13,0.14,0.14,0.0,thank-you
1808.0,3774.0,957.0,3921.0,4095.0,3927.0,4095.0,4095.0,-1.19,9.56,3.02,0.67,0.76,0.02,0.0,thank-you
1781.0,3760.0,948.0,3943.0,4095.0,3899.0,4095.0,4095.0,-1.19,8.17,1.79,1.1,1.03,0.17,0.0,thank-you
1770.0,3767.0,959.0,3944.0,4095.0,3902.0,4095.0,4095.0,-0.83,7.74,0.22,1.37,1.04,0.28,0.0,thank-you
1746.0,3829.0,938.0,3943.0,4095.0,3877.0,4095.0,4095.0,-0.77,5.13,-1.46,1.92,0.71,0.81,0.0,thank-you
1751.0,3933.0,938.0,3903.0,4095.0,3840.0,4095.0,4095.0,1.13,4.05,-3.81,2.37,1.28,0.1,0.0,thank-you
1769.0,3948.0,944.0,3905.0,4095.0,3827.0,4095.0,4095.0,2.53,3.43,-5.74,1.72,0.65,0.44,0.0,thank-you
1753.0,3947.0,941.0,3911.0,4095.0,3835.0,4095.0,4095.0,2.82,1.94,-7.52,1.65,0.12,0.07,0.0,thank-you
1750.0,3952.0,949.0,3898.0,4095.0,3824.0,4095.0,4095.0,3.56,2.23,-6.1,0.49,0.4,-0.44,0.0,thank-you
1742.0,4063.0,946.0,3906.0,4095.0,3858.0,4095.0,4095.0,3.02,1.18,-7.02,0.67,-0.01,0.48,0.0,thank-you
1745.0,4057.0,944.0,3927.0,4095.0,3879.0,4095.0,4095.0,2.99,1.45,-6.49,-0.06,-0.34,-0.15,0.0,thank-you
1744.0,4095.0,935.0,3938.0,4095.0,3879.0,4095.0,4095.0,2.77,0.78,-4.34,0.24,-0.19,-0.15,0.0,thank-you
1742.0,4095.0,944.0,3969.0,4095.0,3889.0,4095.0,4095.0,2.98,1.03,-5.4,-0.07,-0.06,-0.08,0.0,thank-you
1744.0,4093.0,944.0,3976.0,4095.0,3901.0,4095.0,4095.0,3.37,0.72,-5.66,0.09,-0.11,-0.22,0.0,thank-you
1740.0,4080.0,944.0,3978.0,4095.0,3890.0,4095.0,4095.0,2.78,0.92,-5.27,-0.01,0.06,-0.2,0.0,thank-you
1744.0,4095.0,935.0,3963.0,4095.0,3875.0,4095.0,4095.0,3.17,1.13,-5.2,-0.09,0.15,-0.12,0.0,thank-you
1870.0,3858.0,956.0,3952.0,4095.0,4095.0,4095.0,4095.0,-2.16,9.7,1.85,0.07,-0.04,-0.17,0.0,thank-you
1860.0,3875.0,959.0,3951.0,4095.0,4095.0,4095.0,4095.0,-1.79,9.34,1.92,0.05,-0.1,-0.2,0.0,thank-you
1859.0,3890.0,950.0,3950.0,4095.0,4095.0,4095.0,4095.0,-2.18,9.69,2.05,0.05,-0.2,-0.21,0.0,thank-you
1867.0,3856.0,961.0,3953.0,4095.0,4095.0,4095.0,4095.0,-2.28,9.37,2.58,-0.03,-0.23,0.02,0.0,thank-you
1910.0,3856.0,948.0,3958.0,4095.0,4095.0,4095.0,4095.0,-2.13,9.32,2.5,-0.4,0.28,-0.22,0.0,thank-you
1904.0,3883.0,959.0,3969.0,4095.0,4095.0,4095.0,4095.0,-2.03,9.51,3.79,0.09,-0.05,-0.09,0.0,thank-you
1920.0,3858.0,952.0,3978.0,4095.0,3925.0,4095.0,4095.0,-1.94,10.52,5.04,0.21,0.44,-0.13,0.0,thank-you
1902.0,3869.0,947.0,3984.0,4095.0,3909.0,4095.0,4095.0,-2.28,9.06,4.04,1.09,0.52,0.15,0.0,thank-you
1847.0,3925.0,943.0,3967.0,4095.0,3869.0,4095.0,4095.0,-0.01,7.72,0.66,2.28,-0.02,0.03,0.0,thank-you
1811.0,3920.0,938.0,3953.0,4095.0,3848.0,4095.0,4095.0,0.64,5.97,-1.19,2.57,0.35,-0.06,0.0,thank-you
1802.0,3950.0,944.0,3939.0,4095.0,3839.0,4095.0,4095.0,1.07,3.98,-3.57,2.66,0.66,0.1,0.0,thank-you
1790.0,4095.0,948.0,3892.0,4095.0,3883.0,4095.0,4095.0,1.47,2.04,-7.1,2.11,0.67,-0.05,0.0,thank-you
1757.0,4095.0,948.0,3919.0,4095.0,3887.0,4095.0,4095.0,2.02,2.03,-6.68,1.03,0.88,0.48,0.0,thank-you
1757.0,4095.0,942.0,3914.0,4095.0,3888.0,4095.0,4095.0,2.94,1.15,-7.85,0.8,-0.06,0.07,0.0,thank-you
1749.0,4095.0,957.0,3888.0,4095.0,3898.0,4095.0,4095.0,2.82,0.46,-6.55,0.2,0.01,0.01,0.0,thank-you
1748.0,4095.0,943.0,3900.0,4095.0,3927.0,4095.0,4095.0,2.77,0.15,-6.52,-0.1,-0.09,-0.22,0.0,thank-you
1750.0,4095.0,950.0,3914.0,4095.0,3915.0,4095.0,4095.0,2.49,0.17,-4.91,0.1,0.02,-0.27,0.0,thank-you
1744.0,4095.0,943.0,3911.0,4095.0,3920.0,4095.0,4095.0,2.78,0.47,-5.44,0.06,-0.06,-0.18,0.0,thank-you
1744.0,4095.0,941.0,3914.0,4095.0,3925.0,4095.0,4095.0,2.66,0.39,-5.52,-0.01,0.07,-0.14,0.0,thank-you
1753.0,4095.0,939.0,3927.0,4095.0,3925.0,4095.0,4095.0,2.7,0.34,-5.47,-0.02,0.02,-0.13,0.0,thank-you
1847.0,3986.0,946.0,3920.0,4095.0,4095.0,4095.0,4095.0,-2.29,9.5,1.68,-0.04,-0.01,-0.17,0.0,thank-you
1840.0,3996.0,941.0,3920.0,4095.0,4095.0,4095.0,4095.0,-2.25,9.27,2.05,-0.12,0.08,-0.17,0.0,thank-you
1840.0,3995.0,944.0,3920.0,4095.0,4095.0,4095.0,4095.0,-2.33,9.47,2.25,-0.14,-0.09,-0.17,0.0,thank-you
1859.0,3989.0,947.0,3915.0,4095.0,4095.0,4095.0,4095.0,-2.54,9.3,2.61,-0.14,-0.11,-0.15,0.0,thank-you
1846.0,4016.0,945.0,3922.0,4095.0,4095.0,4095.0,4095.0,-1.89,9.59,4.76,-0.12,0.31,-0.18,0.0,thank-you
1829.0,3983.0,950.0,3906.0,4095.0,3975.0,4095.0,4095.0,-1.68,10.2,4.45,0.69,0.42,-0.02,0.0,thank-you
1809.0,3993.0,942.0,3904.0,4095.0,3959.0,4095.0,4095.0,-0.99,9.88,2.24,1.0,0.77,-0.4,0.0,thank-you
1791.0,4033.0,944.0,3897.0,4095.0,3973.0,4095.0,4095.0,-2.01,7.99,1.02,0.9,1.57,-0.04,0.0,thank-you
1776.0,4095.0,956.0,3914.0,4095.0,3984.0,4095.0,4095.0,-1.61,6.71,0.24,1.44,1.42,-0.05,0.0,thank-you
1751.0,4095.0,948.0,3937.0,4095.0,3983.0,4095.0,4095.0,-1.89,4.69,-1.76,1.78,1.67,0.57,0.0,thank-you
1743.0,4095.0,962.0,3923.0,4095.0,3975.0,4095.0,4095.0,0.55,3.79,-4.64,1.49,1.3,0.76,0.0,thank-you
1715.0,4095.0,966.0,3911.0,4095.0,3963.0,4095.0,4095.0,2.19,3.3,-5.33,1.79,0.52,0.35,0.0,thank-you
1727.0,4095.0,963.0,3920.0,4095.0,3984.0,4095.0,4095.0,4.28,2.78,-7.24,1.54,-0.11,0.1,0.0,thank-you
1712.0,4095.0,966.0,3921.0,4095.0,3972.0,4095.0,4095.0,3.39,1.69,-5.87,0.55,0.19,0.25,0.0,thank-you
1714.0,4095.0,969.0,3919.0,4095.0,3972.0,4095.0,4095.0,3.7,0.86,-5.15,0.43,0.33,-0.01,0.0,thank-you
1716.0,4048.0,963.0,3908.0,4095.0,3982.0,4095.0,4095.0,3.17,1.04,-6.95,0.12,-0.36,0.34,0.0,thank-you
1713.0,4077.0,965.0,3921.0,4095.0,3999.0,4095.0,4095.0,2.95,0.7,-4.75,0.01,0.02,-0.13,0.0,thank-you
1727.0,4087.0,968.0,3923.0,4095.0,3995.0,4095.0,4095.0,3.01,0.65,-5.29,-0.01,-0.01,-0.16,0.0,thank-you
1733.0,4085.0,971.0,3941.0,4095.0,4009.0,4095.0,4095.0,3.27,0.78,-5.3,0.01,-0.04,-0.17,0.0,thank-you
1726.0,4079.0,960.0,3943.0,4095.0,4002.0,4095.0,4095.0,3.14,0.9,-5.2,-0.01,-0.03,-0.14,0.0,thank-you
1857.0,4049.0,946.0,3933.0,4095.0,4095.0,4095.0,4095.0,-3.04,9.4,1.65,0.04,0.19,-0.12,0.0,thank-you
1856.0,4027.0,946.0,3921.0,4095.0,4095.0,4095.0,4095.0,-2.13,9.46,2.09,-0.06,-0.08,-0.22,0.0,thank-you
1872.0,4038.0,953.0,3941.0,4095.0,4095.0,4095.0,4095.0,-2.04,9.46,1.62,0.01,-0.24,-0.19,0.0,thank-you
1860.0,4047.0,950.0,3926.0,4095.0,4095.0,4095.0,4095.0,-3.4,9.39,2.03,0.05,-0.27,-0.11,0.0,thank-you
1885.0,4032.0,955.0,3947.0,4095.0,4095.0,4095.0,4095.0,-2.42,9.44,3.39,-0.22,-0.13,-0.17,0.0,thank-you
1904.0,4034.0,942.0,3953.0,4095.0,3904.0,4095.0,4095.0,-1.49,10.88,3.57,0.56,-0.48,0.12,0.0,thank-you
1949.0,4000.0,944.0,3943.0,4095.0,3841.0,4095.0,4095.0,-2.97,10.85,2.88,0.75,0.75,-0.42,0.0,thank-you
1946.0,4017.0,951.0,3907.0,4095.0,3791.0,4095.0,4095.0,-2.71,8.29,1.07,1.68,-0.12,-0.36,0.0,thank-you
1923.0,4070.0,944.0,3921.0,4095.0,3792.0,4095.0,4095.0,-2.49,6.74,0.68,0.69,2.05,-0.31,0.0,thank-you
1870.0,4095.0,946.0,3897.0,4095.0,3792.0,4095.0,4095.0,-2.38,5.02,-1.69,1.46,1.41,-0.07,0.0,thank-you
1861.0,4095.0,963.0,3918.0,4095.0,3801.0,4095.0,4095.0,-1.53,3.13,-3.19,2.04,1.12,-0.1,0.0,thank-you
1831.0,4095.0,963.0,3891.0,4095.0,3786.0,4095.0,4095.0,0.1,1.2,-6.58,2.09,0.97,-0.03,0.0,thank-you
1826.0,4095.0,960.0,3888.0,4095.0,3792.0,4095.0,4095.0,1.93,2.12,-7.74,1.04,0.57,0.19,0.0,thank-you
1823.0,4095.0,962.0,3874.0,4095.0,3785.0,4095.0,4095.0,0.95,1.08,-8.71,0.89,-0.49,-0.35,0.0,thank-you
1801.0,4095.0,980.0,3891.0,4095.0,3769.0,4095.0,4095.0,0.88,0.07,-6.07,0.78,-0.08,-0.36,0.0,thank-you
1808.0,4095.0,955.0,3920.0,4095.0,3783.0,4095.0,4095.0,1.05,-0.51,-5.96,0.33,0.27,-0.38,0.0,thank-you
1808.0,4095.0,969.0,3910.0,4095.0,3791.0,4095.0,4095.0,1.07,-0.63,-5.93,0.06,0.24,-0.18,0.0,thank-you
1792.0,4095.0,967.0,3920.0,4095.0,3797.0,4095.0,4095.0,1.56,-0.74,-5.82,0.02,0.13,-0.17,0.0,thank-you
1797.0,4095.0,965.0,3933.0,4095.0,3792.0,4095.0,4095.0,1.22,-0.89,-5.8,-0.03,0.11,-0.13,0.0,thank-you
1798.0,4095.0,960.0,3921.0,4095.0,3785.0,4095.0,4095.0,1.46,-0.71,-5.57,-0.05,0.03,-0.1,0.0,thank-you
1842.0,3903.0,944.0,3888.0,4095.0,4095.0,4095.0,4095.0,-1.98,9.49,2.08,-0.08,0.04,-0.1,0.0,thank-you
1834.0,3930.0,944.0,3893.0,4095.0,4095.0,4095.0,4095.0,-2.49,9.44,2.71,-0.05,-0.13,-0.06,0.0,thank-you
1837.0,3929.0,944.0,3904.0,4095.0,4095.0,4095.0,4095.0,-2.85,9.19,3.05,-0.18,-0.17,-0.13,0.0,thank-you
1883.0,3920.0,944.0,3906.0,4095.0,4095.0,4095.0,4095.0,-2.19,10.08,3.21,-0.1,-0.04,-0.05,0.0,thank-you
1941.0,3919.0,939.0,3913.0,4095.0,3884.0,4095.0,4095.0,-2.34,9.42,5.59,-0.25,0.77,0.11,0.0,thank-you
1915.0,3894.0,949.0,3920.0,4095.0,3878.0,4095.0,4095.0,-1.04,9.75,4.67,0.78,0.39,-0.22,0.0,thank-you
1881.0,3930.0,957.0,3929.0,4095.0,3886.0,4095.0,4095.0,-1.25,7.93,2.91,1.68,0.41,0.26,0.0,thank-you
1837.0,4040.0,955.0,3901.0,4095.0,3875.0,4095.0,4095.0,-0.05,6.0,0.58,2.24,0.87,0.32,0.0,thank-you
1807.0,4095.0,947.0,3890.0,4095.0,3859.0,4095.0,4095.0,1.37,3.65,-2.73,2.55,0.99,-0.21,0.0,thank-you
1769.0,4095.0,950.0,3855.0,4095.0,3770.0,4095.0,4095.0,3.5,1.66,-7.16,2.98,0.01,0.22,0.0,thank-you
1743.0,4095.0,947.0,3851.0,4095.0,3773.0,4095.0,4095.0,0.03,-0.02,-5.29,1.78,1.18,0.33,0.0,thank-you
1748.0,4095.0,955.0,3862.0,4095.0,3775.0,4095.0,4095.0,1.87,0.37,-8.55,1.29,0.37,0.02,0.0,thank-you
1745.0,4095.0,957.0,3863.0,4095.0,3791.0,4095.0,4095.0,2.69,0.63,-7.09,0.24,0.52,-0.1,0.0,thank-you
1745.0,4095.0,951.0,3885.0,4095.0,3800.0,4095.0,4095.0,2.43,0.63,-5.17,0.03,0.37,-0.02,0.0,thank-you
1741.0,4095.0,965.0,3879.0,4095.0,3794.0,4095.0,4095.0,2.8,0.33,-6.38,0.04,0.13,-0.13,0.0,thank-you
1733.0,4095.0,956.0,3883.0,4095.0,3802.0,4095.0,4095.0,2.58,0.31,-5.7,-0.15,0.11,-0.18,0.0,thank-you
1739.0,4095.0,957.0,3891.0,4095.0,3802.0,4095.0,4095.0,2.55,0.54,-5.69,-0.09,-0.1,-0.2,0.0,thank-you
1734.0,4095.0,967.0,3891.0,4095.0,3799.0,4095.0,4095.0,2.49,0.63,-6.03,-0.16,-0.16,-0.16,0.0,thank-you
1732.0,4095.0,962.0,3893.0,4095.0,3799.0,4095.0,4095.0,2.33,0.76,-6.85,-0.34,-0.21,-0.26,0.0,thank-you
1725.0,4095.0,967.0,3887.0,4095.0,3798.0,4095.0,4095.0,2.26,1.24,-8.21,-1.21,-0.43,-0.21,0.0,thank-you
1858.0,3979.0,943.0,3901.0,4095.0,4095.0,4095.0,4095.0,-1.54,9.63,1.46,0.03,0.02,-0.1,0.0,thank-you
1859.0,3983.0,945.0,3907.0,4095.0,4095.0,4095.0,4095.0,-1.53,9.66,1.58,0.03,-0.16,-0.22,0.0,thank-you
1851.0,3989.0,944.0,3908.0,4095.0,4095.0,4095.0,4095.0,-1.52,9.48,2.05,-0.02,-0.2,-0.26,0.0,thank-you
1862.0,3974.0,953.0,3919.0,4095.0,4095.0,4095.0,4095.0,-1.43,9.47,2.16,-0.17,0.0,-0.2,0.0,thank-you
1855.0,3990.0,940.0,3906.0,4095.0,4095.0,4095.0,4095.0,-1.73,9.81,2.29,-0.08,-0.19,-0.15,0.0,thank-you
1879.0,3978.0,935.0,3906.0,4095.0,4087.0,4095.0,4095.0,-2.36,10.02,3.83,-0.02,0.03,-0.14,0.0,thank-you
1891.0,3952.0,950.0,3937.0,4095.0,3871.0,4095.0,4095.0,-0.28,9.75,6.8,0.94,0.29,-0.08,0.0,thank-you
1855.0,4019.0,956.0,3920.0,4095.0,3845.0,4095.0,4095.0,-0.06,8.18,1.54,2.14,0.92,-0.44,0.0,thank-you
1835.0,4038.0,953.0,3894.0,4095.0,3818.0,4095.0,4095.0,-0.48,5.92,-0.83,1.94,1.56,-0.38,0.0,thank-you
1823.0,4095.0,948.0,3882.0,4095.0,3853.0,4095.0,4095.0,-1.24,3.37,-1.3,1.46,1.92,0.05,0.0,thank-you
1786.0,4095.0,953.0,3885.0,4095.0,3850.0,4095.0,4095.0,1.38,1.55,-5.84,2.05,1.28,-0.02,0.0,thank-you
1791.0,4095.0,960.0,3890.0,4095.0,3856.0,4095.0,4095.0,2.27,2.24,-6.9,1.25,0.8,0.2,0.0,thank-you
1805.0,4095.0,962.0,3885.0,4095.0,3817.0,4095.0,4095.0,3.94,1.7,-7.75,1.08,0.35,1.15,0.0,thank-you
1801.0,4095.0,973.0,3922.0,4095.0,3809.0,4095.0,4095.0,3.81,0.64,-5.49,0.78,-0.01,0.07,0.0,thank-you
1795.0,4095.0,974.0,3922.0,4095.0,3819.0,4095.0,4095.0,4.64,-0.06,-8.02,0.48,-0.08,-0.22,0.0,thank-you
1810.0,4095.0,964.0,3938.0,4095.0,3843.0,4095.0,4095.0,3.55,0.17,-5.33,-0.11,0.02,-0.18,0.0,thank-you
1800.0,4095.0,975.0,3932.0,4095.0,3823.0,4095.0,4095.0,3.42,0.03,-4.74,0.04,-0.04,-0.22,0.0,thank-you
1806.0,4095.0,966.0,3936.0,4095.0,3828.0,4095.0,4095.0,3.3,-0.04,-5.15,-0.01,0.02,-0.14,0.0,thank-you
1807.0,4095.0,970.0,3939.0,4095.0,3837.0,4095.0,4095.0,3.58,0.11,-5.28,-0.06,0.02,-0.17,0.0,thank-you
1801.0,4095.0,976.0,3942.0,4095.0,3828.0,4095.0,4095.0,3.73,0.07,-7.02,-0.25,-0.05,-0.4,0.0,thank-you
1904.0,4067.0,951.0,3953.0,4095.0,4095.0,4095.0,4095.0,-2.5,9.65,1.95,-0.01,-0.09,-0.15,0.0,thank-you
1900.0,4077.0,944.0,3956.0,4095.0,4095.0,4095.0,4095.0,-2.41,9.5,2.19,-0.09,-0.12,-0.19,0.0,thank-you
1904.0,4022.0,944.0,3948.0,4095.0,4095.0,4095.0,4095.0,-2.57,9.02,2.94,-0.13,-0.09,-0.2,0.0,thank-you
1919.0,4047.0,950.0,3954.0,4095.0,4095.0,4095.0,4095.0,-2.3,9.29,2.75,-0.04,-0.15,-0.17,0.0,thank-you
1920.0,4077.0,944.0,3953.0,4095.0,4095.0,4095.0,4095.0,-2.6,9.66,2.75,0.15,-0.39,-0.07,0.0,thank-you
1934.0,4051.0,945.0,3979.0,4095.0,4048.0,4095.0,4095.0,-2.49,9.65,5.02,0.22,0.06,-0.06,0.0,thank-you
1929.0,4054.0,958.0,3977.0,4095.0,3884.0,4095.0,4095.0,-1.9,10.12,3.57,0.87,0.48,-0.12,0.0,thank-you
1917.0,4075.0,944.0,3967.0,4095.0,3871.0,4095.0,4095.0,-2.11,9.09,2.28,1.09,0.74,-0.03,0.0,thank-you
1893.0,4062.0,944.0,3969.0,4095.0,3861.0,4095.0,4095.0,-1.75,7.9,1.05,1.42,0.99,0.14,0.0,thank-you
1875.0,4095.0,958.0,3966.0,4095.0,3841.0,4095.0,4095.0,-0.56,6.81,-0.97,1.82,0.61,-0.21,0.0,thank-you
1859.0,4095.0,955.0,3938.0,4095.0,3824.0,4095.0,4095.0,0.29,5.01,-2.79,2.39,0.22,-0.54,0.0,thank-you
1853.0,4095.0,961.0,3910.0,4095.0,3813.0,4095.0,4095.0,0.2,2.73,-4.56,2.29,0.75,0.05,0.0,thank-you
1849.0,4095.0,966.0,3891.0,4095.0,3804.0,4095.0,4095.0,0.86,1.18,-6.96,1.86,0.66,-0.13,0.0,thank-you
1819.0,4095.0,957.0,3905.0,4095.0,3807.0,4095.0,4095.0,1.52,1.28,-7.61,1.07,0.31,-0.2,0.0,thank-you
1818.0,4095.0,966.0,3888.0,4095.0,3807.0,4095.0,4095.0,1.47,0.83,-7.52,0.28,0.22,0.02,0.0,thank-you
1819.0,4095.0,972.0,3902.0,4095.0,3810.0,4095.0,4095.0,2.07,0.49,-6.14,0.26,0.06,-0.17,0.0,thank-you
1815.0,4095.0,966.0,3883.0,4095.0,3806.0,4095.0,4095.0,2.06,0.5,-5.56,-0.05,0.15,0.0,0.0,thank-you
1830.0,4095.0,967.0,3901.0,4095.0,3813.0,4095.0,4095.0,1.76,0.15,-6.24,0.04,-0.03,-0.08,0.0,thank-you
1830.0,4095.0,971.0,3890.0,4095.0,3811.0,4095.0,4095.0,1.98,0.28,-5.62,-0.15,-0.01,-0.06,0.0,thank-you
1810.0,4095.0,971.0,3902.0,4095.0,3824.0,4095.0,4095.0,1.97,0.07,-5.54,0.01,0.02,-0.13,0.0,thank-you
