hall_1,hall_2,hall_3,flex_t,flex_i,flex_m,flex_r,flex_p,accel_x,accel_y,accel_z,gyro_x,gyro_y,gyro_z,hand,sign
3350.0,1015.0,3093.0,4095.0,4095.0,4095.0,4095.0,4095.0,-3.49,8.69,3.65,-0.09,-0.05,-0.02,1.0,thank-you
3313.0,1006.0,3082.0,4095.0,4095.0,4095.0,4095.0,4095.0,-2.49,7.51,5.67,0.29,0.36,0.02,1.0,thank-you
3319.0,977.0,3070.0,4095.0,4095.0,4095.0,4095.0,4095.0,-2.27,5.94,5.9,2.02,-0.73,-0.67,1.0,thank-you
3340.0,918.0,3136.0,4095.0,4095.0,4095.0,4095.0,4095.0,-2.45,6.51,2.32,2.53,-0.53,-1.38,1.0,thank-you
3393.0,906.0,3202.0,4077.0,4095.0,4095.0,4095.0,4095.0,-4.79,4.51,-2.44,2.7,0.65,-1.75,1.0,thank-you
3447.0,895.0,3310.0,4050.0,4095.0,4095.0,4095.0,4095.0,-7.55,3.51,-8.56,2.63,0.98,-1.15,1.0,thank-you
3485.0,880.0,3383.0,4095.0,4095.0,4095.0,4095.0,4095.0,-5.35,2.74,-8.98,1.85,1.66,-0.75,1.0,thank-you
3728.0,879.0,3422.0,4095.0,4095.0,4095.0,4095.0,4095.0,-5.02,-0.36,-9.91,1.91,1.57,-0.76,1.0,thank-you
3726.0,880.0,3344.0,4064.0,4095.0,4095.0,4095.0,4095.0,-5.37,-0.54,-12.22,1.29,1.07,-0.53,1.0,thank-you
3685.0,886.0,3461.0,4067.0,4095.0,4095.0,4095.0,4095.0,-5.21,-1.35,-11.58,0.11,0.4,-0.15,1.0,thank-you
3696.0,2498.0,3514.0,4041.0,4095.0,4095.0,4095.0,4095.0,-3.66,-1.08,-8.78,-0.14,0.33,0.0,1.0,thank-you
3639.0,2227.0,3531.0,4048.0,4095.0,4095.0,4095.0,4095.0,-3.32,-1.85,-8.41,-0.04,-0.1,-0.12,1.0,thank-you
3645.0,2145.0,3534.0,4042.0,4095.0,4095.0,4095.0,4095.0,-3.41,-1.73,-8.89,0.04,-0.01,-0.1,1.0,thank-you
3668.0,1969.0,3559.0,4047.0,4095.0,4095.0,4095.0,4095.0,-3.63,-1.75,-8.72,0.01,0.03,-0.09,1.0,thank-you
3655.0,1777.0,3558.0,4047.0,4095.0,4095.0,4095.0,4095.0,-3.52,-1.71,-8.56,-0.03,-0.06,-0.09,1.0,thank-you
3637.0,1744.0,3567.0,4041.0,4095.0,4095.0,4095.0,4095.0,-3.41,-1.83,-8.57,0.05,-0.04,-0.11,1.0,thank-you
3649.0,1698.0,3568.0,4047.0,4095.0,4095.0,4095.0,4095.0,-3.53,-2.0,-8.76,0.03,0.03,-0.13,1.0,thank-you
3644.0,1667.0,3568.0,4051.0,4095.0,4095.0,4095.0,4095.0,-3.72,-1.93,-8.8,-0.07,0.06,-0.03,1.0,thank-you
3610.0,1635.0,3574.0,4045.0,4095.0,4095.0,4095.0,4095.0,-3.7,-1.91,-8.77,-0.02,0.1,-0.02,1.0,thank-you
3632.0,1579.0,3583.0,4048.0,4095.0,4095.0,4095.0,4095.0,-3.62,-2.1,-8.85,-0.05,0.02,-0.03,1.0,thank-you
95.0,4095.0,4095.0,-3.23,8.23,4.11,-0.08,0.11,-0.08,1.0,thank-you
3249.0,1399.0,3254.0,4095.0,4095.0,4095.0,4095.0,4095.0,-2.0,7.76,5.87,1.28,-0.31,-0.37,1.0,thank-you
3285.0,1003.0,3280.0,4095.0,4095.0,4095.0,4095.0,4095.0,-3.33,8.34,1.88,1.72,-0.14,-0.72,1.0,thank-you
3344.0,935.0,3290.0,4095.0,4095.0,4095.0,4095.0,4095.0,-4.42,7.54,-0.66,1.54,0.17,-0.64,1.0,thank-you
3607.0,891.0,3263.0,4095.0,4095.0,4095.0,4095.0,4095.0,-4.49,7.03,-2.35,1.46,-0.05,-0.89,1.0,thank-you
3889.0,880.0,3334.0,4095.0,4095.0,4095.0,4095.0,4095.0,-5.82,6.16,-2.83,1.34,1.08,-0.61,1.0,thank-you
4095.0,879.0,3419.0,4095.0,4095.0,4095.0,4095.0,4095.0,-5.46,5.83,-5.41,1.71,0.58,-0.59,1.0,thank-you
3879.0,879.0,3488.0,4095.0,4095.0,4095.0,4095.0,4095.0,-5.72,4.67,-6.69,1.26,0.51,-0.33,1.0,thank-you
3663.0,875.0,3504.0,4095.0,4095.0,4095.0,4095.0,4095.0,-5.58,3.48,-7.93,1.24,0.41,-0.47,1.0,thank-you
3647.0,871.0,3538.0,4095.0,4095.0,4095.0,4095.0,4095.0,-5.25,3.17,-7.76,0.94,0.18,-0.56,1.0,thank-you
3639.0,875.0,3534.0,4095.0,4095.0,4095.0,4095.0,4095.0,-5.48,1.81,-7.58,1.1,0.06,-0.6,1.0,thank-you
3655.0,871.0,3567.0,4077.0,4095.0,4095.0,4095.0,4095.0,-5.19,0.53,-9.33,0.92,0.24,-0.51,1.0,thank-you
3647.0,880.0,3634.0,4081.0,4095.0,4095.0,4095.0,4095.0,-5.19,-0.17,-10.0,0.52,0.1,-0.44,1.0,thank-you
3646.0,861.0,3633.0,4075.0,4095.0,4095.0,4095.0,4095.0,-5.1,-0.32,-9.1,0.15,0.03,-0.16,1.0,thank-you
3632.0,874.0,3647.0,4095.0,4095.0,4095.0,4095.0,4095.0,-4.85,-0.53,-8.55,-0.05,0.02,-0.06,1.0,thank-you
3610.0,866.0,3653.0,4095.0,4095.0,4095.0,4095.0,4095.0,-4.58,-0.6,-8.2,-0.07,0.07,-0.04,1.0,thank-you
3575.0,871.0,3651.0,4095.0,4095.0,4095.0,4095.0,4095.0,-4.73,-0.65,-8.42,-0.06,-0.03,-0.06,1.0,thank-you
3568.0,874.0,3665.0,4095.0,4095.0,4095.0,4095.0,4095.0,-4.66,-0.53,-8.34,-0.05,0.09,-0.03,1.0,thank-you
3566.0,877.0,3664.0,4095.0,4095.0,4095.0,4095.0,4095.0,-4.7,-0.6,-8.38,-0.02,-0.01,-0.08,1.0,thank-you
3533.0,869.0,3681.0,4095.0,4095.0,4095.0,4095.0,4095.0,-4.41,-0.65,-8.41,-0.03,-0.01,-0.06,1.0,thank-you
5.0,4095.0,4095.0,-5.79,9.56,-2.16,0.92,0.41,-0.31,1.0,thank-you
3519.0,885.0,3110.0,4095.0,4095.0,4095.0,4095.0,4095.0,-4.16,9.88,-1.74,-0.15,-0.54,0.01,1.0,thank-you
3520.0,884.0,3106.0,4095.0,4095.0,4095.0,4095.0,4095.0,-4.07,8.89,1.01,-0.71,-0.01,0.2,1.0,thank-you
3505.0,884.0,3116.0,4095.0,4095.0,4095.0,4095.0,4095.0,-3.8,6.78,9.11,0.39,0.08,0.26,1.0,thank-you
3491.0,878.0,3249.0,4095.0,4095.0,4095.0,4095.0,4095.0,-0.49,7.67,1.35,2.01,-0.27,-0.78,1.0,thank-you
3504.0,874.0,3344.0,4095.0,4095.0,4095.0,4095.0,4095.0,-4.46,7.49,-2.51,1.61,0.47,-1.19,1.0,thank-you
3520.0,880.0,3424.0,4095.0,4095.0,4095.0,4095.0,4095.0,-6.42,6.4,-4.63,1.49,0.91,-0.69,1.0,thank-you
3520.0,878.0,3512.0,4095.0,4095.0,4095.0,4095.0,4095.0,-6.29,5.59,-6.39,1.19,1.1,-0.39,1.0,thank-you
3521.0,882.0,3563.0,4095.0,4095.0,4095.0,4095.0,4095.0,-4.84,4.49,-5.67,1.4,0.71,-0.66,1.0,thank-you
3511.0,881.0,3583.0,4095.0,4095.0,4095.0,4095.0,4095.0,-6.03,3.22,-8.38,1.05,0.61,-0.66,1.0,thank-you
3536.0,880.0,3622.0,4095.0,4095.0,4095.0,4095.0,4095.0,-5.92,2.72,-8.6,0.67,0.43,-0.47,1.0,thank-you
3526.0,879.0,3663.0,4095.0,4095.0,4095.0,4095.0,4095.0,-5.4,1.59,-7.77,0.66,0.26,-0.47,1.0,thank-you
3516.0,869.0,3700.0,4095.0,4095.0,4095.0,4095.0,4095.0,-5.35,0.75,-8.06,0.72,0.08,-0.45,1.0,thank-you
3530.0,877.0,3757.0,4095.0,4095.0,4095.0,4095.0,4095.0,-5.04,0.12,-8.15,0.59,0.19,-0.4,1.0,thank-you
3510.0,877.0,3838.0,4095.0,4095.0,4095.0,4095.0,4095.0,-5.3,-0.72,-8.6,0.44,0.35,-0.36,1.0,thank-you
3507.0,877.0,3825.0,4095.0,4095.0,4095.0,4095.0,4095.0,-4.94,-1.11,-8.66,0.26,0.4,-0.25,1.0,thank-you
3504.0,875.0,3811.0,4095.0,4095.0,4095.0,4095.0,4095.0,-4.7,-1.74,-8.19,0.36,0.29,-0.24,1.0,thank-you
3495.0,877.0,3810.0,4095.0,4095.0,4095.0,4095.0,4095.0,-4.54,-2.23,-8.45,0.29,0.05,-0.25,1.0,thank-you
3494.0,866.0,3807.0,4095.0,4095.0,4095.0,4095.0,4095.0,-4.55,-2.53,-8.65,0.11,0.15,-0.13,1.0,thank-you
3502.0,870.0,3795.0,4095.0,4095.0,4095.0,4095.0,4095.0,-4.42,-2.49,-8.66,-0.02,0.01,-0.04,1.0,thank-you
3500.0,885.0,3445.0,4095.0,4095.0,4095.0,4095.0,4095.0,-3.49,9.12,2.32,0.11,-0.08,-0.14,1.0,thank-you
3494.0,896.0,3450.0,4095.0,4095.0,4095.0,4095.0,4095.0,-3.59,8.57,3.16,0.15,-0.01,-0.05,1.0,thank-you
3502.0,886.0,3454.0,4095.0,4095.0,4095.0,4095.0,4095.0,-2.71,8.48,3.55,0.59,-0.3,-0.32,1.0,thank-you
3503.0,882.0,3459.0,4095.0,4095.0,4095.0,4095.0,4095.0,-3.61,8.57,2.53,0.94,-0.3,-0.55,1.0,thank-you
3498.0,891.0,3522.0,4095.0,4095.0,4095.0,4095.0,4095.0,-3.61,8.53,1.21,1.08,-0.13,-0.49,1.0,thank-you
3520.0,881.0,3563.0,4095.0,4095.0,4095.0,4095.0,4095.0,-4.65,7.8,-0.29,1.17,0.13,-0.54,1.0,thank-you
3515.0,880.0,3617.0,4095.0,4095.0,4095.0,4095.0,4095.0,-5.13,7.5,-2.02,1.29,0.46,-0.49,1.0,thank-you
3526.0,877.0,3764.0,4095.0,4095.0,4095.0,4095.0,4095.0,-4.7,6.81,-3.28,1.24,0.35,-0.48,1.0,thank-you
3525.0,871.0,3796.0,4095.0,4095.0,4095.0,4095.0,4095.0,-5.05,6.19,-3.55,1.17,0.11,-0.79,1.0,thank-you
3536.0,878.0,3793.0,4095.0,4095.0,4095.0,4095.0,4095.0,-5.99,5.15,-6.33,1.17,0.71,-0.57,1.0,thank-you
3547.0,877.0,3792.0,4095.0,4095.0,4095.0,4095.0,4095.0,-5.98,4.32,-6.83,0.92,0.64,-0.31,1.0,thank-you
3533.0,865.0,3759.0,4095.0,4095.0,4095.0,4095.0,4095.0,-5.27,3.56,-6.92,1.03,0.19,-0.39,1.0,thank-you
3547.0,867.0,3751.0,4095.0,4095.0,4095.0,4095.0,4095.0,-4.96,2.37,-8.83,1.02,-0.02,-0.75,1.0,thank-you
3554.0,873.0,3726.0,4095.0,4095.0,4095.0,4095.0,4095.0,-5.96,0.99,-10.23,0.6,0.17,-0.56,1.0,thank-you
3579.0,874.0,3715.0,4095.0,4095.0,4095.0,4095.0,4095.0,-5.08,0.74,-8.25,0.56,0.23,-0.17,1.0,thank-you
3557.0,864.0,3697.0,4095.0,4095.0,4095.0,4095.0,4095.0,-5.46,0.08,-8.1,0.55,0.11,-0.22,1.0,thank-you
3558.0,869.0,3707.0,4095.0,4095.0,4095.0,4095.0,4095.0,-4.48,-0.39,-6.96,0.78,0.3,-0.22,1.0,thank-you
3559.0,870.0,3696.0,4095.0,4095.0,4095.0,4095.0,4095.0,-4.03,-1.62,-8.24,1.07,0.47,-0.28,1.0,thank-you
3552.0,873.0,3679.0,4095.0,4095.0,4095.0,4095.0,4095.0,-4.64,-2.54,-9.72,0.79,0.29,-0.15,1.0,thank-you
3554.0,867.0,3696.0,4095.0,4095.0,4095.0,4095.0,4095.0,-4.37,-2.55,-9.5,0.25,0.21,0.01,1.0,thank-you
3166.0,1693.0,2061.0,4095.0,4095.0,4095.0,4095.0,4095.0,-3.86,9.23,2.0,0.41,0.13,-0.32,1.0,thank-you
3184.0,1648.0,2055.0,4095.0,4095.0,4095.0,4095.0,4095.0,-3.8,8.49,2.3,0.48,-0.2,-0.26,1.0,thank-you
3179.0,1614.0,2071.0,4095.0,4095.0,4095.0,4095.0,4095.0,-4.72,8.64,1.53,0.39,0.16,-0.17,1.0,thank-you
3184.0,1591.0,2035.0,4095.0,4095.0,4095.0,4095.0,4095.0,-4.07,8.83,0.83,0.36,-0.04,0.01,1.0,thank-you
3182.0,1574.0,2097.0,4095.0,4095.0,4095.0,4095.0,4095.0,-3.02,8.07,4.1,0.98,-0.09,-0.19,1.0,thank-you
3191.0,1555.0,2096.0,4095.0,4095.0,4095.0,4095.0,4095.0,-2.94,7.93,0.18,1.72,-0.04,-0.74,1.0,thank-you
3184.0,1609.0,2019.0,4095.0,4095.0,4095.0,4095.0,4095.0,-4.86,6.83,-3.33,1.55,0.41,-0.92,1.0,thank-you
3179.0,1861.0,2101.0,4095.0,4095.0,4095.0,4095.0,4095.0,-5.18,6.58,-4.98,1.53,0.44,-0.81,1.0,thank-you
3187.0,1868.0,2096.0,4095.0,4095.0,4095.0,4095.0,4095.0,-6.02,5.91,-6.29,0.96,0.71,-0.55,1.0,thank-you
3185.0,2058.0,2126.0,4095.0,4095.0,4095.0,4095.0,4095.0,-5.48,5.16,-6.21,0.92,0.26,-0.33,1.0,thank-you
3180.0,2076.0,2158.0,4095.0,4095.0,4095.0,4095.0,4095.0,-5.36,4.24,-7.73,0.68,0.38,-0.47,1.0,thank-you
3198.0,2111.0,2204.0,4095.0,4095.0,4095.0,4095.0,4095.0,-5.08,3.46,-7.31,0.64,0.53,-0.41,1.0,thank-you
3186.0,2157.0,2229.0,4095.0,4095.0,4095.0,4095.0,4095.0,-5.29,2.29,-7.37,0.64,0.25,-0.43,1.0,thank-you
3200.0,2151.0,2246.0,4095.0,4095.0,4095.0,4095.0,4095.0,-5.22,2.03,-9.24,0.55,0.52,-0.25,1.0,thank-you
3187.0,2139.0,2275.0,4095.0,4095.0,4095.0,4095.0,4095.0,-4.76,1.49,-8.33,0.53,0.17,-0.42,1.0,thank-you
3186.0,2144.0,2293.0,4095.0,4095.0,4095.0,4095.0,4095.0,-5.15,0.82,-8.7,0.28,0.3,-0.24,1.0,thank-you
3191.0,2149.0,2301.0,4095.0,4095.0,4095.0,4095.0,4095.0,-5.01,0.35,-8.94,0.15,0.31,-0.12,1.0,thank-you
3183.0,2178.0,2340.0,4095.0,4095.0,4095.0,4095.0,4095.0,-4.86,0.62,-8.64,0.07,0.06,-0.11,1.0,thank-you
3190.0,2193.0,2334.0,4095.0,4095.0,4095.0,4095.0,4095.0,-4.78,0.14,-8.39,0.12,-0.01,-0.16,1.0,thank-you
3179.0,2221.0,2330.0,4095.0,4095.0,4095.0,4095.0,4095.0,-4.67,-0.23,-8.75,0.11,-0.01,-0.14,1.0,thank-you
3171.0,2984.0,1449.0,4095.0,4095.0,4095.0,4095.0,4095.0,-3.94,8.55,2.14,-0.07,-0.05,-0.11,1.0,thank-you
3169.0,2975.0,1470.0,4095.0,4095.0,4095.0,4095.0,4095.0,-3.62,7.76,4.04,0.5,-0.16,-0.06,1.0,thank-you
3167.0,2953.0,1505.0,4095.0,4095.0,4095.0,4095.0,4095.0,-3.13,7.85,1.82,1.56,-0.27,-0.52,1.0,thank-you
3159.0,2925.0,1534.0,4095.0,4095.0,4095.0,4095.0,4095.0,-5.14,8.59,-1.41,1.4,-0.13,-0.56,1.0,thank-you
3172.0,2895.0,1558.0,4095.0,4095.0,4095.0,4095.0,4095.0,-5.09,7.86,-1.81,1.01,-0.01,-0.46,1.0,thank-you
3186.0,2896.0,1606.0,4095.0,4095.0,4095.0,4095.0,4095.0,-5.13,7.52,-3.73,1.06,0.73,-0.4,1.0,thank-you
3182.0,2890.0,1616.0,4095.0,4095.0,4095.0,4095.0,4095.0,-5.58,7.06,-5.1,0.83,0.25,-0.4,1.0,thank-you
3170.0,2912.0,1672.0,4095.0,4095.0,4095.0,4095.0,4095.0,-5.07,6.65,-4.47,0.67,0.15,-0.32,1.0,thank-you
3184.0,3063.0,1850.0,4095.0,4095.0,4095.0,4095.0,4095.0,-4.83,5.66,-4.1,0.7,-0.05,-0.52,1.0,thank-you
3167.0,3097.0,1862.0,4095.0,4095.0,4095.0,4095.0,4095.0,-5.69,5.06,-6.19,0.98,-0.01,-0.52,1.0,thank-you
3175.0,3093.0,1895.0,4095.0,4095.0,4095.0,4095.0,4095.0,-5.98,4.91,-7.07,0.66,0.12,-0.19,1.0,thank-you
3184.0,3094.0,1946.0,4095.0,4095.0,4095.0,4095.0,4095.0,-5.43,3.89,-6.09,0.67,-0.13,-0.23,1.0,thank-you
3168.0,3081.0,1957.0,4095.0,4095.0,4095.0,4095.0,4095.0,-5.18,3.34,-6.77,0.79,-0.15,-0.25,1.0,thank-you
3167.0,3082.0,1975.0,4095.0,4095.0,4095.0,4095.0,4095.0,-4.63,2.27,-7.43,0.94,-0.2,-0.39,1.0,thank-you
3174.0,3109.0,2146.0,4095.0,4095.0,4095.0,4095.0,4095.0,-4.49,1.34,-8.03,1.03,0.58,-0.6,1.0,thank-you
3179.0,3115.0,2237.0,4095.0,4095.0,4095.0,4095.0,4095.0,-4.23,0.74,-8.91,1.04,0.03,-0.44,1.0,thank-you
3173.0,3102.0,2288.0,4095.0,4095.0,4095.0,4095.0,4095.0,-4.41,0.06,-9.54,0.71,0.21,-0.34,1.0,thank-you
3180.0,3092.0,2354.0,4095.0,4095.0,4095.0,4095.0,4095.0,-4.66,-0.81,-9.39,0.41,0.17,-0.34,1.0,thank-you
3182.0,3091.0,2420.0,4095.0,4095.0,4095.0,4095.0,4095.0,-4.7,-1.46,-8.82,0.28,0.2,-0.18,1.0,thank-you
3166.0,3088.0,2466.0,4095.0,4095.0,4095.0,4095.0,4095.0,-4.62,-1.75,-9.2,0.13,0.02,-0.11,1.0,thank-you
3171.0,3024.0,1790.0,4095.0,4095.0,4095.0,4095.0,4095.0,-3.3,8.42,5.78,0.14,0.18,0.08,1.0,thank-you
3169.0,2992.0,1763.0,4095.0,4095.0,4095.0,4095.0,4095.0,-0.63,5.01,6.49,2.08,-0.05,-0.36,1.0,thank-you
3163.0,2865.0,1746.0,4095.0,4095.0,4095.0,4095.0,4095.0,-1.51,4.59,0.37,3.14,0.08,-1.65,1.0,thank-you
3155.0,2823.0,1665.0,4095.0,4095.0,4095.0,4095.0,4095.0,-9.25,5.79,-10.43,2.17,2.02,-0.95,1.0,thank-you
3154.0,3185.0,1984.0,4095.0,4095.0,4095.0,4095.0,4095.0,-7.4,3.43,-7.64,0.92,1.18,-0.51,1.0,thank-you
3167.0,3226.0,1971.0,4095.0,4095.0,4095.0,4095.0,4095.0,-5.58,3.22,-8.87,0.73,1.13,-0.51,1.0,thank-you
3155.0,3522.0,2193.0,4095.0,4095.0,4095.0,4095.0,4095.0,-6.08,1.45,-6.15,1.05,0.52,-0.37,1.0,thank-you
3149.0,3522.0,2266.0,4095.0,4095.0,4095.0,4095.0,4095.0,-4.5,0.46,-7.6,1.41,0.17,-0.63,1.0,thank-you
3164.0,3530.0,2333.0,4095.0,4095.0,4095.0,4095.0,4095.0,-4.4,-1.41,-11.42,1.61,0.51,-0.87,1.0,thank-you
3152.0,3536.0,2362.0,4095.0,4095.0,4095.0,4095.0,4095.0,-5.01,-1.27,-8.68,0.72,0.15,-0.44,1.0,thank-you
3152.0,3520.0,2382.0,4095.0,4095.0,4095.0,4095.0,4095.0,-4.76,-2.33,-9.47,0.5,0.06,-0.38,1.0,thank-you
3163.0,3509.0,2431.0,4095.0,4095.0,4095.0,4095.0,4095.0,-4.64,-2.4,-9.39,0.04,-0.1,-0.17,1.0,thank-you
3152.0,3513.0,2449.0,4095.0,4095.0,4095.0,4095.0,4095.0,-4.22,-2.55,-8.84,-0.13,0.01,0.04,1.0,thank-you
3147.0,3507.0,2477.0,4095.0,4095.0,4095.0,4095.0,4095.0,-3.58,-2.64,-8.03,-0.11,-0.09,-0.0,1.0,thank-you
3165.0,3522.0,2533.0,4095.0,4095.0,4095.0,4095.0,4095.0,-3.96,-2.75,-8.51,-0.23,-0.03,0.05,1.0,thank-you
3154.0,3517.0,2554.0,4095.0,4095.0,4095.0,4095.0,4095.0,-4.2,-1.98,-8.08,-0.19,0.04,0.06,1.0,thank-you
3152.0,3522.0,2559.0,4095.0,4095.0,4095.0,4095.0,4095.0,-4.06,-2.03,-8.22,-0.09,0.05,-0.0,1.0,thank-you
3164.0,3529.0,2590.0,4095.0,4095.0,4095.0,4095.0,4095.0,-4.13,-1.96,-8.46,-0.1,-0.12,-0.02,1.0,thank-you
3159.0,3532.0,2607.0,4095.0,4095.0,4095.0,4095.0,4095.0,-3.9,-1.89,-7.98,-0.05,-0.11,-0.03,1.0,thank-you
3152.0,3524.0,2608.0,4095.0,4095.0,4095.0,4095.0,4095.0,-4.21,-2.06,-8.49,0.03,-0.06,-0.1,1.0,thank-you
3166.0,3709.0,1991.0,4095.0,4095.0,4095.0,4095.0,4095.0,-4.25,8.37,1.16,0.05,0.02,0.2,1.0,thank-you
3161.0,3686.0,2002.0,4095.0,4095.0,4095.0,4095.0,4095.0,-2.14,6.82,6.23,0.23,0.84,-0.15,1.0,thank-you
3156.0,3670.0,2098.0,4095.0,4095.0,4095.0,4095.0,4095.0,-2.3,6.72,4.9,2.88,-1.14,-1.22,1.0,thank-you
3169.0,3629.0,1964.0,4095.0,4095.0,4095.0,4095.0,4095.0,-7.13,5.83,-5.98,2.6,0.35,-1.37,1.0,thank-you
3168.0,3663.0,2035.0,4095.0,4095.0,4095.0,4095.0,4095.0,-5.09,5.85,-4.77,1.98,-0.5,-1.09,1.0,thank-you
3165.0,3619.0,2118.0,4095.0,4095.0,4095.0,4095.0,4095.0,-5.28,3.96,-6.08,1.88,-1.34,-1.31,1.0,thank-you
3161.0,3629.0,2224.0,4095.0,4095.0,4095.0,4095.0,4095.0,-7.03,3.22,-7.92,1.61,0.32,-1.04,1.0,thank-you
3174.0,3622.0,2299.0,4095.0,4095.0,4095.0,4095.0,4095.0,-7.1,2.33,-8.01,0.83,0.97,-0.41,1.0,thank-you
3161.0,3605.0,2327.0,4095.0,4095.0,4095.0,4095.0,4095.0,-6.05,1.56,-7.62,0.7,0.59,-0.44,1.0,thank-you
3169.0,3572.0,2414.0,4095.0,4095.0,4095.0,4095.0,4095.0,-5.81,0.37,-7.64,0.77,0.4,-0.46,1.0,thank-you
3162.0,3579.0,2466.0,4095.0,4095.0,4095.0,4095.0,4095.0,-5.66,-0.34,-8.62,0.48,0.22,-0.41,1.0,thank-you
3182.0,3583.0,2480.0,4095.0,4095.0,4095.0,4095.0,4095.0,-5.33,-0.88,-7.91,0.43,0.19,-0.34,1.0,thank-you
3177.0,3568.0,2530.0,4095.0,4095.0,4095.0,4095.0,4095.0,-5.13,-1.71,-7.97,0.67,0.28,-0.31,1.0,thank-you
3171.0,3575.0,2559.0,4095.0,4095.0,4095.0,4095.0,4095.0,-5.21,-2.4,-9.66,0.45,0.23,-0.28,1.0,thank-you
3157.0,3564.0,2595.0,4095.0,4095.0,4095.0,4095.0,4095.0,-5.44,-2.22,-9.24,-0.17,0.04,-0.01,1.0,thank-you
3165.0,3553.0,2608.0,4095.0,4095.0,4095.0,4095.0,4095.0,-4.76,-2.08,-7.64,-0.18,-0.07,0.08,1.0,thank-you
3167.0,3575.0,2611.0,4095.0,4095.0,4095.0,4095.0,4095.0,-4.54,-2.3,-7.78,-0.05,-0.03,-0.04,1.0,thank-you
3183.0,3568.0,2619.0,4095.0,4095.0,4095.0,4095.0,4095.0,-4.79,-2.23,-7.78,-0.06,0.04,-0.05,1.0,thank-you
3172.0,3583.0,2637.0,4095.0,4095.0,4095.0,4095.0,4095.0,-4.82,-2.21,-8.14,-0.13,0.02,-0.03,1.0,thank-you
3159.0,3583.0,2646.0,4095.0,4095.0,4095.0,4095.0,4095.0,-4.9,-2.24,-8.77,-0.23,0.1,0.1,1.0,thank-you
3199.0,3689.0,1964.0,4095.0,4095.0,4095.0,4095.0,4095.0,-2.72,7.64,5.09,0.4,0.25,-0.15,1.0,thank-you
3200.0,3696.0,2435.0,4018.0,4095.0,4095.0,4095.0,4095.0,-2.2,2.43,10.09,3.73,-0.35,-0.93,1.0,thank-you
3215.0,3673.0,2377.0,3833.0,4095.0,4095.0,4095.0,4095.0,-3.51,3.22,-5.08,3.9,-0.3,-1.62,1.0,thank-you
3216.0,3671.0,2416.0,3776.0,4095.0,4095.0,4095.0,4095.0,-6.0,2.31,-15.34,2.92,0.04,-1.32,1.0,thank-you
3215.0,4082.0,2455.0,3811.0,4095.0,4095.0,4095.0,4095.0,-4.32,3.69,-11.2,0.97,0.29,-0.51,1.0,thank-you
3203.0,4095.0,2496.0,3889.0,4095.0,4095.0,4095.0,4095.0,-4.36,1.41,-7.52,0.79,0.06,-0.67,1.0,thank-you
3196.0,4095.0,2512.0,3552.0,4095.0,4095.0,4095.0,4095.0,-5.14,0.34,-8.77,0.64,0.22,-0.54,1.0,thank-you
3203.0,4095.0,2528.0,3650.0,4095.0,4095.0,4095.0,4095.0,-5.0,-0.45,-8.64,0.59,0.28,-0.43,1.0,thank-you
3201.0,4095.0,2559.0,3504.0,4095.0,4095.0,4095.0,4095.0,-4.79,-1.23,-8.38,0.52,0.23,-0.32,1.0,thank-you
3206.0,4095.0,2594.0,3414.0,4095.0,4095.0,4095.0,4095.0,-4.84,-1.5,-8.65,0.37,0.06,-0.38,1.0,thank-you
3215.0,4095.0,2610.0,3477.0,4095.0,4095.0,4095.0,4095.0,-4.6,-2.04,-8.51,0.23,0.01,-0.19,1.0,thank-you
3215.0,4095.0,2624.0,3471.0,4095.0,4095.0,4095.0,4095.0,-4.57,-2.07,-8.53,0.17,0.05,-0.17,1.0,thank-you
3197.0,4095.0,2624.0,3529.0,4095.0,4095.0,4095.0,4095.0,-4.57,-2.34,-8.64,0.03,0.1,-0.1,1.0,thank-you
3207.0,4095.0,2619.0,3551.0,4095.0,4095.0,4095.0,4095.0,-4.27,-2.33,-8.32,-0.01,0.05,-0.07,1.0,thank-you
3195.0,4095.0,2646.0,3568.0,4095.0,4095.0,4095.0,4095.0,-4.92,-2.87,-8.15,-0.0,0.09,-0.03,1.0,thank-you
3203.0,4095.0,2654.0,3605.0,4095.0,4095.0,4095.0,4095.0,-4.35,-2.44,-8.21,-0.07,0.12,-0.0,1.0,thank-you
3198.0,4095.0,2675.0,3616.0,4095.0,4095.0,4095.0,4095.0,-4.16,-2.37,-8.06,-0.04,0.16,0.01,1.0,thank-you
3199.0,4095.0,2704.0,3643.0,4095.0,4095.0,4095.0,4095.0,-4.17,-2.61,-7.93,-0.02,0.1,-0.03,1.0,thank-you
3196.0,4095.0,2733.0,3650.0,4095.0,4095.0,4095.0,4095.0,-4.24,-2.68,-8.19,0.03,-0.04,-0.13,1.0,thank-you
3189.0,4095.0,2750.0,3659.0,4095.0,4095.0,4095.0,4095.0,-4.27,-2.77,-8.51,-0.0,-0.04,-0.08,1.0,thank-you
3264.0,4095.0,2341.0,4079.0,4095.0,4095.0,4095.0,4095.0,-3.33,9.16,1.92,-0.19,0.07,-0.06,1.0,thank-you
3263.0,4095.0,2362.0,4063.0,4095.0,4095.0,4095.0,4095.0,-2.84,8.31,4.1,0.23,0.11,-0.19,1.0,thank-you
3254.0,4095.0,2371.0,4031.0,4095.0,4095.0,4095.0,4095.0,-1.64,7.52,4.7,1.47,-0.73,-0.8,1.0,thank-you
3264.0,4095.0,2460.0,3984.0,4095.0,4095.0,4095.0,4095.0,-4.54,7.35,-0.28,2.05,0.17,-1.25,1.0,thank-you
3272.0,4095.0,2490.0,3951.0,4095.0,4095.0,4095.0,4095.0,-5.39,7.19,-3.27,1.58,0.11,-0.92,1.0,thank-you
3265.0,4095.0,2581.0,3967.0,4095.0,4095.0,4095.0,4095.0,-6.17,6.18,-5.38,1.31,0.7,-0.86,1.0,thank-you
3264.0,4095.0,2622.0,3982.0,4095.0,4095.0,4095.0,4095.0,-5.5,5.61,-6.09,1.19,0.28,-0.72,1.0,thank-you
3261.0,4095.0,2640.0,3975.0,4095.0,4095.0,4095.0,4095.0,-5.96,4.4,-6.52,0.82,0.55,-0.55,1.0,thank-you
3262.0,4095.0,2661.0,3988.0,4095.0,4095.0,4095.0,4095.0,-5.9,4.11,-6.59,0.55,0.78,-0.43,1.0,thank-you
3254.0,4095.0,2701.0,3967.0,4095.0,4095.0,4095.0,4095.0,-6.16,2.81,-6.86,0.79,0.49,-0.42,1.0,thank-you
3269.0,4095.0,2734.0,3975.0,4095.0,4095.0,4095.0,4095.0,-5.7,2.11,-8.21,0.64,0.59,-0.41,1.0,thank-you
3249.0,4095.0,2765.0,3968.0,4095.0,4095.0,4095.0,4095.0,-5.07,1.79,-8.58,0.5,0.21,-0.37,1.0,thank-you
3251.0,4095.0,2800.0,3974.0,4095.0,4095.0,4095.0,4095.0,-5.17,1.19,-8.14,0.47,0.3,-0.27,1.0,thank-you
3251.0,4095.0,2836.0,3983.0,4095.0,4095.0,4095.0,4095.0,-5.0,0.3,-8.64,0.45,0.31,-0.33,1.0,thank-you
3258.0,4095.0,2869.0,3971.0,4095.0,4095.0,4095.0,4095.0,-4.46,-0.2,-8.59,0.44,0.12,-0.28,1.0,thank-you
3261.0,4095.0,2885.0,3964.0,4095.0,4095.0,4095.0,4095.0,-4.28,-0.61,-8.64,0.32,0.08,-0.26,1.0,thank-you
3248.0,4095.0,2895.0,3977.0,4095.0,4095.0,4095.0,4095.0,-4.53,-1.3,-8.74,0.4,0.16,-0.25,1.0,thank-you
3248.0,4095.0,2896.0,3967.0,4095.0,4095.0,4095.0,4095.0,-5.01,-1.67,-9.63,0.12,0.18,-0.18,1.0,thank-you
3245.0,4095.0,2896.0,3989.0,4095.0,4095.0,4095.0,4095.0,-4.55,-1.49,-8.5,0.01,0.07,-0.06,1.0,thank-you
3248.0,4095.0,2897.0,3993.0,4095.0,4095.0,4095.0,4095.0,-4.24,-1.75,-8.27,-0.02,0.02,-0.05,1.0,thank-you
3240.0,4095.0,2667.0,3821.0,4095.0,4095.0,4095.0,4095.0,-2.66,9.13,2.5,-0.06,0.19,-0.05,1.0,thank-you
3246.0,4095.0,2675.0,3839.0,4095.0,4095.0,4095.0,4095.0,-2.01,8.61,4.58,0.29,0.09,-0.15,1.0,thank-you
3248.0,4095.0,2735.0,3782.0,4095.0,4095.0,4095.0,4095.0,-2.22,8.7,4.15,1.22,-0.12,-0.61,1.0,thank-you
3253.0,4095.0,2854.0,3781.0,4095.0,4095.0,4095.0,4095.0,-2.69,8.03,1.06,1.93,-0.29,-0.67,1.0,thank-you
3277.0,4095.0,3023.0,3754.0,4095.0,4095.0,4095.0,4095.0,-3.93,8.09,-2.4,1.73,-0.04,-0.9,1.0,thank-you
3281.0,4095.0,3222.0,3739.0,4095.0,4095.0,4095.0,4095.0,-4.03,7.73,-3.88,1.21,0.69,-0.76,1.0,thank-you
3264.0,4095.0,3379.0,3758.0,4095.0,4095.0,4095.0,4095.0,-4.69,6.32,-4.3,1.01,1.28,-0.29,1.0,thank-you
3281.0,4095.0,3449.0,3767.0,4095.0,4095.0,4095.0,4095.0,-4.23,5.33,-7.35,1.96,-0.6,-0.83,1.0,thank-you
3284.0,4095.0,3440.0,3789.0,4095.0,4095.0,4095.0,4095.0,-4.1,3.79,-8.06,1.88,-0.39,-0.98,1.0,thank-you
3293.0,4095.0,3469.0,3822.0,4095.0,4095.0,4095.0,4095.0,-4.5,2.6,-8.87,1.31,0.27,-1.08,1.0,thank-you
3289.0,4095.0,3471.0,3811.0,4095.0,4095.0,4095.0,4095.0,-5.39,1.71,-9.21,0.79,0.53,-0.67,1.0,thank-you
3300.0,4095.0,3456.0,3799.0,4095.0,4095.0,4095.0,4095.0,-5.55,0.5,-9.58,0.5,0.5,-0.36,1.0,thank-you
3288.0,4095.0,3472.0,3817.0,4095.0,4095.0,4095.0,4095.0,-5.41,-0.32,-9.81,0.33,0.12,-0.32,1.0,thank-you
3291.0,4095.0,3469.0,3815.0,4095.0,4095.0,4095.0,4095.0,-4.61,-0.46,-8.82,0.02,0.09,-0.09,1.0,thank-you
3291.0,4095.0,3472.0,3824.0,4095.0,4095.0,4095.0,4095.0,-4.12,-0.35,-7.95,0.05,-0.03,-0.16,1.0,thank-you
3280.0,4095.0,3484.0,3824.0,4095.0,4095.0,4095.0,4095.0,-4.63,-0.67,-8.25,0.14,0.06,-0.2,1.0,thank-you
3286.0,4095.0,3496.0,3827.0,4095.0,4095.0,4095.0,4095.0,-4.2,-1.22,-8.29,0.18,0.05,-0.12,1.0,thank-you
3282.0,4095.0,3482.0,3824.0,4095.0,4095.0,4095.0,4095.0,-4.12,-1.45,-7.89,0.27,0.01,-0.19,1.0,thank-you
3279.0,4095.0,3506.0,3824.0,4095.0,4095.0,4095.0,4095.0,-4.18,-1.76,-8.51,0.3,0.21,-0.17,1.0,thank-you
3282.0,4095.0,3505.0,3845.0,4095.0,4095.0,4095.0,4095.0,-4.02,-1.95,-8.6,0.26,0.25,-0.22,1.0,thank-you
3525.0,4095.0,3185.0,3932.0,4095.0,4095.0,4095.0,4095.0,-3.45,8.26,3.82,0.34,0.07,-0.31,1.0,thank-you
3532.0,4095.0,3246.0,3899.0,4095.0,4095.0,4095.0,4095.0,-3.05,8.42,2.35,1.29,-0.52,-0.67,1.0,thank-you
3531.0,4095.0,3325.0,3894.0,4095.0,4095.0,4095.0,4095.0,-4.07,7.95,-0.89,1.4,0.07,-0.83,1.0,thank-you
3538.0,4095.0,3425.0,3907.0,4095.0,4095.0,4095.0,4095.0,-5.07,6.49,-2.65,1.48,0.38,-0.74,1.0,thank-you
3529.0,4095.0,3419.0,3898.0,4095.0,4095.0,4095.0,4095.0,-5.87,5.69,-5.7,1.55,0.78,-0.41,1.0,thank-you
3536.0,4095.0,3419.0,3871.0,4095.0,4095.0,4095.0,4095.0,-4.67,5.11,-5.77,1.29,0.83,-0.33,1.0,thank-you
3545.0,4095.0,3437.0,3839.0,4095.0,4095.0,4095.0,4095.0,-4.95,4.05,-6.82,1.43,0.55,-0.42,1.0,thank-you
3543.0,4095.0,3423.0,3868.0,4095.0,4095.0,4095.0,4095.0,-4.86,3.26,-7.88,1.07,0.41,-0.62,1.0,thank-you
3537.0,4095.0,3489.0,3853.0,4095.0,4095.0,4095.0,4095.0,-4.6,0.78,-7.88,1.11,0.22,-0.63,1.0,thank-you
3552.0,4095.0,3503.0,3875.0,4095.0,4095.0,4095.0,4095.0,-4.89,-0.25,-9.36,1.03,0.36,-0.51,1.0,thank-you
3536.0,4095.0,3511.0,3882.0,4095.0,4095.0,4095.0,4095.0,-3.58,-0.78,-9.3,0.84,0.7,-0.31,1.0,thank-you
3540.0,4095.0,3509.0,3874.0,4095.0,4095.0,4095.0,4095.0,-3.41,-1.81,-8.31,0.82,0.06,-0.73,1.0,thank-you
3537.0,4095.0,3520.0,3890.0,4095.0,4095.0,4095.0,4095.0,-3.7,-3.13,-8.47,0.75,0.2,-0.61,1.0,thank-you
3543.0,4095.0,3530.0,3874.0,4095.0,4095.0,4095.0,4095.0,-3.71,-3.83,-9.36,0.73,0.17,-0.44,1.0,thank-you
3537.0,4095.0,3530.0,3875.0,4095.0,4095.0,4095.0,4095.0,-4.48,-4.2,-10.81,0.02,0.08,-0.13,1.0,thank-you
3539.0,4095.0,3536.0,3872.0,4095.0,4095.0,4095.0,4095.0,-4.37,-4.56,-9.28,-0.78,-0.03,0.44,1.0,thank-you
3537.0,4095.0,3545.0,3889.0,4095.0,4095.0,4095.0,4095.0,-3.08,-3.08,-7.97,-0.83,-0.12,0.55,1.0,thank-you
3532.0,4095.0,3537.0,3891.0,4095.0,4095.0,4095.0,4095.0,-2.36,-1.52,-7.75,-0.43,0.11,0.3,1.0,thank-you
3537.0,4095.0,3550.0,3915.0,4095.0,4095.0,4095.0,4095.0,-3.25,-2.26,-8.0,-0.22,-0.28,-0.04,1.0,thank-you
3546.0,4095.0,3547.0,3917.0,4095.0,4095.0,4095.0,4095.0,-3.05,-1.71,-7.85,0.13,-0.13,-0.08,1.0,thank-you
4095.0,3855.0,2862.0,4095.0,4095.0,4095.0,4095.0,4095.0,-2.5,7.83,4.32,-0.0,0.11,0.07,1.0,thank-you
3614.0,3875.0,3121.0,4095.0,4095.0,4095.0,4095.0,4095.0,-1.88,7.45,4.14,1.64,0.24,-0.39,1.0,thank-you
3061.0,3758.0,3492.0,4095.0,4095.0,4095.0,4095.0,4095.0,-4.11,7.87,-1.88,1.98,0.38,-0.78,1.0,thank-you
2954.0,3205.0,3794.0,4095.0,4095.0,4095.0,4095.0,4095.0,-4.63,6.98,-4.55,1.86,0.13,-0.63,1.0,thank-you
3104.0,3069.0,3782.0,4095.0,4095.0,4095.0,4095.0,4095.0,-4.88,6.16,-6.33,1.34,-0.33,-0.67,1.0,thank-you
3207.0,2992.0,3782.0,4095.0,4095.0,4095.0,4095.0,4095.0,-4.56,4.75,-5.92,1.1,0.59,-0.61,1.0,thank-you
3662.0,2902.0,3774.0,4095.0,4095.0,4095.0,4095.0,4095.0,-5.26,3.87,-7.44,1.21,0.19,-0.42,1.0,thank-you
4095.0,2907.0,3783.0,4095.0,4095.0,4095.0,4095.0,4095.0,-4.82,2.83,-6.94,1.12,0.1,-0.56,1.0,thank-you
3611.0,2859.0,3758.0,4095.0,4095.0,4095.0,4095.0,4095.0,-5.04,1.44,-7.98,1.23,0.28,-0.39,1.0,thank-you
3553.0,2081.0,3783.0,4095.0,4095.0,4095.0,4095.0,4095.0,-4.15,0.68,-9.3,0.99,0.54,-0.33,1.0,thank-you
3907.0,2356.0,3788.0,4095.0,4095.0,4095.0,4095.0,4095.0,-3.89,-0.29,-8.87,0.86,0.29,-0.36,1.0,thank-you
3819.0,2534.0,3779.0,4095.0,4095.0,4095.0,4095.0,4095.0,-3.73,-1.57,-9.48,0.85,0.28,-0.42,1.0,thank-you
3709.0,2324.0,3792.0,4095.0,4095.0,4095.0,4095.0,4095.0,-2.76,-2.58,-10.09,0.65,0.01,-0.48,1.0,thank-you
3712.0,2306.0,3801.0,4095.0,4095.0,4095.0,4095.0,4095.0,-3.5,-2.54,-7.86,0.35,0.14,-0.31,1.0,thank-you
3726.0,2346.0,3809.0,4095.0,4095.0,4095.0,4095.0,4095.0,-3.05,-3.33,-8.68,0.44,0.14,-0.27,1.0,thank-you
3721.0,2326.0,3822.0,4095.0,4095.0,4095.0,4095.0,4095.0,-2.28,-3.94,-9.04,0.35,-0.07,-0.35,1.0,thank-you
3729.0,2311.0,3808.0,4095.0,4095.0,4095.0,4095.0,4095.0,-2.66,-3.63,-8.37,0.04,0.31,-0.22,1.0,thank-you
3728.0,2317.0,3813.0,4095.0,4095.0,4095.0,4095.0,4095.0,-2.94,-4.1,-8.95,0.12,0.26,-0.18,1.0,thank-you
3712.0,2321.0,3823.0,4095.0,4095.0,4095.0,4095.0,4095.0,-2.89,-4.17,-8.53,0.05,-0.0,-0.05,1.0,thank-you
3706.0,2303.0,3822.0,4095.0,4095.0,4095.0,4095.0,4095.0,-2.2,-4.16,-8.4,0.0,-0.0,-0.03,1.0,thank-you
3649.0,2637.0,3797.0,4095.0,4095.0,4095.0,4095.0,4095.0,-3.72,8.56,1.16,0.08,-0.2,0.02,1.0,thank-you
3661.0,2644.0,3810.0,4095.0,4095.0,4095.0,4095.0,4095.0,-3.34,7.54,3.9,1.28,-0.73,-0.1,1.0,thank-you
3655.0,2672.0,3809.0,4095.0,4095.0,4095.0,4095.0,4095.0,-3.19,7.47,0.4,2.29,-0.87,-0.65,1.0,thank-you
3756.0,2631.0,3825.0,4033.0,4095.0,4095.0,4095.0,4095.0,-5.44,6.23,-4.25,2.01,0.23,-0.62,1.0,thank-you
3765.0,2618.0,3807.0,3722.0,4095.0,4095.0,4095.0,4095.0,-4.47,5.46,-5.78,1.97,0.18,-0.49,1.0,thank-you
3765.0,2742.0,3806.0,3668.0,4095.0,4095.0,4095.0,4095.0,-4.8,4.28,-7.92,1.82,0.2,-0.65,1.0,thank-you
3765.0,2801.0,3811.0,3735.0,4095.0,4095.0,4095.0,4095.0,-4.97,3.49,-8.34,1.38,0.12,-0.36,1.0,thank-you
3760.0,2819.0,3802.0,3739.0,4095.0,4095.0,4095.0,4095.0,-4.34,2.62,-9.31,1.11,0.18,-0.35,1.0,thank-you
3759.0,2812.0,3794.0,3759.0,4095.0,4095.0,4095.0,4095.0,-4.84,2.28,-9.53,0.44,0.35,-0.19,1.0,thank-you
3748.0,2815.0,3808.0,3775.0,4095.0,4095.0,4095.0,4095.0,-5.04,1.64,-9.05,0.23,0.11,-0.15,1.0,thank-you
3754.0,2801.0,3804.0,3789.0,4095.0,4095.0,4095.0,4095.0,-4.38,1.1,-8.28,0.28,0.15,-0.16,1.0,thank-you
3760.0,2777.0,3802.0,3807.0,4095.0,4095.0,4095.0,4095.0,-4.48,0.78,-9.51,0.24,-0.01,-0.16,1.0,thank-you
3739.0,2750.0,3799.0,3793.0,4095.0,4095.0,4095.0,4095.0,-4.27,0.78,-9.2,-0.02,-0.04,-0.09,1.0,thank-you
3755.0,2731.0,3813.0,3819.0,4095.0,4095.0,4095.0,4095.0,-4.61,0.63,-8.61,-0.1,-0.05,-0.03,1.0,thank-you
3747.0,2722.0,3796.0,3819.0,4095.0,4095.0,4095.0,4095.0,-4.06,0.57,-8.38,-0.05,-0.02,-0.0,1.0,thank-you
3745.0,2702.0,3821.0,3828.0,4095.0,4095.0,4095.0,4095.0,-4.22,0.42,-8.49,-0.0,-0.01,-0.04,1.0,thank-you
3727.0,2693.0,3802.0,3847.0,4095.0,4095.0,4095.0,4095.0,-4.37,0.62,-8.39,-0.03,-0.01,-0.03,1.0,thank-you
3729.0,2687.0,3807.0,3852.0,4095.0,4095.0,4095.0,4095.0,-4.2,0.51,-8.73,0.01,0.04,-0.03,1.0,thank-you
3722.0,2678.0,3809.0,3837.0,4095.0,4095.0,4095.0,4095.0,-4.38,0.99,-8.58,-0.09,-0.02,-0.05,1.0,thank-you
3728.0,2682.0,3810.0,3844.0,4095.0,4095.0,4095.0,4095.0,-4.23,0.45,-8.81,-0.09,0.01,-0.01,1.0,thank-you
3616.0,2327.0,2847.0,4013.0,4095.0,4095.0,4095.0,4095.0,-2.21,9.45,1.64,-0.11,0.24,-0.01,1.0,thank-you
3611.0,2356.0,2928.0,4011.0,4095.0,4095.0,4095.0,4095.0,-1.54,8.5,5.22,0.42,-0.18,-0.25,1.0,thank-you
3617.0,2382.0,3105.0,3994.0,4095.0,4095.0,4095.0,4095.0,-2.07,9.17,2.63,1.29,-0.18,-0.73,1.0,thank-you
3632.0,2323.0,3381.0,3975.0,4095.0,4095.0,4095.0,4095.0,-3.01,8.48,-0.43,1.58,-0.03,-0.97,1.0,thank-you
3638.0,2224.0,3600.0,3958.0,4095.0,4095.0,4095.0,4095.0,-3.5,7.06,-1.67,1.84,0.05,-0.91,1.0,thank-you
3401.0,1936.0,3646.0,3874.0,4095.0,4095.0,4095.0,4095.0,-3.64,6.34,-4.39,1.92,0.37,-0.94,1.0,thank-you
3425.0,1881.0,3686.0,3909.0,4095.0,4095.0,4095.0,4095.0,-5.07,5.63,-6.41,1.46,0.87,-0.74,1.0,thank-you
3447.0,1923.0,3679.0,3905.0,4095.0,4095.0,4095.0,4095.0,-5.03,4.75,-7.81,1.22,0.64,-0.6,1.0,thank-you
3465.0,1950.0,3699.0,3904.0,4095.0,4095.0,4095.0,4095.0,-4.73,3.32,-8.58,1.22,0.44,-0.75,1.0,thank-you
3461.0,1958.0,3683.0,3911.0,4095.0,4095.0,4095.0,4095.0,-4.46,2.31,-8.47,0.99,0.15,-0.57,1.0,thank-you
3455.0,1946.0,3702.0,3863.0,4095.0,4095.0,4095.0,4095.0,-3.55,1.58,-8.81,0.91,-0.1,-0.74,1.0,thank-you
3462.0,1932.0,3715.0,3884.0,4095.0,4095.0,4095.0,4095.0,-4.99,-0.19,-8.33,0.67,0.41,-0.55,1.0,thank-you
3319.0,2022.0,3691.0,3893.0,4095.0,4095.0,4095.0,4095.0,-4.71,-0.81,-8.27,0.82,0.33,-0.55,1.0,thank-you
3264.0,2075.0,3726.0,3893.0,4095.0,4095.0,4095.0,4095.0,-4.3,-1.66,-8.55,0.87,0.46,-0.56,1.0,thank-you
3260.0,2113.0,3739.0,3919.0,4095.0,4095.0,4095.0,4095.0,-4.01,-2.65,-9.53,0.71,0.24,-0.43,1.0,thank-you
3249.0,2103.0,3749.0,3903.0,4095.0,4095.0,4095.0,4095.0,-3.73,-2.8,-9.5,0.25,0.0,-0.23,1.0,thank-you
3227.0,2554.0,3792.0,3920.0,4095.0,4095.0,4095.0,4095.0,-3.63,-2.97,-8.53,0.1,0.04,-0.09,1.0,thank-you
3059.0,3125.0,3763.0,3936.0,4095.0,4095.0,4095.0,4095.0,-3.23,-3.16,-8.96,-0.12,0.06,-0.05,1.0,thank-you
3087.0,3273.0,3771.0,3961.0,4095.0,4095.0,4095.0,4095.0,-2.88,-3.06,-8.53,-0.01,-0.06,-0.01,1.0,thank-you
3083.0,3057.0,3754.0,3963.0,4095.0,4095.0,4095.0,4095.0,-2.97,-3.11,-8.64,-0.02,-0.02,-0.04,1.0,thank-you
3070.0,2709.0,3280.0,4095.0,4095.0,4095.0,4095.0,4095.0,-2.34,9.23,2.29,-0.17,-0.14,-0.02,1.0,thank-you
3065.0,2767.0,3411.0,4090.0,4095.0,4095.0,4095.0,4095.0,-1.66,8.24,6.01,0.65,0.08,-0.28,1.0,thank-you
3083.0,2875.0,3583.0,4066.0,4095.0,4095.0,4095.0,4095.0,-1.17,7.34,3.38,2.34,-0.46,-0.96,1.0,thank-you
3084.0,2898.0,3581.0,4047.0,4095.0,4095.0,4095.0,4095.0,-3.93,5.71,-1.2,2.61,0.77,-1.27,1.0,thank-you
3087.0,2925.0,3557.0,4029.0,4095.0,4095.0,4095.0,4095.0,-5.06,3.81,-5.76,2.47,1.07,-1.12,1.0,thank-you
3088.0,2823.0,3565.0,4007.0,4095.0,4095.0,4095.0,4095.0,-5.69,1.87,-10.37,2.24,1.67,-0.87,1.0,thank-you
3071.0,2815.0,3562.0,4007.0,4095.0,4095.0,4095.0,4095.0,-4.37,1.69,-9.4,1.56,0.5,-0.73,1.0,thank-you
3071.0,2825.0,3568.0,4003.0,4095.0,4095.0,4095.0,4095.0,-4.03,0.45,-9.1,1.36,0.02,-0.82,1.0,thank-you
3079.0,2829.0,3583.0,4016.0,4095.0,4095.0,4095.0,4095.0,-4.85,-1.08,-10.09,1.01,0.33,-0.68,1.0,thank-you
3083.0,2815.0,3581.0,4012.0,4095.0,4095.0,4095.0,4095.0,-4.48,-1.48,-9.86,0.57,0.29,-0.48,1.0,thank-you
3089.0,2806.0,3583.0,4011.0,4095.0,4095.0,4095.0,4095.0,-4.02,-1.87,-9.22,0.34,0.15,-0.31,1.0,thank-you
3079.0,2816.0,3600.0,4026.0,4095.0,4095.0,4095.0,4095.0,-3.89,-2.44,-9.16,0.18,0.04,-0.23,1.0,thank-you
3066.0,2810.0,3600.0,4016.0,4095.0,4095.0,4095.0,4095.0,-3.83,-2.61,-8.59,0.04,0.04,-0.13,1.0,thank-you
3087.0,2831.0,3602.0,4023.0,4095.0,4095.0,4095.0,4095.0,-3.68,-2.77,-8.4,0.06,0.08,-0.08,1.0,thank-you
3070.0,2828.0,3618.0,4035.0,4095.0,4095.0,4095.0,4095.0,-3.56,-2.86,-8.82,-0.01,-0.04,-0.03,1.0,thank-you
3066.0,2819.0,3612.0,4032.0,4095.0,4095.0,4095.0,4095.0,-3.59,-2.76,-8.87,-0.09,-0.01,0.02,1.0,thank-you
3070.0,2822.0,3623.0,4023.0,4095.0,4095.0,4095.0,4095.0,-3.47,-2.73,-8.34,-0.16,0.03,0.01,1.0,thank-you
3091.0,2819.0,3629.0,4030.0,4095.0,4095.0,4095.0,4095.0,-3.38,-2.82,-8.28,-0.06,0.0,-0.05,1.0,thank-you
3071.0,2832.0,3614.0,4032.0,4095.0,4095.0,4095.0,4095.0,-3.43,-2.77,-8.28,-0.04,0.01,-0.06,1.0,thank-you
3070.0,2831.0,3632.0,4046.0,4095.0,4095.0,4095.0,4095.0,-3.44,-2.72,-8.58,-0.02,0.03,-0.08,1.0,thank-you
3483.0,2597.0,3263.0,4016.0,4095.0,4095.0,4095.0,4095.0,-3.16,9.2,1.89,-0.05,-0.04,-0.01,1.0,thank-you
3492.0,2605.0,3271.0,4018.0,4095.0,4095.0,4095.0,4095.0,-3.38,8.84,2.64,0.08,0.07,-0.11,1.0,thank-you
3482.0,2627.0,3335.0,3998.0,4095.0,4095.0,4095.0,4095.0,-2.94,8.77,3.85,0.53,-0.08,-0.14,1.0,thank-you
3481.0,2669.0,3456.0,3997.0,4095.0,4095.0,4095.0,4095.0,-2.5,8.83,2.33,1.2,-0.02,-0.65,1.0,thank-you
3473.0,2737.0,3511.0,3974.0,4095.0,4095.0,4095.0,4095.0,-3.88,7.84,-0.08,1.43,0.33,-0.68,1.0,thank-you
3499.0,2756.0,3571.0,3952.0,4095.0,4095.0,4095.0,4095.0,-4.98,7.41,-2.43,1.41,0.85,-0.54,1.0,thank-you
3498.0,2751.0,3618.0,3947.0,4095.0,4095.0,4095.0,4095.0,-5.49,6.42,-4.53,1.37,1.12,-0.44,1.0,thank-you
3498.0,2822.0,3630.0,3923.0,4095.0,4095.0,4095.0,4095.0,-5.3,5.85,-5.89,1.26,0.59,-0.32,1.0,thank-you
3483.0,2901.0,3655.0,3932.0,4095.0,4095.0,4095.0,4095.0,-5.16,4.92,-6.73,1.15,0.31,-0.34,1.0,thank-you
3487.0,2896.0,3646.0,3921.0,4095.0,4095.0,4095.0,4095.0,-5.24,4.07,-7.68,1.07,0.48,-0.32,1.0,thank-you
3496.0,2885.0,3649.0,3916.0,4095.0,4095.0,4095.0,4095.0,-5.23,3.29,-8.36,0.81,0.41,-0.45,1.0,thank-you
3475.0,2894.0,3663.0,3930.0,4095.0,4095.0,4095.0,4095.0,-4.63,2.19,-7.87,0.85,0.27,-0.26,1.0,thank-you
3494.0,2879.0,3664.0,3919.0,4095.0,4095.0,4095.0,4095.0,-4.28,1.57,-8.72,0.8,0.2,-0.32,1.0,thank-you
3489.0,2866.0,3646.0,3919.0,4095.0,4095.0,4095.0,4095.0,-4.1,0.93,-8.77,0.61,0.26,-0.35,1.0,thank-you
3479.0,2845.0,3647.0,3920.0,4095.0,4095.0,4095.0,4095.0,-3.8,0.19,-8.62,0.55,0.32,-0.32,1.0,thank-you
3483.0,2845.0,3648.0,3934.0,4095.0,4095.0,4095.0,4095.0,-4.1,-0.81,-9.01,0.6,0.16,-0.4,1.0,thank-you
3477.0,2832.0,3649.0,3933.0,4095.0,4095.0,4095.0,4095.0,-3.55,-1.48,-9.08,0.37,0.35,-0.33,1.0,thank-you
3489.0,2837.0,3659.0,3946.0,4095.0,4095.0,4095.0,4095.0,-3.4,-2.06,-8.87,0.35,0.14,-0.27,1.0,thank-you
3489.0,2834.0,3667.0,3984.0,4095.0,4095.0,4095.0,4095.0,-3.3,-2.04,-8.76,0.29,0.0,-0.18,1.0,thank-you
3484.0,2806.0,3682.0,3963.0,4095.0,4095.0,4095.0,4095.0,-3.06,-2.27,-9.01,0.27,0.26,-0.18,1.0,thank-you
3555.0,3063.0,3154.0,4045.0,4095.0,4095.0,4095.0,4095.0,-2.43,9.19,2.6,0.05,-0.13,-0.05,1.0,thank-you
3566.0,3114.0,3202.0,4047.0,4095.0,4095.0,4095.0,4095.0,-1.73,8.66,6.17,0.49,0.26,-0.17,1.0,thank-you
3550.0,3121.0,3486.0,4005.0,4095.0,4095.0,4095.0,4095.0,-1.1,8.7,2.52,1.38,0.1,-0.99,1.0,thank-you
3558.0,3088.0,3533.0,4006.0,4095.0,4095.0,4095.0,4095.0,-3.73,7.36,-0.82,1.66,0.31,-1.11,1.0,thank-you
3559.0,2992.0,3692.0,4031.0,4095.0,4095.0,4095.0,4095.0,-6.42,6.58,-3.07,1.3,1.53,-0.55,1.0,thank-you
3566.0,2922.0,3719.0,4019.0,4095.0,4095.0,4095.0,4095.0,-5.34,6.4,-4.49,1.38,0.2,-0.53,1.0,thank-you
3583.0,2880.0,3750.0,4031.0,4095.0,4095.0,4095.0,4095.0,-4.81,6.11,-5.92,1.44,0.15,-0.49,1.0,thank-you
3572.0,3389.0,3775.0,4023.0,4095.0,4095.0,4095.0,4095.0,-4.49,5.24,-4.64,1.31,-0.26,-0.61,1.0,thank-you
3571.0,3421.0,3767.0,4017.0,4095.0,4095.0,4095.0,4095.0,-4.2,3.68,-7.81,1.57,0.45,-0.52,1.0,thank-you
3600.0,3418.0,3760.0,3999.0,4095.0,4095.0,4095.0,4095.0,-4.32,3.04,-9.23,1.15,0.38,-0.38,1.0,thank-you
3567.0,3413.0,3761.0,3989.0,4095.0,4095.0,4095.0,4095.0,-3.92,2.21,-8.71,0.79,0.31,-0.37,1.0,thank-you
3583.0,3394.0,3767.0,3984.0,4095.0,4095.0,4095.0,4095.0,-3.56,1.25,-8.46,0.84,0.59,-0.51,1.0,thank-you
3583.0,3393.0,3760.0,3984.0,4095.0,4095.0,4095.0,4095.0,-4.21,-0.05,-9.18,0.8,0.23,-0.52,1.0,thank-you
3583.0,3422.0,3766.0,3978.0,4095.0,4095.0,4095.0,4095.0,-3.65,-0.86,-8.86,0.84,0.36,-0.49,1.0,thank-you
3568.0,3440.0,3763.0,3984.0,4095.0,4095.0,4095.0,4095.0,-4.13,-2.06,-10.07,0.7,0.24,-0.35,1.0,thank-you
3558.0,3431.0,3760.0,3998.0,4095.0,4095.0,4095.0,4095.0,-3.56,-2.68,-9.15,0.44,0.1,-0.27,1.0,thank-you
3574.0,3439.0,3762.0,3990.0,4095.0,4095.0,4095.0,4095.0,-3.63,-2.83,-9.24,0.19,-0.01,-0.13,1.0,thank-you
3575.0,3423.0,3757.0,3984.0,4095.0,4095.0,4095.0,4095.0,-3.25,-2.82,-8.93,0.06,0.01,-0.09,1.0,thank-you
3574.0,3427.0,3757.0,3998.0,4095.0,4095.0,4095.0,4095.0,-2.88,-3.02,-8.55,0.03,-0.04,-0.09,1.0,thank-you
3583.0,3429.0,3775.0,4021.0,4095.0,4095.0,4095.0,4095.0,-2.84,-3.15,-8.77,-0.02,-0.11,-0.09,1.0,thank-you
3556.0,3218.0,3348.0,4095.0,4095.0,4095.0,4095.0,4095.0,-2.1,9.42,2.24,-0.14,0.17,-0.16,1.0,thank-you
3562.0,3232.0,3430.0,4095.0,4095.0,4095.0,4095.0,4095.0,-0.63,8.65,4.94,0.69,0.32,-0.29,1.0,thank-you
3568.0,3256.0,3583.0,4095.0,4095.0,4095.0,4095.0,4095.0,-1.34,9.14,2.99,1.71,-0.45,-0.91,1.0,thank-you
3553.0,3267.0,3721.0,4095.0,4095.0,4095.0,4095.0,4095.0,-3.41,8.81,-2.07,1.55,0.34,-1.12,1.0,thank-you
3580.0,3210.0,3714.0,4095.0,4095.0,4095.0,4095.0,4095.0,-5.21,7.96,-3.78,1.31,0.65,-0.8,1.0,thank-you
3581.0,3203.0,3715.0,4095.0,4095.0,4095.0,4095.0,4095.0,-4.69,7.49,-4.64,0.86,0.77,-0.32,1.0,thank-you
3579.0,3131.0,3722.0,4095.0,4095.0,4095.0,4095.0,4095.0,-3.85,7.35,-4.81,0.73,0.4,-0.43,1.0,thank-you
3579.0,3119.0,3721.0,4095.0,4095.0,4095.0,4095.0,4095.0,-4.95,6.23,-5.55,0.74,0.73,-0.52,1.0,thank-you
3575.0,3102.0,3711.0,4095.0,4095.0,4095.0,4095.0,4095.0,-4.53,5.41,-6.22,0.84,0.25,-0.33,1.0,thank-you
3583.0,3042.0,3719.0,4095.0,4095.0,4095.0,4095.0,4095.0,-4.24,4.36,-7.39,1.21,0.0,-0.44,1.0,thank-you
3572.0,3159.0,3696.0,4095.0,4095.0,4095.0,4095.0,4095.0,-4.52,4.08,-7.67,0.78,0.11,-0.43,1.0,thank-you
3563.0,3158.0,3707.0,4095.0,4095.0,4095.0,4095.0,4095.0,-4.58,2.75,-7.9,0.72,0.79,-0.53,1.0,thank-you
3568.0,3149.0,3727.0,4095.0,4095.0,4095.0,4095.0,4095.0,-4.87,1.9,-8.76,0.77,0.64,-0.37,1.0,thank-you
3566.0,3149.0,3726.0,4095.0,4095.0,4095.0,4095.0,4095.0,-4.62,0.85,-8.81,0.72,0.41,-0.4,1.0,thank-you
3568.0,3131.0,3717.0,4095.0,4095.0,4095.0,4095.0,4095.0,-4.18,-0.2,-8.4,0.75,0.17,-0.58,1.0,thank-you
3561.0,3125.0,3734.0,4095.0,4095.0,4095.0,4095.0,4095.0,-4.06,-1.57,-9.22,0.66,0.96,-0.35,1.0,thank-you
3555.0,3118.0,3737.0,4095.0,4095.0,4095.0,4095.0,4095.0,-3.49,-2.13,-9.05,0.72,0.18,-0.3,1.0,thank-you
3543.0,3121.0,3746.0,4095.0,4095.0,4095.0,4095.0,4095.0,-3.29,-2.68,-9.62,0.49,0.13,-0.28,1.0,thank-you
3556.0,3120.0,3743.0,4095.0,4095.0,4095.0,4095.0,4095.0,-2.81,-2.91,-9.27,0.28,0.1,-0.22,1.0,thank-you
3565.0,3119.0,3759.0,4095.0,4095.0,4095.0,4095.0,4095.0,-2.71,-3.12,-9.57,0.07,0.02,-0.17,1.0,thank-you
3498.0,3279.0,2656.0,4095.0,4095.0,4095.0,4095.0,4095.0,-2.97,7.22,4.8,0.06,0.12,0.04,1.0,thank-you
3514.0,3371.0,2785.0,4095.0,4095.0,4095.0,4095.0,4095.0,-1.43,5.71,9.3,1.97,0.17,-0.15,1.0,thank-you
3511.0,3513.0,3002.0,4095.0,4095.0,4095.0,4095.0,4095.0,-0.67,4.52,-0.51,3.84,-0.13,-1.72,1.0,thank-you
3524.0,3491.0,2961.0,4095.0,4095.0,4095.0,4095.0,4095.0,-7.96,3.43,-12.18,2.73,1.94,-1.14,1.0,thank-you
3536.0,3830.0,3043.0,4095.0,4095.0,4095.0,4095.0,4095.0,-6.62,2.31,-12.28,1.41,1.9,-0.23,1.0,thank-you
3519.0,4095.0,3190.0,4095.0,4095.0,4095.0,4095.0,4095.0,-3.88,0.81,-9.89,1.46,1.44,-0.3,1.0,thank-you
3505.0,4095.0,3271.0,4095.0,4095.0,4095.0,4095.0,4095.0,-3.67,-0.84,-9.37,1.17,1.1,-0.51,1.0,thank-you
3521.0,4095.0,3523.0,4095.0,4095.0,4095.0,4095.0,4095.0,-4.12,-2.31,-10.29,1.04,0.69,-0.48,1.0,thank-you
3517.0,4095.0,3546.0,4095.0,4095.0,4095.0,4095.0,4095.0,-4.4,-2.45,-10.38,0.58,0.49,-0.34,1.0,thank-you
3513.0,4095.0,3542.0,4095.0,4095.0,4095.0,4095.0,4095.0,-4.15,-2.35,-10.35,-0.07,0.08,-0.14,1.0,thank-you
3515.0,4095.0,3538.0,4095.0,4095.0,4095.0,4095.0,4095.0,-3.49,-2.51,-8.7,-0.21,-0.01,-0.03,1.0,thank-you
3524.0,4095.0,3546.0,4095.0,4095.0,4095.0,4095.0,4095.0,-3.28,-2.55,-8.71,-0.22,-0.04,0.03,1.0,thank-you
3518.0,4095.0,3563.0,4095.0,4095.0,4095.0,4095.0,4095.0,-3.0,-2.29,-8.61,-0.11,0.0,0.01,1.0,thank-you
3525.0,4095.0,3548.0,4095.0,4095.0,4095.0,4095.0,4095.0,-2.83,-2.23,-9.1,-0.0,-0.03,-0.01,1.0,thank-you
3536.0,4095.0,3549.0,4095.0,4095.0,4095.0,4095.0,4095.0,-2.73,-2.29,-8.83,-0.07,0.03,-0.01,1.0,thank-you
3526.0,4095.0,3567.0,4095.0,4095.0,4095.0,4095.0,4095.0,-2.98,-2.33,-8.79,-0.11,0.21,0.05,1.0,thank-you
3505.0,4095.0,3559.0,4095.0,4095.0,4095.0,4095.0,4095.0,-2.89,-2.27,-8.75,-0.06,-0.04,-0.07,1.0,thank-you
3507.0,4095.0,3565.0,4095.0,4095.0,4095.0,4095.0,4095.0,-3.0,-2.28,-8.92,-0.02,0.0,-0.04,1.0,thank-you
3530.0,4095.0,3550.0,4095.0,4095.0,4095.0,4095.0,4095.0,-2.74,-2.29,-8.84,-0.04,0.01,-0.03,1.0,thank-you
3519.0,4095.0,3567.0,4095.0,4095.0,4095.0,4095.0,4095.0,-2.91,-2.29,-8.83,-0.03,0.01,-0.05,1.0,thank-you
3538.0,4095.0,3159.0,4095.0,4095.0,4095.0,4095.0,4095.0,-3.62,9.09,1.9,-0.06,0.01,-0.05,1.0,thank-you
3539.0,4095.0,3168.0,4095.0,4095.0,4095.0,4095.0,4095.0,-3.13,8.49,4.64,0.38,-0.5,-0.05,1.0,thank-you
3554.0,4095.0,3157.0,4095.0,4095.0,4095.0,4095.0,4095.0,-2.56,8.35,3.12,1.37,-1.02,-0.24,1.0,thank-you
3563.0,4095.0,3175.0,4095.0,4095.0,4095.0,4095.0,4095.0,-3.01,8.9,0.65,1.76,-0.64,-0.71,1.0,thank-you
3583.0,4095.0,3378.0,4095.0,4095.0,4095.0,4095.0,4095.0,-3.42,7.91,-1.4,1.81,-0.33,-0.82,1.0,thank-you
3642.0,4095.0,3751.0,4095.0,4095.0,4095.0,4095.0,4095.0,-4.24,7.28,-2.88,1.85,0.02,-0.86,1.0,thank-you
3632.0,4095.0,3853.0,4095.0,4095.0,4095.0,4095.0,4095.0,-5.38,6.31,-4.93,1.43,0.64,-0.57,1.0,thank-you
3646.0,4095.0,3855.0,4095.0,4095.0,4095.0,4095.0,4095.0,-4.25,5.31,-5.61,1.38,0.73,-0.68,1.0,thank-you
3643.0,4095.0,3840.0,4080.0,4095.0,4095.0,4095.0,4095.0,-4.77,4.44,-7.89,1.27,0.36,-0.8,1.0,thank-you
3650.0,4095.0,3855.0,4080.0,4095.0,4095.0,4095.0,4095.0,-5.01,3.11,-8.27,1.16,0.12,-0.78,1.0,thank-you
3645.0,4095.0,3849.0,4081.0,4095.0,4095.0,4095.0,4095.0,-5.13,2.5,-7.76,0.87,0.33,-0.46,1.0,thank-you
3632.0,4095.0,3854.0,4054.0,4095.0,4095.0,4095.0,4095.0,-4.59,1.22,-8.54,1.05,0.03,-0.57,1.0,thank-you
3637.0,4095.0,3835.0,4062.0,4095.0,4095.0,4095.0,4095.0,-4.15,0.72,-8.45,0.95,0.27,-0.54,1.0,thank-you
3637.0,4095.0,3856.0,4085.0,4095.0,4095.0,4095.0,4095.0,-4.26,-0.75,-10.16,0.79,0.62,-0.52,1.0,thank-you
3631.0,4095.0,3841.0,4081.0,4095.0,4095.0,4095.0,4095.0,-3.39,-1.48,-8.58,0.65,0.15,-0.39,1.0,thank-you
3611.0,4095.0,3841.0,4082.0,4095.0,4095.0,4095.0,4095.0,-3.22,-2.38,-8.96,0.41,0.13,-0.24,1.0,thank-you
3615.0,4095.0,3845.0,4095.0,4095.0,4095.0,4095.0,4095.0,-2.78,-2.78,-8.58,0.42,0.35,-0.06,1.0,thank-you
3601.0,4095.0,3854.0,4095.0,4095.0,4095.0,4095.0,4095.0,-2.85,-2.46,-9.31,0.12,0.09,-0.08,1.0,thank-you
3600.0,4095.0,3831.0,4095.0,4095.0,4095.0,4095.0,4095.0,-3.53,-2.61,-9.56,-0.06,0.09,-0.07,1.0,thank-you
3583.0,4095.0,3840.0,4095.0,4095.0,4095.0,4095.0,4095.0,-3.09,-2.65,-8.86,-0.12,0.03,0.04,1.0,thank-you
3599.0,4095.0,3233.0,4095.0,4095.0,4095.0,4095.0,4095.0,-1.55,9.13,3.7,0.16,-0.47,-0.18,1.0,thank-you
3605.0,4095.0,3293.0,4095.0,4095.0,4095.0,4095.0,4095.0,-0.29,7.77,7.22,1.3,-0.63,-0.7,1.0,thank-you
3583.0,4095.0,3735.0,4095.0,4095.0,4095.0,4095.0,4095.0,-3.49,9.11,-2.02,2.06,0.53,-1.23,1.0,thank-you
3628.0,4095.0,3755.0,4089.0,4095.0,4095.0,4095.0,4095.0,-4.68,8.5,-3.26,1.23,0.35,-0.63,1.0,thank-you
3619.0,4095.0,3745.0,4073.0,4095.0,4095.0,4095.0,4095.0,-4.54,7.31,-3.42,0.97,1.06,-0.54,1.0,thank-you
3623.0,4095.0,3755.0,4063.0,4095.0,4095.0,4095.0,4095.0,-4.62,6.04,-4.61,1.21,0.37,-0.61,1.0,thank-you
3643.0,4095.0,3771.0,4049.0,4095.0,4095.0,4095.0,4095.0,-5.19,5.4,-6.18,0.98,1.09,-0.44,1.0,thank-you
3623.0,4095.0,3738.0,4050.0,4095.0,4095.0,4095.0,4095.0,-4.74,4.64,-7.97,0.64,1.97,-0.42,1.0,thank-you
3633.0,4095.0,3746.0,4042.0,4095.0,4095.0,4095.0,4095.0,-4.52,4.26,-7.63,0.94,-0.0,-0.49,1.0,thank-you
3621.0,4095.0,3734.0,4051.0,4095.0,4095.0,4095.0,4095.0,-4.54,2.55,-7.74,1.09,-0.13,-0.53,1.0,thank-you
3625.0,4095.0,3728.0,4052.0,4095.0,4095.0,4095.0,4095.0,-4.76,1.37,-8.43,0.98,0.29,-0.49,1.0,thank-you
3607.0,4095.0,3734.0,4080.0,4095.0,4095.0,4095.0,4095.0,-4.74,-0.36,-8.24,1.33,0.79,-0.61,1.0,thank-you
3605.0,4095.0,3715.0,4029.0,4095.0,4095.0,4095.0,4095.0,-4.79,-1.51,-9.99,0.88,0.31,-0.39,1.0,thank-you
3614.0,4095.0,3729.0,4039.0,4095.0,4095.0,4095.0,4095.0,-3.8,-1.68,-8.54,0.61,0.12,-0.48,1.0,thank-you
3605.0,4095.0,3722.0,4048.0,4095.0,4095.0,4095.0,4095.0,-3.47,-3.3,-7.87,0.69,0.16,-0.62,1.0,thank-you
3614.0,4095.0,3717.0,4070.0,4095.0,4095.0,4095.0,4095.0,-4.24,-4.18,-9.6,0.68,0.03,-0.39,1.0,thank-you
3611.0,4095.0,3740.0,4074.0,4095.0,4095.0,4095.0,4095.0,-3.98,-3.67,-9.58,-0.07,0.03,-0.09,1.0,thank-you
3603.0,4095.0,3733.0,4061.0,4095.0,4095.0,4095.0,4095.0,-3.33,-3.47,-8.29,-0.2,-0.02,0.03,1.0,thank-you
3626.0,4095.0,3737.0,4076.0,4095.0,4095.0,4095.0,4095.0,-3.02,-3.57,-7.98,-0.12,-0.05,-0.01,1.0,thank-you
3627.0,4095.0,3760.0,4083.0,4095.0,4095.0,4095.0,4095.0,-3.0,-3.69,-8.14,-0.05,0.04,-0.03,1.0,thank-you
3653.0,4095.0,2957.0,4095.0,4095.0,4095.0,4095.0,4095.0,-1.15,9.07,4.89,0.45,0.24,-0.34,1.0,thank-you
3651.0,4095.0,3101.0,4095.0,4095.0,4095.0,4095.0,4095.0,-2.08,8.41,2.78,1.08,-0.14,-0.9,1.0,thank-you
3669.0,4095.0,3246.0,4095.0,4095.0,4095.0,4095.0,4095.0,-3.17,8.76,1.1,1.38,-0.23,-0.93,1.0,thank-you
3655.0,4095.0,3393.0,4046.0,4095.0,4095.0,4095.0,4095.0,-3.7,7.49,-0.48,1.45,0.25,-1.02,1.0,thank-you
3662.0,4095.0,3471.0,4051.0,4095.0,4095.0,4095.0,4095.0,-5.16,7.2,-4.2,1.41,0.29,-1.02,1.0,thank-you
3713.0,4095.0,3424.0,4095.0,4095.0,4095.0,4095.0,4095.0,-4.58,6.88,-4.16,1.5,-0.13,-0.81,1.0,thank-you
3696.0,4095.0,3479.0,4095.0,4095.0,4095.0,4095.0,4095.0,-4.37,6.32,-4.88,1.49,-0.55,-0.81,1.0,thank-you
3698.0,4095.0,3556.0,4095.0,4095.0,4095.0,4095.0,4095.0,-5.35,4.83,-5.77,1.31,-0.6,-0.82,1.0,thank-you
3696.0,4095.0,3567.0,4095.0,4095.0,4095.0,4095.0,4095.0,-6.12,3.58,-6.12,1.28,0.16,-0.84,1.0,thank-you
3696.0,4095.0,3579.0,4079.0,4095.0,4095.0,4095.0,4095.0,-5.92,2.45,-8.13,0.82,0.63,-0.73,1.0,thank-you
3687.0,4095.0,3611.0,4089.0,4095.0,4095.0,4095.0,4095.0,-4.99,2.34,-7.89,0.81,0.65,-0.48,1.0,thank-you
3707.0,4095.0,3622.0,4066.0,4095.0,4095.0,4095.0,4095.0,-5.07,0.65,-8.34,1.11,0.16,-0.58,1.0,thank-you
3689.0,4095.0,3600.0,4071.0,4095.0,4095.0,4095.0,4095.0,-5.11,-0.47,-8.65,0.76,0.46,-0.62,1.0,thank-you
3684.0,4095.0,3601.0,4081.0,4095.0,4095.0,4095.0,4095.0,-5.06,-1.83,-8.46,0.75,0.57,-0.5,1.0,thank-you
3682.0,4095.0,3603.0,4080.0,4095.0,4095.0,4095.0,4095.0,-4.52,-2.35,-8.61,0.74,0.18,-0.52,1.0,thank-you
3679.0,4095.0,3622.0,4086.0,4095.0,4095.0,4095.0,4095.0,-4.38,-3.16,-8.87,0.53,0.11,-0.42,1.0,thank-you
3657.0,4095.0,3615.0,4053.0,4095.0,4095.0,4095.0,4095.0,-4.4,-3.37,-9.45,0.11,0.1,-0.11,1.0,thank-you
3664.0,4095.0,3623.0,4073.0,4095.0,4095.0,4095.0,4095.0,-4.24,-3.25,-8.3,-0.06,0.11,0.0,1.0,thank-you
3654.0,4095.0,3638.0,4084.0,4095.0,4095.0,4095.0,4095.0,-3.74,-3.4,-7.83,-0.08,-0.04,-0.04,1.0,thank-you
3658.0,4095.0,3628.0,4094.0,4095.0,4095.0,4095.0,4095.0,-3.73,-3.54,-7.9,-0.05,0.01,-0.06,1.0,thank-you
3670.0,4095.0,2689.0,4095.0,4095.0,4095.0,4095.0,4095.0,-2.89,8.98,2.21,-0.09,0.08,-0.05,1.0,thank-you
3664.0,4095.0,2726.0,4095.0,4095.0,4095.0,4095.0,4095.0,-2.0,7.74,6.11,0.73,-0.25,-0.21,1.0,thank-you
3675.0,4095.0,2878.0,4082.0,4095.0,4095.0,4095.0,4095.0,-1.56,7.6,2.55,1.81,-0.22,-1.51,1.0,thank-you
3693.0,4095.0,2989.0,4038.0,4095.0,4095.0,4095.0,4095.0,-5.03,6.74,-1.61,2.21,-0.57,-1.73,1.0,thank-you
3694.0,4095.0,3098.0,4002.0,4095.0,4095.0,4095.0,4095.0,-6.5,5.27,-4.36,1.96,0.52,-1.32,1.0,thank-you
3696.0,4095.0,3219.0,3987.0,4095.0,4095.0,4095.0,4095.0,-6.59,3.23,-6.48,1.77,0.25,-1.05,1.0,thank-you
3728.0,4095.0,3206.0,3985.0,4095.0,4095.0,4095.0,4095.0,-6.54,3.2,-6.96,1.19,-0.26,-0.85,1.0,thank-you
3684.0,4095.0,3223.0,3984.0,4095.0,4095.0,4095.0,4095.0,-7.18,1.92,-7.49,0.93,0.19,-0.67,1.0,thank-you
3696.0,4095.0,3279.0,4010.0,4095.0,4095.0,4095.0,4095.0,-6.88,0.46,-7.25,0.92,0.58,-0.53,1.0,thank-you
3693.0,4095.0,3325.0,3990.0,4095.0,4095.0,4095.0,4095.0,-5.22,-0.19,-7.23,1.04,0.48,-0.72,1.0,thank-you
3664.0,4095.0,3344.0,3987.0,4095.0,4095.0,4095.0,4095.0,-4.85,-1.44,-9.03,1.0,0.29,-0.74,1.0,thank-you
3664.0,4095.0,3361.0,3993.0,4095.0,4095.0,4095.0,4095.0,-4.9,-2.01,-8.89,0.76,0.02,-0.51,1.0,thank-you
3662.0,4095.0,3377.0,4000.0,4095.0,4095.0,4095.0,4095.0,-4.53,-2.66,-8.51,0.41,0.24,-0.35,1.0,thank-you
3642.0,4095.0,3399.0,3985.0,4095.0,4095.0,4095.0,4095.0,-4.19,-3.19,-8.68,0.35,0.09,-0.25,1.0,thank-you
3663.0,4095.0,3401.0,4018.0,4095.0,4095.0,4095.0,4095.0,-4.25,-3.39,-8.6,0.1,0.1,-0.15,1.0,thank-you
3645.0,4095.0,3424.0,4016.0,4095.0,4095.0,4095.0,4095.0,-4.01,-3.58,-8.07,-0.04,0.06,-0.09,1.0,thank-you
3653.0,4095.0,3430.0,4020.0,4095.0,4095.0,4095.0,4095.0,-3.91,-3.65,-7.65,0.0,0.03,-0.11,1.0,thank-you
3648.0,4095.0,3440.0,4026.0,4095.0,4095.0,4095.0,4095.0,-3.95,-3.62,-8.06,-0.07,0.08,-0.03,1.0,thank-you
3634.0,4095.0,3449.0,4038.0,4095.0,4095.0,4095.0,4095.0,-3.85,-3.67,-7.97,-0.02,0.06,-0.06,1.0,thank-you
3649.0,4095.0,3435.0,4029.0,4095.0,4095.0,4095.0,4095.0,-3.8,-3.64,-7.97,-0.01,-0.0,-0.06,1.0,thank-you
3622.0,4095.0,3223.0,4095.0,4095.0,4095.0,4095.0,4095.0,-3.15,8.77,2.31,-0.07,0.19,-0.11,1.0,thank-you
3626.0,4095.0,3223.0,4095.0,4095.0,4095.0,4095.0,4095.0,-2.41,8.72,5.02,0.7,-0.06,-0.25,1.0,thank-you
3637.0,4095.0,3329.0,4048.0,4095.0,4095.0,4095.0,4095.0,-1.14,8.12,2.92,1.86,-0.46,-1.26,1.0,thank-you
3655.0,4095.0,3463.0,4032.0,4095.0,4095.0,4095.0,4095.0,-4.63,7.66,-1.52,1.74,0.43,-1.39,1.0,thank-you
3639.0,4095.0,3435.0,4012.0,4095.0,4095.0,4095.0,4095.0,-5.64,6.42,-3.85,1.41,0.36,-0.89,1.0,thank-you
3651.0,4095.0,3447.0,4016.0,4095.0,4095.0,4095.0,4095.0,-5.45,4.77,-4.97,1.23,0.71,-1.2,1.0,thank-you
3659.0,4095.0,3508.0,4016.0,4095.0,4095.0,4095.0,4095.0,-6.19,3.76,-8.14,1.26,1.0,-1.01,1.0,thank-you
3664.0,4095.0,3539.0,4017.0,4095.0,4095.0,4095.0,4095.0,-5.88,2.73,-8.16,1.02,1.34,-0.53,1.0,thank-you
3640.0,4095.0,3552.0,3994.0,4095.0,4095.0,4095.0,4095.0,-4.92,1.8,-8.04,0.91,1.02,-0.76,1.0,thank-you
3664.0,4095.0,3577.0,4036.0,4095.0,4095.0,4095.0,4095.0,-4.88,-0.85,-7.76,0.85,1.18,-0.95,1.0,thank-you
3651.0,4095.0,3609.0,4055.0,4095.0,4095.0,4095.0,4095.0,-5.39,-1.41,-9.36,0.82,0.43,-0.79,1.0,thank-you
3659.0,4095.0,3629.0,4080.0,4095.0,4095.0,4095.0,4095.0,-4.14,-2.93,-7.96,0.89,0.36,-0.75,1.0,thank-you
3648.0,4095.0,3633.0,4067.0,4095.0,4095.0,4095.0,4095.0,-4.79,-3.97,-9.01,0.76,0.45,-0.65,1.0,thank-you
3633.0,4095.0,3643.0,4085.0,4095.0,4095.0,4095.0,4095.0,-4.32,-4.01,-8.72,0.27,0.01,-0.48,1.0,thank-you
3650.0,4095.0,3647.0,4095.0,4095.0,4095.0,4095.0,4095.0,-4.01,-4.54,-8.38,0.37,0.08,-0.21,1.0,thank-you
3627.0,4095.0,3638.0,4094.0,4095.0,4095.0,4095.0,4095.0,-3.72,-4.74,-8.22,0.03,-0.06,-0.09,1.0,thank-you
3641.0,4095.0,3654.0,4095.0,4095.0,4095.0,4095.0,4095.0,-3.73,-4.71,-7.83,-0.2,-0.07,-0.01,1.0,thank-you
3631.0,4095.0,3653.0,4095.0,4095.0,4095.0,4095.0,4095.0,-3.67,-4.5,-7.46,-0.22,-0.03,-0.01,1.0,thank-you
3632.0,4095.0,3671.0,4095.0,4095.0,4095.0,4095.0,4095.0,-3.76,-4.59,-7.47,-0.13,-0.05,-0.05,1.0,thank-you
3644.0,4095.0,3652.0,4095.0,4095.0,4095.0,4095.0,4095.0,-3.58,-4.6,-7.27,-0.12,-0.07,-0.06,1.0,thank-you
3621.0,4095.0,3440.0,3790.0,4095.0,4095.0,4095.0,4095.0,-2.47,7.86,5.22,0.33,-0.01,-0.19,1.0,thank-you
3635.0,4095.0,3493.0,3777.0,4095.0,4095.0,4095.0,4095.0,-2.41,7.49,4.99,2.19,-0.3,-1.06,1.0,thank-you
3619.0,4095.0,3511.0,3792.0,4095.0,4095.0,4095.0,4095.0,-3.68,6.72,0.98,2.63,-0.37,-1.53,1.0,thank-you
3653.0,4095.0,3504.0,3750.0,4095.0,4095.0,4095.0,4095.0,-5.11,3.71,-2.35,2.84,0.24,-1.71,1.0,thank-you
3633.0,4095.0,3496.0,3703.0,4095.0,4095.0,4095.0,4095.0,-6.98,1.66,-6.79,2.46,0.56,-1.28,1.0,thank-you
3630.0,4095.0,3494.0,3713.0,4095.0,4095.0,4095.0,4095.0,-6.07,-0.07,-9.49,2.4,0.37,-1.19,1.0,thank-you
3634.0,4095.0,3495.0,3712.0,4095.0,4095.0,4095.0,4095.0,-5.04,-0.31,-9.14,1.76,-0.07,-0.94,1.0,thank-you
3638.0,4095.0,3507.0,3729.0,4095.0,4095.0,4095.0,4095.0,-5.91,-1.27,-8.19,1.22,0.36,-0.52,1.0,thank-you
3623.0,4095.0,3521.0,3751.0,4095.0,4095.0,4095.0,4095.0,-4.7,-2.32,-8.97,0.84,0.54,-0.43,1.0,thank-you
3614.0,4095.0,3525.0,3747.0,4095.0,4095.0,4095.0,4095.0,-4.63,-3.32,-8.88,0.58,0.02,-0.62,1.0,thank-you
3632.0,4095.0,3520.0,3755.0,4095.0,4095.0,4095.0,4095.0,-4.99,-3.52,-8.78,0.21,0.08,-0.2,1.0,thank-you
3615.0,4095.0,3523.0,3759.0,4095.0,4095.0,4095.0,4095.0,-4.58,-3.27,-8.17,0.04,0.02,-0.1,1.0,thank-you
3616.0,4095.0,3534.0,3766.0,4095.0,4095.0,4095.0,4095.0,-4.65,-3.56,-8.31,-0.09,-0.02,-0.08,1.0,thank-you
3629.0,4095.0,3542.0,3769.0,4095.0,4095.0,4095.0,4095.0,-4.07,-3.46,-7.56,-0.2,-0.05,-0.03,1.0,thank-you
3614.0,4095.0,3536.0,3765.0,4095.0,4095.0,4095.0,4095.0,-4.02,-3.62,-7.38,0.03,0.01,-0.09,1.0,thank-you
3628.0,4095.0,3568.0,3763.0,4095.0,4095.0,4095.0,4095.0,-3.96,-3.67,-7.93,0.02,0.05,-0.07,1.0,thank-you
3618.0,4095.0,3573.0,3779.0,4095.0,4095.0,4095.0,4095.0,-3.99,-3.52,-7.96,-0.04,-0.06,-0.06,1.0,thank-you
3610.0,4095.0,3567.0,3766.0,4095.0,4095.0,4095.0,4095.0,-4.08,-3.52,-8.03,-0.06,0.02,-0.04,1.0,thank-you
3601.0,4095.0,3568.0,3789.0,4095.0,4095.0,4095.0,4095.0,-3.97,-3.41,-8.06,-0.16,0.07,-0.01,1.0,thank-you
3601.0,4095.0,3568.0,3771.0,4095.0,4095.0,4095.0,4095.0,-3.65,-3.51,-7.8,-0.09,-0.01,-0.11,1.0,thank-you
3628.0,4095.0,3686.0,3856.0,4095.0,4095.0,4095.0,4095.0,-3.27,8.27,3.67,0.22,-0.14,-0.17,1.0,thank-you
3619.0,4095.0,3724.0,3842.0,4095.0,4095.0,4095.0,4095.0,-3.84,7.86,1.84,1.34,-0.03,-0.55,1.0,thank-you
3606.0,4095.0,3714.0,3824.0,4095.0,4095.0,4095.0,4095.0,-5.34,8.16,-1.92,1.14,-0.12,-0.5,1.0,thank-you
3607.0,4095.0,3726.0,3805.0,4095.0,4095.0,4095.0,4095.0,-5.18,7.69,-1.96,0.84,0.34,-0.46,1.0,thank-you
3614.0,4095.0,3737.0,3792.0,4095.0,4095.0,4095.0,4095.0,-5.86,7.06,-2.75,0.82,0.49,-0.36,1.0,thank-you
3619.0,4095.0,3727.0,3762.0,4095.0,4095.0,4095.0,4095.0,-5.32,6.49,-3.65,1.21,-0.1,-0.56,1.0,thank-you
3616.0,4095.0,3719.0,3766.0,4095.0,4095.0,4095.0,4095.0,-6.23,5.04,-4.72,0.89,0.47,-0.54,1.0,thank-you
3613.0,4095.0,3728.0,3787.0,4095.0,4095.0,4095.0,4095.0,-6.4,3.52,-6.03,0.96,0.89,-0.57,1.0,thank-you
3612.0,4095.0,3719.0,3771.0,4095.0,4095.0,4095.0,4095.0,-5.14,3.85,-6.55,1.07,0.7,-0.59,1.0,thank-you
3619.0,4095.0,3719.0,3781.0,4095.0,4095.0,4095.0,4095.0,-5.8,2.29,-7.42,0.94,0.85,-0.72,1.0,thank-you
3607.0,4095.0,3719.0,3759.0,4095.0,4095.0,4095.0,4095.0,-5.82,1.13,-9.12,0.85,0.62,-0.67,1.0,thank-you
3617.0,4095.0,3703.0,3781.0,4095.0,4095.0,4095.0,4095.0,-5.61,0.02,-8.27,0.56,0.37,-0.53,1.0,thank-you
3615.0,4095.0,3727.0,3767.0,4095.0,4095.0,4095.0,4095.0,-4.72,-0.95,-7.5,0.6,0.3,-0.52,1.0,thank-you
3603.0,4095.0,3716.0,3779.0,4095.0,4095.0,4095.0,4095.0,-4.68,-1.77,-8.05,0.82,0.33,-0.67,1.0,thank-you
3618.0,4095.0,3719.0,3773.0,4095.0,4095.0,4095.0,4095.0,-4.81,-2.89,-8.79,0.72,0.4,-0.56,1.0,thank-you
3607.0,4095.0,3728.0,3783.0,4095.0,4095.0,4095.0,4095.0,-4.75,-3.68,-8.06,0.69,0.12,-0.41,1.0,thank-you
3618.0,4095.0,3738.0,3807.0,4095.0,4095.0,4095.0,4095.0,-4.37,-4.06,-8.6,0.38,0.08,-0.28,1.0,thank-you
3626.0,4095.0,3737.0,3811.0,4095.0,4095.0,4095.0,4095.0,-4.2,-4.49,-7.88,0.18,0.12,-0.17,1.0,thank-you
3607.0,4095.0,3734.0,3798.0,4095.0,4095.0,4095.0,4095.0,-3.92,-4.64,-7.69,0.11,0.11,-0.1,1.0,thank-you
3622.0,4095.0,3735.0,3822.0,4095.0,4095.0,4095.0,4095.0,-3.9,-4.58,-7.86,-0.05,0.01,-0.06,1.0,thank-you
3167.0,4095.0,1043.0,4095.0,4095.0,4095.0,4095.0,4095.0,-3.48,8.92,2.36,0.08,0.36,-0.05,1.0,thank-you
3152.0,4095.0,985.0,4095.0,4095.0,4095.0,4095.0,4095.0,-1.82,7.89,5.9,0.63,0.1,-0.11,1.0,thank-you
3161.0,4095.0,944.0,4095.0,4095.0,4095.0,4095.0,4095.0,-0.97,8.26,4.27,1.69,-0.57,-0.98,1.0,thank-you
3162.0,4095.0,926.0,4095.0,4095.0,4095.0,4095.0,4095.0,-3.61,6.5,0.31,2.17,0.4,-1.46,1.0,thank-you
3166.0,4095.0,914.0,3919.0,4095.0,4095.0,4095.0,4095.0,-5.17,5.88,-2.48,2.13,0.63,-1.38,1.0,thank-you
3165.0,4095.0,909.0,3775.0,4095.0,4095.0,4095.0,4095.0,-6.67,5.09,-5.84,1.89,0.38,-1.07,1.0,thank-you
3167.0,4095.0,899.0,3690.0,4095.0,4095.0,4095.0,4095.0,-5.21,3.67,-6.61,1.84,0.18,-0.95,1.0,thank-you
3165.0,4095.0,891.0,3731.0,4095.0,4095.0,4095.0,4095.0,-5.04,2.25,-8.2,1.4,0.85,-1.03,1.0,thank-you
3158.0,4095.0,883.0,3756.0,4095.0,4095.0,4095.0,4095.0,-5.54,0.25,-9.17,1.11,0.38,-0.88,1.0,thank-you
3162.0,4095.0,902.0,3794.0,4095.0,4095.0,4095.0,4095.0,-5.06,-0.63,-8.83,1.01,0.6,-0.77,1.0,thank-you
3157.0,4095.0,894.0,3799.0,4095.0,4095.0,4095.0,4095.0,-4.76,-2.19,-8.09,1.0,0.35,-0.6,1.0,thank-you
3166.0,4095.0,898.0,3809.0,4095.0,4095.0,4095.0,4095.0,-4.47,-3.02,-8.9,1.13,-0.09,-0.58,1.0,thank-you
3172.0,4095.0,901.0,3839.0,4095.0,4095.0,4095.0,4095.0,-4.34,-3.22,-9.39,0.62,0.15,-0.32,1.0,thank-you
3174.0,4095.0,902.0,3843.0,4095.0,4095.0,4095.0,4095.0,-4.57,-3.74,-8.62,0.2,0.14,-0.1,1.0,thank-you
3169.0,4095.0,911.0,3840.0,4095.0,4095.0,4095.0,4095.0,-3.83,-3.67,-7.69,0.04,0.05,0.02,1.0,thank-you
3163.0,4095.0,919.0,3839.0,4095.0,4095.0,4095.0,4095.0,-3.66,-4.25,-8.27,0.08,0.03,-0.01,1.0,thank-you
3152.0,4095.0,923.0,3833.0,4095.0,4095.0,4095.0,4095.0,-3.9,-4.16,-7.84,-0.16,0.06,0.12,1.0,thank-you
3184.0,4095.0,933.0,3857.0,4095.0,4095.0,4095.0,4095.0,-3.95,-3.79,-7.82,-0.14,0.04,0.13,1.0,thank-you
3206.0,4095.0,939.0,3854.0,4095.0,4095.0,4095.0,4095.0,-3.52,-3.63,-7.43,-0.08,0.18,0.03,1.0,thank-you
3222.0,4095.0,963.0,3874.0,4095.0,4095.0,4095.0,4095.0,-3.42,-3.89,-7.67,0.08,0.02,-0.07,1.0,thank-you
3344.0,4095.0,896.0,4095.0,4095.0,4095.0,4095.0,4095.0,-2.96,9.12,2.6,0.04,0.36,-0.14,1.0,thank-you
3357.0,4095.0,896.0,4079.0,4095.0,4095.0,4095.0,4095.0,-1.44,7.5,6.44,0.98,-0.18,-0.21,1.0,thank-you
3357.0,4095.0,901.0,4080.0,4095.0,4095.0,4095.0,4095.0,-2.22,7.28,2.01,1.87,-0.3,-1.07,1.0,thank-you
3376.0,4095.0,938.0,4055.0,4095.0,4095.0,4095.0,4095.0,-4.04,6.8,-0.45,1.97,0.08,-1.37,1.0,thank-you
3362.0,4095.0,1002.0,4023.0,4095.0,4095.0,4095.0,4095.0,-5.04,5.38,-2.49,2.27,0.28,-1.37,1.0,thank-you
3354.0,4095.0,1056.0,3991.0,4095.0,4095.0,4095.0,4095.0,-7.09,4.24,-7.45,1.82,0.01,-0.86,1.0,thank-you
3369.0,4095.0,1066.0,3997.0,4095.0,4095.0,4095.0,4095.0,-6.38,3.5,-8.09,1.16,0.38,-0.83,1.0,thank-you
3370.0,4095.0,1147.0,3984.0,4095.0,4095.0,4095.0,4095.0,-5.18,2.82,-7.13,1.05,0.36,-0.73,1.0,thank-you
3362.0,4095.0,1294.0,3975.0,4095.0,4095.0,4095.0,4095.0,-5.25,1.3,-6.94,1.06,0.15,-0.74,1.0,thank-you
3375.0,4095.0,1360.0,3989.0,4095.0,4095.0,4095.0,4095.0,-5.58,0.12,-8.22,1.07,0.24,-0.66,1.0,thank-you
3369.0,4095.0,1422.0,3993.0,4095.0,4095.0,4095.0,4095.0,-5.47,-0.89,-8.54,0.83,0.56,-0.65,1.0,thank-you
3365.0,4095.0,1499.0,3991.0,4095.0,4095.0,4095.0,4095.0,-5.01,-2.19,-8.38,0.76,0.35,-0.56,1.0,thank-you
3375.0,4095.0,1535.0,3999.0,4095.0,4095.0,4095.0,4095.0,-4.33,-2.97,-8.26,0.71,0.18,-0.52,1.0,thank-you
3363.0,4095.0,1594.0,3989.0,4095.0,4095.0,4095.0,4095.0,-4.25,-3.53,-8.75,0.59,0.04,-0.46,1.0,thank-you
3355.0,4095.0,1642.0,4004.0,4095.0,4095.0,4095.0,4095.0,-4.62,-3.84,-9.15,0.12,0.2,-0.21,1.0,thank-you
3366.0,4095.0,1710.0,4015.0,4095.0,4095.0,4095.0,4095.0,-4.15,-3.85,-8.14,-0.03,0.0,-0.02,1.0,thank-you
3347.0,4095.0,1774.0,4019.0,4095.0,4095.0,4095.0,4095.0,-3.51,-3.9,-7.93,-0.05,-0.14,-0.06,1.0,thank-you
3369.0,4095.0,1846.0,4027.0,4095.0,4095.0,4095.0,4095.0,-3.51,-3.95,-7.5,-0.13,-0.04,-0.05,1.0,thank-you
3358.0,4095.0,1901.0,4027.0,4095.0,4095.0,4095.0,4095.0,-3.6,-3.89,-7.8,-0.07,0.01,-0.04,1.0,thank-you
3355.0,4095.0,1926.0,4041.0,4095.0,4095.0,4095.0,4095.0,-3.55,-3.89,-7.69,-0.05,0.03,-0.07,1.0,thank-you
3021.0,4095.0,1281.0,4095.0,4095.0,4095.0,4095.0,4095.0,-1.78,8.19,5.15,0.25,-0.04,-0.18,1.0,thank-you
3006.0,4095.0,1312.0,4095.0,4095.0,4095.0,4095.0,4095.0,-1.18,8.36,5.78,1.29,-0.35,-0.73,1.0,thank-you
3006.0,4095.0,1326.0,4095.0,4095.0,4095.0,4095.0,4095.0,-2.06,7.16,1.38,2.09,0.23,-1.28,1.0,thank-you
3011.0,4095.0,1280.0,4095.0,4095.0,4095.0,4095.0,4095.0,-4.47,7.64,-2.06,1.98,0.69,-1.46,1.0,thank-you
3012.0,4095.0,1320.0,4095.0,4095.0,4095.0,4095.0,4095.0,-5.88,6.39,-4.26,1.57,0.88,-1.0,1.0,thank-you
3008.0,4095.0,1278.0,4095.0,4095.0,4095.0,4095.0,4095.0,-6.34,5.61,-6.16,0.7,1.67,-0.69,1.0,thank-you
3008.0,4095.0,1328.0,4095.0,4095.0,4095.0,4095.0,4095.0,-6.35,4.25,-6.28,0.46,1.76,-0.6,1.0,thank-you
3010.0,4095.0,1268.0,4095.0,4095.0,4095.0,4095.0,4095.0,-6.07,2.27,-7.82,0.98,1.67,-0.6,1.0,thank-you
3019.0,4095.0,1233.0,4095.0,4095.0,4095.0,4095.0,4095.0,-5.79,1.86,-7.82,0.58,1.55,-0.6,1.0,thank-you
3017.0,4095.0,1242.0,4095.0,4095.0,4095.0,4095.0,4095.0,-6.61,-0.14,-8.01,0.93,0.74,-0.61,1.0,thank-you
3018.0,4095.0,1303.0,4095.0,4095.0,4095.0,4095.0,4095.0,-5.33,-1.37,-7.87,1.0,0.56,-0.72,1.0,thank-you
3023.0,4095.0,1360.0,4095.0,4095.0,4095.0,4095.0,4095.0,-4.43,-2.48,-8.29,1.05,0.14,-0.68,1.0,thank-you
3015.0,4095.0,1390.0,4095.0,4095.0,4095.0,4095.0,4095.0,-4.64,-3.58,-8.81,0.76,0.36,-0.61,1.0,thank-you
3024.0,4095.0,1409.0,4095.0,4095.0,4095.0,4095.0,4095.0,-4.22,-4.19,-7.74,0.62,-0.06,-0.48,1.0,thank-you
3023.0,4095.0,1443.0,4095.0,4095.0,4095.0,4095.0,4095.0,-3.81,-4.96,-7.6,0.67,0.07,-0.51,1.0,thank-you
3014.0,4095.0,1472.0,4095.0,4095.0,4095.0,4095.0,4095.0,-4.07,-5.34,-8.24,0.43,-0.05,-0.37,1.0,thank-you
3013.0,4095.0,1484.0,4095.0,4095.0,4095.0,4095.0,4095.0,-4.39,-5.26,-8.38,-0.03,-0.03,-0.06,1.0,thank-you
3027.0,4095.0,1489.0,4095.0,4095.0,4095.0,4095.0,4095.0,-3.69,-5.33,-7.36,-0.21,-0.03,0.1,1.0,thank-you
3021.0,4095.0,1501.0,4095.0,4095.0,4095.0,4095.0,4095.0,-3.01,-5.29,-6.36,-0.13,-0.17,-0.01,1.0,thank-you
3023.0,4095.0,1501.0,4095.0,4095.0,4095.0,4095.0,4095.0,-3.11,-5.38,-6.69,0.02,-0.03,-0.09,1.0,thank-you
3027.0,4095.0,1063.0,4091.0,4095.0,4095.0,4095.0,4095.0,-3.02,8.87,3.12,-0.04,0.07,-0.02,1.0,thank-you
3041.0,4095.0,1154.0,4095.0,4095.0,4095.0,4095.0,4095.0,-1.96,7.28,6.16,0.62,-0.19,-0.27,1.0,thank-you
3038.0,4095.0,1254.0,4095.0,4095.0,4095.0,4095.0,4095.0,-1.72,8.44,2.59,1.87,-0.13,-1.39,1.0,thank-you
3043.0,4095.0,1266.0,4078.0,4095.0,4095.0,4095.0,4095.0,-4.91,7.15,-0.82,1.77,-0.18,-1.51,1.0,thank-you
3052.0,4095.0,1327.0,4000.0,4095.0,4095.0,4095.0,4095.0,-7.31,6.38,-3.47,1.33,0.81,-0.95,1.0,thank-you
3041.0,4095.0,1353.0,3804.0,4095.0,4095.0,4095.0,4095.0,-8.17,5.66,-6.56,0.35,2.4,0.11,1.0,thank-you
3030.0,4095.0,1390.0,3775.0,4095.0,4095.0,4095.0,4095.0,-4.52,5.29,-4.07,0.99,0.16,-0.2,1.0,thank-you
3034.0,4095.0,1397.0,3840.0,4095.0,4095.0,4095.0,4095.0,-3.91,3.77,-5.82,1.45,1.23,-0.83,1.0,thank-you
3038.0,4095.0,1387.0,3824.0,4095.0,4095.0,4095.0,4095.0,-5.71,2.34,-6.94,1.57,-0.82,-0.76,1.0,thank-you
3045.0,4095.0,1383.0,3822.0,4095.0,4095.0,4095.0,4095.0,-5.75,0.88,-7.13,1.37,-0.36,-0.67,1.0,thank-you
3054.0,4095.0,1455.0,3841.0,4095.0,4095.0,4095.0,4095.0,-4.7,-0.54,-7.78,1.25,0.79,-0.81,1.0,thank-you
3041.0,4095.0,1554.0,3853.0,4095.0,4095.0,4095.0,4095.0,-5.32,-2.37,-8.79,1.12,0.71,-0.8,1.0,thank-you
3052.0,4095.0,1590.0,3843.0,4095.0,4095.0,4095.0,4095.0,-4.66,-3.22,-8.78,0.83,0.47,-0.75,1.0,thank-you
3047.0,4095.0,1602.0,3854.0,4095.0,4095.0,4095.0,4095.0,-3.91,-4.12,-8.34,0.8,0.08,-0.63,1.0,thank-you
3043.0,4095.0,1650.0,3871.0,4095.0,4095.0,4095.0,4095.0,-4.18,-5.14,-8.08,0.6,0.1,-0.54,1.0,thank-you
3047.0,4095.0,1710.0,3915.0,4095.0,4095.0,4095.0,4095.0,-3.79,-5.53,-8.02,0.4,0.16,-0.39,1.0,thank-you
3045.0,4095.0,1741.0,3931.0,4095.0,4095.0,4095.0,4095.0,-3.39,-5.71,-7.56,0.2,-0.01,-0.19,1.0,thank-you
3043.0,4095.0,1750.0,3943.0,4095.0,4095.0,4095.0,4095.0,-3.4,-5.86,-7.36,-0.1,0.04,-0.04,1.0,thank-you
3041.0,4095.0,1755.0,3950.0,4095.0,4095.0,4095.0,4095.0,-3.18,-5.85,-6.87,-0.19,0.07,0.03,1.0,thank-you
3045.0,4095.0,1763.0,3937.0,4095.0,4095.0,4095.0,4095.0,-3.11,-5.81,-6.99,-0.18,0.02,0.06,1.0,thank-you
3051.0,4095.0,1334.0,3843.0,4095.0,4095.0,4095.0,4095.0,-2.27,8.72,3.43,0.08,0.16,-0.17,1.0,thank-you
3041.0,4095.0,1397.0,3817.0,4095.0,4095.0,4095.0,4095.0,-1.95,7.88,4.69,0.86,-0.03,-0.67,1.0,thank-you
3056.0,4095.0,1808.0,3815.0,4095.0,4095.0,4095.0,4095.0,-3.46,8.09,1.81,1.53,0.09,-1.13,1.0,thank-you
3056.0,4095.0,1783.0,3808.0,4095.0,4095.0,4095.0,4095.0,-4.38,7.4,-0.42,1.82,-0.01,-1.03,1.0,thank-you
3056.0,4095.0,1461.0,3798.0,4095.0,4095.0,4095.0,4095.0,-5.66,6.54,-3.48,1.54,0.71,-1.05,1.0,thank-you
3050.0,4095.0,1520.0,3792.0,4095.0,4095.0,4095.0,4095.0,-5.55,5.41,-4.37,1.45,0.85,-1.03,1.0,thank-you
3057.0,4095.0,1535.0,3783.0,4095.0,4095.0,4095.0,4095.0,-6.37,3.29,-4.9,1.54,0.64,-1.0,1.0,thank-you
3046.0,4095.0,1535.0,3792.0,4095.0,4095.0,4095.0,4095.0,-6.7,1.56,-6.76,1.3,0.64,-0.8,1.0,thank-you
3049.0,4095.0,1567.0,3824.0,4095.0,4095.0,4095.0,4095.0,-5.76,-0.11,-7.33,1.68,-0.15,-1.11,1.0,thank-you
3053.0,4095.0,1606.0,3819.0,4095.0,4095.0,4095.0,4095.0,-7.76,-2.45,-8.06,1.73,-0.65,-0.89,1.0,thank-you
3047.0,4095.0,1601.0,3819.0,4095.0,4095.0,4095.0,4095.0,-5.92,-2.06,-9.14,0.7,1.0,-0.68,1.0,thank-you
3046.0,4095.0,1638.0,3846.0,4095.0,4095.0,4095.0,4095.0,-5.45,-3.64,-8.77,0.61,0.49,-0.63,1.0,thank-you
3046.0,4095.0,1657.0,3847.0,4095.0,4095.0,4095.0,4095.0,-5.16,-3.79,-8.47,0.33,0.06,-0.34,1.0,thank-you
3053.0,4095.0,1680.0,3858.0,4095.0,4095.0,4095.0,4095.0,-4.37,-4.18,-7.41,0.27,0.13,-0.25,1.0,thank-you
3045.0,4095.0,1712.0,3871.0,4095.0,4095.0,4095.0,4095.0,-3.92,-4.63,-7.34,0.38,-0.1,-0.3,1.0,thank-you
3050.0,4095.0,1727.0,3851.0,4095.0,4095.0,4095.0,4095.0,-3.94,-4.95,-7.29,0.32,0.05,-0.21,1.0,thank-you
3051.0,4095.0,1737.0,3854.0,4095.0,4095.0,4095.0,4095.0,-3.95,-5.11,-7.49,0.18,0.06,-0.17,1.0,thank-you
3056.0,4095.0,1753.0,3859.0,4095.0,4095.0,4095.0,4095.0,-3.93,-5.27,-7.07,0.03,0.08,-0.13,1.0,thank-you
3046.0,4095.0,1760.0,3856.0,4095.0,4095.0,4095.0,4095.0,-3.78,-5.51,-6.81,0.05,0.01,-0.1,1.0,thank-you
3056.0,4095.0,1781.0,3851.0,4095.0,4095.0,4095.0,4095.0,-3.81,-5.46,-7.34,-0.09,0.12,-0.03,1.0,thank-you
3046.0,4095.0,1867.0,3919.0,4095.0,4095.0,4095.0,4095.0,-2.92,8.28,3.17,-0.1,0.36,-0.03,1.0,thank-you
3046.0,4095.0,1894.0,3876.0,4095.0,4095.0,4095.0,4095.0,-2.55,5.89,7.24,1.3,-0.11,-0.31,1.0,thank-you
3043.0,4095.0,1875.0,3819.0,4095.0,4095.0,4095.0,4095.0,-2.83,7.18,0.7,2.14,0.59,-1.43,1.0,thank-you
3051.0,4095.0,1927.0,3824.0,4095.0,4095.0,4095.0,4095.0,-5.73,7.37,-3.21,1.71,0.64,-1.25,1.0,thank-you
3057.0,4095.0,2000.0,3837.0,4095.0,4095.0,4095.0,4095.0,-6.79,5.68,-4.42,1.5,0.82,-0.74,1.0,thank-you
3057.0,4095.0,2003.0,3846.0,4095.0,4095.0,4095.0,4095.0,-7.2,4.37,-5.56,1.45,0.95,-0.38,1.0,thank-you
3055.0,4095.0,1999.0,3844.0,4095.0,4095.0,4095.0,4095.0,-6.51,3.4,-6.48,1.39,0.42,-0.47,1.0,thank-you
3049.0,4095.0,1981.0,3859.0,4095.0,4095.0,4095.0,4095.0,-5.66,3.02,-7.44,1.02,0.14,-0.51,1.0,thank-you
3055.0,4095.0,1983.0,3831.0,4095.0,4095.0,4095.0,4095.0,-5.76,1.67,-6.6,0.98,0.31,-0.63,1.0,thank-you
3053.0,4095.0,2001.0,3851.0,4095.0,4095.0,4095.0,4095.0,-6.24,0.27,-8.0,1.02,0.61,-0.6,1.0,thank-you
3051.0,4095.0,2007.0,3835.0,4095.0,4095.0,4095.0,4095.0,-5.54,-0.83,-8.65,0.98,0.45,-0.57,1.0,thank-you
3040.0,4095.0,2045.0,3787.0,4095.0,4095.0,4095.0,4095.0,-4.81,-1.64,-8.18,0.95,-0.08,-0.61,1.0,thank-you
3054.0,4095.0,2103.0,3824.0,4095.0,4095.0,4095.0,4095.0,-4.38,-2.81,-8.21,0.84,0.73,-0.52,1.0,thank-you
3042.0,4095.0,2129.0,3834.0,4095.0,4095.0,4095.0,4095.0,-4.08,-4.0,-8.7,0.59,0.5,-0.58,1.0,thank-you
3042.0,4095.0,2188.0,3850.0,4095.0,4095.0,4095.0,4095.0,-3.91,-4.36,-8.42,0.65,0.36,-0.47,1.0,thank-you
3045.0,4095.0,2198.0,3853.0,4095.0,4095.0,4095.0,4095.0,-3.19,-5.06,-8.25,0.37,-0.03,-0.33,1.0,thank-you
3051.0,4095.0,2226.0,3863.0,4095.0,4095.0,4095.0,4095.0,-3.46,-5.5,-7.5,0.27,-0.11,-0.28,1.0,thank-you
3042.0,4095.0,2243.0,3888.0,4095.0,4095.0,4095.0,4095.0,-3.47,-5.54,-7.67,0.07,-0.03,-0.1,1.0,thank-you
3047.0,4095.0,2262.0,3873.0,4095.0,4095.0,4095.0,4095.0,-3.58,-5.52,-7.64,-0.04,0.04,0.05,1.0,thank-you
3046.0,4095.0,2267.0,3886.0,4095.0,4095.0,4095.0,4095.0,-3.06,-5.32,-7.2,-0.19,0.05,0.11,1.0,thank-you
0.07,0.04,-0.07,1.0,thank-you
3056.0,4095.0,911.0,3966.0,4095.0,4095.0,4095.0,4095.0,-1.52,8.24,5.04,0.76,-0.21,-0.43,1.0,thank-you
3059.0,4095.0,910.0,3957.0,4095.0,4095.0,4095.0,4095.0,-2.81,8.69,2.77,1.14,-0.09,-0.7,1.0,thank-you
3058.0,4095.0,899.0,3963.0,4095.0,4095.0,4095.0,4095.0,-2.71,8.15,1.9,1.3,0.04,-0.88,1.0,thank-you
3066.0,4095.0,909.0,3959.0,4095.0,4095.0,4095.0,4095.0,-3.9,7.61,-0.54,1.89,0.39,-1.2,1.0,thank-you
3055.0,4095.0,891.0,3966.0,4095.0,4095.0,4095.0,4095.0,-5.68,7.38,-3.3,1.81,0.76,-0.85,1.0,thank-you
3056.0,4095.0,890.0,3926.0,4095.0,4095.0,4095.0,4095.0,-5.09,6.07,-5.29,1.6,0.93,-0.71,1.0,thank-you
3056.0,4095.0,883.0,3919.0,4095.0,4095.0,4095.0,4095.0,-4.89,4.73,-7.4,1.4,1.16,-0.85,1.0,thank-you
3054.0,4095.0,890.0,3931.0,4095.0,4095.0,4095.0,4095.0,-5.2,3.15,-7.42,1.29,0.4,-0.87,1.0,thank-you
3045.0,4095.0,889.0,3927.0,4095.0,4095.0,4095.0,4095.0,-5.61,1.7,-8.11,0.93,0.86,-0.84,1.0,thank-you
3053.0,4095.0,893.0,3920.0,4095.0,4095.0,4095.0,4095.0,-5.45,0.65,-8.67,0.84,0.74,-0.76,1.0,thank-you
3046.0,4095.0,890.0,3903.0,4095.0,4095.0,4095.0,4095.0,-5.05,-0.85,-8.55,0.84,0.79,-0.76,1.0,thank-you
3056.0,4095.0,886.0,3919.0,4095.0,4095.0,4095.0,4095.0,-4.48,-1.69,-8.13,0.8,0.23,-0.74,1.0,thank-you
3065.0,4095.0,891.0,3923.0,4095.0,4095.0,4095.0,4095.0,-4.28,-3.1,-8.48,0.94,0.0,-0.71,1.0,thank-you
3049.0,4095.0,899.0,3939.0,4095.0,4095.0,4095.0,4095.0,-3.92,-4.05,-8.46,0.69,0.15,-0.63,1.0,thank-you
3056.0,4095.0,905.0,3952.0,4095.0,4095.0,4095.0,4095.0,-3.73,-4.77,-7.95,0.51,0.22,-0.57,1.0,thank-you
3045.0,4095.0,914.0,3939.0,4095.0,4095.0,4095.0,4095.0,-3.52,-4.94,-8.04,0.42,0.09,-0.41,1.0,thank-you
3055.0,4095.0,912.0,3969.0,4095.0,4095.0,4095.0,4095.0,-3.41,-5.27,-7.55,0.31,0.27,-0.19,1.0,thank-you
3052.0,4095.0,914.0,3963.0,4095.0,4095.0,4095.0,4095.0,-3.33,-5.7,-7.63,0.11,0.02,-0.17,1.0,thank-you
3066.0,4095.0,913.0,3954.0,4095.0,4095.0,4095.0,4095.0,-3.04,-5.79,-7.28,-0.03,0.08,-0.05,1.0,thank-you
3058.0,4095.0,910.0,3815.0,4095.0,4095.0,4095.0,4095.0,-2.43,8.94,3.21,-0.04,0.16,0.04,1.0,thank-you
3056.0,4095.0,912.0,3782.0,4095.0,4095.0,4095.0,4095.0,-1.76,6.94,6.36,1.02,-0.62,-0.33,1.0,thank-you
3057.0,4095.0,919.0,3729.0,4095.0,4095.0,4095.0,4095.0,-2.52,7.65,2.82,2.02,-0.62,-1.22,1.0,thank-you
3062.0,4095.0,912.0,3713.0,4095.0,4095.0,4095.0,4095.0,-4.95,6.68,-0.65,2.07,-0.19,-1.49,1.0,thank-you
3056.0,4095.0,915.0,3713.0,4095.0,4095.0,4095.0,4095.0,-6.05,5.77,-3.3,1.8,0.27,-1.32,1.0,thank-you
3056.0,4095.0,916.0,3619.0,4095.0,4095.0,4095.0,4095.0,-7.39,4.53,-5.64,1.47,0.49,-1.05,1.0,thank-you
3059.0,4095.0,912.0,3646.0,4095.0,4095.0,4095.0,4095.0,-6.94,3.94,-6.37,1.31,0.05,-0.81,1.0,thank-you
3067.0,4095.0,923.0,3658.0,4095.0,4095.0,4095.0,4095.0,-6.62,2.24,-4.61,1.37,-0.22,-1.29,1.0,thank-you
3067.0,4095.0,912.0,3649.0,4095.0,4095.0,4095.0,4095.0,-8.22,0.47,-7.29,0.89,0.67,-0.85,1.0,thank-you
3065.0,4095.0,919.0,3677.0,4095.0,4095.0,4095.0,4095.0,-6.72,-0.44,-5.87,0.72,0.27,-0.78,1.0,thank-you
3071.0,4095.0,905.0,3665.0,4095.0,4095.0,4095.0,4095.0,-5.8,-1.19,-6.2,0.92,0.11,-0.94,1.0,thank-you
3067.0,4095.0,919.0,3648.0,4095.0,4095.0,4095.0,4095.0,-5.95,-2.6,-7.08,0.98,0.44,-1.08,1.0,thank-you
3067.0,4095.0,918.0,3671.0,4095.0,4095.0,4095.0,4095.0,-5.81,-3.89,-7.25,0.69,0.65,-0.79,1.0,thank-you
3056.0,4095.0,923.0,3671.0,4095.0,4095.0,4095.0,4095.0,-5.74,-4.78,-7.63,0.66,0.43,-0.65,1.0,thank-you
3070.0,4095.0,918.0,3696.0,4095.0,4095.0,4095.0,4095.0,-4.58,-5.4,-6.81,0.46,0.36,-0.67,1.0,thank-you
3055.0,4095.0,929.0,3701.0,4095.0,4095.0,4095.0,4095.0,-4.22,-5.83,-7.16,0.47,-0.2,-0.59,1.0,thank-you
3057.0,4095.0,943.0,3723.0,4095.0,4095.0,4095.0,4095.0,-4.14,-5.87,-7.48,0.14,0.15,-0.18,1.0,thank-you
3059.0,4095.0,944.0,3715.0,4095.0,4095.0,4095.0,4095.0,-4.6,-6.02,-8.34,-0.27,0.12,0.19,1.0,thank-you
3056.0,4095.0,944.0,3725.0,4095.0,4095.0,4095.0,4095.0,-4.04,-5.89,-7.37,-0.78,0.09,0.5,1.0,thank-you
3053.0,4095.0,943.0,3713.0,4095.0,4095.0,4095.0,4095.0,-3.68,-4.88,-6.09,-0.65,0.05,0.31,1.0,thank-you
3057.0,4095.0,954.0,3583.0,4095.0,4095.0,4095.0,4095.0,-2.89,9.17,2.54,-0.06,0.07,-0.03,1.0,thank-you
3062.0,4095.0,960.0,3583.0,4095.0,4095.0,4095.0,4095.0,-2.53,8.94,3.35,0.11,-0.0,-0.09,1.0,thank-you
3065.0,4095.0,960.0,3583.0,4095.0,4095.0,4095.0,4095.0,-2.78,8.76,3.57,0.56,-0.27,-0.23,1.0,thank-you
3059.0,4095.0,959.0,3562.0,4095.0,4095.0,4095.0,4095.0,-2.77,8.38,2.96,1.0,-0.49,-0.69,1.0,thank-you
3055.0,4095.0,962.0,3570.0,4095.0,4095.0,4095.0,4095.0,-4.01,8.76,0.71,1.28,-0.19,-0.72,1.0,thank-you
3068.0,4095.0,961.0,3574.0,4095.0,4095.0,4095.0,4095.0,-4.1,8.44,-0.7,1.26,-0.06,-0.73,1.0,thank-you
3063.0,4095.0,958.0,3567.0,4095.0,4095.0,4095.0,4095.0,-5.32,7.73,-2.15,0.95,0.52,-0.75,1.0,thank-you
3067.0,4095.0,947.0,3559.0,4095.0,4095.0,4095.0,4095.0,-4.71,6.62,-1.86,1.25,-0.24,-0.84,1.0,thank-you
3069.0,4095.0,945.0,3562.0,4095.0,4095.0,4095.0,4095.0,-5.31,5.38,-3.06,1.44,0.13,-0.81,1.0,thank-you
3069.0,4095.0,944.0,3558.0,4095.0,4095.0,4095.0,4095.0,-5.79,4.42,-5.39,1.57,0.68,-0.77,1.0,thank-you
3059.0,4095.0,942.0,3551.0,4095.0,4095.0,4095.0,4095.0,-5.83,2.42,-6.81,1.58,0.94,-0.9,1.0,thank-you
3059.0,4095.0,951.0,3542.0,4095.0,4095.0,4095.0,4095.0,-5.76,0.72,-8.13,1.23,1.33,-1.29,1.0,thank-you
3070.0,4095.0,1022.0,3568.0,4095.0,4095.0,4095.0,4095.0,-6.09,-1.45,-9.21,1.39,0.95,-1.09,1.0,thank-you
3066.0,4095.0,1176.0,3573.0,4095.0,4095.0,4095.0,4095.0,-4.45,-2.5,-9.05,1.22,0.19,-0.74,1.0,thank-you
3063.0,4095.0,1174.0,3579.0,4095.0,4095.0,4095.0,4095.0,-4.08,-3.96,-7.97,1.48,1.13,-0.62,1.0,thank-you
3071.0,4095.0,1183.0,3583.0,4095.0,4095.0,4095.0,4095.0,-3.71,-5.36,-8.6,1.08,0.12,-0.64,1.0,thank-you
3069.0,4095.0,1216.0,3578.0,4095.0,4095.0,4095.0,4095.0,-3.71,-5.59,-8.52,0.48,0.14,-0.38,1.0,thank-you
3067.0,4095.0,1232.0,3583.0,4095.0,4095.0,4095.0,4095.0,-3.23,-5.91,-7.54,0.28,0.24,-0.18,1.0,thank-you
3056.0,4095.0,1239.0,3583.0,4095.0,4095.0,4095.0,4095.0,-3.0,-6.0,-7.23,0.18,-0.02,-0.17,1.0,thank-you
3061.0,4095.0,1259.0,3600.0,4095.0,4095.0,4095.0,4095.0,-3.08,-6.3,-7.45,0.06,-0.03,-0.11,1.0,thank-you
3045.0,4095.0,912.0,3645.0,4095.0,4095.0,4095.0,4095.0,-2.4,8.46,3.76,0.06,0.07,-0.06,1.0,thank-you
3041.0,4095.0,907.0,3636.0,4095.0,4095.0,4095.0,4095.0,-1.15,7.73,5.56,0.87,-0.35,-0.44,1.0,thank-you
3053.0,4095.0,905.0,3627.0,4095.0,4095.0,4095.0,4095.0,-2.06,8.03,2.54,1.63,-0.06,-1.14,1.0,thank-you
3047.0,4095.0,910.0,3616.0,4095.0,4095.0,4095.0,4095.0,-4.33,7.47,0.13,1.64,0.52,-1.11,1.0,thank-you
3059.0,4095.0,898.0,3617.0,4095.0,4095.0,4095.0,4095.0,-5.1,6.7,-1.97,1.67,0.52,-1.08,1.0,thank-you
3053.0,4095.0,906.0,3621.0,4095.0,4095.0,4095.0,4095.0,-5.7,5.73,-4.63,1.68,0.5,-1.03,1.0,thank-you
3047.0,4095.0,896.0,3601.0,4095.0,4095.0,4095.0,4095.0,-6.08,4.54,-6.25,1.6,0.24,-0.88,1.0,thank-you
3052.0,4095.0,899.0,3601.0,4095.0,4095.0,4095.0,4095.0,-6.2,3.24,-7.75,1.51,0.21,-0.88,1.0,thank-you
3057.0,4095.0,906.0,3614.0,4095.0,4095.0,4095.0,4095.0,-5.52,2.01,-7.94,1.28,0.3,-0.89,1.0,thank-you
3056.0,4095.0,901.0,3583.0,4095.0,4095.0,4095.0,4095.0,-5.42,0.72,-7.93,1.2,0.37,-0.9,1.0,thank-you
3049.0,4095.0,903.0,3600.0,4095.0,4095.0,4095.0,4095.0,-5.47,-0.85,-9.08,1.05,0.19,-0.83,1.0,thank-you
3050.0,4095.0,906.0,3600.0,4095.0,4095.0,4095.0,4095.0,-4.33,-1.7,-8.39,0.91,0.25,-0.78,1.0,thank-you
3055.0,4095.0,896.0,3600.0,4095.0,4095.0,4095.0,4095.0,-4.46,-3.25,-8.37,0.85,0.44,-0.67,1.0,thank-you
3051.0,4095.0,909.0,3615.0,4095.0,4095.0,4095.0,4095.0,-3.95,-4.22,-8.23,0.8,0.12,-0.62,1.0,thank-you
3037.0,4095.0,910.0,3607.0,4095.0,4095.0,4095.0,4095.0,-3.87,-4.94,-7.86,0.77,0.32,-0.46,1.0,thank-you
3043.0,4095.0,915.0,3600.0,4095.0,4095.0,4095.0,4095.0,-3.59,-5.36,-8.05,0.42,0.11,-0.35,1.0,thank-you
3054.0,4095.0,943.0,3626.0,4095.0,4095.0,4095.0,4095.0,-3.96,-5.51,-8.48,0.11,-0.06,-0.17,1.0,thank-you
3045.0,4095.0,938.0,3631.0,4095.0,4095.0,4095.0,4095.0,-3.39,-5.54,-7.71,-0.13,-0.04,0.03,1.0,thank-you
3045.0,4095.0,944.0,3621.0,4095.0,4095.0,4095.0,4095.0,-2.8,-5.49,-7.24,-0.27,-0.14,0.09,1.0,thank-you
3055.0,4095.0,944.0,3632.0,4095.0,4095.0,4095.0,4095.0,-2.67,-5.18,-7.11,-0.23,-0.02,0.02,1.0,thank-you
3041.0,4095.0,1066.0,3479.0,4095.0,4095.0,4095.0,4095.0,-2.69,8.56,4.31,0.2,0.01,-0.15,1.0,thank-you
3043.0,4095.0,1042.0,3463.0,4095.0,4095.0,4095.0,4095.0,-3.14,8.5,3.64,0.63,-0.09,-0.22,1.0,thank-you
3041.0,4095.0,1023.0,3439.0,4095.0,4095.0,4095.0,4095.0,-3.1,8.3,2.68,1.0,-0.17,-0.57,1.0,thank-you
3039.0,4095.0,1009.0,3398.0,4095.0,4095.0,4095.0,4095.0,-3.79,8.28,0.88,1.22,0.14,-0.73,1.0,thank-you
3051.0,4095.0,995.0,3419.0,4095.0,4095.0,4095.0,4095.0,-4.56,7.74,-0.99,1.24,0.3,-0.66,1.0,thank-you
3051.0,4095.0,979.0,3440.0,4095.0,4095.0,4095.0,4095.0,-5.63,7.27,-3.13,1.27,0.42,-0.59,1.0,thank-you
3043.0,4095.0,975.0,3443.0,4095.0,4095.0,4095.0,4095.0,-5.01,7.11,-3.4,1.12,0.2,-0.61,1.0,thank-you
3051.0,4095.0,973.0,3451.0,4095.0,4095.0,4095.0,4095.0,-5.37,5.83,-3.99,1.24,0.11,-0.83,1.0,thank-you
3047.0,4095.0,961.0,3450.0,4095.0,4095.0,4095.0,4095.0,-6.56,4.42,-6.17,1.11,0.62,-0.73,1.0,thank-you
3053.0,4095.0,950.0,3453.0,4095.0,4095.0,4095.0,4095.0,-6.57,3.33,-7.36,0.71,0.97,-0.46,1.0,thank-you
3038.0,4095.0,950.0,3447.0,4095.0,4095.0,4095.0,4095.0,-5.96,2.97,-7.16,0.68,0.68,-0.53,1.0,thank-you
3047.0,4095.0,956.0,3445.0,4095.0,4095.0,4095.0,4095.0,-5.55,1.63,-6.97,0.81,0.55,-0.65,1.0,thank-you
3055.0,4095.0,953.0,3349.0,4095.0,4095.0,4095.0,4095.0,-5.45,0.09,-7.59,1.02,0.35,-0.73,1.0,thank-you
3051.0,4095.0,954.0,3392.0,4095.0,4095.0,4095.0,4095.0,-5.28,-1.02,-8.83,0.82,0.87,-0.55,1.0,thank-you
3055.0,4095.0,967.0,3410.0,4095.0,4095.0,4095.0,4095.0,-5.02,-2.21,-8.31,0.78,0.33,-0.71,1.0,thank-you
3043.0,4095.0,974.0,3417.0,4095.0,4095.0,4095.0,4095.0,-4.62,-3.07,-8.3,0.6,0.33,-0.56,1.0,thank-you
3053.0,4095.0,1001.0,3417.0,4095.0,4095.0,4095.0,4095.0,-4.46,-3.79,-8.97,0.38,0.68,-0.44,1.0,thank-you
3045.0,4095.0,2819.0,3408.0,4095.0,4095.0,4095.0,4095.0,-4.47,-3.98,-8.63,0.26,0.31,-0.15,1.0,thank-you
3048.0,4095.0,2783.0,3417.0,4095.0,4095.0,4095.0,4095.0,-3.69,-4.27,-8.33,0.12,-0.03,-0.08,1.0,thank-you
3039.0,4095.0,2606.0,3415.0,4095.0,4095.0,4095.0,4095.0,-3.48,-4.19,-8.61,-0.14,-0.15,0.12,1.0,thank-you
3041.0,4095.0,1689.0,3583.0,4095.0,4095.0,4095.0,4095.0,-2.87,8.51,3.71,-0.05,-0.04,0.13,1.0,thank-you
3050.0,4095.0,1693.0,3571.0,4095.0,4095.0,4095.0,4095.0,-1.02,7.43,5.87,0.7,-0.43,-0.27,1.0,thank-you
3043.0,4095.0,1706.0,3559.0,4095.0,4095.0,4095.0,4095.0,-1.74,8.8,2.74,1.58,-0.1,-1.09,1.0,thank-you
3056.0,4095.0,1744.0,3558.0,4095.0,4095.0,4095.0,4095.0,-4.54,7.9,0.1,1.45,0.52,-0.91,1.0,thank-you
3047.0,4095.0,1766.0,3542.0,4095.0,4095.0,4095.0,4095.0,-5.02,7.33,-1.76,1.48,0.69,-0.64,1.0,thank-you
3042.0,4095.0,1728.0,3521.0,4095.0,4095.0,4095.0,4095.0,-5.99,6.75,-4.12,1.22,0.8,-0.37,1.0,thank-you
3050.0,4095.0,1733.0,3525.0,4095.0,4095.0,4095.0,4095.0,-4.72,5.94,-4.55,0.96,0.47,-0.55,1.0,thank-you
3055.0,4095.0,1744.0,3571.0,4095.0,4095.0,4095.0,4095.0,-5.78,4.81,-6.12,1.04,0.83,-0.6,1.0,thank-you
3056.0,4095.0,1713.0,3568.0,4095.0,4095.0,4095.0,4095.0,-5.45,3.79,-7.38,1.04,1.15,-0.59,1.0,thank-you
3055.0,4095.0,1693.0,3568.0,4095.0,4095.0,4095.0,4095.0,-5.75,2.13,-7.91,1.02,1.04,-0.6,1.0,thank-you
3051.0,4095.0,1713.0,3563.0,4095.0,4095.0,4095.0,4095.0,-5.63,1.27,-8.96,1.0,0.92,-0.59,1.0,thank-you
3053.0,4095.0,1703.0,3567.0,4095.0,4095.0,4095.0,4095.0,-5.04,0.09,-9.17,0.84,0.71,-0.53,1.0,thank-you
3057.0,4095.0,1727.0,3558.0,4095.0,4095.0,4095.0,4095.0,-5.0,-1.17,-8.93,0.58,0.54,-0.46,1.0,thank-you
3049.0,4095.0,1709.0,3518.0,4095.0,4095.0,4095.0,4095.0,-5.33,-2.42,-9.08,0.84,-0.52,-0.32,1.0,thank-you
3055.0,4095.0,1687.0,3499.0,4095.0,4095.0,4095.0,4095.0,-4.57,-2.38,-7.69,0.56,-0.04,-0.4,1.0,thank-you
3055.0,4095.0,1680.0,3501.0,4095.0,4095.0,4095.0,4095.0,-4.43,-3.27,-7.75,0.59,-0.05,-0.51,1.0,thank-you
3056.0,4095.0,1657.0,3513.0,4095.0,4095.0,4095.0,4095.0,-3.88,-3.65,-8.52,0.4,0.74,-0.47,1.0,thank-you
3056.0,4095.0,1661.0,3511.0,4095.0,4095.0,4095.0,4095.0,-4.61,-3.89,-10.08,-0.07,0.14,-0.01,1.0,thank-you
3055.0,4095.0,1670.0,3519.0,4095.0,4095.0,4095.0,4095.0,-4.06,-3.86,-8.31,-0.46,-0.17,0.16,1.0,thank-you
3051.0,4095.0,1665.0,3505.0,4095.0,4095.0,4095.0,4095.0,-4.22,-3.67,-7.14,-0.24,0.23,0.15,1.0,thank-you
3034.0,4095.0,913.0,3654.0,4095.0,4095.0,4095.0,4095.0,-2.58,7.91,4.56,0.13,-0.06,-0.07,1.0,thank-you
3024.0,4095.0,917.0,3578.0,4095.0,4095.0,4095.0,4095.0,-1.42,6.89,5.95,1.27,-0.2,-0.5,1.0,thank-you
3045.0,4095.0,912.0,3559.0,4095.0,4095.0,4095.0,4095.0,-3.28,7.5,1.98,1.95,0.35,-1.23,1.0,thank-you
3027.0,4095.0,901.0,3570.0,4095.0,4095.0,4095.0,4095.0,-5.71,7.34,-1.73,2.01,0.66,-1.1,1.0,thank-you
3036.0,4095.0,890.0,3549.0,4095.0,4095.0,4095.0,4095.0,-5.78,6.41,-4.39,1.98,0.78,-0.92,1.0,thank-you
3037.0,4095.0,881.0,3549.0,4095.0,4095.0,4095.0,4095.0,-5.87,5.2,-5.39,1.64,0.43,-0.78,1.0,thank-you
3039.0,4095.0,883.0,3573.0,4095.0,4095.0,4095.0,4095.0,-6.37,3.63,-6.05,1.34,0.88,-0.79,1.0,thank-you
3046.0,4095.0,882.0,3577.0,4095.0,4095.0,4095.0,4095.0,-6.65,2.31,-9.65,1.05,1.47,-0.38,1.0,thank-you
3034.0,4095.0,879.0,3583.0,4095.0,4095.0,4095.0,4095.0,-4.94,1.83,-9.37,0.79,0.85,-0.5,1.0,thank-you
3045.0,4095.0,879.0,3558.0,4095.0,4095.0,4095.0,4095.0,-4.64,0.84,-7.88,0.67,0.49,-0.64,1.0,thank-you
3040.0,4095.0,890.0,3518.0,4095.0,4095.0,4095.0,4095.0,-4.66,-0.54,-7.68,0.78,0.31,-0.67,1.0,thank-you
3048.0,4095.0,895.0,3583.0,4095.0,4095.0,4095.0,4095.0,-3.56,-1.79,-7.76,1.29,0.89,-0.68,1.0,thank-you
3041.0,4095.0,882.0,3583.0,4095.0,4095.0,4095.0,4095.0,-4.78,-3.58,-10.87,1.02,0.82,-0.44,1.0,thank-you
3039.0,4095.0,893.0,3583.0,4095.0,4095.0,4095.0,4095.0,-3.62,-3.34,-9.33,0.54,0.17,-0.21,1.0,thank-you
3042.0,4095.0,889.0,3582.0,4095.0,4095.0,4095.0,4095.0,-3.04,-3.81,-8.47,0.36,0.1,-0.17,1.0,thank-you
3035.0,4095.0,885.0,3578.0,4095.0,4095.0,4095.0,4095.0,-3.22,-4.0,-9.14,0.16,-0.13,-0.13,1.0,thank-you
3045.0,4095.0,887.0,3571.0,4095.0,4095.0,4095.0,4095.0,-3.52,-4.02,-9.57,-0.36,0.0,0.08,1.0,thank-you
3040.0,4095.0,892.0,3522.0,4095.0,4095.0,4095.0,4095.0,-3.39,-3.66,-9.21,-0.7,-0.08,0.29,1.0,thank-you
3043.0,4095.0,894.0,3514.0,4095.0,4095.0,4095.0,4095.0,-3.25,-3.08,-8.17,-0.79,-0.1,0.37,1.0,thank-you
3047.0,4095.0,895.0,3509.0,4095.0,4095.0,4095.0,4095.0,-3.12,-2.5,-7.82,-0.6,-0.14,0.26,1.0,thank-you
3041.0,4095.0,911.0,3526.0,4095.0,4095.0,4095.0,4095.0,-3.21,8.28,3.65,0.38,-0.04,-0.15,1.0,thank-you
3037.0,4095.0,915.0,3500.0,4095.0,4095.0,4095.0,4095.0,-3.09,8.07,3.01,1.22,-0.25,-0.28,1.0,thank-you
3033.0,4095.0,915.0,3473.0,4095.0,4095.0,4095.0,4095.0,-4.02,7.81,0.41,1.61,0.03,-0.42,1.0,thank-you
3033.0,4095.0,912.0,3466.0,4095.0,4095.0,4095.0,4095.0,-4.35,7.45,-1.5,1.79,-0.01,-0.63,1.0,thank-you
3043.0,4095.0,907.0,3463.0,4095.0,4095.0,4095.0,4095.0,-5.2,6.79,-3.16,1.66,0.03,-0.65,1.0,thank-you
3037.0,4095.0,911.0,3481.0,4095.0,4095.0,4095.0,4095.0,-6.0,5.03,-4.76,1.51,0.11,-0.67,1.0,thank-you
3034.0,4095.0,912.0,3482.0,4095.0,4095.0,4095.0,4095.0,-6.84,4.24,-6.36,1.25,0.48,-0.54,1.0,thank-you
3053.0,4095.0,908.0,3472.0,4095.0,4095.0,4095.0,4095.0,-6.96,2.61,-7.36,1.39,-0.67,-0.54,1.0,thank-you
3047.0,4095.0,901.0,3450.0,4095.0,4095.0,4095.0,4095.0,-5.94,2.14,-6.56,1.23,-0.03,-0.78,1.0,thank-you
3048.0,4095.0,912.0,3464.0,4095.0,4095.0,4095.0,4095.0,-6.82,0.76,-7.31,1.1,0.47,-0.79,1.0,thank-you
3051.0,4095.0,912.0,3412.0,4095.0,4095.0,4095.0,4095.0,-6.9,-0.32,-7.97,0.76,0.62,-0.58,1.0,thank-you
3049.0,4095.0,907.0,3392.0,4095.0,4095.0,4095.0,4095.0,-6.52,-1.13,-8.1,0.55,0.38,-0.53,1.0,thank-you
3046.0,4095.0,905.0,3399.0,4095.0,4095.0,4095.0,4095.0,-5.83,-2.18,-7.04,0.61,0.35,-0.52,1.0,thank-you
3047.0,4095.0,916.0,3405.0,4095.0,4095.0,4095.0,4095.0,-6.14,-3.25,-7.44,0.76,-0.31,-0.38,1.0,thank-you
3054.0,4095.0,912.0,3399.0,4095.0,4095.0,4095.0,4095.0,-5.53,-3.45,-7.83,0.32,0.46,-0.38,1.0,thank-you
3039.0,4095.0,912.0,3398.0,4095.0,4095.0,4095.0,4095.0,-5.04,-3.71,-8.03,0.33,0.13,-0.29,1.0,thank-you
3056.0,4095.0,914.0,3410.0,4095.0,4095.0,4095.0,4095.0,-5.0,-3.9,-8.15,0.06,0.07,-0.14,1.0,thank-you
3041.0,4095.0,912.0,3393.0,4095.0,4095.0,4095.0,4095.0,-4.55,-4.0,-7.31,-0.05,0.14,-0.03,1.0,thank-you
3043.0,4095.0,912.0,3406.0,4095.0,4095.0,4095.0,4095.0,-4.43,-4.2,-7.51,-0.06,-0.21,-0.13,1.0,thank-you
3037.0,4095.0,918.0,3406.0,4095.0,4095.0,4095.0,4095.0,-4.3,-3.93,-7.46,-0.05,-0.02,-0.0,1.0,thank-you
3057.0,4095.0,989.0,3351.0,4095.0,4095.0,4095.0,4095.0,-1.61,9.25,3.08,0.06,0.24,-0.22,1.0,thank-you
3055.0,4095.0,1009.0,3355.0,4095.0,4095.0,4095.0,4095.0,-0.52,8.89,4.12,0.36,0.15,-0.62,1.0,thank-you
3059.0,4095.0,988.0,3355.0,4095.0,4095.0,4095.0,4095.0,-1.15,8.7,3.75,0.89,0.56,-1.02,1.0,thank-you
3054.0,4095.0,971.0,3408.0,4095.0,4095.0,4095.0,4095.0,-2.7,7.36,1.73,1.33,0.94,-1.44,1.0,thank-you
3056.0,4095.0,967.0,3440.0,4095.0,4095.0,4095.0,4095.0,-4.8,6.34,-1.4,1.57,0.36,-1.47,1.0,thank-you
3056.0,4095.0,953.0,3409.0,4095.0,4095.0,4095.0,4095.0,-6.44,5.83,-4.19,1.64,0.65,-1.29,1.0,thank-you
3067.0,4095.0,940.0,3410.0,4095.0,4095.0,4095.0,4095.0,-7.68,4.21,-5.42,1.39,1.05,-1.07,1.0,thank-you
3056.0,4095.0,933.0,3423.0,4095.0,4095.0,4095.0,4095.0,-6.32,2.97,-7.65,1.17,1.32,-0.48,1.0,thank-you
3055.0,4095.0,947.0,3403.0,4095.0,4095.0,4095.0,4095.0,-5.75,2.39,-7.94,0.9,0.55,-0.49,1.0,thank-you
3044.0,4095.0,953.0,3433.0,4095.0,4095.0,4095.0,4095.0,-4.92,0.81,-7.96,0.99,1.2,-0.64,1.0,thank-you
3056.0,4095.0,997.0,3445.0,4095.0,4095.0,4095.0,4095.0,-4.25,0.51,-8.56,0.88,0.3,-0.55,1.0,thank-you
3056.0,4095.0,1023.0,3441.0,4095.0,4095.0,4095.0,4095.0,-3.99,-0.41,-7.57,0.89,0.08,-0.66,1.0,thank-you
3053.0,4095.0,1043.0,3462.0,4095.0,4095.0,4095.0,4095.0,-4.02,-2.74,-9.71,1.12,0.38,-0.7,1.0,thank-you
3054.0,4095.0,1067.0,3468.0,4095.0,4095.0,4095.0,4095.0,-3.64,-3.17,-9.83,0.71,-0.1,-0.5,1.0,thank-you
3061.0,4095.0,1079.0,3482.0,4095.0,4095.0,4095.0,4095.0,-3.95,-2.87,-9.47,0.15,0.21,-0.15,1.0,thank-you
3051.0,4095.0,1079.0,3492.0,4095.0,4095.0,4095.0,4095.0,-3.79,-3.18,-9.02,-0.06,0.05,-0.08,1.0,thank-you
3050.0,4095.0,1090.0,3489.0,4095.0,4095.0,4095.0,4095.0,-3.41,-3.16,-8.51,-0.2,-0.02,0.02,1.0,thank-you
3051.0,4095.0,1088.0,3490.0,4095.0,4095.0,4095.0,4095.0,-2.87,-3.23,-8.09,-0.1,-0.03,-0.03,1.0,thank-you
3043.0,4095.0,1095.0,3490.0,4095.0,4095.0,4095.0,4095.0,-2.93,-3.16,-8.41,-0.11,-0.01,-0.03,1.0,thank-you
3063.0,4095.0,1098.0,3507.0,4095.0,4095.0,4095.0,4095.0,-3.2,-2.95,-8.51,-0.18,-0.07,-0.03,1.0,thank-you
3023.0,4095.0,925.0,3856.0,4095.0,4095.0,4095.0,4095.0,-3.9,9.0,2.43,0.04,-0.02,0.01,1.0,thank-you
3031.0,4095.0,929.0,3840.0,4095.0,4095.0,4095.0,4095.0,-2.76,8.11,4.63,0.18,-0.26,-0.04,1.0,thank-you
3025.0,4095.0,934.0,3808.0,4095.0,4095.0,4095.0,4095.0,-1.54,7.09,5.2,1.49,-0.19,-0.71,1.0,thank-you
3033.0,4095.0,925.0,3798.0,4095.0,4095.0,4095.0,4095.0,-4.26,6.95,0.5,2.14,0.36,-1.37,1.0,thank-you
3032.0,4095.0,912.0,3818.0,4095.0,4095.0,4095.0,4095.0,-6.07,5.94,-3.23,2.05,0.52,-1.25,1.0,thank-you
3035.0,4095.0,914.0,3820.0,4095.0,4095.0,4095.0,4095.0,-6.52,4.98,-4.48,1.78,0.33,-1.01,1.0,thank-you
3039.0,4095.0,918.0,3811.0,4095.0,4095.0,4095.0,4095.0,-6.29,3.15,-6.47,1.98,0.32,-0.72,1.0,thank-you
3022.0,4095.0,918.0,3812.0,4095.0,4095.0,4095.0,4095.0,-5.02,2.98,-8.46,1.92,-0.33,-0.85,1.0,thank-you
3024.0,4095.0,929.0,3785.0,4095.0,4095.0,4095.0,4095.0,-4.68,1.47,-7.83,1.54,-0.85,-0.98,1.0,thank-you
3033.0,4095.0,922.0,3799.0,4095.0,4095.0,4095.0,4095.0,-4.89,0.04,-7.39,1.63,0.57,-0.68,1.0,thank-you
3021.0,4095.0,915.0,3787.0,4095.0,4095.0,4095.0,4095.0,-4.42,-1.75,-9.64,1.3,0.79,-0.37,1.0,thank-you
3021.0,4095.0,925.0,3761.0,4095.0,4095.0,4095.0,4095.0,-4.03,-2.34,-9.27,0.83,0.21,-0.49,1.0,thank-you
3034.0,4095.0,931.0,3770.0,4095.0,4095.0,4095.0,4095.0,-3.96,-3.21,-9.15,0.58,0.13,-0.37,1.0,thank-you
3026.0,4095.0,924.0,3743.0,4095.0,4095.0,4095.0,4095.0,-4.09,-3.91,-9.0,0.47,0.15,-0.23,1.0,thank-you
3024.0,4095.0,919.0,3679.0,4095.0,4095.0,4095.0,4095.0,-3.62,-3.5,-8.86,0.08,0.03,-0.14,1.0,thank-you
3031.0,4095.0,919.0,3735.0,4095.0,4095.0,4095.0,4095.0,-3.25,-3.87,-8.41,-0.06,0.04,-0.04,1.0,thank-you
3024.0,4095.0,923.0,3713.0,4095.0,4095.0,4095.0,4095.0,-3.11,-4.13,-8.04,-0.1,0.03,-0.01,1.0,thank-you
3025.0,4095.0,927.0,3696.0,4095.0,4095.0,4095.0,4095.0,-3.27,-3.96,-7.77,-0.07,-0.03,-0.04,1.0,thank-you
3037.0,4095.0,925.0,3727.0,4095.0,4095.0,4095.0,4095.0,-3.26,-3.95,-8.03,-0.02,0.09,-0.07,1.0,thank-you
3035.0,4095.0,938.0,3729.0,4095.0,4095.0,4095.0,4095.0,-3.23,-4.07,-7.97,-0.01,0.01,-0.07,1.0,thank-you
3081.0,4095.0,932.0,3659.0,4095.0,4095.0,4095.0,4095.0,-2.55,8.63,3.6,0.67,0.67,-0.5,1.0,thank-you
3058.0,4095.0,926.0,3650.0,4095.0,4095.0,4095.0,4095.0,-2.79,7.76,2.04,1.24,0.61,-0.86,1.0,thank-you
3067.0,4095.0,919.0,3650.0,4095.0,4095.0,4095.0,4095.0,-3.99,8.32,-1.28,0.71,1.04,-1.03,1.0,thank-you
3057.0,4095.0,928.0,3692.0,4095.0,4095.0,4095.0,4095.0,-5.13,7.32,-1.05,1.24,0.18,-1.21,1.0,thank-you
3056.0,4095.0,921.0,3683.0,4095.0,4095.0,4095.0,4095.0,-5.83,6.31,-2.76,1.59,0.22,-0.85,1.0,thank-you
3066.0,4095.0,907.0,3677.0,4095.0,4095.0,4095.0,4095.0,-6.76,4.57,-4.77,1.5,0.65,-0.61,1.0,thank-you
3067.0,4095.0,913.0,3627.0,4095.0,4095.0,4095.0,4095.0,-6.33,3.94,-6.88,1.07,0.91,-0.26,1.0,thank-you
3063.0,4095.0,912.0,3617.0,4095.0,4095.0,4095.0,4095.0,-6.03,2.83,-6.86,0.84,1.01,-0.51,1.0,thank-you
3056.0,4095.0,912.0,3632.0,4095.0,4095.0,4095.0,4095.0,-5.63,1.6,-7.61,1.01,0.6,-0.59,1.0,thank-you
3061.0,4095.0,918.0,3627.0,4095.0,4095.0,4095.0,4095.0,-5.15,0.2,-8.08,1.16,0.39,-0.7,1.0,thank-you
3060.0,4095.0,921.0,3633.0,4095.0,4095.0,4095.0,4095.0,-4.8,-1.38,-8.91,1.02,0.4,-0.65,1.0,thank-you
3068.0,4095.0,919.0,3641.0,4095.0,4095.0,4095.0,4095.0,-4.4,-1.88,-8.68,0.82,0.11,-0.4,1.0,thank-you
3055.0,4095.0,923.0,3629.0,4095.0,4095.0,4095.0,4095.0,-4.46,-2.05,-9.67,0.41,0.0,-0.33,1.0,thank-you
3060.0,4095.0,926.0,3633.0,4095.0,4095.0,4095.0,4095.0,-4.14,-2.11,-8.67,0.26,0.03,-0.27,1.0,thank-you
3055.0,4095.0,942.0,3632.0,4095.0,4095.0,4095.0,4095.0,-4.17,-3.24,-9.03,0.2,0.13,-0.18,1.0,thank-you
3056.0,4095.0,932.0,3626.0,4095.0,4095.0,4095.0,4095.0,-3.57,-3.08,-9.05,-0.08,0.05,-0.04,1.0,thank-you
3056.0,4095.0,943.0,3628.0,4095.0,4095.0,4095.0,4095.0,-3.54,-3.03,-8.01,-0.12,0.08,0.01,1.0,thank-you
3045.0,4095.0,938.0,3633.0,4095.0,4095.0,4095.0,4095.0,-3.59,-3.19,-8.12,-0.06,0.0,-0.02,1.0,thank-you
3058.0,4095.0,942.0,3632.0,4095.0,4095.0,4095.0,4095.0,-3.52,-3.05,-8.39,-0.05,0.02,-0.06,1.0,thank-you
3070.0,4095.0,944.0,3629.0,4095.0,4095.0,4095.0,4095.0,-3.4,-3.09,-8.44,-0.04,0.0,-0.07,1.0,thank-you
3057.0,4095.0,935.0,3679.0,4095.0,4095.0,4095.0,4095.0,-2.97,8.55,3.78,0.25,-0.18,-0.19,1.0,thank-you
3063.0,4095.0,941.0,3653.0,4095.0,4095.0,4095.0,4095.0,-2.7,8.01,4.2,1.19,-0.48,-0.69,1.0,thank-you
3045.0,4095.0,933.0,3637.0,4095.0,4095.0,4095.0,4095.0,-4.04,6.39,1.11,1.58,-0.17,-1.07,1.0,thank-you
3059.0,4095.0,944.0,3612.0,4095.0,4095.0,4095.0,4095.0,-3.51,6.76,-0.96,2.33,-0.68,-1.15,1.0,thank-you
3063.0,4095.0,957.0,3614.0,4095.0,4095.0,4095.0,4095.0,-5.55,5.51,-3.76,2.14,1.03,-1.14,1.0,thank-you
3057.0,4095.0,950.0,3609.0,4095.0,4095.0,4095.0,4095.0,-6.8,3.93,-8.38,1.47,1.88,-0.83,1.0,thank-you
3057.0,4095.0,970.0,3606.0,4095.0,4095.0,4095.0,4095.0,-6.18,2.86,-8.38,1.24,1.47,-0.32,1.0,thank-you
3069.0,4095.0,973.0,3601.0,4095.0,4095.0,4095.0,4095.0,-5.45,1.67,-8.2,1.2,0.52,-0.42,1.0,thank-you
3062.0,4095.0,980.0,3598.0,4095.0,4095.0,4095.0,4095.0,-5.1,0.24,-7.94,1.25,0.15,-0.7,1.0,thank-you
3062.0,4095.0,995.0,3577.0,4095.0,4095.0,4095.0,4095.0,-5.59,-1.09,-9.1,0.88,0.26,-0.49,1.0,thank-you
3060.0,4095.0,1023.0,3583.0,4095.0,4095.0,4095.0,4095.0,-4.37,-1.79,-8.47,1.01,-0.05,-0.55,1.0,thank-you
3061.0,4095.0,1104.0,3583.0,4095.0,4095.0,4095.0,4095.0,-5.2,-3.07,-8.99,0.82,0.13,-0.27,1.0,thank-you
3056.0,4095.0,1456.0,3578.0,4095.0,4095.0,4095.0,4095.0,-4.41,-3.11,-8.87,0.45,0.15,-0.4,1.0,thank-you
3056.0,4095.0,1561.0,3583.0,4095.0,4095.0,4095.0,4095.0,-3.92,-3.74,-8.24,0.41,0.13,-0.27,1.0,thank-you
3053.0,4095.0,1591.0,3582.0,4095.0,4095.0,4095.0,4095.0,-3.8,-4.11,-8.51,0.26,0.12,-0.17,1.0,thank-you
3055.0,4095.0,1622.0,3581.0,4095.0,4095.0,4095.0,4095.0,-3.74,-4.22,-8.13,0.09,0.07,-0.09,1.0,thank-you
3056.0,4095.0,1680.0,3598.0,4095.0,4095.0,4095.0,4095.0,-3.51,-4.54,-7.69,0.04,-0.0,-0.07,1.0,thank-you
3054.0,4095.0,1728.0,3583.0,4095.0,4095.0,4095.0,4095.0,-3.46,-4.64,-7.68,-0.09,-0.16,-0.05,1.0,thank-you
3049.0,4095.0,1743.0,3583.0,4095.0,4095.0,4095.0,4095.0,-3.42,-4.35,-7.74,-0.1,-0.02,-0.02,1.0,thank-you
3067.0,4095.0,1756.0,3606.0,4095.0,4095.0,4095.0,4095.0,-3.6,-4.37,-7.52,-0.07,-0.02,-0.03,1.0,thank-you
3071.0,4095.0,895.0,3627.0,4095.0,4095.0,4095.0,4095.0,-2.76,8.35,3.23,0.06,-0.16,-0.13,1.0,thank-you
3081.0,4095.0,885.0,3625.0,4095.0,4095.0,4095.0,4095.0,0.65,4.13,10.39,1.7,0.32,-0.7,1.0,thank-you
3069.0,4095.0,906.0,3622.0,4095.0,4095.0,4095.0,4095.0,-3.63,4.91,-0.21,3.74,0.08,-2.05,1.0,thank-you
3071.0,4095.0,911.0,3605.0,4095.0,4095.0,4095.0,4095.0,-7.69,3.16,-9.45,3.44,1.06,-1.44,1.0,thank-you
3059.0,4095.0,917.0,3613.0,4095.0,4095.0,4095.0,4095.0,-7.73,2.53,-10.68,1.9,1.08,-0.72,1.0,thank-you
3082.0,4095.0,930.0,3623.0,4095.0,4095.0,4095.0,4095.0,-5.72,1.84,-8.03,1.17,0.4,-0.74,1.0,thank-you
3068.0,4095.0,941.0,3607.0,4095.0,4095.0,4095.0,4095.0,-6.15,-0.27,-7.83,1.08,0.39,-0.64,1.0,thank-you
3083.0,4095.0,944.0,3607.0,4095.0,4095.0,4095.0,4095.0,-5.86,-0.99,-8.92,1.01,0.32,-0.63,1.0,thank-you
3071.0,4095.0,953.0,3607.0,4095.0,4095.0,4095.0,4095.0,-5.61,-1.6,-8.43,0.61,0.3,-0.54,1.0,thank-you
3062.0,4095.0,957.0,3582.0,4095.0,4095.0,4095.0,4095.0,-5.34,-2.46,-8.44,0.49,0.41,-0.34,1.0,thank-you
3071.0,4095.0,967.0,3599.0,4095.0,4095.0,4095.0,4095.0,-4.66,-3.04,-8.05,0.49,0.28,-0.37,1.0,thank-you
3063.0,4095.0,980.0,3600.0,4095.0,4095.0,4095.0,4095.0,-4.53,-3.86,-7.84,0.53,0.3,-0.37,1.0,thank-you
3071.0,4095.0,1015.0,3575.0,4095.0,4095.0,4095.0,4095.0,-4.25,-4.25,-8.41,0.31,-0.02,-0.28,1.0,thank-you
3063.0,4095.0,1023.0,3567.0,4095.0,4095.0,4095.0,4095.0,-4.13,-4.16,-8.14,0.02,-0.01,-0.11,1.0,thank-you
3056.0,4095.0,1046.0,3569.0,4095.0,4095.0,4095.0,4095.0,-4.08,-4.31,-7.94,-0.1,0.01,-0.04,1.0,thank-you
3059.0,4095.0,1065.0,3578.0,4095.0,4095.0,4095.0,4095.0,-4.2,-4.45,-8.37,-0.34,-0.03,0.08,1.0,thank-you
3063.0,4095.0,1089.0,3568.0,4095.0,4095.0,4095.0,4095.0,-4.41,-3.93,-8.78,-0.65,0.2,0.32,1.0,thank-you
3066.0,4095.0,1104.0,3559.0,4095.0,4095.0,4095.0,4095.0,-4.18,-3.23,-8.22,-0.75,-0.11,0.28,1.0,thank-you
3068.0,4095.0,1136.0,3575.0,4095.0,4095.0,4095.0,4095.0,-4.14,-2.4,-7.46,-0.65,0.02,0.23,1.0,thank-you
3070.0,4095.0,1168.0,3559.0,4095.0,4095.0,4095.0,4095.0,-4.38,-2.51,-9.39,-0.66,-0.02,0.16,1.0,thank-you
3071.0,4095.0,912.0,3783.0,4095.0,4095.0,4095.0,4095.0,-2.65,6.93,4.35,0.26,-0.24,-0.08,1.0,thank-you
3062.0,4095.0,913.0,3728.0,4095.0,4095.0,4095.0,4095.0,-0.99,4.83,7.71,2.5,-1.09,-1.16,1.0,thank-you
3071.0,4095.0,928.0,3696.0,4095.0,4095.0,4095.0,4095.0,-3.97,4.39,-0.1,3.34,-0.37,-2.28,1.0,thank-you
3068.0,4095.0,929.0,3703.0,4095.0,4095.0,4095.0,4095.0,-8.32,1.74,-6.46,3.01,0.9,-2.12,1.0,thank-you
3069.0,4095.0,934.0,3702.0,4095.0,4095.0,4095.0,4095.0,-8.16,-0.54,-9.84,2.69,1.18,-1.63,1.0,thank-you
3062.0,4095.0,959.0,3715.0,4095.0,4095.0,4095.0,4095.0,-6.21,-1.18,-11.0,1.65,1.37,-1.14,1.0,thank-you
3069.0,4095.0,989.0,3711.0,4095.0,4095.0,4095.0,4095.0,-5.88,-2.52,-9.94,0.87,0.97,-0.56,1.0,thank-you
3057.0,4095.0,1015.0,3699.0,4095.0,4095.0,4095.0,4095.0,-5.62,-2.91,-9.44,0.54,0.39,-0.4,1.0,thank-you
3062.0,4095.0,1043.0,3696.0,4095.0,4095.0,4095.0,4095.0,-4.69,-2.9,-8.37,0.28,-0.15,-0.14,1.0,thank-you
3065.0,4095.0,1083.0,3690.0,4095.0,4095.0,4095.0,4095.0,-4.79,-2.73,-7.78,0.05,0.13,-0.06,1.0,thank-you
3059.0,4095.0,1105.0,3683.0,4095.0,4095.0,4095.0,4095.0,-4.47,-3.11,-8.11,-0.02,0.03,-0.09,1.0,thank-you
3063.0,4095.0,1134.0,3680.0,4095.0,4095.0,4095.0,4095.0,-4.13,-3.19,-7.87,-0.01,-0.09,-0.09,1.0,thank-you
3063.0,4095.0,1168.0,3679.0,4095.0,4095.0,4095.0,4095.0,-4.06,-3.38,-7.91,0.01,0.2,-0.05,1.0,thank-you
3071.0,4095.0,1194.0,3670.0,4095.0,4095.0,4095.0,4095.0,-4.1,-3.39,-7.82,0.01,-0.07,-0.09,1.0,thank-you
3061.0,4095.0,1224.0,3623.0,4095.0,4095.0,4095.0,4095.0,-4.39,-3.54,-7.96,0.12,-0.06,-0.02,1.0,thank-you
3063.0,4095.0,1271.0,3629.0,4095.0,4095.0,4095.0,4095.0,-3.93,-3.41,-7.97,-0.11,-0.1,-0.05,1.0,thank-you
3056.0,4095.0,1282.0,3626.0,4095.0,4095.0,4095.0,4095.0,-4.06,-3.28,-7.7,-0.12,0.04,-0.04,1.0,thank-you
3055.0,4095.0,1284.0,3615.0,4095.0,4095.0,4095.0,4095.0,-4.13,-3.47,-7.51,-0.07,0.06,-0.04,1.0,thank-you
3063.0,4095.0,1315.0,3609.0,4095.0,4095.0,4095.0,4095.0,-4.07,-3.54,-7.78,0.0,-0.02,-0.05,1.0,thank-you
3060.0,4095.0,1342.0,3617.0,4095.0,4095.0,4095.0,4095.0,-3.71,-3.68,-7.81,-0.01,-0.1,-0.13,1.0,thank-you
3067.0,4095.0,1138.0,3666.0,4095.0,4095.0,4095.0,4095.0,-2.48,8.32,4.75,0.21,-0.03,-0.18,1.0,thank-you
3071.0,4095.0,1158.0,3647.0,4095.0,4095.0,4095.0,4095.0,-1.75,7.45,4.07,1.7,-0.31,-0.86,1.0,thank-you
3071.0,4095.0,1235.0,3632.0,4095.0,4095.0,4095.0,4095.0,-4.01,7.13,1.06,1.69,0.01,-1.13,1.0,thank-you
3071.0,4095.0,1321.0,3636.0,4095.0,4095.0,4095.0,4095.0,-6.07,5.9,-2.98,1.77,0.01,-1.16,1.0,thank-you
3089.0,4095.0,1468.0,3615.0,4095.0,4095.0,4095.0,4095.0,-6.46,5.47,-4.44,1.75,0.15,-0.82,1.0,thank-you
3094.0,4095.0,1465.0,3602.0,4095.0,4095.0,4095.0,4095.0,-6.26,4.7,-5.21,1.36,0.53,-0.68,1.0,thank-you
3059.0,4095.0,1310.0,3583.0,4095.0,4095.0,4095.0,4095.0,-6.21,3.21,-5.89,1.02,0.81,-0.61,1.0,thank-you
3084.0,4095.0,1399.0,3583.0,4095.0,4095.0,4095.0,4095.0,-5.86,1.82,-6.76,1.24,0.93,-0.63,1.0,thank-you
3088.0,4095.0,1456.0,3622.0,4095.0,4095.0,4095.0,4095.0,-5.47,0.28,-7.82,1.36,0.9,-0.81,1.0,thank-you
3081.0,4095.0,1472.0,3697.0,4095.0,4095.0,4095.0,4095.0,-5.65,-1.21,-10.13,1.06,0.36,-0.77,1.0,thank-you
3071.0,4095.0,1488.0,3747.0,4095.0,4095.0,4095.0,4095.0,-4.94,-2.04,-8.74,0.92,0.1,-0.59,1.0,thank-you
3071.0,4095.0,1491.0,3777.0,4095.0,4095.0,4095.0,4095.0,-5.02,-2.55,-9.84,0.55,0.31,-0.42,1.0,thank-you
3087.0,4095.0,1483.0,4095.0,4095.0,4095.0,4095.0,4095.0,-4.79,-2.34,-9.66,0.06,-0.2,-0.2,1.0,thank-you
3083.0,4095.0,1460.0,4095.0,4095.0,4095.0,4095.0,4095.0,-4.16,-2.3,-8.8,-0.11,0.15,0.05,1.0,thank-you
3086.0,4095.0,1457.0,4095.0,4095.0,4095.0,4095.0,4095.0,-3.91,-2.69,-8.07,-0.08,0.0,-0.05,1.0,thank-you
3071.0,4095.0,1447.0,4095.0,4095.0,4095.0,4095.0,4095.0,-3.54,-2.78,-8.13,-0.11,-0.01,-0.02,1.0,thank-you
3086.0,4095.0,1457.0,4095.0,4095.0,4095.0,4095.0,4095.0,-3.68,-2.71,-8.23,0.07,0.07,-0.01,1.0,thank-you
3071.0,4095.0,1459.0,4095.0,4095.0,4095.0,4095.0,4095.0,-3.8,-2.65,-8.39,0.01,0.13,-0.01,1.0,thank-you
3085.0,4095.0,1477.0,4095.0,4095.0,4095.0,4095.0,4095.0,-3.68,-2.84,-8.03,-0.01,0.31,0.0,1.0,thank-you
3071.0,4095.0,1489.0,4095.0,4095.0,4095.0,4095.0,4095.0,-3.65,-2.65,-8.71,-0.07,0.22,-0.02,1.0,thank-you
3054.0,4095.0,2031.0,3955.0,4095.0,4095.0,4095.0,4095.0,-2.49,8.9,3.26,-0.08,-0.22,0.03,1.0,thank-you
3056.0,4095.0,2026.0,3951.0,4095.0,4095.0,4095.0,4095.0,-0.09,7.78,5.96,0.77,0.26,-0.39,1.0,thank-you
3056.0,4095.0,2077.0,3926.0,4095.0,4095.0,4095.0,4095.0,-2.21,7.98,2.03,1.22,1.14,-1.49,1.0,thank-you
3061.0,4095.0,2097.0,3905.0,4095.0,4095.0,4095.0,4095.0,-4.44,6.99,-1.39,1.64,0.65,-1.56,1.0,thank-you
3067.0,4095.0,2178.0,3869.0,4095.0,4095.0,4095.0,4095.0,-5.66,5.9,-3.22,2.25,-0.21,-1.35,1.0,thank-you
3056.0,4095.0,2191.0,3821.0,4095.0,4095.0,4095.0,4095.0,-5.18,5.05,-5.45,1.94,0.04,-1.12,1.0,thank-you
3067.0,4095.0,2227.0,3811.0,4095.0,4095.0,4095.0,4095.0,-6.26,3.66,-7.45,1.86,-0.06,-0.9,1.0,thank-you
3071.0,4095.0,2247.0,3805.0,4095.0,4095.0,4095.0,4095.0,-5.35,3.48,-7.55,1.07,0.75,-0.57,1.0,thank-you
3063.0,4095.0,2262.0,3792.0,4095.0,4095.0,4095.0,4095.0,-5.57,2.14,-8.37,0.74,0.91,-0.49,1.0,thank-you
3061.0,4095.0,2257.0,3803.0,4095.0,4095.0,4095.0,4095.0,-4.92,1.34,-8.43,0.73,0.45,-0.49,1.0,thank-you
3069.0,4095.0,2274.0,3802.0,4095.0,4095.0,4095.0,4095.0,-4.6,0.44,-8.52,0.76,0.47,-0.48,1.0,thank-you
3069.0,4095.0,2291.0,3797.0,4095.0,4095.0,4095.0,4095.0,-4.53,-0.58,-8.96,0.64,0.3,-0.45,1.0,thank-you
3071.0,4095.0,2323.0,3809.0,4095.0,4095.0,4095.0,4095.0,-4.22,-0.8,-8.86,0.5,0.19,-0.41,1.0,thank-you
3062.0,4095.0,2367.0,3799.0,4095.0,4095.0,4095.0,4095.0,-4.12,-1.58,-8.46,0.54,0.21,-0.37,1.0,thank-you
3067.0,4095.0,2411.0,3805.0,4095.0,4095.0,4095.0,4095.0,-3.86,-2.29,-8.66,0.41,0.33,-0.37,1.0,thank-you
3065.0,4095.0,2467.0,3792.0,4095.0,4095.0,4095.0,4095.0,-3.63,-3.01,-8.42,0.5,0.12,-0.37,1.0,thank-you
3063.0,4095.0,2522.0,3792.0,4095.0,4095.0,4095.0,4095.0,-3.35,-3.66,-8.34,0.53,0.08,-0.36,1.0,thank-you
3082.0,4095.0,2590.0,3803.0,4095.0,4095.0,4095.0,4095.0,-3.31,-4.13,-8.89,0.28,0.07,-0.32,1.0,thank-you
3063.0,4095.0,2678.0,3807.0,4095.0,4095.0,4095.0,4095.0,-2.93,-4.16,-8.13,0.17,0.17,-0.26,1.0,thank-you
3066.0,4095.0,2730.0,3823.0,4095.0,4095.0,4095.0,4095.0,-2.69,-4.61,-7.81,0.29,0.03,-0.3,1.0,thank-you
3120.0,4095.0,1568.0,4095.0,4095.0,4095.0,4095.0,4095.0,-1.5,8.86,4.6,0.24,-0.07,-0.34,1.0,thank-you
3111.0,4095.0,1392.0,4095.0,4095.0,4095.0,4095.0,4095.0,-1.6,8.68,3.78,0.7,0.0,-0.51,1.0,thank-you
3103.0,4095.0,1328.0,4095.0,4095.0,4095.0,4095.0,4095.0,-2.33,8.68,2.47,0.9,0.12,-0.84,1.0,thank-you
3120.0,4095.0,1270.0,4095.0,4095.0,4095.0,4095.0,4095.0,-3.98,8.91,1.21,1.23,-0.28,-0.74,1.0,thank-you
3127.0,4095.0,954.0,4012.0,4095.0,4095.0,4095.0,4095.0,-3.84,8.55,-0.42,1.13,-0.29,-0.65,1.0,thank-you
3125.0,4095.0,923.0,3813.0,4095.0,4095.0,4095.0,4095.0,-4.83,8.06,-1.34,0.9,0.42,-0.65,1.0,thank-you
3122.0,4095.0,930.0,3824.0,4095.0,4095.0,4095.0,4095.0,-4.8,7.86,-1.84,0.84,0.45,-0.51,1.0,thank-you
3132.0,4095.0,931.0,3821.0,4095.0,4095.0,4095.0,4095.0,-5.09,7.49,-3.11,1.05,0.26,-0.48,1.0,thank-you
3130.0,4095.0,925.0,3816.0,4095.0,4095.0,4095.0,4095.0,-4.91,6.47,-3.61,0.91,0.25,-0.54,1.0,thank-you
3142.0,4095.0,925.0,3792.0,4095.0,4095.0,4095.0,4095.0,-5.53,5.54,-4.52,1.03,0.09,-0.69,1.0,thank-you
3137.0,4095.0,976.0,3797.0,4095.0,4095.0,4095.0,4095.0,-5.84,4.62,-5.76,0.89,0.58,-0.57,1.0,thank-you
3146.0,4095.0,1058.0,3792.0,4095.0,4095.0,4095.0,4095.0,-5.77,3.85,-7.47,0.98,0.25,-0.59,1.0,thank-you
3151.0,4095.0,1086.0,3799.0,4095.0,4095.0,4095.0,4095.0,-5.36,3.46,-7.36,0.6,0.15,-0.54,1.0,thank-you
3158.0,4095.0,1159.0,3792.0,4095.0,4095.0,4095.0,4095.0,-5.82,2.19,-7.39,0.64,-0.02,-0.55,1.0,thank-you
3171.0,4095.0,1331.0,3786.0,4095.0,4095.0,4095.0,4095.0,-5.46,1.56,-7.53,0.59,0.4,-0.39,1.0,thank-you
3151.0,4095.0,1392.0,3779.0,4095.0,4095.0,4095.0,4095.0,-5.46,0.77,-8.45,0.47,0.46,-0.36,1.0,thank-you
3155.0,4095.0,1457.0,3787.0,4095.0,4095.0,4095.0,4095.0,-4.39,0.06,-8.83,0.44,0.87,-0.44,1.0,thank-you
3164.0,4095.0,1605.0,3792.0,4095.0,4095.0,4095.0,4095.0,-4.3,-0.29,-8.66,0.39,0.06,-0.39,1.0,thank-you
3171.0,4095.0,1705.0,3797.0,4095.0,4095.0,4095.0,4095.0,-4.23,-0.87,-8.24,0.44,0.11,-0.34,1.0,thank-you
3165.0,4095.0,1744.0,3798.0,4095.0,4095.0,4095.0,4095.0,-3.82,-1.48,-8.9,0.37,0.35,-0.37,1.0,thank-you
