hall_1,hall_2,hall_3,flex_t,flex_i,flex_m,flex_r,flex_p,accel_x,accel_y,accel_z,gyro_x,gyro_y,gyro_z,hand,sign
1361.0,3568.0,3803.0,3243.0,4095.0,4095.0,4095.0,4095.0,-4.79,7.09,-1.45,1.59,0.62,-0.61,1.0,thank-you
1348.0,3565.0,3825.0,3255.0,4095.0,4095.0,4095.0,4095.0,-4.49,6.54,-3.22,1.48,0.2,-0.8,1.0,thank-you
1292.0,3575.0,3866.0,3243.0,4095.0,4095.0,4095.0,4095.0,-4.56,5.49,-4.15,1.32,-0.24,-1.12,1.0,thank-you
1183.0,3565.0,3856.0,3248.0,4095.0,4095.0,4095.0,4095.0,-5.25,3.91,-6.09,1.74,0.46,-1.13,1.0,thank-you
1168.0,3555.0,3874.0,3250.0,4095.0,4095.0,4095.0,4095.0,-6.73,1.99,-8.91,1.47,0.74,-0.67,1.0,thank-you
1193.0,3573.0,3871.0,3249.0,4095.0,4095.0,4095.0,4095.0,-6.18,1.79,-10.17,0.79,0.79,-0.47,1.0,thank-you
1215.0,3566.0,3888.0,3249.0,4095.0,4095.0,4095.0,4095.0,-5.02,1.1,-9.04,0.43,0.16,-0.35,1.0,thank-you
1296.0,3568.0,3909.0,3260.0,4095.0,4095.0,4095.0,4095.0,-4.76,0.9,-9.02,0.05,0.13,-0.07,1.0,thank-you
1296.0,3558.0,3917.0,3264.0,4095.0,4095.0,4095.0,4095.0,-4.78,0.38,-8.36,-0.11,-0.06,0.02,1.0,thank-you
1266.0,3539.0,3927.0,3271.0,4095.0,4095.0,4095.0,4095.0,-4.99,1.13,-8.51,-0.12,0.01,0.02,1.0,thank-you
1260.0,3558.0,3904.0,3279.0,4095.0,4095.0,4095.0,4095.0,-4.58,1.28,-8.11,-0.17,0.0,0.01,1.0,thank-you
1226.0,3557.0,3920.0,3281.0,4095.0,4095.0,4095.0,4095.0,-4.86,0.97,-8.28,-0.19,0.08,-0.02,1.0,thank-you
1202.0,3552.0,3926.0,3280.0,4095.0,4095.0,4095.0,4095.0,-4.61,1.28,-7.95,-0.14,0.03,-0.06,1.0,thank-you
1205.0,3524.0,3919.0,3280.0,4095.0,4095.0,4095.0,4095.0,-5.04,1.24,-8.1,-0.12,-0.08,-0.08,1.0,thank-you
1190.0,3573.0,3915.0,3286.0,4095.0,4095.0,4095.0,4095.0,-4.61,1.15,-8.12,-0.04,-0.01,-0.13,1.0,thank-you
1117.0,3568.0,3894.0,3287.0,4095.0,4095.0,4095.0,4095.0,-5.02,1.08,-8.18,-0.13,-0.02,-0.11,1.0,thank-you
1066.0,3559.0,3888.0,3286.0,4095.0,4095.0,4095.0,4095.0,-5.04,0.99,-8.34,-0.09,0.08,-0.01,1.0,thank-you
1019.0,3542.0,3883.0,3308.0,4095.0,4095.0,4095.0,4095.0,-4.92,1.25,-8.39,-0.11,-0.03,-0.04,1.0,thank-you
1010.0,3535.0,3885.0,3305.0,4095.0,4095.0,4095.0,4095.0,-4.92,1.3,-8.04,-0.12,-0.03,-0.02,1.0,thank-you
993.0,3550.0,3879.0,3309.0,4095.0,4095.0,4095.0,4095.0,-4.95,1.22,-8.2,-0.07,-0.01,-0.02,1.0,thank-you
890.0,3498.0,3937.0,3573.0,4095.0,4095.0,4095.0,4095.0,-4.16,9.04,0.16,-0.12,-0.03,-0.05,1.0,thank-you
899.0,3491.0,3927.0,3566.0,4095.0,4095.0,4095.0,4095.0,-4.02,9.07,0.18,-0.07,-0.16,-0.0,1.0,thank-you
906.0,3499.0,3894.0,3583.0,4095.0,4095.0,4095.0,4095.0,-4.05,9.05,0.18,-0.06,-0.21,-0.03,1.0,thank-you
894.0,3502.0,3914.0,3583.0,4095.0,4095.0,4095.0,4095.0,-4.26,9.1,1.39,-0.15,-0.17,-0.06,1.0,thank-you
897.0,3493.0,3888.0,3583.0,4095.0,4095.0,4095.0,4095.0,-3.83,9.02,0.86,-0.07,-0.26,-0.02,1.0,thank-you
893.0,3487.0,3885.0,3598.0,4095.0,4095.0,4095.0,4095.0,-3.75,8.99,4.36,0.18,-0.08,-0.06,1.0,thank-you
895.0,3498.0,3885.0,3583.0,4095.0,4095.0,4095.0,4095.0,-1.63,7.4,5.93,1.83,-0.59,-0.9,1.0,thank-you
881.0,3490.0,3965.0,3580.0,4095.0,4095.0,4095.0,4095.0,-3.08,4.79,0.68,3.13,0.48,-1.59,1.0,thank-you
887.0,3501.0,3996.0,3571.0,4095.0,4095.0,4095.0,4095.0,-3.85,1.6,-5.65,3.99,2.01,-2.18,1.0,thank-you
896.0,3507.0,4065.0,3583.0,4095.0,4095.0,4095.0,4095.0,-7.02,-1.66,-13.47,2.77,1.65,-1.47,1.0,thank-you
891.0,3498.0,4095.0,3647.0,4095.0,4095.0,4095.0,4095.0,-6.98,-0.91,-13.77,0.61,-0.14,-0.35,1.0,thank-you
880.0,3502.0,4095.0,3667.0,4095.0,4095.0,4095.0,4095.0,-5.71,-0.21,-8.44,0.38,0.22,-0.58,1.0,thank-you
896.0,3485.0,4095.0,3671.0,4095.0,4095.0,4095.0,4095.0,-5.07,-0.21,-8.98,0.03,-0.09,-0.07,1.0,thank-you
890.0,3503.0,4095.0,3664.0,4095.0,4095.0,4095.0,4095.0,-4.58,0.01,-7.77,-0.11,-0.08,0.05,1.0,thank-you
889.0,3483.0,4095.0,3671.0,4095.0,4095.0,4095.0,4095.0,-5.05,-0.06,-7.77,-0.05,0.04,-0.05,1.0,thank-you
886.0,3476.0,4095.0,3658.0,4095.0,4095.0,4095.0,4095.0,-5.2,-0.12,-8.37,-0.08,-0.09,-0.11,1.0,thank-you
883.0,3482.0,4095.0,3669.0,4095.0,4095.0,4095.0,4095.0,-4.93,-0.05,-8.0,-0.14,-0.03,-0.06,1.0,thank-you
882.0,3489.0,4095.0,3681.0,4095.0,4095.0,4095.0,4095.0,-5.16,-0.11,-7.99,-0.08,0.08,-0.07,1.0,thank-you
897.0,3482.0,4095.0,3663.0,4095.0,4095.0,4095.0,4095.0,-4.96,-0.07,-8.08,-0.07,-0.04,-0.12,1.0,thank-you
882.0,3504.0,4095.0,3659.0,4095.0,4095.0,4095.0,4095.0,-4.94,0.08,-8.37,-0.1,0.0,-0.1,1.0,thank-you
897.0,3475.0,3997.0,3394.0,4095.0,4095.0,4095.0,4095.0,-4.21,9.07,0.69,-0.05,-0.34,-0.09,1.0,thank-you
894.0,3483.0,3969.0,3399.0,4095.0,4095.0,4095.0,4095.0,-3.72,9.11,1.23,-0.14,-0.02,-0.06,1.0,thank-you
887.0,3475.0,3978.0,3417.0,4095.0,4095.0,4095.0,4095.0,-3.29,8.51,5.32,0.45,-0.16,-0.22,1.0,thank-you
893.0,3469.0,3995.0,3408.0,4095.0,4095.0,4095.0,4095.0,-2.09,7.1,2.24,1.9,0.41,-1.06,1.0,thank-you
893.0,3482.0,4023.0,3407.0,4095.0,4095.0,4095.0,4095.0,-4.55,4.68,-2.62,2.13,1.1,-1.51,1.0,thank-you
886.0,3493.0,4095.0,3394.0,4095.0,4095.0,4095.0,4095.0,-5.48,1.87,-5.7,2.23,0.91,-1.48,1.0,thank-you
893.0,3497.0,4095.0,3422.0,4095.0,4095.0,4095.0,4095.0,-5.61,-1.08,-9.45,1.99,1.17,-1.46,1.0,thank-you
887.0,3481.0,4095.0,3455.0,4095.0,4095.0,4095.0,4095.0,-6.36,0.64,-12.17,0.59,0.39,0.04,1.0,thank-you
886.0,3483.0,4095.0,3463.0,4095.0,4095.0,4095.0,4095.0,-5.77,-0.3,-9.06,0.22,-0.04,-0.08,1.0,thank-you
886.0,3481.0,4095.0,3471.0,4095.0,4095.0,4095.0,4095.0,-5.18,0.39,-8.49,0.06,-0.08,0.02,1.0,thank-you
897.0,3467.0,4095.0,3472.0,4095.0,4095.0,4095.0,4095.0,-5.14,0.53,-8.33,-0.1,-0.07,0.0,1.0,thank-you
886.0,3491.0,4095.0,3485.0,4095.0,4095.0,4095.0,4095.0,-5.07,0.51,-7.91,-0.06,-0.1,0.01,1.0,thank-you
894.0,3477.0,4095.0,3486.0,4095.0,4095.0,4095.0,4095.0,-5.09,0.42,-8.29,-0.08,0.08,0.03,1.0,thank-you
882.0,3473.0,4095.0,3476.0,4095.0,4095.0,4095.0,4095.0,-5.18,0.59,-8.09,-0.06,-0.09,0.0,1.0,thank-you
903.0,3490.0,4095.0,3483.0,4095.0,4095.0,4095.0,4095.0,-5.02,0.52,-8.04,-0.1,-0.06,-0.04,1.0,thank-you
885.0,3478.0,4095.0,3474.0,4095.0,4095.0,4095.0,4095.0,-5.41,0.33,-8.03,-0.07,0.05,0.03,1.0,thank-you
883.0,3478.0,4095.0,3485.0,4095.0,4095.0,4095.0,4095.0,-5.2,0.58,-8.12,-0.06,-0.0,-0.03,1.0,thank-you
896.0,3473.0,4095.0,3485.0,4095.0,4095.0,4095.0,4095.0,-4.88,0.64,-8.03,-0.08,0.02,-0.05,1.0,thank-you
889.0,3477.0,4095.0,3489.0,4095.0,4095.0,4095.0,4095.0,-4.99,0.63,-8.02,-0.1,0.0,-0.03,1.0,thank-you
887.0,3475.0,4095.0,3491.0,4095.0,4095.0,4095.0,4095.0,-5.19,0.62,-7.95,-0.06,-0.04,-0.0,1.0,thank-you
896.0,3472.0,4016.0,3513.0,4095.0,4095.0,4095.0,4095.0,-3.19,9.05,3.37,0.07,-0.0,-0.06,1.0,thank-you
915.0,3484.0,4015.0,3470.0,4095.0,4095.0,4095.0,4095.0,0.07,7.13,7.44,1.62,-0.29,-0.92,1.0,thank-you
920.0,3485.0,4059.0,3483.0,4095.0,4095.0,4095.0,4095.0,-4.08,4.62,-1.47,2.55,0.66,-1.75,1.0,thank-you
915.0,3473.0,4095.0,3487.0,4095.0,4095.0,4095.0,4095.0,-5.2,2.32,-6.38,2.59,1.19,-1.73,1.0,thank-you
901.0,3499.0,4095.0,3430.0,4095.0,4095.0,4095.0,4095.0,-7.47,0.89,-10.13,1.85,1.35,-1.19,1.0,thank-you
897.0,3484.0,4095.0,3479.0,4095.0,4095.0,4095.0,4095.0,-6.13,1.22,-10.71,0.77,0.37,-0.32,1.0,thank-you
907.0,3487.0,4095.0,3473.0,4095.0,4095.0,4095.0,4095.0,-5.43,0.35,-9.32,0.61,0.31,-0.13,1.0,thank-you
895.0,3481.0,4095.0,3515.0,4095.0,4095.0,4095.0,4095.0,-4.16,0.11,-9.62,0.15,0.03,0.09,1.0,thank-you
890.0,3488.0,4095.0,3521.0,4095.0,4095.0,4095.0,4095.0,-4.64,0.65,-8.51,-0.12,0.01,0.04,1.0,thank-you
900.0,3475.0,4095.0,3507.0,4095.0,4095.0,4095.0,4095.0,-4.58,0.55,-8.38,-0.08,0.0,0.0,1.0,thank-you
891.0,3478.0,4095.0,3507.0,4095.0,4095.0,4095.0,4095.0,-4.81,0.51,-8.44,-0.11,0.1,0.05,1.0,thank-you
890.0,3472.0,4095.0,3515.0,4095.0,4095.0,4095.0,4095.0,-4.83,0.61,-8.31,-0.14,0.07,0.04,1.0,thank-you
902.0,3479.0,4095.0,3519.0,4095.0,4095.0,4095.0,4095.0,-4.71,0.74,-8.31,-0.13,-0.06,0.03,1.0,thank-you
887.0,3478.0,4095.0,3525.0,4095.0,4095.0,4095.0,4095.0,-4.65,0.76,-8.31,-0.1,-0.02,-0.0,1.0,thank-you
914.0,3472.0,4095.0,3527.0,4095.0,4095.0,4095.0,4095.0,-4.6,0.75,-8.37,-0.07,0.02,-0.02,1.0,thank-you
907.0,3475.0,4095.0,3511.0,4095.0,4095.0,4095.0,4095.0,-4.62,0.71,-8.1,-0.07,0.03,-0.03,1.0,thank-you
903.0,3462.0,4095.0,3511.0,4095.0,4095.0,4095.0,4095.0,-4.81,0.69,-8.23,-0.06,0.09,-0.03,1.0,thank-you
902.0,3477.0,4095.0,3530.0,4095.0,4095.0,4095.0,4095.0,-4.54,0.71,-8.34,-0.03,-0.01,-0.07,1.0,thank-you
896.0,3475.0,4095.0,3507.0,4095.0,4095.0,4095.0,4095.0,-4.63,0.77,-8.32,-0.04,0.03,-0.04,1.0,thank-you
895.0,3456.0,4095.0,3514.0,4095.0,4095.0,4095.0,4095.0,-4.8,0.7,-8.38,-0.07,-0.06,-0.06,1.0,thank-you
922.0,3478.0,3953.0,3536.0,4095.0,4095.0,4095.0,4095.0,-3.88,9.03,1.5,-0.06,-0.06,-0.06,1.0,thank-you
935.0,3443.0,3925.0,3524.0,4095.0,4095.0,4095.0,4095.0,-2.56,8.67,4.61,-0.01,-0.08,-0.24,1.0,thank-you
922.0,3463.0,3952.0,3473.0,4095.0,4095.0,4095.0,4095.0,-1.92,7.88,4.61,1.82,0.21,-0.9,1.0,thank-you
906.0,3459.0,4007.0,3473.0,4095.0,4095.0,4095.0,4095.0,-2.02,4.81,-0.25,2.7,0.64,-1.21,1.0,thank-you
902.0,3478.0,4059.0,3442.0,4095.0,4095.0,4095.0,4095.0,-4.53,2.02,-6.48,2.92,1.29,-1.48,1.0,thank-you
887.0,3497.0,4095.0,3449.0,4095.0,4095.0,4095.0,4095.0,-6.32,1.35,-12.79,2.06,0.72,-0.65,1.0,thank-you
887.0,3478.0,4095.0,3450.0,4095.0,4095.0,4095.0,4095.0,-6.3,1.24,-11.14,0.88,-0.1,-0.4,1.0,thank-you
897.0,3472.0,4095.0,3494.0,4095.0,4095.0,4095.0,4095.0,-5.05,0.01,-9.25,0.44,0.1,-0.17,1.0,thank-you
891.0,3479.0,4095.0,3493.0,4095.0,4095.0,4095.0,4095.0,-4.47,0.27,-9.85,0.14,0.07,0.0,1.0,thank-you
886.0,3470.0,4095.0,3490.0,4095.0,4095.0,4095.0,4095.0,-4.26,1.01,-8.73,-0.04,-0.09,-0.07,1.0,thank-you
883.0,3477.0,4095.0,3511.0,4095.0,4095.0,4095.0,4095.0,-4.3,0.63,-8.12,-0.08,-0.03,-0.08,1.0,thank-you
881.0,3472.0,4095.0,3511.0,4095.0,4095.0,4095.0,4095.0,-4.51,0.55,-8.49,-0.01,-0.1,-0.1,1.0,thank-you
886.0,3472.0,4095.0,3504.0,4095.0,4095.0,4095.0,4095.0,-4.47,0.89,-8.58,-0.06,0.06,-0.02,1.0,thank-you
890.0,3479.0,4095.0,3507.0,4095.0,4095.0,4095.0,4095.0,-4.5,0.82,-8.56,-0.12,0.1,0.02,1.0,thank-you
895.0,3473.0,4095.0,3507.0,4095.0,4095.0,4095.0,4095.0,-4.47,0.7,-8.53,-0.1,0.02,-0.03,1.0,thank-you
883.0,3477.0,4095.0,3489.0,4095.0,4095.0,4095.0,4095.0,-4.32,0.8,-8.48,-0.08,0.01,-0.03,1.0,thank-you
897.0,3482.0,4095.0,3490.0,4095.0,4095.0,4095.0,4095.0,-4.43,0.91,-8.4,-0.08,0.04,-0.06,1.0,thank-you
882.0,3474.0,4095.0,3493.0,4095.0,4095.0,4095.0,4095.0,-4.38,0.87,-8.43,-0.08,-0.01,-0.06,1.0,thank-you
893.0,3476.0,4095.0,3478.0,4095.0,4095.0,4095.0,4095.0,-4.58,0.6,-8.09,-0.04,-0.08,-0.02,1.0,thank-you
884.0,3481.0,4095.0,3490.0,4095.0,4095.0,4095.0,4095.0,-4.54,0.86,-8.57,-0.06,-0.01,-0.06,1.0,thank-you
907.0,3481.0,4095.0,3483.0,4095.0,4095.0,4095.0,4095.0,-3.87,9.43,1.61,-0.06,-0.1,-0.04,1.0,thank-you
912.0,3462.0,4082.0,3462.0,4095.0,4095.0,4095.0,4095.0,-3.15,9.09,4.34,0.41,-0.41,-0.11,1.0,thank-you
916.0,3472.0,4060.0,3455.0,4095.0,4095.0,4095.0,4095.0,-2.25,8.16,2.94,1.26,0.22,-0.46,1.0,thank-you
927.0,3456.0,4095.0,3460.0,4095.0,4095.0,4095.0,4095.0,-2.18,6.68,-0.2,1.99,0.53,-0.97,1.0,thank-you
939.0,3437.0,4095.0,3443.0,4095.0,4095.0,4095.0,4095.0,-3.85,4.42,-3.16,2.38,0.97,-1.38,1.0,thank-you
921.0,3440.0,4095.0,3467.0,4095.0,4095.0,4095.0,4095.0,-3.86,3.09,-7.07,2.61,0.97,-1.51,1.0,thank-you
926.0,3470.0,4095.0,3434.0,4095.0,4095.0,4095.0,4095.0,-4.63,2.04,-11.34,1.77,1.42,-0.98,1.0,thank-you
927.0,3442.0,4095.0,3422.0,4095.0,4095.0,4095.0,4095.0,-5.89,1.36,-11.26,1.01,0.61,-0.4,1.0,thank-you
912.0,3447.0,4095.0,3381.0,4095.0,4095.0,4095.0,4095.0,-4.7,1.72,-9.87,0.23,-0.01,-0.16,1.0,thank-you
920.0,3462.0,4095.0,3447.0,4095.0,4095.0,4095.0,4095.0,-4.91,0.9,-9.39,0.15,0.08,-0.07,1.0,thank-you
912.0,3446.0,4095.0,3455.0,4095.0,4095.0,4095.0,4095.0,-4.39,1.11,-8.93,-0.09,-0.08,-0.1,1.0,thank-you
918.0,3458.0,4095.0,3453.0,4095.0,4095.0,4095.0,4095.0,-4.28,1.11,-8.44,-0.08,-0.11,-0.05,1.0,thank-you
915.0,3439.0,4095.0,3440.0,4095.0,4095.0,4095.0,4095.0,-4.49,1.06,-8.54,-0.11,-0.05,-0.02,1.0,thank-you
918.0,3441.0,4095.0,3451.0,4095.0,4095.0,4095.0,4095.0,-4.14,1.15,-8.55,-0.1,0.01,0.01,1.0,thank-you
923.0,3440.0,4095.0,3440.0,4095.0,4095.0,4095.0,4095.0,-4.16,1.19,-8.4,-0.08,0.03,0.01,1.0,thank-you
915.0,3455.0,4095.0,3454.0,4095.0,4095.0,4095.0,4095.0,-4.09,1.25,-8.58,-0.09,-0.08,-0.01,1.0,thank-you
925.0,3456.0,4095.0,3440.0,4095.0,4095.0,4095.0,4095.0,-4.31,1.21,-8.51,-0.06,-0.02,-0.04,1.0,thank-you
922.0,3455.0,4095.0,3461.0,4095.0,4095.0,4095.0,4095.0,-4.21,1.31,-8.7,-0.09,-0.05,-0.06,1.0,thank-you
926.0,3454.0,4095.0,3444.0,4095.0,4095.0,4095.0,4095.0,-4.04,1.3,-8.41,-0.09,-0.01,-0.05,1.0,thank-you
923.0,3440.0,4095.0,3449.0,4095.0,4095.0,4095.0,4095.0,-4.19,1.3,-8.45,-0.02,-0.07,-0.04,1.0,thank-you
954.0,3456.0,4051.0,3472.0,4095.0,4095.0,4095.0,4095.0,-3.46,9.06,1.49,-0.09,0.1,-0.07,1.0,thank-you
950.0,3459.0,4035.0,3491.0,4095.0,4095.0,4095.0,4095.0,-2.57,9.53,4.02,0.26,-0.03,-0.2,1.0,thank-you
948.0,3456.0,4046.0,3520.0,4095.0,4095.0,4095.0,4095.0,-1.95,8.16,4.67,1.26,-0.97,-0.8,1.0,thank-you
951.0,3450.0,4085.0,3516.0,4095.0,4095.0,4095.0,4095.0,-2.1,5.45,1.92,2.08,0.27,-1.22,1.0,thank-you
953.0,3471.0,4095.0,3495.0,4095.0,4095.0,4095.0,4095.0,-3.36,2.44,-2.71,2.96,1.39,-1.97,1.0,thank-you
945.0,3472.0,4095.0,3517.0,4095.0,4095.0,4095.0,4095.0,-4.94,-0.34,-8.38,3.43,1.48,-2.43,1.0,thank-you
935.0,3482.0,4095.0,3563.0,4095.0,4095.0,4095.0,4095.0,-8.18,0.05,-12.94,1.18,0.69,-0.85,1.0,thank-you
942.0,3480.0,4095.0,3565.0,4095.0,4095.0,4095.0,4095.0,-6.69,1.01,-10.18,0.13,0.21,-0.17,1.0,thank-you
934.0,3476.0,4095.0,3567.0,4095.0,4095.0,4095.0,4095.0,-5.87,0.64,-8.0,-0.02,0.23,-0.08,1.0,thank-you
934.0,3481.0,4095.0,3564.0,4095.0,4095.0,4095.0,4095.0,-5.09,0.96,-8.17,-0.08,0.12,0.02,1.0,thank-you
938.0,3463.0,4095.0,3554.0,4095.0,4095.0,4095.0,4095.0,-5.49,0.84,-7.63,-0.08,0.03,-0.04,1.0,thank-you
943.0,3472.0,4095.0,3557.0,4095.0,4095.0,4095.0,4095.0,-5.34,0.79,-7.86,-0.05,0.0,-0.05,1.0,thank-you
947.0,3472.0,4095.0,3557.0,4095.0,4095.0,4095.0,4095.0,-5.34,0.81,-7.88,-0.04,0.03,-0.05,1.0,thank-you
937.0,3459.0,4095.0,3543.0,4095.0,4095.0,4095.0,4095.0,-5.56,0.69,-7.81,-0.02,0.02,-0.05,1.0,thank-you
925.0,3487.0,4095.0,3541.0,4095.0,4095.0,4095.0,4095.0,-5.38,0.9,-7.89,-0.03,0.07,-0.06,1.0,thank-you
938.0,3460.0,4095.0,3537.0,4095.0,4095.0,4095.0,4095.0,-5.39,0.75,-8.16,-0.03,0.02,-0.0,1.0,thank-you
948.0,3446.0,4095.0,3539.0,4095.0,4095.0,4095.0,4095.0,-5.2,0.79,-7.95,-0.06,-0.13,-0.03,1.0,thank-you
951.0,3475.0,4095.0,3548.0,4095.0,4095.0,4095.0,4095.0,-5.23,0.83,-7.89,-0.11,-0.09,-0.03,1.0,thank-you
963.0,3474.0,4095.0,3539.0,4095.0,4095.0,4095.0,4095.0,-5.22,0.8,-7.62,-0.02,-0.0,-0.03,1.0,thank-you
962.0,3465.0,4095.0,3538.0,4095.0,4095.0,4095.0,4095.0,-5.34,0.83,-7.92,-0.05,-0.03,-0.03,1.0,thank-you
981.0,3463.0,4033.0,3518.0,4095.0,4095.0,4095.0,4095.0,-3.49,9.25,1.87,-0.09,-0.06,-0.05,1.0,thank-you
973.0,3457.0,4026.0,3507.0,4095.0,4095.0,4095.0,4095.0,-1.39,9.13,5.79,0.09,-0.16,-0.14,1.0,thank-you
973.0,3450.0,4057.0,3518.0,4095.0,4095.0,4095.0,4095.0,-0.01,7.39,4.8,1.66,0.18,-1.3,1.0,thank-you
970.0,3438.0,4054.0,3504.0,4095.0,4095.0,4095.0,4095.0,-1.66,4.15,0.34,2.6,0.88,-2.06,1.0,thank-you
961.0,3456.0,4095.0,3504.0,4095.0,4095.0,4095.0,4095.0,-4.4,1.34,-5.83,2.83,0.48,-2.02,1.0,thank-you
960.0,3459.0,4095.0,3490.0,4095.0,4095.0,4095.0,4095.0,-6.71,-0.02,-12.39,2.72,-0.34,-1.66,1.0,thank-you
962.0,3458.0,4095.0,3495.0,4095.0,4095.0,4095.0,4095.0,-5.76,1.86,-10.33,0.97,-0.03,-0.68,1.0,thank-you
966.0,3462.0,4095.0,3513.0,4095.0,4095.0,4095.0,4095.0,-5.01,0.83,-8.29,0.24,0.23,-0.26,1.0,thank-you
976.0,3456.0,4095.0,3525.0,4095.0,4095.0,4095.0,4095.0,-5.05,0.35,-8.34,-0.05,0.16,-0.11,1.0,thank-you
962.0,3440.0,4095.0,3514.0,4095.0,4095.0,4095.0,4095.0,-5.26,0.47,-8.2,-0.11,0.11,-0.01,1.0,thank-you
960.0,3445.0,4095.0,3504.0,4095.0,4095.0,4095.0,4095.0,-5.2,0.39,-7.62,-0.1,0.08,-0.04,1.0,thank-you
965.0,3446.0,4095.0,3511.0,4095.0,4095.0,4095.0,4095.0,-5.35,0.56,-8.06,-0.12,-0.03,0.01,1.0,thank-you
975.0,3450.0,4095.0,3510.0,4095.0,4095.0,4095.0,4095.0,-5.18,0.51,-7.9,-0.15,-0.02,0.01,1.0,thank-you
960.0,3440.0,4095.0,3518.0,4095.0,4095.0,4095.0,4095.0,-5.2,0.61,-7.93,-0.07,0.02,-0.04,1.0,thank-you
965.0,3454.0,4095.0,3525.0,4095.0,4095.0,4095.0,4095.0,-5.19,0.71,-7.83,-0.11,0.12,0.0,1.0,thank-you
969.0,3455.0,4095.0,3505.0,4095.0,4095.0,4095.0,4095.0,-5.17,0.75,-8.02,-0.06,0.06,-0.02,1.0,thank-you
969.0,3451.0,4095.0,3521.0,4095.0,4095.0,4095.0,4095.0,-5.2,0.79,-7.88,-0.09,0.03,-0.02,1.0,thank-you
962.0,3463.0,4095.0,3526.0,4095.0,4095.0,4095.0,4095.0,-5.03,0.78,-7.82,-0.06,-0.0,-0.04,1.0,thank-you
965.0,3457.0,4095.0,3510.0,4095.0,4095.0,4095.0,4095.0,-5.32,0.63,-8.08,-0.08,0.06,-0.02,1.0,thank-you
965.0,3442.0,4095.0,3520.0,4095.0,4095.0,4095.0,4095.0,-5.32,0.74,-7.96,-0.08,0.04,-0.01,1.0,thank-you
976.0,3454.0,4001.0,3467.0,4095.0,4095.0,4095.0,4095.0,-3.79,8.93,2.87,-0.07,-0.05,-0.11,1.0,thank-you
981.0,3456.0,4015.0,3489.0,4095.0,4095.0,4095.0,4095.0,-3.18,8.54,6.64,0.66,-0.4,-0.21,1.0,thank-you
987.0,3467.0,4035.0,3477.0,4095.0,4095.0,4095.0,4095.0,2.59,5.72,4.79,2.54,0.78,-1.39,1.0,thank-you
966.0,3472.0,4095.0,3479.0,4095.0,4095.0,4095.0,4095.0,-2.64,2.38,-3.55,3.69,1.34,-2.6,1.0,thank-you
944.0,3478.0,4095.0,3472.0,4095.0,4095.0,4095.0,4095.0,-10.19,-0.89,-14.4,2.58,2.45,-1.56,1.0,thank-you
955.0,3478.0,4095.0,3470.0,4095.0,4095.0,4095.0,4095.0,-7.3,1.38,-12.3,0.82,0.55,-0.33,1.0,thank-you
946.0,3471.0,4095.0,3472.0,4095.0,4095.0,4095.0,4095.0,-6.36,0.77,-10.15,0.23,-0.02,-0.2,1.0,thank-you
944.0,3479.0,4095.0,3479.0,4095.0,4095.0,4095.0,4095.0,-5.48,0.89,-8.78,0.02,-0.05,0.01,1.0,thank-you
951.0,3472.0,4095.0,3489.0,4095.0,4095.0,4095.0,4095.0,-4.95,0.86,-8.03,-0.1,-0.08,-0.07,1.0,thank-you
957.0,3463.0,4095.0,3475.0,4095.0,4095.0,4095.0,4095.0,-5.03,0.9,-8.12,-0.08,-0.08,-0.05,1.0,thank-you
955.0,3469.0,4095.0,3494.0,4095.0,4095.0,4095.0,4095.0,-4.98,1.14,-8.19,-0.1,-0.07,-0.04,1.0,thank-you
954.0,3473.0,4095.0,3482.0,4095.0,4095.0,4095.0,4095.0,-4.85,1.13,-8.18,-0.07,-0.11,-0.05,1.0,thank-you
964.0,3501.0,4095.0,3491.0,4095.0,4095.0,4095.0,4095.0,-4.7,1.04,-8.09,-0.04,0.02,-0.06,1.0,thank-you
971.0,3484.0,4095.0,3488.0,4095.0,4095.0,4095.0,4095.0,-4.74,1.02,-8.26,-0.07,0.05,-0.03,1.0,thank-you
977.0,3472.0,4095.0,3490.0,4095.0,4095.0,4095.0,4095.0,-4.9,1.08,-8.14,-0.1,0.06,-0.03,1.0,thank-you
967.0,3472.0,4095.0,3503.0,4095.0,4095.0,4095.0,4095.0,-4.9,1.08,-8.1,-0.07,-0.02,-0.01,1.0,thank-you
969.0,3483.0,4095.0,3477.0,4095.0,4095.0,4095.0,4095.0,-4.9,1.11,-8.17,-0.09,0.03,-0.0,1.0,thank-you
976.0,3474.0,4095.0,3481.0,4095.0,4095.0,4095.0,4095.0,-4.77,1.13,-8.04,-0.07,0.04,-0.01,1.0,thank-you
976.0,3465.0,4095.0,3500.0,4095.0,4095.0,4095.0,4095.0,-4.98,1.13,-8.11,-0.05,-0.01,-0.04,1.0,thank-you
970.0,3470.0,4095.0,3494.0,4095.0,4095.0,4095.0,4095.0,-4.87,1.19,-8.17,-0.09,0.03,0.0,1.0,thank-you
956.0,3478.0,4095.0,3407.0,4095.0,4095.0,4095.0,4095.0,-3.31,9.42,1.14,-0.1,0.3,-0.07,1.0,thank-you
954.0,3470.0,4095.0,3408.0,4095.0,4095.0,4095.0,4095.0,-3.2,9.22,2.36,-0.05,-0.11,-0.05,1.0,thank-you
970.0,3443.0,4095.0,3418.0,4095.0,4095.0,4095.0,4095.0,-1.9,8.98,6.09,0.56,-0.37,-0.23,1.0,thank-you
971.0,3453.0,4095.0,3418.0,4095.0,4095.0,4095.0,4095.0,-0.6,7.39,3.37,1.95,0.11,-1.18,1.0,thank-you
981.0,3469.0,4095.0,3418.0,4095.0,4095.0,4095.0,4095.0,-2.64,4.98,-0.97,2.33,1.18,-1.93,1.0,thank-you
976.0,3466.0,4095.0,3417.0,4095.0,4095.0,4095.0,4095.0,-5.45,2.25,-5.87,2.57,1.82,-1.62,1.0,thank-you
967.0,3468.0,4095.0,3426.0,4095.0,4095.0,4095.0,4095.0,-6.02,0.54,-9.17,1.88,0.53,-1.02,1.0,thank-you
972.0,3462.0,4095.0,3421.0,4095.0,4095.0,4095.0,4095.0,-6.75,1.01,-12.53,0.81,0.6,-0.37,1.0,thank-you
975.0,3478.0,4095.0,3429.0,4095.0,4095.0,4095.0,4095.0,-4.68,1.94,-9.51,0.11,0.33,0.02,1.0,thank-you
976.0,3450.0,4095.0,3408.0,4095.0,4095.0,4095.0,4095.0,-4.73,1.35,-8.57,0.09,-0.02,-0.15,1.0,thank-you
974.0,3456.0,4095.0,3424.0,4095.0,4095.0,4095.0,4095.0,-4.6,1.65,-8.63,-0.09,0.04,0.01,1.0,thank-you
980.0,3460.0,4095.0,3435.0,4095.0,4095.0,4095.0,4095.0,-4.69,1.35,-8.04,-0.04,0.0,-0.04,1.0,thank-you
980.0,3477.0,4095.0,3427.0,4095.0,4095.0,4095.0,4095.0,-4.66,1.26,-8.54,-0.06,-0.02,-0.02,1.0,thank-you
979.0,3456.0,4095.0,3429.0,4095.0,4095.0,4095.0,4095.0,-4.83,1.26,-8.24,-0.12,0.13,-0.02,1.0,thank-you
983.0,3445.0,4095.0,3439.0,4095.0,4095.0,4095.0,4095.0,-4.75,1.3,-8.25,-0.09,-0.05,-0.03,1.0,thank-you
974.0,3466.0,4095.0,3433.0,4095.0,4095.0,4095.0,4095.0,-4.59,1.34,-8.47,-0.03,-0.11,-0.04,1.0,thank-you
976.0,3451.0,4095.0,3447.0,4095.0,4095.0,4095.0,4095.0,-4.58,1.4,-8.12,-0.03,-0.06,-0.07,1.0,thank-you
974.0,3465.0,4095.0,3442.0,4095.0,4095.0,4095.0,4095.0,-4.51,1.4,-8.31,-0.05,-0.03,-0.02,1.0,thank-you
986.0,3455.0,4095.0,3450.0,4095.0,4095.0,4095.0,4095.0,-4.64,1.47,-8.51,-0.08,-0.01,-0.02,1.0,thank-you
976.0,3470.0,4095.0,3453.0,4095.0,4095.0,4095.0,4095.0,-4.64,1.4,-8.11,-0.06,-0.02,-0.05,1.0,thank-you
979.0,3471.0,4095.0,3475.0,4095.0,4095.0,4095.0,4095.0,-3.17,9.02,2.5,-0.09,0.03,-0.03,1.0,thank-you
965.0,3464.0,4095.0,3472.0,4095.0,4095.0,4095.0,4095.0,-1.07,8.02,8.1,0.58,0.11,-0.3,1.0,thank-you
967.0,3456.0,4095.0,3462.0,4095.0,4095.0,4095.0,4095.0,-0.92,5.72,3.4,2.36,1.3,-1.54,1.0,thank-you
983.0,3483.0,4095.0,3440.0,4095.0,4095.0,4095.0,4095.0,-2.94,3.19,-2.28,2.83,1.15,-2.03,1.0,thank-you
980.0,3460.0,4095.0,3451.0,4095.0,4095.0,4095.0,4095.0,-7.16,0.52,-11.43,3.0,1.8,-1.63,1.0,thank-you
971.0,3457.0,4095.0,3451.0,4095.0,4095.0,4095.0,4095.0,-7.33,1.63,-12.43,1.55,1.54,-0.87,1.0,thank-you
979.0,3465.0,4095.0,3451.0,4095.0,4095.0,4095.0,4095.0,-5.51,1.64,-9.45,0.49,0.63,-0.56,1.0,thank-you
974.0,3462.0,4095.0,3447.0,4095.0,4095.0,4095.0,4095.0,-5.28,1.06,-9.21,0.19,0.08,-0.2,1.0,thank-you
976.0,3455.0,4095.0,3460.0,4095.0,4095.0,4095.0,4095.0,-5.17,1.13,-9.04,-0.13,0.06,0.01,1.0,thank-you
977.0,3471.0,4095.0,3454.0,4095.0,4095.0,4095.0,4095.0,-4.93,0.99,-8.25,-0.08,0.02,-0.0,1.0,thank-you
976.0,3465.0,4095.0,3457.0,4095.0,4095.0,4095.0,4095.0,-4.64,1.05,-8.04,-0.11,0.01,0.02,1.0,thank-you
976.0,3465.0,4095.0,3469.0,4095.0,4095.0,4095.0,4095.0,-4.76,1.03,-8.28,-0.06,-0.03,-0.02,1.0,thank-you
978.0,3466.0,4095.0,3466.0,4095.0,4095.0,4095.0,4095.0,-4.69,1.13,-8.24,-0.05,-0.12,-0.03,1.0,thank-you
978.0,3452.0,4095.0,3462.0,4095.0,4095.0,4095.0,4095.0,-4.74,1.1,-8.27,-0.06,0.05,0.04,1.0,thank-you
976.0,3454.0,4095.0,3468.0,4095.0,4095.0,4095.0,4095.0,-4.77,1.03,-8.21,-0.09,0.03,0.04,1.0,thank-you
973.0,3458.0,4095.0,3462.0,4095.0,4095.0,4095.0,4095.0,-4.55,1.19,-8.23,-0.04,-0.01,0.04,1.0,thank-you
980.0,3461.0,4095.0,3461.0,4095.0,4095.0,4095.0,4095.0,-4.44,1.35,-8.49,-0.07,-0.01,0.06,1.0,thank-you
976.0,3461.0,4095.0,3460.0,4095.0,4095.0,4095.0,4095.0,-4.52,1.28,-8.44,-0.12,0.05,0.07,1.0,thank-you
986.0,3469.0,4095.0,3440.0,4095.0,4095.0,4095.0,4095.0,-4.47,1.38,-8.31,-0.09,0.1,0.02,1.0,thank-you
976.0,3458.0,4095.0,3456.0,4095.0,4095.0,4095.0,4095.0,-4.4,1.51,-8.34,-0.11,0.04,0.02,1.0,thank-you
986.0,3492.0,4095.0,3403.0,4095.0,4095.0,4095.0,4095.0,-3.53,9.41,1.34,-0.09,-0.05,-0.04,1.0,thank-you
989.0,3479.0,4095.0,3403.0,4095.0,4095.0,4095.0,4095.0,-3.69,8.81,3.24,0.03,-0.32,-0.05,1.0,thank-you
994.0,3473.0,4095.0,3422.0,4095.0,4095.0,4095.0,4095.0,-2.26,8.23,4.94,1.08,-0.29,-0.35,1.0,thank-you
985.0,3466.0,4095.0,3408.0,4095.0,4095.0,4095.0,4095.0,-2.33,6.28,1.31,2.19,0.57,-1.07,1.0,thank-you
989.0,3475.0,4095.0,3417.0,4095.0,4095.0,4095.0,4095.0,-4.14,5.24,-3.13,2.54,0.91,-1.34,1.0,thank-you
987.0,3487.0,4095.0,3438.0,4095.0,4095.0,4095.0,4095.0,-5.35,3.39,-7.59,2.07,1.91,-1.55,1.0,thank-you
995.0,3487.0,4095.0,3438.0,4095.0,4095.0,4095.0,4095.0,-6.39,1.03,-12.24,1.71,2.66,-0.69,1.0,thank-you
983.0,3493.0,4095.0,3437.0,4095.0,4095.0,4095.0,4095.0,-4.83,1.94,-11.87,0.88,0.68,-0.26,1.0,thank-you
992.0,3481.0,4095.0,3437.0,4095.0,4095.0,4095.0,4095.0,-5.4,2.22,-12.27,-0.2,0.16,0.11,1.0,thank-you
995.0,3495.0,4095.0,3451.0,4095.0,4095.0,4095.0,4095.0,-3.88,1.04,-7.67,-0.02,-0.2,-0.05,1.0,thank-you
993.0,3479.0,4095.0,3457.0,4095.0,4095.0,4095.0,4095.0,-4.19,1.32,-9.16,-0.08,-0.0,0.03,1.0,thank-you
997.0,3488.0,4095.0,3461.0,4095.0,4095.0,4095.0,4095.0,-3.8,1.42,-8.33,-0.07,-0.06,-0.06,1.0,thank-you
987.0,3482.0,4095.0,3442.0,4095.0,4095.0,4095.0,4095.0,-3.88,1.74,-8.58,-0.07,0.01,-0.02,1.0,thank-you
982.0,3492.0,4095.0,3450.0,4095.0,4095.0,4095.0,4095.0,-3.78,1.53,-8.53,-0.06,-0.08,-0.04,1.0,thank-you
998.0,3488.0,4095.0,3453.0,4095.0,4095.0,4095.0,4095.0,-3.99,1.66,-8.67,-0.06,-0.02,-0.02,1.0,thank-you
996.0,3473.0,4095.0,3458.0,4095.0,4095.0,4095.0,4095.0,-4.0,1.68,-8.69,-0.09,-0.13,0.01,1.0,thank-you
989.0,3463.0,4095.0,3449.0,4095.0,4095.0,4095.0,4095.0,-3.85,1.39,-8.87,-0.05,-0.25,0.04,1.0,thank-you
987.0,3488.0,4095.0,3469.0,4095.0,4095.0,4095.0,4095.0,-4.64,1.37,-8.65,-0.04,-0.31,0.16,1.0,thank-you
990.0,3482.0,4095.0,3459.0,4095.0,4095.0,4095.0,4095.0,-5.01,1.73,-8.01,0.05,-0.31,0.59,1.0,thank-you
978.0,3478.0,4095.0,3472.0,4095.0,4095.0,4095.0,4095.0,-4.02,2.55,-7.94,0.16,-0.47,0.64,1.0,thank-you
981.0,3487.0,4095.0,3431.0,4095.0,4095.0,4095.0,4095.0,-3.3,9.18,2.49,-0.36,-0.01,-0.09,1.0,thank-you
979.0,3485.0,4095.0,3436.0,4095.0,4095.0,4095.0,4095.0,-2.64,8.83,2.21,-0.07,-0.15,0.07,1.0,thank-you
977.0,3471.0,4095.0,3450.0,4095.0,4095.0,4095.0,4095.0,-2.49,8.3,5.4,0.19,-0.16,-0.04,1.0,thank-you
984.0,3499.0,4095.0,3440.0,4095.0,4095.0,4095.0,4095.0,0.19,5.86,7.99,1.88,-0.58,-1.06,1.0,thank-you
977.0,3482.0,4095.0,3440.0,4095.0,4095.0,4095.0,4095.0,-2.63,2.62,-0.45,2.98,1.18,-2.22,1.0,thank-you
983.0,3476.0,4095.0,3461.0,4095.0,4095.0,4095.0,4095.0,-4.95,0.43,-7.41,3.28,2.35,-1.95,1.0,thank-you
977.0,3472.0,4095.0,3464.0,4095.0,4095.0,4095.0,4095.0,-7.5,0.9,-15.66,1.94,3.1,-0.52,1.0,thank-you
987.0,3503.0,4095.0,3472.0,4095.0,4095.0,4095.0,4095.0,-5.56,1.41,-13.0,0.78,0.52,-0.32,1.0,thank-you
985.0,3475.0,4095.0,3473.0,4095.0,4095.0,4095.0,4095.0,-4.28,1.2,-10.87,0.08,-0.19,-0.12,1.0,thank-you
989.0,3493.0,4095.0,3469.0,4095.0,4095.0,4095.0,4095.0,-4.79,1.03,-8.9,-0.05,-0.13,-0.04,1.0,thank-you
987.0,3479.0,4095.0,3471.0,4095.0,4095.0,4095.0,4095.0,-3.87,0.94,-8.81,-0.02,0.03,-0.0,1.0,thank-you
987.0,3469.0,4095.0,3472.0,4095.0,4095.0,4095.0,4095.0,-3.81,1.31,-8.76,-0.01,-0.0,-0.01,1.0,thank-you
991.0,3481.0,4095.0,3477.0,4095.0,4095.0,4095.0,4095.0,-4.1,1.12,-9.12,-0.13,0.08,-0.06,1.0,thank-you
991.0,3483.0,4095.0,3469.0,4095.0,4095.0,4095.0,4095.0,-3.85,1.06,-8.7,-0.19,0.03,-0.04,1.0,thank-you
996.0,3477.0,4095.0,3474.0,4095.0,4095.0,4095.0,4095.0,-3.68,1.03,-8.43,-0.04,0.04,-0.12,1.0,thank-you
987.0,3475.0,4095.0,3472.0,4095.0,4095.0,4095.0,4095.0,-4.01,1.03,-8.66,-0.07,0.08,-0.06,1.0,thank-you
991.0,3463.0,4095.0,3460.0,4095.0,4095.0,4095.0,4095.0,-4.04,1.08,-9.23,-0.14,0.13,0.04,1.0,thank-you
987.0,3471.0,4095.0,3477.0,4095.0,4095.0,4095.0,4095.0,-3.68,1.25,-8.85,-0.16,0.02,0.03,1.0,thank-you
995.0,3470.0,4095.0,3472.0,4095.0,4095.0,4095.0,4095.0,-3.81,1.26,-8.73,-0.12,-0.03,0.01,1.0,thank-you
976.0,3459.0,4095.0,3470.0,4095.0,4095.0,4095.0,4095.0,-3.85,1.4,-8.75,-0.14,-0.11,-0.03,1.0,thank-you
981.0,3471.0,4095.0,3438.0,4095.0,4095.0,4095.0,4095.0,-2.56,9.41,1.92,-0.08,-0.04,-0.04,1.0,thank-you
977.0,3478.0,4095.0,3443.0,4095.0,4095.0,4095.0,4095.0,-1.57,8.19,7.42,0.58,0.39,-0.22,1.0,thank-you
981.0,3476.0,4095.0,3431.0,4095.0,4095.0,4095.0,4095.0,-1.2,5.88,3.42,2.6,1.04,-0.99,1.0,thank-you
986.0,3477.0,4095.0,3426.0,4095.0,4095.0,4095.0,4095.0,-2.64,4.1,-2.45,2.9,1.17,-1.37,1.0,thank-you
976.0,3471.0,4095.0,3434.0,4095.0,4095.0,4095.0,4095.0,-2.88,2.02,-7.82,2.9,1.42,-1.57,1.0,thank-you
990.0,3485.0,4095.0,3441.0,4095.0,4095.0,4095.0,4095.0,-4.94,1.02,-14.48,2.28,0.91,-1.11,1.0,thank-you
986.0,3472.0,4095.0,3433.0,4095.0,4095.0,4095.0,4095.0,-5.53,0.89,-13.3,1.07,0.31,-0.79,1.0,thank-you
982.0,3474.0,4095.0,3440.0,4095.0,4095.0,4095.0,4095.0,-4.65,1.36,-10.46,0.14,-0.11,-0.24,1.0,thank-you
972.0,3472.0,4095.0,3441.0,4095.0,4095.0,4095.0,4095.0,-4.13,0.81,-8.81,-0.04,0.0,-0.06,1.0,thank-you
976.0,3463.0,4095.0,3438.0,4095.0,4095.0,4095.0,4095.0,-3.81,0.74,-8.87,-0.09,0.1,0.03,1.0,thank-you
960.0,3453.0,4095.0,3455.0,4095.0,4095.0,4095.0,4095.0,-3.64,0.84,-8.64,-0.11,-0.01,-0.01,1.0,thank-you
972.0,3463.0,4095.0,3454.0,4095.0,4095.0,4095.0,4095.0,-4.09,0.86,-8.97,-0.06,-0.12,-0.06,1.0,thank-you
964.0,3458.0,4095.0,3443.0,4095.0,4095.0,4095.0,4095.0,-3.85,0.93,-8.98,-0.11,0.0,-0.02,1.0,thank-you
963.0,3453.0,4095.0,3451.0,4095.0,4095.0,4095.0,4095.0,-3.79,0.87,-8.68,-0.1,0.05,0.01,1.0,thank-you
963.0,3455.0,4095.0,3458.0,4095.0,4095.0,4095.0,4095.0,-3.56,0.89,-8.82,-0.14,0.04,-0.05,1.0,thank-you
959.0,3472.0,4095.0,3450.0,4095.0,4095.0,4095.0,4095.0,-3.64,1.09,-8.77,-0.07,0.09,-0.1,1.0,thank-you
954.0,3462.0,4095.0,3440.0,4095.0,4095.0,4095.0,4095.0,-3.54,0.75,-8.45,-0.16,0.07,0.0,1.0,thank-you
959.0,3456.0,4095.0,3442.0,4095.0,4095.0,4095.0,4095.0,-3.86,1.13,-8.77,-0.08,-0.17,-0.06,1.0,thank-you
953.0,3471.0,4095.0,3445.0,4095.0,4095.0,4095.0,4095.0,-3.81,1.02,-8.72,-0.04,-0.04,-0.09,1.0,thank-you
956.0,3445.0,4095.0,3449.0,4095.0,4095.0,4095.0,4095.0,-3.9,1.16,-8.92,-0.02,0.07,-0.01,1.0,thank-you
976.0,3461.0,4095.0,3440.0,4095.0,4095.0,4095.0,4095.0,-2.43,9.3,2.44,-0.08,-0.1,-0.07,1.0,thank-you
985.0,3465.0,4095.0,3424.0,4095.0,4095.0,4095.0,4095.0,-2.71,8.54,5.16,0.15,-0.45,-0.18,1.0,thank-you
978.0,3451.0,4095.0,3443.0,4095.0,4095.0,4095.0,4095.0,0.01,7.46,6.31,1.49,-0.88,-0.83,1.0,thank-you
977.0,3429.0,4095.0,3441.0,4095.0,4095.0,4095.0,4095.0,0.16,5.39,2.13,2.73,0.95,-1.65,1.0,thank-you
980.0,3429.0,4095.0,3441.0,4095.0,4095.0,4095.0,4095.0,-1.73,1.15,-3.6,3.35,1.96,-2.1,1.0,thank-you
950.0,3433.0,4095.0,3443.0,4095.0,4095.0,4095.0,4095.0,-5.51,-0.78,-12.39,2.89,2.24,-1.25,1.0,thank-you
924.0,3405.0,4095.0,3446.0,4095.0,4095.0,4095.0,4095.0,-6.26,-0.69,-16.01,1.89,1.51,-0.68,1.0,thank-you
935.0,3387.0,4095.0,3439.0,4095.0,4095.0,4095.0,4095.0,-5.67,0.57,-12.69,0.21,-0.02,-0.32,1.0,thank-you
935.0,3377.0,4095.0,3423.0,4095.0,4095.0,4095.0,4095.0,-4.35,0.46,-10.24,-0.22,-0.21,-0.07,1.0,thank-you
930.0,3382.0,4095.0,3411.0,4095.0,4095.0,4095.0,4095.0,-4.08,0.29,-8.41,-0.33,0.03,0.05,1.0,thank-you
935.0,3351.0,4095.0,3419.0,4095.0,4095.0,4095.0,4095.0,-3.95,0.26,-8.64,-0.17,-0.04,0.02,1.0,thank-you
935.0,3369.0,4095.0,3414.0,4095.0,4095.0,4095.0,4095.0,-3.83,0.54,-8.44,-0.14,-0.02,0.01,1.0,thank-you
938.0,3371.0,4095.0,3419.0,4095.0,4095.0,4095.0,4095.0,-3.78,0.47,-8.8,-0.02,0.09,-0.01,1.0,thank-you
935.0,3350.0,4095.0,3414.0,4095.0,4095.0,4095.0,4095.0,-3.99,0.47,-8.75,-0.06,0.01,-0.05,1.0,thank-you
919.0,3361.0,4095.0,3408.0,4095.0,4095.0,4095.0,4095.0,-3.94,0.42,-8.73,-0.03,0.02,0.02,1.0,thank-you
929.0,3344.0,4095.0,3420.0,4095.0,4095.0,4095.0,4095.0,-3.87,0.59,-8.75,-0.04,-0.04,-0.01,1.0,thank-you
929.0,3353.0,4095.0,3418.0,4095.0,4095.0,4095.0,4095.0,-3.91,0.58,-8.84,-0.04,-0.04,-0.01,1.0,thank-you
920.0,3359.0,4095.0,3422.0,4095.0,4095.0,4095.0,4095.0,-3.92,0.59,-8.86,-0.07,0.04,-0.01,1.0,thank-you
943.0,3371.0,4095.0,3419.0,4095.0,4095.0,4095.0,4095.0,-4.01,0.56,-8.76,-0.09,0.05,-0.0,1.0,thank-you
925.0,3344.0,4095.0,3421.0,4095.0,4095.0,4095.0,4095.0,-4.05,0.55,-8.65,-0.09,-0.01,-0.01,1.0,thank-you
933.0,3408.0,4095.0,3445.0,4095.0,4095.0,4095.0,4095.0,-2.81,9.33,2.49,-0.09,-0.02,-0.05,1.0,thank-you
928.0,3392.0,4095.0,3450.0,4095.0,4095.0,4095.0,4095.0,-2.66,8.93,3.48,-0.08,-0.14,-0.08,1.0,thank-you
931.0,3389.0,4095.0,3440.0,4095.0,4095.0,4095.0,4095.0,-0.57,7.62,8.67,0.99,-0.25,-0.45,1.0,thank-you
934.0,3394.0,4095.0,3448.0,4095.0,4095.0,4095.0,4095.0,0.61,3.77,5.35,2.77,0.94,-1.67,1.0,thank-you
933.0,3414.0,4095.0,3471.0,4095.0,4095.0,4095.0,4095.0,-1.63,-1.66,-2.47,3.83,2.64,-2.03,1.0,thank-you
959.0,3409.0,4095.0,3470.0,4095.0,4095.0,4095.0,4095.0,-4.69,-4.91,-13.23,4.17,3.01,-1.4,1.0,thank-you
1943.0,3357.0,4095.0,3450.0,4095.0,4095.0,4095.0,4095.0,-7.61,0.27,-23.33,1.86,0.84,-0.33,1.0,thank-you
2176.0,3498.0,4095.0,3462.0,4095.0,4095.0,4095.0,4095.0,-5.38,1.34,-10.95,-0.08,-0.38,-0.31,1.0,thank-you
2186.0,3447.0,4095.0,3458.0,4095.0,4095.0,4095.0,4095.0,-4.0,0.02,-9.1,-0.16,-0.19,-0.03,1.0,thank-you
2182.0,3385.0,4095.0,3459.0,4095.0,4095.0,4095.0,4095.0,-3.7,-0.01,-8.53,-0.16,0.01,0.05,1.0,thank-you
2183.0,3415.0,4095.0,3469.0,4095.0,4095.0,4095.0,4095.0,-3.63,0.08,-8.66,-0.12,0.06,0.01,1.0,thank-you
2189.0,3411.0,4095.0,3469.0,4095.0,4095.0,4095.0,4095.0,-3.64,0.19,-8.98,-0.05,0.06,-0.02,1.0,thank-you
2184.0,3425.0,4095.0,3472.0,4095.0,4095.0,4095.0,4095.0,-3.79,0.18,-8.83,-0.05,0.01,-0.03,1.0,thank-you
2192.0,3406.0,4095.0,3473.0,4095.0,4095.0,4095.0,4095.0,-3.83,-0.01,-8.9,-0.05,0.07,-0.0,1.0,thank-you
2189.0,3536.0,4095.0,3474.0,4095.0,4095.0,4095.0,4095.0,-3.57,0.17,-8.8,-0.06,-0.12,-0.05,1.0,thank-you
2193.0,3407.0,4095.0,3466.0,4095.0,4095.0,4095.0,4095.0,-3.68,0.23,-8.95,-0.13,-0.05,0.0,1.0,thank-you
2187.0,3415.0,4095.0,3472.0,4095.0,4095.0,4095.0,4095.0,-3.65,0.28,-8.85,-0.13,-0.07,-0.03,1.0,thank-you
2190.0,3392.0,4095.0,3477.0,4095.0,4095.0,4095.0,4095.0,-3.57,0.29,-8.77,-0.08,-0.06,-0.04,1.0,thank-you
2167.0,3392.0,4095.0,3485.0,4095.0,4095.0,4095.0,4095.0,-3.56,0.32,-8.95,-0.08,-0.04,-0.05,1.0,thank-you
2206.0,3408.0,4095.0,3451.0,4095.0,4095.0,4095.0,4095.0,-3.96,0.28,-8.76,-0.02,-0.07,-0.07,1.0,thank-you
955.0,3426.0,4095.0,3474.0,4095.0,4095.0,4095.0,4095.0,-0.23,7.42,5.86,1.3,-0.12,-0.93,1.0,thank-you
957.0,3444.0,4095.0,3499.0,4095.0,4095.0,4095.0,4095.0,-0.2,5.27,3.77,2.54,0.82,-1.83,1.0,thank-you
934.0,3454.0,4095.0,3502.0,4095.0,4095.0,4095.0,4095.0,-2.48,1.63,-3.74,3.25,1.77,-2.09,1.0,thank-you
1005.0,3425.0,4095.0,3483.0,4095.0,4095.0,4095.0,4095.0,-5.45,-0.97,-13.46,2.9,3.01,-1.11,1.0,thank-you
1090.0,3445.0,4095.0,3491.0,4095.0,4095.0,4095.0,4095.0,-4.58,2.14,-14.37,1.68,0.98,-0.8,1.0,thank-you
1078.0,3441.0,4095.0,3510.0,4095.0,4095.0,4095.0,4095.0,-4.91,2.3,-11.0,0.26,0.04,-0.26,1.0,thank-you
1087.0,3450.0,4095.0,3503.0,4095.0,4095.0,4095.0,4095.0,-4.37,1.62,-8.81,-0.1,0.13,0.01,1.0,thank-you
1090.0,3447.0,4095.0,3498.0,4095.0,4095.0,4095.0,4095.0,-3.84,1.24,-8.36,-0.09,-0.02,-0.01,1.0,thank-you
1091.0,3440.0,4095.0,3503.0,4095.0,4095.0,4095.0,4095.0,-3.79,1.32,-8.63,-0.0,-0.12,-0.04,1.0,thank-you
1088.0,3451.0,4095.0,3504.0,4095.0,4095.0,4095.0,4095.0,-3.91,1.42,-8.89,-0.03,0.0,-0.07,1.0,thank-you
1100.0,3436.0,4095.0,3495.0,4095.0,4095.0,4095.0,4095.0,-4.2,1.29,-8.72,0.0,-0.03,-0.04,1.0,thank-you
1103.0,3435.0,4095.0,3490.0,4095.0,4095.0,4095.0,4095.0,-4.02,1.3,-8.79,-0.04,-0.03,-0.03,1.0,thank-you
1107.0,3427.0,4095.0,3503.0,4095.0,4095.0,4095.0,4095.0,-3.88,1.33,-8.77,-0.05,0.02,-0.02,1.0,thank-you
1135.0,3445.0,4095.0,3507.0,4095.0,4095.0,4095.0,4095.0,-3.94,1.25,-8.65,-0.05,0.01,-0.01,1.0,thank-you
1122.0,3442.0,4095.0,3520.0,4095.0,4095.0,4095.0,4095.0,-3.83,1.24,-8.91,-0.08,0.07,0.02,1.0,thank-you
1124.0,3511.0,4095.0,3505.0,4095.0,4095.0,4095.0,4095.0,-3.82,1.33,-8.67,-0.06,0.0,-0.05,1.0,thank-you
1126.0,3521.0,4095.0,3510.0,4095.0,4095.0,4095.0,4095.0,-3.95,1.33,-8.71,-0.07,-0.01,-0.03,1.0,thank-you
1134.0,3441.0,4095.0,3504.0,4095.0,4095.0,4095.0,4095.0,-3.79,1.32,-8.73,-0.06,0.02,0.0,1.0,thank-you
1147.0,3455.0,4095.0,3507.0,4095.0,4095.0,4095.0,4095.0,-3.89,1.37,-8.65,-0.11,-0.03,-0.03,1.0,thank-you
1147.0,3455.0,4095.0,3501.0,4095.0,4095.0,4095.0,4095.0,-3.98,1.41,-8.74,-0.1,0.02,-0.01,1.0,thank-you
929.0,3447.0,4095.0,3473.0,4095.0,4095.0,4095.0,4095.0,-1.88,9.17,3.4,-0.12,0.25,0.02,1.0,thank-you
923.0,3450.0,4095.0,3504.0,4095.0,4095.0,4095.0,4095.0,0.43,7.54,9.52,0.62,0.96,-0.24,1.0,thank-you
934.0,3451.0,4095.0,3515.0,4095.0,4095.0,4095.0,4095.0,0.97,4.98,4.81,2.49,0.78,-1.62,1.0,thank-you
930.0,3456.0,4095.0,3501.0,4095.0,4095.0,4095.0,4095.0,-2.01,1.91,-1.16,3.21,1.67,-2.07,1.0,thank-you
944.0,3442.0,4095.0,3520.0,4095.0,4095.0,4095.0,4095.0,-4.49,-0.19,-11.44,3.47,2.59,-1.31,1.0,thank-you
1991.0,3455.0,4095.0,3494.0,4095.0,4095.0,4095.0,4095.0,-5.8,0.82,-16.9,2.5,1.25,-0.97,1.0,thank-you
2068.0,3453.0,4095.0,3504.0,4095.0,4095.0,4095.0,4095.0,-5.82,1.8,-14.17,0.62,0.27,-0.35,1.0,thank-you
2266.0,3444.0,4095.0,3511.0,4095.0,4095.0,4095.0,4095.0,-4.33,1.25,-9.74,-0.05,0.03,-0.0,1.0,thank-you
2277.0,3443.0,4095.0,3515.0,4095.0,4095.0,4095.0,4095.0,-3.64,0.82,-8.88,-0.15,-0.07,-0.0,1.0,thank-you
2283.0,3453.0,4095.0,3507.0,4095.0,4095.0,4095.0,4095.0,-3.67,0.78,-8.7,-0.07,0.0,0.01,1.0,thank-you
2288.0,3440.0,4095.0,3509.0,4095.0,4095.0,4095.0,4095.0,-3.77,0.86,-8.96,-0.08,-0.0,0.01,1.0,thank-you
2278.0,3443.0,4095.0,3508.0,4095.0,4095.0,4095.0,4095.0,-3.66,0.85,-8.93,-0.11,-0.05,0.01,1.0,thank-you
2278.0,3442.0,4095.0,3504.0,4095.0,4095.0,4095.0,4095.0,-3.77,1.03,-8.98,-0.13,-0.07,-0.05,1.0,thank-you
2276.0,3440.0,4095.0,3519.0,4095.0,4095.0,4095.0,4095.0,-3.82,1.06,-8.76,-0.14,-0.06,-0.01,1.0,thank-you
2287.0,3433.0,4095.0,3511.0,4095.0,4095.0,4095.0,4095.0,-3.73,1.05,-8.86,-0.08,-0.05,-0.02,1.0,thank-you
2276.0,3439.0,4095.0,3504.0,4095.0,4095.0,4095.0,4095.0,-3.66,1.11,-8.76,-0.1,0.03,-0.01,1.0,thank-you
2288.0,3440.0,4095.0,3519.0,4095.0,4095.0,4095.0,4095.0,-3.82,1.19,-8.66,-0.11,0.03,0.01,1.0,thank-you
2285.0,3431.0,4095.0,3519.0,4095.0,4095.0,4095.0,4095.0,-3.6,1.14,-8.71,-0.1,0.01,-0.03,1.0,thank-you
2287.0,3493.0,4095.0,3511.0,4095.0,4095.0,4095.0,4095.0,-3.82,1.3,-8.77,-0.09,0.07,0.01,1.0,thank-you
2283.0,3440.0,4095.0,3526.0,4095.0,4095.0,4095.0,4095.0,-3.81,1.29,-8.92,-0.1,0.01,-0.04,1.0,thank-you
922.0,3423.0,4095.0,3487.0,4095.0,4095.0,4095.0,4095.0,-2.51,9.01,3.33,-0.1,0.04,0.08,1.0,thank-you
923.0,3456.0,4095.0,3485.0,4095.0,4095.0,4095.0,4095.0,-1.14,8.26,7.02,0.3,-0.23,-0.16,1.0,thank-you
923.0,3445.0,4095.0,3463.0,4095.0,4095.0,4095.0,4095.0,0.79,6.34,6.34,2.17,0.29,-1.0,1.0,thank-you
938.0,3442.0,4095.0,3506.0,4095.0,4095.0,4095.0,4095.0,-1.62,4.34,0.09,2.98,1.34,-1.68,1.0,thank-you
922.0,3461.0,4095.0,3511.0,4095.0,4095.0,4095.0,4095.0,-3.41,1.7,-6.25,3.26,1.85,-1.38,1.0,thank-you
1168.0,3456.0,4095.0,3506.0,4095.0,4095.0,4095.0,4095.0,-4.56,1.09,-13.57,3.08,1.25,-0.85,1.0,thank-you
3303.0,3433.0,4095.0,3506.0,4095.0,4095.0,4095.0,4095.0,-6.68,1.53,-15.59,1.36,0.47,-0.74,1.0,thank-you
3325.0,3498.0,4095.0,3502.0,4095.0,4095.0,4095.0,4095.0,-5.46,1.89,-10.71,0.29,0.1,-0.19,1.0,thank-you
3314.0,3491.0,4095.0,3511.0,4095.0,4095.0,4095.0,4095.0,-4.52,0.86,-9.05,-0.07,-0.13,-0.07,1.0,thank-you
3198.0,3426.0,4095.0,3517.0,4095.0,4095.0,4095.0,4095.0,-3.99,0.81,-8.86,-0.07,-0.07,-0.01,1.0,thank-you
3043.0,3419.0,4095.0,3513.0,4095.0,4095.0,4095.0,4095.0,-3.94,0.92,-8.76,-0.12,-0.04,0.01,1.0,thank-you
2954.0,3436.0,4095.0,3520.0,4095.0,4095.0,4095.0,4095.0,-3.99,1.03,-8.72,-0.07,0.01,-0.01,1.0,thank-you
2818.0,3445.0,4095.0,3510.0,4095.0,4095.0,4095.0,4095.0,-3.86,0.98,-8.79,-0.13,-0.04,-0.0,1.0,thank-you
2757.0,3447.0,4095.0,3506.0,4095.0,4095.0,4095.0,4095.0,-3.92,1.01,-8.57,-0.01,-0.0,-0.01,1.0,thank-you
2739.0,3421.0,4095.0,3524.0,4095.0,4095.0,4095.0,4095.0,-3.85,1.01,-8.83,-0.06,0.01,-0.04,1.0,thank-you
2734.0,3456.0,4095.0,3521.0,4095.0,4095.0,4095.0,4095.0,-4.04,1.07,-8.69,-0.09,-0.01,-0.02,1.0,thank-you
2723.0,3471.0,4095.0,3522.0,4095.0,4095.0,4095.0,4095.0,-3.87,1.09,-8.64,-0.09,-0.04,-0.05,1.0,thank-you
2691.0,3439.0,4095.0,3519.0,4095.0,4095.0,4095.0,4095.0,-4.2,1.1,-8.73,-0.13,-0.0,-0.02,1.0,thank-you
2651.0,3429.0,4095.0,3527.0,4095.0,4095.0,4095.0,4095.0,-4.2,1.16,-8.49,-0.1,-0.09,-0.04,1.0,thank-you
2640.0,3461.0,4095.0,3525.0,4095.0,4095.0,4095.0,4095.0,-4.13,1.13,-8.81,-0.14,0.01,0.02,1.0,thank-you
938.0,3472.0,4095.0,3497.0,4095.0,4095.0,4095.0,4095.0,-2.0,9.2,4.33,-0.04,0.13,-0.03,1.0,thank-you
926.0,3472.0,4095.0,3504.0,4095.0,4095.0,4095.0,4095.0,1.46,6.79,9.27,1.57,-0.41,-0.7,1.0,thank-you
948.0,3489.0,4095.0,3509.0,4095.0,4095.0,4095.0,4095.0,-0.35,4.11,1.35,3.19,1.3,-1.59,1.0,thank-you
941.0,3479.0,4095.0,3507.0,4095.0,4095.0,4095.0,4095.0,-2.9,1.8,-4.97,3.14,1.8,-1.52,1.0,thank-you
944.0,3489.0,4095.0,3518.0,4095.0,4095.0,4095.0,4095.0,-5.5,0.39,-12.16,2.92,1.81,-0.55,1.0,thank-you
1216.0,3479.0,4095.0,3529.0,4095.0,4095.0,4095.0,4095.0,-5.15,1.07,-17.47,1.94,0.63,-0.65,1.0,thank-you
1276.0,3453.0,4095.0,3580.0,4095.0,4095.0,4095.0,4095.0,-4.94,2.37,-12.57,0.27,-0.27,-0.42,1.0,thank-you
1251.0,3479.0,4095.0,3583.0,4095.0,4095.0,4095.0,4095.0,-3.93,0.93,-10.19,-0.08,-0.15,-0.15,1.0,thank-you
1251.0,3478.0,4095.0,3583.0,4095.0,4095.0,4095.0,4095.0,-3.3,0.85,-9.02,-0.2,-0.03,-0.01,1.0,thank-you
1232.0,3459.0,4095.0,3583.0,4095.0,4095.0,4095.0,4095.0,-3.23,0.85,-8.94,-0.18,0.11,0.08,1.0,thank-you
1243.0,3463.0,4095.0,3569.0,4095.0,4095.0,4095.0,4095.0,-3.43,0.92,-8.99,-0.13,0.08,0.05,1.0,thank-you
1235.0,3413.0,4095.0,3583.0,4095.0,4095.0,4095.0,4095.0,-3.44,0.98,-8.98,-0.08,-0.02,0.03,1.0,thank-you
1236.0,3455.0,4095.0,3583.0,4095.0,4095.0,4095.0,4095.0,-3.33,0.94,-8.97,-0.03,-0.1,-0.03,1.0,thank-you
1231.0,3449.0,4095.0,3568.0,4095.0,4095.0,4095.0,4095.0,-3.32,1.07,-8.85,-0.07,0.02,-0.02,1.0,thank-you
1243.0,3461.0,4095.0,3600.0,4095.0,4095.0,4095.0,4095.0,-3.27,1.12,-8.94,-0.07,0.02,-0.02,1.0,thank-you
1248.0,3335.0,4095.0,3583.0,4095.0,4095.0,4095.0,4095.0,-3.44,1.13,-8.9,-0.11,0.0,-0.02,1.0,thank-you
1236.0,3519.0,4095.0,3583.0,4095.0,4095.0,4095.0,4095.0,-3.21,1.16,-8.85,-0.09,-0.07,-0.01,1.0,thank-you
1242.0,3457.0,4095.0,3583.0,4095.0,4095.0,4095.0,4095.0,-3.39,0.99,-9.01,-0.09,-0.0,-0.07,1.0,thank-you
1246.0,3458.0,4095.0,3583.0,4095.0,4095.0,4095.0,4095.0,-3.61,1.32,-9.44,-0.14,0.13,0.0,1.0,thank-you
1233.0,3467.0,4095.0,3581.0,4095.0,4095.0,4095.0,4095.0,-4.04,1.74,-10.33,-0.31,-0.2,0.01,1.0,thank-you
975.0,3451.0,4095.0,3526.0,4095.0,4095.0,4095.0,4095.0,-2.51,9.31,2.95,-0.05,-0.15,-0.05,1.0,thank-you
937.0,3446.0,4095.0,3542.0,4095.0,4095.0,4095.0,4095.0,-1.1,7.65,8.83,0.75,0.07,-0.22,1.0,thank-you
943.0,3459.0,4095.0,3536.0,4095.0,4095.0,4095.0,4095.0,0.94,5.1,5.48,2.69,0.45,-1.28,1.0,thank-you
944.0,3476.0,4095.0,3551.0,4095.0,4095.0,4095.0,4095.0,-0.94,1.13,-0.8,3.72,1.38,-2.19,1.0,thank-you
941.0,3485.0,4095.0,3553.0,4095.0,4095.0,4095.0,4095.0,-5.53,-1.47,-14.26,3.75,3.02,-1.37,1.0,thank-you
941.0,3479.0,4095.0,3549.0,4095.0,4095.0,4095.0,4095.0,-4.59,1.08,-15.43,2.22,0.86,-0.74,1.0,thank-you
935.0,3465.0,4095.0,3536.0,4095.0,4095.0,4095.0,4095.0,-3.53,1.89,-13.37,0.65,-0.12,-0.13,1.0,thank-you
940.0,3457.0,4095.0,3555.0,4095.0,4095.0,4095.0,4095.0,-3.48,0.92,-9.36,-0.02,-0.36,-0.15,1.0,thank-you
933.0,3473.0,4095.0,3543.0,4095.0,4095.0,4095.0,4095.0,-3.52,0.71,-8.78,-0.08,-0.19,0.01,1.0,thank-you
929.0,3471.0,4095.0,3550.0,4095.0,4095.0,4095.0,4095.0,-3.09,0.95,-8.99,-0.02,-0.13,-0.0,1.0,thank-you
944.0,3466.0,4095.0,3550.0,4095.0,4095.0,4095.0,4095.0,-3.34,0.72,-9.08,-0.05,-0.0,-0.05,1.0,thank-you
939.0,3464.0,4095.0,3547.0,4095.0,4095.0,4095.0,4095.0,-3.46,0.99,-9.0,-0.07,-0.12,-0.02,1.0,thank-you
937.0,3472.0,4095.0,3545.0,4095.0,4095.0,4095.0,4095.0,-3.52,0.81,-9.01,-0.02,0.05,-0.02,1.0,thank-you
925.0,3457.0,4095.0,3543.0,4095.0,4095.0,4095.0,4095.0,-3.51,0.88,-9.0,-0.08,0.04,-0.03,1.0,thank-you
921.0,3463.0,4095.0,3553.0,4095.0,4095.0,4095.0,4095.0,-3.52,0.94,-9.08,-0.11,0.12,-0.01,1.0,thank-you
930.0,3467.0,4095.0,3567.0,4095.0,4095.0,4095.0,4095.0,-3.46,0.99,-8.83,-0.11,0.1,-0.0,1.0,thank-you
934.0,3469.0,4095.0,3558.0,4095.0,4095.0,4095.0,4095.0,-3.5,0.94,-8.94,-0.1,0.06,-0.0,1.0,thank-you
938.0,3461.0,4095.0,3555.0,4095.0,4095.0,4095.0,4095.0,-3.39,0.94,-8.92,-0.09,-0.0,-0.02,1.0,thank-you
933.0,3465.0,4095.0,3552.0,4095.0,4095.0,4095.0,4095.0,-3.47,0.98,-8.96,-0.08,-0.02,-0.03,1.0,thank-you
937.0,3466.0,4095.0,3562.0,4095.0,4095.0,4095.0,4095.0,-3.4,1.02,-8.99,-0.09,0.0,-0.03,1.0,thank-you
926.0,3451.0,4095.0,3517.0,4095.0,4095.0,4095.0,4095.0,-0.21,7.88,8.84,0.5,-0.19,-0.29,1.0,thank-you
950.0,3456.0,4095.0,3511.0,4095.0,4095.0,4095.0,4095.0,1.48,4.18,6.58,3.35,0.52,-1.36,1.0,thank-you
969.0,3459.0,4095.0,3525.0,4095.0,4095.0,4095.0,4095.0,-0.37,0.83,-1.37,3.6,1.1,-2.13,1.0,thank-you
982.0,3472.0,4095.0,3568.0,4095.0,4095.0,4095.0,4095.0,-4.75,-1.77,-12.55,3.35,2.05,-1.36,1.0,thank-you
955.0,3450.0,4095.0,3582.0,4095.0,4095.0,4095.0,4095.0,-5.5,0.04,-17.58,2.47,0.56,-0.98,1.0,thank-you
932.0,3442.0,4095.0,3574.0,4095.0,4095.0,4095.0,4095.0,-4.56,1.9,-12.87,0.35,-0.03,-0.31,1.0,thank-you
926.0,3445.0,4095.0,3578.0,4095.0,4095.0,4095.0,4095.0,-4.21,1.06,-9.89,-0.18,-0.02,0.06,1.0,thank-you
940.0,3442.0,4095.0,3601.0,4095.0,4095.0,4095.0,4095.0,-3.5,0.66,-8.58,-0.16,-0.13,0.05,1.0,thank-you
943.0,3463.0,4095.0,3578.0,4095.0,4095.0,4095.0,4095.0,-3.14,0.81,-8.74,-0.06,-0.15,-0.01,1.0,thank-you
934.0,3451.0,4095.0,3577.0,4095.0,4095.0,4095.0,4095.0,-3.4,0.84,-8.97,-0.09,-0.1,-0.06,1.0,thank-you
935.0,3442.0,4095.0,3583.0,4095.0,4095.0,4095.0,4095.0,-3.61,0.91,-8.85,-0.07,0.06,-0.02,1.0,thank-you
926.0,3447.0,4095.0,3577.0,4095.0,4095.0,4095.0,4095.0,-3.45,0.88,-8.95,-0.03,-0.06,-0.05,1.0,thank-you
951.0,3440.0,4095.0,3568.0,4095.0,4095.0,4095.0,4095.0,-3.51,1.0,-8.89,-0.06,0.01,-0.02,1.0,thank-you
955.0,3445.0,4095.0,3570.0,4095.0,4095.0,4095.0,4095.0,-3.42,0.94,-8.89,-0.08,0.04,-0.02,1.0,thank-you
966.0,3428.0,4095.0,3582.0,4095.0,4095.0,4095.0,4095.0,-3.39,0.89,-8.85,-0.07,-0.04,-0.05,1.0,thank-you
960.0,3440.0,4095.0,3571.0,4095.0,4095.0,4095.0,4095.0,-3.56,0.93,-8.94,-0.1,0.02,-0.04,1.0,thank-you
950.0,3443.0,4095.0,3562.0,4095.0,4095.0,4095.0,4095.0,-3.62,0.99,-8.95,-0.1,-0.01,-0.05,1.0,thank-you
961.0,3437.0,4095.0,3563.0,4095.0,4095.0,4095.0,4095.0,-3.55,0.86,-8.73,-0.05,-0.06,-0.07,1.0,thank-you
961.0,3443.0,4095.0,3583.0,4095.0,4095.0,4095.0,4095.0,-3.57,0.94,-8.75,-0.09,0.02,-0.01,1.0,thank-you
970.0,3446.0,4095.0,3568.0,4095.0,4095.0,4095.0,4095.0,-3.65,1.04,-8.99,-0.07,0.0,-0.01,1.0,thank-you
934.0,3434.0,4095.0,3536.0,4095.0,4095.0,4095.0,4095.0,2.46,5.99,12.13,1.78,-0.69,-0.78,1.0,thank-you
928.0,3445.0,4095.0,3527.0,4095.0,4095.0,4095.0,4095.0,0.12,2.12,1.57,3.64,1.71,-1.89,1.0,thank-you
931.0,3445.0,4095.0,3515.0,4095.0,4095.0,4095.0,4095.0,-1.5,-1.93,-6.18,3.89,2.63,-2.21,1.0,thank-you
1017.0,3449.0,4095.0,3570.0,4095.0,4095.0,4095.0,4095.0,-7.07,-5.65,-17.92,4.08,2.5,-1.74,1.0,thank-you
2554.0,3387.0,4095.0,3553.0,4095.0,4095.0,4095.0,4095.0,-6.59,-0.57,-18.62,1.5,0.16,-0.72,1.0,thank-you
2559.0,3426.0,4095.0,3545.0,4095.0,4095.0,4095.0,4095.0,-5.11,0.08,-10.37,-0.13,-0.01,-0.16,1.0,thank-you
2586.0,3421.0,4095.0,3549.0,4095.0,4095.0,4095.0,4095.0,-4.09,-0.52,-9.46,-0.34,0.01,0.18,1.0,thank-you
2559.0,3507.0,4095.0,3562.0,4095.0,4095.0,4095.0,4095.0,-3.64,-0.55,-8.26,-0.27,0.11,0.19,1.0,thank-you
2559.0,3441.0,4095.0,3564.0,4095.0,4095.0,4095.0,4095.0,-3.22,-0.17,-8.55,-0.19,0.05,0.04,1.0,thank-you
2559.0,3456.0,4095.0,3555.0,4095.0,4095.0,4095.0,4095.0,-3.55,-0.14,-8.74,-0.11,0.08,0.0,1.0,thank-you
2555.0,3453.0,4095.0,3568.0,4095.0,4095.0,4095.0,4095.0,-3.72,0.04,-8.78,-0.13,0.06,-0.01,1.0,thank-you
2544.0,3435.0,4095.0,3555.0,4095.0,4095.0,4095.0,4095.0,-3.69,0.1,-8.96,-0.08,-0.0,-0.01,1.0,thank-you
2544.0,3449.0,4095.0,3553.0,4095.0,4095.0,4095.0,4095.0,-3.56,0.22,-8.85,-0.07,0.05,0.0,1.0,thank-you
2503.0,3440.0,4095.0,3561.0,4095.0,4095.0,4095.0,4095.0,-3.83,0.11,-8.92,-0.11,0.03,0.01,1.0,thank-you
2477.0,3454.0,4095.0,3558.0,4095.0,4095.0,4095.0,4095.0,-3.67,0.15,-8.66,-0.08,-0.02,-0.03,1.0,thank-you
2405.0,3437.0,4095.0,3552.0,4095.0,4095.0,4095.0,4095.0,-3.59,0.19,-9.0,-0.07,-0.03,-0.05,1.0,thank-you
2333.0,3440.0,4095.0,3562.0,4095.0,4095.0,4095.0,4095.0,-3.69,0.23,-8.92,-0.09,-0.03,-0.05,1.0,thank-you
2283.0,3448.0,4095.0,3565.0,4095.0,4095.0,4095.0,4095.0,-3.66,0.2,-8.71,-0.08,-0.03,-0.04,1.0,thank-you
2274.0,3437.0,4095.0,3561.0,4095.0,4095.0,4095.0,4095.0,-3.73,0.23,-8.83,-0.08,0.04,-0.01,1.0,thank-you
2257.0,3419.0,4095.0,3557.0,4095.0,4095.0,4095.0,4095.0,-3.75,0.16,-8.82,-0.08,0.02,-0.0,1.0,thank-you
989.0,3446.0,4095.0,3518.0,4095.0,4095.0,4095.0,4095.0,-2.35,8.78,4.4,-0.11,-0.08,-0.07,1.0,thank-you
941.0,3456.0,4095.0,3511.0,4095.0,4095.0,4095.0,4095.0,0.72,5.72,10.75,1.69,0.24,-0.6,1.0,thank-you
945.0,3443.0,4095.0,3505.0,4095.0,4095.0,4095.0,4095.0,1.21,1.03,3.13,3.78,1.61,-2.05,1.0,thank-you
945.0,3456.0,4095.0,3519.0,4095.0,4095.0,4095.0,4095.0,-3.11,-4.79,-8.58,4.53,2.37,-2.47,1.0,thank-you
931.0,3451.0,4095.0,3533.0,4095.0,4095.0,4095.0,4095.0,-6.96,-1.53,-20.44,3.2,1.15,-1.11,1.0,thank-you
944.0,3453.0,4095.0,3536.0,4095.0,4095.0,4095.0,4095.0,-6.28,2.26,-14.41,0.56,-0.07,-0.49,1.0,thank-you
951.0,3444.0,4095.0,3531.0,4095.0,4095.0,4095.0,4095.0,-4.83,0.85,-9.47,-0.04,0.2,0.05,1.0,thank-you
951.0,3451.0,4095.0,3530.0,4095.0,4095.0,4095.0,4095.0,-4.2,0.24,-8.43,-0.13,-0.08,-0.06,1.0,thank-you
947.0,3446.0,4095.0,3517.0,4095.0,4095.0,4095.0,4095.0,-4.02,0.51,-8.88,-0.13,0.03,-0.04,1.0,thank-you
958.0,3456.0,4095.0,3534.0,4095.0,4095.0,4095.0,4095.0,-4.14,0.5,-8.81,-0.16,-0.1,-0.03,1.0,thank-you
950.0,3455.0,4095.0,3525.0,4095.0,4095.0,4095.0,4095.0,-4.07,0.43,-8.75,-0.15,0.02,-0.01,1.0,thank-you
955.0,3458.0,4095.0,3537.0,4095.0,4095.0,4095.0,4095.0,-3.94,0.46,-8.52,-0.12,-0.04,-0.03,1.0,thank-you
951.0,3447.0,4095.0,3525.0,4095.0,4095.0,4095.0,4095.0,-4.01,0.61,-8.65,-0.13,0.07,0.02,1.0,thank-you
951.0,3451.0,4095.0,3524.0,4095.0,4095.0,4095.0,4095.0,-3.99,0.57,-8.67,-0.1,-0.02,-0.03,1.0,thank-you
947.0,3441.0,4095.0,3530.0,4095.0,4095.0,4095.0,4095.0,-3.96,0.64,-8.61,-0.13,-0.0,0.0,1.0,thank-you
948.0,3465.0,4095.0,3540.0,4095.0,4095.0,4095.0,4095.0,-4.22,0.69,-8.53,-0.13,-0.0,-0.01,1.0,thank-you
949.0,3451.0,4095.0,3532.0,4095.0,4095.0,4095.0,4095.0,-4.07,0.78,-8.76,-0.1,-0.02,-0.0,1.0,thank-you
959.0,3442.0,4095.0,3543.0,4095.0,4095.0,4095.0,4095.0,-4.05,0.83,-8.53,-0.05,-0.03,-0.03,1.0,thank-you
957.0,3456.0,4095.0,3531.0,4095.0,4095.0,4095.0,4095.0,-4.03,0.79,-8.77,-0.08,-0.01,-0.02,1.0,thank-you
944.0,3457.0,4095.0,3551.0,4095.0,4095.0,4095.0,4095.0,-3.92,0.81,-8.63,-0.07,-0.01,-0.05,1.0,thank-you
931.0,3461.0,4095.0,3535.0,4095.0,4095.0,4095.0,4095.0,-2.77,8.66,4.34,0.01,-0.34,-0.05,1.0,thank-you
927.0,3478.0,4095.0,3535.0,4095.0,4095.0,4095.0,4095.0,1.08,5.24,10.75,2.18,-0.12,-0.71,1.0,thank-you
943.0,3455.0,4095.0,3517.0,4095.0,4095.0,4095.0,4095.0,0.25,0.77,2.22,4.11,1.05,-2.01,1.0,thank-you
929.0,3455.0,4095.0,3526.0,4095.0,4095.0,4095.0,4095.0,-5.07,-3.46,-11.11,4.61,2.8,-2.2,1.0,thank-you
1142.0,3460.0,4095.0,3543.0,4095.0,4095.0,4095.0,4095.0,-6.45,0.02,-21.51,2.89,0.59,-0.88,1.0,thank-you
1206.0,3502.0,4095.0,3543.0,4095.0,4095.0,4095.0,4095.0,-5.23,2.84,-12.19,0.12,-0.41,-0.21,1.0,thank-you
1215.0,3462.0,4095.0,3551.0,4095.0,4095.0,4095.0,4095.0,-4.4,1.34,-9.08,-0.14,-0.16,-0.09,1.0,thank-you
1219.0,3463.0,4095.0,3550.0,4095.0,4095.0,4095.0,4095.0,-3.87,0.91,-8.37,-0.11,-0.03,0.02,1.0,thank-you
1222.0,3445.0,4095.0,3537.0,4095.0,4095.0,4095.0,4095.0,-3.84,1.08,-8.6,-0.07,0.04,-0.02,1.0,thank-you
1232.0,3467.0,4095.0,3558.0,4095.0,4095.0,4095.0,4095.0,-4.09,1.1,-8.72,-0.06,0.08,0.01,1.0,thank-you
1231.0,3473.0,4095.0,3537.0,4095.0,4095.0,4095.0,4095.0,-4.18,1.16,-8.95,-0.11,0.03,0.01,1.0,thank-you
1231.0,3447.0,4095.0,3541.0,4095.0,4095.0,4095.0,4095.0,-3.88,1.31,-8.77,-0.11,-0.01,-0.03,1.0,thank-you
1232.0,3413.0,4095.0,3549.0,4095.0,4095.0,4095.0,4095.0,-4.03,1.28,-8.53,-0.15,-0.03,-0.02,1.0,thank-you
1219.0,3458.0,4095.0,3557.0,4095.0,4095.0,4095.0,4095.0,-3.85,1.21,-8.61,-0.12,-0.05,-0.05,1.0,thank-you
1213.0,3454.0,4095.0,3539.0,4095.0,4095.0,4095.0,4095.0,-4.07,1.36,-8.58,-0.11,0.04,-0.02,1.0,thank-you
1214.0,3461.0,4095.0,3549.0,4095.0,4095.0,4095.0,4095.0,-3.99,1.37,-8.54,-0.07,0.02,-0.01,1.0,thank-you
1207.0,3469.0,4095.0,3546.0,4095.0,4095.0,4095.0,4095.0,-3.9,1.4,-8.68,-0.05,-0.01,-0.01,1.0,thank-you
1210.0,3459.0,4095.0,3553.0,4095.0,4095.0,4095.0,4095.0,-4.05,1.4,-8.52,-0.09,-0.03,0.0,1.0,thank-you
1216.0,3475.0,4095.0,3551.0,4095.0,4095.0,4095.0,4095.0,-3.84,1.43,-8.61,-0.08,-0.06,-0.01,1.0,thank-you
1213.0,3446.0,4095.0,3553.0,4095.0,4095.0,4095.0,4095.0,-3.86,1.53,-8.56,-0.07,-0.05,-0.02,1.0,thank-you
941.0,3455.0,4095.0,3425.0,4095.0,4095.0,4095.0,4095.0,-1.09,8.42,6.5,0.05,-0.13,-0.11,1.0,thank-you
947.0,3456.0,4095.0,3409.0,4095.0,4095.0,4095.0,4095.0,2.02,5.18,9.22,2.39,-0.28,-1.24,1.0,thank-you
948.0,3466.0,4095.0,3413.0,4095.0,4095.0,4095.0,4095.0,1.11,1.3,-0.44,4.06,1.85,-2.14,1.0,thank-you
950.0,3458.0,4095.0,3425.0,4095.0,4095.0,4095.0,4095.0,-5.97,-1.15,-13.33,3.91,2.63,-1.82,1.0,thank-you
958.0,3472.0,4095.0,3455.0,4095.0,4095.0,4095.0,4095.0,-7.58,1.6,-18.6,1.98,1.07,-0.6,1.0,thank-you
942.0,3453.0,4095.0,3467.0,4095.0,4095.0,4095.0,4095.0,-5.3,2.64,-11.32,0.13,0.23,-0.09,1.0,thank-you
943.0,3461.0,4095.0,3450.0,4095.0,4095.0,4095.0,4095.0,-4.35,1.6,-8.85,0.01,-0.07,-0.08,1.0,thank-you
935.0,3461.0,4095.0,3445.0,4095.0,4095.0,4095.0,4095.0,-3.88,1.42,-8.7,-0.03,-0.03,-0.03,1.0,thank-you
929.0,3461.0,4095.0,3468.0,4095.0,4095.0,4095.0,4095.0,-3.89,1.55,-8.81,-0.02,-0.04,-0.02,1.0,thank-you
935.0,3453.0,4095.0,3451.0,4095.0,4095.0,4095.0,4095.0,-3.85,1.48,-8.84,-0.03,0.03,-0.03,1.0,thank-you
933.0,3467.0,4095.0,3471.0,4095.0,4095.0,4095.0,4095.0,-3.96,1.41,-8.71,-0.01,0.0,-0.03,1.0,thank-you
943.0,3458.0,4095.0,3457.0,4095.0,4095.0,4095.0,4095.0,-3.76,1.46,-8.83,-0.05,-0.04,-0.03,1.0,thank-you
944.0,3472.0,4095.0,3466.0,4095.0,4095.0,4095.0,4095.0,-3.71,1.54,-8.78,-0.06,-0.04,-0.02,1.0,thank-you
930.0,3459.0,4095.0,3469.0,4095.0,4095.0,4095.0,4095.0,-3.68,1.42,-8.78,-0.07,-0.02,-0.02,1.0,thank-you
941.0,3472.0,4095.0,3463.0,4095.0,4095.0,4095.0,4095.0,-3.66,1.45,-8.66,-0.03,0.04,-0.01,1.0,thank-you
935.0,3442.0,4095.0,3457.0,4095.0,4095.0,4095.0,4095.0,-3.77,1.44,-8.6,-0.04,0.0,-0.05,1.0,thank-you
941.0,3473.0,4095.0,3458.0,4095.0,4095.0,4095.0,4095.0,-3.95,1.37,-8.88,-0.1,-0.03,-0.05,1.0,thank-you
931.0,3467.0,4095.0,3461.0,4095.0,4095.0,4095.0,4095.0,-3.85,1.41,-8.76,-0.1,-0.03,-0.03,1.0,thank-you
937.0,3440.0,4095.0,3467.0,4095.0,4095.0,4095.0,4095.0,-3.56,1.49,-8.7,-0.08,0.01,-0.02,1.0,thank-you
935.0,3450.0,4095.0,3459.0,4095.0,4095.0,4095.0,4095.0,-3.73,1.58,-8.66,-0.08,0.03,-0.01,1.0,thank-you
993.0,3457.0,4095.0,3473.0,4095.0,4095.0,4095.0,4095.0,-0.09,8.06,8.1,0.42,-0.18,-0.24,1.0,thank-you
989.0,3452.0,4095.0,3458.0,4095.0,4095.0,4095.0,4095.0,2.71,3.8,7.29,3.06,0.63,-1.62,1.0,thank-you
1034.0,3451.0,4095.0,3471.0,4095.0,4095.0,4095.0,4095.0,0.12,-0.65,-2.48,4.21,1.67,-2.66,1.0,thank-you
1017.0,3473.0,4095.0,3493.0,4095.0,4095.0,4095.0,4095.0,-8.51,-3.68,-18.05,3.45,3.86,-1.22,1.0,thank-you
1361.0,3455.0,4095.0,3499.0,4095.0,4095.0,4095.0,4095.0,-7.19,0.96,-18.99,1.57,1.73,0.02,1.0,thank-you
2226.0,3366.0,4095.0,3502.0,4095.0,4095.0,4095.0,4095.0,-4.24,1.78,-11.46,0.03,0.17,-0.12,1.0,thank-you
2224.0,3463.0,4095.0,3505.0,4095.0,4095.0,4095.0,4095.0,-4.32,-0.19,-8.85,-0.18,-0.18,-0.04,1.0,thank-you
2224.0,3454.0,4095.0,3504.0,4095.0,4095.0,4095.0,4095.0,-3.84,-0.02,-8.37,-0.08,-0.13,-0.05,1.0,thank-you
2223.0,3472.0,4095.0,3504.0,4095.0,4095.0,4095.0,4095.0,-4.08,0.26,-8.49,-0.01,-0.02,-0.06,1.0,thank-you
2233.0,3467.0,4095.0,3514.0,4095.0,4095.0,4095.0,4095.0,-4.02,0.41,-8.68,-0.04,-0.07,-0.09,1.0,thank-you
2231.0,3444.0,4095.0,3507.0,4095.0,4095.0,4095.0,4095.0,-4.07,0.42,-8.77,-0.02,0.04,-0.02,1.0,thank-you
2234.0,3461.0,4095.0,3498.0,4095.0,4095.0,4095.0,4095.0,-4.01,0.45,-8.99,-0.07,0.02,-0.04,1.0,thank-you
2188.0,3483.0,4095.0,3509.0,4095.0,4095.0,4095.0,4095.0,-4.25,0.41,-8.82,-0.13,-0.01,-0.03,1.0,thank-you
2109.0,3441.0,4095.0,3503.0,4095.0,4095.0,4095.0,4095.0,-3.93,0.35,-8.66,-0.05,0.03,-0.03,1.0,thank-you
2112.0,3456.0,4095.0,3513.0,4095.0,4095.0,4095.0,4095.0,-3.86,0.33,-8.66,-0.07,0.0,-0.02,1.0,thank-you
2107.0,3461.0,4095.0,3511.0,4095.0,4095.0,4095.0,4095.0,-3.88,0.4,-8.75,-0.08,0.01,-0.03,1.0,thank-you
2091.0,3474.0,4095.0,3503.0,4095.0,4095.0,4095.0,4095.0,-3.97,0.47,-8.72,-0.12,0.0,-0.04,1.0,thank-you
2065.0,3454.0,4095.0,3517.0,4095.0,4095.0,4095.0,4095.0,-4.03,0.55,-8.79,-0.11,-0.0,-0.01,1.0,thank-you
2069.0,3455.0,4095.0,3505.0,4095.0,4095.0,4095.0,4095.0,-4.01,0.45,-8.74,-0.09,0.0,-0.0,1.0,thank-you
2073.0,3413.0,4095.0,3504.0,4095.0,4095.0,4095.0,4095.0,-3.96,0.56,-8.66,-0.09,-0.04,-0.02,1.0,thank-you
935.0,3472.0,4038.0,3488.0,4095.0,4095.0,4095.0,4095.0,-1.17,8.43,6.17,0.07,-0.04,-0.12,1.0,thank-you
950.0,3457.0,4052.0,3476.0,4095.0,4095.0,4095.0,4095.0,1.37,6.22,8.53,2.17,0.26,-0.9,1.0,thank-you
943.0,3458.0,4095.0,3479.0,4095.0,4095.0,4095.0,4095.0,0.26,1.15,0.59,3.7,1.82,-1.98,1.0,thank-you
951.0,3469.0,4093.0,3493.0,4095.0,4095.0,4095.0,4095.0,-3.29,-2.31,-11.24,4.31,3.24,-2.12,1.0,thank-you
1136.0,3665.0,4095.0,3497.0,4095.0,4095.0,4095.0,4095.0,-5.19,-0.81,-17.75,2.93,1.51,-0.47,1.0,thank-you
2179.0,3454.0,4095.0,3504.0,4095.0,4095.0,4095.0,4095.0,-3.65,1.19,-14.05,0.48,-0.13,-0.21,1.0,thank-you
2209.0,3438.0,4095.0,3514.0,4095.0,4095.0,4095.0,4095.0,-3.75,0.79,-9.7,-0.09,-0.09,-0.04,1.0,thank-you
2224.0,3488.0,4095.0,3504.0,4095.0,4095.0,4095.0,4095.0,-3.17,0.5,-9.11,-0.16,-0.1,-0.03,1.0,thank-you
2235.0,3454.0,4095.0,3497.0,4095.0,4095.0,4095.0,4095.0,-3.18,0.65,-8.97,-0.16,-0.03,0.02,1.0,thank-you
2256.0,3459.0,4095.0,3507.0,4095.0,4095.0,4095.0,4095.0,-3.23,0.75,-8.75,-0.08,-0.03,-0.04,1.0,thank-you
2261.0,3664.0,4095.0,3499.0,4095.0,4095.0,4095.0,4095.0,-3.47,0.83,-8.94,-0.1,0.12,0.02,1.0,thank-you
2273.0,3440.0,4095.0,3501.0,4095.0,4095.0,4095.0,4095.0,-3.55,0.66,-8.88,-0.09,0.05,-0.04,1.0,thank-you
2291.0,3549.0,4095.0,3502.0,4095.0,4095.0,4095.0,4095.0,-3.52,0.69,-8.83,-0.07,-0.01,-0.06,1.0,thank-you
2294.0,3443.0,4095.0,3493.0,4095.0,4095.0,4095.0,4095.0,-3.48,0.76,-8.95,-0.09,-0.02,-0.02,1.0,thank-you
2303.0,3456.0,4095.0,3495.0,4095.0,4095.0,4095.0,4095.0,-3.44,0.63,-8.86,-0.03,-0.04,-0.05,1.0,thank-you
2307.0,3465.0,4095.0,3505.0,4095.0,4095.0,4095.0,4095.0,-3.54,0.61,-8.9,-0.04,0.04,-0.04,1.0,thank-you
2319.0,3459.0,4095.0,3503.0,4095.0,4095.0,4095.0,4095.0,-3.5,0.72,-9.22,-0.09,0.04,-0.03,1.0,thank-you
2311.0,3445.0,4095.0,3504.0,4095.0,4095.0,4095.0,4095.0,-3.5,0.76,-9.0,-0.12,-0.03,-0.01,1.0,thank-you
2320.0,3458.0,4095.0,3495.0,4095.0,4095.0,4095.0,4095.0,-3.92,0.77,-9.54,-0.16,-0.04,0.02,1.0,thank-you
2320.0,3438.0,4095.0,3504.0,4095.0,4095.0,4095.0,4095.0,-4.34,1.31,-10.83,-0.56,-0.3,0.14,1.0,thank-you
951.0,3423.0,4095.0,3455.0,4095.0,4095.0,4095.0,4095.0,-1.9,8.87,5.2,-0.12,0.06,-0.03,1.0,thank-you
927.0,3447.0,4095.0,3478.0,4095.0,4095.0,4095.0,4095.0,3.14,5.43,10.28,2.37,0.44,-1.08,1.0,thank-you
946.0,3430.0,4095.0,3487.0,4095.0,4095.0,4095.0,4095.0,1.42,0.04,-0.12,3.85,1.61,-2.29,1.0,thank-you
944.0,3454.0,4095.0,3500.0,4095.0,4095.0,4095.0,4095.0,-7.69,-3.11,-16.98,3.71,3.78,-1.33,1.0,thank-you
941.0,3450.0,4095.0,3520.0,4095.0,4095.0,4095.0,4095.0,-6.35,0.78,-17.23,2.15,1.19,-0.4,1.0,thank-you
1575.0,3440.0,4095.0,3505.0,4095.0,4095.0,4095.0,4095.0,-4.81,1.68,-14.78,0.46,0.16,-0.05,1.0,thank-you
1755.0,3436.0,4095.0,3513.0,4095.0,4095.0,4095.0,4095.0,-3.38,1.22,-9.34,-0.16,-0.16,-0.06,1.0,thank-you
1805.0,3502.0,4095.0,3535.0,4095.0,4095.0,4095.0,4095.0,-2.96,0.77,-9.07,-0.07,-0.33,-0.11,1.0,thank-you
1813.0,3494.0,4095.0,3527.0,4095.0,4095.0,4095.0,4095.0,-3.0,0.74,-8.96,-0.06,-0.04,0.04,1.0,thank-you
1840.0,3431.0,4095.0,3532.0,4095.0,4095.0,4095.0,4095.0,-3.12,0.93,-9.41,-0.07,0.0,0.03,1.0,thank-you
1873.0,3440.0,4095.0,3521.0,4095.0,4095.0,4095.0,4095.0,-3.38,0.91,-9.16,-0.09,0.03,0.01,1.0,thank-you
1878.0,3435.0,4095.0,3529.0,4095.0,4095.0,4095.0,4095.0,-3.25,0.91,-9.05,-0.12,0.05,0.0,1.0,thank-you
1893.0,3440.0,4095.0,3510.0,4095.0,4095.0,4095.0,4095.0,-3.39,0.84,-8.88,-0.08,0.06,-0.04,1.0,thank-you
1896.0,3435.0,4095.0,3515.0,4095.0,4095.0,4095.0,4095.0,-3.3,0.87,-8.92,-0.06,-0.02,-0.05,1.0,thank-you
1888.0,3431.0,4095.0,3523.0,4095.0,4095.0,4095.0,4095.0,-3.32,0.86,-9.02,-0.05,-0.05,-0.05,1.0,thank-you
1894.0,3442.0,4095.0,3511.0,4095.0,4095.0,4095.0,4095.0,-3.4,0.87,-8.98,-0.11,0.02,-0.01,1.0,thank-you
1889.0,3458.0,4095.0,3520.0,4095.0,4095.0,4095.0,4095.0,-3.39,0.91,-8.97,-0.08,-0.02,-0.01,1.0,thank-you
1879.0,3442.0,4095.0,3520.0,4095.0,4095.0,4095.0,4095.0,-3.48,0.93,-8.95,-0.06,-0.01,-0.03,1.0,thank-you
1885.0,3451.0,4095.0,3511.0,4095.0,4095.0,4095.0,4095.0,-3.44,1.01,-9.08,-0.1,-0.07,-0.03,1.0,thank-you
1876.0,3460.0,4095.0,3517.0,4095.0,4095.0,4095.0,4095.0,-3.51,1.16,-9.17,-0.12,0.0,0.01,1.0,thank-you
959.0,3453.0,4069.0,3491.0,4095.0,4095.0,4095.0,4095.0,-0.26,9.09,5.07,0.01,0.06,-0.09,1.0,thank-you
953.0,3456.0,4045.0,3499.0,4095.0,4095.0,4095.0,4095.0,1.45,6.05,10.46,1.96,0.97,-1.04,1.0,thank-you
960.0,3426.0,4095.0,3492.0,4095.0,4095.0,4095.0,4095.0,-0.4,1.26,0.29,3.46,1.73,-1.93,1.0,thank-you
971.0,3445.0,4095.0,3504.0,4095.0,4095.0,4095.0,4095.0,-4.79,-1.13,-11.1,3.53,2.8,-1.32,1.0,thank-you
963.0,3429.0,4095.0,3550.0,4095.0,4095.0,4095.0,4095.0,-4.98,0.23,-15.96,3.03,1.07,-0.9,1.0,thank-you
962.0,3438.0,4095.0,3533.0,4095.0,4095.0,4095.0,4095.0,-5.32,2.18,-15.41,0.88,0.49,-0.16,1.0,thank-you
961.0,3429.0,4095.0,3546.0,4095.0,4095.0,4095.0,4095.0,-5.07,1.42,-11.11,0.16,0.17,-0.04,1.0,thank-you
965.0,3413.0,4095.0,3541.0,4095.0,4095.0,4095.0,4095.0,-3.45,0.84,-9.01,-0.06,-0.13,0.05,1.0,thank-you
955.0,3421.0,4095.0,3545.0,4095.0,4095.0,4095.0,4095.0,-3.13,0.53,-8.83,-0.08,-0.04,-0.02,1.0,thank-you
955.0,3408.0,4095.0,3534.0,4095.0,4095.0,4095.0,4095.0,-3.14,0.68,-8.9,-0.03,-0.02,-0.07,1.0,thank-you
967.0,3410.0,4095.0,3534.0,4095.0,4095.0,4095.0,4095.0,-3.42,0.57,-9.01,-0.01,-0.07,-0.06,1.0,thank-you
956.0,3422.0,4095.0,3527.0,4095.0,4095.0,4095.0,4095.0,-3.38,0.46,-8.84,-0.0,-0.08,-0.08,1.0,thank-you
960.0,3421.0,4095.0,3536.0,4095.0,4095.0,4095.0,4095.0,-3.36,0.39,-9.0,0.0,0.03,-0.04,1.0,thank-you
951.0,3427.0,4095.0,3535.0,4095.0,4095.0,4095.0,4095.0,-3.6,0.53,-9.12,-0.08,0.03,-0.01,1.0,thank-you
965.0,3421.0,4095.0,3536.0,4095.0,4095.0,4095.0,4095.0,-3.5,0.51,-9.03,-0.08,-0.08,-0.02,1.0,thank-you
958.0,3423.0,4095.0,3529.0,4095.0,4095.0,4095.0,4095.0,-3.51,0.46,-9.0,-0.06,0.07,-0.01,1.0,thank-you
962.0,3421.0,4095.0,3536.0,4095.0,4095.0,4095.0,4095.0,-3.58,0.48,-8.89,-0.07,0.05,-0.03,1.0,thank-you
964.0,3403.0,4095.0,3531.0,4095.0,4095.0,4095.0,4095.0,-3.55,0.5,-8.87,-0.06,-0.03,-0.04,1.0,thank-you
960.0,3422.0,4095.0,3534.0,4095.0,4095.0,4095.0,4095.0,-3.57,0.5,-8.88,-0.07,-0.02,-0.01,1.0,thank-you
954.0,3424.0,4095.0,3533.0,4095.0,4095.0,4095.0,4095.0,-3.45,0.59,-9.02,-0.07,-0.03,-0.02,1.0,thank-you
957.0,3424.0,4095.0,3502.0,4095.0,4095.0,4095.0,4095.0,-0.09,8.18,7.52,0.02,1.05,-0.06,1.0,thank-you
983.0,3426.0,4095.0,3490.0,4095.0,4095.0,4095.0,4095.0,1.62,5.52,6.35,2.59,-0.09,-1.23,1.0,thank-you
981.0,3438.0,4095.0,3504.0,4095.0,4095.0,4095.0,4095.0,-1.01,2.33,-1.36,3.49,1.16,-2.07,1.0,thank-you
987.0,3450.0,4095.0,3503.0,4095.0,4095.0,4095.0,4095.0,-5.06,-0.86,-9.76,3.57,2.53,-1.76,1.0,thank-you
987.0,3440.0,4095.0,3506.0,4095.0,4095.0,4095.0,4095.0,-5.18,-1.31,-16.23,3.24,1.44,-0.94,1.0,thank-you
987.0,3431.0,4095.0,3514.0,4095.0,4095.0,4095.0,4095.0,-4.58,1.69,-15.22,0.85,0.21,-0.25,1.0,thank-you
986.0,3427.0,4095.0,3515.0,4095.0,4095.0,4095.0,4095.0,-4.47,0.99,-10.69,-0.01,-0.05,-0.11,1.0,thank-you
990.0,3438.0,4095.0,3527.0,4095.0,4095.0,4095.0,4095.0,-3.46,0.59,-9.14,-0.29,-0.15,-0.01,1.0,thank-you
988.0,3414.0,4095.0,3509.0,4095.0,4095.0,4095.0,4095.0,-3.14,0.48,-8.78,-0.24,0.01,0.01,1.0,thank-you
975.0,3431.0,4095.0,3519.0,4095.0,4095.0,4095.0,4095.0,-3.21,0.47,-8.53,-0.12,0.01,-0.04,1.0,thank-you
986.0,3434.0,4095.0,3518.0,4095.0,4095.0,4095.0,4095.0,-3.42,0.69,-8.73,-0.11,0.0,-0.08,1.0,thank-you
994.0,3437.0,4095.0,3520.0,4095.0,4095.0,4095.0,4095.0,-3.65,0.73,-8.73,-0.1,-0.0,-0.07,1.0,thank-you
981.0,3430.0,4095.0,3509.0,4095.0,4095.0,4095.0,4095.0,-3.76,0.7,-8.82,-0.08,-0.03,-0.03,1.0,thank-you
976.0,3414.0,4095.0,3521.0,4095.0,4095.0,4095.0,4095.0,-3.55,0.78,-8.97,-0.08,0.03,0.03,1.0,thank-you
974.0,3439.0,4095.0,3505.0,4095.0,4095.0,4095.0,4095.0,-3.71,0.86,-8.89,-0.09,0.04,0.03,1.0,thank-you
978.0,3430.0,4095.0,3504.0,4095.0,4095.0,4095.0,4095.0,-3.54,0.89,-8.95,-0.07,-0.0,0.02,1.0,thank-you
983.0,3437.0,4095.0,3521.0,4095.0,4095.0,4095.0,4095.0,-3.52,1.04,-8.85,-0.13,0.0,0.02,1.0,thank-you
971.0,3426.0,4095.0,3519.0,4095.0,4095.0,4095.0,4095.0,-3.66,0.99,-8.94,-0.11,-0.03,-0.01,1.0,thank-you
982.0,3422.0,4095.0,3520.0,4095.0,4095.0,4095.0,4095.0,-3.49,1.04,-8.75,-0.09,-0.07,-0.04,1.0,thank-you
983.0,3429.0,4095.0,3519.0,4095.0,4095.0,4095.0,4095.0,-3.43,1.03,-8.65,-0.07,-0.06,-0.06,1.0,thank-you
985.0,3433.0,4095.0,3463.0,4095.0,4095.0,4095.0,4095.0,-2.4,9.57,2.22,-0.07,0.05,-0.04,1.0,thank-you
971.0,3429.0,4095.0,3483.0,4095.0,4095.0,4095.0,4095.0,-1.32,8.73,6.45,0.27,-0.0,-0.17,1.0,thank-you
987.0,3456.0,4095.0,3472.0,4095.0,4095.0,4095.0,4095.0,2.14,5.71,7.94,2.22,-0.01,-1.15,1.0,thank-you
977.0,3450.0,4095.0,3471.0,4095.0,4095.0,4095.0,4095.0,0.03,1.47,-0.45,3.47,1.1,-2.08,1.0,thank-you
986.0,3437.0,4095.0,3502.0,4095.0,4095.0,4095.0,4095.0,-6.64,-3.47,-11.88,4.23,2.12,-1.53,1.0,thank-you
976.0,3422.0,4095.0,3501.0,4095.0,4095.0,4095.0,4095.0,-5.32,-1.45,-13.97,2.29,0.93,-1.15,1.0,thank-you
976.0,3430.0,4095.0,3498.0,4095.0,4095.0,4095.0,4095.0,-4.98,1.89,-13.99,1.0,0.01,-0.57,1.0,thank-you
990.0,3423.0,4095.0,3487.0,4095.0,4095.0,4095.0,4095.0,-5.13,1.1,-10.89,0.09,-0.07,-0.1,1.0,thank-you
982.0,3430.0,4095.0,3495.0,4095.0,4095.0,4095.0,4095.0,-3.15,0.02,-8.81,-0.23,-0.13,0.01,1.0,thank-you
974.0,3403.0,4095.0,3501.0,4095.0,4095.0,4095.0,4095.0,-3.32,0.08,-8.77,-0.2,-0.07,-0.01,1.0,thank-you
977.0,3436.0,4095.0,3489.0,4095.0,4095.0,4095.0,4095.0,-4.01,0.27,-8.67,-0.18,-0.14,-0.12,1.0,thank-you
974.0,3408.0,4095.0,3499.0,4095.0,4095.0,4095.0,4095.0,-4.1,0.35,-8.55,-0.13,-0.1,-0.06,1.0,thank-you
975.0,3418.0,4095.0,3485.0,4095.0,4095.0,4095.0,4095.0,-3.95,0.23,-8.62,-0.05,-0.05,0.0,1.0,thank-you
979.0,3426.0,4095.0,3483.0,4095.0,4095.0,4095.0,4095.0,-3.71,0.3,-8.85,-0.04,-0.04,-0.02,1.0,thank-you
978.0,3410.0,4095.0,3488.0,4095.0,4095.0,4095.0,4095.0,-3.86,0.39,-8.92,-0.03,-0.02,-0.05,1.0,thank-you
978.0,3435.0,4095.0,3485.0,4095.0,4095.0,4095.0,4095.0,-3.79,0.4,-8.96,-0.06,-0.03,-0.02,1.0,thank-you
964.0,3428.0,4095.0,3481.0,4095.0,4095.0,4095.0,4095.0,-3.84,0.37,-8.73,-0.12,-0.05,-0.01,1.0,thank-you
975.0,3425.0,4095.0,3502.0,4095.0,4095.0,4095.0,4095.0,-3.83,0.36,-8.94,-0.11,0.03,0.01,1.0,thank-you
976.0,3410.0,4095.0,3483.0,4095.0,4095.0,4095.0,4095.0,-3.74,0.41,-8.78,-0.08,-0.03,0.0,1.0,thank-you
978.0,3431.0,4095.0,3500.0,4095.0,4095.0,4095.0,4095.0,-3.71,0.43,-8.54,-0.08,-0.1,-0.08,1.0,thank-you
982.0,3440.0,4048.0,3502.0,4095.0,4095.0,4095.0,4095.0,-1.41,8.29,7.02,0.45,0.28,-0.17,1.0,thank-you
979.0,3425.0,4083.0,3475.0,4095.0,4095.0,4095.0,4095.0,2.09,4.99,6.66,2.71,0.53,-1.22,1.0,thank-you
974.0,3409.0,4095.0,3479.0,4095.0,4095.0,4095.0,4095.0,-1.18,1.49,-1.78,3.85,0.65,-2.02,1.0,thank-you
976.0,3414.0,4095.0,3520.0,4095.0,4095.0,4095.0,4095.0,-3.47,-1.37,-12.13,3.46,1.99,-1.8,1.0,thank-you
946.0,3394.0,4095.0,3515.0,4095.0,4095.0,4095.0,4095.0,-6.29,-0.61,-18.1,2.34,1.21,-0.94,1.0,thank-you
949.0,3396.0,4095.0,3505.0,4095.0,4095.0,4095.0,4095.0,-4.94,1.3,-13.02,0.46,0.45,-0.2,1.0,thank-you
943.0,3383.0,4095.0,3488.0,4095.0,4095.0,4095.0,4095.0,-4.85,0.59,-9.39,-0.05,0.12,-0.12,1.0,thank-you
944.0,3385.0,4095.0,3495.0,4095.0,4095.0,4095.0,4095.0,-3.73,0.08,-9.29,-0.13,-0.15,-0.08,1.0,thank-you
945.0,3371.0,4095.0,3489.0,4095.0,4095.0,4095.0,4095.0,-3.33,-0.01,-8.66,-0.18,-0.03,-0.02,1.0,thank-you
943.0,3383.0,4095.0,3476.0,4095.0,4095.0,4095.0,4095.0,-3.49,0.13,-8.84,-0.17,-0.05,-0.05,1.0,thank-you
944.0,3386.0,4095.0,3483.0,4095.0,4095.0,4095.0,4095.0,-3.59,0.28,-8.79,-0.13,-0.01,-0.04,1.0,thank-you
940.0,3387.0,4095.0,3489.0,4095.0,4095.0,4095.0,4095.0,-3.69,0.4,-8.94,-0.17,0.04,0.04,1.0,thank-you
939.0,3391.0,4095.0,3483.0,4095.0,4095.0,4095.0,4095.0,-3.65,0.38,-8.75,-0.1,-0.02,-0.0,1.0,thank-you
942.0,3377.0,4095.0,3477.0,4095.0,4095.0,4095.0,4095.0,-3.73,0.41,-8.69,-0.08,-0.05,-0.04,1.0,thank-you
933.0,3376.0,4095.0,3491.0,4095.0,4095.0,4095.0,4095.0,-3.58,0.46,-8.75,-0.04,-0.06,-0.05,1.0,thank-you
944.0,3383.0,4095.0,3490.0,4095.0,4095.0,4095.0,4095.0,-3.63,0.48,-8.91,-0.07,-0.02,-0.04,1.0,thank-you
941.0,3376.0,4095.0,3487.0,4095.0,4095.0,4095.0,4095.0,-3.69,0.42,-8.74,-0.06,0.03,-0.03,1.0,thank-you
942.0,3376.0,4095.0,3495.0,4095.0,4095.0,4095.0,4095.0,-3.72,0.48,-8.97,-0.11,0.03,-0.03,1.0,thank-you
943.0,3379.0,4095.0,3504.0,4095.0,4095.0,4095.0,4095.0,-3.77,0.59,-8.91,-0.11,-0.13,-0.06,1.0,thank-you
934.0,3392.0,4095.0,3467.0,4095.0,4095.0,4095.0,4095.0,-3.79,0.52,-8.51,-0.08,-0.02,-0.03,1.0,thank-you
933.0,3469.0,4095.0,3514.0,4095.0,4095.0,4095.0,4095.0,-1.41,8.64,6.45,0.44,0.12,-0.13,1.0,thank-you
929.0,3460.0,4095.0,3529.0,4095.0,4095.0,4095.0,4095.0,2.47,5.83,5.7,2.18,0.54,-1.26,1.0,thank-you
930.0,3458.0,4095.0,3520.0,4095.0,4095.0,4095.0,4095.0,0.31,2.23,-0.71,3.5,1.06,-2.58,1.0,thank-you
938.0,3454.0,4095.0,3551.0,4095.0,4095.0,4095.0,4095.0,-5.11,-1.73,-8.83,3.79,1.27,-2.7,1.0,thank-you
944.0,3440.0,4095.0,3545.0,4095.0,4095.0,4095.0,4095.0,-8.42,-3.46,-15.91,2.81,1.95,-1.99,1.0,thank-you
937.0,3439.0,4095.0,3547.0,4095.0,4095.0,4095.0,4095.0,-6.08,1.86,-12.67,0.72,0.82,-0.24,1.0,thank-you
963.0,3431.0,4095.0,3551.0,4095.0,4095.0,4095.0,4095.0,-5.84,0.21,-9.73,0.03,0.3,-0.12,1.0,thank-you
943.0,3435.0,4095.0,3553.0,4095.0,4095.0,4095.0,4095.0,-4.82,-0.17,-8.52,-0.22,0.1,0.11,1.0,thank-you
945.0,3443.0,4095.0,3563.0,4095.0,4095.0,4095.0,4095.0,-4.32,0.01,-8.37,-0.16,0.06,0.07,1.0,thank-you
946.0,3435.0,4095.0,3548.0,4095.0,4095.0,4095.0,4095.0,-4.63,0.06,-8.32,-0.15,0.14,0.05,1.0,thank-you
951.0,3426.0,4095.0,3543.0,4095.0,4095.0,4095.0,4095.0,-4.34,0.37,-8.51,-0.13,0.08,0.05,1.0,thank-you
954.0,3440.0,4095.0,3542.0,4095.0,4095.0,4095.0,4095.0,-4.16,0.35,-8.36,-0.11,0.06,0.04,1.0,thank-you
966.0,3425.0,4095.0,3547.0,4095.0,4095.0,4095.0,4095.0,-4.19,0.34,-8.24,-0.02,0.02,0.02,1.0,thank-you
980.0,3421.0,4095.0,3557.0,4095.0,4095.0,4095.0,4095.0,-4.26,0.33,-8.73,-0.05,0.03,-0.03,1.0,thank-you
973.0,3442.0,4095.0,3566.0,4095.0,4095.0,4095.0,4095.0,-4.26,0.42,-8.72,-0.08,0.03,-0.04,1.0,thank-you
987.0,3426.0,4095.0,3553.0,4095.0,4095.0,4095.0,4095.0,-4.33,0.38,-8.42,-0.08,-0.06,-0.07,1.0,thank-you
992.0,3429.0,4095.0,3551.0,4095.0,4095.0,4095.0,4095.0,-4.29,0.46,-8.6,-0.04,-0.02,-0.04,1.0,thank-you
1007.0,3424.0,4095.0,3557.0,4095.0,4095.0,4095.0,4095.0,-4.25,0.45,-8.63,-0.05,-0.03,-0.05,1.0,thank-you
1073.0,3447.0,4095.0,3549.0,4095.0,4095.0,4095.0,4095.0,-4.38,0.45,-8.53,-0.11,-0.05,-0.03,1.0,thank-you
1090.0,3310.0,4095.0,3554.0,4095.0,4095.0,4095.0,4095.0,-4.42,0.51,-8.23,-0.07,-0.04,-0.04,1.0,thank-you
941.0,3443.0,4038.0,3485.0,4095.0,4095.0,4095.0,4095.0,-1.67,8.88,5.42,0.12,0.05,-0.1,1.0,thank-you
943.0,3456.0,4071.0,3485.0,4095.0,4095.0,4095.0,4095.0,1.35,6.26,7.51,1.99,-0.48,-0.94,1.0,thank-you
933.0,3438.0,4053.0,3503.0,4095.0,4095.0,4095.0,4095.0,-0.25,3.7,-0.98,2.82,0.7,-1.9,1.0,thank-you
929.0,3433.0,4065.0,3515.0,4095.0,4095.0,4095.0,4095.0,-5.54,-0.72,-6.58,3.05,0.86,-2.14,1.0,thank-you
944.0,3427.0,4082.0,3529.0,4095.0,4095.0,4095.0,4095.0,-9.11,0.12,-12.72,1.93,1.61,-1.5,1.0,thank-you
934.0,3398.0,4055.0,3524.0,4095.0,4095.0,4095.0,4095.0,-7.26,1.71,-13.96,1.24,1.62,-0.2,1.0,thank-you
925.0,3423.0,4066.0,3493.0,4095.0,4095.0,4095.0,4095.0,-5.13,1.25,-11.31,0.47,-0.19,-0.36,1.0,thank-you
939.0,3413.0,4066.0,3506.0,4095.0,4095.0,4095.0,4095.0,-3.85,0.84,-8.98,-0.13,-0.39,-0.09,1.0,thank-you
930.0,3422.0,4054.0,3502.0,4095.0,4095.0,4095.0,4095.0,-3.59,0.77,-8.48,-0.11,-0.09,0.01,1.0,thank-you
940.0,3423.0,4054.0,3510.0,4095.0,4095.0,4095.0,4095.0,-3.95,0.79,-8.61,-0.06,-0.03,-0.02,1.0,thank-you
944.0,3391.0,4082.0,3507.0,4095.0,4095.0,4095.0,4095.0,-4.01,0.9,-8.6,-0.07,-0.06,-0.07,1.0,thank-you
947.0,3421.0,4080.0,3514.0,4095.0,4095.0,4095.0,4095.0,-3.89,0.93,-8.67,-0.0,-0.15,-0.12,1.0,thank-you
960.0,3421.0,4073.0,3523.0,4095.0,4095.0,4095.0,4095.0,-4.31,0.62,-8.58,0.0,-0.07,-0.07,1.0,thank-you
956.0,3435.0,4080.0,3518.0,4095.0,4095.0,4095.0,4095.0,-4.09,0.64,-8.66,-0.04,0.05,0.0,1.0,thank-you
963.0,3421.0,4091.0,3507.0,4095.0,4095.0,4095.0,4095.0,-4.01,0.78,-8.65,-0.09,0.13,0.02,1.0,thank-you
971.0,3418.0,4062.0,3506.0,4095.0,4095.0,4095.0,4095.0,-4.03,0.74,-8.83,-0.06,0.08,0.0,1.0,thank-you
976.0,3408.0,4080.0,3509.0,4095.0,4095.0,4095.0,4095.0,-4.0,0.75,-8.71,-0.09,0.07,-0.01,1.0,thank-you
976.0,3422.0,4085.0,3530.0,4095.0,4095.0,4095.0,4095.0,-4.11,0.74,-8.69,-0.13,0.12,-0.0,1.0,thank-you
992.0,3436.0,4087.0,3519.0,4095.0,4095.0,4095.0,4095.0,-4.1,0.81,-8.59,-0.05,-0.0,-0.05,1.0,thank-you
1047.0,3434.0,4064.0,3522.0,4095.0,4095.0,4095.0,4095.0,-4.21,0.77,-8.72,-0.06,0.07,0.01,1.0,thank-you
934.0,3439.0,4027.0,3455.0,4095.0,4095.0,4095.0,4095.0,-1.29,8.92,4.48,0.28,0.34,-0.15,1.0,thank-you
934.0,3450.0,4045.0,3461.0,4095.0,4095.0,4095.0,4095.0,0.12,7.81,5.88,1.2,-0.52,-0.64,1.0,thank-you
930.0,3440.0,4051.0,3471.0,4095.0,4095.0,4095.0,4095.0,0.44,5.59,2.56,2.39,0.53,-1.49,1.0,thank-you
945.0,3423.0,4073.0,3481.0,4095.0,4095.0,4095.0,4095.0,-1.59,2.68,-3.34,2.98,1.39,-2.08,1.0,thank-you
1098.0,3443.0,4058.0,3503.0,4095.0,4095.0,4095.0,4095.0,-5.2,-0.74,-10.78,3.2,2.45,-1.73,1.0,thank-you
1059.0,3413.0,4059.0,3505.0,4095.0,4095.0,4095.0,4095.0,-6.5,0.1,-15.97,2.08,1.64,-0.65,1.0,thank-you
1197.0,3433.0,4093.0,3501.0,4095.0,4095.0,4095.0,4095.0,-5.45,0.94,-12.98,0.7,0.41,-0.4,1.0,thank-you
1169.0,3413.0,4045.0,3485.0,4095.0,4095.0,4095.0,4095.0,-4.9,0.65,-9.98,0.04,0.23,-0.05,1.0,thank-you
1163.0,3429.0,4059.0,3501.0,4095.0,4095.0,4095.0,4095.0,-3.88,0.13,-9.21,-0.15,0.03,-0.01,1.0,thank-you
1185.0,3410.0,4063.0,3450.0,4095.0,4095.0,4095.0,4095.0,-3.68,0.1,-8.69,-0.13,-0.06,0.02,1.0,thank-you
1166.0,3387.0,4056.0,3495.0,4095.0,4095.0,4095.0,4095.0,-3.52,0.12,-8.6,-0.04,-0.05,-0.05,1.0,thank-you
1165.0,3417.0,4075.0,3493.0,4095.0,4095.0,4095.0,4095.0,-3.73,0.11,-8.86,-0.06,-0.06,-0.04,1.0,thank-you
1169.0,3421.0,4067.0,3495.0,4095.0,4095.0,4095.0,4095.0,-3.75,0.24,-9.08,-0.05,0.03,-0.01,1.0,thank-you
1168.0,3440.0,4062.0,3512.0,4095.0,4095.0,4095.0,4095.0,-3.64,0.21,-8.73,-0.06,-0.05,-0.02,1.0,thank-you
1167.0,3439.0,4045.0,3497.0,4095.0,4095.0,4095.0,4095.0,-3.91,0.17,-8.68,-0.09,0.07,0.01,1.0,thank-you
1187.0,3345.0,4048.0,3509.0,4095.0,4095.0,4095.0,4095.0,-3.81,0.21,-8.73,-0.09,0.04,-0.01,1.0,thank-you
1200.0,3363.0,4037.0,3507.0,4095.0,4095.0,4095.0,4095.0,-3.74,0.23,-8.9,-0.09,-0.03,-0.02,1.0,thank-you
1215.0,3440.0,4041.0,3506.0,4095.0,4095.0,4095.0,4095.0,-3.79,0.22,-8.83,-0.11,-0.02,-0.02,1.0,thank-you
1196.0,3408.0,4045.0,3509.0,4095.0,4095.0,4095.0,4095.0,-3.77,0.3,-8.81,-0.07,-0.03,-0.04,1.0,thank-you
1200.0,3419.0,4029.0,3498.0,4095.0,4095.0,4095.0,4095.0,-3.69,0.31,-8.89,-0.09,-0.02,-0.03,1.0,thank-you
963.0,3472.0,3971.0,3451.0,4095.0,4095.0,4095.0,4095.0,-1.82,10.0,1.66,-0.11,-0.13,-0.07,1.0,thank-you
973.0,3431.0,3947.0,3472.0,4095.0,4095.0,4095.0,4095.0,-0.51,8.55,7.95,-0.02,-0.31,-0.13,1.0,thank-you
978.0,3440.0,4035.0,3469.0,4095.0,4095.0,4095.0,4095.0,2.63,3.76,7.51,2.95,0.49,-1.29,1.0,thank-you
979.0,3437.0,4049.0,3472.0,4095.0,4095.0,4095.0,4095.0,-0.47,-0.34,-4.12,4.34,2.03,-2.15,1.0,thank-you
958.0,3431.0,4081.0,3487.0,4095.0,4095.0,4095.0,4095.0,-6.49,-3.28,-17.03,3.09,3.04,-1.26,1.0,thank-you
934.0,3425.0,4080.0,3495.0,4095.0,4095.0,4095.0,4095.0,-5.75,0.89,-16.8,1.45,0.41,-0.64,1.0,thank-you
944.0,3417.0,4066.0,3504.0,4095.0,4095.0,4095.0,4095.0,-5.0,0.94,-11.39,0.39,0.0,-0.35,1.0,thank-you
938.0,3418.0,4075.0,3506.0,4095.0,4095.0,4095.0,4095.0,-4.05,0.58,-9.92,0.02,0.02,-0.09,1.0,thank-you
946.0,3425.0,4061.0,3494.0,4095.0,4095.0,4095.0,4095.0,-3.41,0.31,-8.93,-0.09,-0.01,-0.06,1.0,thank-you
945.0,3410.0,4068.0,3515.0,4095.0,4095.0,4095.0,4095.0,-3.55,0.22,-8.87,-0.19,-0.18,-0.03,1.0,thank-you
953.0,3414.0,4069.0,3503.0,4095.0,4095.0,4095.0,4095.0,-3.47,0.5,-8.87,-0.19,-0.07,-0.0,1.0,thank-you
939.0,3423.0,4060.0,3507.0,4095.0,4095.0,4095.0,4095.0,-3.61,0.5,-8.99,-0.21,-0.11,-0.05,1.0,thank-you
945.0,3416.0,4054.0,3510.0,4095.0,4095.0,4095.0,4095.0,-3.88,0.51,-8.29,-0.2,-0.16,-0.05,1.0,thank-you
939.0,3424.0,4048.0,3499.0,4095.0,4095.0,4095.0,4095.0,-3.69,0.7,-8.53,-0.1,-0.1,-0.04,1.0,thank-you
939.0,3428.0,4031.0,3505.0,4095.0,4095.0,4095.0,4095.0,-3.79,0.65,-8.67,-0.02,-0.14,-0.07,1.0,thank-you
942.0,3410.0,4043.0,3504.0,4095.0,4095.0,4095.0,4095.0,-3.55,0.8,-8.89,-0.07,-0.06,-0.07,1.0,thank-you
941.0,3421.0,4051.0,3507.0,4095.0,4095.0,4095.0,4095.0,-3.77,0.74,-8.81,-0.09,0.04,-0.09,1.0,thank-you
937.0,3422.0,4028.0,3504.0,4095.0,4095.0,4095.0,4095.0,-4.03,0.8,-8.7,-0.08,0.06,-0.07,1.0,thank-you
943.0,3400.0,4031.0,3505.0,4095.0,4095.0,4095.0,4095.0,-3.93,0.57,-8.91,-0.08,-0.02,-0.07,1.0,thank-you
934.0,3415.0,4019.0,3513.0,4095.0,4095.0,4095.0,4095.0,-3.81,0.77,-9.02,-0.14,-0.04,-0.08,1.0,thank-you
936.0,3435.0,3931.0,3504.0,4095.0,4095.0,4095.0,4095.0,-1.63,8.62,5.64,0.17,-0.38,0.0,1.0,thank-you
943.0,3426.0,3957.0,3495.0,4095.0,4095.0,4095.0,4095.0,1.86,6.19,8.36,2.0,-0.56,-0.89,1.0,thank-you
939.0,3447.0,3991.0,3515.0,4095.0,4095.0,4095.0,4095.0,0.0,3.07,0.57,3.4,1.17,-2.01,1.0,thank-you
944.0,3447.0,4034.0,3523.0,4095.0,4095.0,4095.0,4095.0,-3.04,-0.85,-8.62,3.76,2.15,-2.71,1.0,thank-you
943.0,3440.0,4026.0,3519.0,4095.0,4095.0,4095.0,4095.0,-6.91,-0.64,-16.02,2.5,1.96,-1.15,1.0,thank-you
937.0,3453.0,4027.0,3523.0,4095.0,4095.0,4095.0,4095.0,-5.37,1.82,-13.24,0.65,0.13,-0.3,1.0,thank-you
934.0,3445.0,4017.0,3514.0,4095.0,4095.0,4095.0,4095.0,-4.66,1.47,-9.97,0.07,0.01,-0.11,1.0,thank-you
942.0,3440.0,4032.0,3505.0,4095.0,4095.0,4095.0,4095.0,-4.24,1.0,-8.62,-0.08,0.09,0.04,1.0,thank-you
937.0,3429.0,4030.0,3498.0,4095.0,4095.0,4095.0,4095.0,-4.18,0.7,-8.76,-0.04,0.08,-0.04,1.0,thank-you
941.0,3437.0,4036.0,3513.0,4095.0,4095.0,4095.0,4095.0,-3.79,0.9,-8.81,-0.07,0.09,-0.01,1.0,thank-you
937.0,3442.0,4016.0,3511.0,4095.0,4095.0,4095.0,4095.0,-3.99,1.0,-8.86,-0.12,0.16,-0.02,1.0,thank-you
931.0,3430.0,4022.0,3519.0,4095.0,4095.0,4095.0,4095.0,-4.46,0.75,-8.71,-0.11,0.1,-0.01,1.0,thank-you
945.0,3425.0,4045.0,3522.0,4095.0,4095.0,4095.0,4095.0,-4.16,0.91,-8.86,-0.1,0.03,0.04,1.0,thank-you
941.0,3446.0,4003.0,3508.0,4095.0,4095.0,4095.0,4095.0,-3.9,1.03,-8.74,-0.12,-0.05,0.02,1.0,thank-you
938.0,3443.0,4015.0,3511.0,4095.0,4095.0,4095.0,4095.0,-3.83,1.09,-8.58,-0.1,-0.01,0.02,1.0,thank-you
934.0,3435.0,4018.0,3518.0,4095.0,4095.0,4095.0,4095.0,-3.88,1.16,-8.56,-0.11,0.03,0.01,1.0,thank-you
934.0,3423.0,4028.0,3517.0,4095.0,4095.0,4095.0,4095.0,-4.04,1.29,-8.55,-0.13,0.0,0.0,1.0,thank-you
935.0,3442.0,4016.0,3520.0,4095.0,4095.0,4095.0,4095.0,-3.93,1.33,-8.67,-0.1,-0.05,-0.01,1.0,thank-you
938.0,3421.0,4005.0,3519.0,4095.0,4095.0,4095.0,4095.0,-4.15,1.31,-8.51,-0.11,-0.04,-0.02,1.0,thank-you
940.0,3431.0,4005.0,3516.0,4095.0,4095.0,4095.0,4095.0,-4.07,1.32,-8.73,-0.08,-0.03,-0.03,1.0,thank-you
933.0,3445.0,4018.0,3531.0,4095.0,4095.0,4095.0,4095.0,-3.03,9.07,2.63,-0.03,-0.06,-0.04,1.0,thank-you
931.0,3447.0,4022.0,3517.0,4095.0,4095.0,4095.0,4095.0,-1.05,7.11,8.59,1.34,-0.08,-0.57,1.0,thank-you
927.0,3447.0,4075.0,3511.0,4095.0,4095.0,4095.0,4095.0,-1.51,6.33,0.77,2.73,0.76,-1.23,1.0,thank-you
935.0,3446.0,4080.0,3533.0,4095.0,4095.0,4095.0,4095.0,-2.42,4.03,-2.3,2.61,0.99,-1.61,1.0,thank-you
944.0,3440.0,4095.0,3519.0,4095.0,4095.0,4095.0,4095.0,-3.75,0.81,-8.8,2.75,1.38,-1.37,1.0,thank-you
1004.0,3442.0,4078.0,3514.0,4095.0,4095.0,4095.0,4095.0,-4.73,1.47,-13.53,2.07,0.74,-0.72,1.0,thank-you
999.0,3453.0,4085.0,3516.0,4095.0,4095.0,4095.0,4095.0,-4.44,2.5,-12.03,0.72,-0.31,-0.36,1.0,thank-you
1008.0,3436.0,4095.0,3510.0,4095.0,4095.0,4095.0,4095.0,-4.39,1.97,-9.87,0.16,-0.17,-0.18,1.0,thank-you
1011.0,3344.0,4095.0,3517.0,4095.0,4095.0,4095.0,4095.0,-4.23,1.72,-9.15,-0.14,0.01,0.02,1.0,thank-you
1008.0,3440.0,4095.0,3520.0,4095.0,4095.0,4095.0,4095.0,-3.93,1.87,-8.55,-0.19,0.1,-0.0,1.0,thank-you
1008.0,3438.0,4083.0,3517.0,4095.0,4095.0,4095.0,4095.0,-4.0,1.63,-8.4,-0.14,0.05,-0.01,1.0,thank-you
1021.0,3376.0,4095.0,3511.0,4095.0,4095.0,4095.0,4095.0,-4.02,1.67,-8.43,-0.08,0.03,-0.05,1.0,thank-you
1013.0,3487.0,4083.0,3531.0,4095.0,4095.0,4095.0,4095.0,-3.86,1.85,-8.34,-0.09,0.07,-0.0,1.0,thank-you
1009.0,3423.0,4077.0,3531.0,4095.0,4095.0,4095.0,4095.0,-3.86,1.86,-8.45,-0.06,0.01,-0.02,1.0,thank-you
1014.0,3425.0,4095.0,3511.0,4095.0,4095.0,4095.0,4095.0,-3.9,1.87,-8.56,-0.08,-0.03,-0.04,1.0,thank-you
1021.0,3447.0,4093.0,3531.0,4095.0,4095.0,4095.0,4095.0,-3.9,1.82,-8.5,-0.05,-0.04,-0.05,1.0,thank-you
1011.0,3422.0,4083.0,3523.0,4095.0,4095.0,4095.0,4095.0,-3.85,1.91,-8.52,-0.07,-0.02,-0.04,1.0,thank-you
1037.0,3474.0,4084.0,3531.0,4095.0,4095.0,4095.0,4095.0,-4.03,1.87,-8.33,-0.05,-0.09,-0.05,1.0,thank-you
1088.0,3426.0,4085.0,3536.0,4095.0,4095.0,4095.0,4095.0,-4.02,1.91,-8.56,-0.06,-0.0,-0.02,1.0,thank-you
1205.0,3421.0,4082.0,3532.0,4095.0,4095.0,4095.0,4095.0,-4.14,1.85,-8.52,-0.02,0.01,-0.03,1.0,thank-you
938.0,3415.0,4011.0,3504.0,4095.0,4095.0,4095.0,4095.0,-1.49,8.95,4.7,-0.2,-0.15,-0.11,1.0,thank-you
957.0,3439.0,4049.0,3525.0,4095.0,4095.0,4095.0,4095.0,2.01,4.87,10.01,2.32,0.07,-1.05,1.0,thank-you
953.0,3440.0,4095.0,3517.0,4095.0,4095.0,4095.0,4095.0,0.75,1.24,-1.43,3.78,1.5,-2.36,1.0,thank-you
958.0,3453.0,4095.0,3541.0,4095.0,4095.0,4095.0,4095.0,-7.62,-3.91,-11.97,3.5,3.39,-2.29,1.0,thank-you
1217.0,3451.0,4095.0,3547.0,4095.0,4095.0,4095.0,4095.0,-7.99,-0.68,-17.28,2.5,1.25,-0.69,1.0,thank-you
1331.0,3421.0,4095.0,3550.0,4095.0,4095.0,4095.0,4095.0,-4.92,2.58,-12.63,0.46,-0.06,-0.19,1.0,thank-you
1333.0,3431.0,4087.0,3533.0,4095.0,4095.0,4095.0,4095.0,-4.58,1.24,-9.35,-0.15,0.04,-0.01,1.0,thank-you
1333.0,3447.0,4095.0,3543.0,4095.0,4095.0,4095.0,4095.0,-4.13,0.67,-8.2,-0.13,-0.01,-0.04,1.0,thank-you
1328.0,3440.0,4095.0,3549.0,4095.0,4095.0,4095.0,4095.0,-4.04,0.72,-8.6,-0.04,-0.12,-0.09,1.0,thank-you
1335.0,3435.0,4095.0,3536.0,4095.0,4095.0,4095.0,4095.0,-4.05,0.75,-8.74,-0.1,0.05,-0.04,1.0,thank-you
1335.0,3439.0,4095.0,3546.0,4095.0,4095.0,4095.0,4095.0,-4.04,0.81,-8.7,-0.06,-0.07,-0.03,1.0,thank-you
1332.0,3425.0,4095.0,3533.0,4095.0,4095.0,4095.0,4095.0,-4.0,0.81,-8.69,-0.05,-0.08,-0.03,1.0,thank-you
1342.0,3426.0,4095.0,3543.0,4095.0,4095.0,4095.0,4095.0,-4.07,0.83,-8.52,-0.04,0.03,-0.01,1.0,thank-you
1335.0,3391.0,4095.0,3532.0,4095.0,4095.0,4095.0,4095.0,-3.94,0.84,-8.86,-0.06,0.02,-0.03,1.0,thank-you
1335.0,3435.0,4095.0,3541.0,4095.0,4095.0,4095.0,4095.0,-3.92,0.82,-8.65,-0.06,0.05,-0.05,1.0,thank-you
1344.0,3409.0,4095.0,3535.0,4095.0,4095.0,4095.0,4095.0,-3.92,0.82,-8.67,-0.07,-0.03,-0.09,1.0,thank-you
1329.0,3440.0,4082.0,3540.0,4095.0,4095.0,4095.0,4095.0,-4.05,0.85,-8.6,-0.06,-0.06,-0.06,1.0,thank-you
1337.0,3441.0,4091.0,3531.0,4095.0,4095.0,4095.0,4095.0,-4.07,0.9,-8.98,-0.07,-0.01,-0.03,1.0,thank-you
1331.0,3443.0,4081.0,3546.0,4095.0,4095.0,4095.0,4095.0,-4.23,1.08,-9.13,-0.19,-0.08,0.03,1.0,thank-you
1327.0,3409.0,4064.0,3527.0,4095.0,4095.0,4095.0,4095.0,-5.04,1.15,-10.99,-0.45,-0.12,0.13,1.0,thank-you
949.0,3437.0,3981.0,3503.0,4095.0,4095.0,4095.0,4095.0,-2.59,9.23,2.33,-0.14,0.06,-0.02,1.0,thank-you
935.0,3447.0,3989.0,3522.0,4095.0,4095.0,4095.0,4095.0,-0.18,7.2,9.22,0.81,0.54,-0.3,1.0,thank-you
931.0,3437.0,4023.0,3507.0,4095.0,4095.0,4095.0,4095.0,1.46,3.8,5.84,3.25,0.69,-1.63,1.0,thank-you
944.0,3440.0,4065.0,3518.0,4095.0,4095.0,4095.0,4095.0,-1.24,-0.43,-3.27,3.8,1.61,-2.45,1.0,thank-you
940.0,3442.0,4095.0,3515.0,4095.0,4095.0,4095.0,4095.0,-6.88,-3.12,-17.19,3.21,2.4,-1.3,1.0,thank-you
1685.0,3461.0,4095.0,3519.0,4095.0,4095.0,4095.0,4095.0,-6.48,0.65,-16.75,1.14,-0.38,-0.71,1.0,thank-you
2007.0,3451.0,4095.0,3538.0,4095.0,4095.0,4095.0,4095.0,-5.66,1.13,-11.21,0.05,-0.31,-0.28,1.0,thank-you
2141.0,3440.0,4095.0,3524.0,4095.0,4095.0,4095.0,4095.0,-4.78,0.43,-9.17,-0.3,-0.26,0.03,1.0,thank-you
2196.0,3432.0,4092.0,3527.0,4095.0,4095.0,4095.0,4095.0,-3.78,0.51,-8.41,-0.27,0.07,0.15,1.0,thank-you
2204.0,3319.0,4082.0,3513.0,4095.0,4095.0,4095.0,4095.0,-3.88,0.82,-8.54,-0.22,-0.07,0.0,1.0,thank-you
2323.0,3438.0,4090.0,3517.0,4095.0,4095.0,4095.0,4095.0,-3.69,0.95,-8.27,-0.07,0.02,-0.06,1.0,thank-you
2321.0,3457.0,4091.0,3519.0,4095.0,4095.0,4095.0,4095.0,-4.25,0.86,-8.71,-0.08,0.02,-0.04,1.0,thank-you
2330.0,3436.0,4095.0,3519.0,4095.0,4095.0,4095.0,4095.0,-4.36,0.99,-8.57,-0.11,-0.04,-0.04,1.0,thank-you
2326.0,3355.0,4085.0,3530.0,4095.0,4095.0,4095.0,4095.0,-4.49,1.05,-8.66,-0.09,-0.03,-0.01,1.0,thank-you
2327.0,3419.0,4069.0,3532.0,4095.0,4095.0,4095.0,4095.0,-4.26,1.16,-8.66,-0.12,-0.02,-0.01,1.0,thank-you
2333.0,3423.0,4073.0,3522.0,4095.0,4095.0,4095.0,4095.0,-4.35,1.08,-8.54,-0.11,0.01,0.02,1.0,thank-you
2344.0,3449.0,4080.0,3521.0,4095.0,4095.0,4095.0,4095.0,-4.16,1.08,-8.58,-0.1,-0.04,-0.03,1.0,thank-you
2362.0,3427.0,4062.0,3527.0,4095.0,4095.0,4095.0,4095.0,-3.99,1.14,-8.53,-0.06,-0.03,-0.06,1.0,thank-you
2369.0,3419.0,4079.0,3522.0,4095.0,4095.0,4095.0,4095.0,-4.09,1.08,-8.45,-0.03,-0.04,-0.05,1.0,thank-you
2384.0,3445.0,4081.0,3525.0,4095.0,4095.0,4095.0,4095.0,-4.12,1.2,-8.81,-0.04,-0.01,-0.05,1.0,thank-you
2183.0,3442.0,3974.0,3504.0,4095.0,4095.0,4095.0,4095.0,-2.07,8.67,4.98,-0.12,0.06,-0.04,1.0,thank-you
2719.0,3439.0,3990.0,3519.0,4095.0,4095.0,4095.0,4095.0,1.42,5.56,9.11,2.14,-0.63,-0.95,1.0,thank-you
2662.0,3408.0,4027.0,3506.0,4095.0,4095.0,4095.0,4095.0,-0.19,2.48,-0.47,3.71,1.73,-2.09,1.0,thank-you
2038.0,3441.0,4059.0,3502.0,4095.0,4095.0,4095.0,4095.0,-3.77,-0.26,-9.88,3.56,1.79,-2.35,1.0,thank-you
2038.0,3443.0,4037.0,3504.0,4095.0,4095.0,4095.0,4095.0,-7.47,0.86,-14.27,2.5,0.01,-1.55,1.0,thank-you
2602.0,3451.0,4059.0,3519.0,4095.0,4095.0,4095.0,4095.0,-6.99,1.15,-12.79,0.78,0.45,-0.37,1.0,thank-you
2763.0,3438.0,4048.0,3532.0,4095.0,4095.0,4095.0,4095.0,-5.02,1.22,-9.33,-0.04,-0.07,-0.12,1.0,thank-you
2785.0,3445.0,4038.0,3514.0,4095.0,4095.0,4095.0,4095.0,-4.56,0.96,-8.32,-0.16,0.07,0.04,1.0,thank-you
2878.0,3441.0,4034.0,3526.0,4095.0,4095.0,4095.0,4095.0,-4.56,0.98,-8.21,-0.12,0.04,0.05,1.0,thank-you
2889.0,3454.0,4033.0,3529.0,4095.0,4095.0,4095.0,4095.0,-4.42,1.12,-8.34,-0.11,0.09,0.03,1.0,thank-you
2898.0,3429.0,4030.0,3520.0,4095.0,4095.0,4095.0,4095.0,-4.62,1.16,-8.44,-0.09,0.2,-0.0,1.0,thank-you
2933.0,3430.0,4042.0,3510.0,4095.0,4095.0,4095.0,4095.0,-4.59,1.09,-8.32,-0.11,0.15,-0.03,1.0,thank-you
2926.0,3350.0,4031.0,3511.0,4095.0,4095.0,4095.0,4095.0,-4.62,1.04,-8.16,-0.06,0.13,-0.02,1.0,thank-you
2928.0,3380.0,4038.0,3520.0,4095.0,4095.0,4095.0,4095.0,-4.62,1.11,-8.57,-0.1,0.01,0.01,1.0,thank-you
2935.0,3438.0,4014.0,3527.0,4095.0,4095.0,4095.0,4095.0,-4.68,1.26,-8.37,-0.1,-0.03,0.04,1.0,thank-you
2931.0,3446.0,4037.0,3523.0,4095.0,4095.0,4095.0,4095.0,-4.29,1.19,-8.23,-0.1,-0.02,0.02,1.0,thank-you
2928.0,3435.0,4016.0,3515.0,4095.0,4095.0,4095.0,4095.0,-4.3,1.28,-8.36,-0.08,-0.12,-0.05,1.0,thank-you
2927.0,3442.0,4023.0,3536.0,4095.0,4095.0,4095.0,4095.0,-4.51,1.47,-8.45,-0.11,0.07,-0.02,1.0,thank-you
2929.0,3440.0,4033.0,3515.0,4095.0,4095.0,4095.0,4095.0,-4.65,1.44,-8.34,-0.11,-0.0,-0.03,1.0,thank-you
2929.0,3419.0,3998.0,3517.0,4095.0,4095.0,4095.0,4095.0,-4.44,1.39,-8.35,-0.11,-0.01,-0.03,1.0,thank-you
3348.0,3433.0,3953.0,3499.0,4095.0,4095.0,4095.0,4095.0,-2.46,8.99,3.81,-0.07,-0.14,-0.03,1.0,thank-you
3349.0,3445.0,3952.0,3494.0,4095.0,4095.0,4095.0,4095.0,0.5,5.91,9.21,1.92,-0.02,-0.64,1.0,thank-you
3263.0,3433.0,4007.0,3491.0,4095.0,4095.0,4095.0,4095.0,-0.01,2.59,-0.21,3.79,1.81,-1.99,1.0,thank-you
3057.0,3425.0,3988.0,3506.0,4095.0,4095.0,4095.0,4095.0,-3.26,0.5,-9.53,3.83,1.77,-2.2,1.0,thank-you
2986.0,3439.0,3995.0,3505.0,4095.0,4095.0,4095.0,4095.0,-5.37,0.67,-14.97,2.54,0.41,-1.32,1.0,thank-you
3350.0,3402.0,4011.0,3507.0,4095.0,4095.0,4095.0,4095.0,-5.25,2.52,-13.72,0.53,0.48,0.05,1.0,thank-you
3361.0,3504.0,3990.0,3504.0,4095.0,4095.0,4095.0,4095.0,-4.84,2.08,-9.28,-0.11,0.03,-0.23,1.0,thank-you
3318.0,3429.0,4000.0,3515.0,4095.0,4095.0,4095.0,4095.0,-4.24,1.33,-8.5,-0.14,0.04,-0.04,1.0,thank-you
3343.0,3437.0,3999.0,3521.0,4095.0,4095.0,4095.0,4095.0,-4.32,1.42,-8.47,-0.07,0.18,-0.0,1.0,thank-you
3330.0,3430.0,4015.0,3517.0,4095.0,4095.0,4095.0,4095.0,-4.01,1.52,-8.44,-0.05,-0.1,-0.09,1.0,thank-you
3335.0,3437.0,3995.0,3509.0,4095.0,4095.0,4095.0,4095.0,-4.14,1.46,-8.49,-0.04,0.04,-0.06,1.0,thank-you
3331.0,3437.0,4007.0,3504.0,4095.0,4095.0,4095.0,4095.0,-4.09,1.56,-8.7,-0.08,0.07,-0.02,1.0,thank-you
3329.0,3425.0,3984.0,3514.0,4095.0,4095.0,4095.0,4095.0,-4.2,1.56,-8.61,-0.09,0.09,-0.01,1.0,thank-you
3341.0,3315.0,3984.0,3504.0,4095.0,4095.0,4095.0,4095.0,-4.06,1.54,-8.43,-0.09,0.09,0.01,1.0,thank-you
3344.0,3430.0,3979.0,3511.0,4095.0,4095.0,4095.0,4095.0,-4.01,1.56,-8.43,-0.06,0.09,-0.02,1.0,thank-you
3325.0,3431.0,3990.0,3530.0,4095.0,4095.0,4095.0,4095.0,-3.87,1.59,-8.51,-0.07,-0.01,-0.02,1.0,thank-you
3326.0,3431.0,3991.0,3520.0,4095.0,4095.0,4095.0,4095.0,-3.93,1.64,-8.56,-0.03,-0.03,-0.07,1.0,thank-you
3328.0,3425.0,3984.0,3524.0,4095.0,4095.0,4095.0,4095.0,-4.06,1.66,-8.55,-0.06,0.0,-0.05,1.0,thank-you
3341.0,3426.0,3991.0,3516.0,4095.0,4095.0,4095.0,4095.0,-4.18,1.63,-8.6,-0.13,0.09,0.01,1.0,thank-you
3322.0,3439.0,3983.0,3534.0,4095.0,4095.0,4095.0,4095.0,-4.27,1.71,-8.99,-0.16,0.02,0.0,1.0,thank-you
932.0,3409.0,3903.0,3471.0,4095.0,4095.0,4095.0,4095.0,-2.58,9.33,2.59,-0.1,0.15,0.01,1.0,thank-you
2433.0,3423.0,3928.0,3499.0,4095.0,4095.0,4095.0,4095.0,-1.72,8.49,5.85,-0.14,0.12,-0.02,1.0,thank-you
2759.0,3449.0,3955.0,3510.0,4095.0,4095.0,4095.0,4095.0,1.89,5.49,9.02,2.34,-0.18,-0.93,1.0,thank-you
2387.0,3478.0,3981.0,3509.0,4095.0,4095.0,4095.0,4095.0,0.8,1.24,0.33,3.75,1.49,-2.26,1.0,thank-you
2032.0,3444.0,3946.0,3507.0,4095.0,4095.0,4095.0,4095.0,-4.88,-3.18,-10.87,3.99,3.06,-2.39,1.0,thank-you
2031.0,3398.0,3900.0,3472.0,4095.0,4095.0,4095.0,4095.0,-7.88,-0.56,-21.46,2.32,1.67,-0.72,1.0,thank-you
2767.0,3408.0,3907.0,3475.0,4095.0,4095.0,4095.0,4095.0,-6.51,1.96,-13.11,0.41,0.08,-0.52,1.0,thank-you
2762.0,3429.0,3902.0,3486.0,4095.0,4095.0,4095.0,4095.0,-4.91,0.48,-9.38,-0.13,-0.04,-0.02,1.0,thank-you
2775.0,3415.0,3881.0,3494.0,4095.0,4095.0,4095.0,4095.0,-3.97,0.37,-8.36,-0.19,-0.12,0.01,1.0,thank-you
2779.0,3420.0,3899.0,3497.0,4095.0,4095.0,4095.0,4095.0,-4.08,0.23,-8.38,-0.14,-0.05,-0.03,1.0,thank-you
2800.0,3413.0,3889.0,3481.0,4095.0,4095.0,4095.0,4095.0,-4.24,0.48,-8.5,-0.1,-0.09,-0.04,1.0,thank-you
2800.0,3420.0,3918.0,3499.0,4095.0,4095.0,4095.0,4095.0,-4.27,0.51,-8.49,-0.05,-0.14,-0.08,1.0,thank-you
2829.0,3417.0,3915.0,3489.0,4095.0,4095.0,4095.0,4095.0,-4.19,0.47,-8.63,-0.03,-0.02,-0.05,1.0,thank-you
2896.0,3402.0,3901.0,3501.0,4095.0,4095.0,4095.0,4095.0,-4.11,0.45,-8.71,-0.04,0.02,-0.04,1.0,thank-you
2940.0,3421.0,3874.0,3491.0,4095.0,4095.0,4095.0,4095.0,-4.07,0.51,-8.7,-0.08,0.1,-0.0,1.0,thank-you
2957.0,3409.0,3888.0,3503.0,4095.0,4095.0,4095.0,4095.0,-3.98,0.53,-8.73,-0.07,0.01,-0.02,1.0,thank-you
2955.0,3419.0,3889.0,3485.0,4095.0,4095.0,4095.0,4095.0,-3.93,0.53,-8.63,-0.06,0.03,-0.02,1.0,thank-you
2975.0,3422.0,3888.0,3493.0,4095.0,4095.0,4095.0,4095.0,-3.95,0.55,-8.55,-0.09,0.1,-0.0,1.0,thank-you
2971.0,3417.0,3906.0,3484.0,4095.0,4095.0,4095.0,4095.0,-4.12,0.49,-8.54,-0.08,0.06,-0.03,1.0,thank-you
2983.0,3408.0,3882.0,3491.0,4095.0,4095.0,4095.0,4095.0,-4.14,0.56,-8.61,-0.06,0.04,-0.02,1.0,thank-you
3019.0,3439.0,3905.0,3490.0,4095.0,4095.0,4095.0,4095.0,-2.36,9.54,2.67,-0.08,-0.05,-0.07,1.0,thank-you
3206.0,3434.0,3919.0,3494.0,4095.0,4095.0,4095.0,4095.0,-1.39,8.88,4.66,0.03,-0.19,-0.06,1.0,thank-you
3270.0,3438.0,3923.0,3494.0,4095.0,4095.0,4095.0,4095.0,1.12,7.01,7.79,1.71,-0.52,-0.85,1.0,thank-you
3254.0,3437.0,3979.0,3505.0,4095.0,4095.0,4095.0,4095.0,0.18,3.46,1.1,3.21,1.08,-1.79,1.0,thank-you
3241.0,3431.0,3972.0,3493.0,4095.0,4095.0,4095.0,4095.0,-2.04,0.71,-5.52,3.45,1.6,-2.28,1.0,thank-you
3312.0,3436.0,4095.0,3504.0,4095.0,4095.0,4095.0,4095.0,-7.26,0.06,-15.36,2.96,2.07,-0.96,1.0,thank-you
3303.0,3462.0,4095.0,3518.0,4095.0,4095.0,4095.0,4095.0,-5.78,1.47,-15.95,1.3,0.32,-0.37,1.0,thank-you
3318.0,3472.0,4095.0,3515.0,4095.0,4095.0,4095.0,4095.0,-4.19,1.82,-10.31,0.29,-0.24,-0.14,1.0,thank-you
3318.0,3411.0,4095.0,3520.0,4095.0,4095.0,4095.0,4095.0,-4.31,0.85,-9.38,-0.02,-0.17,-0.07,1.0,thank-you
3329.0,3433.0,4095.0,3514.0,4095.0,4095.0,4095.0,4095.0,-3.9,0.8,-8.8,-0.05,-0.09,0.0,1.0,thank-you
3327.0,3466.0,4095.0,3510.0,4095.0,4095.0,4095.0,4095.0,-3.78,0.72,-8.79,-0.1,-0.05,0.01,1.0,thank-you
3315.0,3435.0,4095.0,3516.0,4095.0,4095.0,4095.0,4095.0,-3.6,0.71,-8.76,-0.05,-0.02,-0.03,1.0,thank-you
3328.0,3437.0,4095.0,3523.0,4095.0,4095.0,4095.0,4095.0,-3.61,0.73,-8.76,-0.08,0.06,-0.0,1.0,thank-you
3320.0,3437.0,4095.0,3516.0,4095.0,4095.0,4095.0,4095.0,-3.68,0.74,-8.65,-0.04,-0.06,-0.05,1.0,thank-you
3330.0,3406.0,4095.0,3522.0,4095.0,4095.0,4095.0,4095.0,-3.71,0.72,-8.82,-0.05,-0.16,-0.07,1.0,thank-you
3317.0,3427.0,4095.0,3510.0,4095.0,4095.0,4095.0,4095.0,-3.62,0.82,-8.79,-0.04,-0.06,-0.07,1.0,thank-you
3325.0,3426.0,4095.0,3507.0,4095.0,4095.0,4095.0,4095.0,-3.84,0.73,-8.85,-0.04,-0.03,-0.04,1.0,thank-you
3324.0,3441.0,4095.0,3519.0,4095.0,4095.0,4095.0,4095.0,-3.81,0.68,-8.74,-0.02,-0.01,-0.04,1.0,thank-you
3337.0,3440.0,4095.0,3519.0,4095.0,4095.0,4095.0,4095.0,-3.75,0.62,-8.68,-0.03,0.01,-0.04,1.0,thank-you
3314.0,3425.0,4095.0,3522.0,4095.0,4095.0,4095.0,4095.0,-3.84,0.62,-8.71,-0.04,-0.09,-0.05,1.0,thank-you
1205.0,3465.0,3863.0,3463.0,4095.0,4095.0,4095.0,4095.0,0.02,6.88,10.41,1.62,-0.47,-0.42,1.0,thank-you
1281.0,3463.0,3907.0,3441.0,4095.0,4095.0,4095.0,4095.0,1.23,3.52,1.37,3.26,1.98,-1.63,1.0,thank-you
1434.0,3313.0,3943.0,3442.0,4095.0,4095.0,4095.0,4095.0,-1.65,-1.5,-4.79,3.85,1.84,-2.88,1.0,thank-you
2018.0,3426.0,3979.0,3461.0,4095.0,4095.0,4095.0,4095.0,-6.77,-2.72,-17.44,3.03,2.03,-1.24,1.0,thank-you
2246.0,3440.0,3950.0,3463.0,4095.0,4095.0,4095.0,4095.0,-6.76,0.48,-17.0,0.99,0.22,-0.32,1.0,thank-you
2368.0,3441.0,3935.0,3465.0,4095.0,4095.0,4095.0,4095.0,-5.02,1.15,-10.0,-0.1,-0.02,-0.0,1.0,thank-you
2429.0,3440.0,3952.0,3457.0,4095.0,4095.0,4095.0,4095.0,-3.91,0.48,-8.49,-0.18,-0.12,0.03,1.0,thank-you
2456.0,3435.0,3947.0,3472.0,4095.0,4095.0,4095.0,4095.0,-3.61,0.53,-8.43,-0.21,0.02,0.03,1.0,thank-you
2467.0,3440.0,3957.0,3458.0,4095.0,4095.0,4095.0,4095.0,-3.87,0.58,-8.55,-0.14,0.0,0.02,1.0,thank-you
2463.0,3451.0,3950.0,3455.0,4095.0,4095.0,4095.0,4095.0,-3.88,0.61,-8.54,-0.08,-0.13,-0.09,1.0,thank-you
2483.0,3417.0,3952.0,3472.0,4095.0,4095.0,4095.0,4095.0,-3.92,0.66,-8.56,-0.06,-0.05,-0.06,1.0,thank-you
2480.0,3393.0,3939.0,3472.0,4095.0,4095.0,4095.0,4095.0,-4.07,0.69,-8.55,-0.04,0.02,-0.05,1.0,thank-you
2493.0,3429.0,3938.0,3458.0,4095.0,4095.0,4095.0,4095.0,-4.08,0.61,-8.59,-0.06,-0.0,-0.04,1.0,thank-you
2532.0,3419.0,3965.0,3468.0,4095.0,4095.0,4095.0,4095.0,-4.07,0.75,-8.71,-0.06,0.04,-0.02,1.0,thank-you
2537.0,3489.0,3952.0,3460.0,4095.0,4095.0,4095.0,4095.0,-4.14,0.59,-8.63,-0.07,-0.01,-0.04,1.0,thank-you
2528.0,3426.0,3968.0,3472.0,4095.0,4095.0,4095.0,4095.0,-4.07,0.57,-8.69,-0.1,0.01,-0.03,1.0,thank-you
2535.0,3415.0,3937.0,3459.0,4095.0,4095.0,4095.0,4095.0,-3.96,0.66,-8.65,-0.07,0.01,-0.05,1.0,thank-you
2538.0,3417.0,3952.0,3468.0,4095.0,4095.0,4095.0,4095.0,-4.05,0.65,-8.66,-0.05,0.03,-0.04,1.0,thank-you
2551.0,3333.0,3947.0,3472.0,4095.0,4095.0,4095.0,4095.0,-4.07,0.7,-8.73,-0.08,-0.02,-0.02,1.0,thank-you
2529.0,3431.0,3945.0,3472.0,4095.0,4095.0,4095.0,4095.0,-4.12,0.7,-8.71,-0.09,-0.01,-0.01,1.0,thank-you
963.0,3446.0,3888.0,3485.0,4095.0,4095.0,4095.0,4095.0,-2.6,9.42,1.92,-0.07,-0.01,-0.06,1.0,thank-you
1200.0,3439.0,3899.0,3490.0,4095.0,4095.0,4095.0,4095.0,-2.59,9.18,3.58,-0.07,-0.31,-0.06,1.0,thank-you
1924.0,3446.0,3920.0,3479.0,4095.0,4095.0,4095.0,4095.0,0.82,7.23,8.63,1.44,-0.43,-0.59,1.0,thank-you
1940.0,3455.0,3937.0,3485.0,4095.0,4095.0,4095.0,4095.0,0.82,3.69,2.23,3.19,1.43,-1.68,1.0,thank-you
1698.0,3455.0,3978.0,3490.0,4095.0,4095.0,4095.0,4095.0,0.92,-0.55,-3.85,3.73,1.15,-2.52,1.0,thank-you
1808.0,3442.0,3974.0,3486.0,4095.0,4095.0,4095.0,4095.0,-6.81,-0.86,-20.44,2.51,0.72,-1.21,1.0,thank-you
1915.0,3431.0,3943.0,3486.0,4095.0,4095.0,4095.0,4095.0,-6.3,2.55,-14.74,0.24,-0.08,-0.17,1.0,thank-you
1911.0,3453.0,3952.0,3484.0,4095.0,4095.0,4095.0,4095.0,-4.82,1.32,-9.43,-0.28,-0.18,-0.01,1.0,thank-you
1925.0,3390.0,3959.0,3494.0,4095.0,4095.0,4095.0,4095.0,-3.76,1.24,-7.9,-0.23,-0.15,0.03,1.0,thank-you
1933.0,3440.0,3951.0,3503.0,4095.0,4095.0,4095.0,4095.0,-3.69,1.29,-8.46,-0.1,-0.13,-0.05,1.0,thank-you
1929.0,3425.0,3954.0,3493.0,4095.0,4095.0,4095.0,4095.0,-3.91,1.42,-8.14,-0.11,0.11,-0.03,1.0,thank-you
1936.0,3420.0,3952.0,3487.0,4095.0,4095.0,4095.0,4095.0,-4.03,1.48,-8.53,-0.08,0.01,-0.07,1.0,thank-you
1926.0,3439.0,3961.0,3493.0,4095.0,4095.0,4095.0,4095.0,-4.28,1.42,-8.63,-0.05,-0.01,-0.05,1.0,thank-you
1923.0,3427.0,3973.0,3495.0,4095.0,4095.0,4095.0,4095.0,-4.12,1.44,-8.7,-0.09,0.03,-0.0,1.0,thank-you
1930.0,3448.0,3949.0,3478.0,4095.0,4095.0,4095.0,4095.0,-3.95,1.48,-8.46,-0.06,-0.05,-0.03,1.0,thank-you
1935.0,3454.0,3920.0,3486.0,4095.0,4095.0,4095.0,4095.0,-3.8,1.51,-8.37,0.0,-0.05,-0.05,1.0,thank-you
1924.0,3440.0,3941.0,3490.0,4095.0,4095.0,4095.0,4095.0,-4.02,1.44,-8.69,-0.05,-0.08,-0.06,1.0,thank-you
1936.0,3444.0,3942.0,3490.0,4095.0,4095.0,4095.0,4095.0,-4.07,1.53,-8.81,-0.07,-0.0,-0.03,1.0,thank-you
1934.0,3439.0,3939.0,3476.0,4095.0,4095.0,4095.0,4095.0,-4.18,1.53,-8.61,-0.08,-0.02,-0.03,1.0,thank-you
1930.0,3449.0,3927.0,3483.0,4095.0,4095.0,4095.0,4095.0,-4.2,1.51,-8.66,-0.08,-0.05,0.0,1.0,thank-you
2201.0,3429.0,3935.0,3498.0,4095.0,4095.0,4095.0,4095.0,-2.59,9.31,2.32,-0.06,-0.01,-0.02,1.0,thank-you
2807.0,3452.0,3925.0,3496.0,4095.0,4095.0,4095.0,4095.0,-1.28,8.42,6.47,0.61,0.06,-0.18,1.0,thank-you
2605.0,3449.0,3901.0,3482.0,4095.0,4095.0,4095.0,4095.0,2.14,4.78,6.45,2.52,0.73,-1.39,1.0,thank-you
2042.0,3441.0,3952.0,3476.0,4095.0,4095.0,4095.0,4095.0,-0.99,0.61,-2.21,3.96,1.68,-2.31,1.0,thank-you
957.0,3442.0,3899.0,3485.0,4095.0,4095.0,4095.0,4095.0,-7.73,-2.82,-14.99,3.32,1.87,-2.17,1.0,thank-you
961.0,3450.0,3927.0,3518.0,4095.0,4095.0,4095.0,4095.0,-8.7,-0.65,-18.73,1.47,1.58,-0.04,1.0,thank-you
1201.0,3455.0,3984.0,3543.0,4095.0,4095.0,4095.0,4095.0,-5.43,1.18,-11.66,0.18,-0.22,-0.23,1.0,thank-you
1232.0,3431.0,3965.0,3526.0,4095.0,4095.0,4095.0,4095.0,-4.14,0.53,-9.5,-0.1,-0.27,-0.06,1.0,thank-you
1239.0,3440.0,3931.0,3530.0,4095.0,4095.0,4095.0,4095.0,-4.04,0.25,-8.62,-0.17,0.04,0.01,1.0,thank-you
1316.0,3417.0,3960.0,3533.0,4095.0,4095.0,4095.0,4095.0,-3.93,0.39,-8.76,-0.15,-0.09,-0.1,1.0,thank-you
1413.0,3399.0,3963.0,3520.0,4095.0,4095.0,4095.0,4095.0,-4.02,0.47,-8.59,-0.06,-0.05,-0.04,1.0,thank-you
1585.0,3438.0,3953.0,3530.0,4095.0,4095.0,4095.0,4095.0,-4.08,0.36,-8.46,-0.01,-0.01,-0.06,1.0,thank-you
1664.0,3437.0,3955.0,3541.0,4095.0,4095.0,4095.0,4095.0,-4.17,0.38,-8.76,-0.06,0.07,-0.01,1.0,thank-you
1708.0,3433.0,3955.0,3535.0,4095.0,4095.0,4095.0,4095.0,-4.27,0.5,-8.64,-0.11,0.03,0.07,1.0,thank-you
1762.0,3472.0,3970.0,3533.0,4095.0,4095.0,4095.0,4095.0,-4.18,0.51,-8.82,-0.12,0.05,0.07,1.0,thank-you
1791.0,3428.0,3943.0,3536.0,4095.0,4095.0,4095.0,4095.0,-3.96,0.6,-8.69,-0.14,-0.08,0.01,1.0,thank-you
1819.0,3419.0,3943.0,3535.0,4095.0,4095.0,4095.0,4095.0,-4.08,0.69,-8.78,-0.12,0.01,0.01,1.0,thank-you
1853.0,3293.0,3954.0,3521.0,4095.0,4095.0,4095.0,4095.0,-4.09,0.62,-8.67,-0.14,0.03,0.01,1.0,thank-you
1861.0,3414.0,3952.0,3535.0,4095.0,4095.0,4095.0,4095.0,-3.99,0.74,-8.48,-0.12,-0.04,-0.02,1.0,thank-you
1872.0,3438.0,3948.0,3527.0,4095.0,4095.0,4095.0,4095.0,-4.07,0.76,-8.59,-0.08,-0.08,-0.04,1.0,thank-you
2950.0,3441.0,4062.0,3499.0,4095.0,4095.0,4095.0,4095.0,-2.23,9.55,2.23,-0.15,-0.16,-0.11,1.0,thank-you
3335.0,3440.0,4071.0,3522.0,4095.0,4095.0,4095.0,4095.0,-0.89,8.79,6.14,0.04,-0.23,-0.07,1.0,thank-you
3344.0,3457.0,4081.0,3519.0,4095.0,4095.0,4095.0,4095.0,2.52,5.05,7.63,2.47,0.05,-1.4,1.0,thank-you
3324.0,3423.0,4095.0,3507.0,4095.0,4095.0,4095.0,4095.0,-0.6,0.05,-1.99,4.01,1.74,-2.42,1.0,thank-you
3300.0,3419.0,4095.0,3504.0,4095.0,4095.0,4095.0,4095.0,-8.49,-4.11,-17.19,3.69,3.08,-1.95,1.0,thank-you
3363.0,3423.0,4095.0,3506.0,4095.0,4095.0,4095.0,4095.0,-4.58,1.63,-15.75,1.63,1.75,-0.84,1.0,thank-you
3374.0,3412.0,4095.0,3507.0,4095.0,4095.0,4095.0,4095.0,-4.5,0.73,-12.49,0.12,0.23,-0.14,1.0,thank-you
3367.0,3483.0,4080.0,3513.0,4095.0,4095.0,4095.0,4095.0,-3.88,0.56,-8.66,-0.16,-0.01,0.01,1.0,thank-you
3344.0,3395.0,4085.0,3504.0,4095.0,4095.0,4095.0,4095.0,-3.64,0.33,-8.26,-0.12,0.13,0.01,1.0,thank-you
3344.0,3467.0,4089.0,3504.0,4095.0,4095.0,4095.0,4095.0,-3.56,0.49,-8.74,-0.07,0.14,-0.01,1.0,thank-you
3362.0,3424.0,4095.0,3535.0,4095.0,4095.0,4095.0,4095.0,-3.71,0.46,-8.76,-0.06,0.14,-0.01,1.0,thank-you
3347.0,3439.0,4095.0,3510.0,4095.0,4095.0,4095.0,4095.0,-3.85,0.31,-8.98,-0.01,0.08,-0.04,1.0,thank-you
3374.0,3439.0,4095.0,3515.0,4095.0,4095.0,4095.0,4095.0,-3.96,0.33,-8.74,-0.06,0.01,-0.06,1.0,thank-you
3364.0,3394.0,4095.0,3517.0,4095.0,4095.0,4095.0,4095.0,-3.94,0.38,-8.87,-0.09,-0.16,-0.07,1.0,thank-you
3371.0,3407.0,4095.0,3529.0,4095.0,4095.0,4095.0,4095.0,-3.96,0.46,-8.81,-0.03,-0.04,-0.06,1.0,thank-you
3367.0,3325.0,4095.0,3533.0,4095.0,4095.0,4095.0,4095.0,-3.91,0.34,-8.65,-0.07,0.01,-0.05,1.0,thank-you
3367.0,3420.0,4078.0,3522.0,4095.0,4095.0,4095.0,4095.0,-3.95,0.34,-8.59,-0.06,-0.04,-0.04,1.0,thank-you
3363.0,3425.0,4080.0,3522.0,4095.0,4095.0,4095.0,4095.0,-3.98,0.41,-8.69,-0.06,0.0,-0.03,1.0,thank-you
3369.0,3415.0,4086.0,3522.0,4095.0,4095.0,4095.0,4095.0,-3.85,0.47,-8.69,-0.06,0.05,-0.0,1.0,thank-you
3353.0,3423.0,4063.0,3527.0,4095.0,4095.0,4095.0,4095.0,-3.77,0.52,-8.79,-0.08,0.05,0.0,1.0,thank-you
3275.0,3441.0,3989.0,3515.0,4095.0,4095.0,4095.0,4095.0,-2.48,9.58,1.64,-0.12,-0.01,-0.05,1.0,thank-you
3309.0,3442.0,3975.0,3518.0,4095.0,4095.0,4095.0,4095.0,-1.94,9.25,2.87,-0.15,-0.12,-0.09,1.0,thank-you
3312.0,3445.0,3966.0,3510.0,4095.0,4095.0,4095.0,4095.0,1.19,6.32,10.8,1.56,0.29,-0.74,1.0,thank-you
3284.0,3442.0,4001.0,3509.0,4095.0,4095.0,4095.0,4095.0,1.35,1.2,1.6,3.91,1.93,-2.24,1.0,thank-you
3264.0,3440.0,4048.0,3504.0,4095.0,4095.0,4095.0,4095.0,-3.57,-4.87,-8.68,4.5,2.05,-2.75,1.0,thank-you
3287.0,3395.0,4049.0,3524.0,4095.0,4095.0,4095.0,4095.0,-6.34,-2.7,-18.8,2.65,0.23,-1.36,1.0,thank-you
3306.0,3425.0,4068.0,3528.0,4095.0,4095.0,4095.0,4095.0,-5.13,0.94,-12.35,0.45,-0.42,-0.34,1.0,thank-you
3319.0,3437.0,4039.0,3511.0,4095.0,4095.0,4095.0,4095.0,-4.06,0.14,-9.63,-0.06,-0.21,-0.08,1.0,thank-you
3351.0,3434.0,4037.0,3523.0,4095.0,4095.0,4095.0,4095.0,-3.96,-0.23,-8.46,-0.12,-0.12,0.01,1.0,thank-you
3327.0,3434.0,4059.0,3515.0,4095.0,4095.0,4095.0,4095.0,-3.74,-0.1,-8.84,-0.06,-0.09,-0.01,1.0,thank-you
3328.0,3441.0,4039.0,3536.0,4095.0,4095.0,4095.0,4095.0,-3.79,-0.04,-8.82,-0.13,-0.01,-0.03,1.0,thank-you
3324.0,3435.0,4056.0,3539.0,4095.0,4095.0,4095.0,4095.0,-3.99,-0.16,-8.54,-0.05,-0.03,-0.03,1.0,thank-you
3344.0,3426.0,4031.0,3527.0,4095.0,4095.0,4095.0,4095.0,-4.09,-0.02,-8.87,-0.1,-0.01,-0.02,1.0,thank-you
3342.0,3438.0,4049.0,3522.0,4095.0,4095.0,4095.0,4095.0,-3.86,0.16,-8.8,-0.14,-0.04,-0.02,1.0,thank-you
3341.0,3433.0,4027.0,3527.0,4095.0,4095.0,4095.0,4095.0,-4.0,0.19,-8.72,-0.11,-0.04,-0.03,1.0,thank-you
3343.0,3445.0,4048.0,3517.0,4095.0,4095.0,4095.0,4095.0,-4.0,0.21,-8.6,-0.12,0.0,-0.04,1.0,thank-you
3342.0,3334.0,4016.0,3535.0,4095.0,4095.0,4095.0,4095.0,-4.11,0.2,-8.63,-0.07,0.01,-0.05,1.0,thank-you
3326.0,3436.0,4032.0,3530.0,4095.0,4095.0,4095.0,4095.0,-4.01,0.18,-8.75,-0.06,0.01,-0.04,1.0,thank-you
3329.0,3419.0,4048.0,3520.0,4095.0,4095.0,4095.0,4095.0,-4.09,0.21,-8.66,-0.06,0.07,-0.01,1.0,thank-you
3341.0,3440.0,4028.0,3531.0,4095.0,4095.0,4095.0,4095.0,-4.01,0.24,-8.84,-0.08,0.01,-0.02,1.0,thank-you
