hall_1,hall_2,hall_3,flex_t,flex_i,flex_m,flex_r,flex_p,accel_x,accel_y,accel_z,gyro_x,gyro_y,gyro_z,hand,sign
3152.0,4095.0,1488.0,3975.0,4095.0,4095.0,4095.0,4095.0,2.23,9.55,6.72,0.04,-0.15,-0.16,0.0,thank-you
3169.0,4095.0,1488.0,3968.0,4095.0,4095.0,4095.0,4095.0,2.68,9.42,6.73,-0.02,-0.04,-0.08,0.0,thank-you
3166.0,4095.0,1383.0,3962.0,4095.0,4095.0,4095.0,4095.0,2.26,9.41,6.61,0.0,-0.12,-0.14,0.0,thank-you
3180.0,4095.0,1392.0,3979.0,4095.0,4095.0,4095.0,4095.0,2.47,9.15,7.1,0.04,-0.08,-0.15,0.0,thank-you
3215.0,4095.0,1535.0,3984.0,4095.0,4095.0,4095.0,4095.0,2.19,8.25,10.22,0.18,0.69,0.11,0.0,thank-you
3229.0,4095.0,1649.0,3984.0,4095.0,4095.0,4095.0,4095.0,0.39,7.71,7.6,1.22,0.32,1.07,0.0,thank-you
3221.0,4095.0,1705.0,3921.0,4095.0,4095.0,4095.0,4095.0,3.03,5.85,3.87,2.19,-0.76,1.43,0.0,thank-you
3232.0,4095.0,1825.0,3952.0,4095.0,4095.0,4095.0,4095.0,6.55,5.54,0.32,2.27,0.63,1.6,0.0,thank-you
3254.0,4095.0,1629.0,3941.0,4095.0,4095.0,4095.0,4095.0,5.1,4.95,-0.72,1.79,-1.0,0.72,0.0,thank-you
3251.0,4095.0,1633.0,3823.0,4095.0,4095.0,4095.0,4095.0,6.61,3.16,-3.81,2.01,-0.79,0.63,0.0,thank-you
3238.0,4095.0,1648.0,3805.0,4095.0,4095.0,4095.0,4095.0,6.51,2.7,-6.02,1.77,-1.12,0.11,0.0,thank-you
3229.0,4095.0,1690.0,3782.0,4095.0,4095.0,4095.0,4095.0,5.73,2.75,-6.32,0.67,-0.02,0.15,0.0,thank-you
3233.0,4095.0,1680.0,3813.0,4095.0,4095.0,4095.0,4095.0,5.94,2.16,-5.39,0.14,0.08,0.09,0.0,thank-you
3223.0,4095.0,1649.0,3811.0,4095.0,4095.0,4095.0,4095.0,5.44,1.78,-4.52,-0.13,0.07,-0.17,0.0,thank-you
3228.0,4095.0,1625.0,3824.0,4095.0,4095.0,4095.0,4095.0,5.42,1.24,-3.85,-0.06,0.08,-0.16,0.0,thank-you
3227.0,4095.0,1638.0,3834.0,4095.0,4095.0,4095.0,4095.0,5.42,1.21,-4.22,-0.04,0.04,-0.11,0.0,thank-you
3217.0,4095.0,1619.0,3839.0,4095.0,4095.0,4095.0,4095.0,5.84,1.46,-4.27,0.0,0.01,-0.16,0.0,thank-you
3216.0,4095.0,1626.0,3861.0,4095.0,4095.0,4095.0,4095.0,5.55,1.96,-4.16,-0.26,0.36,-0.14,0.0,thank-you
3216.0,4095.0,1584.0,3879.0,4095.0,4095.0,4095.0,4095.0,5.64,1.9,-3.53,-0.08,-0.02,-0.3,0.0,thank-you
3207.0,4095.0,1581.0,3851.0,4095.0,4095.0,4095.0,4095.0,5.49,1.58,-3.47,-0.01,0.02,-0.15,0.0,thank-you
3183.0,4095.0,1023.0,3941.0,4095.0,4095.0,4095.0,4095.0,1.75,9.45,7.05,0.0,0.05,-0.14,0.0,thank-you
3189.0,4095.0,1009.0,3952.0,4095.0,4095.0,4095.0,4095.0,1.81,9.5,7.25,0.01,0.18,-0.1,0.0,thank-you
3167.0,4095.0,1038.0,3938.0,4095.0,4095.0,4095.0,4095.0,1.98,9.44,6.64,0.03,-0.16,-0.18,0.0,thank-you
3177.0,4095.0,1038.0,3957.0,4095.0,4095.0,4095.0,4095.0,1.65,9.26,7.09,0.11,-0.02,-0.13,0.0,thank-you
3147.0,4095.0,1411.0,3953.0,4095.0,4095.0,4095.0,4095.0,1.21,9.31,8.18,0.21,0.33,-0.06,0.0,thank-you
3120.0,4095.0,1908.0,3965.0,4095.0,4095.0,4095.0,4095.0,0.26,8.27,8.66,0.52,1.02,0.57,0.0,thank-you
3082.0,4095.0,1971.0,3951.0,4095.0,4095.0,4095.0,4095.0,2.22,8.71,5.19,0.89,0.6,1.07,0.0,thank-you
3055.0,4095.0,2033.0,3950.0,4095.0,4095.0,4095.0,4095.0,3.38,8.36,4.97,1.21,0.09,1.01,0.0,thank-you
3055.0,4095.0,2083.0,3935.0,4095.0,4095.0,4095.0,4095.0,4.25,7.39,3.76,1.51,-0.72,0.78,0.0,thank-you
3088.0,4095.0,2067.0,3903.0,4095.0,4095.0,4095.0,4095.0,4.67,6.63,2.02,1.73,-0.61,0.78,0.0,thank-you
3134.0,4095.0,2057.0,3905.0,4095.0,4095.0,4095.0,4095.0,7.77,5.47,-0.81,1.71,-0.21,1.13,0.0,thank-you
3130.0,4095.0,2032.0,3890.0,4095.0,4095.0,4095.0,4095.0,8.67,4.09,-2.66,1.63,-0.87,0.73,0.0,thank-you
3111.0,4095.0,1981.0,3866.0,4095.0,4095.0,4095.0,4095.0,6.09,2.97,-1.82,1.35,-1.0,0.89,0.0,thank-you
3106.0,4095.0,1979.0,3819.0,4095.0,4095.0,4095.0,4095.0,7.49,1.71,-4.67,1.55,-1.31,0.27,0.0,thank-you
3104.0,4095.0,2012.0,3807.0,4095.0,4095.0,4095.0,4095.0,6.24,1.67,-5.62,0.85,-0.31,0.26,0.0,thank-you
3091.0,4095.0,2015.0,3803.0,4095.0,4095.0,4095.0,4095.0,7.07,0.59,-5.55,0.35,-0.08,0.16,0.0,thank-you
3099.0,4095.0,2032.0,3835.0,4095.0,4095.0,4095.0,4095.0,6.18,0.71,-4.61,-0.07,0.03,-0.11,0.0,thank-you
3103.0,4095.0,2009.0,3856.0,4095.0,4095.0,4095.0,4095.0,5.75,0.07,-3.83,-0.18,0.34,-0.11,0.0,thank-you
3121.0,4095.0,2000.0,3876.0,4095.0,4095.0,4095.0,4095.0,5.88,0.12,-3.8,-0.07,0.06,-0.19,0.0,thank-you
3121.0,4095.0,2000.0,3877.0,4095.0,4095.0,4095.0,4095.0,5.91,0.42,-3.62,-0.06,0.06,-0.18,0.0,thank-you
3088.0,4095.0,1617.0,3959.0,4095.0,4095.0,4095.0,4095.0,1.53,9.32,7.0,-0.01,0.26,-0.12,0.0,thank-you
3065.0,4095.0,1671.0,3952.0,4095.0,4095.0,4095.0,4095.0,2.09,9.45,6.92,0.13,-0.09,-0.13,0.0,thank-you
3035.0,4095.0,2145.0,3975.0,4095.0,4095.0,4095.0,4095.0,1.85,9.74,5.86,0.2,0.07,-0.09,0.0,thank-you
2992.0,4095.0,2293.0,3967.0,4095.0,4095.0,4095.0,4095.0,1.83,9.17,8.1,0.33,-0.25,-0.07,0.0,thank-you
2999.0,4095.0,2300.0,3970.0,4095.0,4095.0,4095.0,4095.0,1.26,8.92,7.03,0.79,0.33,0.29,0.0,thank-you
3011.0,4095.0,2340.0,3961.0,4095.0,4095.0,4095.0,4095.0,2.97,9.12,5.86,1.04,0.05,0.46,0.0,thank-you
3009.0,4095.0,2449.0,3968.0,4095.0,4095.0,4095.0,4095.0,3.69,9.25,3.4,1.01,-0.05,0.2,0.0,thank-you
3025.0,4095.0,2548.0,3967.0,4095.0,4095.0,4095.0,4095.0,3.57,9.05,2.83,0.71,0.28,0.37,0.0,thank-you
3031.0,4095.0,2599.0,3975.0,4095.0,4095.0,4095.0,4095.0,3.77,8.46,2.94,0.74,0.08,0.46,0.0,thank-you
3008.0,4095.0,2546.0,3989.0,4095.0,4095.0,4095.0,4095.0,4.53,7.8,2.35,0.76,0.07,0.76,0.0,thank-you
3035.0,4095.0,2559.0,4010.0,4095.0,4095.0,4095.0,4095.0,6.05,7.47,1.17,0.97,-0.03,0.65,0.0,thank-you
3029.0,4095.0,2559.0,3979.0,4095.0,4095.0,4095.0,4095.0,7.23,6.93,0.42,0.91,-0.31,0.48,0.0,thank-you
3031.0,4095.0,2539.0,3997.0,4095.0,4095.0,4095.0,4095.0,8.14,6.52,0.06,0.48,-0.02,0.43,0.0,thank-you
3011.0,4095.0,2503.0,3996.0,4095.0,4095.0,4095.0,4095.0,7.17,6.41,0.07,0.54,-0.33,0.26,0.0,thank-you
3001.0,4095.0,2507.0,3974.0,4095.0,4095.0,4095.0,4095.0,7.39,6.42,-0.53,0.26,0.24,0.09,0.0,thank-you
3003.0,4095.0,2519.0,3954.0,4095.0,4095.0,4095.0,4095.0,7.47,5.91,-0.62,0.07,0.1,-0.12,0.0,thank-you
2998.0,4095.0,2509.0,3965.0,4095.0,4095.0,4095.0,4095.0,7.3,5.47,0.18,0.03,-0.0,-0.16,0.0,thank-you
3009.0,4095.0,2525.0,3970.0,4095.0,4095.0,4095.0,4095.0,7.09,5.47,0.13,0.02,-0.03,-0.11,0.0,thank-you
3005.0,4095.0,2514.0,3967.0,4095.0,4095.0,4095.0,4095.0,7.25,5.61,-0.1,0.01,-0.03,-0.12,0.0,thank-you
3005.0,4095.0,2528.0,3994.0,4095.0,4095.0,4095.0,4095.0,7.19,5.52,0.1,-0.0,-0.02,-0.12,0.0,thank-you
3023.0,4095.0,1461.0,4046.0,4095.0,4095.0,4095.0,4095.0,2.76,9.29,7.5,0.09,0.05,-0.07,0.0,thank-you
2996.0,4095.0,1463.0,4071.0,4095.0,4095.0,4095.0,4095.0,2.1,9.28,6.34,0.09,-0.11,-0.11,0.0,thank-you
2930.0,4095.0,1634.0,4068.0,4095.0,4095.0,4095.0,4095.0,1.32,8.44,9.75,0.06,0.36,-0.02,0.0,thank-you
2946.0,4095.0,2062.0,4095.0,4095.0,4095.0,4095.0,4095.0,-3.1,3.48,12.68,2.29,0.95,1.12,0.0,thank-you
2983.0,4095.0,2320.0,3991.0,4095.0,4095.0,4095.0,4095.0,1.06,0.2,4.02,3.64,0.36,3.6,0.0,thank-you
3045.0,4095.0,1973.0,3920.0,4095.0,4095.0,4095.0,4095.0,17.16,0.73,-9.85,4.25,-1.97,1.29,0.0,thank-you
3055.0,4095.0,2259.0,3954.0,4095.0,4095.0,4095.0,4095.0,10.37,2.79,-11.03,2.18,-1.92,0.47,0.0,thank-you
3044.0,4095.0,2269.0,3926.0,4095.0,4095.0,4095.0,4095.0,7.15,3.48,-6.73,0.37,0.39,0.32,0.0,thank-you
3037.0,4095.0,2181.0,3932.0,4095.0,4095.0,4095.0,4095.0,6.94,1.96,-3.57,-0.18,0.21,0.04,0.0,thank-you
3024.0,4095.0,2160.0,3919.0,4095.0,4095.0,4095.0,4095.0,6.46,1.49,-3.49,-0.01,0.03,-0.25,0.0,thank-you
3044.0,4095.0,2192.0,3929.0,4095.0,4095.0,4095.0,4095.0,6.39,1.67,-3.22,-0.08,0.01,-0.15,0.0,thank-you
3037.0,4095.0,2198.0,3911.0,4095.0,4095.0,4095.0,4095.0,6.51,1.63,-3.15,-0.05,0.01,-0.13,0.0,thank-you
3059.0,4095.0,2202.0,3936.0,4095.0,4095.0,4095.0,4095.0,6.68,1.74,-3.28,-0.02,-0.06,-0.18,0.0,thank-you
3053.0,4095.0,2211.0,3925.0,4095.0,4095.0,4095.0,4095.0,6.34,1.92,-3.32,-0.04,-0.06,-0.23,0.0,thank-you
3054.0,4095.0,2217.0,3952.0,4095.0,4095.0,4095.0,4095.0,6.25,1.87,-3.42,-0.07,-0.03,-0.19,0.0,thank-you
3046.0,4095.0,2217.0,3966.0,4095.0,4095.0,4095.0,4095.0,6.25,1.94,-3.31,-0.01,-0.17,-0.23,0.0,thank-you
3062.0,4095.0,2229.0,3949.0,4095.0,4095.0,4095.0,4095.0,6.18,2.0,-3.33,-0.02,0.04,-0.18,0.0,thank-you
3052.0,4095.0,2221.0,3935.0,4095.0,4095.0,4095.0,4095.0,6.32,1.95,-3.32,0.03,-0.01,-0.18,0.0,thank-you
3043.0,4095.0,2224.0,3952.0,4095.0,4095.0,4095.0,4095.0,6.39,2.16,-3.5,-0.04,0.01,-0.14,0.0,thank-you
3037.0,4095.0,2215.0,3936.0,4095.0,4095.0,4095.0,4095.0,6.27,2.22,-3.4,-0.06,0.01,-0.16,0.0,thank-you
2909.0,4095.0,1876.0,3911.0,4095.0,4095.0,4095.0,4095.0,2.68,9.28,6.39,0.01,-0.19,-0.22,0.0,thank-you
2911.0,4095.0,1893.0,3930.0,4095.0,4095.0,4095.0,4095.0,2.44,9.05,7.32,0.01,-0.0,-0.17,0.0,thank-you
2850.0,4095.0,2347.0,3923.0,4095.0,4095.0,4095.0,4095.0,2.23,9.21,7.56,0.22,0.32,-0.15,0.0,thank-you
2930.0,4095.0,2590.0,3888.0,4095.0,4095.0,4095.0,4095.0,1.81,9.03,7.78,0.5,0.23,-0.05,0.0,thank-you
2949.0,4095.0,2604.0,3892.0,4095.0,4095.0,4095.0,4095.0,1.97,8.9,6.73,0.82,0.14,0.26,0.0,thank-you
3085.0,4095.0,2619.0,3920.0,4095.0,4095.0,4095.0,4095.0,3.3,8.84,5.52,1.05,0.12,0.41,0.0,thank-you
3172.0,4095.0,2628.0,3888.0,4095.0,4095.0,4095.0,4095.0,3.81,8.93,4.44,1.09,-0.14,0.31,0.0,thank-you
3219.0,4095.0,2640.0,3888.0,4095.0,4095.0,4095.0,4095.0,3.75,8.61,2.89,1.0,-0.16,0.34,0.0,thank-you
3275.0,4095.0,2599.0,3878.0,4095.0,4095.0,4095.0,4095.0,4.6,8.27,2.14,1.05,-0.36,0.34,0.0,thank-you
3312.0,4095.0,2599.0,3879.0,4095.0,4095.0,4095.0,4095.0,5.46,8.01,1.53,1.02,-0.1,0.3,0.0,thank-you
3312.0,4095.0,2589.0,3857.0,4095.0,4095.0,4095.0,4095.0,5.01,7.45,0.37,0.9,0.24,0.22,0.0,thank-you
3327.0,4095.0,2615.0,3858.0,4095.0,4095.0,4095.0,4095.0,6.26,6.77,-0.63,1.01,-0.07,0.24,0.0,thank-you
3321.0,4095.0,2610.0,3827.0,4095.0,4095.0,4095.0,4095.0,5.5,6.15,-1.15,0.93,-0.61,0.28,0.0,thank-you
3331.0,4095.0,2605.0,3824.0,4095.0,4095.0,4095.0,4095.0,5.98,5.45,-2.54,0.91,-1.11,0.18,0.0,thank-you
3312.0,4095.0,2610.0,3811.0,4095.0,4095.0,4095.0,4095.0,5.37,5.05,-2.63,0.78,-0.37,0.2,0.0,thank-you
3325.0,4095.0,2629.0,3777.0,4095.0,4095.0,4095.0,4095.0,5.4,4.09,-3.23,0.72,-0.11,0.32,0.0,thank-you
3314.0,4095.0,2642.0,3779.0,4095.0,4095.0,4095.0,4095.0,6.24,3.14,-4.27,0.75,-0.08,0.25,0.0,thank-you
3289.0,4095.0,2669.0,3790.0,4095.0,4095.0,4095.0,4095.0,6.76,2.77,-4.62,0.53,-0.14,0.15,0.0,thank-you
3296.0,4095.0,2681.0,3802.0,4095.0,4095.0,4095.0,4095.0,6.43,2.36,-4.28,0.19,0.05,0.03,0.0,thank-you
3278.0,4095.0,2687.0,3798.0,4095.0,4095.0,4095.0,4095.0,6.23,2.21,-3.59,0.05,0.14,-0.06,0.0,thank-you
3194.0,4095.0,2247.0,3879.0,4095.0,4095.0,4095.0,4095.0,1.68,9.43,7.59,-0.04,-0.43,-0.2,0.0,thank-you
3183.0,4095.0,2226.0,3856.0,4095.0,4095.0,4095.0,4095.0,1.82,9.42,7.01,-0.01,-0.07,-0.17,0.0,thank-you
3190.0,4095.0,2186.0,3890.0,4095.0,4095.0,4095.0,4095.0,1.9,9.42,7.16,0.02,0.03,-0.15,0.0,thank-you
3173.0,4095.0,2190.0,3886.0,4095.0,4095.0,4095.0,4095.0,1.6,9.43,7.29,0.01,-0.06,-0.15,0.0,thank-you
3185.0,4095.0,2192.0,3894.0,4095.0,4095.0,4095.0,4095.0,1.49,9.39,7.24,-0.01,0.06,-0.16,0.0,thank-you
3184.0,4095.0,2176.0,3894.0,4095.0,4095.0,4095.0,4095.0,1.64,9.33,7.19,-0.01,-0.08,-0.16,0.0,thank-you
3185.0,4095.0,2173.0,3888.0,4095.0,4095.0,4095.0,4095.0,1.37,9.28,7.1,0.04,-0.11,-0.16,0.0,thank-you
3171.0,4095.0,2176.0,3920.0,4095.0,4095.0,4095.0,4095.0,1.95,9.46,7.24,0.07,-0.22,-0.16,0.0,thank-you
3165.0,4095.0,2174.0,3902.0,4095.0,4095.0,4095.0,4095.0,1.47,9.24,7.2,0.02,0.04,-0.14,0.0,thank-you
3067.0,4095.0,2671.0,3951.0,4095.0,4095.0,4095.0,4095.0,-0.14,7.03,11.24,0.4,0.93,0.6,0.0,thank-you
3097.0,4095.0,2697.0,3923.0,4095.0,4095.0,4095.0,4095.0,-2.84,3.91,8.71,2.2,0.99,2.52,0.0,thank-you
3037.0,4095.0,2770.0,3889.0,4095.0,4095.0,4095.0,4095.0,5.77,1.83,3.09,2.77,-0.96,3.57,0.0,thank-you
3056.0,4095.0,2864.0,3841.0,4095.0,4095.0,4095.0,4095.0,12.85,0.34,-6.04,4.06,-3.73,0.86,0.0,thank-you
3123.0,4095.0,2993.0,3762.0,4095.0,4095.0,4095.0,4095.0,9.64,1.66,-9.31,2.18,-1.43,0.54,0.0,thank-you
3117.0,4095.0,3009.0,3825.0,4095.0,4095.0,4095.0,4095.0,6.8,2.92,-6.41,0.4,0.28,0.54,0.0,thank-you
3106.0,4095.0,3007.0,3853.0,4095.0,4095.0,4095.0,4095.0,7.42,1.0,-5.23,0.02,-0.03,0.0,0.0,thank-you
3115.0,4095.0,3012.0,3842.0,4095.0,4095.0,4095.0,4095.0,6.54,0.79,-3.66,-0.22,0.1,-0.06,0.0,thank-you
3107.0,4095.0,3014.0,3856.0,4095.0,4095.0,4095.0,4095.0,6.15,0.56,-3.32,-0.16,0.11,-0.08,0.0,thank-you
3125.0,4095.0,3002.0,3851.0,4095.0,4095.0,4095.0,4095.0,6.48,0.48,-3.21,-0.12,-0.04,-0.1,0.0,thank-you
3120.0,4095.0,3018.0,3794.0,4095.0,4095.0,4095.0,4095.0,6.48,0.76,-3.23,0.0,-0.1,-0.1,0.0,thank-you
2934.0,4095.0,2347.0,3886.0,4095.0,4095.0,4095.0,4095.0,2.0,9.22,6.7,0.09,-0.14,-0.17,0.0,thank-you
2969.0,4095.0,2431.0,3897.0,4095.0,4095.0,4095.0,4095.0,0.89,8.66,8.48,0.41,0.2,0.14,0.0,thank-you
2918.0,4095.0,2430.0,3885.0,4095.0,4095.0,4095.0,4095.0,0.9,7.79,8.08,1.25,0.43,0.94,0.0,thank-you
2887.0,4095.0,2527.0,3888.0,4095.0,4095.0,4095.0,4095.0,3.76,7.22,5.4,1.67,0.1,1.27,0.0,thank-you
2864.0,4095.0,2581.0,3859.0,4095.0,4095.0,4095.0,4095.0,5.15,6.11,2.05,1.89,-0.5,1.2,0.0,thank-you
2813.0,4095.0,2581.0,3901.0,4095.0,4095.0,4095.0,4095.0,6.62,4.74,-0.64,2.27,-2.24,0.68,0.0,thank-you
2858.0,4095.0,2590.0,3865.0,4095.0,4095.0,4095.0,4095.0,5.44,3.86,-3.75,2.44,-1.12,-0.06,0.0,thank-you
2951.0,4095.0,2704.0,3793.0,4095.0,4095.0,4095.0,4095.0,5.32,2.71,-7.12,1.92,0.06,0.21,0.0,thank-you
2985.0,4095.0,2741.0,3777.0,4095.0,4095.0,4095.0,4095.0,5.57,2.45,-7.34,0.98,0.05,0.25,0.0,thank-you
2967.0,4095.0,2753.0,3780.0,4095.0,4095.0,4095.0,4095.0,5.95,2.23,-5.6,0.24,0.15,0.18,0.0,thank-you
2961.0,4095.0,2743.0,3803.0,4095.0,4095.0,4095.0,4095.0,5.48,1.53,-4.48,-0.04,0.14,-0.03,0.0,thank-you
2949.0,4095.0,2751.0,3792.0,4095.0,4095.0,4095.0,4095.0,5.41,1.04,-4.24,-0.01,-0.05,-0.16,0.0,thank-you
2964.0,4095.0,2755.0,3797.0,4095.0,4095.0,4095.0,4095.0,5.33,1.13,-4.51,0.01,-0.11,-0.18,0.0,thank-you
2958.0,4095.0,2750.0,3798.0,4095.0,4095.0,4095.0,4095.0,5.31,1.18,-4.22,-0.04,-0.0,-0.12,0.0,thank-you
2951.0,4095.0,2736.0,3819.0,4095.0,4095.0,4095.0,4095.0,5.1,1.3,-4.12,0.01,-0.03,-0.15,0.0,thank-you
2949.0,4095.0,2739.0,3797.0,4095.0,4095.0,4095.0,4095.0,5.37,1.31,-4.32,-0.01,-0.01,-0.15,0.0,thank-you
2962.0,4095.0,2763.0,3809.0,4095.0,4095.0,4095.0,4095.0,5.19,1.33,-4.39,-0.05,-0.01,-0.18,0.0,thank-you
2955.0,4095.0,2746.0,3811.0,4095.0,4095.0,4095.0,4095.0,5.6,1.33,-4.66,-0.14,-0.02,-0.22,0.0,thank-you
2946.0,4095.0,2759.0,3811.0,4095.0,4095.0,4095.0,4095.0,5.21,1.66,-3.81,-0.21,0.16,-0.23,0.0,thank-you
2941.0,4095.0,2758.0,3824.0,4095.0,4095.0,4095.0,4095.0,5.02,1.68,-3.77,-0.06,0.03,-0.21,0.0,thank-you
2733.0,3877.0,2612.0,3895.0,4095.0,4095.0,4095.0,4095.0,1.53,9.35,7.74,-0.02,-0.18,-0.16,0.0,thank-you
2694.0,3741.0,2738.0,3891.0,4095.0,4095.0,4095.0,4095.0,0.47,8.68,9.88,-0.0,0.13,-0.02,0.0,thank-you
2559.0,3641.0,2907.0,3930.0,4095.0,4095.0,4095.0,4095.0,0.09,8.61,9.15,1.08,0.72,0.63,0.0,thank-you
2593.0,3605.0,2919.0,3951.0,4095.0,4095.0,4095.0,4095.0,1.87,7.88,5.75,1.31,0.22,0.86,0.0,thank-you
2672.0,3644.0,2940.0,3962.0,4095.0,4095.0,4095.0,4095.0,3.2,7.26,4.04,1.58,0.22,1.51,0.0,thank-you
2750.0,3622.0,2908.0,3947.0,4095.0,4095.0,4095.0,4095.0,6.5,6.34,1.38,1.78,-0.97,1.47,0.0,thank-you
2830.0,3650.0,2929.0,3930.0,4095.0,4095.0,4095.0,4095.0,6.5,5.84,-1.22,1.51,-1.11,0.94,0.0,thank-you
2831.0,3631.0,2928.0,3943.0,4095.0,4095.0,4095.0,4095.0,8.38,4.28,-1.84,1.29,-0.59,1.13,0.0,thank-you
2864.0,3637.0,2928.0,3931.0,4095.0,4095.0,4095.0,4095.0,7.53,4.77,-3.2,1.13,-0.73,0.38,0.0,thank-you
2871.0,3635.0,2928.0,3892.0,4095.0,4095.0,4095.0,4095.0,7.52,3.76,-3.14,0.63,-0.15,0.35,0.0,thank-you
2890.0,3641.0,2947.0,3920.0,4095.0,4095.0,4095.0,4095.0,7.95,3.49,-4.17,0.42,0.01,0.08,0.0,thank-you
2867.0,3631.0,2926.0,3903.0,4095.0,4095.0,4095.0,4095.0,6.93,3.67,-3.62,0.08,-0.18,-0.08,0.0,thank-you
2864.0,3631.0,2944.0,3920.0,4095.0,4095.0,4095.0,4095.0,6.92,2.87,-2.63,-0.09,0.21,-0.11,0.0,thank-you
2874.0,3641.0,2933.0,3920.0,4095.0,4095.0,4095.0,4095.0,6.57,2.75,-2.72,0.06,-0.14,-0.2,0.0,thank-you
2878.0,3650.0,2934.0,3910.0,4095.0,4095.0,4095.0,4095.0,6.81,2.71,-2.86,-0.0,-0.12,-0.15,0.0,thank-you
2889.0,3628.0,2927.0,3933.0,4095.0,4095.0,4095.0,4095.0,6.8,2.89,-2.9,-0.02,-0.07,-0.17,0.0,thank-you
2874.0,3631.0,2927.0,3907.0,4095.0,4095.0,4095.0,4095.0,6.55,2.94,-2.72,-0.05,0.01,-0.22,0.0,thank-you
2871.0,3634.0,2928.0,3934.0,4095.0,4095.0,4095.0,4095.0,6.48,2.91,-2.75,-0.02,-0.0,-0.22,0.0,thank-you
2891.0,3630.0,2929.0,3899.0,4095.0,4095.0,4095.0,4095.0,6.48,3.04,-2.74,0.01,-0.01,-0.18,0.0,thank-you
2930.0,3645.0,2919.0,3920.0,4095.0,4095.0,4095.0,4095.0,6.57,3.01,-2.82,-0.01,-0.05,-0.17,0.0,thank-you
3143.0,3631.0,2163.0,3997.0,4095.0,4095.0,4095.0,4095.0,2.25,9.26,6.74,0.0,0.01,-0.14,0.0,thank-you
3014.0,3613.0,2173.0,4003.0,4095.0,4095.0,4095.0,4095.0,1.73,9.01,9.09,0.34,0.43,0.06,0.0,thank-you
2967.0,3627.0,2197.0,4042.0,4095.0,4095.0,4095.0,4095.0,1.37,9.15,6.68,0.98,0.16,-0.05,0.0,thank-you
2992.0,3631.0,2226.0,4048.0,4095.0,4095.0,4095.0,4095.0,1.4,9.28,3.93,0.91,0.41,0.28,0.0,thank-you
2967.0,3651.0,2243.0,4065.0,4095.0,4095.0,4095.0,4095.0,3.12,9.04,3.29,0.81,-0.1,0.45,0.0,thank-you
2971.0,3621.0,2232.0,4046.0,4095.0,4095.0,4095.0,4095.0,3.84,9.08,2.8,0.83,-0.02,0.31,0.0,thank-you
2970.0,3642.0,2256.0,4042.0,4095.0,4095.0,4095.0,4095.0,4.06,8.96,2.02,0.69,0.12,0.36,0.0,thank-you
2975.0,3625.0,2266.0,4048.0,4095.0,4095.0,4095.0,4095.0,4.12,8.68,1.46,0.59,-0.04,0.27,0.0,thank-you
2992.0,3635.0,2283.0,4066.0,4095.0,4095.0,4095.0,4095.0,4.74,8.37,1.08,0.52,0.03,0.24,0.0,thank-you
3002.0,3631.0,2289.0,4044.0,4095.0,4095.0,4095.0,4095.0,4.92,7.98,0.91,0.46,-0.07,0.23,0.0,thank-you
3010.0,3648.0,2318.0,4048.0,4095.0,4095.0,4095.0,4095.0,4.5,7.26,0.86,0.48,-0.25,0.32,0.0,thank-you
3035.0,3635.0,2321.0,4039.0,4095.0,4095.0,4095.0,4095.0,5.15,7.13,0.17,0.57,-0.29,0.23,0.0,thank-you
3049.0,3632.0,2330.0,4049.0,4095.0,4095.0,4095.0,4095.0,5.27,6.81,-0.51,0.54,-0.22,0.22,0.0,thank-you
3058.0,3621.0,2336.0,4023.0,4095.0,4095.0,4095.0,4095.0,5.75,6.16,-1.23,0.5,-0.06,0.2,0.0,thank-you
3105.0,3643.0,2367.0,4043.0,4095.0,4095.0,4095.0,4095.0,6.04,5.71,-1.59,0.55,-0.1,0.21,0.0,thank-you
3093.0,3651.0,2387.0,4035.0,4095.0,4095.0,4095.0,4095.0,5.61,5.34,-1.77,0.53,-0.03,0.25,0.0,thank-you
3089.0,3632.0,2421.0,4019.0,4095.0,4095.0,4095.0,4095.0,6.03,4.79,-2.56,0.56,-0.2,0.13,0.0,thank-you
3099.0,3646.0,2473.0,4031.0,4095.0,4095.0,4095.0,4095.0,6.39,4.33,-2.9,0.44,-0.08,0.16,0.0,thank-you
3115.0,3639.0,2509.0,4003.0,4095.0,4095.0,4095.0,4095.0,6.21,4.15,-3.01,0.25,0.09,0.09,0.0,thank-you
3099.0,3646.0,2530.0,4014.0,4095.0,4095.0,4095.0,4095.0,6.34,3.89,-2.87,0.12,0.06,-0.01,0.0,thank-you
2899.0,3631.0,1894.0,4044.0,4095.0,4095.0,4095.0,4095.0,1.66,8.75,8.66,0.12,-0.08,-0.13,0.0,thank-you
2761.0,3582.0,2004.0,4043.0,4095.0,4095.0,4095.0,4095.0,0.78,7.97,9.81,0.55,0.48,0.18,0.0,thank-you
2722.0,3566.0,2163.0,4050.0,4095.0,4095.0,4095.0,4095.0,1.02,7.4,7.82,1.67,0.73,1.11,0.0,thank-you
2701.0,3570.0,2199.0,4077.0,4095.0,4095.0,4095.0,4095.0,1.72,6.34,5.61,2.05,0.89,1.92,0.0,thank-you
2794.0,3600.0,2273.0,4038.0,4095.0,4095.0,4095.0,4095.0,6.23,3.63,2.24,2.39,-1.15,1.89,0.0,thank-you
2859.0,3606.0,2323.0,4067.0,4095.0,4095.0,4095.0,4095.0,8.23,3.2,-0.99,2.38,-1.17,1.26,0.0,thank-you
2880.0,3613.0,2402.0,4054.0,4095.0,4095.0,4095.0,4095.0,9.44,2.14,-3.93,1.37,0.99,1.65,0.0,thank-you
2919.0,3629.0,2425.0,4062.0,4095.0,4095.0,4095.0,4095.0,9.83,2.19,-4.88,1.0,-1.47,-0.04,0.0,thank-you
2919.0,3600.0,2430.0,4047.0,4095.0,4095.0,4095.0,4095.0,8.23,2.0,-4.6,-0.02,-0.04,-0.21,0.0,thank-you
2897.0,3600.0,2415.0,4047.0,4095.0,4095.0,4095.0,4095.0,7.19,1.7,-2.79,-0.31,0.08,-0.18,0.0,thank-you
2913.0,3606.0,2413.0,4077.0,4095.0,4095.0,4095.0,4095.0,7.31,1.65,-2.02,-0.28,0.18,-0.21,0.0,thank-you
2903.0,3599.0,2407.0,4059.0,4095.0,4095.0,4095.0,4095.0,7.28,1.72,-2.15,-0.08,-0.13,-0.27,0.0,thank-you
2902.0,3618.0,2413.0,4065.0,4095.0,4095.0,4095.0,4095.0,7.36,2.2,-2.6,-0.07,-0.11,-0.26,0.0,thank-you
2891.0,3583.0,2399.0,4069.0,4095.0,4095.0,4095.0,4095.0,7.13,2.5,-2.64,-0.16,-0.09,-0.26,0.0,thank-you
2896.0,3605.0,2394.0,4095.0,4095.0,4095.0,4095.0,4095.0,6.94,2.57,-2.21,-0.19,-0.03,-0.23,0.0,thank-you
2902.0,3609.0,2383.0,4065.0,4095.0,4095.0,4095.0,4095.0,6.98,2.49,-2.24,-0.14,-0.03,-0.2,0.0,thank-you
3018.0,3600.0,2322.0,4071.0,4095.0,4095.0,4095.0,4095.0,6.8,2.63,-2.46,-0.09,-0.11,-0.17,0.0,thank-you
3148.0,3603.0,2182.0,4045.0,4095.0,4095.0,4095.0,4095.0,6.89,2.99,-2.5,-0.09,-0.07,-0.22,0.0,thank-you
3201.0,3611.0,2176.0,4036.0,4095.0,4095.0,4095.0,4095.0,6.87,2.87,-2.61,-0.08,0.09,-0.19,0.0,thank-you
3243.0,3582.0,2189.0,3987.0,4095.0,4095.0,4095.0,4095.0,7.2,2.97,-2.52,-0.11,0.13,-0.18,0.0,thank-you
3191.0,3515.0,1914.0,3984.0,4095.0,4095.0,4095.0,4095.0,2.52,9.24,7.28,-0.02,-0.02,-0.12,0.0,thank-you
3009.0,3472.0,2416.0,3953.0,4095.0,4095.0,4095.0,4095.0,-0.36,7.88,9.13,0.89,0.89,0.36,0.0,thank-you
3087.0,3474.0,2459.0,3942.0,4095.0,4095.0,4095.0,4095.0,2.03,6.83,7.73,1.46,0.65,1.58,0.0,thank-you
3162.0,3475.0,2485.0,3910.0,4095.0,4095.0,4095.0,4095.0,3.44,5.6,4.45,2.46,-0.52,1.54,0.0,thank-you
3263.0,3534.0,2651.0,3856.0,4095.0,4095.0,4095.0,4095.0,6.12,4.59,-0.75,2.37,0.27,1.62,0.0,thank-you
3286.0,3533.0,2413.0,3862.0,4095.0,4095.0,4095.0,4095.0,7.0,2.68,-2.87,2.14,-1.03,1.54,0.0,thank-you
3301.0,3522.0,2238.0,3865.0,4095.0,4095.0,4095.0,4095.0,7.06,2.29,-5.47,2.33,-1.84,0.4,0.0,thank-you
3288.0,3517.0,2269.0,3856.0,4095.0,4095.0,4095.0,4095.0,7.39,2.19,-7.91,1.04,-0.16,0.29,0.0,thank-you
3294.0,3514.0,2287.0,3887.0,4095.0,4095.0,4095.0,4095.0,6.56,2.16,-5.21,-0.03,0.41,0.22,0.0,thank-you
3299.0,3501.0,2285.0,3891.0,4095.0,4095.0,4095.0,4095.0,6.13,1.01,-3.77,-0.2,0.26,0.01,0.0,thank-you
3297.0,3504.0,2299.0,3894.0,4095.0,4095.0,4095.0,4095.0,5.99,0.8,-3.49,-0.03,-0.08,-0.13,0.0,thank-you
3303.0,3511.0,2304.0,3918.0,4095.0,4095.0,4095.0,4095.0,6.13,0.87,-3.85,-0.07,0.04,-0.07,0.0,thank-you
3303.0,3516.0,2295.0,3918.0,4095.0,4095.0,4095.0,4095.0,6.07,1.19,-3.78,-0.07,-0.05,-0.16,0.0,thank-you
3303.0,3527.0,2304.0,3920.0,4095.0,4095.0,4095.0,4095.0,6.04,1.17,-3.75,-0.05,-0.04,-0.21,0.0,thank-you
3301.0,3513.0,2304.0,3923.0,4095.0,4095.0,4095.0,4095.0,5.98,1.12,-3.57,-0.1,0.05,-0.13,0.0,thank-you
3293.0,3503.0,2307.0,3949.0,4095.0,4095.0,4095.0,4095.0,6.1,1.12,-3.35,-0.03,0.06,-0.15,0.0,thank-you
3296.0,3510.0,2304.0,3920.0,4095.0,4095.0,4095.0,4095.0,6.08,1.24,-3.67,-0.02,0.01,-0.13,0.0,thank-you
3292.0,3521.0,2319.0,3937.0,4095.0,4095.0,4095.0,4095.0,6.07,1.31,-3.67,0.04,-0.04,-0.15,0.0,thank-you
3300.0,3501.0,2309.0,3917.0,4095.0,4095.0,4095.0,4095.0,6.11,1.23,-3.56,-0.02,0.02,-0.13,0.0,thank-you
3309.0,3533.0,2325.0,3933.0,4095.0,4095.0,4095.0,4095.0,6.17,1.22,-3.71,-0.01,-0.03,-0.13,0.0,thank-you
2965.0,1711.0,1552.0,4095.0,4095.0,4095.0,4095.0,4095.0,1.71,8.29,8.8,-0.44,-0.68,-0.37,0.0,thank-you
2983.0,1262.0,1446.0,4095.0,4095.0,4095.0,4095.0,4095.0,2.64,9.71,5.88,0.04,0.06,-0.12,0.0,thank-you
2985.0,1275.0,1421.0,4095.0,4095.0,4095.0,4095.0,4095.0,1.89,9.33,6.09,0.03,0.06,-0.16,0.0,thank-you
2955.0,1759.0,1068.0,4095.0,4095.0,4095.0,4095.0,4095.0,1.8,8.95,8.97,0.34,0.54,0.16,0.0,thank-you
2946.0,1152.0,1361.0,4095.0,4095.0,4095.0,4095.0,4095.0,-0.15,7.87,8.22,1.4,0.75,0.54,0.0,thank-you
2934.0,976.0,1350.0,4095.0,4095.0,4095.0,4095.0,4095.0,3.22,7.11,4.05,1.83,0.01,1.59,0.0,thank-you
2955.0,961.0,1214.0,4095.0,4095.0,4061.0,4095.0,4095.0,7.51,6.82,0.94,1.9,-0.4,1.12,0.0,thank-you
2966.0,957.0,1034.0,4095.0,4095.0,4001.0,4095.0,4095.0,3.38,6.07,0.58,1.83,-1.12,0.64,0.0,thank-you
2969.0,976.0,1173.0,4095.0,4095.0,3982.0,4095.0,4095.0,5.12,4.54,-2.78,2.07,-1.42,0.08,0.0,thank-you
2985.0,964.0,1220.0,4095.0,4095.0,3969.0,4095.0,4095.0,5.39,3.09,-5.03,1.88,-0.6,0.36,0.0,thank-you
2974.0,960.0,1199.0,4095.0,4095.0,3943.0,4095.0,4095.0,4.66,3.57,-6.42,1.0,-0.49,0.12,0.0,thank-you
2975.0,970.0,1254.0,4095.0,4095.0,3962.0,4095.0,4095.0,5.54,2.82,-6.45,0.43,0.26,0.26,0.0,thank-you
2967.0,972.0,1134.0,4095.0,4095.0,3962.0,4095.0,4095.0,5.12,2.25,-5.26,0.04,0.14,-0.02,0.0,thank-you
2971.0,974.0,1141.0,4095.0,4095.0,3981.0,4095.0,4095.0,4.92,1.86,-4.51,-0.12,0.08,-0.06,0.0,thank-you
2975.0,963.0,1168.0,4095.0,4095.0,3958.0,4095.0,4095.0,4.56,1.83,-4.26,-0.05,-0.03,-0.11,0.0,thank-you
2965.0,976.0,1164.0,4095.0,4095.0,3975.0,4095.0,4095.0,4.55,1.88,-4.5,-0.04,-0.02,-0.06,0.0,thank-you
2965.0,967.0,1163.0,4095.0,4095.0,3970.0,4095.0,4095.0,4.9,1.87,-4.5,-0.02,-0.02,-0.12,0.0,thank-you
2973.0,969.0,1168.0,4095.0,4095.0,3984.0,4095.0,4095.0,4.9,1.79,-4.44,-0.07,0.1,-0.08,0.0,thank-you
2972.0,963.0,1168.0,4095.0,4095.0,3984.0,4095.0,4095.0,4.77,2.03,-4.16,-0.06,0.03,-0.15,0.0,thank-you
2961.0,962.0,1153.0,4095.0,4095.0,3989.0,4095.0,4095.0,4.75,1.91,-4.4,-0.0,0.03,-0.16,0.0,thank-you
2787.0,1905.0,1262.0,4095.0,4095.0,4075.0,4095.0,4095.0,1.7,9.23,7.93,-0.25,-0.06,-0.17,0.0,thank-you
2742.0,1247.0,1664.0,4095.0,4095.0,4095.0,4095.0,4095.0,0.09,7.59,10.22,0.32,-0.31,-0.07,0.0,thank-you
2761.0,1007.0,1951.0,4095.0,4095.0,4095.0,4095.0,4095.0,1.81,6.65,8.3,1.89,-0.41,0.96,0.0,thank-you
2810.0,999.0,1706.0,4095.0,4095.0,4095.0,4095.0,4095.0,3.28,5.03,4.09,2.92,-0.02,1.53,0.0,thank-you
2871.0,951.0,1153.0,4095.0,4095.0,4071.0,4095.0,4095.0,6.65,2.79,-0.91,3.28,0.53,2.4,0.0,thank-you
2947.0,976.0,1074.0,4095.0,4095.0,3919.0,4095.0,4095.0,8.84,2.12,-5.43,3.56,-4.12,0.65,0.0,thank-you
2930.0,987.0,1342.0,4095.0,4095.0,3889.0,4095.0,4095.0,5.53,3.27,-8.74,2.25,-0.54,-0.19,0.0,thank-you
2931.0,982.0,1236.0,4095.0,4095.0,3850.0,4095.0,4095.0,4.95,1.98,-7.48,0.58,0.35,0.25,0.0,thank-you
2935.0,974.0,1250.0,4095.0,4095.0,3887.0,4095.0,4095.0,4.94,0.65,-5.46,0.17,0.09,0.19,0.0,thank-you
2899.0,975.0,1204.0,4095.0,4095.0,3861.0,4095.0,4095.0,4.84,0.36,-4.95,-0.03,-0.11,0.06,0.0,thank-you
2910.0,973.0,1167.0,4095.0,4095.0,3882.0,4095.0,4095.0,4.98,0.26,-4.65,-0.12,0.09,0.04,0.0,thank-you
2887.0,977.0,1102.0,4095.0,4095.0,3885.0,4095.0,4095.0,4.95,0.17,-4.47,-0.08,-0.0,-0.08,0.0,thank-you
2891.0,987.0,1107.0,4095.0,4095.0,3883.0,4095.0,4095.0,4.91,0.26,-4.54,-0.04,-0.04,-0.09,0.0,thank-you
2878.0,983.0,1104.0,4095.0,4095.0,3879.0,4095.0,4095.0,4.89,0.29,-4.55,-0.05,0.03,-0.08,0.0,thank-you
2883.0,973.0,1114.0,4095.0,4095.0,3888.0,4095.0,4095.0,5.21,0.32,-4.3,-0.07,0.02,-0.12,0.0,thank-you
2880.0,981.0,1114.0,4095.0,4095.0,3887.0,4095.0,4095.0,4.8,0.38,-4.51,0.04,0.02,-0.14,0.0,thank-you
2897.0,976.0,1091.0,4095.0,4095.0,3885.0,4095.0,4095.0,4.83,0.3,-4.69,-0.03,0.04,-0.11,0.0,thank-you
2886.0,971.0,1093.0,4095.0,4095.0,3888.0,4095.0,4095.0,5.03,0.28,-4.48,-0.05,0.04,-0.09,0.0,thank-you
2890.0,980.0,1094.0,4095.0,4095.0,3909.0,4095.0,4095.0,4.97,0.4,-4.38,0.0,-0.03,-0.15,0.0,thank-you
2876.0,980.0,1092.0,4095.0,4095.0,3899.0,4095.0,4095.0,4.99,0.44,-4.51,-0.02,0.03,-0.13,0.0,thank-you
2992.0,2367.0,1643.0,4095.0,4095.0,4095.0,4095.0,4095.0,0.72,9.16,9.16,0.26,-0.51,-0.22,0.0,thank-you
2971.0,3529.0,1040.0,4095.0,4095.0,4095.0,4095.0,4095.0,2.37,9.77,6.9,0.04,-0.06,-0.01,0.0,thank-you
2982.0,3701.0,1093.0,4095.0,4095.0,4095.0,4095.0,4095.0,1.4,8.89,7.77,-0.02,0.16,-0.08,0.0,thank-you
2925.0,4095.0,1427.0,4095.0,4095.0,4095.0,4095.0,4095.0,1.89,8.54,8.83,0.67,0.36,0.12,0.0,thank-you
2932.0,4083.0,1563.0,4095.0,4095.0,4095.0,4095.0,4095.0,1.55,8.25,7.08,1.39,0.36,0.57,0.0,thank-you
2942.0,2960.0,1664.0,4095.0,4095.0,4095.0,4095.0,4095.0,2.21,7.78,4.92,1.76,0.38,0.74,0.0,thank-you
2963.0,1856.0,1945.0,4095.0,4095.0,4095.0,4095.0,4095.0,3.73,7.05,2.16,2.31,-1.29,0.33,0.0,thank-you
2973.0,981.0,2160.0,4095.0,4095.0,4095.0,4095.0,4095.0,4.23,6.53,-1.23,2.13,-0.19,0.46,0.0,thank-you
2989.0,966.0,2240.0,4095.0,4095.0,4095.0,4095.0,4095.0,4.11,4.94,-2.87,2.04,-0.49,0.69,0.0,thank-you
2971.0,967.0,2126.0,4095.0,4095.0,4095.0,4095.0,4095.0,5.18,3.3,-4.31,2.07,-0.63,0.56,0.0,thank-you
2979.0,967.0,2206.0,4095.0,4095.0,4095.0,4095.0,4095.0,5.34,2.55,-6.06,1.71,-0.05,0.4,0.0,thank-you
2967.0,958.0,2304.0,4081.0,4095.0,4095.0,4095.0,4095.0,5.09,2.27,-6.74,1.14,-0.16,0.33,0.0,thank-you
2978.0,965.0,2190.0,4095.0,4095.0,4095.0,4095.0,4095.0,5.43,1.19,-6.3,0.58,0.23,0.17,0.0,thank-you
2971.0,971.0,2235.0,4095.0,4095.0,4095.0,4095.0,4095.0,5.49,0.7,-6.31,0.1,-0.25,-0.18,0.0,thank-you
2970.0,966.0,2213.0,4095.0,4095.0,4095.0,4095.0,4095.0,4.13,0.09,-4.36,-0.2,0.36,-0.05,0.0,thank-you
2961.0,965.0,2153.0,4095.0,4095.0,4095.0,4095.0,4095.0,4.7,0.06,-4.39,-0.03,0.02,-0.17,0.0,thank-you
2969.0,960.0,2133.0,4095.0,4095.0,4095.0,4095.0,4095.0,4.76,0.35,-4.61,-0.0,0.01,-0.1,0.0,thank-you
2966.0,962.0,2131.0,4095.0,4095.0,4095.0,4095.0,4095.0,4.68,0.45,-4.76,-0.06,-0.01,-0.13,0.0,thank-you
2962.0,955.0,2107.0,4095.0,4095.0,4095.0,4095.0,4095.0,4.79,0.43,-4.67,-0.03,-0.03,-0.17,0.0,thank-you
2966.0,963.0,2124.0,4095.0,4095.0,4095.0,4095.0,4095.0,4.83,0.36,-4.51,-0.05,0.05,-0.16,0.0,thank-you
3015.0,1283.0,1600.0,4095.0,4095.0,4095.0,4095.0,4095.0,-0.64,8.33,9.34,0.04,0.01,-0.12,0.0,thank-you
2992.0,1328.0,1766.0,4095.0,4095.0,4095.0,4095.0,4095.0,-0.54,8.11,10.21,0.15,0.13,-0.03,0.0,thank-you
2986.0,2829.0,2290.0,4095.0,4095.0,4095.0,4095.0,4095.0,-2.32,7.15,10.87,1.39,1.05,0.74,0.0,thank-you
2967.0,2273.0,2544.0,4095.0,4095.0,4095.0,4095.0,4095.0,-3.42,7.46,8.11,1.39,0.24,1.5,0.0,thank-you
2970.0,1612.0,2377.0,4095.0,4095.0,4095.0,4095.0,4095.0,0.59,6.19,6.69,1.66,-0.01,2.87,0.0,thank-you
2992.0,981.0,2383.0,4095.0,4095.0,4095.0,4095.0,4095.0,7.6,5.28,1.83,2.48,-2.07,1.52,0.0,thank-you
2997.0,970.0,2434.0,4095.0,4095.0,4095.0,4095.0,4095.0,9.15,5.27,-2.88,2.69,-1.24,0.46,0.0,thank-you
3020.0,968.0,2644.0,4095.0,4095.0,4095.0,4095.0,4095.0,6.82,5.69,-4.3,1.97,-1.32,0.01,0.0,thank-you
3009.0,962.0,2606.0,4095.0,4095.0,4095.0,4095.0,4095.0,6.6,5.13,-4.68,1.01,-0.47,0.31,0.0,thank-you
3022.0,976.0,2559.0,4095.0,4095.0,4095.0,4095.0,4095.0,6.23,5.44,-5.09,0.33,0.11,0.1,0.0,thank-you
3015.0,960.0,2554.0,4095.0,4095.0,4095.0,4095.0,4095.0,5.59,5.02,-4.02,-0.12,0.05,-0.08,0.0,thank-you
3019.0,976.0,2530.0,4095.0,4095.0,4095.0,4095.0,4095.0,5.31,4.14,-2.86,-0.22,0.11,-0.11,0.0,thank-you
3024.0,976.0,2559.0,4095.0,4095.0,4095.0,4095.0,4095.0,5.26,4.22,-2.8,-0.01,-0.05,-0.15,0.0,thank-you
3021.0,967.0,2594.0,4095.0,4095.0,4095.0,4095.0,4095.0,5.4,4.28,-3.1,-0.01,-0.03,-0.13,0.0,thank-you
3012.0,972.0,2597.0,4095.0,4095.0,4095.0,4095.0,4095.0,5.27,4.41,-3.16,0.0,-0.03,-0.11,0.0,thank-you
3011.0,976.0,2607.0,4095.0,4095.0,4095.0,4095.0,4095.0,5.32,4.43,-3.26,-0.04,-0.01,-0.17,0.0,thank-you
3009.0,976.0,2623.0,4095.0,4095.0,4095.0,4095.0,4095.0,5.52,4.63,-3.1,-0.1,-0.02,-0.24,0.0,thank-you
3006.0,963.0,2638.0,4095.0,4095.0,4095.0,4095.0,4095.0,5.12,4.72,-3.1,-0.07,-0.05,-0.24,0.0,thank-you
3011.0,969.0,2642.0,4095.0,4095.0,4095.0,4095.0,4095.0,5.16,4.51,-2.89,-0.02,-0.06,-0.19,0.0,thank-you
2995.0,975.0,2627.0,4095.0,4095.0,4095.0,4095.0,4095.0,5.26,4.9,-3.51,-0.08,-0.09,-0.24,0.0,thank-you
2942.0,1073.0,2448.0,4095.0,4095.0,4095.0,4095.0,4095.0,-2.51,7.26,10.94,0.48,0.81,0.6,0.0,thank-you
2925.0,1031.0,2402.0,4095.0,4095.0,4095.0,4095.0,4095.0,-0.88,7.81,8.16,2.02,0.35,1.43,0.0,thank-you
2950.0,1013.0,2437.0,4095.0,4095.0,4095.0,4095.0,4095.0,0.54,8.47,4.51,2.1,0.32,1.64,0.0,thank-you
2962.0,971.0,2602.0,4095.0,4095.0,4095.0,4095.0,4095.0,4.23,7.37,0.99,1.85,-1.12,1.12,0.0,thank-you
2987.0,986.0,2784.0,4095.0,4095.0,4095.0,4095.0,4095.0,6.86,6.04,-0.88,1.5,-0.88,1.48,0.0,thank-you
2966.0,976.0,2803.0,4095.0,4095.0,4095.0,4095.0,4095.0,6.28,4.94,-1.42,1.21,0.67,1.53,0.0,thank-you
2981.0,977.0,2681.0,4095.0,4095.0,4095.0,4095.0,4095.0,6.47,3.4,-1.64,1.51,-0.31,1.29,0.0,thank-you
2986.0,976.0,2704.0,4095.0,4095.0,4095.0,4095.0,4095.0,8.37,2.69,-3.45,1.25,-0.75,1.07,0.0,thank-you
2978.0,976.0,2752.0,4095.0,4095.0,4095.0,4095.0,4095.0,8.56,2.85,-4.95,0.9,-1.35,0.15,0.0,thank-you
2991.0,973.0,2800.0,4095.0,4095.0,4095.0,4095.0,4095.0,7.61,1.76,-4.61,0.13,0.18,0.19,0.0,thank-you
2981.0,977.0,2805.0,4095.0,4095.0,4074.0,4095.0,4095.0,6.73,1.28,-3.86,-0.07,0.02,-0.08,0.0,thank-you
2982.0,976.0,2814.0,4095.0,4095.0,4095.0,4095.0,4095.0,6.36,1.16,-3.64,-0.05,0.02,-0.12,0.0,thank-you
2989.0,982.0,2810.0,4095.0,4095.0,4071.0,4095.0,4095.0,6.52,1.06,-3.67,-0.08,-0.05,-0.22,0.0,thank-you
2992.0,976.0,2817.0,4095.0,4095.0,4087.0,4095.0,4095.0,6.57,1.22,-3.21,-0.08,-0.02,-0.18,0.0,thank-you
2976.0,980.0,2810.0,4095.0,4095.0,4070.0,4095.0,4095.0,6.32,1.29,-3.43,0.0,0.0,-0.26,0.0,thank-you
2976.0,976.0,2803.0,4095.0,4095.0,4095.0,4095.0,4095.0,6.22,1.21,-3.31,-0.03,0.02,-0.19,0.0,thank-you
2985.0,976.0,2815.0,4095.0,4095.0,4075.0,4095.0,4095.0,6.16,1.27,-3.62,-0.01,0.01,-0.13,0.0,thank-you
2978.0,977.0,2823.0,4095.0,4095.0,4080.0,4095.0,4095.0,6.47,1.53,-3.78,-0.07,-0.1,-0.21,0.0,thank-you
2982.0,973.0,2818.0,4095.0,4095.0,4060.0,4095.0,4095.0,7.87,1.53,-5.5,-0.22,-0.06,-0.45,0.0,thank-you
2997.0,981.0,2890.0,4095.0,4095.0,4016.0,4095.0,4095.0,10.59,4.5,-9.94,-2.83,2.16,-0.93,0.0,thank-you
3026.0,980.0,1653.0,4095.0,4095.0,4095.0,4095.0,4095.0,-0.29,9.1,8.01,0.08,0.12,-0.03,0.0,thank-you
3025.0,972.0,2176.0,4095.0,4095.0,4095.0,4095.0,4095.0,-0.32,8.94,7.86,0.26,0.23,0.16,0.0,thank-you
2999.0,963.0,2320.0,4095.0,4095.0,4095.0,4095.0,4095.0,-1.2,8.97,8.44,0.62,0.29,0.48,0.0,thank-you
2991.0,975.0,2279.0,4095.0,4095.0,4095.0,4095.0,4095.0,0.44,8.94,6.97,0.89,0.18,0.75,0.0,thank-you
2993.0,972.0,2310.0,4095.0,4095.0,4095.0,4095.0,4095.0,1.48,9.35,5.87,0.86,0.47,0.68,0.0,thank-you
3008.0,969.0,2406.0,4095.0,4095.0,4095.0,4095.0,4095.0,1.97,8.9,5.43,0.99,-0.48,0.53,0.0,thank-you
2999.0,969.0,2480.0,4095.0,4095.0,4095.0,4095.0,4095.0,3.28,8.88,3.6,1.14,-0.58,0.62,0.0,thank-you
3002.0,976.0,2485.0,4095.0,4095.0,4095.0,4095.0,4095.0,4.65,8.66,2.5,1.02,-0.35,0.53,0.0,thank-you
3007.0,976.0,2527.0,4095.0,4095.0,4095.0,4095.0,4095.0,4.45,7.86,1.55,0.87,-0.52,0.54,0.0,thank-you
3024.0,962.0,2527.0,4095.0,4095.0,4095.0,4095.0,4095.0,5.03,6.66,0.84,0.79,-0.42,0.72,0.0,thank-you
3012.0,966.0,2545.0,4095.0,4095.0,4095.0,4095.0,4095.0,5.73,6.11,-0.45,1.04,-0.26,0.68,0.0,thank-you
3030.0,976.0,2559.0,4095.0,4095.0,4095.0,4095.0,4095.0,6.22,5.5,-1.42,1.01,-0.16,0.6,0.0,thank-you
3011.0,978.0,2537.0,4095.0,4095.0,4095.0,4095.0,4095.0,5.6,5.19,-2.07,1.19,-0.51,0.22,0.0,thank-you
3041.0,987.0,2599.0,4095.0,4095.0,4095.0,4095.0,4095.0,5.88,4.1,-3.92,1.09,-0.56,-0.03,0.0,thank-you
3025.0,978.0,2559.0,4095.0,4095.0,4095.0,4095.0,4095.0,5.18,3.38,-3.81,0.78,-0.2,0.21,0.0,thank-you
3029.0,979.0,2451.0,4095.0,4095.0,4095.0,4095.0,4095.0,5.61,2.57,-4.86,0.75,-0.34,-0.0,0.0,thank-you
3028.0,977.0,2474.0,4095.0,4095.0,4095.0,4095.0,4095.0,4.78,2.0,-5.82,0.39,-0.0,0.03,0.0,thank-you
3027.0,975.0,2478.0,4095.0,4095.0,4095.0,4095.0,4095.0,4.92,1.87,-4.92,0.08,0.06,0.03,0.0,thank-you
3024.0,979.0,2478.0,4095.0,4095.0,4095.0,4095.0,4095.0,5.17,1.68,-4.92,0.04,-0.07,-0.12,0.0,thank-you
3015.0,985.0,2479.0,4095.0,4095.0,4095.0,4095.0,4095.0,5.51,1.87,-4.88,-0.13,0.06,-0.16,0.0,thank-you
3038.0,967.0,2368.0,4095.0,4095.0,4095.0,4095.0,4095.0,-0.92,9.07,8.7,0.01,0.1,-0.1,0.0,thank-you
3044.0,970.0,2446.0,4095.0,4095.0,4095.0,4095.0,4095.0,-1.38,8.39,9.18,0.54,0.4,0.47,0.0,thank-you
3040.0,962.0,2445.0,4095.0,4095.0,4095.0,4095.0,4095.0,-0.4,8.57,7.11,1.01,0.32,0.82,0.0,thank-you
3056.0,966.0,2458.0,4095.0,4095.0,4095.0,4095.0,4095.0,1.47,8.71,5.77,1.07,-0.02,1.05,0.0,thank-you
3035.0,967.0,2496.0,4095.0,4095.0,4095.0,4095.0,4095.0,3.47,8.82,4.14,1.23,-0.67,0.73,0.0,thank-you
3039.0,974.0,2631.0,4095.0,4095.0,4095.0,4095.0,4095.0,3.23,8.69,3.24,0.91,-0.11,0.67,0.0,thank-you
3045.0,976.0,2768.0,4095.0,4095.0,4095.0,4095.0,4095.0,4.21,8.28,2.11,1.02,-0.19,0.8,0.0,thank-you
3042.0,977.0,2798.0,4095.0,4095.0,4095.0,4095.0,4095.0,4.72,7.9,0.75,1.05,0.14,0.7,0.0,thank-you
3054.0,969.0,2800.0,4095.0,4095.0,4095.0,4095.0,4095.0,4.74,7.09,0.34,0.96,-0.07,0.77,0.0,thank-you
3054.0,965.0,2816.0,4095.0,4095.0,4095.0,4095.0,4095.0,5.92,6.24,-1.61,0.95,-0.17,0.66,0.0,thank-you
3030.0,957.0,2813.0,4095.0,4095.0,4095.0,4095.0,4095.0,6.16,5.26,-2.25,0.91,-0.66,0.4,0.0,thank-you
3044.0,948.0,2807.0,4095.0,4095.0,4095.0,4095.0,4095.0,5.69,4.53,-2.94,1.0,-0.95,0.25,0.0,thank-you
3050.0,945.0,2832.0,4095.0,4095.0,4095.0,4095.0,4095.0,5.18,3.56,-3.68,0.96,-0.55,0.26,0.0,thank-you
3035.0,940.0,2813.0,4095.0,4095.0,4095.0,4095.0,4095.0,4.9,2.43,-4.31,0.89,-0.35,0.35,0.0,thank-you
3056.0,945.0,2832.0,4095.0,4095.0,4095.0,4095.0,4095.0,5.33,1.48,-5.32,0.82,-0.05,0.32,0.0,thank-you
3036.0,941.0,2832.0,4095.0,4095.0,4095.0,4095.0,4095.0,5.33,1.05,-5.69,0.57,-0.04,0.15,0.0,thank-you
3046.0,945.0,2828.0,4095.0,4095.0,4095.0,4095.0,4095.0,5.25,0.79,-5.43,0.18,0.04,0.06,0.0,thank-you
3050.0,942.0,2819.0,4095.0,4095.0,4095.0,4095.0,4095.0,5.15,0.54,-4.87,0.01,0.02,-0.05,0.0,thank-you
3046.0,931.0,2815.0,4095.0,4095.0,4095.0,4095.0,4095.0,5.05,0.36,-4.46,-0.02,0.04,-0.11,0.0,thank-you
3045.0,930.0,2825.0,4095.0,4095.0,4095.0,4095.0,4095.0,5.07,0.3,-4.64,-0.05,0.02,-0.09,0.0,thank-you
2710.0,971.0,2909.0,4095.0,4095.0,4095.0,4095.0,4095.0,-1.65,7.34,10.9,0.49,0.6,0.34,0.0,thank-you
2800.0,964.0,2845.0,4095.0,4095.0,4095.0,4095.0,4095.0,-2.47,6.29,7.92,1.63,1.13,1.92,0.0,thank-you
2885.0,976.0,2766.0,4095.0,4095.0,4095.0,4095.0,4095.0,0.11,4.71,5.33,2.36,-0.92,2.7,0.0,thank-you
2974.0,975.0,2855.0,4095.0,4095.0,4095.0,4095.0,4095.0,7.34,4.13,-3.04,3.49,-2.42,1.1,0.0,thank-you
3019.0,942.0,2915.0,4095.0,4095.0,4095.0,4095.0,4095.0,5.97,3.47,-5.82,2.89,-1.46,0.7,0.0,thank-you
3013.0,925.0,2927.0,4095.0,4095.0,4095.0,4095.0,4095.0,5.41,1.97,-6.72,1.99,0.39,0.89,0.0,thank-you
3021.0,921.0,2938.0,4095.0,4095.0,4095.0,4095.0,4095.0,5.18,1.37,-6.93,1.26,0.2,0.67,0.0,thank-you
3005.0,912.0,2951.0,4095.0,4095.0,4074.0,4095.0,4095.0,5.93,0.76,-6.68,0.72,-0.12,0.29,0.0,thank-you
3018.0,913.0,2971.0,4095.0,4095.0,4081.0,4095.0,4095.0,5.49,0.55,-5.68,0.04,0.22,0.07,0.0,thank-you
3010.0,917.0,2978.0,4095.0,4095.0,4095.0,4095.0,4095.0,5.38,-0.11,-4.95,-0.07,0.09,-0.14,0.0,thank-you
2998.0,918.0,2968.0,4095.0,4095.0,4095.0,4095.0,4095.0,4.99,-0.36,-4.41,-0.18,0.14,-0.09,0.0,thank-you
3008.0,927.0,2973.0,4095.0,4095.0,4095.0,4095.0,4095.0,4.91,-0.21,-4.37,-0.09,-0.09,-0.17,0.0,thank-you
2997.0,935.0,2985.0,4095.0,4095.0,4095.0,4095.0,4095.0,4.64,-0.19,-4.2,0.04,-0.07,-0.24,0.0,thank-you
3017.0,923.0,2979.0,4095.0,4095.0,4095.0,4095.0,4095.0,5.19,-0.18,-4.47,0.01,0.03,-0.13,0.0,thank-you
3003.0,921.0,2972.0,4095.0,4095.0,4095.0,4095.0,4095.0,4.96,0.05,-4.57,-0.01,0.05,-0.1,0.0,thank-you
3014.0,938.0,2989.0,4095.0,4095.0,4095.0,4095.0,4095.0,5.06,-0.03,-4.66,-0.05,-0.01,-0.13,0.0,thank-you
2994.0,931.0,2997.0,4095.0,4095.0,4095.0,4095.0,4095.0,5.32,0.05,-5.06,-0.13,-0.09,-0.2,0.0,thank-you
2992.0,942.0,3033.0,4095.0,4095.0,4095.0,4095.0,4095.0,6.22,1.01,-5.85,-0.82,0.57,-0.29,0.0,thank-you
2979.0,944.0,3008.0,4095.0,4095.0,4095.0,4095.0,4095.0,5.96,1.76,-4.0,-0.98,0.2,-0.68,0.0,thank-you
2993.0,944.0,3007.0,4095.0,4095.0,4095.0,4095.0,4095.0,5.26,1.47,-2.52,-0.55,-0.01,-0.62,0.0,thank-you
3098.0,971.0,2658.0,4095.0,4095.0,4095.0,4095.0,4095.0,-0.57,8.98,7.91,0.08,-0.04,-0.16,0.0,thank-you
3062.0,960.0,2699.0,4095.0,4095.0,4095.0,4095.0,4095.0,-0.5,9.11,8.34,0.0,-0.3,-0.16,0.0,thank-you
3031.0,961.0,2782.0,4095.0,4095.0,4095.0,4095.0,4095.0,-1.22,8.39,8.96,0.6,-0.08,0.22,0.0,thank-you
3005.0,947.0,2734.0,4095.0,4095.0,4095.0,4095.0,4095.0,-0.2,8.27,7.59,1.18,0.18,0.95,0.0,thank-you
2993.0,945.0,2704.0,4095.0,4095.0,4095.0,4095.0,4095.0,1.44,9.01,4.89,1.5,-0.38,1.1,0.0,thank-you
3000.0,961.0,2727.0,4095.0,4095.0,4095.0,4095.0,4095.0,2.61,8.45,3.67,1.38,-0.39,1.13,0.0,thank-you
2995.0,978.0,2801.0,4095.0,4095.0,4095.0,4095.0,4095.0,3.3,7.66,1.17,1.64,-0.66,1.05,0.0,thank-you
3010.0,969.0,2871.0,4095.0,4095.0,4095.0,4095.0,4095.0,4.65,6.88,-1.4,1.49,-0.13,0.99,0.0,thank-you
3024.0,976.0,2880.0,4095.0,4095.0,4095.0,4095.0,4095.0,4.06,6.19,-1.74,1.37,-1.07,0.45,0.0,thank-you
3053.0,972.0,2905.0,4095.0,4095.0,4095.0,4095.0,4095.0,4.77,4.06,-3.75,1.69,-1.31,0.65,0.0,thank-you
3025.0,986.0,2890.0,4095.0,4095.0,4095.0,4095.0,4095.0,4.6,3.9,-5.54,1.22,-0.45,0.32,0.0,thank-you
3029.0,970.0,2894.0,4095.0,4095.0,4095.0,4095.0,4095.0,5.02,3.2,-5.4,0.92,-0.1,0.35,0.0,thank-you
3026.0,985.0,2908.0,4095.0,4095.0,4095.0,4095.0,4095.0,4.85,2.74,-6.04,0.51,0.08,0.12,0.0,thank-you
3030.0,970.0,2898.0,4095.0,4095.0,4095.0,4095.0,4095.0,4.67,2.76,-5.95,0.06,0.03,-0.05,0.0,thank-you
3033.0,983.0,2905.0,4095.0,4095.0,4095.0,4095.0,4095.0,4.34,2.16,-4.57,-0.11,0.12,-0.08,0.0,thank-you
3031.0,964.0,2907.0,4095.0,4095.0,4095.0,4095.0,4095.0,4.32,1.89,-4.52,-0.04,0.0,-0.12,0.0,thank-you
3026.0,974.0,2896.0,4095.0,4095.0,4095.0,4095.0,4095.0,4.38,1.83,-4.3,-0.02,0.06,-0.11,0.0,thank-you
3031.0,977.0,2893.0,4095.0,4095.0,4095.0,4095.0,4095.0,4.47,2.02,-4.67,0.02,-0.02,-0.12,0.0,thank-you
3024.0,976.0,2896.0,4095.0,4095.0,4095.0,4095.0,4095.0,4.55,2.17,-4.68,-0.04,-0.06,-0.14,0.0,thank-you
3021.0,976.0,2899.0,4095.0,4095.0,4095.0,4095.0,4095.0,4.64,2.08,-4.42,-0.07,0.06,-0.1,0.0,thank-you
3083.0,1584.0,1007.0,4095.0,4095.0,4095.0,4095.0,4095.0,1.92,9.14,7.79,0.14,0.08,-0.09,0.0,thank-you
3093.0,1533.0,997.0,4095.0,4095.0,4095.0,4095.0,4095.0,0.97,8.08,10.21,0.61,0.28,0.02,0.0,thank-you
3081.0,1493.0,990.0,4095.0,4095.0,4095.0,4095.0,4095.0,0.57,7.28,9.97,1.32,1.25,0.81,0.0,thank-you
3091.0,1360.0,1008.0,4095.0,4095.0,4095.0,4095.0,4095.0,1.87,7.04,6.36,1.99,0.89,1.27,0.0,thank-you
3067.0,1334.0,986.0,4041.0,4095.0,4095.0,4095.0,4095.0,4.76,5.51,3.19,2.26,-0.01,1.64,0.0,thank-you
3093.0,1021.0,1001.0,4037.0,4095.0,4095.0,4095.0,4095.0,7.99,4.19,0.68,1.99,-1.1,1.8,0.0,thank-you
3082.0,992.0,1008.0,4011.0,4095.0,4095.0,4095.0,4095.0,7.98,3.87,-3.29,2.23,-2.58,0.87,0.0,thank-you
3071.0,998.0,1005.0,4029.0,4095.0,4095.0,4095.0,4095.0,6.54,3.08,-5.2,1.95,-1.16,0.37,0.0,thank-you
3088.0,1007.0,1018.0,4011.0,4095.0,4095.0,4095.0,4095.0,6.35,2.83,-7.13,1.03,-0.19,0.34,0.0,thank-you
3089.0,1008.0,1023.0,4023.0,4095.0,4095.0,4095.0,4095.0,6.43,2.76,-5.98,0.22,0.09,0.17,0.0,thank-you
3082.0,1007.0,1007.0,4037.0,4095.0,4095.0,4095.0,4095.0,5.71,1.77,-4.64,-0.07,0.12,-0.13,0.0,thank-you
3071.0,1008.0,1008.0,4094.0,4095.0,4095.0,4095.0,4095.0,5.43,1.29,-3.8,-0.08,0.13,-0.14,0.0,thank-you
3088.0,1008.0,1015.0,4095.0,4095.0,4095.0,4095.0,4095.0,5.51,1.38,-3.82,-0.05,0.14,-0.03,0.0,thank-you
3082.0,1015.0,1017.0,4095.0,4095.0,4095.0,4095.0,4095.0,5.79,1.62,-4.02,-0.0,-0.03,-0.11,0.0,thank-you
3071.0,1000.0,1019.0,4095.0,4095.0,4095.0,4095.0,4095.0,5.89,1.7,-4.03,-0.05,-0.02,-0.13,0.0,thank-you
3083.0,1004.0,1010.0,4095.0,4095.0,4095.0,4095.0,4095.0,5.68,1.8,-3.9,-0.1,0.11,-0.18,0.0,thank-you
3086.0,1005.0,1012.0,4095.0,4095.0,4095.0,4095.0,4095.0,5.74,1.47,-4.1,-0.18,-0.12,-0.12,0.0,thank-you
3071.0,1010.0,1018.0,4095.0,4095.0,4095.0,4095.0,4095.0,5.84,1.74,-3.45,-0.13,0.01,-0.11,0.0,thank-you
3087.0,1009.0,1014.0,4095.0,4095.0,4095.0,4095.0,4095.0,5.39,2.02,-3.37,-0.07,0.06,-0.1,0.0,thank-you
3067.0,1009.0,1011.0,4095.0,4095.0,4095.0,4095.0,4095.0,5.83,2.12,-3.68,0.03,-0.17,-0.16,0.0,thank-you
3068.0,987.0,1005.0,4095.0,4095.0,4095.0,4095.0,4095.0,1.07,8.69,7.95,0.01,-0.09,-0.15,0.0,thank-you
3071.0,977.0,994.0,4095.0,4095.0,4095.0,4095.0,4095.0,-0.62,6.89,11.44,0.44,0.01,0.51,0.0,thank-you
3057.0,995.0,1021.0,4095.0,4095.0,4095.0,4095.0,4095.0,2.64,7.44,7.94,1.79,0.45,1.43,0.0,thank-you
3087.0,1001.0,1056.0,4095.0,4095.0,4095.0,4095.0,4095.0,5.17,7.58,3.35,2.34,-1.96,0.68,0.0,thank-you
3056.0,998.0,1040.0,4095.0,4095.0,4095.0,4095.0,4095.0,5.23,7.3,-0.11,2.21,-0.8,-0.01,0.0,thank-you
3088.0,1001.0,1054.0,4095.0,4095.0,4095.0,4095.0,4095.0,3.97,6.33,-1.98,2.09,-0.66,-0.17,0.0,thank-you
3062.0,1008.0,1059.0,3879.0,4095.0,4095.0,4095.0,4095.0,4.09,5.48,-3.44,1.88,-0.33,0.02,0.0,thank-you
3082.0,1001.0,1051.0,3885.0,4095.0,4095.0,4095.0,4095.0,4.64,3.8,-3.85,1.87,-0.12,0.25,0.0,thank-you
3055.0,990.0,1035.0,3889.0,4095.0,4095.0,4095.0,4095.0,4.95,3.53,-6.18,1.62,0.12,0.22,0.0,thank-you
3071.0,992.0,1035.0,3943.0,4095.0,4095.0,4095.0,4095.0,5.15,3.14,-6.17,1.01,-0.02,0.25,0.0,thank-you
3067.0,1001.0,1022.0,3942.0,4095.0,4095.0,4095.0,4095.0,5.4,2.17,-5.76,0.39,0.16,0.2,0.0,thank-you
3057.0,999.0,1035.0,3984.0,4095.0,4095.0,4095.0,4095.0,5.54,1.63,-5.85,-0.03,0.03,-0.0,0.0,thank-you
3059.0,992.0,1023.0,3994.0,4095.0,4095.0,4095.0,4095.0,5.1,1.24,-4.43,-0.17,0.11,-0.09,0.0,thank-you
3085.0,1002.0,1031.0,4016.0,4095.0,4095.0,4095.0,4095.0,5.0,1.11,-4.23,-0.15,0.09,-0.03,0.0,thank-you
3083.0,1006.0,1023.0,4035.0,4095.0,4095.0,4095.0,4095.0,5.31,1.21,-3.97,-0.05,0.06,-0.14,0.0,thank-you
3061.0,1001.0,1038.0,4025.0,4095.0,4095.0,4095.0,4095.0,5.14,1.3,-4.21,-0.03,0.01,-0.11,0.0,thank-you
3071.0,989.0,1040.0,4032.0,4095.0,4095.0,4095.0,4095.0,5.15,1.38,-4.41,-0.0,-0.07,-0.18,0.0,thank-you
3063.0,994.0,1022.0,4019.0,4095.0,4095.0,4095.0,4095.0,5.16,1.44,-4.32,-0.03,-0.05,-0.17,0.0,thank-you
3071.0,997.0,1038.0,4044.0,4095.0,4095.0,4095.0,4095.0,4.97,1.54,-4.48,-0.05,-0.1,-0.19,0.0,thank-you
3071.0,999.0,1041.0,4027.0,4095.0,4095.0,4095.0,4095.0,5.09,1.34,-4.28,-0.07,-0.04,-0.15,0.0,thank-you
3056.0,1135.0,1035.0,4010.0,4095.0,4095.0,4095.0,4095.0,-1.52,6.91,10.01,1.14,0.47,0.87,0.0,thank-you
3045.0,1107.0,1010.0,3990.0,4095.0,4095.0,4095.0,4095.0,1.89,6.42,6.47,2.15,0.12,1.72,0.0,thank-you
3053.0,975.0,1008.0,3997.0,4095.0,4095.0,4095.0,4095.0,5.2,7.05,2.16,1.75,1.02,2.09,0.0,thank-you
3050.0,974.0,1023.0,4022.0,4095.0,4095.0,4095.0,4095.0,4.35,5.83,1.75,1.98,-1.25,1.19,0.0,thank-you
3047.0,975.0,1037.0,3989.0,4095.0,4095.0,4095.0,4095.0,6.82,4.35,-2.57,2.1,-2.0,0.66,0.0,thank-you
3069.0,977.0,1044.0,3974.0,4095.0,4095.0,4095.0,4095.0,5.78,4.04,-4.29,1.58,-1.11,0.57,0.0,thank-you
3071.0,999.0,1044.0,3969.0,4095.0,4095.0,4095.0,4095.0,6.47,2.41,-5.34,1.66,-1.62,0.26,0.0,thank-you
3056.0,986.0,1036.0,3982.0,4095.0,4095.0,4095.0,4095.0,5.6,3.04,-7.33,0.69,0.01,0.12,0.0,thank-you
3055.0,991.0,1020.0,3973.0,4095.0,4095.0,4095.0,4095.0,5.51,1.87,-5.26,0.02,0.2,-0.0,0.0,thank-you
3061.0,987.0,1023.0,3990.0,4095.0,4095.0,4095.0,4095.0,4.75,1.31,-4.75,-0.0,0.12,-0.12,0.0,thank-you
3067.0,985.0,1023.0,3985.0,4095.0,4095.0,4095.0,4095.0,4.46,1.43,-4.61,-0.05,0.02,-0.13,0.0,thank-you
3071.0,1001.0,1040.0,3999.0,4095.0,4095.0,4095.0,4095.0,4.72,1.29,-4.44,-0.02,-0.04,-0.11,0.0,thank-you
3062.0,987.0,1035.0,4005.0,4095.0,4095.0,4095.0,4095.0,5.03,1.73,-5.02,-0.02,-0.02,-0.11,0.0,thank-you
3083.0,994.0,1023.0,4028.0,4095.0,4095.0,4095.0,4095.0,4.91,1.75,-4.69,-0.19,0.03,-0.22,0.0,thank-you
3063.0,1008.0,1034.0,4016.0,4095.0,4095.0,4095.0,4095.0,4.62,1.62,-4.09,-0.16,0.02,-0.2,0.0,thank-you
3063.0,995.0,1021.0,4026.0,4095.0,4095.0,4095.0,4095.0,4.44,1.58,-3.99,-0.0,0.0,-0.15,0.0,thank-you
3062.0,992.0,1039.0,4016.0,4095.0,4095.0,4095.0,4095.0,4.78,1.92,-4.63,0.06,-0.13,-0.18,0.0,thank-you
3060.0,1006.0,1040.0,4032.0,4095.0,4095.0,4095.0,4095.0,4.94,2.02,-4.94,-0.09,-0.07,-0.19,0.0,thank-you
3067.0,990.0,1041.0,4023.0,4095.0,4095.0,4095.0,4095.0,4.76,2.18,-4.9,-0.2,-0.07,-0.28,0.0,thank-you
3082.0,991.0,1040.0,4011.0,4095.0,4095.0,4095.0,4095.0,4.74,2.41,-4.74,-0.29,-0.0,-0.28,0.0,thank-you
3061.0,986.0,1699.0,4095.0,4095.0,4095.0,4095.0,4095.0,-0.85,6.12,9.15,1.9,0.25,1.37,0.0,thank-you
3039.0,990.0,1605.0,4095.0,4095.0,4095.0,4095.0,4095.0,2.21,4.83,4.51,2.74,-0.16,2.15,0.0,thank-you
3059.0,995.0,1648.0,4095.0,4095.0,4095.0,4095.0,4095.0,7.58,3.03,-1.46,3.14,-0.3,1.89,0.0,thank-you
3056.0,985.0,1456.0,4095.0,4095.0,4095.0,4095.0,4095.0,7.09,2.73,-4.17,1.76,0.79,2.14,0.0,thank-you
3061.0,976.0,1104.0,4095.0,4095.0,4095.0,4095.0,4095.0,7.82,2.3,-7.78,2.62,-2.82,0.2,0.0,thank-you
3056.0,965.0,1053.0,4061.0,4095.0,4095.0,4095.0,4095.0,6.57,2.08,-7.62,1.14,0.2,0.51,0.0,thank-you
3087.0,975.0,1047.0,4087.0,4095.0,4095.0,4095.0,4095.0,6.26,1.79,-5.6,0.13,0.21,0.11,0.0,thank-you
3071.0,972.0,1040.0,4091.0,4095.0,4095.0,4095.0,4095.0,5.8,0.74,-4.56,-0.1,0.16,-0.1,0.0,thank-you
3098.0,972.0,1023.0,4095.0,4095.0,4095.0,4095.0,4095.0,5.55,0.58,-3.61,-0.13,-0.01,-0.15,0.0,thank-you
3082.0,977.0,1039.0,4095.0,4095.0,4095.0,4095.0,4095.0,6.07,0.62,-3.65,0.01,-0.07,-0.22,0.0,thank-you
3109.0,979.0,1037.0,4095.0,4095.0,4095.0,4095.0,4095.0,5.78,0.69,-3.98,-0.09,0.11,-0.19,0.0,thank-you
3098.0,979.0,1040.0,4095.0,4095.0,4095.0,4095.0,4095.0,5.86,1.0,-3.9,-0.04,-0.02,-0.2,0.0,thank-you
3101.0,974.0,1047.0,4095.0,4095.0,4095.0,4095.0,4095.0,5.77,1.05,-4.01,-0.12,0.02,-0.16,0.0,thank-you
3114.0,969.0,1047.0,4095.0,4095.0,4095.0,4095.0,4095.0,5.75,1.11,-3.79,-0.12,0.0,-0.14,0.0,thank-you
3102.0,974.0,1043.0,4095.0,4095.0,4095.0,4095.0,4095.0,5.81,1.05,-3.88,-0.07,-0.02,-0.14,0.0,thank-you
3108.0,966.0,1038.0,4095.0,4095.0,4095.0,4095.0,4095.0,5.9,1.15,-3.55,0.02,-0.03,-0.17,0.0,thank-you
3094.0,969.0,1035.0,4095.0,4095.0,4095.0,4095.0,4095.0,5.71,1.12,-3.98,-0.02,0.04,-0.12,0.0,thank-you
3101.0,967.0,1040.0,4095.0,4095.0,4095.0,4095.0,4095.0,5.96,1.36,-4.02,0.01,-0.08,-0.12,0.0,thank-you
3106.0,978.0,1023.0,4095.0,4095.0,4095.0,4095.0,4095.0,6.51,1.57,-4.56,-0.15,-0.07,-0.27,0.0,thank-you
3101.0,965.0,1040.0,4095.0,4095.0,4095.0,4095.0,4095.0,6.22,1.87,-4.27,-0.31,-0.0,-0.44,0.0,thank-you
3093.0,989.0,1328.0,4095.0,4095.0,4095.0,4095.0,4095.0,0.29,8.4,9.34,0.29,0.36,0.14,0.0,thank-you
3105.0,987.0,1263.0,4095.0,4095.0,4095.0,4095.0,4095.0,-1.03,7.15,8.9,1.64,0.57,1.03,0.0,thank-you
3088.0,995.0,1181.0,4095.0,4095.0,4095.0,4095.0,4095.0,0.77,6.24,4.46,2.45,-0.64,1.76,0.0,thank-you
3098.0,994.0,1138.0,4090.0,4095.0,4095.0,4095.0,4095.0,4.7,4.66,0.94,2.56,-0.49,2.04,0.0,thank-you
3088.0,973.0,1099.0,4005.0,4095.0,4095.0,4095.0,4095.0,6.94,3.34,-4.2,3.02,-2.66,1.07,0.0,thank-you
3088.0,945.0,1062.0,3959.0,4095.0,4095.0,4095.0,4095.0,6.58,2.5,-5.94,2.44,-0.96,0.81,0.0,thank-you
3087.0,949.0,1044.0,3932.0,4095.0,4095.0,4095.0,4095.0,7.34,2.33,-7.52,1.18,0.4,0.7,0.0,thank-you
3083.0,946.0,1041.0,3947.0,4095.0,4095.0,4095.0,4095.0,8.07,1.36,-5.83,0.69,-0.28,0.39,0.0,thank-you
3091.0,941.0,1043.0,4016.0,4095.0,4095.0,4095.0,4095.0,6.38,0.69,-5.33,0.09,0.37,0.08,0.0,thank-you
3079.0,945.0,1050.0,3998.0,4095.0,4095.0,4095.0,4095.0,6.07,0.16,-4.19,-0.08,0.03,-0.2,0.0,thank-you
3088.0,944.0,1040.0,4002.0,4095.0,4095.0,4095.0,4095.0,5.87,-0.19,-3.74,-0.08,-0.07,-0.2,0.0,thank-you
3087.0,949.0,1041.0,4011.0,4095.0,4095.0,4095.0,4095.0,5.92,0.07,-3.76,-0.05,-0.04,-0.13,0.0,thank-you
3101.0,955.0,1023.0,4025.0,4095.0,4095.0,4095.0,4095.0,5.99,0.33,-3.85,-0.08,-0.03,-0.17,0.0,thank-you
3101.0,951.0,1022.0,4011.0,4095.0,4095.0,4095.0,4095.0,5.85,0.38,-3.95,-0.11,-0.0,-0.15,0.0,thank-you
3088.0,959.0,1034.0,4017.0,4095.0,4095.0,4095.0,4095.0,5.9,0.38,-3.8,-0.08,0.01,-0.16,0.0,thank-you
3091.0,953.0,1046.0,4022.0,4095.0,4095.0,4095.0,4095.0,5.94,0.5,-3.78,-0.06,-0.01,-0.16,0.0,thank-you
3093.0,958.0,1023.0,4014.0,4095.0,4095.0,4095.0,4095.0,5.77,0.61,-3.88,-0.02,0.01,-0.15,0.0,thank-you
3089.0,946.0,1040.0,4048.0,4095.0,4095.0,4095.0,4095.0,5.76,0.66,-3.94,0.01,-0.03,-0.17,0.0,thank-you
3091.0,944.0,1039.0,4034.0,4095.0,4095.0,4095.0,4095.0,5.83,0.57,-3.71,0.04,-0.01,-0.16,0.0,thank-you
3103.0,957.0,1041.0,4042.0,4095.0,4095.0,4095.0,4095.0,5.94,0.43,-3.75,0.12,0.01,-0.11,0.0,thank-you
3102.0,1008.0,1510.0,4095.0,4095.0,4095.0,4095.0,4095.0,-0.68,7.43,9.68,0.89,0.23,0.66,0.0,thank-you
3089.0,1000.0,1511.0,4095.0,4095.0,4095.0,4095.0,4095.0,0.58,6.82,5.84,1.87,0.65,1.89,0.0,thank-you
3094.0,1010.0,1568.0,4095.0,4095.0,4095.0,4095.0,4095.0,4.52,4.97,3.21,1.92,-0.31,2.42,0.0,thank-you
3090.0,988.0,1663.0,4095.0,4095.0,4095.0,4095.0,4095.0,6.63,3.75,0.11,2.35,-2.25,1.77,0.0,thank-you
3097.0,940.0,2109.0,4095.0,4095.0,4095.0,4095.0,4095.0,7.69,3.43,-4.23,2.54,-3.39,0.2,0.0,thank-you
3093.0,929.0,2211.0,4095.0,4095.0,4095.0,4095.0,4095.0,6.85,2.44,-6.84,1.23,0.48,0.64,0.0,thank-you
3098.0,944.0,2202.0,4095.0,4095.0,4095.0,4095.0,4095.0,7.01,1.75,-6.66,0.54,-0.36,0.35,0.0,thank-you
3093.0,933.0,2197.0,4095.0,4095.0,4095.0,4095.0,4095.0,6.17,1.57,-4.88,-0.04,0.31,0.11,0.0,thank-you
3090.0,931.0,2190.0,4095.0,4095.0,4095.0,4095.0,4095.0,5.83,0.81,-4.17,-0.19,0.05,-0.12,0.0,thank-you
3106.0,934.0,2171.0,4095.0,4095.0,4095.0,4095.0,4095.0,5.67,0.98,-3.59,-0.1,-0.14,-0.2,0.0,thank-you
3101.0,941.0,2171.0,4095.0,4095.0,4095.0,4095.0,4095.0,5.96,0.94,-3.96,-0.02,-0.0,-0.17,0.0,thank-you
3095.0,941.0,2146.0,4095.0,4095.0,4095.0,4095.0,4095.0,6.09,1.18,-4.2,-0.11,0.01,-0.21,0.0,thank-you
3106.0,944.0,2124.0,4095.0,4095.0,4095.0,4095.0,4095.0,5.88,1.48,-4.1,-0.19,-0.03,-0.34,0.0,thank-you
3099.0,939.0,2099.0,4095.0,4095.0,4095.0,4095.0,4095.0,5.66,1.49,-3.84,-0.24,0.01,-0.27,0.0,thank-you
3095.0,938.0,2086.0,4095.0,4095.0,4095.0,4095.0,4095.0,5.62,1.65,-3.73,-0.23,0.0,-0.17,0.0,thank-you
3124.0,944.0,2067.0,4095.0,4095.0,4095.0,4095.0,4095.0,5.79,1.83,-3.65,-0.18,-0.01,-0.09,0.0,thank-you
3095.0,936.0,2075.0,4095.0,4095.0,4095.0,4095.0,4095.0,5.69,2.03,-3.49,-0.03,-0.02,-0.11,0.0,thank-you
3109.0,927.0,2069.0,4095.0,4095.0,4095.0,4095.0,4095.0,5.59,1.98,-3.68,-0.02,0.09,-0.05,0.0,thank-you
3110.0,938.0,2047.0,4095.0,4095.0,4095.0,4095.0,4095.0,6.08,1.96,-3.63,0.01,0.02,-0.08,0.0,thank-you
3103.0,928.0,2025.0,4095.0,4095.0,4095.0,4095.0,4095.0,6.06,2.15,-3.88,0.0,0.02,-0.11,0.0,thank-you
3152.0,1003.0,1943.0,4095.0,4095.0,4095.0,4095.0,4095.0,2.13,9.35,6.63,0.01,0.09,-0.08,0.0,thank-you
3136.0,998.0,1776.0,4095.0,4095.0,4095.0,4095.0,4095.0,2.12,8.45,7.63,0.18,1.59,-0.03,0.0,thank-you
3126.0,976.0,1920.0,4095.0,4095.0,4095.0,4095.0,4095.0,1.01,8.01,8.18,1.1,1.1,0.84,0.0,thank-you
3131.0,978.0,1733.0,4095.0,4095.0,4095.0,4095.0,4095.0,3.13,7.4,5.23,1.27,0.64,1.23,0.0,thank-you
3107.0,987.0,1535.0,4095.0,4095.0,4095.0,4095.0,4095.0,2.59,6.87,4.02,1.59,0.12,1.14,0.0,thank-you
3139.0,993.0,1363.0,4095.0,4095.0,4095.0,4095.0,4095.0,3.9,5.56,2.17,2.27,-1.87,1.09,0.0,thank-you
3122.0,1008.0,1331.0,4095.0,4095.0,4095.0,4095.0,4095.0,5.43,4.2,-2.62,2.44,-2.14,0.49,0.0,thank-you
3134.0,997.0,1328.0,4095.0,4095.0,4095.0,4095.0,4095.0,6.25,3.29,-7.44,1.94,-0.71,0.69,0.0,thank-you
3120.0,1008.0,1301.0,4095.0,4095.0,4095.0,4095.0,4095.0,6.27,2.65,-6.23,0.98,0.55,0.78,0.0,thank-you
3130.0,991.0,1318.0,4095.0,4095.0,4095.0,4095.0,4095.0,7.08,2.43,-5.89,0.42,0.03,0.26,0.0,thank-you
3136.0,1004.0,1286.0,4095.0,4095.0,4095.0,4095.0,4095.0,6.13,1.87,-4.56,0.06,-0.06,-0.0,0.0,thank-you
3135.0,997.0,1299.0,4095.0,4095.0,4095.0,4095.0,4095.0,5.44,1.32,-4.23,-0.12,0.07,-0.12,0.0,thank-you
3143.0,1007.0,1322.0,4095.0,4095.0,4095.0,4095.0,4095.0,5.5,1.3,-4.03,-0.1,0.05,-0.15,0.0,thank-you
3136.0,1007.0,1313.0,4095.0,4095.0,4095.0,4095.0,4095.0,5.71,1.46,-3.84,-0.12,0.0,-0.1,0.0,thank-you
3133.0,994.0,1322.0,4095.0,4095.0,4095.0,4095.0,4095.0,5.87,1.65,-3.79,-0.07,-0.0,-0.21,0.0,thank-you
3141.0,1007.0,1320.0,4095.0,4095.0,4095.0,4095.0,4095.0,5.63,1.69,-3.81,-0.06,0.07,-0.19,0.0,thank-you
3147.0,995.0,1315.0,4095.0,4095.0,4095.0,4095.0,4095.0,5.43,1.72,-3.85,-0.0,0.03,-0.19,0.0,thank-you
3126.0,1003.0,1320.0,4095.0,4095.0,4095.0,4095.0,4095.0,5.44,1.65,-3.87,0.05,-0.07,-0.17,0.0,thank-you
3136.0,991.0,1338.0,4095.0,4095.0,4095.0,4095.0,4095.0,5.57,1.66,-3.97,0.03,-0.06,-0.07,0.0,thank-you
3122.0,998.0,1350.0,4095.0,4095.0,4095.0,4095.0,4095.0,6.0,1.77,-3.81,0.02,-0.04,-0.13,0.0,thank-you
3135.0,1008.0,1330.0,4095.0,4095.0,4095.0,4095.0,4095.0,6.67,2.53,-5.88,-0.4,-0.03,-0.44,0.0,thank-you
3113.0,999.0,1344.0,4095.0,4095.0,4095.0,4095.0,4095.0,7.13,3.75,-8.5,-1.5,0.32,-0.75,0.0,thank-you
3120.0,1005.0,1476.0,4095.0,4095.0,4095.0,4095.0,4095.0,7.28,4.37,-4.88,-2.94,0.81,-1.18,0.0,thank-you
3136.0,998.0,1668.0,4095.0,4095.0,4095.0,4095.0,4095.0,4.43,4.87,-0.37,-3.05,1.69,-1.84,0.0,thank-you
3136.0,998.0,1636.0,4095.0,4095.0,4095.0,4095.0,4095.0,2.0,5.96,3.99,-2.06,0.94,-1.76,0.0,thank-you
3142.0,989.0,1675.0,4095.0,4095.0,4095.0,4095.0,4095.0,1.46,7.15,6.85,-0.89,0.24,-1.24,0.0,thank-you
3134.0,983.0,1915.0,4095.0,4095.0,4095.0,4095.0,4095.0,0.96,8.62,7.11,-0.27,-0.59,-0.53,0.0,thank-you
3138.0,979.0,2011.0,4095.0,4095.0,4095.0,4095.0,4095.0,2.43,9.06,7.39,0.1,-0.88,-0.15,0.0,thank-you
3181.0,980.0,2159.0,4095.0,4095.0,4095.0,4095.0,4095.0,2.35,9.89,5.91,0.0,0.07,-0.1,0.0,thank-you
3165.0,978.0,2174.0,4095.0,4095.0,4095.0,4095.0,4095.0,2.12,9.46,5.94,-0.07,-0.08,-0.05,0.0,thank-you
3184.0,994.0,2183.0,4095.0,4095.0,4095.0,4095.0,4095.0,2.33,9.89,5.28,-0.02,-0.09,-0.18,0.0,thank-you
3173.0,996.0,2251.0,4095.0,4095.0,4095.0,4095.0,4095.0,2.39,9.42,5.99,-0.1,-0.44,-0.33,0.0,thank-you
3172.0,985.0,2274.0,4095.0,4095.0,4095.0,4095.0,4095.0,2.11,9.78,5.32,-0.17,-0.38,-0.34,0.0,thank-you
3196.0,998.0,2278.0,4095.0,4095.0,4095.0,4095.0,4095.0,1.93,9.65,5.59,-0.26,-0.66,-0.36,0.0,thank-you
3172.0,978.0,2271.0,4095.0,4095.0,4095.0,4095.0,4095.0,2.52,9.44,6.11,-0.28,-0.9,-0.42,0.0,thank-you
3182.0,986.0,2241.0,4095.0,4095.0,4095.0,4095.0,4095.0,2.02,9.38,6.44,-0.14,-0.81,-0.36,0.0,thank-you
3182.0,981.0,2230.0,4095.0,4095.0,4095.0,4095.0,4095.0,1.9,9.46,6.27,-0.14,-0.69,-0.21,0.0,thank-you
3184.0,988.0,2221.0,4095.0,4095.0,4095.0,4095.0,4095.0,2.26,9.4,6.61,-0.11,-0.71,-0.18,0.0,thank-you
3183.0,998.0,2213.0,4095.0,4095.0,4095.0,4095.0,4095.0,2.6,9.34,6.61,-0.07,-0.36,-0.02,0.0,thank-you
3201.0,991.0,2122.0,4095.0,4095.0,4095.0,4095.0,4095.0,2.71,9.24,6.52,-0.03,-0.1,0.05,0.0,thank-you
3088.0,962.0,2911.0,4095.0,4095.0,4095.0,4095.0,4095.0,0.36,8.01,7.2,0.54,0.4,0.9,0.0,thank-you
3008.0,967.0,2859.0,4095.0,4095.0,4095.0,4095.0,4095.0,4.16,7.4,4.37,1.48,-0.19,1.49,0.0,thank-you
2957.0,961.0,2811.0,4095.0,4095.0,4095.0,4095.0,4095.0,4.5,6.51,2.41,1.93,-1.87,1.1,0.0,thank-you
3024.0,966.0,2816.0,4016.0,4095.0,4095.0,4095.0,4095.0,4.37,3.49,-1.37,2.84,-2.11,1.02,0.0,thank-you
3035.0,983.0,2723.0,3978.0,4095.0,4095.0,4095.0,4095.0,8.05,2.4,-7.22,2.75,-2.21,0.24,0.0,thank-you
3044.0,975.0,2493.0,4035.0,4095.0,4095.0,4095.0,4095.0,4.53,1.98,-5.54,1.2,0.91,1.06,0.0,thank-you
3110.0,959.0,1987.0,4014.0,4095.0,4095.0,4095.0,4095.0,6.42,0.93,-7.23,1.24,-0.68,0.24,0.0,thank-you
3125.0,962.0,1951.0,4035.0,4095.0,4095.0,4095.0,4095.0,5.49,0.92,-6.12,0.08,0.15,0.32,0.0,thank-you
3120.0,966.0,1968.0,4031.0,4095.0,4095.0,4095.0,4095.0,5.34,0.55,-4.6,-0.15,0.2,0.02,0.0,thank-you
3136.0,981.0,1950.0,4049.0,4095.0,4095.0,4095.0,4095.0,5.26,0.08,-4.28,-0.08,-0.06,-0.14,0.0,thank-you
3111.0,978.0,1950.0,4052.0,4095.0,4095.0,4095.0,4095.0,5.23,0.11,-4.46,-0.09,0.05,-0.15,0.0,thank-you
3113.0,972.0,1947.0,4086.0,4095.0,4095.0,4095.0,4095.0,5.25,0.37,-4.35,-0.13,0.01,-0.14,0.0,thank-you
3083.0,974.0,1925.0,4094.0,4095.0,4095.0,4095.0,4095.0,5.2,0.55,-4.16,-0.14,0.06,-0.16,0.0,thank-you
3051.0,944.0,2235.0,4095.0,4095.0,4095.0,4095.0,4095.0,5.25,0.67,-4.56,-0.11,-0.11,-0.24,0.0,thank-you
3030.0,954.0,2295.0,4095.0,4095.0,4095.0,4095.0,4095.0,5.32,0.84,-4.38,-0.22,0.12,-0.13,0.0,thank-you
2958.0,944.0,2299.0,4095.0,4095.0,4095.0,4095.0,4095.0,5.99,0.89,-5.99,-0.45,0.34,-0.32,0.0,thank-you
2895.0,939.0,2433.0,4095.0,4095.0,4095.0,4095.0,4095.0,5.62,2.39,-5.14,-1.01,0.04,-0.21,0.0,thank-you
2864.0,941.0,2318.0,4095.0,4095.0,4095.0,4095.0,4095.0,6.02,2.12,-3.07,-0.98,0.14,-0.36,0.0,thank-you
2825.0,961.0,2176.0,4095.0,4095.0,4095.0,4095.0,4095.0,5.1,2.61,-2.59,-0.53,0.03,-0.28,0.0,thank-you
2781.0,956.0,2288.0,4095.0,4095.0,4083.0,4095.0,4095.0,4.96,3.37,-2.66,-0.39,0.04,-0.01,0.0,thank-you
3047.0,976.0,2811.0,4095.0,4095.0,4095.0,4095.0,4095.0,-0.14,9.33,7.57,0.04,0.06,-0.12,0.0,thank-you
3029.0,994.0,2818.0,4095.0,4095.0,4095.0,4095.0,4095.0,0.05,9.08,8.14,0.02,0.02,-0.05,0.0,thank-you
2997.0,963.0,2773.0,4095.0,4095.0,4095.0,4095.0,4095.0,-1.29,8.37,9.62,0.49,0.37,0.27,0.0,thank-you
2939.0,967.0,2625.0,4095.0,4095.0,4095.0,4095.0,4095.0,-0.17,8.46,9.03,0.92,1.47,0.92,0.0,thank-you
2907.0,980.0,2186.0,4095.0,4095.0,4095.0,4095.0,4095.0,1.61,8.5,5.04,1.28,2.06,1.37,0.0,thank-you
2906.0,978.0,2090.0,4095.0,4095.0,4095.0,4095.0,4095.0,2.22,8.52,3.54,1.01,-0.14,1.1,0.0,thank-you
2879.0,976.0,1875.0,4095.0,4095.0,4095.0,4095.0,4095.0,3.21,8.3,3.15,1.17,-1.33,1.0,0.0,thank-you
2953.0,991.0,1390.0,4095.0,4095.0,4095.0,4095.0,4095.0,4.22,7.47,1.71,1.3,-1.69,0.69,0.0,thank-you
3056.0,993.0,1263.0,4095.0,4095.0,4095.0,4095.0,4095.0,5.14,6.73,0.08,1.62,-2.07,0.52,0.0,thank-you
3097.0,995.0,1439.0,4085.0,4095.0,4095.0,4095.0,4095.0,5.13,5.93,-2.98,1.39,-0.11,0.29,0.0,thank-you
3114.0,989.0,1370.0,4067.0,4095.0,4095.0,4095.0,4095.0,5.04,5.21,-4.32,0.97,-0.47,0.3,0.0,thank-you
3111.0,979.0,1342.0,4066.0,4095.0,4095.0,4095.0,4095.0,5.36,4.81,-5.41,0.54,-0.01,0.15,0.0,thank-you
3091.0,994.0,1321.0,4087.0,4095.0,4095.0,4095.0,4095.0,5.1,4.19,-4.81,0.03,-0.06,0.04,0.0,thank-you
3098.0,983.0,1313.0,4088.0,4095.0,4095.0,4095.0,4095.0,4.98,4.06,-3.81,-0.11,-0.02,-0.03,0.0,thank-you
3071.0,998.0,1294.0,4095.0,4095.0,4095.0,4095.0,4095.0,4.92,3.93,-3.23,-0.1,0.19,-0.06,0.0,thank-you
3088.0,982.0,1293.0,4095.0,4095.0,4095.0,4095.0,4095.0,4.73,4.2,-3.65,0.01,-0.13,-0.1,0.0,thank-you
3089.0,993.0,1310.0,4095.0,4095.0,4095.0,4095.0,4095.0,4.87,4.05,-3.37,-0.02,-0.09,-0.1,0.0,thank-you
3088.0,1006.0,1280.0,4095.0,4095.0,4095.0,4095.0,4095.0,4.83,3.99,-3.28,0.03,0.03,-0.1,0.0,thank-you
3069.0,990.0,1226.0,4095.0,4095.0,4095.0,4095.0,4095.0,4.99,4.08,-3.94,0.04,-0.21,-0.19,0.0,thank-you
3071.0,989.0,1200.0,4095.0,4095.0,4095.0,4095.0,4095.0,4.85,4.07,-3.8,-0.09,0.0,-0.12,0.0,thank-you
3117.0,2009.0,2967.0,4095.0,4095.0,4095.0,4095.0,4095.0,0.29,9.26,7.62,-0.12,-0.19,-0.2,0.0,thank-you
3109.0,1859.0,2960.0,4095.0,4095.0,4095.0,4095.0,4095.0,0.52,9.0,7.98,-0.04,0.16,-0.09,0.0,thank-you
3071.0,1930.0,2955.0,4095.0,4095.0,4095.0,4095.0,4095.0,0.33,9.36,7.07,0.08,0.27,-0.12,0.0,thank-you
3063.0,2242.0,2966.0,4095.0,4095.0,4095.0,4095.0,4095.0,0.68,9.2,8.42,0.08,-0.03,-0.11,0.0,thank-you
3041.0,2670.0,2953.0,4095.0,4095.0,4095.0,4095.0,4095.0,-0.03,8.63,9.67,0.4,0.85,0.01,0.0,thank-you
3029.0,3006.0,2964.0,4095.0,4095.0,4095.0,4095.0,4095.0,-2.27,7.63,9.85,1.37,1.5,0.87,0.0,thank-you
3071.0,3008.0,2976.0,4095.0,4095.0,4095.0,4095.0,4095.0,0.94,6.93,5.43,2.1,0.46,1.62,0.0,thank-you
3095.0,2995.0,2991.0,4095.0,4095.0,4095.0,4095.0,4095.0,3.27,5.89,2.57,2.4,-0.63,1.56,0.0,thank-you
3127.0,2943.0,2990.0,4095.0,4095.0,4095.0,4095.0,4095.0,3.38,5.48,0.7,2.31,0.72,1.23,0.0,thank-you
3147.0,2647.0,3015.0,4095.0,4095.0,4095.0,4095.0,4095.0,4.57,4.13,-2.22,2.49,-1.08,0.5,0.0,thank-you
3131.0,2426.0,3022.0,4095.0,4095.0,4095.0,4095.0,4095.0,4.66,1.96,-6.02,2.27,0.05,0.66,0.0,thank-you
3130.0,2411.0,3038.0,4095.0,4095.0,4095.0,4095.0,4095.0,6.8,1.47,-8.71,1.37,-0.56,0.23,0.0,thank-you
3120.0,2132.0,3037.0,4095.0,4095.0,4095.0,4095.0,4095.0,7.81,3.04,-10.18,0.52,-0.22,0.16,0.0,thank-you
3129.0,2185.0,3043.0,4095.0,4095.0,4095.0,4095.0,4095.0,4.41,0.93,-3.02,-0.44,0.72,0.0,0.0,thank-you
3121.0,2187.0,3029.0,4095.0,4095.0,4095.0,4095.0,4095.0,4.64,1.55,-4.34,-0.05,-0.3,-0.34,0.0,thank-you
3136.0,2192.0,3033.0,4095.0,4095.0,4095.0,4095.0,4095.0,4.37,1.84,-4.18,-0.09,0.0,-0.13,0.0,thank-you
3122.0,2208.0,3029.0,4095.0,4095.0,4095.0,4095.0,4095.0,4.76,1.93,-4.42,0.0,-0.05,-0.1,0.0,thank-you
3130.0,2224.0,3022.0,4095.0,4095.0,4095.0,4095.0,4095.0,4.78,1.97,-4.57,-0.06,-0.08,-0.14,0.0,thank-you
3117.0,2241.0,3025.0,4095.0,4095.0,4095.0,4095.0,4095.0,4.58,2.07,-4.52,-0.07,-0.02,-0.17,0.0,thank-you
3107.0,2247.0,3025.0,4095.0,4095.0,4095.0,4095.0,4095.0,4.53,1.96,-4.65,0.02,-0.1,-0.17,0.0,thank-you
3007.0,1006.0,2688.0,4095.0,4095.0,4095.0,4095.0,4095.0,0.6,8.91,7.89,0.21,-0.05,0.01,0.0,thank-you
3004.0,999.0,2628.0,4095.0,4095.0,4095.0,4095.0,4095.0,0.72,9.01,9.19,0.16,0.26,-0.0,0.0,thank-you
2992.0,1667.0,2659.0,4095.0,4095.0,4095.0,4095.0,4095.0,0.36,8.28,9.22,0.72,0.36,0.21,0.0,thank-you
2991.0,2315.0,2613.0,4095.0,4095.0,4095.0,4095.0,4095.0,0.69,8.04,8.23,1.32,0.77,0.65,0.0,thank-you
2982.0,2458.0,2537.0,4095.0,4095.0,4095.0,4095.0,4095.0,1.54,7.85,7.03,1.51,0.82,1.3,0.0,thank-you
2993.0,2675.0,2465.0,4095.0,4095.0,4095.0,4095.0,4095.0,4.44,7.59,3.7,1.48,1.7,1.68,0.0,thank-you
3008.0,2658.0,2494.0,4095.0,4095.0,4095.0,4095.0,4095.0,6.97,5.72,1.77,1.36,0.63,2.36,0.0,thank-you
3024.0,2383.0,2480.0,4095.0,4095.0,4095.0,4095.0,4095.0,8.97,3.8,-0.11,1.88,-2.87,1.47,0.0,thank-you
3046.0,1703.0,2511.0,4095.0,4095.0,4095.0,4095.0,4095.0,9.83,4.25,-3.09,2.02,-1.38,1.08,0.0,thank-you
3136.0,1486.0,2509.0,4095.0,4095.0,4095.0,4095.0,4095.0,7.31,3.65,-4.69,1.69,-2.17,0.47,0.0,thank-you
3266.0,1309.0,2526.0,4095.0,4095.0,4095.0,4095.0,4095.0,7.01,2.3,-5.16,1.36,-1.61,0.12,0.0,thank-you
3269.0,1270.0,2545.0,4080.0,4095.0,4095.0,4095.0,4095.0,5.5,2.0,-7.3,0.46,-0.32,-0.16,0.0,thank-you
3284.0,1281.0,2535.0,4095.0,4095.0,4095.0,4095.0,4095.0,5.28,1.16,-4.71,-0.23,0.21,-0.1,0.0,thank-you
3277.0,1313.0,2517.0,4095.0,4095.0,4095.0,4095.0,4095.0,4.99,0.84,-4.08,-0.14,0.11,-0.14,0.0,thank-you
3280.0,1328.0,2526.0,4095.0,4095.0,4095.0,4095.0,4095.0,5.0,1.34,-4.17,-0.02,0.0,-0.18,0.0,thank-you
3265.0,1331.0,2494.0,4095.0,4095.0,4095.0,4095.0,4095.0,5.06,1.14,-4.49,-0.03,-0.04,-0.18,0.0,thank-you
3271.0,1354.0,2481.0,4095.0,4095.0,4095.0,4095.0,4095.0,5.33,1.51,-4.18,-0.03,0.03,-0.18,0.0,thank-you
3266.0,1371.0,2480.0,4095.0,4095.0,4095.0,4095.0,4095.0,5.34,1.54,-4.73,-0.09,0.01,-0.21,0.0,thank-you
3239.0,1421.0,2445.0,4095.0,4095.0,4095.0,4095.0,4095.0,5.09,1.47,-4.17,-0.18,0.09,-0.24,0.0,thank-you
3225.0,1423.0,2418.0,4095.0,4095.0,4095.0,4095.0,4095.0,5.24,1.62,-4.1,-0.1,-0.03,-0.13,0.0,thank-you
3145.0,2208.0,2432.0,4095.0,4095.0,4095.0,4095.0,4095.0,1.34,9.23,7.71,0.08,-0.03,-0.09,0.0,thank-you
3216.0,2525.0,2535.0,4095.0,4095.0,4095.0,4095.0,4095.0,0.92,8.72,9.55,0.2,0.53,-0.2,0.0,thank-you
3253.0,3175.0,2619.0,4095.0,4095.0,4095.0,4095.0,4095.0,-0.14,7.29,8.68,1.64,0.89,0.9,0.0,thank-you
3229.0,3313.0,2512.0,4095.0,4095.0,4095.0,4095.0,4095.0,0.3,7.01,5.72,2.17,1.95,1.81,0.0,thank-you
3229.0,3299.0,2465.0,4095.0,4095.0,4095.0,4095.0,4095.0,3.49,6.31,2.03,2.48,-0.3,1.78,0.0,thank-you
3222.0,3262.0,2496.0,4095.0,4095.0,4095.0,4095.0,4095.0,3.98,4.96,-0.34,2.5,-0.86,1.78,0.0,thank-you
3203.0,2918.0,2497.0,4095.0,4095.0,4095.0,4095.0,4095.0,5.7,3.92,-2.79,2.37,-1.93,1.18,0.0,thank-you
3216.0,2208.0,2441.0,4095.0,4095.0,4095.0,4095.0,4095.0,6.9,1.56,-4.73,1.72,-0.76,0.96,0.0,thank-you
3207.0,1766.0,2446.0,4095.0,4095.0,4095.0,4095.0,4095.0,5.53,1.79,-6.31,0.98,0.17,0.55,0.0,thank-you
3215.0,1792.0,2465.0,4095.0,4095.0,4095.0,4095.0,4095.0,7.42,0.95,-5.91,0.79,-0.65,0.14,0.0,thank-you
3202.0,1792.0,2457.0,4095.0,4095.0,4095.0,4095.0,4095.0,6.27,0.68,-5.58,-0.11,0.3,0.07,0.0,thank-you
3197.0,1793.0,2450.0,4095.0,4095.0,4095.0,4095.0,4095.0,5.71,0.04,-4.24,-0.28,0.13,-0.17,0.0,thank-you
3200.0,1797.0,2423.0,4095.0,4095.0,4095.0,4095.0,4095.0,5.46,-0.35,-3.7,-0.13,0.14,-0.18,0.0,thank-you
3208.0,1816.0,2416.0,4095.0,4095.0,4095.0,4095.0,4095.0,5.63,0.02,-3.65,-0.02,-0.08,-0.11,0.0,thank-you
3212.0,1818.0,2395.0,4095.0,4095.0,4095.0,4095.0,4095.0,5.74,0.09,-4.14,0.07,-0.12,-0.13,0.0,thank-you
3211.0,1820.0,2388.0,4095.0,4095.0,4095.0,4095.0,4095.0,5.73,0.21,-4.07,-0.02,0.04,-0.13,0.0,thank-you
3213.0,1835.0,2401.0,4095.0,4095.0,4095.0,4095.0,4095.0,5.84,0.28,-4.77,-0.01,-0.15,-0.2,0.0,thank-you
3190.0,1841.0,2371.0,4095.0,4095.0,4095.0,4095.0,4095.0,5.45,0.47,-4.16,-0.28,0.16,-0.23,0.0,thank-you
3189.0,1849.0,2362.0,4095.0,4095.0,4095.0,4095.0,4095.0,5.48,0.22,-3.39,-0.13,-0.01,-0.19,0.0,thank-you
3183.0,1856.0,2355.0,4095.0,4095.0,4095.0,4095.0,4095.0,5.72,0.35,-3.95,0.11,-0.08,-0.14,0.0,thank-you
3137.0,1999.0,2346.0,4095.0,4095.0,4095.0,4095.0,4095.0,1.0,9.39,7.26,0.07,-0.01,-0.16,0.0,thank-you
3154.0,2869.0,2493.0,4095.0,4095.0,4095.0,4095.0,4095.0,0.42,9.0,9.1,0.19,0.62,0.22,0.0,thank-you
3147.0,3297.0,2265.0,4095.0,4095.0,4095.0,4095.0,4095.0,0.57,7.63,9.71,1.56,1.49,0.78,0.0,thank-you
3159.0,3281.0,2293.0,4095.0,4095.0,4095.0,4095.0,4095.0,0.73,5.13,6.43,2.79,0.93,1.75,0.0,thank-you
3168.0,3195.0,2416.0,4095.0,4095.0,4095.0,4095.0,4095.0,2.52,2.07,2.12,3.33,-0.92,3.0,0.0,thank-you
3157.0,1047.0,2676.0,4095.0,4095.0,4095.0,4095.0,4095.0,11.21,0.13,-7.35,3.1,-2.37,1.66,0.0,thank-you
3135.0,1008.0,2623.0,4095.0,4095.0,4095.0,4095.0,4095.0,5.92,3.82,-9.96,0.98,0.36,0.72,0.0,thank-you
3137.0,1023.0,2559.0,4095.0,4095.0,4095.0,4095.0,4095.0,7.16,3.42,-5.15,0.05,-0.07,0.24,0.0,thank-you
3154.0,1035.0,2544.0,4095.0,4095.0,4095.0,4095.0,4095.0,6.1,1.71,-4.06,0.03,0.03,-0.08,0.0,thank-you
3152.0,1061.0,2483.0,4095.0,4095.0,4095.0,4095.0,4095.0,5.58,1.74,-3.69,0.12,-0.04,-0.09,0.0,thank-you
3152.0,1054.0,2471.0,4095.0,4095.0,4095.0,4095.0,4095.0,5.77,1.87,-4.13,0.08,0.01,-0.04,0.0,thank-you
3159.0,1050.0,2462.0,4095.0,4095.0,4095.0,4095.0,4095.0,5.76,1.69,-4.13,-0.03,-0.09,-0.07,0.0,thank-you
3158.0,1066.0,2439.0,4095.0,4095.0,4095.0,4095.0,4095.0,5.73,1.83,-4.06,-0.03,-0.23,-0.18,0.0,thank-you
3156.0,1072.0,2437.0,4095.0,4095.0,4095.0,4095.0,4095.0,5.61,1.59,-3.82,-0.08,-0.04,-0.14,0.0,thank-you
3183.0,1094.0,2416.0,4095.0,4095.0,4095.0,4095.0,4095.0,5.43,1.71,-3.89,-0.05,0.01,-0.07,0.0,thank-you
3162.0,1077.0,2413.0,4095.0,4095.0,4095.0,4095.0,4095.0,5.55,1.73,-3.85,-0.01,-0.1,-0.14,0.0,thank-you
3167.0,1098.0,2407.0,4095.0,4095.0,4095.0,4095.0,4095.0,5.49,1.87,-4.1,0.02,-0.07,-0.14,0.0,thank-you
3168.0,1088.0,2413.0,4095.0,4095.0,4095.0,4095.0,4095.0,6.44,2.02,-5.64,-0.06,-0.29,-0.27,0.0,thank-you
3151.0,1109.0,2389.0,4095.0,4095.0,4095.0,4095.0,4095.0,6.78,3.07,-5.55,-0.75,0.14,-0.57,0.0,thank-you
3182.0,1103.0,2326.0,4095.0,4095.0,4095.0,4095.0,4095.0,5.5,2.96,-3.3,-0.94,0.24,-0.71,0.0,thank-you
3136.0,1018.0,1569.0,4095.0,4095.0,4095.0,4095.0,4095.0,0.72,9.37,6.9,0.06,-0.12,-0.16,0.0,thank-you
3133.0,1006.0,1789.0,4095.0,4095.0,4095.0,4095.0,4095.0,0.33,9.23,7.4,0.17,0.06,-0.1,0.0,thank-you
3110.0,1229.0,2064.0,4095.0,4095.0,4095.0,4095.0,4095.0,0.44,8.88,8.44,0.6,0.28,0.27,0.0,thank-you
3117.0,1313.0,2064.0,4095.0,4095.0,4095.0,4095.0,4095.0,1.22,9.02,7.25,0.95,0.99,0.55,0.0,thank-you
3109.0,1424.0,2011.0,4095.0,4095.0,4095.0,4095.0,4095.0,1.69,8.85,5.34,1.09,0.28,0.65,0.0,thank-you
3102.0,1589.0,2009.0,4095.0,4095.0,4095.0,4095.0,4095.0,2.78,8.93,3.58,1.32,0.15,0.6,0.0,thank-you
3103.0,1582.0,2101.0,4095.0,4095.0,4095.0,4095.0,4095.0,3.74,8.46,1.39,1.25,0.09,0.43,0.0,thank-you
3113.0,1584.0,2215.0,4095.0,4095.0,4095.0,4095.0,4095.0,4.48,8.15,1.83,0.86,0.13,0.69,0.0,thank-you
3095.0,1600.0,2211.0,4095.0,4095.0,4095.0,4095.0,4095.0,4.84,7.61,0.98,1.18,-0.37,0.52,0.0,thank-you
3115.0,1609.0,2209.0,4095.0,4095.0,4095.0,4095.0,4095.0,4.74,6.25,0.48,1.42,0.53,0.42,0.0,thank-you
3115.0,1600.0,2227.0,4095.0,4095.0,4095.0,4095.0,4095.0,5.03,5.37,-2.04,1.64,-0.51,0.25,0.0,thank-you
3120.0,1461.0,2256.0,4095.0,4095.0,4095.0,4095.0,4095.0,5.73,4.47,-3.56,1.5,-0.75,0.01,0.0,thank-you
3125.0,1400.0,2210.0,4095.0,4095.0,4095.0,4095.0,4095.0,4.61,4.44,-4.85,0.91,-0.22,-0.06,0.0,thank-you
3110.0,1390.0,2189.0,4095.0,4095.0,4095.0,4095.0,4095.0,4.92,3.82,-4.92,0.42,-0.0,0.15,0.0,thank-you
3126.0,1398.0,2166.0,4095.0,4095.0,4095.0,4095.0,4095.0,5.35,3.26,-4.86,0.3,-0.2,0.11,0.0,thank-you
3118.0,1409.0,2133.0,4095.0,4095.0,4095.0,4095.0,4095.0,5.13,3.12,-4.69,0.11,-0.09,0.06,0.0,thank-you
3120.0,1404.0,2066.0,4095.0,4095.0,4095.0,4095.0,4095.0,5.22,2.87,-4.31,-0.05,0.03,-0.05,0.0,thank-you
3123.0,1409.0,2013.0,4095.0,4095.0,4095.0,4095.0,4095.0,5.19,2.61,-3.92,0.03,-0.01,-0.21,0.0,thank-you
3129.0,1411.0,2021.0,4095.0,4095.0,4095.0,4095.0,4095.0,5.05,2.39,-4.19,0.1,-0.05,-0.2,0.0,thank-you
3122.0,1418.0,2007.0,4095.0,4095.0,4095.0,4095.0,4095.0,4.5,2.56,-4.24,0.07,-0.0,-0.11,0.0,thank-you
3034.0,1046.0,2551.0,4095.0,4095.0,4095.0,4095.0,4095.0,0.62,9.59,6.69,-0.03,0.2,-0.11,0.0,thank-you
3024.0,1041.0,2526.0,4095.0,4095.0,4095.0,4095.0,4095.0,0.75,9.33,7.88,-0.05,0.19,0.01,0.0,thank-you
2981.0,1076.0,2687.0,4095.0,4095.0,4095.0,4095.0,4095.0,-0.28,8.67,7.95,0.45,1.09,0.54,0.0,thank-you
2974.0,1216.0,2690.0,4095.0,4095.0,4095.0,4095.0,4095.0,0.56,8.04,6.83,1.23,0.18,0.92,0.0,thank-you
2962.0,1392.0,2617.0,4095.0,4095.0,4095.0,4095.0,4095.0,3.58,8.24,2.8,1.45,-0.32,1.32,0.0,thank-you
2916.0,1455.0,2559.0,4095.0,4095.0,4095.0,4095.0,4095.0,3.56,8.89,3.08,1.21,0.36,1.31,0.0,thank-you
2906.0,1487.0,2535.0,4095.0,4095.0,4095.0,4095.0,4095.0,4.03,7.81,2.74,0.96,-0.27,1.15,0.0,thank-you
2909.0,1383.0,2593.0,4095.0,4095.0,4095.0,4095.0,4095.0,6.7,6.18,-0.26,1.41,0.46,1.13,0.0,thank-you
2926.0,1151.0,2736.0,4095.0,4095.0,4095.0,4095.0,4095.0,6.35,5.03,0.87,0.88,-0.76,1.13,0.0,thank-you
2933.0,1141.0,2825.0,4094.0,4095.0,4095.0,4095.0,4095.0,7.88,3.14,-1.38,1.39,-1.55,0.68,0.0,thank-you
2957.0,1060.0,2889.0,4052.0,4095.0,4095.0,4095.0,4095.0,6.15,2.27,-3.5,1.75,-0.83,0.41,0.0,thank-you
3066.0,1070.0,2851.0,3995.0,4095.0,4095.0,4095.0,4095.0,8.94,0.23,-6.27,1.18,-0.81,0.62,0.0,thank-you
3056.0,1061.0,2842.0,4031.0,4095.0,4095.0,4095.0,4095.0,8.14,1.07,-5.66,0.38,-0.45,0.55,0.0,thank-you
3097.0,1053.0,2825.0,4084.0,4095.0,4095.0,4095.0,4095.0,7.24,0.62,-4.22,-0.02,0.02,-0.06,0.0,thank-you
3181.0,1045.0,2698.0,4080.0,4095.0,4095.0,4095.0,4095.0,6.31,-0.12,-3.76,0.06,-0.03,-0.3,0.0,thank-you
3232.0,1040.0,2701.0,4095.0,4095.0,4095.0,4095.0,4095.0,6.19,0.14,-3.67,-0.01,-0.02,-0.25,0.0,thank-you
3234.0,1041.0,2688.0,4095.0,4095.0,4095.0,4095.0,4095.0,5.86,0.19,-3.73,-0.06,0.02,-0.18,0.0,thank-you
3245.0,1033.0,2695.0,4080.0,4095.0,4095.0,4095.0,4095.0,6.11,0.31,-3.7,-0.04,0.02,-0.12,0.0,thank-you
3248.0,1045.0,2672.0,4057.0,4095.0,4095.0,4095.0,4095.0,6.12,0.48,-3.46,0.07,-0.02,-0.2,0.0,thank-you
3247.0,1041.0,2624.0,4080.0,4095.0,4095.0,4095.0,4095.0,5.83,0.17,-4.06,0.06,-0.13,-0.2,0.0,thank-you
3290.0,2965.0,1225.0,4095.0,4095.0,4095.0,4095.0,4095.0,-2.33,8.54,9.29,-0.21,-0.15,-0.26,0.0,thank-you
3278.0,2978.0,1127.0,4095.0,4095.0,4095.0,4095.0,4095.0,-3.3,7.53,7.63,1.25,0.22,1.37,0.0,thank-you
3264.0,3127.0,1041.0,4095.0,4095.0,4095.0,4095.0,4095.0,-0.53,6.87,4.95,1.36,-0.1,2.29,0.0,thank-you
3232.0,3113.0,1044.0,4095.0,4095.0,4095.0,4095.0,4095.0,5.14,5.08,2.91,1.65,-0.7,2.46,0.0,thank-you
3216.0,3101.0,1062.0,4095.0,4095.0,4095.0,4095.0,4095.0,9.04,3.08,0.39,2.81,-3.08,1.5,0.0,thank-you
3221.0,3102.0,1072.0,4095.0,4095.0,4095.0,4095.0,4095.0,8.61,2.81,-3.46,2.71,-2.85,1.1,0.0,thank-you
3226.0,3094.0,1216.0,4095.0,4095.0,4095.0,4095.0,4095.0,7.91,1.73,-7.41,2.18,-1.85,0.32,0.0,thank-you
3219.0,3071.0,1499.0,4095.0,4095.0,4095.0,4095.0,4095.0,6.82,1.32,-7.35,0.73,-0.55,0.3,0.0,thank-you
3235.0,3110.0,1570.0,4095.0,4095.0,4095.0,4095.0,4095.0,5.62,1.03,-5.35,0.13,0.02,0.1,0.0,thank-you
3216.0,3123.0,1579.0,4095.0,4095.0,4095.0,4095.0,4095.0,5.24,0.67,-5.1,-0.12,0.02,0.04,0.0,thank-you
3229.0,3193.0,1583.0,4095.0,4095.0,4095.0,4095.0,4095.0,4.65,0.47,-4.97,-0.11,-0.15,-0.19,0.0,thank-you
3211.0,3214.0,1584.0,4095.0,4095.0,4095.0,4095.0,4095.0,4.78,-0.11,-4.33,-0.15,0.02,-0.09,0.0,thank-you
3218.0,3264.0,1587.0,4095.0,4095.0,4095.0,4095.0,4095.0,4.68,-0.02,-4.43,-0.1,-0.03,-0.11,0.0,thank-you
3199.0,3266.0,1575.0,4095.0,4095.0,4095.0,4095.0,4095.0,4.85,0.31,-4.44,-0.01,-0.02,-0.12,0.0,thank-you
3210.0,3375.0,1535.0,4013.0,4095.0,4095.0,4095.0,4095.0,4.63,0.28,-4.5,0.06,0.02,-0.16,0.0,thank-you
3201.0,3424.0,1535.0,4011.0,4095.0,4095.0,4095.0,4095.0,4.86,0.3,-4.8,-0.04,-0.02,-0.07,0.0,thank-you
3203.0,3487.0,1535.0,4016.0,4095.0,4095.0,4095.0,4095.0,5.08,0.32,-4.64,-0.07,0.0,-0.1,0.0,thank-you
3211.0,3536.0,1523.0,4068.0,4095.0,4095.0,4095.0,4095.0,5.04,0.52,-4.44,-0.12,0.08,-0.18,0.0,thank-you
3194.0,3619.0,1522.0,4048.0,4095.0,4095.0,4095.0,4095.0,4.79,0.5,-4.39,-0.06,0.05,-0.16,0.0,thank-you
3193.0,3619.0,1517.0,4068.0,4095.0,4095.0,4095.0,4095.0,4.78,0.38,-4.31,0.04,0.01,-0.16,0.0,thank-you
3229.0,4095.0,1037.0,4047.0,4095.0,4095.0,4095.0,4095.0,0.55,9.3,7.89,-0.04,-0.31,-0.18,0.0,thank-you
3248.0,4095.0,1055.0,4070.0,4095.0,4095.0,4095.0,4095.0,0.35,8.58,8.72,-0.05,0.55,-0.22,0.0,thank-you
3247.0,4095.0,1191.0,4078.0,4095.0,4095.0,4095.0,4095.0,-2.24,7.31,10.86,0.66,0.72,1.14,0.0,thank-you
3225.0,4095.0,1158.0,4095.0,4095.0,4095.0,4095.0,4095.0,1.1,6.45,8.1,2.11,0.5,2.35,0.0,thank-you
3199.0,4095.0,1181.0,4095.0,4095.0,4095.0,4095.0,4095.0,4.62,6.75,2.77,2.49,-0.72,1.9,0.0,thank-you
3171.0,4095.0,1345.0,4095.0,4095.0,4095.0,4095.0,4095.0,6.64,4.3,-1.16,2.95,-1.93,1.96,0.0,thank-you
3138.0,4095.0,1498.0,4083.0,4095.0,4095.0,4095.0,4095.0,7.56,3.03,-5.4,3.03,-3.5,0.75,0.0,thank-you
3117.0,4095.0,2214.0,4028.0,4095.0,4095.0,4095.0,4095.0,5.99,2.67,-7.54,1.43,-0.14,0.55,0.0,thank-you
3126.0,4095.0,2335.0,4033.0,4095.0,4095.0,4095.0,4095.0,6.56,1.87,-7.17,0.58,-0.49,0.28,0.0,thank-you
3114.0,4095.0,2373.0,4066.0,4095.0,4095.0,4095.0,4095.0,5.64,1.78,-4.92,0.0,0.22,0.18,0.0,thank-you
3122.0,4095.0,2376.0,4059.0,4095.0,4095.0,4095.0,4095.0,5.03,1.36,-4.65,0.1,-0.04,-0.12,0.0,thank-you
3123.0,4095.0,2389.0,4069.0,4095.0,4095.0,4095.0,4095.0,5.03,0.77,-4.86,-0.06,0.12,-0.09,0.0,thank-you
3120.0,4095.0,2396.0,4070.0,4095.0,4095.0,4095.0,4095.0,5.33,0.92,-4.72,-0.1,0.04,-0.19,0.0,thank-you
3134.0,4095.0,2379.0,4061.0,4095.0,4095.0,4095.0,4095.0,4.96,0.94,-4.18,-0.16,0.06,-0.11,0.0,thank-you
3131.0,4095.0,2388.0,4079.0,4095.0,4095.0,4095.0,4095.0,5.03,0.84,-4.23,-0.02,-0.06,-0.15,0.0,thank-you
3126.0,4095.0,2371.0,4063.0,4095.0,4095.0,4095.0,4095.0,4.99,1.0,-4.29,-0.06,0.09,-0.08,0.0,thank-you
3131.0,4095.0,2381.0,4079.0,4095.0,4095.0,4095.0,4095.0,5.0,1.21,-4.61,0.01,-0.08,-0.14,0.0,thank-you
3126.0,4095.0,2382.0,4091.0,4095.0,4095.0,4095.0,4095.0,5.07,1.15,-4.47,-0.12,0.05,-0.06,0.0,thank-you
3143.0,4095.0,2389.0,4079.0,4095.0,4095.0,4095.0,4095.0,5.21,1.24,-4.14,-0.13,-0.04,-0.06,0.0,thank-you
3146.0,4095.0,2355.0,4095.0,4095.0,4095.0,4095.0,4095.0,5.2,1.5,-4.18,-0.07,-0.11,-0.13,0.0,thank-you
3011.0,4095.0,2416.0,4095.0,4095.0,4095.0,4095.0,4095.0,1.03,8.73,8.9,0.19,0.23,0.05,0.0,thank-you
3059.0,4095.0,2430.0,4095.0,4095.0,4095.0,4095.0,4095.0,-0.86,7.9,10.27,1.25,0.59,0.62,0.0,thank-you
2977.0,4095.0,2427.0,4095.0,4095.0,4095.0,4095.0,4095.0,0.52,7.58,6.81,1.45,1.66,1.81,0.0,thank-you
2992.0,4095.0,2325.0,4095.0,4095.0,4095.0,4095.0,4095.0,3.71,7.49,3.12,1.64,0.41,2.03,0.0,thank-you
3093.0,4095.0,2224.0,4095.0,4095.0,4095.0,4095.0,4095.0,6.44,5.72,0.94,1.78,-2.76,1.58,0.0,thank-you
3273.0,4095.0,2005.0,4067.0,4095.0,4095.0,4095.0,4095.0,6.65,4.28,-2.84,2.19,-3.55,0.72,0.0,thank-you
3315.0,4095.0,1953.0,3984.0,4095.0,4095.0,4095.0,4095.0,6.37,2.65,-6.03,2.44,-0.96,0.7,0.0,thank-you
3307.0,4095.0,2055.0,3927.0,4095.0,4095.0,4095.0,4095.0,5.81,2.55,-6.48,1.42,0.02,0.59,0.0,thank-you
3303.0,4095.0,2230.0,3947.0,4095.0,4095.0,4095.0,4095.0,5.95,2.48,-6.63,0.68,0.23,0.46,0.0,thank-you
3286.0,4095.0,2285.0,3952.0,4095.0,4095.0,4095.0,4095.0,6.03,1.55,-5.39,0.04,0.29,0.05,0.0,thank-you
3310.0,4095.0,2288.0,3974.0,4095.0,4095.0,4095.0,4095.0,5.72,0.61,-4.95,-0.16,0.01,-0.19,0.0,thank-you
3311.0,4095.0,2259.0,4000.0,4095.0,4095.0,4095.0,4095.0,5.27,0.55,-4.09,-0.26,0.19,-0.18,0.0,thank-you
3282.0,4095.0,2271.0,4045.0,4095.0,4095.0,4095.0,4095.0,5.45,0.82,-4.01,-0.1,-0.03,-0.25,0.0,thank-you
3264.0,4095.0,2256.0,4033.0,4095.0,4095.0,4095.0,4095.0,5.5,1.07,-4.1,-0.05,-0.07,-0.22,0.0,thank-you
3280.0,4095.0,2253.0,4060.0,4095.0,4095.0,4095.0,4095.0,5.41,1.17,-4.02,-0.09,0.04,-0.18,0.0,thank-you
3270.0,4095.0,2257.0,4075.0,4095.0,4095.0,4095.0,4095.0,5.22,1.05,-4.2,-0.07,0.03,-0.11,0.0,thank-you
3269.0,4095.0,2253.0,4076.0,4095.0,4095.0,4095.0,4095.0,5.56,1.22,-4.37,-0.03,-0.09,-0.12,0.0,thank-you
3250.0,4095.0,2240.0,4076.0,4095.0,4095.0,4095.0,4095.0,5.65,1.43,-4.13,-0.08,0.02,-0.15,0.0,thank-you
3248.0,4095.0,2227.0,4080.0,4095.0,4095.0,4095.0,4095.0,5.6,1.56,-4.27,-0.17,-0.05,-0.25,0.0,thank-you
3241.0,4095.0,2211.0,4095.0,4095.0,4095.0,4095.0,4095.0,5.52,2.02,-4.98,-0.36,-0.22,-0.36,0.0,thank-you
3181.0,4095.0,1439.0,4095.0,4095.0,4095.0,4095.0,4095.0,0.51,9.08,7.61,0.15,0.09,-0.16,0.0,thank-you
3161.0,4095.0,1927.0,4095.0,4095.0,4095.0,4095.0,4095.0,-2.04,8.15,10.81,0.52,0.61,0.51,0.0,thank-you
3122.0,4095.0,1923.0,4095.0,4095.0,4095.0,4095.0,4095.0,-0.55,6.88,7.92,1.8,1.06,1.7,0.0,thank-you
3121.0,4095.0,1899.0,4095.0,4095.0,4095.0,4095.0,4095.0,4.16,5.59,4.6,2.32,-0.02,2.15,0.0,thank-you
3148.0,4095.0,1955.0,4095.0,4095.0,4095.0,4095.0,4095.0,5.93,3.86,-0.52,2.74,-1.3,1.84,0.0,thank-you
3197.0,4095.0,1955.0,4095.0,4095.0,4095.0,4095.0,4095.0,5.61,2.5,-4.81,2.72,-1.07,0.93,0.0,thank-you
3216.0,4095.0,1847.0,4095.0,4095.0,4095.0,4095.0,4095.0,3.54,2.06,-5.98,2.33,0.23,0.8,0.0,thank-you
3198.0,4095.0,1931.0,4095.0,4095.0,4095.0,4095.0,4095.0,6.87,2.22,-8.05,1.3,-0.42,0.34,0.0,thank-you
3188.0,4095.0,1925.0,4095.0,4095.0,4095.0,4095.0,4095.0,7.11,2.18,-6.64,0.14,0.1,0.27,0.0,thank-you
3195.0,4095.0,1904.0,4095.0,4095.0,4095.0,4095.0,4095.0,5.55,0.91,-4.7,-0.35,0.37,-0.05,0.0,thank-you
3191.0,4095.0,1830.0,4095.0,4095.0,4095.0,4095.0,4095.0,5.64,0.5,-4.02,-0.19,-0.05,-0.2,0.0,thank-you
3194.0,4095.0,1788.0,4095.0,4095.0,4095.0,4095.0,4095.0,5.82,1.1,-3.87,-0.2,-0.07,-0.16,0.0,thank-you
3195.0,4095.0,1731.0,4095.0,4095.0,4095.0,4095.0,4095.0,5.64,1.18,-3.79,-0.07,-0.13,-0.23,0.0,thank-you
3200.0,4095.0,1751.0,4095.0,4095.0,4095.0,4095.0,4095.0,7.09,1.74,-6.94,-0.23,-0.14,-0.5,0.0,thank-you
3191.0,4095.0,1805.0,4095.0,4095.0,4095.0,4095.0,4095.0,7.25,3.6,-10.34,-2.18,0.48,-0.97,0.0,thank-you
3200.0,4095.0,1776.0,4095.0,4095.0,4095.0,4095.0,4095.0,7.39,3.77,-5.95,-3.67,1.14,-2.28,0.0,thank-you
3207.0,4095.0,1715.0,4095.0,4095.0,4095.0,4095.0,4095.0,2.97,2.76,0.34,-3.66,1.02,-2.68,0.0,thank-you
3136.0,4095.0,1779.0,4095.0,4095.0,4095.0,4095.0,4095.0,-0.33,4.75,5.95,-2.57,1.52,-2.34,0.0,thank-you
3138.0,4095.0,1903.0,4095.0,4095.0,4095.0,4095.0,4095.0,-1.56,6.7,8.27,-0.97,-0.18,-1.19,0.0,thank-you
3168.0,4095.0,1360.0,4095.0,4095.0,4095.0,4095.0,4095.0,-2.3,7.26,10.92,-0.18,0.85,0.06,0.0,thank-you
3120.0,4095.0,1424.0,4095.0,4095.0,4095.0,4095.0,4095.0,-0.57,9.17,7.8,-0.02,0.38,-0.05,0.0,thank-you
3056.0,4095.0,1931.0,4095.0,4095.0,4095.0,4095.0,4095.0,-2.15,6.69,11.66,1.33,1.29,0.78,0.0,thank-you
3065.0,4095.0,1940.0,4095.0,4095.0,4095.0,4095.0,4095.0,-0.47,5.74,6.07,1.81,1.01,2.56,0.0,thank-you
3123.0,4095.0,1993.0,4095.0,4095.0,4095.0,4095.0,4095.0,6.56,4.38,1.21,2.45,-1.71,2.72,0.0,thank-you
3134.0,4095.0,1941.0,4095.0,4095.0,4095.0,4095.0,4095.0,7.14,3.47,-4.41,3.0,-1.61,1.16,0.0,thank-you
3184.0,4095.0,2064.0,4078.0,4095.0,4095.0,4095.0,4095.0,8.2,2.08,-7.17,2.83,-2.93,0.55,0.0,thank-you
3173.0,4095.0,2160.0,4080.0,4095.0,4095.0,4095.0,4095.0,6.62,1.85,-7.97,1.36,0.36,0.72,0.0,thank-you
3200.0,4095.0,2174.0,4095.0,4095.0,4095.0,4095.0,4095.0,5.64,2.7,-6.33,0.51,0.09,0.34,0.0,thank-you
3171.0,4095.0,2138.0,4095.0,4095.0,4095.0,4095.0,4095.0,6.24,2.4,-5.76,0.03,0.21,0.08,0.0,thank-you
3201.0,4095.0,2146.0,4095.0,4095.0,4095.0,4095.0,4095.0,5.52,0.84,-4.92,-0.33,0.13,-0.26,0.0,thank-you
3185.0,4095.0,2128.0,4095.0,4095.0,4095.0,4095.0,4095.0,5.03,0.69,-3.44,-0.12,-0.07,-0.19,0.0,thank-you
3184.0,4095.0,2114.0,4095.0,4095.0,4095.0,4095.0,4095.0,4.89,0.96,-3.63,-0.01,0.06,-0.04,0.0,thank-you
3182.0,4095.0,2129.0,4095.0,4095.0,4095.0,4095.0,4095.0,6.02,0.98,-4.53,0.1,-0.27,-0.03,0.0,thank-you
3184.0,4095.0,2126.0,4095.0,4095.0,4095.0,4095.0,4095.0,5.62,1.14,-4.09,0.04,0.01,-0.07,0.0,thank-you
3190.0,4095.0,2108.0,4095.0,4095.0,4095.0,4095.0,4095.0,5.49,0.68,-4.28,-0.06,0.05,-0.11,0.0,thank-you
3179.0,4095.0,2110.0,4095.0,4095.0,4095.0,4095.0,4095.0,5.77,1.27,-4.05,-0.1,0.07,0.04,0.0,thank-you
3191.0,4095.0,2096.0,4095.0,4095.0,4095.0,4095.0,4095.0,5.3,0.62,-4.62,-0.13,0.0,-0.16,0.0,thank-you
3183.0,4095.0,2085.0,4095.0,4095.0,4095.0,4095.0,4095.0,4.94,1.2,-3.85,-0.02,-0.12,-0.09,0.0,thank-you
3173.0,4095.0,2088.0,4095.0,4095.0,4095.0,4095.0,4095.0,5.5,1.34,-3.6,-0.15,-0.02,-0.06,0.0,thank-you
3169.0,4095.0,2073.0,4095.0,4095.0,4095.0,4095.0,4095.0,4.68,1.28,-3.99,0.27,0.03,-0.15,0.0,thank-you
3184.0,4095.0,1855.0,4095.0,4095.0,4095.0,4095.0,4095.0,-1.02,8.02,10.09,0.02,0.08,-0.04,0.0,thank-you
3099.0,4095.0,1990.0,4095.0,4095.0,4095.0,4095.0,4095.0,-1.3,6.3,10.5,1.75,0.87,1.09,0.0,thank-you
3115.0,4095.0,1974.0,4095.0,4095.0,4095.0,4095.0,4095.0,1.57,6.03,5.43,2.51,0.93,2.17,0.0,thank-you
3155.0,4095.0,2017.0,4095.0,4095.0,4095.0,4095.0,4095.0,4.42,4.19,2.14,3.07,-0.4,2.14,0.0,thank-you
3183.0,4095.0,2070.0,4095.0,4095.0,4095.0,4095.0,4095.0,7.38,3.24,-3.56,3.53,-2.07,1.34,0.0,thank-you
3199.0,4095.0,2087.0,4075.0,4095.0,4095.0,4095.0,4095.0,7.65,2.99,-7.4,3.55,-3.15,0.05,0.0,thank-you
3197.0,4095.0,2150.0,3983.0,4095.0,4095.0,4095.0,4095.0,7.3,1.5,-9.93,1.77,0.1,0.51,0.0,thank-you
3175.0,4095.0,2083.0,3977.0,4095.0,4095.0,4095.0,4095.0,5.49,2.05,-6.66,0.51,0.01,0.32,0.0,thank-you
3189.0,4095.0,2083.0,4034.0,4095.0,4095.0,4095.0,4095.0,5.31,1.03,-5.9,-0.08,0.16,0.01,0.0,thank-you
3184.0,4095.0,2032.0,4063.0,4095.0,4095.0,4095.0,4095.0,5.11,0.77,-4.68,-0.17,-0.0,-0.12,0.0,thank-you
3186.0,4095.0,2033.0,4082.0,4095.0,4095.0,4095.0,4095.0,4.9,0.31,-4.37,-0.21,0.01,-0.11,0.0,thank-you
3184.0,4095.0,2005.0,4093.0,4095.0,4095.0,4095.0,4095.0,5.08,0.42,-4.22,-0.0,-0.09,-0.13,0.0,thank-you
3191.0,4095.0,2006.0,4095.0,4095.0,4095.0,4095.0,4095.0,5.16,0.57,-4.44,-0.06,0.02,-0.15,0.0,thank-you
3179.0,4095.0,2001.0,4095.0,4095.0,4095.0,4095.0,4095.0,5.2,0.69,-4.45,-0.05,0.04,-0.06,0.0,thank-you
3184.0,4095.0,1991.0,4095.0,4095.0,4095.0,4095.0,4095.0,5.14,1.0,-4.52,-0.1,0.03,-0.15,0.0,thank-you
3157.0,4095.0,1985.0,4095.0,4095.0,4095.0,4095.0,4095.0,5.12,0.8,-4.4,-0.1,0.0,-0.19,0.0,thank-you
3164.0,4095.0,1984.0,4095.0,4095.0,4095.0,4095.0,4095.0,5.43,1.06,-5.06,-0.09,-0.04,-0.19,0.0,thank-you
3158.0,4095.0,1940.0,4095.0,4095.0,4095.0,4095.0,4095.0,4.73,1.42,-3.78,-0.39,0.28,-0.16,0.0,thank-you
3139.0,4095.0,1914.0,4095.0,4095.0,4095.0,4095.0,4095.0,5.3,0.37,-2.97,0.24,-0.21,-0.04,0.0,thank-you
3152.0,4095.0,1934.0,4095.0,4095.0,4095.0,4095.0,4095.0,5.52,1.18,-5.68,0.13,-0.08,-0.12,0.0,thank-you
2890.0,4095.0,1311.0,4095.0,4095.0,4095.0,4095.0,4095.0,-0.17,9.46,7.31,0.04,0.27,-0.11,0.0,thank-you
2838.0,4095.0,1341.0,4095.0,4095.0,4095.0,4095.0,4095.0,-0.31,9.25,7.98,0.08,0.05,-0.03,0.0,thank-you
2785.0,4095.0,1616.0,4095.0,4095.0,4095.0,4095.0,4095.0,-0.34,9.07,8.1,0.06,-0.04,-0.11,0.0,thank-you
2544.0,4095.0,1825.0,4095.0,4095.0,4095.0,4095.0,4095.0,-1.39,8.0,9.67,0.9,0.13,0.62,0.0,thank-you
2622.0,4095.0,1791.0,4095.0,4095.0,4095.0,4095.0,4095.0,0.31,9.16,4.74,1.51,0.25,0.88,0.0,thank-you
2731.0,4095.0,1777.0,4095.0,4095.0,4095.0,4095.0,4095.0,2.27,9.0,3.58,1.1,-0.31,0.62,0.0,thank-you
2931.0,4095.0,1399.0,4095.0,4095.0,4095.0,4095.0,4095.0,3.86,7.77,2.87,1.31,-0.84,0.87,0.0,thank-you
3107.0,4095.0,1170.0,4095.0,4095.0,4095.0,4095.0,4095.0,4.31,7.55,1.18,1.24,-0.29,0.66,0.0,thank-you
3221.0,4095.0,1136.0,4095.0,4095.0,4095.0,4095.0,4095.0,4.83,7.02,0.21,1.29,-0.33,0.46,0.0,thank-you
3302.0,4095.0,1119.0,4080.0,4095.0,4095.0,4095.0,4095.0,4.9,6.23,-1.06,1.41,-0.35,0.4,0.0,thank-you
3365.0,4095.0,1120.0,4061.0,4095.0,4095.0,4095.0,4095.0,5.87,5.33,-2.42,1.26,-0.56,0.46,0.0,thank-you
3379.0,4095.0,1111.0,4080.0,4095.0,4095.0,4095.0,4095.0,5.48,4.81,-3.14,1.11,-0.45,0.44,0.0,thank-you
3375.0,4095.0,1125.0,4065.0,4095.0,4095.0,4095.0,4095.0,5.17,3.77,-4.13,1.03,-0.07,0.58,0.0,thank-you
3371.0,4095.0,1263.0,4057.0,4095.0,4095.0,4095.0,4095.0,6.23,2.17,-6.43,0.97,-0.2,0.17,0.0,thank-you
3345.0,4095.0,1281.0,4049.0,4095.0,4095.0,4095.0,4095.0,5.34,2.59,-5.51,0.17,0.2,0.23,0.0,thank-you
3342.0,4095.0,1311.0,4095.0,4095.0,4095.0,4095.0,4095.0,5.68,2.15,-4.48,-0.02,0.06,-0.07,0.0,thank-you
3329.0,4095.0,1328.0,4095.0,4095.0,4095.0,4095.0,4095.0,5.53,1.9,-4.37,-0.02,-0.06,-0.13,0.0,thank-you
3345.0,4095.0,1360.0,4095.0,4095.0,4095.0,4095.0,4095.0,5.27,1.75,-3.96,-0.11,0.13,-0.1,0.0,thank-you
3331.0,4095.0,1374.0,4095.0,4095.0,4095.0,4095.0,4095.0,5.32,1.87,-3.83,0.02,-0.04,-0.17,0.0,thank-you
3328.0,4095.0,1411.0,4095.0,4095.0,4095.0,4095.0,4095.0,5.34,1.84,-4.08,-0.04,0.0,-0.12,0.0,thank-you
3334.0,4095.0,1535.0,4095.0,4095.0,4095.0,4095.0,4095.0,-0.31,9.25,7.6,0.03,0.29,-0.12,0.0,thank-you
3317.0,4095.0,1579.0,4095.0,4095.0,4095.0,4095.0,4095.0,0.06,9.23,7.9,0.08,-0.2,-0.1,0.0,thank-you
3309.0,4095.0,1723.0,4095.0,4095.0,4095.0,4095.0,4095.0,-1.07,8.5,9.24,0.3,-0.44,0.14,0.0,thank-you
3114.0,4095.0,1690.0,4095.0,4095.0,4095.0,4095.0,4095.0,-0.84,7.48,8.76,1.42,0.26,0.7,0.0,thank-you
3063.0,4095.0,1635.0,4095.0,4095.0,4095.0,4095.0,4095.0,1.41,7.22,6.22,2.24,0.26,1.53,0.0,thank-you
3139.0,4095.0,1631.0,4095.0,4095.0,4095.0,4095.0,4095.0,4.41,7.53,1.33,2.19,0.07,1.34,0.0,thank-you
3257.0,4095.0,1575.0,4095.0,4095.0,4095.0,4095.0,4095.0,5.24,6.84,-1.11,1.83,-1.53,0.77,0.0,thank-you
3285.0,4095.0,1411.0,4095.0,4095.0,4095.0,4095.0,4095.0,3.79,5.55,-1.7,1.8,-1.35,0.62,0.0,thank-you
3301.0,4095.0,1344.0,4095.0,4095.0,4095.0,4095.0,4095.0,3.87,4.13,-3.68,1.75,-0.06,0.36,0.0,thank-you
3287.0,4095.0,1262.0,4095.0,4095.0,4095.0,4095.0,4095.0,4.01,2.76,-5.4,1.48,0.44,0.68,0.0,thank-you
3278.0,4095.0,1225.0,4095.0,4095.0,4095.0,4095.0,4095.0,4.67,2.74,-6.48,1.15,-0.03,0.43,0.0,thank-you
3273.0,4095.0,1232.0,4095.0,4095.0,4095.0,4095.0,4095.0,5.78,0.91,-7.8,0.87,-0.2,0.12,0.0,thank-you
3267.0,4095.0,1223.0,4095.0,4095.0,4095.0,4095.0,4095.0,4.43,0.69,-5.85,0.11,0.16,0.08,0.0,thank-you
3277.0,4095.0,1211.0,4095.0,4095.0,4095.0,4095.0,4095.0,4.36,0.67,-4.82,-0.07,0.14,0.01,0.0,thank-you
3261.0,4095.0,1214.0,4095.0,4095.0,4095.0,4095.0,4095.0,4.44,0.36,-5.16,-0.06,0.08,-0.11,0.0,thank-you
3280.0,4095.0,1223.0,4095.0,4095.0,4095.0,4095.0,4095.0,4.48,0.41,-4.81,-0.13,0.04,-0.17,0.0,thank-you
3266.0,4095.0,1202.0,4095.0,4095.0,4095.0,4095.0,4095.0,4.36,0.53,-4.74,-0.06,-0.0,-0.13,0.0,thank-you
3253.0,4095.0,1211.0,4095.0,4095.0,4095.0,4095.0,4095.0,4.45,0.64,-4.78,-0.07,-0.01,-0.16,0.0,thank-you
3260.0,4095.0,1215.0,4095.0,4095.0,4095.0,4095.0,4095.0,4.36,0.74,-4.74,-0.01,0.01,-0.15,0.0,thank-you
3273.0,4095.0,1232.0,4095.0,4095.0,4095.0,4095.0,4095.0,4.38,0.83,-4.71,-0.05,0.02,-0.11,0.0,thank-you
3570.0,4095.0,1766.0,4095.0,4095.0,4095.0,4095.0,4095.0,0.61,9.42,7.13,-0.05,0.28,-0.16,0.0,thank-you
3505.0,4095.0,1453.0,4095.0,4095.0,4095.0,4095.0,4095.0,-0.45,8.33,8.3,1.4,0.9,0.41,0.0,thank-you
3455.0,4095.0,1204.0,4095.0,4095.0,4095.0,4095.0,4095.0,0.85,7.39,5.08,1.63,0.22,1.26,0.0,thank-you
3424.0,4095.0,1011.0,4095.0,4095.0,4095.0,4095.0,4095.0,5.04,6.54,1.9,2.57,-1.9,1.09,0.0,thank-you
3379.0,4095.0,981.0,4095.0,4095.0,4095.0,4095.0,4095.0,5.49,5.15,-2.42,2.1,-0.36,1.13,0.0,thank-you
3328.0,4095.0,973.0,4095.0,4095.0,4095.0,4095.0,4095.0,7.86,3.35,-3.91,1.91,-2.12,1.37,0.0,thank-you
3330.0,4095.0,966.0,4095.0,4095.0,4095.0,4095.0,4095.0,6.13,2.22,-3.92,2.34,-1.62,0.65,0.0,thank-you
3297.0,4095.0,981.0,4033.0,4095.0,4095.0,4095.0,4095.0,6.65,1.27,-8.88,2.09,-1.12,-0.03,0.0,thank-you
3314.0,4095.0,990.0,4054.0,4095.0,4095.0,4095.0,4095.0,4.0,2.01,-5.37,0.56,0.23,0.34,0.0,thank-you
3292.0,4095.0,990.0,4071.0,4095.0,4095.0,4095.0,4095.0,5.08,0.94,-6.34,0.32,0.1,-0.05,0.0,thank-you
3303.0,4095.0,986.0,4095.0,4095.0,4095.0,4095.0,4095.0,4.79,0.67,-5.48,-0.05,0.07,-0.05,0.0,thank-you
3287.0,4095.0,983.0,4095.0,4095.0,4095.0,4095.0,4095.0,4.64,0.32,-4.96,-0.11,-0.04,-0.21,0.0,thank-you
3313.0,4095.0,993.0,4095.0,4095.0,4095.0,4095.0,4095.0,4.43,0.14,-4.62,-0.08,-0.07,-0.16,0.0,thank-you
3301.0,4095.0,990.0,4095.0,4095.0,4095.0,4095.0,4095.0,4.42,0.55,-4.57,-0.01,0.01,-0.13,0.0,thank-you
3301.0,4095.0,997.0,4095.0,4095.0,4095.0,4095.0,4095.0,4.75,0.26,-5.12,-0.11,-0.05,-0.13,0.0,thank-you
3312.0,4095.0,999.0,4095.0,4095.0,4095.0,4095.0,4095.0,4.33,0.64,-4.52,-0.13,-0.03,-0.2,0.0,thank-you
3312.0,4095.0,987.0,4095.0,4095.0,4095.0,4095.0,4095.0,4.41,0.84,-5.1,-0.12,-0.07,-0.15,0.0,thank-you
3318.0,4095.0,991.0,4095.0,4095.0,4095.0,4095.0,4095.0,4.52,0.89,-4.99,-0.32,0.07,-0.17,0.0,thank-you
3330.0,4095.0,1005.0,4095.0,4095.0,4095.0,4095.0,4095.0,4.52,1.17,-4.84,-0.31,-0.04,-0.12,0.0,thank-you
3332.0,4095.0,995.0,4095.0,4095.0,4095.0,4095.0,4095.0,4.58,1.62,-4.88,-0.35,-0.03,-0.13,0.0,thank-you
3050.0,4095.0,2238.0,4095.0,4095.0,4095.0,4095.0,4095.0,1.41,9.59,7.61,0.24,-0.29,-0.02,0.0,thank-you
3019.0,4095.0,2230.0,4095.0,4095.0,4095.0,4095.0,4095.0,1.58,9.46,7.1,-0.07,0.16,-0.05,0.0,thank-you
2928.0,4095.0,2256.0,4095.0,4095.0,4095.0,4095.0,4095.0,2.79,9.34,6.75,0.2,0.85,-0.24,0.0,thank-you
3007.0,4095.0,2431.0,4095.0,4095.0,4095.0,4095.0,4095.0,1.0,9.5,6.52,-0.17,2.65,-0.41,0.0,thank-you
3029.0,4095.0,2630.0,4095.0,4095.0,4095.0,4095.0,4095.0,-0.34,9.0,7.51,0.01,0.61,-0.31,0.0,thank-you
3009.0,4095.0,2653.0,4095.0,4095.0,4095.0,4095.0,4095.0,-0.7,9.61,7.08,0.12,0.29,-0.17,0.0,thank-you
2997.0,4095.0,2605.0,4095.0,4095.0,4095.0,4095.0,4095.0,-0.15,9.4,7.09,0.04,-0.23,-0.18,0.0,thank-you
2970.0,4095.0,2579.0,4095.0,4095.0,4095.0,4095.0,4095.0,-0.39,9.54,7.35,0.16,-0.11,-0.2,0.0,thank-you
2953.0,4095.0,2559.0,4095.0,4095.0,4095.0,4095.0,4095.0,0.31,9.42,7.07,-0.13,1.02,0.04,0.0,thank-you
2954.0,4095.0,2559.0,4095.0,4095.0,4095.0,4095.0,4095.0,-0.9,9.3,6.88,0.15,-0.21,-0.02,0.0,thank-you
2960.0,4095.0,2582.0,4095.0,4095.0,4095.0,4095.0,4095.0,-0.13,10.31,6.91,0.1,0.04,-0.06,0.0,thank-you
2970.0,4095.0,2559.0,4095.0,4095.0,4095.0,4095.0,4095.0,-0.34,9.42,6.7,-0.02,-0.42,-0.17,0.0,thank-you
2954.0,4095.0,2468.0,4095.0,4095.0,4095.0,4095.0,4095.0,0.42,9.45,6.69,-0.05,-0.26,-0.02,0.0,thank-you
2933.0,4095.0,2404.0,4095.0,4095.0,4095.0,4095.0,4095.0,0.43,10.06,6.12,0.08,-0.14,-0.1,0.0,thank-you
2945.0,4095.0,2400.0,4095.0,4095.0,4095.0,4095.0,4095.0,0.2,9.78,6.4,-0.02,-0.62,-0.05,0.0,thank-you
2935.0,4095.0,2355.0,4095.0,4095.0,4095.0,4095.0,4095.0,0.9,9.35,7.22,-0.17,-0.76,-0.01,0.0,thank-you
2905.0,4031.0,2225.0,4095.0,4095.0,4095.0,4095.0,4095.0,1.16,9.46,6.76,-0.04,-0.5,0.08,0.0,thank-you
2869.0,3814.0,2224.0,4095.0,4095.0,4095.0,4095.0,4095.0,1.63,9.43,7.4,-0.0,-0.68,-0.19,0.0,thank-you
2851.0,3813.0,2209.0,4095.0,4095.0,4095.0,4095.0,4095.0,1.79,9.33,7.23,-0.01,-0.03,-0.11,0.0,thank-you
2836.0,3751.0,2210.0,4095.0,4095.0,4095.0,4095.0,4095.0,1.63,9.43,7.28,0.04,-0.23,-0.15,0.0,thank-you
2719.0,4095.0,2437.0,4095.0,4095.0,4095.0,4095.0,4095.0,-1.54,8.71,7.24,0.16,1.06,-0.05,0.0,thank-you
2770.0,4095.0,2480.0,4095.0,4095.0,4095.0,4095.0,4095.0,-1.01,9.71,6.55,0.02,-0.35,-0.25,0.0,thank-you
2743.0,4095.0,2486.0,4095.0,4095.0,4095.0,4095.0,4095.0,-0.69,9.51,6.75,0.05,-0.45,-0.23,0.0,thank-you
2747.0,4095.0,2512.0,4095.0,4095.0,4095.0,4095.0,4095.0,-0.3,9.56,6.66,-0.18,-0.5,0.11,0.0,thank-you
2669.0,4095.0,2496.0,4095.0,4095.0,4095.0,4095.0,4095.0,0.04,9.36,7.21,-0.01,-0.8,0.05,0.0,thank-you
2610.0,3698.0,2453.0,4095.0,4095.0,4095.0,4095.0,4095.0,0.7,9.58,6.45,0.02,-0.95,0.05,0.0,thank-you
2428.0,3501.0,2429.0,4095.0,4095.0,4095.0,4095.0,4095.0,1.21,9.62,6.76,-0.12,0.41,0.07,0.0,thank-you
2339.0,3462.0,2424.0,4095.0,4095.0,4095.0,4095.0,4095.0,0.8,9.82,7.53,-0.16,-0.44,0.03,0.0,thank-you
2249.0,3468.0,2443.0,4095.0,4095.0,4095.0,4095.0,4095.0,1.46,9.25,7.34,0.1,-0.5,-0.2,0.0,thank-you
2229.0,3455.0,2449.0,4095.0,4095.0,4095.0,4095.0,4095.0,1.37,9.35,7.02,0.06,-0.55,-0.18,0.0,thank-you
2337.0,3451.0,2475.0,4095.0,4095.0,4095.0,4095.0,4095.0,1.47,9.43,6.91,0.01,-0.1,-0.17,0.0,thank-you
2367.0,3446.0,2469.0,4095.0,4095.0,4095.0,4095.0,4095.0,1.5,9.39,6.79,-0.01,-0.21,-0.13,0.0,thank-you
2367.0,3443.0,2475.0,4095.0,4095.0,4095.0,4095.0,4095.0,1.69,9.49,7.18,-0.01,-0.14,-0.09,0.0,thank-you
2352.0,3421.0,2454.0,4095.0,4095.0,4095.0,4095.0,4095.0,1.43,9.54,6.88,0.06,-0.35,-0.17,0.0,thank-you
2339.0,3439.0,2449.0,4095.0,4095.0,4095.0,4095.0,4095.0,2.21,9.52,6.91,-0.04,0.57,-0.12,0.0,thank-you
2293.0,3437.0,2478.0,4095.0,4095.0,4095.0,4095.0,4095.0,0.75,9.45,7.23,0.0,0.61,-0.16,0.0,thank-you
2230.0,3466.0,2487.0,4095.0,4095.0,4095.0,4095.0,4095.0,1.44,9.43,7.09,0.21,-0.57,-0.15,0.0,thank-you
2559.0,3475.0,2525.0,4095.0,4095.0,4095.0,4095.0,4095.0,1.91,9.96,5.61,0.37,-1.01,-0.4,0.0,thank-you
2752.0,3486.0,2459.0,4095.0,4095.0,4095.0,4095.0,4095.0,1.58,9.73,6.08,-0.16,-0.27,-0.23,0.0,thank-you
2711.0,3472.0,2395.0,4095.0,4095.0,4095.0,4095.0,4095.0,0.87,9.04,7.47,-0.32,-0.1,-0.19,0.0,thank-you
2820.0,3538.0,1354.0,4082.0,4095.0,4095.0,4095.0,4095.0,1.88,9.76,7.46,0.33,0.16,0.11,0.0,thank-you
2858.0,3553.0,1366.0,4095.0,4095.0,4095.0,4095.0,4095.0,1.43,9.56,6.13,0.32,0.31,0.06,0.0,thank-you
2878.0,3551.0,1349.0,4095.0,4095.0,4095.0,4095.0,4095.0,1.55,9.19,6.68,0.57,0.19,0.34,0.0,thank-you
2903.0,3543.0,1351.0,4095.0,4095.0,4095.0,4095.0,4095.0,2.65,9.22,5.53,0.8,0.12,0.52,0.0,thank-you
2929.0,3542.0,1339.0,4095.0,4095.0,4095.0,4095.0,4095.0,3.35,9.11,5.6,0.78,0.03,0.5,0.0,thank-you
2951.0,3521.0,1303.0,4095.0,4095.0,4095.0,4095.0,4095.0,3.75,8.76,4.11,1.56,-0.69,0.15,0.0,thank-you
3045.0,3523.0,1233.0,4095.0,4095.0,4095.0,4095.0,4095.0,2.57,7.94,1.94,1.66,-1.38,0.2,0.0,thank-you
3095.0,3504.0,1189.0,4095.0,4095.0,4095.0,4095.0,4095.0,3.55,7.04,-0.6,1.53,-1.0,0.53,0.0,thank-you
3124.0,3505.0,1057.0,4095.0,4095.0,4095.0,4095.0,4095.0,3.82,6.63,-2.29,1.59,-2.3,0.25,0.0,thank-you
3110.0,3487.0,1055.0,4031.0,4095.0,4095.0,4095.0,4095.0,5.09,5.41,-4.37,1.64,-0.7,0.28,0.0,thank-you
3108.0,3501.0,1043.0,4029.0,4095.0,4095.0,4095.0,4095.0,4.2,4.53,-4.62,1.32,-0.25,0.3,0.0,thank-you
3105.0,3495.0,1023.0,4016.0,4095.0,4095.0,4095.0,4095.0,4.73,3.4,-4.78,1.14,0.02,0.35,0.0,thank-you
3102.0,3485.0,1023.0,4023.0,4095.0,4095.0,4095.0,4095.0,5.11,2.59,-6.24,0.82,-0.02,0.07,0.0,thank-you
3118.0,3483.0,1021.0,4035.0,4095.0,4087.0,4095.0,4095.0,5.05,2.27,-5.69,0.46,-0.09,-0.02,0.0,thank-you
3120.0,3504.0,1019.0,4048.0,4095.0,4095.0,4095.0,4095.0,4.53,2.15,-5.37,0.11,0.01,-0.14,0.0,thank-you
3101.0,3495.0,997.0,4037.0,4095.0,4095.0,4095.0,4095.0,4.43,1.63,-4.58,0.03,0.0,-0.12,0.0,thank-you
3101.0,3482.0,1007.0,4055.0,4095.0,4095.0,4095.0,4095.0,4.56,1.56,-4.63,0.05,0.03,-0.07,0.0,thank-you
3084.0,3471.0,991.0,4036.0,4095.0,4091.0,4095.0,4095.0,5.01,1.73,-4.96,0.03,-0.01,-0.16,0.0,thank-you
3046.0,3455.0,981.0,4045.0,4095.0,4093.0,4095.0,4095.0,4.16,1.67,-4.43,0.03,-0.12,-0.22,0.0,thank-you
3015.0,3456.0,999.0,4080.0,4095.0,4093.0,4095.0,4095.0,4.81,2.04,-4.85,-0.02,-0.0,-0.12,0.0,thank-you
2837.0,3956.0,2267.0,4095.0,4095.0,4095.0,4095.0,4095.0,2.24,9.05,7.87,0.33,0.54,-0.45,0.0,thank-you
2802.0,3999.0,2245.0,4095.0,4095.0,4095.0,4095.0,4095.0,1.76,8.94,6.75,0.22,0.94,-0.29,0.0,thank-you
2552.0,3958.0,2352.0,4095.0,4095.0,4095.0,4095.0,4095.0,1.85,9.79,6.02,0.22,1.04,-0.19,0.0,thank-you
2473.0,3978.0,2416.0,4095.0,4095.0,4095.0,4095.0,4095.0,0.61,9.47,5.71,-0.02,0.57,-0.13,0.0,thank-you
2447.0,3969.0,2416.0,4095.0,4095.0,4095.0,4095.0,4095.0,0.73,9.46,6.73,0.14,-0.24,-0.14,0.0,thank-you
2470.0,3996.0,2459.0,4095.0,4095.0,4095.0,4095.0,4095.0,-0.24,8.78,8.36,0.36,0.24,0.21,0.0,thank-you
2513.0,3982.0,2464.0,4095.0,4095.0,4095.0,4095.0,4095.0,-0.66,7.87,7.61,1.13,0.33,1.18,0.0,thank-you
2543.0,3973.0,2449.0,4095.0,4095.0,4095.0,4095.0,4095.0,1.62,6.62,5.2,1.85,-0.56,1.75,0.0,thank-you
2671.0,3968.0,2304.0,4095.0,4095.0,4095.0,4095.0,4095.0,5.47,5.09,1.34,2.8,-2.08,1.4,0.0,thank-you
2946.0,4042.0,2350.0,4095.0,4095.0,4095.0,4095.0,4095.0,6.9,4.71,-5.15,2.44,-2.3,0.61,0.0,thank-you
2981.0,4049.0,2446.0,4095.0,4095.0,4095.0,4095.0,4095.0,4.69,5.01,-6.55,1.44,-0.49,0.06,0.0,thank-you
3024.0,4032.0,2429.0,4095.0,4095.0,4095.0,4095.0,4095.0,4.79,4.65,-5.55,0.31,0.33,0.23,0.0,thank-you
3023.0,4039.0,2436.0,4095.0,4095.0,4095.0,4095.0,4095.0,5.09,4.14,-4.87,0.05,-0.05,-0.01,0.0,thank-you
3024.0,4038.0,2411.0,4095.0,4095.0,4095.0,4095.0,4095.0,4.69,3.79,-3.92,-0.12,-0.05,-0.08,0.0,thank-you
3055.0,4044.0,2417.0,4095.0,4095.0,4095.0,4095.0,4095.0,4.88,3.62,-3.45,0.0,-0.03,-0.16,0.0,thank-you
3027.0,4027.0,2400.0,4095.0,4095.0,4095.0,4095.0,4095.0,4.48,3.67,-3.64,0.06,0.02,-0.1,0.0,thank-you
3039.0,4053.0,2400.0,4095.0,4095.0,4095.0,4095.0,4095.0,4.87,3.74,-4.3,0.1,-0.16,-0.14,0.0,thank-you
3031.0,4041.0,2395.0,4095.0,4095.0,4095.0,4095.0,4095.0,4.8,3.99,-4.08,-0.15,0.04,-0.19,0.0,thank-you
3021.0,4018.0,2368.0,4095.0,4095.0,4095.0,4095.0,4095.0,4.29,3.66,-3.13,-0.15,0.12,-0.22,0.0,thank-you
3010.0,4016.0,2358.0,4095.0,4095.0,4095.0,4095.0,4095.0,4.29,3.42,-3.12,0.26,-0.18,-0.19,0.0,thank-you
2736.0,4095.0,1782.0,4095.0,4095.0,4095.0,4095.0,4095.0,0.45,9.55,6.99,0.01,-0.12,-0.14,0.0,thank-you
2648.0,4094.0,1882.0,4095.0,4095.0,4095.0,4095.0,4095.0,-0.04,9.34,7.4,0.15,-0.71,0.04,0.0,thank-you
2581.0,4055.0,2128.0,4095.0,4095.0,4095.0,4095.0,4095.0,0.26,8.75,7.84,0.67,0.47,0.82,0.0,thank-you
2544.0,4069.0,2071.0,4095.0,4095.0,4095.0,4095.0,4095.0,0.97,8.59,7.54,1.12,0.52,0.88,0.0,thank-you
2608.0,4061.0,2081.0,4095.0,4095.0,4095.0,4095.0,4095.0,-1.66,6.43,4.33,1.64,-0.47,1.93,0.0,thank-you
2752.0,4059.0,2064.0,4095.0,4095.0,4095.0,4095.0,4095.0,3.92,3.04,2.15,2.09,-2.13,3.17,0.0,thank-you
2925.0,4095.0,1914.0,4095.0,4095.0,4095.0,4095.0,4095.0,8.55,1.71,-7.59,3.81,-4.17,0.45,0.0,thank-you
2965.0,4095.0,2311.0,4091.0,4095.0,4095.0,4095.0,4095.0,4.79,2.49,-9.67,1.47,1.66,0.76,0.0,thank-you
2961.0,4095.0,2302.0,4095.0,4095.0,4095.0,4095.0,4095.0,4.96,2.98,-6.11,0.56,-0.16,0.28,0.0,thank-you
2954.0,4095.0,2288.0,4095.0,4095.0,4095.0,4095.0,4095.0,5.62,2.29,-5.66,0.09,0.42,-0.06,0.0,thank-you
2933.0,4095.0,2250.0,4095.0,4095.0,4095.0,4095.0,4095.0,4.52,1.7,-4.87,-0.19,0.38,-0.24,0.0,thank-you
2932.0,4095.0,2209.0,4095.0,4095.0,4095.0,4095.0,4095.0,4.75,1.07,-4.84,-0.02,-0.48,-0.26,0.0,thank-you
2899.0,4095.0,2210.0,4095.0,4095.0,4095.0,4095.0,4095.0,5.03,1.86,-4.11,-0.15,0.06,0.06,0.0,thank-you
2894.0,4082.0,2224.0,4095.0,4095.0,4095.0,4095.0,4095.0,5.76,2.0,-4.36,0.01,-0.14,-0.2,0.0,thank-you
2877.0,4070.0,2214.0,4095.0,4095.0,4095.0,4095.0,4095.0,4.95,1.99,-4.32,-0.12,0.08,-0.13,0.0,thank-you
2851.0,4089.0,2213.0,4095.0,4095.0,4095.0,4095.0,4095.0,4.39,1.93,-3.69,-0.08,0.09,-0.12,0.0,thank-you
2832.0,4061.0,2208.0,4095.0,4095.0,4095.0,4095.0,4095.0,4.43,1.87,-4.5,0.05,-0.09,-0.09,0.0,thank-you
2820.0,4075.0,2211.0,4095.0,4095.0,4095.0,4095.0,4095.0,5.13,1.99,-4.51,-0.11,-0.06,-0.1,0.0,thank-you
2821.0,4085.0,2207.0,4095.0,4095.0,4095.0,4095.0,4095.0,5.28,2.07,-4.16,-0.05,-0.12,-0.16,0.0,thank-you
2815.0,4078.0,2192.0,4095.0,4095.0,4095.0,4095.0,4095.0,4.59,2.1,-4.23,-0.01,-0.05,-0.25,0.0,thank-you
