hall_1,hall_2,hall_3,flex_t,flex_i,flex_m,flex_r,flex_p,accel_x,accel_y,accel_z,gyro_x,gyro_y,gyro_z,hand,sign
3055.0,3316.0,3219.0,3008.0,3919.0,2113.0,2557.0,2210.0,1.99,9.54,6.59,-0.04,0.05,-0.09,0.0,z
3047.0,3314.0,3216.0,3013.0,3935.0,2113.0,2559.0,2214.0,2.24,9.63,6.48,0.11,0.13,-0.2,0.0,z
3058.0,3330.0,3213.0,3049.0,3958.0,2111.0,2559.0,2209.0,3.0,9.33,5.85,-0.04,0.05,-0.15,0.0,z
3067.0,3306.0,3226.0,3038.0,3905.0,2112.0,2559.0,2205.0,5.84,9.11,4.1,-0.17,-0.55,0.15,0.0,z
3053.0,3307.0,3226.0,3021.0,3923.0,2111.0,2559.0,2199.0,8.32,8.14,3.76,-0.42,-1.26,-0.57,0.0,z
3057.0,3309.0,3213.0,3015.0,3930.0,2112.0,2559.0,2203.0,0.42,8.42,8.97,-0.73,-1.4,-1.0,0.0,z
3045.0,3312.0,3221.0,3062.0,3942.0,2128.0,2579.0,2203.0,-7.62,9.06,11.82,0.05,-0.63,-0.58,0.0,z
3061.0,3315.0,3289.0,3050.0,3949.0,2118.0,2559.0,2161.0,-4.32,5.32,10.9,0.06,1.02,0.51,0.0,z
3063.0,3333.0,3205.0,3065.0,3952.0,2119.0,2544.0,2140.0,-3.0,9.7,7.75,-0.04,2.79,0.96,0.0,z
3059.0,3335.0,2946.0,3386.0,3945.0,2133.0,2533.0,2160.0,10.68,7.16,13.16,-0.42,1.93,1.39,0.0,z
3057.0,3326.0,2864.0,3344.0,3979.0,2131.0,2518.0,2149.0,16.3,9.38,3.69,-0.21,-0.05,-0.12,0.0,z
3061.0,3303.0,2850.0,3363.0,3883.0,2146.0,2503.0,2167.0,13.3,6.9,7.3,-0.98,-2.85,-2.25,0.0,z
3053.0,3283.0,2931.0,3379.0,3969.0,2131.0,2514.0,2169.0,-4.8,5.99,15.18,-1.06,-2.83,-2.17,0.0,z
3049.0,3267.0,2954.0,3389.0,3948.0,2130.0,2529.0,2153.0,-5.33,7.7,14.09,-0.2,-1.15,0.21,0.0,z
3041.0,3270.0,2965.0,3346.0,3985.0,2135.0,2544.0,2149.0,3.37,8.5,10.07,0.05,0.21,0.03,0.0,z
3047.0,3271.0,2993.0,3356.0,3993.0,2137.0,2540.0,2171.0,2.52,8.6,8.24,0.09,0.08,-0.04,0.0,z
3049.0,3271.0,2992.0,3373.0,4001.0,2139.0,2546.0,2177.0,2.77,8.49,8.69,0.01,0.0,-0.14,0.0,z
3052.0,3275.0,3011.0,3373.0,3943.0,2147.0,2541.0,2180.0,2.69,8.31,9.04,-0.06,-0.08,-0.18,0.0,z
3056.0,3267.0,3022.0,3383.0,3973.0,2138.0,2555.0,2179.0,2.31,8.46,9.44,-0.04,-0.0,-0.12,0.0,z
3055.0,3271.0,3043.0,3376.0,4000.0,2144.0,2544.0,2192.0,2.35,8.26,9.25,0.06,0.03,-0.1,0.0,z
3056.0,3301.0,3152.0,3427.0,4023.0,2149.0,2559.0,2234.0,3.08,9.24,5.0,0.07,0.34,-0.07,0.0,z
3057.0,3296.0,3165.0,3379.0,3978.0,2155.0,2589.0,2218.0,9.1,7.68,0.69,0.18,1.52,-0.31,0.0,z
3053.0,3305.0,3168.0,3391.0,3986.0,2160.0,2589.0,2221.0,6.94,9.16,5.08,-0.46,0.04,-1.26,0.0,z
3061.0,3277.0,3147.0,3435.0,4019.0,2146.0,2559.0,2224.0,-3.3,9.3,11.51,-0.5,-1.06,-1.62,0.0,z
3043.0,3286.0,3143.0,3456.0,3997.0,2155.0,2586.0,2224.0,-7.69,7.75,10.24,0.14,-0.37,-0.17,0.0,z
3055.0,3301.0,3136.0,3453.0,3997.0,2163.0,2587.0,2231.0,-4.8,7.05,9.94,0.31,1.42,0.5,0.0,z
3056.0,3309.0,3130.0,3457.0,4019.0,2165.0,2593.0,2233.0,1.22,10.6,5.88,0.32,2.23,0.87,0.0,z
3059.0,3301.0,3047.0,3421.0,4001.0,2171.0,2589.0,2226.0,9.37,9.56,6.55,-0.22,1.57,0.65,0.0,z
3069.0,3305.0,3026.0,3438.0,4030.0,2167.0,2594.0,2223.0,13.15,7.84,3.55,-0.32,-1.28,-0.67,0.0,z
3059.0,3291.0,3034.0,3451.0,4011.0,2163.0,2598.0,2217.0,7.66,7.99,8.11,-1.4,-3.49,-1.39,0.0,z
3056.0,3301.0,3068.0,3457.0,4030.0,2165.0,2602.0,2224.0,-7.86,10.11,13.93,-0.85,-1.97,-1.1,0.0,z
3039.0,3278.0,3063.0,3447.0,4022.0,2161.0,2591.0,2211.0,-0.83,9.87,9.77,-0.03,-0.55,0.06,0.0,z
3055.0,3281.0,3071.0,3441.0,4037.0,2164.0,2591.0,2218.0,1.43,9.14,8.29,0.01,0.04,-0.02,0.0,z
3055.0,3282.0,3090.0,3455.0,4016.0,2160.0,2596.0,2223.0,2.4,9.17,7.57,-0.01,0.01,-0.07,0.0,z
3045.0,3286.0,3098.0,3447.0,4023.0,2169.0,2593.0,2213.0,2.32,8.76,8.19,0.01,-0.09,-0.13,0.0,z
3049.0,3287.0,3101.0,3456.0,4017.0,2163.0,2599.0,2223.0,2.35,8.83,8.28,-0.03,-0.09,-0.13,0.0,z
3053.0,3285.0,3115.0,3465.0,4046.0,2170.0,2599.0,2230.0,1.8,9.03,7.96,-0.05,-0.03,-0.25,0.0,z
3039.0,3298.0,3094.0,3457.0,4027.0,2161.0,2601.0,2231.0,2.15,9.02,8.46,0.07,-0.07,-0.13,0.0,z
3037.0,3285.0,3114.0,3458.0,4019.0,2171.0,2593.0,2233.0,1.93,8.88,8.11,-0.02,-0.06,-0.12,0.0,z
3047.0,3281.0,3118.0,3467.0,4023.0,2168.0,2597.0,2240.0,2.06,8.81,8.16,0.05,0.03,-0.16,0.0,z
3041.0,3294.0,3094.0,3425.0,3757.0,2166.0,2559.0,2218.0,2.76,9.62,6.51,0.03,0.02,-0.11,0.0,z
3041.0,3314.0,3109.0,3435.0,3820.0,2175.0,2579.0,2230.0,3.38,9.33,5.85,0.04,-0.05,-0.21,0.0,z
3058.0,3312.0,3130.0,3414.0,3824.0,2163.0,2559.0,2216.0,10.64,6.72,3.9,-0.32,-0.81,-0.52,0.0,z
3081.0,3310.0,3149.0,3431.0,3925.0,2163.0,2581.0,2235.0,3.64,8.88,7.77,-0.15,-1.69,-1.46,0.0,z
3050.0,3303.0,3141.0,2595.0,3984.0,2176.0,2587.0,2233.0,-4.78,9.82,8.7,-0.31,-1.67,-1.16,0.0,z
3031.0,3318.0,3130.0,2648.0,4019.0,2166.0,2593.0,2239.0,-8.1,8.18,11.23,-0.05,0.0,0.01,0.0,z
3041.0,3308.0,3143.0,3434.0,4048.0,2165.0,2589.0,2240.0,-2.01,5.72,10.79,0.09,1.44,0.7,0.0,z
3047.0,3310.0,3111.0,3441.0,4035.0,2176.0,2603.0,2265.0,1.31,8.91,7.93,0.25,2.39,1.09,0.0,z
3046.0,3310.0,3038.0,3443.0,4016.0,2182.0,2591.0,2243.0,9.59,8.4,6.37,0.03,1.98,0.61,0.0,z
3056.0,3297.0,2978.0,3458.0,4009.0,2183.0,2596.0,2231.0,12.55,9.37,5.65,-0.26,-0.08,-0.33,0.0,z
3056.0,3302.0,3012.0,3451.0,4039.0,2179.0,2595.0,2236.0,10.62,7.87,4.54,-0.48,-2.36,-1.08,0.0,z
3051.0,3293.0,3002.0,3441.0,4030.0,2176.0,2595.0,2231.0,1.63,7.66,11.75,-1.21,-2.68,-1.88,0.0,z
3037.0,3281.0,3016.0,3435.0,4003.0,2176.0,2601.0,2235.0,-4.28,8.86,13.48,-0.17,-1.4,-0.66,0.0,z
3043.0,3292.0,3025.0,3447.0,4011.0,2173.0,2559.0,2238.0,0.14,8.46,9.89,0.1,-0.28,-0.04,0.0,z
3039.0,3285.0,3031.0,3453.0,4002.0,2166.0,2622.0,2229.0,1.73,8.88,8.48,0.09,-0.01,-0.15,0.0,z
3024.0,3296.0,3040.0,3446.0,4007.0,2176.0,2609.0,2239.0,2.67,8.82,7.68,0.05,-0.08,-0.15,0.0,z
3038.0,3279.0,3030.0,3447.0,4038.0,2187.0,2601.0,2243.0,1.87,8.91,8.09,-0.08,-0.06,-0.15,0.0,z
3039.0,3297.0,3054.0,3454.0,4031.0,2179.0,2597.0,2234.0,2.16,9.05,8.29,-0.03,-0.09,-0.1,0.0,z
3045.0,3291.0,3040.0,3456.0,4029.0,2175.0,2601.0,2235.0,1.9,8.9,8.42,-0.0,-0.04,-0.15,0.0,z
3035.0,3289.0,3043.0,3438.0,4013.0,2166.0,2606.0,2245.0,2.05,8.74,8.35,0.01,0.02,-0.14,0.0,z
3039.0,3312.0,3120.0,3481.0,4052.0,2186.0,2609.0,2256.0,2.63,9.82,5.79,0.02,0.06,-0.04,0.0,z
3055.0,3301.0,3129.0,3490.0,4025.0,2192.0,2609.0,2259.0,5.28,9.16,4.43,0.03,0.04,-0.03,0.0,z
3047.0,3290.0,3125.0,3467.0,4054.0,2192.0,2585.0,2256.0,11.87,7.87,2.62,-0.5,-0.86,-0.58,0.0,z
3039.0,3293.0,3131.0,3458.0,4066.0,2192.0,2610.0,2250.0,2.91,6.72,8.22,-0.7,-0.78,-2.21,0.0,z
3039.0,3286.0,3159.0,3472.0,4065.0,2192.0,2611.0,2254.0,-10.65,8.37,12.72,-0.47,-0.77,-1.29,0.0,z
3053.0,3290.0,3159.0,3479.0,4048.0,2188.0,2619.0,2251.0,-6.65,5.48,11.71,0.24,0.09,0.22,0.0,z
3049.0,3299.0,3179.0,3480.0,4070.0,2181.0,2621.0,2249.0,-2.58,5.77,8.67,0.24,1.28,1.17,0.0,z
3039.0,3300.0,3133.0,3461.0,4078.0,2178.0,2630.0,2259.0,4.19,11.07,6.22,-0.19,1.69,1.52,0.0,z
3049.0,3283.0,3059.0,3467.0,4064.0,2192.0,2612.0,2253.0,10.02,12.33,4.45,-0.32,1.71,0.82,0.0,z
3035.0,3298.0,3061.0,3458.0,4085.0,2190.0,2608.0,2255.0,12.69,9.35,3.4,-0.46,-1.27,-1.05,0.0,z
3055.0,3302.0,3086.0,3453.0,4093.0,2174.0,2615.0,2240.0,5.26,6.62,9.55,-1.51,-2.77,-2.1,0.0,z
3042.0,3280.0,3093.0,3425.0,4095.0,2162.0,2559.0,2229.0,-5.17,6.22,16.82,-0.72,-1.61,-1.14,0.0,z
3049.0,3291.0,3151.0,3437.0,4095.0,2175.0,2608.0,2223.0,-1.45,8.08,11.84,0.01,-0.48,-0.2,0.0,z
3029.0,3283.0,3147.0,3440.0,4095.0,2182.0,2611.0,2226.0,1.42,8.5,9.27,0.04,-0.11,-0.05,0.0,z
3035.0,3280.0,3169.0,3434.0,4095.0,2173.0,2611.0,2238.0,2.31,8.42,9.18,-0.06,-0.04,-0.12,0.0,z
3039.0,3290.0,3155.0,3429.0,4095.0,2173.0,2614.0,2225.0,1.87,8.37,9.08,-0.04,-0.06,-0.21,0.0,z
3049.0,3282.0,3155.0,3433.0,4095.0,2179.0,2614.0,2235.0,1.79,8.41,9.77,0.01,-0.04,-0.13,0.0,z
3046.0,3296.0,3169.0,3427.0,4095.0,2173.0,2613.0,2227.0,2.04,8.35,9.2,0.05,-0.03,-0.15,0.0,z
3051.0,3289.0,3163.0,3436.0,4095.0,2176.0,2618.0,2234.0,1.94,8.43,9.38,0.02,-0.0,-0.16,0.0,z
3033.0,3290.0,3163.0,3430.0,4095.0,2179.0,2620.0,2231.0,1.87,8.28,9.14,0.01,-0.03,-0.13,0.0,z
3050.0,3293.0,3185.0,3486.0,4095.0,2191.0,2624.0,2267.0,2.83,9.52,6.25,0.02,0.14,-0.06,0.0,z
3056.0,3293.0,3179.0,3474.0,4095.0,2192.0,2624.0,2258.0,4.85,8.99,5.26,-0.05,0.18,-0.1,0.0,z
3047.0,3305.0,3185.0,3469.0,4095.0,2195.0,2622.0,2267.0,11.37,8.15,4.02,-0.17,-0.52,-0.5,0.0,z
3065.0,3312.0,3217.0,3461.0,4095.0,2192.0,2619.0,2272.0,5.2,9.02,6.66,-0.31,-1.38,-1.45,0.0,z
3053.0,3296.0,3230.0,3459.0,4095.0,2193.0,2625.0,2264.0,-5.18,8.4,11.04,-0.31,-0.95,-1.54,0.0,z
3053.0,3302.0,3218.0,3471.0,4095.0,2187.0,2635.0,2258.0,-6.97,8.03,10.82,0.19,-0.43,-0.01,0.0,z
3053.0,3318.0,3237.0,3504.0,4095.0,2202.0,2634.0,2270.0,-3.81,5.09,9.13,0.2,1.13,0.65,0.0,z
3051.0,3298.0,3199.0,3462.0,4095.0,2202.0,2635.0,2271.0,2.45,8.01,7.91,-0.28,1.5,1.59,0.0,z
3051.0,3303.0,3150.0,3490.0,4095.0,2194.0,2626.0,2257.0,14.91,10.18,5.42,-0.12,1.34,1.55,0.0,z
3050.0,3310.0,3112.0,3467.0,4095.0,2199.0,2639.0,2263.0,12.31,8.6,1.52,-0.48,-0.2,-0.51,0.0,z
3042.0,3296.0,3105.0,3459.0,4095.0,2197.0,2637.0,2274.0,11.49,8.29,4.67,-0.86,-2.23,-1.45,0.0,z
3054.0,3293.0,3124.0,3446.0,4095.0,2205.0,2641.0,2256.0,-1.6,7.07,12.75,-0.85,-1.71,-2.0,0.0,z
3034.0,3291.0,3133.0,3431.0,4095.0,2199.0,2634.0,2263.0,-2.29,7.39,15.44,-0.39,-0.91,-0.16,0.0,z
3035.0,3277.0,3143.0,3446.0,4095.0,2192.0,2634.0,2262.0,1.07,8.69,9.37,0.12,0.19,-0.13,0.0,z
3043.0,3281.0,3142.0,3445.0,4095.0,2176.0,2635.0,2263.0,3.22,8.55,8.33,0.09,-0.12,-0.05,0.0,z
3054.0,3293.0,3136.0,3456.0,4095.0,2192.0,2635.0,2274.0,3.15,9.08,8.43,0.02,-0.04,-0.2,0.0,z
3035.0,3277.0,3149.0,3457.0,4095.0,2193.0,2640.0,2269.0,2.51,8.46,7.86,0.0,-0.06,-0.24,0.0,z
3034.0,3285.0,3152.0,3456.0,4095.0,2208.0,2639.0,2268.0,2.65,8.56,8.71,0.04,-0.15,-0.19,0.0,z
3051.0,3305.0,3158.0,3445.0,4095.0,2192.0,2637.0,2266.0,2.56,9.15,7.82,-0.02,-0.16,-0.15,0.0,z
3044.0,3287.0,3166.0,3451.0,4095.0,2207.0,2635.0,2255.0,2.54,8.96,8.23,0.06,-0.02,-0.17,0.0,z
3056.0,3299.0,3141.0,3433.0,4095.0,2209.0,2638.0,2295.0,2.65,9.36,6.04,0.01,0.08,-0.18,0.0,z
3043.0,3306.0,3123.0,3440.0,4095.0,2208.0,2643.0,2275.0,5.36,8.53,6.97,-0.06,0.15,-0.23,0.0,z
3054.0,3297.0,3179.0,3414.0,4095.0,2197.0,2637.0,2242.0,10.87,7.55,1.64,-0.14,-1.33,-0.52,0.0,z
3038.0,3312.0,3186.0,3447.0,4095.0,2205.0,2633.0,2241.0,-1.41,7.72,9.33,-0.71,-1.21,-1.52,0.0,z
3042.0,3313.0,3162.0,3447.0,4095.0,2202.0,2640.0,2259.0,-11.44,8.56,15.55,-0.07,-0.5,-0.3,0.0,z
3065.0,3324.0,3158.0,3467.0,4095.0,2208.0,2643.0,2228.0,-4.03,7.07,10.56,0.43,1.03,1.26,0.0,z
3056.0,3351.0,3149.0,3438.0,4095.0,2205.0,2640.0,2271.0,2.19,10.64,7.14,0.1,2.98,0.48,0.0,z
3049.0,3351.0,3087.0,3443.0,4095.0,2208.0,2627.0,2241.0,16.3,7.4,4.17,0.48,1.43,0.8,0.0,z
3056.0,3341.0,3090.0,3443.0,4095.0,2205.0,2621.0,2266.0,11.77,7.76,0.52,-0.78,-1.74,-0.84,0.0,z
3056.0,3344.0,3102.0,3450.0,4095.0,2211.0,2624.0,2246.0,6.05,7.49,11.69,-1.6,-1.86,-1.4,0.0,z
3062.0,3342.0,3138.0,3425.0,4095.0,2203.0,2649.0,2247.0,-5.57,9.25,13.38,-0.33,-1.32,-0.92,0.0,z
3040.0,3339.0,3154.0,3459.0,4095.0,2211.0,2643.0,2241.0,0.08,8.74,10.41,-0.18,-0.32,-0.18,0.0,z
3045.0,3334.0,3147.0,3441.0,4083.0,2208.0,2644.0,2247.0,1.14,8.99,8.81,0.07,-0.04,-0.16,0.0,z
3054.0,3341.0,3164.0,3455.0,4095.0,2206.0,2650.0,2239.0,2.02,8.62,8.54,0.06,-0.14,-0.13,0.0,z
3048.0,3321.0,3168.0,3457.0,4095.0,2211.0,2642.0,2239.0,1.84,8.85,8.8,-0.01,-0.12,-0.14,0.0,z
3046.0,3343.0,3169.0,3451.0,4095.0,2201.0,2643.0,2247.0,2.07,8.72,8.67,0.05,-0.16,-0.14,0.0,z
3047.0,3342.0,3176.0,3445.0,4095.0,2212.0,2647.0,2249.0,1.94,8.57,8.69,-0.02,-0.1,-0.13,0.0,z
3044.0,3344.0,3179.0,3453.0,4095.0,2208.0,2651.0,2250.0,2.41,8.64,8.51,-0.01,-0.08,-0.15,0.0,z
3049.0,3329.0,3173.0,3444.0,4095.0,2208.0,2653.0,2262.0,2.34,8.75,8.79,-0.02,-0.08,-0.12,0.0,z
3047.0,3333.0,3179.0,3459.0,4095.0,2215.0,2646.0,2254.0,2.26,8.67,8.76,0.02,-0.1,-0.14,0.0,z
3047.0,3328.0,3195.0,3483.0,4095.0,2220.0,2646.0,2283.0,2.57,9.54,6.41,-0.0,-0.01,-0.12,0.0,z
3039.0,3318.0,3214.0,3493.0,4095.0,2215.0,2643.0,2288.0,2.44,9.56,6.59,-0.06,0.02,-0.13,0.0,z
3057.0,3328.0,3219.0,3471.0,4095.0,2218.0,2650.0,2285.0,7.61,8.1,4.61,0.02,0.21,-0.06,0.0,z
3043.0,3321.0,3231.0,3463.0,4095.0,2198.0,2645.0,2261.0,10.42,7.56,5.15,-0.42,-1.39,-0.86,0.0,z
3039.0,3325.0,3231.0,3458.0,4095.0,2213.0,2655.0,2278.0,-5.78,7.89,11.4,-0.5,-0.69,-1.74,0.0,z
3051.0,3327.0,3233.0,3452.0,4095.0,2208.0,2655.0,2288.0,-9.23,6.44,13.12,0.01,-0.52,0.06,0.0,z
3042.0,3312.0,3217.0,3456.0,4095.0,2213.0,2661.0,2292.0,-4.99,7.66,10.14,0.22,1.21,0.75,0.0,z
3035.0,3344.0,3172.0,3414.0,4095.0,2221.0,2647.0,2256.0,1.52,10.47,5.57,0.21,1.14,-0.32,0.0,z
3056.0,3314.0,3061.0,3420.0,4095.0,2226.0,2667.0,2285.0,14.28,9.13,9.42,0.1,0.46,1.77,0.0,z
3055.0,3311.0,3069.0,3418.0,4095.0,2234.0,2650.0,2291.0,11.35,8.57,0.27,0.06,-0.77,-0.38,0.0,z
3039.0,3310.0,3045.0,3425.0,4095.0,2234.0,2658.0,2297.0,6.57,7.01,7.73,-1.3,-1.95,-1.0,0.0,z
3047.0,3317.0,3085.0,3445.0,4095.0,2217.0,2672.0,2304.0,-5.43,8.5,14.03,-1.2,-0.89,-1.17,0.0,z
3054.0,3311.0,3098.0,3461.0,4095.0,2224.0,2663.0,2306.0,-1.44,8.44,12.49,-0.28,-0.32,-0.21,0.0,z
3036.0,3313.0,3099.0,3471.0,4095.0,2224.0,2665.0,2305.0,1.3,8.62,9.22,-0.03,0.08,-0.08,0.0,z
3052.0,3313.0,3102.0,3466.0,4095.0,2224.0,2670.0,2305.0,1.99,8.66,8.75,-0.02,0.04,-0.04,0.0,z
3047.0,3312.0,3109.0,3459.0,4095.0,2224.0,2667.0,2304.0,2.47,8.55,8.91,-0.04,-0.06,-0.12,0.0,z
3046.0,3297.0,3110.0,3467.0,4095.0,2224.0,2641.0,2309.0,2.16,8.72,8.88,-0.04,-0.05,-0.1,0.0,z
3057.0,3301.0,3121.0,3468.0,4095.0,2223.0,2669.0,2305.0,2.04,8.54,8.9,-0.04,-0.11,-0.13,0.0,z
3037.0,3318.0,3130.0,3470.0,4095.0,2224.0,2669.0,2311.0,2.3,8.45,9.02,0.01,-0.08,-0.12,0.0,z
3043.0,3309.0,3141.0,3470.0,4095.0,2224.0,2663.0,2307.0,2.39,8.58,9.13,-0.03,-0.05,-0.14,0.0,z
3054.0,3304.0,3359.0,3501.0,4057.0,2224.0,2670.0,2352.0,1.7,9.53,6.68,0.07,0.08,-0.14,0.0,z
3056.0,3307.0,3359.0,3507.0,4058.0,2233.0,2663.0,2350.0,1.95,9.51,6.37,0.0,0.06,-0.11,0.0,z
3043.0,3316.0,3376.0,3501.0,4048.0,2226.0,2672.0,2349.0,2.65,9.06,5.84,-0.01,-0.11,-0.13,0.0,z
3050.0,3307.0,3376.0,3502.0,4085.0,2224.0,2666.0,2338.0,7.93,7.58,3.41,0.03,-0.05,-0.13,0.0,z
3054.0,3326.0,3319.0,3498.0,4095.0,2223.0,2662.0,2320.0,7.21,7.31,6.69,-0.99,-1.99,-1.1,0.0,z
3037.0,3310.0,3287.0,3502.0,4095.0,2234.0,2667.0,2319.0,-4.41,8.92,14.81,-0.4,-2.0,-1.26,0.0,z
3034.0,3324.0,3276.0,3486.0,4082.0,2223.0,2672.0,2320.0,-9.44,6.96,13.34,0.21,0.1,-0.23,0.0,z
3050.0,3309.0,3280.0,3494.0,4066.0,2224.0,2662.0,2325.0,-3.0,6.69,10.13,0.46,1.54,1.07,0.0,z
3056.0,3313.0,3149.0,3475.0,4087.0,2221.0,2662.0,2324.0,3.64,9.65,6.94,-0.13,1.81,0.49,0.0,z
3044.0,3328.0,3107.0,3455.0,4093.0,2233.0,2655.0,2295.0,16.16,11.08,4.81,0.38,1.36,1.37,0.0,z
3039.0,3315.0,3109.0,3455.0,3954.0,2231.0,2665.0,2315.0,10.85,8.14,1.94,-0.45,-1.7,-1.04,0.0,z
3038.0,3326.0,3107.0,3469.0,3981.0,2206.0,2659.0,2318.0,3.55,6.29,9.5,-1.86,-2.45,-1.96,0.0,z
3041.0,3302.0,3113.0,3465.0,3990.0,2224.0,2669.0,2321.0,-6.16,8.82,15.57,-0.41,-0.96,-1.11,0.0,z
3025.0,3299.0,3122.0,3485.0,4000.0,2226.0,2681.0,2310.0,0.66,8.19,9.8,0.01,0.12,-0.31,0.0,z
3051.0,3295.0,3166.0,3488.0,3995.0,2221.0,2663.0,2325.0,1.02,8.79,8.16,-0.09,-0.09,-0.14,0.0,z
3047.0,3315.0,3158.0,3473.0,4035.0,2221.0,2663.0,2327.0,1.75,8.82,9.05,-0.11,-0.02,-0.03,0.0,z
3045.0,3312.0,3149.0,3490.0,4030.0,2227.0,2665.0,2334.0,2.0,8.8,8.98,-0.04,0.03,-0.19,0.0,z
3032.0,3297.0,3173.0,3495.0,4012.0,2217.0,2624.0,2304.0,1.36,8.77,8.89,0.04,-0.04,-0.13,0.0,z
3040.0,3312.0,3165.0,3489.0,4041.0,2192.0,2618.0,2308.0,2.05,8.71,8.9,0.09,-0.04,-0.12,0.0,z
3040.0,3296.0,3169.0,3499.0,4016.0,2224.0,2629.0,2315.0,1.87,8.62,8.75,0.01,-0.05,-0.13,0.0,z
3033.0,3311.0,3397.0,3290.0,4095.0,2239.0,2672.0,2353.0,1.8,9.72,6.43,0.04,-0.01,-0.14,0.0,z
3045.0,3299.0,3379.0,3280.0,4095.0,2234.0,2667.0,2354.0,2.05,9.33,6.27,0.05,0.11,-0.09,0.0,z
3056.0,3301.0,3386.0,3504.0,4095.0,2228.0,2648.0,2322.0,12.12,6.59,0.32,-0.01,-0.24,0.17,0.0,z
3053.0,3296.0,3359.0,3486.0,4095.0,2221.0,2651.0,2327.0,4.35,8.51,9.07,-1.41,-0.21,-1.8,0.0,z
3042.0,3282.0,3394.0,3238.0,4095.0,2218.0,2672.0,2309.0,-9.46,8.48,15.45,0.2,-1.39,-1.58,0.0,z
3041.0,3291.0,3403.0,3291.0,4095.0,2224.0,2683.0,2327.0,-7.29,5.59,11.46,0.56,-0.11,0.33,0.0,z
3051.0,3287.0,3371.0,3299.0,4095.0,2225.0,2672.0,2341.0,-3.42,9.31,7.58,0.76,1.59,0.6,0.0,z
3053.0,3295.0,3271.0,3472.0,4095.0,2233.0,2671.0,2335.0,5.81,8.49,7.66,-0.06,1.6,0.86,0.0,z
3057.0,3301.0,3205.0,3483.0,4095.0,2223.0,2666.0,2345.0,7.01,10.19,3.73,-0.17,1.06,1.02,0.0,z
3061.0,3301.0,3184.0,3493.0,4051.0,2237.0,2677.0,2340.0,12.45,9.56,4.32,-0.53,-1.02,-0.17,0.0,z
3058.0,3296.0,3191.0,3498.0,4095.0,2229.0,2672.0,2344.0,7.34,7.16,6.49,-1.23,-3.03,-1.42,0.0,z
3058.0,3287.0,3183.0,3467.0,4087.0,2229.0,2672.0,2345.0,-4.09,8.42,14.07,-0.79,-1.33,-1.16,0.0,z
3045.0,3281.0,3187.0,3461.0,4095.0,2235.0,2674.0,2352.0,-1.28,8.74,10.78,-0.3,-0.4,-0.25,0.0,z
3041.0,3279.0,3200.0,3493.0,4081.0,2223.0,2678.0,2345.0,0.6,8.98,8.95,-0.06,0.13,-0.14,0.0,z
3052.0,3274.0,3197.0,3479.0,4095.0,2235.0,2679.0,2345.0,2.26,8.89,8.18,-0.12,0.01,-0.08,0.0,z
3024.0,3289.0,3210.0,3488.0,4095.0,2231.0,2681.0,2345.0,1.64,8.86,8.99,0.01,0.0,-0.12,0.0,z
3038.0,3291.0,3202.0,3454.0,4095.0,2224.0,2679.0,2347.0,2.2,8.88,8.83,0.07,-0.03,-0.1,0.0,z
3051.0,3278.0,3216.0,3484.0,4083.0,2239.0,2672.0,2351.0,2.27,8.77,8.53,0.06,-0.14,-0.14,0.0,z
3039.0,3295.0,3199.0,3494.0,4087.0,2234.0,2688.0,2351.0,1.94,8.71,8.47,0.07,-0.13,-0.16,0.0,z
3041.0,3287.0,3207.0,3499.0,4080.0,2227.0,2681.0,2347.0,1.79,8.97,8.25,0.01,-0.02,-0.17,0.0,z
3038.0,3294.0,3349.0,3531.0,4095.0,2238.0,2691.0,2367.0,1.75,9.55,6.62,-0.04,-0.04,-0.08,0.0,z
3047.0,3293.0,3364.0,3520.0,4095.0,2239.0,2689.0,2367.0,3.78,8.95,5.52,-0.07,-0.11,-0.01,0.0,z
3042.0,3280.0,3381.0,3504.0,4095.0,2235.0,2685.0,2357.0,12.3,7.56,3.35,-0.2,-1.25,-0.09,0.0,z
3046.0,3281.0,3378.0,3523.0,4078.0,2240.0,2690.0,2354.0,2.1,8.73,8.83,-0.54,-1.72,-1.45,0.0,z
3044.0,3264.0,3370.0,3509.0,4095.0,2230.0,2685.0,2368.0,-8.0,7.86,13.16,-0.38,-0.55,-0.91,0.0,z
3040.0,3257.0,3376.0,3505.0,4089.0,2241.0,2686.0,2371.0,-7.11,7.86,12.1,0.64,0.61,0.51,0.0,z
3044.0,3282.0,3371.0,3552.0,4095.0,2234.0,2697.0,2366.0,-0.64,7.04,8.26,0.93,1.65,1.09,0.0,z
3054.0,3294.0,3338.0,3536.0,4095.0,2237.0,2683.0,2359.0,8.97,8.79,4.97,0.31,2.03,1.57,0.0,z
3057.0,3280.0,3279.0,3523.0,4095.0,2237.0,2675.0,2357.0,14.86,9.0,0.82,-0.12,0.17,0.61,0.0,z
3051.0,3275.0,3263.0,3534.0,4095.0,2242.0,2679.0,2352.0,11.29,6.24,2.17,-1.62,-2.34,-1.54,0.0,z
3055.0,3277.0,3285.0,3509.0,4095.0,2237.0,2679.0,2363.0,-2.87,7.04,16.29,-1.68,-1.3,-1.68,0.0,z
3039.0,3271.0,3394.0,3520.0,4095.0,2238.0,2663.0,2325.0,-3.11,10.26,11.47,-0.04,-0.52,-0.23,0.0,z
3033.0,3266.0,3409.0,3529.0,4095.0,2239.0,2665.0,2331.0,2.36,8.92,8.56,0.05,0.06,-0.31,0.0,z
3040.0,3252.0,3418.0,3536.0,4095.0,2240.0,2673.0,2337.0,2.13,9.28,7.7,-0.02,0.03,-0.24,0.0,z
3033.0,3262.0,3421.0,3530.0,4094.0,2242.0,2672.0,2338.0,2.13,9.02,7.86,0.03,0.02,-0.15,0.0,z
3035.0,3261.0,3425.0,3536.0,4095.0,2234.0,2670.0,2347.0,2.11,8.97,8.19,0.04,0.0,-0.07,0.0,z
3038.0,3267.0,3409.0,3542.0,4095.0,2239.0,2678.0,2346.0,2.4,8.96,8.28,0.03,-0.03,-0.15,0.0,z
3035.0,3264.0,3408.0,3537.0,4095.0,2239.0,2669.0,2351.0,2.33,8.86,8.01,-0.01,-0.07,-0.11,0.0,z
3025.0,3268.0,3419.0,3569.0,4095.0,2245.0,2665.0,2343.0,2.43,8.91,7.94,-0.02,-0.01,-0.14,0.0,z
3044.0,3279.0,3411.0,3533.0,4095.0,2239.0,2666.0,2351.0,2.38,8.96,8.18,-0.03,-0.01,-0.14,0.0,z
3039.0,3249.0,3504.0,3558.0,4095.0,2250.0,2688.0,2383.0,2.56,9.18,7.23,-0.03,-0.0,-0.1,0.0,z
3053.0,3267.0,3489.0,3555.0,4095.0,2251.0,2695.0,2375.0,2.89,9.33,7.51,0.01,-0.05,-0.14,0.0,z
3043.0,3263.0,3485.0,3546.0,4095.0,2256.0,2692.0,2384.0,5.08,8.65,6.7,0.12,-0.04,-0.08,0.0,z
3044.0,3270.0,3520.0,3520.0,4095.0,2239.0,2689.0,2356.0,13.41,6.71,5.75,-0.09,-1.28,-0.94,0.0,z
3055.0,3260.0,3493.0,3245.0,4095.0,2240.0,2683.0,2362.0,-3.92,9.06,10.79,-0.15,-1.29,-2.29,0.0,z
3050.0,3253.0,3478.0,3306.0,4095.0,2246.0,2688.0,2367.0,-9.55,8.0,11.6,0.11,-0.98,-0.48,0.0,z
3056.0,3248.0,3476.0,3330.0,4095.0,2255.0,2697.0,2374.0,-5.68,8.15,9.52,0.51,1.15,0.71,0.0,z
3051.0,3260.0,3472.0,3543.0,4095.0,2251.0,2694.0,2365.0,1.56,7.15,6.91,0.7,1.42,2.02,0.0,z
3061.0,3275.0,3454.0,3547.0,4095.0,2259.0,2690.0,2368.0,10.37,8.33,2.75,0.21,1.11,1.93,0.0,z
3041.0,3278.0,3456.0,3531.0,4095.0,2247.0,2687.0,2372.0,15.74,7.53,0.0,-0.71,-0.46,-0.5,0.0,z
3054.0,3260.0,3440.0,3531.0,4095.0,2244.0,2662.0,2361.0,7.59,5.17,7.01,-2.29,-2.09,-2.18,0.0,z
3042.0,3265.0,3408.0,3522.0,4095.0,2247.0,2688.0,2375.0,-6.03,8.78,17.05,-0.95,-0.9,-1.47,0.0,z
3054.0,3274.0,3408.0,3583.0,4095.0,2246.0,2720.0,2379.0,-0.68,9.84,10.46,0.03,-0.18,0.14,0.0,z
3058.0,3267.0,3424.0,3536.0,4095.0,2251.0,2701.0,2374.0,2.64,8.8,8.47,0.11,0.17,-0.15,0.0,z
3039.0,3267.0,3436.0,3569.0,4095.0,2251.0,2702.0,2382.0,2.84,8.77,8.51,-0.03,-0.0,-0.09,0.0,z
3045.0,3267.0,3452.0,3546.0,4095.0,2251.0,2697.0,2379.0,2.74,8.72,8.56,0.03,-0.03,-0.09,0.0,z
3039.0,3261.0,3450.0,3542.0,4095.0,2254.0,2694.0,2378.0,2.85,8.59,8.44,-0.02,-0.12,-0.13,0.0,z
3056.0,3260.0,3454.0,3554.0,4095.0,2253.0,2694.0,2384.0,2.73,8.64,8.76,0.03,-0.07,-0.16,0.0,z
3039.0,3261.0,3458.0,3550.0,4095.0,2256.0,2699.0,2379.0,2.56,8.55,8.71,0.02,-0.03,-0.13,0.0,z
3054.0,3254.0,3462.0,3538.0,4095.0,2243.0,2698.0,2383.0,3.11,8.44,8.62,0.05,-0.08,-0.09,0.0,z
3051.0,3269.0,3488.0,3574.0,4095.0,2262.0,2711.0,2402.0,2.76,9.09,6.57,-0.0,-0.03,-0.1,0.0,z
3052.0,3249.0,3498.0,3541.0,4095.0,2267.0,2709.0,2396.0,7.56,7.81,5.24,-0.08,-0.06,0.0,0.0,z
3056.0,3248.0,3493.0,3504.0,4095.0,2255.0,2704.0,2368.0,10.74,7.15,5.26,-0.71,-1.43,-1.14,0.0,z
3043.0,3266.0,3481.0,3554.0,4095.0,2256.0,2704.0,2373.0,-6.07,8.2,11.88,-0.35,-0.97,-1.66,0.0,z
3046.0,3250.0,3459.0,3539.0,4095.0,2253.0,2705.0,2384.0,-8.35,9.19,12.9,0.27,-0.49,0.17,0.0,z
3039.0,3248.0,3479.0,3537.0,4095.0,2247.0,2701.0,2375.0,-2.86,5.75,9.19,0.69,0.93,1.0,0.0,z
3045.0,3258.0,3461.0,3536.0,4095.0,2254.0,2694.0,2378.0,3.98,9.3,6.07,0.23,2.01,1.41,0.0,z
3055.0,3269.0,3391.0,3538.0,4095.0,2256.0,2672.0,2378.0,13.3,9.74,5.54,-0.23,1.08,0.71,0.0,z
3063.0,3267.0,3383.0,3555.0,4095.0,2221.0,2703.0,2386.0,13.14,8.43,3.39,-0.35,-1.15,-0.65,0.0,z
3043.0,3271.0,3379.0,3536.0,4095.0,2246.0,2701.0,2363.0,5.6,5.87,8.61,-1.88,-2.52,-2.24,0.0,z
3039.0,3255.0,3356.0,3507.0,4095.0,2251.0,2699.0,2382.0,-3.95,8.55,14.6,-0.44,-1.5,-0.98,0.0,z
3047.0,3266.0,3366.0,3517.0,4095.0,2256.0,2704.0,2383.0,-0.41,9.17,10.29,0.07,-0.49,-0.14,0.0,z
3041.0,3259.0,3377.0,3530.0,4095.0,2256.0,2701.0,2391.0,2.09,8.83,8.24,0.02,-0.06,-0.15,0.0,z
3046.0,3248.0,3374.0,3533.0,4095.0,2254.0,2705.0,2385.0,2.43,8.82,7.96,0.05,-0.04,-0.11,0.0,z
3047.0,3250.0,3377.0,3536.0,4095.0,2256.0,2705.0,2397.0,2.44,8.72,8.05,0.01,-0.04,-0.14,0.0,z
3042.0,3272.0,3398.0,3526.0,4095.0,2256.0,2704.0,2384.0,2.64,8.7,8.5,-0.05,-0.07,-0.14,0.0,z
3056.0,3253.0,3408.0,3508.0,4095.0,2255.0,2702.0,2395.0,2.51,8.75,8.37,0.01,-0.03,-0.13,0.0,z
3056.0,3261.0,3409.0,3536.0,4095.0,2261.0,2704.0,2395.0,2.42,8.8,8.27,-0.02,-0.01,-0.14,0.0,z
3051.0,3254.0,3405.0,3547.0,4095.0,2256.0,2704.0,2390.0,2.6,8.77,8.4,-0.02,0.01,-0.13,0.0,z
3046.0,3269.0,3414.0,3547.0,4095.0,2256.0,2701.0,2395.0,2.57,8.72,8.34,0.0,-0.01,-0.14,0.0,z
3050.0,3253.0,3459.0,3565.0,4095.0,2262.0,2715.0,2397.0,3.08,9.17,7.33,0.01,0.01,-0.11,0.0,z
3043.0,3275.0,3451.0,3559.0,4095.0,2259.0,2713.0,2398.0,4.47,8.79,7.05,-0.04,0.01,-0.12,0.0,z
3053.0,3270.0,3503.0,3568.0,4095.0,2256.0,2709.0,2368.0,13.64,5.03,5.93,-0.12,-0.68,-0.97,0.0,z
3046.0,3253.0,3481.0,3550.0,4095.0,2251.0,2704.0,2399.0,-0.65,8.54,8.16,-0.44,-1.44,-2.15,0.0,z
3045.0,3251.0,3462.0,3554.0,4095.0,2256.0,2707.0,2385.0,-7.15,8.8,12.1,-0.3,-1.01,-0.6,0.0,z
3047.0,3247.0,3451.0,3554.0,4095.0,2256.0,2706.0,2395.0,-4.79,7.88,12.23,0.52,0.4,0.92,0.0,z
3034.0,3255.0,3443.0,3553.0,4095.0,2262.0,2706.0,2386.0,1.58,7.23,8.38,1.14,1.92,1.59,0.0,z
3039.0,3255.0,3418.0,3554.0,4095.0,2256.0,2708.0,2384.0,8.8,7.97,4.05,0.02,0.98,1.02,0.0,z
3041.0,3274.0,3374.0,3543.0,4084.0,2261.0,2701.0,2369.0,13.86,8.58,2.65,-0.11,0.19,0.25,0.0,z
3044.0,3263.0,3381.0,3550.0,4087.0,2257.0,2705.0,2382.0,11.1,5.95,3.16,-1.46,-1.81,-1.24,0.0,z
3053.0,3273.0,3334.0,3515.0,4080.0,2263.0,2704.0,2384.0,-1.3,7.31,16.19,-1.55,-1.06,-1.97,0.0,z
3049.0,3263.0,3349.0,3552.0,4095.0,2267.0,2721.0,2399.0,-1.1,9.68,11.88,-0.13,-0.64,-0.3,0.0,z
3057.0,3259.0,3366.0,3553.0,4095.0,2261.0,2722.0,2384.0,2.14,8.41,8.81,0.11,0.02,-0.25,0.0,z
3056.0,3273.0,3379.0,3554.0,4095.0,2262.0,2721.0,2389.0,2.84,8.38,8.07,0.02,-0.0,-0.2,0.0,z
3045.0,3257.0,3395.0,3547.0,4095.0,2260.0,2721.0,2385.0,3.4,8.51,8.03,-0.0,0.01,-0.19,0.0,z
3035.0,3263.0,3395.0,3553.0,4094.0,2255.0,2720.0,2393.0,3.45,8.55,8.54,-0.07,-0.02,-0.16,0.0,z
3055.0,3269.0,3410.0,3546.0,4092.0,2263.0,2710.0,2385.0,3.16,8.45,8.52,0.01,0.03,-0.16,0.0,z
3054.0,3262.0,3421.0,3551.0,4092.0,2266.0,2715.0,2384.0,3.23,8.5,8.3,0.05,-0.01,-0.14,0.0,z
3040.0,3260.0,3408.0,3559.0,4095.0,2263.0,2719.0,2394.0,3.35,8.53,8.37,0.04,-0.08,-0.13,0.0,z
3053.0,3251.0,3429.0,3565.0,4095.0,2263.0,2718.0,2385.0,3.32,8.53,8.38,0.05,-0.04,-0.18,0.0,z
3045.0,3263.0,3467.0,3583.0,4095.0,2265.0,2718.0,2403.0,2.67,9.12,7.58,0.04,-0.0,-0.13,0.0,z
3057.0,3262.0,3471.0,3583.0,4095.0,2257.0,2714.0,2401.0,2.63,8.7,7.15,0.01,-0.01,-0.14,0.0,z
3051.0,3265.0,3502.0,3561.0,4095.0,2239.0,2711.0,2382.0,10.49,6.39,5.54,-0.05,-0.62,0.07,0.0,z
3042.0,3244.0,3479.0,3536.0,4095.0,2257.0,2720.0,2378.0,5.86,6.97,7.25,-0.67,-1.6,-2.06,0.0,z
3039.0,3263.0,3447.0,3555.0,4095.0,2288.0,2720.0,2390.0,-7.13,8.55,13.31,-0.28,-1.14,-1.37,0.0,z
3045.0,3250.0,3445.0,3557.0,4095.0,2267.0,2714.0,2384.0,-8.37,7.7,12.28,0.45,-0.02,0.59,0.0,z
3050.0,3253.0,3475.0,3565.0,4095.0,2258.0,2720.0,2390.0,-2.06,6.3,9.42,0.69,1.79,1.68,0.0,z
3056.0,3258.0,3423.0,3546.0,4082.0,2272.0,2715.0,2401.0,9.4,7.74,7.24,0.24,1.19,1.86,0.0,z
3058.0,3258.0,3374.0,3549.0,4026.0,2256.0,2701.0,2390.0,15.28,8.58,2.5,-0.12,0.61,0.77,0.0,z
3045.0,3270.0,3370.0,3547.0,4079.0,2288.0,2705.0,2398.0,11.64,6.28,5.42,-1.44,-1.82,-1.79,0.0,z
3045.0,3248.0,3345.0,3557.0,4095.0,2259.0,2712.0,2384.0,-1.43,6.61,15.36,-1.29,-1.31,-2.23,0.0,z
3047.0,3251.0,3353.0,3530.0,4070.0,2267.0,2709.0,2387.0,-1.36,8.46,11.71,-0.14,-0.87,-0.52,0.0,z
3053.0,3236.0,3362.0,3532.0,4080.0,2256.0,2711.0,2391.0,2.83,8.25,9.65,0.1,-0.23,-0.11,0.0,z
3042.0,3249.0,3374.0,3546.0,4082.0,2266.0,2713.0,2391.0,3.35,8.43,8.71,-0.06,-0.17,-0.12,0.0,z
3037.0,3248.0,3382.0,3545.0,4089.0,2261.0,2709.0,2384.0,3.01,8.35,8.98,0.02,-0.1,-0.09,0.0,z
3039.0,3248.0,3405.0,3553.0,4083.0,2257.0,2718.0,2394.0,3.28,8.22,9.2,-0.06,-0.07,-0.15,0.0,z
3039.0,3264.0,3454.0,3543.0,4095.0,2265.0,2719.0,2383.0,3.28,8.36,8.84,0.04,-0.03,-0.17,0.0,z
3045.0,3245.0,3475.0,3536.0,4095.0,2259.0,2711.0,2385.0,3.14,8.26,8.83,0.01,-0.03,-0.13,0.0,z
3051.0,3249.0,3451.0,3545.0,4083.0,2262.0,2718.0,2384.0,3.45,8.23,9.18,0.03,-0.03,-0.11,0.0,z
3035.0,3254.0,3450.0,3559.0,4084.0,2261.0,2730.0,2391.0,3.16,8.19,8.84,0.04,-0.01,-0.16,0.0,z
3042.0,3305.0,3376.0,3582.0,4095.0,2237.0,2656.0,2316.0,2.74,9.3,7.29,0.11,-0.03,-0.11,0.0,z
3058.0,3317.0,3378.0,3568.0,4095.0,2246.0,2653.0,2310.0,3.86,8.77,6.04,0.02,-0.06,-0.1,0.0,z
3034.0,3313.0,3377.0,3580.0,4095.0,2242.0,2651.0,2291.0,11.14,6.59,4.28,-0.37,-1.14,-0.45,0.0,z
3058.0,3318.0,3381.0,3583.0,4095.0,2246.0,2661.0,2299.0,2.69,7.67,9.27,-0.82,-1.61,-1.61,0.0,z
3041.0,3319.0,3463.0,3563.0,4095.0,2249.0,2669.0,2323.0,-5.83,6.49,12.54,-0.53,-0.8,-1.08,0.0,z
3056.0,3316.0,3414.0,3565.0,4095.0,2252.0,2674.0,2330.0,-7.69,7.55,12.79,0.29,0.07,0.99,0.0,z
3040.0,3313.0,3351.0,3562.0,4095.0,2253.0,2673.0,2323.0,1.59,7.8,8.6,0.61,1.16,1.87,0.0,z
3052.0,3318.0,3223.0,3531.0,4095.0,2261.0,2670.0,2283.0,13.04,9.18,5.92,0.21,1.88,1.3,0.0,z
3056.0,3314.0,3184.0,3504.0,4091.0,2258.0,2651.0,2286.0,15.14,9.15,2.29,0.01,-1.41,-0.08,0.0,z
3053.0,3313.0,3189.0,3527.0,4094.0,2254.0,2666.0,2304.0,6.62,7.96,6.36,-1.36,-2.21,-1.27,0.0,z
3047.0,3317.0,3201.0,3536.0,4095.0,2256.0,2688.0,2329.0,-0.02,6.59,14.03,-1.38,-1.14,-1.51,0.0,z
3039.0,3301.0,3229.0,3524.0,4095.0,2255.0,2671.0,2298.0,-0.36,8.26,11.99,-0.37,-0.6,-0.36,0.0,z
3047.0,3321.0,3254.0,3542.0,4095.0,2221.0,2671.0,2326.0,2.61,8.37,9.84,0.0,-0.04,-0.05,0.0,z
3041.0,3311.0,3252.0,3549.0,4095.0,2261.0,2672.0,2320.0,3.29,8.02,8.73,0.1,-0.02,-0.15,0.0,z
3041.0,3299.0,3280.0,3536.0,4095.0,2261.0,2678.0,2322.0,3.43,8.09,8.75,0.03,-0.03,-0.14,0.0,z
3046.0,3300.0,3280.0,3538.0,4095.0,2255.0,2650.0,2320.0,3.68,8.3,8.78,0.08,-0.08,-0.15,0.0,z
3029.0,3312.0,3294.0,3565.0,4092.0,2259.0,2683.0,2326.0,3.63,8.14,8.59,-0.01,-0.18,-0.11,0.0,z
3039.0,3298.0,3308.0,3551.0,4095.0,2267.0,2682.0,2325.0,3.8,8.15,8.76,0.0,-0.06,-0.13,0.0,z
3056.0,3299.0,3312.0,3545.0,4095.0,2257.0,2682.0,2334.0,3.85,8.09,8.73,0.03,-0.07,-0.16,0.0,z
3053.0,3302.0,3334.0,3542.0,4095.0,2262.0,2678.0,2335.0,3.73,8.12,8.72,-0.0,-0.02,-0.15,0.0,z
3065.0,3282.0,3311.0,3621.0,4095.0,2242.0,2635.0,2305.0,1.12,9.6,6.78,-0.04,0.04,-0.11,0.0,z
3059.0,3276.0,3335.0,3621.0,4095.0,2250.0,2614.0,2306.0,0.81,9.56,6.74,0.03,0.02,-0.11,0.0,z
3053.0,3269.0,3341.0,3597.0,4095.0,2242.0,2613.0,2298.0,4.2,9.31,5.02,-0.13,-0.34,0.17,0.0,z
3043.0,3282.0,3350.0,3614.0,4095.0,2247.0,2609.0,2277.0,12.2,6.11,4.13,-0.92,-2.01,-1.16,0.0,z
3036.0,3266.0,3341.0,3619.0,4095.0,2246.0,2636.0,2311.0,-6.57,8.47,13.54,-0.43,-1.63,-1.29,0.0,z
3046.0,3277.0,3340.0,3574.0,4095.0,2252.0,2631.0,2303.0,-9.46,6.64,12.55,0.26,-0.14,0.53,0.0,z
3053.0,3282.0,3158.0,3601.0,4095.0,2250.0,2640.0,2288.0,-2.59,7.22,11.03,-0.07,1.92,1.47,0.0,z
3055.0,3280.0,3125.0,3568.0,4095.0,2256.0,2625.0,2257.0,8.07,8.68,8.62,-0.19,2.14,2.19,0.0,z
3055.0,3281.0,3140.0,3579.0,4095.0,2254.0,2640.0,2277.0,16.91,8.23,1.94,-0.02,-0.28,0.9,0.0,z
3056.0,3279.0,3184.0,3605.0,4095.0,2250.0,2631.0,2270.0,12.43,5.02,5.54,-1.78,-3.04,-1.71,0.0,z
3050.0,3274.0,3184.0,3572.0,4095.0,2240.0,2640.0,2295.0,-2.07,6.01,17.98,-1.79,-2.12,-2.27,0.0,z
3053.0,3270.0,3180.0,3570.0,4095.0,2246.0,2646.0,2321.0,-0.23,8.66,13.66,-0.2,-0.92,-0.53,0.0,z
3051.0,3279.0,3182.0,3571.0,4095.0,2246.0,2658.0,2319.0,3.06,7.87,9.15,0.13,-0.14,-0.36,0.0,z
3057.0,3262.0,3200.0,3600.0,4095.0,2250.0,2662.0,2322.0,2.73,7.69,8.84,-0.06,0.17,-0.16,0.0,z
3049.0,3271.0,3214.0,3598.0,4095.0,2247.0,2647.0,2314.0,3.94,8.13,9.28,-0.07,0.14,-0.08,0.0,z
3055.0,3264.0,3222.0,3581.0,4095.0,2256.0,2655.0,2324.0,3.46,8.11,9.29,-0.06,0.02,-0.15,0.0,z
3045.0,3265.0,3203.0,3583.0,4095.0,2247.0,2655.0,2319.0,3.49,7.99,9.77,-0.05,0.01,-0.12,0.0,z
3051.0,3261.0,3227.0,3603.0,4095.0,2251.0,2653.0,2320.0,2.54,7.82,9.55,-0.04,0.11,-0.18,0.0,z
3045.0,3257.0,3227.0,3600.0,4095.0,2251.0,2655.0,2320.0,3.1,7.81,10.24,0.05,0.03,-0.1,0.0,z
3058.0,3273.0,3219.0,3603.0,4095.0,2254.0,2657.0,2319.0,2.78,8.13,9.46,0.03,0.04,-0.11,0.0,z
3056.0,3264.0,3437.0,3616.0,4095.0,2284.0,2729.0,2390.0,1.27,9.56,6.54,0.03,0.05,-0.12,0.0,z
3051.0,3251.0,3408.0,3612.0,4095.0,2278.0,2709.0,2384.0,2.09,9.45,5.91,-0.0,-0.04,-0.09,0.0,z
3069.0,3259.0,3440.0,3583.0,4095.0,2281.0,2693.0,2343.0,10.67,7.22,3.01,0.07,-1.19,-0.11,0.0,z
3045.0,3255.0,3426.0,3579.0,4095.0,2278.0,2694.0,2354.0,1.09,7.54,8.97,-0.95,-1.46,-1.61,0.0,z
3053.0,3253.0,3409.0,3601.0,4095.0,2270.0,2697.0,2361.0,-8.14,8.67,13.39,-0.07,-1.12,-0.5,0.0,z
3044.0,3247.0,3415.0,3578.0,4095.0,2273.0,2703.0,2358.0,-6.1,7.96,11.44,0.29,0.43,1.0,0.0,z
3046.0,3257.0,3413.0,3603.0,4095.0,2271.0,2703.0,2366.0,0.46,9.3,7.22,0.58,2.35,1.45,0.0,z
3071.0,3263.0,3342.0,3601.0,4095.0,2272.0,2707.0,2368.0,11.22,8.6,5.41,0.0,1.49,1.21,0.0,z
3055.0,3267.0,3283.0,3559.0,4095.0,2262.0,2705.0,2384.0,11.58,8.55,3.18,-0.15,-0.36,-0.3,0.0,z
3063.0,3239.0,3249.0,3556.0,4095.0,2270.0,2684.0,2370.0,10.98,6.83,5.67,-1.31,-2.18,-1.15,0.0,z
3055.0,3245.0,3270.0,3547.0,4095.0,2260.0,2695.0,2383.0,-4.68,7.57,14.19,-1.3,-0.99,-2.12,0.0,z
3039.0,3270.0,3270.0,3547.0,4095.0,2270.0,2699.0,2378.0,-3.64,9.36,11.82,-0.22,-0.6,-0.54,0.0,z
3039.0,3259.0,3394.0,3542.0,4095.0,2258.0,2691.0,2371.0,1.75,8.71,9.12,-0.09,0.02,0.01,0.0,z
3043.0,3276.0,3405.0,3535.0,4095.0,2277.0,2688.0,2381.0,2.04,8.77,8.57,-0.1,-0.0,-0.09,0.0,z
3042.0,3253.0,3406.0,3534.0,4095.0,2268.0,2688.0,2371.0,2.1,8.69,8.77,-0.02,-0.06,-0.08,0.0,z
3055.0,3262.0,3381.0,3537.0,4095.0,2261.0,2688.0,2379.0,2.55,8.65,8.82,-0.04,-0.1,-0.13,0.0,z
3037.0,3259.0,3395.0,3546.0,4095.0,2266.0,2693.0,2378.0,2.37,8.56,8.86,-0.03,-0.13,-0.07,0.0,z
3047.0,3263.0,3410.0,3551.0,4095.0,2270.0,2688.0,2373.0,2.53,8.33,8.91,-0.02,-0.04,-0.12,0.0,z
3033.0,3256.0,3381.0,3555.0,4095.0,2271.0,2688.0,2369.0,2.48,8.66,9.19,-0.04,0.06,-0.14,0.0,z
3044.0,3251.0,3387.0,3559.0,4095.0,2261.0,2693.0,2378.0,2.45,8.48,8.96,0.04,-0.0,-0.15,0.0,z
3055.0,3249.0,3429.0,3600.0,4095.0,2283.0,2695.0,2397.0,2.66,9.25,6.6,-0.04,0.12,-0.19,0.0,z
3056.0,3263.0,3429.0,3601.0,4095.0,2276.0,2704.0,2391.0,4.5,8.94,5.65,0.01,-0.18,-0.02,0.0,z
3040.0,3266.0,3440.0,3573.0,4095.0,2277.0,2703.0,2385.0,9.57,7.18,4.57,-0.24,-0.59,-0.62,0.0,z
3057.0,3249.0,3413.0,3600.0,4095.0,2283.0,2705.0,2386.0,0.9,7.22,8.6,-0.95,-1.55,-1.94,0.0,z
3039.0,3248.0,3286.0,3060.0,4095.0,2269.0,2715.0,2391.0,-11.48,8.65,16.08,-0.45,-0.95,-0.39,0.0,z
3056.0,3264.0,3268.0,3241.0,4095.0,2277.0,2714.0,2397.0,-3.66,7.06,11.17,0.72,0.7,0.92,0.0,z
3040.0,3263.0,3250.0,3583.0,4095.0,2282.0,2708.0,2391.0,2.8,9.16,7.48,0.76,1.76,1.41,0.0,z
3059.0,3278.0,3185.0,3600.0,4095.0,2282.0,2693.0,2379.0,11.99,8.08,3.44,0.09,1.05,1.26,0.0,z
3045.0,3271.0,3196.0,3598.0,4095.0,2283.0,2697.0,2397.0,11.32,8.17,1.99,-0.69,-0.87,-0.44,0.0,z
3052.0,3267.0,3205.0,3601.0,4095.0,2271.0,2705.0,2370.0,7.2,6.93,10.09,-1.74,-2.05,-1.61,0.0,z
3047.0,3248.0,3205.0,3583.0,4095.0,2277.0,2717.0,2395.0,-3.36,8.37,13.92,-0.68,-1.34,-1.03,0.0,z
3047.0,3250.0,3202.0,3600.0,4095.0,2282.0,2715.0,2401.0,1.28,8.81,10.74,-0.25,-0.26,-0.24,0.0,z
3051.0,3257.0,3214.0,3603.0,4095.0,2291.0,2724.0,2403.0,2.91,8.45,9.13,0.14,0.09,-0.12,0.0,z
3050.0,3265.0,3216.0,3603.0,4095.0,2283.0,2715.0,2407.0,3.11,8.46,8.41,0.12,0.05,-0.17,0.0,z
3042.0,3265.0,3213.0,3621.0,4095.0,2287.0,2718.0,2397.0,3.08,8.43,8.47,0.08,0.0,-0.11,0.0,z
3042.0,3255.0,3222.0,3604.0,4095.0,2293.0,2723.0,2403.0,3.07,8.46,8.69,0.14,0.01,-0.15,0.0,z
3031.0,3248.0,3229.0,3611.0,4073.0,2288.0,2718.0,2399.0,3.16,8.37,8.28,0.08,-0.09,-0.11,0.0,z
3040.0,3248.0,3248.0,3617.0,4095.0,2301.0,2721.0,2406.0,3.29,8.77,7.87,-0.08,-0.09,-0.07,0.0,z
3047.0,3255.0,3231.0,3627.0,4095.0,2288.0,2720.0,2384.0,3.69,8.41,8.46,0.06,0.04,-0.1,0.0,z
3053.0,3263.0,3246.0,3614.0,4095.0,2288.0,2736.0,2411.0,3.21,8.46,8.51,-0.01,-0.05,-0.1,0.0,z
3056.0,3262.0,3327.0,3650.0,4095.0,2310.0,2727.0,2420.0,2.98,9.34,6.41,0.05,-0.0,-0.1,0.0,z
3043.0,3269.0,3338.0,3610.0,4095.0,2273.0,2723.0,2421.0,6.62,8.1,5.01,-0.13,-0.17,-0.05,0.0,z
3042.0,3263.0,3369.0,3601.0,4095.0,2298.0,2717.0,2384.0,9.9,7.38,4.71,-0.6,-1.2,-0.76,0.0,z
3056.0,3270.0,3339.0,3625.0,4095.0,2298.0,2733.0,2400.0,-1.94,7.7,10.38,-0.97,-1.27,-1.69,0.0,z
3042.0,3264.0,3301.0,3578.0,4095.0,2288.0,2717.0,2384.0,-8.45,7.67,12.92,0.27,-0.33,0.02,0.0,z
3055.0,3262.0,3325.0,3613.0,4095.0,2287.0,2718.0,2396.0,-4.33,7.82,9.13,0.16,0.97,1.14,0.0,z
3061.0,3273.0,3226.0,3617.0,4095.0,2299.0,2722.0,2377.0,5.82,9.87,5.29,-0.29,1.3,1.48,0.0,z
3056.0,3275.0,3150.0,3597.0,4095.0,2293.0,2717.0,2352.0,19.28,7.28,5.95,0.22,0.26,0.99,0.0,z
3063.0,3264.0,3216.0,3607.0,4095.0,2287.0,2711.0,2368.0,12.2,5.55,3.91,-1.1,-2.21,-1.75,0.0,z
3049.0,3280.0,3364.0,3611.0,4095.0,2281.0,2712.0,2373.0,-1.76,6.41,15.61,-0.97,-0.92,-1.85,0.0,z
3056.0,3257.0,3743.0,3552.0,4095.0,2261.0,2685.0,2313.0,-0.64,9.09,10.51,-0.05,-0.99,-0.22,0.0,z
3038.0,3235.0,3742.0,3583.0,4095.0,2273.0,2694.0,2345.0,2.69,9.18,9.29,0.05,-0.25,-0.12,0.0,z
3057.0,3248.0,3733.0,3583.0,4095.0,2272.0,2709.0,2357.0,3.26,8.15,8.11,0.08,0.01,-0.14,0.0,z
3037.0,3233.0,3728.0,3600.0,4095.0,2268.0,2706.0,2359.0,3.08,8.6,8.04,-0.0,-0.07,-0.13,0.0,z
3043.0,3239.0,3727.0,3611.0,4095.0,2270.0,2707.0,2362.0,3.48,8.44,8.27,-0.02,-0.12,-0.08,0.0,z
3060.0,3244.0,3737.0,3607.0,4095.0,2274.0,2708.0,2357.0,3.53,8.4,8.6,-0.01,-0.04,-0.17,0.0,z
3056.0,3250.0,3699.0,3616.0,4095.0,2279.0,2717.0,2367.0,3.26,8.32,8.57,-0.01,-0.06,-0.17,0.0,z
3045.0,3248.0,3719.0,3615.0,4095.0,2265.0,2719.0,2360.0,3.74,8.38,8.37,0.02,-0.03,-0.1,0.0,z
3051.0,3249.0,3723.0,3632.0,4095.0,2267.0,2720.0,2352.0,3.76,8.31,8.41,-0.01,-0.07,-0.1,0.0,z
3056.0,3248.0,3741.0,3618.0,4095.0,2279.0,2715.0,2341.0,3.68,8.36,8.74,-0.03,-0.07,-0.14,0.0,z
3058.0,3257.0,3703.0,3629.0,4095.0,2297.0,2736.0,2397.0,2.45,9.24,7.02,0.07,0.02,-0.08,0.0,z
3047.0,3254.0,3710.0,3600.0,4095.0,2298.0,2732.0,2391.0,8.62,7.78,5.51,-0.22,-0.34,0.15,0.0,z
3056.0,3249.0,3758.0,3616.0,4095.0,2288.0,2732.0,2384.0,7.41,7.12,7.05,-0.28,-1.48,-1.53,0.0,z
3045.0,3262.0,3687.0,3583.0,4095.0,2287.0,2736.0,2375.0,-6.03,7.08,11.64,-0.6,-1.32,-1.33,0.0,z
3051.0,3249.0,3646.0,3600.0,4095.0,2288.0,2719.0,2390.0,-10.41,9.06,13.17,0.34,0.29,0.44,0.0,z
3047.0,3248.0,3646.0,3606.0,4095.0,2289.0,2734.0,2387.0,-0.43,7.94,8.75,0.76,1.75,1.72,0.0,z
3060.0,3249.0,3570.0,3600.0,4067.0,2291.0,2750.0,2395.0,11.74,6.91,5.06,0.0,0.86,1.91,0.0,z
3056.0,3241.0,3580.0,3607.0,4095.0,2315.0,2721.0,2400.0,16.78,6.84,1.29,-0.56,-0.77,-0.14,0.0,z
3069.0,3249.0,3533.0,3612.0,4095.0,2263.0,2724.0,2390.0,7.84,6.12,9.87,-2.34,-2.43,-2.13,0.0,z
3056.0,3245.0,3503.0,3582.0,4095.0,2299.0,2741.0,2402.0,-3.92,9.23,14.63,-0.22,-1.09,-0.56,0.0,z
3059.0,3241.0,3536.0,3600.0,4095.0,2306.0,2736.0,2400.0,1.47,8.69,9.2,-0.02,-0.1,-0.09,0.0,z
3059.0,3238.0,3531.0,3613.0,4095.0,2317.0,2732.0,2409.0,3.7,8.58,8.2,-0.0,-0.02,-0.09,0.0,z
3039.0,3247.0,3555.0,3600.0,4095.0,2297.0,2747.0,2397.0,3.5,8.43,8.54,-0.09,-0.09,-0.25,0.0,z
3056.0,3259.0,3562.0,3638.0,4095.0,2304.0,2741.0,2400.0,3.27,8.37,8.91,-0.05,0.01,-0.26,0.0,z
3047.0,3225.0,3567.0,3605.0,4095.0,2303.0,2741.0,2406.0,3.57,8.38,8.3,-0.01,-0.12,-0.16,0.0,z
3051.0,3231.0,3562.0,3600.0,4095.0,2303.0,2736.0,2411.0,3.26,8.14,8.98,-0.04,0.03,-0.19,0.0,z
3053.0,3226.0,3566.0,3610.0,4095.0,2311.0,2741.0,2409.0,3.53,8.18,9.17,-0.02,0.02,-0.11,0.0,z
3056.0,3235.0,3573.0,3602.0,4095.0,2304.0,2733.0,2410.0,3.65,8.08,9.02,0.04,-0.09,-0.11,0.0,z
3030.0,3242.0,3566.0,3607.0,4095.0,2299.0,2743.0,2411.0,3.34,8.09,8.94,-0.02,-0.03,-0.12,0.0,z
3059.0,3247.0,3571.0,3598.0,4095.0,2310.0,2733.0,2406.0,3.71,8.07,8.93,0.0,-0.07,-0.09,0.0,z
3043.0,3229.0,3579.0,3622.0,4080.0,2288.0,2731.0,2405.0,2.1,9.26,5.93,-0.17,-0.04,0.03,0.0,z
3053.0,3215.0,3599.0,3634.0,4095.0,2295.0,2730.0,2387.0,9.07,6.96,5.03,-0.18,-0.17,0.27,0.0,z
3045.0,3242.0,3567.0,3629.0,4095.0,2289.0,2720.0,2405.0,8.8,6.52,5.13,-0.75,-0.93,-1.41,0.0,z
3052.0,3240.0,3460.0,3211.0,4095.0,2273.0,2707.0,2397.0,-6.7,7.77,13.38,-0.73,-0.99,-1.46,0.0,z
3051.0,3220.0,3450.0,3202.0,4095.0,2282.0,2709.0,2391.0,-8.72,9.58,12.71,0.47,0.03,1.08,0.0,z
3038.0,3234.0,3435.0,3205.0,4095.0,2284.0,2706.0,2395.0,1.58,8.93,7.27,0.57,1.98,0.88,0.0,z
3053.0,3242.0,3348.0,3580.0,4095.0,2288.0,2687.0,2393.0,9.4,8.82,5.23,-0.05,1.21,1.02,0.0,z
3043.0,3223.0,3350.0,3633.0,4095.0,2290.0,2697.0,2400.0,16.72,7.75,1.81,-0.48,-1.04,-0.24,0.0,z
3034.0,3216.0,3312.0,3601.0,4095.0,2294.0,2715.0,2416.0,5.09,5.23,11.41,-2.01,-2.35,-2.6,0.0,z
3053.0,3236.0,3325.0,3609.0,4095.0,2295.0,2708.0,2421.0,-3.04,9.47,14.16,-0.68,-1.29,-0.67,0.0,z
3051.0,3215.0,3345.0,3602.0,4095.0,2251.0,2726.0,2416.0,1.12,8.83,10.48,0.02,0.16,-0.41,0.0,z
3042.0,3213.0,3353.0,3605.0,4095.0,2303.0,2722.0,2419.0,2.38,8.22,8.8,0.13,0.24,-0.12,0.0,z
3037.0,3216.0,3364.0,3601.0,4095.0,2298.0,2727.0,2422.0,2.61,8.66,8.4,0.09,0.08,-0.09,0.0,z
3042.0,3220.0,3345.0,3575.0,4095.0,2298.0,2721.0,2421.0,2.36,8.4,8.46,0.18,0.21,-0.07,0.0,z
3051.0,3211.0,3376.0,3602.0,4095.0,2294.0,2723.0,2427.0,3.09,8.43,8.8,-0.06,-0.02,-0.1,0.0,z
3045.0,3223.0,3376.0,3629.0,4095.0,2302.0,2729.0,2427.0,2.73,8.52,8.94,0.05,-0.01,-0.15,0.0,z
3047.0,3216.0,3376.0,3607.0,4095.0,2307.0,2719.0,2426.0,3.0,8.49,8.94,0.04,-0.06,-0.06,0.0,z
3041.0,3211.0,3386.0,3611.0,4095.0,2306.0,2701.0,2432.0,3.12,8.46,8.7,0.04,-0.07,-0.12,0.0,z
3054.0,3220.0,3395.0,3604.0,4095.0,2304.0,2730.0,2436.0,3.12,8.57,8.78,0.04,-0.04,-0.16,0.0,z
3047.0,3221.0,3376.0,3618.0,4095.0,2307.0,2720.0,2429.0,2.91,8.28,8.72,0.02,-0.03,-0.19,0.0,z
3051.0,3783.0,2579.0,3551.0,3821.0,2513.0,2416.0,2087.0,1.82,9.71,6.11,-0.01,0.01,-0.12,0.0,z
3033.0,3776.0,2581.0,3559.0,3821.0,2507.0,2417.0,2093.0,2.05,9.67,5.55,0.04,-0.01,-0.05,0.0,z
3045.0,3785.0,2592.0,3556.0,3829.0,2522.0,2419.0,2094.0,7.73,8.09,3.5,-0.43,-0.82,0.0,0.0,z
3047.0,3792.0,2531.0,3562.0,3840.0,2522.0,2439.0,2093.0,8.82,6.66,5.54,-1.18,-1.96,-1.18,0.0,z
3043.0,3828.0,2530.0,3548.0,3862.0,2531.0,2446.0,2114.0,-8.06,8.96,13.46,-1.06,-1.44,-1.23,0.0,z
3050.0,3844.0,2495.0,3522.0,3856.0,2550.0,2453.0,2106.0,-8.03,6.91,13.89,-0.05,0.13,0.52,0.0,z
3035.0,3839.0,2459.0,3537.0,3838.0,2530.0,2448.0,2105.0,-1.39,6.67,10.31,0.8,2.3,1.09,0.0,z
3037.0,3859.0,2432.0,3536.0,3830.0,2522.0,2453.0,2128.0,8.95,8.74,8.15,0.05,2.66,1.62,0.0,z
3038.0,3853.0,2449.0,3555.0,3846.0,2516.0,2466.0,2113.0,15.95,8.26,4.21,-0.74,0.03,1.11,0.0,z
3056.0,3872.0,2430.0,3532.0,3846.0,2534.0,2466.0,2112.0,12.38,5.3,7.46,-1.81,-3.14,-2.87,0.0,z
3047.0,3893.0,2480.0,3546.0,3841.0,2544.0,2476.0,2110.0,-4.97,7.14,16.49,-1.01,-1.76,-2.05,0.0,z
3047.0,3875.0,2483.0,3542.0,3844.0,2544.0,2471.0,2108.0,-0.13,6.7,11.81,0.19,-0.6,-0.03,0.0,z
3039.0,3859.0,2513.0,3553.0,3829.0,2538.0,2479.0,2137.0,1.63,8.25,10.73,-0.03,0.09,-0.09,0.0,z
3041.0,3821.0,2526.0,3568.0,3844.0,2518.0,2482.0,2129.0,3.46,7.83,9.34,0.07,0.02,-0.14,0.0,z
3034.0,3835.0,2538.0,3553.0,3867.0,2551.0,2481.0,2128.0,2.59,8.14,9.74,0.0,0.07,-0.15,0.0,z
3042.0,3818.0,2526.0,3557.0,3844.0,2549.0,2480.0,2127.0,2.7,8.1,9.68,0.14,-0.04,-0.25,0.0,z
3047.0,3817.0,2535.0,3523.0,3838.0,2559.0,2487.0,2144.0,2.75,7.78,9.69,0.04,-0.01,-0.17,0.0,z
3031.0,3792.0,2544.0,3553.0,3857.0,2543.0,2493.0,2151.0,2.54,8.0,9.62,0.04,-0.01,-0.14,0.0,z
3046.0,3805.0,2539.0,3561.0,3862.0,2579.0,2489.0,2150.0,2.74,7.98,9.79,0.02,0.03,-0.08,0.0,z
3039.0,3786.0,2542.0,3556.0,3860.0,2558.0,2495.0,2149.0,2.99,7.96,9.66,0.01,-0.0,-0.11,0.0,z
3041.0,3881.0,2644.0,3535.0,3987.0,2592.0,2529.0,2193.0,1.87,9.56,6.9,0.05,0.12,-0.18,0.0,z
3043.0,3903.0,2642.0,3524.0,3977.0,2587.0,2525.0,2192.0,2.8,9.03,6.29,0.01,0.1,-0.24,0.0,z
3050.0,3856.0,2658.0,3516.0,3977.0,2587.0,2529.0,2192.0,11.89,7.82,5.91,-0.13,-0.54,0.01,0.0,z
3056.0,3882.0,2685.0,3537.0,4005.0,2582.0,2520.0,2192.0,2.34,8.61,7.31,-0.13,-1.02,-1.62,0.0,z
3047.0,3888.0,2704.0,3537.0,4045.0,2589.0,2530.0,2167.0,-5.81,7.59,9.83,-0.2,-1.17,-1.38,0.0,z
3039.0,3885.0,2734.0,3541.0,4015.0,2595.0,2533.0,2166.0,-13.45,9.53,11.67,0.73,0.58,0.04,0.0,z
3045.0,3883.0,2725.0,3568.0,4020.0,2605.0,2535.0,2190.0,-2.77,5.67,8.28,0.81,1.82,1.72,0.0,z
3053.0,3869.0,2672.0,3541.0,4035.0,2609.0,2531.0,2192.0,7.33,6.2,5.52,0.37,2.28,1.87,0.0,z
3031.0,3807.0,2660.0,3543.0,4035.0,2583.0,2542.0,2185.0,18.56,5.95,4.86,-0.44,0.25,1.31,0.0,z
3042.0,3809.0,2645.0,3582.0,4026.0,2600.0,2529.0,2181.0,12.43,5.12,4.58,-1.34,-1.99,-2.01,0.0,z
3040.0,3836.0,2642.0,3513.0,4059.0,2601.0,2535.0,2158.0,-5.3,9.67,13.81,-1.13,-1.55,-2.14,0.0,z
3052.0,3818.0,2649.0,3535.0,3984.0,2607.0,2544.0,2207.0,-1.22,9.95,10.66,-0.23,-0.78,-0.22,0.0,z
3046.0,3794.0,2644.0,3543.0,4010.0,2614.0,2549.0,2208.0,1.49,9.36,8.78,0.09,0.26,-0.25,0.0,z
3053.0,3799.0,2645.0,3561.0,4002.0,2608.0,2544.0,2205.0,3.13,9.18,8.02,0.09,0.18,-0.17,0.0,z
3042.0,3790.0,2647.0,3567.0,4005.0,2608.0,2547.0,2223.0,2.79,9.16,7.53,0.16,0.06,-0.18,0.0,z
3041.0,3764.0,2640.0,3558.0,4025.0,2608.0,2548.0,2209.0,2.19,8.99,7.42,0.02,-0.04,-0.23,0.0,z
3041.0,3781.0,2651.0,3552.0,4014.0,2609.0,2551.0,2218.0,2.28,9.07,7.96,0.03,-0.03,-0.2,0.0,z
3031.0,3777.0,2651.0,3563.0,3996.0,2583.0,2544.0,2221.0,2.15,8.96,7.5,0.08,-0.12,-0.22,0.0,z
3031.0,3789.0,2647.0,3568.0,4032.0,2587.0,2551.0,2217.0,2.17,9.12,7.86,0.02,-0.06,-0.14,0.0,z
3043.0,3792.0,2647.0,3570.0,4004.0,2593.0,2547.0,2217.0,2.17,9.14,7.5,-0.04,-0.06,-0.1,0.0,z
3051.0,3797.0,2674.0,3606.0,4007.0,2607.0,2559.0,2229.0,1.7,9.44,5.23,-0.19,0.1,-0.06,0.0,z
3045.0,3762.0,2672.0,3563.0,4026.0,2608.0,2554.0,2218.0,13.21,5.9,4.71,-0.49,-0.6,-0.32,0.0,z
3040.0,3763.0,2697.0,3617.0,4095.0,2598.0,2559.0,2225.0,4.2,8.85,7.33,-0.56,-1.74,-1.44,0.0,z
3047.0,3783.0,2718.0,3573.0,4095.0,2608.0,2559.0,2229.0,-9.94,8.53,10.8,-0.52,-0.9,-1.08,0.0,z
3040.0,3772.0,2711.0,3568.0,4095.0,2610.0,2559.0,2218.0,-8.6,6.7,11.54,-0.09,0.6,0.59,0.0,z
3049.0,3782.0,2683.0,3600.0,4095.0,2613.0,2559.0,2225.0,-1.55,8.49,8.93,-0.01,2.37,1.78,0.0,z
3056.0,3805.0,2643.0,3601.0,4095.0,2615.0,2559.0,2227.0,13.31,8.08,8.65,-0.21,1.75,1.97,0.0,z
3039.0,3770.0,2635.0,3568.0,4095.0,2599.0,2559.0,2215.0,17.58,6.87,4.66,-0.26,-0.72,-0.58,0.0,z
3042.0,3783.0,2599.0,3574.0,4095.0,2611.0,2559.0,2224.0,9.84,6.82,10.24,-0.96,-2.93,-2.62,0.0,z
3033.0,3783.0,2625.0,3553.0,4091.0,2622.0,2558.0,2222.0,-7.26,7.25,12.75,-0.3,-1.75,-2.0,0.0,z
3033.0,3771.0,2665.0,3562.0,4095.0,2622.0,2559.0,2235.0,-2.13,9.17,10.73,-0.12,-0.49,-0.27,0.0,z
3031.0,3770.0,2659.0,3582.0,4081.0,2624.0,2559.0,2239.0,1.21,9.55,8.11,0.07,0.11,-0.33,0.0,z
3045.0,3762.0,2663.0,3601.0,4086.0,2631.0,2585.0,2231.0,1.34,8.45,8.15,0.15,0.12,-0.19,0.0,z
3039.0,3765.0,2679.0,3607.0,4071.0,2594.0,2559.0,2230.0,1.9,8.83,8.55,0.01,-0.04,-0.1,0.0,z
3041.0,3766.0,2667.0,3619.0,4082.0,2619.0,2551.0,2226.0,2.04,8.89,8.64,0.04,-0.15,-0.08,0.0,z
3037.0,3733.0,2672.0,3606.0,4095.0,2623.0,2559.0,2227.0,1.76,8.76,8.38,0.02,-0.08,-0.18,0.0,z
3029.0,3734.0,2678.0,3612.0,4094.0,2618.0,2559.0,2234.0,1.87,8.68,8.37,0.01,-0.05,-0.11,0.0,z
3033.0,3752.0,2679.0,3604.0,4086.0,2629.0,2559.0,2240.0,1.91,8.93,8.08,-0.07,0.03,-0.18,0.0,z
3043.0,3717.0,2685.0,3611.0,4054.0,2623.0,2559.0,2239.0,1.71,8.97,8.61,0.04,-0.02,-0.19,0.0,z
3043.0,3721.0,2679.0,3611.0,4095.0,2624.0,2559.0,2238.0,1.71,8.98,8.31,-0.04,-0.01,-0.12,0.0,z
3043.0,3648.0,2736.0,3583.0,4095.0,2624.0,2583.0,2239.0,2.98,9.33,5.54,-0.01,0.03,-0.14,0.0,z
3037.0,3632.0,2724.0,3617.0,4095.0,2621.0,2590.0,2256.0,10.3,7.01,4.4,-0.4,-0.69,-0.26,0.0,z
3043.0,3651.0,2736.0,3618.0,4095.0,2627.0,2597.0,2266.0,3.07,8.15,7.61,-0.5,-1.53,-1.86,0.0,z
3037.0,3669.0,2741.0,3616.0,4095.0,2628.0,2593.0,2269.0,-4.65,9.11,9.15,-0.47,-1.23,-1.12,0.0,z
3031.0,3677.0,2751.0,3569.0,4095.0,2631.0,2597.0,2256.0,-9.29,9.03,11.4,-0.03,-0.0,0.53,0.0,z
3041.0,3699.0,2718.0,3583.0,4095.0,2642.0,2602.0,2268.0,-2.57,6.81,9.67,0.45,1.78,1.1,0.0,z
3051.0,3681.0,2685.0,3548.0,4095.0,2636.0,2583.0,2249.0,3.78,10.32,5.73,-0.15,2.18,1.48,0.0,z
3056.0,3703.0,2670.0,3575.0,4095.0,2639.0,2585.0,2224.0,17.56,8.05,5.74,0.28,0.37,0.58,0.0,z
3039.0,3698.0,2681.0,3564.0,4095.0,2635.0,2578.0,2223.0,11.12,7.31,4.11,-1.08,-2.56,-1.87,0.0,z
3054.0,3711.0,2676.0,3533.0,4095.0,2641.0,2588.0,2253.0,-4.29,8.7,13.06,-0.99,-2.26,-1.69,0.0,z
3042.0,3704.0,2689.0,3550.0,4089.0,2658.0,2590.0,2251.0,-2.04,9.9,10.33,-0.11,-1.12,-0.23,0.0,z
3037.0,3712.0,2679.0,3548.0,4095.0,2647.0,2602.0,2260.0,1.56,9.23,8.15,-0.01,-0.19,-0.12,0.0,z
3036.0,3682.0,2688.0,3575.0,4095.0,2641.0,2593.0,2259.0,1.43,9.17,7.72,-0.04,-0.03,-0.19,0.0,z
3043.0,3690.0,2685.0,3571.0,4095.0,2661.0,2591.0,2256.0,2.16,9.2,7.74,-0.04,-0.05,-0.1,0.0,z
3034.0,3678.0,2695.0,3583.0,4095.0,2642.0,2594.0,2269.0,2.12,9.11,7.65,-0.03,-0.16,-0.22,0.0,z
3027.0,3690.0,2683.0,3581.0,4095.0,2646.0,2607.0,2270.0,1.81,9.23,7.73,-0.04,-0.13,-0.13,0.0,z
3039.0,3669.0,2704.0,3600.0,4095.0,2657.0,2603.0,2265.0,1.87,9.04,8.06,0.05,-0.0,-0.22,0.0,z
3041.0,3696.0,2706.0,3583.0,4095.0,2652.0,2603.0,2263.0,2.06,9.09,7.68,0.04,-0.05,-0.11,0.0,z
3026.0,3677.0,2704.0,3600.0,4095.0,2642.0,2598.0,2268.0,2.19,9.17,7.6,0.04,-0.02,-0.12,0.0,z
3039.0,3686.0,2706.0,3602.0,4095.0,2653.0,2595.0,2267.0,2.09,9.25,7.58,-0.01,-0.05,-0.11,0.0,z
3056.0,3659.0,2752.0,3634.0,4095.0,2647.0,2613.0,2293.0,2.37,9.55,6.35,-0.03,-0.06,-0.09,0.0,z
3055.0,3683.0,2743.0,3635.0,4095.0,2651.0,2592.0,2291.0,2.84,9.36,6.13,0.03,-0.01,-0.04,0.0,z
3053.0,3659.0,2750.0,3607.0,4095.0,2652.0,2608.0,2320.0,10.28,7.46,4.62,-0.16,-0.4,-0.02,0.0,z
3041.0,3671.0,2755.0,3601.0,4095.0,2655.0,2617.0,2262.0,8.71,7.13,5.56,-0.55,-1.56,-1.65,0.0,z
3042.0,3679.0,2775.0,3610.0,4095.0,2657.0,2608.0,2273.0,-6.27,7.81,10.93,-0.77,-1.08,-2.05,0.0,z
3027.0,3707.0,2784.0,3575.0,4095.0,2656.0,2609.0,2252.0,-11.52,8.17,13.65,0.19,-0.13,0.51,0.0,z
3035.0,3694.0,2783.0,3601.0,4095.0,2654.0,2621.0,2269.0,-1.93,6.74,10.36,0.84,1.59,1.7,0.0,z
3056.0,3701.0,2752.0,3667.0,4095.0,2657.0,2609.0,2287.0,9.15,8.31,5.64,0.75,1.77,2.15,0.0,z
3041.0,3659.0,2747.0,3613.0,4095.0,2653.0,2619.0,2284.0,19.15,5.76,0.45,-0.05,-0.13,0.25,0.0,z
3052.0,3663.0,2747.0,3601.0,4095.0,2642.0,2610.0,2256.0,10.63,5.3,4.7,-1.84,-2.65,-2.28,0.0,z
3030.0,3694.0,2724.0,3595.0,4095.0,2679.0,2603.0,2273.0,-5.04,8.71,16.17,-1.34,-1.55,-1.84,0.0,z
3040.0,3702.0,2736.0,3615.0,4095.0,2670.0,2619.0,2280.0,-2.19,9.24,10.32,-0.03,-0.54,-0.32,0.0,z
3031.0,3664.0,2726.0,3621.0,4095.0,2657.0,2611.0,2274.0,1.54,8.74,9.13,0.1,0.01,0.02,0.0,z
3049.0,3675.0,2745.0,3614.0,4095.0,2663.0,2617.0,2281.0,3.3,8.83,8.31,0.05,-0.02,-0.1,0.0,z
3037.0,3679.0,2738.0,3620.0,4095.0,2667.0,2614.0,2278.0,2.73,8.88,8.15,0.04,-0.06,-0.17,0.0,z
3048.0,3662.0,2750.0,3632.0,4095.0,2666.0,2624.0,2275.0,2.44,8.81,8.27,-0.03,-0.06,-0.17,0.0,z
3035.0,3655.0,2741.0,3635.0,4095.0,2667.0,2613.0,2283.0,2.43,8.67,8.32,-0.01,-0.06,-0.19,0.0,z
3040.0,3665.0,2757.0,3637.0,4095.0,2659.0,2619.0,2283.0,2.15,8.71,8.11,-0.08,0.01,-0.16,0.0,z
3037.0,3653.0,2754.0,3635.0,4095.0,2646.0,2621.0,2279.0,2.54,8.65,8.8,0.02,0.04,-0.1,0.0,z
3034.0,3669.0,2743.0,3632.0,4095.0,2658.0,2621.0,2288.0,2.77,8.71,8.48,0.02,-0.02,-0.09,0.0,z
3035.0,3647.0,2832.0,3623.0,4095.0,2638.0,2624.0,2272.0,2.34,9.8,6.15,-0.0,-0.02,-0.12,0.0,z
3038.0,3652.0,2827.0,3620.0,4095.0,2641.0,2620.0,2282.0,2.57,9.39,6.15,0.13,0.09,-0.11,0.0,z
3045.0,3637.0,2826.0,3615.0,4095.0,2640.0,2619.0,2278.0,10.59,7.22,3.65,-0.21,-0.48,-0.04,0.0,z
3046.0,3638.0,2831.0,3650.0,4095.0,2638.0,2618.0,2288.0,5.7,7.77,5.64,-0.54,-1.51,-1.72,0.0,z
3036.0,3685.0,2847.0,3638.0,4095.0,2641.0,2618.0,2279.0,-8.6,8.65,11.19,-0.63,-0.61,-1.22,0.0,z
3037.0,3687.0,2844.0,3632.0,4095.0,2652.0,2623.0,2288.0,-7.92,8.34,12.71,0.23,0.2,0.9,0.0,z
3037.0,3686.0,2814.0,3637.0,4095.0,2634.0,2619.0,2287.0,0.53,8.45,7.7,0.79,2.52,1.43,0.0,z
3056.0,3687.0,2828.0,3630.0,4095.0,2640.0,2619.0,2288.0,11.6,7.38,6.53,0.21,1.31,1.85,0.0,z
3037.0,3680.0,2811.0,3626.0,4095.0,2641.0,2624.0,2293.0,15.61,6.63,2.18,-0.27,-0.65,-0.29,0.0,z
3045.0,3698.0,2762.0,3605.0,4095.0,2657.0,2618.0,2278.0,9.87,5.35,8.25,-1.29,-1.59,-2.56,0.0,z
3031.0,3713.0,2781.0,3622.0,4095.0,2654.0,2622.0,2297.0,-5.45,10.36,12.32,-0.7,-2.05,-0.92,0.0,z
3037.0,3696.0,2786.0,3611.0,4095.0,2668.0,2622.0,2290.0,-0.37,9.53,8.47,-0.13,-0.67,-0.14,0.0,z
3041.0,3683.0,2774.0,3629.0,4095.0,2657.0,2618.0,2302.0,2.38,9.35,8.39,-0.08,-0.2,-0.11,0.0,z
3034.0,3671.0,2782.0,3631.0,4095.0,2658.0,2613.0,2297.0,2.28,8.91,8.03,0.04,-0.18,-0.23,0.0,z
3034.0,3664.0,2791.0,3632.0,4095.0,2694.0,2614.0,2291.0,2.15,9.24,7.42,-0.08,-0.09,-0.18,0.0,z
3031.0,3643.0,2786.0,3623.0,4095.0,2663.0,2618.0,2293.0,2.12,8.97,7.93,-0.05,-0.07,-0.14,0.0,z
3041.0,3649.0,2799.0,3645.0,4095.0,2663.0,2626.0,2288.0,2.4,9.11,8.15,-0.03,0.0,-0.08,0.0,z
3047.0,3641.0,2795.0,3639.0,4095.0,2672.0,2614.0,2288.0,2.28,9.02,7.96,0.04,0.02,-0.13,0.0,z
3026.0,3648.0,2781.0,3636.0,4095.0,2658.0,2619.0,2299.0,2.56,9.02,7.82,0.03,0.0,-0.11,0.0,z
3030.0,3661.0,2779.0,3642.0,4095.0,2665.0,2622.0,2289.0,2.58,8.98,7.68,0.04,-0.02,-0.12,0.0,z
3039.0,3619.0,2762.0,3623.0,4095.0,2674.0,2635.0,2294.0,2.42,9.61,6.06,-0.04,0.01,-0.12,0.0,z
3043.0,3632.0,2768.0,3617.0,4095.0,2672.0,2634.0,2289.0,2.43,9.75,5.82,-0.02,-0.02,-0.12,0.0,z
3037.0,3619.0,2768.0,3569.0,4095.0,2670.0,2638.0,2307.0,6.9,7.77,4.8,-0.23,-0.14,-0.21,0.0,z
3035.0,3602.0,2754.0,3608.0,4095.0,2674.0,2637.0,2300.0,7.89,6.27,5.56,-0.83,-1.29,-1.88,0.0,z
3053.0,3632.0,2787.0,3598.0,4095.0,2634.0,2634.0,2291.0,-6.89,9.04,11.17,-0.43,-0.95,-1.65,0.0,z
3047.0,3643.0,2789.0,3583.0,4095.0,2685.0,2640.0,2287.0,-9.5,8.5,12.92,0.27,-0.19,0.72,0.0,z
3043.0,3634.0,2789.0,3631.0,4095.0,2671.0,2641.0,2298.0,-2.94,8.23,9.61,1.05,1.48,1.2,0.0,z
3044.0,3631.0,2761.0,3616.0,4095.0,2672.0,2643.0,2319.0,5.6,8.3,3.26,0.32,2.08,1.87,0.0,z
3037.0,3637.0,2699.0,3599.0,4095.0,2672.0,2634.0,2315.0,16.06,6.89,4.28,-0.37,0.37,0.55,0.0,z
3038.0,3627.0,2706.0,3600.0,4095.0,2666.0,2630.0,2311.0,12.13,5.84,5.13,-1.36,-2.11,-1.77,0.0,z
3044.0,3660.0,2713.0,3574.0,4095.0,2681.0,2626.0,2317.0,-3.23,8.27,14.53,-1.4,-2.29,-2.15,0.0,z
3031.0,3663.0,2723.0,3583.0,4095.0,2666.0,2631.0,2320.0,-2.8,9.44,12.03,-0.24,-1.11,-0.48,0.0,z
3033.0,3653.0,2736.0,3600.0,4095.0,2673.0,2630.0,2322.0,0.77,8.68,9.95,-0.0,0.04,-0.28,0.0,z
3043.0,3629.0,2757.0,3614.0,4095.0,2678.0,2634.0,2320.0,2.02,8.91,8.99,0.12,0.15,-0.07,0.0,z
3041.0,3643.0,2738.0,3610.0,4095.0,2671.0,2638.0,2323.0,2.26,8.69,7.93,0.16,0.03,-0.06,0.0,z
3040.0,3626.0,2753.0,3610.0,4095.0,2668.0,2635.0,2325.0,2.51,8.87,8.19,-0.01,-0.02,-0.11,0.0,z
3027.0,3639.0,2755.0,3604.0,4095.0,2672.0,2634.0,2323.0,2.2,8.76,8.26,-0.08,-0.16,-0.17,0.0,z
3043.0,3638.0,2753.0,3616.0,4095.0,2670.0,2635.0,2327.0,1.96,8.67,8.84,-0.01,-0.05,-0.15,0.0,z
3039.0,3647.0,2757.0,3599.0,4095.0,2690.0,2639.0,2320.0,2.09,8.76,8.73,0.1,-0.12,-0.13,0.0,z
3045.0,3643.0,2757.0,3603.0,4095.0,2645.0,2642.0,2321.0,2.36,8.78,8.41,0.06,-0.05,-0.14,0.0,z
3034.0,3653.0,2779.0,3621.0,4095.0,2667.0,2651.0,2338.0,1.77,9.6,6.4,-0.14,0.01,-0.35,0.0,z
3058.0,3648.0,2791.0,3643.0,4095.0,2674.0,2640.0,2337.0,2.8,9.17,6.58,-0.01,0.08,-0.11,0.0,z
3055.0,3648.0,2790.0,3627.0,4095.0,2673.0,2651.0,2341.0,9.48,9.32,3.88,0.03,-0.3,-0.22,0.0,z
3034.0,3643.0,2797.0,3619.0,4095.0,2679.0,2608.0,2327.0,7.56,8.25,5.48,-0.0,-0.68,-1.51,0.0,z
3053.0,3649.0,2800.0,3600.0,4095.0,2678.0,2642.0,2338.0,-2.07,8.26,10.06,-0.44,-1.44,-1.48,0.0,z
3043.0,3670.0,2799.0,3601.0,4095.0,2679.0,2639.0,2352.0,-9.31,8.45,9.96,0.12,-0.71,-0.42,0.0,z
3040.0,3693.0,2779.0,3614.0,4095.0,2693.0,2640.0,2314.0,-4.66,4.77,9.79,-0.08,0.56,0.29,0.0,z
3043.0,3666.0,2768.0,3583.0,4095.0,2655.0,2646.0,2320.0,-1.72,8.28,9.36,0.59,1.72,0.61,0.0,z
3042.0,3681.0,2721.0,3611.0,4095.0,2685.0,2637.0,2335.0,7.1,10.74,4.91,-0.03,2.28,0.88,0.0,z
3056.0,3667.0,2751.0,3611.0,4095.0,2672.0,2633.0,2330.0,9.22,12.19,6.88,-0.32,0.91,0.49,0.0,z
3050.0,3664.0,2789.0,3622.0,4095.0,2695.0,2640.0,2335.0,11.19,9.6,5.01,-0.08,-1.43,-0.55,0.0,z
3031.0,3653.0,2777.0,3610.0,4095.0,2674.0,2621.0,2323.0,6.91,7.55,6.79,-1.13,-2.99,-1.65,0.0,z
3040.0,3683.0,2825.0,3542.0,4095.0,2683.0,2638.0,2322.0,-5.83,8.3,12.08,-0.7,-1.52,-1.68,0.0,z
3034.0,3667.0,2845.0,3563.0,4095.0,2680.0,2637.0,2320.0,-2.18,9.16,11.06,0.03,-0.67,-0.2,0.0,z
3028.0,3644.0,2853.0,3565.0,4095.0,2683.0,2639.0,2317.0,0.51,8.78,8.19,0.1,-0.1,-0.02,0.0,z
3029.0,3647.0,2864.0,3578.0,4095.0,2685.0,2638.0,2320.0,1.7,8.98,7.62,-0.04,-0.11,-0.07,0.0,z
3038.0,3650.0,2863.0,3583.0,4095.0,2683.0,2640.0,2322.0,1.62,8.92,8.59,-0.04,-0.17,-0.11,0.0,z
3035.0,3651.0,2879.0,3583.0,4095.0,2679.0,2640.0,2318.0,1.63,9.04,8.15,-0.01,-0.09,-0.17,0.0,z
3030.0,3639.0,2875.0,3581.0,4095.0,2705.0,2640.0,2319.0,1.75,9.15,7.78,-0.05,-0.08,-0.13,0.0,z
3043.0,3651.0,2889.0,3600.0,4095.0,2684.0,2643.0,2320.0,2.09,8.73,8.65,0.05,-0.1,-0.15,0.0,z
3056.0,3661.0,3043.0,3632.0,4095.0,2653.0,2649.0,2335.0,3.73,9.09,3.49,0.02,0.13,-0.18,0.0,z
3052.0,3649.0,3043.0,3623.0,4095.0,2651.0,2647.0,2330.0,8.94,8.11,2.05,-0.21,-0.36,-0.33,0.0,z
3045.0,3654.0,3030.0,3622.0,4095.0,2655.0,2647.0,2345.0,6.98,7.76,5.22,-0.91,-1.22,-1.41,0.0,z
3034.0,3650.0,3041.0,3621.0,4095.0,2667.0,2652.0,2339.0,-4.88,10.28,9.25,-0.87,-1.27,-0.84,0.0,z
3042.0,3648.0,3024.0,3626.0,4095.0,2663.0,2656.0,2338.0,-7.09,8.34,11.04,-0.13,-0.38,-0.09,0.0,z
3042.0,3639.0,2992.0,3623.0,4095.0,2659.0,2657.0,2321.0,-3.52,5.72,9.85,0.09,1.24,0.79,0.0,z
3050.0,3652.0,2971.0,3629.0,4095.0,2662.0,2654.0,2336.0,2.48,9.25,7.67,0.38,2.18,1.23,0.0,z
3037.0,3632.0,2930.0,3623.0,4095.0,2672.0,2651.0,2341.0,13.14,10.13,3.33,0.46,1.71,0.83,0.0,z
3042.0,3631.0,2928.0,3644.0,4095.0,2668.0,2655.0,2351.0,14.06,9.13,2.25,-0.4,-0.89,-0.29,0.0,z
3038.0,3600.0,2927.0,3635.0,4095.0,2672.0,2640.0,2319.0,8.89,7.41,6.72,-1.06,-3.08,-1.24,0.0,z
3031.0,3583.0,2960.0,3583.0,4095.0,2672.0,2637.0,2316.0,-0.09,7.38,11.86,-1.28,-2.31,-1.69,0.0,z
3042.0,3567.0,2961.0,3583.0,4095.0,2670.0,2641.0,2321.0,-2.26,9.09,12.45,-0.53,-1.01,-0.29,0.0,z
3026.0,3537.0,2984.0,3610.0,4095.0,2663.0,2638.0,2329.0,2.25,9.11,8.65,-0.06,-0.16,-0.12,0.0,z
3024.0,3552.0,2978.0,3606.0,4095.0,2685.0,2640.0,2326.0,2.08,9.14,7.11,0.08,-0.01,-0.02,0.0,z
3033.0,3548.0,2992.0,3615.0,4095.0,2671.0,2638.0,2327.0,2.32,9.11,7.11,0.06,-0.03,0.02,0.0,z
3023.0,3547.0,2999.0,3594.0,4095.0,2672.0,2641.0,2333.0,2.33,9.11,7.14,-0.04,-0.01,-0.16,0.0,z
3045.0,3542.0,3015.0,3622.0,4095.0,2674.0,2637.0,2320.0,2.56,9.28,7.44,-0.0,0.02,-0.1,0.0,z
3024.0,3543.0,3014.0,3632.0,4095.0,2669.0,2642.0,2331.0,2.28,9.04,7.59,0.03,-0.05,-0.14,0.0,z
3027.0,3541.0,3006.0,3602.0,4095.0,2671.0,2640.0,2334.0,2.62,9.18,7.68,-0.01,-0.08,-0.06,0.0,z
3034.0,3537.0,3021.0,3615.0,4095.0,2636.0,2641.0,2334.0,2.43,9.04,7.4,0.01,-0.08,-0.11,0.0,z
3026.0,4095.0,3486.0,3463.0,4095.0,2194.0,2375.0,2064.0,0.87,9.71,5.26,-0.05,0.05,-0.06,0.0,z
3033.0,4095.0,3481.0,3459.0,4095.0,2198.0,2385.0,2068.0,1.23,9.78,5.25,0.01,0.14,0.0,0.0,z
3024.0,4095.0,3479.0,3454.0,4095.0,2197.0,2374.0,2064.0,6.75,9.22,2.13,-0.33,-0.71,0.44,0.0,z
3024.0,4095.0,3489.0,3415.0,4095.0,2175.0,2367.0,2000.0,7.11,4.72,7.78,-1.45,-1.86,-1.38,0.0,z
3028.0,4095.0,3471.0,3435.0,4095.0,2206.0,2403.0,2035.0,-14.35,10.58,17.56,0.06,-0.8,-0.1,0.0,z
3025.0,4095.0,3472.0,3419.0,4095.0,2209.0,2411.0,2064.0,-2.47,5.58,10.42,1.27,1.96,1.11,0.0,z
3023.0,4095.0,3440.0,3505.0,4095.0,2218.0,2399.0,2032.0,8.51,9.8,4.54,-0.27,3.13,1.1,0.0,z
3026.0,4095.0,3367.0,3481.0,4095.0,2203.0,2385.0,2046.0,22.8,8.02,-2.74,-0.83,-1.71,-1.09,0.0,z
3034.0,4095.0,3291.0,3469.0,4075.0,2215.0,2418.0,2061.0,-0.43,6.61,18.91,-2.52,-3.04,-2.53,0.0,z
3021.0,4095.0,3296.0,3477.0,4091.0,2224.0,2441.0,2080.0,-3.71,8.64,13.88,-0.33,-1.09,-0.94,0.0,z
3024.0,4095.0,3327.0,3495.0,4095.0,2235.0,2445.0,2081.0,2.28,8.35,8.4,-0.05,0.14,-0.33,0.0,z
3026.0,4095.0,3322.0,3504.0,4095.0,2233.0,2443.0,2077.0,2.37,8.33,9.3,0.07,-0.14,-0.08,0.0,z
3026.0,4095.0,3314.0,3509.0,4091.0,2231.0,2439.0,2091.0,1.51,8.63,9.11,-0.08,0.05,-0.23,0.0,z
3015.0,4095.0,3325.0,3515.0,4085.0,2238.0,2438.0,2098.0,2.03,8.57,9.27,0.05,0.05,-0.17,0.0,z
3021.0,4095.0,3330.0,3504.0,4095.0,2237.0,2441.0,2096.0,2.07,8.5,8.73,0.03,-0.04,-0.11,0.0,z
3013.0,4095.0,3333.0,3508.0,4095.0,2243.0,2439.0,2098.0,2.16,8.49,9.22,0.0,-0.09,-0.16,0.0,z
3021.0,4095.0,3344.0,3504.0,4083.0,2240.0,2448.0,2098.0,1.85,8.52,9.13,0.01,-0.11,-0.18,0.0,z
3024.0,4095.0,3344.0,3525.0,4087.0,2245.0,2445.0,2099.0,2.36,8.87,9.11,-0.1,-0.15,0.02,0.0,z
3015.0,4095.0,3343.0,3510.0,4095.0,2245.0,2442.0,2101.0,2.16,8.15,8.8,0.05,0.04,-0.28,0.0,z
3024.0,4095.0,3350.0,3515.0,4095.0,2240.0,2446.0,2100.0,2.25,8.59,9.6,0.12,0.09,-0.07,0.0,z
3024.0,4095.0,3410.0,3535.0,4091.0,2250.0,2457.0,2118.0,1.44,9.34,4.23,0.02,0.21,-0.05,0.0,z
3023.0,4095.0,3411.0,3514.0,4095.0,2250.0,2462.0,2112.0,15.62,6.22,2.24,-0.62,-0.55,-0.07,0.0,z
3024.0,4095.0,3406.0,3536.0,4095.0,2251.0,2459.0,2109.0,0.38,4.78,10.57,-1.91,-2.47,-2.65,0.0,z
3025.0,4095.0,3226.0,3558.0,4095.0,2224.0,2415.0,2055.0,-19.67,9.59,21.76,0.31,-0.52,0.35,0.0,z
3021.0,4095.0,3231.0,3581.0,4095.0,2221.0,2447.0,2096.0,0.95,4.36,12.13,1.89,2.16,2.3,0.0,z
3019.0,4095.0,3326.0,3561.0,4095.0,2211.0,2464.0,2087.0,20.22,2.79,0.59,0.4,2.54,2.63,0.0,z
3018.0,4095.0,3363.0,3533.0,4095.0,2234.0,2476.0,2091.0,16.96,5.8,0.73,-2.91,-2.38,-2.61,0.0,z
3020.0,4095.0,3255.0,3535.0,4095.0,2235.0,2517.0,2065.0,-10.04,9.37,20.94,-1.33,-2.19,-2.03,0.0,z
3025.0,4095.0,3303.0,3555.0,4095.0,2251.0,2507.0,2097.0,-0.14,9.7,9.19,0.22,-0.47,-0.28,0.0,z
3022.0,4095.0,3280.0,3551.0,4095.0,2259.0,2511.0,2109.0,1.21,8.96,8.25,-0.04,-0.14,-0.37,0.0,z
3015.0,4095.0,3293.0,3562.0,4095.0,2256.0,2511.0,2113.0,2.05,8.89,8.56,0.02,-0.07,-0.15,0.0,z
3024.0,4095.0,3249.0,3511.0,4095.0,2249.0,2499.0,2096.0,1.72,8.93,8.42,-0.13,-0.08,-0.05,0.0,z
3024.0,4095.0,3244.0,3519.0,4095.0,2256.0,2499.0,2095.0,2.39,8.6,7.77,-0.1,0.03,-0.15,0.0,z
3024.0,4095.0,3254.0,3535.0,4095.0,2260.0,2507.0,2103.0,2.47,9.0,9.14,-0.01,0.01,-0.09,0.0,z
3029.0,4095.0,3274.0,3543.0,4095.0,2263.0,2511.0,2112.0,2.14,8.77,8.52,0.05,0.03,-0.2,0.0,z
3018.0,4095.0,3266.0,3543.0,4095.0,2258.0,2502.0,2105.0,2.2,8.72,8.33,0.01,-0.09,-0.2,0.0,z
3024.0,4095.0,3281.0,3539.0,4095.0,2257.0,2510.0,2112.0,2.24,8.68,8.67,0.01,-0.06,-0.14,0.0,z
3021.0,4095.0,3306.0,3537.0,4095.0,2258.0,2507.0,2107.0,2.09,8.64,8.52,-0.01,-0.03,-0.13,0.0,z
3022.0,4095.0,3307.0,3535.0,4095.0,2262.0,2514.0,2112.0,2.33,8.71,8.68,0.02,0.01,-0.15,0.0,z
3023.0,4095.0,3315.0,3536.0,4095.0,2260.0,2517.0,2108.0,2.27,8.82,8.47,0.03,-0.05,-0.15,0.0,z
3019.0,4095.0,3351.0,3568.0,4095.0,2269.0,2508.0,2144.0,2.37,9.39,4.6,0.01,0.25,-0.04,0.0,z
3021.0,4095.0,3373.0,3557.0,4095.0,2273.0,2501.0,2129.0,11.87,6.73,-0.51,-0.48,-0.57,-0.25,0.0,z
3035.0,4095.0,3376.0,3573.0,4095.0,2266.0,2502.0,2122.0,6.94,6.11,8.14,-1.52,-1.81,-2.32,0.0,z
3021.0,4095.0,3367.0,3441.0,4095.0,2269.0,2459.0,2100.0,-21.16,8.96,19.0,0.7,-0.28,-1.04,0.0,z
3030.0,4095.0,3381.0,3583.0,4095.0,2279.0,2487.0,2128.0,-5.09,4.49,11.16,1.33,1.56,2.44,0.0,z
3031.0,4095.0,3352.0,3570.0,4095.0,2277.0,2507.0,2118.0,12.52,5.69,2.89,-0.08,3.4,2.54,0.0,z
3022.0,4095.0,3344.0,3536.0,4095.0,2288.0,2505.0,2096.0,24.31,7.73,-5.14,-1.6,-0.97,-1.6,0.0,z
3014.0,4095.0,3281.0,3556.0,4095.0,2288.0,2517.0,2129.0,-5.9,7.49,20.08,-2.27,-2.47,-2.76,0.0,z
3023.0,4095.0,3296.0,3562.0,4095.0,2295.0,2522.0,2142.0,-1.8,9.58,10.27,-0.16,-1.13,0.01,0.0,z
3010.0,4095.0,3312.0,3566.0,4095.0,2288.0,2521.0,2146.0,1.72,9.06,7.4,-0.2,-0.08,-0.15,0.0,z
3025.0,4095.0,3307.0,3582.0,4095.0,2298.0,2525.0,2148.0,2.81,8.86,8.28,-0.08,-0.12,0.01,0.0,z
3013.0,4095.0,3299.0,3574.0,4095.0,2293.0,2527.0,2141.0,2.28,8.55,8.62,0.03,-0.07,-0.19,0.0,z
3021.0,4095.0,3308.0,3583.0,4095.0,2288.0,2527.0,2139.0,2.9,9.09,8.49,0.08,-0.11,-0.18,0.0,z
3019.0,4095.0,3303.0,3583.0,4095.0,2290.0,2528.0,2141.0,2.54,8.69,8.18,-0.01,-0.13,-0.25,0.0,z
3019.0,4095.0,3319.0,3583.0,4095.0,2297.0,2527.0,2141.0,2.13,8.77,8.14,0.04,-0.14,-0.2,0.0,z
3015.0,4095.0,3314.0,3583.0,4095.0,2295.0,2529.0,2138.0,2.17,8.94,8.36,0.06,0.02,-0.19,0.0,z
3023.0,4095.0,3321.0,3600.0,4095.0,2295.0,2525.0,2131.0,2.76,9.05,7.64,0.03,-0.01,-0.11,0.0,z
3030.0,4095.0,3312.0,3600.0,4095.0,2298.0,2529.0,2142.0,1.96,8.66,8.28,-0.03,0.0,-0.2,0.0,z
3024.0,4095.0,3328.0,3600.0,4095.0,2293.0,2526.0,2137.0,2.49,9.21,8.33,0.03,0.01,-0.04,0.0,z
3023.0,4095.0,3333.0,3583.0,4095.0,2293.0,2524.0,2143.0,2.31,8.96,7.63,0.04,-0.05,-0.19,0.0,z
3034.0,4095.0,3395.0,3570.0,4095.0,2291.0,2511.0,2176.0,2.08,9.91,5.07,0.03,0.13,-0.1,0.0,z
3024.0,4095.0,3415.0,3558.0,4095.0,2304.0,2514.0,2160.0,11.54,7.04,0.74,0.01,-0.4,0.13,0.0,z
3035.0,4095.0,3430.0,3568.0,4095.0,2288.0,2515.0,2155.0,9.01,5.69,6.09,-1.98,-1.87,-2.4,0.0,z
3024.0,4095.0,3411.0,3574.0,4095.0,2298.0,2514.0,2160.0,-17.86,8.52,20.71,0.3,-1.29,-0.86,0.0,z
3018.0,4095.0,3407.0,3583.0,4095.0,2300.0,2524.0,2166.0,-7.45,5.15,10.94,1.29,1.61,2.02,0.0,z
3015.0,4095.0,3381.0,3548.0,4095.0,2306.0,2525.0,2157.0,12.13,6.62,1.94,-0.37,3.97,2.24,0.0,z
3031.0,4095.0,3358.0,3541.0,4095.0,2303.0,2526.0,2133.0,23.48,11.12,-2.59,-1.35,-1.1,-1.05,0.0,z
3017.0,4095.0,3290.0,3543.0,4095.0,2301.0,2532.0,2141.0,-0.56,5.66,18.79,-2.45,-2.94,-3.38,0.0,z
3013.0,4095.0,3312.0,3532.0,4095.0,2304.0,2541.0,2151.0,-5.17,7.69,12.41,-0.03,-1.22,-0.44,0.0,z
3024.0,4095.0,3307.0,3550.0,4095.0,2315.0,2533.0,2164.0,1.65,9.34,8.4,-0.02,-0.33,-0.12,0.0,z
3017.0,4095.0,3293.0,3555.0,4095.0,2315.0,2544.0,2174.0,2.5,8.62,8.34,-0.0,-0.14,-0.14,0.0,z
3018.0,4095.0,3289.0,3559.0,4095.0,2309.0,2538.0,2173.0,2.22,8.33,8.88,-0.07,-0.07,-0.2,0.0,z
3010.0,4095.0,3291.0,3571.0,4095.0,2313.0,2533.0,2176.0,1.6,8.88,8.8,0.04,-0.04,-0.16,0.0,z
3017.0,4095.0,3299.0,3567.0,4095.0,2307.0,2535.0,2174.0,2.25,8.78,8.51,0.05,-0.09,-0.17,0.0,z
3024.0,4095.0,3293.0,3567.0,4095.0,2315.0,2541.0,2172.0,1.61,8.91,8.56,0.01,-0.05,-0.16,0.0,z
3009.0,4095.0,3298.0,3568.0,4095.0,2310.0,2541.0,2171.0,2.1,8.84,8.46,0.0,-0.04,-0.17,0.0,z
3024.0,4095.0,3311.0,3575.0,4095.0,2303.0,2537.0,2149.0,2.06,8.92,8.52,0.06,-0.02,-0.2,0.0,z
3008.0,4095.0,3311.0,3574.0,4095.0,2306.0,2544.0,2160.0,1.95,8.72,8.53,0.07,-0.03,-0.13,0.0,z
3023.0,4095.0,3297.0,3570.0,4095.0,2307.0,2543.0,2158.0,2.16,8.89,8.53,0.06,0.0,-0.13,0.0,z
3024.0,4095.0,3291.0,3570.0,4095.0,2310.0,2542.0,2160.0,2.04,8.88,8.41,0.08,0.03,-0.17,0.0,z
3024.0,4095.0,3341.0,3551.0,4095.0,2326.0,2546.0,2197.0,3.21,9.42,2.44,0.2,-0.07,0.04,0.0,z
3021.0,4095.0,3356.0,3554.0,4095.0,2330.0,2546.0,2192.0,13.08,5.67,-1.03,-0.56,-2.14,-1.74,0.0,z
3009.0,4095.0,3326.0,3549.0,4095.0,2335.0,2554.0,2192.0,-16.49,8.34,18.02,-0.6,-1.6,-1.88,0.0,z
3025.0,4095.0,3317.0,3545.0,4095.0,2334.0,2559.0,2189.0,-12.5,7.12,12.64,1.44,1.74,2.0,0.0,z
3024.0,4095.0,3291.0,3566.0,4095.0,2314.0,2551.0,2196.0,6.9,4.79,2.83,1.26,5.91,1.24,0.0,z
3010.0,4095.0,3283.0,3536.0,4095.0,2305.0,2521.0,2112.0,32.77,7.07,-3.86,-0.95,-1.24,-0.58,0.0,z
3023.0,4095.0,3278.0,3515.0,4095.0,2323.0,2538.0,2147.0,-1.37,8.2,12.8,-2.91,-4.16,-2.28,0.0,z
3025.0,4095.0,3280.0,3533.0,4095.0,2310.0,2544.0,2169.0,-9.01,12.56,12.54,0.05,-1.56,0.08,0.0,z
3023.0,4095.0,3265.0,3551.0,4095.0,2307.0,2532.0,2167.0,-0.53,9.8,6.3,0.04,-0.46,-0.25,0.0,z
3015.0,4095.0,3264.0,3554.0,4095.0,2318.0,2541.0,2176.0,0.12,10.18,6.74,0.0,-0.28,-0.09,0.0,z
3015.0,4095.0,3284.0,3552.0,4095.0,2318.0,2544.0,2179.0,1.07,9.37,6.29,0.15,-0.04,-0.09,0.0,z
3013.0,4095.0,3279.0,3552.0,4095.0,2320.0,2544.0,2178.0,-0.1,9.69,5.78,-0.07,-0.04,-0.21,0.0,z
3024.0,4095.0,3280.0,3557.0,4095.0,2323.0,2544.0,2182.0,0.81,9.81,6.19,0.02,-0.1,-0.19,0.0,z
3024.0,4095.0,3291.0,3555.0,4095.0,2322.0,2544.0,2185.0,0.25,9.62,6.78,0.02,-0.05,-0.22,0.0,z
3022.0,4095.0,3291.0,3561.0,4095.0,2320.0,2546.0,2183.0,0.34,9.36,6.6,0.07,0.07,-0.12,0.0,z
3026.0,4095.0,3308.0,3568.0,4095.0,2327.0,2547.0,2185.0,0.67,9.59,5.99,-0.01,-0.09,-0.05,0.0,z
3023.0,4095.0,3307.0,3563.0,4095.0,2335.0,2556.0,2182.0,0.3,9.71,6.39,-0.01,-0.08,-0.13,0.0,z
3013.0,4095.0,3296.0,3562.0,4095.0,2338.0,2546.0,2187.0,0.76,9.66,6.21,-0.03,-0.05,-0.13,0.0,z
3025.0,4095.0,3297.0,3557.0,4095.0,2328.0,2546.0,2190.0,0.45,9.76,6.28,-0.03,-0.11,-0.08,0.0,z
3024.0,4095.0,3303.0,3562.0,4095.0,2348.0,2549.0,2189.0,0.68,9.78,6.29,0.03,-0.0,-0.19,0.0,z
3011.0,3749.0,3346.0,3489.0,4095.0,2218.0,2440.0,2038.0,0.19,9.94,5.31,0.02,0.07,-0.12,0.0,z
3022.0,3738.0,3357.0,3490.0,4095.0,2221.0,2438.0,2039.0,0.38,9.62,4.93,0.01,0.06,-0.05,0.0,z
3019.0,3732.0,3362.0,3477.0,4095.0,2212.0,2441.0,2003.0,12.76,8.41,1.05,-0.28,-1.25,-0.02,0.0,z
3010.0,3753.0,3344.0,3494.0,4095.0,2224.0,2448.0,2009.0,0.64,5.66,7.88,-1.79,-2.69,-2.2,0.0,z
3022.0,3729.0,3353.0,3504.0,4095.0,2235.0,2475.0,2031.0,-17.11,8.5,19.34,0.3,-0.6,0.33,0.0,z
3024.0,3719.0,3362.0,3490.0,4095.0,2242.0,2471.0,2062.0,-4.56,6.43,10.79,1.29,2.36,1.96,0.0,z
3017.0,3747.0,3357.0,3583.0,4095.0,2241.0,2448.0,2021.0,12.91,4.95,3.62,0.28,3.04,2.51,0.0,z
3020.0,3757.0,3342.0,3559.0,4095.0,2249.0,2454.0,2012.0,22.32,8.01,-3.78,-1.55,-2.14,-2.0,0.0,z
3018.0,3759.0,3307.0,3548.0,4095.0,2250.0,2480.0,2023.0,-6.69,6.05,20.48,-2.35,-2.62,-2.6,0.0,z
3025.0,3765.0,3323.0,3553.0,4095.0,2261.0,2486.0,2031.0,-3.51,8.67,11.63,0.04,-0.95,-0.0,0.0,z
3010.0,3749.0,3312.0,3553.0,4095.0,2271.0,2489.0,2029.0,0.34,9.52,8.94,-0.18,-0.05,-0.14,0.0,z
3021.0,3758.0,3327.0,3568.0,4095.0,2272.0,2488.0,2039.0,2.3,8.81,8.66,0.06,-0.11,-0.1,0.0,z
3021.0,3763.0,3318.0,3569.0,4095.0,2277.0,2491.0,2038.0,1.41,8.9,9.11,0.05,-0.05,-0.18,0.0,z
3023.0,3765.0,3332.0,3575.0,4095.0,2274.0,2489.0,2041.0,1.79,8.83,8.59,0.07,-0.06,-0.18,0.0,z
3023.0,3770.0,3339.0,3575.0,4095.0,2281.0,2495.0,2037.0,1.63,8.83,8.6,0.04,-0.1,-0.19,0.0,z
3014.0,3769.0,3342.0,3578.0,4095.0,2277.0,2486.0,2039.0,1.37,8.89,8.58,0.02,-0.09,-0.16,0.0,z
3009.0,3776.0,3329.0,3581.0,4095.0,2282.0,2490.0,2054.0,1.79,8.94,8.42,0.02,-0.05,-0.17,0.0,z
3025.0,3765.0,3344.0,3583.0,4095.0,2279.0,2490.0,2057.0,1.78,8.83,8.52,-0.0,-0.01,-0.13,0.0,z
3010.0,3759.0,3344.0,3583.0,4095.0,2274.0,2491.0,2064.0,1.72,8.76,8.55,-0.05,0.03,-0.11,0.0,z
3023.0,3778.0,3344.0,3600.0,4095.0,2273.0,2491.0,2064.0,1.79,8.84,8.58,-0.02,0.03,-0.14,0.0,z
3030.0,3760.0,3346.0,3488.0,4095.0,2304.0,2512.0,2096.0,1.05,9.62,4.11,0.06,0.13,-0.15,0.0,z
3027.0,3765.0,3337.0,3603.0,4095.0,2299.0,2507.0,2093.0,7.26,7.72,1.6,-0.22,0.35,-0.14,0.0,z
3033.0,3770.0,3348.0,3603.0,4095.0,2299.0,2506.0,2061.0,7.29,6.73,4.72,-1.49,-0.44,-1.91,0.0,z
3019.0,3750.0,3343.0,3491.0,4095.0,2313.0,2512.0,2069.0,-12.85,8.85,14.08,-0.05,-1.23,-1.23,0.0,z
3023.0,3745.0,3345.0,3501.0,4095.0,2317.0,2512.0,2095.0,-10.19,6.81,11.5,1.15,0.8,1.81,0.0,z
3013.0,3758.0,3344.0,3599.0,4095.0,2306.0,2511.0,2091.0,5.04,6.86,1.92,0.38,3.54,1.86,0.0,z
3023.0,3765.0,3349.0,3575.0,4095.0,2304.0,2503.0,2060.0,23.75,9.1,-1.59,-0.99,-0.33,0.42,0.0,z
3027.0,3795.0,3325.0,3575.0,4095.0,2291.0,2517.0,2056.0,6.31,6.62,12.32,-2.57,-4.26,-3.21,0.0,z
3031.0,3806.0,3318.0,3573.0,4095.0,2313.0,2534.0,2069.0,-8.24,9.17,15.76,-0.43,-1.66,-0.56,0.0,z
3023.0,3789.0,3319.0,3579.0,4095.0,2305.0,2535.0,2079.0,0.63,9.63,8.57,-0.21,0.14,-0.27,0.0,z
3029.0,3788.0,3325.0,3595.0,4095.0,2311.0,2540.0,2087.0,2.28,9.12,8.03,0.04,0.13,0.03,0.0,z
3021.0,3790.0,3326.0,3600.0,4095.0,2309.0,2531.0,2087.0,1.76,8.81,7.93,0.02,-0.04,-0.12,0.0,z
3029.0,3781.0,3334.0,3583.0,4095.0,2314.0,2535.0,2095.0,2.11,9.24,8.18,0.04,-0.05,-0.11,0.0,z
3024.0,3776.0,3319.0,3600.0,4095.0,2318.0,2538.0,2096.0,1.82,9.14,8.0,0.06,-0.1,-0.17,0.0,z
3027.0,3763.0,3328.0,3603.0,4095.0,2311.0,2536.0,2096.0,1.91,9.07,7.99,0.02,-0.03,-0.17,0.0,z
3024.0,3793.0,3344.0,3583.0,4095.0,2309.0,2534.0,2088.0,1.34,9.1,7.76,-0.01,-0.11,-0.11,0.0,z
3026.0,3792.0,3350.0,3613.0,4095.0,2309.0,2534.0,2079.0,2.28,9.05,8.12,0.03,-0.01,-0.11,0.0,z
3025.0,3779.0,3331.0,3603.0,4095.0,2320.0,2533.0,2081.0,2.25,9.05,7.88,0.05,-0.02,-0.12,0.0,z
3027.0,3779.0,3334.0,3603.0,4095.0,2320.0,2535.0,2080.0,1.89,8.91,7.71,0.04,-0.08,-0.11,0.0,z
3028.0,3792.0,3334.0,3606.0,4095.0,2318.0,2537.0,2075.0,2.41,9.05,8.42,-0.06,-0.01,-0.11,0.0,z
3035.0,3777.0,3331.0,3632.0,4095.0,2332.0,2539.0,2112.0,2.19,9.63,3.62,0.12,0.12,-0.02,0.0,z
3024.0,3795.0,3342.0,3603.0,4095.0,2334.0,2537.0,2105.0,13.7,7.02,-2.34,-0.59,-0.59,-0.48,0.0,z
3019.0,3790.0,3322.0,3626.0,4095.0,2339.0,2544.0,2106.0,2.0,7.21,9.48,-1.5,-1.81,-2.02,0.0,z
3024.0,3777.0,3312.0,3636.0,4095.0,2342.0,2548.0,2110.0,-14.35,8.05,17.32,-0.09,-0.71,-0.77,0.0,z
3027.0,3760.0,3326.0,3631.0,4095.0,2343.0,2551.0,2122.0,-7.85,6.06,11.81,1.11,1.28,1.89,0.0,z
3024.0,3797.0,3341.0,3602.0,4095.0,2341.0,2544.0,2125.0,5.7,7.32,4.24,0.19,3.71,2.39,0.0,z
3015.0,3803.0,3344.0,3561.0,4095.0,2330.0,2543.0,2101.0,26.03,8.33,-2.59,-0.16,-0.14,0.15,0.0,z
3024.0,3787.0,3334.0,3575.0,4095.0,2336.0,2549.0,2095.0,8.3,5.96,9.69,-2.36,-4.04,-3.06,0.0,z
3017.0,3774.0,3318.0,3568.0,4095.0,2348.0,2559.0,2126.0,-9.06,9.38,15.26,-0.36,-1.86,-0.81,0.0,z
3034.0,3791.0,3315.0,3583.0,4095.0,2339.0,2559.0,2138.0,2.03,9.48,7.93,-0.17,-0.17,-0.11,0.0,z
3031.0,3781.0,3313.0,3583.0,4095.0,2342.0,2559.0,2138.0,2.62,9.45,7.65,-0.05,0.01,-0.08,0.0,z
3025.0,3761.0,3326.0,3600.0,4095.0,2341.0,2559.0,2148.0,1.69,9.0,7.59,0.09,-0.05,-0.12,0.0,z
3021.0,3774.0,3317.0,3599.0,4095.0,2349.0,2559.0,2144.0,2.03,9.03,7.83,0.03,-0.02,-0.12,0.0,z
3024.0,3780.0,3324.0,3604.0,4095.0,2347.0,2559.0,2146.0,1.99,9.18,7.71,0.01,-0.06,-0.17,0.0,z
3025.0,3789.0,3335.0,3600.0,4095.0,2339.0,2559.0,2145.0,2.0,9.23,7.4,0.05,-0.05,-0.17,0.0,z
3020.0,3767.0,3318.0,3601.0,4095.0,2352.0,2559.0,2148.0,2.15,9.09,7.92,0.02,-0.05,-0.14,0.0,z
3010.0,3792.0,3325.0,3598.0,4095.0,2352.0,2559.0,2145.0,2.26,9.15,7.85,-0.06,-0.07,-0.16,0.0,z
3021.0,3770.0,3322.0,3617.0,4095.0,2353.0,2559.0,2144.0,1.97,9.26,7.81,0.06,-0.02,-0.19,0.0,z
3024.0,3787.0,3331.0,3600.0,4095.0,2358.0,2559.0,2143.0,2.09,9.07,7.52,0.05,-0.01,-0.17,0.0,z
3024.0,3765.0,3334.0,3615.0,4095.0,2355.0,2559.0,2141.0,2.07,9.07,7.45,0.0,0.01,-0.13,0.0,z
3024.0,3767.0,3328.0,3603.0,4095.0,2353.0,2559.0,2147.0,0.75,10.05,3.44,0.05,0.17,-0.07,0.0,z
3025.0,3774.0,3323.0,3601.0,4095.0,2349.0,2557.0,2149.0,5.17,9.15,0.58,-0.12,-0.23,0.05,0.0,z
3021.0,3770.0,3338.0,3602.0,4095.0,2351.0,2559.0,2154.0,7.8,6.52,2.26,-1.49,-1.84,-1.85,0.0,z
3024.0,3785.0,3314.0,3617.0,4095.0,2359.0,2559.0,2139.0,-11.59,8.9,13.55,-0.42,-1.12,-0.91,0.0,z
3019.0,3777.0,3315.0,3600.0,4095.0,2363.0,2559.0,2150.0,-8.63,6.97,13.06,0.49,0.51,1.13,0.0,z
3025.0,3769.0,3341.0,3602.0,4095.0,2365.0,2559.0,2158.0,0.02,7.59,8.8,1.22,3.53,1.6,0.0,z
3030.0,3754.0,3344.0,3583.0,4095.0,2352.0,2559.0,2134.0,20.97,8.2,-2.92,0.35,1.96,1.6,0.0,z
3012.0,3791.0,3335.0,3627.0,4095.0,2353.0,2559.0,2131.0,12.34,7.86,-0.74,-1.86,-3.87,-2.42,0.0,z
3023.0,3767.0,3316.0,3604.0,4095.0,2352.0,2559.0,2134.0,-10.93,8.25,19.43,-1.01,-2.03,-1.7,0.0,z
3027.0,3761.0,3334.0,3623.0,4095.0,2361.0,2559.0,2146.0,-0.66,9.72,8.97,0.05,-0.32,-0.02,0.0,z
3024.0,3786.0,3342.0,3627.0,4095.0,2363.0,2559.0,2146.0,0.52,9.68,6.9,-0.05,-0.02,-0.02,0.0,z
3014.0,3783.0,3319.0,3625.0,4095.0,2358.0,2559.0,2145.0,1.24,9.44,7.16,-0.05,0.02,-0.1,0.0,z
3023.0,3760.0,3343.0,3632.0,4095.0,2356.0,2559.0,2149.0,0.91,9.44,6.84,-0.03,-0.08,-0.1,0.0,z
3024.0,3776.0,3338.0,3631.0,4095.0,2367.0,2559.0,2153.0,0.78,9.67,7.15,-0.01,-0.01,-0.15,0.0,z
3024.0,3782.0,3327.0,3637.0,4095.0,2352.0,2559.0,2145.0,1.02,9.37,6.89,0.01,-0.09,-0.15,0.0,z
3024.0,3767.0,3323.0,3648.0,4095.0,2359.0,2559.0,2149.0,1.03,9.51,7.1,-0.01,-0.07,-0.2,0.0,z
3024.0,3757.0,3338.0,3644.0,4095.0,2352.0,2559.0,2148.0,1.03,9.4,7.1,0.0,-0.07,-0.13,0.0,z
3018.0,3761.0,3328.0,3645.0,4095.0,2352.0,2559.0,2154.0,1.45,9.48,6.99,0.02,-0.1,-0.13,0.0,z
3019.0,3760.0,3342.0,3638.0,4095.0,2352.0,2559.0,2149.0,0.92,9.6,7.03,0.05,-0.04,-0.17,0.0,z
3023.0,3751.0,3339.0,3639.0,4095.0,2350.0,2559.0,2158.0,1.13,9.38,7.05,0.01,-0.04,-0.14,0.0,z
3017.0,4095.0,3440.0,3539.0,4095.0,2301.0,2391.0,2023.0,1.59,9.73,3.13,-0.23,-0.0,0.12,0.0,z
3015.0,4095.0,3456.0,3557.0,4095.0,2302.0,2402.0,2021.0,11.67,7.33,-1.51,-0.9,-1.02,-0.74,0.0,z
3020.0,4095.0,3458.0,3572.0,4095.0,2309.0,2416.0,2027.0,-0.15,7.34,10.33,-1.32,-1.77,-1.67,0.0,z
3023.0,4095.0,3446.0,3557.0,4095.0,2320.0,2431.0,2000.0,-14.89,8.2,14.67,0.42,-0.63,0.19,0.0,z
3023.0,4095.0,3461.0,3582.0,4095.0,2326.0,2435.0,2055.0,-3.64,6.44,10.03,0.95,1.69,1.38,0.0,z
3029.0,4095.0,3462.0,3543.0,4095.0,2325.0,2426.0,1991.0,6.35,9.58,2.96,0.1,4.0,1.58,0.0,z
3019.0,4095.0,3471.0,3535.0,4095.0,2320.0,2417.0,2039.0,25.36,9.23,1.64,-0.55,-0.67,-0.42,0.0,z
3029.0,4095.0,3414.0,3540.0,4095.0,2314.0,2434.0,2059.0,2.81,7.2,10.93,-1.31,-3.76,-3.06,0.0,z
3028.0,4095.0,3409.0,3529.0,4095.0,2327.0,2466.0,2078.0,-6.23,9.15,13.76,0.0,-1.85,-0.9,0.0,z
3025.0,4095.0,3399.0,3551.0,4095.0,2336.0,2467.0,2087.0,0.31,9.81,7.79,0.09,-0.23,-0.01,0.0,z
3025.0,4095.0,3415.0,3569.0,4095.0,2339.0,2473.0,2090.0,2.01,9.25,7.6,-0.03,-0.0,-0.14,0.0,z
3024.0,4095.0,3414.0,3575.0,4095.0,2338.0,2468.0,2090.0,1.48,9.2,7.32,-0.1,-0.03,-0.1,0.0,z
3023.0,4095.0,3411.0,3578.0,4095.0,2345.0,2478.0,2090.0,1.8,9.46,7.56,-0.03,0.01,-0.12,0.0,z
3022.0,4095.0,3430.0,3580.0,4095.0,2334.0,2474.0,2085.0,1.59,9.3,7.12,-0.03,-0.11,-0.14,0.0,z
3031.0,4095.0,3427.0,3583.0,4095.0,2331.0,2469.0,2087.0,1.54,9.3,7.57,-0.09,-0.07,-0.15,0.0,z
3015.0,4095.0,3422.0,3583.0,4095.0,2330.0,2474.0,2096.0,1.35,9.3,7.64,-0.04,-0.09,-0.13,0.0,z
3023.0,4095.0,3431.0,3583.0,4095.0,2310.0,2474.0,2096.0,1.64,9.13,7.6,-0.07,-0.09,-0.07,0.0,z
3024.0,4095.0,3439.0,3606.0,4095.0,2294.0,2479.0,2099.0,1.71,9.32,7.79,-0.04,-0.06,-0.09,0.0,z
3021.0,4095.0,3440.0,3600.0,4095.0,2305.0,2482.0,2100.0,1.47,9.4,7.73,-0.01,-0.02,-0.17,0.0,z
3035.0,4095.0,3435.0,3616.0,4095.0,2307.0,2480.0,2100.0,1.61,9.29,7.6,0.03,-0.02,-0.18,0.0,z
3031.0,4095.0,3465.0,3617.0,4095.0,2304.0,2476.0,2097.0,4.65,8.58,0.33,-0.18,0.03,-0.02,0.0,z
3031.0,4095.0,3455.0,3627.0,4095.0,2291.0,2467.0,2099.0,9.68,7.33,1.0,-1.3,-0.42,-0.12,0.0,z
3024.0,4095.0,3455.0,3643.0,4095.0,2302.0,2474.0,2095.0,2.58,7.21,9.54,-1.59,-1.51,-1.9,0.0,z
3024.0,4095.0,3440.0,3627.0,4095.0,2317.0,2480.0,2106.0,-13.38,6.97,16.79,-0.28,-0.89,-0.79,0.0,z
3021.0,4095.0,3446.0,3623.0,4095.0,2330.0,2487.0,2117.0,-7.64,6.71,12.51,0.91,1.39,1.57,0.0,z
3024.0,4095.0,3467.0,3610.0,4095.0,2330.0,2490.0,2109.0,7.47,8.87,4.98,0.72,3.38,2.16,0.0,z
3018.0,4095.0,3470.0,3610.0,4095.0,2327.0,2486.0,2094.0,24.52,8.75,-3.96,0.06,0.01,0.87,0.0,z
3025.0,4095.0,3438.0,3627.0,4095.0,2319.0,2491.0,2087.0,7.27,6.53,6.45,-2.42,-4.25,-2.74,0.0,z
3024.0,4095.0,3438.0,3625.0,4095.0,2330.0,2496.0,2098.0,-6.35,9.64,15.2,-0.45,-1.92,-1.0,0.0,z
3019.0,4095.0,3455.0,3635.0,4095.0,2342.0,2499.0,2106.0,0.19,9.37,6.97,-0.0,-0.24,-0.17,0.0,z
3025.0,4095.0,3449.0,3632.0,4095.0,2339.0,2505.0,2107.0,1.72,9.48,7.67,-0.12,0.06,0.01,0.0,z
3012.0,4095.0,3435.0,3632.0,4095.0,2338.0,2498.0,2107.0,1.7,9.18,7.38,-0.08,-0.09,-0.12,0.0,z
3024.0,4095.0,3444.0,3646.0,4095.0,2342.0,2496.0,2103.0,1.87,9.41,7.64,-0.03,-0.07,-0.11,0.0,z
3024.0,4095.0,3442.0,3642.0,4095.0,2343.0,2508.0,2106.0,1.71,9.32,7.62,-0.01,-0.08,-0.19,0.0,z
3022.0,4095.0,3438.0,3648.0,4095.0,2343.0,2499.0,2103.0,1.57,9.33,7.26,0.0,-0.08,-0.22,0.0,z
3025.0,4095.0,3450.0,3647.0,4095.0,2347.0,2497.0,2101.0,1.74,9.32,7.26,-0.02,-0.13,-0.21,0.0,z
3010.0,4095.0,3457.0,3648.0,4095.0,2349.0,2507.0,2112.0,1.66,9.29,7.58,0.02,-0.08,-0.13,0.0,z
3017.0,4095.0,3461.0,3659.0,4095.0,2352.0,2506.0,2112.0,1.74,9.44,7.06,0.0,-0.05,-0.14,0.0,z
3024.0,4095.0,3458.0,3651.0,4095.0,2343.0,2500.0,2112.0,1.65,9.43,7.42,0.0,-0.0,-0.2,0.0,z
3030.0,4095.0,3479.0,3650.0,4095.0,2354.0,2510.0,2114.0,1.62,9.42,7.58,0.0,-0.01,-0.2,0.0,z
3024.0,4095.0,3455.0,3685.0,4095.0,2332.0,2479.0,2118.0,2.52,10.06,4.19,0.1,0.06,-0.1,0.0,z
3023.0,4095.0,3444.0,3690.0,4095.0,2333.0,2481.0,2115.0,4.57,8.9,1.65,0.03,-0.04,-0.02,0.0,z
3019.0,4095.0,3459.0,3666.0,4095.0,2325.0,2495.0,2094.0,21.65,2.99,-3.12,-1.47,-1.58,-1.54,0.0,z
3018.0,4095.0,3443.0,3686.0,4095.0,2321.0,2497.0,2092.0,-13.0,5.78,18.27,-1.43,-1.37,-2.62,0.0,z
3009.0,4095.0,3458.0,3658.0,4095.0,2346.0,2509.0,2031.0,-15.77,8.0,17.54,1.03,-0.01,1.22,0.0,z
3027.0,4095.0,3461.0,3674.0,4095.0,2349.0,2512.0,2119.0,2.92,7.28,7.1,1.35,3.45,1.92,0.0,z
3015.0,4095.0,3454.0,3651.0,4095.0,2336.0,2494.0,2096.0,24.9,8.54,-2.28,0.16,0.9,0.85,0.0,z
3029.0,4095.0,3458.0,3667.0,4095.0,2357.0,2509.0,2113.0,5.73,9.24,3.77,-1.18,-2.84,-2.11,0.0,z
3029.0,4095.0,3447.0,3668.0,4095.0,2367.0,2517.0,2114.0,-4.17,7.96,11.99,-1.21,-1.91,-1.42,0.0,z
3024.0,4095.0,3440.0,3673.0,4095.0,2375.0,2516.0,2123.0,-2.16,10.3,9.66,-0.01,-0.34,-0.14,0.0,z
3025.0,4095.0,3440.0,3662.0,4095.0,2372.0,2514.0,2122.0,1.97,9.73,6.47,-0.0,0.18,-0.02,0.0,z
3010.0,4095.0,3447.0,3671.0,4095.0,2383.0,2519.0,2123.0,1.47,9.52,6.6,0.0,0.07,-0.05,0.0,z
3024.0,4095.0,3453.0,3668.0,4095.0,2382.0,2512.0,2128.0,1.82,9.54,6.83,0.05,-0.12,-0.14,0.0,z
3011.0,4095.0,3444.0,3680.0,4095.0,2382.0,2519.0,2132.0,0.94,9.45,6.8,-0.01,0.01,-0.18,0.0,z
3024.0,4095.0,3459.0,3678.0,4095.0,2384.0,2518.0,2129.0,1.79,9.56,7.07,-0.03,-0.02,-0.22,0.0,z
3015.0,4095.0,3446.0,3677.0,4095.0,2384.0,2524.0,2129.0,1.64,9.41,7.02,0.03,-0.03,-0.26,0.0,z
3026.0,4095.0,3435.0,3678.0,4095.0,2393.0,2519.0,2131.0,1.27,9.29,6.9,0.14,-0.17,-0.2,0.0,z
3037.0,4095.0,3443.0,3662.0,4095.0,2400.0,2515.0,2132.0,1.69,9.53,7.03,-0.01,-0.04,-0.16,0.0,z
3015.0,4095.0,3452.0,3695.0,4095.0,2397.0,2515.0,2131.0,1.39,9.55,6.8,0.04,0.0,-0.19,0.0,z
3023.0,4095.0,3440.0,3665.0,4095.0,2395.0,2515.0,2135.0,1.47,9.53,6.56,0.03,-0.03,-0.19,0.0,z
3022.0,3843.0,3513.0,3525.0,4095.0,2336.0,2439.0,2054.0,0.6,9.48,3.28,-0.1,0.07,0.05,0.0,z
3013.0,3917.0,3543.0,3662.0,4095.0,2323.0,2436.0,2030.0,13.82,7.81,-3.16,-0.95,-1.4,0.06,0.0,z
3019.0,3508.0,3489.0,3692.0,4095.0,2326.0,2448.0,2083.0,-7.28,7.3,15.19,-1.31,-1.17,-1.9,0.0,z
3023.0,3312.0,3506.0,3667.0,4095.0,2339.0,2459.0,2097.0,-12.88,4.45,17.83,0.53,-0.14,0.96,0.0,z
3023.0,3279.0,3511.0,3663.0,4095.0,2349.0,2457.0,2112.0,-0.3,8.14,7.75,1.63,3.02,1.87,0.0,z
3013.0,3625.0,3527.0,3661.0,4095.0,2320.0,2453.0,2063.0,24.32,5.38,-0.96,-0.03,1.42,1.75,0.0,z
3015.0,3637.0,3513.0,3651.0,4095.0,2343.0,2465.0,2075.0,11.67,6.22,3.08,-2.31,-3.41,-3.0,0.0,z
3023.0,3466.0,3440.0,3646.0,4095.0,2354.0,2470.0,2077.0,-12.75,6.83,21.61,-0.93,-1.22,-2.94,0.0,z
3018.0,3567.0,3505.0,3658.0,4095.0,2368.0,2475.0,2090.0,-0.07,9.75,7.91,0.23,-0.36,0.55,0.0,z
3017.0,3695.0,3475.0,3670.0,4095.0,2374.0,2467.0,2073.0,1.97,9.96,7.99,-0.05,-0.06,0.08,0.0,z
3011.0,3691.0,3504.0,3679.0,4095.0,2375.0,2476.0,2081.0,0.63,9.15,7.95,0.1,-0.2,-0.11,0.0,z
3015.0,3703.0,3499.0,3681.0,4095.0,2384.0,2475.0,2083.0,1.17,9.05,8.07,0.01,-0.16,-0.06,0.0,z
3010.0,3750.0,3521.0,3673.0,4095.0,2380.0,2478.0,2079.0,0.69,9.3,8.01,0.01,-0.12,-0.15,0.0,z
3021.0,3759.0,3518.0,3685.0,4095.0,2389.0,2476.0,2085.0,1.27,9.24,7.82,0.07,-0.13,-0.16,0.0,z
3027.0,3750.0,3503.0,3680.0,4095.0,2384.0,2475.0,2089.0,0.76,9.18,7.86,-0.05,-0.12,-0.16,0.0,z
3018.0,3758.0,3510.0,3687.0,4095.0,2384.0,2476.0,2093.0,1.09,9.44,7.94,-0.01,-0.04,-0.13,0.0,z
3023.0,3781.0,3527.0,3681.0,4095.0,2395.0,2473.0,2070.0,1.03,9.37,7.62,0.04,-0.02,-0.17,0.0,z
3024.0,3761.0,3521.0,3691.0,4095.0,2391.0,2480.0,2086.0,1.25,9.28,7.73,0.02,-0.01,-0.15,0.0,z
3024.0,3789.0,3509.0,3671.0,4095.0,2387.0,2480.0,2091.0,1.06,9.29,7.61,0.03,-0.04,-0.15,0.0,z
3015.0,3770.0,3523.0,3696.0,4095.0,2397.0,2475.0,2093.0,1.15,9.26,8.01,0.02,-0.03,-0.12,0.0,z
3021.0,3835.0,3542.0,3687.0,4095.0,2386.0,2487.0,2126.0,2.32,9.26,2.64,-0.03,-0.02,0.02,0.0,z
3022.0,3946.0,3537.0,3687.0,4095.0,2382.0,2496.0,2127.0,11.76,6.82,-1.15,-0.4,-1.29,-0.16,0.0,z
3021.0,3930.0,3536.0,3695.0,4095.0,2393.0,2489.0,2096.0,3.17,6.31,8.48,-1.69,-2.0,-1.84,0.0,z
3024.0,3621.0,3523.0,3678.0,4095.0,2407.0,2501.0,2119.0,-15.7,8.46,17.71,0.01,-0.92,-0.43,0.0,z
3024.0,3578.0,3553.0,3693.0,4095.0,2385.0,2496.0,2131.0,-6.19,7.81,9.79,0.84,1.97,2.52,0.0,z
3024.0,3753.0,3579.0,3677.0,4095.0,2374.0,2496.0,2121.0,18.43,4.5,1.96,0.46,2.37,2.3,0.0,z
3015.0,3862.0,3573.0,3657.0,4095.0,2385.0,2491.0,2117.0,15.98,7.27,-2.92,-1.95,-2.57,-1.85,0.0,z
3023.0,3691.0,3545.0,3632.0,4095.0,2412.0,2503.0,2125.0,-6.75,9.75,16.35,-1.58,-2.12,-1.55,0.0,z
3019.0,3664.0,3599.0,3627.0,4095.0,2419.0,2496.0,2129.0,-0.41,9.69,9.36,-0.28,-0.69,-0.36,0.0,z
3029.0,3676.0,3609.0,3641.0,4095.0,2416.0,2502.0,2135.0,1.65,9.71,8.36,-0.28,0.04,-0.11,0.0,z
3013.0,3685.0,3607.0,3647.0,4095.0,2425.0,2507.0,2135.0,2.25,9.26,7.73,-0.04,0.05,-0.22,0.0,z
3026.0,3695.0,3606.0,3644.0,4095.0,2425.0,2501.0,2138.0,2.42,9.0,7.55,0.07,0.06,-0.18,0.0,z
3021.0,3696.0,3605.0,3646.0,4095.0,2421.0,2500.0,2140.0,2.33,9.21,7.3,0.07,0.02,-0.18,0.0,z
3014.0,3725.0,3606.0,3648.0,4095.0,2429.0,2502.0,2140.0,2.19,9.27,7.11,0.03,-0.02,-0.24,0.0,z
3018.0,3727.0,3615.0,3647.0,4095.0,2430.0,2501.0,2143.0,1.78,9.13,7.19,-0.0,-0.16,-0.12,0.0,z
3024.0,3718.0,3643.0,3654.0,4095.0,2436.0,2501.0,2141.0,2.43,9.17,7.44,-0.02,-0.05,-0.13,0.0,z
3023.0,3732.0,3623.0,3650.0,4095.0,2433.0,2506.0,2142.0,2.09,9.27,7.21,-0.03,-0.04,-0.15,0.0,z
3027.0,3753.0,3649.0,3653.0,4095.0,2426.0,2512.0,2134.0,2.19,9.29,7.41,0.02,-0.17,-0.12,0.0,z
3037.0,3811.0,3627.0,3663.0,4095.0,2433.0,2511.0,2144.0,2.04,9.36,7.47,0.05,-0.02,-0.13,0.0,z
3017.0,3801.0,3630.0,3662.0,4095.0,2432.0,2507.0,2146.0,2.21,9.38,6.99,0.03,-0.03,-0.16,0.0,z
3015.0,3883.0,3583.0,3661.0,4095.0,2416.0,2514.0,2164.0,1.81,9.27,2.63,-0.09,0.22,0.01,0.0,z
3014.0,4020.0,3611.0,3664.0,4095.0,2416.0,2513.0,2139.0,15.74,6.13,-2.19,-1.0,-0.58,-0.43,0.0,z
3024.0,3911.0,3583.0,3669.0,4095.0,2431.0,2521.0,2157.0,-5.37,8.17,12.67,-1.47,-1.53,-2.2,0.0,z
3024.0,3657.0,3568.0,3642.0,4095.0,2445.0,2523.0,2154.0,-15.75,6.6,17.33,0.46,0.09,0.32,0.0,z
3024.0,3648.0,3583.0,3664.0,4095.0,2448.0,2530.0,2160.0,-3.31,7.68,8.54,1.13,2.46,2.62,0.0,z
3026.0,3835.0,3600.0,3654.0,4095.0,2431.0,2518.0,2146.0,22.07,4.19,-1.39,0.34,2.02,2.1,0.0,z
3025.0,3895.0,3601.0,3662.0,4095.0,2434.0,2519.0,2142.0,14.85,6.22,1.95,-2.78,-3.43,-2.43,0.0,z
3021.0,3629.0,3568.0,3635.0,4095.0,2457.0,2527.0,2160.0,-9.12,10.09,17.01,-0.96,-2.21,-1.61,0.0,z
3024.0,3632.0,3583.0,3637.0,4095.0,2454.0,2523.0,2161.0,0.09,9.67,7.43,-0.01,-0.89,0.03,0.0,z
3014.0,3701.0,3582.0,3630.0,4095.0,2455.0,2527.0,2162.0,1.17,9.9,7.03,-0.2,-0.2,-0.12,0.0,z
3021.0,3717.0,3583.0,3638.0,4095.0,2466.0,2529.0,2162.0,1.3,9.5,7.58,0.01,0.13,-0.06,0.0,z
3012.0,3713.0,3583.0,3632.0,4095.0,2466.0,2522.0,2161.0,1.58,9.27,7.18,-0.01,0.02,-0.04,0.0,z
3023.0,3733.0,3600.0,3629.0,4095.0,2465.0,2525.0,2162.0,1.47,9.53,7.35,0.01,0.02,-0.16,0.0,z
3021.0,3765.0,3611.0,3632.0,4095.0,2473.0,2525.0,2161.0,1.59,9.46,7.24,-0.0,0.0,-0.14,0.0,z
3017.0,3777.0,3610.0,3632.0,4095.0,2466.0,2517.0,2162.0,1.43,9.46,7.08,0.02,-0.02,-0.15,0.0,z
3013.0,3820.0,3630.0,3645.0,4095.0,2471.0,2515.0,2164.0,1.65,9.39,6.89,0.06,-0.11,-0.17,0.0,z
3025.0,3833.0,3605.0,3634.0,4095.0,2467.0,2519.0,2162.0,1.95,9.52,7.46,-0.06,-0.06,-0.11,0.0,z
3022.0,3834.0,3611.0,3639.0,4095.0,2471.0,2522.0,2162.0,1.73,9.44,7.4,0.06,-0.03,-0.17,0.0,z
3022.0,3856.0,3607.0,3648.0,4095.0,2480.0,2516.0,2165.0,1.48,9.31,7.28,0.0,-0.01,-0.17,0.0,z
3017.0,3828.0,3625.0,3644.0,4095.0,2478.0,2521.0,2161.0,1.81,9.34,7.31,-0.03,-0.04,-0.16,0.0,z
3018.0,4044.0,3620.0,3673.0,4095.0,2430.0,2512.0,2150.0,2.59,9.64,2.97,-0.0,0.12,0.16,0.0,z
3026.0,4095.0,3648.0,3667.0,4095.0,2438.0,2513.0,2142.0,14.1,6.88,-1.9,-0.67,-0.02,-0.65,0.0,z
3018.0,4095.0,3615.0,3652.0,4095.0,2449.0,2527.0,2148.0,-0.7,6.04,12.75,-1.41,-1.18,-3.04,0.0,z
3019.0,3804.0,3604.0,3630.0,4095.0,2460.0,2529.0,2151.0,-20.92,5.26,17.64,0.76,-0.19,0.17,0.0,z
3008.0,3824.0,3632.0,3665.0,4095.0,2466.0,2528.0,2176.0,-2.49,5.63,7.56,1.1,2.05,3.17,0.0,z
3014.0,4095.0,3599.0,3665.0,4095.0,2428.0,2518.0,2139.0,29.64,5.47,-2.22,0.13,1.25,2.22,0.0,z
3024.0,4082.0,3599.0,3648.0,4095.0,2451.0,2531.0,2123.0,11.06,5.25,3.55,-2.7,-3.93,-3.21,0.0,z
3019.0,3792.0,3600.0,3654.0,4095.0,2471.0,2533.0,2147.0,-9.47,9.42,18.73,-0.65,-1.71,-0.95,0.0,z
3019.0,3853.0,3643.0,3655.0,4095.0,2483.0,2535.0,2158.0,0.37,9.48,6.9,-0.12,-0.16,-0.13,0.0,z
3019.0,3848.0,3629.0,3664.0,4095.0,2483.0,2533.0,2160.0,0.9,9.84,7.11,-0.12,-0.08,-0.08,0.0,z
3019.0,3937.0,3616.0,3668.0,4095.0,2480.0,2534.0,2160.0,1.6,9.32,7.93,-0.1,-0.13,-0.08,0.0,z
3024.0,3936.0,3633.0,3673.0,4095.0,2476.0,2523.0,2160.0,1.76,9.27,7.7,-0.02,-0.09,-0.09,0.0,z
3011.0,3937.0,3623.0,3679.0,4095.0,2486.0,2535.0,2164.0,1.53,9.32,7.75,-0.05,-0.02,-0.12,0.0,z
3018.0,3963.0,3614.0,3669.0,4095.0,2478.0,2533.0,2165.0,1.57,9.35,7.39,0.01,-0.07,-0.25,0.0,z
3033.0,3951.0,3649.0,3686.0,4095.0,2480.0,2533.0,2169.0,1.21,9.29,7.58,0.01,-0.09,-0.25,0.0,z
3014.0,3968.0,3638.0,3682.0,4095.0,2478.0,2529.0,2164.0,1.35,9.34,7.57,0.08,-0.05,-0.17,0.0,z
3013.0,3972.0,3648.0,3675.0,4095.0,2467.0,2525.0,2166.0,1.41,9.21,7.4,0.05,-0.04,-0.14,0.0,z
3024.0,3967.0,3645.0,3678.0,4095.0,2475.0,2533.0,2166.0,1.31,9.33,7.63,0.04,-0.02,-0.16,0.0,z
3023.0,4006.0,3643.0,3683.0,4095.0,2480.0,2530.0,2176.0,1.31,9.34,7.45,-0.01,0.03,-0.17,0.0,z
3017.0,3974.0,3632.0,3695.0,4095.0,2480.0,2528.0,2173.0,1.2,9.4,7.3,0.01,-0.03,-0.13,0.0,z
3024.0,4095.0,3405.0,3234.0,3728.0,2043.0,2253.0,1969.0,0.55,9.85,5.61,0.02,0.08,-0.14,0.0,z
3022.0,4095.0,3395.0,3231.0,3696.0,2043.0,2263.0,1979.0,0.84,9.8,5.54,0.02,0.06,-0.12,0.0,z
3018.0,4095.0,3402.0,3229.0,3710.0,2053.0,2263.0,1982.0,0.84,9.84,5.48,0.03,0.08,-0.1,0.0,z
3034.0,4095.0,3422.0,3227.0,3737.0,2045.0,2271.0,1979.0,11.1,7.88,0.69,-0.4,-1.46,-0.04,0.0,z
3035.0,4095.0,3282.0,3216.0,3753.0,2058.0,2273.0,1959.0,-1.64,6.76,10.13,-1.57,-2.36,-2.19,0.0,z
3023.0,4095.0,3216.0,3234.0,3766.0,2071.0,2299.0,1990.0,-14.26,7.32,17.09,0.56,-0.2,0.71,0.0,z
3035.0,4095.0,3209.0,3216.0,3748.0,2069.0,2280.0,1986.0,-1.41,5.93,9.01,0.34,4.07,2.03,0.0,z
3024.0,4095.0,3131.0,3453.0,3790.0,2067.0,2288.0,1966.0,28.04,7.43,6.49,-0.81,1.54,1.92,0.0,z
3024.0,4095.0,3182.0,3456.0,3807.0,2075.0,2288.0,2000.0,10.73,7.61,5.07,-1.93,-4.04,-2.35,0.0,z
3024.0,4095.0,3063.0,3214.0,3747.0,2092.0,2334.0,2011.0,-9.76,7.34,21.67,-0.61,-1.53,-1.56,0.0,z
3021.0,4095.0,3107.0,3237.0,3742.0,2096.0,2338.0,2018.0,0.1,7.87,9.14,0.16,0.16,-0.44,0.0,z
3027.0,4095.0,3125.0,3246.0,3731.0,2097.0,2347.0,2022.0,1.71,8.36,8.87,0.05,0.01,-0.14,0.0,z
3015.0,4095.0,3119.0,3259.0,3736.0,2102.0,2349.0,2027.0,1.91,8.5,9.06,0.06,0.09,-0.13,0.0,z
3023.0,4095.0,3135.0,3257.0,3738.0,2099.0,2343.0,2027.0,1.33,8.51,9.1,-0.02,0.05,-0.11,0.0,z
3014.0,4095.0,3135.0,3264.0,3748.0,2107.0,2354.0,2032.0,1.39,8.74,8.97,-0.12,0.17,0.01,0.0,z
3013.0,4095.0,3139.0,3251.0,3751.0,2112.0,2359.0,2032.0,1.93,8.57,9.42,0.02,0.05,-0.1,0.0,z
3024.0,4095.0,3131.0,3263.0,3763.0,2112.0,2359.0,2032.0,1.47,8.61,9.14,-0.02,-0.02,-0.16,0.0,z
3024.0,4095.0,3094.0,3278.0,3833.0,2112.0,2365.0,2035.0,1.94,8.34,9.17,-0.05,-0.01,-0.05,0.0,z
3023.0,4095.0,3085.0,3279.0,3792.0,2113.0,2365.0,2038.0,1.9,8.58,9.27,0.03,0.0,-0.17,0.0,z
3014.0,4095.0,3086.0,3282.0,3801.0,2117.0,2365.0,2035.0,1.62,8.59,9.2,0.1,0.04,-0.14,0.0,z
3034.0,4095.0,3111.0,3204.0,3871.0,2139.0,2380.0,2023.0,2.02,9.32,3.7,0.07,0.3,-0.13,0.0,z
3024.0,4095.0,3121.0,3191.0,3872.0,2139.0,2375.0,2021.0,4.92,7.73,3.02,-0.14,-0.16,0.15,0.0,z
3023.0,4095.0,3167.0,3155.0,3887.0,2134.0,2383.0,1978.0,12.02,3.99,4.35,-1.4,-2.16,-1.46,0.0,z
3026.0,4095.0,3071.0,3216.0,3855.0,2139.0,2404.0,2022.0,-19.37,11.01,19.16,-0.87,-1.1,-1.64,0.0,z
3035.0,4095.0,3137.0,3197.0,3867.0,2149.0,2413.0,2041.0,-7.07,5.49,12.67,1.27,1.58,3.23,0.0,z
3024.0,4095.0,3155.0,3398.0,3887.0,2131.0,2356.0,1961.0,26.4,3.62,0.67,0.16,2.03,2.35,0.0,z
3024.0,4095.0,3163.0,3383.0,3904.0,2138.0,2389.0,2000.0,9.8,5.31,4.2,-2.43,-3.73,-3.13,0.0,z
3025.0,4095.0,3134.0,3396.0,3899.0,2149.0,2405.0,2018.0,-8.72,10.89,17.9,-0.85,-2.0,-0.89,0.0,z
3021.0,4095.0,3181.0,3409.0,3944.0,2151.0,2407.0,2015.0,0.98,9.33,7.52,0.1,-0.05,-0.44,0.0,z
3024.0,4095.0,3207.0,3413.0,3942.0,2160.0,2415.0,2032.0,1.56,8.96,7.55,-0.03,-0.07,-0.07,0.0,z
3017.0,4095.0,3186.0,3411.0,3948.0,2160.0,2413.0,2032.0,1.68,9.18,8.22,0.04,-0.02,-0.18,0.0,z
3017.0,4095.0,3215.0,3411.0,3947.0,2158.0,2410.0,2032.0,1.86,9.15,7.84,0.04,-0.0,-0.13,0.0,z
3034.0,4095.0,3217.0,3429.0,3943.0,2157.0,2416.0,2037.0,1.71,9.15,7.78,0.02,-0.04,-0.11,0.0,z
3021.0,4095.0,3219.0,3420.0,3924.0,2162.0,2411.0,2041.0,1.84,9.17,7.79,0.0,-0.04,-0.13,0.0,z
3013.0,4095.0,3231.0,3425.0,3915.0,2161.0,2411.0,2054.0,1.95,9.29,7.76,0.03,0.06,-0.09,0.0,z
3017.0,4095.0,3230.0,3423.0,3915.0,2190.0,2416.0,2062.0,2.14,9.08,7.84,0.04,0.03,-0.16,0.0,z
3031.0,4095.0,3248.0,3424.0,3919.0,2169.0,2412.0,2064.0,2.1,9.08,7.91,0.01,0.01,-0.15,0.0,z
3024.0,4095.0,3239.0,3412.0,3906.0,2171.0,2415.0,2065.0,1.9,9.17,7.53,0.07,0.07,-0.18,0.0,z
3026.0,4095.0,3226.0,3415.0,3905.0,2176.0,2416.0,2071.0,1.95,9.05,7.95,-0.05,0.05,-0.16,0.0,z
3021.0,4095.0,3238.0,3422.0,3910.0,2175.0,2417.0,2070.0,1.84,9.22,7.73,0.07,0.02,-0.18,0.0,z
3023.0,4095.0,3269.0,3117.0,3882.0,2207.0,2411.0,2099.0,3.33,8.82,2.67,-0.12,-0.08,-0.01,0.0,z
3024.0,4095.0,3271.0,3113.0,3947.0,2203.0,2418.0,2097.0,9.66,9.4,3.25,-1.0,-1.45,-0.22,0.0,z
3024.0,4095.0,3280.0,3404.0,3975.0,2199.0,2421.0,2109.0,-0.85,6.7,9.41,-1.0,-1.72,-1.76,0.0,z
3027.0,4095.0,3286.0,3367.0,3993.0,2208.0,2453.0,2097.0,-18.62,6.7,15.5,0.13,0.63,-0.2,0.0,z
3033.0,4095.0,3374.0,3375.0,3997.0,2219.0,2425.0,2110.0,-1.85,7.64,10.54,0.4,2.15,2.48,0.0,z
3024.0,4095.0,3409.0,3389.0,3985.0,2207.0,2405.0,2064.0,25.77,5.12,2.74,0.5,1.13,2.33,0.0,z
3018.0,4095.0,3475.0,3385.0,4038.0,2172.0,2400.0,2069.0,9.69,6.56,4.31,-1.87,-4.71,-2.6,0.0,z
3023.0,4095.0,3426.0,3394.0,4048.0,2175.0,2416.0,2095.0,-8.49,11.2,15.61,-0.65,-1.66,-0.74,0.0,z
3027.0,4095.0,3390.0,3399.0,4082.0,2185.0,2415.0,2096.0,2.03,9.45,6.6,0.03,0.05,-0.24,0.0,z
3025.0,4095.0,3366.0,3408.0,4083.0,2190.0,2414.0,2103.0,1.08,9.68,5.87,-0.13,0.04,-0.3,0.0,z
3018.0,4095.0,3349.0,3419.0,4080.0,2198.0,2426.0,2110.0,1.39,9.8,7.17,-0.23,0.05,-0.3,0.0,z
3024.0,4095.0,3364.0,3413.0,4079.0,2201.0,2423.0,2114.0,0.96,9.28,7.73,0.01,0.03,-0.2,0.0,z
3015.0,4095.0,3367.0,3419.0,4071.0,2176.0,2434.0,2117.0,1.46,9.12,7.11,0.09,0.01,-0.12,0.0,z
3027.0,4095.0,3359.0,3409.0,4053.0,2197.0,2433.0,2119.0,1.26,9.18,6.96,0.07,0.04,-0.12,0.0,z
3021.0,4095.0,3366.0,3421.0,4061.0,2197.0,2432.0,2109.0,1.31,9.64,7.27,0.01,0.07,-0.17,0.0,z
3011.0,4095.0,3347.0,3428.0,4075.0,2202.0,2432.0,2118.0,1.37,9.49,7.24,0.14,0.01,-0.12,0.0,z
3031.0,4095.0,3377.0,3431.0,4082.0,2215.0,2435.0,2112.0,1.69,9.53,6.56,0.06,-0.04,-0.14,0.0,z
3019.0,4095.0,3376.0,3416.0,4029.0,2211.0,2432.0,2122.0,1.34,9.46,6.96,0.01,-0.05,-0.15,0.0,z
3025.0,4095.0,3379.0,3421.0,4045.0,2211.0,2435.0,2130.0,1.65,9.53,7.3,0.01,-0.05,-0.17,0.0,z
3025.0,4095.0,3387.0,3419.0,4048.0,2218.0,2435.0,2134.0,1.08,9.49,6.88,0.06,-0.03,-0.17,0.0,z
3031.0,4095.0,3407.0,3472.0,3838.0,2095.0,2320.0,2007.0,2.22,9.12,4.94,0.05,0.1,-0.06,0.0,z
3018.0,4095.0,3439.0,3482.0,3839.0,2097.0,2320.0,2007.0,3.72,9.39,3.06,0.0,-0.24,0.18,0.0,z
3022.0,4095.0,3482.0,3458.0,3856.0,2098.0,2319.0,1991.0,10.8,7.33,1.7,-0.71,-1.02,-1.21,0.0,z
3009.0,4095.0,3471.0,3463.0,3887.0,2109.0,2335.0,2024.0,-14.21,8.04,15.29,-0.67,-0.51,-1.81,0.0,z
3024.0,4063.0,3504.0,3460.0,3871.0,2118.0,2349.0,2023.0,-11.67,6.63,13.32,1.04,0.9,1.7,0.0,z
3021.0,4053.0,3518.0,3563.0,3842.0,2127.0,2348.0,2007.0,8.55,6.9,4.85,1.11,3.09,2.25,0.0,z
3022.0,4095.0,3565.0,3505.0,3854.0,2128.0,2350.0,1991.0,23.56,7.93,-5.62,-0.07,-0.31,0.04,0.0,z
3021.0,3950.0,3514.0,3475.0,3873.0,2142.0,2357.0,2014.0,2.52,6.41,9.92,-2.43,-3.89,-3.24,0.0,z
3024.0,3857.0,3521.0,3451.0,3862.0,2177.0,2369.0,2005.0,-3.79,10.88,12.7,-0.22,-1.4,-0.58,0.0,z
3013.0,3879.0,3555.0,3463.0,3883.0,2181.0,2371.0,2005.0,0.89,9.65,7.51,0.12,-0.1,-0.16,0.0,z
3019.0,3948.0,3558.0,3470.0,3874.0,2188.0,2371.0,2022.0,1.63,9.59,6.15,0.04,-0.09,-0.11,0.0,z
3030.0,4075.0,3543.0,3494.0,3863.0,2192.0,2375.0,2039.0,1.42,9.43,6.85,-0.07,-0.16,-0.07,0.0,z
3027.0,4087.0,3526.0,3502.0,3863.0,2194.0,2384.0,2061.0,2.2,9.46,7.05,-0.05,-0.1,-0.03,0.0,z
3024.0,4080.0,3583.0,3498.0,3877.0,2198.0,2386.0,2064.0,2.1,9.47,6.85,-0.01,-0.06,-0.11,0.0,z
3024.0,4085.0,3629.0,3505.0,3873.0,2201.0,2387.0,2066.0,1.97,9.59,6.96,0.03,0.11,-0.22,0.0,z
3018.0,4048.0,3633.0,3501.0,3867.0,2210.0,2388.0,2071.0,1.72,9.62,6.78,0.01,-0.01,-0.21,0.0,z
3014.0,4082.0,3632.0,3508.0,3875.0,2199.0,2388.0,2077.0,1.69,9.46,6.93,-0.01,-0.01,-0.21,0.0,z
3019.0,4076.0,3649.0,3510.0,3861.0,2191.0,2391.0,2077.0,1.62,9.37,6.98,0.04,-0.03,-0.19,0.0,z
3024.0,4095.0,3667.0,3504.0,3856.0,2199.0,2392.0,2081.0,1.59,9.43,6.91,-0.03,-0.01,-0.14,0.0,z
3024.0,4095.0,3649.0,3517.0,3842.0,2199.0,2386.0,2083.0,1.66,9.42,6.93,-0.04,0.02,-0.14,0.0,z
3009.0,4095.0,3522.0,3530.0,3794.0,2256.0,2416.0,2122.0,4.04,9.52,3.01,-0.01,-0.17,-0.09,0.0,z
3019.0,4095.0,3574.0,3523.0,3807.0,2242.0,2411.0,2113.0,12.63,7.36,0.98,-0.78,-1.13,-0.96,0.0,z
3017.0,4095.0,3562.0,3536.0,3840.0,2248.0,2425.0,2125.0,-0.5,5.56,9.79,-1.06,-1.96,-2.59,0.0,z
3011.0,3975.0,3600.0,3501.0,3824.0,2266.0,2411.0,2114.0,-18.98,7.54,15.77,0.9,0.4,0.18,0.0,z
3024.0,3962.0,3621.0,3466.0,3802.0,2282.0,2410.0,2103.0,-2.07,8.37,5.85,1.3,2.47,2.14,0.0,z
3023.0,4095.0,3623.0,3482.0,3825.0,2227.0,2405.0,2043.0,21.35,2.85,3.37,-0.42,1.28,2.26,0.0,z
3024.0,4095.0,3617.0,3488.0,3823.0,2250.0,2405.0,2078.0,14.13,6.66,1.17,-1.99,-2.5,-2.09,0.0,z
3021.0,3999.0,3615.0,3472.0,3819.0,2250.0,2425.0,2112.0,-8.22,10.73,18.13,-1.32,-2.08,-1.86,0.0,z
3018.0,3986.0,3484.0,3467.0,3819.0,2267.0,2431.0,2105.0,-1.95,9.88,8.41,0.33,-0.45,-0.11,0.0,z
3024.0,4010.0,3552.0,3472.0,3824.0,2268.0,2423.0,2109.0,1.07,9.11,6.37,-0.1,0.09,-0.12,0.0,z
3024.0,4022.0,3550.0,3477.0,3826.0,2267.0,2432.0,2121.0,2.21,9.47,7.0,-0.07,0.01,-0.02,0.0,z
3024.0,4048.0,3537.0,3477.0,3824.0,2271.0,2435.0,2120.0,1.68,9.48,7.49,0.09,-0.02,-0.12,0.0,z
3024.0,4051.0,3573.0,3489.0,3825.0,2281.0,2438.0,2128.0,1.58,9.39,7.08,0.06,-0.0,-0.21,0.0,z
3022.0,4061.0,3578.0,3495.0,3822.0,2283.0,2432.0,2128.0,1.51,9.4,7.14,0.02,0.02,-0.18,0.0,z
3018.0,4070.0,3570.0,3494.0,3824.0,2287.0,2438.0,2133.0,1.56,9.44,7.02,-0.03,-0.01,-0.16,0.0,z
3012.0,4016.0,3568.0,3494.0,3815.0,2284.0,2441.0,2130.0,1.71,9.42,7.47,-0.0,-0.01,-0.18,0.0,z
3035.0,4016.0,3579.0,3499.0,3821.0,2288.0,2447.0,2134.0,1.55,9.35,7.18,0.01,-0.01,-0.21,0.0,z
3020.0,4027.0,3570.0,3504.0,3823.0,2287.0,2443.0,2135.0,1.51,9.49,7.13,0.05,0.02,-0.15,0.0,z
3013.0,4013.0,3583.0,3502.0,3827.0,2279.0,2443.0,2142.0,1.67,9.39,7.05,0.0,0.02,-0.19,0.0,z
3021.0,4022.0,3617.0,3509.0,3828.0,2287.0,2445.0,2144.0,1.56,9.38,7.33,0.01,0.02,-0.17,0.0,z
3021.0,4095.0,3487.0,3518.0,3939.0,2289.0,2432.0,2142.0,2.2,9.93,2.68,-0.01,0.1,-0.02,0.0,z
3015.0,4095.0,3504.0,3516.0,3952.0,2283.0,2436.0,2128.0,8.92,8.66,0.57,-0.39,-0.45,-0.38,0.0,z
3018.0,4095.0,3461.0,3536.0,3952.0,2277.0,2447.0,2128.0,4.63,5.82,6.25,-1.39,-1.84,-2.34,0.0,z
3029.0,3967.0,3455.0,3518.0,3968.0,2294.0,2450.0,2125.0,-17.0,8.38,15.97,0.18,-0.67,-0.53,0.0,z
3021.0,3947.0,3475.0,3523.0,3965.0,2301.0,2449.0,2146.0,-5.87,5.51,11.28,1.04,1.48,1.67,0.0,z
3025.0,3966.0,3465.0,3502.0,3942.0,2303.0,2443.0,2125.0,6.88,8.45,2.31,0.17,3.32,1.97,0.0,z
3013.0,4095.0,3498.0,3511.0,3920.0,2273.0,2439.0,2098.0,25.51,9.22,-3.42,-0.37,-0.01,0.41,0.0,z
3017.0,4064.0,3446.0,3520.0,3926.0,2293.0,2449.0,2115.0,4.37,6.94,10.59,-2.56,-3.81,-3.55,0.0,z
3022.0,3934.0,3437.0,3517.0,3927.0,2301.0,2455.0,2132.0,-5.92,9.45,13.81,0.04,-1.31,-0.51,0.0,z
3024.0,3947.0,3441.0,3526.0,3954.0,2303.0,2457.0,2144.0,0.16,9.59,7.28,0.08,0.02,-0.17,0.0,z
3017.0,3996.0,3447.0,3526.0,3953.0,2302.0,2455.0,2143.0,1.71,9.24,6.62,0.05,0.05,-0.11,0.0,z
3024.0,3989.0,3467.0,3527.0,3954.0,2304.0,2458.0,2148.0,1.29,9.45,7.22,-0.15,-0.1,-0.04,0.0,z
3017.0,4031.0,3467.0,3531.0,3952.0,2307.0,2462.0,2142.0,1.55,9.49,7.42,-0.12,-0.08,-0.1,0.0,z
3023.0,4037.0,3469.0,3549.0,3952.0,2308.0,2455.0,2137.0,1.36,9.39,7.46,-0.04,-0.0,-0.17,0.0,z
3019.0,4035.0,3469.0,3536.0,3956.0,2314.0,2455.0,2141.0,1.22,9.37,7.33,-0.01,0.01,-0.18,0.0,z
3019.0,4059.0,3489.0,3546.0,3951.0,2318.0,2459.0,2137.0,1.64,9.31,7.33,-0.03,-0.04,-0.18,0.0,z
3022.0,4043.0,3471.0,3531.0,3952.0,2305.0,2457.0,2141.0,1.0,9.4,7.63,-0.01,-0.02,-0.16,0.0,z
3029.0,4044.0,3472.0,3545.0,3947.0,2314.0,2459.0,2141.0,1.51,9.36,7.47,0.0,-0.01,-0.18,0.0,z
3026.0,4061.0,3478.0,3550.0,3943.0,2314.0,2453.0,2143.0,1.32,9.41,7.68,0.04,-0.01,-0.17,0.0,z
3010.0,4048.0,3490.0,3536.0,3949.0,2305.0,2466.0,2144.0,1.27,9.23,7.46,0.05,0.03,-0.18,0.0,z
3017.0,1424.0,2481.0,3398.0,4095.0,2163.0,2319.0,2014.0,0.67,9.81,4.7,-0.02,0.08,-0.04,0.0,z
3009.0,1415.0,2482.0,3394.0,4095.0,2166.0,2320.0,2010.0,3.97,9.09,3.84,-0.19,-0.51,0.12,0.0,z
3024.0,1459.0,2468.0,3380.0,4095.0,2145.0,2286.0,2001.0,12.32,4.98,2.08,-0.96,-1.85,-1.3,0.0,z
3019.0,1095.0,2458.0,3406.0,4095.0,2159.0,2320.0,2001.0,-21.33,9.63,19.01,-0.53,-1.37,-0.97,0.0,z
3021.0,1051.0,2448.0,3392.0,4095.0,2171.0,2333.0,2000.0,-3.28,6.44,8.96,0.88,1.75,2.45,0.0,z
3025.0,1097.0,2480.0,3317.0,4095.0,2158.0,2308.0,1942.0,14.46,6.58,4.45,-0.44,2.74,2.26,0.0,z
3022.0,1155.0,2553.0,3472.0,4095.0,2160.0,2320.0,1968.0,15.48,6.95,-0.17,-1.62,-3.3,-2.66,0.0,z
3022.0,1055.0,2663.0,3277.0,4095.0,2167.0,2356.0,1982.0,-8.08,8.34,17.8,-1.16,-2.42,-1.51,0.0,z
3022.0,1043.0,2704.0,3289.0,4095.0,2182.0,2363.0,1994.0,2.13,9.89,9.9,0.18,-0.41,0.2,0.0,z
3015.0,1063.0,2731.0,3301.0,4095.0,2189.0,2368.0,2001.0,2.2,8.87,7.59,-0.03,0.17,-0.33,0.0,z
3008.0,1057.0,2737.0,3302.0,4095.0,2192.0,2362.0,2015.0,2.53,8.54,8.19,0.0,0.03,-0.19,0.0,z
3018.0,1047.0,2723.0,3315.0,4095.0,2192.0,2363.0,2027.0,1.89,8.82,8.24,0.11,-0.07,-0.14,0.0,z
3024.0,1060.0,2729.0,3324.0,4095.0,2192.0,2366.0,2026.0,2.1,9.23,7.77,-0.01,-0.05,-0.11,0.0,z
3015.0,1049.0,2731.0,3347.0,4095.0,2191.0,2368.0,2030.0,2.31,9.05,7.9,-0.07,-0.08,-0.21,0.0,z
3026.0,1071.0,2727.0,3344.0,4095.0,2191.0,2365.0,2030.0,2.0,9.0,8.4,-0.02,-0.02,-0.15,0.0,z
3023.0,1061.0,2727.0,3349.0,4095.0,2190.0,2369.0,2035.0,1.98,9.09,8.21,0.06,-0.02,-0.19,0.0,z
3013.0,1063.0,2727.0,3355.0,4095.0,2192.0,2371.0,2032.0,2.11,8.99,8.09,0.07,-0.05,-0.17,0.0,z
3024.0,1056.0,2725.0,3362.0,4095.0,2201.0,2379.0,2036.0,2.13,9.08,8.0,0.09,-0.03,-0.16,0.0,z
3009.0,1067.0,2731.0,3370.0,4095.0,2198.0,2381.0,2043.0,2.03,9.06,7.95,0.05,-0.01,-0.17,0.0,z
3007.0,1058.0,2719.0,3370.0,4095.0,2191.0,2380.0,2042.0,2.1,9.05,7.98,0.08,0.02,-0.18,0.0,z
3009.0,1181.0,2874.0,3517.0,4095.0,2223.0,2387.0,2042.0,1.64,9.86,4.77,0.02,0.13,-0.19,0.0,z
3018.0,1250.0,2864.0,3506.0,4095.0,2207.0,2383.0,2010.0,11.81,6.89,0.4,0.15,0.12,0.06,0.0,z
3026.0,1212.0,2874.0,3511.0,4095.0,2211.0,2363.0,2010.0,-4.13,6.95,10.6,-0.97,-0.92,-2.54,0.0,z
3018.0,1127.0,2958.0,3440.0,4095.0,2220.0,2385.0,2009.0,-13.39,7.95,12.03,0.32,-1.32,0.97,0.0,z
3027.0,1136.0,2944.0,3511.0,4095.0,2224.0,2390.0,2022.0,-0.27,9.21,5.89,1.04,2.61,1.33,0.0,z
3018.0,1262.0,2960.0,3513.0,4095.0,2217.0,2383.0,2023.0,23.11,3.9,0.83,-0.5,1.22,1.43,0.0,z
3023.0,1267.0,2978.0,3482.0,4095.0,2218.0,2394.0,2033.0,8.94,7.07,5.58,-2.3,-3.17,-2.62,0.0,z
3015.0,1221.0,3002.0,3348.0,4095.0,2245.0,2398.0,2060.0,-9.19,11.18,16.52,-0.98,-1.4,-0.72,0.0,z
3022.0,1247.0,3001.0,3423.0,4095.0,2257.0,2403.0,2057.0,1.63,9.6,7.89,0.09,-0.14,-0.15,0.0,z
3019.0,1255.0,3013.0,3440.0,4095.0,2255.0,2415.0,2060.0,1.14,9.43,7.49,-0.09,-0.08,-0.24,0.0,z
3020.0,1244.0,3038.0,3456.0,4095.0,2259.0,2416.0,2058.0,2.78,9.5,8.33,0.03,0.05,-0.0,0.0,z
3024.0,1264.0,3048.0,3458.0,4095.0,2255.0,2419.0,2061.0,2.41,9.03,7.28,0.07,0.01,-0.18,0.0,z
3023.0,1296.0,3067.0,3459.0,4095.0,2259.0,2416.0,2063.0,2.0,9.29,7.55,0.06,-0.06,-0.13,0.0,z
3023.0,1285.0,3088.0,3474.0,4095.0,2256.0,2416.0,2064.0,2.23,9.08,7.29,-0.07,-0.02,-0.17,0.0,z
3013.0,1296.0,3088.0,3471.0,4095.0,2263.0,2421.0,2066.0,2.33,9.12,7.71,-0.03,-0.0,-0.16,0.0,z
3014.0,1297.0,3088.0,3485.0,4095.0,2261.0,2419.0,2069.0,2.01,9.15,7.18,0.01,-0.03,-0.15,0.0,z
3019.0,1305.0,3088.0,3483.0,4095.0,2262.0,2423.0,2075.0,2.08,9.13,7.78,0.01,-0.03,-0.21,0.0,z
3024.0,1305.0,3091.0,3486.0,4095.0,2267.0,2427.0,2070.0,2.04,9.18,7.86,0.06,-0.01,-0.14,0.0,z
3025.0,1330.0,3088.0,3477.0,4095.0,2256.0,2426.0,2068.0,2.24,9.19,7.25,0.06,-0.05,-0.15,0.0,z
3018.0,1389.0,3070.0,3486.0,4095.0,2266.0,2418.0,2063.0,2.13,9.22,7.4,-0.06,-0.07,-0.13,0.0,z
3015.0,1561.0,3133.0,3505.0,4085.0,2237.0,2437.0,2115.0,7.05,8.58,1.73,-0.04,-0.19,-0.02,0.0,z
3028.0,1683.0,3135.0,3516.0,4095.0,2247.0,2435.0,2110.0,12.06,5.08,0.69,-0.97,-0.93,-1.63,0.0,z
3023.0,1577.0,3118.0,3504.0,4095.0,2243.0,2449.0,2112.0,-12.32,7.77,15.99,-0.54,-1.1,-2.19,0.0,z
3018.0,1485.0,3130.0,3494.0,4095.0,2256.0,2447.0,2113.0,-12.53,7.83,10.18,0.83,0.52,1.81,0.0,z
3015.0,1526.0,3109.0,3487.0,4095.0,2261.0,2453.0,2111.0,5.36,8.83,1.02,0.64,2.98,1.75,0.0,z
3023.0,1622.0,3088.0,3470.0,4090.0,2257.0,2425.0,2025.0,26.26,7.25,-2.87,-0.32,-0.23,0.12,0.0,z
3026.0,1555.0,3120.0,3471.0,4079.0,2246.0,2446.0,2067.0,3.72,7.18,8.57,-2.55,-3.44,-2.93,0.0,z
3021.0,1466.0,3129.0,3475.0,4081.0,2258.0,2455.0,2105.0,-5.51,9.71,13.84,-0.69,-1.48,-0.27,0.0,z
3013.0,1487.0,3143.0,3488.0,4080.0,2257.0,2461.0,2108.0,0.14,9.9,7.33,-0.13,-0.24,-0.14,0.0,z
3027.0,1489.0,3152.0,3497.0,4080.0,2256.0,2459.0,2106.0,2.21,9.48,7.37,-0.2,-0.07,0.01,0.0,z
3022.0,1499.0,3145.0,3495.0,4087.0,2258.0,2465.0,2105.0,2.84,9.28,7.73,-0.03,0.0,-0.09,0.0,z
3021.0,1568.0,3139.0,3504.0,4095.0,2253.0,2459.0,2103.0,1.79,9.18,7.3,-0.08,-0.07,-0.17,0.0,z
3010.0,1615.0,3152.0,3503.0,4095.0,2256.0,2470.0,2112.0,2.25,9.37,7.41,-0.05,-0.11,-0.2,0.0,z
3009.0,1647.0,3133.0,3503.0,4090.0,2256.0,2463.0,2112.0,1.86,9.21,7.82,0.02,-0.06,-0.2,0.0,z
3024.0,1642.0,3152.0,3515.0,4095.0,2256.0,2461.0,2111.0,1.85,9.31,7.17,0.0,-0.09,-0.16,0.0,z
3021.0,1652.0,3152.0,3511.0,4095.0,2256.0,2474.0,2112.0,1.97,9.17,7.41,0.01,-0.01,-0.13,0.0,z
3024.0,1642.0,3187.0,3506.0,4095.0,2256.0,2471.0,2107.0,2.1,9.32,7.34,-0.02,-0.02,-0.11,0.0,z
3015.0,1655.0,3217.0,3507.0,4095.0,2259.0,2471.0,2107.0,2.11,9.2,7.48,0.02,-0.06,-0.14,0.0,z
3018.0,1646.0,3220.0,3524.0,4087.0,2259.0,2468.0,2108.0,2.03,9.19,7.55,0.04,-0.03,-0.16,0.0,z
3013.0,1644.0,3218.0,3519.0,4095.0,2255.0,2470.0,2113.0,2.05,9.27,7.35,0.05,-0.05,-0.18,0.0,z
3024.0,1694.0,3335.0,3519.0,4095.0,2246.0,2461.0,2112.0,1.98,9.93,3.81,-0.05,-0.1,0.09,0.0,z
3023.0,1870.0,3330.0,3511.0,4095.0,2256.0,2459.0,2103.0,11.66,6.72,-0.41,-0.07,-0.31,0.04,0.0,z
3018.0,1901.0,3325.0,3526.0,4095.0,2255.0,2471.0,2113.0,5.5,8.39,5.83,-1.0,-1.64,-1.61,0.0,z
3023.0,1854.0,3310.0,3513.0,4095.0,2268.0,2474.0,2128.0,-11.77,8.55,13.82,-0.01,-0.63,-0.95,0.0,z
3023.0,1810.0,3315.0,3520.0,4095.0,2269.0,2482.0,2125.0,-9.04,7.9,9.04,0.85,1.57,1.41,0.0,z
3009.0,1837.0,3286.0,3506.0,4095.0,2273.0,2474.0,2095.0,11.23,6.86,2.85,0.07,2.95,2.08,0.0,z
3029.0,1968.0,3287.0,3525.0,4095.0,2274.0,2465.0,2103.0,22.24,9.19,-4.02,-1.24,-1.11,-0.45,0.0,z
3023.0,1870.0,3247.0,3525.0,4095.0,2270.0,2478.0,2109.0,0.16,7.71,13.35,-2.48,-2.8,-3.48,0.0,z
3019.0,1853.0,3263.0,3517.0,4095.0,2275.0,2480.0,2118.0,-5.36,9.11,12.19,-0.09,-1.08,-0.47,0.0,z
3014.0,1861.0,3284.0,3536.0,4095.0,2278.0,2484.0,2118.0,-0.26,9.75,7.54,0.02,-0.06,-0.01,0.0,z
3024.0,1851.0,3298.0,3529.0,4095.0,2277.0,2486.0,2119.0,1.96,9.35,7.56,0.0,-0.06,-0.05,0.0,z
3024.0,1877.0,3314.0,3538.0,4095.0,2285.0,2494.0,2118.0,1.58,9.23,7.35,-0.01,-0.02,-0.14,0.0,z
3023.0,1863.0,3314.0,3531.0,4095.0,2277.0,2494.0,2126.0,1.63,9.3,7.8,-0.02,-0.08,-0.16,0.0,z
3024.0,1878.0,3339.0,3536.0,4095.0,2279.0,2491.0,2128.0,1.41,9.34,7.68,0.07,0.03,-0.18,0.0,z
3031.0,1890.0,3332.0,3537.0,4095.0,2282.0,2490.0,2127.0,1.41,9.21,7.43,0.01,-0.0,-0.18,0.0,z
3017.0,1893.0,3325.0,3537.0,4095.0,2279.0,2492.0,2128.0,1.69,9.25,7.56,0.01,-0.04,-0.14,0.0,z
3023.0,1893.0,3328.0,3538.0,4095.0,2274.0,2483.0,2127.0,1.44,9.4,7.17,-0.01,-0.0,-0.15,0.0,z
3026.0,1897.0,3345.0,3543.0,4095.0,2276.0,2495.0,2127.0,1.8,9.22,7.49,0.01,-0.04,-0.15,0.0,z
3013.0,1897.0,3360.0,3536.0,4095.0,2276.0,2496.0,2124.0,1.7,9.37,7.55,0.01,-0.05,-0.14,0.0,z
3013.0,1907.0,3351.0,3536.0,4095.0,2272.0,2490.0,2114.0,1.51,9.21,7.61,0.04,-0.02,-0.17,0.0,z
3019.0,1968.0,3401.0,3535.0,4095.0,2286.0,2509.0,2145.0,2.39,9.8,3.36,0.11,0.12,-0.13,0.0,z
3021.0,2063.0,3399.0,3535.0,4095.0,2282.0,2509.0,2146.0,10.64,7.23,-0.26,-0.35,-0.3,-0.22,0.0,z
3025.0,2151.0,3378.0,3543.0,4095.0,2282.0,2512.0,2157.0,6.02,7.42,5.43,-1.46,-1.91,-2.2,0.0,z
3021.0,2026.0,3344.0,3536.0,4095.0,2287.0,2512.0,2155.0,-13.85,9.08,15.7,0.24,-0.66,-0.95,0.0,z
3026.0,2021.0,3341.0,3534.0,4095.0,2288.0,2512.0,2159.0,-7.92,7.27,11.03,1.02,1.49,1.2,0.0,z
3009.0,2026.0,3319.0,3521.0,4095.0,2291.0,2509.0,2141.0,6.7,7.07,3.47,0.94,3.43,2.06,0.0,z
3023.0,2210.0,3303.0,3510.0,4095.0,2294.0,2496.0,2087.0,23.85,7.04,-5.78,-0.42,-0.04,0.01,0.0,z
3008.0,2201.0,3289.0,3514.0,4095.0,2294.0,2510.0,2107.0,5.72,7.35,8.46,-3.32,-4.45,-2.49,0.0,z
3024.0,2085.0,3315.0,3504.0,4095.0,2298.0,2528.0,2153.0,-8.03,10.47,15.54,-0.16,-1.48,-0.75,0.0,z
3022.0,2083.0,3367.0,3517.0,4095.0,2300.0,2525.0,2155.0,0.25,9.49,7.47,0.05,-0.11,0.04,0.0,z
3008.0,2098.0,3360.0,3520.0,4095.0,2305.0,2532.0,2158.0,1.77,9.44,6.81,-0.11,0.1,-0.01,0.0,z
3015.0,2092.0,3354.0,3529.0,4095.0,2295.0,2529.0,2161.0,2.26,9.48,7.11,-0.09,-0.01,-0.11,0.0,z
3023.0,2104.0,3344.0,3531.0,4095.0,2300.0,2538.0,2163.0,2.06,9.49,7.23,-0.01,-0.05,-0.16,0.0,z
3017.0,2102.0,3355.0,3523.0,4095.0,2301.0,2530.0,2160.0,1.66,9.35,7.52,0.04,0.0,-0.2,0.0,z
3025.0,2101.0,3363.0,3523.0,4095.0,2297.0,2531.0,2160.0,1.99,9.3,7.18,0.06,0.01,-0.19,0.0,z
3017.0,2109.0,3376.0,3529.0,4095.0,2297.0,2535.0,2160.0,1.62,9.37,6.99,0.01,0.01,-0.17,0.0,z
3021.0,2103.0,3376.0,3530.0,4095.0,2294.0,2531.0,2163.0,1.94,9.29,7.11,0.01,-0.03,-0.13,0.0,z
3024.0,2112.0,3379.0,3538.0,4095.0,2295.0,2532.0,2165.0,1.79,9.45,7.24,0.05,-0.05,-0.09,0.0,z
3013.0,2111.0,3378.0,3533.0,4095.0,2293.0,2527.0,2163.0,1.92,9.36,7.26,0.01,-0.0,-0.16,0.0,z
3013.0,2112.0,3392.0,3536.0,4095.0,2293.0,2539.0,2163.0,1.83,9.33,7.05,0.05,-0.05,-0.15,0.0,z
3024.0,2252.0,3470.0,3545.0,4095.0,2267.0,2513.0,2171.0,4.36,9.05,1.79,0.12,0.04,-0.12,0.0,z
3018.0,2462.0,3459.0,3536.0,4095.0,2276.0,2509.0,2162.0,16.81,4.38,-1.21,-0.84,-1.21,-1.41,0.0,z
3020.0,1936.0,3375.0,3520.0,4095.0,2280.0,2530.0,2182.0,-15.95,8.57,16.97,-0.73,-1.42,-2.05,0.0,z
3008.0,1828.0,3359.0,3523.0,4095.0,2289.0,2533.0,2177.0,-13.49,6.44,13.02,1.13,0.66,1.92,0.0,z
3025.0,1851.0,3357.0,3518.0,4095.0,2289.0,2528.0,2147.0,6.11,8.85,1.91,0.42,4.14,1.65,0.0,z
3014.0,2000.0,3355.0,3506.0,4095.0,2303.0,2512.0,2122.0,22.77,9.76,-2.73,-0.35,-0.57,0.29,0.0,z
3019.0,1952.0,3312.0,3501.0,4095.0,2304.0,2529.0,2146.0,1.58,7.06,11.01,-2.33,-3.63,-2.97,0.0,z
3016.0,1902.0,3287.0,3504.0,4095.0,2299.0,2539.0,2160.0,-2.76,9.91,11.25,-0.33,-1.36,-0.06,0.0,z
3024.0,1901.0,3312.0,3507.0,4095.0,2301.0,2542.0,2164.0,1.59,9.8,6.88,-0.06,-0.26,0.05,0.0,z
3024.0,1910.0,3323.0,3514.0,4095.0,2307.0,2547.0,2161.0,1.37,9.54,6.73,-0.1,-0.06,-0.12,0.0,z
3021.0,1904.0,3328.0,3504.0,4095.0,2305.0,2544.0,2165.0,1.8,9.37,7.41,-0.0,-0.02,-0.05,0.0,z
3010.0,1910.0,3318.0,3507.0,4095.0,2308.0,2541.0,2160.0,2.07,9.43,7.07,0.04,-0.06,-0.1,0.0,z
3021.0,1939.0,3331.0,3530.0,4095.0,2301.0,2543.0,2173.0,1.79,9.44,6.77,-0.02,0.03,-0.23,0.0,z
3024.0,1957.0,3344.0,3522.0,4095.0,2298.0,2546.0,2170.0,1.7,9.64,6.68,0.05,-0.07,-0.18,0.0,z
3025.0,1967.0,3359.0,3521.0,4095.0,2309.0,2547.0,2176.0,1.76,9.62,6.57,0.02,-0.07,-0.14,0.0,z
3007.0,1971.0,3376.0,3521.0,4095.0,2309.0,2549.0,2177.0,1.73,9.76,6.75,-0.03,-0.07,-0.15,0.0,z
3010.0,1975.0,3394.0,3507.0,4095.0,2310.0,2544.0,2176.0,1.87,9.44,6.43,0.06,-0.09,-0.12,0.0,z
3031.0,1968.0,3392.0,3520.0,4095.0,2311.0,2548.0,2177.0,1.46,9.62,6.63,-0.03,-0.04,-0.16,0.0,z
3025.0,1980.0,3408.0,3520.0,4095.0,2310.0,2545.0,2173.0,1.68,9.43,6.68,-0.01,-0.05,-0.16,0.0,z
3019.0,1981.0,3420.0,3522.0,4095.0,2307.0,2548.0,2186.0,1.59,9.62,6.65,-0.05,0.03,-0.13,0.0,z
3017.0,2073.0,3498.0,3535.0,4095.0,2301.0,2546.0,2211.0,4.73,8.73,2.15,0.07,-0.01,-0.05,0.0,z
3028.0,2193.0,3523.0,3525.0,4095.0,2304.0,2547.0,2178.0,16.78,4.66,1.24,-0.92,-2.08,-0.8,0.0,z
3009.0,2023.0,3470.0,3527.0,4095.0,2288.0,2555.0,2185.0,-13.66,7.99,16.9,-1.15,-1.07,-2.06,0.0,z
3024.0,1939.0,3461.0,3537.0,4095.0,2293.0,2557.0,2193.0,-11.9,8.09,13.85,0.54,1.14,1.66,0.0,z
3011.0,1973.0,3445.0,3521.0,4095.0,2298.0,2545.0,2179.0,10.85,7.85,3.9,0.33,3.14,2.25,0.0,z
3023.0,2177.0,3435.0,3521.0,4095.0,2311.0,2512.0,2139.0,25.56,8.7,-3.36,-0.42,-1.41,-1.02,0.0,z
3029.0,2003.0,3365.0,3495.0,4095.0,2326.0,2534.0,2185.0,-7.65,7.45,17.38,-1.95,-2.28,-3.26,0.0,z
3024.0,2013.0,3390.0,3502.0,4095.0,2328.0,2551.0,2190.0,-1.17,9.41,9.84,-0.14,-0.83,-0.2,0.0,z
3028.0,2019.0,3382.0,3506.0,4095.0,2327.0,2559.0,2189.0,1.04,9.28,7.84,-0.15,-0.16,-0.21,0.0,z
3026.0,2090.0,3395.0,3510.0,4095.0,2320.0,2559.0,2189.0,1.88,9.0,8.05,-0.11,-0.07,-0.0,0.0,z
3024.0,2115.0,3394.0,3515.0,4095.0,2313.0,2553.0,2194.0,2.29,9.22,8.15,-0.12,-0.04,-0.05,0.0,z
3017.0,2137.0,3408.0,3520.0,4095.0,2313.0,2551.0,2192.0,2.3,9.05,7.98,0.0,-0.06,-0.15,0.0,z
3014.0,2149.0,3407.0,3527.0,4095.0,2320.0,2558.0,2192.0,2.08,9.1,7.73,-0.03,-0.06,-0.12,0.0,z
3023.0,2142.0,3425.0,3523.0,4095.0,2330.0,2558.0,2192.0,2.06,9.04,7.86,0.01,-0.03,-0.12,0.0,z
3010.0,2142.0,3406.0,3525.0,4095.0,2320.0,2559.0,2194.0,2.21,9.19,7.65,-0.03,0.02,-0.13,0.0,z
3024.0,2149.0,3413.0,3532.0,4095.0,2324.0,2559.0,2191.0,2.52,9.04,7.87,0.06,-0.02,-0.17,0.0,z
3014.0,2142.0,3408.0,3536.0,4095.0,2322.0,2558.0,2192.0,2.37,8.91,8.15,0.02,-0.05,-0.18,0.0,z
3021.0,2137.0,3404.0,3527.0,4095.0,2320.0,2559.0,2192.0,2.07,8.97,7.75,0.01,-0.04,-0.16,0.0,z
3021.0,2143.0,3434.0,3535.0,4095.0,2330.0,2559.0,2195.0,2.27,9.08,7.79,-0.03,0.01,-0.14,0.0,z
3030.0,2147.0,3426.0,3539.0,4095.0,2333.0,2559.0,2192.0,2.2,9.1,7.75,-0.03,-0.01,-0.13,0.0,z
3009.0,2375.0,3475.0,3543.0,4095.0,2307.0,2547.0,2185.0,17.7,4.4,-0.97,-0.95,-0.96,-0.66,0.0,z
3024.0,2175.0,3425.0,3539.0,4095.0,2312.0,2559.0,2201.0,-13.41,7.35,17.37,-1.09,-1.34,-3.16,0.0,z
3022.0,2023.0,3418.0,3515.0,4095.0,2320.0,2579.0,2203.0,-19.52,7.11,16.03,0.96,0.76,1.35,0.0,z
3027.0,2055.0,3418.0,3536.0,4095.0,2320.0,2559.0,2180.0,6.91,6.12,3.09,0.88,4.51,2.67,0.0,z
3013.0,2227.0,3423.0,3523.0,4095.0,2320.0,2551.0,2141.0,27.47,7.22,-4.72,-0.55,-0.28,0.33,0.0,z
3030.0,1985.0,3376.0,3508.0,4095.0,2325.0,2559.0,2162.0,-0.66,7.87,13.13,-2.75,-3.14,-3.2,0.0,z
3013.0,1946.0,3408.0,3516.0,4095.0,2335.0,2580.0,2173.0,-2.87,10.29,11.11,-0.1,-1.12,-0.34,0.0,z
3014.0,1944.0,3453.0,3519.0,4095.0,2338.0,2583.0,2167.0,0.75,9.58,6.8,-0.03,-0.22,0.06,0.0,z
3019.0,1950.0,3444.0,3521.0,4095.0,2342.0,2585.0,2182.0,1.88,9.4,7.97,-0.03,-0.01,-0.08,0.0,z
3015.0,1955.0,3437.0,3522.0,4095.0,2336.0,2583.0,2166.0,2.37,9.17,7.13,0.05,-0.06,-0.09,0.0,z
3011.0,1971.0,3465.0,3529.0,4095.0,2339.0,2583.0,2166.0,1.82,8.98,7.57,-0.02,-0.14,-0.17,0.0,z
3024.0,1983.0,3442.0,3535.0,4095.0,2341.0,2588.0,2172.0,1.9,9.4,7.46,0.04,-0.1,-0.16,0.0,z
3021.0,1983.0,3466.0,3522.0,4095.0,2343.0,2586.0,2173.0,1.71,9.24,7.29,0.06,-0.01,-0.17,0.0,z
3014.0,1979.0,3471.0,3536.0,4095.0,2342.0,2589.0,2161.0,1.93,9.46,7.14,0.0,-0.07,-0.14,0.0,z
3011.0,1995.0,3472.0,3531.0,4095.0,2343.0,2595.0,2176.0,1.98,9.32,7.15,0.01,-0.07,-0.15,0.0,z
3023.0,1981.0,3470.0,3534.0,4095.0,2343.0,2595.0,2175.0,1.83,9.41,6.82,-0.06,-0.1,-0.07,0.0,z
3013.0,1973.0,3486.0,3536.0,4095.0,2344.0,2592.0,2173.0,2.19,9.16,7.41,-0.01,0.04,-0.15,0.0,z
3024.0,1983.0,3474.0,3536.0,4095.0,2338.0,2591.0,2173.0,2.03,9.22,7.35,0.02,0.0,-0.12,0.0,z
3010.0,1979.0,3474.0,3536.0,4095.0,2336.0,2589.0,2167.0,2.08,9.18,7.26,0.02,-0.0,-0.13,0.0,z
3025.0,1987.0,3492.0,3536.0,4095.0,2336.0,2595.0,2165.0,2.13,9.28,7.2,0.01,-0.08,-0.15,0.0,z
